Ensembl_ID,Entrez_ID,Gene_Symbol,log2FoldChange
,557,,7.15771144303883
,1165,,8.479361799182932
ENSG00000103249,1186,CLCN7,7.014937757597873
,192,AIC,6.885308320109672
ENSG00000126895,554,AVPR2,7.432259751667735
,1970,,6.583886497710279
,3245,,8.326732756353364
ENSG00000235134,1589,CYP21A2,7.018100997063365
,2763,,6.867041767103149
ENSG00000104408,3646,EIF3E,7.879624370233513
ENSG00000057657,639,PRDM1,6.379354795331178
ENSG00000105810,1021,CDK6,6.245244810841337
,289,,5.478268801958742
ENSG00000076555,32,ACACB,5.271738739453556
ENSG00000182580,2049,EPHB3,11.010712680287428
ENSG00000215456,616,BCRP4,7.889621311755838
,188,,5.961223197641925
,99,,7.1456763916806665
ENSG00000293060,2502,FTH1P10,5.45540539736778
ENSG00000129673,15,AANAT,6.060498787811034
ENSG00000124479,4693,NDP,6.799796552826386
,548,,5.656417345551414
ENSG00000022355,2554,GABRA1,6.074895401006805
ENSG00000166825,290,ANPEP,4.626641661203935
ENSG00000148218,210,ALAD,4.764841620772873
,494,,5.887700071428186
ENSG00000120438,6950,TCP1,6.838631811020153
,1689,,5.681004519642349
ENSG00000087088,581,BAX,5.053470594456632
ENSG00000082258,905,CCNT2,4.5110870845517
,4344,,7.679767742884448
ENSG00000168032,956,ENTPD3,4.740333908967535
,3650,,5.619361213280227
ENSG00000011465,1634,DCN,5.284444984974501
ENSG00000002330,572,BAD,4.323418871356808
ENSG00000157184,1376,CPT2,4.450160395897294
ENSG00000138101,1838,DTNB,6.005217745554681
ENSG00000185736,105,ADARB2,5.060123228280558
ENSG00000158813,1896,EDA,4.95364001015122
ENSG00000214042,3444,IFNA7,4.704762577300986
,8308,,6.7771563310327885
,3368,,5.363480209689274
,1449,,4.613239725691535
ENSG00000010404,3423,IDS,4.323595980260968
ENSG00000066468,2263,FGFR2,4.905718008514222
,2111,,4.361814833293899
ENSG00000197061,8364,H4C3,5.448969800834187
ENSG00000138185,953,ENTPD1,6.10963495756338
ENSG00000168398,624,BDKRB2,5.455900920352265
ENSG00000159723,181,AGRP,4.390207568566752
ENSG00000185627,5719,PSMD13,7.084649457800768
ENSG00000170689,3219,HOXB9,5.005451498482589
,5421,,4.431631050675872
ENSG00000167910,1581,CYP7A1,4.281071827858885
,1715,,4.483812790482064
ENSG00000244165,5032,P2RY11,4.6977454302150505
,2106,,5.458305233398448
ENSG00000134900,7174,TPP2,5.8329860746258655
ENSG00000134686,1912,PHC2,4.136361647708357
,1552,,4.3768792581155616
ENSG00000081181,384,ARG2,3.999105064479604
ENSG00000197442,4217,MAP3K5,4.255283841752873
ENSG00000135829,1660,DHX9,3.931219980152624
ENSG00000123131,10549,PRDX4,5.953826120949334
ENSG00000178538,767,CA8,4.443204246265715
ENSG00000144810,1295,COL8A1,4.092811734474213
ENSG00000060971,30,ACAA1,4.049518047982216
ENSG00000217646,10340,H2BC16P,6.32560439458365
ENSG00000088827,6614,SIGLEC1,5.62932592456329
,4364,MRSD,5.224324349996189
ENSG00000108518,5216,PFN1,4.355968064210927
,1328,,5.186185202091708
ENSG00000241837,539,ATP5PO,4.966951032746147
,2211,,8.621725505594094
ENSG00000118193,9928,KIF14,6.139881828275596
,457,,4.031683624097662
,8117,,4.942211253909288
ENSG00000138675,2250,FGF5,-3.6624156180504666
ENSG00000135940,1329,COX5B,3.790880613392775
,7435,VIS1,4.723714102473918
ENSG00000165025,6850,SYK,4.931373204941994
ENSG00000248144,126,ADH1C,4.59340132172785
,10337,H4C10P,5.180351140920084
ENSG00000089289,3476,IGBP1,4.159654986256253
ENSG00000198356,439,GET3,4.570522892377882
ENSG00000075413,4140,MARK3,3.7118508669489807
ENSG00000130649,1571,CYP2E1,3.6972538282504126
ENSG00000134762,1825,DSC3,3.6423133949751945
ENSG00000198730,9646,CTR9,5.777173602203624
,376,,3.6030423386380392
,2284,FKBP1AP3,4.198145855980605
ENSG00000129451,5655,KLK10,4.296774524862842
ENSG00000132693,1401,CRP,4.566836429936855
ENSG00000173171,4580,MTX1,4.666977534937872
ENSG00000082781,3693,ITGB5,4.289177712547883
ENSG00000185231,4158,MC2R,3.852080183527508
ENSG00000128271,135,ADORA2A,4.730310152163622
,7843,,6.750877049118391
ENSG00000171551,9427,ECEL1,4.5856806800758365
,1322,,3.554769480159124
ENSG00000291420,71,ACTG1,3.50645965436938
,5377,,4.779529275096944
,503,,3.532845435958981
ENSG00000291930,4716,NDUFB10,5.090155370665454
ENSG00000120129,1843,DUSP1,4.101683863826296
,1171,,3.602131399858924
,8232,,5.124019046089712
ENSG00000134262,10717,AP4B1,5.814808409663398
,1884,EBR3,5.027870484888656
ENSG00000112655,5754,PTK7,3.902485585067761
ENSG00000101204,1137,CHRNA4,3.813067125695621
ENSG00000121691,847,CAT,4.430357822398199
ENSG00000143384,4170,MCL1,3.935796933661742
ENSG00000139190,6843,VAMP1,4.032956648904716
ENSG00000114480,2632,GBE1,3.9127488316050174
ENSG00000137869,1588,CYP19A1,3.486639532094681
ENSG00000205250,1874,E2F4,3.7813140827712495
,877,,3.71006995566944
ENSG00000069943,9488,PIGB,4.259713986917896
,2144,,5.186794578237556
ENSG00000239305,7844,RNF103,6.561329596843652
ENSG00000104388,5862,RAB2A,4.047851388329719
ENSG00000276191,1394,CRHR1,3.5380819266536934
ENSG00000059377,6916,TBXAS1,-3.9767548285222536
,236,AKR1B1P2,3.789484150632353
ENSG00000236824,618,BCYRN1,3.549588571345467
,1692,,3.744931394068977
,74,ACTG1P2,3.5241054510510192
ENSG00000169131,6940,ZNF354A,3.879022995362639
ENSG00000183918,4068,SH2D1A,4.495429650369798
ENSG00000171863,6201,RPS7,-3.425542587721857
ENSG00000227191,6967,TRGC2,3.690403965117879
ENSG00000106070,2887,GRB10,3.5253043536218303
,5278,PIGAP1,4.181283268570431
,1220,,3.327413633282505
ENSG00000180096,1731,SEPTIN1,3.387584486549835
,4349,,4.361664610909128
ENSG00000110090,1374,CPT1A,3.329322007097568
ENSG00000065320,9423,NTN1,5.712613570378783
ENSG00000100644,3091,HIF1A,3.435734034243525
,315,,3.1870414832260985
ENSG00000115204,4358,MPV17,3.8154070568110914
,1711,,3.891713876488819
ENSG00000134001,1965,EIF2S1,3.6759301367282617
ENSG00000121022,10987,COPS5,6.126720909058479
ENSG00000234906,344,APOC2,3.3894799813495364
ENSG00000036473,5009,OTC,4.385346236843166
ENSG00000291043,2749,GLUD1P3,3.787508114031904
ENSG00000126251,2866,GPR42,3.902062052243457
ENSG00000198380,2673,GFPT1,3.762093824599011
,1765,,3.907437926916927
ENSG00000070814,6949,TCOF1,-3.5154528853787985
,1867,,3.2625492546619483
ENSG00000086570,2196,FAT2,3.3295142446014045
ENSG00000155959,7411,VBP1,4.332338241033823
,3509,,3.4248272223010443
ENSG00000121361,3764,KCNJ8,3.9901589561356894
ENSG00000170606,3308,HSPA4,3.626595641888045
ENSG00000132437,1644,DDC,3.1217799098399728
ENSG00000148773,4288,MKI67,3.3800520879645948
ENSG00000197375,6584,SLC22A5,4.286685064369041
ENSG00000165410,1073,CFL2,3.758921812018777
,11287,,5.29075727184235
ENSG00000254986,10072,DPP3,5.982041478506998
ENSG00000135387,4076,CAPRIN1,3.861743400286946
,4876,,7.71439778926635
ENSG00000115221,3694,ITGB6,4.421052158239275
ENSG00000100426,9889,ZBED4,6.951717424783971
ENSG00000114200,590,BCHE,3.481708876530871
,1226,,3.397460986236408
,6052,RNR1,4.091137544600962
ENSG00000176720,666,BOK,3.1090203159153096
ENSG00000161021,9794,MAML1,-4.176050745101571
ENSG00000167531,3906,LALBA,3.3618880733518948
ENSG00000103375,343,AQP8,3.1015028610059394
ENSG00000117984,1509,CTSD,3.142218469736187
ENSG00000088386,6564,SLC15A1,3.3954019487316
ENSG00000213190,10962,MLLT11,5.934683984253119
,1254,CMTX3,-3.5503528940283973
,10358,,4.160221783794868
ENSG00000156219,419,ART3,3.2869646814622326
ENSG00000165556,1045,CDX2,3.4612566870568395
ENSG00000043462,3937,LCP2,3.927005288500796
ENSG00000105127,10270,AKAP8,4.654823004029555
ENSG00000102978,5432,POLR2C,3.229952323641932
ENSG00000141543,9775,EIF4A3,-3.625876960170688
ENSG00000106635,9275,BCL7B,-3.973567980200063
ENSG00000120915,2053,EPHX2,3.054865580416132
ENSG00000134070,3656,IRAK2,3.911817885301737
,9893,,4.845030608146778
,5363,,3.627462744267874
ENSG00000211696,6982,TRGV8,-3.522738151863156
ENSG00000001084,2729,GCLC,3.5129706217747
ENSG00000188690,7390,UROS,5.255825183852733
ENSG00000127074,6003,RGS13,3.4134374114922554
ENSG00000106018,7434,VIPR2,3.661028056520672
ENSG00000164610,6100,RP9,4.042845426182937
,3666,,3.772579694295432
,1433,,3.2657484142337143
,7521,,-3.492540970922522
,4080,,3.404315771211334
,5235,,3.4581149768238943
ENSG00000162068,4917,NTN3,3.926913454917396
,4910,NTF6A,3.433454710752067
,11,NATP,-4.165924963744276
ENSG00000169727,2873,GPS1,3.346728514237294
ENSG00000196152,7633,ZNF79,-3.261122411288891
ENSG00000168993,10815,CPLX1,-4.300120935839352
ENSG00000159216,861,RUNX1,3.35425542822773
,2392,,3.717716789779778
ENSG00000284792,5728,PTEN,3.5836245470682835
ENSG00000119973,2834,PRLHR,4.019102621553792
ENSG00000065978,4904,YBX1,4.755481657362842
ENSG00000179833,9792,SERTAD2,4.639580692168743
,7387,,4.009017314597792
ENSG00000148303,6130,RPL7A,4.002019829925571
ENSG00000198846,9760,TOX,-3.5386266689322534
ENSG00000211697,6978,TRGV5,4.034975194215467
ENSG00000186310,4675,NAP1L3,3.9837792420778526
ENSG00000170178,3238,HOXD12,3.4775096578303195
ENSG00000130052,9754,STARD8,5.914151950230935
,42,,2.991590285526519
,4383,,3.399554896301372
ENSG00000018280,6556,SLC11A1,3.997744532792164
,10756,,6.031155276988083
ENSG00000172893,1717,DHCR7,3.0410199235443933
,1929,,3.0619249556989296
ENSG00000174697,3952,LEP,3.968327531129987
ENSG00000147224,5631,PRPS1,3.1378705368440465
,1985,,3.4664628672571816
,7864,SCLC1,-3.512297630317244
ENSG00000285482,8694,DGAT1,5.938406393342525
ENSG00000164163,6059,ABCE1,3.62225262381237
ENSG00000196793,8187,ZNF239,3.614628798471734
ENSG00000100138,4809,SNU13,3.1593271361416977
ENSG00000197912,6687,SPG7,3.9795922807162425
ENSG00000276559,570,BAAT,2.981582603119488
ENSG00000228083,3448,IFNA14,4.133457001750451
ENSG00000085563,5243,ABCB1,-3.359147066385185
ENSG00000109390,4717,NDUFC1,3.1777888984324507
ENSG00000021852,732,C8B,2.849050269759033
,4532,,3.3067441140563982
ENSG00000114784,10289,EIF1B,4.764622420544472
ENSG00000185551,7026,NR2F2,3.892575401348335
ENSG00000236919,5262,PHKG1P3,3.3016991099743067
ENSG00000277132,7366,UGT2B15,3.630711759349316
,4044,,4.413563249872924
ENSG00000122386,7755,ZNF205,3.6768790501715625
ENSG00000189056,5649,RELN,4.276989422640065
,2437,FRA10G,4.055342168768651
ENSG00000184156,3786,KCNQ3,3.6950580776077127
ENSG00000087494,5744,PTHLH,4.458484055905101
ENSG00000079462,5050,PAFAH1B3,2.999199681532709
ENSG00000093010,1312,COMT,2.9335358229581363
ENSG00000109572,1182,CLCN3,-3.878013846320654
,12166,,5.487364767174188
ENSG00000171560,2243,FGA,3.265950662176896
ENSG00000232292,542,ALDH7A1P2,2.806856731308429
ENSG00000036828,846,CASR,3.280744209396182
,8885,,4.007929691670379
ENSG00000137992,1629,DBT,3.2341060906611725
ENSG00000110076,9379,NRXN2,4.265601202159563
ENSG00000272803,5555,PRH2,3.626512871562931
ENSG00000088986,8655,DYNLL1,4.003181368587744
ENSG00000182809,1397,CRIP2,2.803383882950852
,12131,,6.617120027748758
,11846,,6.211922276177528
ENSG00000109927,7007,TECTA,3.9102881432799386
ENSG00000280501,1087,CEACAM7,3.430583239436968
,7901,,-4.018679812425796
,3602,,4.150433131898772
ENSG00000232312,7918,GPANK1,3.185055708125069
ENSG00000132589,2319,FLOT2,3.689685129486703
ENSG00000105392,1406,CRX,3.525266755062465
ENSG00000248333,984,CDK11B,3.134858680850185
ENSG00000168036,1499,CTNNB1,2.9621564495791035
,7502,XIC,3.457410157437703
ENSG00000160180,7033,TFF3,5.23422675788364
,2368,FRA1I,3.3681931585817
ENSG00000183395,5367,PMCH,3.249773793453961
,5665,,4.650328478416555
,2616,GAPDHP1,3.047648491674682
ENSG00000129625,7905,REEP5,4.439847316626623
,6933,,3.75413952433745
ENSG00000227349,1095,CEACAMP7,4.124341595947966
,4767,,3.4611448233423183
,7954,HBFQTL2,5.225810445312281
ENSG00000100883,6729,SRP54,5.609473247058292
,4937,OAP,6.030856616453174
ENSG00000174827,5174,PDZK1,3.515272420540742
ENSG00000169567,3094,HINT1,2.837415424568355
ENSG00000243955,2938,GSTA1,2.8187329538464696
,4480,,2.976011413672727
ENSG00000016490,1179,CLCA1,2.672850699178773
ENSG00000198839,11179,ZNF277,6.259993819524056
ENSG00000072518,2011,MARK2,3.0459414661414854
ENSG00000144677,10217,CTDSPL,6.291146020511264
,1252,,3.641577887236045
,10684,,-3.697346703080652
ENSG00000143416,8991,SELENBP1,4.074929257479781
ENSG00000185339,6948,TCN2,3.4074381951334183
ENSG00000173933,5936,RBM4,3.154359218111113
ENSG00000141013,2622,DRC4,2.886502942078271
ENSG00000111432,11211,FZD10,7.698008073778568
ENSG00000170837,2850,GPR27,2.834520022639428
ENSG00000083844,9422,ZNF264,4.423587667905578
ENSG00000122585,4852,NPY,-2.995252847911833
,3277,,3.519660034450909
,4206,MEF2AP1,4.25767170591822
ENSG00000123700,3759,KCNJ2,3.4460085334508994
ENSG00000164258,4724,NDUFS4,3.189481178455393
ENSG00000121903,7579,ZSCAN20,3.6792859838991614
,422,,2.7601745627917644
ENSG00000170989,1901,S1PR1,3.182718453309167
ENSG00000165733,9790,BMS1,4.208370408057346
ENSG00000147465,6770,STAR,2.9774668401403748
ENSG00000180104,11336,EXOC3,8.322220525876087
ENSG00000129219,5338,PLD2,3.179761074203964
ENSG00000113494,5618,PRLR,3.6135342776412096
ENSG00000105497,7728,ZNF175,3.744989352570808
ENSG00000184344,9573,GDF3,-3.5003675328572683
,1726,,2.6870511816431737
,2343,,3.0341742047402898
ENSG00000077984,8530,CST7,-3.2871820056433934
,8145,,4.590768093663506
ENSG00000112739,8899,PRP4K,4.221850562343327
ENSG00000175868,797,CALCB,2.779072809181834
ENSG00000129864,9084,VCY,3.1131622472665934
ENSG00000173482,5797,PTPRM,-2.873729012648693
ENSG00000170775,2861,GPR37,-2.782390285831704
,4455,,3.0002614689523868
ENSG00000273841,6880,TAF9,3.2194345006653577
ENSG00000040531,1497,CTNS,3.148434042565341
ENSG00000168811,3592,IL12A,3.016022061155839
ENSG00000131408,7376,NR1H2,8.226841689208626
ENSG00000135678,1368,CPM,2.7299282232030184
ENSG00000160221,8209,GATD3,3.0539134217157087
ENSG00000117595,3664,IRF6,2.975067976052548
ENSG00000010219,8798,DYRK4,-3.534818203618844
ENSG00000126267,1340,COX6B1,2.972397884324609
ENSG00000080166,1638,DCT,3.2938818363835507
ENSG00000151693,8853,ASAP2,8.97251084240891
ENSG00000146839,7455,ZAN,-2.8840452628513367
ENSG00000280548,2091,FBL,2.8732193143788343
ENSG00000158488,913,CD1E,3.1195777881752256
ENSG00000130826,1736,DKC1,3.7237518909802976
ENSG00000283946,1140,CHRNB1,3.571690807999671
ENSG00000120457,3762,KCNJ5,-3.509684428871517
ENSG00000127955,2770,GNAI1,3.690036117148646
ENSG00000129514,3169,FOXA1,3.7221752066720777
ENSG00000215206,6961,TRBV24OR9-2,3.1748939589405403
,704,,2.6016869205324693
,2221,FCP1,3.243464313369728
ENSG00000175426,5122,PCSK1,2.835778986726255
,6831,,3.934747500957271
ENSG00000006128,6863,TAC1,3.330884764276892
ENSG00000147416,526,ATP6V1B2,-3.133984453162985
ENSG00000113905,3273,HRG,3.615415602135907
ENSG00000213088,2532,ACKR1,-2.7218729164135973
ENSG00000058085,3918,LAMC2,3.035893077499968
ENSG00000147432,1142,CHRNB3,3.112115793864112
ENSG00000118276,9331,B4GALT6,6.4197984019897785
ENSG00000163221,6283,S100A12,2.946423166698976
,985,,2.672565905225059
,4936,OA3,4.215381899153066
,6912,,3.166611409066248
ENSG00000171659,2857,GPR34,3.329944807581785
ENSG00000071859,9130,FAM50A,-3.0130029152609183
ENSG00000174130,10333,TLR6,3.983201687811981
ENSG00000167110,2801,GOLGA2,3.931999077936415
ENSG00000177000,4524,MTHFR,2.9618507193902714
ENSG00000162676,2672,GFI1,3.091956261536331
ENSG00000135902,1144,CHRND,2.5540597578889703
,3129,HLA-DRB7,2.7743465508541183
ENSG00000164741,10395,DLC1,3.8889382851516494
,2406,FRA6F,2.633312131842372
,7949,,-3.8469108210145926
ENSG00000096696,1832,DSP,3.0701376008637764
ENSG00000239474,10324,KLHL41,-3.5169173895165025
,592,,3.0057232278633053
ENSG00000148926,133,ADM,3.0446361897332603
ENSG00000287542,8916,HERC3,-3.6404241458131024
,7806,,-2.821564626932924
ENSG00000011422,5329,PLAUR,-2.8206054783310845
ENSG00000228668,6979,TRGV5P,3.079370456230156
ENSG00000169925,8019,BRD3,5.079216725689614
ENSG00000125845,650,BMP2,2.732259607329332
,7898,,-2.888272746137889
,4328,,3.811749242609871
ENSG00000164022,9255,AIMP1,5.674240452373515
ENSG00000124343,7499,XG,3.577750506834224
,4452,,2.759935914856777
,7400,,3.100649224479101
,5750,,3.463822626433881
,4022,,2.865950934784652
ENSG00000254793,2228,FDPSP4,2.937217970050047
ENSG00000118137,335,APOA1,-2.441148691842791
ENSG00000157765,10568,SLC34A2,-3.915094916624823
,8429,,3.357907254366552
ENSG00000291087,1416,CRYBB2P1,3.649710341379196
ENSG00000124164,9217,VAPB,4.176806594144008
,3599,,2.66599753365134
,4737,,3.903809400193976
,12693,,4.525519948091347
ENSG00000132740,3508,IGHMBP2,2.752081716600104
ENSG00000170445,3035,HARS1,3.59035396292857
ENSG00000215048,3115,HLA-DPB1,3.015261937534581
ENSG00000118785,6696,SPP1,-3.081607366298452
,562,,3.7954661104867022
,4785,,3.166324973245304
,8126,MRST,3.0672315114412645
ENSG00000126945,3188,HNRNPH2,2.9714029463594978
ENSG00000134365,10877,CFHR4,-3.187568181097003
ENSG00000160785,9673,SLC25A44,5.427866800434437
,569,,2.488256931308473
ENSG00000109047,5957,RCVRN,3.09163411386571
ENSG00000244414,3078,CFHR1,2.9172965418672043
ENSG00000140368,9051,PSTPIP1,-3.24785261241291
,9574,,-2.78878411022017
ENSG00000117016,9783,RIMS3,-3.5149348435605234
ENSG00000105205,1178,CLC,2.5077519380486537
ENSG00000175197,1649,DDIT3,2.960248977077784
ENSG00000241697,8577,TMEFF1,2.879404077888149
ENSG00000160285,4047,LSS,2.8663697313165506
ENSG00000066056,7075,TIE1,3.72663016011254
ENSG00000006468,2115,ETV1,2.7754239887302217
,2095,,2.708213792870345
ENSG00000089280,2521,FUS,2.8987459473060464
,2943,,2.646598300734062
,3322,HSP90AA3P,-2.5436158911670645
,5254,,2.6600797782540924
,8101,CLLS2,3.088623979879784
ENSG00000276368,8331,H2AC14,2.756111338876597
ENSG00000129675,9459,ARHGEF6,-4.17215987052276
ENSG00000107537,5264,PHYH,3.4453866220641487
ENSG00000122025,2322,FLT3,3.3837038885812496
,806,CALM2P2,-2.62105297209982
ENSG00000290574,3137,HLA-J,2.778206018447132
ENSG00000138031,109,ADCY3,2.620629061879074
ENSG00000061936,6433,SFSWAP,-2.896434382015346
,4932,,2.657724518686747
,9072,,3.8116906881088783
,7309,,3.4300313852765343
ENSG00000184787,7327,UBE2G2,-3.775874568152243
,4265,MHS4,5.7229111287119085
ENSG00000213973,7652,ZNF99,3.0888503462607155
,4401,,2.9532104763854963
ENSG00000114204,5276,SERPINI2,3.469503701311888
ENSG00000072840,2121,EVC,2.41391290084778
ENSG00000135929,1593,CYP27A1,2.5650543563581856
,7646,,3.666087803542118
,424,ARVD3,2.5872200992044565
ENSG00000163618,8618,CADPS,3.058472196489727
ENSG00000136943,1515,CTSV,2.424577527143448
ENSG00000277975,1481,CSTP2,-2.4286417014860144
ENSG00000177283,8325,FZD8,2.805129442184015
,3210,HOXB@,2.43992292060749
ENSG00000277791,5691,PSMB3,2.7820788657511035
ENSG00000170370,2018,EMX2,2.4008509608454265
ENSG00000243646,3588,IL10RB,2.557428107758301
ENSG00000180176,7054,TH,2.966158418402487
ENSG00000118600,10329,RXYLT1,4.243809207460724
,630,,2.8536821382700146
ENSG00000125398,6662,SOX9,2.9607929411910234
ENSG00000105829,10282,BET1,-3.032969544843217
ENSG00000169684,1138,CHRNA5,2.5229636718319903
ENSG00000161533,51,ACOX1,3.2448730562883568
,6178,,2.64192594413859
,603,BCL5,2.520327725797032
ENSG00000037749,4238,MFAP3,2.538890181572341
,437,,2.440051117975592
,3285,,2.6926616238366377
,10258,,-3.619710241200631
ENSG00000173575,1106,CHD2,-2.5359595030809
,1324,,2.497387623057748
ENSG00000071082,6160,RPL31,5.384344130298736
ENSG00000149557,9638,FEZ1,3.093808733791487
ENSG00000117877,10849,POLR1G,-3.433656509774792
ENSG00000120242,3445,IFNA8,2.535029724639604
ENSG00000277600,4849,CNOT3,3.015299048091628
ENSG00000138376,580,BARD1,2.842727294295325
ENSG00000188191,5575,PRKAR1B,2.527905198444674
,2680,,2.469836525129524
ENSG00000167306,4645,MYO5B,2.602971428070881
ENSG00000180509,3753,KCNE1,-2.5938918559859627
,3056,HCL1,2.663989488016294
ENSG00000172818,5017,OVOL1,-3.0627991709927054
,7240,TRV-CAC1-2,-2.7438207225933
ENSG00000144674,2803,GOLGA4,2.510432170397454
ENSG00000185130,8340,H2BC13,3.962319855281076
,2096,ESAT,2.8421724967129607
,11432,,-4.216283917393322
ENSG00000133740,1875,E2F5,-2.926852345270794
ENSG00000213111,1331,COX5BP2,2.346969845361965
ENSG00000288292,1366,CLDN7,2.845993200961772
ENSG00000116209,9528,TMEM59,-3.5048934366668845
ENSG00000179776,1003,CDH5,2.3269963517553496
,11425,,5.046201131697845
ENSG00000152583,8404,SPARCL1,2.783341733807178
,511,,3.154331585256535
ENSG00000161647,4356,MPP3,3.341687141023528
ENSG00000101213,5753,PTK6,-2.582528621786852
ENSG00000167508,4597,MVD,2.7999310296166287
,8166,,2.6867379376899048
ENSG00000144407,5746,PTH2R,-2.5317496859591464
ENSG00000082293,1310,COL19A1,2.5142890571489973
ENSG00000107789,9562,MINPP1,-2.77384182123428
ENSG00000104290,7976,FZD3,3.3046934956757195
ENSG00000101407,9675,TTI1,-3.594348378035048
ENSG00000288185,9466,IL27RA,-3.2502966651501266
ENSG00000170956,1084,CEACAM3,2.586095716875037
ENSG00000112367,9896,FIG4,-3.607163309189173
ENSG00000120054,1369,CPN1,2.416031806341332
ENSG00000112619,5961,PRPH2,3.1214271724897564
ENSG00000115165,9595,CYTIP,5.042825569589387
ENSG00000107175,10488,CREB3,4.068793691408868
ENSG00000210164,4563,MT-TG,2.6038701952422336
,918,,-2.3428498743472232
ENSG00000109321,374,AREG,2.4427564917940985
ENSG00000186340,7058,THBS2,2.656547390216231
,12228,,4.127119025910576
ENSG00000141127,5636,PRPSAP2,3.0290566306573643
,9010,,-3.711389471240615
ENSG00000128590,4189,DNAJB9,2.542123656298513
ENSG00000136854,6812,STXBP1,2.636108457029381
ENSG00000198765,6847,SYCP1,2.60598125456938
ENSG00000010704,3077,HFE,2.3158435954291656
ENSG00000148408,774,CACNA1B,2.3902021072651864
,1330,COX5BP1,3.1892368353582365
,4315,,2.5315427999356093
,855,,3.227521999444788
ENSG00000078674,5108,PCM1,2.618285704744494
ENSG00000115339,2591,GALNT3,2.8961221166693973
,878,CCA1,-3.058075188362454
ENSG00000124207,1434,CSE1L,2.704974690296463
ENSG00000293431,8512,MBL1P,3.398999062298046
ENSG00000114867,1981,EIF4G1,2.450629419255124
,6486,,-3.410146210768252
ENSG00000050820,9564,BCAR1,3.061798628694917
,7395,,-2.586630453381213
ENSG00000023228,4719,NDUFS1,2.8594022698130064
ENSG00000128602,6608,SMO,2.5894119220045213
ENSG00000167840,7775,ZNF232,-3.363860951808369
ENSG00000158571,5207,PFKFB1,2.6837544657895607
,6381,,2.728507046848409
ENSG00000001631,889,KRIT1,-3.018392065216679
,7842,IGKJ,2.82627445328483
,5852,,2.6201433742483493
ENSG00000293287,6458,SH3GL1P1,-3.0134099227086955
ENSG00000175390,8665,EIF3F,3.063309916839195
ENSG00000111642,1108,CHD4,2.8353477715444293
ENSG00000116984,4548,MTR,2.7672189325466894
ENSG00000157601,4599,MX1,3.332415070363613
ENSG00000227315,4758,NEU1,2.7970631879824857
ENSG00000164751,5828,PEX2,2.8210203940211858
,8758,,2.581742796411084
ENSG00000103342,2935,GSPT1,3.5994124561580625
ENSG00000159267,3141,HLCS,2.43838394657199
ENSG00000162989,3760,KCNJ3,2.43357944030522
ENSG00000198099,127,ADH4,-2.223495664747212
ENSG00000109736,10227,SLC75A1,3.171145258641876
ENSG00000184292,4070,TACSTD2,-2.5823736484650364
ENSG00000184432,9276,COPB2,-3.311979922067405
ENSG00000128714,3239,HOXD13,2.4030810027868794
,12324,,7.860511826782721
,139,,2.364627529459928
ENSG00000170525,5209,PFKFB3,2.880717000129318
,7604,,2.6209389326411308
,10341,H2AC5P,3.647897180895225
ENSG00000075142,6717,SRI,2.6908742052628694
ENSG00000047634,6322,SCML1,-2.6730705902261387
ENSG00000176533,2788,GNG7,2.617683264956107
ENSG00000064933,5378,PMS1,2.443913528621042
ENSG00000125815,10047,CST8,3.666280798307018
,10719,,3.663614080205337
ENSG00000196689,7442,TRPV1,2.441219886474764
,17,AAVS1,2.438155397064827
ENSG00000159228,873,CBR1,2.497420732378348
ENSG00000114770,10057,ABCC5,3.142885737528592
ENSG00000114353,2771,GNAI2,-2.703895833240119
ENSG00000124783,6745,SSR1,-2.495146443505125
ENSG00000175224,9776,ATG13,-2.887530648943381
ENSG00000124145,6385,SDC4,2.846946049952364
ENSG00000110092,595,CCND1,2.7247710024826555
ENSG00000105708,7561,ZNF14,-2.41129113419296
ENSG00000203857,3283,HSD3B1,2.269702513688902
,4230,,3.6501693853369934
ENSG00000135446,1019,CDK4,2.59838826845344
ENSG00000140263,6652,SORD,-3.5607226457789145
ENSG00000104356,10940,POP1,-3.825913706735771
ENSG00000155962,1193,CLIC2,2.199074750889164
ENSG00000163499,1412,CRYBA2,2.3537280435285384
ENSG00000115194,7781,SLC30A3,-2.6667971574748703
,11604,,5.690881153064275
ENSG00000007402,9254,CACNA2D2,3.4172896165887434
ENSG00000170265,8427,ZNF282,3.030981794518874
ENSG00000129152,4654,MYOD1,2.889773299063617
ENSG00000104848,3743,KCNA7,3.1695065251640187
ENSG00000086730,7462,LAT2,-2.965317085338302
ENSG00000196092,5079,PAX5,2.9699419225398715
ENSG00000267679,1986,EIF5AP2,2.668231230983463
ENSG00000183036,5121,PCP4,2.5845130676788184
,10032,,4.977365331960439
,7146,TNXA,4.039299350566599
ENSG00000040933,3631,INPP4A,2.6796238657810374
ENSG00000128656,1123,CHN1,2.7479980439161267
,884,,2.296185498508979
,3999,,2.396141663107527
ENSG00000121073,10237,SLC35B1,3.837799208037467
ENSG00000173992,9973,CCS,3.557751048183889
ENSG00000116062,2956,MSH6,2.2001915890375887
ENSG00000291803,10038,PARP2,-2.7108494517454003
,9305,,2.884470123288437
ENSG00000206177,3042,HBM,2.369269476726
ENSG00000130396,4301,AFDN,2.6443066295444626
ENSG00000100994,5834,PYGB,2.848348380338499
ENSG00000165637,7417,VDAC2,3.998869034253338
ENSG00000115364,9801,MRPL19,2.917401175886676
ENSG00000160181,7032,TFF2,-2.3392703900154106
,6393,,-3.015969660081302
ENSG00000135097,4440,MSI1,3.1950520681876573
,4374,,-2.6176955517524028
,5632,,-2.358409914860536
ENSG00000177105,391,RHOG,2.213960630824434
ENSG00000165195,5277,PIGA,2.560052030540127
ENSG00000273562,4676,NAP1L4,2.986297676818566
ENSG00000162383,6512,SLC1A7,2.7015242152226304
,3402,IDDM3,2.315320136578173
ENSG00000125730,718,C3,2.2054203329215945
,441,,2.293459808707978
,681,,2.3190079134192936
ENSG00000184271,5463,POU6F1,2.5708383834721387
,4235,,3.062312679094476
,5666,,-2.4548999598329124
,2380,FRA2H,2.31981866290267
ENSG00000135063,9413,ENTREP1,3.4519811042748123
ENSG00000183873,6331,SCN5A,-2.534107811825284
ENSG00000107859,5309,PITX3,2.646549780321217
ENSG00000117713,8289,ARID1A,3.4800391446663435
ENSG00000181195,5179,PENK,-2.4884489487267527
ENSG00000276409,6358,CCL14,-2.6862974097347347
ENSG00000134323,4613,MYCN,-2.3749884607373946
ENSG00000008256,9265,CYTH3,3.4998084338507858
,2500,FTH1P7,2.3997227877513843
ENSG00000166407,4004,LMO1,-2.3832780831624127
ENSG00000106588,5683,PSMA2,2.4364813701503727
ENSG00000165392,7486,WRN,2.9740245674470684
ENSG00000104812,2997,GYS1,2.3438217004429083
ENSG00000164776,5260,PHKG1,2.456345184080244
ENSG00000278006,6362,CCL18,-2.530916974276349
,3942,,-2.615443608392727
ENSG00000187775,8632,DNAH17,3.732861789724048
ENSG00000188778,155,ADRB3,2.228445451682528
ENSG00000099795,4713,NDUFB7,3.1142027852184366
ENSG00000082512,7188,TRAF5,2.4053483376564606
ENSG00000100346,8911,CACNA1I,2.683107700742668
ENSG00000260089,1596,ADAM3B,2.650143064323338
ENSG00000200318,6068,SNORD3P1,3.0135621599171074
,7488,WS2B,2.61286873569388
,1502,,2.736328624500706
,512,,2.271539697650974
,5811,,-2.449123976196189
ENSG00000157005,6750,SST,2.621536830155255
ENSG00000113441,4012,LNPEP,2.463050511513869
,3591,,2.323014739197541
ENSG00000186115,8529,CYP4F2,-2.4588382405550626
ENSG00000159905,7638,ZNF221,7.553997798319882
ENSG00000147588,5375,PMP2,2.6734267333982245
ENSG00000138029,3032,HADHB,2.375265769840136
ENSG00000196639,3269,HRH1,2.301934306501668
,4426,,-2.6021778846763994
ENSG00000102996,4324,MMP15,-2.876264642249556
ENSG00000101076,3172,HNF4A,2.241852224399686
,5402,,2.5457646071781097
ENSG00000141968,7409,VAV1,-2.3277241295415005
,7893,,-2.395584612086117
,2808,,-2.2853702583900017
ENSG00000143127,8515,ITGA10,8.418984505002333
ENSG00000170345,2353,FOS,2.412455734372903
ENSG00000136167,3936,LCP1,2.825509013039062
ENSG00000144283,8502,PKP4,-2.843409621753242
ENSG00000066027,5525,PPP2R5A,-2.4846808047517444
ENSG00000101890,2986,GUCY2F,11.966001309155146
,6067,,2.9020752601718707
ENSG00000043039,8538,BARX2,-2.565214553119864
ENSG00000112511,5252,PHF1,-2.2942674685348288
ENSG00000106723,10927,SPIN1,-3.103604126651232
,8067,,-2.42415109321744
,2476,,-2.178740518498945
,8197,,2.862059858198041
ENSG00000005436,6936,GCFC2,3.5053119876277856
,9932,,4.699608809757535
ENSG00000275996,9301,SNORD27,-3.0169613775645536
,4409,,-2.408748767116518
,7,,2.0826005916380628
,6807,,-2.866187978598291
,1930,,2.161014571778303
ENSG00000175054,545,ATR,2.5920104835377336
ENSG00000091831,2099,ESR1,2.2368401812013445
ENSG00000013573,1663,DDX11,2.227227753981366
ENSG00000187837,3006,H1-2,2.5994538415483484
,7463,,2.825616251376445
,5120,PCOS1,2.9593632989911973
ENSG00000101412,1869,E2F1,2.364295949226756
,12445,,-3.8504571437827
ENSG00000198961,9867,PJA2,4.362902508833859
,4428,,2.475043994261972
,3288,,4.5508744004115895
,1224,,-2.8678714603568167
ENSG00000108671,5717,PSMD11,2.691732283643598
ENSG00000075624,60,ACTB,2.787927494572467
ENSG00000185897,2865,FFAR3,2.6267693797214653
,9327,,-3.1108175772042173
ENSG00000171403,3857,KRT9,4.27619785462928
,2112,ETM2,2.11955721654591
,1083,CGF1,2.101591747524956
ENSG00000274131,1089,CEACAM4,-2.068605927427757
ENSG00000091972,4345,CD200,2.1982555519629883
ENSG00000100079,3957,LGALS2,-2.4107743380012114
ENSG00000038427,1462,VCAN,2.4475373277137544
ENSG00000134308,10971,YWHAQ,2.8285420126890446
ENSG00000198677,9652,SKIC3,4.18699288461354
,3391,,2.457043470983664
,11476,,5.279477177694104
ENSG00000187021,5407,PNLIPRP1,2.358265861998416
,6763,,2.2884674353404697
ENSG00000175215,10106,CTDSP2,2.6051529532742426
ENSG00000127837,14,AAMP,2.2432102548303936
ENSG00000115596,7475,WNT6,2.912837443820122
ENSG00000101236,11237,RNF24,4.316923413778687
ENSG00000164919,1345,COX6C,2.77345267952694
ENSG00000238498,6076,SNORD13P1,2.329730718392849
ENSG00000162551,249,ALPL,2.253631315082436
,1320,,2.511800828137352
,697,,2.075713037504173
,4078,,-2.248911748904953
ENSG00000258872,2227,FDPSP3,2.4036868531614988
ENSG00000122787,6718,AKR1D1,2.66177155395302
,9151,,2.725983837488011
ENSG00000226704,3305,HSPA1L,-2.27850698524881
ENSG00000166313,322,APBB1,2.0555233151351446
ENSG00000044446,5256,PHKA2,2.35841254245455
ENSG00000198911,6721,SREBF2,2.6261699937530705
ENSG00000147100,6567,SLC16A2,2.885773690110061
ENSG00000186891,8784,TNFRSF18,-2.6695775887884543
ENSG00000100345,4627,MYH9,2.259060309076135
ENSG00000104915,8677,STX10,14.553727957734042
,5401,,-2.230401736403836
ENSG00000267467,346,APOC4,-2.111361354842786
ENSG00000177143,1068,CETN1,2.2050334121187256
ENSG00000196549,4311,MME,2.91315525860705
,1279,COL1AR,-2.062991743610833
ENSG00000290365,3139,HLA-L,-2.45293021278118
,5769,PTP4A2P2,2.3138050687662144
ENSG00000119392,2733,GLE1,-2.90390435213442
,1916,,2.153064272708077
ENSG00000101138,1477,CSTF1,2.529314412178494
ENSG00000128342,3976,LIF,2.327850055998321
ENSG00000186439,10345,TRDN,-3.2888196965460743
ENSG00000026025,7431,VIM,-2.479917436682676
ENSG00000116030,7341,SUMO1,-2.8963426381031416
ENSG00000288516,5566,PRKACA,3.403555542891397
ENSG00000164733,1508,CTSB,-2.486865842829226
ENSG00000111052,8825,LIN7A,3.927022686002666
ENSG00000121742,10804,GJB6,-2.844775152773859
,7445,,-2.1869672613649507
ENSG00000224782,10471,PFDN6,2.959952960293598
ENSG00000015413,1800,DPEP1,2.3844991001841787
,8024,,2.925148026677617
,3533,,2.861541350324852
ENSG00000291178,5379,PMS2P1,2.55069573864982
ENSG00000277650,3810,KIR2DS5,2.790116541371927
,8381,,2.612304346799908
ENSG00000196262,5478,PPIA,2.1637939527890806
ENSG00000167862,3396,MRPL58,2.198378697277707
ENSG00000197409,8351,H3C4,4.736872221250196
ENSG00000120690,1997,ELF1,2.1066775898322545
,1222,,2.297912188745571
,5072,PARK3,-2.2761555075261004
,10323,,8.036738369102356
ENSG00000067900,6093,ROCK1,3.6652738561872753
ENSG00000168135,3761,KCNJ4,-2.1977959382770766
ENSG00000164692,1278,COL1A2,2.377374925186649
ENSG00000169071,4920,ROR2,2.151693668228841
ENSG00000217791,454,ASS1P9,-2.273923673282084
,2498,FTH1P3,2.2081320496935475
ENSG00000196470,6477,SIAH1,-2.805629643474166
,2501,FTH1P8,-2.061880028124851
,9004,,2.789694872971139
ENSG00000221869,1052,CEBPD,2.239464998998585
ENSG00000196235,6829,SUPT5H,3.8765657266954032
ENSG00000120265,5110,PCMT1,2.5118305903448515
ENSG00000145425,6189,RPS3A,-2.2139210445328823
ENSG00000163735,6374,CXCL5,3.010510887595708
ENSG00000293412,2974,GUCY1B2,-2.36237659437169
ENSG00000105825,7980,TFPI2,2.593401584227991
ENSG00000285250,4482,MSRA,2.5009120381200223
,1064,,2.637224424940111
ENSG00000163216,6703,SPRR2D,2.7805265490957733
ENSG00000104879,1158,CKM,-2.318207976911637
ENSG00000122958,9559,VPS26A,3.17873495853578
ENSG00000136997,4609,MYC,-2.680056951070831
,9606,,-2.6375024756220338
ENSG00000143554,11000,SLC27A3,3.5399890547723816
ENSG00000100299,410,ARSA,2.01960857627286
ENSG00000178950,2580,GAK,2.262874120550005
,4384,MRX20,-2.345066231359153
ENSG00000159184,10481,HOXB13,-2.530290663784932
ENSG00000081277,5317,PKP1,2.5814422410829243
,2085,,2.129300488681416
ENSG00000073464,1183,CLCN4,-2.0769714604730085
,6864,,-2.6087240590855862
,1228,,2.0173362865727773
ENSG00000096746,3189,HNRNPH3,2.849200504905248
ENSG00000166716,9640,ZNF592,3.5574730125718976
ENSG00000079134,9984,THOC1,-2.530003255275292
ENSG00000147255,3547,IGSF1,-2.3799613340647348
ENSG00000067369,7158,TP53BP1,2.632448722240321
,7794,,-2.433311547673067
ENSG00000128268,4248,MGAT3,2.547781376413423
,6255,,-2.4893073770564254
ENSG00000171246,4884,NPTX1,-2.4021463671382715
,6350,,-2.440344329389395
ENSG00000163631,213,ALB,2.2305999587785457
,3102,,2.126539494961126
,3974,,-2.8087119671982848
,7282,,2.4075332014757054
ENSG00000106546,196,AHR,2.0661042499412154
,237,,2.2307473488566134
,2552,,2.2454232558860405
ENSG00000170367,1473,CST5,2.220674467061702
ENSG00000185024,2972,BRF1,2.321438979395892
,3089,,3.324437856801848
ENSG00000111335,4939,OAS2,3.135054609670779
,6551,SLC9A3P1,3.802843506307811
ENSG00000168785,10098,TSPAN5,-3.173179094776851
ENSG00000054983,2581,GALC,2.3509583692503258
ENSG00000177954,6232,RPS27,2.9411471117343044
ENSG00000175084,1674,DES,2.181549544115776
,8003,,2.7697452886142653
ENSG00000173692,5707,PSMD1,2.4476268709924125
ENSG00000005889,7543,ZFX,2.5225117844580467
,8205,TAM,2.733930282545467
,7983,,-2.675808033984428
,2089,,2.540403217930055
,7206,TRK-TTT3-5,2.2174828783867464
ENSG00000009954,9031,BAZ1B,-3.3602446010304723
ENSG00000188120,1617,DAZ1,2.103499062470346
ENSG00000096063,6732,SRPK1,2.464506340778332
ENSG00000241104,1098,CEACAMP10,2.102109400775771
ENSG00000173486,2286,FKBP2,3.0535105017887245
ENSG00000108849,5539,PPY,2.336257768860905
,7952,TNDM,-2.7003306701352874
ENSG00000174780,6731,SRP72,-2.708844981454518
ENSG00000049449,5954,RCN1,-2.308883187192406
ENSG00000003147,3382,ICA1,2.614787404010446
ENSG00000135924,3300,DNAJB2,2.476170057303396
ENSG00000148908,6001,RGS10,2.973545036634955
,13080,,-4.640356851441635
ENSG00000149930,9344,TAOK2,-2.8157385680200906
,626,,-2.1068313290794816
ENSG00000167967,1877,E4F1,2.1965907952091133
ENSG00000134539,3824,KLRD1,2.0838427857974184
,4,,2.633857962945542
ENSG00000134769,1837,DTNA,2.6093739046787063
ENSG00000149927,8448,DOC2A,2.728144296145588
ENSG00000111674,2026,ENO2,2.085600778851655
ENSG00000102010,660,BMX,-2.4485161848601247
,2076,,2.363227223922056
,6852,,2.1913374134568846
ENSG00000068383,3632,INPP5A,2.351749427927115
ENSG00000148180,2934,GSN,-2.2420171940370954
ENSG00000067191,782,CACNB1,2.0944601140965835
ENSG00000080824,3320,HSP90AA1,-2.159655739142617
ENSG00000260873,6645,SNTB2,2.275956678914288
,7585,,-2.617201875208341
ENSG00000188612,6613,SUMO2,2.7657116589936206
,1336,COX5BP7,2.1559296760046625
,936,CD24P2,2.0226614944381778
,7906,,2.579760181442293
ENSG00000130558,10439,OLFM1,3.241004467121268
ENSG00000074211,5522,PPP2R2C,-2.123882346277054
ENSG00000174080,8722,CTSF,-2.523493449632351
ENSG00000113578,2246,FGF1,2.023760814939701
,2855,GPR32P1,-2.249534609925117
ENSG00000132671,6754,SSTR4,-2.20377780144722
,7908,EOS,-2.5935717859263443
ENSG00000168970,8681,JMJD7-PLA2G4B,2.7986876576318047
ENSG00000116016,2034,EPAS1,2.9193004228873374
ENSG00000292177,696,BTN1A1,2.0335539805062464
ENSG00000187908,1755,DMBT1,-2.01493604731077
ENSG00000147202,1730,DIAPH2,2.1114547226563705
ENSG00000176406,9699,RIMS2,3.4650631070083104
ENSG00000166145,6692,SPINT1,2.119975038262359
,2283,FKBP1AP2,2.0162140132358
ENSG00000151846,5042,PABPC3,-2.258524179229352
ENSG00000134532,6660,SOX5,2.336929418877159
ENSG00000131264,1046,CDX4,-2.00517642168982
,1323,,2.47728283690787
ENSG00000167088,6632,SNRPD1,2.51555817453618
ENSG00000184697,9074,CLDN6,-2.8746819561670294
ENSG00000112319,2070,EYA4,2.386268254924571
ENSG00000146477,6581,SLC22A3,2.404137327055371
ENSG00000159217,10642,IGF2BP1,-2.830682440133233
ENSG00000105499,8605,PLA2G4C,3.2088689378941653
ENSG00000100577,2954,GSTZ1,2.402715801086785
,12298,,4.180658548885387
ENSG00000082212,4200,ME2,2.3541159292609275
ENSG00000060718,1301,COL11A1,4.990787574822807
,937,CD24P3,-2.204972159725135
,11467,,-2.6203839977015835
,4003,,2.019755549462104
ENSG00000113758,1627,DBN1,2.002520443328314
ENSG00000042832,7038,TG,2.9485109417187645
ENSG00000102699,143,PARP4,2.263435064005482
,7795,LOC7795,2.35331051389148
ENSG00000166886,4665,NAB2,2.124850076414265
,9155,,4.133238715336978
ENSG00000090615,2802,GOLGA3,3.055902221892952
ENSG00000196866,3013,H2AC7,2.6111158618642483
ENSG00000197905,7004,TEAD4,2.3643356415768744
ENSG00000126787,9787,DLGAP5,-2.8724008656155657
ENSG00000181019,1728,NQO1,2.74126764446834
,8922,,-3.081729452341627
ENSG00000162063,899,CCNF,2.0076923189063134
,11590,,-3.305851210307968
ENSG00000198924,9937,DCLRE1A,2.833324158773978
,1037,,2.250816408598597
ENSG00000168621,2668,GDNF,2.187990372639669
,5383,PMS2P5,2.3404959764585063
,1693,,-2.006216403270979
ENSG00000160654,917,CD3G,2.523017409984816
ENSG00000165304,9833,MELK,2.4985815135885674
,8231,CND,-2.2645316602804293
ENSG00000176692,2303,FOXC2,2.583636980956378
ENSG00000228321,7124,TNF,2.877156493593118
ENSG00000150995,3708,ITPR1,-2.595329815672601
ENSG00000291791,7011,TEP1,2.4643527584814904
ENSG00000105750,7639,ZNF85,-2.1780039276738665
,7785,,2.4140457796804555
,12035,,2.598450269910284
ENSG00000165474,2706,GJB2,2.805175791243799
ENSG00000175166,5708,PSMD2,-2.237270011094944
ENSG00000211445,2878,GPX3,-2.003139546984735
ENSG00000143774,2987,GUK1,2.2224633932978124
,2598,,2.1194201739729586
ENSG00000006634,10926,DBF4,3.7568947374587296
,2090,ESA4,2.115777297779882
,7496,,2.957088677973341
ENSG00000186810,2833,CXCR3,2.15162507703338
ENSG00000136720,9394,HS6ST1,-2.9966670635967527
,2698,GJA1P1,2.0052849505317494
ENSG00000131482,2538,G6PC1,2.0367039552500183
ENSG00000198901,9055,PRC1,2.921445388101391
ENSG00000123609,9111,NMI,-2.0807335281980497
ENSG00000277626,7473,WNT3,3.360761870763739
,7631,,2.3692408986387843
ENSG00000118363,9789,SPCS2,-2.980763220850588
ENSG00000116044,4780,NFE2L2,2.303015804027037
ENSG00000117118,6390,SDHB,2.1836979312566025
,12180,,3.5477700325965547
,299,,2.6260332102606934
ENSG00000111012,1594,CYP27B1,2.331901018271442
ENSG00000155097,528,ATP6V1C1,2.191823277400568
,12354,,3.677821677842472
ENSG00000130635,1289,COL5A1,2.0056056891604155
ENSG00000124212,5740,PTGIS,2.4877506235672
ENSG00000111728,6489,ST8SIA1,-2.453696152345095
ENSG00000213931,3046,HBE1,2.284810902052605
ENSG00000161610,3060,HCRT,-2.4431546626060454
,6914,TBXA1R,-2.1612376281222536
ENSG00000039537,729,C6,2.154687733932028
ENSG00000198947,1756,DMD,2.5379693729107218
ENSG00000260314,4360,MRC1,-2.0908719705730654
,12374,,3.348564030083437
,12184,,6.765788584676591
,8071,,3.2429386522468646
ENSG00000119682,9870,AREL1,-3.0007427981491013
ENSG00000164885,1020,CDK5,2.192723224504423
ENSG00000117305,3155,HMGCL,2.994408968585322
,7632,,3.371991555801232
,9621,,13.247658781897169
,8150,,-2.686796913034616
ENSG00000089199,1114,CHGB,2.486382053688326
ENSG00000157014,9797,TATDN2,-2.4244537105836783
ENSG00000187010,6007,RHD,-2.441724254639724
ENSG00000078142,5289,PIK3C3,2.326693500166551
ENSG00000301592,6702,SPRR2C,2.872525427107998
,1900,,2.3430818437671554
,7218,TRP-AGG2-6,-2.4259833853565427
ENSG00000139625,7786,MAP3K12,2.669990587918872
,2433,FRA10C,2.082604539677286
ENSG00000179455,7681,MKRN3,2.7336476311308227
,4396,,2.889448023120552
ENSG00000137807,9493,KIF23,-2.248707838790954
ENSG00000110422,10114,HIPK3,-3.456466270965991
,10822,OR7E11P,6.730978033277859
,3535,IGL,2.3500450729379443
,4545,,2.0196465875073275
ENSG00000173404,3642,INSM1,2.389139814548861
ENSG00000132109,6737,TRIM21,2.139936099829218
ENSG00000231202,6987,TRGVB,-2.7182925702257266
ENSG00000155903,5922,RASA2,2.511315043219758
ENSG00000185920,5727,PTCH1,-2.1424135855954494
ENSG00000100485,6655,SOS2,3.045679935366969
ENSG00000184260,8338,H2AC20,-2.475871971049774
ENSG00000145526,1016,CDH18,2.038838369636545
,1679,,2.12089412490128
,7269,,2.77049456012607
,3521,,-2.0356061258298737
,4526,,2.621877612730915
ENSG00000139531,6821,SUOX,2.2599744056010205
,4368,,2.7117523326273707
ENSG00000156886,3681,ITGAD,2.066316394073678
,12043,,-3.2646388293262247
ENSG00000197273,2980,GUCA2A,2.2717434574113486
ENSG00000064195,1747,DLX3,2.3942004786378788
ENSG00000076984,5609,MAP2K7,2.194659400839716
ENSG00000143367,7286,TUFT1,2.689893206817191
ENSG00000153933,8526,DGKE,13.048272817968742
ENSG00000102103,10084,PQBP1,2.5435284727915017
ENSG00000105464,2906,GRIN2D,2.075476673970716
ENSG00000085511,4216,MAP3K4,2.353004806275027
ENSG00000276461,6942,TCF20,-2.728432886535168
,9164,,2.8572219702999697
,9799,,-2.3957371199038464
ENSG00000126838,5858,PZP,2.002235568719782
ENSG00000161944,433,ASGR2,2.179860948218679
ENSG00000180660,4081,MAB21L1,2.533371258999774
ENSG00000090316,10296,MAEA,-2.846353337329822
ENSG00000213949,3672,ITGA1,2.179350887040602
ENSG00000126953,1678,TIMM8A,2.8214569431647205
ENSG00000168243,2786,GNG4,2.224524163303689
ENSG00000104881,10848,PPP1R13L,-2.5829385331808563
,9206,RAD17P2,-2.5818137788110422
ENSG00000211452,1733,DIO1,2.356805877319762
,7777,,2.6170222470114184
,4169,,3.79510470655529
ENSG00000005882,5164,PDK2,2.365895574924335
ENSG00000275379,8354,H3C11,2.532244977206963
ENSG00000166529,7589,ZSCAN21,2.3103685271484524
ENSG00000013364,9961,MVP,3.039364052249905
ENSG00000233306,6974,TRGV2,2.4685800112644776
,4459,,2.046986573525368
,8849,,3.273685116298637
,8009,LALL,-2.1521713024557254
ENSG00000122641,3624,INHBA,2.221648773178964
ENSG00000139793,10150,MBNL2,-2.4229126607135245
ENSG00000064607,10147,SUGP2,4.172645499789594
,11634,,2.846653227490511
,2425,FRA9A,2.083197455500628
ENSG00000117411,8704,B4GALT2,2.468724931259658
ENSG00000205726,6453,ITSN1,2.1581684289219205
ENSG00000160294,8888,MCM3AP,-2.4741258501385137
ENSG00000100926,10548,TM9SF1,2.9879040578290827
,11850,,5.49920307278501
ENSG00000161281,1346,COX7A1,2.034188803994055
,12544,,-2.8367441242220424
ENSG00000185565,4045,LSAMP,2.6969649061273664
ENSG00000154269,5169,ENPP3,-2.274230890040968
,4228,,2.18399178160256
,3740,,-2.0960373065439777
ENSG00000164543,9263,STK17A,-3.1221913304881497
,9549,,2.725278229180706
ENSG00000059588,6894,TARBP1,2.24577586856818
,4376,,2.2919234801284887
ENSG00000132581,6388,SDF2,2.77504480952843
ENSG00000265107,2702,GJA5,3.37165629972027
,4447,,2.241814520576685
,1885,,2.174119013268517
ENSG00000213145,1396,CRIP1,2.16805030840852
ENSG00000166181,8539,API5,2.6693369543660257
ENSG00000112715,7422,VEGFA,2.6850433688660664
ENSG00000169902,8460,TPST1,-2.6321463760570003
ENSG00000139684,2098,ESD,2.039513921814105
ENSG00000071994,5134,PDCD2,2.3364338528187902
ENSG00000053371,8574,AKR7A2,-2.4304481022498563
ENSG00000169347,2813,GP2,2.528413898826316
ENSG00000148175,2040,STOM,3.3033618260660536
,7195,TRG-CCC1-1,-2.160178511352042
ENSG00000180210,2147,F2,2.534353020902154
ENSG00000136960,5168,ENPP2,2.1523066105372943
ENSG00000179915,9378,NRXN1,3.1711025859650896
ENSG00000164708,5224,PGAM2,3.2971256300085887
ENSG00000091640,9552,SPAG7,11.59417057496926
,2402,FRA6B,2.098642998882976
,4612,,-2.1284896049103685
ENSG00000085224,546,ATRX,2.926797235669629
,6791,AURKAP1,2.5851975938865954
ENSG00000117407,9048,ARTN,-3.359146738708372
,5839,,3.068223392267326
ENSG00000225103,3118,HLA-DQA2,2.518558110116929
ENSG00000164283,11082,ESM1,-2.6471112682638207
ENSG00000004799,5166,PDK4,2.165477697932865
,7997,,3.0242357516793783
ENSG00000163697,323,APBB2,2.134820441352198
ENSG00000168066,7536,SF1,2.481615731403328
,11003,,3.692976035237337
,13889,,-4.20531605484176
ENSG00000149527,9651,PLCH2,-2.411409465391822
ENSG00000196422,9858,PPP1R26,-2.6536821319223307
ENSG00000158125,7498,XDH,-2.0985899566553297
,8160,,2.271152382551348
ENSG00000159788,6002,RGS12,2.1662789996441227
ENSG00000278303,4585,MUC4,2.62310079710373
,8039,PROA,3.5744935753372005
ENSG00000156983,7862,BRPF1,2.0972057030483384
,11205,,-3.080155860242203
ENSG00000075618,6624,FSCN1,2.199518552854089
ENSG00000101955,8406,SRPX,-2.201730183044798
,12529,,-3.87097137747146
,7654,,-2.118818333080186
,2379,FRA2G,2.2634685603242226
ENSG00000160299,5116,PCNT,2.7959677615001026
ENSG00000102096,11040,PIM2,3.897619693768696
ENSG00000144747,7110,TMF1,2.034569367190453
ENSG00000105647,5296,PIK3R2,-2.169839233067408
,3401,,-2.0054173799886725
ENSG00000184933,8590,OR6A2,3.454231677702231
ENSG00000124333,6845,VAMP7,-2.385577275046368
,11917,,-3.503411730613321
ENSG00000061918,2983,GUCY1B1,2.889814439850213
,256,,2.573569559191817
ENSG00000073578,6389,SDHA,-2.1958446577940447
,303,ANXA2P1,2.5705658339857327
ENSG00000146731,908,CCT6A,2.178536917412152
,8595,OR5D2P,2.771391603550408
ENSG00000100453,3002,GZMB,2.0151772845265152
ENSG00000100285,4744,NEFH,-2.096942435027428
ENSG00000119714,8111,GPR68,-2.308772986129489
ENSG00000277075,3012,H2AC8,2.256067867009414
ENSG00000116266,6814,STXBP3,2.4757694297969604
,10034,ARSDP1,2.7995330324656456
ENSG00000275190,7365,UGT2B10,-2.3275452111478647
ENSG00000109511,11199,ANXA10,-2.4016245546961703
,8375,,-2.487784004412929
ENSG00000067082,1316,KLF6,2.3540146223925755
,4769,,-2.0007849151807098
ENSG00000003756,10181,RBM5,3.647688708999049
ENSG00000265203,5949,RBP3,-2.1276223064734263
,9449,,-2.983643614588604
,9251,,-2.835923299932426
ENSG00000188786,4520,MTF1,2.5392766775927345
ENSG00000183878,7404,UTY,2.015080574052219
ENSG00000103194,9100,USP10,2.028482955027375
ENSG00000139990,8816,DCAF5,-2.276582954285784
ENSG00000166401,5271,SERPINB8,3.181611856998902
ENSG00000181965,4762,NEUROG1,7.082055829170095
ENSG00000128276,10738,RFPL3,2.740852895569925
,7740,,-2.8597318911141296
,7661,ZNF90P1,3.151457922842412
,2365,FRA1F,2.527789954566747
,8461,,2.189919641902322
ENSG00000132465,3512,JCHAIN,-2.554888658914736
,2399,FRA5F,2.243968202294904
ENSG00000165169,6990,DYNLT3,3.414778295026588
,8617,,-2.426042416298733
ENSG00000159882,7773,ZNF230,-2.604678008016211
ENSG00000108061,8036,SHOC2,2.402616080091974
ENSG00000164985,11168,PSIP1,2.7646179922652188
,12809,,-2.9689218744074544
ENSG00000278677,8336,H2AC17,-2.2924599523688984
ENSG00000123836,5208,PFKFB2,-2.314120173858744
,2807,,2.0162366957558064
ENSG00000224796,6163,RPL32P1,-2.3739251113415665
ENSG00000198798,4114,MAGEB3,2.391210581226617
,11607,,-3.739713359431255
ENSG00000135604,8676,STX11,-2.440020307431422
ENSG00000131759,5914,RARA,2.793511057893043
,4367,,2.0796169917337664
,3794,,2.134282526745705
ENSG00000081051,174,AFP,2.0438135785361484
ENSG00000184012,7113,TMPRSS2,2.462960665046769
ENSG00000229314,5004,ORM1,-2.066133159155666
,5845,,2.8106201218573794
,12893,,-3.372745970136977
ENSG00000136155,8796,SCEL,-2.8848852382827994
,4806,,2.166536228381578
ENSG00000211895,3493,IGHA1,-2.136259805080424
ENSG00000167460,7171,TPM4,2.429030133470856
ENSG00000155849,9844,ELMO1,2.929773419570576
,11857,,3.5479677615867216
ENSG00000142207,9875,URB1,2.9833425541786647
ENSG00000109743,683,BST1,2.249685040411124
,2080,,2.1960931333652
ENSG00000125780,7053,TGM3,2.2297176972987365
ENSG00000164219,5229,PGGT1B,2.095512415884299
,11598,,2.485205145449667
ENSG00000172175,10892,MALT1,-2.8703182240766223
ENSG00000091010,5459,POU4F3,2.2197651195070582
,9594,,-2.2377428404896134
,6162,,2.1109350534462497
ENSG00000128739,6638,SNRPN,2.321925473584782
ENSG00000169245,3627,CXCL10,3.424669355094895
ENSG00000197172,4105,MAGEA6,2.3064842124400826
ENSG00000112297,202,CRYBG1,2.334022997417546
ENSG00000082929,10141,LINC01587,2.3184401875045
ENSG00000158458,9542,NRG2,-2.688336342477779
ENSG00000114857,4820,NKTR,-2.147054034760605
,3366,,2.392806467610864
ENSG00000114268,5210,PFKFB4,2.028730555090126
,8397,,2.3942898878286254
,7797,,2.563326392915356
,612,,2.0681739518648747
,8441,,2.245958917497624
ENSG00000134982,324,APC,-2.061653064441464
ENSG00000153234,4929,NR4A2,2.44635207758485
,12583,,6.278810032254087
,11513,,2.674249232918954
,6106,,2.359177748077816
,7237,TRT-TGT3-1,-2.3998789723782283
,8179,,2.065747315006145
ENSG00000262814,6182,MRPL12,2.248599905169368
,13549,,3.30582377918741
ENSG00000184669,10819,OR7E14P,-2.611722144695385
,7731,,3.015065276277185
,7492,,2.327754651140735
ENSG00000162300,7542,ZFPL1,-2.059319755444782
ENSG00000170231,2172,FABP6,5.786110733598867
,8830,PTLAH,-2.1516492591867395
,13035,,6.213109646769524
ENSG00000100281,10042,HMGXB4,-2.871090339591386
ENSG00000277751,10288,LILRB2,-2.7167665802136693
ENSG00000113721,5159,PDGFRB,2.028279011620721
ENSG00000175063,11065,UBE2C,2.386620938143676
ENSG00000099194,6319,SCD,2.0253003341849074
,2420,FRDA2,2.457629616539503
ENSG00000131738,3884,KRT33B,2.369977351710568
ENSG00000100614,5494,PPM1A,3.3656139591832166
ENSG00000079999,9817,KEAP1,-2.3500532767200086
ENSG00000137055,9373,PLAA,-2.207058658899312
,703,,2.0636325873040784
ENSG00000210117,4578,MT-TW,2.226346024440367
ENSG00000136485,10238,DCAF7,2.465081872087008
,12113,,11.862421063092947
,2404,FRA6D,-2.4852002960671093
ENSG00000104689,8797,TNFRSF10A,3.914948737940137
ENSG00000188394,2844,GPR21,2.363708330150976
ENSG00000206680,6083,SNORD21,-2.1421173473898665
,8964,,-2.3843774539578413
ENSG00000104783,3783,KCNN4,2.550201811634407
ENSG00000140829,9785,DHX38,2.416944579249749
ENSG00000131446,4245,MGAT1,2.186009583286123
,2142,,2.628347172025275
,4415,,-2.56737437908003
,10934,MORF4,-3.3726118464089176
ENSG00000281708,711,ERC2-IT1,2.327960195083005
ENSG00000162728,3765,KCNJ9,2.1217745250671647
ENSG00000125650,5623,PSPN,2.177594960501649
,8866,,3.3836863264621835
,4866,,-2.329516878911971
ENSG00000139083,2120,ETV6,2.1282063893596788
ENSG00000117586,7292,TNFSF4,2.895460511845208
,6679,,2.0536911649229017
,8806,SCZD8,-2.414499920502002
ENSG00000126215,7517,XRCC3,2.3336397830483064
,7061,,5.744785743514592
ENSG00000114923,6508,SLC4A3,-2.072861228244706
ENSG00000270641,9383,TSIX,-2.6932081729488706
ENSG00000121741,7750,ZMYM2,2.775002324070184
ENSG00000292215,10245,TIMM17B,-2.229022127771961
ENSG00000126091,6487,ST3GAL3,2.239125151157064
,2473,FRA22A,2.1498136666049428
ENSG00000100038,8940,TOP3B,3.1656800642571725
ENSG00000214160,10195,ALG3,3.5046726763358764
ENSG00000105429,1954,MEGF8,2.3505971113679727
ENSG00000168806,9836,LCMT2,-2.0096061095021134
,6435,,-2.0862931605660746
,7440,,-2.8658640634425705
,12114,,11.6279863210391
,12823,,3.85786275775004
ENSG00000149091,8525,DGKZ,2.538791375742285
ENSG00000124787,10799,RPP40,-2.0543547567350258
ENSG00000185338,8651,SOCS1,-2.2516910822471474
ENSG00000117318,3399,ID3,2.00375112566344
ENSG00000127083,4958,OMD,2.014828881607808
,12550,,11.611848005229122
,8921,,2.70008471383409
,10638,,-2.2784941842016857
ENSG00000213639,5500,PPP1CB,-2.248908427955961
,13371,,4.059194513811457
,10770,,2.7976670706655127
,11948,,-3.3480292328644263
,11613,,3.348761087407383
ENSG00000121067,8405,SPOP,-2.8628893279783107
ENSG00000142347,4542,MYO1F,-2.0709122266184083
,8122,,2.255810968410567
ENSG00000130811,8666,EIF3G,-2.00928648719945
,1206,,2.19768304380488
,12013,,-2.8314846575692
ENSG00000273703,8342,H2BC14,-2.304974080219313
,12700,,11.56223413163833
,12602,,-2.8806973521795056
,8255,BZX,2.2501704900044035
,13883,,6.058671720192492
ENSG00000134363,10468,FST,-2.18133014117546
ENSG00000129194,6665,SOX15,-2.465789652610888
,12255,,4.108327616109526
,5751,,2.220246308451566
ENSG00000291112,7754,ZNF204P,-2.0839770613730084
,6153,,-2.033305768956894
ENSG00000197756,6168,RPL37A,2.1583821048405603
,3282,,2.1244613872278446
,96,,2.287399142837384
,8011,MROS,-2.328396498542116
ENSG00000090402,6476,SI,2.444378633630988
,11593,,5.06047945217156
,9964,MYCLP3,-2.151911653729556
,12380,,4.233302591071573
ENSG00000164434,2173,FABP7,2.78567947906312
,8422,,2.233022182133733
,11997,,-2.9829552581291336
ENSG00000118046,6794,STK11,-2.103534496460133
ENSG00000133704,10526,IPO8,2.5027977703045723
,4895,,2.002185194053465
,8472,,2.41137722711171
,1221,,2.230122920459883
,4906,,-2.0337813531207063
,13306,,3.3151746541738447
ENSG00000041880,10039,PARP3,-2.771729139751434
ENSG00000168291,5162,PDHB,-2.078476431060154
ENSG00000149573,10205,MPZL2,2.912907779266734
ENSG00000198840,4537,MT-ND3,5.278915634264876
ENSG00000063587,10838,ZNF275,-2.4042445133991954
ENSG00000170515,5036,PA2G4,2.2218582099707205
ENSG00000197381,104,ADARB1,2.2480327710752634
ENSG00000119913,6975,TECTB,2.051098364755304
ENSG00000079459,2222,FDFT1,2.118931153881145
,12929,,-5.969562984692498
,4187,,2.419227685071865
,8064,,-2.178939830158172
,6896,TARBP2P1,-2.260267245600602
,7820,,-2.300584072293613
,6200,,-2.16286551026259
ENSG00000106004,3202,HOXA5,2.317663083196427
ENSG00000188386,5535,PPP3R2,-2.0153903403980946
,11772,,-2.357185509086258
ENSG00000152104,5784,PTPN14,-2.0902488476945944
,3058,,-2.3242726308153285
,7888,,2.143433802917168
ENSG00000214717,9189,ZBED1,3.0363773485936405
ENSG00000187741,2175,FANCA,2.0228761131518693
,3504,,-2.862059970949633
,4180,,2.003232928449966
ENSG00000106236,4885,NPTX2,2.102271551413632
ENSG00000169704,2815,GP9,-2.2947130609683764
ENSG00000150961,9871,SEC24D,-2.515410832396012
ENSG00000100316,6122,RPL3,2.175423227179764
ENSG00000089057,9962,SLC23A2,-2.363210562814089
ENSG00000163110,10611,PDLIM5,-2.480689172462232
,12411,,2.700960840092429
,5855,,2.5183256440097144
ENSG00000112041,7287,TULP1,-2.197252380988352
,11667,,-3.1307618899855005
,9558,,-2.223128149571473
,11934,,-3.201626415893005
ENSG00000090013,645,BLVRB,2.1111996268856097
ENSG00000222037,3542,IGLC6,2.0234488207296684
ENSG00000168477,7148,TNXB,2.442723574375637
,13771,,5.971395342231844
,9408,,2.0697561923759173
ENSG00000110841,8496,PPFIBP1,-2.144633139463996
ENSG00000213614,3073,HEXA,-2.117612932576925
,10339,,-2.218468110239628
ENSG00000274233,6352,CCL5,-2.5721312961781955
,11676,,3.706785321522065
ENSG00000131459,9945,GFPT2,11.240954896375746
ENSG00000163902,6184,RPN1,2.432720166668757
ENSG00000090621,8761,PABPC4,-2.072957002921134
,2772,GNAI2P1,2.315230264455334
,4979,,2.014248543094615
,5249,,11.213943023345385
,14513,,4.26800013540435
,6893,TAPVR1,-2.0068795656283585
ENSG00000066336,6688,SPI1,4.280999921054134
ENSG00000198604,11177,BAZ1A,-2.857680456545857
ENSG00000115677,3069,HDLBP,2.30179124037458
ENSG00000154146,4900,NRGN,2.345411336694678
ENSG00000125363,265,AMELX,2.2481494720279858
ENSG00000167323,6786,STIM1,-2.2515174092105976
ENSG00000237155,8870,IER3,-2.692260627763085
ENSG00000103942,9455,HOMER2,2.113052069635737
,9876,,2.9411616591929857
,12161,,-2.6892829634235205
,11735,,2.3250849089596293
,121,,2.249503429017097
ENSG00000143870,10130,PDIA6,-2.125183113514346
ENSG00000175387,4087,SMAD2,2.047598727637097
ENSG00000143324,9213,XPR1,2.8632585877111043
ENSG00000136504,11143,KAT7,3.839709672152552
,11531,,-3.2148899982083785
,8583,OR7E41P,2.496732623163983
ENSG00000007174,1770,DNAH9,2.336568443163809
ENSG00000275349,6606,SMN1,2.393490207496888
ENSG00000104804,7288,TULP2,-2.490387646994468
ENSG00000211459,4549,MT-RNR1,-2.0250801372422367
,11125,,-3.51320215677598
,8423,,7.359843999482094
ENSG00000106682,7458,EIF4H,-2.160304193817126
ENSG00000140650,5373,PMM2,2.4725609615951294
,11422,,2.667920756977748
,14536,,-4.86699537854287
,12680,,2.7280600255932304
ENSG00000134827,6947,TCN1,2.368139997408621
ENSG00000125484,9329,GTF3C4,-2.412757380426137
ENSG00000114316,7375,USP4,3.567432732691242
,13029,,2.884302327316914
ENSG00000139574,8620,NPFF,-2.2666036841052435
ENSG00000131389,6533,SLC6A6,2.0790076192649454
,10759,,-2.1707400884175354
,11457,,-3.45062609962905
,8114,,2.7842662847056565
ENSG00000118402,6785,ELOVL4,2.4329892113177776
,13228,,-3.5262260082598
ENSG00000158691,9753,ZSCAN12,-2.384666433256998
,6841,,-2.4098310772635108
ENSG00000150687,11098,PRSS23,3.4351251634723785
,13772,,4.291651530548649
ENSG00000102054,5931,RBBP7,-2.1857868293051
ENSG00000157429,7567,ZNF19,2.3154826056926163
ENSG00000168961,3965,LGALS9,2.6479297235993795
ENSG00000277044,4987,OPRL1,2.2617811572765354
ENSG00000135624,10574,CCT7,2.7770655269581948
,13275,,-3.088490667794641
ENSG00000109332,7323,UBE2D3,-2.4193369236383804
,13348,,2.976525142323752
ENSG00000274544,9300,SNORD28,-2.1974532349772526
ENSG00000088205,8886,DDX18,2.341209527983996
,12214,,3.449238533523768
ENSG00000184374,10584,COLEC10,2.2097525989171363
,8810,,-2.1904507743792982
,8920,,-2.29805092586532
,11904,,2.525480104392104
ENSG00000110080,6484,ST3GAL4,-2.1890461825170253
ENSG00000137764,5607,MAP2K5,2.555752849543173
ENSG00000065000,8943,AP3D1,-2.6174522039710446
,10710,,2.98079289270344
ENSG00000088256,2767,GNA11,-2.3673620239711752
,14618,,-5.035840294191751
,8616,,2.6594830769148543
,8902,,-2.08570657343604
ENSG00000115514,10190,TXNDC9,3.4170897458619143
,12105,,-3.044674016163797
ENSG00000236346,4795,NFKBIL1,2.803908710690407
ENSG00000173786,1267,CNP,2.038272424607167
,12533,,3.621786530132381
,8937,,-2.2274213322683
ENSG00000214760,6145,RPL21P1,-2.0916363619470406
ENSG00000169813,3185,HNRNPF,2.731011603023392
,11672,,-3.599267510768034
,12615,,-4.404152691673072
,9393,,2.103637254084514
,8066,ANC,-2.134054197291104
ENSG00000115602,9173,IL1RL1,-3.386804474328307
ENSG00000152291,10618,TGOLN2,-2.542279935687805
ENSG00000171124,2525,FUT3,2.0803970705325567
ENSG00000064225,10402,ST3GAL6,-2.0190067130401816
,11449,,3.954306174456186
,12950,,3.739358977243547
,11418,,5.088414039898689
,6024,,2.284971317707386
ENSG00000125538,3553,IL1B,2.3152182415013427
,11355,,-2.390496413590041
ENSG00000135862,3915,LAMC1,-2.315733897661609
ENSG00000159335,5763,PTMS,2.054727080982365
,6719,SRD5A1P1,3.1404185593307625
,8116,,2.0748305065535195
ENSG00000101608,10627,MYL12A,2.4215680883704174
,11305,,-3.52239670731914
ENSG00000139546,6895,TARBP2,-2.0330523116994472
,10834,NPM1P13,-2.1921914564825085
ENSG00000167074,7008,TEF,-2.057893377883483
,1403,,-2.00727668813776
ENSG00000122180,4656,MYOG,2.0563857543282857
ENSG00000119938,5507,PPP1R3C,-2.1755220500181145
,12372,,4.352084191971406
ENSG00000172465,9338,TCEAL1,2.344156300783435
,10167,CFM1,-2.282158387985816
,10583,,2.8820362230385865
ENSG00000274429,9231,DLG5,2.578135719502378
ENSG00000129255,9526,MPDU1,2.3925330860627825
,13039,,-3.645879583369491
,8952,,2.540514827456544
ENSG00000091138,1811,SLC26A3,-2.243293782365153
ENSG00000126583,5582,PRKCG,2.0232606471104195
ENSG00000152229,9050,PSTPIP2,2.692261074762884
ENSG00000096006,10321,CRISP3,-2.273140732937769
,10727,,-2.276149792861473
ENSG00000091409,3655,ITGA6,-2.069760026338832
ENSG00000198039,10793,ZNF273,-2.5403696575043653
ENSG00000118260,1385,CREB1,-2.124515539669696
ENSG00000204175,9721,GPRIN2,2.972899235820652
,4764,NF1P3,-2.3914350237468507
ENSG00000008294,9043,SPAG9,2.4433749215035445
ENSG00000065154,4942,OAT,2.077438137877351
ENSG00000288475,9994,CASP8AP2,7.189081728062134
ENSG00000086758,10075,HUWE1,-2.333154144464669
,13344,,-3.789050067292919
,13399,,-3.768849574799925
ENSG00000230529,1097,CEACAMP9,2.162810664341772
,1458,,2.001816569780176
ENSG00000179222,9500,MAGED1,2.2550980685341497
ENSG00000141736,2064,ERBB2,2.2954830969676894
ENSG00000108604,6603,SMARCD2,2.6308981011842145
,12512,,10.486694443218244
ENSG00000281886,7047,TGM4,2.08615202093591
ENSG00000174738,9975,NR1D2,4.384392587664441
ENSG00000144063,7851,MALL,-2.638143811380217
ENSG00000141068,8844,KSR1,-2.643837135451508
ENSG00000110799,7450,VWF,2.0047476355226643
ENSG00000165462,401,PHOX2A,2.4693460554665814
,14448,,4.236235131568576
ENSG00000130429,10095,ARPC1B,-2.560971279913166
ENSG00000285485,4776,NFATC4,3.4830738816898346
,7947,,-2.1165537420208373
ENSG00000113456,5810,RAD1,-2.504218981477415
ENSG00000275043,9303,SNORD25,-2.147185246196411
ENSG00000163320,8545,CGGBP1,-2.3377075241938465
ENSG00000179909,7710,ZNF154,2.242481398583373
ENSG00000182165,11257,TP53TG1,-4.312399457459371
ENSG00000158406,8365,H4C8,-2.2853478374041294
ENSG00000134815,9704,DHX34,2.578846838763601
ENSG00000100239,9701,PPP6R2,2.824918860038843
ENSG00000135476,9700,ESPL1,-2.127373535942324
ENSG00000274221,6348,CCL3,2.036827524696251
ENSG00000108389,9110,MTMR4,-2.6769275929387977
,11406,,-2.4444431172215286
,12919,,-2.756438227302384
ENSG00000205336,9289,ADGRG1,2.2360978784117904
ENSG00000162630,8707,B3GALT2,2.5398184198176845
ENSG00000100478,11154,AP4S1,2.4585251469641203
ENSG00000114423,868,CBLB,2.113091507761007
ENSG00000157456,9133,CCNB2,-2.1687527892430256
,8486,,-2.1320827741157458
,12392,,2.0718299886603706
,12588,,-2.1824189602751507
ENSG00000274538,7262,PHLDA2,2.4275868233357407
,7963,TS546,2.3448287334385336
,6031,RN7SL5P,2.007728704651246
,11793,,-2.7255549310518195
ENSG00000105404,10567,RABAC1,2.269124807303442
ENSG00000118181,6230,RPS25,2.149887427261812
,11366,,2.743646425540017
,12206,,-2.7862782538079744
,13723,,-3.131904272590462
ENSG00000145623,9180,OSMR,2.6137326519112927
ENSG00000175538,10008,KCNE3,2.4600513522076835
ENSG00000290871,2970,GTF2IP1,2.1773622106536936
ENSG00000104549,6713,SQLE,2.3885265969869023
,9142,,-2.0623874777618725
,13472,,4.085140559379712
ENSG00000100228,9609,RAB36,-2.4410480709411995
,9602,,-2.2475399401343847
ENSG00000107014,6019,RLN2,2.349605701321447
,7824,D1S111,3.811873355726193
,8691,IDDM17,-2.5546927900583194
ENSG00000114302,5576,PRKAR2A,2.2413892312764627
ENSG00000162413,9903,KLHL21,2.747126971032735
ENSG00000132970,10810,WASF3,-3.539213976986091
ENSG00000105963,11033,ADAP1,-3.6631526303274886
ENSG00000112208,9532,BAG2,-2.4212466257935152
ENSG00000171566,5356,PLRG1,-2.2354147922910093
,11614,,2.4279024564152327
,9105,,2.33202810987221
,8096,,-2.181547798269091
,8696,,2.6959571240987104
ENSG00000100234,7078,TIMP3,-2.014391670700572
,8217,IGLJ,-2.0538144076678653
,12585,,-2.396081983818395
ENSG00000121797,9034,CCRL2,2.1523688732330264
ENSG00000149136,6749,SSRP1,2.0138980675696274
,12643,,3.4418760615508166
ENSG00000182379,11247,NXPH4,5.481909399152703
ENSG00000006607,9855,FARP2,4.407744200614312
ENSG00000014641,4190,MDH1,-2.1834154947256685
,11503,,3.384718765832283
ENSG00000106665,7461,CLIP2,-2.32529884675188
ENSG00000139218,9169,SCAF11,-2.350294181883162
,13951,,3.770467157723999
,8157,,2.4096547076042185
,8238,,2.0082270396143054
ENSG00000065613,9748,SLK,5.960592201687445
ENSG00000117143,6675,UAP1,2.0460639605563924
,11849,,3.0955790151854488
,12054,,-4.409491420263235
,14250,,5.976966546695191
ENSG00000166037,9702,CEP57,-2.2121537466722945
ENSG00000198554,11169,WDHD1,3.3837337697628254
,11661,,-4.046554232593954
,13222,,-3.4419989856945663
ENSG00000122863,9469,CHST3,-2.5311033365362388
,5712,,2.165576135234254
,14610,,3.125346392961937
ENSG00000171360,8687,KRT38,2.411037117825709
ENSG00000166783,9665,MARF1,2.407839410136969
ENSG00000010256,7384,UQCRC1,2.03967571145435
,12569,,-2.357502812784549
ENSG00000166478,7702,ZNF143,-2.235686326825548
,7836,,-2.084305371320644
ENSG00000262635,6999,TDO2,2.6654944706728187
,3901,,2.0654456898762623
,10415,SNAI1P1,-2.485244633790132
ENSG00000167757,11012,KLK11,-2.208103396261464
,14403,,3.81594218152696
ENSG00000132694,9826,ARHGEF11,-2.115074102100185
,11518,,-2.366421844367964
,11619,,-2.303725103202875
ENSG00000154556,8470,SORBS2,-2.5643909955469555
ENSG00000116815,965,CD58,2.345900494001588
,9059,,2.3926145017976843
,5722,,2.08097169974613
,13121,,-3.469772117008888
,14369,,9.9709443570271
,10986,IGAD1,2.491790789903081
,13469,,3.2514029034187977
ENSG00000129151,8424,BBOX1,-2.120724802421486
,4827,,2.154311126424566
ENSG00000105443,9266,CYTH2,-2.10260706411529
,9030,ERDA1,-2.563354110614937
ENSG00000132952,10208,USPL1,2.8070690619737344
,8953,,3.4001402188116727
,6851,,2.191454441747673
,8981,,2.938357158934493
ENSG00000109756,9693,RAPGEF2,-2.108785663297537
,9613,,2.08325686190487
,986,,3.3313701167341487
ENSG00000010932,2326,FMO1,2.0082439762148714
ENSG00000115526,9486,CHST10,-2.0903771568189966
,8640,,-2.2097695632133094
ENSG00000124564,10786,SLC17A3,3.372597335365847
,13998,,-3.162467657923491
ENSG00000242070,10830,NPM1P17,3.276455816225098
,14071,,-3.020409882688047
ENSG00000221823,5534,PPP3R1,2.1553793106105066
ENSG00000006116,10368,CACNG3,-2.3195142220398206
ENSG00000204634,11138,TBC1D8,-2.860824092891025
,13156,,-3.4475517338982886
,11969,,-2.9965567968245024
,11446,,-2.132357157817925
,14737,,-4.232783299019765
ENSG00000106803,10952,SEC61B,2.236400933258639
,9999,,-2.226409250579808
,7506,XM,-2.044670657319603
ENSG00000256525,11232,POLG2,-2.411734351873802
ENSG00000092969,7042,TGFB2,2.121671540002446
ENSG00000109814,7358,UGDH,2.478537848906817
ENSG00000112812,10279,PRSS16,-3.065382810618635
,10997,,-2.570271619048189
,12767,,-3.895661278833212
,13903,,6.658025517419297
ENSG00000127561,9143,SYNGR3,3.279623161221154
,12342,,-2.211626683517796
,14662,,3.23652170114694
,15106,,5.7639037412947625
,15059,,-4.3729014128096
,14793,,-3.513820279932529
,10378,,6.022008027009881
,14587,,9.651698574437535
ENSG00000108064,7019,TFAM,2.2352640959094185
ENSG00000168060,10004,NAALADL1,2.171723663037916
,12193,,4.867026245162242
,8957,,2.0275003396939737
,4457,,2.0642955524469007
,12734,,2.32655072420474
ENSG00000138182,9585,KIF20B,-2.105923023483178
ENSG00000079974,11158,RABL2B,-4.190156516466059
,13085,,-2.7992020338590504
ENSG00000125965,8200,GDF5,2.813261359525329
,14464,,4.317416635994317
ENSG00000135164,9988,DMTF1,-2.3987712645680297
ENSG00000060138,8531,YBX3,2.0838961521588617
,2493,,2.005015103050152
ENSG00000131023,9113,LATS1,-2.313157437292209
ENSG00000135298,577,ADGRB3,2.546517738278624
,14378,,-3.749181332031682
,14034,,5.6938915689608205
,12765,,2.8292791229694414
ENSG00000146457,9589,WTAP,-2.031616332805432
,14421,,4.142890131978427
,11488,,3.3770127978626765
,13396,,-2.8962433609535405
ENSG00000125084,7471,WNT1,2.0369771584420864
,13886,,5.67340732164809
,12655,,2.333732629073912
,11448,,4.304658360360532
,11827,,-3.867845429815652
,13265,,2.552373578161408
ENSG00000080561,11043,MID2,-2.394471227900832
ENSG00000168067,5871,MAP4K2,-2.138442585642521
ENSG00000061938,10188,TNK2,-3.0341841825503706
,11466,,-2.1852415294207272
,11689,,-2.3699714558610103
ENSG00000288141,6150,MRPL23,2.0152375056591536
ENSG00000105877,8701,DNAH11,2.139596662967219
,13068,,3.04265652534384
,12286,,-3.197306556035101
,15046,,-4.7352906951112095
,14363,,3.097522465197012
ENSG00000147475,11160,ERLIN2,-2.267527378297024
,14751,,-3.1962772434295728
ENSG00000198929,9722,NOS1AP,2.18312669130495
ENSG00000153094,10018,BCL2L11,2.1031163240111206
ENSG00000115091,10096,ACTR3,-2.227363956900652
,9347,,2.2199253121541784
ENSG00000214485,6174,RPL7P1,2.627101599650241
,14741,,-3.3775916863282136
ENSG00000065183,10885,WDR3,-2.055346586558328
,11550,,2.5044859973737394
ENSG00000179750,9582,APOBEC3B,-2.046318191944041
,14173,,-4.126386977711422
,15662,,9.291948709972452
ENSG00000165879,10023,FRAT1,3.275592155382477
,12462,,-2.260254946337324
,12441,,2.1799645358122577
,12338,,5.545190724087471
ENSG00000167315,10449,ACAA2,-2.2635234719201174
,9257,,-2.9034549791396023
ENSG00000141582,8535,CBX4,2.0384823253571973
ENSG00000100201,10521,DDX17,2.0033618203088674
,11435,,3.605629211659115
,14342,,3.536748241212695
,8135,,3.272068344448239
,15693,,4.469091591857433
,14334,,-6.524440403393174
,7896,TS13,3.449044157327479
,14355,,4.701239391927952
ENSG00000172113,10201,NME6,-2.294776752876464
ENSG00000197568,11147,ANKRD13C-DT,-2.230726816526875
,10596,,-2.3429499249750765
ENSG00000120158,10171,RCL1,2.3265471605573125
ENSG00000060491,11054,OGFR,-2.1271119561618304
,10862,,-2.036103063868769
,11909,,-2.0743219355745963
ENSG00000093167,9209,LRRFIP2,-2.1211287466819684
ENSG00000117425,8643,PTCH2,2.5454204618824336
,7500,XGY1,2.2588517133483705
,14918,,4.440722425355963
,3529,IGKV2OR22-3,3.470305744313416
,11784,,3.242425155954823
ENSG00000091428,11069,RAPGEF4,-3.120730543503665
ENSG00000166341,8642,DCHS1,2.171947723113623
,12488,,-2.029622091109544
,12215,,-2.956342299204004
,12460,,-3.501940662760693
ENSG00000142197,9980,DOP1B,2.5076687916679883
,11565,,3.5944409915538147
,13753,,-2.51527266599199
,10504,,-2.427486750585759
ENSG00000142484,9032,TM4SF5,3.438035691944054
,12904,,3.940996083575632
,8244,,2.230750891093431
,15390,,-4.365275880733897
,11453,,6.244341718563757
ENSG00000167851,11314,CD300A,-3.539448160460439
,7338,UBE3AP1,2.178826185223374
ENSG00000083290,9706,ULK2,2.020499616594702
,12442,,-3.5482590845450948
,11401,,2.8066861694666128
ENSG00000254408,8596,OR4A1P,-2.0267614452321503
,11397,,-2.0144227021833934
,12851,,4.618256489598395
,12409,,-2.4006327361268665
ENSG00000079263,11262,SP140,-2.2488263826292427
ENSG00000273611,9326,ZNHIT3,-2.0692649133648944
,13332,,-3.138131605518712
,8012,,5.424582294026435
ENSG00000176887,6664,SOX11,3.5009605849154752
,12007,,-3.154861972329243
ENSG00000100532,10668,CGRRF1,8.98103214775424
,14392,,-2.953347304313737
,15383,,-3.392205015515518
,11423,,3.0003243302117286
,11087,,-2.214502792053552
ENSG00000159210,11267,SNF8,-2.46717813221478
,15130,,-4.580491942383381
ENSG00000159164,9900,SV2A,2.218710592412489
,13061,,3.531570662414772
ENSG00000197594,5167,ENPP1,-3.2438195076732885
ENSG00000103502,10423,CDIPT,2.052749636539968
ENSG00000074370,489,ATP2A3,3.298699824919363
,14531,,3.866498871446877
,11490,,-2.68182825378181
,11474,,2.9917685381449663
ENSG00000051180,5888,RAD51,2.1288859317227105
ENSG00000075290,7479,WNT8B,2.232258916916341
ENSG00000122679,10268,RAMP3,-2.689066845026256
ENSG00000118094,11181,TREH,-2.330468675500104
,16524,,8.805651528657673
,11373,,-2.21961042738936
,5543,,2.1188206510605063
ENSG00000152795,9987,HNRNPDL,-2.6961088761268805
,11811,,4.114956567629839
ENSG00000186526,11283,CYP4F8,-2.308421039272472
ENSG00000138757,9908,G3BP2,3.551918514664313
,12924,,-2.427597150033987
ENSG00000104859,11129,CLASRP,2.00283486516564
,10547,PSORS4,-2.03749724239697
ENSG00000171885,361,AQP4,2.310805053624189
ENSG00000310190,8511,MMP23A,2.312653752952192
ENSG00000033867,9497,SLC4A7,2.0610693866560696
,14674,,3.663614983750695
,11720,,-2.015362047488643
,12076,,-2.014369749610998
,11271,,-2.5176514697829355
,11361,,-3.1088904228855188
,11998,,2.013972083568857
,10151,HNRNPA3P1,2.380331748303008
ENSG00000104131,8669,EIF3J,2.0759686705184137
ENSG00000224143,10919,EHMT2,3.055628179438002
ENSG00000100568,10490,VTI1B,7.76608532250895
,11677,,-2.465720164626286
ENSG00000120992,10434,LYPLA1,-2.188745468262104
,12202,,-2.6109848372737376
,12453,,-2.212825655506428
ENSG00000110711,9049,AIP,2.076238192691499
ENSG00000142089,10410,IFITM3,-2.3827354449629654
,12566,,-2.298758187769557
,12957,,3.483412499700709
ENSG00000116218,7827,NPHS2,2.0894490028088653
,16675,,8.595578072725258
,11758,,-2.5908159830263537
,10386,MHW1,-2.3330385679878867
,9165,,2.8005462442805755
,15223,,-4.128778016119885
,13245,,-2.8521354553824696
,12698,,8.598271786894571
,14628,,-3.31593533321202
,13809,,-3.0694964403692566
,12914,,-2.2022446016469384
,12762,,-2.716386013794624
ENSG00000196428,9819,TSC22D2,4.070652412598839
,13918,,3.016575456464002
,12343,,2.9116155132437385
ENSG00000100342,8542,APOL1,-2.023116291772846
,11445,,-2.085016043432152
ENSG00000162813,10380,BPNT1,-2.068696811332589
,13101,,-3.634769065973408
,12728,,2.687056141402668
,12397,,-2.5576293940869985
ENSG00000115266,10297,APC2,5.849372943293405
ENSG00000006016,9244,CRLF1,-2.0976268784593013
,13754,,-3.0741515713222025
,12069,,2.334373081703192
ENSG00000126351,7067,THRA,8.436504077375279
,11415,,3.409969233459133
,16800,,8.437809493487094
ENSG00000105135,10994,HACL2,-2.948658609954943
,12642,,-2.0170240672572413
,15221,,-4.589261602296078
,11884,,-2.0219976028810707
ENSG00000138135,9023,CH25H,3.081145850167498
ENSG00000100836,8106,PABPN1,2.069339561940295
,8056,,-2.9127414746056672
,15119,,7.51296660138594
,14283,,-2.813069805046055
ENSG00000293489,8418,CMAHP,2.6100606719001456
,13960,,7.496588625517605
,14755,,-2.941547802847839
,12811,,7.453476926275619
,12254,,-2.7277094099633787
,14722,,3.5843624099141844
ENSG00000128989,10776,ARPP19,7.44244221708756
,13725,,-2.94219622757938
,17232,,8.3299474986398
,14391,,-2.680484377004493
,13926,,-3.0903471998224425
,13641,,-2.3660040788185617
ENSG00000126883,8021,NUP214,2.385519050053342
ENSG00000273991,10990,LILRB5,3.060211216302449
,11461,,2.904588098037081
,13899,,3.276515594559068
,13721,,2.8175355107868123
,16512,,8.243937375952775
,16096,,-3.61189016563887
,13044,,-2.5462900177939125
,11792,,-2.44288163388738
,9460,,2.1918831092655533
,14963,,3.396697540236528
ENSG00000118596,9194,SLC16A7,-2.0101681346462823
,14842,,8.227748875738392
ENSG00000102871,8717,TRADD,-2.214876433208672
,7742,,8.207168315335597
,11374,,3.0907013355189656
ENSG00000156575,10394,PRG3,-2.2725850581849603
ENSG00000197153,8356,H3C12,2.0601461856865786
,12648,,-2.1324155213713927
,14816,,-4.965935230324752
,11526,,4.620013609889843
,12120,,2.4853443811050764
,12168,,2.7275345334611143
,14030,,3.872963560915234
,15745,,-8.156008037752486
,11479,,-2.004838108429432
,12459,,2.660777037227504
ENSG00000300109,11042,GUSBP15,-2.784802059495487
,13341,,2.6374745358007754
ENSG00000138136,10660,LBX1,-2.079990276315858
,15670,,8.13011420623229
,15128,,-3.551818057311108
,11617,,3.481471325733817
,11494,,-2.267721383220098
,11572,,-2.211680293473935
,14121,,-4.502644424002845
,12186,,-3.2151586458353547
,9983,,2.0166576489913792
,11936,,7.247680388947522
,12726,,-2.242390465554817
ENSG00000117600,9890,PLPPR4,-2.2173604095326014
,12153,,3.268802654579524
ENSG00000196090,11122,PTPRT,-2.3977528509205306
,13432,,3.724159709644191
,15180,,-3.9503991414399744
ENSG00000197217,9583,ENTPD4,-2.073947579991987
,12454,,8.08997859051392
,13855,,2.926541432312069
,11755,,2.499293027727
,13881,,8.067009277951794
,12452,,2.176754855637204
ENSG00000129214,6462,SHBG,-2.1278023196005216
,13896,,-3.202768016555821
,12378,,-2.544779353535981
ENSG00000184209,11066,SNRNP35,2.469661385283661
,12964,,7.182783908383726
,15209,,4.4846841651582965
,12526,,-2.627391115225969
,11391,,-2.390009357851808
,14456,,-4.124113786620765
,12822,,-2.8006075734905966
,12784,,-3.121332630143204
,13055,,-4.809670542081237
,14376,,-3.747269490231826
,11354,,-2.191915589196107
ENSG00000029725,9135,RABEP1,-2.2224969854789784
,13241,,3.680072707529269
,11429,,2.214019373242746
,14570,,4.51175432867171
,12017,,-2.3027574136251587
ENSG00000198589,987,LRBA,2.4945521500307866
,12639,,-2.873918227321706
,12821,,2.0075453189616628
ENSG00000135966,9392,TGFBRAP1,2.245266201058512
ENSG00000115523,10578,GNLY,2.4717100322477283
,11798,,2.114941723553455
,13613,,2.643435725284596
,15705,,7.064794022471257
,11522,,-2.058778435607436
,4387,MRX23,2.6723063071060715
,14504,,5.507766432501517
,15171,,-3.708664553436986
,12556,,3.2272257741673847
,14003,,-3.491071103143632
ENSG00000147155,10682,EBP,-2.2514065838657875
,13588,,-2.5112288073765887
,11779,,-3.1156352034114985
,11800,,-2.8764939082249144
,8901,,-3.078519658806972
ENSG00000078403,8028,MLLT10,-2.1015355180303272
,12308,,4.095781196364382
,12413,,-2.369043886931081
,13513,,-2.914896784584251
,11945,,2.09498830777748
ENSG00000138080,11117,EMILIN1,2.189426722089109
,15087,,-3.807687568548879
ENSG00000134419,6210,RPS15A,3.2947598097317754
,13844,,-2.960921759725944
,12571,,2.493166043905404
,11957,,2.1350517237846245
,8250,,2.814296857916812
,13874,,3.737378703729738
ENSG00000100890,9692,PRORP,-2.2928330199842395
,12889,,7.804153991028806
,18010,,7.750597380230846
,14968,,-3.725838473855036
ENSG00000114209,11235,PDCD10,-2.2802901265386195
,10805,,-2.7581195495354733
,12410,,-2.9698508962436616
,15850,,-7.824747943146781
ENSG00000258947,10381,TUBB3,2.8731589802340407
,15925,,4.705414929861172
,12600,,7.696413122492899
,16408,,-3.820008143619614
,13053,,-4.275619782896585
,13790,,3.0213970545479856
,15674,,-5.432140710361216
,16133,,-3.4563047189703813
,13033,,2.6106390828168653
ENSG00000170917,11162,NUDT6,4.697334410710933
,11640,,-2.555108100792521
,12367,,-2.3560273716612943
,13703,,2.2209840542717054
,13542,,4.6697398311018095
,16109,,7.641310419870931
ENSG00000171992,11346,SYNPO,7.644921816744989
,11561,,2.194107119594596
ENSG00000120699,11340,EXOSC8,-2.032885889821734
,14521,,6.793609424320582
,12487,,-2.175575537736264
,12841,,-2.3885709378311506
,12625,,7.617023398366402
ENSG00000125257,10257,ABCC4,7.614331689527154
,12407,,-2.018280128619757
ENSG00000168461,11031,RAB31,-2.071926021160588
ENSG00000293199,11191,PTENP1,2.1684242305930472
ENSG00000178307,8834,TMEM11,2.56441599011386
,13219,,-2.64102151522144
,14066,,2.043267176897026
ENSG00000134215,10451,VAV3,-2.262266902497009
ENSG00000151320,9472,AKAP6,-2.747623491400928
ENSG00000108433,9570,GOSR2,6.722542590215258
,13417,,-4.058685093719459
ENSG00000131196,4772,NFATC1,2.292885353073342
,11699,,2.0467281430705406
ENSG00000152669,10309,CCNO,2.95912012517755
,12056,,-2.373678205264575
,14018,,-2.173314429416643
,13424,,-2.491774559392926
,12291,,-2.1974607620904143
ENSG00000108309,10900,RUNDC3A,2.0262599101653045
,12743,,-2.4685676966268657
,11675,,3.155793451926084
,8206,,4.068687611092918
,11790,,4.582099164994747
ENSG00000185043,10519,CIB1,7.476707973829533
,14129,,7.476241235399574
,12856,,2.098297299665702
,11680,,-2.491595219015945
ENSG00000115840,8604,SLC25A12,7.522833006782418
,14214,,6.629809626711029
ENSG00000185787,10933,MORF4L1,-2.674112118153045
,10688,CRSP5,-2.3644266369383846
,15202,,4.000993588199002
,12424,,-2.1271757760329977
ENSG00000198721,10455,ECI2,-2.1682060224474937
ENSG00000183628,8214,DGCR6,2.054625389266095
,15607,,7.417349488927861
,12842,,-3.163288736993189
,13826,,2.593682714625192
,13312,,3.544290049679808
,12500,,3.84102127561741
,13110,,-2.8493792453322127
,13708,,-3.254722418872203
,15862,,-4.095910567616744
,13561,,3.8872396457383047
,14438,,7.38414088706799
,13047,,-2.081619373420858
,12429,,-2.0833709262413795
,12817,,-2.015024617888723
,14209,,-3.8088242974096063
,15755,,-3.11311782629934
ENSG00000198799,9860,LRIG2,2.166746767959853
ENSG00000119655,10577,NPC2,-2.1443661036576955
,13696,,2.9869729071553057
,13377,,3.049718494295383
,13866,,-2.3949518714827933
ENSG00000066294,8832,CD84,-2.075514219644356
,12982,,2.5735262084799064
,12333,,7.315260837373274
,17135,,7.320751307320346
,14892,,4.481342707463005
,14819,,-2.265304992285802
,14335,,-2.488029419440249
,15897,,-4.059816297928147
,12949,,2.18491856922488
,16258,,7.278487512712808
,15006,,2.61584723692248
,14232,,7.284016413771152
,13621,,2.3649521419803348
,18308,,7.25426678981984
ENSG00000198932,9737,GPRASP1,-2.135160174967751
,11383,,3.013571410910948
,15968,,-2.8984593210071163
,14467,,3.6330356489708655
,13657,,-2.4803759645554706
,13438,,5.122787177328465
,13584,,3.1571067443872765
ENSG00000272325,11165,NUDT3,-2.2081509839056093
,11753,,2.069520095603135
,12620,,2.446897209261877
,10338,H3P26,2.754001427613148
,13773,,3.9077255476856063
ENSG00000291479,9027,NAT8,7.185210569370948
,17554,,-7.162402675399143
,16607,,-7.250635908312388
,12532,,-3.2381634658769696
ENSG00000067177,5255,PHKA1,2.9242887748247868
,15463,,-2.5028619684376645
,14387,,7.178944445006009
,13648,,-2.108458520876376
,12850,,-2.9175583957621845
,12315,,-2.113181652385805
,13718,,-2.496145531476866
,13398,,3.1224812417918564
,12379,,-2.4838206587597766
,8084,,2.5481786333323013
,13427,,-2.185529734970064
,16636,,-4.314492322016192
,19234,,7.110883420542706
,11643,,-2.6444149323078125
,11543,,-2.8880128963717
,17794,,4.40939786675
,11979,,2.6124831211564734
,16624,,-3.0706458727227126
,12815,,-2.388907738621739
ENSG00000023734,11171,STRAP,-2.4587345418453626
,13916,,-3.472838333443652
ENSG00000170819,8419,BFSP2,2.2118306984984457
,12416,,6.259535327945071
,14637,,7.06807841432965
,14193,,2.04727692007728
ENSG00000093000,10762,NUP50,-7.000796837009485
,13818,,-2.187216750806696
,14579,,3.0779442266984027
,15526,,3.3573798203358063
,16136,,-3.684508921484178
,16698,,4.382414699694281
,11645,,-2.009413472945156
,14752,,-2.3057640928092145
,12910,,-2.0593032227604624
,15353,,-2.41366832953075
,15388,,4.906342008188538
ENSG00000156709,9131,AIFM1,3.207846726959458
,11766,,2.372858995331983
,11662,,-2.7584267243561333
ENSG00000116906,8443,GNPAT,2.8083629137650776
,14470,,6.998128837910821
ENSG00000128595,813,CALU,-2.882093763779284
,13475,,-2.609102720936964
,12832,,2.9285805271199146
,15344,,-2.591776306249273
,15743,,-2.965747853027566
,15540,,-4.788529456241362
,12944,,2.604595519478883
,12295,,2.8053435145952874
,15162,,3.490376167214099
,15550,,-3.0225685235766484
,14810,,-2.7535214755653694
,12616,,-2.430283860274137
ENSG00000123124,11059,WWP1,2.266537275009602
,12346,,-3.31801578533389
,12316,,2.3431304891681783
,11812,,2.208068154834589
,13819,,-3.400282400423736
ENSG00000100246,10126,DNAL4,-2.0983819914941995
,14338,,-2.68416879587745
,11404,,-2.262927567127195
,14900,,-2.504966588113981
,9307,,2.0416174619802243
,13274,,2.0943320832520107
,13628,,2.9666474279036485
,15951,,6.873765469902223
,14665,,3.034866523815738
ENSG00000162511,7805,LAPTM5,2.193235745914272
,18045,,6.8688014214510105
,12182,,3.2197553798074394
,12271,,2.7741158752475514
,13042,,4.296874483638504
ENSG00000101003,9837,GINS1,6.830692322750733
,13606,,-2.8282182551971173
,15718,,-2.783215153974376
,17343,,-6.839417484979036
,14585,,-2.44317196695594
,14462,,2.6093665171791693
,13199,,-2.3823061840495345
,15289,,4.782310076608537
,16680,,-6.773611701424445
,16505,,3.290319970790547
,12239,,2.38504682270379
,17851,,6.785643231279805
,9634,,2.128592486345152
,16638,,4.7617313243520565
,14236,,-4.704043346337738
,14181,,-3.554241248590201
,15498,,-3.822817733788776
,13254,,4.236698165197104
,16523,,4.759648013646743
,14743,,-5.960699967155858
,13980,,2.635498657044255
,16092,,4.73699889049615
,13565,,-2.595319689492505
,12014,,-2.34721556353586
,14257,,6.740149699988145
,11859,,6.739236746097034
,15122,,2.7647652431119303
,12373,,5.958897112102309
,14965,,3.573654003070428
,13075,,2.9040267321587536
,15759,,-3.1357395391018383
,12980,,2.7983537489128163
,15042,,-2.4133407344324547
,14210,,-2.990727294403079
,17362,,-4.626977767450851
,11961,,3.053593340668616
,13989,,-2.006296820295415
,13359,,-2.457448533269209
ENSG00000111328,8099,CDK2AP1,-2.0789786464645834
,13138,,6.683473724658924
,15918,,6.683473724658924
ENSG00000123933,10608,MXD4,2.0081852469228365
,15865,,-4.068999311010042
,16810,,-6.655445261957101
,12109,,-2.325109603841493
,15494,,3.850539343373468
,19290,,6.641417455590742
,14429,,-2.6274993781430105
,14499,,-6.57613941548319
,16874,,3.761659856764009
ENSG00000235750,9674,KIAA0040,4.085087056064133
ENSG00000227408,281,AMYP1,3.2072791316640683
,13297,,-2.7607417975391804
,10698,,2.1586540665897767
,12696,,3.5190228089224256
,17503,,3.20609814266708
,14727,,-3.723559080762208
,17932,,-6.567861521858878
,14119,,6.593642270185625
ENSG00000183309,9831,ZNF623,6.592127828941956
,14373,,6.592127828941956
,11450,,-2.911538009025349
,15077,,5.795704100105742
,12776,,-2.260846872706664
,13782,,-2.3011138529445856
,14057,,3.212351953421912
ENSG00000243244,11037,STON1,-2.239296979417496
,11475,,3.536370135300213
,11887,,-2.8039391341159754
ENSG00000174684,11041,B4GAT1,2.383424185227002
,14245,,6.57396603514773
ENSG00000158815,8822,FGF17,2.5312929111740425
,14576,,3.240979401820676
,15841,,6.5389468978665
,17431,,-6.561478228023386
,11960,,-2.096632613735695
ENSG00000149187,10658,CELF1,6.532447622140557
ENSG00000119673,10965,ACOT2,-2.479875663275907
,12235,,5.757130073334116
ENSG00000081791,9812,DELE1,3.558468432304322
,15795,,-5.795858543934336
ENSG00000184470,10587,TXNRD2,2.2040612164004267
,17302,,3.707657617399084
,19148,,6.487326401105073
,15041,,-2.9089286806633283
,13803,,-2.890899260501965
,15458,,-3.635970389732956
,12604,,-2.1635535492475486
,14225,,-2.2004108329010426
,13741,,-2.8102383354081284
,16583,,-6.419697838799276
,15876,,-6.409830900830013
,16811,,-2.8441789666073145
,13290,,2.520067483177753
,18902,,6.434159617979345
,17648,,6.432996513368246
,13544,,-2.2444183457017663
,18487,,6.433910711803866
,16995,,6.427819544217458
,16747,,-3.9036115688128703
,20239,,6.424004559979879
,17822,,-3.654223031267208
,11920,,-2.657710360233367
,14043,,-3.368375540781332
,16858,,-3.368375540781332
,14749,,4.014644701229413
,14672,,-2.3541514846498326
,16565,,3.429409119513185
,15134,,-4.420819961300531
,14111,,2.67279440895222
,11090,,2.5528751156983622
,15112,,3.712626056020444
,14526,,3.280689762672563
,17202,,4.465977676983864
,18026,,-6.281590306929836
,15809,,2.667711977930754
,16023,,-2.294978630497992
,18539,,6.3174924024305925
,14652,,3.4027167529896305
,7583,,-3.106145633270053
,13673,,-3.136622302074984
ENSG00000134644,9698,PUM1,2.031992184944391
,12427,,4.444990743658419
,13302,,-2.343511490432148
,11239,,3.647662000594589
,14955,,2.487785760138553
,14384,,-2.429777443299497
,18040,,6.254149979583757
,12902,,-2.5246307067078746
,14021,,-2.782357918841368
,14135,,-4.3500749116771615
,13410,,-2.1255930241841363
,14519,,-2.2874619340469704
,11891,,4.396908103435647
,16121,,-3.4807525530927763
,13457,,3.898175151721323
,14103,,-2.6764138821310284
,16461,,-3.382387272813173
,12150,,2.468701292047029
,20793,,6.192840970012778
,17093,,5.46215662776488
,16387,,6.185075728200133
,14195,,-4.265731395880001
,12758,,2.4152898695108647
,16575,,-2.6737404493104027
ENSG00000144136,6574,SLC20A1,-6.130593591386047
ENSG00000275932,11072,DUSP14,-2.0068211938891727
,13108,,2.531543584141919
,11853,,-2.117260681353975
,14517,,2.395660488614696
,14095,,-2.5797630336815853
,13460,,-2.064545423403674
,14479,,-2.417324625801661
,13958,,-5.383672660445401
,17007,,-4.309979001850682
,13350,,6.124842610482995
,14170,,-2.2091487436490693
,14319,,6.122010751053872
,14658,,2.4897381260501663
,13123,,-2.644439260548213
ENSG00000101935,9949,AMMECR1,4.286716286028489
,15063,,-5.33722324958944
,13086,,-2.156597993419311
,16184,,6.112306191349349
,20112,,-6.024490324984354
,15576,,-3.7236987832610633
,14222,,-2.1861531263683065
,12003,,-2.450940610166611
,12226,,2.1072706150752127
ENSG00000010626,10233,LRRC23,2.982279506559645
,13083,,-2.385486039816966
,14428,,-3.35911623317381
,13630,,-2.6159963150250847
,18210,,-3.4156968900275104
,17640,,-3.791984012009702
,19990,,6.057702308104732
,13508,,-2.221310459428434
,20881,,6.056660796317736
,13532,,5.342624313026496
,14632,,2.681043621692147
,12475,,2.358586637134297
,14791,,5.307947563917298
,17305,,2.7930723665597785
,12509,,-2.9309537022518994
,15929,,-2.216270812603208
,17445,,-2.9955369421230404
,12163,,-2.3602203291043176
,16480,,4.227618867411732
,12386,,5.985572602110109
,14530,,-2.4524577653217183
,12701,,2.3170038594866336
,13746,,5.270112946875323
,17486,,-5.900521375328082
,11523,,-2.721251200121329
,12830,,2.410868215434357
,13139,,-2.7738561577577068
,13791,,-2.092454191354084
,14682,,2.000255696703717
,15018,,2.0121307290641024
,13511,,-2.340752960138071
,20861,,5.90466163316168
ENSG00000137710,5962,RDX,2.66094720368844
,13834,,2.157235169220105
,17308,,-5.840690116341047
,11854,,-2.0873973368150454
ENSG00000171148,10474,TADA3,2.0228933875671324
,13890,,2.9661121117858573
ENSG00000133742,759,CA1,3.459310565319582
,16463,,3.227637819527016
,16702,,4.170219728651293
,12010,,2.608789813509397
,11673,,4.137129506171132
,11912,,2.214869090004395
,13177,,-2.3400426342463128
,17073,,-5.140126685876776
,16678,,-5.816605495447921
,17469,,-4.141052101714963
ENSG00000150637,10666,CD226,2.8810889532268424
,17435,,2.4269528651753065
,19019,,-5.781519070288465
,11696,,2.578888958577896
,18159,,5.921459980602745
,16219,,-3.034704310703111
ENSG00000113810,10051,SMC4,2.8821844978573363
,16996,,-4.110020986888999
,20117,,5.827830801621976
,20407,,5.827830801621976
,13650,,5.822534227597675
,21469,,5.822534227597675
,15478,,2.1992480289323657
ENSG00000004534,10180,RBM6,2.05436460183416
,16843,,-2.689630340257629
,17921,,3.356157580998666
ENSG00000140986,6123,RPL3L,2.3261111027165606
,14770,,-3.260030816443244
,18134,,-3.078289948650123
ENSG00000184445,9735,KNTC1,-2.325762358612399
,16432,,-5.08449846638921
,16616,,-2.243507252118823
,14586,,-2.4076510146084176
,12077,,-2.3649211340200145
,13027,,3.332238183638512
,14045,,-5.705500155095672
,13704,,-2.2634760563396306
,16021,,-2.9314978083915744
,16013,,-2.4865557483499
,16006,,-5.699248337918279
,12894,,3.4129783294243965
,18211,,5.78576595215915
,12891,,-2.3981659602174594
,16877,,5.745336758389411
,18770,,3.323843686555489
,19675,,5.735506834858543
,16467,,-5.739608805537689
,14017,,-2.0387187263496043
,12259,,2.4975063752115148
,12814,,5.727568477899247
,16015,,-2.1148406103065502
,16729,,-5.695205587141846
,15279,,-2.642735940038877
,14445,,-2.3411246727776325
,13705,,2.102360066918257
,17268,,2.5106119762427657
,14383,,3.603352510279113
,13168,,2.510120591149635
,19609,,-5.615750359231932
,16735,,5.658813761354573
,15485,,-2.21124483832464
,13801,,5.655623508747743
,11389,,5.023128617661912
,15815,,2.1974652795025893
,18895,,-5.555315548045476
,19447,,-5.555315548045476
,13838,,-2.745722440025558
,15943,,-4.915203710527577
,16421,,-3.207089222723533
ENSG00000179841,9495,AKAP5,4.942238956061482
,13456,,-2.2350787527356406
,14272,,3.5347287082710515
,18801,,4.939826848655066
,17124,,3.0041292581953
,3513,JCHAINP1,3.0211066299777016
,16945,,3.9678381452579896
,14414,,3.967161529490237
,17313,,-4.896439168022569
,16758,,-5.52390891645058
,18905,,-5.52390891645058
,18780,,-5.4989115859484965
,15212,,2.422917915594712
,19142,,4.914968176448602
,16465,,-5.494414227817155
,13590,,-3.4342040084674466
,15502,,-5.490101161802492
,14859,,3.946788821264216
,19875,,5.531477746912473
,15177,,-2.1526824588840667
,15794,,-2.632596678192984
,12887,,-2.767477504025688
,12905,,3.483460334551588
,20674,,-5.41073783909548
,17884,,-5.462454509755206
,17136,,-3.8136428748614097
,19112,,5.467656798074612
,20822,,5.467819212098543
,15249,,-5.415398763968945
,13002,,2.1930070197505245
,14747,,-3.1104387655624004
,16301,,4.840937509343888
ENSG00000284770,6905,TBCE,3.871708378232656
,19093,,4.863598331230235
,14279,,5.448245169014907
,15936,,5.448245169014907
,14089,,2.338023380929109
,15958,,-2.8966179095182465
,15164,,-3.786576164620793
,14645,,-3.851586119677595
,18703,,5.495018366994374
,9664,,4.813015256261654
,14852,,-2.5279050566883114
,16228,,-2.772020243184451
,12024,,2.0928000823117023
,15840,,-4.752446824723972
,14598,,2.937749999311747
,15402,,3.4324938766509403
,15144,,-2.363821770542256
,14972,,-5.315640887351293
,12527,,2.4399755673371213
,14124,,-2.04850335409718
,12022,,2.7881589858181126
,19185,,-3.7576940554646
,16200,,-2.5705330729229865
,11410,,2.101657287798117
,9357,,-2.2174947948811345
,16478,,-2.295439810163723
,16588,,4.7230982452002825
,16160,,-4.702411980564923
,12458,,-2.2258022861406843
,16245,,-5.241935828406482
,17526,,-2.495445037242339
,13442,,-2.6163954061553656
,14256,,-2.1831514757310937
,13612,,-2.907262972566416
,15826,,-4.644879280184184
,14991,,3.071892544407863
,12398,,-2.1237234171700727
,13151,,-2.123399263499384
,15262,,2.491356764574932
,15568,,-3.0770605231087447
,15196,,-2.0683175186976763
ENSG00000186442,3850,KRT3,2.490200832008833
,11950,,-2.506423366723636
,17769,,-3.7378469910748895
,17370,,-3.29445737110777
,14249,,2.2653235311213424
,22184,,5.245640746104217
,14904,,3.1438700822882635
,15757,,4.673199883757542
,12175,,-2.132459306209566
,18849,,-5.248868376370274
,11233,,3.7454285476531273
,12577,,5.226814715855541
,15580,,-2.874431648145185
,17223,,4.630616047472877
ENSG00000182134,11022,TDRKH,-2.029631067588816
,14212,,-2.280254280779225
,16492,,-4.606665487253786
,16764,,-3.2904546497313114
,14478,,-3.267844122819494
,18278,,-2.805318679398439
,11751,,3.690600153657942
,11949,,-2.143038892220164
,18484,,-3.2417107334763027
,16498,,2.368102318391198
,17472,,-3.2576357507361786
ENSG00000172059,8462,KLF11,5.127430530521245
,15258,,-2.355384696647022
,17439,,-3.285344827270773
,7926,IGLP2,4.2015759980033724
,13675,,-2.085738921661364
,17909,,-5.047507912148254
,12598,,-2.0449242366094507
,13979,,-2.255786427041414
,13490,,3.289724183775407
,13870,,-2.6529174271293514
,18008,,5.1603453612298
,14583,,-2.411060817863051
ENSG00000065609,9892,SNAP91,2.794270887399082
,15118,,-3.1754574382199583
,12371,,-4.541543800979971
,15437,,-3.275668655942209
,16285,,3.649846775399965
,14036,,5.095035587616847
,15557,,-2.732363515534502
,13063,,-2.0120783779745333
,15321,,2.290792711712273
,14251,,5.075273407105985
,22174,,5.075273407105985
,13961,,-2.181772506909699
ENSG00000019169,8685,MARCO,4.50831259121766
,16635,,-2.6304536275092727
,17904,,3.079899532962381
,14147,,-2.6344826896520974
,15823,,-2.0745672521220007
,19839,,-4.94571275963981
,15873,,-3.13256707200454
,21440,,4.999832607846556
ENSG00000011332,8193,DPF1,4.999335035861685
,16439,,-4.971348697259214
,17047,,-2.100970842924909
,21236,,-4.9328940382417255
ENSG00000149547,9538,EI24,-3.5974636543825764
ENSG00000162407,8613,PLPP3,4.98212101677148
,20263,,4.98212101677148
,21386,,4.98212101677148
,20065,,-4.975667618244777
,13096,,2.834499724378804
ENSG00000116001,7072,TIA1,2.3510010379540502
,17409,,-2.87140583122766
,13948,,-2.26950019282759
,15799,,3.170767929750644
,13751,,-2.6933383961408954
,6600,,2.935008862189026
,16579,,-2.159604192448179
,17581,,-3.4830893794951794
ENSG00000182149,9798,IST1,2.160632836391103
,18262,,-4.445135879232824
,18314,,3.570669703836008
,13295,,2.3604144457513736
ENSG00000159388,7832,BTG2,2.9265437249902466
,13384,,-2.1041214444724807
,15288,,-2.0439627516301364
,15369,,-2.542887920540991
,14450,,-2.2621877565671853
,15924,,-2.588673514210021
,14166,,4.858301620413388
,19367,,4.914329688117944
,13707,,4.858013528824383
,19264,,4.858013528824383
,14575,,-3.441043848952276
,15234,,-3.0924623353358163
,18012,,-2.332179156793671
,18087,,4.845297700111156
,3247,HPFH2,2.601059547008421
,11053,,-3.4553700144745387
,14992,,2.6209278622350425
ENSG00000074416,11343,MGLL,4.843317537953827
,16979,,3.515311016424004
,14088,,-2.458810834095326
,17818,,-3.1348893823605666
,13806,,4.344538546798431
,16274,,-4.78501180735012
,17570,,-2.571862076378194
,7912,,3.47631179480871
,16610,,-2.356624007027304
ENSG00000168386,11259,FILIP1L,3.490385164607815
,13450,,-2.228962505187732
,14304,,3.122941048080461
,14351,,-4.694913436604615
,17718,,2.581937277527793
,11958,,2.071441127414911
,18503,,-3.063755240878005
,15636,,-4.6812853394053455
,15704,,2.8343461311483944
,14274,,4.261365718951023
,13246,,2.077207534994928
,20069,,4.700016476506423
,17492,,-2.465947865523525
,16223,,3.439789428791713
,16340,,3.4382809384463653
,14252,,4.251869344992767
,21200,,4.680555483537742
,17389,,-3.355154662807313
,13127,,2.2652924680485307
,16369,,-4.657890198963356
,22326,,-4.579443507890306
,15016,,-2.441541266442324
,11530,,2.238385129825034
,14262,,-2.093792276711761
,17408,,4.634114605509754
,13548,,-2.0255388345281404
,19439,,3.033693653787693
,16931,,-2.707566310878442
,16014,,-2.967928619761309
,12299,,-2.9682324312022685
,14020,,-4.126553916960221
,16115,,4.596792121278456
ENSG00000121653,9479,MAPK8IP1,2.3801572972963885
,13932,,-2.355981097471391
,14268,,4.529845215911786
ENSG00000162736,23385,NCSTN,4.529031407063029
,18323,,-4.140032730597853
,17562,,-2.185807083282365
,16371,,-2.1836270879764434
ENSG00000278828,8357,H3C10,3.009804380588048
,7523,XS,2.4701624567935414
,15082,,-2.1380088022921595
,17034,,-4.086057528112558
,16479,,4.5118016672758126
,17054,,4.1119637685014006
,14386,,2.4189215933012784
,14912,,2.350289319663555
ENSG00000101049,10110,SGK2,4.120687827171195
,16973,,-2.0947776866405974
,19772,,-4.433509323271081
,14675,,-2.2972093063140333
,12419,,-2.48132904786398
,19595,,-4.058381522063922
,13235,,-2.1342419763614098
,16132,,-2.073790319679983
,15370,,-2.4621992814054736
,17283,,-2.640192774135957
,17798,,4.4641370729866745
,17166,,-4.084168528201094
,15726,,2.071004518057886
,16870,,2.569614645027253
,15864,,3.3010228038353606
,18666,,4.064645683279571
,16418,,-2.4612965504543687
,20491,,-4.37336864063709
,10353,,2.0640498275590256
,14511,,2.1330113518767573
,16357,,-2.0563710123307355
,15056,,-2.1110279833167374
ENSG00000168310,3660,IRF2,2.0041000178356496
,20836,,-4.343762811480997
,13652,,-2.048233284697928
,14989,,-3.2001137427713093
,13416,,2.203038277327383
,15328,,2.057228708390761
,15859,,2.1433716209033045
,19923,,4.334766767359848
,17734,,-2.175576743132085
ENSG00000130227,23039,XPO7,4.321088464754778
,16242,,-2.3322113273561844
,21400,,-4.259689138696338
,8159,,3.234976030008155
,4425,,3.9744076383594495
,16849,,-2.2428635262119205
ENSG00000171735,23261,CAMTA1,4.301812204231164
,12795,,2.082874875725477
,22750,,4.292053261038896
,14927,,2.0290707826167544
,14161,,-2.425636431275757
,16082,,2.50095969197155
,15692,,-2.4258344007650785
,16440,,-4.239328947507528
,22124,,-4.239328947507528
ENSG00000163684,11102,RPP14,-3.1249534637008263
,19060,,-4.257879041155813
,19183,,-4.257879041155813
,16689,,-3.119981135275838
,13144,,-2.115351647653762
,19270,,3.196616820649949
,13340,,3.96617437956993
ENSG00000102738,10240,MRPS31,-3.141821870543797
ENSG00000250254,10744,PTTG2,-2.0703151481833983
,16728,,2.6954482234101644
,13391,,-2.4300783513528743
,14434,,-2.5846113703263933
,16835,,-3.894069200333415
,16065,,-2.8257139323873752
,17518,,-4.174760044237089
,21813,,-4.174760044237089
,18748,,-3.123627092372483
,17967,,-2.312669029316323
,16264,,3.1594805785207214
,17643,,-3.85274935099384
,14325,,-3.064557680553553
,11639,,-2.57743975623035
,12903,,3.1110030220778864
,14898,,-2.1135272035373056
,13159,,4.109262474351281
,14731,,-3.880472011480416
,13699,,4.1011865876426
,19372,,4.1011865876426
,19326,,-4.064757208825627
,20332,,4.0950204886342165
,16237,,3.821274030209314
,15019,,-2.0228118955456007
,19013,,4.071290956883527
,14446,,-3.792411945304326
,16031,,-2.061075368082048
,15420,,2.040481234959149
,15891,,2.059226763663325
,18274,,-2.539389493345205
,11967,,2.7318206126096234
,12862,,-3.995566384568277
,14609,,2.2114775578474464
,14836,,-2.2212333536782065
,18641,,3.790788632470581
ENSG00000022840,9921,RNF10,-2.4011562707558345
,20711,,-3.719901654706439
ENSG00000160783,11243,PMF1,2.5195409946893688
,15914,,-2.469617000773811
,17759,,-3.8945471379650978
,19244,,-3.8945471379650978
,20548,,-3.8888623918821215
,12430,,-2.1071441760430027
,18455,,-3.885101371479192
,16617,,-2.281591285839909
,13523,,-3.700493777194748
,22127,,-3.849249651401925
ENSG00000181031,9501,RPH3AL,2.436945416394698
,15201,,-2.053312022108791
,13702,,-3.836336397109642
,17941,,-3.836336397109642
,18946,,-3.815393234334832
ENSG00000255261,8585,OR7E4P,2.1164763055074043
,16220,,3.833050189807929
,20783,,3.833050189807929
,16721,,-3.6457624914587
,18543,,-2.448488135934129
,21991,,-3.792837559915769
,11837,,3.8096320913515553
,18853,,3.8096320913515553
,13060,,3.082865698894273
,20014,,-3.768730947123433
,22061,,-3.768730947123433
,14104,,3.790117660589488
,16316,,3.76858553085311
,15539,,-2.1657297498853967
,17441,,-2.451372448057776
,7660,,3.649333932948118
,16606,,-2.3915179180111177
,13043,,-2.2288122097001697
,18208,,-2.8662881076494107
,14659,,-3.653341835064933
,20078,,-3.653341835064933
,20838,,-3.653341835064933
,15199,,2.3065551617667626
,18138,,-3.569159133492932
,18544,,-3.635157675980119
,19616,,-3.635157675980119
,22746,,-3.619640563471493
,14588,,-2.0996922199066628
,18117,,2.6284756604292365
,16367,,-2.0180934123269267
,17400,,-2.568504711016154
,18634,,-2.573381604235456
,17764,,-2.0132541684297007
,16856,,2.060761531954828
,20143,,-3.5652579670053943
,13739,,2.02846391512965
,16627,,2.485454447178238
,16738,,-2.342130911321324
,16938,,-3.499650864233047
,15617,,-2.3922341658213684
,18223,,-3.4926746647868807
ENSG00000136436,10241,CALCOCO2,3.511962830326225
,22268,,3.511962830326225
,13822,,-3.492774239157141
,19861,,3.5070067786759003
,20410,,3.5070067786759003
,14168,,2.3243063704980496
,17533,,3.497349167571256
ENSG00000002586,4267,CD99,-2.789953056630701
,15293,,3.483389660031543
,21441,,3.483389660031543
,21686,,3.483389660031543
,15555,,2.0389723652809457
,19431,,3.4636137520779404
,16823,,-2.020335999924713
,10433,,2.269777951853552
,15161,,-2.476401055426675
,18142,,3.4054971028257905
,12854,,-2.406598528219812
,21448,,-3.3732420879969984
,23571,,-3.3732420879969984
,21794,,-3.3671192610332947
,20757,,-3.425593313900672
,19888,,-3.342359023343446
,21532,,-3.342359023343446
ENSG00000101188,4923,NTSR1,2.231844147101884
,20690,,-3.3198348783911884
,12145,,2.769993350936621
,15741,,-2.450724906170166
,17235,,2.7764958406617133
,14784,,3.4124922758462506
,13247,,2.774751648453412
,15428,,-2.051337926369126
,20837,,-3.264201889807894
,16261,,-2.735513753027246
,18198,,-2.7243950918054938
,13357,,-2.2032965879853035
,18859,,-2.411776084986652
,18307,,-3.3318400480337105
,17344,,-3.3290104898369632
,15612,,-2.4042534212038853
,19976,,-3.1587895435380213
,14158,,2.024151568877146
,15487,,3.356222353562219
,16650,,-2.0555530535701774
,8782,MYP3,2.4651057025268543
,20244,,-3.331944871350028
,17500,,-2.4046925409135524
,19340,,-3.30483851025471
,16446,,2.4308957500144635
,15774,,3.065254646576177
,16310,,2.4299181688276
,15934,,3.058416766066629
,18490,,3.058416766066629
,22101,,3.058416766066629
,18750,,2.0075424696574937
,19276,,-2.676967598284841
,16641,,3.0421529776750447
,19335,,3.0421529776750447
,22120,,3.0421529776750447
,16116,,-2.0062200471641365
,20106,,3.021096220966438
,18719,,-2.00510917661426
,17908,,-3.015423212512348
,23459,CMD1H,-3.015423212512348
,16035,,-2.3729376030899694
,14061,,2.677290725581768
,12420,,2.666476366873803
,18714,,2.9473567284308686
,17178,,-2.618727177435698
,18412,,-3.246775708927087
,18686,,-3.241957790146891
,9930,,2.056327678839455
,17771,,-2.8869840241201143
,13169,,-2.872265669189069
,14734,,-2.872265669189069
,22396,,-2.872265669189069
ENSG00000168016,9881,TRANK1,2.0122543191296907
,16251,,2.150654590902073
,14958,,-2.06431586323349
,18619,,-3.182735161769126
ENSG00000122367,11155,LDB3,2.008183433660604
,13757,,3.1929704036782995
,16090,,-2.5681698441426453
,14653,,-2.553741119019642
,15935,,-3.149844253509196
,20475,,-3.141795991473251
,19946,,2.5998949884589955
,16998,,-3.146901952192946
,17019,,-2.14696424622974
,20622,,-3.1464952319950923
,18567,,-3.1321037185047853
,21010,,-3.1321037185047853
,16330,,-3.137352611110152
,18605,,-3.128388923615786
,14005,,2.556516685062309
,14985,,2.1663949191831104
ENSG00000170296,11337,GABARAP,-2.520827820237248
,17747,,-2.520827820237248
,18512,,-2.520827820237248
,20620,,-2.520827820237248
,21114,,-2.5078645322231545
,23006,,-2.5078645322231545
,20149,,2.1698879513681595
,16199,,-2.502206762102127
,16630,,-2.502206762102127
,21839,,2.370075671018212
ENSG00000048828,23196,FAM120A,2.370075671018212
ENSG00000233076,23564,DDAH2,2.370075671018212
,12710,,2.3531836773687584
,21316,,2.3531836773687584
,12991,,-2.451012094532276
,15522,,-2.451012094532276
ENSG00000162734,8682,PEA15,2.331356213297449
,14132,,2.331356213297449
,18587,,2.331356213297449
,16225,,-2.50012171378438
,20093,,-2.245680718060412
,13362,,2.297351252319883
,12217,,2.276092815202364
,18794,,2.276092815202364
,13020,,-2.367249329854264
,21262,,-2.367249329854264
,22603,,-2.367249329854264
,16645,,2.1160078763668286
,20193,,-3.0460295681571457
,17684,,-3.0439436322667435
,15248,,-2.468515584266992
,17688,,-2.098643820452508
,16927,,-2.466289018747011
,15650,,2.163175736606115
,15691,,-3.0223819374067133
,15866,,-2.0785554730492795
,16169,,-2.462389741933208
,19101,,-2.224684057322934
,22475,,-2.224684057322934
,12111,,2.2423394975345285
,18546,,3.0097057495974404
,20427,,2.1294899370218707
,19904,,2.099594619001275
ENSG00000177030,10522,DEAF1,2.438274738129285
,20855,,-2.9619816593390245
,11399,,-2.214995468832278
,18304,,2.2401155107281374
,18595,,-2.9249728100104786
,19173,,-2.3881130947582467
,19028,,2.057404665399336
,14137,,-2.9063522915417472
,14180,,-2.0236155981931048
,14385,,2.0205052940460213
ENSG00000100596,9517,SPTLC2,-2.8621169568089653
,19231,,-2.140871092833464
,18202,,-2.1354723797573683
,17605,,-2.324144526913237
,21836,,2.14832374451684
ENSG00000123094,11228,RASSF8,2.134979430421412
,19360,,-2.811268719293008
,14608,,2.312055004333552
,20201,,2.8001769628742985
,17227,,-2.273261074084248
,21325,,2.766598014158587
,19879,,-2.070634877170369
,12285,,2.111411744141432
,16566,,2.091555340027281
,9395,,2.0011834802520347
,15519,,2.6900484304333485
,19200,,-2.700261651870002
,18315,,-2.060157454182422
,17532,,-2.0325492188821626
,17954,,-2.680173222037966
,17137,,-2.6707128826758924
,18054,,2.002637510591728
,16629,,2.0445259687637485
,20135,,2.186935300731128
,19724,,2.595677795133027
,17224,,-2.165465647912254
,12613,,2.034801841238803
,18508,,2.56846008843384
ENSG00000115919,8942,KYNU,2.554720122224811
,19481,,2.554720122224811
,18500,,2.017480830570786
,17474,,-2.4952950062092123
,19227,,2.095370743583665
,16404,,-2.082152938204964
,3771,,-2.4573986856426084
,19632,,-2.4573986856426084
,19339,,-2.0649175221801888
,13522,,2.0797525780604573
,17357,,-2.44210091234318
,11832,,2.4298896322340315
,15895,,-2.046399026284033
,20210,,2.067661191418948
,20806,,2.4028512013380467
,17384,,2.387315737492867
,17971,,-2.3702795928644007
,14117,,-2.001201231436862
,18841,,-2.364858895674008
,18245,,-2.335248158969104
,22185,,-2.307703573514773
,17151,,-2.2792474544611703
