Ensembl_ID,Entrez_ID,Gene_Symbol,log2FoldChange
ENSG00000087086,2512,FTL,0.6150433951572911
ENSG00000132507,1984,EIF5A,-2.192717246698117
ENSG00000118971,894,CCND2,-1.6041583452260757
ENSG00000147257,2719,GPC3,-1.9174414545823937
ENSG00000161888,147841,SPC24,-2.2143785271177525
ENSG00000103175,58189,WFDC1,-2.4047220892611354
ENSG00000168036,1499,CTNNB1,-2.176958700815758
ENSG00000112972,3157,HMGCS1,-1.4896827278322593
ENSG00000099194,6319,SCD,-1.2250767272419123
ENSG00000069275,64710,NUCKS1,-1.6261979381276277
ENSG00000075624,60,ACTB,-1.2992739367432466
ENSG00000241553,10093,ARPC4,-1.3481783672864929
ENSG00000001630,1595,CYP51A1,-1.550888487127028
ENSG00000126391,83786,FRMD8,-1.7737444405850376
ENSG00000147872,123,PLIN2,0.8488255193755128
ENSG00000088832,2280,FKBP1A,-1.1532041029037077
ENSG00000146457,9589,WTAP,-1.9023972443942592
ENSG00000182718,302,ANXA2,0.7787002956627261
ENSG00000136235,10457,GPNMB,1.385620222321572
ENSG00000070831,998,CDC42,-1.0643481489192863
ENSG00000065911,10797,MTHFD2,0.866409008486496
ENSG00000198668,801,CALM1,-0.5254071412263998
ENSG00000166917,101927671,MIR202HG,-1.8432316256965724
ENSG00000124422,23326,USP22,-0.8968924257650341
ENSG00000179218,811,CALR,-1.7530592410277468
ENSG00000104763,427,ASAH1,0.7522976565247987
ENSG00000164548,29896,TRA2A,-2.0375223163835803
ENSG00000085733,2017,CTTN,-1.5793292617136137
ENSG00000089685,332,BIRC5,-1.6497954234259404
ENSG00000100216,56993,TOMM22,-1.5446825598182508
ENSG00000177733,10949,HNRNPA0,-1.4978427340560292
ENSG00000159692,1487,CTBP1,-2.0299663818963394
ENSG00000248099,3640,INSL3,-1.3532108635374966
ENSG00000092820,7430,EZR,-1.3102658067422466
ENSG00000284254,3187,HNRNPH1,-1.7496613662529166
ENSG00000216490,10437,IFI30,0.7465216987705493
ENSG00000277443,4082,MARCKS,-1.3763283493397822
ENSG00000152620,133686,NADK2,-1.6703081268648805
ENSG00000140264,10169,SERF2,0.424055730583764
ENSG00000084090,56910,STARD7,-1.14122187799545
ENSG00000169905,163590,TOR1AIP2,-1.3821579726111557
ENSG00000147155,10682,EBP,-0.8748048800362505
ENSG00000115944,9167,COX7A2L,0.4061109206055124
ENSG00000122642,11328,FKBP9,-1.5614653729588053
ENSG00000119335,6418,SET,-1.3768691036152712
ENSG00000166747,164,AP1G1,-1.5912724759212102
ENSG00000138757,9908,G3BP2,-0.8961368137778271
ENSG00000159873,150275,CCDC117,-1.6108825754764622
ENSG00000223496,118460,EXOSC6,-1.5329019889733926
ENSG00000137845,102,ADAM10,-1.2306713042782798
ENSG00000103196,83716,CRISPLD2,-1.5206761355307463
ENSG00000163155,388695,LYSMD1,-1.7059457251593928
ENSG00000158604,222068,TMED4,-1.4466730291417726
ENSG00000114251,7474,WNT5A,-1.4156297171881964
ENSG00000125952,4149,MAX,-1.5527358468513377
ENSG00000265972,10628,TXNIP,-0.8448632076460879
ENSG00000168374,378,ARF4,0.3984670386154502
ENSG00000150593,27250,PDCD4,-1.5460802268237994
ENSG00000101911,5634,PRPS2,-1.314652359154883
ENSG00000163811,23160,WDR43,-1.75035795537352
ENSG00000176871,55884,WSB2,-1.49413262937931
ENSG00000124145,6385,SDC4,-1.1349960310019374
ENSG00000144580,9125,CNOT9,-1.3269527019567184
ENSG00000141510,7157,TP53,-1.5983528809662038
ENSG00000143153,481,ATP1B1,-1.3197765048515009
ENSG00000182749,164091,PAQR7,-1.469924186473211
ENSG00000166803,9768,PCLAF,-0.6732531728174068
ENSG00000274429,9231,DLG5,-1.4114700053948956
ENSG00000144231,5433,POLR2D,-1.3176888237626716
ENSG00000153560,7342,UBP1,-2.1436499916629743
ENSG00000013297,5010,CLDN11,-1.2855452538896657
ENSG00000117519,1266,CNN3,-1.5607688374944118
ENSG00000159377,5692,PSMB4,-0.5962619282075854
ENSG00000121481,6045,RNF2,-1.7214061961707658
ENSG00000137124,219,ALDH1B1,-1.6709217996946857
ENSG00000116489,829,CAPZA1,-1.0859616458919872
ENSG00000102096,11040,PIM2,-1.6025022155891762
ENSG00000196428,9819,TSC22D2,-1.3835922258896023
ENSG00000104219,51201,ZDHHC2,-1.5433385309686316
ENSG00000172992,79877,DCAKD,-1.4345630453423637
ENSG00000137876,51187,RSL24D1,0.4384553665580117
ENSG00000117448,10327,AKR1A1,0.5627994462154503
ENSG00000132669,54453,RIN2,-1.4734145988720713
ENSG00000183077,125061,AFMID,-1.5677157102275403
ENSG00000144554,2177,FANCD2,-1.667088937506954
ENSG00000213639,5500,PPP1CB,-1.260970910607743
ENSG00000282947,3191,HNRNPL,-1.587003247206483
ENSG00000134825,746,TMEM258,0.287742638160649
ENSG00000189403,3146,HMGB1,-0.3243755712911531
ENSG00000185920,5727,PTCH1,-2.225805392364748
ENSG00000176887,6664,SOX11,-1.7099362484748193
ENSG00000180730,387914,SHISA2,-1.405610299466021
ENSG00000137090,1761,DMRT1,-1.4971502052915626
ENSG00000168924,3954,LETM1,-1.5396038470924844
ENSG00000277354,51232,CRIM1,-1.4716057608553743
ENSG00000100354,23112,TNRC6B,-1.309775774332932
ENSG00000086062,2683,B4GALT1,-1.3264328724337748
ENSG00000159461,267,AMFR,-1.692709820920686
ENSG00000148154,7357,UGCG,-1.2209692070677411
ENSG00000162063,899,CCNF,-1.8298239768645104
ENSG00000052802,6307,MSMO1,-0.6788253876250022
ENSG00000153179,283349,RASSF3,-1.7743974649743717
ENSG00000138814,5530,PPP3CA,-1.443571784089191
ENSG00000170606,3308,HSPA4,-1.3073473970493532
ENSG00000185787,10933,MORF4L1,-0.7671160471119239
ENSG00000122691,7291,TWIST1,-2.578700750023499
ENSG00000142867,8915,BCL10,-1.454225406166843
ENSG00000163931,7086,TKT,0.4828835574752435
ENSG00000291754,128239,IQGAP3,-2.230766467573219
ENSG00000161618,126133,ALDH16A1,-1.4905538080258012
ENSG00000079691,55604,CARMIL1,-1.5926602823246934
ENSG00000122694,152007,GLIPR2,-1.1046135237284316
ENSG00000155380,6566,SLC16A1,-1.3048374137874188
ENSG00000126709,2537,IFI6,-1.6865181119354156
ENSG00000103495,4150,MAZ,-1.7327413836789844
ENSG00000196417,91661,ZNF765,-1.3620415459410984
ENSG00000135916,81618,ITM2C,-1.1661681189004514
ENSG00000187446,11261,CHP1,-1.055035361098191
ENSG00000143727,52,ACP1,0.38789411219169
ENSG00000171105,3643,INSR,-1.4434687321902684
ENSG00000100097,3956,LGALS1,0.3383819701574377
ENSG00000101290,8760,CDS2,-1.0351077496469987
ENSG00000197746,5660,PSAP,0.4853281756089922
ENSG00000244509,27350,APOBEC3C,-1.1097503663213175
ENSG00000134884,55082,ARGLU1,-1.1515801769811147
ENSG00000148730,1979,EIF4EBP2,-1.124767629773564
ENSG00000054118,9967,THRAP3,-1.1073969665404044
ENSG00000172687,148203,ZNF738,-0.848034194107937
ENSG00000173905,27333,GOLIM4,-1.7280462278714364
ENSG00000274474,7531,YWHAE,-0.8515209462669073
ENSG00000170468,79697,RIOX1,-1.7901256915395267
ENSG00000273841,6880,TAF9,0.486797592917307
ENSG00000015532,64132,XYLT2,-1.9219346556444088
ENSG00000169155,23099,ZBTB43,-1.2267416567339644
ENSG00000244094,6705,SPRR2F,0.8277626071145644
ENSG00000175197,1649,DDIT3,1.0339618774716068
ENSG00000161654,124801,LSM12,-1.1181216599922568
ENSG00000165527,382,ARF6,-1.1166499895930804
ENSG00000128595,813,CALU,0.4592193455647789
ENSG00000130522,3727,JUND,-1.4958917908155125
ENSG00000112936,730,C7,0.625725662398497
ENSG00000171617,8507,ENC1,-1.1352257454903978
ENSG00000093000,10762,NUP50,-1.098828977842634
ENSG00000165934,53981,CPSF2,-0.8862945851173142
ENSG00000043093,54165,DCUN1D1,-1.1759314218099748
ENSG00000120549,56243,KIAA1217,-1.6227030009566026
ENSG00000189241,7259,TSPYL1,-1.109974112861019
ENSG00000130749,23211,ZC3H4,-1.7298798862148008
ENSG00000130066,6303,SAT1,0.3529612107866776
ENSG00000182117,55505,NOP10,0.3732592712249805
ENSG00000138670,153020,RASGEF1B,-1.5317324195825524
ENSG00000115306,6711,SPTBN1,-0.9681152757921404
ENSG00000168887,388969,C2orf68,-1.4135382964044705
ENSG00000092470,79968,WDR76,-1.4774828660584762
ENSG00000099622,1153,CIRBP,-0.7508456988537858
ENSG00000086598,10959,TMED2,-1.228245131161109
ENSG00000103707,123263,MTFMT,-1.5633060252850777
ENSG00000155660,9601,PDIA4,-1.4243629935816349
ENSG00000175220,392,ARHGAP1,-1.1134516180338614
ENSG00000159167,6781,STC1,-1.4832798519141082
ENSG00000159128,3460,IFNGR2,-1.3501287041930097
ENSG00000120805,400,ARL1,0.4414831369748674
ENSG00000115053,4691,NCL,-0.8676018843362646
ENSG00000068383,3632,INPP5A,-1.4472757014046846
ENSG00000169020,521,ATP5ME,0.3108567206514216
ENSG00000177885,2885,GRB2,-0.834171010116845
ENSG00000168778,79867,TCTN2,-1.4854592969355267
ENSG00000223775,28973,MRPS18B,0.4590655261328528
ENSG00000167034,4824,NKX3-1,-1.0686260043503824
ENSG00000198538,7576,ZNF28,-1.24670651752118
ENSG00000106144,835,CASP2,-1.1891194004585186
ENSG00000244405,2119,ETV5,-1.121082358745643
ENSG00000095015,4214,MAP3K1,-1.0281848174537496
ENSG00000101126,23394,ADNP,-1.050917891959502
ENSG00000145996,54901,CDKAL1,-1.1240609407340594
ENSG00000156869,391059,FRRS1,-1.245677217593807
ENSG00000169442,1043,CD52,1.411176597245783
ENSG00000145147,9353,SLIT2,-1.3794410924197318
ENSG00000134900,7174,TPP2,-1.355182125559823
ENSG00000168300,115294,PCMTD1,-1.1905285011388638
ENSG00000141298,85464,SSH2,-1.5242820935761832
ENSG00000154945,91369,ANKRD40,-1.3148883640547833
ENSG00000128709,3235,HOXD9,-1.4655359821041205
ENSG00000144867,58477,SRPRB,-1.0025224692069792
ENSG00000166025,154810,AMOTL1,-1.356408854296648
ENSG00000182628,348235,SKA2,-0.8883389648396546
ENSG00000124193,6431,SRSF6,-0.996415766713792
ENSG00000105426,5802,PTPRS,-1.6509953903965082
ENSG00000134318,9475,ROCK2,-1.4095012803447653
ENSG00000109475,6164,RPL34,0.2529443300031866
ENSG00000119231,205564,SENP5,-1.0714789870517585
ENSG00000213699,54978,SLC35F6,-1.0761416188606434
ENSG00000143158,25874,MPC2,-0.6103505612698745
ENSG00000182287,8905,AP1S2,-1.1125149003088284
ENSG00000198912,339448,C1orf174,-1.2167987487012928
ENSG00000169116,25849,PARM1,-1.1744744007259458
ENSG00000119711,4329,ALDH6A1,-1.0788423447408448
ENSG00000133313,55748,CNDP2,0.7025996833322317
ENSG00000172197,154141,MBOAT1,-1.5678121995972645
ENSG00000005889,7543,ZFX,-1.1958015418991272
ENSG00000147459,80005,DOCK5,-1.4341887927941506
ENSG00000213186,286827,TRIM59,-1.2042325838590804
ENSG00000145907,10146,G3BP1,-0.743679431164376
ENSG00000188612,6613,SUMO2,-0.4351307371429643
ENSG00000071575,28951,TRIB2,-0.8484157004022339
ENSG00000109654,23321,TRIM2,-0.9846778043398906
ENSG00000119048,7320,UBE2B,-0.7509536167209889
ENSG00000101132,5203,PFDN4,0.4299707788907556
ENSG00000197461,5154,PDGFA,-1.6229790846927044
ENSG00000066654,55623,THUMPD1,-1.0309275014442574
ENSG00000164466,94081,SFXN1,-1.137292567294119
ENSG00000134294,54407,SLC38A2,-0.7427471801031721
ENSG00000074657,55205,ZNF532,-1.1311569304906617
ENSG00000141568,3607,FOXK2,-1.0684132296656508
ENSG00000145431,56034,PDGFC,-1.024726918813077
ENSG00000113328,900,CCNG1,0.4295033188486186
ENSG00000119669,64207,IRF2BPL,-1.5925668489413805
ENSG00000120800,27340,UTP20,-1.3138283007055422
ENSG00000123119,64168,NECAB1,-1.1134934215336705
ENSG00000135074,8728,ADAM19,-1.7012980206920445
ENSG00000173786,1267,CNP,-1.0395395134812608
ENSG00000161281,1346,COX7A1,0.6816230515386873
ENSG00000258405,147660,ZNF578,-1.2443688566308009
ENSG00000153187,3192,HNRNPU,-0.700907085053457
ENSG00000213965,390916,NUDT19,-1.1285934762132213
ENSG00000083642,23047,PDS5B,-1.0249360333099915
ENSG00000247271,729013,ZBED5-AS1,-0.8649159183791186
ENSG00000120314,54853,WDR55,-1.3880562953001785
ENSG00000122557,64224,HERPUD2,-1.048058782392558
ENSG00000168679,9122,SLC16A4,-1.179637043340209
ENSG00000219451,222901,RPL23P8,-2.349463846524513
ENSG00000135390,517,ATP5MC2,0.2089144617360328
ENSG00000276043,29128,UHRF1,-1.582255430599822
ENSG00000270276,554313,H4C15,-1.2450706760062866
ENSG00000057019,131566,DCBLD2,-1.0388470679607973
ENSG00000084093,5978,REST,-0.7835469044239249
ENSG00000170027,7532,YWHAG,-0.8767149027191887
ENSG00000237190,91368,CDKN2AIPNL,-1.1105407908050418
ENSG00000065534,4638,MYLK,0.6307600682518752
ENSG00000164111,308,ANXA5,0.2971197105116651
ENSG00000064651,6558,SLC12A2,-1.0610053271705508
ENSG00000181744,205428,DIPK2A,-0.7117465150899545
ENSG00000156966,93010,B3GNT7,-1.2729071745755334
ENSG00000139329,4060,LUM,0.5791455633504876
ENSG00000119655,10577,NPC2,0.2385792712247838
ENSG00000158122,195827,PRXL2C,-1.2186416202884416
ENSG00000111412,79794,SPRING1,-1.0183711521593966
ENSG00000135535,8763,CD164,0.3604013644058672
ENSG00000142534,6205,RPS11,-0.6200526612876944
ENSG00000196792,29966,STRN3,-1.2993407942835873
ENSG00000005022,292,SLC25A5,0.3047275089381768
ENSG00000169689,201254,CENPX,-0.8014045306154907
ENSG00000088986,8655,DYNLL1,-0.2510373926172398
ENSG00000205403,3426,CFI,0.5031744081799036
ENSG00000204291,1306,COL15A1,-1.2182263419808643
ENSG00000117139,10765,KDM5B,0.7663628400090152
ENSG00000164300,256987,SERINC5,-0.9227925403094026
ENSG00000163191,6282,S100A11,0.519763258420838
ENSG00000129226,968,CD68,0.623078437710419
ENSG00000123416,10376,TUBA1B,-0.3018607052639555
ENSG00000011465,1634,DCN,0.2907440246884144
ENSG00000260032,647979,NORAD,-0.8352959730731191
ENSG00000182199,6472,SHMT2,0.5459165958250993
ENSG00000231925,6892,TAPBP,-0.7925359099412805
ENSG00000164985,11168,PSIP1,-1.316744320137268
ENSG00000168710,10768,AHCYL1,0.7253867409227773
ENSG00000131943,83636,C19orf12,-1.1916398982077647
ENSG00000113163,10087,CERT1,-0.9795213317885958
ENSG00000144909,114885,OSBPL11,-1.212279989030279
ENSG00000100614,5494,PPM1A,-0.8228963108934789
ENSG00000198818,113402,SFT2D1,-0.8956194214042397
ENSG00000198252,6815,STYX,-1.083059508251961
ENSG00000114473,84223,IQCG,0.4848283076221449
ENSG00000144567,79137,RETREG2,-0.9463342985755336
ENSG00000177469,284119,CAVIN1,-1.2986645257041882
ENSG00000120279,80177,MYCT1,-1.3976144145360136
ENSG00000188488,5104,SERPINA5,0.4152206125797992
ENSG00000123349,5204,PFDN5,0.2713691242392062
ENSG00000170581,6773,STAT2,-1.1607726192020016
ENSG00000105639,3718,JAK3,-0.955088420651068
ENSG00000049239,9563,H6PD,-1.1126723296371634
ENSG00000154803,201163,FLCN,-1.282412776409218
ENSG00000140718,79068,FTO,-0.8891835051939692
ENSG00000146733,5723,PSPH,-0.9709274479301674
ENSG00000163840,151636,DTX3L,-1.1709000693522058
ENSG00000125691,9349,RPL23,-0.6605858889879294
ENSG00000154328,252969,NEIL2,-1.0096849397353165
ENSG00000133256,5158,PDE6B,-1.1590256037593083
ENSG00000137960,54810,GIPC2,-1.3723971119608998
ENSG00000171451,92126,DSEL,-1.0060402732021507
ENSG00000049618,57492,ARID1B,-1.2101895584620452
ENSG00000125835,6628,SNRPB,-0.76880278501082
ENSG00000291420,71,ACTG1,0.2455064455382052
ENSG00000189079,196528,ARID2,-1.0135215512578688
ENSG00000163904,59343,SENP2,-0.8327947980813073
ENSG00000122644,10124,ARL4A,-0.8897978227679632
ENSG00000154589,23643,LY96,0.7203975630171733
ENSG00000113838,55171,TBCCD1,-1.016250082844239
ENSG00000206418,201475,RAB12,-1.2673815092111955
ENSG00000110090,1374,CPT1A,-1.3133109181843796
ENSG00000204977,10206,TRIM13,-0.7885772864245391
ENSG00000104231,79752,ZFAND1,0.5825980823381234
ENSG00000159399,3099,HK2,-1.0896956804607083
ENSG00000113712,1452,CSNK1A1,-0.7729883820438325
ENSG00000183208,390637,GDPGP1,-1.4087517237905811
ENSG00000171109,55669,MFN1,-1.217293328109289
ENSG00000137770,51496,CTDSPL2,-0.7629340593659124
ENSG00000136888,9550,ATP6V1G1,0.2216285497245471
ENSG00000162613,8880,FUBP1,-0.8090485114277313
ENSG00000149480,9219,MTA2,-1.102566679210813
ENSG00000122026,6144,RPL21,0.3860164876722111
ENSG00000175166,5708,PSMD2,0.6759789850372175
ENSG00000169925,8019,BRD3,-1.1829349273729175
ENSG00000135930,9470,EIF4E2,0.5302898755461152
ENSG00000068697,9741,LAPTM4A,0.217073516084924
ENSG00000106565,28959,TMEM176B,0.4200856177022266
ENSG00000172757,1072,CFL1,-0.7637636187188747
ENSG00000197321,6840,SVIL,-1.2253018577824173
ENSG00000215301,1654,DDX3X,-0.848823430400735
ENSG00000170542,5272,SERPINB9,-1.075637045532361
ENSG00000119772,1788,DNMT3A,-0.7864467907038519
ENSG00000198830,3151,HMGN2,-0.4584748279154497
ENSG00000147573,84675,TRIM55,0.6446260224505233
ENSG00000177954,6232,RPS27,0.2287466630621039
ENSG00000135821,2752,GLUL,0.6131890880116884
ENSG00000163466,10109,ARPC2,-0.4258620773298479
ENSG00000164692,1278,COL1A2,0.551695023708605
ENSG00000181467,5912,RAP2B,-1.019302345552168
ENSG00000117569,58155,PTBP2,-1.4020724490628234
ENSG00000109846,1410,CRYAB,0.8898960782937757
ENSG00000113811,58515,SELENOK,0.3793148725556815
ENSG00000139433,51228,GLTP,-0.9944680675173808
ENSG00000205730,162073,ITPRIPL2,-0.9011123004999668
ENSG00000163898,200879,LIPH,-1.0281156110123495
ENSG00000168385,4735,SEPTIN2,0.4002576174245594
ENSG00000214575,64506,CPEB1,-1.3782937644989124
ENSG00000198625,4194,MDM4,-1.1241991356817351
ENSG00000171848,6241,RRM2,-0.9979586657727656
ENSG00000158161,2140,EYA3,-1.0097649780885838
ENSG00000101166,51012,PRELID3B,-0.7640089771470715
ENSG00000161533,51,ACOX1,-0.9480379526532392
ENSG00000120738,1958,EGR1,-1.558435120439241
ENSG00000145241,1060,CENPC,-1.059494987371384
ENSG00000009780,199870,FAM76A,-1.008681356124069
ENSG00000265808,9554,SEC22B,-1.0888726018795056
ENSG00000123700,3759,KCNJ2,-1.2573474290014302
ENSG00000078596,9452,ITM2A,0.8122607649154974
ENSG00000102316,10916,MAGED2,0.4216734442308093
ENSG00000213463,55333,SYNJ2BP,-0.6023055109222802
ENSG00000100353,8664,EIF3D,0.3229375170396661
ENSG00000181588,399664,MEX3D,-1.615768817641391
ENSG00000113569,9631,NUP155,-0.9426986462427096
ENSG00000138698,5910,RAP1GDS1,-0.8989489977544902
ENSG00000124782,6239,RREB1,-1.3698982979393777
ENSG00000211584,55652,SLC48A1,-0.7880097023222133
ENSG00000167397,79001,VKORC1,-0.6541305445052127
ENSG00000138382,29081,METTL5,-0.5695129792089024
ENSG00000075426,2355,FOSL2,-1.2386607922883712
ENSG00000165502,6166,RPL36AL,0.2058821733436069
ENSG00000169213,5865,RAB3B,-1.4585833934981407
ENSG00000130165,84337,ELOF1,-0.8444593048719053
ENSG00000169895,94056,SYAP1,-0.7862098749707017
ENSG00000156017,138199,CARNMT1,-1.1260476407468598
ENSG00000130741,1968,EIF2S3,-0.8175436291114058
ENSG00000157020,6396,SEC13,0.3966847842293813
ENSG00000129128,60559,SPCS3,-0.6091289785561815
ENSG00000156976,1974,EIF4A2,0.2675267604019805
ENSG00000184432,9276,COPB2,0.4191351431850935
ENSG00000136802,56262,LRRC8A,-1.4548422057179744
ENSG00000130338,56995,TULP4,-0.9539353613470916
ENSG00000197894,128,ADH5,0.3501416300675695
ENSG00000197594,5167,ENPP1,-1.0524936666695668
ENSG00000152147,79833,GEMIN6,-0.4348603327479149
ENSG00000107951,55149,MTPAP,-0.7422715304070292
ENSG00000087510,7022,TFAP2C,-1.3092830686197146
ENSG00000183826,114781,BTBD9,-1.4880611693448724
ENSG00000167315,10449,ACAA2,-0.4717894725615072
ENSG00000049449,5954,RCN1,0.7207918245743117
ENSG00000183283,9802,DAZAP2,0.5314111648456856
ENSG00000112419,9749,PHACTR2,-0.73629019720098
ENSG00000152484,219333,USP12,1.3256626115914596
ENSG00000092199,3183,HNRNPC,0.2568339112078222
ENSG00000169251,51068,NMD3,0.6787011512610893
ENSG00000197265,2961,GTF2E2,1.105167092909548
ENSG00000107372,7763,ZFAND5,0.4660755434454887
ENSG00000143878,388,RHOB,-0.9129178738995724
ENSG00000114978,55233,MOB1A,-0.6413151509138317
ENSG00000162645,2634,GBP2,0.5518226778144506
ENSG00000132475,3021,H3-3B,0.2209444239576699
,,LOC102724532,-1.2120372760242666
ENSG00000147140,4841,NONO,-0.3657316055210003
ENSG00000183684,10189,ALYREF,-1.3755576427269525
ENSG00000149923,5531,PPP4C,-1.007648698190595
ENSG00000067064,3422,IDI1,-0.4802459189985707
ENSG00000158186,22808,MRAS,0.7162687574913134
ENSG00000167657,1613,DAPK3,-1.2946628876475763
ENSG00000169122,90362,FAM110B,-1.319573615161994
ENSG00000168894,51255,RNF181,0.3822655346830404
ENSG00000186469,54331,GNG2,0.5288785757816142
ENSG00000168101,84309,NUDT16L1,-1.1535106873921412
ENSG00000151247,1977,EIF4E,-0.5493682657752454
ENSG00000124762,1026,CDKN1A,1.0141147551100056
ENSG00000057608,2665,GDI2,-0.3920745284379188
ENSG00000100316,6122,RPL3,0.2200930469621907
ENSG00000187068,285382,C3orf70,-0.8752412817708509
ENSG00000144369,165215,FAM171B,-1.0971640542606889
ENSG00000158985,56990,CDC42SE2,-0.9934108916873168
ENSG00000158470,9334,B4GALT5,-0.706984336522858
ENSG00000142864,26135,SERBP1,-0.4109782976049873
ENSG00000243317,647087,STMP1,-0.5779536422013509
ENSG00000078747,83737,ITCH,-0.6925381002204982
ENSG00000196776,961,CD47,-0.7636782843213797
ENSG00000092108,23256,SCFD1,0.7122597613606596
ENSG00000130309,79709,COLGALT1,-0.8723947592974332
ENSG00000171864,23627,PRND,-0.8779469889492262
ENSG00000164938,94241,TP53INP1,-0.6693450444543303
ENSG00000185885,8519,IFITM1,0.6056011094854472
ENSG00000027697,3459,IFNGR1,-0.7731615570892152
ENSG00000149658,54915,YTHDF1,-0.8416133996021713
ENSG00000275867,284058,KANSL1,-1.0053347973373048
ENSG00000071537,6400,SEL1L,-0.8483244742066878
ENSG00000178921,5198,PFAS,-1.1196112386335093
ENSG00000173436,440574,MICOS10,-0.3608360787961161
ENSG00000205352,54458,PRR13,0.6817679747460765
ENSG00000257923,1523,CUX1,-1.0878752017127715
ENSG00000115020,200576,PIKFYVE,-1.0358796972103657
ENSG00000213625,54741,LEPROT,-0.5372165591467525
ENSG00000128524,9296,ATP6V1F,0.2651134043983437
ENSG00000092964,1808,DPYSL2,-0.5053188464478517
ENSG00000026025,7431,VIM,0.3511402826182865
,,METTL7A,-0.96373020285157
ENSG00000146143,5558,PRIM2,-0.8182560618067183
ENSG00000165029,19,ABCA1,-0.818676456731425
ENSG00000138449,30061,SLC40A1,0.4669800837236498
ENSG00000160194,4731,NDUFV3,-0.5293625959650019
ENSG00000180592,387640,SKIDA1,-1.1994718318605735
ENSG00000177889,7334,UBE2N,-0.4268716413017276
ENSG00000143222,51506,UFC1,0.2531155616504627
ENSG00000105281,6510,SLC1A5,0.9791424876977908
ENSG00000033867,9497,SLC4A7,-1.0130353288688625
ENSG00000089280,2521,FUS,-0.9120103464712782
ENSG00000163389,56983,POGLUT1,-0.7653242795556784
ENSG00000187024,138428,PTRH1,-1.302914770349776
ENSG00000072958,8907,AP1M1,-1.3022424713928624
ENSG00000166295,119504,ANAPC16,0.2747473681588647
ENSG00000291748,1281,COL3A1,0.4198487128435314
ENSG00000112149,9308,CD83,1.0825204289924786
ENSG00000196136,12,SERPINA3,0.6665998964893036
ENSG00000090863,2734,GLG1,-0.5037466079598898
ENSG00000174748,6138,RPL15,0.1988468158293429
ENSG00000128335,23780,APOL2,-1.020219806833109
ENSG00000150403,55002,TMCO3,-1.0794404764297238
ENSG00000173114,54674,LRRN3,0.6271545554815698
ENSG00000186575,4771,NF2,-0.917053032537345
ENSG00000179029,84314,TMEM107,-0.7047186558290922
ENSG00000179604,23580,CDC42EP4,-0.9045224770536991
ENSG00000206279,1616,DAXX,0.6940163718180029
ENSG00000165476,221035,REEP3,-0.7195223304531356
ENSG00000292102,1781,DYNC1I2,0.30982928973033
ENSG00000111727,29915,HCFC2,-1.265846040502253
ENSG00000274070,729438,CASTOR2,-1.0011311933922142
ENSG00000113657,1809,DPYSL3,0.8892541648977461
ENSG00000170522,79071,ELOVL6,-0.9053092004953656
ENSG00000067208,7813,EVI5,-0.8297441334470488
ENSG00000198856,58505,OSTC,0.1997967498132788
ENSG00000166483,7465,WEE1,-0.7568787074261831
ENSG00000031698,6301,SARS1,0.3379394129067869
ENSG00000173812,10209,EIF1,0.2615321672686763
ENSG00000175376,84285,EIF1AD,-0.901877941214322
ENSG00000114850,6747,SSR3,-0.4751119618059026
ENSG00000183475,140460,ASB7,-1.2112762530269452
,,TMEM159,-0.859453268223869
ENSG00000106628,5425,POLD2,-0.65836395975975
ENSG00000122863,9469,CHST3,0.7602604321991934
ENSG00000277401,7082,TJP1,-0.7505638008845595
ENSG00000196284,8464,SUPT3H,0.7815847705638405
ENSG00000118816,10983,CCNI,0.4147673398672137
ENSG00000159592,60313,GPBP1L1,-0.713953127299448
ENSG00000146192,221472,FGD2,-1.5953249961702136
ENSG00000126524,51119,SBDS,-1.2612969614423526
ENSG00000113140,6678,SPARC,0.2216362712475816
ENSG00000158796,9191,DEDD,-0.7295317318582474
ENSG00000100219,7494,XBP1,0.695252683944908
ENSG00000127903,90485,ZNF835,-1.3060270569201862
ENSG00000133048,1116,CHI3L1,1.487811333379179
ENSG00000001461,57185,NIPAL3,-0.7826941494107414
ENSG00000213190,10962,MLLT11,0.5987934201393841
ENSG00000175224,9776,ATG13,0.6172107667665441
ENSG00000099875,2872,MKNK2,-1.1003182422220483
ENSG00000185305,54622,ARL15,-0.8877616369848553
ENSG00000159479,112950,MED8,0.4881939511811072
ENSG00000141232,10140,TOB1,-0.8431197982930256
ENSG00000174197,23269,MGA,-0.940206325331933
ENSG00000166548,7084,TK2,-1.2066406234048273
ENSG00000145781,51397,COMMD10,0.5036557564647773
ENSG00000103742,57722,IGDCC4,-1.1898872945334182
ENSG00000111711,51026,GOLT1B,0.5431256412240203
ENSG00000166801,63901,FAM111A,-0.6809935274986794
ENSG00000117222,5929,RBBP5,-0.8567606749351606
ENSG00000079332,56681,SAR1A,-0.6079513143805831
ENSG00000136205,64759,TNS3,0.7879663886078689
ENSG00000101608,10627,MYL12A,0.2274527977015182
ENSG00000099785,51257,MARCHF2,-1.0763966706652712
ENSG00000147862,4781,NFIB,-0.657158174952647
ENSG00000110321,1982,EIF4G2,0.4494632810615551
ENSG00000213889,147699,PPM1N,1.1512846315224112
ENSG00000125743,6633,SNRPD2,0.2968352196461723
ENSG00000126088,7389,UROD,0.349578349939863
ENSG00000111907,7164,TPD52L1,1.0762401355557647
ENSG00000142910,64129,TINAGL1,-0.9247711378638848
ENSG00000196262,5478,PPIA,-0.3497194332326238
ENSG00000120727,51247,PAIP2,-0.5173927194031591
ENSG00000141905,4782,NFIC,-0.9499903958515772
ENSG00000161011,8878,SQSTM1,0.4917958740812472
ENSG00000122692,55234,SMU1,-0.6727791151098571
ENSG00000143437,405,ARNT,-0.8610611348970085
ENSG00000179912,22864,R3HDM2,-0.9563841354600396
ENSG00000104687,2936,GSR,-0.7798019010792163
ENSG00000167491,54815,GATAD2A,-1.21165896984682
ENSG00000167283,10632,ATP5MG,0.2309950307006709
ENSG00000168393,1841,DTYMK,-0.8503723947643819
ENSG00000264522,56957,OTUD7B,-0.9372740452176168
ENSG00000239789,51373,MRPS17,-0.5138292424926285
ENSG00000036672,9099,USP2,-1.197839415123677
ENSG00000182154,64975,MRPL41,-0.6653828108242092
ENSG00000282880,148789,B3GALNT2,-1.0667671421733236
ENSG00000247077,192111,PGAM5,-1.0251475192278037
ENSG00000130544,79230,ZNF557,-1.0738763821955124
ENSG00000162616,11080,DNAJB4,-0.5897326902376884
ENSG00000154721,58494,JAM2,-0.6626071163269323
ENSG00000013375,5238,PGM3,0.5544731552329859
ENSG00000134253,80263,TRIM45,-1.1304716168618187
ENSG00000092841,4637,MYL6,0.306070154857213
ENSG00000126457,3276,PRMT1,-0.6000894708301572
ENSG00000107443,54619,CCNJ,-1.1733172728341263
ENSG00000101493,9658,ZNF516,-1.1156330732245376
ENSG00000136943,1515,CTSV,0.2957153421142527
ENSG00000185728,253943,YTHDF3,0.6263936974171047
ENSG00000128050,10606,PAICS,-0.3805700993465887
ENSG00000101558,9218,VAPA,-0.3514392747719065
ENSG00000147604,6129,RPL7,0.2888535229753964
ENSG00000161671,284361,EMC10,-0.711074550688365
ENSG00000122218,1314,COPA,0.4593796832161874
ENSG00000139324,160418,TMTC3,-0.7680245040372327
ENSG00000104332,6422,SFRP1,0.4902146347525245
ENSG00000156531,84295,PHF6,-0.6251686659428545
ENSG00000102580,5611,DNAJC3,-0.7139050471609243
ENSG00000135069,29968,PSAT1,0.4329044296091855
ENSG00000065518,4710,NDUFB4,0.2040938705614308
ENSG00000090382,4069,LYZ,-0.980330617332357
ENSG00000163346,57326,PBXIP1,-0.9057375376852684
ENSG00000177683,168451,THAP5,-0.7998114823423124
ENSG00000198586,9874,TLK1,-0.7142819959036837
ENSG00000138767,246175,CNOT6L,-0.8342968533771404
ENSG00000120306,84418,CYSTM1,0.3715222355152675
ENSG00000110660,54733,SLC35F2,-0.9236259166883424
ENSG00000175063,11065,UBE2C,-0.7974639227277256
ENSG00000114770,10057,ABCC5,0.7962667606105451
ENSG00000136522,57129,MRPL47,-0.3816731137723217
ENSG00000136603,6498,SKIL,-0.7014305913781249
ENSG00000185246,55015,PRPF39,-1.147291922431237
ENSG00000100647,9766,SUSD6,-0.889740576448304
ENSG00000184349,1946,EFNA5,-0.960948315176816
ENSG00000108961,29098,RANGRF,0.5179631462481423
ENSG00000132406,85013,TMEM128,-0.944021441335576
ENSG00000196459,6399,TRAPPC2,-0.7508898420564426
ENSG00000143401,81611,ANP32E,-0.7895080998555667
ENSG00000165669,63877,FAM204A,-0.5235283108219722
ENSG00000261857,8190,MIA,0.4487923210923989
ENSG00000127922,7979,SEM1,0.2101165761812354
ENSG00000100591,10598,AHSA1,-0.6418838454962702
ENSG00000126070,192669,AGO3,-0.9003307554178691
ENSG00000115942,4999,ORC2,-0.8179113928867031
ENSG00000292119,80097,MZT2B,-0.6789498312770827
ENSG00000171566,5356,PLRG1,0.4817579675790807
ENSG00000144579,58190,CTDSP1,0.8505952629992459
ENSG00000165457,2350,FOLR2,0.7710902631794021
ENSG00000092020,55012,PPP2R3C,0.5409493632494101
ENSG00000162599,4774,NFIA,-0.5921061554881332
ENSG00000178974,55030,FBXO34,-1.078924474290739
ENSG00000163349,204851,HIPK1,-0.7861011956245534
ENSG00000243811,140564,APOBEC3D,-1.2960617748398169
ENSG00000132561,4147,MATN2,-0.5399510080685284
ENSG00000177565,79718,TBL1XR1,-0.5437445711069393
ENSG00000181826,768211,RELL1,-0.7621060354395057
ENSG00000171490,26156,RSL1D1,0.4527821669445251
ENSG00000267534,9294,S1PR2,-0.8341045361732278
ENSG00000117525,2152,F3,-1.1806831259270854
ENSG00000146842,84928,TMEM209,-0.7734443663719632
ENSG00000198218,54870,QRICH1,-0.8030608941794837
ENSG00000171703,6919,TCEA2,-0.8905844005380329
ENSG00000189129,219348,PLAC9,-0.9593679655060734
ENSG00000137100,11258,DCTN3,-0.5351664764854369
ENSG00000277936,84311,MRPL45,0.3748234921110586
ENSG00000176641,220441,RNF152,-1.455173082630971
ENSG00000125398,6662,SOX9,-0.5754088532538136
ENSG00000225733,100505641,FGD5-AS1,-0.6852613342119531
ENSG00000157110,11030,RBPMS,1.0695699476143286
ENSG00000122884,5033,P4HA1,-0.7224668225811295
ENSG00000143553,23557,SNAPIN,-0.5810169253780801
ENSG00000174891,51319,RSRC1,-0.8002916465346617
ENSG00000166135,55662,HIF1AN,-0.6658067414600313
ENSG00000134779,25941,TPGS2,-0.5338976521069823
ENSG00000113732,8992,ATP6V0E1,0.2365099345069653
ENSG00000162144,220002,CYB561A3,1.1891804612015655
ENSG00000138413,3417,IDH1,0.3924806859626183
ENSG00000108826,51264,MRPL27,0.3618869866083363
ENSG00000018189,22902,RUFY3,-0.7158745936728578
ENSG00000084652,200081,TXLNA,-0.5677791980508226
ENSG00000257103,26065,LSM14A,-0.5643224086572463
ENSG00000057657,639,PRDM1,-1.2372534966249022
ENSG00000140379,597,BCL2A1,1.1200560255084782
,,CBWD1,0.639614141110406
ENSG00000167900,7083,TK1,-1.323389478593992
,,C12orf66,-1.1607534151801406
,,LOC100507507,-1.152779052743127
ENSG00000115520,80219,COQ10B,-0.6926209746314363
ENSG00000169855,6091,ROBO1,-0.728982451156693
ENSG00000135446,1019,CDK4,-0.8223421551364467
ENSG00000185670,79842,ZBTB3,-1.1018992357215354
ENSG00000291408,105376805,LOC105376805,-0.7726359987841781
,,LOC101927752,-1.2071146477961732
ENSG00000079102,862,RUNX1T1,-0.6824875962142405
ENSG00000171735,23261,CAMTA1,-0.3716574649949597
ENSG00000077942,2192,FBLN1,-0.8456333345130371
ENSG00000168397,23192,ATG4B,-1.2352534759335023
ENSG00000100124,129138,ANKRD54,0.8726295485673621
ENSG00000164587,6208,RPS14,0.273056706360257
ENSG00000101182,5688,PSMA7,-0.3673983953165452
ENSG00000169738,51181,DCXR,-0.5609826338928856
ENSG00000141101,28987,NOB1,0.380118212277968
ENSG00000182685,283870,BRICD5,-0.8163687157720845
ENSG00000172270,682,BSG,-0.5815006171409367
ENSG00000038945,4481,MSR1,-1.047420596405888
ENSG00000171421,64979,MRPL36,0.3201613258619252
ENSG00000138768,8615,USO1,0.6712173504771872
ENSG00000164733,1508,CTSB,0.3384718138367072
ENSG00000135218,948,CD36,0.6283101697149889
ENSG00000130731,84326,METTL26,-0.6844030473240151
ENSG00000106034,79974,CPED1,-1.0265356540153043
ENSG00000169047,3667,IRS1,-1.1399423249563796
ENSG00000170296,11337,GABARAP,0.1807882609866276
ENSG00000100243,1727,CYB5R3,-0.9129043365535562
ENSG00000009307,7812,CSDE1,0.2920594257671796
,100499466,LINC00674,-0.9205930408366
ENSG00000104213,5157,PDGFRL,0.9986735289865292
ENSG00000136546,6332,SCN7A,-1.1299409505408362
ENSG00000172403,171024,SYNPO2,-0.706684178733014
ENSG00000128245,7533,YWHAH,-0.7458611739315617
ENSG00000213465,402,ARL2,-0.5895241615208608
ENSG00000281013,4700,NDUFA6,0.3021207156649991
ENSG00000272901,91689,SMDT1,-0.499302277609105
ENSG00000198728,8861,LDB1,-1.0793849783576668
ENSG00000129682,2258,FGF13,-0.9402261504782964
ENSG00000115875,6432,SRSF7,-0.2950663561353133
ENSG00000007080,115098,CCDC124,-0.900765310776179
ENSG00000104228,23087,TRIM35,-1.0499734960734082
ENSG00000125970,22913,RALY,-0.8851132163913793
ENSG00000109814,7358,UGDH,-0.6185457344006943
ENSG00000131100,529,ATP6V1E1,0.2910421394989314
ENSG00000020922,4361,MRE11,-0.7821388401876179
ENSG00000234741,60674,GAS5,0.211289479941191
ENSG00000141504,112483,SAT2,0.3841568533079434
ENSG00000104904,4946,OAZ1,-0.5356564677427298
ENSG00000167792,4723,NDUFV1,-0.7223769681981653
ENSG00000116754,9295,SRSF11,-0.4966243962349003
ENSG00000124610,3024,H1-1,-1.3579880934136723
ENSG00000109220,26511,CHIC2,-0.7745865621117723
ENSG00000183291,9403,SELENOF,0.2907687009966348
ENSG00000106605,644,BLVRA,0.5262890056997097
ENSG00000153944,124540,MSI2,-0.5834217850886867
ENSG00000137815,23168,RTF1,-0.470140345899824
ENSG00000205423,255919,CNEP1R1,-0.8787024508928732
ENSG00000143575,10456,HAX1,0.2307040687255422
ENSG00000169744,9079,LDB2,0.636749021202355
ENSG00000127445,5300,PIN1,-0.5460519772102264
ENSG00000197930,30001,ERO1A,-0.8040015051505018
ENSG00000265354,100287932,TIMM23,0.3435087004980134
ENSG00000134882,337867,UBAC2,-0.9785634810041092
ENSG00000139921,81542,TMX1,-0.487775756732828
ENSG00000105576,30000,TNPO2,-0.7918321928208886
ENSG00000127920,2791,GNG11,-0.3837332813352163
ENSG00000134255,10390,CEPT1,-0.6958650220885031
ENSG00000138760,950,SCARB2,0.4748623290868984
ENSG00000118785,6696,SPP1,0.6428196782857483
ENSG00000128590,4189,DNAJB9,-0.5946357080549961
ENSG00000126432,25824,PRDX5,-0.3826462766582489
ENSG00000104884,2068,ERCC2,-0.9471066678524372
ENSG00000217128,96459,FNIP1,-0.6957719304981069
ENSG00000205213,55366,LGR4,0.5965881271927483
ENSG00000171766,2628,GATM,0.3834803889125219
ENSG00000135046,301,ANXA1,0.6177517056288117
ENSG00000148153,58493,INIP,-0.6116025752289954
ENSG00000155438,84365,NIFK,-0.4359625765966401
ENSG00000105185,9141,PDCD5,-0.3469740009555557
ENSG00000139618,675,BRCA2,-1.116072766462727
ENSG00000155252,55361,PI4K2A,0.933138942797804
ENSG00000169247,79628,SH3TC2,0.8777292202298792
ENSG00000143416,8991,SELENBP1,0.6092643097587936
ENSG00000111481,22818,COPZ1,0.2059342296006956
ENSG00000275004,140883,ZNF280B,-0.5656976442490617
ENSG00000128272,468,ATF4,0.549938739404639
ENSG00000108821,1277,COL1A1,-0.7205587715566161
ENSG00000131238,5538,PPT1,0.3337170419944448
ENSG00000128191,54487,DGCR8,-1.0332493013992128
ENSG00000172243,64581,CLEC7A,-1.1159943349919594
ENSG00000105220,2821,GPI,-0.3331360697599538
ENSG00000163719,64419,MTMR14,0.9678936744511945
ENSG00000173559,64859,NABP1,-0.8384174303178485
ENSG00000166847,84516,DCTN5,0.5175293642646576
ENSG00000176826,360132,FKBP9P1,-1.326348949368724
ENSG00000164124,55314,TMEM144,-1.1108818424928355
ENSG00000158321,26053,AUTS2,-1.0472565207394686
ENSG00000247516,100505738,MIR4458HG,0.5489687081253096
ENSG00000117632,3925,STMN1,-0.1726139958478743
ENSG00000100162,79019,CENPM,-1.0618746737297404
ENSG00000130829,1852,DUSP9,-0.7403192708965968
ENSG00000108654,1655,DDX5,0.241125150807438
ENSG00000282302,10801,SEPTIN9,-0.8731538621822013
ENSG00000143621,3608,ILF2,0.3388764737635775
ENSG00000178074,205327,C2orf69,-0.7820652220911264
ENSG00000143457,55204,GOLPH3L,-0.4952439857167049
ENSG00000100934,10484,SEC23A,0.562214815030857
ENSG00000108854,64750,SMURF2,-0.717497684892465
ENSG00000154736,11096,ADAMTS5,0.7933583265737667
ENSG00000138674,22872,SEC31A,0.4310406202138416
ENSG00000159140,6651,SON,0.2928701252533738
,,LOC101927151,-0.927380622903732
ENSG00000139734,81624,DIAPH3,-1.1160898108330424
ENSG00000173262,144195,SLC2A14,0.9923911756899616
ENSG00000089041,5027,P2RX7,0.9653716250873584
ENSG00000159055,54069,MIS18A,-0.6238504136146309
ENSG00000180329,124808,CCDC43,-0.8334738334020632
ENSG00000113615,10802,SEC24A,1.0302936480803155
ENSG00000163017,72,ACTG2,0.8096800367479956
ENSG00000163322,84142,ABRAXAS1,0.4759296745020236
ENSG00000079785,1653,DDX1,0.4687828687654912
ENSG00000198015,28977,MRPL42,0.4098105182544062
ENSG00000140836,463,ZFHX3,-0.9051655366109218
ENSG00000107798,3988,LIPA,0.3656331038634183
ENSG00000143870,10130,PDIA6,-0.6543804099383927
ENSG00000119986,60370,AVPI1,0.7848083136741437
ENSG00000240849,387521,PEDS1,-0.9842668672156032
ENSG00000084444,57613,FAM234B,-0.7974744313002611
ENSG00000130119,54552,GNL3L,-0.7988435015861614
ENSG00000185215,7127,TNFAIP2,-1.1924706777856935
ENSG00000189114,388552,BLOC1S3,-0.6974588713490896
ENSG00000145604,6502,SKP2,-0.8142898871155554
ENSG00000266472,54460,MRPS21,0.2167343341558451
ENSG00000085415,81929,SEH1L,-0.5663552295765889
ENSG00000089195,51605,TRMT6,-1.0138276280406493
ENSG00000278191,833,CARS1,0.6851178666178783
ENSG00000105254,1155,TBCB,-0.4468444453747249
ENSG00000163877,79753,SNIP1,-0.9381083072842432
ENSG00000198160,57708,MIER1,-0.5881430864961167
ENSG00000198960,54470,ARMCX6,0.4898009790447038
ENSG00000204130,55680,RUFY2,-0.8680024711920843
ENSG00000105968,94239,H2AZ2,-0.4748088095890765
ENSG00000162433,205,AK4,-0.904848387118674
ENSG00000241468,9551,ATP5MF,0.2449492015921018
ENSG00000198791,29883,CNOT7,-0.4325714653770875
ENSG00000076053,10179,RBM7,0.4973024721833497
ENSG00000187109,4673,NAP1L1,-0.3453059592215231
ENSG00000117122,4237,MFAP2,-0.4532991148043524
ENSG00000120885,1191,CLU,0.3848129208263008
ENSG00000138175,403,ARL3,0.2827725773956424
ENSG00000123374,1017,CDK2,-0.8348986289384264
ENSG00000187736,79840,NHEJ1,0.5819827485791235
ENSG00000135926,64114,TMBIM1,0.7079471299414694
ENSG00000283630,2483,FRG1,0.3622483078150146
ENSG00000185896,3916,LAMP1,-0.70223274981303
ENSG00000102910,83752,LONP2,-0.619035960972792
ENSG00000141873,29985,SLC39A3,-1.0287229797338042
ENSG00000065361,2065,ERBB3,0.6291182591092979
ENSG00000166707,644353,ZCCHC18,-0.8871150219431378
ENSG00000143933,805,CALM2,0.2342833916456183
ENSG00000092531,8773,SNAP23,-0.384101193775848
ENSG00000089335,55900,ZNF302,-0.8876585563405406
ENSG00000167601,558,AXL,-0.6544528586256335
ENSG00000197102,1778,DYNC1H1,0.5821823860864385
ENSG00000137478,9873,FCHSD2,-0.906233953686697
ENSG00000168303,136647,MPLKIP,-0.6963518450598477
ENSG00000099795,4713,NDUFB7,-0.4630192573627232
ENSG00000147684,4715,NDUFB9,0.1434274976305547
ENSG00000275323,6203,RPS9,-0.6334038767637731
ENSG00000170627,121355,GTSF1,0.6021235506057595
ENSG00000163159,6944,VPS72,-1.0186552704067595
,,LOC100421372,1.0541076760054435
ENSG00000129055,25847,ANAPC13,0.2646251114385162
ENSG00000021300,58473,PLEKHB1,0.9941870179335178
ENSG00000127838,25953,PNKD,-0.3710493722105737
ENSG00000110931,10645,CAMKK2,-0.7695430630163276
ENSG00000274891,51112,TRAPPC12,1.1176236856476591
ENSG00000068745,51447,IP6K2,-0.5012530793850674
ENSG00000116774,56944,OLFML3,-0.3147810619503485
ENSG00000152234,498,ATP5F1A,0.1665112643964487
ENSG00000170802,3344,FOXN2,-0.7774753682262772
ENSG00000066697,91283,MSANTD3,-0.7375938963030373
ENSG00000139697,55206,SBNO1,-0.489865076717824
ENSG00000124831,9208,LRRFIP1,-0.7574480373085543
ENSG00000165650,118987,PDZD8,-0.875118581269613
ENSG00000181061,25994,HIGD1A,0.311607488975413
ENSG00000105514,9545,RAB3D,-0.8226177247443375
ENSG00000178980,6415,SELENOW,-0.2822066756648441
ENSG00000283510,54891,INO80D,-0.9140080285346492
ENSG00000161547,6427,SRSF2,-0.6023931663949484
ENSG00000124575,3007,H1-3,-0.8113830692565903
ENSG00000112306,6206,RPS12,-0.4821258366486718
ENSG00000198157,79366,HMGN5,-0.4997294601912924
ENSG00000126254,79171,RBM42,0.8865442670806192
ENSG00000166326,54765,TRIM44,0.5644160970899029
ENSG00000282854,55616,ASAP3,0.9180995702212426
ENSG00000138735,8654,PDE5A,-0.9005804400683975
,,PHB,-0.3040381576747374
ENSG00000183605,119559,SFXN4,0.4859911713304886
ENSG00000151923,7073,TIAL1,-0.6527058089019019
ENSG00000174059,947,CD34,-0.9609872321053694
,,FAM104A,-0.6578115000243672
ENSG00000122870,80114,BICC1,-0.8534857529639149
ENSG00000101843,5716,PSMD10,0.3477049085573607
ENSG00000154122,56172,ANKH,0.720818991741903
ENSG00000143493,25896,INTS7,0.7605807538623047
ENSG00000163584,200916,RPL22L1,-0.5012693387737991
ENSG00000085274,55892,MYNN,0.6390994028510985
ENSG00000184500,5627,PROS1,0.8812156662176407
ENSG00000186026,342909,ZNF284,-0.8810644900576076
ENSG00000267041,342892,ZNF850,-0.9119520767516504
ENSG00000090316,10296,MAEA,-0.8799116000553747
ENSG00000129538,6035,RNASE1,0.1644000982028536
ENSG00000113273,411,ARSB,-1.0291247724142742
ENSG00000214113,57128,LYRM4,-0.232369614550533
ENSG00000120253,348995,NUP43,-0.8067839365623448
ENSG00000001167,4800,NFYA,-0.9569817098144242
ENSG00000185658,54014,BRWD1,-0.5341681084749911
ENSG00000079150,51661,FKBP7,0.4301869997990485
,,C16orf91,-1.0822851350190563
ENSG00000176101,8636,SSNA1,-0.6324277752170856
ENSG00000196419,2547,XRCC6,0.2510398672113582
ENSG00000102898,10204,NUTF2,-0.3004996813501067
ENSG00000113312,7265,TTC1,0.3578343440480828
ENSG00000285070,79602,ADIPOR2,0.6690358745014015
ENSG00000118680,103910,MYL12B,0.1646721567993574
ENSG00000163382,128240,NAXE,-0.4185833586568848
ENSG00000105974,857,CAV1,-0.4041948777261228
,,FAM104B,0.4648788563084555
ENSG00000242574,3109,HLA-DMB,0.6176764285010469
ENSG00000156603,219541,MED19,-0.7871995163422457
ENSG00000102900,9688,NUP93,0.4952169532949243
ENSG00000153561,64795,RMND5A,-0.5491839013339492
ENSG00000103507,10295,BCKDK,-0.9566193080677629
ENSG00000107341,54926,UBE2R2,0.4282570124702768
ENSG00000101421,128866,CHMP4B,-0.8021570984024996
ENSG00000134686,1912,PHC2,0.7590512252012337
ENSG00000090530,55214,P3H2,0.7926041154693563
ENSG00000198715,112770,GLMP,0.3360960554439553
ENSG00000110841,8496,PPFIBP1,-0.6847153575090147
ENSG00000104549,6713,SQLE,-0.4942327843386374
ENSG00000143772,3707,ITPKB,-1.0764615579956354
ENSG00000133195,201266,SLC39A11,-0.8467885104667104
ENSG00000064886,1117,CHI3L2,1.1474883842967396
ENSG00000021574,6683,SPAST,-0.832946206724854
ENSG00000197256,25959,KANK2,0.672702215957379
ENSG00000108691,6347,CCL2,0.615413001619234
ENSG00000054116,27095,TRAPPC3,-0.5321724508160859
ENSG00000148843,22984,PDCD11,-0.8109664685972178
ENSG00000106105,2617,GARS1,0.5421638738957486
ENSG00000100644,3091,HIF1A,-1.1682902550450365
ENSG00000137727,57569,ARHGAP20,-0.8077902028857236
ENSG00000136908,8818,DPM2,-0.8317564025847508
ENSG00000163444,92703,TMEM183A,-0.9327666307716184
ENSG00000145495,10299,MARCHF6,-0.493082954786008
ENSG00000121039,157506,RDH10,-0.9416717676020904
ENSG00000067369,7158,TP53BP1,0.8516198554436242
ENSG00000135766,54583,EGLN1,0.5342440972427789
ENSG00000159210,11267,SNF8,-0.6082764480072775
ENSG00000112308,81688,C6orf62,-0.5956442024526084
ENSG00000130770,93974,ATP5IF1,-0.6028755014507515
ENSG00000165168,1536,CYBB,-0.9574163905386652
ENSG00000144320,80856,LNPK,-0.7235369446581887
ENSG00000169223,10960,LMAN2,-0.6160624351990185
ENSG00000176485,11145,PLAAT3,0.2886237347234459
ENSG00000100592,23002,DAAM1,-0.7490156432032141
ENSG00000271601,128077,LIX1L,-0.6368200806350887
ENSG00000138780,79807,GSTCD,-1.163776958193319
ENSG00000157778,84262,PSMG3,-0.6033720064096773
ENSG00000172986,727936,GXYLT2,-0.8363393173751723
ENSG00000177370,29928,TIMM22,-0.6519364881944374
ENSG00000198522,11321,GPN1,0.4954684778921152
,,ATP5MD,0.1749745659924593
ENSG00000162695,148867,SLC30A7,-0.5863942467165848
ENSG00000126756,8409,UXT,-0.4354976592232346
ENSG00000198721,10455,ECI2,0.2788861478053349
ENSG00000111371,81539,SLC38A1,0.832871537257387
ENSG00000139163,55500,ETNK1,0.4348171500637632
ENSG00000112977,1611,DAP,0.9514976479554514
ENSG00000280789,79447,PAGR1,-0.5939009158286594
ENSG00000182308,285429,DCAF4L1,-0.878394167386631
ENSG00000243927,64968,MRPS6,-0.5279081864153978
ENSG00000104427,51101,ZC2HC1A,-0.6104502956108873
ENSG00000151725,79682,CENPU,-0.9909982385819742
,64595,TTTY15,-0.5066077695708266
ENSG00000165678,27069,GHITM,0.2326797169201393
ENSG00000131558,60412,EXOC4,0.4959458366159235
ENSG00000141867,23476,BRD4,-0.7128296597094007
ENSG00000184076,29796,UQCR10,0.2559881162854762
ENSG00000014914,10903,MTMR11,-0.8214551395384808
ENSG00000164219,5229,PGGT1B,-0.6603279883132578
ENSG00000134243,6272,SORT1,0.7054527737892923
ENSG00000264364,140735,DYNLL2,-0.7581877348041149
ENSG00000120265,5110,PCMT1,-0.333252805008709
ENSG00000111679,5777,PTPN6,0.6970001166522828
ENSG00000134308,10971,YWHAQ,0.3157735798901243
ENSG00000177570,401474,SAMD12,-1.0811772032148914
ENSG00000115414,2335,FN1,0.7124668260356881
ENSG00000144746,10550,ARL6IP5,0.2825140619001634
ENSG00000162595,9077,DIRAS3,0.4816552496761906
ENSG00000116044,4780,NFE2L2,0.3749473036973413
ENSG00000109089,30850,CDR2L,-0.9032463849161526
ENSG00000133318,10313,RTN3,-0.4596137402490842
ENSG00000065427,3735,KARS1,0.3059119934217005
ENSG00000166394,51700,CYB5R2,0.5057498495742548
ENSG00000074800,2023,ENO1,0.1725388121979022
ENSG00000137133,84681,HINT2,-0.6219054669975459
ENSG00000148110,84641,MFSD14B,-0.6909750320709185
ENSG00000167770,55611,OTUB1,0.2880947493759606
ENSG00000221983,7311,UBA52,-0.2988809953793125
ENSG00000153201,5903,RANBP2,0.6253186009704397
ENSG00000163923,116832,RPL39L,-0.8446258804569279
ENSG00000182054,3418,IDH2,-0.9716025363824412
ENSG00000117505,1810,DR1,-0.5582700451797157
ENSG00000197858,8733,GPAA1,-0.7700042516360448
ENSG00000189159,51155,JPT1,-0.4442153057993383
ENSG00000168092,5049,PAFAH1B2,-0.5273325861125215
ENSG00000186468,6228,RPS23,-0.3594942499789633
ENSG00000184990,10572,SIVA1,-0.4807175561645232
ENSG00000174740,140886,PABPC5,-0.9420916994374828
ENSG00000146674,3486,IGFBP3,0.9446141511292354
ENSG00000100347,25813,SAMM50,0.3507791401016598
ENSG00000126247,826,CAPNS1,-0.4296029250158023
ENSG00000173801,3728,JUP,0.7806663420307212
ENSG00000106245,8896,BUD31,0.2955688206668506
ENSG00000118292,79630,C1orf54,-0.3595116421859258
ENSG00000196693,7582,ZNF33B,0.4659816774000632
ENSG00000176393,6051,RNPEP,0.6126808120989723
ENSG00000115268,6209,RPS15,-0.305723958780067
ENSG00000166681,27018,BEX3,-0.258670953192311
ENSG00000087077,7205,TRIP6,0.9408211058332788
ENSG00000180398,90411,MCFD2,0.3718444111021935
ENSG00000116406,80267,EDEM3,-0.6970617401263117
ENSG00000148175,2040,STOM,-0.4385099906806884
ENSG00000151552,5860,QDPR,-0.5450767014292612
ENSG00000108179,10105,PPIF,0.4733974269189409
ENSG00000112081,6428,SRSF3,-0.1793861440133567
ENSG00000161513,2232,FDXR,-0.6119998309298669
ENSG00000123144,79002,TRIR,-0.7117276369144278
ENSG00000162065,57465,TBC1D24,-0.965859888315332
ENSG00000164924,7534,YWHAZ,-0.2127152379603875
ENSG00000144597,85403,EAF1,-0.8410973253404703
ENSG00000177732,6666,SOX12,-0.8848228901681374
ENSG00000117020,10000,AKT3,0.7461775129014859
ENSG00000126777,3895,KTN1,0.4710998962535348
,644068,RPS14P3,0.5768487158744267
ENSG00000163510,57703,CWC22,0.5995548193417357
ENSG00000197050,147923,ZNF420,0.7592634539111173
ENSG00000067533,51018,RRP15,-0.540577957484232
ENSG00000205758,9946,CRYZL1,0.5870511696393717
ENSG00000204682,399726,MIR1915HG,-0.87515487666835
ENSG00000148572,29982,NRBF2,0.4789074619617788
ENSG00000110107,27339,PRPF19,-0.8783896321524894
ENSG00000137161,10695,CNPY3,-0.6291266955088002
ENSG00000148606,11128,POLR3A,0.7868728449602348
,,FAM172A,-0.7655913710371844
ENSG00000151632,1646,AKR1C2,0.7425779858620106
ENSG00000196510,51434,ANAPC7,-0.6421056916105696
ENSG00000133874,79845,RNF122,-1.0557236767601916
ENSG00000132780,4678,NASP,-0.4446554101951236
ENSG00000005483,55904,KMT2E,-0.5704411627863243
ENSG00000100804,5693,PSMB5,0.1411030514829266
ENSG00000155366,389,RHOC,-0.4832740533286979
ENSG00000159228,873,CBR1,-0.580179632298113
ENSG00000249115,23354,HAUS5,-1.166433969161046
ENSG00000084710,22979,EFR3B,1.0110680161996497
ENSG00000150867,5305,PIP4K2A,-0.8034157625532158
ENSG00000105197,92609,TIMM50,-0.4972881968370701
ENSG00000129244,482,ATP1B2,-1.0431874092779831
ENSG00000026297,8635,RNASET2,-0.8940692168130522
ENSG00000011009,11313,LYPLA2,-0.9028663044657848
ENSG00000136156,9445,ITM2B,0.3230823103660079
ENSG00000131469,6155,RPL27,-0.2972944407225584
ENSG00000150459,10284,SAP18,0.2211800727483801
ENSG00000179163,2517,FUCA1,0.5226338537936407
ENSG00000109381,1998,ELF2,-0.6105663441734215
ENSG00000261150,83481,EPPK1,-1.1831920687137645
ENSG00000288213,348262,MCRIP1,-0.7140515180272017
ENSG00000138326,6229,RPS24,-0.3726030802412866
ENSG00000260260,100507303,SNHG19,-0.6790677793081754
ENSG00000168234,125488,TTC39C,-0.6659430065638846
ENSG00000047365,116984,ARAP2,-0.5056363578777653
ENSG00000044115,1495,CTNNA1,0.3473513539167946
ENSG00000106355,23658,LSM5,-0.1953903447583717
ENSG00000130332,51690,LSM7,-0.4214688860452502
ENSG00000177600,6181,RPLP2,-0.4806900536757829
ENSG00000149084,51144,HSD17B12,-0.4933086133119422
ENSG00000197756,6168,RPL37A,-0.3677876527325096
ENSG00000023041,64429,ZDHHC6,0.7440946069795867
ENSG00000080822,56650,CLDND1,0.3787152649806787
ENSG00000244038,1650,DDOST,0.2830531273611469
ENSG00000120708,7045,TGFBI,0.4617132822005054
ENSG00000254911,619383,SCARNA9,-1.3297556589063828
ENSG00000151893,143384,CACUL1,-0.5044182900573655
ENSG00000172663,80194,TMEM134,-0.5105349430839622
ENSG00000161204,55324,ABCF3,0.5676840878636744
ENSG00000162496,9249,DHRS3,-0.5387007348501576
ENSG00000125037,55831,EMC3,0.2762331909103815
ENSG00000168264,359948,IRF2BP2,-0.4645309348162544
ENSG00000096063,6732,SRPK1,-0.4289668870777503
ENSG00000283777,821,CANX,0.3021491476192054
ENSG00000153147,8467,SMARCA5,-0.4605002258405375
ENSG00000104756,54793,KCTD9,-0.6140448489214151
ENSG00000151014,25819,NOCT,-1.1410968493841918
ENSG00000135540,57224,NHSL1,-0.9768639650991372
ENSG00000104938,10332,CLEC4M,0.3491352304788775
ENSG00000152556,5213,PFKM,0.3735017223722398
ENSG00000172809,6169,RPL38,-0.3636020621055831
ENSG00000101109,6789,STK4,-0.5989872308551154
ENSG00000105341,55101,DMAC2,-0.6399693769430702
ENSG00000187091,5333,PLCD1,-0.6182180913373712
,,C19orf48,-0.632487863755363
ENSG00000141349,92579,G6PC3,-0.6608709365167841
ENSG00000166352,119710,IFTAP,0.2891436480714209
ENSG00000173598,11163,NUDT4,-0.9629498965672774
ENSG00000170558,1000,CDH2,-0.5173111849905192
ENSG00000114030,3836,KPNA1,-0.6072376997424386
ENSG00000112110,29074,MRPL18,0.2515720932656707
ENSG00000103363,6923,ELOB,0.2259151054421324
ENSG00000079462,5050,PAFAH1B3,-0.4875975606313007
ENSG00000137142,347252,IGFBPL1,-0.8287096732138486
ENSG00000000971,3075,CFH,0.6977195021466421
ENSG00000108960,23531,MMD,-0.6514051263034675
ENSG00000091732,51530,ZC3HC1,0.4462132731160339
ENSG00000134824,9415,FADS2,-0.7361982613136604
ENSG00000002834,3927,LASP1,0.5057703727402996
ENSG00000067445,7216,TRO,0.728154146390454
ENSG00000273562,4676,NAP1L4,-0.4906013473372046
ENSG00000168701,29100,TMEM208,0.2266941679676047
ENSG00000139116,55605,KIF21A,-0.5001488028499463
ENSG00000112759,2030,SLC29A1,-0.8458672066845822
ENSG00000145592,6167,RPL37,-0.4384018810450875
ENSG00000186283,64222,TOR3A,0.7538200840163055
ENSG00000139083,2120,ETV6,-0.9274492407520304
ENSG00000156515,3098,HK1,-0.7103769073455533
ENSG00000188690,7390,UROS,-0.7292356997975997
ENSG00000219200,440400,RNASEK,-0.5191865186629987
ENSG00000171466,54811,ZNF562,-0.6879939471021062
ENSG00000291362,65265,C8orf33,-0.4967838324641564
ENSG00000160961,84449,ZNF333,-0.8455718858145307
ENSG00000163359,1293,COL6A3,0.8049851243712738
ENSG00000143442,23126,POGZ,-0.6103089773703754
ENSG00000122406,6125,RPL5,-0.3998699712106247
ENSG00000228623,169834,ZNF883,-0.9258296395337852
ENSG00000066583,51015,ISOC1,-0.574717855976259
ENSG00000113851,51185,CRBN,0.3693799600536228
ENSG00000164081,51368,TEX264,-0.6672322968817752
ENSG00000011304,5725,PTBP1,-0.6238290588186798
ENSG00000284792,5728,PTEN,-0.5283646454860983
ENSG00000108107,6158,RPL28,-0.4067072210562741
ENSG00000147130,9203,ZMYM3,0.694619722994134
ENSG00000110367,1656,DDX6,-0.4432685643505518
ENSG00000172273,25988,HINFP,0.6999642773965408
ENSG00000008018,5689,PSMB1,0.1334298692526748
ENSG00000172922,84153,RNASEH2C,-0.556973040628408
ENSG00000036257,8452,CUL3,0.6071018156267541
ENSG00000175768,401505,TOMM5,0.2239095310027569
ENSG00000130255,25873,RPL36,0.1114802773350321
ENSG00000117450,5052,PRDX1,-0.2786097909549695
ENSG00000166503,50810,HDGFL3,-0.4984164607426187
ENSG00000089220,5037,PEBP1,-0.5905811922847521
ENSG00000181163,4869,NPM1,0.1472287252257486
ENSG00000125354,23157,SEPTIN6,0.3401116828418632
ENSG00000169682,83985,SPNS1,-0.8481567382616074
ENSG00000100422,64781,CERK,0.6761738339116227
ENSG00000112667,10591,DNPH1,-0.4331002250253026
ENSG00000173706,57493,HEG1,0.9002585866739883
ENSG00000254986,10072,DPP3,-0.6710290816937222
ENSG00000182774,6218,RPS17,-0.3366973900449948
ENSG00000163131,1520,CTSS,0.425795122248137
ENSG00000233076,23564,DDAH2,-0.6165609511162794
ENSG00000126787,9787,DLGAP5,-0.6892248999287448
,,PIFO,0.5829682791052009
ENSG00000126749,10436,EMG1,0.2933571841063926
ENSG00000133816,9645,MICAL2,0.6048148421450081
ENSG00000283425,101929983,PRAMEF27,-0.8082091105504896
ENSG00000154518,518,ATP5MC3,-0.2433941115585972
ENSG00000205336,9289,ADGRG1,0.6346110123530387
ENSG00000203724,388722,C1orf53,-0.6277824556673819
ENSG00000061676,10787,NCKAP1,0.3877874479762768
ENSG00000151135,90488,TMEM263,-0.5635787220123019
ENSG00000213593,51075,TMX2,0.2749683513642399
ENSG00000140332,7090,TLE3,-0.9514311076011536
ENSG00000198833,51465,UBE2J1,0.6109261990004191
ENSG00000119878,9419,CRIPT,-0.4187898678034476
ENSG00000101337,9777,TM9SF4,0.5205453368927294
ENSG00000137364,7172,TPMT,0.5787600462319298
ENSG00000143033,22823,MTF2,-0.4356749849807853
ENSG00000115641,2274,FHL2,0.4270176583643542
ENSG00000114861,27086,FOXP1,-0.5823445907795672
ENSG00000008282,6856,SYPL1,0.2392071436843874
ENSG00000100442,2287,FKBP3,-0.5205979432112737
ENSG00000118507,9465,AKAP7,0.7702709028920729
ENSG00000135048,23670,CEMIP2,-0.5858118917929785
ENSG00000116704,23169,SLC35D1,-0.6792344333398985
ENSG00000232112,51372,TMA7,0.1668806913196317
ENSG00000140350,8125,ANP32A,-0.5486639465206343
ENSG00000136731,56886,UGGT1,-0.7192056019130744
ENSG00000167863,10476,ATP5PD,0.1817009012678034
ENSG00000171202,84233,TMEM126A,0.331104151448185
ENSG00000140553,55898,UNC45A,0.7455063613573144
ENSG00000186501,84065,TMEM222,0.7314697193214114
ENSG00000164405,27089,UQCRQ,0.2075238497929042
ENSG00000042493,822,CAPG,0.5300152707269381
ENSG00000117748,6118,RPA2,0.2515600100485896
ENSG00000168610,6774,STAT3,0.4848940286221835
ENSG00000146386,58527,ABRACL,0.1893110998079638
ENSG00000230989,3281,HSBP1,0.2269107185554264
ENSG00000111775,1337,COX6A1,0.1494897539033164
ENSG00000110651,975,CD81,-0.4864102864088419
ENSG00000166734,113201,GOLM2,0.4729379690989752
ENSG00000176986,9632,SEC24C,0.5364772044604919
,641638,SNHG6,-0.4884957332452986
ENSG00000198925,79065,ATG9A,-0.6110440248022905
ENSG00000198121,1902,LPAR1,0.6808146648571266
ENSG00000081320,9262,STK17B,-0.7706813203907988
ENSG00000012061,2067,ERCC1,-0.4900575935762135
ENSG00000275700,26574,AATF,0.7455179105329384
ENSG00000143793,79169,C1orf35,-0.8379909112240204
ENSG00000197061,8364,H4C3,-0.3637311179803251
ENSG00000104979,28974,C19orf53,0.1501357818110708
ENSG00000095139,372,ARCN1,0.4549207018907406
ENSG00000123094,11228,RASSF8,0.7547629468449171
ENSG00000160752,2224,FDPS,-0.3067621797326633
ENSG00000100902,5687,PSMA6,0.1508598232508162
ENSG00000173193,54625,PARP14,-0.6870652542540269
ENSG00000182985,23705,CADM1,-0.3679123495198231
ENSG00000291480,51002,TPRKB,0.2216606453063835
ENSG00000083807,10998,SLC27A5,0.4898088042631195
ENSG00000285246,4738,NEDD8,0.2053712521055185
ENSG00000173113,51504,TRMT112,0.1306330958991358
ENSG00000163785,6259,RYK,0.7981538653836528
ENSG00000110852,9976,CLEC2B,0.7247576285442282
ENSG00000169018,10116,FEM1B,0.4124719248521714
ENSG00000075618,6624,FSCN1,-0.6777552583477692
ENSG00000105983,64327,LMBR1,-0.4795139222971981
ENSG00000090621,8761,PABPC4,0.5852099163022746
ENSG00000080371,23011,RAB21,-0.5107630410999737
ENSG00000156482,6156,RPL30,-0.3781382100791052
ENSG00000152291,10618,TGOLN2,0.6035062829583137
ENSG00000006042,26022,TMEM98,-0.2395445216426421
ENSG00000112200,26036,ZNF451,-0.4985079464401864
ENSG00000198937,154467,CCDC167,0.2783631689308083
ENSG00000181610,51649,MRPS23,0.2632609264217913
ENSG00000185088,51065,RPS27L,0.1767014388973618
ENSG00000145912,55651,NHP2,-0.3424551497095877
ENSG00000116586,28956,LAMTOR2,0.2721164476292004
ENSG00000167986,1642,DDB1,0.3327261179335933
ENSG00000134755,1824,DSC2,-0.5821734215095192
ENSG00000164366,133957,CCDC127,0.4039256182931283
ENSG00000147162,8473,OGT,-0.4448004782149304
ENSG00000152700,51128,SAR1B,0.3334467259702877
ENSG00000172379,9915,ARNT2,0.5808277564726235
ENSG00000172292,253782,CERS6,0.8906094170617733
ENSG00000241839,80301,PLEKHO2,0.8066991564038215
ENSG00000105372,6223,RPS19,0.1037143169086429
ENSG00000118689,2309,FOXO3,0.3923902614223964
ENSG00000204370,6392,SDHD,0.3372635145440208
ENSG00000134153,56851,EMC7,-0.3659264583345308
ENSG00000143314,79590,MRPL24,0.2912984244385223
ENSG00000150961,9871,SEC24D,0.6366358636135605
ENSG00000185950,8660,IRS2,0.7346333736415384
ENSG00000100345,4627,MYH9,-0.4610025962880777
ENSG00000145439,84869,CBR4,-0.4641993194882967
ENSG00000176024,79898,ZNF613,0.8316982474442054
ENSG00000182504,79598,CEP97,-0.7859892412072911
ENSG00000138061,1545,CYP1B1,0.3741967235003642
ENSG00000035403,7414,VCL,0.3362966957367848
ENSG00000164168,55751,TMEM184C,-0.5097301347617809
ENSG00000120915,2053,EPHX2,-0.8226458705167383
ENSG00000104472,54108,CHRAC1,-0.6201862615517505
ENSG00000288516,5566,PRKACA,-1.4241898705362708
ENSG00000125730,718,C3,1.200200428177721
ENSG00000120063,10672,GNA13,0.4505021637974635
ENSG00000116679,10625,IVNS1ABP,0.3632244974524454
ENSG00000148943,55327,LIN7C,-0.5295316769130551
ENSG00000186918,55893,ZNF395,0.661883360130883
ENSG00000181026,64782,AEN,-0.6396122356002765
ENSG00000180543,85453,TSPYL5,-0.5663724283789757
ENSG00000087245,4313,MMP2,-0.491226453133508
ENSG00000245648,101928100,KLRK1-AS1,0.2462231402203091
ENSG00000163399,476,ATP1A1,0.3292445503284033
ENSG00000010278,928,CD9,0.2422411181734406
ENSG00000154582,6921,ELOC,-0.2316733092078978
ENSG00000124299,5184,PEPD,-0.6847478033776353
ENSG00000169189,197370,NSMCE1,0.2218117126988147
ENSG00000143321,3068,HDGF,-0.7347061440208141
ENSG00000139644,7009,TMBIM6,0.160882631307537
ENSG00000107929,23185,LARP4B,-0.5004622199931423
ENSG00000274296,26063,DECR2,-0.9812002570131748
ENSG00000156030,91748,MIDEAS,-0.6826643709501159
ENSG00000179454,54813,KLHL28,-0.5762272144933176
ENSG00000141376,54828,BCAS3,-0.8899428303254653
ENSG00000129003,54832,VPS13C,-0.6175543720089149
ENSG00000143067,90874,ZNF697,-0.7522626486247871
ENSG00000198301,55153,SDAD1,-0.4308709500338586
ENSG00000171302,124583,CANT1,-0.7573409417415659
ENSG00000117906,5955,RCN2,0.4814475749237474
ENSG00000125991,51614,ERGIC3,0.1250341427835992
ENSG00000134440,4677,NARS1,0.3080009004811375
ENSG00000117395,10969,EBNA1BP2,-0.5240070194997625
ENSG00000112855,23438,HARS2,0.6358318881719736
ENSG00000136986,79139,DERL1,0.500948549343335
ENSG00000139132,121512,FGD4,-0.6361989243021171
ENSG00000166986,4141,MARS1,0.4826601565773639
ENSG00000227715,3105,HLA-A,-0.4825967214124966
ENSG00000108349,22794,CASC3,0.5650377841569783
ENSG00000132341,5901,RAN,-0.1047810001541734
ENSG00000144560,9686,VGLL4,-0.97988712135979
ENSG00000112695,1347,COX7A2,0.1612639052487088
ENSG00000197872,81553,CYRIA,-0.7982216285497183
ENSG00000167515,51693,TRAPPC2L,0.1706938893599371
ENSG00000136720,9394,HS6ST1,0.7002860922513547
ENSG00000144028,23020,SNRNP200,0.4083733266859836
ENSG00000170348,10972,TMED10,0.1936943867398236
ENSG00000104368,5327,PLAT,0.6146423617583823
ENSG00000183722,10186,LHFPL6,-0.5405168015020824
ENSG00000049656,81037,CLPTM1L,-0.830206277619721
ENSG00000141367,1213,CLTC,0.3264521015545781
ENSG00000134313,57498,KIDINS220,0.5829833222022135
ENSG00000153707,5789,PTPRD,0.4873093558377174
ENSG00000009844,51534,VTA1,0.364951498463566
ENSG00000163635,6314,ATXN7,-0.8402355519468963
ENSG00000171311,51013,EXOSC1,0.2933076198641902
ENSG00000282844,81,ACTN4,-0.7685188359858196
ENSG00000185551,7026,NR2F2,-0.3487634315181978
ENSG00000130150,158747,MOSPD2,-0.7616813698078573
ENSG00000116030,7341,SUMO1,0.2920059533027302
ENSG00000120837,4801,NFYB,0.3942742200513355
ENSG00000102081,2332,FMR1,-0.5635433604236528
ENSG00000166441,6157,RPL27A,-0.3393217898047717
ENSG00000008988,6224,RPS20,-0.2548043330460286
ENSG00000083457,3682,ITGAE,-0.3916296651407687
ENSG00000168913,375704,ENHO,-0.7265162062272723
ENSG00000185261,285600,KIAA0825,-0.7872900991336058
ENSG00000160932,4061,LY6E,-0.5427586010018111
ENSG00000189266,55629,PNRC2,0.2554986425267383
ENSG00000198363,444,ASPH,-0.7530584530425333
ENSG00000166266,8065,CUL5,-0.4927693878324175
ENSG00000014919,1355,COX15,-0.3966410245918594
ENSG00000106244,11333,PDAP1,-0.4961116704299991
ENSG00000204524,390980,ZNF805,-0.635750820040135
ENSG00000104635,23516,SLC39A14,0.4233311551021341
ENSG00000205323,84324,SARNP,0.237549579816646
ENSG00000160695,55823,VPS11,0.4813300167444554
ENSG00000142856,23421,ITGB3BP,-0.2821475995023033
ENSG00000205707,144363,ETFRF1,0.3470961494728277
,,CCDC58,-0.5891629939848432
ENSG00000111605,11052,CPSF6,-0.5560190375774022
ENSG00000091136,3912,LAMB1,0.5063292531015061
ENSG00000126267,1340,COX6B1,0.1107026024369718
ENSG00000186300,148254,ZNF555,0.6039520674168366
ENSG00000113141,3550,IK,0.3202184269299153
ENSG00000100600,5641,LGMN,0.6919407730176114
ENSG00000151502,112936,VPS26B,0.6861655571821379
ENSG00000178163,85460,ZNF518B,-0.5617431162475484
ENSG00000277791,5691,PSMB3,0.1732569520627593
ENSG00000174695,153339,TMEM167A,0.2082915821201676
ENSG00000196418,7678,ZNF124,-0.6126195804038906
ENSG00000183741,23466,CBX6,-0.5821366730597906
ENSG00000123427,25895,EEF1AKMT3,-0.704386015021662
ENSG00000179085,54344,DPM3,-0.3443279137261984
ENSG00000137955,5876,RABGGTB,0.3048111784525992
ENSG00000130303,684,BST2,-0.675269835434763
ENSG00000188846,9045,RPL14,-0.3738363601090165
ENSG00000197798,79607,FAM118B,0.3864224522197347
ENSG00000138796,3033,HADH,-0.2697786134780341
ENSG00000176124,10301,DLEU1,-0.4517785317925052
ENSG00000138385,6741,SSB,-0.2532750679686351
ENSG00000136110,11061,CNMD,1.070153666409526
ENSG00000182326,716,C1S,0.4588982479011113
ENSG00000037897,4234,METTL1,0.5541669668345018
ENSG00000163162,284996,RNF149,-0.6282317429953544
ENSG00000168439,10963,STIP1,0.3530023671289909
ENSG00000175573,83638,C11orf68,0.8039687740746764
ENSG00000111341,4256,MGP,0.415929546675183
ENSG00000150316,51503,CWC15,0.2548677322960176
ENSG00000132313,51318,MRPL35,0.4175583521588163
ENSG00000175899,2,A2M,0.5490598080308321
ENSG00000025800,23633,KPNA6,-0.3217699407740929
ENSG00000086504,10573,MRPL28,-0.5238371735965135
ENSG00000136810,7295,TXN,0.1712520990270717
ENSG00000042753,1175,AP2S1,-0.3295764815359057
ENSG00000096384,3326,HSP90AB1,0.1177255409387756
ENSG00000105483,22900,CARD8,-0.5355431641791176
ENSG00000136279,28988,DBNL,-0.5357536338091647
ENSG00000101935,9949,AMMECR1,0.6747803368580741
ENSG00000139160,254013,ETFBKMT,-0.7254087142782916
ENSG00000069345,10294,DNAJA2,-0.2773440759247381
ENSG00000109606,1665,DHX15,0.3157327636676301
ENSG00000144895,83939,EIF2A,0.2966056096718613
ENSG00000174804,8322,FZD4,-0.7368903444563539
ENSG00000130208,341,APOC1,0.2797294168433827
ENSG00000100220,51493,RTCB,0.2710106820776197
ENSG00000173889,80012,PHC3,-0.681668340792268
ENSG00000167550,121268,RHEBL1,0.7009868765094928
ENSG00000151465,8872,CDC123,0.2939214373205833
ENSG00000120699,11340,EXOSC8,0.3736753168450263
ENSG00000165672,10935,PRDX3,0.2222935193206929
ENSG00000116251,6146,RPL22,-0.3486894532457221
ENSG00000160803,56893,UBQLN4,0.7194990459037551
ENSG00000164647,26872,STEAP1,-0.5608267070922034
ENSG00000141252,55275,VPS53,-0.7193737978074977
ENSG00000135677,2799,GNS,0.4319748939833164
ENSG00000134248,10542,LAMTOR5,0.1787792204690914
ENSG00000170312,983,CDK1,-0.3618135073923427
ENSG00000116459,515,ATP5PB,0.1458946623874259
ENSG00000138594,29766,TMOD3,-0.4333014853447307
ENSG00000117318,3399,ID3,-0.4725499806778121
ENSG00000114374,8287,USP9Y,-0.7299744735723582
ENSG00000179010,93621,MRFAP1,-0.4246287541485474
ENSG00000197372,171392,ZNF675,-0.8074864475338106
ENSG00000143194,84944,MAEL,0.6375969395533045
ENSG00000198162,10905,MAN1A2,-0.5238378132097741
ENSG00000155465,9056,SLC7A7,0.4612481817657188
ENSG00000115970,63892,THADA,0.6398187900887691
ENSG00000186812,84307,ZNF397,-0.6359942268581646
ENSG00000272602,152687,ZNF595,-0.5958073959080742
ENSG00000255561,91893,FDXACB1,-0.6713035202941143
ENSG00000187514,5757,PTMA,0.0764267909920247
ENSG00000147044,8573,CASK,-0.6729693573121343
ENSG00000106588,5683,PSMA2,0.1326338395042298
ENSG00000158234,55179,FAIM,-0.6625236596923104
ENSG00000156508,1915,EEF1A1,-0.2471623774781426
ENSG00000136521,4711,NDUFB5,0.1516340874748398
ENSG00000134717,91408,BTF3L4,-0.2007695026398689
ENSG00000164031,79982,DNAJB14,-0.5622307172685913
ENSG00000124942,79026,AHNAK,0.5891822062342406
ENSG00000004455,204,AK2,0.3414874426011692
ENSG00000100138,4809,SNU13,0.1342460669226553
ENSG00000124222,8675,STX16,0.552967353625861
ENSG00000242852,163051,ZNF709,-0.7462786314429606
ENSG00000172466,7572,ZNF24,-0.2713941737161642
ENSG00000082898,7514,XPO1,0.383589563989495
ENSG00000166260,1353,COX11,-0.7770160855965575
ENSG00000111328,8099,CDK2AP1,-0.3811370467771553
ENSG00000063177,6141,RPL18,-0.3073052268667254
ENSG00000139624,91012,CERS5,-0.5662593689507306
ENSG00000137693,10413,YAP1,-0.4677910232404345
ENSG00000164713,25798,BRI3,0.4931309666419544
ENSG00000198300,5178,PEG3,-0.2622392638372282
ENSG00000136758,10730,YME1L1,0.3914055403761196
ENSG00000140545,4240,MFGE8,-0.6612289428926719
ENSG00000013588,9052,GPRC5A,0.4812036781008345
ENSG00000055950,84545,MRPL43,-0.2861528199540303
ENSG00000135211,85025,TMEM60,0.2477248808973525
ENSG00000102401,51566,ARMCX3,0.4444742587461801
ENSG00000234058,6992,PPP1R11,0.6276208028053845
ENSG00000163597,100507246,SNHG16,-0.184921463284709
ENSG00000198729,81706,PPP1R14C,-0.6411957764194217
ENSG00000161791,91010,FMNL3,-0.5463382071421578
ENSG00000178952,7284,TUFM,-0.3393952651508226
ENSG00000111652,50813,COPS7A,0.3920538972918445
ENSG00000148303,6130,RPL7A,-0.2297320542504332
ENSG00000164106,11341,SCRG1,0.5085707332421144
ENSG00000100714,4522,MTHFD1,0.4315351378968718
ENSG00000105443,9266,CYTH2,-0.5323510040798697
ENSG00000156853,115509,ZNF689,-0.7967868013070465
ENSG00000243678,4831,NME2,-0.4711754322026371
ENSG00000109756,9693,RAPGEF2,-0.7142696314323306
ENSG00000146425,6993,DYNLT1,0.1568570243557703
ENSG00000241394,3108,HLA-DMA,0.5247271200519621
ENSG00000137575,6386,SDCBP,0.2178804464479804
ENSG00000135090,51347,TAOK3,0.5705416981577071
ENSG00000105755,23474,ETHE1,-0.7644417222997262
ENSG00000188186,389541,LAMTOR4,0.2256162593179244
ENSG00000163933,91869,RFT1,-0.5802290813269668
ENSG00000147400,1069,CETN2,-0.2394649589335825
ENSG00000166710,567,B2M,0.1527977047837471
ENSG00000175387,4087,SMAD2,-0.3451922940998864
ENSG00000154639,1525,CXADR,-0.3441971244028657
ENSG00000173068,54796,BNC2,-0.4612241556412318
ENSG00000154001,5529,PPP2R5E,-0.5105487355293358
ENSG00000198855,11153,FICD,-0.8662236121158727
ENSG00000130816,1786,DNMT1,-0.6363900758607465
ENSG00000115255,92840,REEP6,-0.4203915326687285
ENSG00000145779,25816,TNFAIP8,0.6878595543408393
ENSG00000150456,221143,EEF1AKMT1,0.3762249240513495
ENSG00000101577,9663,LPIN2,0.4708478161408803
ENSG00000161526,29115,SAP30BP,0.3666769890413516
ENSG00000138376,580,BARD1,-0.4742154594320383
ENSG00000155229,64210,MMS19,0.3997832830758205
ENSG00000135506,10956,OS9,-0.4973918878291862
ENSG00000071794,6596,HLTF,-0.5783785931844972
ENSG00000136891,54881,TEX10,0.4090439252210968
ENSG00000006652,3475,IFRD1,0.6707841429821725
ENSG00000167005,11051,NUDT21,0.2468676733753082
ENSG00000119446,92400,RBM18,0.4080098938696509
ENSG00000170310,9482,STX8,0.2863400185538471
ENSG00000141002,22980,TCF25,-0.5733710414405819
ENSG00000166822,124491,TMEM170A,-0.4445607347302193
ENSG00000169764,7360,UGP2,0.3110033693015578
,,WDR92,-0.5858574959936239
ENSG00000258289,91612,CHURC1,0.1699377828306978
ENSG00000215717,56900,TMEM167B,0.3890507434558442
ENSG00000249242,441027,TMEM150C,-0.5406835704353332
ENSG00000106415,113263,GLCCI1,0.7805701554977903
ENSG00000291931,6187,RPS2,-0.2644753240854188
ENSG00000100528,10175,CNIH1,0.1468643555141588
ENSG00000211450,280636,SELENOH,-0.389975593749001
ENSG00000285302,29082,CHMP4A,0.3739301338377636
ENSG00000261992,57459,GATAD2B,-0.5112466690123973
ENSG00000063978,6047,RNF4,0.3421414940628708
ENSG00000075142,6717,SRI,-0.2859796880507605
ENSG00000138279,310,ANXA7,-0.2867300670230918
ENSG00000135404,967,CD63,-0.4982966707797458
ENSG00000105894,5764,PTN,-0.5127252564945312
ENSG00000176142,55254,TMEM39A,0.439778114117853
ENSG00000229300,50854,SNHG32,-0.4577914439503373
ENSG00000100439,63874,ABHD4,0.3572332817090707
ENSG00000226417,1192,CLIC1,0.1623469684031462
ENSG00000138663,51138,COPS4,0.2360155115342291
ENSG00000173540,29925,GMPPB,-0.6923961104160191
ENSG00000113552,10007,GNPDA1,0.2529412592748137
ENSG00000176046,26471,NUPR1,0.5065821164626079
ENSG00000018408,25937,WWTR1,0.4008823470780676
ENSG00000198918,6170,RPL39,-0.3001755281267892
ENSG00000143799,142,PARP1,-0.4050684785244553
ENSG00000184752,55967,NDUFA12,0.2728905128908414
ENSG00000115234,9784,SNX17,-0.3091878185576686
ENSG00000069329,55737,VPS35,0.1848590235034334
ENSG00000136108,26586,CKAP2,-0.4114426207336147
ENSG00000072682,8974,P4HA2,0.3472512824230794
ENSG00000138794,839,CASP6,-0.5260670756495887
ENSG00000110077,64231,MS4A6A,0.4343812002868398
ENSG00000169612,83640,RAMAC,-0.2531838503054797
ENSG00000131381,64145,RBSN,0.6452687490256152
ENSG00000292334,293,SLC25A6,-0.2743274812194579
ENSG00000115421,64895,PAPOLG,-0.6042593824850341
ENSG00000108219,81619,TSPAN14,-0.5234317389748098
ENSG00000241837,539,ATP5PO,0.1056740758990603
ENSG00000169245,3627,CXCL10,-1.6826295564832918
ENSG00000143622,6016,RIT1,-0.4822904712992536
ENSG00000164109,4085,MAD2L1,-0.3635698726994255
ENSG00000023445,330,BIRC3,0.6905529001440742
ENSG00000079819,2037,EPB41L2,-0.5343440702504519
ENSG00000152240,115106,HAUS1,0.2853212491705001
ENSG00000168209,54541,DDIT4,-0.856533911111919
ENSG00000116670,10459,MAD2L2,-0.6756090777181621
ENSG00000101400,6640,SNTA1,0.7186505831734661
ENSG00000120948,23435,TARDBP,0.312463101003426
ENSG00000130414,4705,NDUFA10,-0.4252246110443182
ENSG00000145348,93627,TBCK,0.5837943509537198
ENSG00000116954,64121,RRAGC,0.570936680996787
ENSG00000177383,64110,MAGEF1,-0.6487775118616731
ENSG00000147592,51110,LACTB2,-0.5770927453583818
ENSG00000060982,586,BCAT1,0.4690516889341469
ENSG00000183508,54855,TENT5C,-0.4856822337248929
ENSG00000229833,100131801,PET100,0.2269669056375904
ENSG00000162819,148362,BROX,-0.4536463755623225
ENSG00000090861,16,AARS1,0.3564805616458906
ENSG00000114416,8087,FXR1,-0.2829452192709926
ENSG00000065621,119391,GSTO2,0.4035404746473269
ENSG00000081189,4208,MEF2C,-0.4422036127266182
ENSG00000204822,116540,MRPL53,-0.2836197160547012
ENSG00000111237,51699,VPS29,0.2502431051753074
ENSG00000108666,64149,C17orf75,0.5741406892744711
ENSG00000131507,80762,NDFIP1,0.2492734590636009
ENSG00000082146,55437,STRADB,0.7775371143549153
ENSG00000284548,51108,METTL9,0.4111191038591321
ENSG00000139154,121536,AEBP2,-0.4969891199453231
ENSG00000162419,10691,GMEB1,-0.8133633741491675
ENSG00000267107,100505495,PCAT19,-0.4234842117753157
ENSG00000144118,5899,RALB,0.3952412723460751
ENSG00000170315,7314,UBB,-0.098090480848481
ENSG00000227124,100131827,ZNF717,-0.8763048347469068
ENSG00000133131,79710,MORC4,-0.5202382663653392
ENSG00000150776,55216,NKAPD1,-0.4952792174256136
ENSG00000143256,5202,PFDN2,-0.5059029674994955
ENSG00000109445,27309,ZNF330,0.3533503633612389
ENSG00000116752,10286,BCAS2,0.2815933165549562
ENSG00000078043,9063,PIAS2,-0.5603153763825812
ENSG00000113161,3156,HMGCR,-0.3270296328542286
ENSG00000134056,92259,MRPS36,0.2431642904585713
ENSG00000136933,10244,RABEPK,0.3709217006529242
ENSG00000124614,6204,RPS10,-0.3691125674231891
ENSG00000256053,84334,COA8,-0.4931720736562637
ENSG00000165898,122961,ISCA2,-0.4243905660890593
ENSG00000116641,85440,DOCK7,0.6402204734887362
ENSG00000152795,9987,HNRNPDL,-0.1232606225299222
ENSG00000154217,26207,PITPNC1,0.8410656012398567
ENSG00000141985,6455,SH3GL1,0.8118325317660007
ENSG00000176834,54621,VSIG10,-0.6452455205914109
ENSG00000117523,23215,PRRC2C,-0.4274974199162519
ENSG00000148248,6836,SURF4,0.3159712991765862
ENSG00000154719,54148,MRPL39,-0.3831856645296269
ENSG00000066427,4287,ATXN3,-0.448349163903613
ENSG00000113558,6500,SKP1,0.1142026618235135
ENSG00000146066,192286,HIGD2A,0.1709151268233077
ENSG00000122378,84293,PRXL2A,-0.2200278323254209
ENSG00000080345,55183,RIF1,-0.4824068719257836
ENSG00000118762,5311,PKD2,0.8609913726264536
ENSG00000174444,6124,RPL4,-0.1115394568074407
ENSG00000185745,3434,IFIT1,0.963545039773916
ENSG00000140365,54939,COMMD4,-0.4472409514629274
ENSG00000119707,58517,RBM25,-0.3443750186783618
ENSG00000197728,6231,RPS26,0.1202081949621508
ENSG00000242372,3692,EIF6,0.1859525361791669
ENSG00000171345,3880,KRT19,0.7394286788733702
ENSG00000134910,3703,STT3A,-0.3512647645480324
ENSG00000048649,51773,RSF1,-0.4887308271723073
ENSG00000100897,80344,DCAF11,0.5559293839120549
ENSG00000076321,27252,KLHL20,0.5174001340125162
ENSG00000042429,9440,MED17,0.6199786135596981
ENSG00000124784,83732,RIOK1,0.4594824559334872
ENSG00000156298,7102,TSPAN7,-0.3243361576347188
ENSG00000162733,4921,DDR2,0.4808151534116199
ENSG00000168765,2948,GSTM4,0.2904202802297432
ENSG00000051128,9454,HOMER3,-1.081492489707022
ENSG00000197747,6281,S100A10,-0.3220926452184451
ENSG00000008952,7095,SEC62,0.1829785048409033
ENSG00000112343,10475,TRIM38,-0.6567219653239925
,,LOC339803,-0.492468430689907
ENSG00000262814,6182,MRPL12,-0.4783437527973264
ENSG00000124217,27304,MOCS3,-0.670525361934996
ENSG00000119865,25927,CNRIP1,-0.5007725767719835
ENSG00000100764,5700,PSMC1,0.3046698699192558
ENSG00000079482,4983,OPHN1,-0.7266072511557974
ENSG00000108523,26001,RNF167,0.4622855969241642
ENSG00000205302,6643,SNX2,0.2898654845572029
ENSG00000197712,92689,FAM114A1,-0.4198415008176747
ENSG00000140740,7385,UQCRC2,0.148731258274285
ENSG00000049323,4052,LTBP1,0.5123000105333837
ENSG00000182983,389114,ZNF662,-0.6534195958112122
ENSG00000130764,57470,LRRC47,-0.5253140819358488
ENSG00000112742,7272,TTK,-0.6940132684575457
ENSG00000153487,3621,ING1,-0.6064883042623929
ENSG00000092853,63967,CLSPN,-0.864839857263527
ENSG00000149313,60496,AASDHPPT,-0.2726223582828331
ENSG00000092421,57556,SEMA6A,-0.3924159320816773
ENSG00000158109,127262,TPRG1L,0.5740208835844949
ENSG00000139117,144402,CPNE8,-0.7183688189300437
ENSG00000002330,572,BAD,-0.5418367857481169
ENSG00000138867,83606,GUCD1,-0.410564945761373
ENSG00000166598,7184,HSP90B1,-0.2706183743177636
ENSG00000128789,56984,PSMG2,-0.2500974514004335
ENSG00000170921,26115,TANC2,0.5300578087140664
ENSG00000174501,400986,ANKRD36C,-0.8121643761010927
,,C5orf51,-0.5575166842437054
ENSG00000150093,3688,ITGB1,0.2630246337311584
ENSG00000196793,8187,ZNF239,0.6457823065642163
ENSG00000136811,4957,ODF2,-0.6552244262132385
ENSG00000197448,373156,GSTK1,0.2198603687207747
ENSG00000291356,3376,IARS1,0.2866780016377607
ENSG00000086102,4799,NFX1,0.5314247923587433
ENSG00000189171,6284,S100A13,-0.3143886731355313
ENSG00000137074,54840,APTX,0.346470890112513
ENSG00000142949,5792,PTPRF,-0.598453821812926
ENSG00000161813,113251,LARP4,-0.6253473217982237
ENSG00000076248,7374,UNG,0.4923717024472603
ENSG00000164347,84340,GFM2,0.5288761413154337
ENSG00000005020,8935,SKAP2,0.4945225682691746
ENSG00000105364,51073,MRPL4,-0.6233229596705063
ENSG00000178177,254251,LCORL,-0.6485112741665064
ENSG00000117174,54680,ZNHIT6,-0.5642313731383672
ENSG00000132970,10810,WASF3,-0.5945213717697581
ENSG00000159840,7791,ZYX,0.6966059613070716
ENSG00000100413,171568,POLR3H,-0.7481099835730658
ENSG00000165060,2395,FXN,-0.7375535434947161
ENSG00000140937,1009,CDH11,-0.3570724990159745
ENSG00000073792,10644,IGF2BP2,-0.7846026144652412
ENSG00000165916,5702,PSMC3,0.2478120128882307
ENSG00000214194,401397,SMIM30,-0.2854663106542319
ENSG00000163364,375295,LINC01116,0.3445862824430697
ENSG00000154832,30827,CXXC1,-0.74019671655399
ENSG00000163577,56648,EIF5A2,-0.6203871542586324
ENSG00000204104,26146,TRAF3IP1,-0.7952181351844421
ENSG00000103024,4832,NME3,-0.7119958845360568
ENSG00000158042,63875,MRPL17,0.1943427829324145
ENSG00000243955,2938,GSTA1,0.1143162736752251
ENSG00000144283,8502,PKP4,-0.5454493777049159
ENSG00000277025,79143,MBOAT7,-0.5457615784645206
ENSG00000163682,6133,RPL9,-0.256533770206785
ENSG00000130312,64981,MRPL34,-0.4268082578577628
ENSG00000184113,7122,CLDN5,-0.5175929292633684
ENSG00000132155,5894,RAF1,0.6847825940466185
ENSG00000160714,55585,UBE2Q1,0.6268504968666548
ENSG00000107874,79004,CUEDC2,-0.4329873481163943
ENSG00000162639,113802,HENMT1,0.3914552388488314
ENSG00000203859,3284,HSD3B2,-0.5543892742805673
ENSG00000142168,6647,SOD1,-0.1390462066050156
ENSG00000164292,22836,RHOBTB3,0.2557091808831059
ENSG00000168883,10713,USP39,0.4820111532446933
ENSG00000148824,92170,MTG1,-0.5521453595205299
ENSG00000233348,7917,BAG6,0.5863768924918302
ENSG00000087502,51290,ERGIC2,0.3049651910069936
ENSG00000182534,439921,MXRA7,0.2579740366737824
ENSG00000110075,55291,PPP6R3,-0.3893496824691694
ENSG00000169398,5747,PTK2,0.4292547473186087
ENSG00000177963,60626,RIC8A,0.5264021753018224
ENSG00000165526,84881,RPUSD4,0.4098878102109952
ENSG00000123728,57826,RAP2C,-0.4067122087380784
ENSG00000109133,55161,TMEM33,-0.387469902195048
ENSG00000172590,122704,MRPL52,-0.3902394558944929
ENSG00000162493,10630,PDPN,-0.4294026418245515
ENSG00000270170,152217,NCBP2AS2,-0.5257054876174407
ENSG00000067225,5315,PKM,0.2307374500132535
ENSG00000171953,91647,ATPAF2,-0.6785315895701834
ENSG00000160446,84885,ZDHHC12,-0.6259623848410182
ENSG00000046653,2824,GPM6B,-0.6188712096052184
ENSG00000197183,140688,NOL4L,-0.5135783414928979
ENSG00000291379,26099,SZRD1,-0.5448020626721273
ENSG00000106682,7458,EIF4H,-0.3669106459520439
ENSG00000091527,55573,CDV3,-0.3982942921642743
ENSG00000159217,10642,IGF2BP1,-0.6252154616963864
ENSG00000136193,9805,SCRN1,0.3424613980498339
ENSG00000226479,79134,TMEM185B,0.6125589777083639
ENSG00000109103,9094,UNC119,-0.731497132861377
ENSG00000123395,60673,ATG101,-0.4420899113024147
ENSG00000254901,729991,BORCS8,-0.6811304107989976
ENSG00000166482,4239,MFAP4,0.273599668833912
ENSG00000125124,583,BBS2,-0.4649241290646655
ENSG00000134851,55858,TMEM165,0.646867086948942
ENSG00000152404,143884,CWF19L2,-0.4832913908967901
ENSG00000078140,3093,UBE2K,-0.4536586657432054
ENSG00000254004,339324,ZNF260,-0.4433406963447313
ENSG00000255112,57132,CHMP1B,-0.3160330433024179
ENSG00000133030,23164,MPRIP,-0.5333071892349988
ENSG00000087111,94005,PIGS,0.4781989838337676
ENSG00000167526,6137,RPL13,-0.272677781377349
ENSG00000142937,6202,RPS8,-0.2239066513397567
ENSG00000166224,8879,SGPL1,-0.3720207649045569
ENSG00000111640,2597,GAPDH,-0.1543221816050642
ENSG00000142089,10410,IFITM3,0.1759877880527308
ENSG00000108439,55163,PNPO,-0.5303342173076254
,,H3-2,-0.733753774182664
ENSG00000184182,140739,UBE2F,-0.50652985691453
ENSG00000117640,56181,MTFR1L,0.3401458661819497
ENSG00000023228,4719,NDUFS1,-0.2911932698470133
ENSG00000006451,5898,RALA,-0.3508888040577064
ENSG00000113643,5917,RARS1,0.3051482305592621
ENSG00000118640,8673,VAMP8,0.2755202802717413
ENSG00000174886,126328,NDUFA11,-0.1634326893551879
ENSG00000060688,9410,SNRNP40,-0.4956423821748924
ENSG00000131269,22,ABCB7,0.3242527032629823
ENSG00000262635,6999,TDO2,0.8773851946799417
ENSG00000117153,59349,KLHL12,-0.5467157107894275
ENSG00000109572,1182,CLCN3,-0.3901524954345836
ENSG00000105810,1021,CDK6,-0.4501941609804802
ENSG00000124151,8202,NCOA3,-0.5037180812432924
ENSG00000105583,51398,WDR83OS,0.1261346538283027
ENSG00000164574,55568,GALNT10,0.7289593953068797
ENSG00000291080,286101,ZNF252P,-0.6450287564370968
ENSG00000004487,23028,KDM1A,0.4444488748757978
ENSG00000162909,824,CAPN2,0.4885308231311108
ENSG00000111653,51147,ING4,-0.2438396172881127
ENSG00000139343,6636,SNRPF,-0.1701412344582731
ENSG00000179523,645212,EIF3J-DT,0.6638930510911313
ENSG00000171867,5621,PRNP,0.2415891612444191
ENSG00000135632,10322,SMYD5,0.6159591049808516
ENSG00000198146,54989,ZNF770,-0.4780348846558818
ENSG00000171940,7764,ZNF217,-0.4708719811918908
ENSG00000168137,55209,SETD5,0.5079057715207266
ENSG00000110200,25906,ANAPC15,0.3560336816936705
ENSG00000131747,7153,TOP2A,-0.401403982653865
ENSG00000136960,5168,ENPP2,0.6459098268177733
ENSG00000072401,7321,UBE2D1,-0.579995692297244
ENSG00000171858,6227,RPS21,-0.2730889288802615
ENSG00000106603,55744,COA1,-0.2787976248757147
ENSG00000148308,9328,GTF3C5,-0.6675437237289407
ENSG00000165704,3251,HPRT1,-0.2772538261394026
ENSG00000196396,5770,PTPN1,-0.7811592991445755
ENSG00000167461,4218,RAB8A,-0.4724191665729904
ENSG00000115091,10096,ACTR3,0.3307168969300627
ENSG00000178896,54512,EXOSC4,-0.5841692225315192
ENSG00000140632,84656,GLYR1,-0.5512780373357181
ENSG00000148444,23412,COMMD3,0.1734534829556493
ENSG00000124783,6745,SSR1,0.2345554415886735
ENSG00000132388,7326,UBE2G1,-0.5285354015005223
ENSG00000284487,730094,MOSMO,0.7064189696896788
ENSG00000136950,81873,ARPC5L,-0.4678833974782245
ENSG00000257621,379025,PSMA3-AS1,-0.3968816378549973
ENSG00000168724,134218,DNAJC21,-0.6925464958613619
ENSG00000138668,3184,HNRNPD,-0.4106058143289006
ENSG00000175701,205251,MTLN,-0.4517836979368985
ENSG00000087842,8544,PIR,0.2837362592342679
ENSG00000142599,473,RERE,0.4758890350298572
ENSG00000196498,9612,NCOR2,-0.773104617513966
ENSG00000134250,4853,NOTCH2,0.2868239844969557
ENSG00000111897,57515,SERINC1,0.2066597677249433
ENSG00000124171,84612,PARD6B,-0.4241259013878716
ENSG00000143641,2590,GALNT2,-0.7349114520822503
ENSG00000131944,91442,FAAP24,0.7411226959763505
ENSG00000292086,51011,FAHD2A,-0.4309103298448804
ENSG00000136709,55339,WDR33,-0.3408035694140783
ENSG00000204262,1290,COL5A2,0.4552633426743092
ENSG00000182149,9798,IST1,0.1875586725056744
ENSG00000002919,29916,SNX11,0.5764173575671376
ENSG00000132275,23378,RRP8,-0.5653605454478996
ENSG00000160953,84939,PWWP3A,-0.6865529665564559
ENSG00000127914,10142,AKAP9,-0.4080765147750704
ENSG00000136068,2317,FLNB,0.280471709987037
ENSG00000100938,51292,GMPR2,0.2508086061735516
ENSG00000125356,4694,NDUFA1,0.1247201428280529
ENSG00000106803,10952,SEC61B,-0.320310744040682
ENSG00000152253,57405,SPC25,-0.6347731360786443
ENSG00000125870,6629,SNRPB2,0.1146169117356721
ENSG00000101294,81502,HM13,-0.5786633374432603
ENSG00000247315,85364,ZCCHC3,0.426507712280998
ENSG00000143367,7286,TUFT1,-0.4389783985296763
ENSG00000228474,100128731,OST4,0.0961497738604508
ENSG00000218739,100505876,CEBPZOS,-0.3155066352366754
ENSG00000120733,51780,KDM3B,0.5307740503887038
ENSG00000276644,1602,DACH1,0.521171334965049
ENSG00000125843,55317,AP5S1,-0.7104994416588659
ENSG00000291483,8446,DUSP11,0.31363790760442
ENSG00000153814,221895,JAZF1,0.5375863562140679
ENSG00000291006,730101,LOC730101,0.5327980224698046
ENSG00000035928,5981,RFC1,-0.510940382904244
ENSG00000120742,27230,SERP1,0.3079036022111361
ENSG00000040633,79142,PHF23,0.4926584746049152
ENSG00000180953,400410,ST20,-0.5935388474776454
ENSG00000164062,327,APEH,0.3924619388673455
ENSG00000109113,83871,RAB34,-0.3300182721774708
ENSG00000104447,7227,TRPS1,-0.5594643377827152
ENSG00000291523,10069,RWDD2B,-0.3460411784094516
ENSG00000055163,26999,CYFIP2,0.5278073679017802
ENSG00000124228,55661,DDX27,0.4235522285575257
ENSG00000180694,169200,TMEM64,0.4449858186785336
ENSG00000167815,7001,PRDX2,0.1429437248540222
ENSG00000143355,56956,LHX9,0.4552890802878341
ENSG00000138386,4664,NAB1,0.5818798078375343
ENSG00000112701,26054,SENP6,0.5454776868402772
ENSG00000137288,84300,UQCC2,0.1702052516312275
ENSG00000128581,64792,IFT22,-0.2309200865453294
ENSG00000112245,7803,PTP4A1,0.3052931253693303
ENSG00000126653,84081,NSRP1,0.3357051536696224
ENSG00000119559,148223,C19orf25,-0.6908221275987292
,,C11orf95,0.5263729544726904
ENSG00000005249,5577,PRKAR2B,0.3008849748507458
ENSG00000175854,375757,SWI5,-0.3855355638089736
ENSG00000123595,9367,RAB9A,0.6033714614321685
ENSG00000133800,10894,LYVE1,0.6709877369486332
ENSG00000196504,55660,PRPF40A,-0.2855660478207041
ENSG00000272325,11165,NUDT3,0.3440845901370304
ENSG00000182916,56849,TCEAL7,0.2193192103422807
ENSG00000138621,60490,PPCDC,0.4723617745777985
ENSG00000241058,221078,NSUN6,-0.5969137758757262
ENSG00000124181,5335,PLCG1,0.6150689304256185
ENSG00000139218,9169,SCAF11,-0.3306613432462417
ENSG00000032219,5926,ARID4A,-0.6402283527198411
ENSG00000126226,55795,PCID2,0.3001753886945424
ENSG00000120802,7112,TMPO,-0.3250636170322978
ENSG00000150779,26521,TIMM8B,0.1939223087309811
ENSG00000223891,100505783,OSER1-DT,-0.435225618586513
ENSG00000099800,26517,TIMM13,-0.2241451008556017
ENSG00000125846,7692,ZNF133,0.5180097405101877
ENSG00000175970,84747,UNC119B,0.6139943892588894
ENSG00000120820,83468,GLT8D2,0.4420564727481534
ENSG00000169813,3185,HNRNPF,0.1619369994076673
ENSG00000116560,6421,SFPQ,-0.3380817694080945
ENSG00000178913,6879,TAF7,0.267150110237723
ENSG00000102893,5257,PHKB,0.4572141163453134
ENSG00000003436,7035,TFPI,-0.3693553479658564
ENSG00000060762,51660,MPC1,-0.4248021813744825
ENSG00000122741,79269,DCAF10,0.4845973707256761
ENSG00000186834,10614,HEXIM1,-0.662341020181632
ENSG00000105669,11316,COPE,-0.2850625726796099
ENSG00000160014,808,CALM3,-0.339166198190145
ENSG00000162545,55450,CAMK2N1,0.6023837983928988
ENSG00000166562,90701,SEC11C,-0.4300814711369035
ENSG00000258890,90799,CEP95,0.6308310478959926
ENSG00000134333,3939,LDHA,-0.133685115975764
ENSG00000169564,5093,PCBP1,0.3224300084760436
ENSG00000118873,25782,RAB3GAP2,0.424774631434944
ENSG00000172939,9943,OXSR1,-0.5980471026554983
ENSG00000100650,6430,SRSF5,-0.3356901048988854
ENSG00000075239,38,ACAT1,0.3043771136896017
ENSG00000030110,578,BAK1,-0.6367918229771445
ENSG00000162385,4116,MAGOH,-0.1820978670257008
ENSG00000167965,64223,MLST8,-0.5743271597471915
ENSG00000136938,10541,ANP32B,0.3187450675684875
ENSG00000119280,84886,C1orf198,-0.4819359837013481
ENSG00000152127,4249,MGAT5,0.5338339365836223
ENSG00000100567,5684,PSMA3,0.1547699307777763
ENSG00000115310,57142,RTN4,0.339210599819493
ENSG00000104964,166,TLE5,-0.4071968164184937
ENSG00000069966,10681,GNB5,-0.6438989843563063
ENSG00000068654,25885,POLR1A,-0.6905167498916764
ENSG00000085832,2060,EPS15,-0.3350222249852014
ENSG00000090581,84572,GNPTG,-0.6874630054061579
ENSG00000134644,9698,PUM1,0.3142435677794148
ENSG00000161542,5635,PRPSAP1,0.4287086770954713
ENSG00000130032,79057,PRRG3,-0.7279371410360665
ENSG00000223367,6222,RPS18,0.1120684744435102
ENSG00000258947,10381,TUBB3,-0.6913958728071151
,114915,EPB41L4A-AS1,-0.5404740446268418
ENSG00000121966,7852,CXCR4,-0.2673250808865606
ENSG00000101146,8480,RAE1,0.1897697668975415
ENSG00000164056,10252,SPRY1,0.5250059131153939
ENSG00000011600,7305,TYROBP,-0.3979292326237626
ENSG00000116171,6342,SCP2,0.2224272227391595
ENSG00000182141,7562,ZNF708,-0.7198892190156515
ENSG00000241360,57026,PDXP,0.5442926852040235
ENSG00000083845,6193,RPS5,-0.1778464420198061
ENSG00000173992,9973,CCS,-0.5548967186902269
ENSG00000171444,4163,MCC,-0.5844954328815251
ENSG00000106591,64983,MRPL32,0.2067086665534921
ENSG00000183527,8624,PSMG1,-0.513221214012482
ENSG00000184007,8073,PTP4A2,-0.2953023263329827
ENSG00000135452,6302,TSPAN31,-0.5126850333688591
ENSG00000175582,5870,RAB6A,-0.3655916805646209
ENSG00000113407,6897,TARS1,0.2979549570611874
ENSG00000188529,10772,SRSF10,0.2268126138667009
,,LOC101927476,-0.5830238942638599
ENSG00000101444,191,AHCY,0.1998717928363348
ENSG00000135409,269,AMHR2,0.2264417536778122
ENSG00000143774,2987,GUK1,-0.3107035487292811
ENSG00000047315,5431,POLR2B,-0.5082797508981586
ENSG00000214530,10809,STARD10,-0.5405658367041241
ENSG00000148219,23245,ASTN2,0.5293956526712115
ENSG00000108344,5709,PSMD3,-0.7070252306889048
ENSG00000173660,7388,UQCRH,-0.1555711676237613
ENSG00000170340,10678,B3GNT2,0.5787977746491123
ENSG00000136026,10970,CKAP4,-0.2720671903736776
ENSG00000136930,5695,PSMB7,0.1098069723308241
ENSG00000243749,100506144,TMEM35B,0.2525893190664964
ENSG00000123136,10212,DDX39A,0.30612903823615
ENSG00000063241,79763,ISOC2,-0.7605100363020882
ENSG00000241878,23761,PISD,0.4749909230543277
ENSG00000006015,55049,REX1BD,-0.5969011460145004
ENSG00000163319,51023,MRPS18C,0.2220736384259286
ENSG00000198951,4668,NAGA,0.5115232939993227
ENSG00000136052,84102,SLC41A2,-0.811967560518871
ENSG00000104522,7264,GFUS,-0.3458117078604292
ENSG00000169371,10073,SNUPN,0.3381487954132942
ENSG00000172336,10248,POP7,-0.5629818024689712
ENSG00000169814,686,BTD,0.3759972736861596
ENSG00000166946,23582,CCNDBP1,-0.3453055294399585
ENSG00000139428,326625,MMAB,-0.443849812492637
ENSG00000050165,27122,DKK3,-0.3753807109277997
ENSG00000180008,122809,SOCS4,0.5405921307401089
ENSG00000143162,8804,CREG1,0.6257840407693367
ENSG00000177868,374969,SVBP,-0.2634481410694582
ENSG00000169609,123207,C15orf40,-0.3787616851827083
ENSG00000126351,7067,THRA,-0.6079486384954739
ENSG00000176108,79643,CHMP6,-0.6813847801071576
ENSG00000271303,140809,SRXN1,0.6887097027062978
ENSG00000167107,80221,ACSF2,0.6716282028853995
ENSG00000082515,29093,MRPL22,0.1897630154780649
ENSG00000115902,6509,SLC1A4,0.775083680017736
ENSG00000103510,84148,KAT8,0.5415239216621335
ENSG00000162604,83941,TM2D1,0.2924757417447536
ENSG00000088756,79822,ARHGAP28,-0.5259014894241891
ENSG00000071553,537,ATP6AP1,0.3829101530993595
ENSG00000006634,10926,DBF4,-0.6940915926831159
ENSG00000183688,359845,RFLNB,-0.6903775415191443
ENSG00000169413,6039,RNASE6,0.4222569636328224
ENSG00000100380,6767,ST13,0.1453291333367208
ENSG00000176095,9807,IP6K1,-0.5069406424397922
ENSG00000176624,51320,MEX3C,0.4392645304428685
ENSG00000152520,255967,PAN3,-0.4032530160547694
ENSG00000143337,26092,TOR1AIP1,0.4223032297171893
ENSG00000162244,6159,RPL29,-0.1726834392658756
ENSG00000291796,328,APEX1,0.1227991021386453
ENSG00000126947,51309,ARMCX1,0.4531331392513286
ENSG00000185825,10134,BCAP31,0.1568174533709847
ENSG00000168827,85476,GFM1,0.4915059866745747
ENSG00000074695,3998,LMAN1,-0.3137349534065335
ENSG00000052723,80143,SIKE1,-0.5302848135705438
ENSG00000033178,55236,UBA6,-0.465427914037329
ENSG00000078967,51619,UBE2D4,-0.5556158975689736
ENSG00000130348,55278,QRSL1,0.4162497603249391
ENSG00000188229,10383,TUBB4B,-0.2766525153637095
ENSG00000085721,54700,RRN3,0.4679103543303231
ENSG00000185043,10519,CIB1,-0.4260506597456961
ENSG00000149187,10658,CELF1,0.3731182411570438
ENSG00000119537,2531,KDSR,0.3668823353386172
ENSG00000003989,6542,SLC7A2,0.5549238780292849
ENSG00000154642,54149,C21orf91,-0.504553652908753
ENSG00000116898,64960,MRPS15,-0.3446374058687339
ENSG00000149182,84364,ARFGAP2,0.3936539636631782
ENSG00000164346,10412,NSA2,-0.239187098217205
ENSG00000185650,677,ZFP36L1,0.2290438049330354
ENSG00000174173,54931,TRMT10C,-0.2351778959768472
ENSG00000172086,51315,KRCC1,-0.7228683786052714
ENSG00000141965,55527,FEM1A,-0.4492514355059539
ENSG00000125821,92675,DTD1,-0.4253028950962921
ENSG00000119725,57862,ZNF410,0.2653314639390811
ENSG00000110696,10944,C11orf58,0.1138514481122263
ENSG00000107679,59338,PLEKHA1,0.5566107377924666
,,KIAA1109,-0.6817718154364317
ENSG00000104529,1936,EEF1D,-0.2169924852079535
ENSG00000020426,4331,MNAT1,-0.494017703876215
ENSG00000204922,790955,UQCC3,-0.4706539016400654
ENSG00000123131,10549,PRDX4,-0.1905561842955563
ENSG00000106609,55069,TMEM248,0.4418947113989758
ENSG00000048342,57545,CC2D2A,0.5271968553807744
ENSG00000173039,5970,RELA,-0.6057626808968218
ENSG00000159593,8883,NAE1,-0.2815154755212619
ENSG00000125868,11034,DSTN,-0.2152429648916625
ENSG00000119950,4601,MXI1,-0.6846844529081788
ENSG00000171603,22883,CLSTN1,0.5554708520325079
ENSG00000101310,10483,SEC23B,0.3525776891284715
ENSG00000131165,5119,CHMP1A,-0.5550352749613248
ENSG00000157224,9069,CLDN12,0.5124692595464655
ENSG00000072849,51009,DERL2,0.2784082879021887
ENSG00000158711,2005,ELK4,-0.5353968066926951
ENSG00000168259,7266,DNAJC7,-0.6655381938977083
ENSG00000254726,92312,MEX3A,-0.5943196232353314
ENSG00000188033,57474,ZNF490,-0.5673393351729068
ENSG00000111704,79923,NANOG,-0.3735571105794493
ENSG00000101346,23509,POFUT1,0.5317662601373476
ENSG00000147852,7436,VLDLR,0.5629429602683627
ENSG00000149823,738,VPS51,-0.488224265746021
ENSG00000100281,10042,HMGXB4,-0.3369193750371764
ENSG00000100221,9929,JOSD1,0.5168870011257297
ENSG00000179820,91663,MYADM,-0.4694356004176165
ENSG00000119801,51646,YPEL5,0.1882888944228704
ENSG00000205629,51451,LCMT1,0.1904261568490273
ENSG00000198171,65992,DDRGK1,-0.5189768494918687
ENSG00000107581,8661,EIF3A,0.2932319675520579
ENSG00000085871,4258,MGST2,0.1551003745470146
ENSG00000180354,222166,MTURN,-0.5071497696483263
ENSG00000148229,54107,POLE3,0.3265698190569819
ENSG00000181929,5571,PRKAG1,0.2097791415982027
ENSG00000134419,6210,RPS15A,-0.1831203177351488
ENSG00000072786,6793,STK10,0.5147185527832044
ENSG00000077152,29089,UBE2T,-0.2487806661680804
ENSG00000288408,84993,UBL7,-0.4203068219232998
ENSG00000213397,55559,HAUS7,-0.5631330710603553
ENSG00000162458,54751,FBLIM1,-0.6437628443482244
ENSG00000131779,8799,PEX11B,0.2966491844417527
ENSG00000079459,2222,FDFT1,-0.2592917341319832
ENSG00000134575,53,ACP2,-0.5683241573189611
ENSG00000187498,1282,COL4A1,0.3212568134190884
ENSG00000166347,1528,CYB5A,-0.1836514149882075
ENSG00000101363,63905,MANBAL,0.2613983604955024
ENSG00000197170,5718,PSMD12,-0.3902594238693329
ENSG00000170473,84305,PYM1,0.3274506696355175
ENSG00000082996,11342,RNF13,0.2206549913049211
ENSG00000101413,58490,RPRD1B,-0.6689753702819928
ENSG00000169554,9839,ZEB2,-0.3360495915731455
ENSG00000144468,84236,RHBDD1,0.6242503147463154
ENSG00000136436,10241,CALCOCO2,-0.2738407045525151
ENSG00000185222,51186,TCEAL9,0.1253821902765823
ENSG00000125656,8192,CLPP,-0.43359994042145
ENSG00000036054,55773,TBC1D23,0.4081486311189694
ENSG00000140367,92912,UBE2Q2,0.5246438097791277
ENSG00000175879,3234,HOXD8,0.3507645068857538
ENSG00000143157,57645,POGK,0.5641275883508116
ENSG00000082458,1741,DLG3,0.4502852247688321
ENSG00000135441,2647,BLOC1S1,-0.2147019259655388
ENSG00000186687,90624,LYRM7,-0.3768766442672581
ENSG00000110911,4891,SLC11A2,0.3487451632536169
ENSG00000132256,85363,TRIM5,-0.4175434184383582
ENSG00000171681,55729,ATF7IP,-0.4732332005072434
ENSG00000172428,150678,COPS9,-0.2808660809516706
ENSG00000114023,26355,FAM162A,0.1974366812006775
ENSG00000003402,8837,CFLAR,0.2747270496878951
ENSG00000101882,79576,NKAP,-0.5285996822686041
ENSG00000179914,55600,ITLN1,0.4923111752120877
ENSG00000112984,10112,KIF20A,-0.5383891264301613
ENSG00000120693,4093,SMAD9,-0.5915649771151104
ENSG00000146350,221322,TBC1D32,-0.6605575509845879
ENSG00000104081,90427,BMF,0.6313970779065428
ENSG00000033170,2530,FUT8,-0.4620886233893537
ENSG00000173145,64318,NOC3L,-0.4281976014761378
ENSG00000080546,27244,SESN1,0.4182835749561686
ENSG00000187555,7874,USP7,-0.4069798576919128
ENSG00000163807,57456,KIAA1143,-0.3684602013321886
ENSG00000149806,2197,FAU,-0.2426017745810162
ENSG00000134590,8933,RTL8C,-0.3935686832499956
ENSG00000117682,79947,DHDDS,-0.4286659286894211
ENSG00000105223,23646,PLD3,-0.5233466941571546
ENSG00000107833,10360,NPM3,-0.6010007900131757
ENSG00000112769,3910,LAMA4,-0.4040297632307062
ENSG00000047932,57120,GOPC,0.4184626769025779
ENSG00000136146,29079,MED4,0.2423584569753932
ENSG00000006715,27072,VPS41,-0.3146796939131571
ENSG00000265681,6139,RPL17,-0.2234321555260725
ENSG00000171243,25928,SOSTDC1,0.537225456677621
ENSG00000197548,10533,ATG7,0.5331810782480707
ENSG00000146701,4191,MDH2,0.193562744275991
ENSG00000130520,25804,LSM4,-0.3299689330549408
ENSG00000114391,6152,RPL24,-0.2151722306006769
,,C11orf49,-0.4974133325398502
ENSG00000102931,23568,ARL2BP,0.2118232010610454
,,LOC107985770,0.3652690423678336
ENSG00000275543,255027,MPV17L,-0.618199361925824
ENSG00000067798,89795,NAV3,-0.5823683873400912
ENSG00000117036,2117,ETV3,-0.4780289474938678
ENSG00000136783,25934,NIPSNAP3A,0.2406698455782818
ENSG00000102309,5303,PIN4,0.1979572427161402
ENSG00000176731,401466,RBIS,0.1217439381344659
ENSG00000115415,6772,STAT1,-0.4932178819039582
ENSG00000143771,29097,CNIH4,0.2146372243151075
ENSG00000168118,5867,RAB4A,-0.4666581941211738
ENSG00000103353,56061,UBFD1,0.4026143169592286
ENSG00000086232,27102,EIF2AK1,0.4137460123860767
ENSG00000174579,55167,MSL2,-0.5777930361598062
ENSG00000101115,57167,SALL4,-0.6655048077319576
ENSG00000122484,79871,RPAP2,-0.4657498146651356
ENSG00000143952,51542,VPS54,0.5925873010217
ENSG00000106771,23731,TMEM245,0.3032342929137639
ENSG00000170855,51499,TRIAP1,0.2568672714918648
ENSG00000100030,5594,MAPK1,0.3036746089478899
ENSG00000175334,8815,BANF1,0.1420863047342491
ENSG00000077549,832,CAPZB,-0.3561308697817373
ENSG00000196954,837,CASP4,0.2704546796525847
ENSG00000198707,80184,CEP290,-0.721934255681913
ENSG00000068796,3796,KIF2A,-0.3558745201468481
,,MPP6,-0.3521975548547674
ENSG00000132541,10247,RIDA,-0.3679898725840762
ENSG00000105819,9512,PMPCB,0.1950683703478877
ENSG00000136518,86,ACTL6A,0.2221256732756796
ENSG00000104413,54845,ESRP1,0.6494681106854353
,100507002,LOC100507002,-0.6094332032602305
ENSG00000112031,54516,MTRF1L,-0.67379685008854
ENSG00000143156,29922,NME7,-0.3090744278437872
ENSG00000101193,54994,GID8,-0.3803702427223485
ENSG00000197961,7675,ZNF121,-0.4065922382898225
ENSG00000117360,9129,PRPF3,0.3442470171762502
ENSG00000275111,7549,ZNF2,-0.5003749578539041
ENSG00000147065,4478,MSN,0.3529694654931253
ENSG00000170421,3856,KRT8,-0.4302019489896678
ENSG00000090989,55763,EXOC1,0.5355461861278631
ENSG00000034713,11345,GABARAPL2,-0.148641406447876
ENSG00000162852,163882,CNST,0.5261987013738187
ENSG00000109270,8649,LAMTOR3,0.2959281456692956
ENSG00000107758,5532,PPP3CB,0.4688867804637758
ENSG00000004961,3052,HCCS,-0.520418086665742
ENSG00000138430,29789,OLA1,-0.2093388098822806
ENSG00000167272,51367,POP5,0.2344828211544
ENSG00000198732,64093,SMOC1,0.4445325684855408
ENSG00000132716,50717,DCAF8,0.4688899525721205
ENSG00000122574,644150,WIPF3,-0.3509976589853852
ENSG00000100330,8897,MTMR3,0.598199334777935
ENSG00000079308,7145,TNS1,0.5473067089289174
ENSG00000165424,219654,ZCCHC24,0.417477889920762
ENSG00000110002,4013,VWA5A,0.3502204296747521
ENSG00000120437,39,ACAT2,-0.3036907343900963
ENSG00000065150,3843,IPO5,0.2216676810763145
ENSG00000206357,7936,NELFE,-0.3921165886724145
ENSG00000022277,51507,RTF2,0.1709667474698776
ENSG00000186522,151011,SEPTIN10,0.4845023670956332
ENSG00000171148,10474,TADA3,0.6011626469994272
ENSG00000112697,55754,TMEM30A,0.2871730827087133
ENSG00000143476,51514,DTL,-0.5666913212780889
ENSG00000196937,10447,FAM3C,0.3912842802439333
ENSG00000198502,3127,HLA-DRB5,0.5128515407140551
ENSG00000138439,150864,FAM117B,-0.4821491237865029
ENSG00000132326,8864,PER2,-0.5847984914003216
ENSG00000114062,7337,UBE3A,0.3279543365694602
ENSG00000140749,10261,IGSF6,0.4704481590501366
ENSG00000100991,26133,TRPC4AP,-0.3255497721235243
ENSG00000280670,126661,CCDC163,-0.6351702198500355
ENSG00000101138,1477,CSTF1,-0.2618082495782444
ENSG00000168214,3516,RBPJ,0.2061599798375974
ENSG00000143947,6233,RPS27A,-0.2072594631673322
ENSG00000172469,79694,MANEA,-0.4340453905347891
ENSG00000121989,92,ACVR2A,-0.4167887760565338
ENSG00000109016,25979,DHRS7B,0.2932266926866657
ENSG00000149212,143686,SESN3,-0.2760200441767906
ENSG00000102103,10084,PQBP1,-0.3875123123795365
ENSG00000188021,29978,UBQLN2,0.5870608662099288
ENSG00000140525,55215,FANCI,0.5527706165548503
ENSG00000123560,5354,PLP1,0.3451460927571371
ENSG00000146648,1956,EGFR,-0.5796761832562781
ENSG00000100815,9321,TRIP11,-0.3913333832349271
ENSG00000177556,475,ATOX1,-0.1339026521520737
ENSG00000146540,84310,C7orf50,-0.4455956701686995
ENSG00000101470,7125,TNNC2,-0.4431177011479265
ENSG00000089775,7597,ZBTB25,-0.559512095018173
ENSG00000196470,6477,SIAH1,0.4746703269793564
ENSG00000136754,10006,ABI1,0.3229204000835332
ENSG00000074054,23332,CLASP1,-0.5576202004381079
ENSG00000181264,219902,TLCD5,-0.6336366143595703
ENSG00000065548,55854,ZC3H15,-0.1600078443544357
ENSG00000165264,4712,NDUFB6,-0.1075947075541995
ENSG00000115514,10190,TXNDC9,0.1906231213738886
ENSG00000164934,25879,DCAF13,0.2578713433176334
ENSG00000198585,131870,NUDT16,-0.6255884886538214
ENSG00000281221,5704,PSMC4,0.1945104746325396
ENSG00000105939,56829,ZC3HAV1,-0.4402604711228133
ENSG00000160789,4000,LMNA,-0.7492689941750245
ENSG00000067248,54505,DHX29,-0.4666538555713383
ENSG00000182944,2130,EWSR1,-0.5601672463328518
ENSG00000084207,2950,GSTP1,-0.1914674625870457
ENSG00000156642,27020,NPTN,-0.2791004175057069
ENSG00000136003,23479,ISCU,-0.3171074255549376
ENSG00000183978,28958,COA3,0.2194616360396256
ENSG00000066044,1994,ELAVL1,0.4375519782207304
ENSG00000138182,9585,KIF20B,-0.5871436944731803
ENSG00000155090,7071,KLF10,0.3607228035989936
ENSG00000198075,27233,SULT1C4,-0.4344672602642269
ENSG00000291350,4969,OGN,0.3091277982240551
ENSG00000107164,8939,FUBP3,0.5305038636843494
ENSG00000148484,6251,RSU1,0.2203326787584434
ENSG00000135940,1329,COX5B,-0.1765343044569216
,,C16orf72,-0.4009703473281563
ENSG00000125148,4502,MT2A,-0.2870256350825166
ENSG00000167680,10501,SEMA6B,0.391984352384196
ENSG00000149591,6876,TAGLN,-0.6853349031286607
ENSG00000186007,93273,LEMD1,0.5454299391564322
ENSG00000158435,55571,CNOT11,-0.5139327587115675
ENSG00000108010,10539,GLRX3,-0.272094272098462
ENSG00000068120,80347,COASY,-0.4269728056232021
ENSG00000136448,4836,NMT1,0.3111916000480741
ENSG00000171992,11346,SYNPO,0.4686228073665923
ENSG00000137563,8836,GGH,-0.5645622509554185
ENSG00000185917,54093,SETD4,0.4477157700865306
ENSG00000114796,54800,KLHL24,0.2730139268347711
ENSG00000177700,5441,POLR2L,-0.2594214805263312
ENSG00000157500,26060,APPL1,-0.3636682161562751
ENSG00000090520,51726,DNAJB11,-0.4701348478228477
ENSG00000146376,93663,ARHGAP18,0.2973749466165905
ENSG00000064490,8625,RFXANK,-0.3622857842334371
ENSG00000132603,51388,NIP7,0.2978318473989049
ENSG00000214413,92482,BBIP1,-0.3511233439647546
ENSG00000110717,4728,NDUFS8,-0.2197073670393252
ENSG00000282307,5176,SERPINF1,-0.191374065961127
ENSG00000166908,79837,PIP4K2C,-0.5247559066120729
ENSG00000168090,10980,COPS6,-0.223759736500395
ENSG00000171453,9533,POLR1C,0.2875187923819365
ENSG00000072778,37,ACADVL,0.4481741339124561
ENSG00000171227,140738,TMEM37,-0.5650640303953596
ENSG00000103502,10423,CDIPT,-0.4722859900645597
ENSG00000213281,4893,NRAS,0.277460985450486
ENSG00000128228,23753,SDF2L1,-0.3601725918847654
ENSG00000139211,347902,AMIGO2,0.3746975693545408
ENSG00000183513,493753,COA5,-0.3063130710351808
ENSG00000075151,8672,EIF4G3,-0.4101748034710239
ENSG00000167699,51031,GLOD4,0.2361737810758218
ENSG00000158669,137964,GPAT4,-0.4970771671257073
ENSG00000112902,9037,SEMA5A,-0.4272231626324539
ENSG00000145335,6622,SNCA,-0.3978617984120667
ENSG00000096092,28978,TMEM14A,0.1854869205496726
ENSG00000079999,9817,KEAP1,-0.5415538208462453
ENSG00000131019,79465,ULBP3,-0.5123050152612165
ENSG00000214087,339231,ARL16,-0.5020740687706596
ENSG00000094880,8697,CDC23,0.324537865457414
ENSG00000087460,2778,GNAS,0.2035029960702545
ENSG00000163607,29083,GTPBP8,0.3252498400402479
ENSG00000123384,4035,LRP1,-0.6299212511223119
ENSG00000126698,22826,DNAJC8,0.1838567933037376
ENSG00000163938,26354,GNL3,0.2314570386964236
ENSG00000101745,23253,ANKRD12,0.4251170008675248
ENSG00000096696,1832,DSP,0.4154621417626751
ENSG00000188811,387921,NHLRC3,-0.5846649027910348
ENSG00000196154,6275,S100A4,-0.4043481850487927
ENSG00000100908,51016,EMC9,-0.5778750963770215
ENSG00000255302,23741,EID1,-0.2486108966734924
ENSG00000188895,339287,MSL1,0.4402619573468042
ENSG00000168004,117245,PLAAT5,0.4784449557953302
ENSG00000105379,2109,ETFB,-0.2460047931770882
ENSG00000124444,79177,ZNF576,0.5027045381655717
ENSG00000125611,84269,CHCHD5,0.2356344091935733
ENSG00000245532,283131,NEAT1,0.4232946790243028
ENSG00000114942,1933,EEF1B2,-0.2003877021434501
ENSG00000141447,114876,OSBPL1A,0.4903716701702525
ENSG00000280663,55251,PCMTD2,-0.3087510964143338
ENSG00000152684,53918,PELO,0.3582585057500206
ENSG00000122641,3624,INHBA,0.3951814096266561
ENSG00000189043,4697,NDUFA4,0.0933819781042301
ENSG00000166900,6809,STX3,0.5471661162962201
ENSG00000181924,51287,COA4,0.248614878910868
ENSG00000038427,1462,VCAN,0.1991647140965854
ENSG00000152133,253635,GPATCH11,-0.617617451367157
ENSG00000095787,51322,WAC,0.2797576613422664
ENSG00000163257,54876,DCAF16,-0.5425990788980968
ENSG00000119616,51077,FCF1,-0.5353347268894788
ENSG00000109534,54433,GAR1,-0.5850561476574917
ENSG00000157625,257397,TAB3,0.4018685326326556
ENSG00000182568,6304,SATB1,-0.5311510899903424
ENSG00000137814,55142,HAUS2,-0.4542413848317758
ENSG00000226950,57291,DANCR,0.1745430921865535
ENSG00000100372,10478,SLC25A17,0.2817117102238118
ENSG00000123908,27161,AGO2,-0.4498805925761041
ENSG00000124383,10199,MPHOSPH10,0.3407644295548934
ENSG00000173517,79834,PEAK1,0.5806829596856742
ENSG00000130640,10844,TUBGCP2,-0.6177912096983781
ENSG00000130147,23677,SH3BP4,0.439746535472824
ENSG00000121022,10987,COPS5,0.1755085846354942
ENSG00000075336,29090,TIMM21,0.3113171986130953
ENSG00000170456,160518,DENND5B,0.4643270084848172
ENSG00000111642,1108,CHD4,0.3572724591362745
ENSG00000071243,54556,ING3,-0.2749840462371743
ENSG00000175279,378708,CENPS,-0.5109670081335284
ENSG00000155008,139322,APOOL,-0.4483190298172081
ENSG00000140374,2108,ETFA,-0.2976711828126887
ENSG00000239865,79897,RPP21,-0.3934189434020477
ENSG00000131711,4131,MAP1B,-0.3701381822454689
ENSG00000011454,23637,RABGAP1,0.4212403537208632
ENSG00000100211,25776,CBY1,0.2914163221188295
ENSG00000184634,9968,MED12,0.5849373421871656
ENSG00000120942,29914,UBIAD1,-0.4632289508332389
ENSG00000128915,79664,ICE2,-0.3923654657278285
ENSG00000127540,10975,UQCR11,-0.1682049868944687
ENSG00000275003,1652,DDT,-0.6028808048134451
ENSG00000111540,5869,RAB5B,0.3451741981018877
ENSG00000155115,112495,GTF3C6,-0.1949830226550054
ENSG00000143125,84432,PROK1,0.4936087921661019
ENSG00000128606,10234,LRRC17,-0.2629603279317412
ENSG00000135486,3178,HNRNPA1,-0.0921331410668102
ENSG00000021776,9716,AQR,-0.3953896175156515
ENSG00000109084,27346,TMEM97,-0.1488617549305128
ENSG00000175215,10106,CTDSP2,0.2971446657203592
ENSG00000128829,440275,EIF2AK4,-0.3562996510832504
ENSG00000197093,79690,GAL3ST4,-0.576909044602385
ENSG00000204514,730051,ZNF814,-0.4026912735671934
ENSG00000124523,23408,SIRT5,-0.5635210133060781
ENSG00000162129,81570,CLPB,-0.498703043521519
ENSG00000164096,401152,C4orf3,0.1237675285886351
ENSG00000095906,10101,NUBP2,-0.4333047519166888
ENSG00000197694,6709,SPTAN1,0.4505181679694324
ENSG00000167645,90522,YIF1B,-0.4850298973413139
ENSG00000127993,84060,RBM48,0.3672160097828582
ENSG00000090054,10558,SPTLC1,0.2582727276653671
ENSG00000104915,8677,STX10,-0.5469738059978629
ENSG00000170653,11016,ATF7,0.3892846815746604
ENSG00000102172,6611,SMS,0.1953819281360809
ENSG00000188343,137392,CIBAR1,0.3431301581200667
ENSG00000120709,51307,FAM53C,0.4197544072228875
ENSG00000101365,3420,IDH3B,-0.3173674233492421
ENSG00000107562,6387,CXCL12,0.3267350945891661
ENSG00000135148,10906,TRAFD1,0.3351070707438814
ENSG00000115760,57448,BIRC6,-0.3224170159235064
ENSG00000188603,1201,CLN3,-0.4757128056023399
ENSG00000132153,22907,DHX30,-0.3472292648880453
ENSG00000001497,81887,LAS1L,0.3874024626636926
ENSG00000113580,2908,NR3C1,0.3755496537633777
ENSG00000164830,55074,OXR1,0.2559737502606286
ENSG00000282185,5799,PTPRN2,-0.4802209131236675
ENSG00000184840,54732,TMED9,-0.1846992824563336
ENSG00000186432,3840,KPNA4,-0.2626868550723767
ENSG00000033050,10061,ABCF2,0.3542497743542705
ENSG00000185201,10581,IFITM2,0.1257984872177331
ENSG00000112062,1432,MAPK14,0.4486352277306479
ENSG00000055044,51602,NOP58,-0.2417679379353795
ENSG00000108671,5717,PSMD11,-0.2172933800192824
ENSG00000089902,23186,RCOR1,0.5166610414552425
ENSG00000072501,8243,SMC1A,-0.472296362202139
ENSG00000102265,7076,TIMP1,0.1667757826030544
ENSG00000198431,7296,TXNRD1,0.2110664248069058
ENSG00000164182,91942,NDUFAF2,-0.1989052196289064
ENSG00000182463,128553,TSHZ2,-0.3471660590639954
ENSG00000253719,552889,ATXN7L3B,-0.2331279675938888
ENSG00000132466,26057,ANKRD17,0.3538280156752074
ENSG00000254772,1937,EEF1G,0.0653535149048693
ENSG00000172399,51778,MYOZ2,0.3166261132857758
ENSG00000147669,5440,POLR2K,0.1366933617556599
ENSG00000108384,5889,RAD51C,0.2324980635410797
ENSG00000135269,26136,TES,-0.5236940008030934
ENSG00000112249,10973,ASCC3,0.552039692492736
ENSG00000138615,8483,CILP,0.4841546921040506
ENSG00000074603,54878,DPP8,0.3811479900409932
ENSG00000187837,3006,H1-2,-0.4491839920723938
ENSG00000108506,57508,INTS2,-0.5608915366505359
ENSG00000163636,9861,PSMD6,-0.1889895726069754
ENSG00000055917,23369,PUM2,0.3186989778563369
ENSG00000104343,55284,UBE2W,-0.2912695338217624
ENSG00000147905,84186,ZCCHC7,-0.2939635861169143
ENSG00000135336,23595,ORC3,0.2997168144989011
ENSG00000197157,27044,SND1,0.2731747070283317
ENSG00000165392,7486,WRN,-0.5562500782167188
ENSG00000138399,79675,FASTKD1,0.5813041139351607
ENSG00000101191,11083,DIDO1,-0.4601104037847318
ENSG00000267855,4701,NDUFA7,0.1414458063119389
ENSG00000204084,3633,INPP5B,-0.5375967749170437
ENSG00000150527,4253,MIA2,-0.5114796478845122
ENSG00000215012,79680,RTL10,-0.4074015794015397
ENSG00000163798,22950,SLC4A1AP,-0.5733828280475078
ENSG00000196141,26010,SPATS2L,-0.4778572754601931
ENSG00000087250,4504,MT3,-0.2375040076485284
ENSG00000115484,10575,CCT4,0.2032215574147308
ENSG00000145016,9711,RUBCN,-0.535168933433784
ENSG00000128185,85359,DGCR6L,-0.4136131621747106
ENSG00000101871,4281,MID1,0.5684274620748445
ENSG00000082781,3693,ITGB5,0.5031869866596905
ENSG00000186132,130355,C2orf76,0.4079457663185334
ENSG00000075415,5250,SLC25A3,-0.221792615867294
ENSG00000050130,51528,JKAMP,0.2641796650660684
ENSG00000089818,25977,NECAP1,0.474952817660525
ENSG00000241343,6173,RPL36A,-0.1613178033623313
ENSG00000175155,388403,YPEL2,-0.4005277806043903
ENSG00000064601,5476,CTSA,0.2997509597377937
ENSG00000122034,2971,GTF3A,0.3551218897603847
ENSG00000143543,10899,JTB,-0.2781940200394194
ENSG00000011143,54903,MKS1,0.5357721397540782
ENSG00000148396,9919,SEC16A,0.5292635713316796
ENSG00000116649,6723,SRM,-0.5482240237524096
ENSG00000144451,79582,SPAG16,-0.4228491027454482
ENSG00000177150,125228,FAM210A,-0.3761625342718933
ENSG00000104412,9694,EMC2,0.2336213674256092
ENSG00000163528,131474,CHCHD4,-0.437421444410157
ENSG00000196233,84458,LCOR,-0.3247537765363786
ENSG00000011566,8491,MAP4K3,0.4458915566905044
ENSG00000004478,2288,FKBP4,0.4185687454236099
ENSG00000179059,132625,ZFP42,0.5595805201398176
ENSG00000143633,128061,C1orf131,-0.3671199830059105
ENSG00000173848,10276,NET1,0.4037818625000883
ENSG00000088682,57017,COQ9,-0.4329529781997694
ENSG00000119487,79109,MAPKAP1,-0.5427671673212073
ENSG00000186141,10623,POLR3C,0.3158130069425847
ENSG00000280682,10525,HYOU1,-0.409615138379841
ENSG00000008294,9043,SPAG9,-0.5111485566403049
ENSG00000103978,25963,TMEM87A,0.2210745862967079
ENSG00000154174,9868,TOMM70,0.38951763951842
ENSG00000100387,9978,RBX1,0.1056485714835125
ENSG00000139641,23344,ESYT1,0.3634224858550711
ENSG00000078668,7419,VDAC3,0.1580475524209871
ENSG00000237765,285550,FAM200B,0.239203507195252
ENSG00000100350,80020,FOXRED2,-0.6324181417177773
ENSG00000120694,10808,HSPH1,0.2841829006671397
ENSG00000118777,9429,ABCG2,0.4700295203129922
ENSG00000159202,65264,UBE2Z,0.298065490293415
ENSG00000145494,4726,NDUFS6,-0.2768087490596347
ENSG00000163069,6443,SGCB,-0.2791515383274865
ENSG00000110330,329,BIRC2,0.2710595450305819
ENSG00000131153,51659,GINS2,-0.3852584301815326
ENSG00000163479,6746,SSR2,0.0832650504450762
ENSG00000164032,3015,H2AZ1,0.1311249295156777
ENSG00000130707,445,ASS1,0.1351819237193012
ENSG00000159685,84303,CHCHD6,-0.4102898818280713
ENSG00000015153,10138,YAF2,0.3465900366465524
ENSG00000183036,5121,PCP4,0.4625910199022487
ENSG00000117500,50999,TMED5,0.32122983996428
ENSG00000129460,25983,NGDN,0.214711010592889
ENSG00000110906,83892,KCTD10,0.4757956809712269
ENSG00000134001,1965,EIF2S1,-0.2515508322026741
ENSG00000105373,29997,NOP53,-0.3741467708758816
ENSG00000126458,6237,RRAS,-0.3268649176804637
ENSG00000143761,375,ARF1,-0.269014468428156
ENSG00000135931,80210,ARMC9,0.4046984532061052
ENSG00000156735,9530,BAG4,-0.3312310112220094
ENSG00000077458,143684,FAM76B,0.5301446693779849
ENSG00000130021,8226,PUDP,0.3673462897673969
ENSG00000121644,51029,DESI2,0.384627424170871
ENSG00000093072,51816,ADA2,0.4594801756523011
ENSG00000168899,10791,VAMP5,-0.336570430207737
ENSG00000065559,6416,MAP2K4,0.4369718630530796
ENSG00000138095,10128,LRPPRC,-0.2737003979588217
ENSG00000167985,54949,SDHAF2,-0.1501117542114146
ENSG00000107819,81855,SFXN3,-0.4173457183022337
ENSG00000230995,5514,PPP1R10,-0.4514227003538153
ENSG00000137154,6194,RPS6,0.0787556776405638
ENSG00000140022,85439,STON2,-0.5252217671635143
,,CXorf56,-0.4726636201436628
ENSG00000185686,23532,PRAME,0.3513877712004333
ENSG00000164318,133584,EGFLAM,0.5229733308682285
ENSG00000178988,114932,MRFAP1L1,-0.19507149891109
ENSG00000135297,25821,MTO1,0.3111221543569801
ENSG00000183431,10946,SF3A3,0.2291556212807763
ENSG00000183726,23585,TMEM50A,-0.260053594503815
ENSG00000171055,9637,FEZ2,0.3780621928332902
ENSG00000178127,4729,NDUFV2,-0.1393273160344246
ENSG00000100577,2954,GSTZ1,-0.2404435468235922
ENSG00000130811,8666,EIF3G,-0.2529461315701036
ENSG00000213782,51202,DDX47,0.264723768711698
ENSG00000126883,8021,NUP214,0.3597681032654694
ENSG00000023318,23071,ERP44,0.2803620550888325
ENSG00000159199,516,ATP5MC1,0.1550116058665476
ENSG00000089154,10985,GCN1,0.4468159487997769
ENSG00000127824,7277,TUBA4A,0.4761281154374951
ENSG00000186660,80829,ZFP91,0.3088898686603358
ENSG00000143845,55224,ETNK2,-0.4808814388385551
ENSG00000100099,89781,HPS4,0.4546085161345093
ENSG00000143322,27,ABL2,0.5498087590553438
ENSG00000221823,5534,PPP3R1,-0.545194215097137
ENSG00000109046,26118,WSB1,-0.3029288027750337
ENSG00000177042,283232,TMEM80,-0.5388899348650855
ENSG00000138442,55759,WDR12,0.3360318389218495
ENSG00000071054,9448,MAP4K4,0.298241809796985
ENSG00000143891,130589,GALM,0.2638647434519168
ENSG00000125445,51081,MRPS7,0.1513036716945241
ENSG00000161970,6154,RPL26,-0.1736500701022575
ENSG00000164008,79078,C1orf50,-0.5290098057345743
ENSG00000002586,4267,CD99,-0.1808019229630086
ENSG00000171824,5394,EXOSC10,0.3136329292489543
ENSG00000084072,10450,PPIE,-0.1298925439823947
ENSG00000110801,5715,PSMD9,-0.3874133058452553
ENSG00000196636,57001,SDHAF3,-0.2366206739333863
ENSG00000169871,81844,TRIM56,0.4368195371283704
ENSG00000134744,23318,TUT4,-0.5942036200209629
ENSG00000105176,8725,URI1,0.4487634237942535
ENSG00000289690,56257,MEPCE,0.4529881890681122
ENSG00000163946,23272,TASOR,-0.3306760030313836
ENSG00000164543,9263,STK17A,0.4309294223805981
ENSG00000116991,57568,SIPA1L2,0.6052712708149146
ENSG00000069248,55746,NUP133,0.3811707255237742
ENSG00000131368,64432,MRPS25,-0.2992984577826377
ENSG00000127463,23065,EMC1,0.2902510784116885
ENSG00000004866,7982,ST7,0.514793502165629
ENSG00000116514,127544,RNF19B,-0.4683164409545893
ENSG00000119673,10965,ACOT2,0.5072259846926102
ENSG00000198700,55705,IPO9,0.373969113533804
ENSG00000127616,6597,SMARCA4,-0.4435630924805315
ENSG00000124596,221443,OARD1,0.3056860360029145
ENSG00000135968,9648,GCC2,-0.5435659566960684
ENSG00000139180,4704,NDUFA9,0.2080250201268031
ENSG00000145725,23262,PPIP5K2,-0.4129488224468303
ENSG00000139546,6895,TARBP2,0.4712341322654883
ENSG00000125848,23767,FLRT3,0.4985342492940947
,,HHLA3,0.3895062573123831
ENSG00000184937,7490,WT1,0.2721627024686918
ENSG00000139233,84298,LLPH,0.1822537074470271
ENSG00000128059,5471,PPAT,-0.4473857832209304
ENSG00000170266,2720,GLB1,0.2305594618849135
ENSG00000292174,493812,HCG11,-0.5129900392521326
ENSG00000113658,4090,SMAD5,-0.2541391836064089
ENSG00000171649,284307,ZIK1,-0.5731384040437287
ENSG00000227315,4758,NEU1,0.3642646953970468
ENSG00000126091,6487,ST3GAL3,-0.614524003977794
ENSG00000102575,54,ACP5,-0.4333218670473002
ENSG00000177697,977,CD151,-0.4156754384822875
ENSG00000123219,64105,CENPK,-0.4268579309261784
ENSG00000123240,10133,OPTN,0.3130012487911135
ENSG00000008324,51188,SS18L2,0.2328643477519064
ENSG00000125351,65109,UPF3B,-0.5835178934030202
ENSG00000148468,221061,FAM171A1,-0.5742109373410954
ENSG00000160285,4047,LSS,0.5022268356704437
ENSG00000012174,51360,MBTPS2,0.4462270843026799
ENSG00000185008,6092,ROBO2,0.3935544096700636
ENSG00000087263,55239,OGFOD1,-0.2841830639966424
ENSG00000115084,80255,SLC35F5,-0.2960960202974866
ENSG00000138032,5495,PPM1B,0.3875125744639225
ENSG00000163754,2992,GYG1,0.2020643882225563
ENSG00000254858,84769,MPV17L2,-0.5211157789043495
ENSG00000141030,8533,COPS3,-0.1625687122582421
ENSG00000139278,11010,GLIPR1,0.4544079548053805
ENSG00000089057,9962,SLC23A2,0.3692428889316985
ENSG00000136868,1317,SLC31A1,0.3415569909171079
ENSG00000070087,5217,PFN2,-0.1204983360924475
ENSG00000076944,6813,STXBP2,-0.4935323005079761
ENSG00000175938,93129,ORAI3,-0.4058476481252029
ENSG00000205155,55851,PSENEN,0.1664652450369968
ENSG00000134247,5738,PTGFRN,-0.308400299863128
ENSG00000196465,140465,MYL6B,-0.1602508641657224
ENSG00000058056,8975,USP13,0.2813690069385217
ENSG00000102543,81602,CDADC1,-0.3789456798976464
ENSG00000121964,79712,GTDC1,-0.4494002902418184
ENSG00000292096,8520,HAT1,0.1690276619531754
ENSG00000112159,23195,MDN1,0.5843716906857382
ENSG00000228907,6048,RNF5,-0.3729219683280088
ENSG00000283868,57659,ZBTB4,0.4889083071720708
ENSG00000170584,134492,NUDCD2,-0.3915684692074201
ENSG00000119004,57404,CYP20A1,-0.2805095868189276
ENSG00000178694,63899,NSUN3,-0.411300637814097
ENSG00000166147,2200,FBN1,0.3237999343861769
ENSG00000039319,9765,ZFYVE16,-0.358515445333819
ENSG00000067704,55699,IARS2,0.32713748648306
ENSG00000138085,51374,ATRAID,0.1178914332627469
ENSG00000146670,113130,CDCA5,-0.5451842307326072
ENSG00000110442,29099,COMMD9,0.1727470170556327
ENSG00000170242,55031,USP47,0.3148332392923443
ENSG00000071127,9948,WDR1,0.3397873860234832
ENSG00000135829,1660,DHX9,-0.192671963714899
ENSG00000120594,84898,PLXDC2,-0.3179750652628432
ENSG00000141424,25800,SLC39A6,0.3342307802400183
ENSG00000131773,10656,KHDRBS3,0.4995330964293478
ENSG00000115216,29959,NRBP1,-0.3967138842667397
ENSG00000078674,5108,PCM1,-0.3678147778140994
ENSG00000185947,10308,ZNF267,0.4138082572089743
ENSG00000005436,6936,GCFC2,-0.412195300737571
ENSG00000116353,51102,MECR,-0.3837616194837911
ENSG00000018510,8540,AGPS,0.4201229887472289
ENSG00000133983,51241,COX16,-0.454373943774648
ENSG00000107959,10531,PITRM1,0.4002759031508305
ENSG00000069188,54549,SDK2,0.415779469849778
ENSG00000141759,10907,TXNL4A,0.3373813290440047
ENSG00000233927,6234,RPS28,-0.1643487140858363
ENSG00000080824,3320,HSP90AA1,-0.1195545666127022
ENSG00000068305,4205,MEF2A,-0.477191567358446
ENSG00000120688,11193,WBP4,-0.2560678322004171
ENSG00000131375,23473,CAPN7,-0.5043316392794288
ENSG00000172795,167227,DCP2,0.2546964542336529
ENSG00000185721,4733,DRG1,0.1622938211917012
ENSG00000111203,55846,ITFG2,0.3069726975659891
ENSG00000164253,55255,WDR41,0.3081820926925169
ENSG00000169118,53944,CSNK1G1,0.5071737758769226
ENSG00000083168,7994,KAT6A,0.383831591124089
ENSG00000133134,84707,BEX2,0.2346297144385737
ENSG00000256771,56242,ZNF253,0.3709235824029895
ENSG00000256060,10597,TRAPPC2B,0.2534166679943853
ENSG00000100532,10668,CGRRF1,0.2298072574348196
ENSG00000173933,5936,RBM4,-0.2514327653942597
ENSG00000105221,208,AKT2,0.4822258718438533
ENSG00000120526,84955,NUDCD1,-0.3716026973756537
ENSG00000240563,54596,L1TD1,-0.495676420913249
ENSG00000064042,22998,LIMCH1,-0.3417156652404768
ENSG00000131828,5160,PDHA1,0.2233237704349011
ENSG00000110092,595,CCND1,-0.4528033640153921
ENSG00000132591,26284,ERAL1,-0.1804902068742178
ENSG00000127054,54973,INTS11,-0.5078016556542195
ENSG00000143013,8543,LMO4,-0.3847556820634274
ENSG00000163875,64769,MEAF6,-0.3003457965472521
ENSG00000166902,54948,MRPL16,-0.2506602625830698
ENSG00000099995,10291,SF3A1,0.4834701705591722
ENSG00000090857,55066,PDPR,0.4353090495865674
ENSG00000120725,64374,SIL1,-0.5898579618563007
ENSG00000249915,10016,PDCD6,-0.2243921022233147
ENSG00000169490,83877,TM2D2,-0.2452583359222674
ENSG00000133027,10400,PEMT,-0.2868693905214063
ENSG00000006530,55750,AGK,0.3929210203331912
ENSG00000026652,56895,AGPAT4,0.4461531575295316
ENSG00000101350,9371,KIF3B,0.5299584210931755
ENSG00000150551,116372,LYPD1,0.5103219769650371
ENSG00000154710,27342,RABGEF1,0.3995183832863795
ENSG00000126953,1678,TIMM8A,0.3288800063344419
ENSG00000094975,51430,SUCO,-0.3482993383800408
ENSG00000111361,1967,EIF2B1,-0.421066451998933
ENSG00000074201,1207,CLNS1A,-0.1923498949432713
ENSG00000217555,51192,CKLF,0.194132155180126
ENSG00000136045,11137,PWP1,0.1472564133538248
ENSG00000146282,57038,RARS2,0.2039393977218551
ENSG00000124570,5269,SERPINB6,0.1485367203729063
ENSG00000155659,11326,VSIG4,0.4084604438834534
ENSG00000086061,3301,DNAJA1,0.1413790696722422
ENSG00000168438,51362,CDC40,-0.3166094065726467
ENSG00000137145,55667,DENND4C,0.3754951565265557
ENSG00000005486,57414,RHBDD2,-0.3591690075430385
ENSG00000101544,22850,ADNP2,-0.3920898535403819
ENSG00000149809,7108,TM7SF2,-0.3364697293549294
ENSG00000173473,6599,SMARCC1,-0.2635762957191847
ENSG00000136874,55014,STX17,-0.2990508471825768
ENSG00000074842,56005,MYDGF,-0.2997585236826028
ENSG00000016864,55830,GLT8D1,0.3198106357119063
ENSG00000091640,9552,SPAG7,-0.2146433317139198
ENSG00000179115,2193,FARSA,0.3103494058734919
,,C12orf65,0.244412756558787
ENSG00000113048,23107,MRPS27,0.1811970341934506
ENSG00000162521,5928,RBBP4,0.3877528536996838
ENSG00000089050,10741,RBBP9,0.381505723073763
ENSG00000204237,339229,OXLD1,-0.5139646981679221
ENSG00000102317,5935,RBM3,0.1233238099282803
ENSG00000258818,6038,RNASE4,0.2141670027650991
ENSG00000223618,6293,VPS52,0.461186084971451
ENSG00000131876,6627,SNRPA1,-0.3052787498464205
ENSG00000118508,10981,RAB32,0.4500624708054357
ENSG00000146729,2631,NIPSNAP2,-0.3474581331903428
ENSG00000099203,11018,TMED1,-0.3683963842854361
ENSG00000145191,8893,EIF2B5,0.4195392943477021
ENSG00000136643,26750,RPS6KC1,0.4376511892848425
ENSG00000137824,55177,RMDN3,-0.5822256048639575
ENSG00000116161,27101,CACYBP,-0.1576684640141079
ENSG00000113272,54974,THG1L,0.202564005939324
ENSG00000133703,3845,KRAS,-0.3853292133066024
ENSG00000171314,5223,PGAM1,-0.2028531544957647
ENSG00000161638,3678,ITGA5,0.5348916915891521
ENSG00000059758,5128,CDK17,0.4790887859197697
ENSG00000196924,2316,FLNA,-0.5283406807649893
ENSG00000152409,133746,JMY,-0.465405080449716
ENSG00000131023,9113,LATS1,-0.3788136112200657
ENSG00000232388,388789,SMIM26,0.0996595794741041
ENSG00000149131,710,SERPING1,0.3009144710408868
ENSG00000167333,55128,TRIM68,0.3603679182084899
ENSG00000164167,11157,LSM6,-0.164007426408841
ENSG00000137413,129685,TAF8,-0.4312137624652383
ENSG00000149136,6749,SSRP1,0.2443411978490223
ENSG00000005812,26224,FBXL3,0.3014713665766386
ENSG00000178996,112574,SNX18,-0.2628331432112956
ENSG00000129493,25938,HEATR5A,0.3634237545714796
ENSG00000071626,26528,DAZAP1,-0.4366330468215887
ENSG00000154059,55364,IMPACT,0.3849384411125741
ENSG00000187778,10445,MCRS1,0.2317661571871561
ENSG00000117758,23673,STX12,0.2195594530333771
ENSG00000181458,55076,TMEM45A,0.208063046978359
ENSG00000292215,10245,TIMM17B,-0.2672057605881201
ENSG00000146476,79624,ARMT1,0.2653718341222703
ENSG00000156471,9791,PTDSS1,0.2801608133435161
ENSG00000153922,1105,CHD1,-0.4239022453273317
ENSG00000061987,23041,MON2,-0.4348985234689198
ENSG00000166233,25820,ARIH1,0.3103928851053786
ENSG00000172893,1717,DHCR7,-0.2963161460642945
ENSG00000110011,3338,DNAJC4,-0.5323361760244468
ENSG00000135679,4193,MDM2,-0.2554570741331181
ENSG00000291745,84246,MED10,0.241625519434215
ENSG00000168994,221749,PXDC1,-0.4681028419218699
ENSG00000132432,23480,SEC61G,0.1047173201562879
ENSG00000187735,6917,TCEA1,-0.2796364445907892
ENSG00000102804,8848,TSC22D1,0.2208949263395674
ENSG00000105677,10430,TMEM147,-0.2148230522186566
ENSG00000144635,51143,DYNC1LI1,-0.3491086710553037
ENSG00000107438,9124,PDLIM1,0.3771083480113308
ENSG00000165169,6990,DYNLT3,0.2908070062816031
ENSG00000136021,55681,SCYL2,0.346844954635833
ENSG00000029639,51106,TFB1M,0.2722325063192986
ENSG00000113742,80315,CPEB4,-0.4498355524693466
ENSG00000006125,163,AP2B1,0.3508027487559668
ENSG00000119661,83544,DNAL1,0.5022844978621124
ENSG00000197586,955,ENTPD6,0.2885315018938177
ENSG00000153936,9653,HS2ST1,0.3131144896502904
ENSG00000138081,80204,FBXO11,-0.3714681585970537
ENSG00000014123,23376,UFL1,-0.3165645372561114
ENSG00000182400,122553,TRAPPC6B,-0.3645810681014611
ENSG00000176105,7525,YES1,0.3191041142208307
ENSG00000162623,127253,TYW3,-0.2826222260496732
ENSG00000128394,200316,APOBEC3F,-0.3960915811862049
ENSG00000118246,22868,FASTKD2,0.2402382905376622
ENSG00000161981,79622,SNRNP25,-0.273493455943729
ENSG00000205133,286144,TRIQK,0.2695140680102169
ENSG00000197928,342926,ZNF677,0.323036132298056
ENSG00000114650,22937,SCAP,0.3265970208737618
,,CENPBD1P1,-0.4831364884239875
ENSG00000151617,1909,EDNRA,0.4302766933282415
ENSG00000114098,25852,ARMC8,0.3402061473590025
ENSG00000157954,26100,WIPI2,-0.4997093681198149
ENSG00000088205,8886,DDX18,0.1484773272609684
ENSG00000106080,55033,FKBP14,-0.4166580261481181
ENSG00000145284,79966,SCD5,-0.2916348480199615
ENSG00000088930,22803,XRN2,-0.1755285812995936
ENSG00000153113,831,CAST,0.422381609671738
ENSG00000107290,23064,SETX,0.3194209805125758
ENSG00000221926,10626,TRIM16,-0.2680460715373443
ENSG00000156467,7381,UQCRB,0.0806146038384742
ENSG00000188313,5359,PLSCR1,0.3651639349082205
ENSG00000196704,51321,AMZ2,0.2061418954168037
ENSG00000074582,617,BCS1L,0.3998365644241354
ENSG00000125652,84266,ALKBH7,-0.3130418474619452
ENSG00000163083,3625,INHBB,0.3028381029640562
ENSG00000145833,9879,DDX46,-0.2243093174865096
ENSG00000104290,7976,FZD3,-0.363245634788124
ENSG00000213853,2013,EMP2,-0.3256935382268587
ENSG00000099956,6598,SMARCB1,-0.4817310158164151
ENSG00000150471,23284,ADGRL3,-0.4383911575512877
ENSG00000104613,55174,INTS10,0.3661893317250015
ENSG00000091409,3655,ITGA6,-0.2587780280428589
ENSG00000157426,132949,AASDH,-0.4576615005207931
ENSG00000140577,64784,CRTC3,0.3319459918937334
ENSG00000109787,51274,KLF3,-0.382035790234914
ENSG00000167775,51293,CD320,-0.4056530141983199
,,FAM160B1,0.5005087814469189
ENSG00000137486,408,ARRB1,0.3663880783449846
ENSG00000122257,5930,RBBP6,0.4239947857483253
ENSG00000138029,3032,HADHB,0.1074558601283936
ENSG00000115392,55120,FANCL,0.2615187491273903
ENSG00000073111,4171,MCM2,0.4641790506453849
ENSG00000146085,4594,MMUT,0.3431499454259484
ENSG00000134202,2947,GSTM3,0.142967232886785
ENSG00000182899,6165,RPL35A,-0.1550919211559666
ENSG00000079387,29843,SENP1,-0.5087098278552455
ENSG00000181852,10193,RNF41,0.3240135027098624
ENSG00000100321,9145,SYNGR1,-0.3719607963204652
ENSG00000185475,374395,TMEM179B,-0.1854171414955252
ENSG00000121691,847,CAT,0.2291749134576603
ENSG00000130635,1289,COL5A1,-0.4808163192610443
ENSG00000213626,81606,LBH,0.3760615773287783
ENSG00000153904,23576,DDAH1,-0.3284984674202284
ENSG00000153767,2960,GTF2E1,-0.3171245483259119
ENSG00000131981,3958,LGALS3,0.370333714269163
ENSG00000163171,10602,CDC42EP3,-0.4206340541660261
ENSG00000128918,8854,ALDH1A2,0.4608213418524511
ENSG00000096401,988,CDC5L,-0.2679603163788489
ENSG00000150753,22948,CCT5,0.1024627215803263
ENSG00000102974,10664,CTCF,0.4201011767520428
ENSG00000163161,2071,ERCC3,0.3941911078411839
ENSG00000100335,54471,MIEF1,0.3731444170439308
ENSG00000141696,10609,P3H4,0.5328680308007034
ENSG00000068878,23198,PSME4,-0.2636939865431357
ENSG00000116473,5906,RAP1A,0.2817981921096001
ENSG00000165512,7570,ZNF22,-0.1741255462441807
ENSG00000250423,57481,KIAA1210,-0.3883802775168079
ENSG00000168288,27249,MMADHC,0.1107810429050518
ENSG00000062716,81671,VMP1,0.1692819197932074
ENSG00000137818,6176,RPLP1,-0.0987918384489382
ENSG00000233948,5987,TRIM27,0.3356153888895842
ENSG00000101457,116092,DNTTIP1,-0.3537667938589062
ENSG00000163644,152926,PPM1K,-0.2667131078130045
ENSG00000115109,57669,EPB41L5,-0.3572853003927296
ENSG00000247498,100506314,GPRC5D-AS1,0.4495880042262284
ENSG00000274829,5073,PARN,-0.4224912685519708
ENSG00000112280,1297,COL9A1,0.5905081032499223
ENSG00000123562,9643,MORF4L2,0.1326930708001129
ENSG00000103876,2184,FAH,0.2831170174332693
ENSG00000168556,3622,ING2,0.4531956609585288
ENSG00000197429,3652,IPP,-0.4816145764903643
ENSG00000168291,5162,PDHB,0.1946713795485819
ENSG00000157214,261729,STEAP2,-0.4146586904671284
ENSG00000152661,2697,GJA1,0.2407935377062207
ENSG00000122140,51116,MRPS2,-0.4912751546599824
ENSG00000057252,6646,SOAT1,-0.2679491573943046
ENSG00000187257,222194,RSBN1L,-0.3007929223339124
ENSG00000071462,114049,BUD23,-0.2616197618364679
ENSG00000118454,81573,ANKRD13C,0.4950185698777902
ENSG00000184203,5504,PPP1R2,-0.3135597090495349
ENSG00000088833,55968,NSFL1C,-0.2649537579379477
ENSG00000214253,51024,FIS1,-0.1644253474185817
ENSG00000100796,55671,PPP4R3A,0.369258934550329
ENSG00000253729,5591,PRKDC,-0.3151684295025452
ENSG00000125458,30833,NT5C,-0.4955066473326447
ENSG00000106266,29886,SNX8,0.4826514417483327
,,C12orf73,0.3332223267771397
ENSG00000114346,1894,ECT2,-0.4529182857703125
ENSG00000015475,637,BID,0.4113730810116737
ENSG00000094916,23468,CBX5,-0.1412201227821513
ENSG00000163468,7203,CCT3,0.0991656170885991
ENSG00000156171,128338,DRAM2,0.1619592984583534
ENSG00000172239,10605,PAIP1,-0.2931579269674474
ENSG00000166532,57494,RIMKLB,-0.448200313733207
ENSG00000080503,6595,SMARCA2,0.2496826899537327
ENSG00000160799,151903,CCDC12,-0.3688246411119252
ENSG00000093009,8318,CDC45,-0.4336383114018524
ENSG00000205659,91750,LIN52,0.4460887800029041
ENSG00000160075,29101,SSU72,-0.2501416471679129
ENSG00000176014,84617,TUBB6,0.3590550714915443
ENSG00000165280,7415,VCP,-0.2313390729670763
ENSG00000146263,253714,MMS22L,0.4725170830423042
ENSG00000112996,10884,MRPS30,-0.4694602092638244
ENSG00000118985,22936,ELL2,-0.3899470850537778
ENSG00000168256,28511,NKIRAS2,-0.3140879508143525
ENSG00000170275,10491,CRTAP,0.2522234827133039
ENSG00000167740,124936,CYB5D2,-0.31110830773625
ENSG00000117625,55758,RCOR3,0.4105059790174665
ENSG00000158411,129531,MITD1,-0.3418540980138507
ENSG00000115993,66008,TRAK2,-0.3522665167680965
ENSG00000008517,9235,IL32,0.2137584227721666
ENSG00000072736,4775,NFATC3,0.3968230983658049
ENSG00000108578,642,BLMH,-0.3374129668603088
ENSG00000135387,4076,CAPRIN1,0.2191506237780609
ENSG00000089289,3476,IGBP1,0.1264505011388435
ENSG00000097033,51100,SH3GLB1,0.2455726079993055
ENSG00000085719,8895,CPNE3,-0.2124727588664615
ENSG00000118418,9324,HMGN3,0.1037570803712119
ENSG00000131508,7322,UBE2D2,-0.2066368920580074
ENSG00000007255,79090,TRAPPC6A,-0.3231790002631744
ENSG00000116138,23341,DNAJC16,-0.4003062576005718
ENSG00000167930,83986,FAM234A,-0.3552662185645341
ENSG00000116580,54856,GON4L,0.3752395231485553
ENSG00000165688,23203,PMPCA,-0.5457966361194957
ENSG00000106400,10467,ZNHIT1,-0.2211304696878295
ENSG00000158019,9577,BABAM2,0.2466659856904326
ENSG00000090273,10726,NUDC,-0.3118191602871861
ENSG00000147224,5631,PRPS1,-0.3503367027873729
ENSG00000100883,6729,SRP54,0.188248105298164
ENSG00000204070,90196,SYS1,0.1853148035438171
ENSG00000100926,10548,TM9SF1,-0.3855749798600963
ENSG00000092445,7301,TYRO3,-0.3072375876575514
ENSG00000067955,865,CBFB,-0.3813120900186967
ENSG00000101361,10528,NOP56,-0.1900923920600396
ENSG00000120925,81790,RNF170,0.2953628275337113
ENSG00000164961,9897,WASHC5,0.4647216314661296
ENSG00000132463,2926,GRSF1,-0.2530628163887639
ENSG00000245060,729678,LINC00847,0.3535497082139822
ENSG00000114107,80321,CEP70,-0.4399220509769626
ENSG00000113384,64083,GOLPH3,0.2676185629219154
ENSG00000149792,740,MRPL49,0.2489457998204882
ENSG00000173456,79102,RNF26,0.4293738131572376
ENSG00000125844,6238,RRBP1,-0.5373275743906699
ENSG00000133316,54663,WDR74,0.3253732291454711
ENSG00000162368,51727,CMPK1,-0.4047046981493076
ENSG00000121152,23397,NCAPH,-0.4576016940749051
ENSG00000147164,29934,SNX12,0.3432849611418742
ENSG00000291380,55707,NECAP2,0.3373604528672655
ENSG00000111596,4848,CNOT2,0.1723699580708175
ENSG00000117543,51611,DPH5,-0.1831090299313746
ENSG00000056487,112885,PHF21B,-0.3540331827918252
ENSG00000120656,6883,TAF12,0.2542611658542761
ENSG00000155827,56254,RNF20,0.3241451673012122
ENSG00000122733,23349,PHF24,-0.2593865681002862
ENSG00000123352,65244,SPATS2,-0.3195141496678461
ENSG00000107223,8721,EDF1,-0.1509069809955411
ENSG00000171262,283742,FAM98B,0.4245597783395539
ENSG00000177425,5074,PAWR,-0.388856913551506
ENSG00000100949,5875,RABGGTA,0.3093967307754435
ENSG00000160087,118424,UBE2J2,-0.5012371990647578
ENSG00000102098,10389,SCML2,0.3347138615892119
ENSG00000284915,26277,TINF2,-0.3386578783879373
ENSG00000109472,1363,CPE,0.2563526464412027
ENSG00000137500,60492,CCDC90B,0.1668117109716882
ENSG00000075945,22920,KIFAP3,0.2470262596200476
ENSG00000127948,5447,POR,-0.3789221427505257
ENSG00000196072,282991,BLOC1S2,-0.385374751220449
ENSG00000104870,2217,FCGRT,-0.200498801934252
ENSG00000163956,4043,LRPAP1,-0.3049602558391865
ENSG00000141279,9520,NPEPPS,-0.3070666693638675
ENSG00000171863,6201,RPS7,-0.1548515822599356
ENSG00000132581,6388,SDF2,-0.1408974588710514
ENSG00000165283,30968,STOML2,-0.1637401801131386
ENSG00000129625,7905,REEP5,0.1661680485925088
ENSG00000125901,64949,MRPS26,-0.2824276859139756
ENSG00000163866,113444,SMIM12,-0.2857938038085885
ENSG00000130396,4301,AFDN,-0.4307173030877
,,TCTEX1D2,-0.2828507281840265
ENSG00000144224,23190,UBXN4,-0.2039967762218789
ENSG00000179833,9792,SERTAD2,0.3968292997549844
ENSG00000164134,80155,NAA15,-0.2670469227048178
ENSG00000134352,3572,IL6ST,0.2560702485696364
ENSG00000143420,2029,ENSA,-0.2496820607344401
ENSG00000179632,84232,MAF1,-0.4526956095320444
ENSG00000105193,6217,RPS16,-0.1331947714361065
ENSG00000014641,4190,MDH1,0.099619963636696
ENSG00000125810,22918,CD93,-0.3488696861598735
ENSG00000282958,10236,HNRNPR,-0.2807952318557722
ENSG00000184887,90135,BTBD6,0.5446535770333644
ENSG00000081177,55218,EXD2,0.5402761662304009
ENSG00000170899,2941,GSTA4,-0.0965981816060639
ENSG00000114021,56954,NIT2,-0.1532949268329885
ENSG00000157654,445815,PALM2AKAP2,-0.4268473436864138
ENSG00000101417,11264,PXMP4,-0.3870487490235496
ENSG00000197498,84154,RPF2,0.1965591703563643
ENSG00000133678,80195,TMEM254,-0.2060626778258234
ENSG00000137185,7746,ZSCAN9,0.4732015069482923
ENSG00000104671,10671,DCTN6,0.1639400569469525
ENSG00000166794,5479,PPIB,-0.1066678057782859
ENSG00000167565,29946,SERTAD3,0.5146684736285686
ENSG00000173914,83759,RBM4B,0.2770253529463666
ENSG00000285516,10003,NAALAD2,-0.4696587210511843
ENSG00000124733,4201,MEA1,0.1176530905743079
ENSG00000196569,3908,LAMA2,-0.4080719417510819
ENSG00000186666,144233,BCDIN3D,0.453346028159468
ENSG00000125686,5469,MED1,-0.3946449169624374
ENSG00000180667,55432,YOD1,-0.4459048731908082
ENSG00000115461,3488,IGFBP5,-0.3121249140086971
ENSG00000125629,51141,INSIG2,-0.4247135924517797
ENSG00000163818,54585,LZTFL1,-0.3526669447611359
ENSG00000121931,55791,LRIF1,-0.303769315958727
ENSG00000172965,541471,MIR4435-2HG,0.3589018646940697
ENSG00000128609,4698,NDUFA5,0.1367160905326079
ENSG00000138772,306,ANXA3,0.3944628106268649
ENSG00000166170,9529,BAG5,0.2448833901164605
ENSG00000103657,8925,HERC1,0.4302276806374501
ENSG00000111641,4839,NOP2,0.4536736724509572
ENSG00000163348,90780,PYGO2,-0.4840773096713353
ENSG00000164104,3148,HMGB2,-0.2181955456552226
,,C9orf116,0.5179535658033247
ENSG00000164754,5885,RAD21,0.2008254263428601
ENSG00000163125,23248,RPRD2,0.4639665454126892
ENSG00000090686,84196,USP48,0.3942584488500156
ENSG00000142676,6135,RPL11,-0.1111199546155944
ENSG00000182362,54059,YBEY,-0.4595372574774876
ENSG00000054267,51742,ARID4B,-0.3750561127390452
ENSG00000100225,25793,FBXO7,0.2890486634182805
ENSG00000132376,51763,INPP5K,-0.4758313143647322
ENSG00000182013,55228,PNMA8A,0.402427970575494
ENSG00000110060,83480,PUS3,0.3272258652241543
ENSG00000203875,387066,SNHG5,0.1415103341637472
ENSG00000188342,2963,GTF2F2,-0.2747622680196904
ENSG00000155868,9443,MED7,0.2623252406277976
ENSG00000108588,57003,CCDC47,-0.2892475927539818
ENSG00000153044,64946,CENPH,-0.4744897071531215
ENSG00000276880,122509,IFI27L1,-0.1387417551106572
ENSG00000168591,79089,TMUB2,0.4348815727380355
ENSG00000174021,2787,GNG5,0.1071130182803344
ENSG00000025293,51230,PHF20,0.2437993025129663
ENSG00000175575,80227,PAAF1,0.2371848798387774
ENSG00000144161,84524,ZC3H8,-0.3476535025745916
ENSG00000123983,2181,ACSL3,0.2804815869965871
ENSG00000110880,23603,CORO1C,-0.2973567073035482
ENSG00000122687,29960,MRM2,0.2927953156040867
ENSG00000211460,7247,TSN,0.1781283966716724
ENSG00000122136,29991,OBP2A,0.489189624714583
ENSG00000184900,6612,SUMO3,0.2408204464117413
ENSG00000107829,6468,FBXW4,0.5282196254453777
ENSG00000228964,3106,HLA-B,-0.2167444601403577
ENSG00000198843,51714,SELENOT,0.1269960092533672
ENSG00000068912,27248,ERLEC1,-0.3092314177619378
ENSG00000140259,4236,MFAP1,0.1794460258543693
ENSG00000203705,128387,TATDN3,0.268171392187164
ENSG00000162694,2135,EXTL2,-0.1984733063420748
ENSG00000291873,9535,GMFG,0.2686131199952717
ENSG00000171469,93134,ZNF561,0.3164356351365817
ENSG00000172954,253558,LCLAT1,-0.317943545324073
ENSG00000167635,7705,ZNF146,-0.3266573944587388
ENSG00000105323,11100,HNRNPUL1,-0.3608370108728455
ENSG00000071967,79901,CYBRD1,0.4232311766308011
ENSG00000239306,10432,RBM14,-0.4639901139737725
ENSG00000168175,93487,MAPK1IP1L,-0.1717552314666506
ENSG00000169019,54951,COMMD8,-0.3239406691064956
ENSG00000158716,54935,DUSP23,-0.2316961501539257
ENSG00000042088,55775,TDP1,0.3590623615180084
ENSG00000133028,6341,SCO1,0.4646423345667278
ENSG00000124357,55577,NAGK,0.2029502570960048
ENSG00000105518,374882,TMEM205,-0.2337025956901035
ENSG00000132792,56259,CTNNBL1,0.2096091771584957
ENSG00000151612,152485,ZNF827,-0.2480393974250355
ENSG00000184924,391356,PTRHD1,0.1218679356612056
ENSG00000101265,9770,RASSF2,-0.2996044184889837
ENSG00000099901,5902,RANBP1,-0.2583219020020846
ENSG00000115128,51639,SF3B6,-0.1440449308523935
ENSG00000173692,5707,PSMD1,0.21336943557684
ENSG00000111247,10635,RAD51AP1,-0.5042153935862626
ENSG00000070526,55808,ST6GALNAC1,0.2670787283174403
ENSG00000155957,51643,TMBIM4,0.091963898522408
ENSG00000089693,8079,MLF2,-0.3172549883237193
ENSG00000172247,114900,C1QTNF4,-0.4258800330300598
ENSG00000055332,5610,EIF2AK2,0.3462741457672162
ENSG00000095380,54187,NANS,-0.2426742553308315
ENSG00000100201,10521,DDX17,0.1464404196402953
ENSG00000105258,5438,POLR2I,0.1115694233389794
ENSG00000144182,51601,LIPT1,0.3581707309117607
ENSG00000130948,3293,HSD17B3,0.1356232364727047
ENSG00000104889,10535,RNASEH2A,-0.2821859916084916
ENSG00000170633,80196,RNF34,0.2802967569554039
ENSG00000106261,7586,ZKSCAN1,0.2184195753813243
ENSG00000109881,91057,CCDC34,-0.3351215466087378
ENSG00000054523,23095,KIF1B,0.2487373882230433
ENSG00000038274,27430,MAT2B,-0.1787912371720235
ENSG00000151092,55768,NGLY1,-0.3738603810857122
ENSG00000125249,5911,RAP2A,-0.2954897782538019
ENSG00000187051,91582,RPS19BP1,-0.3259561335996838
ENSG00000138375,50485,SMARCAL1,0.4049517329583835
ENSG00000100348,25828,TXN2,0.1073658684079242
ENSG00000155368,1622,DBI,0.1267019847695659
ENSG00000204525,3107,HLA-C,-0.2659458531590976
ENSG00000196821,64771,ILRUN,0.270077233909839
ENSG00000180198,1104,RCC1,0.4104976833541785
ENSG00000169604,84168,ANTXR1,0.3346714346519152
ENSG00000196743,2760,GM2A,0.238030463476634
ENSG00000148358,57720,GPR107,-0.3584241711173255
ENSG00000178537,788,SLC25A20,-0.371713429326067
ENSG00000177888,360023,ZBTB41,-0.3250251798677442
ENSG00000198815,22887,FOXJ3,-0.3741662432698745
ENSG00000147416,526,ATP6V1B2,0.321277709704767
ENSG00000083535,10464,PIBF1,-0.4800423502134374
ENSG00000144136,6574,SLC20A1,0.3965813899563526
ENSG00000122643,51251,NT5C3A,-0.5000015030420463
ENSG00000289047,100294145,LOC100294145,-0.3511304471367298
ENSG00000235067,203068,TUBB,-0.083453092128102
ENSG00000130703,9885,OSBPL2,0.3995949194938392
ENSG00000100410,84844,PHF5A,-0.2424388865126301
ENSG00000171150,9655,SOCS5,0.3794888504637221
ENSG00000148737,6934,TCF7L2,-0.3714223207573747
ENSG00000067182,7132,TNFRSF1A,-0.398594327309715
ENSG00000141448,2627,GATA6,0.3568117834898241
ENSG00000132128,10489,LRRC41,-0.2461364360003149
ENSG00000125995,140823,ROMO1,0.1019113366527129
ENSG00000166171,25911,DPCD,0.1995232616641727
ENSG00000148335,28989,NTMT1,-0.3082652922976509
ENSG00000037241,51121,RPL26L1,0.1478739773061337
ENSG00000083312,3842,TNPO1,-0.1796322705289819
ENSG00000070761,29105,CFAP20,0.2651465102244794
ENSG00000173171,4580,MTX1,-0.2750104237923979
ENSG00000166529,7589,ZSCAN21,0.4579974519849111
ENSG00000269893,100093630,SNHG8,-0.2104581412650091
ENSG00000123200,23091,ZC3H13,-0.2836085336479031
ENSG00000147123,54539,NDUFB11,-0.1500038853744848
ENSG00000137801,7057,THBS1,-0.4649408126589134
ENSG00000010256,7384,UQCRC1,0.1248787104179691
ENSG00000070081,4925,NUCB2,-0.2297046911633913
ENSG00000078142,5289,PIK3C3,0.2526886324565706
ENSG00000181007,284406,ZFP82,-0.3933126051612914
ENSG00000040275,54908,SPDL1,-0.438882312290632
ENSG00000175416,1212,CLTB,-0.5660821942338347
ENSG00000034677,25897,RNF19A,-0.2359497212996941
ENSG00000213079,22828,SCAF8,-0.3404378673832748
ENSG00000204856,29902,FAM216A,-0.4889288300470202
ENSG00000106344,55131,RBM28,-0.3380067529243646
ENSG00000139990,8816,DCAF5,0.3690842388868972
ENSG00000203666,84288,EFCAB2,0.4229691726499119
ENSG00000009954,9031,BAZ1B,0.3179633694505773
ENSG00000143436,65005,MRPL9,-0.2972828693056578
ENSG00000167088,6632,SNRPD1,-0.0775863942614333
ENSG00000288237,283120,H19,0.1592892006417742
ENSG00000177479,10425,ARIH2,0.2973485709344468
ENSG00000137038,90871,DMAC1,-0.1510653826313822
ENSG00000149346,128710,SLX4IP,-0.3526990377522986
ENSG00000100227,84271,POLDIP3,0.1678869445588194
ENSG00000205981,131118,DNAJC19,-0.146004438806637
ENSG00000275272,91746,YTHDC1,-0.2791393200113877
ENSG00000171497,5481,PPID,-0.4125958856568099
ENSG00000175216,9793,CKAP5,-0.2537448797115137
ENSG00000134287,377,ARF3,0.2347368742881772
ENSG00000133059,25778,DSTYK,0.321160153932375
ENSG00000158417,9669,EIF5B,-0.2033968878468435
ENSG00000213420,221914,GPC2,-0.3019581179466626
ENSG00000129534,55320,MIS18BP1,-0.4450903308897732
ENSG00000095261,5711,PSMD5,0.3670378453075439
ENSG00000133112,7178,TPT1,-0.2034449845834504
ENSG00000130684,26152,ZNF337,0.4571463044771528
ENSG00000259494,26589,MRPL46,-0.2107241298110204
ENSG00000119760,9913,SUPT7L,0.262386615927097
ENSG00000130803,57693,ZNF317,0.4273412486288092
ENSG00000136104,79621,RNASEH2B,0.3853525800137774
ENSG00000171204,55863,TMEM126B,0.1771404806380417
ENSG00000175390,8665,EIF3F,-0.1674072987925473
ENSG00000186625,11104,KATNA1,0.3648288683448967
ENSG00000174718,55196,RESF1,-0.3807953984918028
ENSG00000158869,2207,FCER1G,0.2083465588254798
ENSG00000126814,57570,TRMT5,-0.367119118921469
ENSG00000198874,55253,TYW1,0.3984901213105689
ENSG00000162231,10482,NXF1,0.3534299994163315
ENSG00000108061,8036,SHOC2,-0.2221179487119618
ENSG00000174684,11041,B4GAT1,-0.3234950542705242
ENSG00000028839,9519,TBPL1,0.3230791329638954
ENSG00000213337,51239,ANKRD39,-0.4128339734057265
ENSG00000174720,51574,LARP7,0.1864736411631709
ENSG00000198900,7150,TOP1,0.3674272543966498
ENSG00000108861,1845,DUSP3,0.2910476845508716
ENSG00000104691,7993,UBXN8,-0.2486163008861947
ENSG00000073050,7515,XRCC1,-0.4919979454836992
ENSG00000213064,375035,SFT2D2,0.2968438892829193
ENSG00000064393,28996,HIPK2,0.3306744829494416
ENSG00000117899,23184,MESD,-0.1981783366738433
ENSG00000108788,6945,MLX,0.3274169981401116
ENSG00000103051,25839,COG4,0.3001665808195218
ENSG00000087302,51637,RTRAF,-0.1296931632348115
ENSG00000211456,22908,SACM1L,0.3084981963853207
ENSG00000151348,2132,EXT2,0.2906202457573442
ENSG00000137497,4926,NUMA1,0.347086581326383
ENSG00000090060,10914,PAPOLA,-0.1705892034008954
ENSG00000154723,522,ATP5PF,0.0730078089629859
ENSG00000139636,55716,LMBR1L,0.3465121172173169
ENSG00000168813,22847,ZNF507,-0.510815453199143
,,RPARP-AS1,-0.2935554078024897
ENSG00000108465,80279,CDK5RAP3,0.2661230403372298
ENSG00000257218,283459,GATC,-0.3490957254532755
ENSG00000056050,54969,HPF1,-0.2853216272189949
ENSG00000100285,4744,NEFH,0.4470106752027273
ENSG00000082641,4779,NFE2L1,0.3354784433021678
ENSG00000137502,27314,RAB30,0.3402519098772291
ENSG00000196705,170959,ZNF431,-0.302871811182008
ENSG00000292221,11152,WDR45,-0.3607250865807062
ENSG00000109736,10227,MFSD10,-0.4067498404483162
ENSG00000006757,8228,PNPLA4,0.2024360260129791
ENSG00000005075,5439,POLR2J,-0.1706918684381538
ENSG00000132383,6117,RPA1,0.2713224308110738
ENSG00000163430,11167,FSTL1,0.2235937835214843
ENSG00000163902,6184,RPN1,0.1966315738274847
ENSG00000115286,374291,NDUFS7,-0.2316272843098635
ENSG00000133169,55859,BEX1,-0.2173881595586392
ENSG00000128626,6183,MRPS12,-0.3538206879144474
ENSG00000151491,2059,EPS8,-0.3919930524557474
ENSG00000205339,10527,IPO7,-0.1734506900260111
ENSG00000136270,9238,TBRG4,-0.3996145849022194
ENSG00000115233,10213,PSMD14,0.1228712804263079
ENSG00000108039,7511,XPNPEP1,0.1962422681138545
ENSG00000176018,116068,LYSMD3,-0.4576755792987634
ENSG00000156711,5603,MAPK13,-0.3166802466781493
ENSG00000159256,23515,MORC3,-0.4415040321689527
ENSG00000188171,199777,ZNF626,-0.3012415429943932
ENSG00000089248,10961,ERP29,0.0891778161044397
ENSG00000187608,9636,ISG15,-0.532855985803229
ENSG00000136536,64844,MARCHF7,0.1719261776998004
ENSG00000204227,6015,RING1,-0.4479708586784215
ENSG00000111011,65117,RSRC2,-0.1828503123949601
ENSG00000157734,79856,SNX22,-0.3376947912156084
ENSG00000148950,196294,IMMP1L,0.2543805630587
ENSG00000159176,1465,CSRP1,0.2197021490559501
ENSG00000152193,79596,OBI1,0.2287601413514713
ENSG00000126804,22890,ZBTB1,-0.3489936856771143
ENSG00000135686,79786,KLHL36,-0.4044101484637792
ENSG00000206527,201562,HACD2,0.3888161589601163
ENSG00000110713,4928,NUP98,0.3986104911809852
ENSG00000116741,5997,RGS2,0.4627215449274009
ENSG00000112167,55776,SAYSD1,-0.3826075046671153
ENSG00000184584,340061,STING1,-0.3642941256037427
ENSG00000148634,26091,HERC4,-0.38875532338828
ENSG00000229470,2794,GNL1,-0.4371848687606866
ENSG00000170017,214,ALCAM,0.36825592259459
ENSG00000135250,6733,SRPK2,-0.2577900731683238
ENSG00000157181,54953,ODR4,0.3810187599981006
ENSG00000132640,22903,BTBD3,0.2460110533638338
ENSG00000167113,51117,COQ4,-0.4495858097491874
ENSG00000155463,5018,OXA1L,0.1021376312747653
,347746,PWARSN,-0.2047261233601126
ENSG00000145860,153830,RNF145,-0.3883733826120154
ENSG00000277377,5265,SERPINA1,-1.2091832397128943
ENSG00000291237,6648,SOD2,0.2543213719513944
ENSG00000182158,64764,CREB3L2,-0.4011880124098023
ENSG00000068001,8692,HYAL2,-0.4250206679807677
ENSG00000088888,57506,MAVS,0.3585402098647987
ENSG00000115816,10153,CEBPZ,-0.272186360352415
ENSG00000167658,1938,EEF2,-0.1693107333967285
ENSG00000078902,54472,TOLLIP,-0.3827673017490902
ENSG00000143545,5872,RAB13,0.1349198857133024
ENSG00000139737,122060,SLAIN1,0.2903735926036738
ENSG00000131873,22856,CHSY1,-0.2700624950560149
ENSG00000132305,10989,IMMT,-0.1731175739244484
ENSG00000065978,4904,YBX1,-0.2091116650306797
ENSG00000169710,2194,FASN,-0.5413161775390096
ENSG00000128654,10651,MTX2,-0.2876989700922003
ENSG00000162517,553115,PEF1,0.2161699106853484
ENSG00000013306,51629,SLC25A39,-0.3826344214073705
ENSG00000138246,23317,DNAJC13,0.3706395709190709
ENSG00000146757,168374,ZNF92,-0.3303695324799673
ENSG00000112893,4124,MAN2A1,0.2711968608818471
ENSG00000065809,83641,FAM107B,-0.4003660604584113
ENSG00000100028,6634,SNRPD3,-0.0911755500472187
ENSG00000228712,7923,HSD17B8,-0.4215820821801095
ENSG00000266256,284276,LINC00908,0.4275246265265782
ENSG00000112739,8899,PRPF4B,-0.2367525787825302
ENSG00000112367,9896,FIG4,0.3817665821924348
ENSG00000004059,381,ARF5,-0.2177233474748278
ENSG00000093144,55862,ECHDC1,0.1861357921314744
ENSG00000215548,,FRG1JP,0.3294090092895205
ENSG00000162873,55220,KLHDC8A,-0.3887401725412026
ENSG00000185875,79896,THNSL1,0.3805120484798905
ENSG00000147679,84294,UTP23,-0.2945858571012651
ENSG00000139974,145389,SLC38A6,0.3722268640701232
ENSG00000119471,84263,HSDL2,-0.203798554940981
ENSG00000160199,5316,PKNOX1,-0.4236586976377159
ENSG00000134330,285148,IAH1,-0.1499535545274688
ENSG00000112234,26235,FBXL4,-0.4233282663768705
ENSG00000010810,2534,FYN,0.3330588464756807
ENSG00000136381,3658,IREB2,0.2400751411257581
ENSG00000159579,89970,RSPRY1,0.190733000982877
ENSG00000254999,55845,BRK1,-0.063057145403208
ENSG00000177830,66005,CHID1,-0.1849992706611939
ENSG00000160211,2539,G6PD,-0.2765487281625839
ENSG00000145349,817,CAMK2D,-0.2339524570958887
ENSG00000122203,57179,KIAA1191,0.182089392564684
ENSG00000005194,57019,CIAPIN1,0.1580538435095448
ENSG00000123353,29095,ORMDL2,0.1427980873341095
ENSG00000154473,9184,BUB3,-0.1156147688654654
ENSG00000082153,9689,BZW1,0.1217738596576227
ENSG00000107949,56647,BCCIP,0.1969906017476983
ENSG00000055130,8454,CUL1,0.2476189550557332
ENSG00000121766,51538,ZCCHC17,-0.1463546589218861
ENSG00000023330,211,ALAS1,-0.1996200616653965
ENSG00000164902,51808,PHAX,0.210558111416682
ENSG00000188938,158293,FAM120AOS,0.3641727416708314
ENSG00000125166,2806,GOT2,0.2329906340170799
ENSG00000165782,90809,PIP4P1,-0.3436679682476134
ENSG00000168028,3921,RPSA,-0.2852769967097686
ENSG00000170430,4255,MGMT,-0.3400567602115424
ENSG00000176386,246184,CDC26,-0.1756565609861931
ENSG00000189046,121642,ALKBH2,-0.3610597451120445
ENSG00000112531,9444,QKI,-0.1692022071536147
ENSG00000106052,8887,TAX1BP1,0.1245078186293535
ENSG00000152332,127933,UHMK1,-0.33621779778494
ENSG00000054793,10079,ATP9A,0.4028894686025631
ENSG00000119720,55051,NRDE2,0.3107037032147752
ENSG00000105928,1687,GSDME,0.2784154450160683
ENSG00000161203,1173,AP2M1,0.172437415261739
ENSG00000117305,3155,HMGCL,0.1772193428779411
ENSG00000075539,285527,FRYL,-0.4750055607573595
ENSG00000110048,5007,OSBP,0.3847002973753112
,,TDGF1,-0.2802936757900753
ENSG00000104823,1891,ECH1,0.1029814103711101
ENSG00000218510,29092,LINC00339,-0.2695511718871862
ENSG00000123975,1164,CKS2,-0.0985629503241277
ENSG00000095970,54209,TREM2,0.4974078371420491
ENSG00000113360,29102,DROSHA,0.4407728109957592
ENSG00000171208,81831,NETO2,-0.501182887886984
ENSG00000136167,3936,LCP1,0.2481029749739605
ENSG00000113456,5810,RAD1,-0.2107221737336107
ENSG00000108298,6143,RPL19,-0.0905926954300682
ENSG00000164054,51246,SHISA5,-0.219443706471824
ENSG00000023734,11171,STRAP,0.1177191251393467
ENSG00000179222,9500,MAGED1,0.1736821994182591
ENSG00000198056,5557,PRIM1,-0.2343592681892414
ENSG00000241258,27297,CRCP,-0.3596257236242308
ENSG00000046604,1829,DSG2,0.2901893937754515
ENSG00000125144,4495,MT1G,-0.5458436890816358
ENSG00000058804,55706,NDC1,0.3266320039844441
ENSG00000102978,5432,POLR2C,-0.2156711024838995
ENSG00000113575,5515,PPP2CA,0.1623032464954739
ENSG00000149100,10480,EIF3M,0.0697660036750958
ENSG00000115241,5496,PPM1G,0.2903412037008229
ENSG00000198860,116461,TSEN15,-0.3727054381136468
ENSG00000243943,84450,ZNF512,0.2638805209664669
ENSG00000119185,9270,ITGB1BP1,-0.2920754438521907
ENSG00000215039,678655,CD27-AS1,0.391885169466362
ENSG00000121058,8161,COIL,-0.1917515082454099
ENSG00000105849,221830,POLR1F,-0.1600368080774908
ENSG00000096717,23411,SIRT1,0.4041979054601985
ENSG00000119705,81892,SLIRP,0.0872670114590704
ENSG00000162627,51375,SNX7,0.2428383954564605
ENSG00000156599,25921,ZDHHC5,0.3381787615954822
ENSG00000127955,2770,GNAI1,0.2770336752787364
ENSG00000077348,56915,EXOSC5,-0.2560843973875249
ENSG00000050405,51474,LIMA1,-0.3293319119660899
ENSG00000068097,63897,HEATR6,-0.3382709321852266
ENSG00000145029,84276,NICN1,-0.4385954717668327
ENSG00000148795,1586,CYP17A1,-0.1945648837741173
ENSG00000138107,10121,ACTR1A,0.1408190543455534
ENSG00000146535,2768,GNA12,0.3451378318480304
ENSG00000061918,2983,GUCY1B1,0.3924531233451119
ENSG00000288505,342977,NANOS3,-0.4295812400026194
ENSG00000104047,56986,DTWD1,0.2012508815411825
ENSG00000118515,6446,SGK1,0.1715823624292009
ENSG00000143742,6726,SRP9,0.0779234401123599
,,FAM102A,0.3667143541033142
ENSG00000023608,6617,SNAPC1,-0.4019231664450872
ENSG00000099817,5434,POLR2E,-0.2534194452966466
ENSG00000221963,80830,APOL6,-0.4601609927744923
ENSG00000115350,56655,POLE4,-0.2404562052692183
ENSG00000151461,26019,UPF2,-0.2253149449432193
ENSG00000113721,5159,PDGFRB,0.4375072061192698
ENSG00000187513,2701,GJA4,-0.4958400774557921
ENSG00000106631,58498,MYL7,0.448833326222836
ENSG00000116157,2882,GPX7,-0.2141769914909473
ENSG00000103202,4833,NME4,-0.3270350468527295
ENSG00000131374,9779,TBC1D5,-0.3025362457674042
ENSG00000241127,57002,YAE1,0.1551027622525674
ENSG00000130429,10095,ARPC1B,-0.2817706035780646
ENSG00000161640,114132,SIGLEC11,-0.4461465725192505
ENSG00000005801,7748,ZNF195,0.3041785491326103
ENSG00000013583,50865,HEBP1,-0.3930862386743889
ENSG00000129009,3671,ISLR,0.2128072939941838
ENSG00000101654,8731,RNMT,-0.2867592116533224
ENSG00000139370,121260,SLC15A4,-0.3179487043404406
ENSG00000113621,79770,TXNDC15,-0.2996811598606361
ENSG00000120053,2805,GOT1,-0.185116630071455
ENSG00000169230,27166,PRELID1,-0.4174962244607426
ENSG00000125482,7270,TTF1,0.3091579746919474
ENSG00000116478,3065,HDAC1,0.2301349524975585
ENSG00000146463,9202,ZMYM4,0.2832020240229604
ENSG00000182704,25987,TSKU,0.3413135660242764
ENSG00000128463,51234,EMC4,-0.298147567890623
ENSG00000104341,55353,LAPTM4B,0.1341088765283792
ENSG00000079739,5236,PGM1,0.2814390732084613
ENSG00000143653,51097,SCCPDH,-0.241373772113597
ENSG00000124201,57169,ZNFX1,-0.4328668785260567
ENSG00000108306,84961,FBXL20,-0.2805956394795148
ENSG00000123268,466,ATF1,-0.3858817404043644
ENSG00000135919,5270,SERPINE2,0.2417871619644311
ENSG00000123684,9926,LPGAT1,0.2978371369181806
ENSG00000124479,4693,NDP,0.221078570134126
ENSG00000097046,8317,CDC7,0.3639473753001527
ENSG00000165119,3190,HNRNPK,0.0924342659155894
ENSG00000174243,9416,DDX23,0.2834035177719493
ENSG00000121774,10657,KHDRBS1,0.1880128917015913
ENSG00000177156,6888,TALDO1,-0.132596437734575
ENSG00000163291,152559,PAQR3,0.3887170690046162
ENSG00000276111,10806,SDCCAG8,-0.3441932633896045
ENSG00000079950,8417,STX7,0.2531517972957287
ENSG00000184905,140597,TCEAL2,0.246764943175043
ENSG00000198231,11325,DDX42,0.3268665711233895
ENSG00000114988,81562,LMAN2L,0.2465768845183034
ENSG00000120992,10434,LYPLA1,-0.1653013551869162
ENSG00000070756,26986,PABPC1,0.1470356137055439
ENSG00000180964,90843,TCEAL8,0.0973647291753519
ENSG00000198242,6147,RPL23A,0.0615213986926356
ENSG00000114902,28972,SPCS1,-0.0894556338968383
ENSG00000174547,65003,MRPL11,-0.2006779545661693
ENSG00000166833,89797,NAV2,-0.3544764118347688
ENSG00000276701,4282,MIF,-0.0978506263674627
ENSG00000291973,6185,RPN2,0.1293022109121018
ENSG00000105058,26017,FAM32A,0.1609325943535768
ENSG00000130349,51250,MTRES1,0.2794545157104096
ENSG00000183576,84193,SETD3,0.402830682979594
ENSG00000269556,84548,TMEM185A,0.3091381009016213
ENSG00000171307,84287,ZDHHC16,-0.292863655684468
ENSG00000165475,51084,CRYL1,0.3815566728773489
ENSG00000256537,100129361,SMIM10L1,-0.3562069372136926
ENSG00000180822,389362,PSMG4,-0.3336852074235441
ENSG00000164967,138716,RPP25L,-0.24334042833894
ENSG00000164919,1345,COX6C,-0.07395611009983
ENSG00000158526,90121,TSR2,-0.262900669120745
ENSG00000144566,5868,RAB5A,-0.2116750637044396
ENSG00000117751,5511,PPP1R8,0.2602683602359882
ENSG00000137509,5547,PRCP,-0.1487657576619801
ENSG00000213246,6827,SUPT4H1,0.0786584180136263
ENSG00000188647,375743,PTAR1,-0.280100824141287
ENSG00000167881,6730,SRP68,-0.2591601137219902
ENSG00000198783,91603,ZNF830,-0.2571370891853051
ENSG00000163312,113510,HELQ,0.2730907581892644
ENSG00000017797,10928,RALBP1,-0.2888628440807532
ENSG00000021355,1992,SERPINB1,0.179884897952477
ENSG00000166949,4088,SMAD3,0.3906537732304104
ENSG00000166595,51647,CIAO2B,-0.1477073882997943
ENSG00000117280,8934,RAB29,0.3931138056782972
ENSG00000137522,55298,RNF121,0.3004485249697173
ENSG00000091483,2271,FH,0.1848350950145394
ENSG00000188536,3040,HBA2,-0.1965795920469865
ENSG00000066027,5525,PPP2R5A,0.4141215415030361
ENSG00000152061,9910,RABGAP1L,0.453339864094545
ENSG00000173451,83591,THAP2,-0.3487581655368989
ENSG00000213931,3046,HBE1,-0.3065338477165341
ENSG00000197965,9019,MPZL1,-0.139859742519301
ENSG00000198034,6191,RPS4X,-0.0637848957039757
ENSG00000109790,51088,KLHL5,0.4286632655531465
ENSG00000214174,201283,AMZ2P1,0.2253891660792204
ENSG00000120696,84078,KBTBD7,0.3081939688644414
ENSG00000103275,7329,UBE2I,-0.1558752359831707
ENSG00000141551,1453,CSNK1D,-0.3140079405542124
ENSG00000198054,84677,DSCR8,0.4130714151771822
ENSG00000206172,3039,HBA1,-0.3023655587614057
ENSG00000172007,83452,RAB33B,-0.2676823127041339
ENSG00000197958,6136,RPL12,-0.0976001637180081
ENSG00000113810,10051,SMC4,-0.251083737510955
ENSG00000214941,125150,ZSWIM7,-0.2341749498480823
ENSG00000013441,1195,CLK1,0.2390728403445544
ENSG00000276421,26121,PRPF31,-0.3951257146750023
ENSG00000149547,9538,EI24,-0.2154101959275824
ENSG00000188243,170622,COMMD6,0.0576503769301242
ENSG00000053254,1112,FOXN3,0.2012430582247485
ENSG00000235844,3113,HLA-DPA1,0.2661308100659573
ENSG00000115541,3336,HSPE1,-0.0863496641232805
ENSG00000136813,23392,ECPAS,0.2841343300605053
ENSG00000088812,8455,ATRN,-0.3487818914677275
ENSG00000182180,51021,MRPS16,-0.126333750714289
ENSG00000177707,25945,NECTIN3,-0.3904077081695937
ENSG00000198736,51734,MSRB1,-0.2493150517979826
ENSG00000104064,2553,GABPB1,-0.3350859067675402
ENSG00000166797,84191,CIAO2A,0.1365311930579856
ENSG00000110074,55572,FOXRED1,-0.4319177704684687
ENSG00000165219,26130,GAPVD1,0.3110292264847063
ENSG00000115762,55041,PLEKHB2,0.1654874213206034
ENSG00000100296,8563,THOC5,0.1888305084449017
ENSG00000134086,7428,VHL,-0.3315249535731971
ENSG00000114423,868,CBLB,0.3384084723918577
ENSG00000214756,751071,CSKMT,0.3705539681535223
ENSG00000133706,51520,LARS1,0.1592646102596722
ENSG00000147274,27316,RBMX,0.092856336995432
ENSG00000198521,7594,ZNF43,-0.252250662459559
ENSG00000185298,339230,CCDC137,-0.4338476367449179
ENSG00000106789,7464,CORO2A,0.32114579873214
ENSG00000067596,1659,DHX8,-0.2442554995450781
ENSG00000204899,440145,MZT1,-0.3200072533969441
ENSG00000088356,81572,PDRG1,0.1370522255057017
ENSG00000068615,65055,REEP1,-0.2137432662668862
ENSG00000149273,6188,RPS3,-0.0911303488563016
ENSG00000235823,90271,OLMALINC,-0.3800385829644847
ENSG00000198604,11177,BAZ1A,0.3177290792398544
ENSG00000156795,55093,NTAQ1,-0.3055189755375158
ENSG00000172037,3913,LAMB2,-0.3740797104224673
ENSG00000137073,55833,UBAP2,0.3508219827243954
ENSG00000074071,65993,MRPS34,-0.342308780243136
ENSG00000114999,150465,TTL,0.3569958176764822
ENSG00000117602,11123,RCAN3,-0.3833839753187986
ENSG00000154743,80746,TSEN2,0.3726536467575049
ENSG00000006007,51573,GDE1,-0.263856280391899
ENSG00000084234,334,APLP2,-0.1781877343769893
ENSG00000291964,55839,CENPN,0.2295215771431093
ENSG00000111860,387119,CEP85L,-0.3951189761087072
ENSG00000131778,9557,CHD1L,0.3293529541407375
ENSG00000131931,55145,THAP1,-0.2286911174083174
ENSG00000136238,5879,RAC1,0.1342839416837211
ENSG00000101639,55125,CEP192,-0.3887262038259769
ENSG00000114767,9136,RRP9,-0.4208656261208118
ENSG00000165997,221079,ARL5B,0.2487970259839291
ENSG00000143970,55252,ASXL2,0.3731267915975674
ENSG00000132423,51805,COQ3,0.27440723099365
ENSG00000129562,1603,DAD1,0.061719748919531
ENSG00000104131,8669,EIF3J,-0.2290966034522884
ENSG00000173272,653784,MZT2A,-0.2852777923384126
ENSG00000151366,4718,NDUFC2,0.0719977661444014
ENSG00000130508,7837,PXDN,-0.2271782473195578
ENSG00000092439,54822,TRPM7,-0.3559703852378608
ENSG00000151413,80224,NUBPL,0.3324975960295906
ENSG00000106615,6009,RHEB,-0.1825528516540417
ENSG00000142945,11004,KIF2C,-0.2992004512733309
ENSG00000102158,84061,MAGT1,0.2346256145300886
ENSG00000262406,4321,MMP12,0.7510178467921577
ENSG00000152382,117143,TADA1,0.2565083861314419
ENSG00000146007,153527,ZMAT2,-0.1321454479664067
ENSG00000157216,23648,SSBP3,-0.2436469761753486
ENSG00000251022,100499177,THAP9-AS1,0.3466283987582835
ENSG00000135974,79074,C2orf49,-0.3402909336183818
ENSG00000198919,9666,DZIP3,-0.4160890584639829
ENSG00000136636,51133,KCTD3,0.3349393205069833
ENSG00000196204,441191,RNF216P1,-0.2550921135083367
ENSG00000275326,115677,NOSTRIN,0.2267421890764942
ENSG00000172531,5499,PPP1CA,-0.2711267303815972
ENSG00000157538,10311,VPS26C,0.2955987042081183
ENSG00000123989,79586,CHPF,-0.4105044059292474
ENSG00000118137,335,APOA1,-0.1137225674230022
ENSG00000125977,8894,EIF2S2,-0.1671769871333693
ENSG00000119041,9330,GTF3C3,-0.202257986779578
ENSG00000087365,10992,SF3B2,0.2281013656568721
ENSG00000120860,51019,WASHC3,0.1287813052946294
ENSG00000130227,23039,XPO7,0.2997141553735831
ENSG00000139679,10161,LPAR6,0.2866315524187212
ENSG00000111145,2004,ELK3,-0.372845670869646
ENSG00000140905,2653,GCSH,-0.2990592750672839
ENSG00000114480,2632,GBE1,-0.3114799414611877
ENSG00000165996,9200,HACD1,-0.4077015398135679
ENSG00000154305,375056,MIA3,0.2900858003052787
ENSG00000093183,9117,SEC22C,-0.2913222484390247
ENSG00000119685,23093,TTLL5,-0.253346580706226
ENSG00000178301,282679,AQP11,-0.3438321612587238
ENSG00000147316,79648,MCPH1,-0.2722417230539666
ENSG00000106460,54664,TMEM106B,-0.1750536872483288
ENSG00000122482,84146,ZNF644,-0.1958432823219421
ENSG00000173369,713,C1QB,-0.2922020928474579
ENSG00000182919,28970,C11orf54,-0.2174595161279391
ENSG00000100234,7078,TIMP3,0.2285228261130934
ENSG00000091947,84336,TMEM101,0.1170186448549044
ENSG00000129315,904,CCNT1,0.231442723507821
ENSG00000262473,2618,GART,0.2036146186912003
ENSG00000177971,55272,IMP3,-0.233146707325678
ENSG00000124380,11017,SNRNP27,-0.2241925211228528
ENSG00000243789,100137047,JMJD7,-0.3938751950641178
ENSG00000012660,60481,ELOVL5,0.1022728058614495
ENSG00000137726,53826,FXYD6,0.0920579875512877
ENSG00000140443,3480,IGF1R,-0.2500672587249909
ENSG00000122545,989,SEPTIN7,0.099427980056138
ENSG00000108055,9126,SMC3,-0.2216142749760098
ENSG00000151287,93081,TEX30,-0.2443930437233994
ENSG00000111726,55907,CMAS,0.1838451478857882
ENSG00000142227,2014,EMP3,-0.2098682497157477
ENSG00000196812,80345,ZSCAN16,0.3333624302543654
ENSG00000125931,4435,CITED1,-0.1853399561095367
ENSG00000106263,8662,EIF3B,0.2434679775973573
ENSG00000104299,55756,INTS9,0.3407019281832497
ENSG00000242125,8420,SNHG3,-0.1949960036346315
ENSG00000134970,51014,TMED7,-0.1975466486076363
ENSG00000215845,100131187,TSTD1,0.1606414358721211
ENSG00000146676,5814,PURB,0.2621706686328233
ENSG00000086666,54469,ZFAND6,-0.132668906523261
ENSG00000135899,3431,SP110,-0.3429765649635047
ENSG00000166855,10845,CLPX,-0.2568601475615542
ENSG00000095485,55280,CWF19L1,-0.2731383813602308
ENSG00000254685,8790,FPGT,-0.3086039261925516
ENSG00000112312,51053,GMNN,-0.1608491196160793
ENSG00000170144,220988,HNRNPA3,0.1373691948187143
ENSG00000050426,25875,LETMD1,-0.1459807680319093
ENSG00000169967,10746,MAP3K2,0.2628017823528373
ENSG00000148985,27315,PGAP2,0.3189616805852928
ENSG00000111802,51567,TDP2,0.3017642713726214
ENSG00000197579,10210,TOPORS,-0.2837118839203401
ENSG00000135912,9654,TTLL4,0.328020221400326
ENSG00000163655,8833,GMPS,-0.2262958704073528
ENSG00000229117,6171,RPL41,0.0769521228412359
ENSG00000049130,4254,KITLG,0.3633488036956305
ENSG00000288512,715,C1R,0.273524523769557
ENSG00000162735,5824,PEX19,0.2102178908437491
ENSG00000140319,6727,SRP14,0.0509685730301993
ENSG00000134954,2113,ETS1,-0.2661712128240437
ENSG00000138495,10063,COX17,0.1169677601361887
ENSG00000129422,57509,MTUS1,0.2241332729534625
ENSG00000253738,100506365,OTUD6B-AS1,0.1927912214404629
ENSG00000139687,5925,RB1,0.2884209313528273
ENSG00000089472,9843,HEPH,0.3187502616338253
ENSG00000198168,258010,SVIP,0.1560760801167318
ENSG00000175283,22845,DOLK,0.3188236396847775
ENSG00000101901,79868,ALG13,-0.3108539215519729
ENSG00000164125,51313,GASK1B,-0.2029998827670864
ENSG00000134245,7482,WNT2B,0.3513555732781075
ENSG00000127743,27190,IL17B,-0.3869956939610669
ENSG00000278622,79042,TSEN34,-0.261809982301399
ENSG00000167642,10653,SPINT2,-0.2024993057727172
ENSG00000130005,2593,GAMT,-0.410467101371381
ENSG00000291835,60314,MYG1,-0.1498123521533878
ENSG00000136159,55270,NUDT15,-0.3492006234907502
ENSG00000161057,5701,PSMC2,0.1242737842394829
ENSG00000141699,162427,RETREG3,-0.1544759639183542
ENSG00000109929,6309,SC5D,-0.1551337629351596
ENSG00000262771,6742,SSBP1,0.0707432810527885
ENSG00000163026,80304,WDCP,-0.2655357655872402
ENSG00000161249,93099,DMKN,0.3681055520616426
ENSG00000140299,663,BNIP2,-0.2134360002241766
ENSG00000185909,200942,KLHDC8B,0.1721060149561611
ENSG00000151779,51594,NBAS,0.3007687558090722
ENSG00000137463,84709,MGARP,-0.2391407784135563
ENSG00000141543,9775,EIF4A3,0.2597014215370157
ENSG00000186106,157567,ANKRD46,-0.2357890103495543
ENSG00000182712,100272147,CMC4,0.1283098169886849
ENSG00000073712,10979,FERMT2,-0.3225175977886532
ENSG00000129824,6192,RPS4Y1,0.0553831580688334
ENSG00000130695,64793,CEP85,0.3260273320498628
ENSG00000108064,7019,TFAM,-0.1885784510124208
ENSG00000164615,819,CAMLG,-0.2456558500782441
ENSG00000060138,8531,YBX3,0.3149521744588653
ENSG00000242247,26286,ARFGAP3,0.1453358211549565
ENSG00000150756,134145,ATPSCKMT,-0.2810991955953552
ENSG00000138686,55212,BBS7,-0.349491208315211
ENSG00000157456,9133,CCNB2,-0.1686735411222179
ENSG00000106153,51142,CHCHD2,-0.1585412375341593
ENSG00000281763,170506,DHX36,-0.2429513501648242
ENSG00000288485,23587,ELP5,-0.222399731250983
ENSG00000137106,9380,GRHPR,-0.1686793495899021
ENSG00000182359,143879,KBTBD3,-0.3200815088412974
ENSG00000115365,10314,LANCL1,-0.2210261799633661
ENSG00000111196,55110,MAGOHB,-0.1443706676619505
ENSG00000204316,64978,MRPL38,0.266954372726532
ENSG00000057935,57504,MTA3,0.2004032061150217
ENSG00000114388,10641,NPRL2,0.1702779643677464
ENSG00000102024,5358,PLS3,0.1527222054803365
ENSG00000185664,6490,PMEL,0.3722720380373944
ENSG00000153130,60592,SCOC,0.104449566069817
ENSG00000132824,10955,SERINC3,0.0970623894763274
ENSG00000145740,64924,SLC30A5,-0.3188731074334531
ENSG00000186017,84924,ZNF566,-0.3447376730273003
ENSG00000169241,55974,SLC50A1,-0.1651421445546545
ENSG00000100522,64841,GNPNAT1,0.2734953748543401
ENSG00000137947,2959,GTF2B,-0.135469436337959
ENSG00000131475,84313,VPS25,-0.0901414383719549
ENSG00000164944,25962,VIRMA,0.2133807735502317
ENSG00000138036,51626,DYNC2LI1,0.1795521385755914
ENSG00000118181,6230,RPS25,-0.0683710801254004
ENSG00000025796,11231,SEC63,-0.1703403952768446
ENSG00000131871,55829,SELENOS,-0.2330113447924643
ENSG00000143353,127018,LYPLAL1,-0.2110219487670011
ENSG00000114491,7372,UMPS,-0.1738477549839774
ENSG00000101464,128869,PIGU,-0.2816549001271612
ENSG00000137168,51645,PPIL1,-0.1452404881151523
ENSG00000170540,23204,ARL6IP1,0.0875241386592499
ENSG00000160783,11243,PMF1,-0.2473945986208286
ENSG00000181666,284459,ZNF875,0.29870272993607
ENSG00000140931,123920,CMTM3,0.3162919646187859
ENSG00000131351,93323,HAUS8,0.3328661449696331
ENSG00000122550,55975,KLHL7,-0.3476878825210492
ENSG00000246067,100506233,RAB30-DT,0.3804192770430765
ENSG00000143514,7159,TP53BP2,0.3213983424749003
ENSG00000038219,259282,BOD1L1,-0.3357360164786883
ENSG00000169504,25932,CLIC4,0.1671291028080643
ENSG00000100395,83746,L3MBTL2,0.2963264907680871
ENSG00000170515,5036,PA2G4,-0.1588664452085383
ENSG00000100519,5706,PSMC6,0.0900048560026789
ENSG00000110958,10728,PTGES3,-0.1145985055983521
ENSG00000053501,55850,USE1,-0.2219472566884673
ENSG00000126878,83543,AIF1L,0.2845891692049322
ENSG00000109184,23142,DCUN1D4,-0.2532529836806104
ENSG00000100888,57680,CHD8,0.2735202476101628
ENSG00000092978,55105,GPATCH2,-0.2302876183936081
ENSG00000072195,10290,SPEG,-0.3590121073356188
ENSG00000063046,1975,EIF4B,0.093119733548343
ENSG00000183161,2188,FANCF,-0.3723644309119936
ENSG00000106537,27075,TSPAN13,0.2307469097502991
ENSG00000158864,4720,NDUFS2,0.1523171819538117
ENSG00000117597,27042,UTP25,0.2982045345241812
ENSG00000235715,5696,PSMB8,-0.172110431996568
,79104,MEG8,-0.2902696024569197
ENSG00000185414,51263,MRPL30,-0.1493998752130685
ENSG00000135040,60560,NAA35,0.3000362325082523
ENSG00000198039,10793,ZNF273,-0.326208278394591
ENSG00000134684,8565,YARS1,0.279145246015095
ENSG00000177917,151188,ARL6IP6,-0.3116533890627219
ENSG00000282826,100289097,FRG1CP,-0.3156966088228243
ENSG00000105655,51477,ISYNA1,0.2052069184967898
ENSG00000085760,4528,MTIF2,0.2905018459524333
ENSG00000065600,55248,PACC1,-0.3782631983310711
ENSG00000187147,55182,RNF220,0.3368236150411773
ENSG00000100603,22938,SNW1,0.1615421928542912
ENSG00000091164,9352,TXNL1,-0.1247303582076567
ENSG00000029363,9774,BCLAF1,0.1575888073100385
ENSG00000128849,84952,CGNL1,-0.2811674054806145
ENSG00000174738,9975,NR1D2,0.2897114002383474
ENSG00000113068,5201,PFDN1,0.0933488749085943
ENSG00000188994,23036,ZNF292,-0.2334186120518666
ENSG00000071282,29995,LMCD1,0.2901732631054226
ENSG00000022840,9921,RNF10,0.2392355140149224
ENSG00000168876,54851,ANKRD49,0.2540030951281545
ENSG00000119414,5537,PPP6C,-0.1309671635828143
ENSG00000124571,57510,XPO5,0.3188601055372878
ENSG00000117054,34,ACADM,0.1592180993778306
,,C11orf1,-0.1554007831678678
ENSG00000140382,10363,HMG20A,0.2299443467868683
ENSG00000142546,51070,NOSIP,-0.2120013556029907
ENSG00000132604,7014,TERF2,-0.2733044016342256
ENSG00000197062,7741,ZSCAN26,0.2387448749132496
ENSG00000149554,1111,CHEK1,-0.2535070894021436
ENSG00000137628,55601,DDX60,0.3328586748686878
ENSG00000170464,202052,DNAJC18,0.2670924110596769
ENSG00000122126,4952,OCRL,0.2181223893115609
ENSG00000128656,1123,CHN1,0.3010115033116363
ENSG00000101773,5932,RBBP8,-0.3531990877360549
ENSG00000145982,10667,FARS2,-0.2040777872520917
ENSG00000181817,84967,LSM10,-0.2538550608212142
ENSG00000102230,9468,PCYT1B,0.3874699933536938
ENSG00000103404,57478,USP31,-0.3868548362004717
ENSG00000139174,144165,PRICKLE1,-0.3049491390213948
ENSG00000114686,11222,MRPL3,-0.2121131084400691
ENSG00000184903,83943,IMMP2L,0.2064095587016055
ENSG00000197903,85236,H2BC12,0.201213307988949
ENSG00000128052,3791,KDR,0.3365207442235089
ENSG00000137710,5962,RDX,0.1180805771045141
ENSG00000169139,7336,UBE2V2,0.1227412423760223
ENSG00000185614,389119,INKA1,-0.3379387114284143
ENSG00000005302,10943,MSL3,-0.2330401394170063
ENSG00000116977,3964,LGALS8,0.2263546564333691
ENSG00000163930,8314,BAP1,0.2863689721271864
ENSG00000120616,80314,EPC1,-0.2515782529749129
ENSG00000143294,5546,PRCC,0.3292864179103315
ENSG00000141378,51651,PTRH2,0.1485021220043197
ENSG00000163950,7884,SLBP,0.2754002856811461
ENSG00000146416,51390,AIG1,-0.1540862473052724
ENSG00000102409,56271,BEX4,-0.1512560918189101
ENSG00000179091,1537,CYC1,0.157551799084464
ENSG00000139684,2098,ESD,0.0976349236266326
ENSG00000196313,9883,POM121,0.3826731035584562
ENSG00000134186,55119,PRPF38B,0.2585496143549295
ENSG00000159346,51094,ADIPOR1,-0.2284151221299307
ENSG00000164117,26269,FBXO8,0.2981327580320648
ENSG00000168522,2339,FNTA,0.1947073686245451
ENSG00000122068,84248,FYTTD1,-0.1254265073643187
ENSG00000136897,54534,MRPL50,0.1301196857965623
ENSG00000136940,5082,PDCL,-0.1451078808591393
ENSG00000116095,65977,PLEKHA3,-0.2688478818036945
ENSG00000071189,23161,SNX13,-0.3386135440387247
ENSG00000134809,26519,TIMM10,0.1443924739386213
ENSG00000169946,23414,ZFPM2,0.2467238098404173
ENSG00000257267,10778,ZNF271P,0.1697436612090585
ENSG00000163913,55764,IFT122,0.3671922404145488
ENSG00000232838,100303755,PET117,-0.3214531798467193
ENSG00000090487,51324,SPG21,0.1656692409005856
ENSG00000135932,51719,CAB39,0.2957431533741292
ENSG00000101439,1471,CST3,0.1839392854791535
ENSG00000141741,84299,MIEN1,-0.208259631979124
ENSG00000109099,5376,PMP22,-0.1374464006549054
ENSG00000119392,2733,GLE1,-0.3213563832505265
ENSG00000283103,105372480,LOC105372480,-0.34314614230426
ENSG00000123124,11059,WWP1,0.2837969519450669
ENSG00000157005,6750,SST,0.3852304777028388
ENSG00000196505,54834,GDAP2,0.3345213328017063
ENSG00000102753,3839,KPNA3,0.1872546023765303
ENSG00000078487,55063,ZCWPW1,0.4026726295094137
ENSG00000144642,27303,RBMS3,-0.2180737052298822
ENSG00000162642,148423,C1orf52,-0.2898486712654142
ENSG00000140612,23478,SEC11A,-0.1332417777121856
ENSG00000275618,51283,BFAR,-0.1835440591497536
ENSG00000291884,84838,ZNF496,-0.3368035659164459
ENSG00000137200,23070,CMTR1,0.3102147572267762
ENSG00000091009,54439,RBM27,-0.2796652263145733
ENSG00000173726,9804,TOMM20,-0.1634066371766455
ENSG00000145331,93587,TRMT10A,0.2798525839463841
ENSG00000035141,84908,FAM136A,0.1635790806796282
ENSG00000198799,9860,LRIG2,-0.3046014484996162
ENSG00000165525,9147,NEMF,-0.2009544793014157
ENSG00000116005,51449,PCYOX1,-0.203466928755729
ENSG00000105401,11140,CDC37,-0.3309702059189233
ENSG00000127884,1892,ECHS1,0.1446039944478343
ENSG00000115204,4358,MPV17,0.1605163170591528
ENSG00000123572,203447,NRK,-0.2202110180346811
ENSG00000114115,5947,RBP1,-0.0904545202935777
ENSG00000115840,8604,SLC25A12,0.329773715529841
ENSG00000175061,125144,SNHG29,-0.1059251388568866
ENSG00000124496,55809,TRERF1,0.3576735528659854
ENSG00000160679,26097,CHTOP,-0.2571150175467107
ENSG00000079616,3835,KIF22,0.296329543760641
ENSG00000062598,63916,ELMO2,0.2399367332562338
ENSG00000051620,23593,HEBP2,0.3533218723156683
ENSG00000102393,2717,GLA,0.1881564547269303
ENSG00000276914,123811,CEP20,0.1318370861359083
ENSG00000175203,10540,DCTN2,0.1900156565109455
ENSG00000141560,79672,FN3KRP,-0.3171897537090066
ENSG00000171659,2857,GPR34,0.3439366187870327
ENSG00000196914,23365,ARHGEF12,0.3374004496596366
ENSG00000169299,55276,PGM2,-0.3435033402848128
ENSG00000198692,9086,EIF1AY,-0.1236755442068331
ENSG00000291063,107984974,LOC107984974,0.1259424492177012
ENSG00000100575,26520,TIMM9,-0.1448497526920419
ENSG00000175595,2072,ERCC4,-0.2735322963891921
ENSG00000108100,219771,CCNY,-0.23072917086181
ENSG00000175826,23399,CTDNEP1,0.2661126104653466
ENSG00000249751,641700,ECSCR,-0.3221072633931323
ENSG00000229074,3123,HLA-DRB1,-0.20558533207742
ENSG00000182552,201965,RWDD4,-0.2886128880358801
ENSG00000171222,51282,SCAND1,-0.1776773557556815
ENSG00000118707,60436,TGIF2,-0.2172773465044456
,,KIAA1522,0.3559459650046757
ENSG00000122952,11130,ZWINT,-0.2952267921164999
ENSG00000055609,58508,KMT2C,-0.244058490847147
ENSG00000181991,64963,MRPS11,-0.1910143157662995
ENSG00000121067,8405,SPOP,0.1497348474087189
ENSG00000147853,50808,AK3,-0.2214939396936189
ENSG00000182240,25825,BACE2,-0.3630638944519968
ENSG00000180425,54494,C11orf71,-0.3032381343408283
ENSG00000139579,79035,NABP2,-0.2339865437299884
ENSG00000196172,148213,ZNF681,-0.3335845831547211
ENSG00000163959,200931,SLC51A,0.3458249518274993
ENSG00000183137,285753,CEP57L1,-0.2995240082212089
ENSG00000109775,55325,UFSP2,-0.1728135642175388
ENSG00000099949,8216,LZTR1,0.2875560857983501
ENSG00000213231,9623,TCL1B,0.3033770492507243
ENSG00000134375,10440,TIMM17A,0.1356361885227134
ENSG00000107566,10613,ERLIN1,0.3315430922447003
ENSG00000164898,154791,FMC1,0.1457211606505877
ENSG00000186480,3638,INSIG1,-0.2726907131250088
ENSG00000132356,5562,PRKAA1,0.3239209697142315
ENSG00000090905,27327,TNRC6A,0.2674466458289028
ENSG00000134028,27299,ADAMDEC1,0.2836136138611765
ENSG00000143924,27436,EML4,-0.2765753350422427
ENSG00000154380,55740,ENAH,-0.1837221942119438
ENSG00000171960,10465,PPIH,-0.1332375396917115
ENSG00000124209,57403,RAB22A,-0.2411599383780399
ENSG00000159658,9813,EFCAB14,-0.242642260384048
ENSG00000151500,29087,THYN1,0.1085609375805443
ENSG00000118579,80306,MED28,-0.094685137805597
ENSG00000198805,4860,PNP,0.252676248864523
ENSG00000133872,51669,SARAF,0.1345680213127232
ENSG00000064652,28966,SNX24,-0.2707312083384777
ENSG00000106066,54504,CPVL,0.1850555195453027
ENSG00000163467,128229,TSACC,0.3699228819932207
ENSG00000239900,158,ADSL,0.0953806791059512
ENSG00000166128,51762,RAB8B,0.1976071856947669
ENSG00000174574,79647,AKIRIN1,0.2432149993181617
ENSG00000110063,28960,DCPS,-0.2841731827136142
ENSG00000196967,199704,ZNF585A,-0.1622185710449287
ENSG00000215077,6046,BRD2,-0.2707144577124966
ENSG00000240137,101928085,ERICH6-AS1,-0.3566504717850319
ENSG00000139514,6541,SLC7A1,0.3358323012998365
ENSG00000182196,51329,ARL6IP4,-0.182501314348412
ENSG00000105855,3696,ITGB8,0.2223679460402687
ENSG00000099246,22931,RAB18,0.1461515336375469
ENSG00000034510,9168,TMSB10,-0.079254919435517
ENSG00000018699,55622,TTC27,0.2646516101332152
ENSG00000165699,7248,TSC1,-0.3426786397885959
ENSG00000124588,4835,NQO2,0.2744575844065325
ENSG00000131446,4245,MGAT1,-0.3298247021616403
ENSG00000157741,254048,UBN2,-0.3050872903667
ENSG00000101940,64743,WDR13,-0.1978375666576897
ENSG00000116574,58480,RHOU,0.2822112582685486
ENSG00000104442,55156,ARMC1,-0.1893087969668161
ENSG00000120333,63931,MRPS14,0.1020870859614198
ENSG00000066279,259266,ASPM,-0.3968993824814263
ENSG00000177311,253461,ZBTB38,-0.2268792150187904
ENSG00000066651,60487,TRMT11,0.2471904912390124
ENSG00000065833,4199,ME1,0.2603475783322033
ENSG00000173744,3267,AGFG1,0.3020498228801741
ENSG00000166669,80063,ATF7IP2,0.3195129798565604
ENSG00000135655,9958,USP15,0.2341747990085521
ENSG00000100994,5834,PYGB,-0.3690614062682097
ENSG00000185104,11124,FAF1,-0.3636591678089919
ENSG00000149483,51524,TMEM138,0.1792217232105796
ENSG00000103550,400506,KNOP1,0.2184737587164847
,,CBWD5,0.1415309550069982
ENSG00000108883,9343,EFTUD2,0.162031900282248
ENSG00000070778,11099,PTPN21,0.2962438725411093
ENSG00000157837,121665,SPPL3,0.2004597455563716
ENSG00000169740,7580,ZNF32,-0.1716903134629707
ENSG00000084623,8668,EIF3I,0.0695839384607514
ENSG00000214160,10195,ALG3,0.209820779059765
ENSG00000145354,493856,CISD2,0.1398136880059232
ENSG00000198730,9646,CTR9,0.2538812791954808
ENSG00000161048,222236,NAPEPLD,-0.2144739022934443
ENSG00000112530,135138,PACRG,-0.2275876235691268
ENSG00000232956,285958,SNHG15,-0.2087873607797497
ENSG00000157303,203328,SUSD3,-0.2178161037773515
ENSG00000213047,163486,DENND1B,0.3765156031944355
ENSG00000100890,9692,PRORP,-0.1928794286881211
ENSG00000160551,57551,TAOK1,-0.1777373949193788
ENSG00000151881,64417,TMEM267,0.2779095192142659
ENSG00000198453,374900,ZNF568,-0.3832348219902626
ENSG00000171984,149840,SHLD1,0.2378656157617147
ENSG00000116863,54936,ADPRS,-0.2335373476657329
ENSG00000164039,56898,BDH2,-0.1148115450814571
ENSG00000083857,2195,FAT1,0.2296789558310494
ENSG00000173542,92597,MOB1B,-0.337144811466132
ENSG00000148200,2649,NR6A1,-0.2365827694856984
ENSG00000091129,4897,NRCAM,0.3158175252865219
ENSG00000175482,57804,POLD4,-0.2554844999396225
ENSG00000132664,10621,POLR3F,0.2474061274458767
ENSG00000143190,5451,POU2F1,0.3141541150304472
ENSG00000163918,5984,RFC4,-0.1754630174983429
ENSG00000271793,10492,SYNCRIP,-0.1354408174688504
ENSG00000163762,116441,TM4SF18,-0.1799411847366036
ENSG00000187049,51259,TMEM216,0.1582846895684516
ENSG00000119729,23433,RHOQ,0.3281071705961856
,649946,RPL23AP64,0.3358103461852574
ENSG00000164904,501,ALDH7A1,0.1173255355347271
ENSG00000166619,10904,BLCAP,-0.2479624255384368
ENSG00000052126,54477,PLEKHA5,0.3102536608538689
ENSG00000076043,25996,REXO2,-0.183247768474807
ENSG00000120675,29103,DNAJC15,-0.1064569132917464
ENSG00000128309,4357,MPST,-0.3280162040684338
ENSG00000143344,23179,RGL1,0.296124614414229
ENSG00000119977,26123,TCTN3,0.2019489114159647
ENSG00000142556,80110,ZNF614,0.3228413322297523
ENSG00000164611,9232,PTTG1,-0.1180761220395573
ENSG00000140876,283927,NUDT7,0.2776793836271329
ENSG00000182903,170960,ZNF721,0.3327211164120713
ENSG00000260873,6645,SNTB2,-0.2729656271915759
ENSG00000167186,10229,COQ7,-0.3628301374741365
ENSG00000059804,6515,SLC2A3,0.2835209808247385
ENSG00000205544,254863,TMEM256,-0.0912196052651297
ENSG00000066136,4802,NFYC,-0.3292469211486932
ENSG00000143995,4211,MEIS1,-0.195397883864774
ENSG00000168003,6520,SLC3A2,-0.3146948684364514
ENSG00000128928,3712,IVD,-0.2465703674638854
ENSG00000057757,57095,PITHD1,-0.2802519522258166
ENSG00000275052,57223,PPP4R3B,-0.2545112285538961
ENSG00000174903,81876,RAB1B,-0.2214053802590281
ENSG00000148688,10556,RPP30,0.1084628278519576
ENSG00000143110,128346,C1orf162,0.2993205085476778
ENSG00000274746,163227,ZNF100,-0.2527836880195988
ENSG00000104695,5516,PPP2CB,-0.1786541243981593
ENSG00000175756,54998,AURKAIP1,-0.1362667159070077
ENSG00000114857,4820,NKTR,-0.2712168790821009
ENSG00000197056,79830,ZMYM1,-0.3177948614506377
ENSG00000163032,7447,VSNL1,-0.3812753603112487
ENSG00000292338,207063,DHRSX,0.2862173792700656
ENSG00000138185,953,ENTPD1,0.2790323582187866
ENSG00000071859,9130,FAM50A,-0.3322037834784155
ENSG00000091039,114882,OSBPL8,-0.2052067893864297
ENSG00000118482,23469,PHF3,-0.2884323813539373
ENSG00000188739,23029,RBM34,0.1341445187379176
ENSG00000122566,3181,HNRNPA2B1,-0.0779199565252053
ENSG00000087053,8898,MTMR2,0.223597348973119
ENSG00000113460,55299,BRIX1,0.1708816351146918
ENSG00000124098,116151,FAM210B,0.2306807665232634
ENSG00000114450,59345,GNB4,0.257971482630106
ENSG00000140479,5046,PCSK6,0.2686582835876943
ENSG00000166938,115752,DIS3L,0.2648572078334747
ENSG00000115207,2976,GTF3C2,0.2296330752211894
ENSG00000160307,6285,S100B,-0.2332027668128711
ENSG00000107882,51684,SUFU,0.3633556241439475
ENSG00000162384,54987,CZIB,0.1206252717760717
ENSG00000107317,5730,PTGDS,0.3697208265198602
ENSG00000121289,84902,CEP89,-0.365811199986139
ENSG00000154928,2047,EPHB1,-0.3462961698483287
ENSG00000168116,57691,KIAA1586,-0.2638173527917838
ENSG00000136240,11014,KDELR2,0.1189863296867013
ENSG00000196975,307,ANXA4,0.1813809053406505
ENSG00000142687,79932,KIAA0319L,0.3465258069990664
ENSG00000144848,64422,ATG3,0.122912225219963
ENSG00000100441,23351,KHNYN,0.3260561960313242
ENSG00000088766,54675,CRLS1,0.2744009430333523
ENSG00000139291,55266,TMEM19,-0.2596786179438636
ENSG00000168159,149603,RNF187,-0.3431985925419183
ENSG00000168275,388753,COA6,-0.1441921497547573
ENSG00000136504,11143,KAT7,-0.181624012916481
ENSG00000101928,56180,MOSPD1,0.2139451254233126
ENSG00000117862,51060,TXNDC12,0.1308196384482661
ENSG00000154447,57630,SH3RF1,-0.2481885798500055
ENSG00000158710,8407,TAGLN2,0.0932540207011617
ENSG00000117114,23266,ADGRL2,-0.2340095221225812
ENSG00000185361,126282,TNFAIP8L1,0.3131063850546375
ENSG00000138190,54536,EXOC6,-0.2798091589749421
ENSG00000131116,126299,ZNF428,-0.3689941758867023
ENSG00000242485,55052,MRPL20,0.0848092469334784
ENSG00000153391,125476,INO80C,0.2091394354025339
ENSG00000142507,5694,PSMB6,-0.0760512404212078
ENSG00000291597,10120,ACTR1B,0.3071471697870984
ENSG00000163428,116064,LRRC58,0.1795030983827448
ENSG00000082212,4200,ME2,-0.2744042675633646
ENSG00000103710,51285,RASL12,0.2848794213464147
ENSG00000172137,794,CALB2,-0.3269150951898285
ENSG00000224597,102724316,SVIL-AS1,-0.222967532626054
ENSG00000213614,3073,HEXA,0.1836308016843491
ENSG00000280830,55256,ADI1,-0.1698622139803864
ENSG00000156709,9131,AIFM1,0.21366612809265
ENSG00000167468,2879,GPX4,-0.1713985831884637
ENSG00000127483,50809,HP1BP3,-0.146169311312436
ENSG00000204628,10399,RACK1,-0.077902247051307
ENSG00000275023,4302,MLLT6,0.3533776923022967
ENSG00000147454,51312,SLC25A37,-0.3114508892659551
ENSG00000288141,6150,MRPL23,-0.2046761637957231
ENSG00000167325,6240,RRM1,0.1447548082708308
ENSG00000133773,29080,CCDC59,0.1727323471441436
ENSG00000133574,55303,GIMAP4,-0.245629103708327
ENSG00000106268,4521,NUDT1,-0.2720173509533063
ENSG00000132773,114034,TOE1,-0.3289075147524149
ENSG00000133943,80017,DGLUCY,0.1940346840510483
ENSG00000198846,9760,TOX,0.1986314919960054
ENSG00000189042,163081,ZNF567,-0.3184154890711755
ENSG00000105552,587,BCAT2,-0.2889620772615725
ENSG00000165410,1073,CFL2,-0.1411633554661085
ENSG00000089006,27131,SNX5,-0.1369751780624907
ENSG00000184436,80764,THAP7,-0.3558840943079709
ENSG00000136861,55755,CDK5RAP2,0.2801621119147121
ENSG00000228716,1719,DHFR,-0.2341319690248791
ENSG00000234616,8629,JRK,0.3900874837891819
ENSG00000124920,745,MYRF,0.3259948622663227
ENSG00000213024,23636,NUP62,-0.2142158023219266
ENSG00000189376,84933,C8orf76,-0.2302943437548578
ENSG00000089157,6175,RPLP0,-0.0330260553845321
ENSG00000061794,60488,MRPS35,0.0997447696384915
ENSG00000114439,56987,BBX,-0.121038072738898
ENSG00000139620,54934,KANSL2,0.2111641441250848
ENSG00000100526,1033,CDKN3,-0.1736048835286901
ENSG00000129351,3609,ILF3,0.1705076320185265
ENSG00000221988,9374,PPT2,-0.3392848564727724
ENSG00000130844,55422,ZNF331,-0.3072218649061505
ENSG00000179271,90480,GADD45GIP1,-0.1542915821285788
ENSG00000159111,124995,MRPL10,0.196985163075716
ENSG00000181904,134553,C5orf24,-0.1693583380598917
ENSG00000046647,54960,GEMIN8,0.213024663847739
ENSG00000136732,2995,GYPC,0.2474147642731212
,,C3orf14,0.1630024252262488
ENSG00000166508,4176,MCM7,-0.1089435415847156
ENSG00000048740,10659,CELF2,0.2732680517538112
ENSG00000063322,55588,MED29,0.1993842062044325
ENSG00000106829,7091,TLE4,-0.1913072429846267
ENSG00000030066,23279,NUP160,0.3193907752023685
ENSG00000054148,29085,PHPT1,0.0785243981292156
ENSG00000065485,10954,PDIA5,-0.3159145305794678
ENSG00000222041,112597,CYTOR,0.2373148488503223
ENSG00000125971,83658,DYNLRB1,0.0912419761005302
ENSG00000138069,5861,RAB1A,-0.1368580828771635
ENSG00000117335,4179,CD46,0.1437552287047191
ENSG00000044574,3309,HSPA5,0.1023334019489834
ENSG00000058729,55781,RIOK2,0.1975420491857109
ENSG00000163900,90407,TMEM41A,-0.125326479826605
ENSG00000204843,1639,DCTN1,0.2295452519267683
ENSG00000148925,84280,BTBD10,-0.2288854581239975
ENSG00000198087,23607,CD2AP,-0.2665341332222418
ENSG00000182973,25904,CNOT10,-0.2975907168650195
ENSG00000197451,3182,HNRNPAB,-0.2229293173521322
ENSG00000102241,27336,HTATSF1,0.194355096610915
ENSG00000145685,10184,LHFPL2,-0.286566342892587
ENSG00000075975,23609,MKRN2,0.2137481261169971
ENSG00000080986,10403,NDC80,-0.2655769869367604
ENSG00000144713,6161,RPL32,-0.0650510328065658
ENSG00000198246,55315,SLC29A3,0.309911760955709
ENSG00000120889,8795,TNFRSF10B,0.2710703242336862
ENSG00000198931,353,APRT,-0.178034327495313
ENSG00000176171,664,BNIP3,-0.227333987738181
ENSG00000137274,670,BPHL,-0.2565625049242406
ENSG00000113194,23197,FAF2,0.1727459039685906
ENSG00000118495,5325,PLAGL1,0.1793436284124138
ENSG00000152464,10557,RPP38,-0.2136242640794392
ENSG00000172845,6670,SP3,-0.176011589364065
ENSG00000177410,441951,ZFAS1,0.1037993450924571
ENSG00000169255,8706,B3GALNT1,0.2606442221137143
ENSG00000004897,996,CDC27,-0.1913794536157506
ENSG00000170619,28991,COMMD5,0.2556161377900345
ENSG00000143363,58497,PRUNE1,-0.278530477832566
ENSG00000131467,10197,PSME3,0.2535268202812024
ENSG00000116212,115353,LRRC42,0.3025175418115506
ENSG00000072042,51109,RDH11,-0.1195750783506658
ENSG00000048828,23196,FAM120A,0.2510870532875961
ENSG00000107872,79176,FBXL15,-0.1871558794807058
ENSG00000277656,2952,GSTT1,-0.2156110391612551
ENSG00000118263,8609,KLF7,-0.300311557351994
ENSG00000127328,117177,RAB3IP,0.2652404748972807
ENSG00000114125,9616,RNF7,-0.0894113663412311
ENSG00000031003,51306,FAM13B,-0.2513442833407903
ENSG00000110917,9761,MLEC,0.1517475742708698
ENSG00000123609,9111,NMI,-0.2932627675880192
ENSG00000173402,1605,DAG1,-0.2342272242708226
ENSG00000125818,9491,PSMF1,-0.1213048073338185
ENSG00000132676,7818,DAP3,0.0888924505044966
ENSG00000172456,55277,FGGY,0.2819441021727129
ENSG00000248008,100506668,NRAV,0.3190928668543216
ENSG00000196683,54543,TOMM7,-0.0893244732677521
ENSG00000103351,23059,CLUAP1,0.1651470037326678
ENSG00000136143,8803,SUCLA2,0.1497035235120549
ENSG00000131473,47,ACLY,-0.1493307647661042
ENSG00000124766,6659,SOX4,0.0869952646147162
ENSG00000107796,59,ACTA2,0.2287969079895088
ENSG00000150907,2308,FOXO1,0.2242620268098586
ENSG00000145687,23635,SSBP2,0.1657744680456369
ENSG00000167840,7775,ZNF232,0.2797694246777005
ENSG00000188636,84247,RTL6,0.2214463800400675
ENSG00000138443,10152,ABI2,0.1479969349446359
ENSG00000133639,694,BTG1,0.1615314828120896
ENSG00000108091,8030,CCDC6,0.2075094830881351
ENSG00000127184,1350,COX7C,-0.0981848297279756
ENSG00000005100,56919,DHX33,-0.2621050275206908
ENSG00000170445,3035,HARS1,-0.2068866092821822
ENSG00000162441,84328,LZIC,0.1453164807223641
ENSG00000198408,10724,OGA,0.2464101354385073
ENSG00000180817,5464,PPA1,-0.1216776018617421
ENSG00000009413,5980,REV3L,-0.3451570449790597
ENSG00000129158,26297,SERGEF,-0.3535772818242083
ENSG00000158164,11013,TMSB15A,-0.1311420167306878
ENSG00000165533,123016,TTC8,0.1703378025813956
ENSG00000116260,5768,QSOX1,0.2082137179152474
ENSG00000172269,1798,DPAGT1,0.1950279609848519
ENSG00000090615,2802,GOLGA3,-0.2799744029050749
ENSG00000121211,84057,MND1,-0.2329807845621413
ENSG00000196646,7695,ZNF136,0.2820504642811636
ENSG00000188725,643155,SMIM15,0.2681395425832091
ENSG00000124333,6845,VAMP7,-0.2617710165086226
ENSG00000143164,55827,DCAF6,-0.3411392415397933
ENSG00000188010,729967,MORN2,0.1511363351977111
ENSG00000104679,203069,R3HCC1,-0.282211165997191
ENSG00000250722,6414,SELENOP,-0.1395231301773899
ENSG00000152778,24138,IFIT5,-0.2755171380922911
ENSG00000179241,143458,LDLRAD3,0.3300375013772285
ENSG00000089053,51433,ANAPC5,0.1324966453042754
ENSG00000165806,840,CASP7,0.2738124792468221
ENSG00000198589,987,LRBA,0.3041431633491537
ENSG00000112118,4172,MCM3,0.153937263079212
ENSG00000058673,9877,ZC3H11A,0.193683853791258
,,SRP14-AS1,0.3045286051967764
ENSG00000174437,488,ATP2A2,0.237997369332773
ENSG00000155097,528,ATP6V1C1,0.1498226257287623
ENSG00000122565,11335,CBX3,-0.0796313428607798
ENSG00000169193,90693,CCDC126,-0.2683517829519917
ENSG00000134480,902,CCNH,0.1810520485975519
ENSG00000111276,1027,CDKN1B,0.1927865627318703
ENSG00000114956,1716,DGUOK,0.079538363550205
ENSG00000105447,83743,GRWD1,0.3145628920760921
ENSG00000082701,2932,GSK3B,-0.2713244116246426
ENSG00000213934,3047,HBG1,0.1446220994408472
ENSG00000121897,11019,LIAS,0.1837251672794
ENSG00000230791,7940,LST1,0.1900922552500736
ENSG00000155363,4343,MOV10,0.2296644547373319
ENSG00000175110,56945,MRPS22,-0.1066963594738921
ENSG00000101198,128414,NKAIN4,-0.311077795790224
ENSG00000283293,125050,RN7SK,-0.2833452796382172
ENSG00000004864,10165,SLC25A13,0.3308357667974183
ENSG00000002933,55365,TMEM176A,-0.2708504757052499
ENSG00000151116,55293,UEVLD,-0.2882099524958065
ENSG00000112339,10767,HBS1L,-0.1782439836038852
ENSG00000106992,203,AK1,-0.1321499859325034
ENSG00000169679,699,BUB1,0.2303159165449465
ENSG00000181690,5324,PLAG1,0.2268363259552757
ENSG00000108946,5573,PRKAR1A,0.0993669278938738
ENSG00000167112,26995,TRUB2,-0.2817511206047807
ENSG00000160213,1476,CSTB,-0.1816148088953248
ENSG00000089048,51575,ESF1,0.1406790785564103
ENSG00000155959,7411,VBP1,0.1107082880901556
ENSG00000120697,29880,ALG5,0.1077390118107061
ENSG00000198270,89894,TMEM116,0.2919514024963496
ENSG00000137070,3590,IL11RA,0.1671853049692593
ENSG00000123096,8082,SSPN,-0.2087737957091977
ENSG00000137207,25844,YIPF3,-0.1285617677158154
ENSG00000034693,8504,PEX3,0.2228309296100789
ENSG00000115271,25801,GCA,0.165608508927693
ENSG00000133265,23640,HSPBP1,-0.2915578777137926
ENSG00000160712,3570,IL6R,-0.2659886341451776
ENSG00000152465,9397,NMT2,0.2080944574159308
ENSG00000114200,590,BCHE,-0.1734733506072551
ENSG00000075223,10512,SEMA3C,0.2408283045666344
ENSG00000151304,153443,SRFBP1,-0.2940362780851687
ENSG00000196227,63939,FAM217B,0.2192620428734323
ENSG00000153048,23589,CARHSP1,-0.1546290838613659
ENSG00000008394,4257,MGST1,-0.1435207394723659
ENSG00000178057,25915,NDUFAF3,-0.1006758768759854
ENSG00000101856,10857,PGRMC1,-0.1044655540745243
ENSG00000127314,5908,RAP1B,0.1354231217380609
ENSG00000126107,79654,HECTD3,0.3385328950102492
ENSG00000029993,3149,HMGB3,-0.1440671851500667
ENSG00000164609,10569,SLU7,-0.1530312174578179
ENSG00000272047,404672,GTF2H5,-0.0644777778913144
ENSG00000160310,3275,PRMT2,-0.1343352631433921
ENSG00000169727,2873,GPS1,-0.225444284706473
ENSG00000100612,51635,DHRS7,-0.2194340627467361
ENSG00000275214,3429,IFI27,-0.2953205338504844
ENSG00000090432,79594,MUL1,0.2312707603551807
ENSG00000114503,22916,NCBP2,-0.1088133532110463
ENSG00000111581,57122,NUP107,0.2211101429790674
ENSG00000105971,858,CAV2,0.2080170174311875
ENSG00000157349,11269,DDX19B,0.2125376290744885
ENSG00000071082,6160,RPL31,-0.0611142018882438
ENSG00000163714,23350,U2SURP,0.1542141604937527
ENSG00000258315,124944,C17orf49,-0.304178318490559
ENSG00000114315,3280,HES1,0.2074422581170837
ENSG00000111911,135114,HINT3,-0.293605271250468
ENSG00000189184,54510,PCDH18,-0.1775856501375116
ENSG00000167232,7644,ZNF91,-0.2294354746370784
ENSG00000143384,4170,MCL1,0.153197730138702
ENSG00000135778,84284,NTPCR,0.1137091690171321
ENSG00000103544,57020,VPS35L,0.1584788504633183
ENSG00000105879,79872,CBLL1,0.2393056719923502
ENSG00000133321,5920,PLAAT4,-0.1382820071098653
ENSG00000151093,54995,OXSM,-0.1826306196120554
ENSG00000158850,8703,B4GALT3,0.1304609362648473
ENSG00000075407,7587,ZNF37A,-0.2891484930590658
ENSG00000128951,1854,DUT,-0.1974072871090805
ENSG00000143252,6391,SDHC,-0.0840406694640966
ENSG00000109332,7323,UBE2D3,0.0632493659977664
ENSG00000109911,26610,ELP4,-0.2289734912599131
ENSG00000137574,96764,TGS1,-0.2478945601957302
ENSG00000116871,55700,MAP7D1,0.2971720033614568
ENSG00000165501,122769,LRR1,0.2399029004608541
ENSG00000124177,84181,CHD6,-0.2285748944768605
ENSG00000113845,51300,TIMMDC1,0.1200774503103896
ENSG00000100300,706,TSPO,-0.2724670358049015
ENSG00000168803,161823,ADAL,-0.2369153420200744
ENSG00000067082,1316,KLF6,-0.1530679829689373
ENSG00000104660,23484,LEPROTL1,-0.1458947490340438
ENSG00000075651,5337,PLD1,0.2596409860859439
ENSG00000188419,1121,CHM,-0.2834717299770674
ENSG00000116747,6738,RO60,-0.1008571654943363
ENSG00000101966,331,XIAP,-0.2530136325043348
ENSG00000101849,6907,TBL1X,0.2896676173882302
ENSG00000231889,643749,TRAF3IP2-AS1,-0.2586232362400667
ENSG00000135902,1144,CHRND,0.0895404080972499
ENSG00000137332,780,DDR1,0.2749205266567568
ENSG00000108406,79665,DHX40,0.1654645897876372
ENSG00000162961,84661,DPY30,0.068925232732613
ENSG00000151422,2241,FER,-0.2361822007112059
ENSG00000244734,3043,HBB,-0.1378715792010359
ENSG00000204592,3133,HLA-E,-0.1851885658150472
ENSG00000116237,23463,ICMT,0.2718715891769215
ENSG00000138758,55752,SEPTIN11,-0.2193153353521403
ENSG00000196950,57181,SLC39A10,-0.1342140340983689
ENSG00000108651,55813,UTP6,0.1716133720099996
ENSG00000169242,1942,EFNA1,-0.2238335417706423
ENSG00000135018,29979,UBQLN1,-0.19415172705637
ENSG00000141429,2589,GALNT1,0.1601150664672273
ENSG00000119632,83982,IFI27L2,-0.1041222690039756
ENSG00000108591,1819,DRG2,-0.2671365781825624
ENSG00000133104,23111,SPART,0.177031036138101
ENSG00000152904,9453,GGPS1,0.1360299932147548
ENSG00000079134,9984,THOC1,0.2482581945271515
ENSG00000141552,51529,ANAPC11,-0.0615122325980474
ENSG00000154978,81552,VOPP1,-0.3039710753210582
ENSG00000123066,23389,MED13L,-0.2390935541011861
ENSG00000102144,5230,PGK1,-0.0607446943349469
ENSG00000006625,79017,GGCT,0.1119672221642992
ENSG00000213096,9534,ZNF254,-0.2944878352004652
ENSG00000100580,283578,TMED8,-0.1912003282707644
ENSG00000113719,57222,ERGIC1,0.2000896978836913
ENSG00000178573,4094,MAF,-0.1506672124504388
ENSG00000204397,114769,CARD16,-0.2931559100996207
ENSG00000100105,23598,PATZ1,0.2604159916115919
ENSG00000156931,23355,VPS8,0.2674823801047299
ENSG00000100418,27351,DESI1,0.2853083402663208
ENSG00000182923,80254,CEP63,0.2792687947098928
ENSG00000145782,9140,ATG12,-0.1095849538252769
ENSG00000155111,23097,CDK19,-0.3052565604077771
ENSG00000112796,59084,ENPP5,0.2980824778375423
ENSG00000162654,115361,GBP4,-0.1624433903399249
ENSG00000125877,3704,ITPA,-0.2179223044444294
ENSG00000147121,55634,KRBOX4,-0.2031956601445016
ENSG00000130830,4354,MPP1,-0.2152182603360617
ENSG00000103490,29108,PYCARD,-0.2049099824283498
ENSG00000143379,9869,SETDB1,0.2003062829764102
ENSG00000163110,10611,PDLIM5,0.18444822379352
ENSG00000091490,23231,SEL1L3,0.2781756989730205
ENSG00000054983,2581,GALC,0.2083460807767689
ENSG00000058262,29927,SEC61A1,-0.2073473144445545
ENSG00000132361,23277,CLUH,-0.3813382090171167
ENSG00000111358,2967,GTF2H3,-0.2422554628295209
ENSG00000189058,347,APOD,-0.1496426463707941
ENSG00000155330,388272,C16orf87,0.2114650032215229
ENSG00000112679,56940,DUSP22,0.2730439306764081
ENSG00000168496,2237,FEN1,0.2160566745979726
ENSG00000078369,2782,GNB1,0.1290832590970833
ENSG00000125484,9329,GTF3C4,-0.2113545062845495
ENSG00000101680,284217,LAMA1,0.1753956229431802
ENSG00000188554,4077,NBR1,0.1892195541974184
ENSG00000075188,79023,NUP37,-0.1396064846548303
ENSG00000247556,729082,OIP5-AS1,0.1476915090232689
ENSG00000215021,11331,PHB2,-0.1288772532143169
ENSG00000105355,10226,PLIN3,0.1255885062860054
ENSG00000013503,55703,POLR3B,0.2646752180899115
ENSG00000113593,23398,PPWD1,0.1885327216243124
ENSG00000183207,10856,RUVBL2,-0.1659599280750314
ENSG00000174780,6731,SRP72,-0.0960795130917306
ENSG00000215712,729515,TMEM242,0.2194038083007301
ENSG00000158793,4817,NIT1,0.1453296069389236
ENSG00000230124,84320,ACBD6,0.2517334460046726
ENSG00000158623,26958,COPG2,0.2953417500291569
ENSG00000177030,10522,DEAF1,-0.3139378491516027
ENSG00000168589,83657,DYNLRB2,-0.2201592424784383
ENSG00000099783,4670,HNRNPM,-0.1558830646581132
ENSG00000135070,81689,ISCA1,-0.1709779183930641
ENSG00000164080,23132,RAD54L2,-0.2701534856686167
ENSG00000124067,6560,SLC12A4,0.2858537979604681
ENSG00000108528,8402,SLC25A11,-0.211594740526057
ENSG00000153914,140890,SREK1,0.1661387128877846
ENSG00000167978,23524,SRRM2,0.2879465592266556
ENSG00000106610,64940,STAG3L4,0.2096383621927272
ENSG00000116001,7072,TIA1,-0.1507200354818354
ENSG00000168569,79064,TMEM223,0.25325422564791
ENSG00000064419,23534,TNPO3,0.2265425393156873
ENSG00000091656,79776,ZFHX4,-0.2517316290692603
ENSG00000104164,26258,BLOC1S6,0.1766016018007333
,,LOC646762,0.2584714185545627
ENSG00000163297,118429,ANTXR2,0.3280378180164026
ENSG00000291824,340542,BEX5,0.198921744534691
ENSG00000183807,221303,FAM162B,-0.2669846555863813
ENSG00000169641,7798,LUZP1,-0.2842838066214888
ENSG00000170903,84437,MSANTD4,0.2402853933296731
ENSG00000137806,51103,NDUFAF1,-0.2107830438766607
ENSG00000134853,5156,PDGFRA,-0.1342004267574915
ENSG00000119953,10285,SMNDC1,-0.2047447215859531
ENSG00000167797,10263,CDK2AP2,-0.2162245922347742
ENSG00000105402,8775,NAPA,-0.2668962179692493
ENSG00000132661,29107,NXT1,-0.2439325734070833
ENSG00000175324,27257,LSM1,0.1599243372384425
ENSG00000124207,1434,CSE1L,0.1032707836585295
ENSG00000111224,57097,PARP11,0.2962662940522483
ENSG00000031691,55166,CENPQ,-0.2575400263602744
ENSG00000130560,10422,UBAC1,0.2549584149773504
ENSG00000156261,10694,CCT8,0.0555511951280193
ENSG00000182481,3838,KPNA2,-0.0706573985480139
ENSG00000150687,11098,PRSS23,-0.1265159570826674
ENSG00000124212,5740,PTGIS,-0.1996503541339996
ENSG00000145916,64777,RMND5B,-0.2801703906239427
ENSG00000118518,81847,RNF146,-0.2382099050988177
ENSG00000143315,93183,PIGM,-0.2043324555528954
ENSG00000112304,55856,ACOT13,0.0934356781254238
ENSG00000198865,100129792,CCDC152,0.1957941359372109
ENSG00000128534,51691,LSM8,-0.0992533606416177
ENSG00000176956,4062,LY6H,-0.304594210556078
ENSG00000164244,133619,PRRC1,-0.1428001965715066
ENSG00000197013,353088,ZNF429,-0.1831384913029085
ENSG00000170852,25948,KBTBD2,-0.2599893190180206
ENSG00000001631,889,KRIT1,-0.2436471235543043
ENSG00000093167,9209,LRRFIP2,0.2861698694298753
ENSG00000171206,81603,TRIM8,-0.2617204110274266
ENSG00000236287,58486,ZBED5,-0.2146924707591971
ENSG00000110536,114971,PTPMT1,-0.1733201470516536
ENSG00000144426,65065,NBEAL1,0.2734416085317224
ENSG00000149735,170589,GPHA2,0.3031441835350078
ENSG00000083750,10325,RRAGB,-0.2096718419687057
ENSG00000203950,26071,RTL8A,-0.2037942040560767
ENSG00000161265,199746,U2AF1L4,0.2640771505659942
ENSG00000133961,8650,NUMB,-0.2317695942471369
ENSG00000182247,7325,UBE2E2,0.2093572364691162
ENSG00000163170,388962,BOLA3,0.1099887816360732
ENSG00000237651,339804,C2orf74,0.1438093826501227
ENSG00000276761,54883,CWC25,0.1711485006515759
ENSG00000013523,23357,ANGEL1,0.2753534427291038
ENSG00000186010,51079,NDUFA13,0.0627320860927062
ENSG00000141425,55197,RPRD1A,-0.1499604436718709
ENSG00000122481,25950,RWDD3,-0.3124337084508369
ENSG00000164163,6059,ABCE1,0.1108070691952617
ENSG00000158636,56946,EMSY,0.2715070450078713
ENSG00000119139,9414,TJP2,0.3152980014445585
ENSG00000163539,23122,CLASP2,0.2956958509778456
ENSG00000111817,29940,DSE,0.2694254896999705
ENSG00000118564,26234,FBXL5,0.1370252501960714
ENSG00000065970,55810,FOXJ2,-0.2877755225316104
ENSG00000136273,3364,HUS1,0.1814417308367235
ENSG00000078018,4133,MAP2,0.2250776976870037
ENSG00000015676,23386,NUDCD3,0.1713429846522595
ENSG00000259956,29890,RBM15B,0.2574158321732743
ENSG00000138336,80312,TET1,-0.3091383134829742
ENSG00000167460,7171,TPM4,0.0890343424958359
ENSG00000164687,2171,FABP5,-0.1164536975949065
ENSG00000112406,51696,HECA,0.2480857433717752
ENSG00000071994,5134,PDCD2,0.2469143037130179
ENSG00000198060,54708,MARCHF5,0.2098824606522341
ENSG00000113649,10915,TCERG1,-0.2483630269367907
ENSG00000142657,5226,PGD,0.0532749756968141
ENSG00000163961,165918,RNF168,-0.2133414982735808
ENSG00000049245,9341,VAMP3,-0.0943837475309416
ENSG00000117528,5825,ABCD3,0.1870720312107222
ENSG00000198624,26112,CCDC69,0.1899907409797133
ENSG00000166888,6778,STAT6,-0.293083554657609
ENSG00000105171,10775,POP4,-0.2118072168658341
ENSG00000095002,4436,MSH2,-0.1867242005057572
ENSG00000154277,7345,UCHL1,-0.1446041717638006
ENSG00000115446,25972,UNC50,0.2331594345618565
ENSG00000167380,7769,ZNF226,0.152854311587429
ENSG00000165152,84302,PGAP4,0.2547802236815587
ENSG00000106819,54829,ASPN,-0.2249133886489548
ENSG00000099942,1399,CRKL,-0.1907583351885406
ENSG00000280548,2091,FBL,0.0872743516282024
ENSG00000128699,94101,ORMDL1,-0.1377134758237054
ENSG00000163681,7871,SLMAP,-0.1970177577515311
ENSG00000101596,23347,SMCHD1,0.2867416439491921
ENSG00000147526,6867,TACC1,0.1930483017893351
ENSG00000141627,54808,DYM,-0.1882992116845765
ENSG00000174446,10302,SNAPC5,0.1537436137075005
ENSG00000062485,1431,CS,0.100549920542986
ENSG00000116688,9927,MFN2,-0.2543733247730439
ENSG00000164610,6100,RP9,-0.2546666762762425
ENSG00000138448,3685,ITGAV,0.1479393416489349
ENSG00000134852,9575,CLOCK,-0.2325824205560935
ENSG00000189223,654433,PAX8-AS1,-0.1735086114325401
ENSG00000186314,153768,PRELID2,-0.2569742624207876
ENSG00000292169,29777,ABT1,0.227780115790021
ENSG00000276726,9093,DNAJA3,0.2779564449089754
ENSG00000174010,80311,KLHL15,0.2232888964349615
ENSG00000100461,55147,RBM23,-0.1549247238535757
ENSG00000213516,494115,RBMXL1,-0.1083586283685637
ENSG00000025772,10953,TOMM34,0.1812517473853385
ENSG00000147533,51125,GOLGA7,0.1269149242137084
ENSG00000171425,51545,ZNF581,0.2331633764126332
ENSG00000204287,3122,HLA-DRA,0.1392830944018564
ENSG00000164066,27152,INTU,-0.2558014963566427
ENSG00000152558,114908,TMEM123,0.0921700615887768
ENSG00000144744,9039,UBA3,0.1546558828175651
ENSG00000176209,114926,SMIM19,-0.15242180296865
ENSG00000244754,10443,N4BP2L2,-0.1168110159873101
ENSG00000127334,8445,DYRK2,-0.2315957118668585
ENSG00000198551,199692,ZNF627,-0.1889330393818986
ENSG00000177731,2314,FLII,0.1824666310594936
ENSG00000168286,57215,THAP11,-0.3031957051026603
ENSG00000077782,2260,FGFR1,0.2859836517190852
ENSG00000162980,26225,ARL5A,-0.1575349968849203
ENSG00000085224,546,ATRX,-0.1669321387411592
ENSG00000132842,8546,AP3B1,-0.2285172406452009
ENSG00000067836,79641,ROGDI,-0.2786262596150006
ENSG00000112305,60682,SMAP1,-0.2039421667174396
ENSG00000197223,10438,C1D,0.1152859868543386
,,RPSAP58,-0.2462168349114256
ENSG00000178691,23512,SUZ12,-0.1796331226370224
ENSG00000135338,167691,LCA5,-0.2948009249493243
ENSG00000213619,4722,NDUFS3,-0.1589336481399802
ENSG00000141027,9611,NCOR1,0.17363070646977
ENSG00000103485,23475,QPRT,-0.1550251682833248
ENSG00000182934,6734,SRPRA,-0.1780395231233885
ENSG00000163634,80145,THOC7,-0.1028448837019161
ENSG00000166292,55273,TMEM100,0.2574170946804358
ENSG00000068784,55133,SRBD1,-0.213323953261146
ENSG00000176340,1351,COX8A,-0.0626821699164916
ENSG00000092208,8487,GEMIN2,0.1755487919831202
ENSG00000280627,6834,SURF1,-0.0953476621336731
ENSG00000113734,662,BNIP1,0.1257006729753497
ENSG00000147364,26260,FBXO25,0.2835312911997782
ENSG00000159348,51706,CYB5R1,0.1941056019278973
ENSG00000094804,990,CDC6,0.2586209049911384
ENSG00000111716,3945,LDHB,0.0380269072361016
ENSG00000177426,7050,TGIF1,0.1330914595232086
ENSG00000167552,7846,TUBA1A,-0.0440873292591319
ENSG00000156587,9246,UBE2L6,0.1258920880306475
ENSG00000169016,1876,E2F6,0.2510549842788461
ENSG00000274221,6348,CCL3,-0.3032593166747697
ENSG00000116667,81563,C1orf21,0.2309516252508633
ENSG00000171720,8841,HDAC3,-0.1969037003682465
ENSG00000157593,347734,SLC35B2,-0.1977346113432591
ENSG00000130985,7317,UBA1,0.1308820030614661
ENSG00000163697,323,APBB2,0.2280457711534005
ENSG00000162944,130132,RFTN2,0.2390440418185993
ENSG00000140830,54957,TXNL4B,0.1595774068595043
ENSG00000114302,5576,PRKAR2A,0.2051398803162281
ENSG00000090013,645,BLVRB,0.1384934701014231
ENSG00000149262,92105,INTS4,0.1957278592083325
ENSG00000135678,1368,CPM,0.2687941981921709
ENSG00000181029,126003,TRAPPC5,0.1296987496396791
ENSG00000282230,8754,ADAM9,-0.2058433973697865
ENSG00000149932,124446,TMEM219,0.132050893970222
ENSG00000185630,5087,PBX1,-0.1807158540436135
ENSG00000164284,134266,GRPEL2,-0.2074557153151074
,,LOC100505715,0.2376708830820655
ENSG00000139112,23710,GABARAPL1,0.239720590182609
ENSG00000074219,8463,TEAD2,-0.2039631161978297
ENSG00000139746,64062,RBM26,-0.1855302325543549
ENSG00000213694,1903,S1PR3,0.1993910147230803
ENSG00000125875,128637,TBC1D20,0.205548423043427
ENSG00000196323,29068,ZBTB44,0.1548351582027029
ENSG00000165660,23172,ABRAXAS2,-0.2435878745722851
ENSG00000121851,84265,POLR3GL,0.2030149450728291
ENSG00000175792,8607,RUVBL1,-0.2265350819601352
ENSG00000166913,7529,YWHAB,-0.0800543994948097
ENSG00000234608,51275,MAPKAPK5-AS1,-0.1562209981103077
ENSG00000177034,345778,MTX3,0.2571279460974561
ENSG00000187742,79048,SECISBP2,-0.259469031823492
ENSG00000117620,23443,SLC35A3,0.2523810407611068
ENSG00000117143,6675,UAP1,0.2445324987609856
ENSG00000106278,5803,PTPRZ1,0.2726152303329016
ENSG00000138468,57337,SENP7,0.2355583600038076
ENSG00000170954,55786,ZNF415,0.2429851749658442
ENSG00000120254,25902,MTHFD1L,0.2243450931741151
ENSG00000163703,78987,CRELD1,-0.2479581385186199
ENSG00000166845,162681,C18orf54,-0.230984120219355
ENSG00000104973,81857,MED25,0.2906365386648292
ENSG00000154845,9989,PPP4R1,0.2232954761176618
ENSG00000181038,124512,METTL23,-0.2285166468453898
ENSG00000108389,9110,MTMR4,-0.187806273548484
ENSG00000185127,387263,C6orf120,-0.2741651590876982
ENSG00000136628,2058,EPRS1,0.1479984646154369
ENSG00000129991,7137,TNNI3,-0.1507333217632848
ENSG00000111231,51184,GPN3,-0.2278784244151393
ENSG00000040341,27067,STAU2,0.1648728381490818
ENSG00000109107,230,ALDOC,0.2084890360036158
ENSG00000151240,22982,DIP2C,0.242868336648338
ENSG00000145050,7873,MANF,-0.1774923909100156
ENSG00000036549,26009,ZZZ3,0.23430768001541
ENSG00000177951,51272,BET1L,0.2570589849330285
ENSG00000112576,896,CCND3,0.2008284980609172
ENSG00000144021,9391,CIAO1,0.1336083822450083
ENSG00000103591,79719,AAGAB,0.1347562072588417
ENSG00000068366,2182,ACSL4,0.1326545553591922
ENSG00000111696,51559,NT5DC3,-0.2339013238046657
ENSG00000135597,85021,REPS1,0.2074700067693144
ENSG00000152422,7518,XRCC4,-0.1939271319000541
ENSG00000122862,5552,SRGN,0.1450845856807035
ENSG00000106723,10927,SPIN1,-0.1180387533680848
ENSG00000139842,8451,CUL4A,0.2113845410345482
ENSG00000163541,8802,SUCLG1,0.078230733465154
ENSG00000109919,23788,MTCH2,-0.0765550035191068
ENSG00000170222,56985,ADPRM,-0.2179137243581512
ENSG00000185946,55599,RNPC3,-0.2034763823197565
ENSG00000177119,196527,ANO6,0.2488295006637622
ENSG00000164040,10424,PGRMC2,0.1615694377276449
ENSG00000235068,5460,POU5F1,0.2415831370387213
ENSG00000131495,4695,NDUFA2,0.0542402349793713
ENSG00000166068,161742,SPRED1,0.170219577124765
ENSG00000164603,154743,BMT2,0.2301868881287005
ENSG00000106799,7046,TGFBR1,-0.2194095977657671
ENSG00000148834,9446,GSTO1,-0.1233644511863403
ENSG00000291948,56942,CMC2,-0.0899307267558586
ENSG00000075711,1739,DLG1,-0.2179990319473283
ENSG00000110756,11234,HPS5,0.2572320755737593
ENSG00000131966,55860,ACTR10,-0.0865427732858502
ENSG00000153317,50807,ASAP1,0.2290076297951096
ENSG00000130164,3949,LDLR,-0.181886178375531
ENSG00000178741,9377,COX5A,-0.1193761096521517
ENSG00000198876,25853,DCAF12,0.1903256771000996
ENSG00000144771,57408,LRTM1,-0.2456138535055709
ENSG00000234456,100505881,MAGI2-AS3,0.2479788641115315
ENSG00000170458,929,CD14,0.1919225630138003
ENSG00000167378,126298,IRGQ,-0.1754763537122902
ENSG00000102738,10240,MRPS31,0.1088998064037862
,,HSPB11,-0.1072135103164493
ENSG00000122705,1211,CLTA,-0.1402787448721741
ENSG00000075420,64778,FNDC3B,0.1234159719079077
ENSG00000127603,23499,MACF1,0.1936238522411461
ENSG00000116350,6429,SRSF4,-0.2391833584257298
ENSG00000096654,7738,ZNF184,0.26539939401638
ENSG00000169891,9185,REPS2,0.2488331833199394
ENSG00000076067,5939,RBMS2,0.213844949947688
ENSG00000026950,11119,BTN3A1,-0.1457834183967919
ENSG00000005339,1387,CREBBP,-0.2066412086926607
ENSG00000138646,51191,HERC5,0.1751750032221241
ENSG00000236342,23,ABCF1,0.1818316218753762
ENSG00000100697,23405,DICER1,0.1888390077763031
ENSG00000180185,81889,FAHD1,-0.1660045500438795
ENSG00000143106,5686,PSMA5,-0.0584748953312063
,644128,RPL23AP53,-0.1903390379379292
ENSG00000132286,26515,TIMM10B,0.1177737450209553
ENSG00000122042,5412,UBL3,0.1605978251888239
ENSG00000124172,514,ATP5F1E,-0.0501649800834256
ENSG00000141385,10939,AFG3L2,0.2364268025194593
ENSG00000172115,54205,CYCS,-0.0700306267240271
ENSG00000037749,4238,MFAP3,-0.2459499045437143
ENSG00000182768,51335,NGRN,-0.110730923760002
ENSG00000114316,7375,USP4,0.1868413220851951
ENSG00000214517,51400,PPME1,0.2210410083609734
ENSG00000142230,10055,SAE1,0.1017225043488727
ENSG00000166974,10982,MAPRE2,0.1608603628795547
ENSG00000105568,5518,PPP2R1A,-0.1187989144290826
ENSG00000047634,6322,SCML1,-0.2168822502447902
ENSG00000151148,89910,UBE3B,-0.2101729315908181
ENSG00000122176,2331,FMOD,0.2651807027981261
ENSG00000047621,57102,C12orf4,-0.2566265216544449
ENSG00000149743,83707,TRPT1,-0.3071837678788912
ENSG00000089327,53827,FXYD5,0.2602132752239652
ENSG00000198478,83699,SH3BGRL2,-0.2230349990266132
ENSG00000241685,10552,ARPC1A,0.0632082849223686
ENSG00000095739,25805,BAMBI,0.1950507599397493
ENSG00000133789,23075,SWAP70,0.2560896721868421
ENSG00000183044,18,ABAT,-0.2260337064731695
,,LOC101929243,-0.2277656265559009
ENSG00000108510,9969,MED13,0.1513869605294963
ENSG00000163788,54861,SNRK,0.2855205049401685
ENSG00000147202,1730,DIAPH2,0.2562097567755466
ENSG00000156804,114907,FBXO32,-0.2708761657446986
ENSG00000136819,51759,C9orf78,0.0915898865773477
ENSG00000181350,388341,LRRC75A,0.2198199719579021
ENSG00000000419,8813,DPM1,-0.1455139922802548
ENSG00000159110,3455,IFNAR2,-0.232417668254415
ENSG00000111445,5985,RFC5,-0.1451401693072365
ENSG00000073849,6480,ST6GAL1,0.2312778054431952
ENSG00000167671,80700,UBXN6,-0.2235649105904767
ENSG00000178662,80034,CSRNP3,0.2157382677517476
ENSG00000095209,55151,TMEM38B,0.1758483714725167
ENSG00000078237,57103,TIGAR,-0.2105152003032322
ENSG00000124486,8239,USP9X,-0.1219992360239669
ENSG00000129353,57153,SLC44A2,0.2325269081913363
ENSG00000122786,800,CALD1,-0.1276762624656584
ENSG00000169714,7555,CNBP,0.0476986704329165
ENSG00000126067,5690,PSMB2,0.0560178923164394
ENSG00000149257,871,SERPINH1,0.1282679528481469
ENSG00000196935,57522,SRGAP1,-0.1776010966425579
ENSG00000147601,7013,TERF1,-0.1797762353215278
ENSG00000177674,57085,AGTRAP,0.1322989084624906
ENSG00000039123,23517,MTREX,-0.1781383380162415
ENSG00000213762,7693,ZNF134,0.2368473672063907
ENSG00000287151,29798,C2orf27A,0.229136121291948
ENSG00000112651,51069,MRPL2,0.1765767096843306
ENSG00000147383,50814,NSDHL,-0.1196273538069428
ENSG00000178307,8834,TMEM11,-0.116225183001638
ENSG00000136932,51531,TRMO,0.2049177272570483
ENSG00000135972,64965,MRPS9,-0.1212539678708208
ENSG00000113387,10923,SUB1,-0.043092424141827
ENSG00000153774,10428,CFDP1,0.0677641456200227
ENSG00000053372,51154,MRTO4,0.1421887479830552
ENSG00000084731,3797,KIF3C,0.2644385566056134
ENSG00000108830,8153,RND2,-0.163025685662676
ENSG00000145391,80854,SETD7,0.2512513582175021
ENSG00000129472,84932,RAB2B,0.2363656102073155
ENSG00000134057,891,CCNB1,-0.100074710632182
ENSG00000066084,57609,DIP2B,-0.2084626995299353
ENSG00000170634,98,ACYP2,-0.1394353397525116
ENSG00000144354,83879,CDCA7,-0.2485224420452434
ENSG00000166997,245812,CNPY4,-0.1589612897139596
ENSG00000113594,3977,LIFR,0.2395015953071471
ENSG00000164114,79884,MAP9,-0.1829194012509258
ENSG00000180488,374986,MIGA1,-0.1951750893813061
ENSG00000172172,28998,MRPL13,0.0904096403762745
ENSG00000173258,158399,ZNF483,-0.176496749115854
ENSG00000105750,7639,ZNF85,-0.1896055205924128
ENSG00000156831,286053,NSMCE2,0.101184046735721
ENSG00000166471,440026,TMEM41B,-0.1665497863791578
ENSG00000148180,2934,GSN,0.1356749691324141
ENSG00000067560,387,RHOA,-0.0608378405557335
ENSG00000189369,23708,GSPT2,-0.2512509031157154
ENSG00000181722,26137,ZBTB20,0.106514077663487
ENSG00000131043,25980,AAR2,0.1406173967031289
ENSG00000167553,84790,TUBA1C,-0.1212738668664421
ENSG00000163001,112942,CFAP36,0.1441269462126712
ENSG00000142156,1291,COL6A1,0.1968306185975357
ENSG00000231074,414777,HCG18,-0.2302768073823766
ENSG00000108424,3837,KPNB1,0.1183607418666379
ENSG00000116962,4811,NID1,-0.2145670526906512
ENSG00000161980,51728,POLR3K,0.0890125890209566
ENSG00000155850,1836,SLC26A2,-0.2149704157984764
ENSG00000196655,51399,TRAPPC4,0.0741246196943765
ENSG00000023909,2730,GCLM,0.2083022987794511
ENSG00000177058,153129,SLC38A9,0.1719802788784024
ENSG00000160131,203547,VMA21,0.1315974658457993
ENSG00000233276,2876,GPX1,-0.138679149827432
ENSG00000028528,6642,SNX1,-0.1672071284360128
ENSG00000251580,105374366,LINC02482,0.182074894657967
ENSG00000140943,8720,MBTPS1,-0.2273229891525064
ENSG00000166165,1152,CKB,-0.159437661724576
ENSG00000147677,8667,EIF3H,-0.0517445087101115
ENSG00000169914,23252,OTUD3,-0.2142456866981874
ENSG00000102054,5931,RBBP7,-0.0892226877342933
ENSG00000165813,55088,CCDC186,0.1727938850831344
ENSG00000100417,5372,PMM1,0.1389653280716694
ENSG00000198093,65251,ZNF649,0.1891982501477264
ENSG00000086827,9183,ZW10,0.2052570965227873
ENSG00000135845,5279,PIGC,0.120267477385646
ENSG00000168495,661,POLR3D,-0.2233210381160476
ENSG00000213585,7416,VDAC1,0.0654311964560945
ENSG00000122824,170685,NUDT10,0.1699413337931883
ENSG00000113583,56951,C5orf15,0.1287203822877122
ENSG00000185070,23768,FLRT2,-0.1850330719612858
ENSG00000108592,117246,FTSJ3,0.193293278565827
ENSG00000163565,3428,IFI16,0.1252150007691538
ENSG00000145675,5295,PIK3R1,0.2566285767569121
ENSG00000164933,81034,SLC25A32,0.2517440269609274
ENSG00000214736,100188893,TOMM6,-0.052114822446873
ENSG00000144357,130507,UBR3,0.2181189231557412
ENSG00000168795,9925,ZBTB5,0.2188973651506982
ENSG00000215114,137886,UBXN2B,0.1770784551921448
ENSG00000111801,10384,BTN3A3,0.1854643899676135
ENSG00000170836,8493,PPM1D,0.1999185581708888
ENSG00000122873,55847,CISD1,-0.0730180437217828
ENSG00000276371,58516,SINHCAF,-0.1093915330354113
ENSG00000151835,26278,SACS,0.2067580869006539
ENSG00000115464,9736,USP34,-0.1740405927782168
ENSG00000164631,7559,ZNF12,0.2098709163738934
ENSG00000138381,54529,ASNSD1,-0.1321538726309778
ENSG00000225973,101928527,PIGBOS1,0.1342279243627316
ENSG00000136738,8027,STAM,0.1355358229835616
ENSG00000089009,6128,RPL6,0.0383847724476951
ENSG00000169567,3094,HINT1,0.0433982703098845
ENSG00000184205,64061,TSPYL2,-0.28342113442532
ENSG00000169919,2990,GUSB,-0.20691948423346
ENSG00000186591,7328,UBE2H,0.1299596258913677
ENSG00000083520,22894,DIS3,0.2094575015121059
ENSG00000101347,25939,SAMHD1,0.1617477578823851
ENSG00000139505,9107,MTMR6,0.1969732072154782
ENSG00000167641,94274,PPP1R14A,0.1034333185906847
ENSG00000101782,8780,RIOK3,0.1908039366767641
ENSG00000162704,10092,ARPC5,0.1113202375816569
ENSG00000189060,3005,H1-0,0.1442932007819443
ENSG00000174917,125988,MICOS13,-0.0979487916846742
ENSG00000115289,84759,PCGF1,0.1576679484824524
ENSG00000103381,55313,CPPED1,0.1530425982571175
ENSG00000138073,10113,PREB,0.1707231717728148
ENSG00000073921,8301,PICALM,-0.140726090753139
ENSG00000159596,51249,TMEM69,0.1396494308935499
ENSG00000170471,57148,RALGAPB,0.2142081118480428
,,FAM122A,-0.2258112514648907
ENSG00000107262,573,BAG1,-0.2419174229571041
ENSG00000166226,10576,CCT2,0.0448910811425676
ENSG00000157259,57798,GATAD1,0.202620063901559
ENSG00000148481,80013,MINDY3,-0.1588767837214031
ENSG00000125826,10616,RBCK1,-0.213281912558112
ENSG00000115145,10254,STAM2,-0.1506374427555823
ENSG00000131013,85313,PPIL4,0.1179647962283527
ENSG00000132294,23167,EFR3A,-0.2153616748670623
ENSG00000179889,23042,PDXDC1,0.2326210273865119
ENSG00000173267,6623,SNCG,-0.1719047115314554
ENSG00000111845,55003,PAK1IP1,-0.1203670943925216
ENSG00000178904,147991,DPY19L3,0.2289847512389714
ENSG00000135999,26122,EPC2,-0.2120023040971277
ENSG00000162998,2487,FRZB,0.2067743432111064
ENSG00000005700,25998,IBTK,-0.1495418365899203
ENSG00000124688,9587,MAD2L1BP,0.1748681088287208
ENSG00000120438,6950,TCP1,-0.0875979953346919
ENSG00000174851,10897,YIF1A,0.1209867094056085
ENSG00000142541,23521,RPL13A,-0.0454136369928204
ENSG00000102699,143,PARP4,-0.2082965983345885
ENSG00000152455,79723,SUV39H2,0.2244245858727915
ENSG00000047644,55841,WWC3,-0.2289581321771276
ENSG00000187569,359787,DPPA3,0.2234738026641931
ENSG00000066926,2235,FECH,-0.1756318882470383
ENSG00000138835,5998,RGS3,-0.2220157229733272
ENSG00000186577,221491,SMIM29,-0.1769544833899438
ENSG00000137996,8634,RTCA,-0.1748854532909898
,664709,HNRNPA1P10,0.1728416978659072
ENSG00000169410,5780,PTPN9,0.2124207465708269
ENSG00000143374,80222,TARS2,0.2668222032011205
ENSG00000170323,2167,FABP4,0.2351804720225578
ENSG00000136144,55213,RCBTB1,0.1551687281282728
ENSG00000103018,80777,CYB5B,0.0992172411304743
ENSG00000290846,107985911,LOC107985911,-0.1566786111428424
ENSG00000135241,50640,PNPLA8,0.1340532529993416
ENSG00000123933,10608,MXD4,0.0980363468861296
ENSG00000165632,83860,TAF3,0.2851564260487975
,,TMEM251,0.196691063872381
ENSG00000184014,23258,DENND5A,-0.2461453683358599
ENSG00000152818,7402,UTRN,0.2602595258748428
ENSG00000132196,51478,HSD17B7,-0.2286745417509985
ENSG00000087586,6790,AURKA,0.1652067078416002
ENSG00000124164,9217,VAPB,-0.2182803395762083
ENSG00000049541,5982,RFC2,0.2015313539833542
ENSG00000118655,64858,DCLRE1B,0.2179170583747212
ENSG00000138193,51196,PLCE1,-0.2142966965357952
ENSG00000172262,7690,ZNF131,-0.1854880162737171
ENSG00000008083,3720,JARID2,-0.1889185051725894
ENSG00000143195,387597,ILDR2,-0.1186477425922564
ENSG00000116521,10067,SCAMP3,-0.1762793756844008
ENSG00000156162,286148,DPY19L4,0.1741195003824325
ENSG00000155329,54819,ZCCHC10,0.1024288859713094
ENSG00000159063,79053,ALG8,0.0956059500062702
ENSG00000291784,57820,CCNB1IP1,-0.0958342070971844
ENSG00000119979,404636,DENND10,0.1822858641285619
ENSG00000170906,4696,NDUFA3,-0.0533372834106197
ENSG00000163527,201595,STT3B,0.1183601748311163
ENSG00000131143,1327,COX4I1,0.0277611117184996
ENSG00000181104,2149,F2R,0.2302544925342599
ENSG00000136824,10592,SMC2,-0.1800359368331964
ENSG00000167522,29123,ANKRD11,0.2696762877341776
ENSG00000101474,57136,APMAP,0.1151319401674501
ENSG00000138750,53371,NUP54,0.1934033027145109
ENSG00000167981,146434,ZNF597,-0.2704860459905016
ENSG00000154511,388650,DIPK1A,-0.2368204446968546
ENSG00000049860,3074,HEXB,0.2082409181792606
ENSG00000135457,7024,TFCP2,0.2199965361502026
ENSG00000131504,1729,DIAPH1,0.2129288454478861
ENSG00000143954,130120,REG3G,0.1864424016205879
ENSG00000196628,6925,TCF4,0.0716677954572649
ENSG00000002549,51056,LAP3,-0.1072468572437337
ENSG00000276734,3800,KIF5C,0.2494930496022573
ENSG00000125107,23019,CNOT1,-0.2148647724277711
ENSG00000197111,5094,PCBP2,0.0629491658284227
ENSG00000141556,6904,TBCD,-0.2309355307322602
ENSG00000147419,55246,CCDC25,-0.0972046858277208
ENSG00000099250,8829,NRP1,-0.2016420769996727
ENSG00000184857,25880,TMEM186,-0.1804110408275532
ENSG00000108448,147166,TRIM16L,-0.1979831498783026
ENSG00000204120,26058,GIGYF2,0.1814878019685408
ENSG00000028203,55591,VEZT,0.1834926782271199
ENSG00000107537,5264,PHYH,0.1109627745300742
ENSG00000104886,55111,PLEKHJ1,0.1810779578629242
ENSG00000106538,5919,RARRES2,-0.1498672203625418
ENSG00000170500,164832,LONRF2,0.2229205345250144
ENSG00000168461,11031,RAB31,0.1485515817508089
ENSG00000172053,5859,QARS1,0.059699952837055
ENSG00000137871,54816,ZNF280D,-0.1734980873903342
ENSG00000163463,200185,KRTCAP2,-0.044049600203961
ENSG00000087884,28971,AAMDC,-0.0618806079432288
ENSG00000138433,9541,CIR1,0.10426819187545
ENSG00000070785,8891,EIF2B3,-0.1147580452198027
ENSG00000143319,81875,ISG20L2,-0.211395773346206
ENSG00000150787,5805,PTS,0.0776612391325554
ENSG00000106636,10652,YKT6,-0.2377077887452001
ENSG00000172318,8708,B3GALT1,-0.2670669590468333
ENSG00000153339,22878,TRAPPC8,0.2409159170605081
ENSG00000274047,11276,SYNRG,-0.1996615472587207
ENSG00000179387,255520,ELMOD2,0.1434593512900991
ENSG00000152219,120534,ARL14EP,0.1114490224118583
ENSG00000178567,9852,EPM2AIP1,-0.1451191548627377
ENSG00000243742,,RPLP0P2,0.2136542599915867
ENSG00000121064,59342,SCPEP1,0.0991049712221775
ENSG00000124767,2739,GLO1,-0.0624905229648746
ENSG00000137992,1629,DBT,-0.2033249108159971
ENSG00000143149,223,ALDH9A1,-0.0614921549545522
ENSG00000132254,23647,ARFIP2,0.2113894162250875
,,C12orf29,0.1679392402103367
ENSG00000104408,3646,EIF3E,0.0430686758604069
ENSG00000145723,54826,GIN1,0.2386699380295768
ENSG00000015479,9782,MATR3,0.0556393224004694
ENSG00000138801,9061,PAPSS1,0.079531026492956
ENSG00000121892,23244,PDS5A,0.1662979627531527
ENSG00000146433,57583,TMEM181,-0.1344470398614284
ENSG00000196932,219623,TMEM26,-0.183451949913103
ENSG00000178381,90637,ZFAND2A,0.1523727530416359
ENSG00000165156,11244,ZHX1,0.16374490560353
ENSG00000153363,84791,LINC00467,0.13676897336111
ENSG00000137210,81853,TMEM14B,-0.073355802620907
ENSG00000119401,22954,TRIM32,0.1744284836735577
ENSG00000159352,5710,PSMD4,-0.0783162249441569
ENSG00000143387,1513,CTSK,0.1114446462490944
ENSG00000106853,22949,PTGR1,0.1186184792057677
ENSG00000116191,55103,RALGPS2,-0.2336703879111118
ENSG00000183765,11200,CHEK2,-0.1522243567982698
ENSG00000111639,51258,MRPL51,0.0422283713753857
ENSG00000103769,8766,RAB11A,0.0544362367710362
ENSG00000121741,7750,ZMYM2,-0.1720467784825364
ENSG00000281484,10950,BTG3,0.1739175042498033
ENSG00000185344,23545,ATP6V0A2,-0.2020864477238136
ENSG00000143458,126626,GABPB2,-0.2791867683131614
ENSG00000183665,55039,TRMT12,0.2060228854988768
ENSG00000083099,57226,LYRM2,0.0757254334750183
ENSG00000105866,6671,SP4,0.2153703138550585
ENSG00000197937,84671,ZNF347,0.1856637412263981
ENSG00000164164,54726,OTUD4,0.1774232144035411
ENSG00000162618,64123,ADGRL4,-0.2093387532025569
ENSG00000095574,64376,IKZF5,0.2355539978636755
ENSG00000105438,10945,KDELR1,-0.1536412786858277
ENSG00000180628,84333,PCGF5,0.2143204076454797
,,C9orf16,-0.1265511886701075
ENSG00000101161,24148,PRPF6,0.1945476268512245
ENSG00000144736,55164,SHQ1,0.2544707625276369
ENSG00000075089,64431,ACTR6,0.1481459545471235
ENSG00000115486,2677,GGCX,-0.1316680960132268
ENSG00000144747,7110,TMF1,-0.1858263259112022
,,ZADH2,0.1917112869869159
ENSG00000084073,10269,ZMPSTE24,0.1359585151017212
ENSG00000189180,7581,ZNF33A,-0.1691315319264136
ENSG00000102908,10725,NFAT5,-0.2424305704472497
ENSG00000103257,8140,SLC7A5,0.1727096752373109
ENSG00000142166,3454,IFNAR1,-0.1199943640561259
ENSG00000092068,23428,SLC7A8,0.2209596283767261
ENSG00000138592,9101,USP8,0.1322529798391579
ENSG00000100196,11015,KDELR3,0.18564184408497
ENSG00000172775,80011,PSME3IP1,-0.1020966532934029
ENSG00000163347,9076,CLDN1,0.2106926279756466
ENSG00000288325,2874,GPS2,-0.1482275598664821
ENSG00000204272,550643,NBDY,-0.0653275652939373
ENSG00000113638,23548,TTC33,0.1738122918672003
ENSG00000106211,3315,HSPB1,0.0879674533219338
ENSG00000103494,23322,RPGRIP1L,0.2334332802923171
ENSG00000085491,29957,SLC25A24,0.2198410232220606
ENSG00000239672,4830,NME1,0.0422131831276921
ENSG00000101888,55916,NXT2,0.1239369037454519
ENSG00000196976,8270,LAGE3,-0.1246905118674577
ENSG00000112237,892,CCNC,0.1118571705287887
ENSG00000136770,64215,DNAJC1,-0.2188220065319033
ENSG00000244067,2939,GSTA2,0.1088262680961856
ENSG00000175581,51642,MRPL48,0.0741979864537617
ENSG00000155099,55529,PIP4P2,-0.2318390587110556
ENSG00000108468,10951,CBX1,0.1679640654881033
ENSG00000184220,84319,CMSS1,-0.0867198832854178
ENSG00000114395,11068,CYB561D2,-0.2005167887323926
ENSG00000214753,221092,HNRNPUL2,-0.2282643233637772
ENSG00000255248,399959,MIR100HG,-0.1296407276521538
ENSG00000204344,8859,STK19,-0.1367017039252724
ENSG00000103035,5713,PSMD7,-0.0919935879767879
ENSG00000184831,79135,APOO,0.1157781381392602
ENSG00000188352,54914,FOCAD,-0.2557471914769503
ENSG00000251247,25850,ZNF345,-0.2203125954985781
ENSG00000099968,23786,BCL2L13,0.1654851390499712
ENSG00000133884,5977,DPF2,0.1460191400562103
ENSG00000150540,3176,HNMT,0.1048324520055344
ENSG00000077721,7319,UBE2A,-0.1294595445046768
ENSG00000149311,472,ATM,-0.1947450181160948
ENSG00000131069,55902,ACSS2,-0.1727745023925069
ENSG00000175029,1488,CTBP2,0.2106254653979158
ENSG00000166783,9665,MARF1,-0.2268762901314911
ENSG00000058272,4659,PPP1R12A,-0.1131061510445964
ENSG00000130768,27293,SMPDL3B,0.2124084160088598
ENSG00000107960,79991,STN1,-0.1441557433833498
ENSG00000143756,23219,FBXO28,-0.1918333785517941
ENSG00000183648,4707,NDUFB1,-0.0434003853408635
ENSG00000178035,3615,IMPDH2,0.0472083655049851
ENSG00000140688,64755,RUSF1,0.1804878160418672
ENSG00000059573,5832,ALDH18A1,0.1494074351132032
ENSG00000093010,1312,COMT,-0.1754031155581385
ENSG00000205413,54809,SAMD9,0.2575573145392759
ENSG00000184635,81931,ZNF93,-0.2142670464483298
ENSG00000198498,55319,TMA16,-0.1029260422673919
ENSG00000111144,4048,LTA4H,-0.0611879633672745
ENSG00000164211,134429,STARD4,-0.1667921963017721
ENSG00000153037,6728,SRP19,0.0775584567830248
ENSG00000145780,56929,FEM1C,-0.2060076374393693
ENSG00000125457,57409,MIF4GD,0.1771391786672648
ENSG00000174238,5306,PITPNA,0.178262758004289
ENSG00000145741,689,BTF3,0.0416272416066811
ENSG00000130713,23404,EXOSC2,0.1584218753941706
ENSG00000167996,2495,FTH1,0.1043996169850944
ENSG00000115677,3069,HDLBP,0.1109469755044167
ENSG00000186395,3858,KRT10,-0.1954304111797967
ENSG00000152944,9412,MED21,-0.0674136891113896
ENSG00000165055,55798,METTL2B,-0.188540075764136
ENSG00000164172,4338,MOCS2,0.0880827465982977
ENSG00000055211,116254,GINM1,-0.1770929965598146
ENSG00000137409,23787,MTCH1,0.1039444798750235
ENSG00000115839,22930,RAB3GAP1,-0.150269545706294
ENSG00000129103,25870,SUMF2,-0.1655655028751455
ENSG00000166478,7702,ZNF143,0.1738848537858943
ENSG00000291836,8086,AAAS,0.076602930688888
ENSG00000135624,10574,CCT7,-0.0898069951991037
,100507217,CHASERR,-0.2235056387128931
ENSG00000280618,23191,CYFIP1,0.1557924416949837
ENSG00000154309,84976,DISP1,-0.163238962052812
ENSG00000108679,3959,LGALS3BP,-0.1115834554396713
ENSG00000102897,57149,LYRM1,-0.1411689609911116
ENSG00000096080,55168,MRPS18A,-0.1862489300886469
ENSG00000166136,4714,NDUFB8,-0.0553811203126711
ENSG00000131791,5565,PRKAB2,-0.2011233615251639
ENSG00000123297,10102,TSFM,-0.0970534743595454
ENSG00000082213,55322,C5orf22,-0.1951089117504438
ENSG00000153558,25827,FBXL2,0.212900555573025
ENSG00000167004,2923,PDIA3,-0.0905982996686354
ENSG00000188643,140576,S100A16,-0.0730157600384497
ENSG00000164808,23514,SPIDR,0.1964759280101734
ENSG00000090612,10795,ZNF268,-0.1422106471733547
ENSG00000158769,50848,F11R,-0.1120971033735971
ENSG00000175287,254295,PHYHD1,-0.1460779555605379
ENSG00000182544,84975,MFSD5,0.2301828691140998
ENSG00000147206,56000,NXF3,-0.2356491207916867
ENSG00000107175,10488,CREB3,-0.1586731650581591
ENSG00000134013,4017,LOXL2,0.2000363237891742
ENSG00000236859,254128,NIFK-AS1,-0.2192876785697476
ENSG00000149485,3992,FADS1,0.1216300529568279
ENSG00000127837,14,AAMP,0.1496846249347031
ENSG00000243364,1945,EFNA4,-0.2295576366535049
ENSG00000101391,51654,CDK5RAP1,0.1417353813994386
ENSG00000197885,28512,NKIRAS1,-0.1731073612186176
ENSG00000153827,9320,TRIP12,0.1201284907430243
ENSG00000178966,80010,RMI1,-0.1357090583054199
ENSG00000181191,64219,PJA1,-0.1285765028981108
ENSG00000172667,64393,ZMAT3,0.2058621131220643
ENSG00000170776,11214,AKAP13,0.159697292019666
ENSG00000100983,2937,GSS,0.184761753572847
ENSG00000182185,5890,RAD51B,0.1965556452675813
ENSG00000214063,7106,TSPAN4,-0.1822569225432243
ENSG00000169429,3576,CXCL8,-0.2771421578296138
ENSG00000164951,54704,PDP1,-0.1346031982036562
ENSG00000161677,126119,JOSD2,0.1879689187245661
ENSG00000115252,5136,PDE1A,-0.1613087335648964
ENSG00000101236,11237,RNF24,-0.1824813812785446
ENSG00000118004,78989,COLEC11,-0.2633362267820534
ENSG00000092931,79157,MFSD11,-0.2027234186647873
ENSG00000181555,29072,SETD2,-0.2046551362350139
ENSG00000175193,55486,PARL,0.1359582936272028
ENSG00000065183,10885,WDR3,-0.1537249827974007
ENSG00000053770,55745,AP5M1,-0.1484191302815866
ENSG00000152102,130074,FAM168B,0.1547654318581692
ENSG00000164975,6619,SNAPC3,0.1793480178856283
ENSG00000165209,55342,STRBP,-0.2233608973576949
ENSG00000135823,10228,STX6,0.1653146547953103
ENSG00000180098,54952,TRNAU1AP,0.1392189664079601
ENSG00000182173,283989,TSEN54,0.2179956730234492
ENSG00000049759,23327,NEDD4L,0.1444692207021468
ENSG00000115661,8576,STK16,0.1433074176413844
ENSG00000188177,376940,ZC3H6,-0.1883871433791446
ENSG00000110080,6484,ST3GAL4,0.2228568168345297
ENSG00000186063,64853,AIDA,0.1320268732925408
ENSG00000086848,79796,ALG9,0.1681856615624776
ENSG00000044090,9820,CUL7,0.2027815438917754
ENSG00000172113,10201,NME6,0.1162557242108487
ENSG00000164329,167153,TENT2,0.1537423660962884
ENSG00000198546,118472,ZNF511,-0.1720623526126829
,,LOC105376114,-0.1940649386184122
ENSG00000136827,1861,TOR1A,0.1720737089034856
ENSG00000124795,7913,DEK,-0.1104783533149464
ENSG00000101367,22919,MAPRE1,0.0883827074940567
ENSG00000115457,3485,IGFBP2,-0.2306917800012373
ENSG00000112799,9450,LY86,0.1546462680360399
ENSG00000102710,55578,SUPT20H,-0.1891034300586294
ENSG00000103194,9100,USP10,-0.1349908197401017
ENSG00000120963,51123,ZNF706,0.0797988556965298
ENSG00000177105,391,RHOG,-0.18462287703988
ENSG00000047249,51606,ATP6V1H,-0.1304802588412794
ENSG00000157764,673,BRAF,-0.1826932953847964
ENSG00000157379,115817,DHRS1,0.1352630221789522
ENSG00000131373,26061,HACL1,-0.1466105041328983
ENSG00000198417,4494,MT1F,0.1729404394830732
ENSG00000162396,25973,PARS2,0.2511653172494061
ENSG00000122958,9559,VPS26A,0.0879777519619583
ENSG00000137054,64425,POLR1E,-0.131466033630797
ENSG00000148690,118924,FRA10AC1,-0.1564956807858384
ENSG00000166164,29117,BRD7,0.1608705740969497
ENSG00000102007,5355,PLP2,0.1324320413432882
ENSG00000132424,25957,PNISR,0.0973160319732672
ENSG00000122304,5620,PRM2,-0.2848302223920958
ENSG00000143554,11000,SLC27A3,0.1624668176050369
ENSG00000110871,84274,COQ5,0.1356145938247095
ENSG00000147465,6770,STAR,-0.0635415136785569
ENSG00000138138,84896,ATAD1,-0.0941108928498811
ENSG00000119638,91754,NEK9,0.1277264573421791
ENSG00000118058,4297,KMT2A,-0.1469543775439014
ENSG00000146731,908,CCT6A,-0.080606453323529
ENSG00000170791,79145,CHCHD7,0.1138069046892597
ENSG00000127870,6049,RNF6,-0.181648781820575
ENSG00000130775,9473,THEMIS2,0.1533658395440484
ENSG00000184787,7327,UBE2G2,-0.1821546504974941
ENSG00000213339,81890,QTRT1,-0.2019198337469078
ENSG00000135900,65080,MRPL44,0.0889126740042325
ENSG00000075292,27332,ZNF638,0.1738657596407725
ENSG00000141753,3487,IGFBP4,0.0925615732651325
ENSG00000124789,9972,NUP153,-0.1778214326216029
ENSG00000163964,54965,PIGX,-0.209797856836409
ENSG00000186470,11118,BTN3A2,0.1296716834040157
ENSG00000262826,65123,INTS3,0.1611877393049125
ENSG00000111554,56890,MDM1,0.1009941388859436
ENSG00000048544,55173,MRPS10,0.0772318087152457
ENSG00000176087,113829,SLC35A4,0.1260644562444245
ENSG00000196756,388796,SNHG17,-0.1482759423087046
ENSG00000104723,7991,TUSC3,0.1279341579140322
ENSG00000168653,4725,NDUFS5,0.0282407027630304
ENSG00000265241,9939,RBM8A,0.0592776038752388
ENSG00000204217,659,BMPR2,-0.1082407397373775
ENSG00000110700,6207,RPS13,-0.0456604154362544
ENSG00000196368,55190,NUDT11,-0.107317797513725
ENSG00000147955,10280,SIGMAR1,-0.1492902882736205
ENSG00000162923,80232,WDR26,0.1418601189862184
ENSG00000148143,58499,ZNF462,0.1810434616692549
ENSG00000172339,199857,ALG14,-0.0876199237037499
ENSG00000125703,84938,ATG4C,0.1726164523745694
ENSG00000123575,139231,FAM199X,-0.2231198463342465
ENSG00000165757,57608,JCAD,0.0950817952173867
ENSG00000119888,4072,EPCAM,0.0849727231773122
ENSG00000173141,78988,MRPL57,0.0769727753396538
ENSG00000137055,9373,PLAA,0.1896762129558956
ENSG00000114742,57599,WDR48,0.108770980115193
ENSG00000213066,11116,CEP43,-0.2165658404634671
ENSG00000149294,4684,NCAM1,0.1305006070552733
ENSG00000187164,57698,SHTN1,0.1436938927461592
ENSG00000088448,55608,ANKRD10,0.1625982581972344
ENSG00000175130,65108,MARCKSL1,0.1012143609002264
ENSG00000173575,1106,CHD2,-0.1492939435331414
ENSG00000084463,51729,WBP11,0.1357907323441692
ENSG00000115239,51130,ASB3,0.1788235276856276
ENSG00000183098,10082,GPC6,-0.1841753778523613
ENSG00000164070,22824,HSPA4L,-0.1830208205598235
ENSG00000171792,83695,RHNO1,-0.1021611978525149
ENSG00000232119,28985,MCTS1,-0.056382199327903
ENSG00000102390,51260,PBDC1,0.0813206839703696
ENSG00000172301,55352,COPRS,0.1729154181400899
ENSG00000087470,10059,DNM1L,0.1097950614731329
ENSG00000115211,8890,EIF2B4,-0.1500976321190145
ENSG00000170502,53343,NUDT9,-0.1265837064591859
ENSG00000056586,54542,RC3H2,0.1456186079108567
ENSG00000171530,6902,TBCA,0.0522505087799128
,,FAM122C,-0.1308902195305026
ENSG00000104388,5862,RAB2A,0.067560392576572
ENSG00000184708,56478,EIF4ENIF1,0.1941648103859056
ENSG00000151292,1456,CSNK1G3,0.135706042723446
ENSG00000182150,375748,ERCC6L2,-0.1942832004646431
ENSG00000089127,4938,OAS1,-0.3665972642590655
ENSG00000148516,6935,ZEB1,-0.1888412250711023
ENSG00000121864,51193,ZNF639,0.1794878165071522
ENSG00000107625,79009,DDX50,-0.0890715873206
ENSG00000149636,79980,DSN1,0.1407967842858134
ENSG00000099219,79956,ERMP1,0.1575382354750098
ENSG00000129680,79649,MAP7D3,-0.1930882054789247
ENSG00000129197,84268,RPAIN,0.0576614694790485
ENSG00000262634,220134,SKA1,-0.1489517504653388
ENSG00000170365,4086,SMAD1,-0.1413610132123533
ENSG00000172765,23023,TMCC1,-0.1610115224086674
ENSG00000151388,81792,ADAMTS12,-0.1803000852436977
ENSG00000064666,1265,CNN2,-0.1667192683862272
ENSG00000203667,116228,COX20,0.0903558884154026
ENSG00000063660,2817,GPC1,0.121438842699481
ENSG00000104517,51366,UBR5,0.1536471058243208
ENSG00000035862,7077,TIMP2,0.1057963579816695
ENSG00000196352,1604,CD55,-0.1815450804124223
ENSG00000127125,79717,PPCS,0.0701172087050068
ENSG00000183530,253143,PRR14L,0.1816248966518543
ENSG00000067900,6093,ROCK1,-0.178090976663457
ENSG00000008513,6482,ST3GAL1,0.1849044978065768
ENSG00000164091,80335,WDR82,0.0784344510579662
ENSG00000087274,118,ADD1,0.1167926505550543
ENSG00000017260,27032,ATP2C1,0.1088317342811316
ENSG00000147475,11160,ERLIN2,0.1786028748201577
ENSG00000164294,493869,GPX8,0.0796159727138681
ENSG00000104490,83988,NCALD,0.1676747781554743
ENSG00000119013,4709,NDUFB3,-0.0547779008722509
ENSG00000165271,65083,NOL6,0.2064697704958692
ENSG00000137193,5292,PIM1,0.197533487591809
ENSG00000114120,55186,SLC25A36,0.1219248462079706
ENSG00000121274,64282,TENT4B,-0.1528225055844095
ENSG00000164978,318,NUDT2,0.0839885764942991
ENSG00000108518,5216,PFN1,-0.0865409083453887
ENSG00000120278,57480,PLEKHG1,0.1928116376420963
ENSG00000124641,9477,MED20,0.1817596783036009
ENSG00000154930,84532,ACSS1,-0.1839626766658246
ENSG00000197982,127687,C1orf122,-0.1035581866523596
ENSG00000138785,57117,INTS12,0.1336629720872596
ENSG00000169756,3987,LIMS1,-0.1450849290682348
ENSG00000135617,84279,PRADC1,-0.1884352456268543
ENSG00000119318,5887,RAD23B,0.1163070110076996
ENSG00000232164,729348,LINC01873,-0.1802617859889913
ENSG00000230700,1460,CSNK2B,0.0512056064299504
ENSG00000076513,88455,ANKRD13A,0.2129216555828294
ENSG00000128567,5420,PODXL,-0.1926132857980344
ENSG00000169372,8738,CRADD,0.1609941086839272
ENSG00000102226,8237,USP11,-0.1137019008809949
ENSG00000143320,1382,CRABP2,-0.1951772536323054
ENSG00000052795,57600,FNIP2,0.1969067319242832
ENSG00000103365,23062,GGA2,-0.1224592976385109
ENSG00000163281,132789,GNPDA2,-0.1424349901427521
ENSG00000162607,7398,USP1,0.1166772471992301
ENSG00000154265,23461,ABCA5,0.1165485623844893
ENSG00000047579,84062,DTNBP1,0.1564800204687164
ENSG00000115738,3398,ID2,-0.1175085329519051
ENSG00000156052,2776,GNAQ,0.1151899862445812
ENSG00000128641,4430,MYO1B,0.1721928467684829
ENSG00000085377,5550,PREP,0.2168473847593581
ENSG00000213741,6235,RPS29,-0.0525927959125585
ENSG00000111275,217,ALDH2,-0.1145568768337941
ENSG00000131477,10266,RAMP2,0.1951997686276494
ENSG00000198356,439,GET3,0.1645679843493547
ENSG00000133997,10001,MED6,-0.1096168548016494
ENSG00000105393,29086,BABAM1,-0.1250190063403662
ENSG00000173372,712,C1QA,-0.1219621220800013
ENSG00000138614,81556,INTS14,0.1036109628739072
ENSG00000006576,57157,PHTF2,0.1508901973187309
ENSG00000039560,26064,RAI14,-0.1869596377625654
ENSG00000133142,79921,TCEAL4,0.0568026232452474
ENSG00000063587,10838,ZNF275,0.1289935948934899
ENSG00000152601,4154,MBNL1,-0.1111019587074148
ENSG00000084754,3030,HADHA,0.0479489822405014
ENSG00000171456,171023,ASXL1,0.149268325969667
ENSG00000165288,254065,BRWD3,0.2001553201265221
ENSG00000135317,57231,SNX14,-0.1660383061641931
ENSG00000177200,80205,CHD9,-0.1039695158606821
ENSG00000197620,91966,EOLA1,0.1618637158008642
ENSG00000132589,2319,FLOT2,0.1735327347763174
ENSG00000205726,6453,ITSN1,-0.2129613575374143
ENSG00000175352,56675,NRIP3,-0.2151031601372525
ENSG00000205978,57523,NYNRIN,0.1990372441365811
ENSG00000215305,64601,VPS16,0.1256612083198978
ENSG00000106524,57037,ANKMY2,0.1320494930911377
ENSG00000129636,81533,ITFG1,-0.1465795744742676
ENSG00000182220,10159,ATP6AP2,-0.0682749747039096
ENSG00000143702,9859,CEP170,0.1597754298307033
ENSG00000284770,6905,TBCE,0.1768422665846124
ENSG00000160688,80308,FLAD1,-0.1514032456767395
ENSG00000262349,100506844,GIHCG,0.0860861532543765
ENSG00000158092,4690,NCK1,-0.1441409111891804
ENSG00000010219,8798,DYRK4,0.0820674027700651
ENSG00000156103,4325,MMP16,-0.1872693073060843
ENSG00000119402,26190,FBXW2,-0.1404852435746557
ENSG00000101158,51497,NELFCD,-0.1437566030259619
ENSG00000135116,8739,HRK,0.1376003538539934
ENSG00000104133,80208,SPG11,0.1929808612693348
ENSG00000163909,26508,HEYL,-0.2110903032219104
ENSG00000079257,56925,LXN,-0.0990268799142479
ENSG00000110395,867,CBL,-0.1886281598200394
ENSG00000173674,1964,EIF1AX,-0.080825032788677
ENSG00000124440,64344,HIF3A,-0.2096841116009025
ENSG00000128607,23008,KLHDC10,0.1464788514317801
ENSG00000134758,51444,RNF138,-0.1467650098822727
ENSG00000197323,51592,TRIM33,0.1501032870117103
ENSG00000100568,10490,VTI1B,0.1442030558366222
ENSG00000145216,81608,FIP1L1,0.1928083685670816
ENSG00000163939,55193,PBRM1,0.1242818184650165
ENSG00000115904,6654,SOS1,-0.2011193930016031
ENSG00000244187,85014,TMEM141,-0.1030160309924234
ENSG00000198839,11179,ZNF277,-0.0977995291064647
ENSG00000165609,11164,NUDT5,0.05157305814884
ENSG00000145919,91272,BOD1,0.1241480961123569
ENSG00000112685,55770,EXOC2,-0.1578763014151727
ENSG00000092201,11198,SUPT16H,-0.0842901084118715
ENSG00000024048,23304,UBR2,-0.1283343872597829
ENSG00000184867,9823,ARMCX2,0.1693786912606587
ENSG00000177225,347862,GATD1,-0.1202136009797183
ENSG00000116729,79971,WLS,0.0933835494125121
ENSG00000058063,23200,ATP11B,0.1915866049837225
ENSG00000131127,7700,ZNF141,-0.1407936896772172
ENSG00000291729,11236,RNF139,0.1339259858134394
ENSG00000155876,10670,RRAGA,-0.1027671480119293
ENSG00000183808,389677,RBM12B,-0.1740694154435527
ENSG00000187824,388335,TMEM220,-0.1634029410841325
ENSG00000276262,4905,NSF,0.1200012605028116
ENSG00000075131,54962,TIPIN,0.1498721215224361
ENSG00000145388,57721,METTL14,-0.1199935837304807
ENSG00000177879,1176,AP3S1,-0.1058109883927916
ENSG00000099624,513,ATP5F1D,-0.1617764732999343
ENSG00000128891,90416,CCDC32,0.0873553069800232
ENSG00000198862,26046,LTN1,-0.1718263061514744
ENSG00000104320,4683,NBN,-0.1301557756957407
ENSG00000115761,79954,NOL10,-0.1877516749364915
ENSG00000116133,1718,DHCR24,0.0834054281628282
ENSG00000152348,83734,ATG10,-0.1948573885913335
ENSG00000005893,3920,LAMP2,-0.0444330572995532
ENSG00000169499,59339,PLEKHA2,-0.1048632313194869
ENSG00000091542,54890,ALKBH5,0.1167289629917459
ENSG00000086065,51510,CHMP5,0.0512245257179344
ENSG00000116497,64766,S100PBP,-0.1248683602094083
ENSG00000096872,80173,IFT74,0.1490229775507913
ENSG00000171100,4534,MTM1,-0.1461526634870704
ENSG00000085063,966,CD59,-0.0468708758149261
ENSG00000181019,1728,NQO1,0.104600099350863
ENSG00000142252,79760,GEMIN7,0.1136738005767028
ENSG00000125630,84172,POLR1B,0.143166050623767
ENSG00000124787,10799,RPP40,0.1509644475931581
ENSG00000149292,54970,TTC12,0.1718797440109973
ENSG00000165795,57447,NDRG2,-0.066286122020521
ENSG00000109320,4790,NFKB1,0.1919270573141361
ENSG00000078177,55728,N4BP2,0.1646585238863467
ENSG00000065457,23536,ADAT1,0.1573891530173926
ENSG00000067334,30836,DNTTIP2,0.088761134145514
ENSG00000127952,51657,STYXL1,0.122568592492465
ENSG00000165006,51271,UBAP1,0.1832088623349517
ENSG00000069509,139341,FUNDC1,0.101404218923455
ENSG00000139197,5830,PEX5,0.1783081181698448
ENSG00000155189,55326,AGPAT5,0.1311403609391836
ENSG00000163104,56916,SMARCAD1,-0.1387021568454868
ENSG00000123739,81579,PLA2G12A,0.0786225288221197
ENSG00000087448,57542,KLHL42,0.1058181795650987
ENSG00000117399,991,CDC20,-0.1892743566322935
ENSG00000138829,2201,FBN2,-0.1428185793054813
ENSG00000184209,11066,SNRNP35,0.0866156583869292
,,WDR61,0.0488418663692289
ENSG00000235453,100129250,SMIM27,-0.1195741653818058
ENSG00000126767,2002,ELK1,0.1561495342912668
ENSG00000147378,89885,FATE1,-0.0584672567504495
ENSG00000111859,4739,NEDD9,0.1213598656700437
ENSG00000128585,4289,MKLN1,0.0970219814694784
ENSG00000119682,9870,AREL1,0.1747711268020289
ENSG00000116273,148479,PHF13,-0.1389076504830262
ENSG00000065613,9748,SLK,-0.134969929734688
ENSG00000198887,23137,SMC5,-0.1519998461831176
ENSG00000197969,23230,VPS13A,0.1871198494280318
ENSG00000142173,1292,COL6A2,-0.1827209019170274
ENSG00000105700,79036,KXD1,-0.1281784804085882
ENSG00000248098,593,BCKDHA,0.1478807916091963
ENSG00000165417,2957,GTF2A1,-0.1140004510405881
ENSG00000069849,483,ATP1B3,-0.1043280236916584
ENSG00000163882,5437,POLR2H,-0.0609397400170255
ENSG00000115138,5443,POMC,-0.1739362528052303
ENSG00000154096,7070,THY1,-0.1333737597047875
ENSG00000105135,10994,ILVBL,-0.1099004899143037
ENSG00000152104,5784,PTPN14,0.11988208805734
ENSG00000169375,25942,SIN3A,0.1273982971600012
ENSG00000117593,55157,DARS2,0.1523169362305036
ENSG00000163536,5274,SERPINI1,-0.1709470400161942
ENSG00000155506,23367,LARP1,-0.1082888675200458
ENSG00000189050,51136,RNFT1,0.1327803930453923
ENSG00000151458,57182,ANKRD50,0.1179867579776305
ENSG00000166167,8945,BTRC,-0.1332380105030851
ENSG00000253352,55000,TUG1,0.1015314157040629
ENSG00000288114,2965,GTF2H1,0.1323405726720008
ENSG00000140497,10066,SCAMP2,-0.1109508591973373
ENSG00000140307,2958,GTF2A2,0.0475896103299274
ENSG00000130517,54858,PGPEP1,-0.1774459100260076
ENSG00000106868,64420,SUSD1,-0.1508232870794272
ENSG00000187193,4501,MT1X,0.0937846395896454
ENSG00000137075,152006,RNF38,0.1325500080980592
ENSG00000090266,4708,NDUFB2,-0.0355147143578226
,284942,RPL23AP82,-0.1514172656162327
ENSG00000171475,147179,WIPF2,0.1382657518177267
ENSG00000124532,57380,MRS2,0.1854542602284407
ENSG00000106399,6119,RPA3,-0.0497321809716874
ENSG00000134690,55143,CDCA8,-0.1479000038056494
ENSG00000123104,3709,ITPR2,0.1755725559248842
ENSG00000136875,9128,PRPF4,0.0965522908123324
ENSG00000123636,29994,BAZ2B,-0.1477404968857603
ENSG00000183801,283298,OLFML1,-0.1473797941611596
ENSG00000205189,65986,ZBTB10,-0.1148356613438649
ENSG00000116062,2956,MSH6,-0.0980079100004239
ENSG00000198898,830,CAPZA2,-0.0551968886139518
ENSG00000232280,10211,FLOT1,0.12387433316312
ENSG00000186566,23131,GPATCH8,0.1578161826754758
ENSG00000134049,51124,IER3IP1,0.0492190920370413
ENSG00000048162,51491,NOP16,-0.097969913912576
ENSG00000103184,9717,SEC14L5,-0.1492686892529246
ENSG00000121060,7706,TRIM25,0.1808739816826217
ENSG00000121486,81627,TRMT1L,-0.1577124086727005
ENSG00000119541,9525,VPS4B,-0.0879511339193221
ENSG00000176261,339487,ZBTB8OS,0.0878913149390213
ENSG00000143155,261726,TIPRL,-0.0777710695376567
ENSG00000060237,65125,WNK1,0.1212531991585959
ENSG00000135837,9857,CEP350,0.1564205735533534
ENSG00000143486,1939,EIF2D,0.1238007293103596
ENSG00000109670,55294,FBXW7,-0.1631771940552936
ENSG00000221914,5520,PPP2R2A,-0.1033345321408189
ENSG00000159720,9114,ATP6V0D1,0.0761989289357618
ENSG00000172331,669,BPGM,0.1337034871791015
ENSG00000177981,140461,ASB8,-0.0809942416551215
ENSG00000197345,219927,MRPL21,0.0529203953339668
ENSG00000104738,4173,MCM4,-0.1191332806506007
ENSG00000171365,1184,CLCN5,-0.1508480476679738
ENSG00000135341,6885,MAP3K7,0.1405907514444591
ENSG00000072571,3161,HMMR,-0.1541420892403599
ENSG00000137959,10964,IFI44L,-0.2782759097996191
ENSG00000165637,7417,VDAC2,-0.0692269058255814
ENSG00000160049,1676,DFFA,-0.0935514503384663
ENSG00000179151,80153,EDC3,0.1215948415133011
ENSG00000184508,374659,HDDC3,-0.1903790279078022
ENSG00000277104,6871,TADA2A,-0.1995421051071216
ENSG00000108828,10493,VAT1,-0.0715392226699815
ENSG00000156510,80201,HKDC1,0.1647623014432401
ENSG00000164022,9255,AIMP1,0.0623638757630028
ENSG00000145293,58478,ENOPH1,0.1461369081021709
ENSG00000004142,26073,POLDIP2,0.1027614665103768
ENSG00000136527,6434,TRA2B,0.0888509110007668
ENSG00000165671,64324,NSD1,-0.1289508950331816
ENSG00000127526,79939,SLC35E1,0.1466107379170916
ENSG00000240682,57461,ISY1,-0.0689200772036792
ENSG00000136997,4609,MYC,0.1805822582762759
ENSG00000084676,8648,NCOA1,0.1476968427665544
ENSG00000164283,11082,ESM1,-0.1006522476022117
ENSG00000139926,122786,FRMD6,-0.2096102142382681
ENSG00000198836,4976,OPA1,0.1568891601998654
ENSG00000291794,55644,OSGEP,-0.0726864245861701
ENSG00000136040,10154,PLXNC1,0.1147339913677327
ENSG00000100865,51550,CINP,-0.0728193495464965
ENSG00000169976,83443,SF3B5,0.0353904876012592
ENSG00000180879,6748,SSR4,0.0272350815616969
ENSG00000156802,29028,ATAD2,-0.1618867454023943
ENSG00000135521,84946,LTV1,0.1208353198384622
ENSG00000004766,55610,VPS50,0.1453618432951987
ENSG00000130202,5819,NECTIN2,-0.1753938310723646
ENSG00000147403,6134,RPL10,0.0279341969837771
ENSG00000135541,54806,AHI1,0.1249921769961811
ENSG00000115806,26003,GORASP2,0.1063313347471832
ENSG00000137821,54839,LRRC49,-0.184553033626963
ENSG00000091317,54918,CMTM6,-0.0837969055154931
ENSG00000164162,10393,ANAPC10,-0.0966533662251734
ENSG00000280516,131616,TMEM42,-0.1593133408342416
ENSG00000198380,2673,GFPT1,0.1059561531360005
ENSG00000151332,51562,MBIP,0.0892746924522964
ENSG00000107560,22841,RAB11FIP2,-0.1447723123585555
ENSG00000115963,390,RND3,-0.1169872635554422
ENSG00000162851,64216,TFB2M,-0.1642351804048082
ENSG00000171103,55006,TRMT61B,-0.1621536711370871
ENSG00000071246,22846,VASH1,-0.1429333530100134
ENSG00000100722,79882,ZC3H14,-0.1289250443459227
ENSG00000180957,23760,PITPNB,-0.0851974475780771
ENSG00000256269,3145,HMBS,-0.1684033622110011
ENSG00000113597,80006,TRAPPC13,-0.1396342586969067
ENSG00000251562,378938,MALAT1,-0.1054099655723345
ENSG00000084092,84273,NOA1,0.1569949265823144
ENSG00000133119,5983,RFC3,-0.1084644825447517
ENSG00000174839,201627,DENND6A,-0.1707530298064603
ENSG00000131149,23199,GSE1,0.1551881265660014
ENSG00000044446,5256,PHKA2,0.1397474776137793
ENSG00000019549,6591,SNAI2,0.1287507218998359
ENSG00000143179,7371,UCK2,0.1450950009061286
ENSG00000049167,1161,ERCC8,-0.1264675827325692
ENSG00000170264,84140,FAM161A,0.1615408853553702
ENSG00000137040,26953,RANBP6,0.1389348653977881
ENSG00000074319,7251,TSG101,-0.0754739596307869
ENSG00000131503,54882,ANKHD1,0.1545714170843363
ENSG00000166275,119032,BORCS7,-0.0448652498010956
ENSG00000102189,8411,EEA1,-0.1729241693432367
ENSG00000120137,79646,PANK3,0.1055056500888301
ENSG00000078304,5527,PPP2R5C,-0.0752695934047573
ENSG00000143376,81609,SNX27,-0.0853271941167322
ENSG00000125827,56255,TMX4,0.074877981165593
ENSG00000196715,154807,VKORC1L1,0.1359490380088167
ENSG00000065883,8621,CDK13,-0.1471505664372895
ENSG00000181192,55526,DHTKD1,-0.1811837688148358
ENSG00000163608,25871,NEPRO,-0.1258827607168914
ENSG00000196290,60491,NIF3L1,-0.0860131026324202
ENSG00000107643,5599,MAPK8,0.1442031727404339
ENSG00000176903,9240,PNMA1,-0.1793077977770419
ENSG00000090470,10081,PDCD7,-0.1688815606113544
ENSG00000134371,79577,CDC73,-0.1247963740182504
ENSG00000127951,10875,FGL2,0.1103168791541344
ENSG00000157916,11079,RER1,0.086046190661486
ENSG00000187134,1645,AKR1C1,-0.1163495895655115
ENSG00000280759,161,AP2A2,0.1672498317950952
ENSG00000169093,8623,ASMTL,0.1524910881260963
ENSG00000117724,1063,CENPF,-0.1558546544694298
ENSG00000147654,9166,EBAG9,0.1544771426644006
ENSG00000130177,8881,CDC16,0.1154139032490092
ENSG00000069020,375449,MAST4,0.1544007282322606
ENSG00000197771,79892,MCMBP,-0.1493635953817451
ENSG00000166927,58475,MS4A7,0.1690524548006954
ENSG00000172465,9338,TCEAL1,-0.1090173910782018
ENSG00000160352,148206,ZNF714,0.11014001534792
ENSG00000114541,23150,FRMD4B,-0.1579102460315115
ENSG00000134871,1284,COL4A2,0.1373830479708514
ENSG00000186104,120227,CYP2R1,-0.1366872194812938
ENSG00000081087,28962,OSTM1,-0.1326319200997933
ENSG00000077514,10714,POLD3,-0.1467710918119492
ENSG00000188732,340277,FAM221A,0.1576733566398941
ENSG00000128881,146057,TTBK2,-0.1608835473068603
ENSG00000147894,203228,C9orf72,0.1627140934480826
ENSG00000117475,8548,BLZF1,0.1317900115339034
ENSG00000065154,4942,OAT,0.0470964841940151
ENSG00000136161,1102,RCBTB2,0.1051308226481231
ENSG00000130818,79088,ZNF426,-0.1071126241052097
ENSG00000130939,10277,UBE4B,0.1293488879341866
ENSG00000139719,65082,VPS33A,-0.0961499273209729
ENSG00000148700,120,ADD3,0.0910816433740615
ENSG00000120159,79886,CAAP1,-0.1762818672215791
ENSG00000124702,116138,KLHDC3,0.1282276438065435
ENSG00000110066,51111,KMT5B,0.1164739396491941
ENSG00000148841,85450,ITPRIP,-0.1764511440904081
ENSG00000177853,9849,ZNF518A,-0.1262494872840704
ENSG00000150347,84159,ARID5B,-0.0611223865554791
ENSG00000143578,148327,CREB3L4,-0.0877424510902918
ENSG00000198001,51135,IRAK4,-0.1677694121889752
ENSG00000139496,9818,NUP58,-0.1440284766557227
ENSG00000162552,54361,WNT4,-0.1331314071063422
ENSG00000115750,9014,TAF1B,-0.1563687894249544
55872,55872,PBK,-0.1275279181370405
ENSG00000065243,5586,PKN2,-0.1060067524099499
ENSG00000101266,1457,CSNK2A1,0.0567880127001855
ENSG00000288701,84726,PRRC2B,-0.1143493597406468
ENSG00000230475,7920,ABHD16A,-0.147467330293795
ENSG00000087995,339175,METTL2A,-0.1097514743352145
ENSG00000137601,4750,NEK1,0.1574364835259351
ENSG00000058668,493,ATP2B4,0.0811751000330925
ENSG00000136261,28969,BZW2,-0.0566040154377469
ENSG00000155254,83742,MARVELD1,0.152189556428496
ENSG00000136243,11097,NUP42,0.103240881596559
ENSG00000111850,57150,SMIM8,0.0977887738398421
ENSG00000140105,7453,WARS1,0.0948518551410955
ENSG00000197045,2764,GMFB,0.0863381210572856
ENSG00000178425,221294,NT5DC1,0.0993558623271193
ENSG00000185883,527,ATP6V0C,0.1484959592845393
ENSG00000162959,51072,MEMO1,-0.1135186924770665
,645958,RPS18P9,-0.0766746742470815
,100628315,DNM3OS,0.1085559966816977
ENSG00000132965,241,ALOX5AP,0.1193783014578628
ENSG00000141219,55028,C17orf80,0.1301408771618334
ENSG00000121570,55211,DPPA4,-0.1182007059207427
ENSG00000101972,10735,STAG2,-0.0941823219165287
ENSG00000176623,51115,RMDN1,-0.1090716243640156
ENSG00000140459,1583,CYP11A1,0.0558690799401577
ENSG00000277273,1022,CDK7,0.1110470707166596
ENSG00000102805,1203,CLN5,-0.125594911614242
ENSG00000272886,55802,DCP1A,0.1032446028233011
ENSG00000131724,3597,IL13RA1,-0.147289953819159
ENSG00000149357,55004,LAMTOR1,0.076071760800645
ENSG00000138942,91445,RNF185,0.1101363943542142
ENSG00000013392,112611,RWDD2A,0.1160955350411348
ENSG00000151729,291,SLC25A4,-0.0782746214719505
ENSG00000129515,58533,SNX6,-0.0385835424537881
ENSG00000162817,79762,C1orf115,-0.1299127361470711
ENSG00000119203,51692,CPSF3,0.0608335205708272
ENSG00000105647,5296,PIK3R2,0.1398741104970716
ENSG00000173418,51126,NAA20,0.0385875868202566
ENSG00000104331,54928,BPNT2,0.0854212490225997
ENSG00000137942,54874,FNBP1L,0.1157051211478872
ENSG00000154727,2551,GABPA,0.1322711008186991
ENSG00000070610,57704,GBA2,0.148407618422483
ENSG00000176407,56888,KCMF1,0.1167401564198293
ENSG00000055208,23118,TAB2,0.1732715025504107
ENSG00000111602,8914,TIMELESS,0.1696964698731062
ENSG00000164684,619279,ZNF704,-0.1453644531111429
ENSG00000081760,65985,AACS,-0.1324631208120373
ENSG00000169439,6383,SDC2,0.1410163314612467
ENSG00000170779,55038,CDCA4,-0.1357439706162452
ENSG00000119899,26503,SLC17A5,0.1710801952823312
ENSG00000108641,27077,B9D1,0.1163870659281938
ENSG00000070367,10640,EXOC5,0.0996173131180801
ENSG00000162734,8682,PEA15,-0.090580287943556
ENSG00000129235,84817,TXNDC17,0.0329721905698669
ENSG00000173226,9657,IQCB1,-0.1468225922610858
ENSG00000100297,4174,MCM5,-0.1132445472880807
ENSG00000139168,85437,ZCRB1,-0.0429221433515794
ENSG00000115368,84128,WDR75,0.1150185136632804
ENSG00000147649,92140,MTDH,-0.0736906021864955
ENSG00000185009,26985,AP3M1,-0.0806104313160321
ENSG00000171793,1503,CTPS1,0.1153951679830523
,,EEF1AKNMT,0.1641985187253671
ENSG00000206053,90861,JPT2,-0.0933931760653405
ENSG00000185608,64976,MRPL40,-0.0444203407787791
ENSG00000291930,4716,NDUFB10,0.0653972567643258
ENSG00000145730,5066,PAM,-0.1115974154286418
ENSG00000014824,10463,SLC30A9,0.0997075522721653
ENSG00000101955,8406,SRPX,-0.1462655320937955
ENSG00000116750,51377,UCHL5,0.14280305295522
ENSG00000188706,51114,ZDHHC9,0.1267267692929283
ENSG00000023171,57476,GRAMD1B,-0.160631487608339
ENSG00000131174,1349,COX7B,0.0304881305762677
ENSG00000186001,84859,LRCH3,0.1306642126248262
ENSG00000291953,23300,ATMIN,-0.128629129363228
ENSG00000104324,10404,CPQ,-0.1073389451384109
ENSG00000140992,5170,PDPK1,0.1328752094014197
ENSG00000148908,6001,RGS10,-0.106051533351553
ENSG00000049883,79810,PTCD2,-0.1180069041429456
ENSG00000010292,9918,NCAPD2,-0.1478266748651594
ENSG00000011275,54476,RNF216,-0.1280547763682909
ENSG00000274211,30837,SOCS7,0.1362699444817266
ENSG00000132467,57050,UTP3,-0.1529751496264491
ENSG00000130706,11047,ADRM1,-0.0987954391429872
ENSG00000092140,55632,G2E3,0.096606043120426
ENSG00000146281,135293,PM20D2,-0.1563230067945099
ENSG00000198890,55170,PRMT6,0.1514351130355085
ENSG00000173465,10534,ZNRD2,-0.1005865241468802
ENSG00000152683,55676,SLC30A6,0.1166491222533598
ENSG00000119812,25940,FAM98A,-0.0870105402101488
ENSG00000081154,57092,PCNP,0.0576770220926781
ENSG00000142528,25888,ZNF473,0.1635303786027921
ENSG00000205581,3150,HMGN1,-0.058366622458401
ENSG00000165185,158405,KIAA1958,0.1202692604919137
ENSG00000113441,4012,LNPEP,-0.1371790776354116
ENSG00000156384,119392,SFR1,-0.0745112361442346
ENSG00000233051,100507436,MICA,-0.1164846794985823
ENSG00000198793,2475,MTOR,0.1468900051522642
ENSG00000180228,8575,PRKRA,-0.1018291956459976
ENSG00000105404,10567,RABAC1,0.0528270872637183
ENSG00000073578,6389,SDHA,-0.0836051258137928
ENSG00000056097,51663,ZFR,-0.0702621102001477
ENSG00000285109,2626,GATA4,0.0813278034630872
ENSG00000107020,55848,PLGRKT,-0.0921968382920842
ENSG00000111725,5564,PRKAB1,0.1508188356094696
ENSG00000185627,5719,PSMD13,-0.0392992493114445
ENSG00000189306,27341,RRP7A,-0.097657145283767
ENSG00000113595,373,TRIM23,-0.0919872621480328
ENSG00000116455,79084,WDR77,0.1296267392745501
ENSG00000135047,1514,CTSL,-0.070382260114692
ENSG00000133065,254428,SLC41A1,0.1091440568215695
ENSG00000167528,121274,ZNF641,-0.124289015179359
ENSG00000155755,65062,TMEM237,-0.1161228435368766
ENSG00000156239,29104,N6AMT1,0.1111725123244932
ENSG00000145979,51256,TBC1D7,0.11033705158821
ENSG00000138777,27068,PPA2,-0.0839401858989818
ENSG00000070404,10272,FSTL3,0.1550398371231339
ENSG00000116120,10056,FARSB,0.0533184889169411
ENSG00000292175,10473,HMGN4,0.0968026023329173
ENSG00000134748,84950,PRPF38A,0.0507316096912459
ENSG00000141646,4089,SMAD4,0.0753008415810343
ENSG00000164828,23353,SUN1,0.1406632054135324
ENSG00000065135,2773,GNAI3,-0.0516183077346215
ENSG00000082805,23085,ERC1,0.1213086242157564
ENSG00000134775,80206,FHOD3,0.1432482830751086
,,FAM122B,0.1160494483322834
ENSG00000156928,115416,MALSU1,0.1000969136223828
ENSG00000156875,64645,MFSD14A,-0.1264234733048717
ENSG00000079277,8569,MKNK1,-0.1320847357873774
ENSG00000153250,5937,RBMS1,-0.0957035437769689
ENSG00000010270,83930,STARD3NL,-0.0928123678195491
ENSG00000198131,27300,ZNF544,0.1202214463262642
ENSG00000171634,2186,BPTF,0.0992771445507497
ENSG00000134283,51535,PPHLN1,0.059995833575669
ENSG00000119596,56252,YLPM1,0.1359666567561026
ENSG00000166012,79101,TAF1D,0.0602884485380919
ENSG00000080802,4850,CNOT4,-0.1414049951200756
ENSG00000141428,83608,C18orf21,0.1478405215783445
ENSG00000178105,1662,DDX10,0.0881784198934744
ENSG00000164597,10466,COG5,0.1198162376036323
ENSG00000070018,4040,LRP6,0.1233813636957816
ENSG00000062194,65056,GPBP1,0.078951572074199
ENSG00000175548,144245,ALG10B,-0.1515099689886205
ENSG00000179933,55017,C14orf119,0.0364440884307441
ENSG00000275099,79893,GGNBP2,0.0996252045030034
ENSG00000243147,9553,MRPL33,0.0370490456506379
ENSG00000140463,585,BBS4,-0.1051271551922983
ENSG00000160050,79140,CCDC28B,-0.0763163644558205
ENSG00000134453,84991,RBM17,0.101204152488961
ENSG00000132688,10763,NES,-0.1249912221653856
ENSG00000066777,10565,ARFGEF1,0.1211557679686016
ENSG00000152583,8404,SPARCL1,0.0887427306531194
ENSG00000007944,29116,MYLIP,-0.1317931802913803
ENSG00000114573,523,ATP6V1A,-0.0579308517342441
ENSG00000205250,1874,E2F4,-0.161202151965253
ENSG00000138303,51008,ASCC1,0.0583912402937107
ENSG00000144840,285282,RABL3,0.1094686129503084
ENSG00000130023,55780,ERMARD,0.1016426854143245
ENSG00000160818,54865,GPATCH4,-0.1399861873237298
ENSG00000074696,51495,HACD3,0.0456985205290875
ENSG00000248360,201853,LINC00504,-0.1359082679364059
ENSG00000180304,4947,OAZ2,0.0651407949435333
ENSG00000085982,55230,USP40,-0.1664715769056636
ENSG00000102038,6594,SMARCA1,0.0692042487258467
ENSG00000169217,10421,CD2BP2,-0.1066197385604301
ENSG00000144724,5793,PTPRG,0.1077872864487728
ENSG00000184162,126382,NR2C2AP,0.0885639136813262
ENSG00000273611,9326,ZNHIT3,0.0440663561167449
ENSG00000149600,149951,COMMD7,-0.0697212360210542
ENSG00000111269,1389,CREBL2,0.1378575900748788
ENSG00000108021,54906,TASOR2,0.1340034978150005
ENSG00000058799,54432,YIPF1,0.0786537086718428
ENSG00000108774,5878,RAB5C,-0.118297843083228
ENSG00000166340,1200,TPP1,0.103015318030707
ENSG00000198142,65124,SOWAHC,-0.1258336261688959
ENSG00000138363,471,ATIC,0.0575408684435314
ENSG00000280975,338657,CENATAC,0.0332949801690016
ENSG00000159792,5681,PSKH1,0.1533540278196691
ENSG00000072506,3028,HSD17B10,-0.0773476696248923
ENSG00000133657,79572,ATP13A3,-0.1508676994761117
ENSG00000105708,7561,ZNF14,-0.1274933719909007
ENSG00000019582,972,CD74,-0.086668927408143
ENSG00000134996,26578,OSTF1,-0.1154794798014798
ENSG00000204472,199,AIF1,0.0603465329102537
ENSG00000141446,114799,ESCO1,-0.1296352085060872
ENSG00000068903,22933,SIRT2,-0.1389643620396905
ENSG00000164209,91137,SLC25A46,0.1024017436570081
ENSG00000164011,51058,ZNF691,0.0848173034566799
ENSG00000108094,8453,CUL2,-0.1066796332147053
ENSG00000167191,51704,GPRC5B,0.0801348403865852
ENSG00000095319,23511,NUP188,-0.152045304067673
ENSG00000174840,201626,PDE12,0.1357527765186585
ENSG00000143753,8560,DEGS1,-0.0970410448588171
ENSG00000240344,53938,PPIL3,0.0664765971354311
ENSG00000103549,9810,RNF40,-0.1410258573809491
ENSG00000170545,57228,SMAGP,-0.1469221237091247
ENSG00000169062,65110,UPF3A,-0.0931317869545175
ENSG00000122033,219402,MTIF3,0.0547982296419292
ENSG00000170248,10015,PDCD6IP,0.1010916274163606
ENSG00000129518,55837,EAPP,-0.0405229479446084
ENSG00000100596,9517,SPTLC2,0.1035219292288965
ENSG00000147854,115426,UHRF2,-0.1325314085642356
ENSG00000113369,57561,ARRDC3,-0.0803800896170675
ENSG00000123836,5208,PFKFB2,-0.1352250484844946
ENSG00000099204,3983,ABLIM1,-0.1041473958538439
ENSG00000158874,336,APOA2,-0.5652092662361673
ENSG00000156990,285367,RPUSD3,-0.1124730925383867
ENSG00000175455,64770,CCDC14,-0.1271937237405652
ENSG00000135720,1783,DYNC1LI2,-0.076676394731263
ENSG00000119396,51552,RAB14,-0.0752321712695944
ENSG00000035687,159,ADSS2,0.0996879426133625
ENSG00000011405,5286,PIK3C2A,-0.1344076156105351
ENSG00000110422,10114,HIPK3,-0.0770071712490434
ENSG00000100209,150274,HSCB,-0.125530901722129
ENSG00000263160,757,TMEM50B,-0.0719984314529754
ENSG00000112144,22858,CILK1,0.1117254303392857
ENSG00000134697,29889,GNL2,-0.0808178191831703
ENSG00000158966,57685,CACHD1,-0.1331743915645296
ENSG00000153015,10283,CWC27,0.0784580500823209
ENSG00000243646,3588,IL10RB,-0.0661712806492962
ENSG00000157827,114793,FMNL2,-0.1178687964735777
ENSG00000198467,7169,TPM2,0.1294111398372176
ENSG00000143198,4259,MGST3,0.0256763573800554
ENSG00000106554,54927,CHCHD3,0.0896619774090052
ENSG00000174442,55055,ZWILCH,-0.1303427933868892
ENSG00000239282,652968,CASTOR1,-0.1434326789334146
ENSG00000051523,1535,CYBA,-0.0830708475395224
ENSG00000135124,5025,P2RX4,0.1153357102457294
ENSG00000172057,94103,ORMDL3,-0.1131252732740245
ENSG00000119383,5524,PTPA,-0.0891926114514465
ENSG00000281540,55920,RCC2,-0.0982006264415807
ENSG00000114354,10342,TFG,0.0582350897867003
ENSG00000185973,55217,TMLHE,-0.1164618876569641
ENSG00000136631,11311,VPS45,-0.0875739836486872
ENSG00000170873,9788,MTSS1,0.1075562584252432
ENSG00000072803,23291,FBXW11,-0.0947932037391596
,,FLJ44635,-0.1558592514816703
ENSG00000108848,51747,LUC7L3,0.0583074567593664
ENSG00000134597,51634,RBMX2,-0.060939710321056
ENSG00000278780,80264,ZNF430,0.1046669245122464
ENSG00000096070,27154,BRPF3,0.1206906873009972
ENSG00000004779,4706,NDUFAB1,-0.0438021849137674
ENSG00000103160,83693,HSDL1,-0.1143619278988934
ENSG00000198682,9060,PAPSS2,-0.1090753536131815
ENSG00000130313,25796,PGLS,-0.1013654809951869
ENSG00000250317,389203,SMIM20,0.0760222247179461
ENSG00000108799,2145,EZH1,0.1393331397753782
ENSG00000074266,8726,EED,0.1184204862486027
ENSG00000167580,359,AQP2,0.150697306843982
ENSG00000159335,5763,PTMS,-0.1336442411712601
ENSG00000119640,97,ACYP1,0.1068817492691756
ENSG00000179284,199699,DAND5,0.0947188305510309
ENSG00000198042,84549,MAK16,-0.1084768757098486
ENSG00000111142,10988,METAP2,-0.0378819589413757
ENSG00000087095,51701,NLK,0.1356265065725754
ENSG00000205220,5699,PSMB10,0.0845932497795941
ENSG00000085365,9522,SCAMP1,0.0783081656058312
ENSG00000108639,9144,SYNGR2,-0.1122654421153244
ENSG00000101150,7165,TPD52L2,-0.1266159366887908
ENSG00000177485,10009,ZBTB33,-0.0978878952112984
ENSG00000062725,10513,APPBP2,-0.0662798511472092
ENSG00000119723,51004,COQ6,0.1254548030895964
ENSG00000162585,199990,FAAP20,-0.1150607806071354
ENSG00000118496,84085,FBXO30,0.1205816186498985
ENSG00000163602,23429,RYBP,0.0837120249968556
ENSG00000186130,10773,ZBTB6,0.1292858279939968
ENSG00000203778,619208,FAM229B,-0.0371769867267848
ENSG00000166477,123169,LEO1,-0.1160719981970024
ENSG00000179950,22827,PUF60,0.0610963664776234
ENSG00000143248,8490,RGS5,-0.079024987652499
ENSG00000139668,115825,WDFY2,0.1254233510448194
ENSG00000025156,3298,HSF2,-0.0631988220796235
ENSG00000184281,10078,TSSC4,0.1298383676823446
ENSG00000173221,2745,GLRX,0.0545239209216107
ENSG00000170085,375484,SIMC1,0.144857192498962
ENSG00000136485,10238,DCAF7,-0.0573159292898439
ENSG00000121073,10237,SLC35B1,-0.087675484724344
ENSG00000102786,26512,INTS6,-0.113156455684538
ENSG00000164338,84135,UTP15,-0.1087967258275751
ENSG00000083937,25978,CHMP2B,0.076830687742535
ENSG00000104325,1666,DECR1,0.0286352536802145
ENSG00000257727,10330,CNPY2,-0.061544333232789
ENSG00000082014,6604,SMARCD3,-0.1008901208843268
ENSG00000148719,54788,DNAJB12,-0.0806440650717887
ENSG00000125863,8195,MKKS,-0.0620560113341317
ENSG00000176853,157769,FAM91A1,-0.1119149288665806
ENSG00000196565,3048,HBG2,0.0531071008627296
ENSG00000182512,51218,GLRX5,-0.0909548971438165
ENSG00000106443,9678,PHF14,-0.0796641770512592
ENSG00000121413,65982,ZSCAN18,0.1164495151360886
ENSG00000143119,963,CD53,-0.0881004381994785
ENSG00000126858,55288,RHOT1,0.1066190080644169
ENSG00000185591,6667,SP1,0.0775916757963259
ENSG00000116857,252839,TMEM9,-0.0372787845540598
ENSG00000141580,56270,WDR45B,0.094934229742612
ENSG00000174606,90806,ANGEL2,-0.112572437105765
ENSG00000118855,64747,MFSD1,0.1100608942775011
ENSG00000104805,4924,NUCB1,-0.1151378421023405
ENSG00000115657,10058,ABCB6,0.111336130547693
ENSG00000169515,83987,CCDC8,-0.1129857545390231
ENSG00000278175,389741,GLIDR,-0.1145864975048624
ENSG00000067829,3421,IDH3G,0.0653643790752352
ENSG00000136718,92856,IMP4,-0.0869474987965591
ENSG00000127989,7978,MTERF1,-0.133221680715692
ENSG00000111300,80018,NAA25,0.0828660378544648
ENSG00000105854,5445,PON2,-0.0869983304130474
ENSG00000023287,9821,RB1CC1,0.0891263261875703
ENSG00000177189,6197,RPS6KA3,0.0950126383259049
ENSG00000255717,23642,SNHG1,0.0735782574484557
ENSG00000118939,7347,UCHL3,0.05717035238303
ENSG00000156256,10600,USP16,0.0704373905334274
ENSG00000166887,23339,VPS39,-0.0811513014199381
ENSG00000170631,7564,ZNF16,-0.1047827349329267
ENSG00000117713,8289,ARID1A,0.1002089100540725
ENSG00000196591,3066,HDAC2,0.0600176809576847
ENSG00000170385,7779,SLC30A1,0.0899633984774228
ENSG00000055147,10827,FAM114A2,0.0943775041144897
ENSG00000123737,5393,EXOSC9,0.0748097244633979
ENSG00000148187,92399,MRRF,-0.0803926299468893
ENSG00000110497,55626,AMBRA1,-0.1354614772599296
ENSG00000153140,1070,CETN3,0.0576860466760825
ENSG00000111832,51389,RWDD1,0.030324262413742
ENSG00000139567,94,ACVRL1,0.123776560877821
ENSG00000151914,667,DST,0.1172162199990301
ENSG00000269190,115290,FBXO17,-0.1145112332085915
ENSG00000005810,23077,MYCBP2,0.0957679831769947
ENSG00000285281,81537,SGPP1,0.1217015624846986
ENSG00000184828,201501,ZBTB7C,-0.0863877937274905
ENSG00000137776,79811,SLTM,0.0819991317453866
ENSG00000152078,148534,TLCD4,-0.1277664101261605
ENSG00000165732,9188,DDX21,0.0645184004887068
ENSG00000138764,901,CCNG2,0.1157212612899338
ENSG00000128923,54629,MINDY2,0.092536576175532
ENSG00000135698,10200,MPHOSPH6,0.0604711917816826
ENSG00000119421,4702,NDUFA8,-0.0474789873076159
ENSG00000149218,23052,ENDOD1,-0.0594577269816612
ENSG00000137714,2230,FDX1,0.069654110136134
ENSG00000092148,25831,HECTD1,-0.0790319509121853
ENSG00000066557,55631,LRRC40,0.0933838873913855
ENSG00000149269,5058,PAK1,0.0789165686776004
ENSG00000168734,11142,PKIG,-0.0926176493391123
ENSG00000205937,10921,RNPS1,-0.0631424934998066
ENSG00000107742,9806,SPOCK2,0.0825697577238058
ENSG00000077097,7155,TOP2B,-0.0793494571633777
ENSG00000284916,5720,PSME1,-0.0247049870620535
ENSG00000132823,51526,OSER1,0.0443093883362243
ENSG00000124120,79183,TTPAL,-0.113098968549592
ENSG00000044459,54875,CNTLN,-0.1197567209761551
ENSG00000139436,9815,GIT2,-0.1231009883125934
ENSG00000163344,10654,PMVK,0.0922110931231774
ENSG00000109111,6830,SUPT6H,0.1085257096578098
ENSG00000170871,9778,KIAA0232,0.1125001805763435
ENSG00000180917,55783,CMTR2,0.1108360068729814
ENSG00000189067,9516,LITAF,-0.0564731091813648
ENSG00000131669,4814,NINJ1,-0.1048163582357205
ENSG00000131263,51132,RLIM,-0.0861907686813052
ENSG00000100811,7528,YY1,-0.0625925423334787
ENSG00000165572,89890,KBTBD6,0.0826618379516321
ENSG00000164024,23173,METAP1,-0.0771127680991181
ENSG00000099256,56952,PRTFDC1,0.092820921797294
ENSG00000119688,5826,ABCD4,0.1194876746529117
ENSG00000114331,23527,ACAP2,-0.0846308080827714
ENSG00000129292,51105,PHF20L1,0.1077041413969279
ENSG00000125450,79902,NUP85,0.0625582797009244
ENSG00000103994,64397,ZNF106,0.0664592258878956
ENSG00000182827,64746,ACBD3,-0.0781278718160835
ENSG00000165322,94134,ARHGAP12,0.1181252712065414
ENSG00000057663,9474,ATG5,-0.1027512321150683
ENSG00000189227,145853,C15orf61,-0.119482690579004
ENSG00000130826,1736,DKC1,-0.0761874623956666
ENSG00000161920,400569,MED11,0.0698486889415278
ENSG00000123545,29078,NDUFAF4,-0.0464340194166424
ENSG00000173960,165324,UBXN2A,0.1152718888746628
ENSG00000198947,1756,DMD,0.0846253300061082
ENSG00000074356,55421,NCBP3,-0.1129892191061502
ENSG00000133731,3612,IMPA1,-0.0804719048412337
ENSG00000072756,51095,TRNT1,-0.0786019668150964
ENSG00000137692,84259,DCUN1D5,0.0968210059961908
ENSG00000116791,1429,CRYZ,-0.0797299782481687
ENSG00000220205,6844,VAMP2,0.1229794508515962
ENSG00000072210,224,ALDH3A2,0.0853268966939251
ENSG00000150768,1737,DLAT,-0.1045570713103418
ENSG00000231607,8847,DLEU2,-0.1132357981242554
ENSG00000116906,8443,GNPAT,0.0735989248812346
ENSG00000117408,9670,IPO13,0.1223895291382055
ENSG00000140941,81631,MAP1LC3B,0.0763626117858445
ENSG00000151576,79691,QTRT2,0.1067556636515947
ENSG00000135870,149041,RC3H1,-0.1176722356838858
ENSG00000072274,7037,TFRC,-0.0578305373985961
ENSG00000143839,5972,REN,-0.1040574421384889
ENSG00000111348,397,ARHGDIB,0.0582285771589365
ENSG00000187676,145173,B3GLCT,0.0955037040216015
ENSG00000139726,8562,DENR,-0.0669818399421646
ENSG00000132434,55915,LANCL2,0.082697617204509
ENSG00000101079,57446,NDRG3,-0.0552720362766827
ENSG00000143333,6004,RGS16,-0.0876996623374912
ENSG00000115694,10494,STK25,-0.1263014246445449
ENSG00000115183,85461,TANC1,-0.1190772114474859
ENSG00000244045,147007,TMEM199,-0.1012344585426694
ENSG00000077254,23032,USP33,0.0751512901034397
ENSG00000196712,4763,NF1,-0.0991764772087658
ENSG00000122729,48,ACO1,0.1130242853793017
ENSG00000108561,708,C1QBP,0.1034523722157853
ENSG00000168763,26505,CNNM3,0.122766740182171
ENSG00000132002,3337,DNAJB1,0.0576148126457527
ENSG00000109519,80273,GRPEL1,0.0475494144571782
ENSG00000198961,9867,PJA2,0.0445663082122993
ENSG00000187231,91404,SESTD1,-0.113879508500997
ENSG00000170677,9306,SOCS6,0.1177596073583972
ENSG00000148291,6835,SURF2,-0.1083309834816645
ENSG00000122882,11319,ECD,0.0756531524687138
ENSG00000187325,51616,TAF9B,0.066841055650211
ENSG00000198663,221477,C6orf89,-0.0793557081211652
ENSG00000114544,54946,SLC41A3,-0.0638213272419521
ENSG00000152642,23171,GPD1L,-0.1152252913194006
ENSG00000137492,5612,THAP12,0.0948970487364827
ENSG00000100749,7443,VRK1,-0.0747014282216582
ENSG00000065057,4913,NTHL1,-0.1024747219844579
ENSG00000126261,10054,UBA2,0.0574735657461364
ENSG00000227057,9277,WDR46,0.1135262897379766
ENSG00000165272,360,AQP3,0.1079525900904848
ENSG00000168002,5436,POLR2G,-0.0261002668593117
ENSG00000166181,8539,API5,0.0673181301852058
ENSG00000034533,28990,ASTE1,0.1112820546986157
ENSG00000136689,3557,IL1RN,0.1587384422569053
ENSG00000284634,374443,LOC374443,-0.1143474541720185
ENSG00000006756,414,ARSD,-0.1127074327722757
ENSG00000099940,9342,SNAP29,0.0806261689095814
ENSG00000138593,9728,SECISBP2L,0.1036272516136787
ENSG00000196139,8644,AKR1C3,0.0906021160808164
ENSG00000163453,3490,IGFBP7,-0.0658270931841354
ENSG00000133606,23608,MKRN1,-0.0498340608282277
ENSG00000285023,26973,CHORDC1,-0.0850217542227157
ENSG00000181789,22820,COPG1,-0.0689201241374612
ENSG00000198612,10920,COPS8,0.0376806580509152
ENSG00000164463,153222,CREBRF,0.0855286793215575
ENSG00000172869,1657,DMXL1,-0.0990572965635879
ENSG00000197977,54898,ELOVL2,0.0825357650181873
ENSG00000100632,2079,ERH,0.0204203330152002
ENSG00000114735,51409,HEMK1,0.1161271711392271
ENSG00000133835,3295,HSD17B4,-0.05581927547968
ENSG00000198331,219844,HYLS1,0.0712970529350795
ENSG00000198399,50618,ITSN2,0.1199547399072965
ENSG00000137944,56267,KYAT3,0.0613283177493567
ENSG00000139793,10150,MBNL2,-0.0552607811542071
ENSG00000076770,55796,MBNL3,0.0437294458051009
ENSG00000125871,92667,MGME1,-0.1080691394958692
ENSG00000169446,93380,MMGT1,-0.0831163768384473
ENSG00000205358,4496,MT1H,-0.232563521219255
ENSG00000140396,10499,NCOA2,0.0825610422216921
ENSG00000288364,4692,NDN,-0.0456851764273668
ENSG00000100906,4792,NFKBIA,-0.0623290151354898
ENSG00000115947,5000,ORC4,-0.0464255690970653
ENSG00000083444,5351,PLOD1,-0.0754883113797945
ENSG00000085998,55624,POMGNT1,0.0924987390340266
ENSG00000158615,84919,PPP1R15B,-0.0788172208065172
ENSG00000086589,55696,RBM22,0.0930183897313538
ENSG00000164327,253260,RICTOR,0.0910513913421642
ENSG00000117118,6390,SDHB,0.054241382306406
ENSG00000119906,55719,SLF2,-0.0553725735981229
ENSG00000185420,64754,SMYD3,-0.0654935181280741
ENSG00000112335,8724,SNX3,-0.0412642883558427
ENSG00000138600,84888,SPPL2A,-0.0637498861924019
ENSG00000104375,6788,STK3,0.0847784279652221
ENSG00000132109,6737,TRIM21,-0.0894509986884198
ENSG00000145390,54532,USP53,0.1147927771794305
ENSG00000136451,7716,VEZF1,0.0609092793093901
ENSG00000005448,84058,WDR54,-0.0495808814010363
ENSG00000156697,10813,UTP14A,0.0953372571247787
ENSG00000167842,79003,MIS12,0.0625289807230977
ENSG00000276802,8924,HERC2,-0.0990993261439036
ENSG00000182809,1397,CRIP2,-0.0753523190500623
ENSG00000152457,64421,DCLRE1C,0.104097042835964
ENSG00000134152,79768,KATNBL1,-0.1086489793664401
ENSG00000196199,54737,MPHOSPH8,-0.0600977383913287
ENSG00000291347,55035,NOL8,-0.0990287473551549
ENSG00000122359,311,ANXA11,-0.1058048354540823
ENSG00000175354,5771,PTPN2,0.0509289531458514
ENSG00000112983,10902,BRD8,-0.0633108385621494
ENSG00000095794,1390,CREM,-0.0429941725607343
ENSG00000178449,84987,COX14,0.0316746449672159
ENSG00000107957,9644,SH3PXD2A,0.1023959903871201
ENSG00000167196,26263,FBXO22,-0.1032117468105537
ENSG00000051108,9709,HERPUD1,-0.0785060591739127
ENSG00000131171,6451,SH3BGRL,0.0276089048850385
ENSG00000151445,63894,VIPAS39,0.0632089987988097
ENSG00000130724,27243,CHMP2A,0.0464211974623947
ENSG00000147789,7553,ZNF7,-0.0712410426977592
ENSG00000101343,51340,CRNKL1,-0.060074964673519
ENSG00000172500,9158,FIBP,0.0446562794105919
ENSG00000168172,84376,HOOK3,-0.0888414423318607
ENSG00000076242,4292,MLH1,0.0493298015281933
ENSG00000073711,5523,PPP2R3A,-0.0869904114383557
ENSG00000107651,11196,SEC23IP,0.0825853466826047
ENSG00000134987,134430,WDR36,-0.0857692333485544
ENSG00000121671,1408,CRY2,0.0689128686110894
ENSG00000176476,112869,SGF29,-0.1010635796487541
ENSG00000151239,5756,TWF1,0.0461327482363517
ENSG00000181315,79692,ZNF322,0.0709950224744282
ENSG00000184939,146198,ZFP90,0.0797160655942585
ENSG00000266412,8031,NCOA4,0.0369497515196438
ENSG00000152527,130271,PLEKHH2,0.092656338030735
ENSG00000185619,10336,PCGF3,-0.110567965611007
ENSG00000145817,81555,YIPF5,0.0283854397961594
ENSG00000139219,1280,COL2A1,0.1060219171691006
ENSG00000196981,54554,WDR5B,0.1193486154791138
ENSG00000162736,23385,NCSTN,0.0693170624075016
ENSG00000211455,23012,STK38L,0.1126718731101675
ENSG00000023572,51022,GLRX2,-0.0965767489010199
ENSG00000277075,3012,H2AC8,0.1010814168796047
ENSG00000291488,3680,ITGA9,-0.0969060186988129
ENSG00000108829,55379,LRRC59,-0.0831499429101669
ENSG00000158006,5051,PAFAH2,0.0799448065577227
ENSG00000147010,30011,SH3KBP1,-0.1168754936355788
ENSG00000035115,26751,SH3YL1,-0.0871503730393252
ENSG00000162976,130814,SLC66A3,-0.0862454742745033
ENSG00000137831,55075,UACA,-0.1068952345979088
ENSG00000065268,57418,WDR18,0.1017776911820789
ENSG00000142684,51042,ZNF593,-0.0710612839176528
ENSG00000144036,23233,EXOC6B,-0.0962464126424066
ENSG00000140416,7168,TPM1,-0.0578926571424678
ENSG00000169599,27247,NFU1,-0.0704360795972093
ENSG00000198964,259230,SGMS1,-0.108803633045365
ENSG00000125375,27109,DMAC2L,0.0636286651990749
ENSG00000032389,7260,EIPR1,-0.098207787752909
ENSG00000176907,56892,TCIM,-0.0992527860317009
ENSG00000187118,152100,CMC1,-0.0755391218396369
ENSG00000066422,27107,ZBTB11,-0.1069460792864595
ENSG00000115866,1615,DARS1,-0.0329828020388079
ENSG00000132436,63979,FIGNL1,0.0983778501181032
ENSG00000187522,51182,HSPA14,0.087427137399014
ENSG00000168411,55159,RFWD3,0.0767735397730988
ENSG00000171476,84525,HOPX,-0.0524872669109526
ENSG00000102471,54602,NDFIP2,-0.0691247689244661
ENSG00000111875,25842,ASF1A,-0.0613756916438953
ENSG00000235954,284900,TTC28-AS1,0.0890167635603681
ENSG00000198755,4736,RPL10A,0.0159262353859784
ENSG00000120451,399979,SNX19,0.0959706675753097
ENSG00000038002,175,AGA,-0.0496205346892595
ENSG00000166200,9318,COPS2,0.0303067526271061
ENSG00000108587,9527,GOSR1,0.0471484717226182
ENSG00000164258,4724,NDUFS4,0.0193249760190943
ENSG00000064933,5378,PMS1,0.0839995542677405
ENSG00000121542,26984,SEC22A,0.0612815188479912
ENSG00000176422,283377,SPRYD4,-0.0495980707603012
ENSG00000197465,2996,GYPE,0.1092732624887078
ENSG00000110492,4192,MDK,-0.0461481547988463
ENSG00000186260,57496,MRTFB,-0.0748948900555123
ENSG00000166228,5092,PCBD1,-0.0576542918083175
ENSG00000167904,137695,TMEM68,-0.0771436462711838
ENSG00000185624,5034,P4HB,-0.0672643414238624
ENSG00000204219,6920,TCEA3,0.0572989279254735
ENSG00000115159,2820,GPD2,0.0905699572097499
ENSG00000100941,5411,PNN,-0.0644696277699717
ENSG00000160208,23076,RRP1B,-0.1061261347162789
ENSG00000162600,115209,OMA1,0.0880636733078787
ENSG00000165630,8559,PRPF18,0.0933092875881703
ENSG00000117984,1509,CTSD,0.0779032270420611
ENSG00000284753,110599564,EEF1AKMT4,0.0868815458128801
ENSG00000166133,27079,RPUSD2,0.0991190508980621
ENSG00000146833,89122,TRIM4,0.0941935624515766
,,ATP5MPL,0.0154582223206631
ENSG00000213930,2592,GALT,0.0662902728155557
ENSG00000175646,5619,PRM1,-0.1071180732529406
ENSG00000129084,5682,PSMA1,-0.0209358024827126
ENSG00000167766,55769,ZNF83,-0.0823081583465132
ENSG00000168386,11259,FILIP1L,0.1074688704123537
ENSG00000126970,55906,ZC4H2,-0.0942236082114642
ENSG00000128602,6608,SMO,0.0889943009613457
ENSG00000119938,5507,PPP1R3C,0.0952431655352769
ENSG00000288475,9994,CASP8AP2,-0.1048350079346717
ENSG00000117697,25936,NSL1,-0.0409691149576189
ENSG00000132963,51371,POMP,0.0262685177195235
ENSG00000115808,6801,STRN,0.1046649554495214
ENSG00000171316,55636,CHD7,0.1022744653930258
ENSG00000170043,58485,TRAPPC1,-0.0483863639668179
ENSG00000108433,9570,GOSR2,0.0462409756254881
ENSG00000136710,84317,CCDC115,0.0838514513592452
ENSG00000056972,10758,TRAF3IP2,0.0704209950496841
ENSG00000082258,905,CCNT2,0.0773264283684158
ENSG00000100664,1983,EIF5,-0.0356568143440471
ENSG00000115504,23301,EHBP1,0.0951915877973122
ENSG00000133704,10526,IPO8,0.0813921127793521
ENSG00000013561,9604,RNF14,-0.0588937619157777
ENSG00000169908,4071,TM4SF1,0.0486727922484485
ENSG00000109072,7448,VTN,0.1378224114138137
ENSG00000140153,91833,WDR20,0.0804456078280067
ENSG00000151657,22944,KIN,-0.0478582329843196
ENSG00000152518,678,ZFP36L2,-0.0585849599473319
ENSG00000161551,84765,ZNF577,0.0879213295539951
ENSG00000123505,262,AMD1,-0.0444374368701578
ENSG00000138640,10144,FAM13A,0.0821315141338328
ENSG00000104643,66036,MTMR9,0.0794465185093601
ENSG00000198646,23054,NCOA6,0.1161016587299034
ENSG00000123091,26994,RNF11,-0.0607483484128755
ENSG00000124562,6631,SNRPC,-0.024180206969163
ENSG00000172171,79736,TEFM,0.0792012111651458
ENSG00000089063,29058,TMEM230,-0.0311580701784015
ENSG00000131462,7283,TUBG1,-0.047555449941745
ENSG00000162415,57643,ZSWIM5,0.1022145783149052
ENSG00000157450,54778,RNF111,-0.0964099982711948
ENSG00000180370,5062,PAK2,0.0775818830126113
ENSG00000104154,7782,SLC30A4,-0.069566556729526
ENSG00000180340,2535,FZD2,-0.0871815772281454
ENSG00000109854,10553,HTATIP2,-0.0629416138157199
ENSG00000067992,5165,PDK3,0.0430561756635534
ENSG00000009335,9690,UBE3C,-0.0802844020356892
ENSG00000185722,51479,ANKFY1,0.081186246724744
ENSG00000214274,283,ANG,-0.0500481747375962
ENSG00000149308,4863,NPAT,-0.0765901122743312
ENSG00000182670,7267,TTC3,0.0451713472524379
ENSG00000166770,100128252,ZNF667-AS1,-0.0537688582019839
ENSG00000115685,5510,PPP1R7,0.0520732628601322
ENSG00000154229,5578,PRKCA,0.1066101473084836
,,C12orf45,0.0511375093908721
ENSG00000072364,27125,AFF4,0.0606811310795497
ENSG00000120370,92344,GORAB,-0.0781501007444378
ENSG00000070961,490,ATP2B1,0.0434031822424967
ENSG00000166575,65084,TMEM135,-0.0603634035814298
ENSG00000164116,2982,GUCY1A1,-0.0959200490835053
ENSG00000101000,10544,PROCR,-0.0652164586812926
ENSG00000132670,5786,PTPRA,0.0866967229912584
ENSG00000110711,9049,AIP,-0.0651282654990907
ENSG00000153310,51571,CYRIB,-0.053347948284619
ENSG00000114520,8723,SNX4,-0.0743967478140073
ENSG00000108256,57532,NUFIP2,0.0545332895816604
ENSG00000129317,83448,PUS7L,-0.0732331610064018
ENSG00000108175,57178,ZMIZ1,0.0867085142165678
ENSG00000173207,1163,CKS1B,-0.0248189415054255
ENSG00000118922,11278,KLF12,-0.0802335280070525
ENSG00000135372,55226,NAT10,-0.0742094417327504
ENSG00000117362,51107,APH1A,0.0563003880580735
ENSG00000119969,3070,HELLS,-0.0955611099531275
ENSG00000155304,6782,HSPA13,-0.0424585427108426
ENSG00000086758,10075,HUWE1,0.0515935141140372
ENSG00000263465,10929,SRSF8,0.070164280882909
ENSG00000101557,9097,USP14,0.0605990183020089
ENSG00000066933,4649,MYO9A,0.0861078658459043
ENSG00000281649,100506710,EBLN3P,0.0803028851709737
ENSG00000113300,57472,CNOT6,-0.0685045705425924
ENSG00000142694,55194,EVA1B,-0.0884424458979381
ENSG00000119431,81932,HDHD3,-0.0909590720013759
ENSG00000115649,27013,CNPPD1,0.0613830720732937
ENSG00000178053,4291,MLF1,0.0406704843023949
ENSG00000117614,25949,SYF2,0.0380332753027891
ENSG00000152413,9456,HOMER1,0.0901760008368899
ENSG00000139350,121441,NEDD1,0.0847258716915903
ENSG00000198176,7027,TFDP1,-0.0888554394609163
ENSG00000185651,7332,UBE2L3,-0.022637463920978
ENSG00000023697,51071,DERA,0.0580851473890942
ENSG00000281178,22877,MLXIP,0.0782355446417545
ENSG00000114698,57088,PLSCR4,0.0796088490474732
ENSG00000273707,1028,CDKN1C,0.0476804672362738
ENSG00000151327,283635,FAM177A1,-0.0794808601870349
ENSG00000105835,10135,NAMPT,-0.0559322871043805
ENSG00000151414,140609,NEK7,-0.0750192907690045
ENSG00000087191,5705,PSMC5,0.0276018166887434
ENSG00000099810,4507,MTAP,0.0648330453591055
ENSG00000186298,5501,PPP1CC,-0.0329798607553543
ENSG00000151692,9781,RNF144A,0.0954163540357195
ENSG00000206560,23243,ANKRD28,0.0811673137034613
ENSG00000198832,140606,SELENOM,-0.0749467360459857
ENSG00000071051,8440,NCK2,0.0897426094584181
ENSG00000158528,55607,PPP1R9A,-0.0666052438584236
ENSG00000105993,10049,DNAJB6,-0.0364551685190101
ENSG00000177613,23283,CSTF2T,0.0590603625480894
ENSG00000047849,4134,MAP4,0.063597733766534
ENSG00000035681,8439,NSMAF,-0.0763914151779771
ENSG00000117133,80135,RPF1,-0.0451649050011581
ENSG00000134014,55140,ELP3,0.0347920436105311
ENSG00000234465,390940,PINLYP,-0.0666120365969981
ENSG00000113812,93973,ACTR8,0.0786497431411093
ENSG00000101384,182,JAG1,0.0701952588621808
ENSG00000115539,79031,PDCL3,-0.0539608152423651
ENSG00000084733,10890,RAB10,-0.0421711797032872
ENSG00000166557,23423,TMED3,0.0578492524735097
ENSG00000172315,112858,TP53RK,0.0680051131370136
ENSG00000116918,7257,TSNAX,0.0295919544970638
ENSG00000141540,94015,TTYH2,0.095335665241569
ENSG00000279389,9710,GARRE1,0.08744396193778
ENSG00000066135,9682,KDM4A,0.0765122676604671
ENSG00000136715,79595,SAP130,0.090290757149034
ENSG00000175470,55844,PPP2R2D,0.0928000152161963
ENSG00000164035,51705,EMCN,-0.0805628590073836
ENSG00000107937,23560,GTPBP4,-0.042213288193099
ENSG00000196586,4646,MYO6,0.0551268529925282
ENSG00000136560,10010,TANK,-0.0613453212417449
ENSG00000196670,643836,ZFP62,-0.0827571298501999
ENSG00000188321,84527,ZNF559,-0.0743585578313003
ENSG00000178252,11180,WDR6,0.0439079919283891
ENSG00000113648,9555,MACROH2A1,0.0407252106676164
ENSG00000130203,348,APOE,0.0456006063326265
ENSG00000134759,55250,ELP2,0.0286178932970014
ENSG00000182473,23265,EXOC7,-0.0595383387225654
ENSG00000284889,5721,PSME2,0.026419138325501
ENSG00000128989,10776,ARPP19,0.0289406467498999
ENSG00000114353,2771,GNAI2,-0.0550853801233013
ENSG00000147421,79618,HMBOX1,0.0890801164023815
ENSG00000114126,7029,TFDP2,-0.0427816080311663
ENSG00000204025,100329135,TRPC5OS,0.0547512068949915
ENSG00000182165,11257,TP53TG1,-0.0531441783159711
ENSG00000125962,64860,ARMCX5,-0.084969351556513
ENSG00000117410,533,ATP6V0B,0.0294575949299898
ENSG00000109971,3312,HSPA8,0.0116070492895022
ENSG00000107771,54462,CCSER2,-0.0624375603256651
ENSG00000282130,56160,NSMCE3,-0.0878694972556327
ENSG00000203760,387103,CENPW,-0.0300176080329552
ENSG00000137198,2766,GMPR,-0.0532442878055861
ENSG00000290919,23666,UBBP4,0.0567017968695845
ENSG00000162692,7412,VCAM1,0.050047120318277
ENSG00000160917,10898,CPSF4,0.0491798511177922
,,FAM126B,-0.0669857947604664
ENSG00000184344,9573,GDF3,0.0895657990258309
ENSG00000146872,11011,TLK2,0.0729700554917263
ENSG00000142192,351,APP,0.0450659882217221
ENSG00000166037,9702,CEP57,-0.0481267945816602
ENSG00000155508,9337,CNOT8,0.0599590281292998
ENSG00000197343,79027,ZNF655,-0.0705177752923135
ENSG00000111057,3875,KRT18,0.0447765259945793
ENSG00000183617,116541,MRPL54,-0.0556121177562349
ENSG00000183011,84316,NAA38,0.0223884623262781
ENSG00000131732,84240,ZCCHC9,-0.056644535243799
ENSG00000131016,9590,AKAP12,-0.0600864230117571
ENSG00000168216,55788,LMBRD1,-0.0353269886441393
ENSG00000171160,118812,MORN4,-0.0807430470091851
ENSG00000134369,89796,NAV1,-0.090579744931826
ENSG00000130935,25926,NOL11,0.0415049117440127
ENSG00000126773,64430,PCNX4,0.081786719162145
ENSG00000261371,5175,PECAM1,0.0450070848975025
ENSG00000033800,8554,PIAS1,-0.0403770501101782
ENSG00000141127,5636,PRPSAP2,-0.066867502318837
ENSG00000080608,9933,PUM3,0.046634155513053
ENSG00000277564,23543,RBFOX2,0.0358611817757159
ENSG00000162924,5966,REL,0.0667953368622452
ENSG00000144659,54977,SLC25A38,-0.0591542261761925
ENSG00000088726,55287,TMEM40,0.0917646860919922
ENSG00000121858,8743,TNFSF10,-0.0612848453686795
ENSG00000070061,8518,ELP1,0.0282399465103758
ENSG00000182197,2131,EXT1,0.0671597746769209
ENSG00000067048,8653,DDX3Y,0.0401344854509237
ENSG00000088727,64147,KIF9,0.0711779697221537
ENSG00000165487,221154,MICU2,-0.0766570537668093
ENSG00000168066,7536,SF1,0.0637555734087466
ENSG00000123472,64756,ATPAF1,0.0708216386785323
ENSG00000134109,9695,EDEM1,0.0790998725641533
ENSG00000007168,5048,PAFAH1B1,-0.0368700626018604
ENSG00000198130,26275,HIBCH,-0.0415726980127238
ENSG00000159069,54461,FBXW5,-0.0650357606430325
ENSG00000182492,633,BGN,-0.0844166512133696
ENSG00000171604,51523,CXXC5,-0.0650871881276142
ENSG00000103671,9325,TRIP4,0.0906596408041605
ENSG00000116874,10352,WARS2,-0.077843893247646
ENSG00000183354,158358,KIAA2026,0.0684044989771048
ENSG00000101443,10406,WFDC2,0.081805367570147
ENSG00000143207,64326,COP1,0.0819986124330666
ENSG00000158427,286527,TMSB15B,-0.0535877915711409
ENSG00000100554,51382,ATP6V1D,0.0285941594614045
ENSG00000066322,64834,ELOVL1,-0.0446925460874115
ENSG00000206562,131965,METTL6,-0.0540420063601792
ENSG00000122008,51426,POLK,0.0632279036649243
ENSG00000161800,29127,RACGAP1,-0.0546287879583476
ENSG00000070501,5423,POLB,0.0394534516565043
ENSG00000054654,23224,SYNE2,0.0586471148235309
ENSG00000134982,324,APC,0.0858556545106884
ENSG00000175348,56674,TMEM9B,-0.0519171310182915
ENSG00000140995,54849,DEF8,-0.0616086831992058
ENSG00000128944,90417,KNSTRN,-0.0630276240620328
ENSG00000125779,80025,PANK2,0.068298895065762
ENSG00000111843,51522,TMEM14C,0.021846204226674
ENSG00000012963,55148,UBR7,-0.0679162317707883
ENSG00000166526,7551,ZNF3,0.0432132424889329
ENSG00000141380,6760,SS18,0.0315757358670129
ENSG00000086300,29887,SNX10,-0.0810894427214315
ENSG00000118363,9789,SPCS2,0.0234509478303077
ENSG00000126062,11070,TMEM115,0.0542078960584203
ENSG00000198795,25925,ZNF521,-0.074920938182658
ENSG00000198315,7745,ZKSCAN8,0.070566038555461
ENSG00000163848,7707,ZNF148,-0.0382847525802648
ENSG00000281813,23522,KAT6B,-0.0612019883208158
ENSG00000114982,55683,KANSL3,0.0676543575631502
ENSG00000144381,3329,HSPD1,0.0132586842645132
ENSG00000166197,9221,NOLC1,0.0441758182328418
ENSG00000114446,55081,IFT57,-0.0588505169245843
ENSG00000089597,23193,GANAB,-0.0549566689703872
ENSG00000135929,1593,CYP27A1,0.0480721402420015
ENSG00000115364,9801,MRPL19,-0.055145965010072
ENSG00000161202,1857,DVL3,0.0702581508255374
ENSG00000140262,6938,TCF12,-0.0530604319865784
ENSG00000136870,7743,ZNF189,0.0841408500729575
ENSG00000060339,55749,CCAR1,0.049492460368184
ENSG00000135108,23014,FBXO21,-0.0319435222430751
ENSG00000100744,51527,GSKIP,-0.0712627700768789
ENSG00000092036,54930,HAUS4,-0.0600527052351872
ENSG00000134324,23175,LPIN1,-0.0549589484863573
ENSG00000232859,201229,LYRM9,0.0731941685995697
ENSG00000168785,10098,TSPAN5,0.0433734614523306
ENSG00000136100,51028,VPS36,-0.0611407881685367
ENSG00000118260,1385,CREB1,0.0384573175567466
ENSG00000143324,9213,XPR1,0.0501036798653781
ENSG00000125304,9375,TM9SF2,0.0351806196923637
ENSG00000146278,10957,PNRC1,-0.0342647226198256
ENSG00000164649,55536,CDCA7L,0.0565919061813448
ENSG00000113013,3313,HSPA9,-0.0286580057638966
ENSG00000180979,255252,LRRC57,0.0537666982234632
ENSG00000064115,51768,TM7SF3,-0.0642180358867407
ENSG00000114744,51122,COMMD2,-0.0367296070082337
ENSG00000185808,51227,PIGP,-0.0260567907819979
ENSG00000164332,134510,UBLCP1,-0.0323838332908375
ENSG00000144677,10217,CTDSPL,0.0460519302025563
ENSG00000282986,27335,EIF3K,-0.0142316330794606
ENSG00000164144,27236,ARFIP1,0.0327337319332481
ENSG00000169288,65008,MRPL1,-0.0276201102933291
ENSG00000166192,123228,SENP8,0.0535157949981206
ENSG00000153406,57407,NMRAL1,0.0503401851306382
ENSG00000106477,95681,CEP41,-0.0456393297838495
ENSG00000119917,3437,IFIT3,0.0876756130067113
ENSG00000134986,9315,NREP,0.0175206631508327
ENSG00000162407,8613,PLPP3,0.0423388796567987
ENSG00000157502,139221,PWWP3B,0.049883759541514
ENSG00000041357,5685,PSMA4,0.0154256734330055
ENSG00000104765,665,BNIP3L,-0.017532530779382
ENSG00000023191,6050,RNH1,0.0417823885297749
ENSG00000196531,4666,NACA,-0.0172041628185539
ENSG00000165792,64745,METTL17,0.0549975471223272
ENSG00000134077,25917,THUMPD3,-0.0473003353226588
ENSG00000137404,11270,NRM,-0.0607850426916733
ENSG00000279247,102157402,AK6,0.0272977305157654
ENSG00000172380,55970,GNG12,0.0283970388337498
ENSG00000165832,142940,TRUB1,0.0583926191372623
ENSG00000132952,10208,USPL1,0.0631314790810071
ENSG00000163812,51304,ZDHHC3,-0.0739007723992745
ENSG00000134108,55207,ARL8B,-0.0420670124170395
ENSG00000102271,56062,KLHL4,-0.0383035677594635
ENSG00000110955,506,ATP5F1B,0.0143791641921965
ENSG00000059691,5188,GATB,0.0450410977724267
ENSG00000088325,22974,TPX2,0.0541891530153846
,,KIAA0100,0.0621093468262732
ENSG00000184226,5101,PCDH9,-0.0422214400354916
ENSG00000042445,54884,RETSAT,0.0608315552244641
ENSG00000204103,9935,MAFB,-0.0579560497036434
ENSG00000077147,56889,TM9SF3,-0.0306550828645015
ENSG00000111229,10094,ARPC3,-0.0158783827445765
ENSG00000197601,84188,FAR1,0.0629751950866368
ENSG00000162511,7805,LAPTM5,-0.0756860363633798
ENSG00000165304,9833,MELK,0.0600541667041481
ENSG00000107745,10367,MICU1,-0.0288396838933764
ENSG00000102030,8260,NAA10,0.0490656720786214
ENSG00000136937,4686,NCBP1,0.0524178221412269
ENSG00000274442,10594,PRPF8,0.0397626392205029
ENSG00000111707,64426,SUDS3,-0.0429995314879952
ENSG00000176293,7694,ZNF135,0.067795722474191
ENSG00000188785,147694,ZNF548,0.0505283509264694
ENSG00000138071,10097,ACTR2,-0.0300473444762907
ENSG00000198642,55958,KLHL9,-0.0471736643018249
ENSG00000137513,79731,NARS2,0.0650300502658188
ENSG00000109390,4717,NDUFC1,-0.0169196497717148
ENSG00000128694,64172,OSGEPL1,-0.0406330176871593
ENSG00000120509,51248,PDZD11,0.0204212958262263
ENSG00000147535,84513,PLPP5,-0.0448392461040453
ENSG00000099797,9524,TECR,0.0280595201031447
ENSG00000175073,80124,VCPIP1,0.0465622906001792
ENSG00000197008,7697,ZNF138,0.0428480723879755
ENSG00000129083,1315,COPB1,0.0286935649323775
ENSG00000108582,1362,CPD,0.0487333624669759
ENSG00000161217,5130,PCYT1A,0.0531930586888558
ENSG00000173163,150684,COMMD1,-0.0240489381109559
ENSG00000106484,4232,MEST,0.0321284771886852
ENSG00000136319,91875,TTC5,0.0557955204568295
ENSG00000127337,8089,YEATS4,-0.0559786726235091
ENSG00000119820,84272,YIPF4,0.0403038847873896
ENSG00000166024,27291,R3HCC1L,0.0490484468525699
ENSG00000112592,6908,TBP,-0.0392276359058892
ENSG00000245571,101927204,FAM111A-DT,-0.068145917377748
ENSG00000160209,8566,PDXK,-0.0398300068287399
ENSG00000129657,6397,SEC14L1,0.0343069487233836
ENSG00000138100,57159,TRIM54,0.0692709439799575
ENSG00000101019,55245,UQCC1,0.0454676336216507
ENSG00000205542,7114,TMSB4X,-0.0108174768040277
ENSG00000293514,253039,CUTALP,0.0562256655382807
ENSG00000114209,11235,PDCD10,0.0219413396377161
ENSG00000235169,388588,SMIM1,0.0393599999738207
ENSG00000108395,4591,TRIM37,-0.0510244737372806
ENSG00000128791,57045,TWSG1,-0.0528693919154583
ENSG00000143674,84451,MAP3K21,-0.043911993546298
,441502,RPS26P11,-0.0513975344995793
ENSG00000198258,59286,UBL5,-0.0111501415666024
ENSG00000139826,84945,ABHD13,-0.0588613642988195
ENSG00000119326,8727,CTNNAL1,0.0305005893302624
ENSG00000164741,10395,DLC1,-0.0469674430642009
ENSG00000185559,8788,DLK1,-0.0231343574468876
ENSG00000118096,56912,IFT46,0.0274916194114757
ENSG00000144741,115286,SLC25A26,-0.0288273745692259
ENSG00000143570,27173,SLC39A1,-0.042226653861426
ENSG00000070214,23446,SLC44A1,-0.0382491539333866
ENSG00000133302,84250,SLF1,-0.0550468901187508
ENSG00000133226,10250,SRRM1,-0.0382994695568981
,,TTC37,0.036763302240579
ENSG00000120686,51569,UFM1,-0.0262852508490636
ENSG00000010244,7756,ZNF207,-0.0156429579831852
ENSG00000169188,27301,APEX2,0.0381686224464509
ENSG00000100979,5360,PLTP,-0.0505769842785586
ENSG00000030582,2896,GRN,-0.0439490464745937
ENSG00000131437,11127,KIF3A,-0.0485688402433407
ENSG00000139289,22822,PHLDA1,-0.037094893568681
ENSG00000180776,253832,ZDHHC20,0.0463957580574569
ENSG00000137804,51203,NUSAP1,-0.0300046481361277
ENSG00000140471,55180,LINS1,-0.0538106446847079
ENSG00000198894,85457,CIPC,-0.0618697037060262
ENSG00000121579,80218,NAA50,-0.0326373371336307
ENSG00000076641,55824,PAG1,0.0510216116138598
ENSG00000196455,30849,PIK3R4,0.0589044087874859
ENSG00000099341,5714,PSMD8,-0.0238823702604895
ENSG00000179295,5781,PTPN11,-0.0501130197655572
ENSG00000075303,55972,SLC25A40,-0.0476267215541075
ENSG00000184277,80213,TM2D3,-0.0368074391569951
ENSG00000140006,112840,WDR89,0.0446499701157756
ENSG00000134802,29015,SLC43A3,0.0563934204530617
ENSG00000155100,51633,OTUD6B,0.0626062664623956
ENSG00000075785,7879,RAB7A,0.0279380451562992
ENSG00000213523,10011,SRA1,-0.0408916605713977
,,TMCC1-AS1,0.0533401431903529
ENSG00000146802,64418,TMEM168,-0.0451795632967181
ENSG00000183520,51118,UTP11,-0.0204879965773889
ENSG00000138035,87178,PNPT1,-0.0495358672132826
ENSG00000168246,92181,UBTD2,0.0451749470361602
ENSG00000171135,84522,JAGN1,0.0364559683478362
ENSG00000166002,56935,SMCO4,-0.0465841251193101
ENSG00000176102,1479,CSTF3,-0.0349514976854248
,,TMEM99,0.0280905376583374
ENSG00000096093,114327,EFHC1,0.052980295349233
ENSG00000096060,2289,FKBP5,-0.0498175049495844
ENSG00000140575,8826,IQGAP1,0.0359352609791832
ENSG00000107789,9562,MINPP1,0.0623565884084387
ENSG00000075643,55034,MOCOS,0.0674616471742848
ENSG00000156011,23362,PSD3,0.0426839837899957
ENSG00000119314,9991,PTBP3,0.0300220830186078
ENSG00000125676,57187,THOC2,0.0325982896509295
ENSG00000197043,309,ANXA6,0.0173625613087894
ENSG00000179195,144348,ZNF664,0.0431052131096827
ENSG00000135052,51280,GOLM1,-0.0463011441019359
ENSG00000163743,25898,RCHY1,-0.0423080958964462
ENSG00000196562,55959,SULF2,-0.0619250613249014
ENSG00000144559,132001,TAMM41,0.0335165110144944
ENSG00000170965,10761,PLAC1,-0.0183023595250055
ENSG00000165629,509,ATP5F1C,-0.0100225832216392
ENSG00000109861,1075,CTSC,-0.0188905584050758
ENSG00000178927,79415,CYBC1,-0.0583071999302621
ENSG00000171806,92342,METTL18,0.0381536320037192
ENSG00000119684,27030,MLH3,-0.0437290112070468
ENSG00000060749,79832,QSER1,-0.0494462874178104
ENSG00000198743,6526,SLC5A3,-0.0301033443369521
ENSG00000124659,6903,TBCC,-0.0538381998038123
ENSG00000187079,7003,TEAD1,-0.0398415517058896
ENSG00000162702,23528,ZNF281,-0.0375872347627743
ENSG00000129116,23022,PALLD,0.043042105764561
ENSG00000080815,5663,PSEN1,-0.0248575458253101
ENSG00000091140,1738,DLD,-0.0275007583600692
ENSG00000117481,387338,NSUN4,0.0355803139960709
ENSG00000117859,114883,OSBPL9,0.0263646062145122
ENSG00000115524,23451,SF3B1,-0.0170449617103556
ENSG00000116698,9887,SMG7,0.0527928333394899
ENSG00000112773,55603,TENT5A,0.0533387705402779
ENSG00000173950,152002,XXYLT1,-0.0566957325166699
ENSG00000136942,11224,RPL35,-0.0073937538817251
ENSG00000120533,56943,ENY2,-0.0140007382403043
ENSG00000169519,196074,METTL15,0.0503481486931471
ENSG00000001084,2729,GCLC,0.0418775806130278
ENSG00000152952,5352,PLOD2,-0.0570416753796593
ENSG00000090263,51650,MRPS33,0.0145857494034204
ENSG00000164815,5001,ORC5,0.0412881399297791
ENSG00000143079,55917,CTTNBP2NL,0.0489713407608719
ENSG00000196235,6829,SUPT5H,-0.0491119601370237
ENSG00000105829,10282,BET1,-0.0267815069019575
ENSG00000148218,210,ALAD,0.0554817636457753
ENSG00000164118,80817,CEP44,0.0512810135086468
ENSG00000100558,26499,PLEK2,-0.0493083597686941
ENSG00000196268,284443,ZNF493,0.0492885620625743
ENSG00000130222,10912,GADD45G,0.0420894912897403
ENSG00000111615,11103,KRR1,0.0263422014701362
ENSG00000003509,55471,NDUFAF7,-0.0502027296982823
ENSG00000163002,129401,NUP35,0.0313252350968164
ENSG00000179981,10194,TSHZ1,-0.0540312262197306
ENSG00000149196,51501,HIKESHI,0.0198439645965784
ENSG00000134046,8932,MBD2,-0.0469964308783026
ENSG00000104960,53635,PTOV1,-0.0346056006478256
ENSG00000120158,10171,RCL1,-0.0499039127103274
ENSG00000178718,54913,RPP25,0.0521506487053516
ENSG00000168958,56947,MFF,0.0358778517849038
ENSG00000111266,80824,DUSP16,0.0364148015340323
ENSG00000107669,11101,ATE1,-0.0378242825637721
ENSG00000100393,2033,EP300,0.0416158123613983
ENSG00000073584,6605,SMARCE1,0.0194309968808147
ENSG00000165416,10910,SUGT1,-0.0220521615368988
ENSG00000119523,85365,ALG2,-0.0504419916720975
ENSG00000077232,54431,DNAJC10,0.0351584299692424
ENSG00000119650,112752,IFT43,-0.0264246629408238
ENSG00000184117,8508,NIPSNAP1,-0.0345126550504196
ENSG00000185187,59307,SIGIRR,-0.0602105224141231
ENSG00000106299,8976,WASL,-0.0331853783618348
ENSG00000198740,22834,ZNF652,-0.0318224085832967
ENSG00000143977,6637,SNRPG,0.0104726040491818
ENSG00000127481,23352,UBR4,0.0345476701253029
ENSG00000070010,7353,UFD1,0.022677010595711
ENSG00000011295,54902,TTC19,-0.0511125642113054
ENSG00000069956,5597,MAPK6,0.0410682081142773
ENSG00000108559,4927,NUP88,-0.049149298615919
ENSG00000072422,9886,RHOBTB1,-0.0504574051751719
ENSG00000240225,,ZNF542P,-0.0423166337290554
ENSG00000106638,26608,TBL2,0.051042011217591
ENSG00000165775,65991,FUNDC2,0.0114616564799714
ENSG00000170153,57484,RNF150,0.0558927904329741
ENSG00000083720,5019,OXCT1,-0.0510526935915835
ENSG00000006118,54972,TMEM132A,-0.047565013361006
ENSG00000068079,3430,IFI35,-0.040864511739976
,105371743,SNHG30,0.0551941121039949
ENSG00000242259,128977,C22orf39,0.0322347917498253
ENSG00000281500,2542,SLC37A4,0.0288831325901438
ENSG00000111906,51020,HDDC2,-0.0162430676090551
ENSG00000178695,115207,KCTD12,-0.0200440886499292
ENSG00000150991,7316,UBC,-0.0096974498745051
ENSG00000156110,132,ADK,0.0338323199439698
ENSG00000163947,50650,ARHGEF3,0.0392886707423674
ENSG00000187601,28986,MAGEH1,0.023523224342048
ENSG00000163558,5584,PRKCI,0.0342800748579526
ENSG00000146223,285855,RPL7L1,0.0231295077468175
ENSG00000116266,6814,STXBP3,0.0451813990272256
ENSG00000181704,286451,YIPF6,-0.0280984705754682
ENSG00000181915,84890,ADO,-0.0457694449599109
,100131564,CCDC18-AS1,0.0498028648082255
ENSG00000167220,84064,HDHD2,-0.0299529808139978
ENSG00000172340,8801,SUCLG2,-0.0347437930453171
ENSG00000129187,1635,DCTD,0.024945904930493
ENSG00000102531,22862,FNDC3A,-0.0260890335858935
ENSG00000144674,2803,GOLGA4,0.0425861887905038
ENSG00000116221,51253,MRPL37,-0.0289963835036091
ENSG00000132300,55037,PTCD3,-0.0233013301221985
ENSG00000163683,201895,SMIM14,-0.0231965184283519
ENSG00000140391,10099,TSPAN3,-0.0160825706116264
ENSG00000163374,55249,YY1AP1,0.0504973238930897
ENSG00000083844,9422,ZNF264,0.0436328814588219
ENSG00000267100,147727,ILF3-DT,-0.0350296436105194
ENSG00000162434,3716,JAK1,0.0360493643993307
ENSG00000166272,54838,WBP1L,0.0292510314804921
ENSG00000112208,9532,BAG2,-0.0288327601679329
ENSG00000205208,201725,C4orf46,0.0335864010979526
ENSG00000138604,26035,GLCE,-0.0346687567451319
ENSG00000101052,51098,IFT52,0.017639845928082
ENSG00000124160,57727,NCOA5,-0.0448177622279906
ENSG00000132334,5791,PTPRE,-0.0485179435856204
ENSG00000129071,8930,MBD4,-0.048072582678824
ENSG00000147548,54904,NSD3,-0.0320858546274276
ENSG00000105053,51231,VRK3,-0.0213277833899861
ENSG00000112992,23530,NNT,0.0363160457669912
ENSG00000151665,5281,PIGF,0.0265828816115381
ENSG00000109171,57606,SLAIN2,-0.0431459063189945
ENSG00000153071,1601,DAB2,0.0312729344773923
ENSG00000137267,7280,TUBB2A,-0.0479605691242336
ENSG00000198040,7637,ZNF84,0.0317424118949236
ENSG00000070718,10947,AP3M2,0.0379483289378427
ENSG00000164576,79685,SAP30L,0.0434030998936908
,440926,H3P6,-0.0390802523763894
ENSG00000196865,374354,NHLRC2,-0.0343752558978348
ENSG00000107863,57584,ARHGAP21,-0.0493215301741995
ENSG00000145555,4651,MYO10,0.0286547443969983
ENSG00000171865,246243,RNASEH1,0.0275408939087316
ENSG00000136478,55852,TEX2,-0.0515109515538497
ENSG00000166479,54495,TMX3,-0.0402170016443653
ENSG00000164494,57107,PDSS2,-0.043986925525339
ENSG00000197713,6120,RPE,0.0274853913043194
ENSG00000136450,6426,SRSF1,0.0235734999191114
ENSG00000139372,6996,TDG,-0.0539007797524923
ENSG00000115129,9540,TP53I3,0.04783925417353
ENSG00000065308,9697,TRAM2,0.0417698471623678
ENSG00000198492,51441,YTHDF2,-0.0182215116601587
ENSG00000151176,196463,PLBD2,0.0482161008522584
ENSG00000163631,213,ALB,0.5081451429277162
ENSG00000156675,80223,RAB11FIP1,-0.0319114594564739
ENSG00000115825,23683,PRKD3,0.038766523007242
ENSG00000100142,5435,POLR2F,-0.0131887816353435
ENSG00000166963,4130,MAP1A,0.0491268534689534
ENSG00000076003,4175,MCM6,0.0299235781687348
ENSG00000101247,79133,NDUFAF5,0.0418256187661165
ENSG00000103274,4682,NUBP1,0.0321914733180979
ENSG00000185129,5813,PURA,0.0304082950960613
ENSG00000143549,7170,TPM3,-0.0164474139833096
ENSG00000164252,55109,AGGF1,-0.0382008281697093
ENSG00000170955,112464,CAVIN3,-0.034374667554686
ENSG00000119929,51076,CUTC,-0.0256614614664738
ENSG00000134146,89978,DPH6,0.0332449310589786
ENSG00000151233,283464,GXYLT1,0.0424561021820676
ENSG00000118961,60526,LDAH,-0.0374291039244489
ENSG00000091436,51776,MAP3K20,-0.0291347834250667
ENSG00000101040,23613,ZMYND8,-0.0376260469556235
ENSG00000130159,51295,ECSIT,0.0370976784253181
ENSG00000134201,2949,GSTM5,0.0301271555186339
ENSG00000196911,3841,KPNA5,0.0318818876035216
ENSG00000160563,9442,MED27,0.0232862905788806
ENSG00000121769,2170,FABP3,0.0174650357718987
,,LOC646029,0.017458370757238
ENSG00000067141,4756,NEO1,0.039091264144641
ENSG00000011260,51096,UTP18,0.034567368575497
ENSG00000089022,8550,MAPKAPK5,-0.0444411333209946
ENSG00000075413,4140,MARK3,-0.0343571724923891
ENSG00000144827,55347,ABHD10,0.0240110381271614
ENSG00000148660,818,CAMK2G,0.0406170853308495
ENSG00000089916,55668,GPATCH2L,-0.028640507935269
ENSG00000116288,11315,PARK7,-0.0077352201587838
ENSG00000179988,118672,PSTK,-0.037775065031968
ENSG00000104899,268,AMH,0.0227655687005667
ENSG00000176915,23141,ANKLE2,0.0410947915844177
ENSG00000148935,2620,GAS2,0.0462200502634828
ENSG00000145012,4026,LPP,0.0299535138727642
ENSG00000132481,91107,TRIM47,-0.0468860878514773
ENSG00000138434,6744,ITPRID2,-0.0319932387009885
ENSG00000109917,8882,ZPR1,-0.0320177727225351
ENSG00000115419,2744,GLS,-0.0295795605625351
ENSG00000125945,80818,ZNF436,-0.0418703440791157
ENSG00000100129,51386,EIF3L,-0.0074213775165724
ENSG00000110079,51338,MS4A4A,0.0346175634214868
ENSG00000169715,4493,MT1E,-0.0452884770385476
ENSG00000291803,10038,PARP2,0.0355743976797814
ENSG00000128513,25913,POT1,-0.0353641491313794
ENSG00000198901,9055,PRC1,0.0327709914968273
ENSG00000125352,7737,RNF113A,0.0261147909021542
ENSG00000132718,23208,SYT11,0.0277748616892027
ENSG00000144043,113419,TEX261,-0.0391474515820546
ENSG00000067167,23471,TRAM1,0.0145917697407019
ENSG00000155096,51582,AZIN1,0.0124601243258061
ENSG00000179152,285343,TCAIM,-0.0283889571634954
ENSG00000179958,79077,DCTPP1,-0.0210925914773753
ENSG00000153006,285672,SREK1IP1,0.0111563080505999
ENSG00000197912,6687,SPG7,0.036185007383734
ENSG00000136197,79020,C7orf25,0.0278302160994824
ENSG00000163320,8545,CGGBP1,0.019306557577159
ENSG00000164087,25886,POC1A,-0.0383281513818799
ENSG00000175606,54968,TMEM70,0.0284010790577286
,,LINC00672,-0.0279396461538123
,,KRBOX1,-0.0208546446326577
ENSG00000132485,9406,ZRANB2,-0.0160829286255445
ENSG00000155561,23165,NUP205,-0.0379602909792888
ENSG00000160710,103,ADAR,0.0196482123570735
ENSG00000119844,54812,AFTPH,0.0362588067432495
ENSG00000053900,29945,ANAPC4,-0.0324596894584214
ENSG00000185829,51326,ARL17A,0.0418191779495099
ENSG00000162174,80150,ASRGL1,0.0309623457774751
ENSG00000115966,1386,ATF2,-0.0200088534177601
ENSG00000288368,29071,C1GALT1C1,0.0180805815790943
ENSG00000179021,285237,C3orf38,-0.0188578907284523
ENSG00000091972,4345,CD200,0.0234251882059517
ENSG00000283946,1140,CHRNB1,0.0393892409799825
ENSG00000172409,10978,CLP1,-0.01912509559096
ENSG00000164237,134147,CMBL,0.0326076541603569
ENSG00000162377,65260,COA7,0.0200725989508031
ENSG00000167193,1398,CRK,-0.0184705717488038
ENSG00000089737,57062,DDX24,0.0095875177030502
ENSG00000163879,7802,DNALI1,0.021567610253168
ENSG00000187840,1978,EIF4EBP1,-0.0217376802160699
ENSG00000169562,2705,GJB1,-0.025810053203627
ENSG00000215048,3115,HLA-DPB1,-0.036253371471858
ENSG00000269821,10984,KCNQ1OT1,0.0305187439868115
ENSG00000073614,5927,KDM5A,0.022268594917127
ENSG00000170759,3799,KIF5B,0.0139540926257095
,,LOC100506100,-0.0259404137230254
ENSG00000168904,123355,LRRC28,-0.0222157098003105
ENSG00000231502,57819,LSM2,0.0102325747117666
ENSG00000278545,220972,MARCHF8,-0.0393674520742764
ENSG00000140563,55784,MCTP2,-0.0325691540024204
ENSG00000165819,56339,METTL3,-0.0332804258678409
ENSG00000215386,388815,MIR99AHG,0.0218623039726811
ENSG00000137547,29088,MRPL15,-0.0216538347559238
ENSG00000122085,130916,MTERF4,-0.0179966546571348
ENSG00000164190,25836,NIPBL,-0.0259329353842892
ENSG00000168268,64943,NT5DC2,0.0284982804351636
ENSG00000124155,51604,PIGT,0.0195417915964851
ENSG00000147471,11212,PLPBP,-0.0298467089252839
ENSG00000078319,,PMS2P1,0.035705407892081
ENSG00000186184,51082,POLR1D,0.0147952537241575
ENSG00000137713,5519,PPP2R1B,0.0257822652341511
ENSG00000117592,9588,PRDX6,0.0055517937416308
ENSG00000170088,201931,TMEM192,0.0322853175902264
ENSG00000129696,80185,TTI2,-0.0308084950738246
ENSG00000143569,9898,UBAP2L,0.0192351687843935
ENSG00000262788,84916,UTP4,0.0204621652740029
ENSG00000186020,57711,ZNF529,0.029568999560254
ENSG00000277462,93474,ZNF670,-0.0378023616043417
ENSG00000182093,7485,GET1,0.0119060052457444
ENSG00000180992,64928,MRPL14,-0.0095184628101158
ENSG00000080189,51006,SLC35C2,0.0371502613217807
ENSG00000136160,1910,EDNRB,-0.0181511256072941
ENSG00000138802,10427,SEC24B,0.0312749812663731
ENSG00000162664,284695,ZNF326,-0.0311614584178483
ENSG00000175906,379,ARL4D,0.0382381487631691
ENSG00000163512,64343,AZI2,0.0250688272819519
ENSG00000152492,152137,CCDC50,-0.0264418113662619
ENSG00000109458,2549,GAB1,-0.0299467143224883
ENSG00000171988,221037,JMJD1C,-0.0242446538588295
ENSG00000100731,22990,PCNX1,0.025005853125259
ENSG00000117877,10849,POLR1G,-0.0368303042403358
ENSG00000127947,5782,PTPN12,0.0333760238358381
ENSG00000110315,50862,RNF141,-0.0152538977114015
ENSG00000197956,6277,S100A6,0.008558052675084
ENSG00000116209,9528,TMEM59,0.0096754570665361
ENSG00000048028,57646,USP28,0.0328974638504213
ENSG00000085449,57590,WDFY1,0.0233298296466598
ENSG00000114127,54464,XRN1,-0.0288791527244561
ENSG00000131037,54869,EPS8L1,-0.0275383264745259
ENSG00000121879,5290,PIK3CA,0.0306300384801345
ENSG00000182541,3985,LIMK2,-0.0325937635724844
ENSG00000157193,7804,LRP8,-0.0368934411156244
ENSG00000180530,8204,NRIP1,-0.0197976680017373
ENSG00000127990,8910,SGCE,-0.0258558528225433
ENSG00000079246,7520,XRCC5,0.0064625965135174
ENSG00000269293,100129195,ZSCAN16-AS1,0.0176466514752227
ENSG00000076108,11176,BAZ2A,0.0327490818219723
ENSG00000197584,10242,KCNMB2,0.0242541722649168
ENSG00000183864,10766,TOB2,-0.0315724707209476
ENSG00000115307,550,AUP1,0.0147836399974624
ENSG00000024862,25901,CCDC28A,-0.0297835965864793
ENSG00000108176,56521,DNAJC12,-0.0197611498949872
ENSG00000108590,51003,MED31,-0.012774317826896
ENSG00000161016,6132,RPL8,-0.0047660616966087
ENSG00000138613,83464,APH1B,-0.0145624952178088
ENSG00000123106,55297,CCDC91,0.029667234614321
ENSG00000137414,51439,FAM8A1,-0.0297209030957843
ENSG00000134265,8774,NAPG,0.0238497544699673
ENSG00000078618,4898,NRDC,0.0162246595105809
ENSG00000079215,6507,SLC1A3,-0.0260553797590305
ENSG00000123415,23583,SMUG1,0.0167876110734963
ENSG00000183579,84133,ZNRF3,-0.028387623410114
ENSG00000032742,8100,IFT88,-0.0258170483424519
ENSG00000183155,5877,RABIF,0.0213387207513712
ENSG00000177646,28976,ACAD9,-0.0307147917015647
ENSG00000136044,55198,APPL2,0.0252260428919064
ENSG00000166920,84419,C15orf48,0.0270042258205878
ENSG00000243701,344595,DUBR,0.0214496430436912
ENSG00000114738,7867,MAPKAPK3,0.0213058715455272
,100652772,NNT-AS1,0.0234586676416462
ENSG00000244462,10137,RBM12,-0.0201954689092919
ENSG00000092847,26523,AGO1,-0.0243613077477379
ENSG00000103187,23406,COTL1,-0.0237835069548323
ENSG00000196236,63929,XPNPEP3,0.0190480087959978
ENSG00000144455,285362,SUMF1,-0.027113572311352
ENSG00000107854,80351,TNKS2,-0.0283046595263059
ENSG00000160058,55108,BSDC1,0.0248533712257463
ENSG00000204852,79600,TCTN1,0.0258353122240914
ENSG00000101752,57534,MIB1,0.0214360785246962
ENSG00000158195,10163,WASF2,0.015344502738424
ENSG00000101473,10005,ACOT8,-0.0235741812801967
ENSG00000154781,51244,CCDC174,-0.0168364479285643
ENSG00000103145,54985,HCFC1R1,-0.0250740376000158
ENSG00000110435,8050,PDHX,0.0184089712906801
ENSG00000085662,231,AKR1B1,0.0094803909324113
ENSG00000136271,54606,DDX56,0.0245006593235361
ENSG00000168872,55308,DDX19A,0.0173063048986502
ENSG00000111912,135112,NCOA7,0.0206983253446712
ENSG00000153989,116150,NUS1,-0.022199504798145
ENSG00000124226,55905,RNF114,0.014320706837291
ENSG00000110108,79073,TMEM109,0.0204044072252158
ENSG00000189077,83862,TMEM120A,-0.0207946386261082
ENSG00000122779,8805,TRIM24,0.0205160568526827
ENSG00000129596,1036,CDO1,-0.0240472690080271
ENSG00000104872,55011,PIH1D1,-0.0157428965536388
ENSG00000126602,10131,TRAP1,0.0271484494368589
,,GBA,-0.0262783289004758
ENSG00000182004,6635,SNRPE,-0.004165181530223
ENSG00000187240,79659,DYNC2H1,0.0312214880079971
ENSG00000174156,2940,GSTA3,0.0137226962015594
ENSG00000225921,51406,NOL7,-0.0180247090590679
ENSG00000117691,29937,NENF,-0.0196516242193381
ENSG00000113522,10111,RAD50,-0.0183152802035694
ENSG00000100852,394,ARHGAP5,0.0139631064600011
,,C21orf62,0.0279334962098621
ENSG00000129255,9526,MPDU1,0.0254173645891656
ENSG00000124214,6780,STAU1,0.0166013113549852
ENSG00000160180,7033,TFF3,0.018286219698105
ENSG00000275619,84520,GON7,0.0214560681004941
ENSG00000162378,79699,ZYG11B,0.0147958571244824
ENSG00000088035,29929,ALG6,0.0235609212139868
ENSG00000232312,7918,GPANK1,0.0242933136773388
ENSG00000101335,10398,MYL9,-0.0200018870644415
ENSG00000145247,132299,OCIAD2,-0.0129164570693191
ENSG00000142875,5567,PRKACB,0.0182679427477871
ENSG00000111669,7167,TPI1,-0.0041423585019037
ENSG00000170035,10477,UBE2E3,-0.0104694497978857
ENSG00000015171,10771,ZMYND11,-0.0185275039724754
ENSG00000111530,55832,CAND1,-0.011079937566505
ENSG00000144711,9922,IQSEC1,0.0245564737299529
ENSG00000116885,127700,OSCP1,-0.0168044578675237
ENSG00000135956,55654,TMEM127,-0.0225448529278355
ENSG00000052841,55761,TTC17,-0.0197715037804111
ENSG00000277594,11056,DDX52,0.0117865244119705
ENSG00000118200,23271,CAMSAP2,-0.0174229339519067
ENSG00000112514,51596,CUTA,-0.006524100239122
ENSG00000081791,9812,DELE1,-0.0148694203291767
ENSG00000215251,60493,FASTKD5,0.0189191138923141
ENSG00000105793,85865,GTPBP10,0.0170543644499066
ENSG00000143889,92906,HNRNPLL,-0.0174098242635232
ENSG00000112078,222658,KCTD20,-0.0182435513307357
ENSG00000133026,4628,MYH10,-0.0245841520474336
ENSG00000131435,8572,PDLIM4,0.0201631377043957
ENSG00000005175,79657,RPAP3,-0.020693080566086
ENSG00000179918,22928,SEPHS2,-0.0187385595847986
ENSG00000108423,51174,TUBD1,0.0199309121577705
ENSG00000169021,7386,UQCRFS1,-0.009813631213881
ENSG00000140455,9960,USP3,0.0154230520844911
ENSG00000184575,11260,XPOT,0.0182720725748162
ENSG00000197238,8363,H4C11,-0.024367759844047
ENSG00000110429,26273,FBXO3,-0.0162161944609782
ENSG00000178502,55175,KLHL11,0.0161309670607042
ENSG00000102078,9016,SLC25A14,-0.0150672865455409
ENSG00000103342,2935,GSPT1,-0.0129194157023014
ENSG00000248487,25864,ABHD14A,0.0229453867699412
ENSG00000152990,166647,ADGRA3,0.0219827926244049
ENSG00000162688,178,AGL,-0.0166943398848986
ENSG00000166225,10818,FRS2,-0.0184635724823622
ENSG00000198265,9931,HELZ,0.01288523239242
ENSG00000143815,3930,LBR,0.0153213824939129
ENSG00000178802,4351,MPI,-0.0146103034624332
ENSG00000163605,151987,PPP4R2,-0.0128601898552832
ENSG00000183255,754,PTTG1IP,0.0087858801447433
ENSG00000152942,5884,RAD17,-0.0168842292907408
ENSG00000145425,6189,RPS3A,0.0043266473758973
ENSG00000163960,26043,UBXN7,-0.0175637709053502
ENSG00000184743,25923,ATL3,-0.0117011816088391
ENSG00000124356,10617,STAMBP,0.013055621945077
ENSG00000115652,80146,UXS1,0.0200967945622626
ENSG00000107779,657,BMPR1A,0.0159428745480018
ENSG00000164241,401207,C5orf63,0.0202010019547176
ENSG00000148498,56288,PARD3,0.0135379489280837
ENSG00000196214,90321,ZNF766,-0.0171410228562522
ENSG00000178999,9212,AURKB,-0.0148122023553054
ENSG00000141458,4864,NPC1,0.0205418840511486
ENSG00000145632,10769,PLK2,0.0154954204037341
ENSG00000214046,79086,SMIM7,-0.0058398773381512
ENSG00000064989,10203,CALCRL,0.0129677885005127
ENSG00000155545,166968,MIER3,0.0156815735427442
ENSG00000139613,6601,SMARCC2,0.0184150586831879
ENSG00000119777,54867,TMEM214,0.0181314670952085
ENSG00000116539,55870,ASH1L,0.0153144863129648
ENSG00000181938,64785,GINS3,-0.0163648316321859
ENSG00000141562,26502,NARF,-0.0132914758074168
ENSG00000163660,57018,CCNL1,-0.0188870994929816
ENSG00000158290,8450,CUL4B,0.0087068813416847
ENSG00000123992,23549,DNPEP,-0.0122035997316586
ENSG00000293460,147081,LINC02210,-0.0195951447711447
ENSG00000114054,5096,PCCB,0.0125884987670517
ENSG00000164414,10559,SLC35A1,-0.0130403991926171
ENSG00000185339,6948,TCN2,0.0215020316357333
ENSG00000157514,1831,TSC22D3,0.0103434492678398
ENSG00000158402,995,CDC25C,0.0222453189758602
ENSG00000173230,2804,GOLGB1,0.0160094275745619
ENSG00000000003,7105,TSPAN6,0.0049397268875966
ENSG00000119718,8892,EIF2B2,-0.0149885358130724
ENSG00000155621,138241,C9orf85,-0.0130237261415092
ENSG00000157404,3815,KIT,-0.0193495080307442
ENSG00000138398,9360,PPIG,-0.0071846995983509
ENSG00000205060,84912,SLC35B4,0.0116828319930173
ENSG00000183696,7378,UPP1,0.0196929671560283
ENSG00000143183,54499,TMCO1,0.0048329037772769
ENSG00000157350,6483,ST3GAL2,-0.0110757380320028
ENSG00000173875,163049,ZNF791,-0.01442026697987
ENSG00000154079,135154,SDHAF4,0.0123737157747243
ENSG00000118217,22926,ATF6,0.0091364679744437
ENSG00000275932,11072,DUSP14,-0.0117356701924828
ENSG00000149089,51074,APIP,-0.0107578705430608
ENSG00000198189,51170,HSD17B11,-0.0045484759157202
ENSG00000198420,9747,TCAF1,-0.0089496571104741
ENSG00000148672,2746,GLUD1,-0.0097934872696102
ENSG00000181804,285195,SLC9A9,-0.0143584057180509
ENSG00000132912,51164,DCTN4,-0.0072637851675363
ENSG00000105640,6142,RPL18A,0.0030791279984486
ENSG00000115355,55704,CCDC88A,0.0126273918645918
ENSG00000111790,26127,FGFR1OP2,-0.0100950521582724
ENSG00000224200,63943,FKBPL,0.0148600517489553
ENSG00000081019,54665,RSBN1,0.0082309608853857
ENSG00000160948,51160,VPS28,-0.0039905569042227
ENSG00000132471,23558,WBP2,-0.0171301834251757
ENSG00000144029,64969,MRPS5,0.0072893707315371
ENSG00000151353,129787,TMEM18,0.0045432268970218
ENSG00000189091,23450,SF3B3,0.0060681294984369
ENSG00000164323,57587,CFAP97,-0.011021149285482
ENSG00000113282,9685,CLINT1,-0.0140215322726279
ENSG00000154813,285381,DPH3,-0.0060895487774857
ENSG00000204138,65979,PHACTR4,0.0155018828148538
ENSG00000143499,56950,SMYD2,-0.0152456638847215
ENSG00000166452,56672,AKIP1,-0.012865501401279
ENSG00000124788,6310,ATXN1,0.0113945664469321
ENSG00000277222,55727,BTBD7,-0.0136967145748237
ENSG00000166444,6764,DENND2B,0.0095713087095297
ENSG00000011007,6924,ELOA,0.0148677856083892
ENSG00000112851,55914,ERBIN,0.0085165838518601
ENSG00000276291,,FRG1HP,0.0150122467037481
ENSG00000001036,2519,FUCA2,0.0115940736220138
ENSG00000176533,2788,GNG7,-0.0088368807891585
ENSG00000165943,64112,MOAP1,0.0161478450089552
ENSG00000162910,128308,MRPL55,-0.0095065563344419
ENSG00000242265,23089,PEG10,0.008935429849683
ENSG00000164751,5828,PEX2,0.0058104427915505
ENSG00000092621,26227,PHGDH,0.0076170477283341
ENSG00000243279,11230,PRAF2,-0.0106660704631085
ENSG00000003756,10181,RBM5,0.0066538717731813
ENSG00000138459,55032,SLC35A5,-0.0078226868067871
ENSG00000258484,246777,SPESP1,-0.0125193290626392
ENSG00000198911,6721,SREBF2,0.0143406397942172
ENSG00000182179,7318,UBA7,-0.01868838322683
ENSG00000162191,51035,UBXN1,-0.0082504821590089
ENSG00000109501,7466,WFS1,0.0128631269479396
ENSG00000047230,56474,CTPS2,-0.0139011996083497
ENSG00000246705,55766,H2AJ,0.0106352057912725
ENSG00000163166,55677,IWS1,0.0126107798610153
ENSG00000133935,11161,ERG28,-0.004116833571579
ENSG00000110344,9354,UBE4A,-0.0100170024533948
ENSG00000187955,7373,COL14A1,-0.0097911177690972
ENSG00000124802,9521,EEF1E1,-0.0049318356031094
ENSG00000168824,27065,NSG1,0.0118176695226557
ENSG00000069702,7049,TGFBR3,0.0085163055253527
ENSG00000171791,596,BCL2,-0.0115676231521485
ENSG00000095059,1725,DHPS,-0.0069893816455964
ENSG00000114784,10289,EIF1B,-0.0043611496561843
ENSG00000130726,10155,TRIM28,0.0083349061418927
ENSG00000243430,285830,HLA-F-AS1,0.0111984203674262
ENSG00000064102,55726,INTS13,-0.0101037422202916
ENSG00000064995,6882,TAF11,-0.0077697984569545
ENSG00000135775,22796,COG2,0.0071891226114179
ENSG00000185480,55010,PARPBP,0.0120173301796278
ENSG00000155906,55005,RMND1,-0.0069263446476113
ENSG00000121749,64786,TBC1D15,-0.0082234309154312
ENSG00000106333,5118,PCOLCE,0.0100640099348399
ENSG00000165092,216,ALDH1A1,-0.0030724209860778
ENSG00000164120,3248,HPGD,0.0084774103351582
ENSG00000086475,22929,SEPHS1,0.0088501643826133
ENSG00000130638,25814,ATXN10,0.0047983595004207
ENSG00000157895,64897,C12orf43,-0.0106913273028105
ENSG00000096746,3189,HNRNPH3,-0.003090578963263
ENSG00000073803,9175,MAP3K13,0.002710113658165
ENSG00000197702,55742,PARVA,0.0066901980918479
ENSG00000132646,5111,PCNA,-0.0033169227050279
ENSG00000276293,8396,PIP4K2B,-0.0069046238509216
ENSG00000127804,79066,METTL16,0.0099545535107959
ENSG00000197226,23061,TBC1D9B,-0.0106846338334923
ENSG00000109180,54940,OCIAD1,-0.0032778959668205
ENSG00000135245,29923,HILPDA,0.004277794065126
,,SMIM4,0.0060144676832385
ENSG00000173821,57674,RNF213,0.0069709794085383
ENSG00000214078,8904,CPNE1,-0.004579321710606
ENSG00000169359,9197,SLC33A1,-0.0084006911164171
ENSG00000159388,7832,BTG2,-0.0080103412403462
ENSG00000157540,1859,DYRK1A,0.0053626008904594
ENSG00000213995,55739,NAXD,0.0081742890909697
ENSG00000138078,9581,PREPL,-0.004732351293911
ENSG00000187713,94107,TMEM203,-0.0086700341877049
ENSG00000023516,11215,AKAP11,0.0064885878455116
ENSG00000142669,83442,SH3BGRL3,0.002772168818465
ENSG00000118007,10274,STAG1,0.0069973188464252
ENSG00000175567,7351,UCP2,-0.0059161533495711
ENSG00000064199,53340,SPA17,0.0077392992537309
ENSG00000111678,113246,C12orf57,-0.0022361909933362
ENSG00000183258,51428,DDX41,0.0056160397506672
ENSG00000165507,11067,DEPP1,0.0050449940864204
ENSG00000180611,151963,MB21D2,-0.0062813327818593
ENSG00000156273,571,BACH1,0.004931324776494
ENSG00000203963,400757,C1orf141,-0.0054097328738322
ENSG00000119912,3416,IDE,-0.0076433185607669
ENSG00000029364,55334,SLC39A9,-0.004345105481642
ENSG00000172586,118487,CHCHD1,-0.0019735451306997
ENSG00000165389,171546,SPTSSA,-0.0029408014968048
ENSG00000166848,54386,TERF2IP,-0.0047020460688834
ENSG00000117419,79033,ERI3,-0.0038693204441598
ENSG00000239713,60489,APOBEC3G,-0.0031531678140721
ENSG00000170860,27258,LSM3,0.0016726270190665
ENSG00000139977,122830,NAA30,0.0037947977481434
ENSG00000233564,80742,PRR3,0.0057348867176102
ENSG00000291730,83940,TATDN1,-0.0025604907381424
ENSG00000047410,7175,TPR,0.0047453756458467
ENSG00000062650,23063,WAPL,-0.0043028552006966
ENSG00000131051,9584,RBM39,-0.0024209988536276
ENSG00000135334,55122,AKIRIN2,0.0047432842679216
ENSG00000163832,54859,ELP6,0.0020156350141392
ENSG00000103415,3163,HMOX2,-0.0034454795183957
ENSG00000133110,10631,POSTN,-0.0023784037460948
ENSG00000143093,85369,STRIP1,-0.0052099118624727
ENSG00000120705,2107,ETF1,0.0028415352317129
ENSG00000134291,79022,TMEM106C,0.001399748088042
ENSG00000170876,79188,TMEM43,-0.0036343139735799
ENSG00000186162,152302,CIDECP1,-0.0051828002609581
ENSG00000149557,9638,FEZ1,0.0028518396756756
ENSG00000146247,55023,PHIP,0.0026846982655577
ENSG00000136247,55146,ZDHHC4,-0.0020428951166716
ENSG00000075914,23016,EXOSC7,-0.0015652365112293
ENSG00000138074,8884,SLC5A6,-0.0029422380231155
ENSG00000140025,90141,EFCAB11,-0.0040746289271459
ENSG00000184304,5587,PRKD1,0.003370453825699
ENSG00000129691,9070,ASH2L,0.0017285493036419
ENSG00000153132,1047,CLGN,-0.0038190608584058
ENSG00000157800,84255,SLC37A3,0.003859844516491
ENSG00000112130,9025,RNF8,-0.0030983696213786
ENSG00000082068,55100,WDR70,0.0025012217292485
ENSG00000162408,79707,NOL9,-0.0030421485307086
ENSG00000017427,3479,IGF1,-0.0019674629439716
ENSG00000123999,3623,INHA,-0.0011780047107232
ENSG00000173214,91749,MFSD4B,0.0026271757774549
ENSG00000013374,51667,NUB1,-0.0022991526096548
ENSG00000092203,9878,TOX4,0.00131980762383
ENSG00000147099,55869,HDAC8,0.0021167580538193
ENSG00000123130,23597,ACOT9,0.0010286761430583
ENSG00000010322,11188,NISCH,-0.0022265457879258
ENSG00000124006,23363,OBSL1,0.0016191629763974
ENSG00000115758,4953,ODC1,-0.0013696177572854
ENSG00000041802,55341,LSG1,-0.0017297650296639
ENSG00000147586,28957,MRPS28,0.0006900097816664
ENSG00000149231,79780,CCDC82,-0.0013027888416971
ENSG00000129810,151648,SGO1,0.0014968014598476
ENSG00000173273,8658,TNKS,-0.0011089074512198
ENSG00000226467,10554,AGPAT1,0.0006793925566058
ENSG00000001629,54467,ANKIB1,0.0008966222613394
ENSG00000165733,9790,BMS1,0.0009722727826485
ENSG00000143612,25912,C1orf43,-0.0003779099776078
ENSG00000175183,1466,CSRP2,0.0007410116023273
ENSG00000168310,3660,IRF2,-0.0006646374807112
ENSG00000060642,55650,PIGV,0.0006913439865825
ENSG00000224859,30834,POLR1H,0.0004244411901788
ENSG00000139531,6821,SUOX,-0.0010900317045063
ENSG00000162222,283237,TTC9C,-0.0004203496492162
ENSG00000134769,1837,DTNA,-0.0005237987772288
ENSG00000107186,8777,MPDZ,0.0004621495544775
ENSG00000142892,10026,PIGK,-0.0002548883790296
ENSG00000182606,22906,TRAK1,-0.0003491582072252
ENSG00000168282,4247,MGAT2,-0.0001851168049658
ENSG00000077684,79960,JADE1,-0.0001174129698062
ENSG00000135862,3915,LAMC1,-2.955886631048083e-06
ENSG00000115977,22848,AAK1,0.0091960460945487
ENSG00000205002,441376,AARD,-0.4672788707581021
ENSG00000008311,10157,AASS,0.5113734338076336
ENSG00000141338,10351,ABCA8,0.070566427860386
ENSG00000197150,11194,ABCB8,0.5493975932263704
ENSG00000103222,4363,ABCC1,0.0333900909121858
ENSG00000140798,94160,ABCC12,0.1879410497877141
ENSG00000125257,10257,ABCC4,-0.2121033800131654
ENSG00000101986,215,ABCD1,0.4721681958746372
ENSG00000160179,9619,ABCG1,-0.9313924581389164
ENSG00000106077,83451,ABHD11,-0.0161013228729735
ENSG00000100997,26090,ABHD12,0.070608327581165
ENSG00000114779,84836,ABHD14B,0.6783977833048661
ENSG00000107362,51104,ABHD17B,-0.330710776619987
ENSG00000140526,11057,ABHD2,-1.576552406725526
ENSG00000011198,51099,ABHD5,-0.0364411888943585
ENSG00000163686,57406,ABHD6,0.4225478977933498
ENSG00000154175,25890,ABI3BP,-0.1108917151569494
ENSG00000097007,25,ABL1,0.0819023667977202
ENSG00000281879,28,ABO,-0.230549137147649
ENSG00000278741,29,ABR,-0.3885997051645181
ENSG00000275176,31,ACACA,0.8214989231834315
ENSG00000151498,27034,ACAD8,0.0521119306718159
ENSG00000107897,91452,ACBD5,0.7319487314452592
ENSG00000176244,414149,ACBD7,-2.142731165943202
ENSG00000078124,55331,ACER3,-0.2464180146911972
ENSG00000100813,22985,ACIN1,-0.4125722041430684
ENSG00000144476,57007,ACKR3,-0.77300995248049
ENSG00000100412,50,ACO2,-0.3831100276464654
ENSG00000097021,11332,ACOT7,0.0407847452002223
ENSG00000168306,8309,ACOX2,0.0605982548897565
ENSG00000151726,2180,ACSL1,0.2687114570732797
ENSG00000166743,116285,ACSM1,0.0059980756345991
ENSG00000111058,79611,ACSS3,0.8987354194170358
ENSG00000072110,87,ACTN1,-1.1620080491496687
ENSG00000228857,101060091,ACTR3-AS1,0.080001719496041
ENSG00000115170,90,ACVR1,0.8111103836573084
ENSG00000135503,91,ACVR1B,0.4495448115723101
ENSG00000114739,93,ACVR2B,0.5248095331418937
ENSG00000196839,100,ADA,0.2012906533076818
ENSG00000148848,8038,ADAM12,0.3945610556179048
ENSG00000154734,9510,ADAMTS1,1.6387925471338616
ENSG00000087116,9509,ADAMTS2,0.1459365845907898
ENSG00000158859,9507,ADAMTS4,-0.5744868040628565
ENSG00000163638,56999,ADAMTS9,0.8199588644873474
ENSG00000189007,134637,ADAT2,-0.2553045826580454
ENSG00000063761,57143,ADCK1,-0.2696803439452554
ENSG00000133597,90956,ADCK2,0.347049470142675
ENSG00000078295,108,ADCY2,-0.1638079803456718
ENSG00000174233,112,ADCY6,0.3160556508271288
ENSG00000135298,577,ADGRB3,0.0535131323480872
ENSG00000069122,221395,ADGRF5,-0.7512162401656078
ENSG00000072071,22859,ADGRL1,-0.0151781897302176
ENSG00000159322,83440,ADPGK,0.1518214640220209
ENSG00000111863,84830,ADTRP,-0.9196410005708
ENSG00000106624,165,AEBP1,0.6538312242838689
ENSG00000157510,134265,AFAP1L1,0.5138334961684284
ENSG00000169129,84632,AFAP1L2,-0.8618124998265545
ENSG00000172493,4299,AFF1,0.1322688790108441
ENSG00000144218,3899,AFF3,-0.4899864317596714
ENSG00000081051,174,AFP,0.1527937672561606
ENSG00000133612,116988,AGAP3,-0.2040858622525777
ENSG00000084693,60509,AGBL5,-0.6885553251391204
ENSG00000106351,3268,AGFG2,0.1501200814239166
ENSG00000169692,10555,AGPAT2,-1.0825061158836482
ENSG00000160216,56894,AGPAT3,-0.0692315382165214
ENSG00000135049,23287,AGTPBP1,-0.0393383227506454
ENSG00000158467,23382,AHCYL2,-0.4950941817776756
ENSG00000126705,27245,AHDC1,-0.3602072315272041
ENSG00000106546,196,AHR,-0.3486572219055171
ENSG00000042286,84883,AIFM2,0.2094751404916851
ENSG00000129474,84962,AJUBA,0.0040239874830093
ENSG00000154027,26289,AK5,-0.1643945142389908
ENSG00000155085,221264,AK9,-0.9674375263748316
ENSG00000121057,8165,AKAP1,0.0949508545434503
ENSG00000105127,10270,AKAP8,-0.0806957443380334
ENSG00000198074,57016,AKR1B10,1.2659523210825916
ENSG00000053371,8574,AKR7A2,-0.7415106919742265
ENSG00000166971,64400,AKTIP,-0.0808475649448218
ENSG00000158578,212,ALAS2,0.632457501626943
ENSG00000112294,7915,ALDH5A1,-0.3005145628528886
ENSG00000100601,8846,ALKBH1,0.2184562039162575
ENSG00000166199,221120,ALKBH3,-0.5339053601595195
ENSG00000160993,54784,ALKBH4,-0.7843940998166686
ENSG00000116127,7840,ALMS1,-0.2628879704120357
ENSG00000136383,57538,ALPK3,0.5119741518480732
ENSG00000003393,57679,ALS2,0.4819969636586644
ENSG00000144233,83607,AMMECR1L,-0.2028143913359211
ENSG00000126016,154796,AMOT,0.246560515069162
ENSG00000114019,51421,AMOTL2,-0.6539197702491405
ENSG00000116337,271,AMPD2,0.5441645229340812
ENSG00000133805,272,AMPD3,1.1323293954042546
ENSG00000145020,275,AMT,1.176688941650852
ENSG00000153107,64682,ANAPC1,-0.2143894801741249
ENSG00000116194,9068,ANGPTL1,0.392698061692702
ENSG00000136859,23452,ANGPTL2,0.4672502926436757
ENSG00000167772,51129,ANGPTL4,-0.1506760908225148
ENSG00000145362,287,ANK2,-0.2129587172508209
ENSG00000151150,288,ANK3,-0.1471812921550092
ENSG00000164331,57763,ANKRA2,0.1001874425884231
ENSG00000180071,253650,ANKRD18A,0.5571227765985046
ENSG00000107890,22852,ANKRD26,-0.2801591728366553
ENSG00000137494,338699,ANKRD42,0.2912471878081936
ENSG00000065413,91526,ANKRD44,-1.120595506009705
ENSG00000064999,23294,ANKS1A,1.3720006030570824
ENSG00000168096,124401,ANKS3,-0.9102293999809444
ENSG00000011426,54443,ANLN,-0.5771817332925724
ENSG00000011201,3730,ANOS1,0.6567651346666326
ENSG00000136250,313,AOAH,-0.3762110378538878
ENSG00000148120,84909,AOPEP,0.1335252605504752
ENSG00000138660,55435,AP1AR,0.4244402957756776
ENSG00000100280,162,AP1B1,0.4900100626384091
ENSG00000065000,8943,AP3D1,-0.3148352008645323
ENSG00000134262,10717,AP4B1,0.3084847790954296
ENSG00000081014,23431,AP4E1,0.5216955878523843
ENSG00000221838,9179,AP4M1,0.4398984704463579
ENSG00000100478,11154,AP4S1,0.1471322560733732
ENSG00000011132,9546,APBA3,0.2573289254297169
ENSG00000166313,322,APBB1,-0.123772319184605
ENSG00000291128,342,APOC1P1,-0.1533176485001337
ENSG00000100336,80832,APOL4,0.2418541871092362
ENSG00000178878,81575,APOLD1,-0.2086233699174423
ENSG00000235754,55937,APOM,-0.2874128351643145
ENSG00000240583,358,AQP1,0.2943200739125885
ENSG00000165269,364,AQP7,0.4141657775698248
ENSG00000169083,367,AR,-0.5406662087819617
ENSG00000078061,369,ARAF,0.7103867705369972
ENSG00000101199,55738,ARFGAP1,-0.6262572528454682
ENSG00000124198,10564,ARFGEF2,-0.0700424617210596
ENSG00000101246,10139,ARFRP1,-0.2703861629938113
ENSG00000071205,79658,ARHGAP10,-0.2368762883376463
ENSG00000198826,9824,ARHGAP11A,-0.8756156480976127
ENSG00000140750,55114,ARHGAP17,-0.1431939271481458
ENSG00000213390,84986,ARHGAP19,0.2117349347590812
ENSG00000275832,57636,ARHGAP23,0.6178377236353229
ENSG00000163219,9938,ARHGAP25,0.7675686734368361
ENSG00000145819,23092,ARHGAP26,-0.2333630769525889
ENSG00000137962,9411,ARHGAP29,-0.6717756248377338
ENSG00000031081,57514,ARHGAP31,-0.4835795843916701
ENSG00000134909,9743,ARHGAP32,0.741679161500187
ENSG00000160007,2909,ARHGAP35,0.0403340554951156
ENSG00000165895,143872,ARHGAP42,0.5323381132669815
ENSG00000141522,396,ARHGDIA,-0.1405726550645336
ENSG00000110237,9828,ARHGEF17,0.372037210524852
ENSG00000116584,9181,ARHGEF2,0.1670724412621611
ENSG00000277101,26084,ARHGEF26,-0.1014749950059379
ENSG00000214694,100271715,ARHGEF33,-0.5898504025369137
ENSG00000165801,55701,ARHGEF40,0.3385120082115597
ENSG00000102606,8874,ARHGEF7,-0.0609379468561198
ENSG00000131089,23229,ARHGEF9,-0.3310606271545466
ENSG00000116017,1820,ARID3A,0.1034604497215016
ENSG00000175414,285598,ARL10,-0.289525167347012
ENSG00000169379,200894,ARL13B,-0.6801229841611489
ENSG00000275748,100506084,ARL17B,-0.1686025592358754
ENSG00000188042,10123,ARL4C,-0.8472308282507213
ENSG00000113966,84100,ARL6,-0.3501572440362984
ENSG00000196503,132946,ARL9,-0.4129864645958963
ENSG00000170632,83787,ARMC10,0.307029557801547
ENSG00000105676,93436,ARMC6,-0.4130554640091667
ENSG00000139971,145407,ARMH4,0.2487302893078816
ENSG00000242498,348110,ARPIN,-0.2415850688534623
ENSG00000141337,22901,ARSG,-0.1728862171534445
ENSG00000164291,153642,ARSK,-0.6841666205449924
ENSG00000173409,64801,ARV1,0.3794002609484831
ENSG00000004848,170302,ARX,-0.1324229768682834
ENSG00000065802,51665,ASB1,-0.1021940938572105
ENSG00000267080,339201,ASB16-AS1,-1.66872597166986
ENSG00000102048,140462,ASB9,-0.7438192361322488
ENSG00000288210,55723,ASF1B,-0.3471882141019037
ENSG00000169696,79058,ASPSCR1,-0.2650349695106321
ENSG00000141431,80816,ASXL3,-0.7146237967277965
ENSG00000176208,79915,ATAD5,-1.4305196861719964
ENSG00000162772,467,ATF3,0.1360847081166744
ENSG00000234539,1388,ATF6B,0.1457549120880046
ENSG00000126775,22863,ATG14,0.0076152836406182
ENSG00000281089,55054,ATG16L1,0.0959752279872399
ENSG00000066739,55102,ATG2B,-0.119153680333084
ENSG00000101844,115201,ATG4A,0.3363224635222671
ENSG00000119787,64225,ATL2,0.4086878452238832
ENSG00000145246,57205,ATP10D,-0.8840477722783814
ENSG00000068650,23250,ATP11A,0.0558347485657131
ENSG00000101974,286410,ATP11C,-0.4531442479627666
ENSG00000033627,535,ATP6V0A1,-0.1161949010845467
ENSG00000171130,155066,ATP6V0E2,0.3268308153766842
ENSG00000165240,538,ATP7A,0.0586743959685881
ENSG00000132932,51761,ATP8A2,0.0589505770321763
ENSG00000175054,545,ATR,0.467209246740676
ENSG00000107518,26033,ATRNL1,0.082484960524168
ENSG00000224470,342371,ATXN1L,0.1465077398747075
ENSG00000204842,6311,ATXN2,-0.3285173027827159
ENSG00000127423,79000,AUNIP,-0.4800061682806882
ENSG00000169857,57099,AVEN,0.015623603162351
ENSG00000105778,23080,AVL9,-0.0376085187286664
ENSG00000162630,8707,B3GALT2,0.8022439479382889
ENSG00000176022,126792,B3GALT6,-1.0402699867792844
ENSG00000149541,26229,B3GAT3,-0.3401821904767163
ENSG00000175711,146712,B3GNTL1,-0.2797031511732771
ENSG00000117411,8704,B4GALT2,-0.0400809273289757
ENSG00000121578,8702,B4GALT4,-0.0098846722777213
ENSG00000027847,11285,B4GALT7,-0.1412152739714117
ENSG00000123810,80776,B9D2,-1.2682611974322988
ENSG00000186318,23621,BACE1,0.1040918925749465
ENSG00000140320,22893,BAHD1,0.4227403184925297
ENSG00000175866,10458,BAIAP2,-0.4239132360701816
ENSG00000172530,54971,BANP,-0.2315888687901977
ENSG00000176788,10409,BASP1,-0.1309653996993093
ENSG00000087088,581,BAX,0.3481008548924086
ENSG00000179941,79738,BBS10,0.075658907511294
ENSG00000181004,166379,BBS12,0.427289185221557
ENSG00000122507,27241,BBS9,0.975942591780356
ENSG00000050820,9564,BCAR1,-0.0408254319623487
ENSG00000137936,8412,BCAR3,0.1604084480431601
ENSG00000083123,594,BCKDHB,0.4533862018392831
ENSG00000119866,53335,BCL11A,0.6222342981954848
ENSG00000126453,83596,BCL2L12,-0.2344756686706667
ENSG00000161940,255877,BCL6B,-0.4546281727354179
ENSG00000110987,605,BCL7A,-0.9040226753949622
ENSG00000106635,9275,BCL7B,0.2672199540744363
ENSG00000099385,9274,BCL7C,-0.3533225326108103
ENSG00000116128,607,BCL9,0.0628992913880657
ENSG00000173681,256643,BCLAF3,-0.5726482864839416
ENSG00000183337,54880,BCOR,-0.1976717459911595
ENSG00000085185,63035,BCORL1,-0.0079984515614646
ENSG00000186716,613,BCR,-0.041935313690801
ENSG00000274803,55814,BDP1,-0.5387025729978251
ENSG00000178409,57673,BEND3,-0.6418032863042374
ENSG00000132840,23743,BHMT2,0.8847228845828243
ENSG00000151746,636,BICD1,-0.1327170845170016
ENSG00000185963,23299,BICD2,-0.3957949242002986
ENSG00000112624,23506,BICRAL,-0.7073667805433177
ENSG00000136717,274,BIN1,-0.2056181895550736
ENSG00000134897,54841,BIVM,-0.3473763284385704
ENSG00000197299,641,BLM,-0.5779946610937963
ENSG00000278823,89927,BMERB1,0.5167370765308152
ENSG00000168487,649,BMP1,0.2325298892103839
ENSG00000276500,,BMS1P14,0.0510097304653111
,96610,BMS1P20,-0.2775161941442413
ENSG00000178096,51027,BOLA1,-0.2418236973048569
,,BOLA3-AS1,0.1691917458231052
ENSG00000261236,23246,BOP1,-0.4499017337286044
ENSG00000280689,118426,BORCS5,0.3284987400763711
ENSG00000162813,10380,BPNT1,-0.3371114745704761
ENSG00000089234,8315,BRAP,0.6195679749649863
ENSG00000106009,221927,BRAT1,0.167626651083742
ENSG00000012048,672,BRCA1,0.5819673680710363
ENSG00000185515,79184,BRCC3,-0.3532756146431312
ENSG00000100425,23774,BRD1,-0.5513832101431767
ENSG00000235106,266655,BRD3OS,0.4145057663129241
ENSG00000184992,140707,BRI3BP,0.4539238286929543
ENSG00000174744,25855,BRMS1,0.007822947706392
ENSG00000156983,7862,BRPF1,-0.3574826489674322
ENSG00000095564,9044,BTAF1,0.800930683584424
ENSG00000064726,53339,BTBD1,-0.1416451170657975
ENSG00000189195,284697,BTBD8,0.4706392403924873
ENSG00000292170,11120,BTN2A1,-0.7176167604065802
ENSG00000156970,701,BUB1B,-0.7206946274957098
ENSG00000112578,705,BYSL,0.4903124179655679
,,C10orf82,-0.1839920230129563
ENSG00000119965,80007,C10orf88,0.1603385010967215
ENSG00000171067,53838,C11orf24,1.0801871372951146
ENSG00000187479,387763,C11orf96,0.2432625260417314
ENSG00000174456,400073,C12orf76,0.178656192509739
ENSG00000100802,60686,C14orf93,0.6246914732792662
ENSG00000167173,56905,C15orf39,-0.1056902591050805
ENSG00000267221,110806298,C17orf113,-1.4380180681164154
ENSG00000186665,284018,C17orf58,0.1947973963404276
,,C18orf25,-0.000221384846007
,,C19orf54,-0.3847310446336443
ENSG00000106392,56913,C1GALT1,0.2742595523221529
ENSG00000159189,714,C1QC,-0.1764244463847449
ENSG00000133466,114904,C1QTNF6,-0.062601767022463
,,C1orf109,0.1246724208963509
,,C1orf112,0.8192018121592162
ENSG00000143443,54964,C1orf56,-1.11965288716998
ENSG00000162757,148304,C1orf74,-0.7505873272343577
,,C20orf194,0.5238005871843961
,,C20orf27,-0.3500112698655687
ENSG00000157617,25966,C2CD2,0.0048082760333326
ENSG00000273045,150590,C2orf15,0.0758690001261789
ENSG00000115998,54980,C2orf42,0.4528110168756416
ENSG00000088543,51161,C3orf18,0.0021859920800798
ENSG00000188315,375341,C3orf62,-0.5666225119152879
ENSG00000151470,132321,C4orf33,-0.6416159339759494
,,C4orf48,0.2651855063694667
ENSG00000188112,647024,C6orf132,-0.5257652057057237
ENSG00000221821,441150,C6orf226,0.2067729855278385
ENSG00000226103,57827,C6orf47,-1.3915164183055349
,,C9orf64,-0.3640010420351287
ENSG00000063180,770,CA11,-0.1520427158947534
ENSG00000102547,81617,CAB39L,0.0799185793502951
ENSG00000154040,26256,CABYR,0.2128964149906964
ENSG00000160325,11094,CACFD1,-0.224010732440357
ENSG00000153956,781,CACNA2D1,0.6794064986353915
ENSG00000157445,55799,CACNA2D3,-0.3179554876652415
ENSG00000165995,783,CACNB2,-1.2543987069785731
ENSG00000167535,784,CACNB3,0.26529029258311
ENSG00000084774,790,CAD,0.7875520919433407
ENSG00000081803,93664,CADPS2,0.6773662964410505
ENSG00000138172,51063,CALHM2,-0.1907640931394907
ENSG00000134072,8536,CAMK1,-0.7800152963128008
ENSG00000058404,816,CAMK2B,0.1516537331732768
ENSG00000152495,814,CAMK4,-0.5720522430278735
ENSG00000130559,157922,CAMSAP1,0.6457771148495534
ENSG00000014216,823,CAPN1,-0.1785038191608596
ENSG00000149260,726,CAPN5,0.5922990049503621
ENSG00000110888,65981,CAPRIN2,0.3362243714805268
ENSG00000100065,29775,CARD10,0.5469675594294976
ENSG00000165233,84270,CARD19,-0.655505415756886
ENSG00000138380,79800,CARF,-0.0124242309973046
ENSG00000134905,79587,CARS2,0.3097641123597571
ENSG00000127995,64921,CASD1,-0.0060213980425139
ENSG00000137752,834,CASP1,0.0165550858722286
ENSG00000003400,843,CASP10,-1.2474789128886208
ENSG00000164305,836,CASP3,0.0906589657384203
ENSG00000291984,,CASP4LP,-0.0112912795062251
ENSG00000132906,842,CASP9,0.4582581162494875
ENSG00000288293,54862,CC2D1A,0.0523251066652986
ENSG00000183287,147372,CCBE1,0.8831974105781484
ENSG00000159884,203260,CCDC107,-0.5828677644397914
ENSG00000164221,153733,CCDC112,-0.4218319659468866
ENSG00000151773,160857,CCDC122,-1.6878730363420784
ENSG00000163006,165055,CCDC138,-0.9156282874347887
ENSG00000164989,203238,CCDC171,0.1968044317757541
ENSG00000117477,57821,CCDC181,-0.1990594710673801
ENSG00000101997,28952,CCDC22,-0.3879977742499729
ENSG00000151468,83643,CCDC3,0.2082828789691066
ENSG00000180376,285331,CCDC66,0.2311698626675075
ENSG00000186714,493860,CCDC73,0.5364978836144061
ENSG00000163040,90557,CCDC74A,0.335474752240381
ENSG00000120647,84318,CCDC77,-0.4003442055719981
ENSG00000091986,151887,CCDC80,0.9649015976751508
ENSG00000175602,11007,CCDC85B,-0.8125728444837753
ENSG00000110104,79080,CCDC86,-0.4003706232509879
ENSG00000119242,80212,CCDC92,0.2364304105264198
ENSG00000125633,54520,CCDC93,0.7112256830649646
ENSG00000142039,90324,CCDC97,0.4292637126380461
ENSG00000172724,6363,CCL19,-0.3895349379216687
ENSG00000137077,6366,CCL21,0.0016559250921528
ENSG00000102962,6367,CCL22,0.2377733020473568
ENSG00000106178,6369,CCL24,-0.8729662618989465
ENSG00000277943,6351,CCL4,-0.7822697422793338
ENSG00000136280,83605,CCM2,-0.4512789598304437
ENSG00000118523,1490,CCN2,-0.3104501651924588
ENSG00000145386,890,CCNA2,0.2783949420479655
ENSG00000090061,8812,CCNK,0.4613402328349456
,100129961,CCNT2-AS1,0.1637705113553209
ENSG00000103540,9738,CCP110,0.0490847510135346
ENSG00000260916,9236,CCPG1,0.4520509929849854
ENSG00000163823,1230,CCR1,0.0822770164185714
ENSG00000132141,10693,CCT6B,0.1566053102768468
,389538,CCZ1P-OR7E38P,-0.4649554641033436
ENSG00000156535,135228,CD109,0.249119515866846
ENSG00000177575,9332,CD163,0.312435683303675
ENSG00000177675,283316,CD163L1,-0.5473566929734129
ENSG00000090659,30835,CD209,0.5830589868193589
ENSG00000012124,933,CD22,0.3588729157388173
ENSG00000103855,80381,CD276,0.0998545019818182
ENSG00000167851,11314,CD300A,-0.0718107080437149
ENSG00000104894,951,CD37,0.9852262181665116
ENSG00000004468,952,CD38,-0.2539690804682159
ENSG00000026508,960,CD44,0.3186207557072692
ENSG00000117091,962,CD48,0.3392309415839522
ENSG00000116815,965,CD58,-0.3353597820767802
ENSG00000085117,3732,CD82,0.1141151236553721
ENSG00000102181,83692,CD99L2,-0.1340735711223242
ENSG00000158825,978,CDA,-0.3866599486077546
ENSG00000081377,8555,CDC14B,0.2118008135798143
ENSG00000101224,994,CDC25B,-0.2164849707599176
ENSG00000099804,997,CDC34,-0.0927682261959523
ENSG00000106993,55664,CDC37L1,0.1673732185949545
ENSG00000143776,8476,CDC42BPA,0.1219641245680033
ENSG00000128283,11135,CDC42EP1,-0.1186336220003654
ENSG00000197622,56882,CDC42SE1,-0.2325609000836063
ENSG00000184661,157313,CDCA2,-1.07222956428614
ENSG00000111665,83461,CDCA3,-0.1891352092932186
ENSG00000163814,64866,CDCP1,0.0186713843844815
ENSG00000062038,1001,CDH3,0.3935402182676358
ENSG00000179776,1003,CDH5,-0.1280842817489591
ENSG00000113361,1004,CDH6,-0.1539779913755435
ENSG00000081138,1005,CDH7,-0.6038676446960898
ENSG00000186073,84529,CDIN1,0.0868174014331272
ENSG00000089486,29965,CDIP1,0.1251165911135885
ENSG00000185324,8558,CDK10,-0.8713382432466236
ENSG00000008128,728642,CDK11A,0.4183718665813619
ENSG00000248333,984,CDK11B,0.4076443996248812
ENSG00000167258,51755,CDK12,-0.1130860994499814
ENSG00000102225,5127,CDK16,0.3471293866356628
ENSG00000164885,1020,CDK5,-0.7653012210959715
ENSG00000132964,1024,CDK8,-0.2137974483549828
ENSG00000136807,1025,CDK9,0.3166580120541353
ENSG00000006837,51265,CDKL3,0.7069596457289389
ENSG00000008086,6792,CDKL5,0.2950472989969289
ENSG00000168564,55602,CDKN2AIP,-0.1201092489273646
ENSG00000064309,50937,CDON,-0.3151812823640082
,1038,CDR1,-1.2251316078680032
ENSG00000140743,1039,CDR2,1.472082439798497
ENSG00000163624,1040,CDS1,0.818998507534411
ENSG00000153046,9425,CDYL,0.0930769213140258
ENSG00000166446,124359,CDYL2,-0.1181720839822477
ENSG00000172216,1051,CEBPB,1.2814300322268752
ENSG00000153879,1054,CEBPG,0.6442893185135409
ENSG00000099954,27443,CECR2,-0.4612512393403301
,,CENPBD1,-0.1241448783780655
ENSG00000138778,1062,CENPE,-0.4687471620252874
ENSG00000151849,55835,CENPJ,-0.1724165938498849
ENSG00000166582,201161,CENPV,0.422119100893136
ENSG00000116198,9731,CEP104,-0.8231570298482147
ENSG00000168944,153241,CEP120,-0.4040279330552032
ENSG00000110318,57562,CEP126,-0.4881508378480612
ENSG00000141577,22994,CEP131,0.0537718116233151
ENSG00000174799,9662,CEP135,-0.2970414837098962
ENSG00000110274,22897,CEP164,-0.1887743468796973
ENSG00000174007,84984,CEP19,0.2534161660971507
ENSG00000166004,85459,CEP295,0.1144804026666975
ENSG00000011523,23177,CEP68,-0.0137108465712987
ENSG00000148019,84131,CEP78,0.2070207115092906
ENSG00000167123,51148,CERCAM,-0.8336080298204513
ENSG00000223802,10715,CERS1,0.6856620390714342
ENSG00000143418,29956,CERS2,0.3671206769200144
ENSG00000087237,1071,CETP,-0.3151636025358303
ENSG00000159079,56683,CFAP298,-0.2275701733615477
ENSG00000160226,755,CFAP410,0.3713322139731613
ENSG00000243570,629,CFB,-0.0245181391134145
ENSG00000244414,3078,CFHR1,1.7935699079959968
,,CH17-340M24.3,-0.1247934081528714
ENSG00000128965,79094,CHAC1,1.938151901887112
ENSG00000143942,494143,CHAC2,0.3403838168840324
ENSG00000273607,400916,CHCHD10,-0.1290635741332657
ENSG00000170004,1107,CHD3,1.3751556231278563
ENSG00000016391,55349,CHDH,0.2066985074814947
ENSG00000133063,1118,CHIT1,0.872354393705068
ENSG00000110721,1119,CHKA,0.5247691109548487
ENSG00000100288,1120,CHKB,-0.3079214850664905
ENSG00000164695,92421,CHMP4C,-0.1259420602712405
ENSG00000147457,91782,CHMP7,0.1481080125842322
ENSG00000106069,1124,CHN2,0.0192440392126664
ENSG00000133019,1131,CHRM3,0.2854388238402567
ENSG00000147434,8973,CHRNA6,0.3471929658505224
ENSG00000223960,101927027,CHROMR,-0.1339185449681175
ENSG00000115526,9486,CHST10,-0.2167051043858514
ENSG00000171310,50515,CHST11,-0.6991396008387387
ENSG00000136213,55501,CHST12,-0.8260182696044537
ENSG00000169105,113189,CHST14,0.1276045937703202
ENSG00000182022,51363,CHST15,0.1652890085848881
ENSG00000079432,23152,CIC,-0.1093919420818895
ENSG00000163507,57650,CIP2A,-0.9014329450367908
ENSG00000274768,284106,CISD3,-0.1785521840701892
ENSG00000122966,11113,CIT,-0.6829819393010589
ENSG00000169607,150468,CKAP2L,-1.287149632249469
ENSG00000104879,1158,CKM,-0.872286261097945
ENSG00000247572,100131067,CKMT2-AS1,-0.7018648126029029
ENSG00000121940,23155,CLCC1,-0.8790989566083679
ENSG00000073464,1183,CLCN4,-0.4402019387392848
ENSG00000069493,29121,CLEC2D,0.3876668609150204
ENSG00000236279,154790,CLEC2L,-0.7510122976863924
ENSG00000162994,130162,CLHC1,-0.7971055146734958
ENSG00000130779,6249,CLIP1,1.0254125431147445
ENSG00000105270,25999,CLIP3,-0.2412028656177346
ENSG00000115295,79745,CLIP4,0.2374280136627581
ENSG00000176444,1196,CLK2,0.3342257813041599
ENSG00000179335,1198,CLK3,-0.4242051585827005
ENSG00000113240,57396,CLK4,0.656802386885286
ENSG00000166250,79827,CLMP,0.6002966708085552
ENSG00000278220,2055,CLN8,0.6144048041005435
ENSG00000104853,1209,CLPTM1,0.1831477765763996
ENSG00000147003,57393,CLTRN,-0.1078667777511131
ENSG00000134326,129607,CMPK2,0.4288799710220242
ENSG00000183723,146223,CMTM4,-0.0105906568219227
ENSG00000164309,202333,CMYA5,0.3329681094892088
ENSG00000153721,154043,CNKSR3,-1.008418466955847
ENSG00000148842,54805,CNNM2,0.6691947063768714
ENSG00000122756,1271,CNTFR,-0.3607096668103917
ENSG00000144619,152330,CNTN4,0.3075030296696473
ENSG00000174469,26047,CNTNAP2,-0.2335974229652718
ENSG00000119397,11064,CNTRL,-0.5134819139942713
ENSG00000170037,116840,CNTROB,-0.7832030644607836
ENSG00000100473,1690,COCH,-0.1422482300498516
ENSG00000166685,9382,COG1,-0.0191120106188992
ENSG00000136152,83548,COG3,0.7470504672602093
ENSG00000133103,57511,COG6,-0.2778419672491763
ENSG00000168434,91949,COG7,0.1432803722840538
ENSG00000060718,1301,COL11A1,-0.0474116133277946
ENSG00000084636,1307,COL16A1,0.0018370270262301
ENSG00000292234,80781,COL18A1,-0.0179021002776258
ENSG00000124749,81578,COL21A1,-0.0458038963580856
ENSG00000188153,1287,COL4A5,-0.2113398657471299
ENSG00000049089,1298,COL9A2,0.2185082310423556
ENSG00000092758,1299,COL9A3,-0.2457056822367968
ENSG00000198756,23127,COLGALT2,0.7348985627365086
ENSG00000144524,64708,COPS7B,0.1145880139445967
ENSG00000163050,56997,COQ8A,-0.0951367964022359
ENSG00000172725,57175,CORO1B,-0.1480221734100952
ENSG00000262246,79585,CORO7,-0.4556144470210657
ENSG00000006695,1352,COX10,-0.7747613756278793
ENSG00000163626,285521,COX18,0.383993133740111
ENSG00000240230,90639,COX19,0.2300820853118111
ENSG00000137449,132864,CPEB2,-0.1738820859565855
ENSG00000107864,22849,CPEB3,-0.0921649824761296
ENSG00000197603,65250,CPLANE1,-0.212315260280984
ENSG00000124772,57699,CPNE5,-0.0769548347153875
ENSG00000021826,1373,CPS1,-0.4363409038516447
ENSG00000285049,29894,CPSF1,-0.3156359874204626
ENSG00000149532,79869,CPSF7,0.489756781608457
ENSG00000169169,126129,CPT1C,-0.0463801432153178
ENSG00000157184,1376,CPT2,-0.129315749436291
ENSG00000095321,1384,CRAT,-0.1230857859441838
ENSG00000146592,9586,CREB5,0.5869634069029902
ENSG00000137504,58487,CREBZF,-0.6204296785795526
ENSG00000213145,1396,CRIP1,-0.1886680311976382
ENSG00000176390,51379,CRLF3,0.2055108007190662
ENSG00000072832,1400,CRMP1,0.7036873366511301
ENSG00000005469,54677,CROT,-0.0323990071345428
ENSG00000008405,1407,CRY1,0.3188088445355838
ENSG00000244752,1415,CRYBB2,-0.3222378213640763
ENSG00000100058,1416,CRYBB2P1,-0.1393187173420283
ENSG00000172346,27254,CSDC2,-0.7733511551831131
ENSG00000182578,1436,CSF1R,-0.3581662682448017
ENSG00000147408,55790,CSGALNACT1,-0.2386479590982987
ENSG00000103653,1445,CSK,-0.176859305581829
ENSG00000104218,79848,CSPP1,-0.3234070640465916
ENSG00000110925,81566,CSRNP2,0.5443296521626326
ENSG00000101435,128821,CST9L,0.323078059177812
ENSG00000121552,1475,CSTA,-0.0110954614073946
ENSG00000117151,1486,CTBS,-0.2090878510806089
ENSG00000116761,1491,CTH,0.1629942587439517
ENSG00000066032,1496,CTNNA2,0.7942655841636992
ENSG00000040531,1497,CTNS,0.3701338760527987
ENSG00000141086,1506,CTRL,-0.1151500083696454
ENSG00000174080,8722,CTSF,0.0349753119213234
ENSG00000103811,1512,CTSH,-0.1642479259244918
ENSG00000256043,1519,CTSO,0.4076207173006742
ENSG00000169248,6373,CXCL11,-0.3073163562521272
ENSG00000168772,80319,CXXC4,-0.3608715453825529
ENSG00000185753,159013,CXorf38,0.1370044961791727
ENSG00000161544,114757,CYGB,-0.8565233040338083
,,CYHR1,-0.4803489380738157
ENSG00000083799,1540,CYLD,1.004788673953296
ENSG00000146233,51302,CYP39A1,-0.6585200604340185
ENSG00000145476,285440,CYP4V2,-0.3662447784367548
ENSG00000008256,9265,CYTH3,0.8957364312841528
ENSG00000170891,54360,CYTL1,-0.3309966751755603
ENSG00000165617,51339,DACT1,0.1777237098307665
ENSG00000178149,55152,DALRD3,-0.417647496787817
ENSG00000196730,1612,DAPK1,0.4040278054147529
ENSG00000163331,92196,DAPL1,-0.7550814780715268
ENSG00000092345,1618,DAZL,-0.0624636891502036
ENSG00000113758,1627,DBN1,-0.8929220760308738
ENSG00000105516,1628,DBP,-0.0491340279618407
ENSG00000138231,51163,DBR1,0.6790537962095691
ENSG00000145041,9730,DCAF1,0.6780567845262555
ENSG00000115827,80067,DCAF17,-0.1481168950030334
ENSG00000119599,26094,DCAF4,-0.0435681145399804
ENSG00000176566,138009,DCAF4L2,0.473212826476429
ENSG00000189186,347442,DCAF8L2,0.4042913092874128
ENSG00000166341,8642,DCHS1,-0.7425158288556503
ENSG00000156136,1633,DCK,0.0631555929054242
ENSG00000284850,196513,DCP1B,-0.3285109214625785
ENSG00000164935,81501,DCSTAMP,0.5240522180470288
ENSG00000188215,123879,DCUN1D3,-0.9083689860141272
ENSG00000130311,79016,DDA1,-0.2491221782791851
ENSG00000134574,1643,DDB2,-0.3750306674648109
ENSG00000100523,80821,DDHD1,0.3482712842309176
ENSG00000085788,23259,DDHD2,0.5473052198561583
ENSG00000197312,84301,DDI2,-0.6298710087381882
ENSG00000064703,11218,DDX20,-0.3939436196201857
ENSG00000182810,55794,DDX28,-0.2008025441256601
ENSG00000152670,54514,DDX4,0.4119118742678499
ENSG00000105671,54555,DDX49,-0.5772470017134922
ENSG00000123064,79039,DDX54,-0.4959917237157253
ENSG00000111364,57696,DDX55,-0.3499024499990548
,,DDX58,0.164281399492993
ENSG00000181381,91351,DDX60L,0.9159691490111752
ENSG00000160570,162989,DEDD2,0.2701968248638992
ENSG00000180483,245932,DEFB119,0.2602819938603805
ENSG00000257093,57189,DENND11,-0.3471091123380895
ENSG00000174485,10260,DENND4A,-0.6612700858341676
ENSG00000198837,9909,DENND4B,-0.1577116359883701
ENSG00000024526,55635,DEPDC1,-0.7591898655217664
ENSG00000100150,9681,DEPDC5,-1.0280620395974007
ENSG00000140543,55070,DET1,0.0975093710422729
ENSG00000285482,8694,DGAT1,0.7192685283440708
ENSG00000070413,9993,DGCR2,0.0457239829706315
ENSG00000065357,1606,DGKA,-0.4036754631111531
ENSG00000077044,8527,DGKD,0.4747979939475413
ENSG00000102780,160851,DGKH,-0.4696587391014667
ENSG00000139549,50846,DHH,0.0996523280130465
ENSG00000102796,79758,DHRS12,-0.1970391030512603
ENSG00000157326,10901,DHRS4,-0.5121897391730613
ENSG00000285282,55449,DHRS4-AS1,-0.1391296079487045
ENSG00000233049,8449,DHX16,0.4286508280055458
ENSG00000089876,55760,DHX32,0.3602146988170214
ENSG00000101452,60625,DHX35,0.5194847301247246
ENSG00000163214,90957,DHX57,-0.8527670238624055
ENSG00000160305,23181,DIP2A,-0.4213540798037699
ENSG00000165716,138311,DIPK1B,-0.7253294214379011
ENSG00000144535,129563,DIS3L2,-0.3222991419657906
ENSG00000150764,85458,DIXDC1,0.8002626196391401
,649446,DLGAP1-AS1,0.3001726754756935
,84777,DLGAP1-AS2,0.0550206527194206
ENSG00000080845,22839,DLGAP4,-0.3657125929529635
ENSG00000128917,54567,DLL4,-0.9905860390992978
ENSG00000178028,55929,DMAP1,0.0810570981768662
ENSG00000135164,9988,DMTF1,-0.3900830493291594
ENSG00000165506,55172,DNAAF2,0.0204265518654176
ENSG00000185842,127602,DNAH14,0.3301658672259461
ENSG00000135924,3300,DNAJB2,-0.3226663524169295
ENSG00000105821,27000,DNAJC2,0.154925203118957
ENSG00000170946,120526,DNAJC24,-0.1418358688034898
ENSG00000176410,84277,DNAJC30,0.290625005402609
ENSG00000101152,80331,DNAJC5,0.5240497833761858
ENSG00000236756,414245,DNAJC9-AS1,0.2193776709988679
ENSG00000105612,1777,DNASE2,0.0375047859509161
ENSG00000079805,1785,DNM2,-0.962363253709022
ENSG00000107554,23268,DNMBP,-0.3024941962208322
ENSG00000150760,1793,DOCK1,0.0052504184225547
ENSG00000088387,23348,DOCK9,0.1139782423634487
ENSG00000101134,55816,DOK5,0.7357065366681032
ENSG00000167130,57171,DOLPP1,-0.3892763837307384
ENSG00000205683,8110,DPF3,0.2084398402202923
ENSG00000132768,1802,DPH2,-0.16095796022553
ENSG00000163530,151871,DPPA2,0.0708723178609622
ENSG00000203909,340168,DPPA5,-0.2200095582280133
ENSG00000173852,23333,DPY19L1,0.6531272670664813
ENSG00000188641,1806,DPYD,-0.0553520080775603
ENSG00000175550,10589,DRAP1,-0.4613339295351149
ENSG00000290712,171220,DSTNP2,-0.5799362969417373
ENSG00000129480,112487,DTD2,-0.257607148344697
ENSG00000110042,23220,DTX4,-0.2840645688802056
ENSG00000167264,54920,DUS2,-0.4693873152907877
ENSG00000120129,1843,DUSP1,0.7617748645944744
ENSG00000143507,11221,DUSP10,-0.6890588197543341
ENSG00000081721,11266,DUSP12,-0.3724348096406438
ENSG00000162999,142679,DUSP19,-0.9941490952497342
ENSG00000139318,1848,DUSP6,-0.7581582717254646
ENSG00000164086,1849,DUSP7,0.5941059489832509
ENSG00000107404,1855,DVL1,-0.1129840756355937
ENSG00000004975,1856,DVL2,0.0732169669867167
ENSG00000126870,55112,DYNC2I1,-0.1154486937484089
ENSG00000119333,89891,DYNC2I2,-0.6542200361540279
ENSG00000134874,22873,DZIP1,-0.2044040536231947
ENSG00000282899,1870,E2F2,-0.3731677079318974
ENSG00000112242,1871,E2F3,-0.2220250279625948
ENSG00000103356,124454,EARS2,0.5652011639941316
ENSG00000164330,1879,EBF1,-0.6108526230865824
ENSG00000123179,84650,EBPL,0.4485996075441629
ENSG00000117298,1889,ECE1,0.2527324347826483
ENSG00000121310,55268,ECHDC2,-0.0734221555671014
ENSG00000167969,1632,ECI1,0.3002088881510004
ENSG00000143369,1893,ECM1,-0.2105247270714691
ENSG00000119147,84417,ECRG4,-0.0763270878578112
ENSG00000164176,10085,EDIL3,-0.2490757720365417
ENSG00000107938,26098,EDRF1,0.1284461139856202
ENSG00000203791,399818,EEF1AKMT2,-0.721134771589782
ENSG00000103319,29904,EEF2K,-0.4796204361942217
ENSG00000284869,60678,EEFSEC,-0.1742575094012405
ENSG00000203965,84455,EFCAB7,0.3176700208430352
ENSG00000172638,30008,EFEMP2,0.0459149520973501
ENSG00000142634,79180,EFHD2,-1.1740551563059702
ENSG00000140598,79631,EFL1,0.5622605182963221
ENSG00000090776,1947,EFNB1,-1.0249223380916166
ENSG00000125266,1948,EFNB2,-0.4294681160888728
ENSG00000172889,51162,EGFL7,-0.8535582281179651
ENSG00000129521,112399,EGLN3,-1.8652791002964348
ENSG00000110047,10938,EHD1,0.2655506843972936
ENSG00000024422,30846,EHD2,0.417388166935425
ENSG00000103966,30844,EHD4,0.9101210959548682
ENSG00000113790,1962,EHHADH,0.6386943950511188
ENSG00000181090,79813,EHMT1,-0.3787866208768261
ENSG00000224143,10919,EHMT2,-0.851776488682766
ENSG00000176396,163126,EID2,-0.3273276149160144
ENSG00000114867,1981,EIF4G1,-0.1021925024591147
ENSG00000006744,60528,ELAC2,-0.6665549189101067
ENSG00000116299,57535,ELAPOR1,0.6356015694501034
ENSG00000107105,1993,ELAVL2,-0.2998294269118557
ENSG00000120690,1997,ELF1,0.2607011139587146
ENSG00000102034,2000,ELF4,0.4715398142108241
ENSG00000155849,9844,ELMO1,-1.0579337367343342
ENSG00000119915,83401,ELOVL3,0.5069256938289535
ENSG00000131148,10328,EMC8,-0.0153329281999069
ENSG00000102119,2010,EMD,-0.3018963282524198
ENSG00000125746,24139,EML2,0.2053708089339028
ENSG00000134531,2012,EMP1,0.0075160247392078
ENSG00000170370,2018,EMX2,0.2554693992268989
ENSG00000173818,284131,ENDOV,-0.4394378092290766
ENSG00000106991,2022,ENG,-0.908149260599808
ENSG00000111674,2026,ENO2,0.5275650864492083
ENSG00000108515,2027,ENO3,0.4579881218799422
ENSG00000132199,55556,ENOSF1,-0.6384468805276905
ENSG00000120658,55068,ENOX1,0.3116707119464155
ENSG00000165675,10495,ENOX2,-0.7916927391912434
ENSG00000001561,22875,ENPP4,0.23619199248118
ENSG00000168032,956,ENTPD3,0.3073762911489981
ENSG00000197217,9583,ENTPD4,0.1036006841643296
ENSG00000197021,541578,EOLA2,0.0181472497435297
ENSG00000231993,101927279,EP300-AS1,-1.1102408275280893
ENSG00000183495,57634,EP400,0.2459498889205802
ENSG00000116016,2034,EPAS1,-0.1503508399770249
ENSG00000088367,2036,EPB41L1,-0.2720663161814354
ENSG00000129595,64097,EPB41L4A,-0.5493074080192836
ENSG00000095203,54566,EPB41L4B,0.6723884520786202
ENSG00000234690,101927043,EPCAM-DT,-0.051522778449922
ENSG00000152223,57724,EPG5,-0.5982238980280437
ENSG00000133216,2048,EPHB2,-0.3724734597507472
ENSG00000196411,2050,EPHB4,0.1361889989434227
ENSG00000275482,2051,EPHB6,0.5241923110341257
ENSG00000143819,2052,EPHX1,0.1758577643315659
ENSG00000072134,22905,EPN2,-0.6235688559740639
ENSG00000101448,57119,EPPIN,-0.2269954133492508
ENSG00000133106,94240,EPSTI1,-0.6151585400866163
ENSG00000164307,51752,ERAP1,-0.0034207941110027
ENSG00000141736,2064,ERBB2,0.4562594101203699
ENSG00000178568,2066,ERBB4,0.1325986874160599
ENSG00000225830,2074,ERCC6,-0.2712779527125203
ENSG00000157554,2078,ERG,-0.0896022888927575
ENSG00000104626,90459,ERI1,-0.0614633257936515
ENSG00000282665,157697,ERICH1,-0.0771272301777674
ENSG00000177459,203111,ERICH5,-0.1685863806998129
ENSG00000164010,114625,ERMAP,0.2635291126798753
ENSG00000116285,54206,ERRFI1,-0.4650141015650066
ENSG00000149564,90952,ESAM,-0.3439145489170127
ENSG00000171320,157570,ESCO2,-0.4045984510724989
ENSG00000173153,2101,ESRRA,-0.1178566760808613
ENSG00000100056,8220,ESS2,-0.0967735736917171
ENSG00000117868,57488,ESYT2,0.0800547991506838
ENSG00000143971,54465,ETAA1,0.822489791767439
ENSG00000171503,2110,ETFDH,0.1962160519947821
ENSG00000157557,2114,ETS2,0.0698645654231616
ENSG00000006468,2115,ETV1,0.7318275438267798
ENSG00000126860,2123,EVI2A,-0.3034383424050983
ENSG00000291721,2124,EVI2B,0.0054882328235481
ENSG00000180104,11336,EXOC3,0.930667108912784
ENSG00000116903,149371,EXOC8,0.0658117093241741
ENSG00000157036,9941,EXOG,-0.0658368445297714
ENSG00000107371,51010,EXOSC3,-0.6152024513074897
ENSG00000110723,23086,EXPH5,-0.580122664701484
ENSG00000012232,2137,EXTL3,-0.2856748128405962
ENSG00000106462,2146,EZH2,-0.5824984966538265
ENSG00000126218,2159,F10,0.265878952930591
ENSG00000185010,2157,F8,0.5297052425491414
ENSG00000163586,2168,FABP1,0.4094654420119976
ENSG00000168040,8772,FADD,-0.6142472600171033
ENSG00000291581,151313,FAHD2B,0.262753464441354
,,FAM102B,-0.8297226974592712
ENSG00000168309,11170,FAM107A,0.6133688908470246
ENSG00000184731,642273,FAM110C,0.7720367978474092
ENSG00000189057,374393,FAM111B,-0.2889991019160121
ENSG00000275333,84498,FAM120B,0.5890095504981301
ENSG00000124019,79843,FAM124B,0.2275313909177823
,,FAM126A,-0.6829705264162769
ENSG00000179083,286499,FAM133A,0.0785431425824801
ENSG00000234545,257415,FAM133B,-0.1805257600414435
ENSG00000082269,57579,FAM135A,0.335897410593414
ENSG00000054965,23201,FAM168A,0.187342202441031
ENSG00000221909,221786,FAM200A,0.1440342659898228
,,FAM207A,-0.5061554207684102
ENSG00000108950,54757,FAM20A,-0.747555548537182
ENSG00000116199,9917,FAM20B,0.3294870836694792
ENSG00000281429,56975,FAM20C,-0.807767347867757
,,FAM214A,0.288945022067477
ENSG00000173065,55731,FAM222B,0.6136441245113906
ENSG00000219626,375190,FAM228B,-0.5801807340802685
ENSG00000268994,100132304,FAM236B,-0.558674997495933
ENSG00000071889,60343,FAM3A,-0.6596276172653294
ENSG00000185112,131583,FAM43A,-0.5790089479467058
ENSG00000145945,26240,FAM50B,0.1026037239415986
ENSG00000189319,9679,FAM53B,-1.413619778707768
,,FAM71E1,-0.2606630456263527
ENSG00000182118,375061,FAM89A,-0.0165106998292222
ENSG00000176973,23625,FAM89B,-0.0441147405660297
ENSG00000198690,22909,FAN1,-0.4519463430106682
ENSG00000181544,2187,FANCB,-0.0528327787991808
ENSG00000112039,2178,FANCE,0.44196257827257
ENSG00000221829,2189,FANCG,-0.1941871658945394
ENSG00000187790,57697,FANCM,-0.2201829725012702
ENSG00000078098,2191,FAP,0.0802815699966097
ENSG00000164896,10922,FASTK,-0.2297394641315442
ENSG00000124279,79072,FASTKD3,-0.1681850449625143
ENSG00000165323,120114,FAT3,-0.3373354561028463
ENSG00000196159,79633,FAT4,-0.5901585767301396
ENSG00000170271,10826,FAXDC2,0.0705880772130966
ENSG00000134452,84893,FBH1,0.3614493419989722
ENSG00000140092,10516,FBLN5,-0.8834821800840764
ENSG00000127452,54850,FBXL12,-0.6258049561593865
ENSG00000145743,64839,FBXL17,0.3897836186693629
ENSG00000155034,80028,FBXL18,-0.2657228427659404
ENSG00000183580,23194,FBXL7,-0.0680974044458947
ENSG00000147912,26267,FBXO10,0.4563677362878899
ENSG00000165355,254170,FBXO33,0.1747709707254519
ENSG00000153832,130888,FBXO36,0.6074500278906956
ENSG00000145868,81545,FBXO38,0.4271928450153664
ENSG00000291375,54455,FBXO42,0.0882051825170075
ENSG00000174013,200933,FBXO45,0.2252324982138499
ENSG00000177051,23403,FBXO46,-1.1361703532691814
ENSG00000112029,26271,FBXO5,-0.5037093676636742
ENSG00000112146,26268,FBXO9,-0.3567652281557322
ENSG00000281123,8857,FCGBP,0.3392485814914004
ENSG00000143226,2212,FCGR2A,0.4387720430998488
ENSG00000157107,115548,FCHO2,-1.0974329168471135
ENSG00000181617,260436,FDCSP,0.8648754133970786
ENSG00000267673,112812,FDX2,-0.7551442729569314
ENSG00000171564,2244,FGB,0.3580217783124486
ENSG00000114279,2257,FGF12,-0.8370374092147298
ENSG00000291181,654466,FGF7P3,0.252451243570051
ENSG00000102678,2254,FGF9,0.7447854532941942
ENSG00000066468,2263,FGFR2,0.5722751824128927
ENSG00000137460,85462,FHDC1,0.1048318738904383
ENSG00000189283,2272,FHIT,-0.5969069102337219
ENSG00000022267,2273,FHL1,0.4126636142532142
ENSG00000183386,2275,FHL3,-0.2225191470174831
ENSG00000135723,29109,FHOD1,-0.0635254907267141
ENSG00000118407,27145,FILIP1,0.240982739089229
ENSG00000197296,128486,FITM2,0.0561150956302516
ENSG00000179943,84922,FIZ1,0.0768478963186691
ENSG00000141756,60681,FKBP10,0.2203057811153588
ENSG00000134285,51303,FKBP11,0.0108809222410192
ENSG00000119321,23307,FKBP15,-0.376880285536488
ENSG00000119782,2281,FKBP1B,-0.9533071403126064
ENSG00000105701,23770,FKBP8,-0.3653315203547572
ENSG00000254531,90024,FLJ20021,-0.860751731296695
,,FLJ37453,-0.393728014916659
ENSG00000102755,2321,FLT1,0.3727825811474214
ENSG00000162769,28982,FLVCR1,-0.1954389590801303
ENSG00000198468,642946,FLVCR1-DT,-0.191832543866997
ENSG00000162076,114984,FLYWCH2,-0.3942170854914592
ENSG00000010932,2326,FMO1,1.06963127933073
ENSG00000187239,23048,FNBP1,0.975995996544362
ENSG00000285182,23360,FNBP4,-0.5796886580240775
ENSG00000228594,643988,FNDC10,-0.5339571775171891
ENSG00000115226,64838,FNDC4,0.13873718343112
ENSG00000054598,2296,FOXC1,-1.4195997037796928
ENSG00000164916,221937,FOXK1,-0.1302767062130933
ENSG00000111206,2305,FOXM1,0.4563368106222509
ENSG00000136877,2356,FPGS,0.0658135415191428
ENSG00000181274,23401,FRAT2,0.2936803424534523
ENSG00000150893,341640,FREM2,0.0595843537344453
ENSG00000149531,,FRG1BP,-0.1627051945788107
ENSG00000283047,,FRG1FP,-0.7312494640601807
ENSG00000151474,55691,FRMD4A,0.0306627344677567
ENSG00000073910,10129,FRY,0.8203414703463623
ENSG00000226124,348751,FTCDNL1,0.1478875805023243
ENSG00000068438,24140,FTSJ1,-0.0080818417885698
ENSG00000148803,282969,FUOM,0.3408542414218226
ENSG00000172728,84750,FUT10,-0.3987006503093939
ENSG00000172461,10690,FUT9,-0.1390240314365076
ENSG00000129245,9513,FXR2,0.1278967312887704
ENSG00000163820,79443,FYCO1,-0.6447783067601015
ENSG00000157240,8321,FZD1,0.4995399690746998
ENSG00000163251,7855,FZD5,0.6138599600654957
ENSG00000164930,8323,FZD6,0.5777079042131038
ENSG00000177283,8325,FZD8,-0.2389030849535338
ENSG00000123689,50486,G0S2,-0.3584046568395855
ENSG00000171298,2548,GAA,-0.1396549439849234
ENSG00000033327,9846,GAB2,0.1634282748754984
,100129387,GABPB1-AS1,0.0719531982565168
ENSG00000116717,1647,GADD45A,-0.6959454760717286
ENSG00000205777,2543,GAGE1,0.2227311374721381
ENSG00000117308,2582,GALE,0.0635162008099492
ENSG00000108479,2584,GALK1,-0.3695718427710008
ENSG00000156958,2585,GALK2,-0.0937213851482156
ENSG00000178234,63917,GALNT11,0.4780195190102126
ENSG00000110328,374378,GALNT18,0.2283179148689214
ENSG00000109586,51809,GALNT7,0.7551161185353285
ENSG00000261609,8139,GAN,-0.233595543821334
ENSG00000214013,2595,GANC,-0.0148157126452023
ENSG00000141441,64762,GAREM1,0.5162377737540795
ENSG00000180447,2619,GAS1,0.1834839901981256
ENSG00000139354,283431,GAS2L3,-0.1256409677394231
ENSG00000183087,2621,GAS6,-0.2282148927589042
ENSG00000007237,8522,GAS7,0.2889668632270127
ENSG00000130700,140628,GATA5,1.0414168135276154
ENSG00000117228,2633,GBP1,-0.4743384722027935
ENSG00000100116,23464,GCAT,-1.2101179423293067
ENSG00000179562,79571,GCC1,-0.0785665519277691
ENSG00000105607,2639,GCDH,0.1585937345410038
ENSG00000131979,2643,GCH1,-0.9136148255148564
ENSG00000135414,10220,GDF11,0.7384786847881394
ENSG00000203879,2664,GDI1,0.4318527447749248
ENSG00000153982,284161,GDPD1,0.0772163912751371
ENSG00000179409,50628,GEMIN4,0.1433560198824641
ENSG00000082516,25929,GEMIN5,-0.0498350320884318
ENSG00000178295,348654,GEN1,0.2355836512598387
ENSG00000239857,51608,GET4,-0.343721788526426
ENSG00000141098,81577,GFOD2,-0.4739037621853538
ENSG00000125447,23163,GGA3,-0.4337699528971681
ENSG00000112964,2690,GHR,-0.7071935262000474
ENSG00000141034,79018,GID4,-1.0561296822449342
ENSG00000146830,64599,GIGYF1,-0.9021598381078456
ENSG00000106560,26157,GIMAP2,-0.424968253581174
ENSG00000101003,9837,GINS1,-0.2297647406586933
ENSG00000147536,84296,GINS4,0.1495101365969331
ENSG00000123159,10755,GIPC1,0.5039976283436387
ENSG00000108262,28964,GIT1,-0.438827767157772
ENSG00000182963,10052,GJC1,-0.5704888391990682
ENSG00000198814,2710,GK,-0.5874652939673425
ENSG00000165113,80318,GKAP1,1.0090682372672215
ENSG00000163521,79411,GLB1L,0.6607141703599758
ENSG00000106571,2737,GLI3,-0.5029378049875759
ENSG00000174842,11146,GLMN,0.4401152223773882
ENSG00000087338,64395,GMCL1,0.2685129685828619
ENSG00000144591,29926,GMPPA,-0.6301688398192543
ENSG00000088256,2767,GNA11,0.3772498488819504
ENSG00000159921,10020,GNE,-0.1111514206171293
ENSG00000111670,79158,GNPTAB,0.1201417996762319
ENSG00000109163,2798,GNRHR,-0.3192287998655637
ENSG00000167110,2801,GOLGA2,0.5084897265980912
ENSG00000066455,9950,GOLGA5,-0.2393230504038144
ENSG00000114745,64689,GORASP1,-0.6403710722673034
ENSG00000133114,55425,GPALPP1,-0.3617398241259604
ENSG00000119927,57678,GPAM,0.1381189083770325
ENSG00000138678,84803,GPAT3,0.532653689137848
ENSG00000076650,55094,GPATCH1,0.3434563432050694
ENSG00000068394,27238,GPKOW,0.1136432312979078
ENSG00000142751,54707,GPN2,0.0357856973434942
ENSG00000125734,56927,GPR108,0.0014834626771911
ENSG00000077585,7107,GPR137B,-0.953605502268494
ENSG00000101850,4935,GPR143,0.4666254491114338
ENSG00000163328,151556,GPR155,0.4081807281807252
ENSG00000180758,80045,GPR157,0.2448124264942693
ENSG00000143147,23432,GPR161,-0.0562777984868143
ENSG00000166073,11245,GPR176,0.6070341299323424
ENSG00000152749,160897,GPR180,1.048861035875648
ENSG00000170775,2861,GPR37,-0.1964648044255803
ENSG00000166123,84706,GPT2,0.3223553153710647
ENSG00000176153,2877,GPX2,0.5188162594136804
ENSG00000155324,65983,GRAMD2B,0.5215910156162455
ENSG00000106070,2887,GRB10,1.1713102842847434
ENSG00000115290,2888,GRB14,0.5769778174875853
ENSG00000196208,9687,GREB1,-0.3581144479002465
ENSG00000183454,2903,GRIN2A,0.9612472573098334
ENSG00000178719,2907,GRINA,0.6613298650557953
ENSG00000198055,2870,GRK6,-0.2171914543155569
,,GS1-124K5.11,-0.8260876176877314
ENSG00000104518,79792,GSDMD,0.1799428110751278
ENSG00000280832,399972,GSEC,-0.0108373383635635
ENSG00000134184,2944,GSTM1,-0.264019103015875
ENSG00000125651,2962,GTF2F1,-0.3247188483552957
ENSG00000226384,2968,GTF2H4,0.1242538695170923
,441124,GTF2IP20,0.4577091291991082
ENSG00000006704,9569,GTF2IRD1,-0.154328298609526
ENSG00000077235,2975,GTF3C1,-0.6969665703411871
ENSG00000100226,9567,GTPBP1,-0.2223643502005438
ENSG00000292358,8225,GTPBP6,-0.3436588408293941
ENSG00000075218,51512,GTSE1,-0.616338213677815
ENSG00000138472,9626,GUCA1C,0.7996123595778296
ENSG00000151806,60558,GUF1,0.1428877381132905
ENSG00000144366,51454,GULP1,0.4248490292376068
ENSG00000179240,100506127,GVQW3,-0.9375309509752842
ENSG00000125812,64412,GZF1,0.1431500063518385
ENSG00000184897,8971,H1-10,-0.0096156742120773
ENSG00000184357,3009,H1-5,-0.9934671857630794
ENSG00000164508,221613,H2AC1,-0.5840928166428645
ENSG00000274997,85235,H2AC12,-0.6458004447233785
ENSG00000278677,8336,H2AC17,-0.8727599906811502
ENSG00000184260,8338,H2AC20,-0.5644877220768388
,,H2AW,-1.0017639463409185
ENSG00000273703,8342,H2BC14,-0.6922008345287224
ENSG00000184678,8349,H2BC21,-0.96160910546954
ENSG00000158373,3017,H2BC5,0.8019599354150236
ENSG00000275713,8345,H2BC9,-0.5636400803758141
ENSG00000163041,3020,H3-3A,-0.0207508449860059
ENSG00000276966,8367,H4C5,-1.0404858188595316
ENSG00000188921,401494,HACD4,-0.3574750145195732
ENSG00000063854,3029,HAGH,0.345270340078096
ENSG00000145681,1404,HAPLN1,0.9216505414128866
ENSG00000170961,3037,HAS2,-0.1458970047353174
ENSG00000214367,79441,HAUS3,0.6472811978230475
ENSG00000147874,54801,HAUS6,-0.3981273183983561
ENSG00000135077,84868,HAVCR2,0.1761846537091441
ENSG00000130656,3050,HBZ,0.2279524598564472
ENSG00000172534,3054,HCFC1,0.4686698941599512
ENSG00000180353,3059,HCLS1,0.3934413623862421
ENSG00000126264,10870,HCST,-0.4453146588834838
ENSG00000108840,10014,HDAC5,-0.241609144049611
ENSG00000094631,10013,HDAC6,0.4686236847513029
ENSG00000061273,51564,HDAC7,0.3676633332074444
ENSG00000167674,84717,HDGFL2,0.0662266673787241
ENSG00000069998,27440,HDHD5,-0.1508394566777922
ENSG00000119285,55127,HEATR1,-0.8554360762951224
ENSG00000155393,55027,HEATR3,0.1274613535982877
ENSG00000008869,54497,HEATR5B,0.6226415004794581
ENSG00000138411,57520,HECW2,0.2761103518481511
ENSG00000278970,100859930,HEIH,-0.2993854463399204
ENSG00000138642,55008,HERC6,0.5058614447685746
ENSG00000135547,23493,HEY2,0.3900557948251872
ENSG00000019991,3082,HGF,0.6965772569120758
ENSG00000185359,9146,HGS,-0.526067953418018
ENSG00000165102,138050,HGSNAT,-0.3363569246708579
ENSG00000054392,55733,HHAT,-0.6658548444431045
ENSG00000164161,64399,HHIP,-1.215332998050512
ENSG00000248890,646576,HHIP-AS1,-0.5658060344968437
ENSG00000106049,11112,HIBADH,-0.1397509828552465
ENSG00000167861,283987,HID1,-0.2104149797058301
ENSG00000131097,51751,HIGD1B,0.6098811313257709
ENSG00000127946,3092,HIP1,0.1681769464182948
ENSG00000149929,8479,HIRIP3,-1.0610956173443071
ENSG00000095951,3096,HIVEP1,-0.076657936527942
ENSG00000123485,55355,HJURP,0.0731107395134917
ENSG00000206237,3119,HLA-DQB1,0.1594477320654239
ENSG00000230463,3125,HLA-DRB3,-0.075313596686514
ENSG00000183624,56941,HMCES,-0.2443378535232635
ENSG00000064961,10362,HMG20B,-0.862887670307675
ENSG00000137309,3159,HMGA1,-0.1370427223092773
ENSG00000149948,8091,HMGA2,-0.1971440763973942
ENSG00000176256,127540,HMGB4,-0.474010116030427
ENSG00000113716,22993,HMGXB3,0.356794822072795
ENSG00000100292,3162,HMOX1,0.6749249314087271
ENSG00000241388,283460,HNF1A-AS1,0.5798052414613264
ENSG00000101076,3172,HNF4A,-0.4549301093105061
ENSG00000139675,144983,HNRNPA1L2,-0.1570724484857493
ENSG00000290292,57594,HOMEZ,-0.4057920481152497
ENSG00000134709,51361,HOOK1,0.1622993688655381
ENSG00000115756,3241,HPCAL1,-0.2430691639681919
ENSG00000163106,27306,HPGDS,0.4098537245411831
ENSG00000107521,3257,HPS1,-0.216911638859847
ENSG00000168453,55806,HR,0.7004255584966538
ENSG00000125319,78995,HROB,-0.0765794769914256
ENSG00000002587,9957,HS3ST1,-0.8865438278981076
ENSG00000087076,51171,HSD17B14,0.0493767543961197
ENSG00000025423,8630,HSD17B6,0.9281763475341333
ENSG00000284774,3297,HSF1,-0.2497992331113695
ENSG00000165868,259217,HSPA12A,0.2144112464679816
ENSG00000234475,3303,HSPA1A,-1.061639853410414
ENSG00000212866,3304,HSPA1B,-1.061443802611798
ENSG00000004776,126393,HSPB6,-0.2847073168132887
ENSG00000166033,5654,HTRA1,1.7029632723482608
ENSG00000115317,27429,HTRA2,0.0218461043426153
ENSG00000170801,94031,HTRA3,0.5524716884860668
ENSG00000197386,3064,HTT,-0.0007844252399061
ENSG00000142149,30811,HUNK,0.2434183854933479
ENSG00000181873,200205,IBA57,-0.2832166463559713
ENSG00000003147,3382,ICA1,0.1946548465187813
ENSG00000163596,130026,ICA1L,-0.5625812162450633
ENSG00000090339,3383,ICAM1,0.8600226654478113
ENSG00000108622,3384,ICAM2,-0.5233530911749154
ENSG00000164151,23379,ICE1,-0.2187641297378726
ENSG00000235092,100506299,ID2-AS1,0.7185449905684114
ENSG00000172201,3400,ID4,0.523534446513499
ENSG00000010404,3423,IDS,1.091196191465848
ENSG00000162783,51278,IER5,0.1486729062974497
ENSG00000169991,126917,IFFO2,0.2789782486213233
ENSG00000137965,10561,IFI44,-0.4827201196888165
ENSG00000115267,64135,IFIH1,0.7569342402059815
ENSG00000119922,3433,IFIT2,-0.8791873143084373
ENSG00000214706,7866,IFRD2,-0.2868500202394582
ENSG00000109083,90410,IFT20,-0.0755736033274036
ENSG00000100360,11020,IFT27,0.434033296238651
ENSG00000122970,28981,IFT81,-0.062477636612996
ENSG00000197081,3482,IGF2R,-0.0617112982888611
ENSG00000204866,147920,IGFL2,-0.1534320683662951
ENSG00000144847,152404,IGSF11,-0.2523326085183452
ENSG00000143061,3321,IGSF3,0.374763951033664
ENSG00000166130,121457,IKBIP,-0.2240390056097924
ENSG00000269335,8517,IKBKG,-0.0981270029399919
ENSG00000123411,64375,IKZF4,0.9378032036956876
ENSG00000144730,54756,IL17RD,-0.2952144499363538
ENSG00000150782,3606,IL18,-0.3083147115873939
ENSG00000125538,3553,IL1B,-0.0519069743566944
ENSG00000115594,3554,IL1R1,0.1958051442316272
ENSG00000292332,3563,IL3RA,-1.1612007056698377
ENSG00000166333,3611,ILK,0.5290976432654618
ENSG00000132323,80895,ILKAP,-0.4584913666885387
ENSG00000259330,100505573,INAFM2,-0.0033289527365557
ENSG00000203485,64423,INF2,0.8276202871455742
ENSG00000168395,84289,ING5,0.0041754874101543
ENSG00000197852,55924,INKA2,0.182600562785501
ENSG00000241644,11185,INMT,-0.3004424435667601
ENSG00000151689,3628,INPP1,-0.1379036022375872
ENSG00000040933,3631,INPP4A,0.0713135660855635
ENSG00000198825,22876,INPP5F,0.6387312241107409
ENSG00000164880,26173,INTS1,0.4447479486518562
ENSG00000185085,80789,INTS5,0.0091175294412241
ENSG00000164941,55656,INTS8,0.118246223606449
ENSG00000196497,79711,IPO4,0.3956677568084895
,100132815,IPO5P1,-0.1238858912253875
,3653,IPW,0.0328543229167738
,,IQCA1,-0.5486098439015655
ENSG00000259673,100506686,IQCH-AS1,-0.2453648604401568
ENSG00000174628,124152,IQCK,0.1071249255101883
ENSG00000184216,3654,IRAK1,0.0666802341852464
ENSG00000146243,134728,IRAK1BP1,-0.0025584884003716
ENSG00000125347,3659,IRF1,-0.5924334912795679
ENSG00000140968,3394,IRF8,0.3729737704081232
ENSG00000285048,10379,IRF9,0.2036491707865395
ENSG00000172183,3669,ISG20,-0.287889970652619
ENSG00000137809,22801,ITGA11,0.2621349779969812
ENSG00000164171,3673,ITGA2,0.097316965959243
ENSG00000077943,8516,ITGA8,0.2238079440225208
ENSG00000140678,3687,ITGAX,-0.3896831655818518
ENSG00000160255,3689,ITGB2,-0.2337630537804395
ENSG00000259207,3690,ITGB3,-1.6719766228986677
ENSG00000123243,80760,ITIH5,-0.8851579917735156
ENSG00000100605,3705,ITPK1,0.4233587354203242
ENSG00000150995,3708,ITPR1,-1.2656499989709955
ENSG00000096433,3710,ITPR3,-0.3853484695922821
ENSG00000198885,150771,ITPRIPL1,-0.3467110477997932
ENSG00000043143,23338,JADE2,0.9007808086057676
ENSG00000102221,9767,JADE3,-0.3709323748349614
ENSG00000096968,3717,JAK2,-0.7187452266620152
ENSG00000176049,9832,JAKMIP2,-0.2468041190135738
ENSG00000160593,120425,JAML,0.4774946527321764
ENSG00000140044,122953,JDP2,-0.7115525592125874
ENSG00000081692,65094,JMJD4,-0.2165288551427285
ENSG00000161999,339123,JMJD8,-0.4278494871334199
ENSG00000092051,84502,JPH4,-0.4803330027699683
ENSG00000225470,554203,JPX,0.378517200925994
ENSG00000183340,8690,JRKL,-0.7878442535957235
ENSG00000177606,3725,JUN,-0.2606106195449708
ENSG00000107104,23189,KANK1,-0.0396353982302879
ENSG00000281569,644246,KANSL1-AS1,0.3898726984954931
ENSG00000232593,102723508,KANTR,0.0970098019970971
ENSG00000149474,57325,KAT14,0.2008268314270662
ENSG00000102781,84056,KATNAL1,0.4658006098539942
ENSG00000184408,3751,KCND2,-0.1930475935450287
ENSG00000175538,10008,KCNE3,-0.4875231053331844
ENSG00000152049,23704,KCNE4,-0.4174151194901354
ENSG00000055118,3757,KCNH2,-0.4092796072197951
ENSG00000152315,56659,KCNK13,-0.8303179581780958
ENSG00000171303,3777,KCNK3,-0.5202912989010133
ENSG00000135643,27345,KCNMB4,-0.1097352427428901
ENSG00000134504,284252,KCTD1,0.540624005417895
ENSG00000180901,23510,KCTD2,0.0311970703102092
ENSG00000188997,283219,KCTD21,-0.0389582716186977
ENSG00000168301,200845,KCTD6,0.2777433770120716
ENSG00000243335,154881,KCTD7,0.2999505203401964
ENSG00000173120,22992,KDM2A,-0.1795852998092939
ENSG00000089094,84678,KDM2B,-0.7393877787593278
ENSG00000115548,55818,KDM3A,0.6987644987624173
ENSG00000012817,8284,KDM5D,0.4959265917213386
ENSG00000147050,7403,KDM6A,0.7239511975268608
ENSG00000132510,23135,KDM6B,-0.0923357769235828
ENSG00000006459,80853,KDM7A,-0.6621577762476375
ENSG00000276615,3792,KEL,0.1152826812418588
ENSG00000135314,80759,KHDC1,-0.1140675916875176
ENSG00000088247,8570,KHSRP,-0.2961781323595411
ENSG00000100578,9786,KIAA0586,-0.0373191933083193
ENSG00000100364,23313,KIAA0930,-0.0694393014032384
ENSG00000197077,85379,KIAA1671,0.2565453511564146
ENSG00000116685,90231,KIAA2013,-0.2193139375352736
ENSG00000138160,3832,KIF11,-0.7862208864344887
ENSG00000089177,55614,KIF16B,0.8051732963625597
ENSG00000130294,547,KIF1A,0.8606077798182605
ENSG00000129250,10749,KIF1C,-0.7390467519216698
ENSG00000137807,9493,KIF23,-0.334141260742291
ENSG00000165115,55582,KIF27,0.0747757722027401
ENSG00000090889,24137,KIF4A,0.3379384116113249
ENSG00000155980,3798,KIF5A,-1.472752440843989
ENSG00000198954,26128,KIFBP,-0.1424669024799812
ENSG00000183853,55243,KIRREL1,-0.3698442628422103
ENSG00000088970,55857,KIZ,-0.2583260650251981
ENSG00000172059,8462,KLF11,0.1208929409799652
ENSG00000275746,51621,KLF13,0.0625387963614233
ENSG00000165516,23588,KLHDC2,-0.0857568205719047
ENSG00000104731,54758,KLHDC4,-1.5184092328953664
ENSG00000003096,90293,KLHL13,-0.0846534552980892
ENSG00000114648,23276,KLHL18,-0.0150318443916662
ENSG00000162413,9903,KLHL21,0.6340637727159972
ENSG00000099910,84861,KLHL22,0.1717089185691208
ENSG00000146021,26249,KLHL3,0.3266270558147173
ENSG00000145332,57563,KLHL8,-0.4081575387316103
ENSG00000283059,100144748,KLLN,-0.6782056564187755
ENSG00000167548,8085,KMT2D,-0.163508157482864
,100216545,KMT2E-AS1,-0.3855687652727175
ENSG00000183955,387893,KMT5A,-0.5106240893157974
ENSG00000137812,57082,KNL1,-0.5340651832426997
ENSG00000184445,9735,KNTC1,-0.0931205947270409
,,KRBA2,-0.2289946210716816
ENSG00000183762,83999,KREMEN1,0.9953630252118496
ENSG00000115919,8942,KYNU,0.4355419503962218
ENSG00000126790,112849,L3HYPDH,-0.6091276476195081
ENSG00000198945,84456,L3MBTL3,-0.5223683981716363
ENSG00000179630,144811,LACC1,-0.8218003585565056
ENSG00000103642,114294,LACTB,-0.0081308493605804
ENSG00000276053,3903,LAIR1,-0.4442465195263143
ENSG00000053747,3909,LAMA3,0.3886007529279044
ENSG00000125869,24141,LAMP5,0.2831266836676556
ENSG00000133424,9215,LARGE1,-0.6913284934070945
ENSG00000138709,55132,LARP1B,0.1327317559379668
ENSG00000166173,55323,LARP6,0.4807780124371326
ENSG00000011376,23395,LARS2,0.0507162503171115
ENSG00000150457,26524,LATS2,-0.133908425367433
ENSG00000204381,143903,LAYN,-0.7089446101653902
ENSG00000157578,150082,LCA5L,-0.3962155593336974
ENSG00000168806,9836,LCMT2,0.2424550263175873
ENSG00000182195,23641,LDOC1,-0.3222191042547956
ENSG00000226235,284576,LEMD1-AS1,0.6553533262267767
ENSG00000174106,23592,LEMD3,0.8301291449613502
ENSG00000277808,79165,LENG1,0.3051781505530819
ENSG00000100079,3957,LGALS2,0.411955057155166
ENSG00000119862,29094,LGALSL,-0.2568620026054288
ENSG00000107902,64077,LHPP,0.1815983349734481
ENSG00000005156,3980,LIG3,0.4029704692834806
ENSG00000174405,3981,LIG4,0.0555719342389562
ENSG00000278355,353514,LILRA5,-0.6624073449762946
ENSG00000144791,8994,LIMD1,-0.0320435607230817
ENSG00000072163,55679,LIMS2,-0.0731340761569843
ENSG00000267796,55957,LIN37,0.1105085990914611
ENSG00000189308,132660,LIN54,-0.5566269666262971
ENSG00000111052,8825,LIN7A,0.0944241506477992
ENSG00000223768,642852,LINC00205,0.0227702588472449
,,LINC00476,-0.7470245482617638
ENSG00000281392,100846978,LINC00506,0.1835836911537489
,147525,LINC00526,-0.0637981156259089
ENSG00000261824,148189,LINC00662,0.0135776384303037
ENSG00000263753,339290,LINC00667,-0.3848624236903655
,100499467,LINC00673,0.3843544305853065
ENSG00000215190,106660612,LINC00680,-0.6216976424914884
,283981,LINC00685,0.5916230346726318
,100302640,LINC00882,0.1161272415989177
,,LINC00888,-0.0674105892654685
,,LINC00909,-0.4179298529251587
ENSG00000244041,401232,LINC01011,0.2812205508249221
ENSG00000228794,643837,LINC01128,-0.3368170029864433
ENSG00000274020,388685,LINC01138,0.0909870326496634
ENSG00000267272,339524,LINC01140,-0.6921099585006706
,,LINC01184,0.125691491221877
ENSG00000269416,104472717,LINC01224,-0.1757364170449359
ENSG00000235437,92249,LINC01278,-0.2088371606169219
,115801414,LINC01297-DUXAP10-NBEAP6,0.0901914940205394
,54944,LINC01521,-0.4232128521333823
ENSG00000232560,100505929,LINC01549,0.1776261607122771
ENSG00000233521,105372978,LINC01638,-0.8852909131843785
ENSG00000234362,101929723,LINC01914,-0.5061202412452198
,,LINC02246,-0.3189533129221742
ENSG00000261064,100996255,LINC02256,-0.9449961892030316
ENSG00000245017,643770,LINC02453,0.1366699340513858
ENSG00000271584,105369490,LINC02550,0.801454043434805
,101928812,LINC02696,0.6358095274752233
ENSG00000103227,64788,LMF1,1.1320133192248742
ENSG00000100258,91289,LMF2,0.294641191040927
ENSG00000135363,4005,LMO2,-0.0849013640180071
ENSG00000139517,222484,LNX2,0.7104530481428707
,100134868,LOC100134868,-0.4773008614348973
,100190986,LOC100190986,0.0337164863627704
,,LOC100288798,-0.1186745177476335
ENSG00000268129,100289361,LOC100289361,-0.0724982588103797
,,LOC100419583,-0.1981377233977863
,,LOC100505501,0.6266167888043354
,,LOC100506990,0.0293026607727809
,,LOC100507291,-0.5427116229215254
ENSG00000275765,100652758,LOC100652758,-1.133605756028811
,,LOC101927789,0.060367053565366
,101929767,LOC101929767,-0.247042613286204
,,LOC101930085,-0.0328083290323399
ENSG00000288743,105370203,LOC105370203,0.261034716076878
,105372582,LOC105372582,0.1619702471943391
,,LOC105377621,-0.5703089441397664
ENSG00000288891,107984035,LOC107984035,0.4344333516438776
,107984282,LOC107984282,0.911481102025453
,,LOC108783654,0.1659568268014629
,,LOC257396,0.4104668898674057
ENSG00000228021,283038,LOC283038,0.6321975997049497
,283788,LOC283788,-0.2284356733512587
ENSG00000308602,728715,LOC728715,0.36055573556392
ENSG00000187186,730098,LOC730098,0.290066161872595
,,LOC93622,-0.3682413208042652
ENSG00000196365,9361,LONP1,0.0773932322284782
ENSG00000285360,91694,LONRF1,0.5721206627442528
ENSG00000138131,84171,LOXL4,0.5644205015220819
ENSG00000147145,2846,LPAR4,0.2881862962809099
ENSG00000087253,54947,LPCAT2,0.2695739994493058
ENSG00000132793,64900,LPIN3,-0.9212794824341356
ENSG00000110031,9404,LPXN,0.3524934124159324
ENSG00000162981,151354,LRATD1,-1.024405026844802
ENSG00000168672,157638,LRATD2,1.142502310602287
ENSG00000136141,23143,LRCH1,-0.5173349630612057
ENSG00000197324,26020,LRP10,0.5086003203028688
ENSG00000147650,29967,LRP12,-0.1498313699156081
ENSG00000081479,4036,LRP2,-0.0422641338873178
ENSG00000010626,10233,LRRC23,0.0112030668408812
ENSG00000148814,80313,LRRC27,0.0182775896805986
,55073,LRRC37A4P,0.3435759727740822
ENSG00000127399,65999,LRRC61,-0.2717325288073836
ENSG00000197147,23507,LRRC8B,0.3415583882822577
ENSG00000171488,84230,LRRC8C,-0.100724327882779
ENSG00000133739,85444,LRRCC1,-0.1414353909820095
ENSG00000154237,79705,LRRK1,-0.5390208228550267
ENSG00000175928,57633,LRRN1,-0.3202485750174608
ENSG00000284922,220074,LRTOMT,-0.3771878881647457
ENSG00000185565,4045,LSAMP,0.0475571993520325
ENSG00000149657,149986,LSM14B,-0.4064049769832126
ENSG00000105699,51599,LSR,-0.9864808580309868
ENSG00000007392,55692,LUC7L,-0.2560632891672522
ENSG00000153714,286343,LURAP1L,0.358342152616932
ENSG00000187398,338645,LUZP2,1.0033179544119408
ENSG00000102021,51213,LUZP4,0.4543272367886158
ENSG00000145220,55646,LYAR,-0.6843366266702563
ENSG00000254087,4067,LYN,-0.6026279347247248
ENSG00000143669,1130,LYST,0.5887282992939555
ENSG00000107816,84445,LZTS2,0.2821660797298292
ENSG00000003056,4074,M6PR,0.4909511409339957
ENSG00000173212,126868,MAB21L3,0.6467751007660405
ENSG00000181751,90355,MACIR,0.7646576398061029
ENSG00000204178,55219,MACO1,-0.0303842076768116
ENSG00000002822,8379,MAD1L1,0.7781437098376556
ENSG00000197063,4097,MAFG,-0.2991733155842827
ENSG00000274847,727764,MAFIP,0.7992608487973023
ENSG00000105695,4099,MAG,-0.5010705769226083
ENSG00000214107,4112,MAGEB1,-0.5772380492211029
ENSG00000099399,4113,MAGEB2,-0.3650248893743335
ENSG00000151276,9223,MAGI1,0.5502599492909324
ENSG00000162972,79568,MAIP1,0.1977724932733361
ENSG00000172175,10892,MALT1,0.0672622510058712
ENSG00000161021,9794,MAML1,-0.1232143950412157
ENSG00000184384,84441,MAML2,-0.0154477293206432
ENSG00000196782,55534,MAML3,0.5059006556865956
ENSG00000013619,10046,MAMLD1,0.3427803403779512
ENSG00000111885,4121,MAN1A1,-0.4753558718143274
ENSG00000177239,11253,MAN1B1,-0.6998993349046712
ENSG00000104774,4125,MAN2B1,0.2862479627056366
ENSG00000281818,54682,MANSC1,-0.7441247094107389
ENSG00000130479,55201,MAP1S,-0.1566397703539667
ENSG00000169032,5604,MAP2K1,-0.064679931667328
ENSG00000126934,5605,MAP2K2,0.2977002258800265
ENSG00000108984,5608,MAP2K6,-0.4088443577477645
ENSG00000076984,5609,MAP2K7,-1.1162254929433015
ENSG00000085511,4216,MAP3K4,0.294488033285437
ENSG00000197442,4217,MAP3K5,0.5194534839526755
ENSG00000006432,4293,MAP3K9,-0.4707156767395837
ENSG00000012983,11183,MAP4K5,-0.009246724429876
ENSG00000102882,5595,MAPK3,0.3073836597751816
ENSG00000121653,9479,MAPK8IP1,-1.362354319749093
ENSG00000162889,9261,MAPKAPK2,0.6400756767603146
ENSG00000137802,23005,MAPKBP1,-0.1372662247564862
ENSG00000173926,115123,MARCHF3,0.0967551824545577
ENSG00000072518,2011,MARK2,-0.8544144161424982
ENSG00000007047,57787,MARK4,0.6415462705277121
ENSG00000274671,153562,MARVELD2,-1.4204053471534472
ENSG00000086015,23139,MAST2,-0.1390523243416248
ENSG00000099308,23031,MAST3,-0.8677455101268169
ENSG00000120539,84930,MASTL,-0.714128213171726
ENSG00000168906,4144,MAT2A,-0.1765195911011048
ENSG00000129933,23383,MAU2,0.6614945215470937
ENSG00000141644,4152,MBD1,-0.4657726632524679
ENSG00000071655,53615,MBD3,-0.2120483528049112
ENSG00000176055,153364,MBLAC2,-0.0004093654712603
ENSG00000143797,129642,MBOAT2,-1.0050223212130345
ENSG00000197971,4155,MBP,0.1638482892647042
ENSG00000011258,54799,MBTD1,-0.0661404740003743
ENSG00000076706,4162,MCAM,0.0556194477285004
ENSG00000100294,27349,MCAT,0.4257200794611172
ENSG00000078070,56922,MCCC1,0.6600761681144589
ENSG00000275300,64087,MCCC2,0.4625076666092079
ENSG00000124370,84693,MCEE,0.2607397992616178
ENSG00000065328,55388,MCM10,-0.0566240276800875
ENSG00000160294,8888,MCM3AP,-0.1685584907864862
ENSG00000111877,254394,MCM9,0.0776403490317789
ENSG00000172366,84331,MCRIP2,-0.6569025844761518
ENSG00000005059,55013,MCUB,0.36462487675521
ENSG00000050393,63933,MCUR1,0.0025729520111919
ENSG00000112559,4188,MDFI,0.0927300914709959
ENSG00000213920,145553,MDP1,-0.4051549370186484
ENSG00000151376,10873,ME3,0.6320268989823213
ENSG00000140950,57707,MEAK7,-0.0314355776801848
ENSG00000169057,4204,MECP2,-0.2761928893973411
ENSG00000180182,9282,MED14,1.30533367049566
,100873985,MED14OS,-0.0042421092023333
ENSG00000099917,51586,MED15,0.1946542775612677
ENSG00000282092,10025,MED16,-0.7526603075729267
ENSG00000130772,54797,MED18,0.6796514373938769
ENSG00000112282,9439,MED23,-0.3217060306995882
ENSG00000008838,9862,MED24,-0.532173747336054
ENSG00000164758,90390,MED30,-0.4166137357142436
ENSG00000141026,55090,MED9,-0.2946319686798896
ENSG00000214548,55384,MEG3,0.8594384890828745
ENSG00000105429,1954,MEGF8,-0.2456373530860629
ENSG00000105419,56917,MEIS3,-0.5145984638120329
,4213,MEIS3P1,0.6542678299446646
ENSG00000133895,4221,MEN1,0.2421197439400244
ENSG00000144401,151194,METTL21A,-0.528199306422754
ENSG00000067365,79091,METTL22,0.487078477996764
ENSG00000127720,84190,METTL25,0.5083716041171823
ENSG00000101574,64863,METTL4,0.3870744982050799
ENSG00000123600,79828,METTL8,0.1807210776270016
ENSG00000285022,9258,MFHAS1,0.4657337241188624
ENSG00000138111,79847,MFSD13A,-1.505754517791717
ENSG00000168389,84879,MFSD2A,0.0917578416542423
ENSG00000164073,256471,MFSD8,-0.2175533312870511
ENSG00000074416,11343,MGLL,1.243036865009972
ENSG00000167470,90007,MIDN,-1.2454071348504283
,284889,MIF-AS1,0.6889383116187406
ENSG00000116691,60672,MIIP,-0.5048847031945004
ENSG00000253716,100507316,MINCR,-0.5397155694742065
ENSG00000164654,54468,MIOS,0.5660552200100096
ENSG00000027001,4285,MIPEP,-0.0119510025804141
ENSG00000151338,145282,MIPOL1,0.1406835064600569
ENSG00000215417,407975,MIR17HG,0.3468130758355836
ENSG00000224020,100379345,MIR181A2HG,1.0835248214810898
ENSG00000187098,4286,MITF,0.6843942194302137
ENSG00000148773,4288,MKI67,-0.3228460094089439
ENSG00000078403,8028,MLLT10,-0.5386268168771455
ENSG00000171843,4300,MLLT3,-0.3552204548119991
ENSG00000151611,166785,MMAA,0.0310862751746366
ENSG00000196549,4311,MME,0.4940887156921468
ENSG00000196611,4312,MMP1,0.7247291805101639
ENSG00000099953,4320,MMP11,0.332040509980388
ENSG00000102996,4324,MMP15,-0.0392828567364122
ENSG00000123342,4327,MMP19,0.8027936529379166
ENSG00000137673,4316,MMP7,1.1045226070940095
ENSG00000100985,4318,MMP9,-0.3492128871403984
ENSG00000120162,79817,MOB3B,-0.3068120366284296
ENSG00000142961,148932,MOB3C,0.2018968878531386
ENSG00000115275,7841,MOGS,0.5416386108474949
ENSG00000080823,5891,MOK,-0.8101353360471881
ENSG00000103111,22879,MON1B,-0.4345005202727771
ENSG00000197629,219972,MPEG1,-0.3574074516497239
ENSG00000103152,4350,MPG,-0.2366672814670933
ENSG00000051825,10198,MPHOSPH9,0.2478733696514156
ENSG00000117400,4352,MPL,-0.7496520255032829
,,MPP5,0.2747378430625582
ENSG00000150054,143098,MPP7,-0.2021374674116284
ENSG00000153029,3140,MR1,0.3064225559240525
ENSG00000135324,112609,MRAP2,0.282704710340128
ENSG00000260314,4360,MRC1,0.2546057798726399
ENSG00000011028,9902,MRC2,-0.2320183917135221
ENSG00000037757,84245,MRI1,-0.1326292649194056
ENSG00000171861,55178,MRM3,0.0467127122373044
ENSG00000179832,727957,MROH1,0.1014305750922166
ENSG00000224870,148413,MRPL20-AS1,-0.0017323981976104
ENSG00000167862,3396,MRPL58,-0.3660503668095832
ENSG00000062582,64951,MRPS24,0.2934877320683385
ENSG00000178860,9242,MSC,-1.0023872412167882
ENSG00000235531,100132891,MSC-AS1,-0.5224660166071874
ENSG00000113318,4437,MSH3,0.2307716069920185
,,MSL3P1,-0.1706899449844406
ENSG00000148450,22921,MSRB2,-0.1627573414073166
ENSG00000174099,253827,MSRB3,0.7146000597029034
ENSG00000117791,54996,MTARC2,-0.1306877188489184
ENSG00000168502,23255,MTCL1,0.6570633006487454
ENSG00000120832,80298,MTERF2,0.0649146516550463
ENSG00000156469,51001,MTERF3,0.0875071505909195
ENSG00000242114,51537,MTFP1,-0.5020024487537874
ENSG00000101181,26164,MTG2,0.1956594633543625
ENSG00000163738,441024,MTHFD2L,0.0514725229740363
ENSG00000177000,4524,MTHFR,-0.3893966475740146
ENSG00000277086,54893,MTMR10,0.3858973216269772
ENSG00000116984,4548,MTR,0.1938839186947672
ENSG00000120662,9617,MTRF1,0.5745963867924888
,100462977,MTRNR2L1,0.0726678448633556
ENSG00000124275,4552,MTRR,-0.5691599250811704
ENSG00000227053,102724094,MUC12-AS1,-1.7495383599706535
ENSG00000132781,4595,MUTYH,0.224407331486551
ENSG00000141971,93343,MVB12A,-1.171682923758393
ENSG00000167508,4597,MVD,-1.482039135712333
ENSG00000110921,4598,MVK,-0.8776489734492877
ENSG00000013364,9961,MVP,0.1650517022151294
ENSG00000157601,4599,MX1,-0.3022828087443014
ENSG00000059728,4084,MXD1,0.1475669948732633
ENSG00000213347,83463,MXD3,-0.6119514953606048
ENSG00000162576,54587,MXRA8,0.8522977374394194
ENSG00000132382,10514,MYBBP1A,-1.45759134124721
ENSG00000101057,4605,MYBL2,-0.4927756728750234
ENSG00000134323,4613,MYCN,-0.1365027530963649
ENSG00000172936,4615,MYD88,0.0190174291882106
ENSG00000104177,50804,MYEF2,-1.3031655617898694
ENSG00000140795,91807,MYLK3,-0.261596194996422
ENSG00000197879,4641,MYO1C,-0.4697799838189164
ENSG00000197535,4644,MYO5A,0.4699452573951233
ENSG00000128833,55930,MYO5C,-0.4871495470257187
ENSG00000099331,4650,MYO9B,-0.3987267580785324
ENSG00000036448,9172,MYOM2,-0.1375637106642881
ENSG00000162601,114803,MYSM1,-1.080015337410949
ENSG00000102921,9683,N4BP1,0.0535950278783884
ENSG00000172766,79612,NAA16,-0.03586966420713
ENSG00000110583,79829,NAA40,-0.1259040145052729
ENSG00000122390,79903,NAA60,-0.3721895953675842
ENSG00000138744,27163,NAAA,0.303661666038264
ENSG00000008130,65220,NADK,-1.069188311651871
ENSG00000172890,55191,NADSYN1,0.2886844804073966
ENSG00000103174,51172,NAGPA,-0.4157555553357083
ENSG00000170191,140838,NANP,0.7900346042483558
ENSG00000186310,4675,NAP1L3,0.6213922720705293
,100505681,NAPA-AS1,-0.071125867450924
ENSG00000278488,93100,NAPRT,-0.9460987458011376
ENSG00000090971,57106,NAT14,-0.2546284241699772
ENSG00000109065,26151,NAT9,0.9346519654355184
ENSG00000172915,26960,NBEA,-0.0844159226378429
ENSG00000292225,55672,NBPF1,0.0336462600933612
ENSG00000198496,10230,NBR2,-0.2711337459174467
ENSG00000151503,23310,NCAPD3,-0.4000734743635508
ENSG00000109805,64151,NCAPG,-0.1443557293589725
ENSG00000146918,54892,NCAPG2,0.3937015599095114
ENSG00000025770,29781,NCAPH2,-0.2393922802749077
ENSG00000188505,342897,NCCRP1,0.3598287388574647
ENSG00000020129,23154,NCDN,0.2320165266467722
ENSG00000100365,4689,NCF4,-0.1250315146577426
ENSG00000123338,3071,NCKAP1L,-0.4434835231271981
ENSG00000125912,56926,NCLN,0.3458804415458649
ENSG00000166579,81565,NDEL1,0.2362188047917555
ENSG00000104419,10397,NDRG1,0.374769326844741
ENSG00000103034,65009,NDRG4,1.1725653757166157
ENSG00000070614,3340,NDST1,0.3047384811717506
ENSG00000166507,8509,NDST2,0.0803155103876544
ENSG00000273616,,NDUFA6-DT,0.3259131499218675
ENSG00000156170,137682,NDUFAF6,0.0078812737161381
ENSG00000224877,284184,NDUFAF8,-0.3327462073757206
ENSG00000240889,100134713,NDUFB2-AS1,-0.3224193320455098
ENSG00000069869,4734,NEDD4,-0.0314570505994741
ENSG00000136098,4752,NEK3,0.1987108414072017
ENSG00000119408,10783,NEK6,1.125002941223186
ENSG00000185049,7469,NELFA,-0.2946729072231669
ENSG00000188986,25920,NELFB,-0.8509158617170751
ENSG00000162139,10825,NEU3,-0.1360700510116915
ENSG00000107954,9148,NEURL1,0.364064010042759
ENSG00000214357,54492,NEURL1B,-0.2581722980735176
ENSG00000124257,140825,NEURL2,0.6089042076547146
ENSG00000176953,84901,NFATC2IP,0.5269286265329091
ENSG00000165030,4783,NFIL3,0.6483218939647818
ENSG00000008441,4784,NFIX,0.7930598476536772
ENSG00000146232,4794,NFKBIE,0.7431792195062692
ENSG00000236346,4795,NFKBIL1,-0.8285014266699771
ENSG00000170322,4798,NFRKB,-0.0719841991407333
ENSG00000244005,9054,NFS1,-0.2128019819337051
ENSG00000064300,4804,NGFR,-0.1676027506767689
ENSG00000100503,51199,NIN,-0.3146646157122573
ENSG00000171840,4815,NINJ2,0.2044587276796132
ENSG00000140157,81614,NIPA2,-0.1610751349614884
ENSG00000285967,646719,NIPBL-DT,-0.5316358524621777
ENSG00000233382,,NKAPP1,0.3289078492656513
ENSG00000105374,4818,NKG7,0.8939045623159996
ENSG00000073536,54475,NLE1,0.3415506573935332
ENSG00000169760,22871,NLGN1,-0.1689065756869737
ENSG00000123213,57486,NLN,0.1094407069343646
ENSG00000197696,4828,NMB,0.0030889821522528
ENSG00000112981,8382,NME5,-0.3783922830602629
ENSG00000173614,64802,NMNAT1,0.1274213490589881
ENSG00000106733,54981,NMRK1,-1.0340946270455087
ENSG00000166741,4837,NNMT,-0.1554367671870694
ENSG00000188976,26155,NOC2L,-0.639173398532608
ENSG00000288146,79050,NOC4L,-0.849387071783904
ENSG00000273899,79159,NOL12,-0.1896255112665572
ENSG00000146909,64434,NOM1,-0.2489409825049455
ENSG00000103512,23420,NOMO1,0.0862595118005756
ENSG00000087269,8602,NOP14,-0.3911531625941213
ENSG00000196943,161424,NOP9,-0.5217743577195134
ENSG00000074181,4854,NOTCH3,-0.343907127628098
ENSG00000139910,4857,NOVA1,-0.789340873557259
ENSG00000144061,4867,NPHP1,0.7885184617555449
ENSG00000113971,27031,NPHP3,0.4500819812346878
ENSG00000135838,80896,NPL,0.8518796391099075
ENSG00000182446,55666,NPLOC4,-0.3477273447297673
ENSG00000169297,190,NR0B1,-0.0765174241316911
ENSG00000131408,7376,NR1H2,-0.6581881971372998
ENSG00000025434,10062,NR1H3,-0.6965177338851899
ENSG00000120798,7181,NR2C1,0.3991178649524439
ENSG00000237187,441094,NR2F1-AS1,0.7088302243532447
ENSG00000247809,644192,NR2F2-AS1,0.6831208775172909
ENSG00000160113,2063,NR2F6,0.0983406217129803
ENSG00000136931,2516,NR5A1,0.8721607814213574
ENSG00000157168,3084,NRG1,-1.2475699602339152
ENSG00000053702,83714,NRIP2,-0.9530649913290904
ENSG00000118257,8828,NRP2,0.6456775356014379
ENSG00000125841,80023,NRSN2,0.5059289979452948
ENSG00000179915,9378,NRXN1,0.4800312021140457
ENSG00000109685,7468,NSD2,-0.4968916787716977
ENSG00000107672,54780,NSMCE4A,0.2984807043021523
ENSG00000037474,54888,NSUN2,-1.0997047625563674
ENSG00000130305,55695,NSUN5,-0.292622443408883
ENSG00000141698,115024,NT5C3B,-0.2244469228242858
ENSG00000148053,4915,NTRK2,0.6523064693151948
ENSG00000074590,9891,NUAK1,0.3360731092561937
ENSG00000112874,83594,NUDT12,-0.3245169388669074
ENSG00000183828,256281,NUDT14,0.3524952917912175
ENSG00000149761,84304,NUDT22,-0.1909443413392725
ENSG00000143228,83540,NUF2,-0.49550445980301
ENSG00000083635,26747,NUFIP1,-0.2261639138747824
ENSG00000293201,255330,NUP210P1,0.247444189307734
ENSG00000225484,101060691,NUTM2B-AS1,0.2739643213013473
ENSG00000143748,4931,NVL,-0.0407435709912932
ENSG00000280563,64359,NXN,-0.069928847681635
ENSG00000144815,91775,NXPE3,-0.2152981206195884
ENSG00000184232,220323,OAF,0.1243567876240872
ENSG00000111335,4939,OAS2,-0.0971634160168537
ENSG00000111331,4940,OAS3,0.022438133977721
ENSG00000143450,51686,OAZ3,-0.5224999364000327
ENSG00000171102,29989,OBP2B,-0.0599742113871075
ENSG00000099330,79629,OCEL1,-0.273443166136194
ENSG00000197822,100506658,OCLN,-0.0972458146161935
ENSG00000122417,57489,ODF2L,-0.0277466143494103
ENSG00000046651,8481,OFD1,0.5882417838497881
ENSG00000105953,4967,OGDH,0.0363535128730713
ENSG00000111325,79676,OGFOD2,-0.5178149796074015
ENSG00000181396,79701,OGFOD3,0.291666807577723
ENSG00000060491,11054,OGFR,-1.0989450237939806
ENSG00000119900,79627,OGFRL1,0.4534625702498575
ENSG00000114026,4968,OGG1,-0.4645669590924752
ENSG00000104147,11339,OIP5,-0.6905940117950937
ENSG00000138315,170392,OIT3,0.7726347989524369
ENSG00000203907,441161,OOEP,-0.1316685238259815
ENSG00000125741,80207,OPA3,-0.1504834177872355
ENSG00000276045,84876,ORAI1,-0.4801742170583031
ENSG00000160991,80228,ORAI2,0.3130235811374189
ENSG00000085840,4998,ORC1,-0.1647617008132808
ENSG00000091651,23594,ORC6,-0.1085717761625656
ENSG00000144645,114884,OSBPL10,-0.0588000199633973
ENSG00000164823,734,OSGIN2,0.3031307316495421
ENSG00000164920,116039,OSR2,-0.3981728044686979
ENSG00000165312,220213,OTUD1,-0.6459705744431272
ENSG00000068308,55593,OTUD5,-0.0196029325412105
ENSG00000154124,90268,OTULIN,0.6988950667884198
,,OVOS2,-1.1610350864626957
ENSG00000154814,92106,OXNAD1,-0.5067925418720423
ENSG00000180914,5021,OXTR,0.5488896473917385
ENSG00000171631,5031,P2RY6,-1.4475995739263727
ENSG00000117385,64175,P3H1,0.3466196102535685
ENSG00000110811,10536,P3H3,0.3491461748985047
ENSG00000178467,54681,P4HTM,-1.000324086730526
ENSG00000100836,8106,PABPN1,0.2381882450677729
ENSG00000179364,23241,PACS2,-0.4854363703608375
ENSG00000100266,11252,PACSIN2,-0.8334660020076446
ENSG00000006712,54623,PAF1,-0.7475742109236352
ENSG00000238269,389860,PAGE2B,-0.2409466935529174
ENSG00000124374,400961,PAIP2B,0.1746150465720238
ENSG00000077264,5063,PAK3,-0.565882546567659
ENSG00000130669,10298,PAK4,0.1627146243060254
ENSG00000083093,79728,PALB2,-0.0225280287826722
ENSG00000099260,54873,PALMD,-0.2412419933086828
ENSG00000135473,9924,PAN2,0.0635929555639812
ENSG00000152782,53354,PANK1,0.3180151856816147
ENSG00000110218,24145,PANX1,0.2660198734702964
ENSG00000182752,5069,PAPPA,0.7556279349117443
ENSG00000188582,344838,PAQR9,0.0981008760656854
ENSG00000227345,8505,PARG,-0.3839864660143646
ENSG00000059378,64761,PARP12,0.6990152541473158
ENSG00000138617,54956,PARP16,-0.3130363266923392
ENSG00000137817,56965,PARP6,0.7020306473017637
ENSG00000138496,83666,PARP9,-0.4258994849033095
ENSG00000188677,29780,PARVB,0.0046285514538422
ENSG00000132849,10207,PATJ,-0.6536224641222751
ENSG00000166889,219988,PATL1,-0.1291363103110208
ENSG00000125618,7849,PAX8,0.7537642872173003
ENSG00000310560,286257,PAXX,0.161803282909983
ENSG00000224952,5089,PBX2,-0.4925103165833861
ENSG00000167081,5090,PBX3,0.2978388994322782
ENSG00000132570,84105,PCBD2,-0.2951034148136159
ENSG00000175198,5095,PCCA,-0.4107825658779515
ENSG00000274605,105370333,PCCA-DT,0.5272805434764422
ENSG00000118946,27253,PCDH17,0.4865045908600078
ENSG00000291690,56125,PCDHB11,-1.197196698657144
ENSG00000179715,91523,PCED1B,0.0518314379258509
ENSG00000165494,51585,PCF11,-0.0427118529961671
ENSG00000156374,84108,PCGF6,-0.0420786037243539
ENSG00000100982,63935,PCIF1,-0.1085295031901149
ENSG00000285241,5106,PCK2,1.2957977435316712
ENSG00000186472,27445,PCLO,-0.1797294588019948
ENSG00000160299,5116,PCNT,-0.8048483501052982
ENSG00000099139,5125,PCSK5,0.4263537732297457
ENSG00000141179,58488,PCTP,0.2318573983894206
ENSG00000145882,78991,PCYOX1L,-0.5104709179311155
ENSG00000126249,84306,PDCD2L,0.126759899158661
ENSG00000113448,5144,PDE4D,-0.7579821227598497
ENSG00000178104,9659,PDE4DIP,-0.4899647459490377
ENSG00000156973,5147,PDE6D,-0.5304538699148168
ENSG00000205268,5150,PDE7A,0.5013275853955592
ENSG00000171408,27115,PDE7B,0.3840739590526157
ENSG00000175087,149420,PDIK1L,-0.0263318785789098
ENSG00000152256,5163,PDK1,-0.395479439149019
ENSG00000004799,5166,PDK4,-0.5989385948051027
ENSG00000120913,64236,PDLIM2,-0.1929598544717862
ENSG00000154553,27295,PDLIM3,1.435853369532229
ENSG00000196923,9260,PDLIM7,0.0812565627901664
ENSG00000172840,57546,PDP2,0.1117748177004267
ENSG00000133401,23037,PDZD2,0.5511549537273541
ENSG00000162366,10158,PDZK1IP1,0.0225171026142792
ENSG00000121440,23024,PDZRN3,0.0907634850618534
ENSG00000187800,375033,PEAR1,-1.0826765677836574
ENSG00000197329,57162,PELI1,0.7634966033092618
ENSG00000139946,57161,PELI2,-0.0086228684879221
ENSG00000141456,27043,PELP1,0.2808704602979681
ENSG00000108733,5193,PEX12,0.4499200842524801
ENSG00000162928,5194,PEX13,0.3724094875734666
ENSG00000121680,9409,PEX16,-1.016087997635309
ENSG00000215193,55670,PEX26,-0.4182245724892844
ENSG00000124587,5190,PEX6,-0.1163570799783058
ENSG00000224782,10471,PFDN6,0.0152625448422242
ENSG00000170525,5209,PFKFB3,0.3224860927080232
ENSG00000141959,5211,PFKL,-0.7557872075136924
ENSG00000197121,80055,PGAP1,-0.3552055307469946
ENSG00000129925,58986,PGAP6,0.5562085657369381
ENSG00000119630,5228,PGF,-0.2453943579190782
ENSG00000165434,283209,PGM2L1,0.4931751321180661
ENSG00000184207,283871,PGP,0.0517502940448108
ENSG00000112137,221692,PHACTR1,-0.3513001818461602
ENSG00000111752,1911,PHC1,0.1053884267452683
ENSG00000109118,57649,PHF12,0.068700466249
ENSG00000119403,26147,PHF19,-0.2972579764431047
ENSG00000010318,51533,PHF7,0.5172235719876122
ENSG00000172943,23133,PHF8,0.8706657468463023
ENSG00000156873,5261,PHKG2,-0.1447683943718922
ENSG00000144824,90102,PHLDB2,-0.5524698884595771
ENSG00000040199,23035,PHLPP2,1.1520015430649602
ENSG00000175309,85007,PHYKPL,-0.0133794960299413
ENSG00000137558,51050,PI15,-0.7896654993494686
ENSG00000241973,5297,PI4KA,-0.3562014600534704
ENSG00000105229,51588,PIAS4,-0.7138027111721821
ENSG00000154864,63895,PIEZO2,1.481681377617013
ENSG00000174227,54872,PIGG,0.247447802730975
ENSG00000100564,5283,PIGH,-0.8142143422261124
ENSG00000197563,23556,PIGN,-0.6812792775462017
ENSG00000165282,84720,PIGO,-0.1769197689022964
ENSG00000133056,5287,PIK3C2B,-1.8803522343258487
ENSG00000100100,113791,PIK3IP1,0.4663779431967706
ENSG00000198355,415116,PIM3,0.0185646958027089
ENSG00000129195,54478,PIMREG,-0.6582896900011364
ENSG00000117242,100861548,PINK1-AS,-1.7647625254695498
ENSG00000258724,54984,PINX1,0.2993051348566042
ENSG00000143398,8394,PIP5K1A,1.1223206554208125
ENSG00000197181,55124,PIWIL2,0.5337981739332263
ENSG00000171033,5569,PKIA,0.372616708553329
ENSG00000123143,5585,PKN1,0.1362572967117464
ENSG00000057294,5318,PKP2,0.5416326204697716
ENSG00000103066,23659,PLA2G15,0.041837241652225
ENSG00000187980,391013,PLA2G2C,-0.4038117520501943
ENSG00000105499,8605,PLA2G4C,1.00229596312804
ENSG00000146070,7941,PLA2G7,-0.3131880407128076
ENSG00000126003,5326,PLAGL2,0.1795104347442313
ENSG00000011422,5329,PLAUR,-0.65715846316424
ENSG00000121316,79887,PLBD1,-0.5028818075840596
ENSG00000149782,5331,PLCB3,-1.873701837227572
ENSG00000161714,113026,PLCD3,0.0720242052827535
ENSG00000154822,23228,PLCL2,0.7962903692169554
ENSG00000182378,55344,PLCXD1,0.2070837184869513
ENSG00000182836,345557,PLCXD3,0.4816182074426528
ENSG00000178209,5339,PLEC,0.3077787328004857
ENSG00000115956,5341,PLEK,-0.1315794865927626
ENSG00000105559,57664,PLEKHA4,0.4205976564377476
ENSG00000175895,79666,PLEKHF2,-0.5728654847052901
ENSG00000090924,64857,PLEKHG2,-0.6111786354194293
ENSG00000116786,23207,PLEKHM2,0.1036920166349349
ENSG00000178385,389072,PLEKHM3,-0.4693262006231666
ENSG00000023902,51177,PLEKHO1,0.4881757933379828
ENSG00000166851,5347,PLK1,0.1876075991880691
ENSG00000102934,51090,PLLP,-0.3661800457109904
ENSG00000106397,8985,PLOD3,0.0490347848150031
ENSG00000067113,8611,PLPP1,-0.1496086979125198
ENSG00000114554,5361,PLXNA1,0.6966030233288634
ENSG00000130827,55558,PLXNA3,0.6968171252226456
ENSG00000196576,23654,PLXNB2,-0.3121906879916234
ENSG00000141682,5366,PMAIP1,0.0554488959472974
ENSG00000124225,56937,PMEPA1,-0.564082522573366
ENSG00000140464,5371,PML,0.5524596127194357
ENSG00000140650,5373,PMM2,-0.7929954318951241
ENSG00000122512,5395,PMS2,0.1218023458111684
ENSG00000039650,11284,PNKP,-0.583370519738064
ENSG00000240694,10687,PNMA2,-0.4818930424572006
ENSG00000115946,56902,PNO1,-0.0132871414441103
ENSG00000139323,282809,POC1B,-0.2773959673300898
ENSG00000152359,134359,POC5,0.3964455983323406
ENSG00000178202,143888,POGLUT3,-0.0625576841045998
ENSG00000101868,5422,POLA1,0.007268842117392
ENSG00000100479,5427,POLE2,-0.621538454736896
ENSG00000140521,5428,POLG,0.0276360523184118
ENSG00000170734,5429,POLH,-0.0481724455278777
ENSG00000101751,11201,POLI,-0.5006584254347826
ENSG00000166169,27343,POLL,-1.3919481011367203
ENSG00000181222,5430,POLR2A,-0.6773383133125254
ENSG00000099821,5442,POLRMT,0.4147655415823816
ENSG00000272391,100101267,POM121C,0.010532657872875
ENSG00000144647,84892,POMGNT2,0.5878634294607695
ENSG00000130714,10585,POMT1,-0.7631641211841896
ENSG00000105852,5446,PON3,-0.3460735613970642
ENSG00000104356,10940,POP1,0.0953525047779271
ENSG00000224897,401398,POT1-AS1,0.4482894624690611
ENSG00000130810,56342,PPAN,-0.0028647877658707
ENSG00000132170,5468,PPARG,0.3737788192817308
ENSG00000125534,79144,PPDPF,1.0644224112834084
ENSG00000288198,8500,PPFIA1,-0.0731500634062598
ENSG00000166387,8495,PPFIBP2,-0.026598997308806
ENSG00000168938,5480,PPIC,0.0677145994633889
ENSG00000111110,57460,PPM1H,0.1120078060121846
ENSG00000143224,5498,PPOX,0.4709567886572358
ENSG00000173457,26472,PPP1R14B,-0.634668001234271
ENSG00000087074,23645,PPP1R15A,0.0661501106984431
ENSG00000160972,84988,PPP1R16A,-0.1164549502027147
ENSG00000135447,5502,PPP1R1A,0.4210969368985202
ENSG00000162869,129285,PPP1R21,0.482496946369443
ENSG00000173281,79660,PPP1R3B,0.1289980015236868
ENSG00000119698,57718,PPP4R4,-0.4470345095372259
ENSG00000105063,22870,PPP6R1,0.2202585325721873
ENSG00000148840,23082,PPRC1,-0.690367655426709
ENSG00000116731,7799,PRDM2,-0.0439901886134975
ENSG00000110851,11108,PRDM4,-0.046120084925332
ENSG00000188783,5549,PRELP,0.5084304966493026
ENSG00000124126,57580,PREX1,0.2730448928486725
ENSG00000163637,166336,PRICKLE2,0.5469950040640547
ENSG00000162409,5563,PRKAA2,0.3133118179259619
ENSG00000188191,5575,PRKAR1B,-0.5403050288017552
ENSG00000166501,5579,PRKCB,0.594322110615102
ENSG00000163932,5580,PRKCD,-0.9142153581530212
ENSG00000130175,5589,PRKCSH,-0.3948830644529589
ENSG00000185532,5592,PRKG1,-0.1987718148002388
ENSG00000164169,90826,PRMT9,-0.202180484630168
ENSG00000120685,80209,PROSER1,0.6418115737188188
ENSG00000117707,5629,PROX1,0.1664225200345468
ENSG00000112619,5961,PRPH2,-0.2838451007982517
ENSG00000068489,55771,PRR11,-0.3130026211145421
ENSG00000163704,285368,PRRT3,-0.1610377466580088
ENSG00000116132,5396,PRRX1,0.9540113171370412
ENSG00000146250,167681,PRSS35,-0.3146693616384103
ENSG00000106772,158471,PRUNE2,0.9535555537483004
ENSG00000239836,5698,PSMB9,-0.8251973859468971
ENSG00000121390,55269,PSPC1,-0.1053949256987868
ENSG00000134222,84722,PSRC1,0.1984628265597275
ENSG00000148334,80142,PTGES2,-0.6370512805447696
ENSG00000140043,145482,PTGR2,0.32947310746906
ENSG00000095303,5742,PTGS1,0.0875622974736183
ENSG00000112655,5754,PTK7,0.013259442759831
ENSG00000072135,26469,PTPN18,-0.8204698792473832
ENSG00000088179,5775,PTPN4,0.4637205292323423
ENSG00000225706,101929407,PTPRD-AS1,0.0810550412053124
ENSG00000241472,100506994,PTPRG-AS1,-0.9287330107450184
ENSG00000169972,126789,PUSL1,-0.2700841021924969
ENSG00000073008,5817,PVR,1.2143225394407804
ENSG00000279192,8123,PWAR5,-0.4969182143160283
,100506965,PWAR6,0.3407498347676017
ENSG00000168297,54899,PXK,-0.1835273632376651
ENSG00000089159,5829,PXN,-0.0402581267700148
ENSG00000155893,92370,PXYLP1,0.6839319336156532
ENSG00000183010,5831,PYCR1,0.6292236397526454
ENSG00000104524,65263,PYCR3,-0.1200988617788264
ENSG00000100504,5836,PYGL,2.3484881313115245
ENSG00000171016,26108,PYGO1,0.6587593994575007
ENSG00000048991,23518,R3HDM1,-0.2090729386068091
ENSG00000185236,9230,RAB11B,0.3412149975021788
ENSG00000269386,100507567,RAB11B-AS1,-0.0900632310093923
ENSG00000139998,376267,RAB15,1.080989679154545
ENSG00000146955,401409,RAB19,-1.4648093246573015
ENSG00000139832,55647,RAB20,0.4864028537834969
ENSG00000169228,53917,RAB24,0.2345549453203018
ENSG00000069974,5873,RAB27A,0.6801409606715075
ENSG00000157869,9364,RAB28,0.3936490123936536
ENSG00000100228,9609,RAB36,1.015349193042237
ENSG00000123892,23682,RAB38,0.0772288670353625
ENSG00000188060,115273,RAB42,1.013747697691113
ENSG00000123570,51209,RAB9B,-0.7337324249924296
ENSG00000029725,9135,RABEP1,0.6520607444209895
ENSG00000196642,55684,RABL6,-0.1365588031592275
ENSG00000128340,5880,RAC2,0.3238926831676201
ENSG00000070950,56852,RAD18,-0.5593782319152887
ENSG00000179262,5886,RAD23A,-0.4035462979597685
ENSG00000051180,5888,RAD51,0.2401318418085731
ENSG00000002016,5893,RAD52,-1.0554297776450814
ENSG00000174373,253959,RALGAPA1,-0.4240900151262944
ENSG00000188559,57186,RALGAPA2,-0.7356067622957484
ENSG00000160271,5900,RALGDS,0.2241085779870195
ENSG00000010017,10048,RANBP9,0.291655058541504
ENSG00000100401,5905,RANGAP1,-0.4908802097269774
ENSG00000136237,9771,RAPGEF5,-0.538325162466229
ENSG00000158987,51735,RAPGEF6,-0.2610491001142075
ENSG00000173166,65059,RAPH1,-0.5613906177922373
ENSG00000075391,9462,RASAL2,-0.2094172546002033
ENSG00000152689,25780,RASGRP3,-0.5244832426147339
ENSG00000128045,65997,RASL11B,-0.7667159596551505
ENSG00000068028,11186,RASSF1,-0.2416899935961753
ENSG00000107551,83937,RASSF4,-0.1014903516922493
ENSG00000162437,55225,RAVER2,0.5867588419126912
ENSG00000146587,57786,RBAK,0.2831382740077299
ENSG00000101546,79863,RBFA,0.4756922119340893
ENSG00000103479,5934,RBL2,-0.6745333417577003
ENSG00000182872,8241,RBM10,-0.3986751919152957
ENSG00000185272,54033,RBM11,-0.7437060679392596
ENSG00000162775,64783,RBM15,-0.0158842485490089
ENSG00000122965,9904,RBM19,-0.1974009765242292
ENSG00000227354,100505538,RBM26-AS1,0.5817068050800339
ENSG00000184863,155435,RBM33,-0.6646196244136491
ENSG00000089682,55285,RBM41,-0.146662446568201
ENSG00000184898,375287,RBM43,-0.2092769149393221
ENSG00000155636,129831,RBM45,-0.6267674379334521
ENSG00000151962,166863,RBM46,-0.9249131226494408
ENSG00000163694,54502,RBM47,-0.2351042469807735
ENSG00000004534,10180,RBM6,-0.3908021143851037
ENSG00000162444,116362,RBP7,-0.3074428290086589
ENSG00000159200,1827,RCAN1,0.0221294920028528
ENSG00000274523,81554,RCC1L,-0.1724314576175626
ENSG00000198771,92241,RCSD1,-0.5096772540679478
ENSG00000183324,283677,REC114,0.5296449751845285
ENSG00000004700,5965,RECQL,-0.176954834764571
ENSG00000214022,29803,REPIN1,-0.236185519748994
ENSG00000134533,85004,RERG,-0.0494528145277044
ENSG00000135945,51455,REV1,-0.3336889971175026
ENSG00000148300,57109,REXO4,0.3012382652871374
ENSG00000005189,81691,REXO5,-0.3968421860308648
ENSG00000175449,317671,RFESD,1.1297573730171957
ENSG00000135002,55312,RFK,-0.2513991453382991
ENSG00000080298,5991,RFX3,-0.3316291317682224
ENSG00000181827,64864,RFX7,0.5723535276067065
ENSG00000224841,5863,RGL2,-0.217470546232571
ENSG00000174136,285704,RGMB,-0.2095014420683609
ENSG00000107185,9827,RGP1,0.1724890173825192
ENSG00000117152,5999,RGS4,0.3534532646259317
ENSG00000100263,25807,RHBDD3,0.0815323351960576
ENSG00000008853,23221,RHOBTB2,0.2333749622673128
ENSG00000173156,29984,RHOD,-0.3122553807320035
ENSG00000126785,57381,RHOJ,-0.6293612369123701
ENSG00000107036,57589,RIC1,0.7274719980084924
ENSG00000111785,55188,RIC8B,-0.7262190312138843
ENSG00000188026,353116,RILPL1,-0.7564654504889532
ENSG00000101098,140730,RIMS4,0.0305360036995274
ENSG00000135249,60561,RINT1,0.942901810224152
ENSG00000170854,84864,RIOX2,0.5213891971412887
ENSG00000104312,8767,RIPK2,-0.1931578071160687
ENSG00000039523,79567,RIPOR1,0.8533089733297282
ENSG00000117000,6018,RLF,-0.8692565253126884
ENSG00000115841,151393,RMDN2,0.3174964385616686
ENSG00000175643,116028,RMI2,-0.0530741184581659
ENSG00000161939,100529209,RNASEK-C17orf49,0.5364037561366379
ENSG00000135828,6041,RNASEL,-0.514295850528227
ENSG00000239305,7844,RNF103,-0.2732205929560635
ENSG00000265491,27246,RNF115,-0.3203241411255569
ENSG00000113269,55819,RNF130,-0.242188803605812
ENSG00000181481,84282,RNF135,0.2100354401285617
ENSG00000137393,255488,RNF144B,-1.1225281043530906
ENSG00000166439,254225,RNF169,-0.5195198201938552
ENSG00000167257,257160,RNF214,-0.2922925308004436
ENSG00000146373,154214,RNF217,-0.1648340361791886
ENSG00000179859,284023,RNF227,0.4174299046093217
ENSG00000163481,64320,RNF25,-0.0267719788800676
ENSG00000092098,55072,RNF31,0.3159026768948685
ENSG00000146083,22838,RNF44,-0.1469629150764843
ENSG00000135119,84900,RNFT2,-0.1507968383442647
ENSG00000111880,8732,RNGTT,0.4730667274816571
ENSG00000142327,57140,RNPEPL1,0.5254058546040556
ENSG00000065371,54763,ROPN1,0.1024222516788407
ENSG00000114547,152015,ROPN1B,0.6949702830640117
ENSG00000102218,6102,RP2,0.5004845541554387
ENSG00000103932,26015,RPAP1,0.5333938515542809
ENSG00000153574,22934,RPIA,-0.2815954457769647
ENSG00000240356,118433,RPL23AP7,-0.4116064348832666
ENSG00000290993,132241,RPL32P3,0.0849439708761329
ENSG00000177519,56475,RPRM,-0.4476511698051122
ENSG00000281877,6195,RPS6KA1,-0.1725779436173767
ENSG00000071242,6196,RPS6KA2,-0.8570752649084555
ENSG00000100784,9252,RPS6KA5,0.0344749927402789
ENSG00000108443,6198,RPS6KB1,0.1297792929288949
,653162,RPSAP9,-0.527372891070146
ENSG00000025039,58528,RRAGD,0.4282343765714868
ENSG00000133818,22800,RRAS2,0.5844032815412014
ENSG00000048392,50484,RRM2B,0.0760612481709574
,,RRNAD1,0.1622434861926946
ENSG00000160214,8568,RRP1,-0.9646963550486732
ENSG00000052749,23223,RRP12,0.0944638938963595
ENSG00000124541,88745,RRP36,-0.0322580965272093
ENSG00000136444,55316,RSAD1,0.1066215769126922
ENSG00000134321,91543,RSAD2,-1.2317564518113402
ENSG00000100218,27156,RSPH14,0.3097953735617164
ENSG00000130363,83861,RSPH3,0.0976078809079782
ENSG00000117616,57035,RSRP1,-0.5498264074271013
ENSG00000182010,219790,RTKN2,-0.5835338561088295
ENSG00000242732,340526,RTL5,0.4377782623855594
ENSG00000212747,441518,RTL8B,-0.1205968459875289
ENSG00000243978,57529,RTL9,0.0224474508973267
ENSG00000130347,84816,RTN4IP1,-0.1679401109270025
ENSG00000176225,25914,RTTN,-0.582969499224056
ENSG00000284260,80230,RUFY1,-0.4953758348665361
ENSG00000198863,146923,RUNDC1,0.6312636288783527
ENSG00000160753,23623,RUSC1,-0.2004449589252292
ENSG00000186350,6256,RXRA,-0.3775349646193435
ENSG00000206289,6257,RXRB,0.0926606741301383
ENSG00000118600,10329,RXYLT1,-0.2659663462910587
ENSG00000143546,6279,S100A8,0.205458496558279
ENSG00000166788,113174,SAAL1,0.3529314169784833
ENSG00000160633,6294,SAFB,0.2018696063964773
ENSG00000130254,9667,SAFB2,-1.3532916820160454
ENSG00000165821,6297,SALL2,-0.1786415453631722
ENSG00000203943,148418,SAMD13,-0.2013047668770959
ENSG00000179134,55095,SAMD4B,0.9385323836055588
ENSG00000156671,142891,SAMD8,-0.32216598482507
ENSG00000004139,23098,SARM1,0.5047432700473946
ENSG00000283104,54938,SARS2,0.0996789362713305
ENSG00000175467,9092,SART1,0.0300978545426934
ENSG00000075856,9733,SART3,0.5765676986446799
ENSG00000111961,23328,SASH1,0.1371731818660632
ENSG00000156876,163786,SASS6,0.1058795620151305
ENSG00000151748,60485,SAV1,-0.0206374772953656
ENSG00000133812,81846,SBF2,0.6055761211663028
ENSG00000164764,157869,SBSPON,0.3204129508863523
ENSG00000156304,57466,SCAF4,-0.2195902767888176
ENSG00000173611,286205,SCAI,0.1817399943987393
ENSG00000245556,728769,SCAMP1-AS1,0.4511506516201198
ENSG00000198794,192683,SCAMP5,0.7874373400883548
ENSG00000140386,49855,SCAPER,-0.024841714510047
ENSG00000168077,51435,SCARA3,-0.3579180059425779
ENSG00000073060,949,SCARB1,-0.1242143120759287
ENSG00000184178,152579,SCFD2,-0.628781610416931
ENSG00000164265,117156,SCGB3A2,-0.0703860888824202
ENSG00000151466,132320,SCLT1,-0.7047011124575383
ENSG00000010803,22955,SCMH1,0.4042466942781526
ENSG00000169432,6335,SCN9A,-0.7609177087346655
ENSG00000141295,90507,SCRN2,-0.4596535541855888
ENSG00000144306,79634,SCRN3,0.4849097843778723
ENSG00000159307,80274,SCUBE1,0.5718796698860278
ENSG00000146197,222663,SCUBE3,0.2575502958365663
ENSG00000142186,57410,SCYL1,-0.5731256938388629
ENSG00000228451,,SDAD1P1,0.5152654626857679
ENSG00000115884,6382,SDC1,-0.0916674145986769
ENSG00000162512,9672,SDC3,-0.1533693633956576
ENSG00000143751,163859,SDE2,0.0487805619383374
ENSG00000184860,93517,SDR42E1,0.5739729431643312
ENSG00000139410,113675,SDSL,-0.3959513556906091
ENSG00000138018,85465,SELENOI,-0.3477298645934631
ENSG00000162430,57190,SELENON,0.2536002206295382
ENSG00000153993,223117,SEMA3D,0.1954994197643167
ENSG00000185033,10509,SEMA4B,0.0364777292015117
ENSG00000187764,10507,SEMA4D,-0.2993768726792031
ENSG00000095539,57715,SEMA4G,-0.6086633667019763
ENSG00000137872,80031,SEMA6D,0.6876868220209035
ENSG00000138623,8482,SEMA7A,-0.6741594900290234
ENSG00000109618,51091,SEPSECS,1.03979353624673
ENSG00000164402,23176,SEPTIN8,0.1612733643016937
ENSG00000151778,387923,SERP2,0.1590158122197401
ENSG00000106366,5054,SERPINE1,-0.7930905136403642
ENSG00000197019,29950,SERTAD1,0.0009165461414514
,574036,SERTAD4-AS1,0.3172699396696274
ENSG00000285069,83667,SESN2,-0.4439181752670669
ENSG00000152217,26040,SETBP1,0.341268760096055
ENSG00000139718,23067,SETD1B,0.2378550338664031
ENSG00000103037,79918,SETD6,0.7208093165355791
ENSG00000155542,133383,SETD9,-1.067157208694905
ENSG00000136169,83852,SETDB2,0.3365639777928495
ENSG00000170364,6419,SETMAR,-0.0419187755129995
ENSG00000174938,26470,SEZ6L2,0.1417456726306503
ENSG00000143368,10262,SF3B4,-0.825383856444989
ENSG00000163935,51460,SFMBT1,0.5201313699650502
ENSG00000061936,6433,SFSWAP,0.8303543966603512
ENSG00000156398,118980,SFXN2,-0.1167701472488257
ENSG00000170624,6444,SGCD,0.069560163472983
ENSG00000163535,151246,SGO2,-0.8233046248628604
ENSG00000100359,27352,SGSM3,-0.5562793635841423
ENSG00000104969,6449,SGTA,-0.1432803156774595
ENSG00000111252,10019,SH2B3,0.5484809315303625
ENSG00000087266,6452,SH3BP2,0.2553946053574585
ENSG00000109686,152503,SH3D19,0.4394669533909871
ENSG00000174705,285590,SH3PXD2B,0.1862315014102856
ENSG00000179526,81858,SHARPIN,0.4244546666314668
ENSG00000160691,6464,SHC1,-0.4637753576889992
ENSG00000105251,56961,SHD,-0.2818763574255695
ENSG00000130813,55337,SHFL,-0.3465623661445005
ENSG00000160410,92799,SHKBP1,-0.2745608041117205
ENSG00000122376,54537,SHLD2,0.3739649651506255
ENSG00000197417,23729,SHPK,0.2906601831527497
ENSG00000146414,257218,SHPRH,-0.9368310150969198
ENSG00000146950,357,SHROOM2,-0.0036467599257461
ENSG00000158352,57477,SHROOM4,0.284549219651926
ENSG00000181788,6478,SIAH2,-0.0392020314920614
ENSG00000254415,100049587,SIGLEC14,0.1627847985434711
ENSG00000170145,23235,SIK2,0.3282829667767928
ENSG00000160584,23387,SIK3,0.0536521105678419
ENSG00000197555,26037,SIPA1L1,0.5102472463615387
ENSG00000105738,23094,SIPA1L3,-2.0376819233012378
ENSG00000142082,23410,SIRT3,-0.2317727017033169
ENSG00000089163,23409,SIRT4,-0.0807442578223245
ENSG00000165480,221150,SKA3,-0.0258008504272443
ENSG00000157933,6497,SKI,-0.7648141853848024
ENSG00000126903,8273,SLC10A3,0.8300988128312263
ENSG00000276482,10723,SLC12A7,-0.4861214873716575
ENSG00000221955,84561,SLC12A8,0.1397190908762758
ENSG00000110446,51296,SLC15A3,-0.4107096363047027
ENSG00000112394,117247,SLC16A10,0.1884239569905122
ENSG00000147100,6567,SLC16A2,-0.3464153419272506
ENSG00000118596,9194,SLC16A7,-0.3733052947949067
ENSG00000165449,220963,SLC16A9,-0.1879295326914483
ENSG00000146409,116843,SLC18B1,-0.2385726459030297
ENSG00000105143,6511,SLC1A6,-0.4300353521008666
ENSG00000092096,51310,SLC22A17,-0.4098146367083571
ENSG00000197375,6584,SLC22A5,-0.9008339652751652
ENSG00000100075,6576,SLC25A1,-0.0269886499009585
ENSG00000122912,8034,SLC25A16,0.0146105204014783
ENSG00000183032,89874,SLC25A21,1.2059263099485258
ENSG00000125648,79085,SLC25A23,0.619307958515562
ENSG00000155287,81894,SLC25A28,0.56946197638403
ENSG00000160785,9673,SLC25A44,-0.4252559579898537
ENSG00000162241,283130,SLC25A45,-2.639743333439871
ENSG00000122696,92014,SLC25A51,0.0305006356165712
ENSG00000167114,10999,SLC27A4,-0.6775534049017139
ENSG00000113396,28965,SLC27A6,0.3216133349084847
ENSG00000117394,6513,SLC2A1,-0.5835622489868624
ENSG00000275744,66035,SLC2A11,-0.127497172957087
ENSG00000288174,6517,SLC2A4,-0.6185103500793651
ENSG00000196660,55532,SLC30A10,-0.2408940344676104
ENSG00000292209,7355,SLC35A2,0.0390512998650532
ENSG00000124786,51000,SLC35B3,0.1994366505399637
ENSG00000181830,55343,SLC35C1,-0.0796843951034669
ENSG00000130958,11046,SLC35D2,0.3753717958408046
ENSG00000175782,55508,SLC35E3,-0.3747993524286019
ENSG00000180773,120103,SLC36A4,-0.1550817333326962
ENSG00000134955,219855,SLC37A2,0.2823175076445032
ENSG00000103042,55238,SLC38A7,-0.0381545845344321
ENSG00000165915,91252,SLC39A13,-0.3346138494648229
ENSG00000147804,55630,SLC39A4,-1.4224561954705712
ENSG00000229802,7922,SLC39A7,0.4189852909041823
ENSG00000138821,64116,SLC39A8,-0.2035149214155055
ENSG00000149150,8501,SLC43A1,0.2919281656139741
ENSG00000293271,101928079,SLC44A3-AS1,0.4672779973278171
ENSG00000022567,57210,SLC45A4,0.2430376653910874
ENSG00000138463,84925,SLC49A4,0.7157839690000616
ENSG00000164889,6522,SLC4A2,0.2228153033814469
ENSG00000050438,9498,SLC4A8,-0.3918136477485565
ENSG00000185803,79581,SLC52A2,-0.1010098571572824
ENSG00000101276,113278,SLC52A3,-0.0585334457258612
ENSG00000040487,54896,SLC66A1,-0.2094060265234202
ENSG00000122490,80148,SLC66A2,-0.3112293012173102
ENSG00000131389,6533,SLC6A6,-0.7670034257986612
ENSG00000151012,23657,SLC7A11,0.3858303934175161
ENSG00000165349,84889,SLC7A3,0.4235742871769604
,,SLC9A3R1,0.3217879698876549
ENSG00000198689,10479,SLC9A6,-0.4910802903850967
ENSG00000172123,55106,SLFN12,-0.7765540459223624
ENSG00000166750,162394,SLFN5,1.0676280750600269
ENSG00000185985,84631,SLITRK2,-0.3870118945864026
ENSG00000184564,84189,SLITRK6,0.3898751210852839
ENSG00000101665,4092,SMAD7,0.3597936266386962
ENSG00000084070,64744,SMAP2,0.556982604278502
ENSG00000108604,6603,SMARCD2,-0.5241234931741735
ENSG00000163029,79677,SMC6,0.5221953353561782
ENSG00000157106,23049,SMG1,0.5074118423009908
ENSG00000167447,55181,SMG8,0.4947127700015007
ENSG00000184785,644538,SMIM10,0.0307435623513464
ENSG00000224531,221710,SMIM13,-0.5494205639014261
ENSG00000088826,54498,SMOX,0.2533563295919129
ENSG00000166311,6609,SMPD1,0.9353492592794022
ENSG00000172594,10924,SMPDL3A,0.6345274681433212
,107133515,SMURF2P1-LRRC37BP1,-0.0061932924130743
ENSG00000143740,116841,SNAP47,-0.361174517739052
ENSG00000104976,6618,SNAPC2,-0.8466656099439249
ENSG00000247092,283596,SNHG10,0.2451897552054395
ENSG00000197989,85028,SNHG12,-0.520644509964329
,104472715,SNHG14,0.5474299352717473
ENSG00000250786,100505806,SNHG18,0.1141901508597412
ENSG00000233016,84973,SNHG7,0.650470502533531
ENSG00000184602,8303,SNN,-0.0695414228819988
ENSG00000168566,154007,SNRNP48,-0.267802647129127
ENSG00000104852,6625,SNRNP70,-1.2077828883197117
ENSG00000077312,6626,SNRPA,0.8621135477545696
ENSG00000104497,64089,SNX16,0.1131333591373715
ENSG00000124104,90203,SNX21,-0.0865182894216439
ENSG00000148158,401548,SNX30,-0.0983850955832626
ENSG00000130340,51429,SNX9,-0.3551069792095604
ENSG00000112320,55084,SOBP,0.778084954514158
ENSG00000184557,9021,SOCS3,-0.0933341913247336
,,SOGA1,-0.4646802929944694
ENSG00000095637,10580,SORBS1,0.0360968566958884
ENSG00000108018,114815,SORCS1,0.1774040713671669
ENSG00000137642,6653,SORL1,0.216048884126382
ENSG00000100485,6655,SOS2,-0.1112495882802776
ENSG00000100146,6663,SOX10,0.4906887443942077
ENSG00000110693,55553,SOX6,0.0768512393946786
ENSG00000171056,83595,SOX7,0.2089522440884061
ENSG00000234899,400618,SOX9-AS1,-0.4509024133887034
ENSG00000067066,6672,SP100,0.4848637013073637
ENSG00000165698,11092,SPACA9,-0.4128970045729995
ENSG00000277215,619455,SPANXA2-OT1,0.4109578931673567
ENSG00000182957,221178,SPATA13,0.0692102864430226
ENSG00000006282,64847,SPATA20,-0.4580729462213181
,,SPATA5,-0.4207937048882083
ENSG00000042317,55812,SPATA7,0.2455796443103264
ENSG00000160284,84221,SPATC1L,-0.4430022449234677
ENSG00000128487,92521,SPECC1,-0.1504887583971836
ENSG00000100014,23384,SPECC1L,-0.1105306574436797
ENSG00000152582,79925,SPEF2,0.0313417752771836
ENSG00000065526,23013,SPEN,0.5070578459758328
ENSG00000163611,152185,SPICE1,-0.2587750910906843
ENSG00000186767,139886,SPIN4,0.4091322490665838
ENSG00000164266,6690,SPINK1,0.1486450440033509
ENSG00000128040,6691,SPINK2,0.2031296499690654
ENSG00000134278,56907,SPIRE1,0.7942456387949208
ENSG00000183018,124976,SPNS2,0.2173252576895453
ENSG00000159674,10417,SPON2,-0.0948059749193639
ENSG00000144228,339745,SPOPL,0.3408454516471121
ENSG00000198917,51490,SPOUT1,-0.633688337179121
ENSG00000198369,200734,SPRED2,-0.5627539786524685
ENSG00000203785,6704,SPRR2E,0.3785354812582329
ENSG00000010072,83932,SPRTN,-0.5973259756341757
ENSG00000167778,84926,SPRYD3,0.5676635765587444
ENSG00000123178,57213,SPRYD7,-0.2868107066571811
ENSG00000162032,90864,SPSB3,-0.6206174926619312
ENSG00000179119,144108,SPTY2D1,-0.0610663127590968
,,SPTY2D1OS,-0.9713284751227764
ENSG00000080603,10847,SRCAP,-0.4694685069671412
ENSG00000128039,79644,SRD5A3,-0.1617686514680723
ENSG00000112658,6722,SRF,0.63021635424739
ENSG00000266028,23380,SRGAP2,-0.1010175342096435
ENSG00000171943,653464,SRGAP2C,-0.013882677302848
ENSG00000196220,9901,SRGAP3,0.3998585056805649
ENSG00000167720,63826,SRR,0.5432507863856035
ENSG00000100104,402055,SRRD,-0.3536946768276437
ENSG00000087087,51593,SRRT,-0.3594899245235771
ENSG00000154548,135295,SRSF12,0.3947054336473044
ENSG00000111786,8683,SRSF9,-0.8621919039515836
ENSG00000184895,6736,SRY,0.406492135354435
ENSG00000184402,26039,SS18L1,0.6987042288991935
ENSG00000130511,170463,SSBP4,0.7818870724136535
ENSG00000084112,54434,SSH1,-0.4342658527069734
ENSG00000278195,6753,SSTR3,-0.3700848234831962
ENSG00000117155,117178,SSX2IP,0.6194009421106023
ENSG00000144057,84620,ST6GAL2,-0.3028189673141366
ENSG00000184005,256435,ST6GALNAC3,0.5366681766881369
ENSG00000136840,27090,ST6GALNAC4,0.1212229929371819
ENSG00000160408,30815,ST6GALNAC6,0.2817581726453558
ENSG00000111728,6489,ST8SIA1,-0.4387452990791462
ENSG00000113532,7903,ST8SIA4,-0.1940476320096668
,,STAM-AS1,-0.6995320621381862
ENSG00000178078,55620,STAP2,-0.8942555738637579
ENSG00000131748,10948,STARD3,-0.69176656555016
ENSG00000173757,6777,STAT5B,-0.2645783353005876
ENSG00000167323,6786,STIM1,0.976071122215218
ENSG00000109689,57620,STIM2,0.7523465909550389
ENSG00000213533,375346,STIMATE,0.7708454934286012
ENSG00000144589,114790,STK11IP,0.2063817932109157
ENSG00000196335,56164,STK31,0.8879130250376528
ENSG00000130413,65975,STK33,-0.1074450770861645
ENSG00000125834,140901,STK35,-0.4909333740711717
ENSG00000163482,27148,STK36,0.2931278341089455
ENSG00000112079,11329,STK38,-0.4538328934756249
ENSG00000198648,27347,STK39,0.570889558195407
ENSG00000196182,83931,STK40,0.5535745868683734
ENSG00000067221,9399,STOML1,-0.6723883082673755
ENSG00000173320,56977,STOX2,-0.0981887359534049
ENSG00000288257,64220,STRA6,0.3030173675140398
ENSG00000266173,92335,STRADA,0.2133323922038324
ENSG00000090372,29888,STRN4,-0.3026159090306936
ENSG00000168818,53407,STX18,-0.2252948313701176
ENSG00000103496,6810,STX4,0.6530048649149618
ENSG00000162236,6811,STX5,-0.902412367086582
ENSG00000136854,6812,STXBP1,0.4715959038615094
ENSG00000166263,252983,STXBP4,-0.4562935186447967
ENSG00000164506,134957,STXBP5,-0.0007249739095915
ENSG00000064607,10147,SUGP2,-0.0188108025648265
ENSG00000196502,6817,SULT1A1,-0.0865180179685035
ENSG00000109193,6783,SULT1E1,-0.2410618196002184
ENSG00000100242,25777,SUN2,0.2225577961406558
ENSG00000223611,170067,SUPT20HL2,-1.2634843894929506
ENSG00000156502,6832,SUPV3L1,-0.2582700704368852
ENSG00000281309,6838,SURF6,-0.0178121737696084
ENSG00000101945,6839,SUV39H1,-0.0622387747644131
,440423,SUZ12P1,-0.7246459250255802
ENSG00000116668,54823,SWT1,-0.0340252304271802
ENSG00000205078,100130958,SYCE1L,-0.130470341992577
ENSG00000179751,342898,SYCN,0.4919701146131385
ENSG00000139351,50511,SYCP3,0.0772299261639352
ENSG00000165025,6850,SYK,0.2873780443339214
ENSG00000131018,23345,SYNE1,-0.288589410218585
ENSG00000078269,8871,SYNJ2,1.6719699491359954
ENSG00000143028,284612,SYPL2,-0.2924409559369235
ENSG00000067715,6857,SYT1,-0.1928861081510819
ENSG00000143469,255928,SYT14,0.5729089472838956
ENSG00000162298,84447,SYVN1,-0.2955500633555399
ENSG00000136463,51204,TACO1,-0.1533387260521962
ENSG00000184292,4070,TACSTD2,0.9332155778817768
ENSG00000173011,93624,TADA2B,-0.4496517695715427
ENSG00000166337,6881,TAF10,-0.6489095003469522
ENSG00000270647,8148,TAF15,-0.8994363326485468
ENSG00000143498,9015,TAF1A,0.5749162443575292
ENSG00000225265,100506161,TAF1A-AS1,-0.018019562873242
ENSG00000064313,6873,TAF2,0.0040436507028416
ENSG00000144834,29114,TAGLN3,-0.1823592127308435
ENSG00000183597,128989,TANGO2,0.3169295007273449
ENSG00000149930,9344,TAOK2,-0.7113730543847189
ENSG00000168394,6890,TAP1,-0.5002455241821941
ENSG00000169762,202018,TAPT1,0.3932987442893244
ENSG00000255837,259295,TAS2R20,0.057944004611917
ENSG00000089123,55617,TASP1,-0.6358974885450782
ENSG00000157014,9797,TATDN2,0.5423807264310158
ENSG00000065882,23216,TBC1D1,-0.2466462228444398
ENSG00000169221,26000,TBC1D10B,0.2861660764132616
ENSG00000107021,54662,TBC1D13,0.0591496048311527
ENSG00000167291,125058,TBC1D16,0.1362302504743464
ENSG00000065491,55633,TBC1D22B,0.6888384959882914
ENSG00000068354,4943,TBC1D25,0.2839220123486896
ENSG00000136111,9882,TBC1D4,-0.1704363778703597
ENSG00000133138,54885,TBC1D8B,0.547270279047345
ENSG00000109436,23158,TBC1D9,0.2127109533228761
ENSG00000183735,29110,TBK1,0.2581995938844691
ENSG00000291938,10607,TBL3,-0.287187557961122
ENSG00000135111,6926,TBX3,0.4031452135434207
ENSG00000006638,6915,TBXA2R,-1.1307872065895024
ENSG00000196507,85012,TCEAL3,-0.7613258904307068
ENSG00000204065,340543,TCEAL5,-0.3919136310480528
ENSG00000176896,170082,TCEANC,-0.1170806219751263
ENSG00000116205,127428,TCEANC2,-0.1789786850060539
ENSG00000224941,6941,TCF19,-0.0611149276907818
ENSG00000276461,6942,TCF20,-0.8643824493198997
ENSG00000118526,6943,TCF21,-0.6522656915355329
ENSG00000163792,150921,TCF23,-0.2943616084160519
ENSG00000071564,6929,TCF3,-0.7349476052599114
ENSG00000081059,6932,TCF7,0.5135540768565311
ENSG00000139437,84260,TCHP,-0.6094552922440316
ENSG00000100721,8115,TCL1A,-0.2776768050990869
ENSG00000070814,6949,TCOF1,-0.0531012539755829
ENSG00000166046,255394,TCP11L2,-0.3236828889536003
ENSG00000145022,6988,TCTA,0.1004760987636268
ENSG00000173809,91646,TDRD12,-0.2848403021711109
ENSG00000083544,81550,TDRD3,0.4590954578295432
ENSG00000182134,11022,TDRKH,0.336765632768591
ENSG00000205356,25851,TECPR1,-1.1399305654675458
ENSG00000218336,55714,TENM3,-0.2758289124852883
ENSG00000149256,26011,TENM4,0.561125217473914
ENSG00000158246,115572,TENT5B,-0.5872114274074512
ENSG00000168769,54790,TET2,-0.5373027171717949
ENSG00000091513,7018,TF,1.0497261239501638
ENSG00000115112,29842,TFCP2L1,-0.4333238481526552
ENSG00000068323,7030,TFE3,0.1670503931733521
ENSG00000100109,24144,TFIP11,0.6306909390904117
ENSG00000105619,29844,TFPT,-0.3342834633436886
ENSG00000088451,23483,TGDS,-0.7385498069307476
ENSG00000119699,7043,TGFB3,-0.1106975599021523
ENSG00000163513,7048,TGFBR2,0.5597916126133444
ENSG00000135966,9392,TGFBRAP1,0.3884959582986538
ENSG00000041988,90326,THAP3,-0.4461144879290601
ENSG00000176946,51078,THAP4,-0.3649476193735169
ENSG00000174796,152815,THAP6,-0.5104640228577078
ENSG00000161277,199745,THAP8,0.1751831293524124
ENSG00000168152,79725,THAP9,-0.0285384766791618
ENSG00000113296,7060,THBS4,0.1396583597607677
ENSG00000159445,117145,THEM4,-0.0335177898652766
ENSG00000275122,387357,THEMIS,0.514286357340837
ENSG00000144115,55258,THNSL2,0.3358597219644356
ENSG00000131652,79228,THOC6,-0.2806004381724714
ENSG00000172009,7064,THOP1,0.0365711344831234
ENSG00000005108,221981,THSD7A,0.4754054113679721
ENSG00000259431,79178,THTPA,0.5281831157740151
ENSG00000138050,80745,THUMPD2,-0.7901832449246707
ENSG00000206573,440944,THUMPD3-AS1,0.2220003817079309
ENSG00000156299,7074,TIAM1,-1.0664077287092018
ENSG00000066056,7075,TIE1,0.1779847699515513
ENSG00000145365,92610,TIFA,-0.2409679452389315
ENSG00000204152,100652748,TIMM23B,-0.3116672436703537
ENSG00000104980,10469,TIMM44,-0.7205277497931731
ENSG00000157150,7079,TIMP4,0.1898477542775754
ENSG00000163659,25976,TIPARP,0.217729029366834
ENSG00000149476,26007,TKFC,-0.5578611720065826
ENSG00000185561,727910,TLCD2,0.2423148143376261
ENSG00000167695,79850,TLCD3A,-0.0527406636984324
ENSG00000196781,7088,TLE1,0.2526346989518155
ENSG00000137076,7094,TLN1,-0.3202105220933927
ENSG00000164342,7098,TLR3,0.7461106716778099
ENSG00000187554,7100,TLR5,0.0417183063688283
ENSG00000103534,79838,TMC5,0.0996563094553703
ENSG00000139173,84216,TMEM117,0.3108945053914424
ENSG00000188735,144404,TMEM120B,-1.3172531156375218
ENSG00000075568,23505,TMEM131,0.6790496891386221
ENSG00000064545,54929,TMEM161A,-0.149846027171085
ENSG00000164180,153396,TMEM161B,-0.3697798103272579
,,TMEM161B-AS1,0.346547810273882
ENSG00000186889,200728,TMEM17,0.2052664866300189
ENSG00000205269,100113407,TMEM170B,0.1763136670298774
ENSG00000144120,80775,TMEM177,-0.4453253650013391
ENSG00000198792,25829,TMEM184B,-0.7815325253502471
ENSG00000177854,8269,TMEM187,-0.2080572524335922
ENSG00000182796,440104,TMEM198B,0.2206629513126045
ENSG00000131634,79652,TMEM204,-0.7006572014971613
ENSG00000150433,219854,TMEM218,-0.1044843907094358
ENSG00000205084,79583,TMEM231,-0.3535056783074015
ENSG00000160055,56063,TMEM234,0.748324564189411
ENSG00000282107,348013,TMEM255B,0.0406574211723021
,100529211,TMEM256-PLSCR3,-0.3710033910364375
ENSG00000182087,91304,TMEM259,-0.844366040544288
ENSG00000070269,54916,TMEM260,0.2366100759793129
ENSG00000157693,203197,TMEM268,-0.688671507000691
ENSG00000274386,100129924,TMEM269,0.2122148372090227
ENSG00000126950,59353,TMEM35A,-0.4543142625121772
ENSG00000072954,79041,TMEM38A,-0.7634497237062763
ENSG00000121775,55116,TMEM39B,0.3714373071738523
ENSG00000126106,79639,TMEM53,0.0004420492436752
ENSG00000153214,84910,TMEM87B,0.1629916403033813
ENSG00000137103,51754,TMEM8B,0.4717608224958324
ENSG00000142046,641649,TMEM91,-0.2325591904380893
ENSG00000177728,9772,TMEM94,0.3602905449773436
ENSG00000041982,3371,TNC,1.2751560486758704
ENSG00000109079,7126,TNFAIP1,0.3811446720340526
ENSG00000123610,7130,TNFAIP6,0.5833360078586057
ENSG00000173530,8793,TNFRSF10D,0.2743769338508951
ENSG00000006327,51330,TNFRSF12A,0.0554204807618547
ENSG00000028137,7133,TNFRSF1B,0.5821917837313684
ENSG00000146072,27242,TNFRSF21,0.221472398625917
ENSG00000049249,3604,TNFRSF9,0.4693000664416392
ENSG00000102524,10673,TNFSF13B,0.6766711918331754
ENSG00000154310,23043,TNIK,0.1184513978391226
ENSG00000145901,10318,TNIP1,-0.1935139226286166
ENSG00000168884,79155,TNIP2,-0.0918877689712883
ENSG00000149115,85456,TNKS1BP1,0.1242052743936961
ENSG00000288250,7140,TNNT3,0.2567260799473429
ENSG00000118245,7141,TNP1,-0.3112655029684718
ENSG00000078687,57690,TNRC6C,-0.3846081225156772
ENSG00000198718,23116,TOGARAM1,-1.174043387206658
ENSG00000100284,10043,TOM1,-0.1196013707614288
ENSG00000141198,10040,TOM1L1,0.0850762625253391
ENSG00000184428,116447,TOP1MT,-0.7145004641791894
ENSG00000284238,7156,TOP3A,-0.3230757176610135
ENSG00000163781,11073,TOPBP1,0.0719732669635214
ENSG00000136816,27348,TOR1B,0.4554046306904912
ENSG00000198113,54863,TOR4A,0.0908121781253322
ENSG00000103460,27324,TOX3,0.1760704142595804
ENSG00000175274,9537,TP53I11,0.2691416663362004
ENSG00000078804,58476,TP53INP2,0.010223635185616
,,TP73-AS1,0.1111968290202226
ENSG00000186815,53373,TPCN1,-0.2736728320673885
ENSG00000076554,7163,TPD52,-0.1978090975696688
ENSG00000163870,131601,TPRA1,-0.4191048251222623
ENSG00000169902,8460,TPST1,0.2572949031615145
ENSG00000128294,8459,TPST2,-0.3868276403689923
ENSG00000127191,7186,TRAF2,-0.908239198991774
ENSG00000076604,9618,TRAF4,0.5235197401329028
ENSG00000175104,7189,TRAF6,-0.5123544267844963
ENSG00000183763,10293,TRAIP,-0.1683290438381433
ENSG00000168016,9881,TRANK1,1.3581470203967112
ENSG00000160218,7109,TRAPPC10,0.3957800845783218
ENSG00000168538,60684,TRAPPC11,0.2142005494434102
ENSG00000107614,1787,TRDMT1,-0.1199578070941806
ENSG00000101255,57761,TRIB3,1.5362514744070297
ENSG00000234046,7726,TRIM26,-0.005024401513635
ENSG00000248275,100507602,TRIM52-AS1,-0.8587246659550166
ENSG00000179046,205860,TRIML2,0.2313702083090654
ENSG00000038382,7204,TRIO,-0.1765697151295686
ENSG00000100106,11078,TRIOBP,-0.2256277381206771
ENSG00000043514,54802,TRIT1,-0.2033270978157723
ENSG00000104907,55621,TRMT1,-0.1987448798517796
ENSG00000165275,158234,TRMT10B,-0.096333034583175
ENSG00000122435,54482,TRMT13,-0.4243326063266572
ENSG00000253368,388610,TRNP1,0.1355067939846244
ENSG00000196367,8295,TRRAP,-0.3803068540294941
ENSG00000103197,7249,TSC2,0.446896959218563
ENSG00000135951,80705,TSGA10,-0.1474406276912085
ENSG00000121297,57616,TSHZ3,0.3477563444535019
ENSG00000099282,23555,TSPAN15,-0.5204949747065709
ENSG00000048140,26262,TSPAN17,-0.6739518027678555
ENSG00000157570,90139,TSPAN18,0.3815159348578803
ENSG00000167721,55720,TSR1,0.436576455353764
ENSG00000128311,7263,TST,-0.5176034487642881
ENSG00000136925,158427,TSTD2,-0.5187906109373093
ENSG00000163728,151613,TTC14,0.0681956319839967
ENSG00000123607,79809,TTC21B,-0.2056946706344734
ENSG00000103852,64927,TTC23,0.3778522264998131
,,TTC26,0.452966576016913
ENSG00000100154,23331,TTC28,-0.7583989231038155
ENSG00000115282,64427,TTC31,-0.3742977470245798
ENSG00000155158,158219,TTC39B,0.1685279143499543
ENSG00000116830,8458,TTF2,0.3120117795416551
ENSG00000100304,23170,TTLL12,-0.2929235361028877
ENSG00000137941,79739,TTLL7,0.1100738440061597
ENSG00000155657,7273,TTN,-0.7321929859113033
ENSG00000275650,57348,TTYH1,0.2953016448417919
ENSG00000136295,80727,TTYH3,-0.1487386050595528
ENSG00000166402,7275,TUB,0.0207585553970952
ENSG00000137285,347733,TUBB2B,-1.1482535285577893
ENSG00000074935,51175,TUBE1,0.3592147736589411
ENSG00000280807,114791,TUBGCP5,-0.4642953924067977
ENSG00000078246,7289,TULP3,0.2247668672797102
ENSG00000198680,286319,TUSC1,-0.3871847097235385
ENSG00000114383,11334,TUSC2,-0.0589720810619113
ENSG00000149016,64852,TUT1,-0.1533733430361753
ENSG00000083223,79670,TUT7,0.020157960500583
ENSG00000166676,780776,TVP23A,0.3366734693379319
ENSG00000171928,51030,TVP23B,-0.3602408983083893
ENSG00000247596,11344,TWF2,-0.2646840757564218
ENSG00000107815,56652,TWNK,0.3939303589736361
ENSG00000086712,55787,TXLNG,-0.4491995966980434
ENSG00000131002,246126,TXLNGY,0.2656156023283184
ENSG00000184470,10587,TXNRD2,-0.3198921744666276
ENSG00000105397,7297,TYK2,0.1873503539120228
ENSG00000156521,219743,TYSND1,0.1138548216298349
ENSG00000162971,129450,TYW5,-0.0325670499522646
ENSG00000081307,79876,UBA5,-0.15914020583354
,,UBA6-AS1,-0.2342675930307058
ENSG00000206513,10537,UBD,-1.4330892920165654
,105377348,UBE2D3-AS1,-0.1753376198679502
ENSG00000130725,9040,UBE2M,-0.1475197552317355
ENSG00000175931,63893,UBE2O,-0.7000462715046145
ENSG00000108106,27338,UBE2S,0.5399163514617812
ENSG00000118420,90025,UBE3D,0.5955032336274093
,,UBL7-AS1,-0.7021822625043957
ENSG00000118900,29855,UBN1,0.2719816675267917
ENSG00000185019,22888,UBOX5,-1.1919264205742446
ENSG00000159459,197131,UBR1,-0.3284909748743841
ENSG00000165886,80019,UBTD1,-0.8467164302970148
ENSG00000108312,7343,UBTF,0.491803090068372
ENSG00000130717,83549,UCK1,-0.8979552822327557
ENSG00000198276,54963,UCKL1,0.0688968251297167
ENSG00000102595,55757,UGGT2,-0.3601874901577118
,,UHRF1BP1,0.4280153614457856
ENSG00000087206,51720,UIMC1,-0.1546992716965738
ENSG00000177169,8408,ULK1,0.3273625913648256
ENSG00000083290,9706,ULK2,0.2646985361391979
ENSG00000198722,10497,UNC13B,0.8166705533830437
ENSG00000107731,219699,UNC5B,0.3457248387179726
ENSG00000132478,85451,UNK,-0.3514493002243502
ENSG00000005007,5976,UPF1,-0.165391000384942
ENSG00000142207,9875,URB1,0.3005966254838295
ENSG00000256073,84996,URB1-AS1,-1.0247852447773584
ENSG00000106608,55665,URGCP,0.3931383327940411
ENSG00000167118,81605,URM1,-0.0605023878392949
ENSG00000103005,79650,USB1,0.2231633083208485
ENSG00000176542,205717,USF3,-1.0763156409042545
ENSG00000184979,11274,USP18,0.2904689327521025
ENSG00000136878,10868,USP20,0.2165368497297679
ENSG00000143258,27005,USP21,0.0029431271819568
ENSG00000162402,23358,USP24,0.5926196111979394
ENSG00000155313,29761,USP25,0.4136131649053256
ENSG00000273820,389856,USP27X,-0.4104102952324748
ENSG00000135093,84749,USP30,0.1968977990356447
ENSG00000055483,57602,USP36,0.4505277053274328
ENSG00000135913,57695,USP37,-0.3100488856317284
ENSG00000170185,84640,USP38,0.2146413590418663
ENSG00000123552,85015,USP45,-0.346045038359172
ENSG00000109189,64854,USP46,0.1511161640936522
ENSG00000164663,25862,USP49,-0.5955827278197516
ENSG00000111667,8078,USP5,0.7166268465859856
ENSG00000247746,158880,USP51,-0.2903258078421696
ENSG00000148429,9712,USP6NL,0.2366266406351777
ENSG00000183878,7404,UTY,0.0529984535877496
ENSG00000198382,7405,UVRAG,0.7075656897080479
ENSG00000117533,8674,VAMP4,-0.1512725503137389
ENSG00000231116,7407,VARS1,0.0837549190042416
ENSG00000143494,79805,VASH2,-0.3793736088698604
ENSG00000168140,114990,VASN,-0.5356480234052784
ENSG00000125753,7408,VASP,0.923034724558114
ENSG00000112715,7422,VEGFA,-0.2672208218662638
ENSG00000173511,7423,VEGFB,1.494270658098535
ENSG00000151650,27287,VENTX,-0.2300471234428241
ENSG00000132549,157680,VPS13B,-0.101233489990614
ENSG00000048707,55187,VPS13D,0.1940202764602536
ENSG00000104142,57617,VPS18,1.0282557888104904
ENSG00000184056,26276,VPS33B,0.328088637688215
ENSG00000155975,137492,VPS37A,0.458721986462378
ENSG00000132612,27183,VPS4A,-0.2216926786812676
ENSG00000107738,64115,VSIR,0.0077086624035854
ENSG00000151532,143187,VTI1A,-0.5066958369406105
ENSG00000179403,64856,VWA1,-0.283279257089642
ENSG00000110799,7450,VWF,-0.1622860049447136
,220906,WAC-AS1,0.1666059660197386
ENSG00000112290,8936,WASF1,-0.0036101970999154
ENSG00000099290,387680,WASHC2A,-0.5603514139800062
ENSG00000172661,253725,WASHC2C,-0.1198395691733541
ENSG00000136051,23325,WASHC4,-0.0608380147789894
ENSG00000163625,23001,WDFY3,-0.1081941200298001
ENSG00000198554,11169,WDHD1,-0.1256758077271754
ENSG00000143951,51057,WDPCP,-0.96036114425824
ENSG00000120008,55717,WDR11,0.0109484382990708
ENSG00000157796,57728,WDR19,0.8033863609605483
ENSG00000176473,79446,WDR25,-1.0070993612138603
ENSG00000085433,22911,WDR47,-0.5567138033308314
ENSG00000185798,348793,WDR53,-0.1599461476773579
ENSG00000103091,79726,WDR59,0.7791940944125291
ENSG00000091157,23335,WDR7,0.4191994927057361
ENSG00000177082,84942,WDR73,0.0090374484624285
ENSG00000105875,29062,WDR91,0.3353429100638666
ENSG00000196151,151525,WDSUB1,-1.016620296755231
ENSG00000214102,494551,WEE2,0.2779216492983958
ENSG00000156232,123720,WHAMM,-0.304251370213923
ENSG00000115935,7456,WIPF1,-0.2160826231485919
ENSG00000196632,65267,WNK3,0.0418044309196313
ENSG00000115596,7475,WNT6,0.0173470028576153
ENSG00000141499,55135,WRAP53,0.3150137494046311
ENSG00000116213,49856,WRAP73,-0.6131640016091503
ENSG00000124535,56897,WRNIP1,0.1872041584468576
ENSG00000151718,80014,WWC2,0.1597514528071043
ENSG00000076924,56949,XAB2,-0.8759574175655901
ENSG00000158156,55113,XKR8,-0.0591399092471613
ENSG00000136936,7507,XPA,-0.3094957613139873
ENSG00000132953,64328,XPO4,-0.7798080117901638
ENSG00000169180,23214,XPO6,-0.4552149735066261
ENSG00000196584,7516,XRCC2,0.1426187910870024
ENSG00000103489,64131,XYLT1,0.4925480838578426
ENSG00000139131,51067,YARS2,-0.3165452768362571
ENSG00000163872,55689,YEATS2,0.578799705151623
ENSG00000130733,78992,YIPF2,0.0327003085004663
ENSG00000105248,55702,YJU2,0.1522569527548068
ENSG00000090238,83719,YPEL3,-0.0131596153005691
ENSG00000196449,79693,YRDC,-0.062141675831484
ENSG00000047188,64848,YTHDC2,-0.2657115696796773
ENSG00000214717,9189,ZBED1,-0.3831150996772847
ENSG00000132846,84327,ZBED3,0.197106245367526
ENSG00000100426,9889,ZBED4,-0.4138978262962779
,,ZBED8,-0.1983802285363257
ENSG00000198081,7541,ZBTB14,-0.4470448149336021
ENSG00000179456,10472,ZBTB18,-0.0733384845927559
ENSG00000181472,57621,ZBTB2,0.6163488216405277
ENSG00000173276,49854,ZBTB21,0.4177778023493325
ENSG00000112365,9841,ZBTB24,0.7395821813816702
ENSG00000177125,403341,ZBTB34,0.3938139745292487
ENSG00000185278,84614,ZBTB37,-1.368637777153605
ENSG00000184677,9923,ZBTB40,0.6660799884787522
ENSG00000114853,92999,ZBTB47,0.3366353984036582
ENSG00000160062,653121,ZBTB8A,-0.2075072413627592
ENSG00000273274,728116,ZBTB8B,-0.1673670814424717
ENSG00000135482,84872,ZC3H10,0.1808250145180083
ENSG00000149289,85463,ZC3H12C,0.1431602515902119
ENSG00000122299,29066,ZC3H7A,0.8224289077366914
ENSG00000140948,23174,ZCCHC14,-0.0100885026912116
ENSG00000141664,54877,ZCCHC2,-0.6182740310686052
ENSG00000168228,29063,ZCCHC4,-0.2953062191877716
ENSG00000033030,55596,ZCCHC8,0.4399975105868482
ENSG00000204186,57683,ZDBF2,-0.7959674181628349
ENSG00000102383,158866,ZDHHC15,-0.0477706685164934
ENSG00000186908,23390,ZDHHC17,0.0716490682845818
ENSG00000175893,340481,ZDHHC21,-0.4816778406012392
,,ZDHHC8P1,0.0292250050716782
ENSG00000158552,130617,ZFAND2B,-0.0250535763907292
ENSG00000156639,60685,ZFAND3,-1.1873903533506571
ENSG00000133858,196441,ZFC3H1,-0.481428113691349
ENSG00000184517,162239,ZFP1,0.0157011225640908
ENSG00000142065,57677,ZFP14,0.3470956635763133
ENSG00000120784,22835,ZFP30,-1.263288094163227
ENSG00000136866,7539,ZFP37,-0.705104564144306
ENSG00000162300,7542,ZFPL1,0.5188089643287882
ENSG00000165861,53349,ZFYVE1,0.588513483812034
ENSG00000166140,84936,ZFYVE19,-0.3412281081178875
ENSG00000100711,79038,ZFYVE21,-0.8565394392340819
ENSG00000157077,9372,ZFYVE9,0.2306546110130649
ENSG00000178764,22882,ZHX2,-0.1129366783785365
ENSG00000174306,23051,ZHX3,0.6018577469934783
ENSG00000269793,,ZIM2-AS1,0.3268874679212364
ENSG00000155592,342357,ZKSCAN2,0.6311866496072053
ENSG00000187626,387032,ZKSCAN4,-0.1290550535808145
ENSG00000196652,23660,ZKSCAN5,-0.3145150376481285
ENSG00000132950,9205,ZMYM5,-0.215766629370641
ENSG00000163867,9204,ZMYM6,0.4069534080518806
ENSG00000256223,7556,ZNF10,0.1064520989615036
ENSG00000181896,94039,ZNF101,-0.2102033883051115
ENSG00000196247,51427,ZNF107,-0.0678166752208203
ENSG00000062370,7771,ZNF112,-0.2901912840480022
ENSG00000196387,7699,ZNF140,0.291182672036108
ENSG00000115568,7701,ZNF142,0.5567529646500663
ENSG00000204920,7711,ZNF155,0.5263114887872018
ENSG00000170949,90338,ZNF160,0.6552051599300599
ENSG00000197279,7718,ZNF165,0.2836909362370268
ENSG00000186272,7565,ZNF17,0.1338460300627541
ENSG00000103343,7727,ZNF174,0.6886370281064161
ENSG00000154957,7566,ZNF18,-0.5365945515797698
ENSG00000197841,339318,ZNF181,0.2338565008445257
ENSG00000147118,7569,ZNF182,0.0102722660589725
ENSG00000157429,7567,ZNF19,-0.2348017814373169
ENSG00000010539,7752,ZNF200,-0.1594060688135893
ENSG00000166261,7753,ZNF202,-0.3851173575269423
ENSG00000159885,7673,ZNF222,-0.4988040466551528
ENSG00000178386,7766,ZNF223,0.3075263294168511
ENSG00000267680,7767,ZNF224,-0.8518447842223197
ENSG00000256294,7768,ZNF225,-0.2152797753142578
ENSG00000131115,7770,ZNF227,0.1619151367782254
ENSG00000278318,7772,ZNF229,-0.6639957291396227
ENSG00000159882,7773,ZNF230,-0.0977190670709829
ENSG00000234327,101928000,ZNF232-AS1,-0.924629896386555
ENSG00000263002,10780,ZNF234,-0.9004238148091753
ENSG00000198105,57209,ZNF248,-0.135775254616334
ENSG00000175395,219749,ZNF25,0.6364940699604609
ENSG00000196150,58500,ZNF250,-0.0381333605336718
ENSG00000198393,7574,ZNF26,0.4972206142810687
ENSG00000006194,10127,ZNF263,0.2898857047561348
ENSG00000174652,10781,ZNF266,-0.5847574352238978
ENSG00000056277,55609,ZNF280C,-0.0928600652673831
ENSG00000167637,284349,ZNF283,-0.3730392519271516
ENSG00000267508,26974,ZNF285,0.9037989747965196
ENSG00000187607,57335,ZNF286A,-0.0475697667653302
ENSG00000141040,57336,ZNF287,0.5875618990054798
ENSG00000145908,91975,ZNF300,-0.4611679395816103
ENSG00000131845,57343,ZNF304,0.3208050143198778
ENSG00000171467,24149,ZNF318,0.3482300661473534
ENSG00000182986,162967,ZNF320,0.0956198972456141
ENSG00000113761,23567,ZNF346,-0.4242991621873538
ENSG00000169981,7584,ZNF35,0.7844327846619172
ENSG00000256683,59348,ZNF350,-0.2541889329906033
ENSG00000198816,140467,ZNF358,0.2827558630647238
ENSG00000160094,149076,ZNF362,-0.576347074372917
ENSG00000293313,100129482,ZNF37BP,-0.2946097225911278
ENSG00000161298,84911,ZNF382,0.1314106491856904
ENSG00000188283,163087,ZNF383,-0.0877107349842364
ENSG00000126746,171017,ZNF384,0.1405351469778527
ENSG00000160908,84124,ZNF394,-0.0065860992005712
ENSG00000197024,57541,ZNF398,0.3299302771575357
ENSG00000215421,55628,ZNF407,-0.1170160850055022
ENSG00000256087,9668,ZNF432,-0.7030640878936156
ENSG00000219665,101928464,ZNF433-AS1,-0.8475187382646742
ENSG00000197857,51710,ZNF44,-0.1083964759807318
ENSG00000185219,353274,ZNF445,-0.4283150249083792
ENSG00000173275,203523,ZNF449,-0.0042581040627494
ENSG00000124459,7596,ZNF45,0.3832190228526164
ENSG00000197808,92283,ZNF461,0.5019398605915918
ENSG00000204604,90333,ZNF468,0.0779326210998127
ENSG00000197016,388566,ZNF470,-0.6344147295257428
ENSG00000196263,57573,ZNF471,0.6954429346686756
ENSG00000198464,147657,ZNF480,0.1789129295683698
ENSG00000198298,220992,ZNF485,0.0734577908705784
ENSG00000256229,90649,ZNF486,-0.2532333895914813
ENSG00000103199,26048,ZNF500,-0.2481004548261949
ENSG00000196653,91392,ZNF502,-0.3634674595030663
ENSG00000165655,84858,ZNF503,0.1513447805827543
ENSG00000081665,440515,ZNF506,-0.3823687663935156
ENSG00000081386,22869,ZNF510,-0.0055788179713958
ENSG00000175322,162655,ZNF519,0.5006533927301708
ENSG00000189164,84503,ZNF527,-0.0306231125697033
ENSG00000167555,84436,ZNF528,-0.9435217079261056
ENSG00000269834,102724105,ZNF528-AS1,-0.0802633415269426
ENSG00000183647,348327,ZNF530,-0.6541750304733102
ENSG00000198597,9745,ZNF536,-0.0844559373922948
ENSG00000178229,125919,ZNF543,-1.3041250549051069
ENSG00000187187,339327,ZNF546,-0.2148381882071356
ENSG00000152433,284306,ZNF547,0.0269578201801794
ENSG00000121406,256051,ZNF549,-0.6780540346256885
ENSG00000204519,90233,ZNF551,0.2488111061401606
ENSG00000178935,79818,ZNF552,-0.2182860407649852
ENSG00000267106,284385,ZNF561-AS1,-0.3035644607362409
ENSG00000249709,163050,ZNF564,0.1741017699544473
ENSG00000196357,147929,ZNF565,1.0034723887532826
ENSG00000196437,148266,ZNF569,0.4960623867393448
ENSG00000171827,148268,ZNF570,-0.4600465808095383
ENSG00000180479,51276,ZNF571,0.2825209490625384
ENSG00000213015,51157,ZNF580,0.2781279805088815
,,ZNF582-AS1,0.9544778419008552
ENSG00000198440,147949,ZNF583,-0.0211883710505024
ENSG00000245680,92285,ZNF585B,0.2581174424386996
ENSG00000198466,84914,ZNF587,-0.2112546338882694
ENSG00000269343,100293516,ZNF587B,-0.5409984784228685
ENSG00000164048,51385,ZNF589,-0.3347564959631935
ENSG00000166716,9640,ZNF592,-0.7793824661833815
ENSG00000189190,162966,ZNF600,-0.5373818373168004
ENSG00000196458,100289635,ZNF605,-0.1978881560075352
ENSG00000166704,80095,ZNF606,-0.140719102439701
ENSG00000168916,57507,ZNF608,0.4617427739432684
ENSG00000167554,162963,ZNF610,-0.1249420626781346
ENSG00000213020,81856,ZNF611,-0.8504156500077553
ENSG00000197619,284370,ZNF615,0.1203913852048136
ENSG00000204611,90317,ZNF616,-0.1157130362568806
ENSG00000157657,114991,ZNF618,0.2432830089826926
ENSG00000177842,253639,ZNF620,-0.2300091227639174
ENSG00000172888,285268,ZNF621,-0.5133462706524964
ENSG00000173545,90441,ZNF622,-0.3144610123878356
ENSG00000197566,57547,ZNF624,-0.5738740188528799
ENSG00000102870,23361,ZNF629,-0.3768176627364508
ENSG00000175105,55279,ZNF654,0.0508824130971041
ENSG00000275050,7617,ZNF66,-0.53128522254747
ENSG00000198046,63934,ZNF667,0.2431428643883889
ENSG00000188295,79862,ZNF669,-0.2844122986567548
ENSG00000083814,79891,ZNF671,0.07767474556705
ENSG00000171161,79894,ZNF672,0.4930945433623956
ENSG00000251192,641339,ZNF674,-0.0386362435343079
ENSG00000181450,339500,ZNF678,-0.91405231664991
ENSG00000173041,340252,ZNF680,-0.009669572341026
ENSG00000197124,91120,ZNF682,0.3159464171990896
ENSG00000117010,127396,ZNF684,0.1069763889338872
ENSG00000187792,7621,ZNF70,-0.7174054433639467
ENSG00000196757,90592,ZNF700,-0.0483111589351239
ENSG00000167562,55762,ZNF701,0.4442988971896295
ENSG00000147180,7552,ZNF711,0.0709476689029536
ENSG00000250312,255403,ZNF718,-1.237809844015627
,,ZNF720,0.2450138122197143
ENSG00000196081,440519,ZNF724,-0.0361609067724082
ENSG00000234444,728927,ZNF736,0.2354053112421462
ENSG00000237440,100129842,ZNF737,-0.6633677962102313
ENSG00000139651,283337,ZNF740,-0.8153927872563721
ENSG00000181220,155061,ZNF746,0.5062622631868171
ENSG00000169955,65988,ZNF747,0.4093867635148478
ENSG00000162086,7627,ZNF75A,0.044230347884327
ENSG00000197128,400720,ZNF772,-0.1177958894164752
ENSG00000152443,284309,ZNF776,0.5892934738728337
ENSG00000280568,284323,ZNF780A,-0.701939307824783
ENSG00000281601,163131,ZNF780B,-0.5825074112895834
ENSG00000197162,146540,ZNF785,-0.8546461523423576
ENSG00000197362,136051,ZNF786,-0.208921567713393
ENSG00000197863,388536,ZNF790,0.2748850545670336
ENSG00000266916,101927720,ZNF793-AS1,0.1766779772551966
ENSG00000278129,7554,ZNF8,-0.1194833534212407
ENSG00000048405,168850,ZNF800,-0.2525365225108172
ENSG00000197779,347344,ZNF81,0.1146306987057418
ENSG00000185869,374899,ZNF829,-0.4681841427108366
ENSG00000197608,284371,ZNF841,-0.1839725951192802
ENSG00000221923,400713,ZNF880,-0.219543843718107
ENSG00000174276,741,ZNHIT2,0.0346986191000499
ENSG00000186187,84937,ZNRF1,0.6133101552355853
ENSG00000042813,11055,ZPBP,0.9099292325000988
ENSG00000121988,84083,ZRANB3,-0.0258329979972027
ENSG00000169249,8233,ZRSR2,0.7418930629264826
ENSG00000158691,9753,ZSCAN12,0.1743919665078303
ENSG00000176371,54993,ZSCAN2,0.0159751793305912
ENSG00000182318,342945,ZSCAN22,-0.4433147807813882
ENSG00000186814,100101467,ZSCAN30,0.5762904084889475
ENSG00000235109,64288,ZSCAN31,0.1900222956411003
ENSG00000140987,54925,ZSCAN32,0.1031086277685339
ENSG00000131848,79149,ZSCAN5A,-0.0826458625256617
ENSG00000168612,90204,ZSWIM1,-1.0600042904835691
ENSG00000130449,57688,ZSWIM6,0.2374355942144272
ENSG00000214655,23053,ZSWIM8,0.5112411696328376
ENSG00000153975,221302,ZUP1,0.2948992156477031
ENSG00000070476,79364,ZXDC,-0.2051449168890173
