Ensembl_ID,Entrez_ID,Gene_Symbol,log2FoldChange
ENSG00000087086,2512,FTL,0.9203432163597536
ENSG00000112972,3157,HMGCS1,-3.3297591080960847
ENSG00000052802,6307,MSMO1,-1.9263600393976683
ENSG00000099194,6319,SCD,-2.4260026146964604
ENSG00000147155,10682,EBP,-1.82025736064683
ENSG00000001630,1595,CYP51A1,-2.7035497309660497
ENSG00000065911,10797,MTHFD2,1.5101689630931334
ENSG00000187193,4501,MT1X,1.8329629858540064
ENSG00000147257,2719,GPC3,-2.795966514106881
ENSG00000147872,123,PLIN2,1.2818104405280737
ENSG00000067064,3422,IDI1,-1.3816069400946234
ENSG00000241553,10093,ARPC4,-1.9941575447304123
ENSG00000136235,10457,GPNMB,2.0466222894969555
ENSG00000168036,1499,CTNNB1,-2.971261636855954
ENSG00000118971,894,CCND2,-2.080886083485972
ENSG00000075624,60,ACTB,-1.796741151427295
ENSG00000132507,1984,EIF5A,-2.5811178844876923
ENSG00000146457,9589,WTAP,-2.649088849167872
ENSG00000277443,4082,MARCKS,-2.067806052900477
ENSG00000182749,164091,PAQR7,-2.4603670142262644
ENSG00000084090,56910,STARD7,-1.724317255245304
ENSG00000144580,9125,CNOT9,-2.197409357004612
ENSG00000013297,5010,CLDN11,-2.1391245668489165
ENSG00000119655,10577,NPC2,0.4983256351129412
ENSG00000179218,811,CALR,-2.507758872046532
ENSG00000124422,23326,USP22,-1.2995610139057825
ENSG00000169905,163590,TOR1AIP2,-2.0356257940705467
ENSG00000119335,6418,SET,-2.05975616570069
ENSG00000175197,1649,DDIT3,1.7920073100071163
ENSG00000158604,222068,TMED4,-2.169778972151967
ENSG00000284254,3187,HNRNPH1,-2.507068107940681
ENSG00000088832,2280,FKBP1A,-1.5239770921371405
ENSG00000164548,29896,TRA2A,-2.8550382761613866
ENSG00000213639,5500,PPP1CB,-2.027613173400484
ENSG00000122642,11328,FKBP9,-2.282720087216136
ENSG00000069275,64710,NUCKS1,-2.0279729647805023
ENSG00000070831,998,CDC42,-1.4294139801896468
ENSG00000152620,133686,NADK2,-2.394460838474236
ENSG00000103175,58189,WFDC1,-3.069823878230997
ENSG00000161888,147841,SPC24,-2.637751591904818
ENSG00000137845,102,ADAM10,-1.810995603526776
ENSG00000189241,7259,TSPYL1,-1.9527595888659803
ENSG00000160752,2224,FDPS,-1.0950459832319066
ENSG00000086062,2683,B4GALT1,-2.096070692987042
ENSG00000101911,5634,PRPS2,-1.923345803492176
ENSG00000103196,83716,CRISPLD2,-2.233938814186791
ENSG00000168924,3954,LETM1,-2.4895084711451245
ENSG00000187446,11261,CHP1,-1.7405298956498814
ENSG00000150593,27250,PDCD4,-2.260427786897572
ENSG00000085733,2017,CTTN,-2.1174568365334503
ENSG00000223496,118460,EXOSC6,-2.1642427982456103
ENSG00000089685,332,BIRC5,-2.226408205213794
ENSG00000102096,11040,PIM2,-2.499580904600754
ENSG00000177733,10949,HNRNPA0,-1.9928750090436669
ENSG00000167034,4824,NKX3-1,-1.883844193968303
ENSG00000126391,83786,FRMD8,-2.1677216630866867
ENSG00000138814,5530,PPP3CA,-2.276578409276501
ENSG00000132669,54453,RIN2,-2.270236601729877
ENSG00000161618,126133,ALDH16A1,-2.494066318968445
ENSG00000173905,27333,GOLIM4,-2.944598042661772
ENSG00000171105,3643,INSR,-2.337315506397536
ENSG00000116489,829,CAPZA1,-1.6041193179002942
ENSG00000166917,101927671,MIR202HG,-2.334269299449881
ENSG00000153179,283349,RASSF3,-2.860405001364992
ENSG00000100216,56993,TOMM22,-1.995781742081856
ENSG00000180730,387914,SHISA2,-2.223437439820968
ENSG00000159692,1487,CTBP1,-2.5988958139323524
ENSG00000143153,481,ATP1B1,-1.8678386491005785
ENSG00000142867,8915,BCL10,-2.2496729079923883
ENSG00000105426,5802,PTPRS,-2.912238597185717
ENSG00000196417,91661,ZNF765,-2.194768976790816
ENSG00000117519,1266,CNN3,-2.20476738101604
ENSG00000115944,9167,COX7A2L,0.5155853451666474
ENSG00000163155,388695,LYSMD1,-2.269325031395121
ENSG00000176871,55884,WSB2,-2.039886390990727
ENSG00000274474,7531,YWHAE,-1.3325753978973722
ENSG00000198417,4494,MT1F,2.0328260679276102
ENSG00000248099,3640,INSL3,-1.7222556567980023
ENSG00000173812,10209,EIF1,0.5649134869738976
ENSG00000121481,6045,RNF2,-2.406521382346393
ENSG00000093000,10762,NUP50,-1.818527359476085
ENSG00000181744,205428,DIPK2A,-1.3192921717818318
ENSG00000104219,51201,ZDHHC2,-2.1767663496009337
ENSG00000148154,7357,UGCG,-1.807604397173536
ENSG00000154945,91369,ANKRD40,-2.194224414015206
ENSG00000057019,131566,DCBLD2,-1.8471240306719927
ENSG00000164300,256987,SERINC5,-1.6516056615111816
ENSG00000159377,5692,PSMB4,-0.8066763378071958
ENSG00000134884,55082,ARGLU1,-1.8033527696402736
ENSG00000165029,19,ABCA1,-1.7500890199832966
ENSG00000216490,10437,IFI30,0.8992233004173416
ENSG00000114251,7474,WNT5A,-1.8104725086104567
ENSG00000270276,554313,H4C15,-2.1896804372877505
ENSG00000198912,339448,C1orf174,-2.0467110439776297
ENSG00000092820,7430,EZR,-1.5843185631771066
ENSG00000137124,219,ALDH1B1,-2.2536355582951946
ENSG00000156869,391059,FRRS1,-2.0130948665264805
ENSG00000141510,7157,TP53,-2.099354683995015
ENSG00000148730,1979,EIF4EBP2,-1.6606951868645183
ENSG00000182199,6472,SHMT2,0.9143588063751078
ENSG00000166747,164,AP1G1,-1.941308543467381
ENSG00000159873,150275,CCDC117,-1.969852234827019
ENSG00000135916,81618,ITM2C,-1.6821271954441213
ENSG00000171451,92126,DSEL,-2.046661275431873
ENSG00000277354,51232,CRIM1,-2.035321781154249
ENSG00000141232,10140,TOB1,-1.916899263560312
ENSG00000079691,55604,CARMIL1,-2.285522491311557
ENSG00000144867,58477,SRPRB,-1.5708012594320702
ENSG00000104763,427,ASAH1,0.8344659912120342
ENSG00000176887,6664,SOX11,-2.4288398404749936
ENSG00000168887,388969,C2orf68,-2.127591901756793
ENSG00000244509,27350,APOBEC3C,-1.594082256658642
ENSG00000185787,10933,MORF4L1,-1.055542258257827
ENSG00000120437,39,ACAT2,-1.4288291549791043
ENSG00000171864,23627,PRND,-1.7093634321186355
ENSG00000164466,94081,SFXN1,-1.8531718449353447
ENSG00000113712,1452,CSNK1A1,-1.3584547120068098
ENSG00000124193,6431,SRSF6,-1.5470992662491632
ENSG00000196428,9819,TSC22D2,-1.8218528933578977
ENSG00000165527,382,ARF6,-1.6135229519517138
ENSG00000153560,7342,UBP1,-2.7237307929297514
ENSG00000282947,3191,HNRNPL,-2.0596661871609605
ENSG00000092964,1808,DPYSL2,-1.004343026504353
ENSG00000105639,3718,JAK3,-1.6666846735736964
ENSG00000159167,6781,STC1,-2.2334982629043854
ENSG00000087510,7022,TFAP2C,-2.521789609148081
ENSG00000145996,54901,CDKAL1,-1.673511462716459
ENSG00000113161,3156,HMGCR,-1.174403631438106
ENSG00000130707,445,ASS1,0.5714954844817496
ENSG00000054118,9967,THRAP3,-1.529925181369212
ENSG00000244405,2119,ETV5,-1.67639904287752
ENSG00000119772,1788,DNMT3A,-1.416613121402304
ENSG00000169715,4493,MT1E,2.355435517677594
ENSG00000130749,23211,ZC3H4,-2.536528302268825
ENSG00000159461,267,AMFR,-2.1732135969534654
ENSG00000138670,153020,RASGEF1B,-2.179376323753163
ENSG00000163811,23160,WDR43,-2.077172615400696
ENSG00000147140,4841,NONO,-0.6684126952856765
ENSG00000170606,3308,HSPA4,-1.7005122289075996
ENSG00000128272,468,ATF4,1.1858098261918095
ENSG00000213699,54978,SLC35F6,-1.5954490420409404
ENSG00000170542,5272,SERPINB9,-1.8257749717770213
ENSG00000122692,55234,SMU1,-1.3517828761092288
ENSG00000145431,56034,PDGFC,-1.6621106039889408
ENSG00000163898,200879,LIPH,-1.7911792773739996
ENSG00000090382,4069,LYZ,-2.035932923787418
ENSG00000083642,23047,PDS5B,-1.5978757229680411
ENSG00000005889,7543,ZFX,-1.805044366329971
ENSG00000172992,79877,DCAKD,-1.7629441350921102
ENSG00000168778,79867,TCTN2,-2.150833055469448
ENSG00000106144,835,CASP2,-1.7055671877126164
ENSG00000123700,3759,KCNJ2,-2.475802104542305
ENSG00000064651,6558,SLC12A2,-1.6536058677145606
ENSG00000151247,1977,EIF4E,-0.9974721365211972
ENSG00000113552,10007,GNPDA1,0.7281785671103205
ENSG00000120314,54853,WDR55,-2.221269294312584
ENSG00000084093,5978,REST,-1.2270085780425646
ENSG00000211584,55652,SLC48A1,-1.3810246848713612
ENSG00000162063,899,CCNF,-2.431463797125844
ENSG00000158985,56990,CDC42SE2,-1.8350397490123456
ENSG00000155660,9601,PDIA4,-2.0339300398050315
ENSG00000128709,3235,HOXD9,-2.227835728075435
ENSG00000119231,205564,SENP5,-1.5546235073154009
ENSG00000198586,9874,TLK1,-1.4759388224097914
ENSG00000112419,9749,PHACTR2,-1.2985508633388652
ENSG00000198538,7576,ZNF28,-1.816575677128371
ENSG00000139433,51228,GLTP,-1.7343680815699805
ENSG00000168374,378,ARF4,0.4430382434673086
ENSG00000144554,2177,FANCD2,-2.0299891627131283
ENSG00000135069,29968,PSAT1,0.8198300154579128
ENSG00000133256,5158,PDE6B,-1.890890379629368
ENSG00000137960,54810,GIPC2,-2.323767833817932
ENSG00000086598,10959,TMED2,-1.6535264528607303
ENSG00000155380,6566,SLC16A1,-1.6576357638156616
ENSG00000104549,6713,SQLE,-1.2125189890438226
ENSG00000101126,23394,ADNP,-1.4623045975985538
ENSG00000183077,125061,AFMID,-1.8494895857374565
ENSG00000119048,7320,UBE2B,-1.081480160156661
ENSG00000215301,1654,DDX3X,-1.3773728928990412
ENSG00000137876,51187,RSL24D1,0.5104619726842025
ENSG00000196792,29966,STRN3,-1.9838869987216448
ENSG00000145495,10299,MARCHF6,-1.1645576583088109
ENSG00000009780,199870,FAM76A,-1.736320791368886
ENSG00000137090,1761,DMRT1,-1.7878535795495225
ENSG00000079332,56681,SAR1A,-1.1269846096186
ENSG00000182628,348235,SKA2,-1.2253749559211884
ENSG00000101255,57761,TRIB3,3.0327430575772887
ENSG00000144231,5433,POLR2D,-1.5283447037319362
ENSG00000213965,390916,NUDT19,-1.6529304746277922
ENSG00000198668,801,CALM1,-0.5136125046824165
ENSG00000145147,9353,SLIT2,-1.8901208613377989
ENSG00000154721,58494,JAM2,-1.3067882359415015
ENSG00000125144,4495,MT1G,2.37746163195354
ENSG00000189403,3146,HMGB1,-0.3729043663211461
ENSG00000168300,115294,PCMTD1,-1.6128220092108014
ENSG00000158796,9191,DEDD,-1.360357803493908
ENSG00000102580,5611,DNAJC3,-1.3770589037973395
ENSG00000164938,94241,TP53INP1,-1.1552857833960837
ENSG00000101290,8760,CDS2,-1.2812845475867976
ENSG00000143437,405,ARNT,-1.6362690884967122
ENSG00000136603,6498,SKIL,-1.337943904726804
ENSG00000108821,1277,COL1A1,-1.48923902860944
ENSG00000144369,165215,FAM171B,-1.912552220495443
ENSG00000100354,23112,TNRC6B,-1.5216443727752114
ENSG00000130741,1968,EIF2S3,-1.3160068404074057
ENSG00000181467,5912,RAP2B,-1.6026547494612475
ENSG00000161011,8878,SQSTM1,0.8623659239412562
ENSG00000174197,23269,MGA,-1.7496553704768498
ENSG00000187068,285382,C3orf70,-1.493587372977753
ENSG00000031698,6301,SARS1,0.5749665893516305
ENSG00000167601,558,AXL,-1.3904653178934294
ENSG00000185920,5727,PTCH1,-2.5442433505098685
ENSG00000159399,3099,HK2,-1.6334362951640795
ENSG00000145907,10146,G3BP1,-1.0187456641645412
ENSG00000107951,55149,MTPAP,-1.22230367477252
ENSG00000114978,55233,MOB1A,-1.067501176216672
ENSG00000161654,124801,LSM12,-1.4017958211679409
ENSG00000079459,2222,FDFT1,-0.903906863775734
ENSG00000139324,160418,TMTC3,-1.4693659022747192
ENSG00000168092,5049,PAFAH1B2,-1.201754191679544
ENSG00000091527,55573,CDV3,-1.2492377721195318
ENSG00000092470,79968,WDR76,-1.8795738295654147
ENSG00000143878,388,RHOB,-1.5095311400621303
ENSG00000095015,4214,MAP3K1,-1.3370839011458977
ENSG00000165934,53981,CPSF2,-1.1108875799307665
ENSG00000138698,5910,RAP1GDS1,-1.42407021025577
ENSG00000122557,64224,HERPUD2,-1.4767990361616643
ENSG00000163389,56983,POGLUT1,-1.3228579754295648
ENSG00000177683,168451,THAP5,-1.4563925694712436
ENSG00000198218,54870,QRICH1,-1.5842074719455643
ENSG00000141504,112483,SAT2,0.7093520662855008
ENSG00000267534,9294,S1PR2,-1.5894672385150133
ENSG00000141568,3607,FOXK2,-1.5209142856528122
ENSG00000198252,6815,STYX,-1.5772410842233182
ENSG00000170468,79697,RIOX1,-2.22368325999475
ENSG00000143401,81611,ANP32E,-1.459339917534891
ENSG00000113273,411,ARSB,-2.392650313068242
ENSG00000043093,54165,DCUN1D1,-1.4351240784137875
ENSG00000265808,9554,SEC22B,-1.690070103322864
ENSG00000175220,392,ARHGAP1,-1.4306782732968724
ENSG00000113732,8992,ATP6V0E1,0.4265079264909853
ENSG00000038945,4481,MSR1,-2.075396628607621
ENSG00000197746,5660,PSAP,0.5665305651259741
ENSG00000205423,255919,CNEP1R1,-1.7840688536085465
ENSG00000171617,8507,ENC1,-1.3981345988957476
ENSG00000183208,390637,GDPGP1,-2.1758604999960944
ENSG00000159128,3460,IFNGR2,-1.657887819027404
ENSG00000015532,64132,XYLT2,-2.378230240637246
ENSG00000103707,123263,MTFMT,-1.9123773039783245
ENSG00000140264,10169,SERF2,0.4003930773251444
ENSG00000158122,195827,PRXL2C,-1.673295535120056
ENSG00000179912,22864,R3HDM2,-1.721736685927022
ENSG00000134825,746,TMEM258,0.3059002603315182
ENSG00000125952,4149,MAX,-1.5224787238806845
ENSG00000197594,5167,ENPP1,-1.6783931785630828
ENSG00000119669,64207,IRF2BPL,-2.1109001203108075
ENSG00000143158,25874,MPC2,-0.776875024471367
ENSG00000103495,4150,MAZ,-2.0274529350548027
ENSG00000112308,81688,C6orf62,-1.266521340925048
ENSG00000206418,201475,RAB12,-1.8047676042085448
ENSG00000274429,9231,DLG5,-1.4848602869666174
ENSG00000213186,286827,TRIM59,-1.5502466082746098
ENSG00000147862,4781,NFIB,-1.110550652281573
ENSG00000113838,55171,TBCCD1,-1.469652655939163
ENSG00000164111,308,ANXA5,0.3873324742596192
ENSG00000158161,2140,EYA3,-1.508437682786447
ENSG00000184349,1946,EFNA5,-1.7995155910577847
ENSG00000169116,25849,PARM1,-1.535174377517558
ENSG00000101166,51012,PRELID3B,-1.1290845980711388
ENSG00000182983,389114,ZNF662,-2.007513188451284
ENSG00000122694,152007,GLIPR2,-1.2266965662599645
ENSG00000100614,5494,PPM1A,-1.1476197462851072
ENSG00000182287,8905,AP1S2,-1.394295639735443
ENSG00000117222,5929,RBBP5,-1.4375892562134411
ENSG00000258405,147660,ZNF578,-1.7286154424721991
ENSG00000120549,56243,KIAA1217,-1.945802364791024
ENSG00000121039,157506,RDH10,-2.2006869697774354
ENSG00000198856,58505,OSTC,0.3112557872684476
ENSG00000123119,64168,NECAB1,-1.4463210965152469
ENSG00000273841,6880,TAF9,0.5441180557617417
ENSG00000140718,79068,FTO,-1.209466506419966
ENSG00000219451,222901,RPL23P8,-3.0902082950013403
ENSG00000170581,6773,STAT2,-1.566386051158551
ENSG00000104687,2936,GSR,-1.3306495158476754
ENSG00000262635,6999,TDO2,2.25329047149274
ENSG00000166707,644353,ZCCHC18,-1.8195505527246507
ENSG00000198830,3151,HMGN2,-0.6362768365577423
ENSG00000198431,7296,TXNRD1,0.683579463141739
ENSG00000189079,196528,ARID2,-1.3815708926894057
ENSG00000173786,1267,CNP,-1.3271384199494087
ENSG00000175376,84285,EIF1AD,-1.447230474966854
ENSG00000057608,2665,GDI2,-0.583700905142876
ENSG00000130522,3727,JUND,-1.7377935728080771
ENSG00000160961,84449,ZNF333,-2.2092816038095084
ENSG00000178921,5198,PFAS,-1.7677896270497486
ENSG00000171848,6241,RRM2,-1.46883104942859
ENSG00000255112,57132,CHMP1B,-0.9236222480194078
ENSG00000122691,7291,TWIST1,-2.734912142878483
ENSG00000154803,201163,FLCN,-1.6923474999780517
ENSG00000260032,647979,NORAD,-1.075419950945512
ENSG00000146192,221472,FGD2,-2.730454539125697
ENSG00000182117,55505,NOP10,0.4150414383390992
ENSG00000111412,79794,SPRING1,-1.3137089860338815
ENSG00000132326,8864,PER2,-2.1209663245700527
ENSG00000257103,26065,LSM14A,-0.9925088867500292
ENSG00000100097,3956,LGALS1,0.3630066241871633
ENSG00000129128,60559,SPCS3,-0.8786567541327183
ENSG00000176046,26471,NUPR1,1.198428190607728
ENSG00000169122,90362,FAM110B,-1.9845023882228496
ENSG00000196459,6399,TRAPPC2,-1.2510654101940382
ENSG00000174891,51319,RSRC1,-1.3809636918089705
ENSG00000106105,2617,GARS1,0.985445222272952
ENSG00000213625,54741,LEPROT,-0.7982532447705093
ENSG00000168679,9122,SLC16A4,-1.470101032450448
ENSG00000179029,84314,TMEM107,-1.1033943900903138
ENSG00000182718,302,ANXA2,0.6346786147858103
ENSG00000126709,2537,IFI6,-1.7525762303884365
ENSG00000197461,5154,PDGFA,-1.9518808293381904
ENSG00000110660,54733,SLC35F2,-1.59647771623442
ENSG00000124145,6385,SDC4,-1.0596385202403151
ENSG00000105281,6510,SLC1A5,1.4112713406150026
ENSG00000120800,27340,UTP20,-1.6464662475263694
ENSG00000172893,1717,DHCR7,-1.225067845247021
ENSG00000135074,8728,ADAM19,-2.151298735598665
,,C12orf66,-2.122235999925683
ENSG00000122304,5620,PRM2,2.285486152389694
ENSG00000134294,54407,SLC38A2,-0.8828999807864897
ENSG00000181826,768211,RELL1,-1.2552375625897303
ENSG00000213463,55333,SYNJ2BP,-0.8520748220060901
ENSG00000247271,729013,ZBED5-AS1,-1.0589884365934512
ENSG00000136888,9550,ATP6V1G1,0.2858391486603144
ENSG00000138757,9908,G3BP2,-0.781961008792259
ENSG00000144567,79137,RETREG2,-1.19981160397031
ENSG00000198625,4194,MDM4,-1.5642125261664708
ENSG00000284792,5728,PTEN,-1.129102136178237
ENSG00000161533,51,ACOX1,-1.319271986197051
ENSG00000099785,51257,MARCHF2,-1.720533907339863
ENSG00000100528,10175,CNIH1,0.345284830060915
ENSG00000112902,9037,SEMA5A,-1.4310986697671984
ENSG00000179914,55600,ITLN1,1.3611684238392765
ENSG00000057657,639,PRDM1,-2.148663299496356
ENSG00000165669,63877,FAM204A,-0.8375867926455909
ENSG00000099622,1153,CIRBP,-0.8065106085789648
ENSG00000143727,52,ACP1,0.3934686811382051
ENSG00000160194,4731,NDUFV3,-0.7729317736445288
ENSG00000198791,29883,CNOT7,-0.7855641987063446
ENSG00000110090,1374,CPT1A,-1.7125428576255686
ENSG00000108960,23531,MMD,-1.4126937389689942
ENSG00000113569,9631,NUP155,-1.3073221327413371
ENSG00000204524,390980,ZNF805,-1.4906907971002792
ENSG00000123728,57826,RAP2C,-1.0753238422794678
ENSG00000154639,1525,CXADR,-0.8346853386242862
ENSG00000163346,57326,PBXIP1,-1.4716753179131912
ENSG00000085415,81929,SEH1L,-1.0394843848668445
ENSG00000204977,10206,TRIM13,-0.9960201222436827
ENSG00000084444,57613,FAM234B,-1.458163918177877
ENSG00000101132,5203,PFDN4,0.486569594967758
ENSG00000131100,529,ATP6V1E1,0.4712534281499336
ENSG00000166224,8879,SGPL1,-0.9764295804385568
ENSG00000100647,9766,SUSD6,-1.449399693945946
ENSG00000282880,148789,B3GALNT2,-1.7406371185753926
ENSG00000156735,9530,BAG4,-1.1204781635339691
ENSG00000172197,154141,MBOAT1,-1.8102574162551133
ENSG00000071537,6400,SEL1L,-1.2039155801965626
ENSG00000001461,57185,NIPAL3,-1.1857872960969549
ENSG00000132475,3021,H3-3B,0.300302315696835
ENSG00000122870,80114,BICC1,-1.6208053467958494
ENSG00000146842,84928,TMEM209,-1.2587399279208564
ENSG00000109475,6164,RPL34,0.2802330772660826
ENSG00000068383,3632,INPP5A,-1.5983929133156802
ENSG00000177565,79718,TBL1XR1,-0.8659744624014948
ENSG00000130829,1852,DUSP9,-1.3808111165958157
ENSG00000154328,252969,NEIL2,-1.2651551290401697
ENSG00000124782,6239,RREB1,-1.864163070502988
ENSG00000114030,3836,KPNA1,-1.2490865636284327
ENSG00000106565,28959,TMEM176B,0.518390978508778
ENSG00000104228,23087,TRIM35,-1.7998125776898075
ENSG00000127922,7979,SEM1,0.3177441198049283
ENSG00000156966,93010,B3GNT7,-1.5091306938907765
ENSG00000025800,23633,KPNA6,-0.730033195147034
ENSG00000120805,400,ARL1,0.4592526920137041
ENSG00000147573,84675,TRIM55,0.7912841782353616
ENSG00000291754,128239,IQGAP3,-2.184714339115861
ENSG00000128335,23780,APOL2,-1.4384974899104035
ENSG00000147459,80005,DOCK5,-1.5975204694032852
ENSG00000165650,118987,PDZD8,-1.6182952720180712
ENSG00000105514,9545,RAB3D,-1.5436805380761789
ENSG00000264522,56957,OTUD7B,-1.402397171871475
ENSG00000130338,56995,TULP4,-1.2819192394012542
ENSG00000119711,4329,ALDH6A1,-1.1866280178239856
ENSG00000214575,64506,CPEB1,-1.7739372207346809
ENSG00000134255,10390,CEPT1,-1.1832494828918425
ENSG00000027697,3459,IFNGR1,-1.0614263097582548
ENSG00000005022,292,SLC25A5,0.3507883348737775
ENSG00000153487,3621,ING1,-1.579546158808361
ENSG00000169155,23099,ZBTB43,-1.2301082863582662
ENSG00000181588,399664,MEX3D,-2.158321585586788
ENSG00000074657,55205,ZNF532,-1.2911096553912074
ENSG00000049618,57492,ARID1B,-1.471194356321991
ENSG00000172687,148203,ZNF738,-0.8399671011430451
ENSG00000188488,5104,SERPINA5,0.4861402044368365
ENSG00000196950,57181,SLC39A10,-0.8338644945863528
ENSG00000177469,284119,CAVIN1,-1.564046350143663
ENSG00000170296,11337,GABARAP,0.2796470801171828
ENSG00000177954,6232,RPS27,0.2801422862085898
ENSG00000151135,90488,TMEM263,-1.122004192387123
ENSG00000175646,5619,PRM1,1.655714887232533
ENSG00000247077,192111,PGAM5,-1.5752003263606218
ENSG00000137142,347252,IGFBPL1,-1.6907764937753689
ENSG00000215012,79680,RTL10,-1.377817740817885
ENSG00000204291,1306,COL15A1,-1.4137905944242397
ENSG00000196776,961,CD47,-1.0191363074699955
ENSG00000137714,2230,FDX1,-1.0748461334931505
ENSG00000116774,56944,OLFML3,-0.5394697354059875
ENSG00000164985,11168,PSIP1,-1.5390345163153885
ENSG00000197930,30001,ERO1A,-1.3172199797122204
ENSG00000280663,55251,PCMTD2,-0.942559931621922
ENSG00000101558,9218,VAPA,-0.512058555744033
ENSG00000179604,23580,CDC42EP4,-1.2496161043081828
ENSG00000163840,151636,DTX3L,-1.389696885987102
ENSG00000177885,2885,GRB2,-0.8425334041230405
ENSG00000079102,862,RUNX1T1,-1.0533553847365966
ENSG00000113328,900,CCNG1,0.4602316155664563
ENSG00000204682,399726,MIR1915HG,-1.7325399907940846
ENSG00000109084,27346,TMEM97,-0.4396238681623622
,,TMEM159,-1.1697377522210113
ENSG00000176834,54621,VSIG10,-1.5591603165856418
ENSG00000101138,1477,CSTF1,-0.7498571536755095
ENSG00000170522,79071,ELOVL6,-1.3009268564219314
ENSG00000177889,7334,UBE2N,-0.5682965312950027
ENSG00000136810,7295,TXN,0.3528330757372702
ENSG00000140105,7453,WARS1,0.9118780906123476
,,LOC101927476,-1.8515909022884127
ENSG00000162819,148362,BROX,-1.034064564212542
ENSG00000165476,221035,REEP3,-0.9755589017178178
ENSG00000291523,10069,RWDD2B,-0.9146338465389164
ENSG00000291356,3376,IARS1,0.6312769952263547
ENSG00000133935,11161,ERG28,-0.4969692036012482
ENSG00000135390,517,ATP5MC2,0.2265188494012048
ENSG00000198715,112770,GLMP,0.552497682939982
ENSG00000128191,54487,DGCR8,-1.742266554963805
ENSG00000134970,51014,TMED7,-0.9082464524642412
ENSG00000108691,6347,CCL2,1.0400932073590003
ENSG00000149480,9219,MTA2,-1.3083339040530824
ENSG00000115520,80219,COQ10B,-1.0370509843633382
ENSG00000102910,83752,LONP2,-1.0323982273105508
ENSG00000018189,22902,RUFY3,-1.0741355416391491
ENSG00000183722,10186,LHFPL6,-1.142982907357439
ENSG00000111371,81539,SLC38A1,1.383449783964414
ENSG00000144909,114885,OSBPL11,-1.3662076026734262
ENSG00000197712,92689,FAM114A1,-0.977377184881066
ENSG00000003400,843,CASP10,-2.01588162677079
ENSG00000109133,55161,TMEM33,-0.9135488305579924
ENSG00000107929,23185,LARP4B,-1.0216799555868683
ENSG00000144597,85403,EAF1,-1.5472650650078346
ENSG00000069345,10294,DNAJA2,-0.5803867508459303
ENSG00000185088,51065,RPS27L,0.3338095650387187
ENSG00000197321,6840,SVIL,-1.4347442875548024
ENSG00000067533,51018,RRP15,-0.9928734199159824
ENSG00000167315,10449,ACAA2,-0.5765710119034847
ENSG00000112936,730,C7,0.5913694920370748
ENSG00000283425,101929983,PRAMEF27,-1.723809122686944
ENSG00000165678,27069,GHITM,0.3877170367560819
ENSG00000159479,112950,MED8,0.6334299251096085
ENSG00000110075,55291,PPP6R3,-0.9159901249040172
ENSG00000196233,84458,LCOR,-0.988826327709795
ENSG00000239789,51373,MRPS17,-0.7035697693265816
ENSG00000277401,7082,TJP1,-0.994766093833885
ENSG00000283777,821,CANX,0.5267963902851327
ENSG00000166801,63901,FAM111A,-0.9212250127132064
ENSG00000129682,2258,FGF13,-1.4420635463164355
ENSG00000038274,27430,MAT2B,-0.6545382060241207
ENSG00000237190,91368,CDKN2AIPNL,-1.1835662007441958
ENSG00000261150,83481,EPPK1,-2.246645945017046
ENSG00000080371,23011,RAB21,-1.0040294336507003
ENSG00000120738,1958,EGR1,-1.8348235709140743
ENSG00000137955,5876,RABGGTB,0.5915368245921554
ENSG00000102898,10204,NUTF2,-0.4895165399974249
ENSG00000066654,55623,THUMPD1,-1.0561282544794195
ENSG00000075426,2355,FOSL2,-1.49690842105107
ENSG00000109814,7358,UGDH,-0.9314288050288504
ENSG00000108854,64750,SMURF2,-1.1685854064815493
ENSG00000154589,23643,LY96,0.7751278599052975
ENSG00000132388,7326,UBE2G1,-1.2736782959040014
ENSG00000244414,3078,CFHR1,1.988752868361905
ENSG00000103742,57722,IGDCC4,-1.6286458356314375
ENSG00000108439,55163,PNPO,-1.3088815382914192
ENSG00000265972,10628,TXNIP,-0.62730783478656
ENSG00000090863,2734,GLG1,-0.6431030257298256
ENSG00000128595,813,CALU,0.4240460299987865
ENSG00000144320,80856,LNPK,-1.2453730706538215
ENSG00000116133,1718,DHCR24,-0.7230978561032172
ENSG00000124171,84612,PARD6B,-1.0087180824734256
ENSG00000082996,11342,RNF13,0.5316446342189753
ENSG00000113407,6897,TARS1,0.6789276339492099
ENSG00000129226,968,CD68,0.654988056126298
ENSG00000291420,71,ACTG1,0.2679287704892628
ENSG00000109654,23321,TRIM2,-0.9825865376935
ENSG00000151893,143384,CACUL1,-0.8842215829564551
ENSG00000087842,8544,PIR,0.622076339827005
ENSG00000134440,4677,NARS1,0.5702779407190096
ENSG00000198160,57708,MIER1,-0.9177802030029644
ENSG00000196136,12,SERPINA3,0.825421975152606
ENSG00000186026,342909,ZNF284,-1.4743978640121702
ENSG00000137558,51050,PI15,-2.252016518747401
ENSG00000141298,85464,SSH2,-1.4643359194247472
ENSG00000170385,7779,SLC30A1,0.9803505962601426
ENSG00000134900,7174,TPP2,-1.2789490183728311
,,RPARP-AS1,-1.1190898223429444
ENSG00000133195,201266,SLC39A11,-1.3928867604462425
ENSG00000140022,85439,STON2,-1.71857587129672
ENSG00000162613,8880,FUBP1,-0.8860843807725303
ENSG00000162599,4774,NFIA,-0.8124697391528083
ENSG00000162493,10630,PDPN,-1.0147271029012412
ENSG00000149658,54915,YTHDF1,-1.0387858276904187
ENSG00000138867,83606,GUCD1,-0.9126572006893072
ENSG00000280682,10525,HYOU1,-1.2614450811441156
ENSG00000131019,79465,ULBP3,-1.455210614895344
ENSG00000167996,2495,FTH1,0.7206815863669782
ENSG00000169213,5865,RAB3B,-1.7262247283154666
ENSG00000176641,220441,RNF152,-2.0999908590589165
ENSG00000071243,54556,ING3,-0.7615687506184174
ENSG00000065534,4638,MYLK,0.6396168873911435
ENSG00000225733,100505641,FGD5-AS1,-0.9458043748099078
ENSG00000147162,8473,OGT,-0.8339337025249487
ENSG00000186575,4771,NF2,-1.1824400147302456
ENSG00000177150,125228,FAM210A,-1.099217031149992
ENSG00000168234,125488,TTC39C,-1.1721706984159366
ENSG00000154001,5529,PPP2R5E,-1.0838614698099414
ENSG00000183684,10189,ALYREF,-1.68476442965806
ENSG00000152520,255967,PAN3,-0.9955946809037816
ENSG00000231925,6892,TAPBP,-0.8259194980866044
ENSG00000259207,3690,ITGB3,-2.030402833266095
ENSG00000136521,4711,NDUFB5,0.2911458725878952
ENSG00000148943,55327,LIN7C,-1.0229743052196585
ENSG00000085871,4258,MGST2,0.3633310812075359
ENSG00000068697,9741,LAPTM4A,0.2327291312965788
ENSG00000146733,5723,PSPH,-1.014224454481915
ENSG00000148795,1586,CYP17A1,-0.7069974227298818
ENSG00000104343,55284,UBE2W,-0.8065461685959325
ENSG00000127903,90485,ZNF835,-1.699376140208526
ENSG00000134824,9415,FADS2,-1.3255161526601311
ENSG00000162645,2634,GBP2,0.6351629278670624
ENSG00000167283,10632,ATP5MG,0.29371316706382
ENSG00000147400,1069,CETN2,-0.4783852297818601
ENSG00000109220,26511,CHIC2,-1.118147290920409
ENSG00000115020,200576,PIKFYVE,-1.25869509085692
ENSG00000145604,6502,SKP2,-1.2472106966095406
ENSG00000185896,3916,LAMP1,-1.0810117600008955
ENSG00000135540,57224,NHSL1,-1.7573657274287904
ENSG00000178074,205327,C2orf69,-1.1669395820535582
ENSG00000217128,96459,FNIP1,-0.9877377268803604
ENSG00000198075,27233,SULT1C4,-1.1883818976117264
ENSG00000135535,8763,CD164,0.3582720969292298
ENSG00000131473,47,ACLY,-0.7321406019436343
ENSG00000171735,23261,CAMTA1,-0.5023172348644951
ENSG00000163904,59343,SENP2,-0.8655514647545565
ENSG00000169855,6091,ROBO1,-0.9869927774876198
ENSG00000169251,51068,NMD3,0.7609355799350525
ENSG00000100353,8664,EIF3D,0.3546595976294222
ENSG00000166347,1528,CYB5A,-0.43432883825869
ENSG00000128524,9296,ATP6V1F,0.3084097423545419
ENSG00000128245,7533,YWHAH,-1.0334377229758065
ENSG00000101843,5716,PSMD10,0.5096372938008842
ENSG00000049239,9563,H6PD,-1.1165709518178988
ENSG00000105974,857,CAV1,-0.6178107550086324
ENSG00000197102,1778,DYNC1H1,0.8397910641010371
ENSG00000234741,60674,GAS5,0.2876238142331512
ENSG00000139734,81624,DIAPH3,-1.7003597988186645
ENSG00000135679,4193,MDM2,-0.7828217854926819
ENSG00000188033,57474,ZNF490,-1.3989046824476528
ENSG00000128050,10606,PAICS,-0.4823326514727698
ENSG00000275867,284058,KANSL1,-1.1907894333744733
ENSG00000071575,28951,TRIB2,-0.7853550525937526
ENSG00000124831,9208,LRRFIP1,-1.1559698441255537
ENSG00000274070,729438,CASTOR2,-1.2051054338725973
ENSG00000148175,2040,STOM,-0.7034757939185406
ENSG00000146143,5558,PRIM2,-0.9537933989074564
ENSG00000185670,79842,ZBTB3,-1.4929662296300723
ENSG00000125398,6662,SOX9,-0.7569087056938536
ENSG00000181163,4869,NPM1,0.2429108226307881
ENSG00000139154,121536,AEBP2,-1.0137079607067994
ENSG00000014914,10903,MTMR11,-1.3688493201843617
ENSG00000180592,387640,SKIDA1,-1.433120210461839
ENSG00000112200,26036,ZNF451,-0.8728946119673111
ENSG00000104447,7227,TRPS1,-1.3035879252496103
ENSG00000164219,5229,PGGT1B,-1.0427934331753923
ENSG00000151923,7073,TIAL1,-0.97871573321517
ENSG00000105220,2821,GPI,-0.4612520536264392
ENSG00000130309,79709,COLGALT1,-0.9969546459525744
ENSG00000113811,58515,SELENOK,0.3940070153747376
ENSG00000150403,55002,TMCO3,-1.2961651741806848
ENSG00000136802,56262,LRRC8A,-1.6357202300852447
ENSG00000167508,4597,MVD,-1.8117983437351388
ENSG00000116704,23169,SLC35D1,-1.195016896651916
ENSG00000123374,1017,CDK2,-1.2310188043067998
ENSG00000153944,124540,MSI2,-0.8032369240128177
ENSG00000106819,54829,ASPN,-1.307961988356758
ENSG00000148153,58493,INIP,-0.8452367988459808
ENSG00000166803,9768,PCLAF,-0.481051334295049
ENSG00000102081,2332,FMR1,-1.0577550195309464
ENSG00000291480,51002,TPRKB,0.3658582150315037
ENSG00000166471,440026,TMEM41B,-0.9883191048961268
ENSG00000162433,205,AK4,-1.3359227372966953
ENSG00000108654,1655,DDX5,0.3278006934703806
ENSG00000033867,9497,SLC4A7,-1.1744142010881635
ENSG00000156030,91748,MIDEAS,-1.2396202480472305
ENSG00000170802,3344,FOXN2,-1.1544781616056117
ENSG00000151012,23657,SLC7A11,1.798784494254808
,,LOC100507507,-1.516267611977671
ENSG00000107443,54619,CCNJ,-1.4701672695761692
ENSG00000159140,6651,SON,0.3971631953871372
ENSG00000155957,51643,TMBIM4,0.2744780766757088
ENSG00000139921,81542,TMX1,-0.6477507361336284
ENSG00000166483,7465,WEE1,-0.8774582874280862
ENSG00000180543,85453,TSPYL5,-0.9863471323338135
ENSG00000100316,6122,RPL3,0.2398027259946193
ENSG00000161671,284361,EMC10,-0.8694636399673247
ENSG00000271601,128077,LIX1L,-0.9693477296493608
ENSG00000162065,57465,TBC1D24,-1.546955280124888
ENSG00000139974,145389,SLC38A6,1.1158254869481423
ENSG00000189114,388552,BLOC1S3,-0.9840183819076248
ENSG00000189129,219348,PLAC9,-1.1735002965138404
ENSG00000142910,64129,TINAGL1,-1.0972967285803406
ENSG00000204130,55680,RUFY2,-1.2197532774473945
ENSG00000107796,59,ACTA2,-1.0869480684323816
ENSG00000168264,359948,IRF2BP2,-0.7226702068937559
ENSG00000147684,4715,NDUFB9,0.1957774535602084
ENSG00000185246,55015,PRPF39,-1.4198272553230404
ENSG00000136504,11143,KAT7,-0.8097762002724948
ENSG00000135930,9470,EIF4E2,0.5196028165554242
ENSG00000179820,91663,MYADM,-1.0676947899627507
ENSG00000114473,84223,IQCG,0.4571657337897487
ENSG00000142864,26135,SERBP1,-0.4403228521795588
ENSG00000163931,7086,TKT,0.370475421529692
ENSG00000197375,6584,SLC22A5,-1.6371003883295074
ENSG00000134755,1824,DSC2,-0.9734753331321052
ENSG00000049449,5954,RCN1,0.7488243253652224
ENSG00000153187,3192,HNRNPU,-0.6276443558771514
ENSG00000243317,647087,STMP1,-0.6175126914042103
ENSG00000132432,23480,SEC61G,0.277662920931525
ENSG00000166326,54765,TRIM44,0.7706265957524937
ENSG00000077942,2192,FBLN1,-1.1018211413321344
ENSG00000107798,3988,LIPA,0.4780388442396817
ENSG00000138767,246175,CNOT6L,-0.9928773739788028
ENSG00000174748,6138,RPL15,0.2189114362113297
ENSG00000133134,84707,BEX2,0.5933260424774528
ENSG00000092199,3183,HNRNPC,0.2668641646457747
ENSG00000158186,22808,MRAS,0.748781741525015
ENSG00000171109,55669,MFN1,-1.1711423715203138
ENSG00000109089,30850,CDR2L,-1.4096074761233124
ENSG00000143222,51506,UFC1,0.2731796776672084
ENSG00000143575,10456,HAX1,0.29240377165831
ENSG00000036672,9099,USP2,-1.4415247757080372
ENSG00000113369,57561,ARRDC3,-0.8074766826648517
ENSG00000243811,140564,APOBEC3D,-1.6039863657386506
ENSG00000166025,154810,AMOTL1,-1.1208681584304834
ENSG00000197894,128,ADH5,0.3567291338815123
ENSG00000137478,9873,FCHSD2,-1.2752313456330933
ENSG00000134253,80263,TRIM45,-1.3780791130758845
ENSG00000276043,29128,UHRF1,-1.4236813156370944
ENSG00000122863,9469,CHST3,0.8353938080288996
ENSG00000131873,22856,CHSY1,-0.895840505527463
ENSG00000165168,1536,CYBB,-1.4044508109941234
ENSG00000134717,91408,BTF3L4,-0.3496813195132755
ENSG00000120306,84418,CYSTM1,0.4305901830610374
ENSG00000017427,3479,IGF1,-1.0798582043330371
ENSG00000205302,6643,SNX2,0.5239680600504009
ENSG00000187555,7874,USP7,-0.9236977245987597
ENSG00000107317,5730,PTGDS,1.3480289795170206
ENSG00000111696,51559,NT5DC3,-1.334388698481672
ENSG00000170027,7532,YWHAG,-0.7692121180267963
ENSG00000101421,128866,CHMP4B,-1.147388591771634
ENSG00000185885,8519,IFITM1,0.6351848065774435
ENSG00000182308,285429,DCAF4L1,-1.2714362946700923
ENSG00000174021,2787,GNG5,0.3020100088968273
ENSG00000188313,5359,PLSCR1,0.9340247185360904
ENSG00000130948,3293,HSD17B3,0.385492474313834
ENSG00000159592,60313,GPBP1L1,-0.7901133539343649
ENSG00000117139,10765,KDM5B,0.6851821715576363
ENSG00000169504,25932,CLIC4,0.5723735799315147
ENSG00000125743,6633,SNRPD2,0.3290596340408417
ENSG00000133056,5287,PIK3C2B,-1.873125284959697
ENSG00000120279,80177,MYCT1,-1.2606783974849034
ENSG00000078747,83737,ITCH,-0.7193762591862914
ENSG00000138376,580,BARD1,-0.8584570173657905
ENSG00000249242,441027,TMEM150C,-1.0113507180845618
ENSG00000087250,4504,MT3,-0.5785908940585024
ENSG00000057252,6646,SOAT1,-0.7625589919518251
ENSG00000118680,103910,MYL12B,0.2202713924561884
ENSG00000176485,11145,PLAAT3,0.3939693614820546
ENSG00000128590,4189,DNAJB9,-0.752665204500656
ENSG00000136026,10970,CKAP4,-0.5696535839859099
ENSG00000130066,6303,SAT1,0.2760598838091652
ENSG00000134684,8565,YARS1,0.9441694566858532
ENSG00000142534,6205,RPS11,-0.5480294106261561
ENSG00000164032,3015,H2AZ1,0.3098327532463575
ENSG00000147604,6129,RPL7,0.326901275352851
ENSG00000006042,26022,TMEM98,-0.3727045781041784
ENSG00000111328,8099,CDK2AP1,-0.6563111699610292
ENSG00000164124,55314,TMEM144,-1.4342341084764063
ENSG00000133874,79845,RNF122,-1.5990583326949237
ENSG00000153561,64795,RMND5A,-0.7569988004755879
ENSG00000110367,1656,DDX6,-0.6768066146680825
ENSG00000033170,2530,FUT8,-1.0412110951629208
ENSG00000163479,6746,SSR2,0.1948115181732281
ENSG00000189319,9679,FAM53B,-1.852956767005156
ENSG00000176826,360132,FKBP9P1,-1.7678005799736396
ENSG00000166482,4239,MFAP4,0.4985911822331574
ENSG00000165995,783,CACNB2,-1.854962314532692
ENSG00000106034,79974,CPED1,-1.2024122710808305
ENSG00000131981,3958,LGALS3,0.940259201315894
ENSG00000143622,6016,RIT1,-0.8457392977501307
ENSG00000168894,51255,RNF181,0.3813167486563889
ENSG00000113272,54974,THG1L,0.4953998423687691
ENSG00000006638,6915,TBXA2R,-2.144943170797557
ENSG00000104472,54108,CHRAC1,-1.00756844280881
ENSG00000224143,10919,EHMT2,-1.709045708681872
ENSG00000205403,3426,CFI,0.4388643457240763
ENSG00000213593,51075,TMX2,0.4005635055565661
ENSG00000168003,6520,SLC3A2,1.1061157135811266
ENSG00000283630,2483,FRG1,0.4575785075457883
ENSG00000141378,51651,PTRH2,0.5013120452304024
ENSG00000158470,9334,B4GALT5,-0.7170105967027245
ENSG00000162695,148867,SLC30A7,-0.8024734638039384
ENSG00000168701,29100,TMEM208,0.3232432955605764
ENSG00000129521,112399,EGLN3,-2.32438605332498
ENSG00000198732,64093,SMOC1,0.910676593153444
ENSG00000117448,10327,AKR1A1,0.3816534502452224
ENSG00000109270,8649,LAMTOR3,0.603180134242347
ENSG00000116954,64121,RRAGC,0.9435164097267764
ENSG00000261857,8190,MIA,0.5026003441134327
ENSG00000110107,27339,PRPF19,-1.2982192288970102
ENSG00000110852,9976,CLEC2B,1.0537697903767704
ENSG00000166135,55662,HIF1AN,-0.7649943097542001
ENSG00000198729,81706,PPP1R14C,-1.134582273463852
ENSG00000166295,119504,ANAPC16,0.2799323594190774
ENSG00000122378,84293,PRXL2A,-0.3860964147022944
ENSG00000085832,2060,EPS15,-0.6834165844519177
ENSG00000198728,8861,LDB1,-1.323279603592776
ENSG00000123427,25895,EEF1AKMT3,-1.178047297581657
ENSG00000113163,10087,CERT1,-0.8266555157901372
ENSG00000267107,100505495,PCAT19,-0.7416880258669544
ENSG00000169047,3667,IRS1,-1.3965453482381902
ENSG00000160179,9619,ABCG1,-1.641753290035057
ENSG00000169020,521,ATP5ME,0.2373032181028619
ENSG00000110321,1982,EIF4G2,0.4761174431220453
ENSG00000158321,26053,AUTS2,-1.3137597219027863
ENSG00000160050,79140,CCDC28B,-0.6995911576131201
ENSG00000100219,7494,XBP1,0.7179663216024494
,,FAM104A,-0.8712429034443011
ENSG00000104231,79752,ZFAND1,0.5160688716067514
ENSG00000156976,1974,EIF4A2,0.253549066483404
ENSG00000118816,10983,CCNI,0.4275822158325039
ENSG00000119446,92400,RBM18,0.6510946378944561
ENSG00000139644,7009,TMBIM6,0.2427608192722901
ENSG00000146066,192286,HIGD2A,0.2918412593182237
ENSG00000292102,1781,DYNC1I2,0.3131421980285261
ENSG00000167515,51693,TRAPPC2L,0.256255849890074
ENSG00000181019,1728,NQO1,0.6505849381102852
ENSG00000125037,55831,EMC3,0.3763211157508951
ENSG00000187024,138428,PTRH1,-1.255958521300101
ENSG00000104408,3646,EIF3E,0.2306223091499326
ENSG00000100592,23002,DAAM1,-0.9939657451383191
ENSG00000114861,27086,FOXP1,-0.8677736945401802
ENSG00000157778,84262,PSMG3,-0.7968217091929721
ENSG00000120802,7112,TMPO,-0.6351325570863134
ENSG00000163349,204851,HIPK1,-0.8771662202821072
ENSG00000172403,171024,SYNPO2,-0.8148172998925743
ENSG00000171940,7764,ZNF217,-0.8991203135996079
ENSG00000152556,5213,PFKM,0.5066335125853411
ENSG00000285241,5106,PCK2,1.5986154599553355
ENSG00000140443,3480,IGF1R,-0.8571719880517432
ENSG00000100138,4809,SNU13,0.2117832915837251
ENSG00000115306,6711,SPTBN1,-0.697336744216579
ENSG00000145439,84869,CBR4,-0.7038478065562089
ENSG00000110042,23220,DTX4,-1.484718929815958
ENSG00000134001,1965,EIF2S1,-0.5712235442222902
ENSG00000164924,7534,YWHAZ,-0.2870034135430198
ENSG00000241837,539,ATP5PO,0.1726385524028457
ENSG00000162552,54361,WNT4,-1.120370390835112
ENSG00000141985,6455,SH3GL1,1.3077567536849166
ENSG00000132256,85363,TRIM5,-0.8458561384925913
ENSG00000182578,1436,CSF1R,-1.5506946451192225
ENSG00000182446,55666,NPLOC4,-1.4696817922259076
ENSG00000189171,6284,S100A13,-0.538014345937078
ENSG00000143248,8490,RGS5,-0.7621875634626352
ENSG00000240849,387521,PEDS1,-1.218230680929708
ENSG00000159217,10642,IGF2BP1,-1.1463875821983565
,644068,RPS14P3,0.7517895298654281
ENSG00000198157,79366,HMGN5,-0.6262122997758511
ENSG00000008394,4257,MGST1,-0.5934701221143021
ENSG00000094916,23468,CBX5,-0.3588651016454504
ENSG00000121989,92,ACVR2A,-0.8848592561834776
ENSG00000258289,91612,CHURC1,0.2698776212560977
ENSG00000148200,2649,NR6A1,-0.8838566775954414
ENSG00000169925,8019,BRD3,-0.9896256300651342
ENSG00000150867,5305,PIP4K2A,-1.098912411301875
ENSG00000122884,5033,P4HA1,-0.7864642499532816
ENSG00000157456,9133,CCNB2,-0.5784120275856212
ENSG00000036257,8452,CUL3,0.8274215772155122
ENSG00000101265,9770,RASSF2,-0.8495386748046317
ENSG00000223611,170067,SUPT20HL2,-1.9097539231525928
ENSG00000280670,126661,CCDC163,-1.390060785361568
ENSG00000156531,84295,PHF6,-0.6475164428151514
ENSG00000104177,50804,MYEF2,-1.690926359078489
ENSG00000171444,4163,MCC,-1.1186279963785295
ENSG00000166986,4141,MARS1,0.682586701346226
ENSG00000166710,567,B2M,0.2390511461197945
ENSG00000175387,4087,SMAD2,-0.5522721811138602
ENSG00000138735,8654,PDE5A,-1.1217223666215028
ENSG00000105583,51398,WDR83OS,0.2153453530143084
ENSG00000156298,7102,TSPAN7,-0.5397980621928699
ENSG00000153037,6728,SRP19,0.4024878890447149
ENSG00000163364,375295,LINC01116,0.5551046708701101
ENSG00000168393,1841,DTYMK,-0.8469217908642439
ENSG00000170899,2941,GSTA4,-0.2445497900197159
ENSG00000125691,9349,RPL23,-0.5444726515248726
ENSG00000125148,4502,MT2A,0.5639941554650537
ENSG00000035403,7414,VCL,0.4718998594291171
ENSG00000126787,9787,DLGAP5,-0.9969817854802724
ENSG00000126088,7389,UROD,0.3454452414843756
ENSG00000168612,90204,ZSWIM1,-1.643881802763303
ENSG00000141252,55275,VPS53,-1.142208060109115
ENSG00000164168,55751,TMEM184C,-0.7545777859843018
ENSG00000120253,348995,NUP43,-0.9897361057784796
ENSG00000154237,79705,LRRK1,-1.5839291874633867
ENSG00000115942,4999,ORC2,-0.8573500748434602
ENSG00000245648,101928100,KLRK1-AS1,0.3480382572734094
ENSG00000119938,5507,PPP1R3C,0.9945261723498612
ENSG00000104756,54793,KCTD9,-0.8240581359955137
ENSG00000106245,8896,BUD31,0.3701262868692618
ENSG00000185745,3434,IFIT1,1.4953272867122038
ENSG00000145335,6622,SNCA,-0.8485967324777636
ENSG00000110931,10645,CAMKK2,-0.9242097977901071
ENSG00000155463,5018,OXA1L,0.2709752565907649
ENSG00000254772,1937,EEF1G,0.1356205629035934
ENSG00000140632,84656,GLYR1,-0.9836177313593454
ENSG00000175899,2,A2M,0.7972666205043079
ENSG00000206279,1616,DAXX,0.6534752280824485
ENSG00000166855,10845,CLPX,-0.8587464262489729
ENSG00000132406,85013,TMEM128,-0.970622711485482
ENSG00000186350,6256,RXRA,-1.8384607861383253
ENSG00000123349,5204,PFDN5,0.2175922518506738
ENSG00000125870,6629,SNRPB2,0.1941854233271598
ENSG00000130332,51690,LSM7,-0.5444041413519064
ENSG00000143183,54499,TMCO1,0.2906891261592239
ENSG00000081320,9262,STK17B,-1.058757873638964
ENSG00000178449,84987,COX14,0.3229130935738325
ENSG00000172765,23023,TMCC1,-1.0232614558229924
ENSG00000130764,57470,LRRC47,-0.8820068620414756
ENSG00000186812,84307,ZNF397,-0.9780527123013568
ENSG00000151773,160857,CCDC122,-1.2951534310283794
ENSG00000257923,1523,CUX1,-0.9974403031252648
ENSG00000176533,2788,GNG7,0.601036595432829
ENSG00000095139,372,ARCN1,0.6063564344957245
ENSG00000140937,1009,CDH11,-0.5896278179043304
ENSG00000204104,26146,TRAF3IP1,-1.389003449690397
ENSG00000168672,157638,LRATD2,1.346135391294906
ENSG00000164106,11341,SCRG1,0.7398888370410255
ENSG00000104979,28974,C19orf53,0.2014659604096728
ENSG00000147465,6770,STAR,-0.351015132715467
,,LOC101927151,-1.0451149628833147
ENSG00000079482,4983,OPHN1,-1.210148186793867
ENSG00000125249,5911,RAP2A,-0.7877351365397461
ENSG00000166439,254225,RNF169,-1.5037244717167737
ENSG00000156467,7381,UQCRB,0.1826610431131826
ENSG00000053702,83714,NRIP2,-1.7570363987385451
ENSG00000232388,388789,SMIM26,0.2195753024042818
ENSG00000137727,57569,ARHGAP20,-1.0107523527624167
ENSG00000096384,3326,HSP90AB1,0.1701190587940229
ENSG00000105483,22900,CARD8,-0.8024724297612486
ENSG00000116918,7257,TSNAX,0.3631516849574057
ENSG00000188612,6613,SUMO2,-0.3157017490473911
ENSG00000026025,7431,VIM,0.3187899248339885
ENSG00000078043,9063,PIAS2,-0.900569891745349
ENSG00000014641,4190,MDH1,0.2359121768701826
ENSG00000099875,2872,MKNK2,-1.049322923641561
ENSG00000145354,493856,CISD2,0.445857917867106
ENSG00000151014,25819,NOCT,-1.5600223673313272
ENSG00000185222,51186,TCEAL9,0.2252411705862239
ENSG00000154864,63895,PIEZO2,1.7319930124462122
ENSG00000003402,8837,CFLAR,0.489198879013685
ENSG00000198818,113402,SFT2D1,-0.6834093578305969
ENSG00000129824,6192,RPS4Y1,0.166897799978337
ENSG00000175768,401505,TOMM5,0.289199723743018
ENSG00000106178,6369,CCL24,-1.6627172884701171
ENSG00000115234,9784,SNX17,-0.4789791935925541
ENSG00000149809,7108,TM7SF2,-0.7693702049549831
ENSG00000156384,119392,SFR1,-0.5778551733662655
ENSG00000009307,7812,CSDE1,0.3028837199907201
ENSG00000110079,51338,MS4A4A,-1.0876015924904403
ENSG00000171566,5356,PLRG1,0.4776228005310207
ENSG00000172954,253558,LCLAT1,-0.8137534480371752
ENSG00000113558,6500,SKP1,0.1760846402345251
ENSG00000149782,5331,PLCB3,-1.7160393071246185
ENSG00000111863,84830,ADTRP,-1.550237104515934
ENSG00000006451,5898,RALA,-0.5918125314568154
ENSG00000136861,55755,CDK5RAP2,0.9204960098903086
ENSG00000214756,751071,CSKMT,0.969552536806295
ENSG00000004799,5166,PDK4,-1.4630635827127287
ENSG00000156587,9246,UBE2L6,0.4993198028669982
ENSG00000113140,6678,SPARC,0.2047733903686571
ENSG00000162981,151354,LRATD1,-1.3979896595792085
ENSG00000196660,55532,SLC30A10,-1.888891622075353
ENSG00000014919,1355,COX15,-0.5560280838089515
ENSG00000117525,2152,F3,-1.1895214941662624
ENSG00000139211,347902,AMIGO2,0.6918269401305005
ENSG00000178573,4094,MAF,-0.600907627691676
ENSG00000006695,1352,COX10,-1.5214685875012988
ENSG00000166822,124491,TMEM170A,-0.6764706952621681
ENSG00000185658,54014,BRWD1,-0.6179499563835482
ENSG00000272901,91689,SMDT1,-0.5125262322334255
ENSG00000136279,28988,DBNL,-0.7663954038075859
ENSG00000132604,7014,TERF2,-0.9248425848532696
ENSG00000138413,3417,IDH1,0.3891551638141171
ENSG00000146830,64599,GIGYF1,-1.4514989239424183
ENSG00000205730,162073,ITPRIPL2,-0.7168922351961741
ENSG00000177732,6666,SOX12,-1.1014847557160028
ENSG00000185215,7127,TNFAIP2,-1.3398976956082749
ENSG00000197961,7675,ZNF121,-0.7687544700949436
ENSG00000175449,317671,RFESD,1.4147993769487517
ENSG00000123096,8082,SSPN,-0.8082573204592659
ENSG00000089289,3476,IGBP1,0.2848960967683977
ENSG00000173436,440574,MICOS10,-0.3125447347562189
ENSG00000172007,83452,RAB33B,-0.763067851422472
ENSG00000103494,23322,RPGRIP1L,1.0353480162834097
ENSG00000198074,57016,AKR1B10,1.5387802829604642
ENSG00000120693,4093,SMAD9,-1.134031742559123
ENSG00000143799,142,PARP1,-0.604426949896393
ENSG00000046653,2824,GPM6B,-1.0300215637111478
ENSG00000169689,201254,CENPX,-0.576331317388571
ENSG00000168710,10768,AHCYL1,0.5505341141728323
ENSG00000167113,51117,COQ4,-1.242743796235705
ENSG00000165502,6166,RPL36AL,0.1687769891439018
ENSG00000132561,4147,MATN2,-0.5169219105771035
ENSG00000181061,25994,HIGD1A,0.342726593154674
ENSG00000140332,7090,TLE3,-1.2603417460587072
ENSG00000164733,1508,CTSB,0.3379012514430504
ENSG00000255248,399959,MIR100HG,-0.6561721757850202
ENSG00000197170,5718,PSMD12,-0.7086337152556373
ENSG00000145781,51397,COMMD10,0.4547572162869322
ENSG00000111711,51026,GOLT1B,0.4948795016827528
ENSG00000134352,3572,IL6ST,0.5712719407575698
ENSG00000175224,9776,ATG13,0.558809514113877
ENSG00000165312,220213,OTUD1,-1.2321559463403584
ENSG00000186469,54331,GNG2,0.4474400707027391
ENSG00000122507,27241,BBS9,1.1767802224294208
ENSG00000163565,3428,IFI16,0.5280386497675764
ENSG00000134910,3703,STT3A,-0.5263030971627648
ENSG00000116514,127544,RNF19B,-0.9792843744500692
ENSG00000127445,5300,PIN1,-0.5518336375406974
ENSG00000271303,140809,SRXN1,1.1167520201246828
ENSG00000172292,253782,CERS6,1.1172946605242675
ENSG00000090861,16,AARS1,0.5140466220236174
ENSG00000183826,114781,BTBD9,-1.1600539805047798
ENSG00000198855,11153,FICD,-1.305677539893655
ENSG00000100292,3162,HMOX1,1.1073254736503422
ENSG00000187764,10507,SEMA4D,-1.3443260181109593
ENSG00000011566,8491,MAP4K3,0.8306804525854986
ENSG00000145016,9711,RUBCN,-1.111478644533867
ENSG00000198168,258010,SVIP,0.4268193065679605
ENSG00000130544,79230,ZNF557,-1.0006941026642486
ENSG00000067596,1659,DHX8,-0.689930273423939
ENSG00000105379,2109,ETFB,-0.4612947621539546
ENSG00000117360,9129,PRPF3,0.5859259915894445
ENSG00000100220,51493,RTCB,0.3666108523066491
ENSG00000075618,6624,FSCN1,-0.8886402681728052
ENSG00000166845,162681,C18orf54,-0.9852839890524112
ENSG00000197093,79690,GAL3ST4,-1.1575177672617682
ENSG00000163399,476,ATP1A1,0.424057882625856
ENSG00000138780,79807,GSTCD,-1.337730015817057
ENSG00000172986,727936,GXYLT2,-0.9460377032927182
ENSG00000174059,947,CD34,-1.0517187047128596
ENSG00000089818,25977,NECAP1,0.8608297878613358
ENSG00000065427,3735,KARS1,0.3447845477231809
ENSG00000100804,5693,PSMB5,0.1644479884189983
ENSG00000117114,23266,ADGRL2,-0.790856661656904
ENSG00000245532,283131,NEAT1,0.7588748975182437
ENSG00000178229,125919,ZNF543,-1.3805221075376666
ENSG00000272602,152687,ZNF595,-0.8434122122576817
ENSG00000170540,23204,ARL6IP1,0.2488567606939404
ENSG00000169018,10116,FEM1B,0.5134555634437218
ENSG00000136938,10541,ANP32B,0.5062935394790196
ENSG00000173559,64859,NABP1,-0.8467213987265612
ENSG00000132275,23378,RRP8,-0.904926659620154
ENSG00000183605,119559,SFXN4,0.523308028633383
ENSG00000141867,23476,BRD4,-0.8173957897947354
ENSG00000138463,84925,SLC49A4,1.4364371963308602
ENSG00000127838,25953,PNKD,-0.3901644286208867
ENSG00000189159,51155,JPT1,-0.5070375601824617
ENSG00000135766,54583,EGLN1,0.5860469710347462
ENSG00000142949,5792,PTPRF,-0.9221946746231534
ENSG00000165507,11067,DEPP1,0.6620374222974867
ENSG00000169241,55974,SLC50A1,-0.4834955207450461
ENSG00000180354,222166,MTURN,-0.8999896345533901
ENSG00000135211,85025,TMEM60,0.3352089313178993
ENSG00000152147,79833,GEMIN6,-0.3414225968068881
ENSG00000166908,79837,PIP4K2C,-1.0051794745930214
ENSG00000214548,55384,MEG3,1.3943569613299205
ENSG00000138095,10128,LRPPRC,-0.5353141999627121
ENSG00000162733,4921,DDR2,0.6841693840328902
ENSG00000163444,92703,TMEM183A,-1.0253700337804654
ENSG00000130164,3949,LDLR,-0.776574087212972
ENSG00000119862,29094,LGALSL,-1.2100073485761809
ENSG00000197498,84154,RPF2,0.421037256820293
ENSG00000123610,7130,TNFAIP6,1.4899631588951312
ENSG00000075151,8672,EIF4G3,-0.7841929482110077
ENSG00000084234,334,APLP2,-0.4928101170291519
ENSG00000138760,950,SCARB2,0.4702393175061926
ENSG00000169247,79628,SH3TC2,0.8735923805448578
ENSG00000140350,8125,ANP32A,-0.6688446085684033
ENSG00000118515,6446,SGK1,0.4192578755406193
ENSG00000108788,6945,MLX,0.7440766621611703
ENSG00000115233,10213,PSMD14,0.2867487073199622
ENSG00000173511,7423,VEGFB,1.3649853685464028
ENSG00000291748,1281,COL3A1,0.3533449858672226
ENSG00000163754,2992,GYG1,0.3822762468333081
ENSG00000106355,23658,LSM5,-0.2260390569500516
ENSG00000134853,5156,PDGFRA,-0.4974694003501707
ENSG00000107874,79004,CUEDC2,-0.6445591140985756
ENSG00000175938,93129,ORAI3,-0.8389763424669098
ENSG00000148229,54107,POLE3,0.5250789115046466
ENSG00000068615,65055,REEP1,-0.5838456598751119
,100499466,LINC00674,-0.882149706395757
ENSG00000231607,8847,DLEU2,-1.1642242264160996
ENSG00000122574,644150,WIPF3,-0.6097543290620903
ENSG00000137413,129685,TAF8,-0.943420509614296
ENSG00000164258,4724,NDUFS4,0.1890175390026532
ENSG00000138678,84803,GPAT3,1.1014376873366805
ENSG00000137210,81853,TMEM14B,0.3177188617031005
ENSG00000125835,6628,SNRPB,-0.5459666723733573
ENSG00000171202,84233,TMEM126A,0.3951260388110234
ENSG00000275111,7549,ZNF2,-0.8796550261451954
ENSG00000171867,5621,PRNP,0.3578337879723562
ENSG00000033178,55236,UBA6,-0.7608145984775426
ENSG00000137463,84709,MGARP,-0.6708688094912836
ENSG00000180964,90843,TCEAL8,0.2408818291918465
,,H3-2,-1.117239386820645
ENSG00000147905,84186,ZCCHC7,-0.552577155314043
ENSG00000135048,23670,CEMIP2,-0.7134569044093805
ENSG00000155097,528,ATP6V1C1,0.4734903361610079
ENSG00000136930,5695,PSMB7,0.17120216319413
ENSG00000205323,84324,SARNP,0.2988486037585735
ENSG00000188243,170622,COMMD6,0.1460596244974792
ENSG00000046604,1829,DSG2,0.6798594434317385
ENSG00000021776,9716,AQR,-0.7420099907584183
ENSG00000129055,25847,ANAPC13,0.2712145980189953
ENSG00000147383,50814,NSDHL,-0.503498447001816
ENSG00000112081,6428,SRSF3,-0.1989449132137117
ENSG00000131238,5538,PPT1,0.3251181333789563
ENSG00000168175,93487,MAPK1IP1L,-0.3910226590920991
ENSG00000102316,10916,MAGED2,0.3218302477710328
ENSG00000183741,23466,CBX6,-0.7561368086275849
ENSG00000148110,84641,MFSD14B,-0.7664802421725453
ENSG00000104635,23516,SLC39A14,0.5290603500162252
ENSG00000003436,7035,TFPI,-0.5842797942926852
ENSG00000101191,11083,DIDO1,-0.90678606109651
ENSG00000127920,2791,GNG11,-0.3674999438947187
ENSG00000135821,2752,GLUL,0.452118984777392
ENSG00000132313,51318,MRPL35,0.5321536457836549
ENSG00000101493,9658,ZNF516,-0.9625678850761537
ENSG00000130032,79057,PRRG3,-1.1739448142705264
ENSG00000013588,9052,GPRC5A,0.6295244737385429
ENSG00000242372,3692,EIF6,0.2567294401006342
ENSG00000013375,5238,PGM3,0.4859374261119815
ENSG00000145860,153830,RNF145,-0.9791451405936942
ENSG00000166847,84516,DCTN5,0.4985116384947941
ENSG00000141376,54828,BCAS3,-1.1101925290471946
ENSG00000129696,80185,TTI2,-0.9367117626690636
ENSG00000265354,100287932,TIMM23,0.3237912767853879
ENSG00000108061,8036,SHOC2,-0.5253621259612345
ENSG00000265241,9939,RBM8A,0.2844816172618624
ENSG00000151725,79682,CENPU,-1.0378753363237838
ENSG00000078269,8871,SYNJ2,1.3725782332411438
ENSG00000273562,4676,NAP1L4,-0.5648915192011112
ENSG00000111728,6489,ST8SIA1,-1.7348906322881406
ENSG00000126432,25824,PRDX5,-0.3622423458336865
ENSG00000117682,79947,DHDDS,-0.7340949595900496
ENSG00000186480,3638,INSIG1,-0.8411400894151487
ENSG00000181666,284459,ZNF875,0.7587819548626068
ENSG00000125931,4435,CITED1,-0.4943756411911043
ENSG00000104884,2068,ERCC2,-0.8920769450092523
ENSG00000164292,22836,RHOBTB3,0.3579380205360179
ENSG00000111912,135112,NCOA7,0.6777623678681644
ENSG00000111727,29915,HCFC2,-0.9958700116211056
ENSG00000090487,51324,SPG21,0.4445119185975698
ENSG00000267080,339201,ASB16-AS1,-1.5346640787706107
ENSG00000125356,4694,NDUFA1,0.181492099460717
ENSG00000138085,51374,ATRAID,0.2187451139837062
ENSG00000119965,80007,C10orf88,1.280660450521916
ENSG00000100441,23351,KHNYN,0.9223981264222304
ENSG00000123240,10133,OPTN,0.5614845207264922
ENSG00000275713,8345,H2BC9,-1.527990445472709
ENSG00000172243,64581,CLEC7A,-1.050464331247718
ENSG00000074219,8463,TEAD2,-0.7877489878927889
ENSG00000143507,11221,DUSP10,-1.2843704013696151
ENSG00000107819,81855,SFXN3,-0.7848626074507208
ENSG00000020922,4361,MRE11,-0.7214749963488829
ENSG00000111704,79923,NANOG,-0.6003657822187045
ENSG00000169442,1043,CD52,0.8787133710309949
ENSG00000130255,25873,RPL36,0.126318539853358
ENSG00000163635,6314,ATXN7,-1.060130742394804
ENSG00000142657,5226,PGD,0.1817762147898342
ENSG00000123416,10376,TUBA1B,-0.2026401899914254
ENSG00000130731,84326,METTL26,-0.613467049112717
ENSG00000106682,7458,EIF4H,-0.527036807519864
ENSG00000118508,10981,RAB32,0.8135802769905749
ENSG00000112759,2030,SLC29A1,-0.928316758205752
ENSG00000105576,30000,TNPO2,-0.7405006705345865
ENSG00000110841,8496,PPFIBP1,-0.6898257188465631
ENSG00000171649,284307,ZIK1,-1.0942390814670635
ENSG00000119878,9419,CRIPT,-0.4758296764024437
ENSG00000198960,54470,ARMCX6,0.4696499470732141
ENSG00000145349,817,CAMK2D,-0.5505802512244276
ENSG00000044115,1495,CTNNA1,0.3773656242907465
ENSG00000118526,6943,TCF21,-1.3560787246904222
ENSG00000104213,5157,PDGFRL,0.8978488343466248
ENSG00000119408,10783,NEK6,1.1316967838245726
ENSG00000099901,5902,RANBP1,-0.5724424242335273
ENSG00000100567,5684,PSMA3,0.227059725086906
ENSG00000109929,6309,SC5D,-0.4084160079959593
ENSG00000115758,4953,ODC1,0.5198573363947155
ENSG00000261371,5175,PECAM1,0.5002240733689215
ENSG00000156017,138199,CARNMT1,-0.8046724642022235
ENSG00000141965,55527,FEM1A,-0.718269071767939
ENSG00000137154,6194,RPS6,0.1406210792156755
ENSG00000006652,3475,IFRD1,0.8587536015203735
ENSG00000164125,51313,GASK1B,-0.5400164248096507
ENSG00000166900,6809,STX3,0.8853127643902589
ENSG00000089248,10961,ERP29,0.1968259868625134
ENSG00000197629,219972,MPEG1,-1.354826229291858
ENSG00000136237,9771,RAPGEF5,-1.145102118113321
ENSG00000173451,83591,THAP2,-0.8972982188711365
ENSG00000157110,11030,RBPMS,0.9221768293096946
,64595,TTTY15,-0.5270455529460744
ENSG00000181722,26137,ZBTB20,0.3980687666718426
ENSG00000126457,3276,PRMT1,-0.4904840942538184
ENSG00000077044,8527,DGKD,1.5281557093952614
ENSG00000198624,26112,CCDC69,0.6110600168689801
ENSG00000129538,6035,RNASE1,0.1622088689263637
ENSG00000143457,55204,GOLPH3L,-0.4596850984761353
ENSG00000262406,4321,MMP12,-2.019485118517653
ENSG00000204592,3133,HLA-E,-0.6168983521058766
ENSG00000135046,301,ANXA1,0.5623560930166939
ENSG00000164713,25798,BRI3,0.6053333518178888
ENSG00000223775,28973,MRPS18B,0.2719492096254122
ENSG00000143793,79169,C1orf35,-0.9534482153013416
ENSG00000152642,23171,GPD1L,-1.11367241937303
ENSG00000069966,10681,GNB5,-0.9639284242799244
ENSG00000131943,83636,C19orf12,-0.735505712403911
ENSG00000092020,55012,PPP2R3C,0.4576385381640764
ENSG00000163961,165918,RNF168,-0.7490229785581618
ENSG00000110921,4598,MVK,-1.2563719375982243
ENSG00000014824,10463,SLC30A9,0.5727929133823074
ENSG00000173262,144195,SLC2A14,0.926051015023832
ENSG00000090857,55066,PDPR,0.761720074809062
ENSG00000100711,79038,ZFYVE21,-1.3432625323524046
,,LOC339803,-0.6599335381563152
ENSG00000137393,255488,RNF144B,-1.5514981419468648
ENSG00000130119,54552,GNL3L,-0.7430414278601681
ENSG00000074416,11343,MGLL,1.321524608267893
ENSG00000118985,22936,ELL2,-0.8243206319452362
ENSG00000171490,26156,RSL1D1,0.3842845396520308
ENSG00000226950,57291,DANCR,0.2853033008321325
ENSG00000124570,5269,SERPINB6,0.2672492412514148
ENSG00000115840,8604,SLC25A12,0.8225887339041058
ENSG00000105829,10282,BET1,0.439032710957312
ENSG00000166164,29117,BRD7,0.6987839859628387
ENSG00000108604,6603,SMARCD2,-1.1803356309752333
ENSG00000169169,126129,CPT1C,-1.3815372285603995
ENSG00000197872,81553,CYRIA,-1.0057401149817446
ENSG00000114850,6747,SSR3,-0.3673720589193
ENSG00000001167,4800,NFYA,-0.942999690103828
ENSG00000160783,11243,PMF1,-0.6528458872490964
ENSG00000118245,7141,TNP1,1.384665665167394
ENSG00000148572,29982,NRBF2,0.4893848193497074
ENSG00000021574,6683,SPAST,-0.8109453065477792
ENSG00000206053,90861,JPT2,-0.6055528416757622
ENSG00000101439,1471,CST3,0.470541481135392
ENSG00000170558,1000,CDH2,-0.5529986374581751
ENSG00000137814,55142,HAUS2,-0.7830814453060785
ENSG00000111775,1337,COX6A1,0.1656348456615324
ENSG00000116406,80267,EDEM3,-0.7304922175785528
ENSG00000164161,64399,HHIP,-1.0805267896205142
ENSG00000104299,55756,INTS9,0.7989111897543852
ENSG00000066651,60487,TRMT11,0.6470332402934021
ENSG00000100902,5687,PSMA6,0.1673495450928036
ENSG00000084652,200081,TXLNA,-0.4787003231345145
ENSG00000164096,401152,C4orf3,0.2039207644647328
ENSG00000138796,3033,HADH,-0.3219444157937007
ENSG00000218739,100505876,CEBPZOS,-0.4478570250845631
,,METTL7A,-0.6987320522332572
ENSG00000163909,26508,HEYL,-1.1164589596907222
ENSG00000153201,5903,RANBP2,0.6364223493020111
ENSG00000129003,54832,VPS13C,-0.7140673280079954
ENSG00000178974,55030,FBXO34,-0.86589047104831
ENSG00000108826,51264,MRPL27,0.3073429853850642
ENSG00000185875,79896,THNSL1,0.8005666368496002
ENSG00000061676,10787,NCKAP1,0.4172368358447842
ENSG00000105983,64327,LMBR1,-0.5392411310929953
ENSG00000164134,80155,NAA15,-0.5505904665933672
ENSG00000106992,203,AK1,-0.4106380141618461
ENSG00000162772,467,ATF3,1.011441302534528
ENSG00000173409,64801,ARV1,1.1334681336918575
ENSG00000278355,353514,LILRA5,-1.600803494975088
ENSG00000065518,4710,NDUFB4,0.1667441211170671
ENSG00000133800,10894,LYVE1,0.9040012524838482
ENSG00000187607,57335,ZNF286A,-1.1351427877678557
ENSG00000152234,498,ATP5F1A,0.1565605211141337
ENSG00000264364,140735,DYNLL2,-0.7648563982861216
ENSG00000180329,124808,CCDC43,-0.7527631970118386
ENSG00000009844,51534,VTA1,0.4171132007058615
ENSG00000223367,6222,RPS18,0.1598461575659451
ENSG00000196262,5478,PPIA,-0.2758681990475422
ENSG00000117569,58155,PTBP2,-0.9017446082423508
ENSG00000173372,712,C1QA,-0.6124319232113438
ENSG00000050165,27122,DKK3,-0.5475685165946427
ENSG00000147378,89885,FATE1,-0.303294704879264
ENSG00000110077,64231,MS4A6A,-0.5932397185913783
ENSG00000243678,4831,NME2,-0.5849411401880411
ENSG00000141447,114876,OSBPL1A,0.7576757479255875
ENSG00000023734,11171,STRAP,0.2522017296621807
ENSG00000182916,56849,TCEAL7,0.3006958353262556
ENSG00000281221,5704,PSMC4,0.3001487988210551
ENSG00000172663,80194,TMEM134,-0.5284297497261932
ENSG00000184432,9276,COPB2,0.2987786182302546
ENSG00000128045,65997,RASL11B,-1.074039819422127
ENSG00000117984,1509,CTSD,0.6968058934400304
ENSG00000133142,79921,TCEAL4,0.2637836021910734
ENSG00000166033,5654,HTRA1,1.2986772174386716
ENSG00000205336,9289,ADGRG1,0.6774820421288071
ENSG00000175582,5870,RAB6A,-0.532546585129536
ENSG00000155980,3798,KIF5A,-1.830362722735236
ENSG00000242852,163051,ZNF709,-0.9236404652328308
ENSG00000157020,6396,SEC13,0.2771630700925717
ENSG00000143367,7286,TUFT1,-0.6175512589064298
ENSG00000047644,55841,WWC3,-0.9541950474307344
ENSG00000108179,10105,PPIF,0.4738962041552395
ENSG00000140319,6727,SRP14,0.1225879505367088
ENSG00000143933,805,CALM2,0.2149385719506494
ENSG00000116138,23341,DNAJC16,-0.8155774204569581
ENSG00000162144,220002,CYB561A3,1.0010832003577417
ENSG00000173166,65059,RAPH1,-1.1702599306741832
ENSG00000255561,91893,FDXACB1,-0.8321683992225992
ENSG00000119705,81892,SLIRP,0.1907485965273598
ENSG00000133027,10400,PEMT,-0.5188140566895734
ENSG00000125844,6238,RRBP1,0.922480488543287
,,FAM160B1,0.8936624382817936
ENSG00000133313,55748,CNDP2,0.4178679010816298
ENSG00000213246,6827,SUPT4H1,0.1757663165540897
ENSG00000198300,5178,PEG3,-0.3129579606590931
,,LOC100421372,0.966169267261093
ENSG00000166532,57494,RIMKLB,-0.8943612855360458
ENSG00000003509,55471,NDUFAF7,0.7747275615272796
,,CBWD1,0.5354211211868969
ENSG00000153006,285672,SREK1IP1,0.246092416566743
ENSG00000092203,9878,TOX4,-0.4513524332256326
ENSG00000163322,84142,ABRAXAS1,0.4214531001960415
ENSG00000141367,1213,CLTC,0.3655190115202974
ENSG00000239900,158,ADSL,0.2449612449523148
ENSG00000155542,133383,SETD9,-0.9891109717997448
ENSG00000168288,27249,MMADHC,0.2021937924422797
ENSG00000241878,23761,PISD,0.6443595036318088
ENSG00000154380,55740,ENAH,-0.4903171959214102
ENSG00000144057,84620,ST6GAL2,-1.0983432918106888
ENSG00000245017,643770,LINC02453,-1.2191907294484976
ENSG00000166263,252983,STXBP4,-0.901148522529607
ENSG00000152240,115106,HAUS1,0.3437365441491447
ENSG00000002016,5893,RAD52,-1.2516274554880311
ENSG00000213079,22828,SCAF8,-0.7312163263452974
ENSG00000047365,116984,ARAP2,-0.5111461770649093
ENSG00000135926,64114,TMBIM1,0.6395496875858968
ENSG00000156171,128338,DRAM2,0.2961374214516907
ENSG00000166548,7084,TK2,-0.8894100347550159
ENSG00000072849,51009,DERL2,0.3971915094318494
ENSG00000136560,10010,TANK,0.5888418264290329
ENSG00000168653,4725,NDUFS5,0.1227932777804816
ENSG00000008282,6856,SYPL1,0.2500361183193043
ENSG00000163026,80304,WDCP,-0.667046755509688
ENSG00000244038,1650,DDOST,0.2845198405476742
ENSG00000090316,10296,MAEA,-0.8016285921442888
ENSG00000278191,833,CARS1,0.61149390993021
ENSG00000185869,374899,ZNF829,-1.2506308915607025
ENSG00000124762,1026,CDKN1A,0.7357289948815944
ENSG00000171766,2628,GATM,0.330660668093247
ENSG00000121022,10987,COPS5,0.2730298860494654
ENSG00000269343,100293516,ZNF587B,-1.0952780477636122
ENSG00000126749,10436,EMG1,0.303022030077634
ENSG00000291379,26099,SZRD1,-0.7249156314172557
ENSG00000008324,51188,SS18L2,0.3857567513299891
ENSG00000205213,55366,LGR4,0.5117679169669436
ENSG00000092621,26227,PHGDH,0.4669057045918663
ENSG00000111907,7164,TPD52L1,0.8279654244603213
ENSG00000204287,3122,HLA-DRA,-0.4632081954696397
ENSG00000173681,256643,BCLAF3,-1.2868854327515125
ENSG00000176244,414149,ACBD7,-1.2825319133686746
ENSG00000163466,10109,ARPC2,-0.2738036057230803
ENSG00000137776,79811,SLTM,0.5634696279729988
ENSG00000129195,54478,PIMREG,-1.4270324022214935
ENSG00000187676,145173,B3GLCT,-0.835046137954085
ENSG00000006625,79017,GGCT,0.3265380573167342
ENSG00000142089,10410,IFITM3,0.2281718625359939
ENSG00000111674,2026,ENO2,1.012169408526376
ENSG00000060339,55749,CCAR1,0.5592287404989329
ENSG00000172379,9915,ARNT2,0.6238764970823828
ENSG00000082781,3693,ITGB5,0.7836598001986623
ENSG00000177570,401474,SAMD12,-1.0360402817050498
ENSG00000148672,2746,GLUD1,-0.529406419160425
ENSG00000169554,9839,ZEB2,-0.4908096698788953
ENSG00000150471,23284,ADGRL3,-0.8104059829874419
ENSG00000151657,22944,KIN,-0.4616199316087735
ENSG00000169914,23252,OTUD3,-0.8139989554366276
ENSG00000292119,80097,MZT2B,-0.5222178456495008
ENSG00000185261,285600,KIAA0825,-0.8919546341091245
ENSG00000167461,4218,RAB8A,-0.6215511097557397
ENSG00000118292,79630,C1orf54,-0.3429393323954015
ENSG00000173156,29984,RHOD,-1.4625944491771083
ENSG00000291796,328,APEX1,0.1689428803036713
ENSG00000106588,5683,PSMA2,0.151699109420581
ENSG00000102007,5355,PLP2,0.5304294039886837
ENSG00000149929,8479,HIRIP3,-1.2361153297504128
ENSG00000144746,10550,ARL6IP5,0.2670563065353029
ENSG00000153130,60592,SCOC,0.2440087404837308
ENSG00000175063,11065,UBE2C,-0.5960654492873353
ENSG00000023041,64429,ZDHHC6,0.7287669087595979
ENSG00000059378,64761,PARP12,1.0886840978575787
ENSG00000162654,115361,GBP4,-0.4964192772919455
ENSG00000189266,55629,PNRC2,0.2788276817438108
ENSG00000176256,127540,HMGB4,1.2145900221826782
ENSG00000090339,3383,ICAM1,1.018455385720268
ENSG00000138768,8615,USO1,0.5460097567427169
ENSG00000149212,143686,SESN3,-0.4140778813016161
ENSG00000137770,51496,CTDSPL2,-0.4507979352228815
ENSG00000164405,27089,UQCRQ,0.2135655794988319
ENSG00000232112,51372,TMA7,0.1709837686492718
ENSG00000124383,10199,MPHOSPH10,0.5133795079898633
ENSG00000178409,57673,BEND3,-1.3635115024819295
ENSG00000113758,1627,DBN1,-1.0649312922367575
ENSG00000214046,79086,SMIM7,0.2339932072948505
ENSG00000213420,221914,GPC2,-0.624566609859971
ENSG00000114353,2771,GNAI2,-0.6100046100909026
ENSG00000122026,6144,RPL21,0.2442744074715622
ENSG00000162129,81570,CLPB,-0.837159446120649
ENSG00000091986,151887,CCDC80,1.0264468244530347
ENSG00000234456,100505881,MAGI2-AS3,0.7716759357010955
ENSG00000114784,10289,EIF1B,0.29665435351727
ENSG00000100897,80344,DCAF11,0.6559969239098633
ENSG00000183508,54855,TENT5C,-0.5860930751970763
ENSG00000107651,11196,SEC23IP,0.6251715237110465
ENSG00000213397,55559,HAUS7,-0.8052523998035713
ENSG00000292334,293,SLC25A6,-0.3243564647079063
ENSG00000113312,7265,TTC1,0.3221415730450793
ENSG00000116741,5997,RGS2,0.8927365360226099
ENSG00000049323,4052,LTBP1,0.6101655926898283
ENSG00000204472,199,AIF1,-0.3808361235157746
ENSG00000230989,3281,HSBP1,0.232052703846565
ENSG00000139132,121512,FGD4,-0.688183377854088
ENSG00000149923,5531,PPP4C,-0.6353573108781608
ENSG00000135218,948,CD36,0.505672114028317
ENSG00000070087,5217,PFN2,-0.1989547529766089
ENSG00000128394,200316,APOBEC3F,-0.7371206313359219
ENSG00000149100,10480,EIF3M,0.1448912805579814
ENSG00000170348,10972,TMED10,0.2073143420977157
ENSG00000111605,11052,CPSF6,-0.6048687190883743
ENSG00000170242,55031,USP47,0.5146435617765208
ENSG00000117748,6118,RPA2,0.2554938343045719
ENSG00000083814,79891,ZNF671,1.0485357490167706
ENSG00000100934,10484,SEC23A,0.4766804334136058
ENSG00000068878,23198,PSME4,-0.4734340428203891
ENSG00000182180,51021,MRPS16,-0.2786939780612049
ENSG00000140740,7385,UQCRC2,0.178403154606094
ENSG00000153904,23576,DDAH1,-0.5960968379496008
ENSG00000184226,5101,PCDH9,-0.5526578147531913
ENSG00000062598,63916,ELMO2,0.5712007190730823
ENSG00000150459,10284,SAP18,0.2128459211389541
ENSG00000070061,8518,ELP1,-0.3073360573040548
ENSG00000155849,9844,ELMO1,-1.1136214123447503
ENSG00000116132,5396,PRRX1,1.2374659521362958
ENSG00000159658,9813,EFCAB14,-0.6353906383686964
ENSG00000102401,51566,ARMCX3,0.4980981575431669
ENSG00000152795,9987,HNRNPDL,-0.1455382012367979
ENSG00000087245,4313,MMP2,-0.5143339686509747
ENSG00000124151,8202,NCOA3,-0.644272687393528
ENSG00000123595,9367,RAB9A,0.7533472926003155
ENSG00000108666,64149,C17orf75,0.6622690231790481
,,CCDC58,-0.6342475139478592
,,LOC646029,-0.3562447308453766
ENSG00000171843,4300,MLLT3,-1.0994348617336815
ENSG00000119523,85365,ALG2,0.7547691858125989
ENSG00000185825,10134,BCAP31,0.2108162963320879
ENSG00000126070,192669,AGO3,-0.6740963123491134
ENSG00000136933,10244,RABEPK,0.4291139239415183
ENSG00000163453,3490,IGFBP7,-0.539089575496635
ENSG00000177963,60626,RIC8A,0.6331671329742702
ENSG00000153879,1054,CEBPG,0.9216175521498484
ENSG00000189227,145853,C15orf61,0.7759409668426167
ENSG00000110442,29099,COMMD9,0.2774427667182486
ENSG00000072401,7321,UBE2D1,-0.7490943877079776
ENSG00000173039,5970,RELA,-0.8476668734355662
ENSG00000004961,3052,HCCS,-0.7463508879374616
ENSG00000147044,8573,CASK,-0.7653172563997827
ENSG00000005436,6936,GCFC2,-0.7006144941813862
ENSG00000135241,50640,PNPLA8,0.4627768179873147
ENSG00000060749,79832,QSER1,0.6996493251720545
ENSG00000183688,359845,RFLNB,-0.9614832068166038
ENSG00000139117,144402,CPNE8,-0.8704379612433095
ENSG00000241468,9551,ATP5MF,0.208574399232162
ENSG00000139160,254013,ETFBKMT,-0.8061938632481103
ENSG00000161791,91010,FMNL3,-0.6223382550844638
ENSG00000128185,85359,DGCR6L,-0.6540301946951338
ENSG00000160014,808,CALM3,-0.4405041421462451
ENSG00000167900,7083,TK1,-0.96328415211991
ENSG00000241685,10552,ARPC1A,0.2045367949072038
ENSG00000139174,144165,PRICKLE1,-0.7714321610846067
ENSG00000101182,5688,PSMA7,-0.2849578185707896
ENSG00000099308,23031,MAST3,-1.0189973533117522
ENSG00000156299,7074,TIAM1,-1.0337461039458262
ENSG00000100150,9681,DEPDC5,-1.0175995139581944
ENSG00000181610,51649,MRPS23,0.26655206062663
ENSG00000148737,6934,TCF7L2,-0.7433863688222516
ENSG00000108799,2145,EZH1,0.8173734669582577
ENSG00000112977,1611,DAP,0.8616517078616198
ENSG00000175073,80124,VCPIP1,-0.6564062850007634
ENSG00000275272,91746,YTHDC1,-0.5508691941404519
ENSG00000153147,8467,SMARCA5,-0.4396845322978821
ENSG00000203943,148418,SAMD13,-0.930346372439471
ENSG00000083799,1540,CYLD,0.9692589603105148
ENSG00000138111,79847,MFSD13A,-1.244568255894473
ENSG00000166750,162394,SLFN5,1.275326384798434
ENSG00000015676,23386,NUDCD3,0.4920218642972038
ENSG00000164823,734,OSGIN2,1.015323564806666
ENSG00000006757,8228,PNPLA4,0.3791920630126241
ENSG00000135931,80210,ARMC9,0.611427709481478
ENSG00000143314,79590,MRPL24,0.2968749194571399
ENSG00000196208,9687,GREB1,-1.0155923402759937
ENSG00000167881,6730,SRP68,-0.5597820618513668
ENSG00000114796,54800,KLHL24,0.3874336898545444
ENSG00000153774,10428,CFDP1,0.2215894486444852
ENSG00000026297,8635,RNASET2,-0.8196511282878134
ENSG00000125871,92667,MGME1,-0.8845218924045924
ENSG00000106244,11333,PDAP1,-0.5188554319351826
ENSG00000011465,1634,DCN,0.1683973315504955
ENSG00000163017,72,ACTG2,-0.8377734191347121
ENSG00000183283,9802,DAZAP2,0.3455361467588951
ENSG00000122218,1314,COPA,0.3388243728337434
ENSG00000107372,7763,ZFAND5,0.305327203952279
ENSG00000047849,4134,MAP4,0.5782455562235967
ENSG00000131165,5119,CHMP1A,-0.7498926847952532
ENSG00000109184,23142,DCUN1D4,-0.5999156627120551
ENSG00000023330,211,ALAS1,-0.4010873077049083
ENSG00000131016,9590,AKAP12,-0.6438729277503317
ENSG00000162616,11080,DNAJB4,-0.4163757125517828
ENSG00000156471,9791,PTDSS1,0.4521092990847543
ENSG00000144674,2803,GOLGA4,0.6932416052877067
ENSG00000185278,84614,ZBTB37,-0.8748361539541402
ENSG00000125633,54520,CCDC93,0.9208124835275971
ENSG00000070404,10272,FSTL3,0.8280524804885431
ENSG00000110048,5007,OSBP,0.7485002010829265
,,PIFO,0.5626190116045545
ENSG00000100412,50,ACO2,-1.046265593360342
ENSG00000134247,5738,PTGFRN,-0.5006969167144116
ENSG00000167552,7846,TUBA1A,-0.1338934635557521
ENSG00000112855,23438,HARS2,0.6436503758528113
ENSG00000138496,83666,PARP9,1.0864159467344925
ENSG00000083457,3682,ITGAE,-0.4010833173589787
ENSG00000162600,115209,OMA1,0.6788934271068517
ENSG00000266472,54460,MRPS21,0.1776699486576462
ENSG00000172845,6670,SP3,-0.4754771262899484
ENSG00000184076,29796,UQCR10,0.228827316663202
ENSG00000124802,9521,EEF1E1,0.291581216696288
ENSG00000115902,6509,SLC1A4,0.982701731941222
ENSG00000247746,158880,USP51,-1.1983346435312077
ENSG00000124459,7596,ZNF45,1.066067638212309
ENSG00000135409,269,AMHR2,0.2857595398661471
ENSG00000185305,54622,ARL15,-0.594988284586153
ENSG00000130227,23039,XPO7,-0.7415767190293542
ENSG00000152944,9412,MED21,0.2468309345542907
ENSG00000185650,677,ZFP36L1,0.2982610802196816
ENSG00000138674,22872,SEC31A,0.3501226941406225
ENSG00000251022,100499177,THAP9-AS1,0.7022653383326939
ENSG00000174106,23592,LEMD3,1.018066647196962
ENSG00000170340,10678,B3GNT2,0.7343693569838255
ENSG00000144579,58190,CTDSP1,0.6416404101820655
ENSG00000164603,154743,BMT2,0.6791380894814977
ENSG00000198730,9646,CTR9,0.5939608593859642
ENSG00000184863,155435,RBM33,-0.8926573093801846
ENSG00000066583,51015,ISOC1,-0.5323229082624723
ENSG00000116044,4780,NFE2L2,0.3357730318215386
ENSG00000082898,7514,XPO1,0.4126365386817145
ENSG00000004866,7982,ST7,0.7750645065472299
ENSG00000126267,1340,COX6B1,0.1134651869182129
ENSG00000101470,7125,TNNC2,-0.6276488504622845
ENSG00000176101,8636,SSNA1,-0.5261544952417943
ENSG00000115526,9486,CHST10,-1.1931511187285002
ENSG00000150687,11098,PRSS23,-0.367997066297934
ENSG00000242247,26286,ARFGAP3,0.3130316037472788
ENSG00000163877,79753,SNIP1,-0.7499819924597753
ENSG00000185551,7026,NR2F2,-0.3514481717837269
ENSG00000134996,26578,OSTF1,-0.7193402630939445
ENSG00000183828,256281,NUDT14,0.8547239720814975
ENSG00000151376,10873,ME3,1.0278136833312448
ENSG00000105939,56829,ZC3HAV1,-0.6247868867250085
,,WDR92,-0.6459705624856044
ENSG00000145908,91975,ZNF300,-1.0169253075245368
ENSG00000168899,10791,VAMP5,-0.5095760276693576
ENSG00000101745,23253,ANKRD12,0.5907631458500473
ENSG00000006744,60528,ELAC2,-0.9164699798555974
ENSG00000162889,9261,MAPKAPK2,1.2780273263892936
ENSG00000183010,5831,PYCR1,0.9344653518078804
ENSG00000011600,7305,TYROBP,-0.497654036166649
ENSG00000171421,64979,MRPL36,0.2408154376169566
ENSG00000100116,23464,GCAT,-1.048772401133813
ENSG00000145241,1060,CENPC,-0.6144804748830419
ENSG00000227124,100131827,ZNF717,-1.009032556903663
ENSG00000182704,25987,TSKU,0.6627147898027381
ENSG00000151632,1646,AKR1C2,0.6719531350115524
ENSG00000129083,1315,COPB1,0.3408181288898637
ENSG00000112695,1347,COX7A2,0.1619329493344974
ENSG00000267041,342892,ZNF850,-0.7639957428719314
ENSG00000198755,4736,RPL10A,0.1254533318832102
ENSG00000089177,55614,KIF16B,1.2519984137632512
ENSG00000178127,4729,NDUFV2,-0.2091168340593402
ENSG00000139180,4704,NDUFA9,0.3136639325495204
ENSG00000067836,79641,ROGDI,-0.8773246467235852
ENSG00000186432,3840,KPNA4,-0.3826078673765
ENSG00000171703,6919,TCEA2,-0.6301725681429646
ENSG00000107562,6387,CXCL12,0.4641721722455836
ENSG00000165219,26130,GAPVD1,0.6173679038379499
ENSG00000129244,482,ATP1B2,-0.9585670882228616
ENSG00000105968,94239,H2AZ2,-0.3788043219047349
ENSG00000205358,4496,MT1H,1.591615335547218
ENSG00000114021,56954,NIT2,-0.2677591615162331
ENSG00000122176,2331,FMOD,0.7846086431032926
ENSG00000175216,9793,CKAP5,-0.4792955267227464
ENSG00000204370,6392,SDHD,0.3289626957541638
ENSG00000183475,140460,ASB7,-0.7604769117075969
ENSG00000101134,55816,DOK5,0.901552462689006
ENSG00000181873,200205,IBA57,-1.2322655939910987
ENSG00000117318,3399,ID3,-0.4876818975560684
ENSG00000204084,3633,INPP5B,-0.8093921941008128
ENSG00000281013,4700,NDUFA6,0.228009062067623
ENSG00000136783,25934,NIPSNAP3A,0.3168971551184517
ENSG00000196932,219623,TMEM26,-0.7008902404822986
ENSG00000212866,3304,HSPA1B,-1.094668438078529
ENSG00000197728,6231,RPS26,0.1337059203274209
ENSG00000147403,6134,RPL10,0.1312922606016991
ENSG00000113851,51185,CRBN,0.341770629641266
ENSG00000145365,92610,TIFA,0.9142885679700546
ENSG00000169946,23414,ZFPM2,0.5371704886150707
ENSG00000169612,83640,RAMAC,-0.27425861544538
ENSG00000203879,2664,GDI1,1.0401412008381803
ENSG00000078967,51619,UBE2D4,-0.7136848946152129
ENSG00000196284,8464,SUPT3H,0.5308209613725441
ENSG00000185917,54093,SETD4,0.5990905281348115
,100529211,TMEM256-PLSCR3,-1.3214849773881463
ENSG00000184828,201501,ZBTB7C,-0.5882124517590769
ENSG00000143891,130589,GALM,0.3851036714257195
ENSG00000197265,2961,GTF2E2,0.7129014631192985
ENSG00000139641,23344,ESYT1,0.5291173772276697
ENSG00000064042,22998,LIMCH1,-0.5425206883014598
ENSG00000155229,64210,MMS19,0.4224800011831326
ENSG00000165609,11164,NUDT5,0.2145843529400734
ENSG00000198833,51465,UBE2J1,0.5727534732599624
ENSG00000023445,330,BIRC3,0.7388244309460997
ENSG00000111897,57515,SERINC1,0.2429794179093274
ENSG00000167468,2879,GPX4,0.4110280248527129
ENSG00000151552,5860,QDPR,-0.4644748998495526
ENSG00000120697,29880,ALG5,0.2723775110599272
ENSG00000100243,1727,CYB5R3,-0.6624430728444889
ENSG00000119922,3433,IFIT2,1.14073660720707
ENSG00000033050,10061,ABCF2,0.5001023603864772
ENSG00000173933,5936,RBM4,-0.3966093838355639
ENSG00000196335,56164,STK31,1.1474098179185317
ENSG00000163191,6282,S100A11,0.2871515903890791
ENSG00000162623,127253,TYW3,0.410482219795047
ENSG00000138439,150864,FAM117B,-0.6553998835496387
ENSG00000079785,1653,DDX1,0.3687790124730595
ENSG00000100162,79019,CENPM,-0.7607443955914612
ENSG00000159063,79053,ALG8,0.3154528818461969
ENSG00000105676,93436,ARMC6,-0.9652984322740132
ENSG00000171466,54811,ZNF562,-0.6286129441039339
ENSG00000173230,2804,GOLGB1,0.6019900675861934
ENSG00000134056,92259,MRPS36,0.2639057355432946
ENSG00000143977,6637,SNRPG,0.1586059987233944
ENSG00000100744,51527,GSKIP,0.6831195076518588
ENSG00000143641,2590,GALNT2,-0.8615933609649002
ENSG00000285246,4738,NEDD8,0.194597251980776
ENSG00000134243,6272,SORT1,0.6071574882799525
ENSG00000040531,1497,CTNS,0.8196353000332472
ENSG00000173706,57493,HEG1,0.8305866380834218
ENSG00000163162,284996,RNF149,-0.6374095624236177
ENSG00000178980,6415,SELENOW,-0.2243652317345334
ENSG00000139116,55605,KIF21A,-0.4518658322569777
ENSG00000100129,51386,EIF3L,0.143402643281413
ENSG00000011304,5725,PTBP1,-0.5641929788112078
ENSG00000196954,837,CASP4,0.3500708120855084
ENSG00000144381,3329,HSPD1,0.1364892631040804
ENSG00000116752,10286,BCAS2,0.3028854960269387
ENSG00000176024,79898,ZNF613,0.7961273609960988
ENSG00000064999,23294,ANKS1A,1.0197329414502634
ENSG00000074800,2023,ENO1,0.1473101598612917
,284942,RPL23AP82,-0.7218361834444579
ENSG00000103363,6923,ELOB,0.2024918270442981
ENSG00000214174,201283,AMZ2P1,0.4366287686242202
ENSG00000185019,22888,UBOX5,-1.0911465069625963
ENSG00000059804,6515,SLC2A3,0.6327199164033698
ENSG00000100387,9978,RBX1,0.1502257880278985
ENSG00000167550,121268,RHEBL1,0.7131464268527897
ENSG00000066027,5525,PPP2R5A,0.7932593726055199
ENSG00000288364,4692,NDN,-0.3349632176152187
ENSG00000106628,5425,POLD2,-0.4093554803718286
ENSG00000123999,3623,INHA,-0.3240625356909903
ENSG00000108961,29098,RANGRF,0.3616000059957225
ENSG00000180992,64928,MRPL14,0.2081020740817609
ENSG00000108671,5717,PSMD11,-0.307031373746543
ENSG00000149346,128710,SLX4IP,-0.65040779916794
ENSG00000071564,6929,TCF3,-0.8930381608992344
ENSG00000119699,7043,TGFB3,-0.8936191312566655
ENSG00000176208,79915,ATAD5,-1.0648930914365118
ENSG00000143742,6726,SRP9,0.1470367266722541
ENSG00000137274,670,BPHL,-0.6475741409909828
ENSG00000164692,1278,COL1A2,0.318397782046483
ENSG00000173214,91749,MFSD4B,-0.812228247094284
ENSG00000003989,6542,SLC7A2,0.6720458856221471
ENSG00000262771,6742,SSBP1,0.1458875364905858
ENSG00000079819,2037,EPB41L2,-0.5686984977348574
ENSG00000215386,388815,MIR99AHG,0.4527979420594489
ENSG00000143748,4931,NVL,0.8257148969152807
ENSG00000166503,50810,HDGFL3,-0.4462103984064148
ENSG00000142634,79180,EFHD2,-0.9883526964884392
ENSG00000205629,51451,LCMT1,0.2370233189424281
ENSG00000175354,5771,PTPN2,0.3484975566654323
ENSG00000277791,5691,PSMB3,0.1698642860938121
ENSG00000126756,8409,UXT,-0.3590568945059788
ENSG00000040275,54908,SPDL1,0.6683713542497435
ENSG00000218510,29092,LINC00339,-0.5295722411986604
ENSG00000115310,57142,RTN4,0.4023006773257703
ENSG00000071626,26528,DAZAP1,-0.6940485611609357
ENSG00000277273,1022,CDK7,0.5179030159782303
ENSG00000121542,26984,SEC22A,0.4402268907870994
ENSG00000144847,152404,IGSF11,-0.9798921195711454
ENSG00000122644,10124,ARL4A,-0.4588196211921461
ENSG00000163738,441024,MTHFD2L,0.8256164413970933
ENSG00000092531,8773,SNAP23,-0.2952279607057762
ENSG00000138594,29766,TMOD3,-0.434007634558622
ENSG00000170632,83787,ARMC10,0.8394586700774355
ENSG00000170088,201931,TMEM192,0.640183022987594
ENSG00000186300,148254,ZNF555,0.5863751193786851
ENSG00000254986,10072,DPP3,-0.5933491068489473
ENSG00000143224,5498,PPOX,0.8758265927925125
ENSG00000182087,91304,TMEM259,-0.8969686024359252
ENSG00000172667,64393,ZMAT3,0.7011855443305736
ENSG00000132840,23743,BHMT2,1.0312917384556557
ENSG00000141002,22980,TCF25,-0.6005420232226105
ENSG00000167123,51148,CERCAM,-1.068557288531095
ENSG00000097033,51100,SH3GLB1,0.3879527343043392
ENSG00000151150,288,ANK3,-0.8834535701031175
ENSG00000165898,122961,ISCA2,-0.4465373110906511
ENSG00000126953,1678,TIMM8A,0.4833017089532221
ENSG00000029363,9774,BCLAF1,0.330181772010976
ENSG00000120885,1191,CLU,0.298199040533617
ENSG00000143198,4259,MGST3,0.1439599759877272
,,PHB,-0.2381077662666476
ENSG00000128567,5420,PODXL,-0.81631892533697
ENSG00000185985,84631,SLITRK2,-1.1332393032842485
ENSG00000163319,51023,MRPS18C,0.2641459999609823
ENSG00000104889,10535,RNASEH2A,-0.4888970140819971
ENSG00000159352,5710,PSMD4,-0.2688968039043565
ENSG00000070756,26986,PABPC1,0.2793514406162278
ENSG00000166128,51762,RAB8B,0.4254245069920862
ENSG00000109670,55294,FBXW7,-0.7596293334771366
ENSG00000091136,3912,LAMB1,0.4874745401781542
ENSG00000089775,7597,ZBTB25,-0.7490866132556873
ENSG00000165775,65991,FUNDC2,0.1690215702089386
ENSG00000150961,9871,SEC24D,0.5873238348268798
ENSG00000221926,10626,TRIM16,-0.4211205463068489
ENSG00000152684,53918,PELO,0.4630999014153097
,,LOC107985770,0.4567715917385021
ENSG00000092841,4637,MYL6,0.2036513447235975
ENSG00000179889,23042,PDXDC1,0.7045843636855486
ENSG00000162604,83941,TM2D1,0.3439148271214162
ENSG00000117620,23443,SLC35A3,0.666873172709013
ENSG00000011009,11313,LYPLA2,-0.7499685099166691
ENSG00000174684,11041,B4GAT1,-0.5829564997949968
ENSG00000168385,4735,SEPTIN2,0.2286846512304815
ENSG00000236342,23,ABCF1,0.5172488201334742
ENSG00000100532,10668,CGRRF1,0.3326690233137245
ENSG00000089154,10985,GCN1,0.6225083229780518
ENSG00000142687,79932,KIAA0319L,0.769681625698944
ENSG00000064300,4804,NGFR,-1.0604277531093882
ENSG00000173456,79102,RNF26,0.670845565048652
ENSG00000129235,84817,TXNDC17,0.1581386745624095
ENSG00000100365,4689,NCF4,-0.9199391749836866
ENSG00000075975,23609,MKRN2,0.4896939315713598
ENSG00000013619,10046,MAMLD1,0.8789660100257278
ENSG00000160803,56893,UBQLN4,0.7085817499416881
ENSG00000244094,6705,SPRR2F,0.3760499315017065
ENSG00000292332,3563,IL3RA,-0.9139694633104056
ENSG00000163866,113444,SMIM12,-0.4700586695732006
ENSG00000150764,85458,DIXDC1,0.8477136981995425
ENSG00000124784,83732,RIOK1,0.4839355850089367
ENSG00000114956,1716,DGUOK,0.192246259224942
ENSG00000086061,3301,DNAJA1,0.2087452432655734
ENSG00000204103,9935,MAFB,-0.7073132913932326
ENSG00000130348,55278,QRSL1,0.4919923121704588
ENSG00000146955,401409,RAB19,-1.2152693818996505
ENSG00000152253,57405,SPC25,-0.7228082835699494
ENSG00000145681,1404,HAPLN1,0.9891345210823712
ENSG00000103510,84148,KAT8,0.6316405302192957
ENSG00000107581,8661,EIF3A,0.3544699816653994
ENSG00000083099,57226,LYRM2,0.2478741887417722
ENSG00000100124,129138,ANKRD54,0.6177618349443921
ENSG00000143458,126626,GABPB2,-1.000705641580086
ENSG00000177479,10425,ARIH2,0.4939896249723657
ENSG00000111052,8825,LIN7A,0.8620565511668508
ENSG00000204822,116540,MRPL53,-0.2903037070618917
ENSG00000155096,51582,AZIN1,0.2271316880243069
ENSG00000138411,57520,HECW2,0.994336081636882
ENSG00000172590,122704,MRPL52,-0.422937498204898
ENSG00000164056,10252,SPRY1,0.6021585352751142
ENSG00000167978,23524,SRRM2,0.7178418894223704
ENSG00000163638,56999,ADAMTS9,1.112323676221666
ENSG00000175701,205251,MTLN,-0.5018139904094125
ENSG00000184178,152579,SCFD2,-1.2125264658586088
ENSG00000058799,54432,YIPF1,0.3929167701220415
ENSG00000136546,6332,SCN7A,-0.7751629880225402
ENSG00000096717,23411,SIRT1,0.7061751723534159
ENSG00000109046,26118,WSB1,-0.4291323655513821
ENSG00000204611,90317,ZNF616,-1.0039475910338371
ENSG00000163297,118429,ANTXR2,0.7991652116273839
ENSG00000180483,245932,DEFB119,1.0306656991147822
ENSG00000169895,94056,SYAP1,-0.4261363573262353
ENSG00000173540,29925,GMPPB,-0.7050975656732972
ENSG00000163681,7871,SLMAP,-0.5457721408181084
ENSG00000242259,128977,C22orf39,0.4531210762039457
ENSG00000099783,4670,HNRNPM,-0.4151036932760839
ENSG00000186522,151011,SEPTIN10,0.5930896784761277
ENSG00000135002,55312,RFK,0.7630566080672736
ENSG00000121578,8702,B4GALT4,0.7848277620747416
ENSG00000138615,8483,CILP,0.6351224740699639
ENSG00000143013,8543,LMO4,-0.5655689525866223
ENSG00000102144,5230,PGK1,-0.1534567132750399
ENSG00000125995,140823,ROMO1,0.1686667553397078
ENSG00000131711,4131,MAP1B,-0.4927330977548823
ENSG00000174579,55167,MSL2,-0.7246747837063127
ENSG00000129562,1603,DAD1,0.1171897954928481
ENSG00000130818,79088,ZNF426,-0.5028113051691048
ENSG00000127423,79000,AUNIP,-1.0581209911008969
ENSG00000237765,285550,FAM200B,0.3232735667619659
ENSG00000140749,10261,IGSF6,0.5738515080847427
ENSG00000170191,140838,NANP,0.8564200398865379
ENSG00000111859,4739,NEDD9,0.4705648934509332
ENSG00000113657,1809,DPYSL3,0.5548388436574798
ENSG00000288174,6517,SLC2A4,-1.1336466238425775
ENSG00000106546,196,AHR,-1.0037699166056937
ENSG00000099250,8829,NRP1,-0.6705205805641615
ENSG00000186834,10614,HEXIM1,-0.7407240001315819
ENSG00000166704,80095,ZNF606,-0.9136929432108296
ENSG00000185614,389119,INKA1,-0.7198857199857597
ENSG00000115461,3488,IGFBP5,-0.5034915002846494
ENSG00000075239,38,ACAT1,0.3369573554559907
ENSG00000101444,191,AHCY,0.2262232691838001
ENSG00000111786,8683,SRSF9,-1.0520496250727072
ENSG00000175879,3234,HOXD8,0.4164324886210338
ENSG00000164978,318,NUDT2,0.3104567614527722
ENSG00000136205,64759,TNS3,0.5066369087880612
ENSG00000105518,374882,TMEM205,-0.384190524835396
ENSG00000131773,10656,KHDRBS3,0.6962147171282317
ENSG00000122733,23349,PHF24,-0.4124272679403328
ENSG00000165449,220963,SLC16A9,-0.818231872361315
ENSG00000162601,114803,MYSM1,-0.973649193607066
ENSG00000104413,54845,ESRP1,0.7875196083248677
ENSG00000186007,93273,LEMD1,0.6861087604388104
ENSG00000164011,51058,ZNF691,0.4237548197730662
ENSG00000112624,23506,BICRAL,-0.959095557409179
ENSG00000005448,84058,WDR54,-0.336135082588873
ENSG00000143772,3707,ITPKB,-0.7925509667747176
ENSG00000241644,11185,INMT,-1.1557459422630036
ENSG00000093072,51816,ADA2,0.631306238615721
,,C16orf72,-0.5176868934953851
ENSG00000150551,116372,LYPD1,0.7072010850911229
ENSG00000099256,56952,PRTFDC1,0.5358720222853767
ENSG00000113532,7903,ST8SIA4,-0.8220672215077625
ENSG00000175395,219749,ZNF25,1.1651385675179866
ENSG00000127720,84190,METTL25,0.8394708927986269
ENSG00000214413,92482,BBIP1,-0.4496342715051097
ENSG00000101901,79868,ALG13,0.5355395642333826
ENSG00000083544,81550,TDRD3,0.8437219162376727
ENSG00000141027,9611,NCOR1,0.4455678052144162
ENSG00000115762,55041,PLEKHB2,0.3030591031761918
ENSG00000101115,57167,SALL4,-0.8478867820295746
ENSG00000221829,2189,FANCG,0.7932450798291186
ENSG00000075131,54962,TIPIN,-0.6525406437814303
ENSG00000134318,9475,ROCK2,-0.5911579273320755
ENSG00000197798,79607,FAM118B,0.3580793198813488
ENSG00000154305,375056,MIA3,0.5388133865418985
ENSG00000102893,5257,PHKB,0.5101922349408397
ENSG00000171206,81603,TRIM8,-0.7259645098642766
ENSG00000091317,54918,CMTM6,0.3380267417795974
ENSG00000131153,51659,GINS2,-0.5204305932943677
ENSG00000198015,28977,MRPL42,0.2964930804484386
ENSG00000110060,83480,PUS3,0.5054603115623288
ENSG00000101193,54994,GID8,-0.4716669232193994
ENSG00000088986,8655,DYNLL1,-0.1244958967250896
ENSG00000105185,9141,PDCD5,-0.2394887053873277
ENSG00000117523,23215,PRRC2C,-0.4375042928534113
,,DDX58,0.8169218146462047
ENSG00000241472,100506994,PTPRG-AS1,-1.0453868745667416
ENSG00000136141,23143,LRCH1,-0.8555948193067094
ENSG00000189043,4697,NDUFA4,0.1188561528317738
ENSG00000164291,153642,ARSK,-0.9713248049266732
ENSG00000023191,6050,RNH1,0.4203501748117436
ENSG00000121058,8161,COIL,-0.3446808207436512
ENSG00000253738,100506365,OTUD6B-AS1,0.3660529159185972
ENSG00000133706,51520,LARS1,0.2903739627941957
ENSG00000145220,55646,LYAR,-0.8951437202110559
ENSG00000148773,4288,MKI67,-0.8765205715746714
ENSG00000134308,10971,YWHAQ,0.2482000754886865
ENSG00000152518,678,ZFP36L2,-0.4575737879532152
ENSG00000103199,26048,ZNF500,-1.3250089240428142
ENSG00000011454,23637,RABGAP1,0.5352888032419314
ENSG00000122085,130916,MTERF4,-0.3820999099544188
ENSG00000155366,389,RHOC,-0.3900377998050704
ENSG00000109618,51091,SEPSECS,1.18882595307323
ENSG00000162076,114984,FLYWCH2,-0.874173002099307
ENSG00000109971,3312,HSPA8,0.0997737391543119
ENSG00000123178,57213,SPRYD7,-0.7893120111180802
ENSG00000255837,259295,TAS2R20,0.8622649726421001
ENSG00000011260,51096,UTP18,0.5467460270104303
ENSG00000131069,55902,ACSS2,-0.5981631141369966
ENSG00000198081,7541,ZBTB14,-0.8511138021076226
ENSG00000133321,5920,PLAAT4,0.3123674792463396
ENSG00000271793,10492,SYNCRIP,-0.2942232999941421
ENSG00000277025,79143,MBOAT7,-0.5718662534562234
ENSG00000135677,2799,GNS,0.4079893225424854
,101928812,LINC02696,0.9484034236549226
ENSG00000116171,6342,SCP2,0.246321000842698
ENSG00000161981,79622,SNRNP25,-0.4025508523361452
ENSG00000085719,8895,CPNE3,-0.3226547164010874
ENSG00000116016,2034,EPAS1,-0.8427385190940141
ENSG00000234046,7726,TRIM26,0.8316521588573431
ENSG00000169228,53917,RAB24,0.9397038080738342
ENSG00000143545,5872,RAB13,0.2271011833060257
ENSG00000119917,3437,IFIT3,0.850808311956276
ENSG00000130935,25926,NOL11,0.3517839523792227
ENSG00000124641,9477,MED20,0.6271329664999209
ENSG00000113396,28965,SLC27A6,0.833583943463806
,,FAM102B,-1.1036038791270704
ENSG00000113240,57396,CLK4,0.8053073621919211
ENSG00000111832,51389,RWDD1,0.1708788142607702
ENSG00000106415,113263,GLCCI1,0.7447379374098627
ENSG00000107341,54926,UBE2R2,0.3229515051260903
ENSG00000203907,441161,OOEP,-0.908987300278396
ENSG00000196154,6275,S100A4,-0.5103644819364536
ENSG00000173226,9657,IQCB1,0.6024113067941788
ENSG00000166508,4176,MCM7,-0.2453691336845073
ENSG00000120889,8795,TNFRSF10B,0.5880129245023318
ENSG00000118418,9324,HMGN3,0.154487891667922
ENSG00000132466,26057,ANKRD17,0.4543055439720576
ENSG00000125482,7270,TTF1,0.5372385346007383
ENSG00000100577,2954,GSTZ1,-0.3210397843000261
ENSG00000204397,114769,CARD16,0.6288432052957009
ENSG00000176731,401466,RBIS,0.1429713673469295
ENSG00000184113,7122,CLDN5,-0.5273729889408908
ENSG00000126698,22826,DNAJC8,0.2276966784603606
ENSG00000225470,554203,JPX,0.8906145748058037
ENSG00000116459,515,ATP5PB,0.1347324468566978
ENSG00000135040,60560,NAA35,0.5746599937151283
ENSG00000135119,84900,RNFT2,-0.8267694143138353
ENSG00000096092,28978,TMEM14A,0.2276594004123595
,107984282,LOC107984282,1.0194644883985788
ENSG00000188811,387921,NHLRC3,-0.7292953939298279
ENSG00000231502,57819,LSM2,0.1945868600660781
ENSG00000144895,83939,EIF2A,0.2723974866283857
ENSG00000141448,2627,GATA6,0.5619618630169606
ENSG00000151502,112936,VPS26B,0.6170895376512406
ENSG00000102978,5432,POLR2C,-0.377061953317279
ENSG00000143995,4211,MEIS1,-0.4245028344742573
ENSG00000162437,55225,RAVER2,1.1078973324301398
ENSG00000166260,1353,COX11,-0.7084413240837969
ENSG00000179010,93621,MRFAP1,-0.3915099127719966
ENSG00000152061,9910,RABGAP1L,0.782342930745894
ENSG00000183291,9403,SELENOF,0.1961981149158898
ENSG00000117305,3155,HMGCL,0.2973907159837005
ENSG00000168386,11259,FILIP1L,0.7076870956176656
ENSG00000228964,3106,HLA-B,-0.3377221166355254
ENSG00000205084,79583,TMEM231,-0.885903469456823
ENSG00000104613,55174,INTS10,0.5272860135074099
,,TMEM251,0.5509257471918374
ENSG00000135372,55226,NAT10,0.5263428150833402
ENSG00000154736,11096,ADAMTS5,0.5584301654755394
ENSG00000036549,26009,ZZZ3,0.5847210431150375
ENSG00000186591,7328,UBE2H,0.3679426920108012
ENSG00000167193,1398,CRK,0.3446267082179942
ENSG00000116977,3964,LGALS8,0.4355567339765712
,,C11orf1,-0.3082236305443253
ENSG00000102189,8411,EEA1,-0.7683472185718077
ENSG00000042493,822,CAPG,0.4437931183805008
ENSG00000177119,196527,ANO6,0.6325210294734084
,,TDGF1,-0.4881728023172608
ENSG00000170004,1107,CHD3,1.0841128091597008
ENSG00000139684,2098,ESD,0.1915555504469743
ENSG00000187049,51259,TMEM216,0.3245251184127994
ENSG00000163558,5584,PRKCI,0.4627885072309019
ENSG00000148444,23412,COMMD3,0.1796780435594258
ENSG00000135336,23595,ORC3,0.3780628590330181
ENSG00000116580,54856,GON4L,0.5421953218369094
ENSG00000164654,54468,MIOS,0.811570490157409
ENSG00000159055,54069,MIS18A,-0.4218216609695013
ENSG00000147416,526,ATP6V1B2,0.495574391188751
ENSG00000138185,953,ENTPD1,-0.6710275590022106
ENSG00000179454,54813,KLHL28,-0.4801702845301885
ENSG00000122140,51116,MRPS2,0.6356613133170673
ENSG00000048405,168850,ZNF800,0.7868742552554406
ENSG00000002587,9957,HS3ST1,-0.9513725782235452
ENSG00000116030,7341,SUMO1,0.2555266438346234
ENSG00000091656,79776,ZFHX4,-0.6386901074061088
ENSG00000108021,54906,TASOR2,0.6262705997400964
ENSG00000145741,689,BTF3,0.1348861849416686
ENSG00000125746,24139,EML2,0.8347701394610172
ENSG00000233521,105372978,LINC01638,-1.074178321020076
ENSG00000144283,8502,PKP4,-0.5571004509970745
ENSG00000163602,23429,RYBP,0.4206223530324407
ENSG00000135090,51347,TAOK3,0.5341741807415625
ENSG00000171204,55863,TMEM126B,0.2792674247282017
ENSG00000136527,6434,TRA2B,-0.3755664340204948
ENSG00000143179,7371,UCK2,0.5783042492557332
ENSG00000132970,10810,WASF3,-0.6236356642375314
ENSG00000163257,54876,DCAF16,-0.6789687190425976
ENSG00000106268,4521,NUDT1,-0.6079555754209537
ENSG00000175756,54998,AURKAIP1,-0.2910748136777745
ENSG00000166225,10818,FRS2,0.546186549124043
ENSG00000111237,51699,VPS29,0.2397383972380236
ENSG00000153140,1070,CETN3,0.3148969641257124
ENSG00000149256,26011,TENM4,1.0715939283472151
ENSG00000023909,2730,GCLM,0.5607021481494424
ENSG00000233051,100507436,MICA,-0.5738778136695679
ENSG00000196387,7699,ZNF140,0.7382898647261957
ENSG00000115641,2274,FHL2,0.3529049772622745
ENSG00000214367,79441,HAUS3,0.9349608219824488
ENSG00000122643,51251,NT5C3A,0.6874455923594833
ENSG00000162869,129285,PPP1R21,0.8255521814754188
ENSG00000164828,23353,SUN1,0.6329135252359583
ENSG00000167863,10476,ATP5PD,0.1496440922750876
ENSG00000111445,5985,RFC5,-0.4096189480716423
ENSG00000223891,100505783,OSER1-DT,-0.4636881910145032
ENSG00000204514,730051,ZNF814,-0.505154697175151
ENSG00000189050,51136,RNFT1,0.4938781076305071
ENSG00000172757,1072,CFL1,-0.3787786408462087
ENSG00000213931,3046,HBE1,-0.5370598212591025
ENSG00000138175,403,ARL3,0.1990719368251704
ENSG00000100109,24144,TFIP11,0.9071807738980908
ENSG00000159685,84303,CHCHD6,-0.5311717661481817
ENSG00000183340,8690,JRKL,-0.8439211868711382
ENSG00000140743,1039,CDR2,1.0766578567917011
ENSG00000150316,51503,CWC15,0.2262219428605702
ENSG00000104823,1891,ECH1,-0.1763317320447945
ENSG00000197903,85236,H2BC12,0.381230953260652
ENSG00000223802,10715,CERS1,0.8436332146980939
ENSG00000162408,79707,NOL9,-0.7417720568411305
ENSG00000198242,6147,RPL23A,0.1060524044765572
ENSG00000180953,400410,ST20,-0.6223841684809662
ENSG00000101448,57119,EPPIN,-1.034394824787931
ENSG00000066056,7075,TIE1,0.8772861925880344
ENSG00000146648,1956,EGFR,-0.6854191517022674
ENSG00000187091,5333,PLCD1,-0.4804281567104184
ENSG00000166200,9318,COPS2,0.2002921300607505
ENSG00000125818,9491,PSMF1,-0.2704238278206868
ENSG00000186184,51082,POLR1D,0.2847737525460658
ENSG00000229470,2794,GNL1,-0.7500185258387356
ENSG00000162241,283130,SLC25A45,-0.9252004437454368
ENSG00000116584,9181,ARHGEF2,0.8773655362912578
ENSG00000182809,1397,CRIP2,-0.4939695121323752
ENSG00000229074,3123,HLA-DRB1,-0.4338258259801523
ENSG00000169223,10960,LMAN2,-0.4457599298472713
ENSG00000169955,65988,ZNF747,0.9641632015968608
ENSG00000169738,51181,DCXR,-0.3477532566366352
ENSG00000101608,10627,MYL12A,0.1332376474220529
ENSG00000103932,26015,RPAP1,0.983264295415938
ENSG00000169981,7584,ZNF35,0.8809862251178827
ENSG00000086504,10573,MRPL28,-0.4595323313046376
ENSG00000162980,26225,ARL5A,-0.4028363255697779
ENSG00000162409,5563,PRKAA2,0.7366554501960021
ENSG00000178996,112574,SNX18,-0.3674628106689874
ENSG00000157214,261729,STEAP2,-0.6333944928373496
ENSG00000178028,55929,DMAP1,0.794179626864221
ENSG00000105323,11100,HNRNPUL1,-0.5635069951354625
ENSG00000161057,5701,PSMC2,0.2263293791615491
ENSG00000267673,112812,FDX2,-0.7252294037242326
ENSG00000102962,6367,CCL22,-1.2592224174320097
ENSG00000109107,230,ALDOC,-0.6002421941357889
ENSG00000067167,23471,TRAM1,0.2427228512463599
ENSG00000143149,223,ALDH9A1,0.1791154080172128
ENSG00000139618,675,BRCA2,-0.7086314387027048
ENSG00000022567,57210,SLC45A4,0.9719935758651406
,,TCTEX1D2,-0.4238747948268812
ENSG00000127955,2770,GNAI1,0.4497287584329184
,389538,CCZ1P-OR7E38P,-0.7390778501639347
ENSG00000138646,51191,HERC5,0.4488086733365928
ENSG00000197329,57162,PELI1,0.7934796200399958
ENSG00000122779,8805,TRIM24,0.4909129045440327
ENSG00000064989,10203,CALCRL,-0.4458218812855281
ENSG00000152495,814,CAMK4,0.8751395365704141
ENSG00000184220,84319,CMSS1,0.2558920656004445
ENSG00000092108,23256,SCFD1,0.3990198840061806
ENSG00000168461,11031,RAB31,0.4305160303882933
ENSG00000109756,9693,RAPGEF2,-0.6421408304290372
ENSG00000165323,120114,FAT3,-0.8609888416326114
ENSG00000144559,132001,TAMM41,-0.4226714812530731
ENSG00000128791,57045,TWSG1,-0.5932947243649923
ENSG00000104660,23484,LEPROTL1,0.3155589321424007
ENSG00000242574,3109,HLA-DMB,0.4392728474311557
ENSG00000234465,390940,PINLYP,-0.5458610421410316
ENSG00000288408,84993,UBL7,-0.4612890195578633
ENSG00000115271,25801,GCA,0.3612617675983139
ENSG00000106211,3315,HSPB1,0.2682924641451915
ENSG00000085063,966,CD59,-0.1738494079872611
ENSG00000174173,54931,TRMT10C,-0.2525687880267679
ENSG00000184677,9923,ZBTB40,0.7656638290729788
ENSG00000069956,5597,MAPK6,0.5144550897159347
ENSG00000143839,5972,REN,-0.6677556765516136
ENSG00000137815,23168,RTF1,-0.3018437190395704
ENSG00000141552,51529,ANAPC11,-0.1425538296827594
ENSG00000010278,928,CD9,0.2014839530858904
ENSG00000136193,9805,SCRN1,0.3358610712423063
ENSG00000274746,163227,ZNF100,-0.5329822638863648
ENSG00000166946,23582,CCNDBP1,-0.3624853347543692
ENSG00000173068,54796,BNC2,-0.404220009256265
ENSG00000164080,23132,RAD54L2,-0.6534054119065925
ENSG00000152193,79596,OBI1,0.3542739303961666
ENSG00000229117,6171,RPL41,0.1382304360414512
ENSG00000182400,122553,TRAPPC6B,-0.5018555220386545
ENSG00000125821,92675,DTD1,-0.4566134633295873
ENSG00000152315,56659,KCNK13,-0.8894524462979221
ENSG00000274671,153562,MARVELD2,-0.7854121974463439
ENSG00000080546,27244,SESN1,0.461623459507619
ENSG00000282302,10801,SEPTIN9,-0.5390516726868445
ENSG00000111716,3945,LDHB,0.0933780602417949
ENSG00000181381,91351,DDX60L,0.915265489600783
ENSG00000157796,57728,WDR19,0.7716758253818202
ENSG00000137575,6386,SDCBP,0.1954052023452892
ENSG00000154265,23461,ABCA5,0.3907964678112752
ENSG00000171311,51013,EXOSC1,0.2457338114235013
ENSG00000155868,9443,MED7,0.3786503728223642
ENSG00000166949,4088,SMAD3,0.6453346552996251
ENSG00000215114,137886,UBXN2B,0.4752423661033723
ENSG00000117020,10000,AKT3,0.557136532661434
ENSG00000111481,22818,COPZ1,0.1341401921875334
ENSG00000168913,375704,ENHO,-0.5847903755347178
ENSG00000082701,2932,GSK3B,-0.6105767117239759
ENSG00000114209,11235,PDCD10,0.2271424896638998
,,LOC93622,-0.8751732041855441
ENSG00000138061,1545,CYP1B1,0.308470517321823
ENSG00000053254,1112,FOXN3,0.3410958179737836
ENSG00000205758,9946,CRYZL1,0.4389695556468381
ENSG00000135317,57231,SNX14,0.5277168104679798
ENSG00000183763,10293,TRAIP,0.8922448291569786
ENSG00000206357,7936,NELFE,-0.4438281763924955
,,C12orf73,0.4572296033884228
ENSG00000198876,25853,DCAF12,0.4719597992090129
ENSG00000146247,55023,PHIP,0.3609661622064649
ENSG00000181026,64782,AEN,-0.5158054887194743
,,C20orf194,0.7367686674063614
ENSG00000086102,4799,NFX1,0.498772404154882
ENSG00000029725,9135,RABEP1,0.7662712934304992
ENSG00000134285,51303,FKBP11,0.8492403179861079
ENSG00000139428,326625,MMAB,-0.4595232172838307
ENSG00000110696,10944,C11orf58,0.1203122159864201
ENSG00000107164,8939,FUBP3,0.603177396625674
ENSG00000138663,51138,COPS4,0.2112059188520886
ENSG00000106066,54504,CPVL,0.3533688931209865
ENSG00000132716,50717,DCAF8,0.5130842514498214
ENSG00000124532,57380,MRS2,0.6706067633329027
ENSG00000136104,79621,RNASEH2B,0.5746953651330298
ENSG00000162694,2135,EXTL2,-0.2906567105956225
ENSG00000069248,55746,NUP133,0.4680727581917633
ENSG00000054598,2296,FOXC1,-0.9733071136071918
ENSG00000120063,10672,GNA13,0.3692513439639562
ENSG00000059758,5128,CDK17,0.6184905467779788
ENSG00000198478,83699,SH3BGRL2,-0.6235223537772672
ENSG00000174804,8322,FZD4,-0.610385234731442
ENSG00000168827,85476,GFM1,0.520378480226412
ENSG00000162419,10691,GMEB1,-0.7303388927036859
ENSG00000167447,55181,SMG8,0.7671742377315094
ENSG00000254858,84769,MPV17L2,-0.6786298961165699
ENSG00000008405,1407,CRY1,0.8819092619307781
ENSG00000090776,1947,EFNB1,-0.8662445091466432
ENSG00000178567,9852,EPM2AIP1,-0.4311222461410794
ENSG00000113194,23197,FAF2,0.3498508826495407
ENSG00000223618,6293,VPS52,0.5928321740144421
ENSG00000131368,64432,MRPS25,-0.3724272605394995
ENSG00000173598,11163,NUDT4,-0.714819310554838
ENSG00000003393,57679,ALS2,1.0880874533730551
ENSG00000071553,537,ATP6AP1,0.3974771845449737
ENSG00000125124,583,BBS2,-0.441148180868299
ENSG00000137100,11258,DCTN3,-0.312268355639592
ENSG00000136940,5082,PDCL,-0.2711001666826235
ENSG00000232838,100303755,PET117,0.544324497609457
ENSG00000167657,1613,DAPK3,-0.6038637258274813
ENSG00000163946,23272,TASOR,-0.4174473564270291
ENSG00000143443,54964,C1orf56,-0.8043970411115356
ENSG00000166888,6778,STAT6,-0.7095391225106491
ENSG00000279247,102157402,AK6,0.2563089312300732
ENSG00000105928,1687,GSDME,0.4305140510909089
ENSG00000141905,4782,NFIC,-0.5162346486332527
ENSG00000110002,4013,VWA5A,0.3832132039971221
ENSG00000051108,9709,HERPUD1,0.4465668348393202
ENSG00000186687,90624,LYRM7,-0.4056069733496832
ENSG00000088826,54498,SMOX,0.9121215762928956
ENSG00000134186,55119,PRPF38B,0.4619777017859329
ENSG00000148158,401548,SNX30,0.7304583263269865
ENSG00000148935,2620,GAS2,-0.8399510433417656
ENSG00000110031,9404,LPXN,0.7419805757372462
ENSG00000159720,9114,ATP6V0D1,0.2728892459913483
ENSG00000078061,369,ARAF,0.7531649271701776
ENSG00000136450,6426,SRSF1,-0.3580871965234535
ENSG00000111110,57460,PPM1H,-1.045681544757913
ENSG00000087460,2778,GNAS,0.233283622982474
ENSG00000242485,55052,MRPL20,0.1683332504824649
ENSG00000106399,6119,RPA3,-0.1861365628386758
ENSG00000184661,157313,CDCA2,-0.8863391695805344
ENSG00000213145,1396,CRIP1,-0.7689957549380835
ENSG00000142856,23421,ITGB3BP,-0.2285087679495789
ENSG00000168824,27065,NSG1,-0.6182603710901092
ENSG00000115241,5496,PPM1G,0.456152502753569
ENSG00000090054,10558,SPTLC1,0.2968514804200441
ENSG00000230700,1460,CSNK2B,0.1701537956693471
ENSG00000153113,831,CAST,0.5449115139465174
ENSG00000144619,152330,CNTN4,0.8676722232759896
ENSG00000162496,9249,DHRS3,-0.3916527938371038
ENSG00000100938,51292,GMPR2,0.2432817020120901
ENSG00000101079,57446,NDRG3,-0.3195669457174185
ENSG00000113575,5515,PPP2CA,0.2524587070585454
ENSG00000184005,256435,ST6GALNAC3,0.8381943938991377
ENSG00000128918,8854,ALDH1A2,0.6029575325105795
ENSG00000285302,29082,CHMP4A,0.3274547605063168
ENSG00000074201,1207,CLNS1A,-0.2457803177037567
ENSG00000143771,29097,CNIH4,0.2308075774337829
ENSG00000172301,55352,COPRS,0.5411122526379466
ENSG00000213281,4893,NRAS,0.3095469901767414
ENSG00000144659,54977,SLC25A38,0.447910790886422
ENSG00000174780,6731,SRP72,0.2093199499270297
ENSG00000101109,6789,STK4,-0.4332217934238267
ENSG00000088451,23483,TGDS,-0.8053677767535213
ENSG00000166340,1200,TPP1,0.4548658934581833
ENSG00000275004,140883,ZNF280B,-0.3434436926287695
ENSG00000110422,10114,HIPK3,-0.3791614316452552
ENSG00000065457,23536,ADAT1,0.5363428953849696
ENSG00000109775,55325,UFSP2,-0.3271864290454271
ENSG00000243943,84450,ZNF512,0.407545137475517
ENSG00000153767,2960,GTF2E1,-0.4276225051772359
ENSG00000066926,2235,FECH,-0.5012721177424971
ENSG00000114388,10641,NPRL2,0.2934797625612014
ENSG00000184162,126382,NR2C2AP,0.3890959132090527
ENSG00000083720,5019,OXCT1,0.5891164574569541
ENSG00000149591,6876,TAGLN,-0.7602246926084557
ENSG00000087338,64395,GMCL1,0.6464031209101802
ENSG00000249115,23354,HAUS5,-0.8298839779985568
ENSG00000173267,6623,SNCG,-0.4871503346915591
ENSG00000127995,64921,CASD1,-0.7279880312425526
ENSG00000119471,84263,HSDL2,-0.3168797958452057
ENSG00000156639,60685,ZFAND3,-0.9674792063581328
ENSG00000119203,51692,CPSF3,0.2439875785620701
ENSG00000198961,9867,PJA2,0.2430477111036873
ENSG00000136868,1317,SLC31A1,0.41673053196068
ENSG00000165526,84881,RPUSD4,0.3790816844802194
ENSG00000164054,51246,SHISA5,-0.3487946935668682
ENSG00000133104,23111,SPART,0.3747361654055967
ENSG00000178163,85460,ZNF518B,-0.4589539067197615
ENSG00000092853,63967,CLSPN,-0.795582253195721
ENSG00000126254,79171,RBM42,0.6064068090012987
ENSG00000205542,7114,TMSB4X,-0.1107703120588264
ENSG00000163382,128240,NAXE,-0.2782831000970747
ENSG00000084733,10890,RAB10,-0.3225949903162811
ENSG00000087263,55239,OGFOD1,-0.3514322800460827
ENSG00000075089,64431,ACTR6,0.4158743533040629
ENSG00000214274,283,ANG,0.32663524046906
ENSG00000205707,144363,ETFRF1,0.2843723668160681
ENSG00000137959,10964,IFI44L,0.9622352343557556
ENSG00000113318,4437,MSH3,0.8128188237567556
ENSG00000139651,283337,ZNF740,-0.9226979040720064
ENSG00000164610,6100,RP9,-0.6123733513548081
ENSG00000138279,310,ANXA7,-0.2504669271250427
ENSG00000168994,221749,PXDC1,-0.6169052159993069
ENSG00000116898,64960,MRPS15,-0.3516676771222171
ENSG00000150995,3708,ITPR1,-0.7152943868070141
ENSG00000106333,5118,PCOLCE,-0.607841138524392
ENSG00000104852,6625,SNRNP70,-0.6674805096272156
ENSG00000036054,55773,TBC1D23,0.4279900196649385
ENSG00000087077,7205,TRIP6,0.6813769820485109
ENSG00000099942,1399,CRKL,-0.4488919943008432
ENSG00000103978,25963,TMEM87A,0.259577053464288
ENSG00000141101,28987,NOB1,0.2270679061143531
ENSG00000156671,142891,SAMD8,-0.819329596790329
ENSG00000102531,22862,FNDC3A,0.3349186851356999
ENSG00000007047,57787,MARK4,0.9081940340651188
ENSG00000150433,219854,TMEM218,-0.8137043358965625
ENSG00000147677,8667,EIF3H,0.1333905966557081
ENSG00000173193,54625,PARP14,-0.5247755750591478
ENSG00000188343,137392,CIBAR1,0.3915403785109748
ENSG00000137288,84300,UQCC2,0.1648164122426786
ENSG00000140563,55784,MCTP2,-0.6126550867770705
ENSG00000143612,25912,C1orf43,0.2917974143890801
ENSG00000244005,9054,NFS1,0.8751995369779121
ENSG00000137872,80031,SEMA6D,0.8753159090935332
ENSG00000124767,2739,GLO1,-0.1768435403300571
ENSG00000102317,5935,RBM3,0.1555208752291095
ENSG00000198771,92241,RCSD1,-0.8542115089448741
ENSG00000165349,84889,SLC7A3,0.8688333129040433
ENSG00000157224,9069,CLDN12,0.5263057773820168
ENSG00000168016,9881,TRANK1,0.8525731827360787
ENSG00000115661,8576,STK16,0.4168312216320908
ENSG00000134480,902,CCNH,0.3684621812420505
ENSG00000116521,10067,SCAMP3,0.4491967818759679
ENSG00000115053,4691,NCL,-0.3302803831188163
ENSG00000177410,441951,ZFAS1,0.208974482894699
ENSG00000103342,2935,GSPT1,0.3511705673986108
ENSG00000157216,23648,SSBP3,-0.4103568911610833
ENSG00000072832,1400,CRMP1,0.9451412460795576
ENSG00000169083,367,AR,-0.7792336365494256
ENSG00000157601,4599,MX1,0.925306823809473
ENSG00000071967,79901,CYBRD1,0.5772223124562655
ENSG00000182022,51363,CHST15,0.8988108098668405
ENSG00000154124,90268,OTULIN,0.8669268007465528
ENSG00000154040,26256,CABYR,0.7305708165753709
ENSG00000110871,84274,COQ5,0.400543075581383
ENSG00000171943,653464,SRGAP2C,0.7815523533385466
ENSG00000146376,93663,ARHGAP18,0.3227254390969015
ENSG00000165732,9188,DDX21,0.322411399965555
ENSG00000250786,100505806,SNHG18,0.6793814938620885
ENSG00000184584,340061,STING1,-0.5487663489281404
ENSG00000168394,6890,TAP1,0.9141608818789816
ENSG00000100280,162,AP1B1,0.7974682528830628
ENSG00000054148,29085,PHPT1,-0.1583539919673214
ENSG00000150776,55216,NKAPD1,-0.4292664417787858
ENSG00000237187,441094,NR2F1-AS1,0.8139821880519584
ENSG00000008018,5689,PSMB1,0.0981933550353412
ENSG00000123836,5208,PFKFB2,-0.6647347119503977
ENSG00000168306,8309,ACOX2,0.7596363373991348
ENSG00000115875,6432,SRSF7,-0.1720460172500925
ENSG00000095485,55280,CWF19L1,-0.4623620733235077
ENSG00000188938,158293,FAM120AOS,0.5359703296442394
ENSG00000196159,79633,FAT4,-0.8582683202571576
ENSG00000123545,29078,NDUFAF4,0.2392734069205781
ENSG00000137509,5547,PRCP,-0.2378701435640783
ENSG00000144028,23020,SNRNP200,0.3246810652272273
ENSG00000007255,79090,TRAPPC6A,-0.4311663038757545
ENSG00000170949,90338,ZNF160,0.6704700327994346
ENSG00000106591,64983,MRPL32,0.2021246062471284
ENSG00000277936,84311,MRPL45,0.2184855992263115
ENSG00000023902,51177,PLEKHO1,0.7953142186695166
ENSG00000103051,25839,COG4,-0.464557729092768
ENSG00000234545,257415,FAM133B,-0.7606905887255293
ENSG00000100764,5700,PSMC1,0.2693836612486726
ENSG00000026950,11119,BTN3A1,-0.3682417059604208
ENSG00000169564,5093,PCBP1,0.3135873387048589
ENSG00000285516,10003,NAALAD2,-0.6681269011142666
ENSG00000198301,55153,SDAD1,-0.3340557889607327
ENSG00000283868,57659,ZBTB4,0.5775018503569336
ENSG00000205352,54458,PRR13,0.3503050569883699
ENSG00000163785,6259,RYK,0.6193490923517876
ENSG00000123415,23583,SMUG1,-0.3668006866754356
ENSG00000154978,81552,VOPP1,-0.6697163446078173
ENSG00000175309,85007,PHYKPL,0.933350822579982
ENSG00000135829,1660,DHX9,-0.2324790226134652
ENSG00000072786,6793,STK10,0.5245065293609776
ENSG00000280568,284323,ZNF780A,-0.7529971198650574
ENSG00000172399,51778,MYOZ2,0.3556743587633293
ENSG00000170473,84305,PYM1,0.3321696954203815
ENSG00000091947,84336,TMEM101,0.1905885244607248
ENSG00000132463,2926,GRSF1,-0.3355360039557027
ENSG00000291730,83940,TATDN1,0.2467979222609949
ENSG00000104368,5327,PLAT,0.4869808378361998
ENSG00000123200,23091,ZC3H13,0.3767001536819666
ENSG00000139998,376267,RAB15,0.7710872263556923
ENSG00000082212,4200,ME2,-0.5611946258918242
ENSG00000111785,55188,RIC8B,-0.7687184122892445
ENSG00000150779,26521,TIMM8B,0.1849585124830116
ENSG00000197362,136051,ZNF786,-0.972141120291751
ENSG00000088756,79822,ARHGAP28,-0.5156170746874196
ENSG00000136522,57129,MRPL47,-0.2083885915974738
ENSG00000099810,4507,MTAP,0.4312577931159043
ENSG00000131508,7322,UBE2D2,-0.2758627583324149
ENSG00000187109,4673,NAP1L1,-0.2170011611482531
ENSG00000188643,140576,S100A16,-0.2151897938080376
ENSG00000067208,7813,EVI5,-0.4134415695252023
ENSG00000156928,115416,MALSU1,0.4117835877506057
ENSG00000125450,79902,NUP85,0.316441637903801
ENSG00000172939,9943,OXSR1,-0.5661132431682161
ENSG00000073008,5817,PVR,0.8234160754226368
ENSG00000132664,10621,POLR3F,0.4478617950916558
ENSG00000149136,6749,SSRP1,0.3050152614641889
ENSG00000153214,84910,TMEM87B,0.7449221262365577
ENSG00000105894,5764,PTN,-0.4249413480354925
ENSG00000137133,84681,HINT2,-0.4136364473953984
ENSG00000117122,4237,MFAP2,-0.281725976775623
ENSG00000051620,23593,HEBP2,0.6260605266579923
ENSG00000120675,29103,DNAJC15,0.1955818683872564
ENSG00000283946,1140,CHRNB1,0.5952923958419841
ENSG00000133030,23164,MPRIP,-0.4857345720321221
ENSG00000143376,81609,SNX27,-0.3248560530278621
ENSG00000163482,27148,STK36,0.8868222481435895
ENSG00000067704,55699,IARS2,0.3862121946195556
ENSG00000132824,10955,SERINC3,0.1620252988151876
ENSG00000167641,94274,PPP1R14A,-0.2738395317073836
ENSG00000167792,4723,NDUFV1,-0.4175809933165413
ENSG00000180398,90411,MCFD2,0.255743172712094
ENSG00000113595,373,TRIM23,-0.3974984928122163
ENSG00000085274,55892,MYNN,0.4173340554760952
ENSG00000072042,51109,RDH11,-0.2368600948718194
ENSG00000138443,10152,ABI2,0.2899331598774619
,,FAM104B,0.3055710091714201
ENSG00000090530,55214,P3H2,0.5275091877520586
ENSG00000083807,10998,SLC27A5,0.3723909049617443
ENSG00000158246,115572,TENT5B,-0.9345740572349128
ENSG00000162627,51375,SNX7,0.3645640846297636
ENSG00000047579,84062,DTNBP1,0.481610209470445
ENSG00000164176,10085,EDIL3,-0.673077174320109
ENSG00000008869,54497,HEATR5B,0.745185186461852
ENSG00000103257,8140,SLC7A5,0.4732647080574085
ENSG00000136731,56886,UGGT1,-0.5202150536719565
ENSG00000128951,1854,DUT,-0.4176725747970018
ENSG00000104522,7264,GFUS,-0.3345916288358064
ENSG00000283510,54891,INO80D,-0.545093728403473
ENSG00000275543,255027,MPV17L,-0.6325452048585694
ENSG00000106609,55069,TMEM248,0.4371768896423825
ENSG00000091732,51530,ZC3HC1,0.3190291766742977
ENSG00000012048,672,BRCA1,0.820094858768893
ENSG00000172943,23133,PHF8,0.8111242782113981
ENSG00000157827,114793,FMNL2,0.4945922125289151
ENSG00000104332,6422,SFRP1,0.268464769054344
ENSG00000135837,9857,CEP350,0.5260908182399191
ENSG00000135047,1514,CTSL,-0.2953602197630051
ENSG00000274997,85235,H2AC12,-1.0691347685152282
ENSG00000174695,153339,TMEM167A,0.1628535355116266
ENSG00000006327,51330,TNFRSF12A,0.7724977043950556
ENSG00000002330,572,BAD,-0.4672038914586205
ENSG00000136758,10730,YME1L1,0.3198200560762377
ENSG00000198146,54989,ZNF770,-0.428168439403805
ENSG00000155252,55361,PI4K2A,0.5719887217106813
ENSG00000138100,57159,TRIM54,0.6334892596886436
ENSG00000163719,64419,MTMR14,0.5986369046571413
ENSG00000196975,307,ANXA4,0.3311284782697336
ENSG00000136261,28969,BZW2,-0.2189344951584969
ENSG00000121289,84902,CEP89,0.6145449659482067
ENSG00000119927,57678,GPAM,0.76621697103861
ENSG00000135452,6302,TSPAN31,-0.4870937644080704
ENSG00000129071,8930,MBD4,0.585552622914322
ENSG00000113615,10802,SEC24A,0.6491408344908227
ENSG00000105374,4818,NKG7,0.9328424284131996
ENSG00000092421,57556,SEMA6A,-0.3414211599957049
ENSG00000067365,79091,METTL22,0.7083007242494483
ENSG00000235823,90271,OLMALINC,-0.6156802993671692
ENSG00000117280,8934,RAB29,0.5917414201081838
ENSG00000119559,148223,C19orf25,-0.6427002263036901
ENSG00000262634,220134,SKA1,-0.4799740485806678
ENSG00000102309,5303,PIN4,0.199762460911649
ENSG00000125945,80818,ZNF436,0.5814823119730279
ENSG00000175931,63893,UBE2O,-0.8516001665605523
ENSG00000166598,7184,HSP90B1,-0.2346163337156358
ENSG00000173258,158399,ZNF483,-0.4462068582860786
ENSG00000143207,64326,COP1,-0.7019869270599464
ENSG00000180611,151963,MB21D2,0.4832433916918016
ENSG00000113068,5201,PFDN1,0.1561133945621816
ENSG00000177082,84942,WDR73,0.6802580043788337
ENSG00000148606,11128,POLR3A,0.5499813547455487
ENSG00000118579,80306,MED28,0.1621702317049853
ENSG00000143442,23126,POGZ,-0.4243942886500313
ENSG00000138381,54529,ASNSD1,0.3126503023404523
ENSG00000117395,10969,EBNA1BP2,-0.3835809370295476
ENSG00000131966,55860,ACTR10,-0.202784008762593
ENSG00000182326,716,C1S,0.3607265512185456
ENSG00000004468,952,CD38,-0.8069754418802759
ENSG00000111642,1108,CHD4,0.3863062607993057
ENSG00000153015,10283,CWC27,0.3392905503800922
ENSG00000204856,29902,FAM216A,-0.6936027155047423
ENSG00000167470,90007,MIDN,-0.7396597114240613
ENSG00000184007,8073,PTP4A2,-0.2798212126050638
ENSG00000089159,5829,PXN,-0.7103165147303788
ENSG00000291973,6185,RPN2,0.1957150868070941
ENSG00000165821,6297,SALL2,-0.8144214120450602
ENSG00000145391,80854,SETD7,0.5884074733689698
ENSG00000138449,30061,SLC40A1,0.2330085572268147
ENSG00000165512,7570,ZNF22,0.2068718173050076
ENSG00000145979,51256,TBC1D7,-0.4937177384097119
ENSG00000165525,9147,NEMF,0.3239940904823161
ENSG00000137962,9411,ARHGAP29,-0.781239173708287
ENSG00000163607,29083,GTPBP8,0.3403940903712572
ENSG00000133678,80195,TMEM254,-0.2723502182300938
ENSG00000188229,10383,TUBB4B,-0.2664696943313562
ENSG00000126777,3895,KTN1,0.3197871321045563
ENSG00000006530,55750,AGK,0.4646742383944827
ENSG00000114982,55683,KANSL3,0.5179566759349797
ENSG00000090971,57106,NAT14,-0.991432677594739
ENSG00000213614,3073,HEXA,0.3336185595072332
ENSG00000101057,4605,MYBL2,-0.7806529077676128
ENSG00000167005,11051,NUDT21,0.2016349942095913
ENSG00000065154,4942,OAT,0.1722836902477842
ENSG00000106771,23731,TMEM245,0.3043272182616858
ENSG00000182768,51335,NGRN,0.2489343717398474
ENSG00000008130,65220,NADK,-0.850589908042101
ENSG00000087088,581,BAX,0.7781188376709391
ENSG00000158869,2207,FCER1G,0.2858683252537687
ENSG00000198121,1902,LPAR1,0.4931093802264841
ENSG00000090432,79594,MUL1,0.4510964180824184
ENSG00000164164,54726,OTUD4,0.4638416185540319
ENSG00000164967,138716,RPP25L,-0.3678006975262106
ENSG00000159210,11267,SNF8,-0.3699840401617248
ENSG00000105254,1155,TBCB,-0.2642997673669496
ENSG00000102524,10673,TNFSF13B,1.0300202590031988
ENSG00000173273,8658,TNKS,0.4459085580206903
ENSG00000120915,2053,EPHX2,-0.5683693084902317
ENSG00000102595,55757,UGGT2,-0.7440010094393867
ENSG00000103496,6810,STX4,0.7521538866298694
ENSG00000280789,79447,PAGR1,-0.3797206989165209
ENSG00000125676,57187,THOC2,-0.3524773695482927
ENSG00000261609,8139,GAN,-0.923473246420516
ENSG00000144647,84892,POMGNT2,0.7603886940985245
ENSG00000173065,55731,FAM222B,0.8352731435383923
ENSG00000162734,8682,PEA15,0.3342669291147419
ENSG00000255717,23642,SNHG1,0.350880691520557
ENSG00000178913,6879,TAF7,0.2443219063060502
ENSG00000184979,11274,USP18,1.0112162194956766
ENSG00000136770,64215,DNAJC1,0.5474192841918333
ENSG00000089127,4938,OAS1,1.0265169421494234
ENSG00000179059,132625,ZFP42,0.6059707688858323
ENSG00000165716,138311,DIPK1B,-0.9597940332081808
ENSG00000158373,3017,H2BC5,0.7460203437852824
ENSG00000006715,27072,VPS41,-0.312021821318977
ENSG00000143162,8804,CREG1,0.5919090936036424
ENSG00000125868,11034,DSTN,-0.2072746987521591
ENSG00000215717,56900,TMEM167B,0.3150728129162918
ENSG00000100221,9929,JOSD1,0.5026211501106618
ENSG00000142166,3454,IFNAR1,0.3093387061036777
ENSG00000175538,10008,KCNE3,-0.968478472124549
ENSG00000147649,92140,MTDH,-0.2915721238107506
ENSG00000163694,54502,RBM47,-0.7467651837666958
ENSG00000198380,2673,GFPT1,0.3671639124741745
ENSG00000114770,10057,ABCC5,0.4384825582708027
ENSG00000048544,55173,MRPS10,0.2244632617907424
ENSG00000188732,340277,FAM221A,0.5537201390893989
ENSG00000155561,23165,NUP205,0.5746667968112523
ENSG00000169710,2194,FASN,-0.7960404682701413
ENSG00000108479,2584,GALK1,-0.6863153985475741
ENSG00000003056,4074,M6PR,0.660351663248886
ENSG00000187840,1978,EIF4EBP1,0.3401132560065278
ENSG00000125834,140901,STK35,-0.6790687515826295
ENSG00000100985,4318,MMP9,-0.8143776201126174
ENSG00000137185,7746,ZSCAN9,0.5930555137504747
ENSG00000150756,134145,ATPSCKMT,-0.4653694765310376
ENSG00000130779,6249,CLIP1,0.8085156921978757
ENSG00000109332,7323,UBE2D3,0.1256678989522194
ENSG00000153391,125476,INO80C,0.3757478899217314
ENSG00000099949,8216,LZTR1,-0.5585637654500988
ENSG00000134250,4853,NOTCH2,0.2559087933322787
ENSG00000285070,79602,ADIPOR2,0.4230096274616676
ENSG00000167088,6632,SNRPD1,-0.105128731551286
ENSG00000157181,54953,ODR4,0.516141020263925
ENSG00000116761,1491,CTH,0.800752538014245
ENSG00000101928,56180,MOSPD1,0.3822405021719704
ENSG00000168268,64943,NT5DC2,-0.5073628714222574
ENSG00000117906,5955,RCN2,0.3611453488254219
ENSG00000204152,100652748,TIMM23B,-0.7457124353946396
ENSG00000100345,4627,MYH9,-0.3321644695371163
ENSG00000139679,10161,LPAR6,0.4346694645923349
ENSG00000196549,4311,MME,-0.8383970982238734
ENSG00000115806,26003,GORASP2,0.3571107569291264
ENSG00000070718,10947,AP3M2,0.462623587032578
ENSG00000166233,25820,ARIH1,0.3691139522177113
ENSG00000106772,158471,PRUNE2,0.6894453261209094
,,ZNF720,0.594170790168021
ENSG00000072364,27125,AFF4,0.3729936995348452
ENSG00000184831,79135,APOO,0.3032704893131895
ENSG00000185112,131583,FAM43A,-0.945792830484063
ENSG00000181751,90355,MACIR,0.8058200097355869
ENSG00000114120,55186,SLC25A36,0.3552285466029358
ENSG00000169682,83985,SPNS1,-0.5553663543265465
ENSG00000145284,79966,SCD5,-0.3510310381836143
ENSG00000164211,134429,STARD4,-0.4813908781072839
ENSG00000143322,27,ABL2,0.5995149054879625
ENSG00000159110,3455,IFNAR2,0.4989287341927931
ENSG00000291408,105376805,LOC105376805,-0.3936962748221355
ENSG00000124772,57699,CPNE5,0.817380851892592
ENSG00000103657,8925,HERC1,0.5529918008262389
ENSG00000090013,645,BLVRB,0.2989205709711878
ENSG00000097007,25,ABL1,0.7498749373247143
ENSG00000142694,55194,EVA1B,0.5329565182369321
ENSG00000256229,90649,ZNF486,-0.8534410072388982
ENSG00000198453,374900,ZNF568,-0.7010589111589403
ENSG00000111231,51184,GPN3,-0.5218399890138329
ENSG00000119969,3070,HELLS,-0.6529828127536607
ENSG00000073536,54475,NLE1,0.7695951237224437
ENSG00000100100,113791,PIK3IP1,0.7113376880762631
ENSG00000185627,5719,PSMD13,0.1515441773738048
ENSG00000077147,56889,TM9SF3,0.2642115944631556
ENSG00000157693,203197,TMEM268,-0.6602500777184952
ENSG00000291824,340542,BEX5,0.391696673781941
ENSG00000152359,134359,POC5,0.6722369063636292
ENSG00000167528,121274,ZNF641,-0.5114580458704127
ENSG00000143195,387597,ILDR2,-0.3060848452535333
ENSG00000090273,10726,NUDC,-0.3882808142586622
ENSG00000123472,64756,ATPAF1,0.498163571869852
ENSG00000184292,4070,TACSTD2,0.7675203936909363
ENSG00000064601,5476,CTSA,0.3227767424016868
ENSG00000172273,25988,HINFP,0.4884339968017328
ENSG00000247516,100505738,MIR4458HG,0.3191396648105407
ENSG00000105258,5438,POLR2I,0.145288302064481
ENSG00000161542,5635,PRPSAP1,0.388860025158896
ENSG00000104154,7782,SLC30A4,-0.4554398005444251
ENSG00000179152,285343,TCAIM,0.3972321396945091
ENSG00000149483,51524,TMEM138,0.3022381067079961
ENSG00000143621,3608,ILF2,0.1963582533495451
ENSG00000131023,9113,LATS1,-0.441361726453982
ENSG00000119383,5524,PTPA,-0.4056452091961888
ENSG00000132305,10989,IMMT,-0.2404852354232562
ENSG00000089123,55617,TASP1,-0.7509092706714036
ENSG00000103710,51285,RASL12,0.5078948193267986
ENSG00000163535,151246,SGO2,-0.6894755868662018
ENSG00000188215,123879,DCUN1D3,-0.5988706320739156
ENSG00000227715,3105,HLA-A,-0.3520315302059195
ENSG00000134109,9695,EDEM1,-0.6261106442702408
ENSG00000273820,389856,USP27X,-0.879986778359199
ENSG00000124120,79183,TTPAL,-0.5716681357903584
ENSG00000137801,7057,THBS1,-0.6244789430184403
ENSG00000132780,4678,NASP,-0.286215450023725
ENSG00000144036,23233,EXOC6B,-0.5767063968070888
ENSG00000185608,64976,MRPL40,-0.1685604830432644
ENSG00000157800,84255,SLC37A3,0.545591580470848
ENSG00000092445,7301,TYRO3,-0.3776503252947647
ENSG00000118689,2309,FOXO3,0.2815458037476213
ENSG00000048342,57545,CC2D2A,0.4903394966820096
ENSG00000185721,4733,DRG1,0.1830806181447797
ENSG00000181929,5571,PRKAG1,0.1975782420664307
ENSG00000164587,6208,RPS14,0.1476621234041155
ENSG00000153029,3140,MR1,0.7207985763507846
ENSG00000204519,90233,ZNF551,0.6758557941500913
ENSG00000084693,60509,AGBL5,-0.6305767724275135
ENSG00000100030,5594,MAPK1,0.29219283161797
ENSG00000090060,10914,PAPOLA,-0.2301567520084036
ENSG00000130803,57693,ZNF317,0.5702071674385367
ENSG00000023318,23071,ERP44,0.3029216838447469
ENSG00000086712,55787,TXLNG,-0.7036160082864222
ENSG00000242498,348110,ARPIN,-0.7379083665779537
ENSG00000169118,53944,CSNK1G1,0.561929318960766
ENSG00000261992,57459,GATAD2B,-0.3912720956541504
ENSG00000198265,9931,HELZ,-0.3600390116492964
ENSG00000158042,63875,MRPL17,0.162287667787364
ENSG00000145912,55651,NHP2,-0.2364353126826606
ENSG00000228474,100128731,OST4,0.083586832026033
ENSG00000134453,84991,RBM17,0.3931599912948086
ENSG00000144736,55164,SHQ1,0.6444400690427707
ENSG00000123144,79002,TRIR,-0.4558056085099566
ENSG00000135655,9958,USP15,0.3962526481960786
ENSG00000267508,26974,ZNF285,0.6312811229033023
ENSG00000243749,100506144,TMEM35B,0.2296131142598571
ENSG00000109917,8882,ZPR1,-0.4834147194914762
ENSG00000164543,9263,STK17A,0.4686719007918134
ENSG00000138600,84888,SPPL2A,-0.3438975826069469
ENSG00000129534,55320,MIS18BP1,-0.5983242786972592
ENSG00000163644,152926,PPM1K,-0.3199603930646867
ENSG00000100603,22938,SNW1,0.2570970186590351
ENSG00000109390,4717,NDUFC1,0.1466945097774323
ENSG00000183255,754,PTTG1IP,0.2252166315607911
ENSG00000007944,29116,MYLIP,-0.553005082786987
ENSG00000196531,4666,NACA,0.1436578917666849
ENSG00000163428,116064,LRRC58,0.3153071258374356
ENSG00000139719,65082,VPS33A,-0.3514096350564371
ENSG00000019582,972,CD74,-0.3666319669475781
ENSG00000146425,6993,DYNLT1,0.1204974736367117
,440423,SUZ12P1,-0.9508204319877802
ENSG00000106052,8887,TAX1BP1,0.1730965761432219
ENSG00000196214,90321,ZNF766,-0.4893536992423266
ENSG00000112280,1297,COL9A1,0.7043136263705079
ENSG00000106484,4232,MEST,-0.2984309600813684
ENSG00000170471,57148,RALGAPB,-0.5532100253417032
ENSG00000184384,84441,MAML2,0.690252678895743
ENSG00000187187,339327,ZNF546,0.6429925441385118
ENSG00000168118,5867,RAB4A,-0.4394277245987011
ENSG00000160691,6464,SHC1,-0.6566006187183324
ENSG00000123560,5354,PLP1,0.3384933692573978
ENSG00000124357,55577,NAGK,0.255170781915481
ENSG00000112531,9444,QKI,-0.2360905447712288
ENSG00000214113,57128,LYRM4,-0.1371161279918445
ENSG00000164920,116039,OSR2,-0.6673885718508438
ENSG00000184897,8971,H1-10,-0.7170616350640144
ENSG00000006468,2115,ETV1,0.7254157323960444
ENSG00000135314,80759,KHDC1,0.9322302477778194
ENSG00000088727,64147,KIF9,0.4875417693625966
ENSG00000144524,64708,COPS7B,0.7402226014080643
ENSG00000135929,1593,CYP27A1,0.3586719492149344
ENSG00000104964,166,TLE5,-0.3542863555997096
ENSG00000152683,55676,SLC30A6,0.4251225098920009
ENSG00000154832,30827,CXXC1,-0.5828260658892913
ENSG00000133606,23608,MKRN1,0.2469982883219866
ENSG00000124610,3024,H1-1,-0.7158013910783535
ENSG00000002834,3927,LASP1,0.3373710559648785
ENSG00000102034,2000,ELF4,0.6233293265002318
ENSG00000197061,8364,H4C3,-0.2496724784875094
ENSG00000188735,144404,TMEM120B,-0.8393040834094073
ENSG00000157657,114991,ZNF618,0.7303887763113219
ENSG00000130165,84337,ELOF1,-0.3478615244736798
ENSG00000173889,80012,PHC3,-0.4989929050649065
ENSG00000146414,257218,SHPRH,-0.6689761971900776
ENSG00000164366,133957,CCDC127,0.2815575458039103
ENSG00000167720,63826,SRR,0.82912744418379
ENSG00000204219,6920,TCEA3,0.3156284899751088
,,LINC00672,-0.4369031025271149
ENSG00000035141,84908,FAM136A,0.263033023360238
ENSG00000170954,55786,ZNF415,0.5015975728907274
ENSG00000084073,10269,ZMPSTE24,0.340147769121138
ENSG00000171475,147179,WIPF2,0.4351755890991115
ENSG00000172380,55970,GNG12,0.2309180436408698
ENSG00000109790,51088,KLHL5,0.6123035017987944
ENSG00000010626,10233,LRRC23,0.6805263732223701
ENSG00000142599,473,RERE,-0.4440133151202857
ENSG00000143554,11000,SLC27A3,0.4342536034184189
ENSG00000163359,1293,COL6A3,0.5483481220119221
ENSG00000284487,730094,MOSMO,0.6035014913811869
ENSG00000234899,400618,SOX9-AS1,-0.6973835983922742
ENSG00000183513,493753,COA5,-0.2976359085636371
ENSG00000170836,8493,PPM1D,-0.5338302393852
ENSG00000164081,51368,TEX264,-0.4297832500338181
ENSG00000117036,2117,ETV3,-0.4529790343088136
ENSG00000123505,262,AMD1,0.2572202009622415
ENSG00000124207,1434,CSE1L,0.2030611037351607
ENSG00000163913,55764,IFT122,0.5762715281190574
ENSG00000175581,51642,MRPL48,0.1876165500203838
ENSG00000168883,10713,USP39,0.3995214350268739
ENSG00000176371,54993,ZSCAN2,0.6409837259069457
ENSG00000162944,130132,RFTN2,-0.5527790797654852
ENSG00000130638,25814,ATXN10,0.2450460808363428
ENSG00000170043,58485,TRAPPC1,-0.2815502403987892
,,ATP5MD,0.106152042412751
ENSG00000109436,23158,TBC1D9,0.6900437160067056
ENSG00000162415,57643,ZSWIM5,0.5743467862650525
ENSG00000127314,5908,RAP1B,0.2510216063871528
ENSG00000154813,285381,DPH3,0.2148042575661143
ENSG00000153250,5937,RBMS1,0.3568353261669814
ENSG00000144468,84236,RHBDD1,0.5765235154507989
ENSG00000203875,387066,SNHG5,0.1748359352686521
ENSG00000136628,2058,EPRS1,0.3101995236998003
ENSG00000070761,29105,CFAP20,0.3356028720450947
ENSG00000004487,23028,KDM1A,0.3773934011129157
ENSG00000116871,55700,MAP7D1,0.5468773219321377
ENSG00000184752,55967,NDUFA12,0.2096554428369963
ENSG00000131469,6155,RPL27,-0.1893385788701242
ENSG00000124596,221443,OARD1,0.3235913365703496
ENSG00000133818,22800,RRAS2,0.6604447713803465
ENSG00000205189,65986,ZBTB10,-0.3796961427475255
ENSG00000155008,139322,APOOL,-0.4534910738037732
ENSG00000130770,93974,ATP5IF1,-0.3614852616299762
ENSG00000118655,64858,DCLRE1B,-0.5734076258060204
ENSG00000131944,91442,FAAP24,0.6191190762564042
ENSG00000166352,119710,IFTAP,0.1871157846803446
ENSG00000169499,59339,PLEKHA2,-0.3274315003550719
ENSG00000184500,5627,PROS1,0.5226865939250019
ENSG00000138623,8482,SEMA7A,-0.6924875118486262
ENSG00000102225,5127,CDK16,0.5939553399693153
ENSG00000204899,440145,MZT1,-0.4693918807602944
ENSG00000241360,57026,PDXP,0.476698371716891
ENSG00000122417,57489,ODF2L,0.6057633807925635
ENSG00000140416,7168,TPM1,-0.3221419147300549
ENSG00000130684,26152,ZNF337,0.5721899320568473
ENSG00000155189,55326,AGPAT5,-0.432189414150196
ENSG00000132603,51388,NIP7,0.2910210938336495
ENSG00000065057,4913,NTHL1,-0.5386544527783221
ENSG00000085840,4998,ORC1,-0.6417347915130452
ENSG00000113721,5159,PDGFRB,-0.6824060539289046
ENSG00000121940,23155,CLCC1,-0.7520217282005683
ENSG00000176907,56892,TCIM,-0.5706578740345197
ENSG00000130768,27293,SMPDL3B,0.5375365414093647
ENSG00000142192,351,APP,0.3008185051158269
ENSG00000291930,4716,NDUFB10,0.2336167167395381
ENSG00000281818,54682,MANSC1,-0.6215657712981538
ENSG00000106278,5803,PTPRZ1,0.5493052592094966
ENSG00000118507,9465,AKAP7,0.5258986827508085
ENSG00000131374,9779,TBC1D5,-0.4253070814491379
ENSG00000113649,10915,TCERG1,-0.510027816732549
ENSG00000111843,51522,TMEM14C,0.1563073488150494
ENSG00000132485,9406,ZRANB2,0.2271413523761985
ENSG00000158467,23382,AHCYL2,-0.6648371603752623
ENSG00000149089,51074,APIP,0.3383629030534933
ENSG00000124788,6310,ATXN1,-0.4358843568137099
ENSG00000186132,130355,C2orf76,0.4145567061017788
ENSG00000161281,1346,COX7A1,0.2607199900397885
ENSG00000163131,1520,CTSS,0.2788200635397537
ENSG00000105993,10049,DNAJB6,-0.2366639896315021
ENSG00000089048,51575,ESF1,0.25437764006881
ENSG00000281123,8857,FCGBP,0.770398017052155
ENSG00000010932,2326,FMO1,0.8861087199422523
ENSG00000100281,10042,HMGXB4,-0.3014449755818816
ENSG00000089094,84678,KDM2B,-0.750103314868324
ENSG00000104497,64089,SNX16,0.7640464876809799
ENSG00000146433,57583,TMEM181,0.3124346789877587
ENSG00000068654,25885,POLR1A,-0.5960867694241057
,,FAM172A,-0.4463805023605577
ENSG00000172037,3913,LAMB2,-0.5320048955590635
ENSG00000072958,8907,AP1M1,-0.5396326385374298
ENSG00000137504,58487,CREBZF,-0.6543492421599955
ENSG00000198937,154467,CCDC167,0.1880082512477825
ENSG00000291836,8086,AAAS,0.1949909765374244
ENSG00000025293,51230,PHF20,0.2955321256225078
ENSG00000119950,4601,MXI1,-0.6088227392930534
ENSG00000151366,4718,NDUFC2,0.1032483753958879
ENSG00000117481,387338,NSUN4,0.3450425644863496
ENSG00000102218,6102,RP2,0.7462146021093603
ENSG00000172428,150678,COPS9,-0.2530030585709832
ENSG00000109689,57620,STIM2,0.7009169193513974
ENSG00000185728,253943,YTHDF3,0.3152174687170705
ENSG00000187626,387032,ZKSCAN4,0.8643507308223779
ENSG00000147130,9203,ZMYM3,0.460583402911554
ENSG00000170627,121355,GTSF1,0.3447403930208425
ENSG00000084676,8648,NCOA1,0.4569801831785172
ENSG00000136710,84317,CCDC115,0.4600751300466081
ENSG00000012124,933,CD22,0.7858807761934766
ENSG00000276966,8367,H4C5,-0.7866134728809876
ENSG00000172534,3054,HCFC1,0.7040709295681074
,,LOC100506100,-0.4362486019033681
,,LOC101927752,-0.5543223724446859
ENSG00000117602,11123,RCAN3,-0.5618308447608943
ENSG00000089009,6128,RPL6,0.0877523241930339
ENSG00000113845,51300,TIMMDC1,0.2203648826568407
ENSG00000181704,286451,YIPF6,0.3016473188577668
ENSG00000131127,7700,ZNF141,-0.4312059316232032
ENSG00000197601,84188,FAR1,0.4962727584789816
ENSG00000198492,51441,YTHDF2,0.2180182686605251
ENSG00000132589,2319,FLOT2,0.4850768529369152
ENSG00000170500,164832,LONRF2,0.506810146446897
ENSG00000244734,3043,HBB,0.2542416456503266
ENSG00000124172,514,ATP5F1E,0.1060170826940435
ENSG00000102471,54602,NDFIP2,0.3483219560247395
ENSG00000197563,23556,PIGN,-0.656654735006249
ENSG00000254901,729991,BORCS8,-0.5297913902619675
ENSG00000095261,5711,PSMD5,0.4525196467140312
ENSG00000100580,283578,TMED8,-0.3673444930543639
ENSG00000197150,11194,ABCB8,0.918301499907228
ENSG00000108561,708,C1QBP,0.4790795859464531
ENSG00000225921,51406,NOL7,0.3654230893951929
ENSG00000175352,56675,NRIP3,-0.653899789028868
ENSG00000100439,63874,ABHD4,0.2701878046660126
ENSG00000156831,286053,NSMCE2,0.221005681162571
ENSG00000164332,134510,UBLCP1,0.2386125617124453
ENSG00000241394,3108,HLA-DMA,0.3882764406620944
ENSG00000168090,10980,COPS6,-0.2138487549453182
ENSG00000136156,9445,ITM2B,0.2016935204761089
ENSG00000118855,64747,MFSD1,0.4564259987619731
ENSG00000163348,90780,PYGO2,-0.5739037636358814
ENSG00000115255,92840,REEP6,-0.3078920443991236
ENSG00000158156,55113,XKR8,0.73912516467404
ENSG00000147536,84296,GINS4,0.7398670678265405
ENSG00000134313,57498,KIDINS220,0.4040831262025621
ENSG00000108830,8153,RND2,-0.3620562759510154
ENSG00000147601,7013,TERF1,0.3712050073747826
ENSG00000164253,55255,WDR41,0.3259273152211653
ENSG00000124067,6560,SLC12A4,0.5284544596637321
ENSG00000110955,506,ATP5F1B,0.1150641970044216
ENSG00000155090,7071,KLF10,0.343855286710103
ENSG00000180198,1104,RCC1,0.4885171974735845
,104472715,SNHG14,0.7041924024781115
ENSG00000103502,10423,CDIPT,-0.4454464141315685
ENSG00000273707,1028,CDKN1C,-0.2992460552370695
ENSG00000169567,3094,HINT1,0.0978876182686706
ENSG00000124104,90203,SNX21,-0.64853744406294
ENSG00000123908,27161,AGO2,-0.4414878614872198
ENSG00000163312,113510,HELQ,0.3677038590906917
ENSG00000168172,84376,HOOK3,0.4302022256894523
ENSG00000125977,8894,EIF2S2,0.2334980031089734
ENSG00000075568,23505,TMEM131,0.7221940555356623
ENSG00000138442,55759,WDR12,0.3437860753889657
ENSG00000122034,2971,GTF3A,0.3513055131879752
ENSG00000120860,51019,WASHC3,0.1820173251743222
ENSG00000109519,80273,GRPEL1,-0.2324175486091126
ENSG00000173848,10276,NET1,0.4018827498756265
ENSG00000146676,5814,PURB,0.3723212623613936
ENSG00000100906,4792,NFKBIA,0.2941025587613843
ENSG00000079462,5050,PAFAH1B3,-0.2989054659340877
ENSG00000174744,25855,BRMS1,0.795381129225167
ENSG00000213465,402,ARL2,-0.2943850177471235
ENSG00000175215,10106,CTDSP2,0.2903558660140334
ENSG00000120948,23435,TARDBP,0.2363058420131371
ENSG00000149260,726,CAPN5,0.8945483486366559
ENSG00000100426,9889,ZBED4,-0.6843859204105897
ENSG00000139112,23710,GABARAPL1,0.4764501668686088
ENSG00000047315,5431,POLR2B,-0.4183710007466274
ENSG00000182504,79598,CEP97,-0.5195362671957787
ENSG00000198756,23127,COLGALT2,0.6823534850122936
ENSG00000206562,131965,METTL6,0.3546990014458069
ENSG00000007168,5048,PAFAH1B1,-0.2591985276431291
ENSG00000005249,5577,PRKAR2B,0.2513937694943526
ENSG00000175166,5708,PSMD2,0.2755992558556102
ENSG00000179918,22928,SEPHS2,0.4104499148564581
ENSG00000115970,63892,THADA,0.4586767191598458
ENSG00000101236,11237,RNF24,-0.4817908670256058
ENSG00000090615,2802,GOLGA3,-0.5021594716356395
ENSG00000069329,55737,VPS35,0.1368961320697246
ENSG00000113580,2908,NR3C1,0.3622299585522803
ENSG00000174917,125988,MICOS13,-0.223054927189622
ENSG00000134871,1284,COL4A2,0.4436321997804405
ENSG00000136986,79139,DERL1,0.3429387903057995
ENSG00000106049,11112,HIBADH,-0.645458161695116
ENSG00000203666,84288,EFCAB2,0.5234472422812526
,100506965,PWAR6,0.6619277338311853
ENSG00000171530,6902,TBCA,0.141377341485293
ENSG00000122958,9559,VPS26A,0.2250676575753702
ENSG00000167770,55611,OTUB1,0.1718757694964579
ENSG00000182568,6304,SATB1,-0.5094096091583552
ENSG00000143379,9869,SETDB1,0.3621328365392762
ENSG00000102024,5358,PLS3,-0.2317033248343291
ENSG00000115484,10575,CCT4,0.2004453692947981
ENSG00000123342,4327,MMP19,0.8504113994490646
ENSG00000164754,5885,RAD21,0.2360338865178839
ENSG00000076604,9618,TRAF4,0.728999966755743
ENSG00000182796,440104,TMEM198B,0.7718571441965079
ENSG00000124217,27304,MOCS3,-0.5147863845545084
ENSG00000063978,6047,RNF4,0.2527958705086991
ENSG00000159176,1465,CSRP1,0.2752054893554561
ENSG00000176022,126792,B3GALT6,-0.5423393010045985
ENSG00000185324,8558,CDK10,-0.7084729107850835
ENSG00000165169,6990,DYNLT3,0.3132582263718668
ENSG00000078098,2191,FAP,0.5545343902962353
ENSG00000105607,2639,GCDH,-0.7280471217788275
ENSG00000235092,100506299,ID2-AS1,0.8362425664745904
ENSG00000167397,79001,VKORC1,-0.2602798880772453
ENSG00000198846,9760,TOX,0.326738042823342
ENSG00000090989,55763,EXOC1,0.4856540866782869
ENSG00000169139,7336,UBE2V2,0.1844538876702751
ENSG00000131171,6451,SH3BGRL,0.1376258239936844
ENSG00000279389,9710,GARRE1,-0.6069737472215367
,,LOC102724532,-0.4531080735170671
ENSG00000148334,80142,PTGES2,-0.8043747874104089
ENSG00000115091,10096,ACTR3,0.264448271774032
ENSG00000002919,29916,SNX11,0.4695414885649787
ENSG00000165672,10935,PRDX3,0.154825795027517
ENSG00000134278,56907,SPIRE1,0.7009199492898243
,641638,SNHG6,-0.3092212704746432
ENSG00000133059,25778,DSTYK,0.3910098641294015
ENSG00000116120,10056,FARSB,0.1910030429641928
ENSG00000171160,118812,MORN4,0.4909250019160641
ENSG00000143333,6004,RGS16,-0.4105619399741899
ENSG00000136044,55198,APPL2,-0.488471670313243
ENSG00000071246,22846,VASH1,0.4172850009481919
ENSG00000164414,10559,SLC35A1,0.3388135991258983
ENSG00000197808,92283,ZNF461,0.7053306977792558
ENSG00000143156,29922,NME7,-0.2733711120274794
ENSG00000197771,79892,MCMBP,0.4528227514760183
ENSG00000162639,113802,HENMT1,0.3023940560610134
ENSG00000104765,665,BNIP3L,-0.1354059104253495
ENSG00000115504,23301,EHBP1,0.4996091657106879
ENSG00000282665,157697,ERICH1,0.711745877749495
ENSG00000146872,11011,TLK2,-0.5034467060191313
ENSG00000129493,25938,HEATR5A,0.3885053558117371
ENSG00000132688,10763,NES,-0.4853316451205114
ENSG00000167658,1938,EEF2,-0.2138838542444648
ENSG00000221983,7311,UBA52,-0.1748694430486106
ENSG00000164944,25962,VIRMA,0.307291755829595
ENSG00000075856,9733,SART3,0.6309919248934387
,,LOC646762,-0.5425031508036042
ENSG00000151611,166785,MMAA,-0.6035336819782298
ENSG00000131791,5565,PRKAB2,-0.5221682601271285
ENSG00000198034,6191,RPS4X,0.0861292450805446
ENSG00000114767,9136,RRP9,-0.5900798769350065
,,CXorf56,-0.4681926633394088
ENSG00000188636,84247,RTL6,-0.4192085382202858
ENSG00000034713,11345,GABARAPL2,-0.1317757695378959
ENSG00000008952,7095,SEC62,0.1370322313688231
ENSG00000148985,27315,PGAP2,0.4450879786994315
ENSG00000158987,51735,RAPGEF6,-0.857376103630559
ENSG00000256060,10597,TRAPPC2B,0.2611889875974795
ENSG00000166073,11245,GPR176,0.6748794314146197
ENSG00000136485,10238,DCAF7,0.2271045215433282
ENSG00000104081,90427,BMF,0.552694974412257
ENSG00000159840,7791,ZYX,0.5367828037739929
ENSG00000108389,9110,MTMR4,-0.3818032227212433
,4213,MEIS3P1,0.6382617340693106
ENSG00000176108,79643,CHMP6,-0.5511603593908139
ENSG00000168610,6774,STAT3,0.3094301763596216
ENSG00000117859,114883,OSBPL9,0.2412941274337166
ENSG00000140526,11057,ABHD2,-0.5213650076774627
ENSG00000133731,3612,IMPA1,0.340270024644656
ENSG00000160710,103,ADAR,0.2751124935839754
ENSG00000154723,522,ATP5PF,0.0888411637700644
ENSG00000116667,81563,C1orf21,0.4346434180812752
ENSG00000198721,10455,ECI2,0.1594479856256437
ENSG00000170323,2167,FABP4,-0.5506231821637462
ENSG00000176853,157769,FAM91A1,-0.481858497005775
,,KRBA2,-0.7959825144192181
ENSG00000104904,4946,OAZ1,-0.266702138973411
ENSG00000118873,25782,RAB3GAP2,0.3481563325064675
ENSG00000163900,90407,TMEM41A,-0.2100072901009334
ENSG00000126814,57570,TRMT5,-0.4523036850156947
ENSG00000010803,22955,SCMH1,0.6232435966894159
,,C10orf82,-0.6484536199969729
ENSG00000163820,79443,FYCO1,-0.6614547569401784
ENSG00000239672,4830,NME1,0.0998482774242696
ENSG00000117505,1810,DR1,-0.3175927884171033
ENSG00000147475,11160,ERLIN2,0.4581799690231081
ENSG00000151692,9781,RNF144A,0.5334144030048427
ENSG00000224200,63943,FKBPL,0.4479596231909172
ENSG00000171840,4815,NINJ2,0.5747658514025137
ENSG00000147164,29934,SNX12,0.3823626917941986
ENSG00000113742,80315,CPEB4,-0.4624698622782431
ENSG00000137038,90871,DMAC1,-0.1816224490872621
ENSG00000144730,54756,IL17RD,-0.7445750352027231
ENSG00000154122,56172,ANKH,0.4028892723674193
ENSG00000291938,10607,TBL3,-0.7203317455927831
,,CBWD5,0.2178802098110471
ENSG00000044446,5256,PHKA2,0.4266319975268179
ENSG00000110328,374378,GALNT18,0.6131339118339759
ENSG00000167580,359,AQP2,-0.641497429879731
ENSG00000120370,92344,GORAB,0.4080442131467631
ENSG00000196642,55684,RABL6,-0.7325622266692727
ENSG00000168591,79089,TMUB2,0.483513363623975
ENSG00000082805,23085,ERC1,0.4240985135202119
ENSG00000151612,152485,ZNF827,0.2693898733546131
ENSG00000087502,51290,ERGIC2,0.2318962018571417
ENSG00000139926,122786,FRMD6,0.5886877435934402
ENSG00000112984,10112,KIF20A,-0.4620832756945597
ENSG00000169021,7386,UQCRFS1,0.2196357858784819
ENSG00000184678,8349,H2BC21,-0.711855125759801
,,LINC02246,-0.7717306516576867
ENSG00000168734,11142,PKIG,0.3818030984488479
,,TMCC1-AS1,-0.4973219671164665
ENSG00000217555,51192,CKLF,0.198380633844552
ENSG00000171310,50515,CHST11,0.8070992169433637
ENSG00000275099,79893,GGNBP2,0.3525075633687241
ENSG00000092096,51310,SLC22A17,-0.5939570843773149
ENSG00000119280,84886,C1orf198,-0.3826498926360009
ENSG00000166997,245812,CNPY4,-0.3361569886600776
ENSG00000221914,5520,PPP2R2A,-0.3201359599005252
ENSG00000138375,50485,SMARCAL1,0.4710282976232127
ENSG00000115112,29842,TFCP2L1,-0.5862218116489961
ENSG00000100350,80020,FOXRED2,-0.6224388197025154
ENSG00000182054,3418,IDH2,-0.5338233241384333
ENSG00000076108,11176,BAZ2A,0.5099008479941182
ENSG00000164330,1879,EBF1,-0.8279015494446397
ENSG00000292174,493812,HCG11,-0.5050182769295264
ENSG00000170085,375484,SIMC1,0.5582044014747722
ENSG00000102030,8260,NAA10,0.3734655033860443
ENSG00000171791,596,BCL2,-0.4845580640676419
,644128,RPL23AP53,-0.3912814635843291
ENSG00000139697,55206,SBNO1,-0.2556336643774411
ENSG00000198945,84456,L3MBTL3,-0.7295820378112041
ENSG00000130830,4354,MPP1,-0.3862580334964403
ENSG00000135902,1144,CHRND,0.1563547926130493
ENSG00000117614,25949,SYF2,-0.2271301393600375
ENSG00000135269,26136,TES,-0.4923273067662723
ENSG00000112773,55603,TENT5A,0.4719378202822036
ENSG00000118420,90025,UBE3D,0.6902849656694828
ENSG00000119537,2531,KDSR,0.3059394725717706
ENSG00000124198,10564,ARFGEF2,0.5607961092993601
ENSG00000100591,10598,AHSA1,-0.2854254383784413
ENSG00000129250,10749,KIF1C,-0.7164358966901391
ENSG00000102265,7076,TIMP1,0.1564404147103252
ENSG00000171792,83695,RHNO1,0.2487829075717595
ENSG00000137074,54840,APTX,0.2574433438698539
ENSG00000060982,586,BCAT1,0.3386676144879469
ENSG00000176018,116068,LYSMD3,0.5008831386633982
ENSG00000140688,64755,RUSF1,0.4188995285414096
ENSG00000237651,339804,C2orf74,0.2582217183442726
ENSG00000117758,23673,STX12,0.2267599747990681
ENSG00000152484,219333,USP12,0.5728882986844221
ENSG00000170633,80196,RNF34,0.3203174353494332
ENSG00000111266,80824,DUSP16,-0.3793205387586714
ENSG00000198707,80184,CEP290,0.5505631190707878
ENSG00000072571,3161,HMMR,-0.4853197810295541
ENSG00000234475,3303,HSPA1A,-0.6162942738951164
ENSG00000188997,283219,KCTD21,0.5552472690447119
ENSG00000140905,2653,GCSH,-0.4023689204316267
ENSG00000167272,51367,POP5,0.2024464397642059
ENSG00000116095,65977,PLEKHA3,-0.3932489509230785
ENSG00000163596,130026,ICA1L,-0.6610120763751924
ENSG00000158552,130617,ZFAND2B,0.5188484803814196
ENSG00000140876,283927,NUDT7,-0.4823946048709178
ENSG00000253368,388610,TRNP1,0.6956593193869816
ENSG00000197157,27044,SND1,0.2552120747147997
ENSG00000177707,25945,NECTIN3,-0.513695942077103
ENSG00000168795,9925,ZBTB5,0.44708506156294
ENSG00000236859,254128,NIFK-AS1,0.4755202444932123
ENSG00000184203,5504,PPP1R2,-0.3405722785480806
ENSG00000263465,10929,SRSF8,0.383319261555758
,,C9orf116,0.5792343576305823
ENSG00000149187,10658,CELF1,0.3070085125595372
ENSG00000085760,4528,MTIF2,0.4071532258220618
ENSG00000081760,65985,AACS,-0.4518770318361179
ENSG00000139323,282809,POC1B,-0.7435041058173006
ENSG00000168724,134218,DNAJC21,-0.5241131525537444
ENSG00000090686,84196,USP48,0.4389429988366685
ENSG00000185829,51326,ARL17A,0.5699628444200685
ENSG00000162783,51278,IER5,0.5601340013542366
ENSG00000125846,7692,ZNF133,0.4062873978086623
ENSG00000024526,55635,DEPDC1,-0.6838364486853062
ENSG00000169764,7360,UGP2,0.2138676806205399
ENSG00000130449,57688,ZSWIM6,0.6117571212067584
ENSG00000163577,56648,EIF5A2,-0.4521365074338189
ENSG00000129657,6397,SEC14L1,0.2685391134969955
ENSG00000186577,221491,SMIM29,0.3574734637720721
ENSG00000182154,64975,MRPL41,-0.2860843511517862
ENSG00000099246,22931,RAB18,0.2165888808768278
ENSG00000104973,81857,MED25,0.5371872760582115
ENSG00000169189,197370,NSMCE1,0.1410891761774075
ENSG00000198931,353,APRT,-0.291657579216556
,1038,CDR1,-0.9955618976349238
ENSG00000145882,78991,PCYOX1L,-0.6689294196794846
ENSG00000166311,6609,SMPD1,0.6415929638919194
ENSG00000100811,7528,YY1,0.26027536503957
ENSG00000170456,160518,DENND5B,0.421536045155004
ENSG00000030066,23279,NUP160,0.5032378733343997
ENSG00000164283,11082,ESM1,-0.3039073948240799
ENSG00000290712,171220,DSTNP2,-0.7738908684735911
ENSG00000174886,126328,NDUFA11,-0.1222954968323875
,84777,DLGAP1-AS2,0.7065091912835819
ENSG00000166851,5347,PLK1,-0.7198699644497635
ENSG00000178718,54913,RPP25,0.4772641371490769
ENSG00000158435,55571,CNOT11,-0.4455458790630386
ENSG00000128923,54629,MINDY2,0.3753351817501745
ENSG00000174740,140886,PABPC5,-0.4878568418964996
ENSG00000138138,84896,ATAD1,0.2243900135886083
ENSG00000101577,9663,LPIN2,0.324326002273008
ENSG00000112110,29074,MRPL18,0.1476394063023277
ENSG00000005108,221981,THSD7A,0.7542332916325091
ENSG00000025772,10953,TOMM34,0.3271881041130485
ENSG00000251562,378938,MALAT1,0.315327511391249
ENSG00000163636,9861,PSMD6,-0.1698989659873834
ENSG00000173960,165324,UBXN2A,0.4820668466976515
ENSG00000170312,983,CDK1,-0.2356045696802712
ENSG00000105402,8775,NAPA,0.4372679829082389
ENSG00000170248,10015,PDCD6IP,0.3578913854323071
ENSG00000101310,10483,SEC23B,0.2876298985479274
ENSG00000181690,5324,PLAG1,0.370922319008113
ENSG00000123131,10549,PRDX4,-0.1543896072739541
ENSG00000278488,93100,NAPRT,-0.6610276681770935
ENSG00000168303,136647,MPLKIP,-0.3402114226899625
ENSG00000146592,9586,CREB5,0.6787489699332545
ENSG00000075785,7879,RAB7A,0.2310122120963835
ENSG00000163159,6944,VPS72,-0.4846025680723242
ENSG00000204262,1290,COL5A2,0.3460552496034317
ENSG00000269556,84548,TMEM185A,0.3868230476574585
ENSG00000137145,55667,DENND4C,0.3763446622732409
ENSG00000104626,90459,ERI1,-0.5368138617549626
ENSG00000198860,116461,TSEN15,0.4186122724114255
ENSG00000144642,27303,RBMS3,-0.3175902242889544
ENSG00000159079,56683,CFAP298,0.526098230729361
ENSG00000101457,116092,DNTTIP1,-0.3674762597718093
ENSG00000043143,23338,JADE2,0.75534625576443
ENSG00000128606,10234,LRRC17,-0.232898585756007
ENSG00000126653,84081,NSRP1,0.2619866773189114
ENSG00000181029,126003,TRAPPC5,0.2362705699532568
ENSG00000106261,7586,ZKSCAN1,0.245684354390759
ENSG00000169299,55276,PGM2,-0.5024713176045705
ENSG00000188177,376940,ZC3H6,-0.4747935227194456
ENSG00000085224,546,ATRX,0.2979378671563155
ENSG00000154582,6921,ELOC,-0.1422106502061562
ENSG00000170801,94031,HTRA3,0.8198327518320891
ENSG00000197013,353088,ZNF429,-0.3232977483113798
ENSG00000188321,84527,ZNF559,-0.4630637941322144
ENSG00000156110,132,ADK,0.3343000751759205
ENSG00000196510,51434,ANAPC7,-0.3483537524333045
ENSG00000100526,1033,CDKN3,-0.2740248801257531
ENSG00000105341,55101,DMAC2,-0.3628926873567678
ENSG00000115226,64838,FNDC4,-0.6986652616955071
ENSG00000110917,9761,MLEC,0.2418088094035848
ENSG00000123213,57486,NLN,-0.5534193204685653
ENSG00000175193,55486,PARL,0.3163944456312613
ENSG00000163513,7048,TGFBR2,0.5754639236427048
ENSG00000180425,54494,C11orf71,-0.4552345291462611
ENSG00000089041,5027,P2RX7,0.5026876306531496
ENSG00000183735,29110,TBK1,0.5496530248851891
ENSG00000066697,91283,MSANTD3,-0.3690321587260942
ENSG00000110911,4891,SLC11A2,0.2834342089117122
ENSG00000112234,26235,FBXL4,-0.5029942887221424
ENSG00000052126,54477,PLEKHA5,0.4502467994422992
ENSG00000105176,8725,URI1,0.4221242335026882
ENSG00000134909,9743,ARHGAP32,0.6375133808158014
ENSG00000186162,152302,CIDECP1,0.4929057071994149
ENSG00000029364,55334,SLC39A9,-0.3204621371873608
ENSG00000197956,6277,S100A6,-0.1288410833958671
ENSG00000247596,11344,TWF2,0.6535568878877832
ENSG00000166681,27018,BEX3,-0.1423157018189319
ENSG00000277943,6351,CCL4,-0.6815562954282258
ENSG00000146918,54892,NCAPG2,0.6125717407062261
ENSG00000100644,3091,HIF1A,-0.585707158432467
ENSG00000111653,51147,ING4,-0.1749432995751528
ENSG00000054523,23095,KIF1B,0.277872418244551
ENSG00000198355,415116,PIM3,0.7075294087979668
ENSG00000101347,25939,SAMHD1,0.3286818400446881
ENSG00000100372,10478,SLC25A17,0.248463128238161
ENSG00000099940,9342,SNAP29,0.3461490536756818
ENSG00000163938,26354,GNL3,0.202370135658693
ENSG00000196470,6477,SIAH1,0.4113515474908035
ENSG00000159228,873,CBR1,-0.3143370857821916
ENSG00000134248,10542,LAMTOR5,0.1164477193655624
ENSG00000187778,10445,MCRS1,0.2269337895026407
ENSG00000197183,140688,NOL4L,-0.3665245967476169
ENSG00000115084,80255,SLC35F5,-0.2832723278737015
ENSG00000170631,7564,ZNF16,0.3895277889414681
ENSG00000204525,3107,HLA-C,-0.2954797365468883
ENSG00000272886,55802,DCP1A,0.3172150767555019
ENSG00000150093,3688,ITGB1,0.1874228113587129
ENSG00000180098,54952,TRNAU1AP,0.3232274541337971
ENSG00000187955,7373,COL14A1,0.3469372948672667
ENSG00000155100,51633,OTUD6B,0.5000848904066002
ENSG00000081177,55218,EXD2,0.5765881647043216
ENSG00000136877,2356,FPGS,-0.6883590469633722
ENSG00000002549,51056,LAP3,0.2215617219626954
ENSG00000308602,728715,LOC728715,0.5050764957222986
ENSG00000143344,23179,RGL1,0.4354219802956353
ENSG00000183624,56941,HMCES,0.5932096899022528
ENSG00000032219,5926,ARID4A,-0.483342514027881
ENSG00000183864,10766,TOB2,-0.5268085992282868
ENSG00000183354,158358,KIAA2026,0.4159022377372784
ENSG00000164989,203238,CCDC171,0.6872722414679482
ENSG00000099804,997,CDC34,-0.5769630318693407
ENSG00000138382,29081,METTL5,-0.2065251353208598
ENSG00000187098,4286,MITF,0.6040226813698766
ENSG00000165861,53349,ZFYVE1,0.5316928509428275
ENSG00000169607,150468,CKAP2L,-0.5895482667842357
ENSG00000198825,22876,INPP5F,0.5627216203532568
ENSG00000163467,128229,TSACC,0.5250759490555473
ENSG00000147050,7403,KDM6A,0.7216618352632314
ENSG00000134333,3939,LDHA,-0.1013483903717644
ENSG00000004975,1856,DVL2,0.7664550859692898
ENSG00000100201,10521,DDX17,0.1609488859953803
ENSG00000174842,11146,GLMN,-0.6727576337042296
ENSG00000103066,23659,PLA2G15,-0.563568729533331
ENSG00000082269,57579,FAM135A,0.5879474364754056
ENSG00000156804,114907,FBXO32,-0.5408137736509175
ENSG00000171103,55006,TRMT61B,-0.4792917210732703
ENSG00000116815,965,CD58,-0.4632341543048309
ENSG00000266256,284276,LINC00908,0.4905413135913443
ENSG00000144744,9039,UBA3,0.2725498762223817
ENSG00000101849,6907,TBL1X,0.474270752976722
ENSG00000099968,23786,BCL2L13,0.3688981968444882
ENSG00000106392,56913,C1GALT1,0.5411688410364518
ENSG00000110693,55553,SOX6,0.5924617335709274
ENSG00000111707,64426,SUDS3,-0.3297766354931777
ENSG00000179091,1537,CYC1,0.2132368243079412
ENSG00000182359,143879,KBTBD3,-0.4326426759653726
ENSG00000145332,57563,KLHL8,-0.6442789659442713
ENSG00000136536,64844,MARCHF7,0.1973161608577569
ENSG00000063322,55588,MED29,0.3049053344807487
ENSG00000187164,57698,SHTN1,0.3456454893634113
ENSG00000176542,205717,USF3,-0.6093782175084683
ENSG00000106009,221927,BRAT1,0.7162241396959186
ENSG00000008128,728642,CDK11A,0.7709106548156791
ENSG00000203791,399818,EEF1AKMT2,-0.5455288493480106
ENSG00000074935,51175,TUBE1,0.7100807370756692
ENSG00000110721,1119,CHKA,0.6130021678008962
ENSG00000125656,8192,CLPP,-0.348959217959861
ENSG00000084112,54434,SSH1,-0.6015637274716029
ENSG00000228623,169834,ZNF883,-0.4919891615913275
ENSG00000141385,10939,AFG3L2,0.4381418972403714
ENSG00000157077,9372,ZFYVE9,0.7151338986312584
ENSG00000174606,90806,ANGEL2,-0.4597848764565779
,,FAM122C,-0.3383772318552667
ENSG00000013583,50865,HEBP1,0.4265643707723826
ENSG00000161526,29115,SAP30BP,0.2440163667019994
ENSG00000170961,3037,HAS2,-0.7613738224636806
ENSG00000138069,5861,RAB1A,-0.2126884623092969
ENSG00000165733,9790,BMS1,-0.3749165155988069
ENSG00000143164,55827,DCAF6,0.4862277374943993
ENSG00000282986,27335,EIF3K,0.096958868844527
ENSG00000197555,26037,SIPA1L1,0.6019022022563015
ENSG00000134779,25941,TPGS2,-0.2270072973517282
ENSG00000291721,2124,EVI2B,0.5945407277505925
ENSG00000148950,196294,IMMP1L,0.2865863757639925
ENSG00000058272,4659,PPP1R12A,-0.2569851553563839
ENSG00000133872,51669,SARAF,0.1921371852220219
ENSG00000196418,7678,ZNF124,-0.3675842793315093
ENSG00000125257,10257,ABCC4,-0.541110256856695
ENSG00000065882,23216,TBC1D1,-0.5800668728244174
ENSG00000250722,6414,SELENOP,0.2113187161365964
ENSG00000161513,2232,FDXR,-0.3224121221788121
ENSG00000145293,58478,ENOPH1,0.3986617747133786
ENSG00000258818,6038,RNASE4,0.2090611560808791
ENSG00000278175,389741,GLIDR,0.4126728918042309
ENSG00000157445,55799,CACNA2D3,-0.6719638711910189
ENSG00000147853,50808,AK3,-0.3156457941352959
ENSG00000203724,388722,C1orf53,-0.3488738247373805
ENSG00000124209,57403,RAB22A,-0.3423570834977967
ENSG00000028203,55591,VEZT,0.3824380709072787
ENSG00000115760,57448,BIRC6,-0.2790161506213848
ENSG00000105879,79872,CBLL1,0.3831692567236963
ENSG00000172775,80011,PSME3IP1,-0.2278347688104933
ENSG00000167112,26995,TRUB2,-0.4571846945759623
ENSG00000165699,7248,TSC1,-0.5051070609600588
ENSG00000109445,27309,ZNF330,0.2405776769120867
ENSG00000105270,25999,CLIP3,0.6091062180781086
ENSG00000119725,57862,ZNF410,0.206813949419974
ENSG00000198604,11177,BAZ1A,0.3920110763545554
ENSG00000136807,1025,CDK9,0.546031225751463
ENSG00000126091,6487,ST3GAL3,-0.5675791889612168
ENSG00000110723,23086,EXPH5,-0.5976833540121635
ENSG00000288237,283120,H19,0.1775068393845822
ENSG00000178537,788,SLC25A20,-0.3944844669636449
ENSG00000092036,54930,HAUS4,-0.409916893204145
ENSG00000179195,144348,ZNF664,-0.3817015343035952
ENSG00000133961,8650,NUMB,-0.4078479501193294
ENSG00000112697,55754,TMEM30A,-0.250599752185761
ENSG00000163171,10602,CDC42EP3,-0.4193631469398927
ENSG00000108590,51003,MED31,-0.2021398122629328
ENSG00000103184,9717,SEC14L5,-0.4193035157518087
ENSG00000154175,25890,ABI3BP,-0.6526758976806362
ENSG00000277656,2952,GSTT1,-0.345951200738898
ENSG00000185532,5592,PRKG1,0.6527117583121115
ENSG00000110651,975,CD81,-0.2729580914482984
ENSG00000198231,11325,DDX42,0.3877562520091352
ENSG00000188342,2963,GTF2F2,-0.2900492333647942
,,IQCA1,-0.5620534879948377
,100507002,LOC100507002,-0.4765506413470665
ENSG00000169696,79058,ASPSCR1,-0.553676144199582
ENSG00000133048,1116,CHI3L1,0.6214059309655184
ENSG00000103381,55313,CPPED1,0.2996706692650694
ENSG00000076770,55796,MBNL3,0.1881833720826292
ENSG00000141562,26502,NARF,0.2993816970215938
ENSG00000139746,64062,RBM26,-0.3376799660398575
ENSG00000101782,8780,RIOK3,0.3687508290225563
ENSG00000091640,9552,SPAG7,-0.2047434264252322
ENSG00000128039,79644,SRD5A3,-0.5996114047642622
ENSG00000058673,9877,ZC3H11A,0.3001021727849779
ENSG00000142528,25888,ZNF473,0.4907752200156196
ENSG00000105671,54555,DDX49,-0.6112860993200813
ENSG00000282185,5799,PTPRN2,-0.4117801874683428
ENSG00000090263,51650,MRPS33,0.1272438502219151
ENSG00000004700,5965,RECQL,-0.6263977543687895
ENSG00000135924,3300,DNAJB2,-0.5998152455684153
ENSG00000113384,64083,GOLPH3,0.2747325431670144
ENSG00000181458,55076,TMEM45A,0.2010271459736839
ENSG00000214736,100188893,TOMM6,-0.1029648191643829
ENSG00000052841,55761,TTC17,0.3765726223008752
ENSG00000114374,8287,USP9Y,-0.4408251265679649
ENSG00000115825,23683,PRKD3,-0.4469252347540507
ENSG00000122566,3181,HNRNPA2B1,-0.1142623931498324
ENSG00000108465,80279,CDK5RAP3,0.2924567574454286
ENSG00000150540,3176,HNMT,0.2268547833277396
ENSG00000205220,5699,PSMB10,0.3022107869698241
ENSG00000033800,8554,PIAS1,0.2324572439793236
ENSG00000143420,2029,ENSA,-0.2555887601508043
ENSG00000164294,493869,GPX8,0.1938939494420915
ENSG00000132424,25957,PNISR,0.2253504115985741
ENSG00000184840,54732,TMED9,-0.1594220116681438
ENSG00000157259,57798,GATAD1,0.3976185344059627
ENSG00000170502,53343,NUDT9,-0.307721516767502
ENSG00000136144,55213,RCBTB1,0.3088458993732751
ENSG00000104915,8677,STX10,-0.4574983488705191
ENSG00000158109,127262,TPRG1L,0.3930746371159071
ENSG00000173113,51504,TRMT112,0.0758263777084742
ENSG00000120162,79817,MOB3B,-0.5986711268087018
ENSG00000172340,8801,SUCLG2,-0.3508883718190169
ENSG00000101384,182,JAG1,-0.4106088990775089
ENSG00000065150,3843,IPO5,0.1782849773846376
ENSG00000107789,9562,MINPP1,0.4909809909493364
ENSG00000103275,7329,UBE2I,0.1822303239520006
ENSG00000104356,10940,POP1,0.7029754757203189
ENSG00000136878,10868,USP20,0.7961968118001532
ENSG00000103356,124454,EARS2,0.5724070201469466
ENSG00000115128,51639,SF3B6,-0.1529972474325333
ENSG00000069509,139341,FUNDC1,-0.2773775146119312
ENSG00000174720,51574,LARP7,0.2041961941515906
,,LOC105376114,-0.4542029706267623
ENSG00000115963,390,RND3,-0.3336817812474535
ENSG00000138385,6741,SSB,-0.1530207197407294
ENSG00000149657,149986,LSM14B,-0.6649973468781647
ENSG00000099956,6598,SMARCB1,-0.4561359833180894
ENSG00000114062,7337,UBE3A,0.2656050275156993
ENSG00000144182,51601,LIPT1,0.3756114950114402
ENSG00000100523,80821,DDHD1,0.5801630166450457
ENSG00000160818,54865,GPATCH4,-0.476247524795467
ENSG00000149084,51144,HSD17B12,-0.2569271907271401
,,LOC257396,0.5905560498084613
ENSG00000113522,10111,RAD50,0.3259431098288985
ENSG00000166313,322,APBB1,-0.4905861282205624
ENSG00000291181,654466,FGF7P3,0.6534330366396983
ENSG00000156711,5603,MAPK13,-0.3501314729985972
ENSG00000099817,5434,POLR2E,-0.2965103586427057
ENSG00000162300,7542,ZFPL1,0.5264532321961116
ENSG00000127191,7186,TRAF2,-0.5682494118431387
ENSG00000182195,23641,LDOC1,0.5380473752023447
ENSG00000164631,7559,ZNF12,-0.4383831562093789
ENSG00000085788,23259,DDHD2,0.5352846031910857
ENSG00000127824,7277,TUBA4A,0.4174725839221555
ENSG00000169297,190,NR0B1,0.6381626614089627
ENSG00000152527,130271,PLEKHH2,0.3965185125328425
ENSG00000198270,89894,TMEM116,0.4370942872830407
ENSG00000177283,8325,FZD8,-0.6615256786618231
ENSG00000050130,51528,JKAMP,0.2266336413311218
ENSG00000102804,8848,TSC22D1,0.2072262500579291
ENSG00000156958,2585,GALK2,-0.5397626045116626
ENSG00000115548,55818,KDM3A,0.6565428536737341
ENSG00000132591,26284,ERAL1,-0.1646140166992656
ENSG00000178234,63917,GALNT11,0.5750116083453104
ENSG00000103202,4833,NME4,-0.3785118396188181
ENSG00000105849,221830,POLR1F,-0.1840059344023327
ENSG00000114383,11334,TUSC2,-0.5075343968635322
ENSG00000243927,64968,MRPS6,-0.2652207602601186
ENSG00000291080,286101,ZNF252P,-0.4407440402769209
ENSG00000284260,80230,RUFY1,-0.5472298702286797
ENSG00000166927,58475,MS4A7,-0.5108296743999048
ENSG00000157014,9797,TATDN2,0.6053360765419126
ENSG00000130772,54797,MED18,0.6765260190844129
ENSG00000165240,538,ATP7A,-0.5572898045998232
ENSG00000143157,57645,POGK,0.4366475457906671
ENSG00000166192,123228,SENP8,-0.3708739727218532
ENSG00000213523,10011,SRA1,0.3123749693394115
ENSG00000038427,1462,VCAN,0.166529549759082
ENSG00000103005,79650,USB1,0.5905375490514249
ENSG00000068097,63897,HEATR6,-0.3850548207663661
ENSG00000173011,93624,TADA2B,-0.5095540187739538
ENSG00000270647,8148,TAF15,-0.6950348052015465
ENSG00000140459,1583,CYP11A1,-0.1679830330935924
ENSG00000066427,4287,ATXN3,-0.2862027115421744
ENSG00000146278,10957,PNRC1,0.2136313736664884
ENSG00000143106,5686,PSMA5,0.1039139386568056
ENSG00000106853,22949,PTGR1,-0.2563025644291904
ENSG00000174851,10897,YIF1A,0.2364719740754592
ENSG00000164022,9255,AIMP1,0.1684935986069812
ENSG00000147533,51125,GOLGA7,0.2125991988890255
ENSG00000177105,391,RHOG,0.390026302745319
ENSG00000198839,11179,ZNF277,0.2355542157164105
ENSG00000102230,9468,PCYT1B,0.5002124630024269
ENSG00000143353,127018,LYPLAL1,0.2487425572710319
ENSG00000175087,149420,PDIK1L,-0.6907984565725458
ENSG00000116717,1647,GADD45A,-0.5521244569307008
ENSG00000122376,54537,SHLD2,0.5641398599177013
ENSG00000134504,284252,KCTD1,0.7019685822770321
ENSG00000213619,4722,NDUFS3,-0.2736813902857615
ENSG00000111358,2967,GTF2H3,-0.3972310451392791
ENSG00000213231,9623,TCL1B,0.405406536402097
ENSG00000134851,55858,TMEM165,0.4517856028279736
ENSG00000151881,64417,TMEM267,0.3830687812649417
ENSG00000103404,57478,USP31,-0.5149922613148594
ENSG00000084623,8668,EIF3I,0.0958602549311891
ENSG00000103966,30844,EHD4,0.7337085471938221
ENSG00000130810,56342,PPAN,-0.7214547746432718
ENSG00000159200,1827,RCAN1,0.5051196751506358
ENSG00000169692,10555,AGPAT2,-0.670707588580085
ENSG00000149313,60496,AASDHPPT,-0.176285029744985
ENSG00000117143,6675,UAP1,0.4170230379460802
ENSG00000136152,83548,COG3,0.7489300586456787
ENSG00000205544,254863,TMEM256,-0.1277347021075156
ENSG00000068745,51447,IP6K2,-0.2366471635809951
ENSG00000146243,134728,IRAK1BP1,-0.5807569331079856
ENSG00000162430,57190,SELENON,0.8451309088225358
ENSG00000088543,51161,C3orf18,0.6729256785946657
ENSG00000126264,10870,HCST,-0.6573606952612793
ENSG00000166833,89797,NAV2,-0.4150038961279738
ENSG00000160199,5316,PKNOX1,-0.4660881637718181
ENSG00000124523,23408,SIRT5,-0.4565600813476294
ENSG00000072954,79041,TMEM38A,-0.701158465849709
ENSG00000078018,4133,MAP2,0.3545997039390124
ENSG00000057663,9474,ATG5,0.3891057506201057
ENSG00000122641,3624,INHBA,0.3202375571458903
ENSG00000276615,3792,KEL,-0.7050404552867716
ENSG00000242114,51537,MTFP1,-0.539436474248698
ENSG00000107679,59338,PLEKHA1,0.4178336413141594
ENSG00000171150,9655,SOCS5,0.3955331782930653
ENSG00000155959,7411,VBP1,0.1665697743099144
ENSG00000164104,3148,HMGB2,0.20878024059839
ENSG00000244754,10443,N4BP2L2,0.1888623593844335
ENSG00000141556,6904,TBCD,-0.4720710269449258
ENSG00000167555,84436,ZNF528,0.4734820667126465
ENSG00000110700,6207,RPS13,0.104847666222536
ENSG00000151148,89910,UBE3B,-0.3810620208340448
ENSG00000267855,4701,NDUFA7,0.1185735136155546
ENSG00000166250,79827,CLMP,0.6265570693057954
ENSG00000139343,6636,SNRPF,-0.1152993995749911
ENSG00000140575,8826,IQGAP1,0.2759560926862903
ENSG00000136003,23479,ISCU,-0.2513539091091628
ENSG00000104147,11339,OIP5,-0.5866982772319576
ENSG00000225973,101928527,PIGBOS1,0.2472463118367973
ENSG00000138829,2201,FBN2,-0.3759127247864046
ENSG00000108384,5889,RAD51C,0.1960498900198166
ENSG00000162545,55450,CAMK2N1,0.4328955214956922
ENSG00000146674,3486,IGFBP3,-0.5551983090509105
ENSG00000198597,9745,ZNF536,0.5460271110900037
ENSG00000123338,3071,NCKAP1L,-0.4968432194507987
ENSG00000116209,9528,TMEM59,0.1328408500019782
ENSG00000188060,115273,RAB42,0.7136795453435794
,574036,SERTAD4-AS1,0.827042819999854
ENSG00000064490,8625,RFXANK,-0.2837361877025229
ENSG00000065000,8943,AP3D1,0.4790603512190536
ENSG00000132906,842,CASP9,0.6568553451964004
ENSG00000136213,55501,CHST12,-0.6301489676923323
ENSG00000141034,79018,GID4,-0.6311148523669077
ENSG00000167699,51031,GLOD4,0.1894011405929763
ENSG00000124575,3007,H1-3,-0.3805267004240458
ENSG00000004776,126393,HSPB6,0.5669806284117451
ENSG00000291488,3680,ITGA9,-0.4491414694435918
ENSG00000135838,80896,NPL,0.5082459545447344
ENSG00000160299,5116,PCNT,-0.6576852786767347
ENSG00000171033,5569,PKIA,0.6985433484979848
ENSG00000163902,6184,RPN1,0.210149443513403
ENSG00000134575,53,ACP2,-0.4097959708046242
ENSG00000196365,9361,LONP1,0.5476389686910116
ENSG00000165416,10910,SUGT1,-0.1977680296719585
ENSG00000092931,79157,MFSD11,-0.4470637489290813
ENSG00000138380,79800,CARF,0.7423447741689005
ENSG00000109586,51809,GALNT7,0.6516942041592059
ENSG00000125445,51081,MRPS7,0.1301289523183346
ENSG00000114544,54946,SLC41A3,-0.2639531579208765
ENSG00000163624,1040,CDS1,0.6937686628952388
ENSG00000285482,8694,DGAT1,0.5665556097440416
ENSG00000064933,5378,PMS1,-0.3961444802206443
ENSG00000165630,8559,PRPF18,0.4104387679443639
ENSG00000082146,55437,STRADB,0.5063205320328431
ENSG00000108622,3384,ICAM2,-0.4704685693029162
ENSG00000005059,55013,MCUB,0.6228973084293934
ENSG00000154518,518,ATP5MC3,-0.1305701463284645
ENSG00000224841,5863,RGL2,-0.5557979857107987
,,UBA6-AS1,-0.509573433624649
ENSG00000151276,9223,MAGI1,0.6908996122010331
ENSG00000080824,3320,HSP90AA1,0.105089464139652
ENSG00000171603,22883,CLSTN1,0.4210829958944166
ENSG00000065485,10954,PDIA5,-0.4639516473424557
ENSG00000156675,80223,RAB11FIP1,-0.3385447908639079
ENSG00000135966,9392,TGFBRAP1,0.682388234655451
ENSG00000101337,9777,TM9SF4,0.2875673846869213
ENSG00000117691,29937,NENF,-0.3602296247103881
ENSG00000233348,7917,BAG6,0.3972077186621122
ENSG00000170955,112464,CAVIN3,0.3440149517201681
ENSG00000163006,165055,CCDC138,-0.591424543940451
ENSG00000222041,112597,CYTOR,0.3393793788726272
ENSG00000129422,57509,MTUS1,0.270619311674683
ENSG00000100575,26520,TIMM9,-0.190181065833518
ENSG00000186283,64222,TOR3A,0.4183184224124715
ENSG00000114744,51122,COMMD2,0.2219715393218852
ENSG00000078596,9452,ITM2A,0.2930873345021931
ENSG00000084774,790,CAD,0.6647100824389016
ENSG00000213934,3047,HBG1,0.2144511739371001
ENSG00000065526,23013,SPEN,0.5684491950931727
ENSG00000254004,339324,ZNF260,-0.2846175002368792
ENSG00000113790,1962,EHHADH,0.6649651591712048
ENSG00000165055,55798,METTL2B,-0.4061760815709209
ENSG00000101076,3172,HNF4A,-0.7458916450883347
ENSG00000094880,8697,CDC23,0.2590604504717335
ENSG00000126107,79654,HECTD3,0.5018829992183154
ENSG00000142945,11004,KIF2C,-0.3476915492186965
ENSG00000196865,374354,NHLRC2,0.3263486571731661
ENSG00000107897,91452,ACBD5,0.5839635500228113
ENSG00000171634,2186,BPTF,0.3006196279629547
ENSG00000198815,22887,FOXJ3,-0.3754298426740848
ENSG00000108506,57508,INTS2,-0.4628229042169661
ENSG00000105197,92609,TIMM50,-0.2423945639211379
,,FAM207A,-0.4954501068059649
ENSG00000130222,10912,GADD45G,0.3465784334391956
ENSG00000198142,65124,SOWAHC,-0.424726496972282
ENSG00000108510,9969,MED13,0.2645705987433797
ENSG00000163879,7802,DNALI1,-0.2937362697200169
ENSG00000080822,56650,CLDND1,0.1978484596079516
ENSG00000100142,5435,POLR2F,-0.1370525118131027
ENSG00000206513,10537,UBD,-1.169073069056168
ENSG00000106789,7464,CORO2A,0.3693378181761495
ENSG00000117751,5511,PPP1R8,0.2933765755170046
ENSG00000146409,116843,SLC18B1,0.5888203833033923
ENSG00000173545,90441,ZNF622,-0.4694786908571135
ENSG00000151835,26278,SACS,0.3761538062113798
ENSG00000119326,8727,CTNNAL1,0.2207477574427953
ENSG00000206289,6257,RXRB,0.5392880462235421
ENSG00000151500,29087,THYN1,0.1422240782922064
ENSG00000012061,2067,ERCC1,-0.2574515320662798
ENSG00000120733,51780,KDM3B,0.3660415466379149
ENSG00000100228,9609,RAB36,0.6922981895724692
ENSG00000246067,100506233,RAB30-DT,0.4593066946531475
ENSG00000161203,1173,AP2M1,0.1867555208011638
ENSG00000165389,171546,SPTSSA,-0.2021071391150277
ENSG00000291128,342,APOC1P1,0.5123693702711676
ENSG00000163166,55677,IWS1,0.3988481555450921
ENSG00000196323,29068,ZBTB44,0.2608693615287373
ENSG00000131779,8799,PEX11B,0.2180122565934506
ENSG00000075391,9462,RASAL2,0.568109652117714
ENSG00000065361,2065,ERBB3,0.295012341438807
ENSG00000170322,4798,NFRKB,0.5724380863686526
ENSG00000095209,55151,TMEM38B,0.3062778952767758
ENSG00000167333,55128,TRIM68,0.3245962712480861
ENSG00000243279,11230,PRAF2,0.3121590019704539
ENSG00000173465,10534,ZNRD2,-0.3002043990564575
ENSG00000120708,7045,TGFBI,0.2385418379391407
ENSG00000057757,57095,PITHD1,-0.3863603097290464
ENSG00000168389,84879,MFSD2A,0.6362944307379288
ENSG00000135945,51455,REV1,-0.5978990844768101
ENSG00000056050,54969,HPF1,-0.2955911928385404
ENSG00000101574,64863,METTL4,0.4947333043230521
ENSG00000147669,5440,POLR2K,0.1109402496264358
ENSG00000143751,163859,SDE2,0.4751291339835807
ENSG00000178999,9212,AURKB,-0.328533214831827
ENSG00000122862,5552,SRGN,-0.25273839496617
ENSG00000185201,10581,IFITM2,0.1018317305658444
ENSG00000083520,22894,DIS3,0.3784674775742901
ENSG00000182149,9798,IST1,0.1257214173795803
ENSG00000137409,23787,MTCH1,0.2140280918729174
ENSG00000112992,23530,NNT,0.3374879021337719
ENSG00000167930,83986,FAM234A,-0.3369362077900737
ENSG00000073614,5927,KDM5A,0.2654363546929462
ENSG00000162366,10158,PDZK1IP1,-0.691528752789928
ENSG00000108828,10493,VAT1,0.184041665585648
ENSG00000169744,9079,LDB2,0.2816732240527686
ENSG00000174446,10302,SNAPC5,0.2445224829693243
ENSG00000136754,10006,ABI1,0.2460990173861825
ENSG00000172270,682,BSG,-0.2325580121703668
ENSG00000146540,84310,C7orf50,-0.3342484431146608
ENSG00000118246,22868,FASTKD2,0.2179893812841564
ENSG00000160932,4061,LY6E,-0.2974225964251442
ENSG00000134986,9315,NREP,-0.1115245758734297
ENSG00000125841,80023,NRSN2,0.5160883169319059
ENSG00000172465,9338,TCEAL1,0.2790112053535252
ENSG00000267106,284385,ZNF561-AS1,0.5189314998452863
ENSG00000136052,84102,SLC41A2,-0.5507951579903235
ENSG00000182173,283989,TSEN54,0.4554818590015259
ENSG00000118600,10329,RXYLT1,0.4786130675409866
ENSG00000126351,7067,THRA,-0.4189825391267627
ENSG00000123124,11059,WWP1,0.3549791931562465
ENSG00000005194,57019,CIAPIN1,0.1670161876806298
ENSG00000073792,10644,IGF2BP2,0.4418677498265798
ENSG00000198056,5557,PRIM1,-0.2522878491938633
ENSG00000174799,9662,CEP135,-0.6070313263015087
ENSG00000107872,79176,FBXL15,-0.2671146957108484
ENSG00000032742,8100,IFT88,-0.3996655138171058
ENSG00000136146,29079,MED4,0.1786102571325958
ENSG00000177700,5441,POLR2L,-0.1997941280017786
ENSG00000188191,5575,PRKAR1B,-0.5259351901904932
ENSG00000018699,55622,TTC27,0.3443814431049594
ENSG00000196967,199704,ZNF585A,0.2036151129274198
ENSG00000243147,9553,MRPL33,0.1130061711317999
ENSG00000173530,8793,TNFRSF10D,0.6325006424339048
ENSG00000138495,10063,COX17,0.1382689892728796
ENSG00000133216,2048,EPHB2,-0.5431525891588288
ENSG00000169609,123207,C15orf40,-0.2584968247883368
ENSG00000281813,23522,KAT6B,0.3483241519007914
ENSG00000171302,124583,CANT1,-0.4080678686175009
ENSG00000102158,84061,MAGT1,0.2707370780857757
,,MPP6,-0.2594758316473338
ENSG00000174136,285704,RGMB,-0.5502368123054026
ENSG00000102048,140462,ASB9,-0.615939659883245
ENSG00000196636,57001,SDHAF3,-0.1956307902404788
ENSG00000134013,4017,LOXL2,0.4074608234370637
,3653,IPW,-0.6012904343421901
ENSG00000138398,9360,PPIG,0.1692242839588269
ENSG00000140941,81631,MAP1LC3B,0.2851381527874065
ENSG00000187800,375033,PEAR1,-0.6271516170943843
ENSG00000266916,101927720,ZNF793-AS1,0.5533992297722026
ENSG00000119979,404636,DENND10,0.3439689428311104
ENSG00000206560,23243,ANKRD28,-0.4275879283597287
ENSG00000108641,27077,B9D1,0.3158605705125366
ENSG00000187479,387763,C11orf96,-0.6910024775070202
ENSG00000130177,8881,CDC16,0.2981721190493347
ENSG00000232280,10211,FLOT1,0.3048110848373091
ENSG00000122203,57179,KIAA1191,0.1914246768823592
ENSG00000135698,10200,MPHOSPH6,0.2143184330281714
ENSG00000166012,79101,TAF1D,0.1805698908705544
ENSG00000196683,54543,TOMM7,0.1260695176745856
ENSG00000113621,79770,TXNDC15,-0.3241030262660133
ENSG00000079739,5236,PGM1,-0.3246261237522966
ENSG00000138772,306,ANXA3,0.3805389590265631
ENSG00000052795,57600,FNIP2,0.4245934891111327
ENSG00000114867,1981,EIF4G1,0.6524013506397934
ENSG00000172247,114900,C1QTNF4,-0.4116796645646353
ENSG00000126934,5605,MAP2K2,0.4668971204585585
ENSG00000105372,6223,RPS19,0.0560521134169574
ENSG00000108448,147166,TRIM16L,0.3655773406398315
ENSG00000107175,10488,CREB3,0.3101628385610498
ENSG00000151746,636,BICD1,0.4548873783495116
ENSG00000186625,11104,KATNA1,0.3692085803603317
ENSG00000176171,664,BNIP3,0.294242569419187
ENSG00000188419,1121,CHM,0.3832928505868241
ENSG00000198692,9086,EIF1AY,0.1493349580032332
ENSG00000149474,57325,KAT14,0.5085516826698276
ENSG00000139636,55716,LMBR1L,0.3499434252335047
ENSG00000204628,10399,RACK1,0.106530816853853
ENSG00000163923,116832,RPL39L,-0.3818736775156903
ENSG00000163605,151987,PPP4R2,0.2507758068670094
ENSG00000116731,7799,PRDM2,-0.5515330646643033
ENSG00000130396,4301,AFDN,-0.4059391261291285
ENSG00000293514,253039,CUTALP,0.3678473365951749
ENSG00000204843,1639,DCTN1,0.3203831696340187
ENSG00000050393,63933,MCUR1,0.5739619793432639
ENSG00000163481,64320,RNF25,0.5876994337091695
ENSG00000110799,7450,VWF,-0.5659988617198862
ENSG00000132676,7818,DAP3,0.1238914770299186
ENSG00000164508,221613,H2AC1,-0.5476144776751385
ENSG00000164172,4338,MOCS2,-0.184390934723547
ENSG00000174738,9975,NR1D2,0.3452996070452372
ENSG00000163002,129401,NUP35,0.2509651331335379
ENSG00000092201,11198,SUPT16H,0.1932842808040928
ENSG00000159199,516,ATP5MC1,0.1269542674831634
ENSG00000071462,114049,BUD23,-0.2337107969273355
ENSG00000075945,22920,KIFAP3,0.2325601175127029
ENSG00000196220,9901,SRGAP3,-0.5745398073773383
ENSG00000137267,7280,TUBB2A,0.4256914661104953
ENSG00000077684,79960,JADE1,-0.3528627224507226
ENSG00000149218,23052,ENDOD1,-0.2164978997610568
ENSG00000137494,338699,ANKRD42,0.5670789612008101
ENSG00000134146,89978,DPH6,0.3227405624205997
ENSG00000115677,3069,HDLBP,0.2243966620449594
ENSG00000166272,54838,WBP1L,-0.2767709323455385
ENSG00000130005,2593,GAMT,-0.4850553036133314
ENSG00000015479,9782,MATR3,0.1070280944384173
ENSG00000170017,214,ALCAM,0.3718329454414705
ENSG00000151332,51562,MBIP,0.226118634605393
ENSG00000165264,4712,NDUFB6,-0.0795908596447307
ENSG00000100519,5706,PSMC6,0.1078700367718062
ENSG00000144118,5899,RALB,0.2418877563034298
ENSG00000197713,6120,RPE,0.2576278955036755
ENSG00000055332,5610,EIF2AK2,0.3323685022557876
ENSG00000097046,8317,CDC7,0.3895038798868818
ENSG00000233076,23564,DDAH2,-0.3021012615053166
ENSG00000234616,8629,JRK,0.5293539113050084
ENSG00000224020,100379345,MIR181A2HG,0.6127834100007753
ENSG00000109065,26151,NAT9,0.5922972714701289
ENSG00000131013,85313,PPIL4,0.2096329898302565
ENSG00000136715,79595,SAP130,-0.4866135247531706
ENSG00000123989,79586,CHPF,0.4244105761486071
ENSG00000197111,5094,PCBP2,0.1181875895860953
ENSG00000166848,54386,TERF2IP,0.2944152632878461
ENSG00000148848,8038,ADAM12,0.6745230573240623
ENSG00000144233,83607,AMMECR1L,0.4437084051273708
ENSG00000182985,23705,CADM1,-0.1882873165942304
ENSG00000108100,219771,CCNY,-0.2898804723613227
ENSG00000158636,56946,EMSY,0.415401013336964
ENSG00000105438,10945,KDELR1,0.2821990514863249
ENSG00000114738,7867,MAPKAPK3,0.3045179922251269
ENSG00000088356,81572,PDRG1,0.1519234391886977
ENSG00000205060,84912,SLC35B4,0.2623050483920959
ENSG00000124571,57510,XPO5,0.3841188941790237
ENSG00000141279,9520,NPEPPS,-0.2885386780986544
ENSG00000106070,2887,GRB10,0.6318964543998722
ENSG00000070778,11099,PTPN21,-0.4241789282226004
ENSG00000131558,60412,EXOC4,0.2401190061074687
ENSG00000167110,2801,GOLGA2,0.5362561570683523
ENSG00000068001,8692,HYAL2,-0.4258605566014792
ENSG00000141682,5366,PMAIP1,0.4592082079933954
ENSG00000184860,93517,SDR42E1,0.4763247838332288
ENSG00000137106,9380,GRHPR,-0.2000110547639017
ENSG00000165030,4783,NFIL3,0.6088608997960973
ENSG00000292215,10245,TIMM17B,-0.2300997626789938
ENSG00000198874,55253,TYW1,0.3990481885305406
ENSG00000085511,4216,MAP3K4,0.4727957747124748
ENSG00000065135,2773,GNAI3,-0.1528541151034354
ENSG00000130208,341,APOC1,0.1567853977125848
ENSG00000070214,23446,SLC44A1,-0.273634703574631
ENSG00000107105,1993,ELAVL2,-0.497450017346395
ENSG00000284889,5721,PSME2,0.1341659550997615
ENSG00000184575,11260,XPOT,0.3280501624404814
ENSG00000160213,1476,CSTB,0.2533789967944815
ENSG00000163219,9938,ARHGAP25,0.6343875640510278
ENSG00000240230,90639,COX19,0.4928124362893556
ENSG00000143845,55224,ETNK2,-0.3797874341262433
ENSG00000115541,3336,HSPE1,-0.0944198932241476
ENSG00000167118,81605,URM1,0.4723313544546684
ENSG00000275323,6203,RPS9,-0.2782099758850151
ENSG00000132953,64328,XPO4,-0.6336810005222272
ENSG00000149150,8501,SLC43A1,0.5919195694042539
ENSG00000275482,2051,EPHB6,-0.6709156370244271
ENSG00000141540,94015,TTYH2,0.452758491038971
ENSG00000112149,9308,CD83,0.4039349152105106
ENSG00000126247,826,CAPNS1,-0.2009320658720713
ENSG00000117640,56181,MTFR1L,0.2162719681128615
ENSG00000126003,5326,PLAGL2,0.5192007452706886
ENSG00000152464,10557,RPP38,0.2707347786944565
ENSG00000109320,4790,NFKB1,0.4423361218029876
ENSG00000158526,90121,TSR2,-0.2823602235368078
ENSG00000095564,9044,BTAF1,0.5029857554749677
ENSG00000136932,51531,TRMO,0.3432551597590132
ENSG00000127481,23352,UBR4,-0.3003948248425271
ENSG00000189180,7581,ZNF33A,0.3098111519147301
ENSG00000165322,94134,ARHGAP12,0.416538308276999
ENSG00000163510,57703,CWC22,0.2962816261176486
ENSG00000166068,161742,SPRED1,0.2734320046888358
ENSG00000108861,1845,DUSP3,0.2839894667198802
ENSG00000168032,956,ENTPD3,0.6526514844318859
ENSG00000134954,2113,ETS1,-0.3061681999740404
ENSG00000198814,2710,GK,-0.5663346207129972
ENSG00000053747,3909,LAMA3,0.7259974095771285
ENSG00000158411,129531,MITD1,-0.3063826663603599
ENSG00000227057,9277,WDR46,0.4156912079093976
ENSG00000196419,2547,XRCC6,0.1132340582877932
ENSG00000213762,7693,ZNF134,0.3936789572295638
ENSG00000066322,64834,ELOVL1,-0.2476333428938672
ENSG00000139083,2120,ETV6,-0.4433831464830333
ENSG00000291063,107984974,LOC107984974,0.154342125896848
ENSG00000283293,125050,RN7SK,-0.3976794731282606
ENSG00000205937,10921,RNPS1,-0.2277736255874084
ENSG00000143553,23557,SNAPIN,-0.2168729285890201
ENSG00000229300,50854,SNHG32,-0.2643526188083942
ENSG00000176105,7525,YES1,0.2755652912696044
ENSG00000127993,84060,RBM48,0.2832676693114853
ENSG00000156052,2776,GNAQ,0.2525159372019676
ENSG00000211456,22908,SACM1L,0.302158916787097
ENSG00000128928,3712,IVD,-0.3177156199519853
ENSG00000274221,6348,CCL3,-0.4793454915242781
ENSG00000121552,1475,CSTA,0.5955101056333074
ENSG00000132153,22907,DHX30,-0.2661691894873699
ENSG00000263160,757,TMEM50B,-0.2246399007794493
ENSG00000161048,222236,NAPEPLD,-0.2754840163897809
,,C12orf29,0.3125586690589115
ENSG00000121879,5290,PIK3CA,0.3918355667214315
ENSG00000158195,10163,WASF2,0.2244184380866434
ENSG00000257267,10778,ZNF271P,0.2040361562367901
ENSG00000120594,84898,PLXDC2,-0.2613307926767932
ENSG00000151914,667,DST,0.3931517628556745
ENSG00000120333,63931,MRPS14,0.1274465772057656
ENSG00000120727,51247,PAIP2,-0.1835128638721122
ENSG00000145782,9140,ATG12,-0.161714886863296
ENSG00000147894,203228,C9orf72,0.4105395548223349
ENSG00000055483,57602,USP36,0.5529271861717775
ENSG00000177981,140461,ASB8,-0.1999724646612923
ENSG00000288257,64220,STRA6,-0.635846214217946
ENSG00000158006,5051,PAFAH2,0.3152531090885517
ENSG00000008256,9265,CYTH3,0.7107107117275916
ENSG00000152457,64421,DCLRE1C,-0.4445605049409643
ENSG00000088970,55857,KIZ,0.4926532796502642
ENSG00000117450,5052,PRDX1,-0.1382233741115146
ENSG00000248098,593,BCKDHA,0.3399703529949666
ENSG00000167378,126298,IRGQ,-0.2875138157000237
ENSG00000160285,4047,LSS,-0.4608276324644362
ENSG00000162813,10380,BPNT1,-0.4797384811008092
ENSG00000108515,2027,ENO3,0.4874317280560345
ENSG00000031003,51306,FAM13B,-0.3392794389075467
ENSG00000100347,25813,SAMM50,0.1661652712123269
ENSG00000143569,9898,UBAP2L,0.2294366029844859
ENSG00000143493,25896,INTS7,0.3470546327778859
ENSG00000144366,51454,GULP1,0.4903663867371339
ENSG00000152049,23704,KCNE4,-0.6136810618061315
,653162,RPSAP9,-0.4024234389912399
ENSG00000114107,80321,CEP70,-0.3862040566033935
ENSG00000079387,29843,SENP1,0.3897848568985797
ENSG00000077721,7319,UBE2A,0.237677759166095
ENSG00000280563,64359,NXN,-0.606585501593317
ENSG00000115524,23451,SF3B1,0.1280694484334969
ENSG00000157741,254048,UBN2,-0.390779117128342
ENSG00000071994,5134,PDCD2,0.36723941566355
ENSG00000232312,7918,GPANK1,-0.4388239593574856
ENSG00000116670,10459,MAD2L2,-0.3782732831379212
ENSG00000110200,25906,ANAPC15,0.2269285969089466
ENSG00000100211,25776,CBY1,0.2196024034296957
ENSG00000165915,91252,SLC39A13,-0.527772476335092
ENSG00000176142,55254,TMEM39A,0.2559316676856005
ENSG00000187824,388335,TMEM220,-0.3932963685604496
ENSG00000087074,23645,PPP1R15A,0.6410628299245905
ENSG00000198863,146923,RUNDC1,0.4884095988655847
ENSG00000109472,1363,CPE,0.2322396077226056
ENSG00000189046,121642,ALKBH2,-0.3559703495610015
ENSG00000169255,8706,B3GALNT1,0.3429939760830964
ENSG00000114200,590,BCHE,0.2270142141779319
ENSG00000001036,2519,FUCA2,0.3147917540404974
ENSG00000197465,2996,GYPE,0.4371157058834388
ENSG00000134049,51124,IER3IP1,0.1170741652279587
ENSG00000134686,1912,PHC2,0.3471659913691298
ENSG00000167642,10653,SPINT2,-0.2302764784509368
ENSG00000185475,374395,TMEM179B,-0.1586922917616896
ENSG00000197323,51592,TRIM33,0.3317073903774538
ENSG00000106397,8985,PLOD3,0.4595188174437672
ENSG00000116199,9917,FAM20B,-0.5238070144822212
ENSG00000185236,9230,RAB11B,0.636216871934519
ENSG00000144848,64422,ATG3,0.1566356661814075
ENSG00000109846,1410,CRYAB,0.2927999173499082
ENSG00000143889,92906,HNRNPLL,-0.3220456078992418
ENSG00000170906,4696,NDUFA3,-0.0957483070068345
ENSG00000123091,26994,RNF11,0.2540352123022663
ENSG00000078140,3093,UBE2K,-0.2738742320630872
ENSG00000236287,58486,ZBED5,0.2988122506560489
ENSG00000171467,24149,ZNF318,-0.5835371019656027
ENSG00000169740,7580,ZNF32,0.2019286274075553
ENSG00000105810,1021,CDK6,-0.2755905738168193
,,TTC37,-0.2563422300329039
ENSG00000145050,7873,MANF,-0.2837959066231351
ENSG00000015475,637,BID,0.3634091896629877
ENSG00000184304,5587,PRKD1,-0.3456079977214832
ENSG00000155508,9337,CNOT8,-0.3166683763289944
ENSG00000063177,6141,RPL18,-0.1703592822769423
ENSG00000198917,51490,SPOUT1,-0.5078988918436147
ENSG00000276291,,FRG1HP,0.4090519693421393
ENSG00000105373,29997,NOP53,-0.2860328367275063
ENSG00000136811,4957,ODF2,-0.3718611656693454
ENSG00000077348,56915,EXOSC5,-0.2589120590385397
ENSG00000130363,83861,RSPH3,-0.5117927405051564
ENSG00000103811,1512,CTSH,0.4754183714921858
ENSG00000243955,2938,GSTA1,0.0688051512819525
ENSG00000100285,4744,NEFH,0.4307750197487122
ENSG00000165152,84302,PGAP4,0.3738560265751617
ENSG00000172053,5859,QARS1,0.1083551684499672
ENSG00000164609,10569,SLU7,0.2053642519712116
ENSG00000100997,26090,ABHD12,0.5501889747724388
ENSG00000109381,1998,ELF2,-0.2746132772437201
ENSG00000139620,54934,KANSL2,0.2723947494825824
ENSG00000104643,66036,MTMR9,-0.3586296709002149
ENSG00000113448,5144,PDE4D,-0.525374138738303
ENSG00000154229,5578,PRKCA,-0.5062536693137201
ENSG00000257621,379025,PSMA3-AS1,-0.2432952170248749
ENSG00000081087,28962,OSTM1,-0.3443651576175487
ENSG00000152409,133746,JMY,-0.3857652807221827
ENSG00000141696,10609,P3H4,0.4651969483812003
ENSG00000283104,54938,SARS2,0.4900559179402637
ENSG00000102547,81617,CAB39L,0.5014593750546075
ENSG00000117868,57488,ESYT2,-0.4986475844528534
ENSG00000136169,83852,SETDB2,0.4651568004186271
ENSG00000162236,6811,STX5,-0.526928937911545
ENSG00000101266,1457,CSNK2A1,-0.1497155718796708
ENSG00000100393,2033,EP300,0.3187917827400706
ENSG00000185722,51479,ANKFY1,0.3458552056741701
ENSG00000171320,157570,ESCO2,-0.4737235797664225
ENSG00000177606,3725,JUN,-0.5552178413882561
ENSG00000087995,339175,METTL2A,-0.2902739044622621
ENSG00000240344,53938,PPIL3,0.1950036964920643
ENSG00000259673,100506686,IQCH-AS1,0.4996351649671881
ENSG00000155621,138241,C9orf85,-0.2961191661316316
ENSG00000184785,644538,SMIM10,-0.5514245665863752
ENSG00000040633,79142,PHF23,0.3173474920831255
ENSG00000162642,148423,C1orf52,0.3155239853646776
ENSG00000135775,22796,COG2,-0.2599386230842572
ENSG00000111725,5564,PRKAB1,0.410754052098689
ENSG00000288293,54862,CC2D1A,0.6159705524704125
ENSG00000158623,26958,COPG2,0.413758067734252
ENSG00000100417,5372,PMM1,0.2287514822862509
ENSG00000272391,100101267,POM121C,0.4928809376945621
ENSG00000197226,23061,TBC1D9B,-0.456407139290713
ENSG00000248008,100506668,NRAV,0.419244168954003
ENSG00000176393,6051,RNPEP,0.2880081385529232
ENSG00000163110,10611,PDLIM5,0.2561278766743246
ENSG00000182670,7267,TTC3,0.196370789646801
ENSG00000152422,7518,XRCC4,-0.3040125399721329
ENSG00000042813,11055,ZPBP,0.5776809513039453
ENSG00000120159,79886,CAAP1,0.4186783487778458
ENSG00000133114,55425,GPALPP1,-0.5352814185445522
ENSG00000167861,283987,HID1,0.4487428408090141
ENSG00000174547,65003,MRPL11,-0.2082916782608436
ENSG00000112394,117247,SLC16A10,-0.6139567120581718
ENSG00000112964,2690,GHR,-0.5804146374239506
ENSG00000143321,3068,HDGF,-0.3708385159591409
ENSG00000239305,7844,RNF103,-0.450700136025736
ENSG00000124783,6745,SSR1,0.1451648504173647
ENSG00000177854,8269,TMEM187,-0.4973340608534932
ENSG00000106537,27075,TSPAN13,0.2620277521699536
ENSG00000102805,1203,CLN5,-0.3316963015516634
ENSG00000109180,54940,OCIAD1,0.1305408631502422
ENSG00000168772,80319,CXXC4,-0.6094921862595796
ENSG00000233382,,NKAPP1,0.520556466506957
ENSG00000180914,5021,OXTR,0.4449562824126645
ENSG00000114698,57088,PLSCR4,-0.3910560824576446
ENSG00000227354,100505538,RBM26-AS1,0.6427540114835911
ENSG00000176087,113829,SLC35A4,0.2521159866943357
ENSG00000281484,10950,BTG3,0.3116612389511806
ENSG00000100612,51635,DHRS7,0.2809884116422049
ENSG00000187398,338645,LUZP2,-0.6032794207541351
ENSG00000013392,112611,RWDD2A,0.2936588825125639
ENSG00000100380,6767,ST13,0.0950670541409032
ENSG00000164647,26872,STEAP1,-0.2849786955727497
ENSG00000100554,51382,ATP6V1D,0.1487239965446663
ENSG00000173145,64318,NOC3L,0.2616557878603598
ENSG00000178966,80010,RMI1,-0.2675824379815887
ENSG00000105640,6142,RPL18A,-0.0761181066556119
ENSG00000005801,7748,ZNF195,0.3030171947196818
ENSG00000105552,587,BCAT2,-0.3678565128844638
ENSG00000075218,51512,GTSE1,-0.5573597447844597
ENSG00000198399,50618,ITSN2,0.4284436901279728
ENSG00000133138,54885,TBC1D8B,-0.6052519303478181
ENSG00000122359,311,ANXA11,0.3854396543449176
ENSG00000069493,29121,CLEC2D,-0.4286383253748197
ENSG00000214078,8904,CPNE1,-0.2047072099330366
ENSG00000178177,254251,LCORL,-0.3604072150246979
ENSG00000136875,9128,PRPF4,0.2197015337130124
ENSG00000118518,81847,RNF146,0.3206424954023086
ENSG00000121486,81627,TRMT1L,-0.3768743737146924
ENSG00000006118,54972,TMEM132A,0.3690278893014737
ENSG00000197223,10438,C1D,0.1719697890309054
ENSG00000120694,10808,HSPH1,0.2156127343906356
ENSG00000292225,55672,NBPF1,0.4471976954903492
ENSG00000177868,374969,SVBP,-0.1666797257667965
ENSG00000116984,4548,MTR,0.4617491708757166
ENSG00000131381,64145,RBSN,0.3718247474768871
ENSG00000160410,92799,SHKBP1,0.5751525834546974
ENSG00000119684,27030,MLH3,-0.3268803801265302
ENSG00000112343,10475,TRIM38,-0.3699707231728416
ENSG00000247498,100506314,GPRC5D-AS1,0.381593285717967
ENSG00000171659,2857,GPR34,0.3910647545926732
ENSG00000187513,2701,GJA4,-0.4816093741557039
ENSG00000167522,29123,ANKRD11,0.4685208369311958
ENSG00000129351,3609,ILF3,0.2160761161853569
ENSG00000119487,79109,MAPKAP1,-0.4044067345433717
ENSG00000249751,641700,ECSCR,-0.3797403395495318
ENSG00000182463,128553,TSHZ2,-0.2522004043741863
ENSG00000065413,91526,ANKRD44,-0.6007146809053953
ENSG00000000971,3075,CFH,0.3353893806942603
,100499467,LINC00673,0.5912613006741881
ENSG00000166197,9221,NOLC1,0.2314479497836524
ENSG00000160209,8566,PDXK,-0.2583978483479374
ENSG00000146083,22838,RNF44,-0.5042064560578688
ENSG00000139370,121260,SLC15A4,-0.3224195307260299
ENSG00000136891,54881,TEX10,0.2283701920855797
,,ZADH2,-0.3713172580651155
ENSG00000095059,1725,DHPS,0.21950941103636
ENSG00000132773,114034,TOE1,-0.4144740403876363
ENSG00000060138,8531,YBX3,0.3471943181243914
ENSG00000148516,6935,ZEB1,-0.3985255369900508
ENSG00000165572,89890,KBTBD6,-0.2882934040547192
ENSG00000144306,79634,SCRN3,0.5430318618400636
ENSG00000197417,23729,SHPK,0.4024447487481718
ENSG00000068366,2182,ACSL4,-0.2107802772878153
ENSG00000115657,10058,ABCB6,0.3509507892820227
ENSG00000071205,79658,ARHGAP10,-0.5118863935103061
ENSG00000284753,110599564,EEF1AKMT4,0.3409249164245407
ENSG00000008838,9862,MED24,-0.5687165843774917
ENSG00000164182,91942,NDUFAF2,-0.1444321687667336
ENSG00000130202,5819,NECTIN2,-0.4203261922900657
ENSG00000117592,9588,PRDX6,0.0613389350907505
ENSG00000163069,6443,SGCB,-0.2069661895742854
ENSG00000170677,9306,SOCS6,0.401089953719581
ENSG00000197124,91120,ZNF682,-0.4690212698346283
ENSG00000031081,57514,ARHGAP31,-0.5796825291786357
,,C16orf91,-0.4113109429736838
ENSG00000149554,1111,CHEK1,-0.2912802737239709
ENSG00000158290,8450,CUL4B,-0.1820780421643254
ENSG00000134452,84893,FBH1,0.4928730407850598
ENSG00000288114,2965,GTF2H1,0.295019379169166
ENSG00000125484,9329,GTF3C4,-0.2968971778559753
ENSG00000141644,4152,MBD1,-0.4563760782890018
ENSG00000197965,9019,MPZL1,-0.1433696737136765
,100462977,MTRNR2L1,0.5052917769723795
ENSG00000132382,10514,MYBBP1A,-0.8558136069755571
ENSG00000171208,81831,NETO2,0.4417026397900546
ENSG00000103024,4832,NME3,-0.4000217297334585
ENSG00000075651,5337,PLD1,0.3495845259255433
ENSG00000119414,5537,PPP6C,-0.1472231790043345
ENSG00000290993,132241,RPL32P3,0.4614112534810937
ENSG00000094975,51430,SUCO,-0.269476198875063
ENSG00000137574,96764,TGS1,0.3170592594061686
ENSG00000186501,84065,TMEM222,0.3555653982958045
ENSG00000072756,51095,TRNT1,0.2571665473541269
ENSG00000154743,80746,TSEN2,0.3828761382083563
ENSG00000198276,54963,UCKL1,-0.5540360304635008
ENSG00000153107,64682,ANAPC1,-0.4442863192314626
ENSG00000239865,79897,RPP21,-0.2759163775276868
ENSG00000072274,7037,TFRC,0.1936869768805058
ENSG00000176623,51115,RMDN1,0.2622268613905518
ENSG00000155465,9056,SLC7A7,0.2481585133940233
ENSG00000101367,22919,MAPRE1,0.1705310566698827
ENSG00000123739,81579,PLA2G12A,0.1725295262858261
ENSG00000100348,25828,TXN2,0.0962890274878631
ENSG00000120925,81790,RNF170,0.2509103965393897
ENSG00000274891,51112,TRAPPC12,0.4872809614212297
ENSG00000167491,54815,GATAD2A,-0.4005501466276496
ENSG00000077264,5063,PAK3,-0.4372437522071855
ENSG00000104853,1209,CLPTM1,0.4917943347972701
ENSG00000112514,51596,CUTA,0.1113593424412938
ENSG00000089916,55668,GPATCH2L,0.2658158840653654
ENSG00000150456,221143,EEF1AKMT1,0.2082222607440277
ENSG00000166938,115752,DIS3L,0.3171657927705195
ENSG00000153707,5789,PTPRD,0.2492581917441108
ENSG00000107745,10367,MICU1,0.1687246218648526
ENSG00000073584,6605,SMARCE1,-0.1509191777348707
ENSG00000147419,55246,CCDC25,-0.1708963537076397
ENSG00000115295,79745,CLIP4,0.4691352214966246
ENSG00000135341,6885,MAP3K7,0.3194353520014762
ENSG00000127948,5447,POR,-0.3241863484100312
ENSG00000149131,710,SERPING1,0.243709066477093
ENSG00000064313,6873,TAF2,-0.459992954535562
ENSG00000198680,286319,TUSC1,-0.5998980440626794
ENSG00000119392,2733,GLE1,-0.359999702152348
ENSG00000111639,51258,MRPL51,0.0748190227431375
ENSG00000186310,4675,NAP1L3,0.5781339980566622
ENSG00000149196,51501,HIKESHI,0.1476241564445403
ENSG00000122687,29960,MRM2,0.2579482404807565
ENSG00000215548,,FRG1JP,0.3154681928058826
ENSG00000198799,9860,LRIG2,-0.354348130912373
ENSG00000115289,84759,PCGF1,0.2542794720418569
ENSG00000112701,26054,SENP6,0.3373177658291498
ENSG00000152455,79723,SUV39H2,0.3675056464640781
ENSG00000172661,253725,WASHC2C,0.6042819108006936
ENSG00000018408,25937,WWTR1,0.2197483587380817
ENSG00000166478,7702,ZNF143,0.3236552605584069
ENSG00000076053,10179,RBM7,0.2069763833470741
ENSG00000129991,7137,TNNI3,0.2201818996507708
ENSG00000054116,27095,TRAPPC3,-0.2169060408711143
ENSG00000253352,55000,TUG1,0.2231345067074819
ENSG00000166669,80063,ATF7IP2,0.3779523361581837
ENSG00000143226,2212,FCGR2A,-0.5803254349076394
ENSG00000106462,2146,EZH2,-0.5269421318679374
ENSG00000102172,6611,SMS,0.1413318641088777
ENSG00000148335,28989,NTMT1,-0.2720493807665106
ENSG00000143256,5202,PFDN2,-0.271230521968598
ENSG00000106554,54927,CHCHD3,0.2522790726834465
ENSG00000164347,84340,GFM2,0.3069571246710076
ENSG00000095906,10101,NUBP2,-0.3013764933141632
ENSG00000103460,27324,TOX3,-0.5377857341007574
ENSG00000143951,51057,WDPCP,-0.5142069431088853
ENSG00000167981,146434,ZNF597,0.4296008048625648
ENSG00000174080,8722,CTSF,0.5871018322163533
ENSG00000137364,7172,TPMT,0.277437819943626
ENSG00000132849,10207,PATJ,-0.5422755362661145
ENSG00000029639,51106,TFB1M,0.218466782357672
ENSG00000103671,9325,TRIP4,0.4335251139568008
ENSG00000074319,7251,TSG101,0.1742065583073173
ENSG00000187608,9636,ISG15,0.4731869177491721
ENSG00000126947,51309,ARMCX1,0.289480482886696
ENSG00000164305,836,CASP3,0.4295829186828738
ENSG00000179085,54344,DPM3,-0.1702788731358598
ENSG00000040933,3631,INPP4A,-0.5243868483227817
ENSG00000011422,5329,PLAUR,-0.509121891614016
ENSG00000144741,115286,SLC25A26,0.1791782459210182
ENSG00000166002,56935,SMCO4,-0.3261820276630366
ENSG00000196357,147929,ZNF565,0.5658989432642635
ENSG00000163930,8314,BAP1,-0.3400448302671036
ENSG00000104325,1666,DECR1,0.0877220568121497
ENSG00000173914,83759,RBM4B,0.2373316121664767
ENSG00000188994,23036,ZNF292,0.242876772013102
ENSG00000259494,26589,MRPL46,0.1792631979662886
ENSG00000172339,199857,ALG14,-0.1730831628540712
ENSG00000196235,6829,SUPT5H,-0.3704273473566973
ENSG00000089220,5037,PEBP1,-0.2728592558211884
ENSG00000151617,1909,EDNRA,0.3413801047624745
ENSG00000196743,2760,GM2A,0.2101635166202093
ENSG00000172922,84153,RNASEH2C,-0.2477654262456372
ENSG00000166971,64400,AKTIP,0.4386923575925556
ENSG00000140379,597,BCL2A1,0.4257064242466579
ENSG00000120658,55068,ENOX1,-0.6782934255403352
ENSG00000056277,55609,ZNF280C,-0.6135713088603092
ENSG00000140455,9960,USP3,0.2566237793115475
ENSG00000196411,2050,EPHB4,0.4963399976986469
ENSG00000112893,4124,MAN2A1,-0.268586161584308
ENSG00000136950,81873,ARPC5L,0.2469483257585547
ENSG00000184708,56478,EIF4ENIF1,0.3752638557640594
ENSG00000166173,55323,LARP6,0.4757550653738819
ENSG00000171102,29989,OBP2B,0.4381898342162633
ENSG00000169562,2705,GJB1,-0.2945001744972834
ENSG00000166394,51700,CYB5R2,0.2250133526957983
ENSG00000091542,54890,ALKBH5,-0.2602626116447812
ENSG00000135297,25821,MTO1,0.2258843236836496
ENSG00000197756,6168,RPL37A,-0.1638531734570039
ENSG00000149932,124446,TMEM219,0.1906341268820407
ENSG00000111678,113246,C12orf57,0.1204031274965344
ENSG00000174456,400073,C12orf76,-0.5248185463178597
ENSG00000089327,53827,FXYD5,0.3937431652203226
ENSG00000169410,5780,PTPN9,0.3514002826798511
ENSG00000241388,283460,HNF1A-AS1,0.6033149912869341
ENSG00000070081,4925,NUCB2,-0.2030532100014372
ENSG00000237440,100129842,ZNF737,0.387831084142947
ENSG00000148690,118924,FRA10AC1,0.2771026487104774
ENSG00000184990,10572,SIVA1,-0.200915811897457
ENSG00000186660,80829,ZFP91,0.2297938151513959
ENSG00000256294,7768,ZNF225,0.5368595665135382
ENSG00000125810,22918,CD93,-0.2869378084221777
ENSG00000033327,9846,GAB2,-0.5600731180543299
ENSG00000132612,27183,VPS4A,-0.4373317460789538
ENSG00000178502,55175,KLHL11,-0.2871141947103178
ENSG00000175155,388403,YPEL2,-0.2852318452850192
ENSG00000161940,255877,BCL6B,-0.5102541715371443
ENSG00000154309,84976,DISP1,0.2814712694735047
ENSG00000136908,8818,DPM2,-0.3274137314115958
ENSG00000255302,23741,EID1,-0.1698638273734223
ENSG00000184731,642273,FAM110C,0.4448249969025108
ENSG00000102921,9683,N4BP1,0.4300774921768195
ENSG00000124789,9972,NUP153,-0.3474095393328761
ENSG00000084070,64744,SMAP2,0.4991511894193646
ENSG00000182957,221178,SPATA13,0.5226617846653971
ENSG00000114127,54464,XRN1,-0.3463943816067324
ENSG00000143498,9015,TAF1A,0.4529291879659823
ENSG00000142669,83442,SH3BGRL3,-0.1320097121681456
ENSG00000165997,221079,ARL5B,0.2503195448870091
ENSG00000172086,51315,KRCC1,-0.4297222514530474
ENSG00000157625,257397,TAB3,0.2806727086586015
,,ATP5MPL,0.0600496743526332
ENSG00000105953,4967,OGDH,0.5892462194991988
ENSG00000170855,51499,TRIAP1,0.1682252687250783
ENSG00000062194,65056,GPBP1,0.2065882166044479
ENSG00000116560,6421,SFPQ,-0.1997500003205924
ENSG00000100479,5427,POLE2,-0.5514988304689298
ENSG00000115594,3554,IL1R1,0.4516855916628343
ENSG00000150991,7316,UBC,0.0757589539037633
ENSG00000166037,9702,CEP57,0.2178190778732383
ENSG00000004478,2288,FKBP4,0.2995118320562555
ENSG00000162434,3716,JAK1,0.285037180144041
ENSG00000196569,3908,LAMA2,-0.334070626363052
ENSG00000178741,9377,COX5A,0.1731275209140712
ENSG00000213585,7416,VDAC1,0.1030723034681044
ENSG00000132846,84327,ZBED3,0.5150761685544325
,,FAM122B,0.3007040501664094
ENSG00000198794,192683,SCAMP5,0.5438350844597752
ENSG00000101400,6640,SNTA1,0.3961645003729712
ENSG00000069122,221395,ADGRF5,0.4816294049665142
ENSG00000122696,92014,SLC25A51,0.4813246196858042
ENSG00000165092,216,ALDH1A1,0.1021925547116767
ENSG00000158850,8703,B4GALT3,0.167396730237977
ENSG00000172840,57546,PDP2,0.5187871667176952
ENSG00000196655,51399,TRAPPC4,0.1153300544700444
ENSG00000116285,54206,ERRFI1,-0.5411821083701481
ENSG00000105568,5518,PPP2R1A,-0.1791477672277767
ENSG00000165916,5702,PSMC3,0.1381729997049258
ENSG00000064419,23534,TNPO3,0.3011968891083042
ENSG00000129480,112487,DTD2,-0.3822969002430008
ENSG00000136732,2995,GYPC,0.2952857515938984
ENSG00000157734,79856,SNX22,-0.3021744467992308
ENSG00000122545,989,SEPTIN7,0.100627792269921
ENSG00000162618,64123,ADGRL4,0.3305728979357116
ENSG00000224470,342371,ATXN1L,0.394662774130899
ENSG00000168040,8772,FADD,-0.3971755516235135
ENSG00000174013,200933,FBXO45,0.4340540630781026
ENSG00000124733,4201,MEA1,0.0976972398529821
ENSG00000052723,80143,SIKE1,-0.3162865969397174
ENSG00000123179,84650,EBPL,0.4676776776746965
ENSG00000172724,6363,CCL19,-0.927892953999848
ENSG00000164331,57763,ANKRA2,0.4248608474690497
ENSG00000161249,93099,DMKN,-0.4202258995844509
ENSG00000136167,3936,LCP1,0.2300700183850289
ENSG00000120451,399979,SNX19,0.3536301597314856
ENSG00000010256,7384,UQCRC1,0.1082246293361616
,,C9orf64,-0.4189213921513116
ENSG00000068796,3796,KIF2A,-0.2250031618307137
ENSG00000172915,26960,NBEA,0.4041235004304444
ENSG00000123353,29095,ORMDL2,-0.1348316126607785
ENSG00000125991,51614,ERGIC3,0.0598709902240209
ENSG00000123684,9926,LPGAT1,0.2854466507844763
ENSG00000110958,10728,PTGES3,0.1168571474552251
ENSG00000119673,10965,ACOT2,0.3675979841768335
ENSG00000169714,7555,CNBP,0.0721626756605705
ENSG00000151240,22982,DIP2C,0.346769367398359
ENSG00000105695,4099,MAG,0.4635512109294089
ENSG00000227315,4758,NEU1,0.2624042585471127
ENSG00000143870,10130,PDIA6,-0.236933433824118
ENSG00000100596,9517,SPTLC2,0.2802114088869048
ENSG00000213533,375346,STIMATE,0.5118578282586681
ENSG00000157570,90139,TSPAN18,0.5199111938437571
ENSG00000062716,81671,VMP1,0.1338014650815191
ENSG00000178386,7766,ZNF223,0.4371098209586802
ENSG00000198040,7637,ZNF84,0.2553669675977327
ENSG00000174839,201627,DENND6A,0.3669275678307648
ENSG00000134644,9698,PUM1,0.187298336021273
ENSG00000180340,2535,FZD2,-0.3622797536940782
ENSG00000106560,26157,GIMAP2,-0.4837662913309186
,,LOC108783654,0.4316241091146958
ENSG00000196497,79711,IPO4,0.5272893387088277
ENSG00000066777,10565,ARFGEF1,0.3158878058686939
ENSG00000153814,221895,JAZF1,0.3151206489550209
ENSG00000164933,81034,SLC25A32,0.3840439347067961
ENSG00000241839,80301,PLEKHO2,0.3923651091054356
ENSG00000198722,10497,UNC13B,0.4631236843965164
ENSG00000177189,6197,RPS6KA3,0.2856758809375118
ENSG00000138592,9101,USP8,0.2237422976805502
ENSG00000134028,27299,ADAMDEC1,-0.3308122121204405
ENSG00000256043,1519,CTSO,0.4662853461620293
ENSG00000136813,23392,ECPAS,0.2762070626773783
ENSG00000118407,27145,FILIP1,0.5068745200555319
ENSG00000139436,9815,GIT2,-0.3881855701176548
,,LOC100506990,0.4654117291257948
ENSG00000139793,10150,MBNL2,-0.1905261798206298
ENSG00000111802,51567,TDP2,0.3004701215296746
ENSG00000166275,119032,BORCS7,-0.102000146563031
ENSG00000182923,80254,CEP63,0.3552608920142486
ENSG00000182810,55794,DDX28,-0.5096531224507684
ENSG00000104870,2217,FCGRT,-0.1630797040834072
ENSG00000165113,80318,GKAP1,0.5585678963253238
ENSG00000272047,404672,GTF2H5,-0.0812745634157241
ENSG00000087095,51701,NLK,-0.4160390609246494
ENSG00000163964,54965,PIGX,-0.4049895862645611
ENSG00000171960,10465,PPIH,-0.1464835032843935
ENSG00000105866,6671,SP4,-0.3905070338158094
ENSG00000143337,26092,TOR1AIP1,0.260380135187603
ENSG00000165533,123016,TTC8,0.2065307917397954
ENSG00000141580,56270,WDR45B,0.2797762811881762
ENSG00000145817,81555,YIPF5,0.100853258219596
ENSG00000168906,4144,MAT2A,-0.4266926892537687
ENSG00000092051,84502,JPH4,-0.5638514699052727
ENSG00000138386,4664,NAB1,0.337966592348325
ENSG00000102934,51090,PLLP,-0.3991224079051935
ENSG00000115866,1615,DARS1,0.1186453644870361
ENSG00000077782,2260,FGFR1,0.391502382933142
ENSG00000087884,28971,AAMDC,-0.102445966155021
ENSG00000139505,9107,MTMR6,-0.3231985917422666
ENSG00000177556,475,ATOX1,0.0843156058915125
ENSG00000105364,51073,MRPL4,-0.3225941148057795
ENSG00000115904,6654,SOS1,-0.4131945199528946
ENSG00000196646,7695,ZNF136,-0.3778378459249551
ENSG00000225830,2074,ERCC6,-0.4061350535380495
ENSG00000004142,26073,POLDIP2,0.2210002340683882
ENSG00000025796,11231,SEC63,-0.175842890574368
ENSG00000119139,9414,TJP2,0.4243543294114404
ENSG00000005156,3980,LIG3,0.4247822264981383
ENSG00000136270,9238,TBRG4,-0.3437642986733962
ENSG00000196565,3048,HBG2,0.1589239529092647
ENSG00000105647,5296,PIK3R2,-0.352397560110416
ENSG00000185947,10308,ZNF267,0.3049248317205777
ENSG00000100991,26133,TRPC4AP,-0.2060857601820855
ENSG00000120699,11340,EXOSC8,0.1848860602306086
ENSG00000113593,23398,PPWD1,0.242497300009971
ENSG00000099995,10291,SF3A1,0.3585548521382154
ENSG00000062038,1001,CDH3,0.4850043897700624
ENSG00000143476,51514,DTL,-0.3496366495968592
ENSG00000178694,63899,NSUN3,-0.2950285742904135
ENSG00000081019,54665,RSBN1,0.1843904735602961
ENSG00000196632,65267,WNK3,-0.4770484238323175
ENSG00000108094,8453,CUL2,-0.2973925093009378
ENSG00000163655,8833,GMPS,-0.2254740881553877
ENSG00000034510,9168,TMSB10,-0.0877619367036979
ENSG00000124333,6845,VAMP7,-0.3134004582147149
ENSG00000111641,4839,NOP2,0.37109265045231
ENSG00000039560,26064,RAI14,-0.372288958526302
ENSG00000114316,7375,USP4,0.271080060576379
ENSG00000121413,65982,ZSCAN18,-0.3677947041811754
ENSG00000182196,51329,ARL6IP4,-0.20113464251752
ENSG00000140463,585,BBS4,-0.2730414707278444
ENSG00000166266,8065,CUL5,-0.2232430543540175
ENSG00000119321,23307,FKBP15,0.4129182703730314
ENSG00000114745,64689,GORASP1,0.4520807905247108
ENSG00000019991,3082,HGF,0.4976967956080202
ENSG00000135116,8739,HRK,0.2685802491207414
ENSG00000177971,55272,IMP3,-0.2272183681663292
ENSG00000168556,3622,ING2,-0.3897978551532664
ENSG00000115365,10314,LANCL1,-0.2243294020767196
ENSG00000049541,5982,RFC2,0.3134264192882328
,649946,RPL23AP64,0.3693404780217258
ENSG00000170364,6419,SETMAR,-0.4297906927498134
ENSG00000187735,6917,TCEA1,0.199945114895925
ENSG00000169908,4071,TM4SF1,-0.1934486222443602
ENSG00000183726,23585,TMEM50A,-0.179935870752128
ENSG00000198718,23116,TOGARAM1,-0.392179267310689
ENSG00000146670,113130,CDCA5,-0.3775162888290598
ENSG00000137414,51439,FAM8A1,0.3455110352975569
ENSG00000122390,79903,NAA60,0.4798539495253973
ENSG00000119888,4072,EPCAM,0.1571603686164849
ENSG00000089234,8315,BRAP,0.4746524714135126
ENSG00000119285,55127,HEATR1,-0.485465862159519
ENSG00000011376,23395,LARS2,-0.4720780055913702
ENSG00000196923,9260,PDLIM7,0.4591996566546014
ENSG00000170266,2720,GLB1,0.1641725786237369
ENSG00000175602,11007,CCDC85B,-0.3984729425722788
ENSG00000163539,23122,CLASP2,0.3902434092873625
ENSG00000138081,80204,FBXO11,-0.2744615347882103
ENSG00000117153,59349,KLHL12,-0.291499013174779
ENSG00000111845,55003,PAK1IP1,-0.190551725679588
ENSG00000135249,60561,RINT1,0.4217365967547721
ENSG00000167565,29946,SERTAD3,0.4158650084233629
ENSG00000120725,64374,SIL1,-0.4212578113719978
ENSG00000163683,201895,SMIM14,0.1742955323261908
ENSG00000055208,23118,TAB2,0.3994187946396366
ENSG00000159202,65264,UBE2Z,0.207609148675292
ENSG00000136819,51759,C9orf78,0.1336719448579299
ENSG00000172115,54205,CYCS,0.0996817689253972
ENSG00000144136,6574,SLC20A1,0.3316327291100684
ENSG00000138032,5495,PPM1B,0.2779253248389815
ENSG00000139842,8451,CUL4A,-0.313883820063431
ENSG00000138785,57117,INTS12,0.2516013755169676
ENSG00000105248,55702,YJU2,-0.5564064981925547
ENSG00000007080,115098,CCDC124,-0.2881871989373907
ENSG00000092345,1618,DAZL,-0.3906391522796609
ENSG00000173153,2101,ESRRA,0.4532045893997954
ENSG00000185630,5087,PBX1,-0.2501511329782483
ENSG00000139687,5925,RB1,-0.3048455246976224
ENSG00000162222,283237,TTC9C,0.1520754459576445
ENSG00000086827,9183,ZW10,0.303435160500803
ENSG00000103479,5934,RBL2,-0.4978353322186455
ENSG00000120656,6883,TAF12,0.2015674476803024
ENSG00000124942,79026,AHNAK,0.2989227462341435
ENSG00000109861,1075,CTSC,-0.1257458441882852
ENSG00000175130,65108,MARCKSL1,0.1871676091189025
ENSG00000112304,55856,ACOT13,-0.1235750203222365
ENSG00000011426,54443,ANLN,-0.4306245595924092
ENSG00000228716,1719,DHFR,-0.2703991351006766
ENSG00000083857,2195,FAT1,0.2549631735722981
ENSG00000165457,2350,FOLR2,0.2646274590965574
ENSG00000180353,3059,HCLS1,-0.454682301261098
ENSG00000172113,10201,NME6,0.2032729712060128
ENSG00000122136,29991,OBP2A,0.4021543505445663
ENSG00000130714,10585,POMT1,-0.4706522975526377
ENSG00000058729,55781,RIOK2,0.2273233267289459
ENSG00000104133,80208,SPG11,0.3701311340834898
ENSG00000163527,201595,STT3B,0.1873293817764448
ENSG00000204070,90196,SYS1,0.1446826865072313
ENSG00000041988,90326,THAP3,-0.4452283258590252
ENSG00000101019,55245,UQCC1,-0.2725610066836197
ENSG00000127540,10975,UQCR11,-0.1103226247302864
ENSG00000113812,93973,ACTR8,-0.3502415413950069
ENSG00000140750,55114,ARHGAP17,-0.5452558831784664
ENSG00000183978,28958,COA3,0.1399405089960195
ENSG00000023171,57476,GRAMD1B,-0.3943830024984182
ENSG00000166130,121457,IKBIP,0.4076852030168292
ENSG00000064102,55726,INTS13,0.2941645300167691
ENSG00000153363,84791,LINC00467,0.2211005399203472
ENSG00000127399,65999,LRRC61,-0.43774161902291
ENSG00000175928,57633,LRRN1,-0.4587232492928328
ENSG00000224859,30834,POLR1H,0.158648982312151
ENSG00000179988,118672,PSTK,0.3230962095661924
ENSG00000126524,51119,SBDS,-0.3338223766954616
ENSG00000061936,6433,SFSWAP,0.5657774296111111
ENSG00000106636,10652,YKT6,0.3575035147710648
ENSG00000119801,51646,YPEL5,0.1125922294024824
ENSG00000204920,7711,ZNF155,0.4862439493546713
ENSG00000163714,23350,U2SURP,0.1885548290249271
ENSG00000018510,8540,AGPS,-0.3202354913309339
ENSG00000114098,25852,ARMC8,0.2530061901324715
ENSG00000177888,360023,ZBTB41,-0.2655548756477185
ENSG00000134262,10717,AP4B1,-0.4069653471588761
ENSG00000177600,6181,RPLP2,-0.2006602526465057
ENSG00000188295,79862,ZNF669,-0.5672825341196308
ENSG00000136960,5168,ENPP2,-0.3936256825691857
ENSG00000126785,57381,RHOJ,0.3567402145693184
ENSG00000088930,22803,XRN2,-0.130493745849042
ENSG00000111058,79611,ACSS3,0.4933475471142917
ENSG00000196652,23660,ZKSCAN5,0.4861332072071283
ENSG00000129245,9513,FXR2,0.5020898126928426
ENSG00000213064,375035,SFT2D2,0.2557810430457623
ENSG00000138036,51626,DYNC2LI1,0.1801207722929716
ENSG00000154928,2047,EPHB1,0.3561035757112203
ENSG00000140992,5170,PDPK1,0.309206947732429
ENSG00000151461,26019,UPF2,0.1946857934770345
ENSG00000090621,8761,PABPC4,0.2658297994999486
ENSG00000042286,84883,AIFM2,0.4451280784786268
ENSG00000164885,1020,CDK5,-0.4633145637751521
ENSG00000140025,90141,EFCAB11,-0.3534456622594043
ENSG00000172057,94103,ORMDL3,0.2931981376137535
ENSG00000239306,10432,RBM14,-0.374662786957077
ENSG00000120158,10171,RCL1,0.325978973556553
ENSG00000037241,51121,RPL26L1,0.1217365482956979
,645958,RPS18P9,-0.1770366830914944
ENSG00000116857,252839,TMEM9,-0.1084211898650129
ENSG00000160714,55585,UBE2Q1,0.3365784003027589
ENSG00000132950,9205,ZMYM5,0.4658236325186085
ENSG00000132155,5894,RAF1,0.3797680909843963
ENSG00000171243,25928,SOSTDC1,0.3272879199608266
ENSG00000115514,10190,TXNDC9,0.119753189695171
ENSG00000109113,83871,RAB34,-0.1759471770017498
ENSG00000073464,1183,CLCN4,-0.4270099224920293
ENSG00000010810,2534,FYN,-0.3154202510229852
ENSG00000116649,6723,SRM,-0.3619805088039011
ENSG00000160087,118424,UBE2J2,-0.3828949015104539
ENSG00000066279,259266,ASPM,-0.4277885943442571
ENSG00000142173,1292,COL6A2,-0.3721574374239916
ENSG00000143079,55917,CTTNBP2NL,0.3208819672809481
ENSG00000132002,3337,DNAJB1,0.180032453832081
ENSG00000119812,25940,FAM98A,-0.2127901385726654
ENSG00000100442,2287,FKBP3,-0.2154733666327719
ENSG00000152749,160897,GPR180,0.556824741690975
ENSG00000156510,80201,HKDC1,0.3464981311269968
ENSG00000122550,55975,KLHL7,0.3193183091918578
ENSG00000196976,8270,LAGE3,-0.2064727807882435
ENSG00000164109,4085,MAD2L1,-0.1764668791468366
ENSG00000198901,9055,PRC1,0.2875930260071826
ENSG00000259956,29890,RBM15B,0.3290671022701132
ENSG00000093183,9117,SEC22C,0.2599288203890987
ENSG00000145687,23635,SSBP2,-0.201190383860554
ENSG00000137103,51754,TMEM8B,0.522271070547878
ENSG00000105053,51231,VRK3,-0.1673926830309892
ENSG00000143797,129642,MBOAT2,-0.3981962138778041
ENSG00000174840,201626,PDE12,0.3463172704900586
ENSG00000143033,22823,MTF2,-0.1799736097415216
ENSG00000134809,26519,TIMM10,0.1478239295005203
ENSG00000100395,83746,L3MBTL2,0.29651098134329
ENSG00000109103,9094,UNC119,-0.3644254259279201
ENSG00000156876,163786,SASS6,-0.4135728306526336
ENSG00000147316,79648,MCPH1,-0.2561578834057347
ENSG00000078142,5289,PIK3C3,0.2075883155869518
ENSG00000082153,9689,BZW1,0.1055441348828603
ENSG00000075407,7587,ZNF37A,-0.3497125461162809
ENSG00000203859,3284,HSD3B2,-0.2758455898448142
ENSG00000133704,10526,IPO8,0.2985996071040335
ENSG00000076321,27252,KLHL20,0.2718077894735698
ENSG00000284238,7156,TOP3A,-0.534886949161546
ENSG00000156232,123720,WHAMM,-0.5553128637230595
ENSG00000166716,9640,ZNF592,-0.4462563158646213
ENSG00000023228,4719,NDUFS1,-0.1514108764720481
ENSG00000157036,9941,EXOG,0.4469510072427373
ENSG00000113734,662,BNIP1,0.1642723227153792
ENSG00000184905,140597,TCEAL2,0.2229669735426503
ENSG00000137522,55298,RNF121,0.2728069185263113
ENSG00000263753,339290,LINC00667,-0.4611249952322851
ENSG00000145901,10318,TNIP1,0.4290255406117587
ENSG00000078902,54472,TOLLIP,0.3018703351361594
ENSG00000165288,254065,BRWD3,0.3708885127120769
ENSG00000153558,25827,FBXL2,0.3552099588664189
ENSG00000198646,23054,NCOA6,0.4259424004942425
ENSG00000100321,9145,SYNGR1,-0.273484919798681
ENSG00000103353,56061,UBFD1,0.2451533377149437
ENSG00000105171,10775,POP4,-0.2727304774430814
ENSG00000178301,282679,AQP11,-0.3254824638094267
ENSG00000115415,6772,STAT1,0.2746225426816993
ENSG00000139567,94,ACVRL1,0.3537249007340588
ENSG00000186063,64853,AIDA,0.2237759877453383
ENSG00000184867,9823,ARMCX2,0.3214981003520303
ENSG00000144677,10217,CTDSPL,-0.238699057635237
ENSG00000183161,2188,FANCF,-0.3696707375631691
ENSG00000102678,2254,FGF9,0.4379718101218115
ENSG00000050426,25875,LETMD1,0.1362142025236083
ENSG00000119760,9913,SUPT7L,0.217829863300825
ENSG00000244187,85014,TMEM141,-0.199054827756763
ENSG00000123297,10102,TSFM,-0.1653997842049975
ENSG00000100418,27351,DESI1,0.3494156188149705
ENSG00000139163,55500,ETNK1,0.1704600902290171
ENSG00000141873,29985,SLC39A3,-0.3445780024340233
ENSG00000099219,79956,ERMP1,-0.3053362654152274
ENSG00000152689,25780,RASGRP3,-0.4254350658584101
ENSG00000122042,5412,UBL3,0.2182884563564213
ENSG00000164597,10466,COG5,0.2899003703811295
ENSG00000155506,23367,LARP1,-0.2235193789492348
ENSG00000136738,8027,STAM,0.1975427714808927
ENSG00000087076,51171,HSD17B14,0.5439913922290611
ENSG00000145730,5066,PAM,0.2523218391555019
ENSG00000102543,81602,CDADC1,0.2376058983802881
ENSG00000187231,91404,SESTD1,0.3448859610056202
ENSG00000112079,11329,STK38,-0.3814034510914293
ENSG00000189077,83862,TMEM120A,0.2592403975765963
ENSG00000138399,79675,FASTKD1,0.3857351152069229
ENSG00000136068,2317,FLNB,0.1530296662718918
ENSG00000139675,144983,HNRNPA1L2,0.5238547822847457
ENSG00000104738,4173,MCM4,-0.2479425384616066
ENSG00000133318,10313,RTN3,-0.1749837205431177
ENSG00000133805,272,AMPD3,0.4199211285891031
ENSG00000172530,54971,BANP,-0.557780557780945
ENSG00000196072,282991,BLOC1S2,0.2732193206141763
ENSG00000124749,81578,COL21A1,-0.4639414892613598
ENSG00000136271,54606,DDX56,0.2984896481404815
ENSG00000140374,2108,ETFA,-0.1845610187587622
ENSG00000111206,2305,FOXM1,-0.6139043699639429
ENSG00000282826,100289097,FRG1CP,-0.3097943203027976
ENSG00000143384,4170,MCL1,0.1806317755158617
ENSG00000138074,8884,SLC5A6,-0.2427527523489147
ENSG00000092068,23428,SLC7A8,0.3519251390423955
ENSG00000105619,29844,TFPT,0.4244638034872506
ENSG00000141759,10907,TXNL4A,0.2393535113671303
ENSG00000262788,84916,UTP4,-0.2086074756872197
ENSG00000108306,84961,FBXL20,-0.2480212630325399
ENSG00000187239,23048,FNBP1,0.4242217538307092
ENSG00000095002,4436,MSH2,-0.241345405816099
ENSG00000165660,23172,ABRAXAS2,0.2998176455872473
ENSG00000257218,283459,GATC,-0.2831303720311923
ENSG00000138709,55132,LARP1B,0.428521519289809
ENSG00000245060,729678,LINC00847,0.2651869533295238
ENSG00000172936,4615,MYD88,0.4742444143338648
ENSG00000135441,2647,BLOC1S1,-0.1243208547151416
ENSG00000049860,3074,HEXB,0.3141209134638247
ENSG00000164066,27152,INTU,-0.3284064942217932
ENSG00000213015,51157,ZNF580,0.5396524869770714
ENSG00000182752,5069,PAPPA,0.4970888102812196
ENSG00000105559,57664,PLEKHA4,0.4328147303713558
ENSG00000179151,80153,EDC3,0.245877245184994
ENSG00000070367,10640,EXOC5,0.2220454737315987
ENSG00000120278,57480,PLEKHG1,0.343023386228879
ENSG00000165434,283209,PGM2L1,0.4786812980336412
ENSG00000182150,375748,ERCC6L2,-0.3553145736390177
ENSG00000189184,54510,PCDH18,-0.2107588711741125
ENSG00000198001,51135,IRAK4,0.3448149304261668
ENSG00000141446,114799,ESCO1,0.3121135564412962
ENSG00000180773,120103,SLC36A4,0.4680077968486745
ENSG00000157617,25966,C2CD2,-0.4894565916660169
ENSG00000146281,135293,PM20D2,-0.3743992354962309
ENSG00000164506,134957,STXBP5,0.4943206372128244
ENSG00000035862,7077,TIMP2,0.1915205027613761
ENSG00000069188,54549,SDK2,0.2897189797852608
ENSG00000093167,9209,LRRFIP2,0.3515445966314559
ENSG00000134597,51634,RBMX2,0.1567238304001196
ENSG00000142039,90324,CCDC97,0.5014807240286367
ENSG00000125877,3704,ITPA,-0.2661503114788233
ENSG00000164151,23379,ICE1,-0.4463434155958475
ENSG00000081692,65094,JMJD4,-0.4478124973459466
ENSG00000186767,139886,SPIN4,0.4707883345546979
ENSG00000184602,8303,SNN,-0.4780478774069525
ENSG00000135093,84749,USP30,0.4086057459253008
ENSG00000107614,1787,TRDMT1,0.488530226613861
ENSG00000175279,378708,CENPS,-0.3142168389754435
ENSG00000122705,1211,CLTA,0.1889499598353075
ENSG00000028839,9519,TBPL1,0.2624911815135852
ENSG00000165813,55088,CCDC186,0.2480148665603518
ENSG00000165629,509,ATP5F1C,0.0621151217235033
,,C4orf48,0.3816079511458099
ENSG00000130511,170463,SSBP4,0.5445943624786763
ENSG00000119977,26123,TCTN3,0.2117624489989025
ENSG00000127837,14,AAMP,0.2427919869874816
ENSG00000145919,91272,BOD1,0.2304534113052239
ENSG00000121644,51029,DESI2,0.2522264838861325
ENSG00000170854,84864,RIOX2,0.3710938887908522
ENSG00000184277,80213,TM2D3,0.2089863017462477
,,BOLA3-AS1,-0.4817263442023817
ENSG00000176473,79446,WDR25,-0.5292619942095533
ENSG00000135624,10574,CCT7,-0.1467735774460607
ENSG00000141664,54877,ZCCHC2,-0.4667683451036183
ENSG00000134748,84950,PRPF38A,0.1194157567455097
ENSG00000166024,27291,R3HCC1L,0.2607646081418071
ENSG00000038002,175,AGA,0.1642998805534107
ENSG00000126067,5690,PSMB2,0.0771363487720924
ENSG00000198298,220992,ZNF485,0.3950164307597285
ENSG00000164284,134266,GRPEL2,-0.273491320745309
ENSG00000282854,55616,ASAP3,0.3514083753014629
ENSG00000131503,54882,ANKHD1,0.319485020346358
ENSG00000172331,669,BPGM,0.2641153983362503
ENSG00000185591,6667,SP1,-0.2253037529155695
ENSG00000169604,84168,ANTXR1,0.2621418930498274
,,C21orf62,-0.4047081206042783
ENSG00000071889,60343,FAM3A,-0.40717282304609
ENSG00000100890,9692,PRORP,-0.2008606616696043
ENSG00000157538,10311,VPS26C,0.264122458010918
ENSG00000091483,2271,FH,0.1616015391280675
ENSG00000112282,9439,MED23,0.3836643075504594
ENSG00000111275,217,ALDH2,-0.2070686888017188
ENSG00000110880,23603,CORO1C,-0.2255639657812387
ENSG00000184344,9573,GDF3,0.3654810270644607
ENSG00000276701,4282,MIF,-0.0850692620685538
ENSG00000168495,661,POLR3D,0.2895725709269068
ENSG00000102393,2717,GLA,0.1854994123286479
ENSG00000064199,53340,SPA17,-0.3551216172229529
ENSG00000118257,8828,NRP2,0.4263507819971965
ENSG00000138621,60490,PPCDC,0.2564975142581073
ENSG00000091513,7018,TF,0.5431172684647926
ENSG00000153046,9425,CDYL,0.3420595047778457
ENSG00000117408,9670,IPO13,0.3529831956366454
ENSG00000152256,5163,PDK1,0.5366987232660441
ENSG00000148824,92170,MTG1,-0.2665090157919104
ENSG00000120784,22835,ZFP30,-0.5241826946493336
ENSG00000149485,3992,FADS1,-0.2044632320975324
ENSG00000196204,441191,RNF216P1,-0.2277427858056281
ENSG00000182552,201965,RWDD4,0.2655686900631193
ENSG00000129158,26297,SERGEF,0.3651973861385336
ENSG00000197217,9583,ENTPD4,0.4063097347475897
ENSG00000132932,51761,ATP8A2,0.4359947147312141
ENSG00000099910,84861,KLHL22,0.4897215608092425
ENSG00000163050,56997,COQ8A,0.4524721028546515
ENSG00000169429,3576,CXCL8,0.4293243829106683
ENSG00000244067,2939,GSTA2,0.1694476751782037
ENSG00000100836,8106,PABPN1,-0.5860883332458064
ENSG00000150787,5805,PTS,-0.1202792582642083
ENSG00000151466,132320,SCLT1,-0.4241510318812466
ENSG00000139514,6541,SLC7A1,0.3417738063974589
ENSG00000115145,10254,STAM2,-0.221108053559803
ENSG00000133773,29080,CCDC59,0.1845240005059093
ENSG00000196503,132946,ARL9,-0.4037108856318812
ENSG00000169599,27247,NFU1,-0.2374666431582507
ENSG00000185565,4045,LSAMP,-0.4162874219723668
ENSG00000105443,9266,CYTH2,-0.2367824094746102
ENSG00000121680,9409,PEX16,-0.4384812847915867
ENSG00000111247,10635,RAD51AP1,0.3494555039221143
ENSG00000146072,27242,TNFRSF21,0.4289551698056419
ENSG00000134108,55207,ARL8B,0.2053019639226504
ENSG00000157895,64897,C12orf43,-0.3513008410504296
ENSG00000285048,10379,IRF9,0.4345082213928223
ENSG00000274605,105370333,PCCA-DT,0.6146817239024366
ENSG00000019549,6591,SNAI2,0.2616295571308906
ENSG00000108651,55813,UTP6,0.1991898554539639
ENSG00000145362,287,ANK2,-0.5092135655851213
ENSG00000160570,162989,DEDD2,0.4164464799983288
ENSG00000119333,89891,DYNC2I2,-0.3804315543025232
ENSG00000114686,11222,MRPL3,0.1965839804110561
ENSG00000167258,51755,CDK12,0.3263704849449779
ENSG00000112029,26271,FBXO5,-0.4391711722464906
ENSG00000129925,58986,PGAP6,0.5112880851659928
ENSG00000108107,6158,RPL28,-0.163297779492418
ENSG00000120685,80209,PROSER1,0.4649522848516313
ENSG00000172172,28998,MRPL13,0.1233346733009299
ENSG00000048991,23518,R3HDM1,-0.3826551447655212
ENSG00000198258,59286,UBL5,-0.0613649900360512
ENSG00000111229,10094,ARPC3,0.0811230447807863
ENSG00000276914,123811,CEP20,0.129515085147902
ENSG00000204178,55219,MACO1,0.4236938527943126
ENSG00000186815,53373,TPCN1,-0.5255920892569492
ENSG00000274296,26063,DECR2,-0.3830875492345263
ENSG00000248333,984,CDK11B,0.5724911192337782
ENSG00000103994,64397,ZNF106,0.1902032941063748
ENSG00000089737,57062,DDX24,0.0920341606702213
ENSG00000114857,4820,NKTR,0.2623742039553632
ENSG00000177370,29928,TIMM22,-0.2242000590510487
ENSG00000008086,6792,CDKL5,0.4593311347469748
ENSG00000106803,10952,SEC61B,-0.1630826175900525
ENSG00000176896,170082,TCEANC,0.4780581526902516
ENSG00000006712,54623,PAF1,-0.5177367405236134
ENSG00000131669,4814,NINJ1,0.2824886801049721
ENSG00000171453,9533,POLR1C,0.17251042607491
ENSG00000186665,284018,C17orf58,-0.4002451008905689
ENSG00000149547,9538,EI24,0.1764809359935161
ENSG00000280830,55256,ADI1,-0.1787309121880733
ENSG00000162688,178,AGL,0.2504117096943716
ENSG00000013523,23357,ANGEL1,0.3316353131882413
ENSG00000107890,22852,ANKRD26,-0.516526053934209
ENSG00000110237,9828,ARHGEF17,-0.4386857855874072
ENSG00000110925,81566,CSRNP2,0.387304846588779
ENSG00000172269,1798,DPAGT1,0.2132236961262894
ENSG00000292096,8520,HAT1,0.111285330288712
ENSG00000197429,3652,IPP,-0.3262301148037739
ENSG00000001497,81887,LAS1L,0.2397604979244682
ENSG00000275300,64087,MCCC2,0.4219357681448362
ENSG00000101181,26164,MTG2,0.4732380966999747
ENSG00000111224,57097,PARP11,0.3483137081847552
ENSG00000068489,55771,PRR11,-0.4679177106144211
ENSG00000155893,92370,PXYLP1,0.4624657455489147
ENSG00000100949,5875,RABGGTA,0.2230084952204079
ENSG00000160785,9673,SLC25A44,-0.3787017839356098
ENSG00000110492,4192,MDK,0.1530895369281138
ENSG00000021300,58473,PLEKHB1,0.3724788026597711
ENSG00000170275,10491,CRTAP,0.1831718273699306
ENSG00000123143,5585,PKN1,0.5205987918713133
ENSG00000171865,246243,RNASEH1,0.2002792453958436
ENSG00000162032,90864,SPSB3,-0.3979152300098783
ENSG00000115993,66008,TRAK2,-0.2465437115398491
ENSG00000275214,3429,IFI27,0.3262448250503125
ENSG00000114125,9616,RNF7,-0.0965946822456426
ENSG00000099795,4713,NDUFB7,-0.1568635520997482
ENSG00000105750,7639,ZNF85,-0.2600887980138724
ENSG00000276262,4905,NSF,0.2140311955056991
ENSG00000077254,23032,USP33,0.2169106920804633
ENSG00000128040,6691,SPINK2,0.5108452649505746
ENSG00000085377,5550,PREP,0.3746694029660162
ENSG00000228712,7923,HSD17B8,-0.3319959293274845
ENSG00000136936,7507,XPA,0.3632220237225059
ENSG00000262349,100506844,GIHCG,0.1523388420223699
ENSG00000229833,100131801,PET100,0.1063240711597486
ENSG00000289047,100294145,LOC100294145,-0.2581850448435659
ENSG00000137601,4750,NEK1,0.3230865170130986
ENSG00000047410,7175,TPR,0.2675157824209114
ENSG00000176915,23141,ANKLE2,0.3298370200348281
ENSG00000155545,166968,MIER3,-0.2629248815646618
ENSG00000105404,10567,RABAC1,0.1187842054175424
ENSG00000135828,6041,RNASEL,-0.3694247681710916
ENSG00000108298,6143,RPL19,0.0748039201877589
,,FAM102A,0.3080866408015759
ENSG00000244041,401232,LINC01011,0.4790148871394816
ENSG00000187051,91582,RPS19BP1,0.2341291782205732
ENSG00000048162,51491,NOP16,-0.1894568218861276
ENSG00000136051,23325,WASHC4,0.3500279484582764
ENSG00000213995,55739,NAXD,-0.3395225395903154
ENSG00000278129,7554,ZNF8,0.4685356271578401
ENSG00000172409,10978,CLP1,-0.1865912085308852
ENSG00000171303,3777,KCNK3,-0.4390137122338057
ENSG00000137497,4926,NUMA1,0.2721522932767365
ENSG00000114853,92999,ZBTB47,0.4148677258430056
ENSG00000226384,2968,GTF2H4,-0.454039057581232
ENSG00000067798,89795,NAV3,-0.3115044799145781
ENSG00000108518,5216,PFN1,-0.1508306853180267
ENSG00000095319,23511,NUP188,-0.3710357773190327
ENSG00000134982,324,APC,0.3631569698928103
ENSG00000148219,23245,ASTN2,0.2834526236582412
ENSG00000164241,401207,C5orf63,0.3110553879105313
ENSG00000163320,8545,CGGBP1,0.1630886844003121
ENSG00000157326,10901,DHRS4,-0.4358988503417911
ENSG00000198589,987,LRBA,0.3328107757250579
ENSG00000205155,55851,PSENEN,0.1079677332460136
ENSG00000122481,25950,RWDD3,-0.3711889013121166
ENSG00000085491,29957,SLC25A24,0.334295256064575
ENSG00000165392,7486,WRN,-0.3310764978925777
ENSG00000124201,57169,ZNFX1,0.326097555862023
ENSG00000184014,23258,DENND5A,0.3320195696525193
ENSG00000168765,2948,GSTM4,-0.1409699414145386
ENSG00000115841,151393,RMDN2,0.3981905226354704
ENSG00000182240,25825,BACE2,-0.360914191525812
ENSG00000134323,4613,MYCN,-0.4377399722581413
ENSG00000185420,64754,SMYD3,0.1908827615407898
ENSG00000205078,100130958,SYCE1L,-0.4518054821909386
ENSG00000186814,100101467,ZSCAN30,0.5752368981531861
ENSG00000173809,91646,TDRD12,-0.5177833450197105
ENSG00000008311,10157,AASS,0.365855913712624
ENSG00000130312,64981,MRPL34,-0.1975671427692081
ENSG00000181481,84282,RNF135,-0.5128037291980062
ENSG00000145020,275,AMT,0.4867560932747601
ENSG00000003147,3382,ICA1,0.5244572644869055
ENSG00000197063,4097,MAFG,-0.3799019515956712
ENSG00000135972,64965,MRPS9,0.1562572855997114
ENSG00000087053,8898,MTMR2,0.227651836581401
ENSG00000138744,27163,NAAA,0.5120528345284512
ENSG00000170145,23235,SIK2,0.4400299444392577
ENSG00000143570,27173,SLC39A1,0.2183901658319828
ENSG00000064652,28966,SNX24,-0.2607026001677102
ENSG00000164684,619279,ZNF704,-0.3188343571550714
ENSG00000158669,137964,GPAT4,-0.2801047849214651
ENSG00000073849,6480,ST6GAL1,-0.3211196823725646
ENSG00000188153,1287,COL4A5,-0.4233614195871396
ENSG00000088387,23348,DOCK9,0.5074727360152934
ENSG00000144824,90102,PHLDB2,-0.4690966872074049
ENSG00000118564,26234,FBXL5,0.1617928426336677
ENSG00000049883,79810,PTCD2,0.2472962777881152
ENSG00000100225,25793,FBXO7,0.2101217292540812
ENSG00000071794,6596,HLTF,-0.2566710707672128
ENSG00000173369,713,C1QB,-0.2523146386522146
ENSG00000121653,9479,MAPK8IP1,-0.520161655394178
ENSG00000117091,962,CD48,0.3604337026871957
ENSG00000089280,2521,FUS,-0.2312579397361525
ENSG00000160208,23076,RRP1B,-0.358787779698249
ENSG00000162413,9903,KLHL21,0.3719568416237293
ENSG00000164830,55074,OXR1,0.1537475354123525
ENSG00000162924,5966,REL,0.2726343936274446
ENSG00000107036,57589,RIC1,0.4592718785043231
ENSG00000111726,55907,CMAS,0.1624316869461554
ENSG00000132109,6737,TRIM21,0.2563159385532254
ENSG00000230124,84320,ACBD6,0.2904451090652445
ENSG00000103507,10295,BCKDK,-0.2954833649498703
ENSG00000166619,10904,BLCAP,-0.2457167126774999
ENSG00000223960,101927027,CHROMR,-0.4387979821930483
ENSG00000140365,54939,COMMD4,-0.2033118144174488
ENSG00000126218,2159,F10,0.5188408231764062
ENSG00000125812,64412,GZF1,-0.4263234976313075
ENSG00000131351,93323,HAUS8,0.2993681749736108
ENSG00000003096,90293,KLHL13,-0.5149120757658309
,,LOC101929243,0.273680295405944
ENSG00000169641,7798,LUZP1,0.3063806437416417
ENSG00000107816,84445,LZTS2,0.5101117151847545
ENSG00000147586,28957,MRPS28,-0.1269858586786809
ENSG00000130414,4705,NDUFA10,-0.1920660183489984
ENSG00000096063,6732,SRPK1,-0.157804500237959
ENSG00000123552,85015,USP45,0.4288853902711231
ENSG00000131732,84240,ZCCHC9,-0.2328786370017059
ENSG00000179943,84922,FIZ1,0.4847059509232551
ENSG00000169188,27301,APEX2,-0.2127949690653722
ENSG00000088812,8455,ATRN,0.2704969563014753
ENSG00000139278,11010,GLIPR1,-0.3099427137519126
ENSG00000119318,5887,RAD23B,0.1969675304437216
ENSG00000135845,5279,PIGC,0.1608180573180351
ENSG00000164342,7098,TLR3,0.5174689212830416
ENSG00000115138,5443,POMC,-0.3260216861382346
ENSG00000175054,545,ATR,-0.4455205168422415
ENSG00000140836,463,ZFHX3,-0.2715125647701543
ENSG00000135723,29109,FHOD1,0.5667606939493754
ENSG00000105612,1777,DNASE2,0.3476879258299106
ENSG00000151729,291,SLC25A4,0.1597835461647361
ENSG00000138613,83464,APH1B,-0.1600771484961605
ENSG00000134057,891,CCNB1,-0.1329347197796104
ENSG00000187554,7100,TLR5,0.4467393557157877
ENSG00000038382,7204,TRIO,0.4411708014716075
ENSG00000137693,10413,YAP1,-0.1982346350687565
ENSG00000120820,83468,GLT8D2,-0.239941546684309
ENSG00000135108,23014,FBXO21,-0.1439177529901268
ENSG00000291948,56942,CMC2,-0.1135381030510112
ENSG00000184900,6612,SUMO3,0.1742332803348205
ENSG00000197050,147923,ZNF420,0.290403087945149
ENSG00000099203,11018,TMED1,-0.2367533655565187
ENSG00000187240,79659,DYNC2H1,0.3647896523254
ENSG00000131148,10328,EMC8,-0.3520815583860092
ENSG00000156931,23355,VPS8,0.2956192961272171
ENSG00000080345,55183,RIF1,-0.2120132849000546
ENSG00000088035,29929,ALG6,0.2960343279371361
ENSG00000117410,533,ATP6V0B,0.115013936460637
ENSG00000132254,23647,ARFIP2,0.2982758817549824
ENSG00000089486,29965,CDIP1,0.3984639406646594
ENSG00000056586,54542,RC3H2,0.2388875976011973
ENSG00000167173,56905,C15orf39,0.367288041569001
ENSG00000168256,28511,NKIRAS2,-0.2105118643066254
ENSG00000123094,11228,RASSF8,0.311879244214693
ENSG00000132842,8546,AP3B1,-0.2726658485297549
ENSG00000141577,22994,CEP131,0.501361931906003
ENSG00000080823,5891,MOK,-0.3551890088611784
ENSG00000218336,55714,TENM3,0.4569904780687355
ENSG00000145685,10184,LHFPL2,-0.2950393206091809
,,MPP5,0.3653459593412146
ENSG00000076067,5939,RBMS2,0.2681469235773491
ENSG00000197747,6281,S100A10,-0.1474767482804825
ENSG00000148840,23082,PPRC1,-0.4655868036789467
ENSG00000136824,10592,SMC2,-0.2546911062214078
ENSG00000215845,100131187,TSTD1,0.1382899915376305
ENSG00000136159,55270,NUDT15,-0.2998966050971747
ENSG00000171314,5223,PGAM1,-0.1307645180735578
ENSG00000182247,7325,UBE2E2,0.2412511648337049
ENSG00000113013,3313,HSPA9,0.1263178781935716
ENSG00000073711,5523,PPP2R3A,-0.2718545808804726
ENSG00000260873,6645,SNTB2,-0.2733903557627362
ENSG00000137207,25844,YIPF3,-0.1374993855773644
ENSG00000205413,54809,SAMD9,0.3850584480125454
ENSG00000182158,64764,CREB3L2,0.2792546194885406
ENSG00000164898,154791,FMC1,0.1371484076031339
ENSG00000001084,2729,GCLC,0.2433812362564289
ENSG00000138430,29789,OLA1,-0.1129604177586155
ENSG00000162377,65260,COA7,0.1815904735443527
ENSG00000250312,255403,ZNF718,-0.4161760758308642
ENSG00000004864,10165,SLC25A13,0.3485134444120111
ENSG00000079134,9984,THOC1,0.2722444473546116
ENSG00000107537,5264,PHYH,0.1541102739226689
ENSG00000288198,8500,PPFIA1,-0.3513241226443136
ENSG00000116729,79971,WLS,0.1588378621032371
ENSG00000173212,126868,MAB21L3,0.3803111186799398
ENSG00000046647,54960,GEMIN8,0.2153191262954267
ENSG00000135070,81689,ISCA1,-0.1910451477838971
ENSG00000196236,63929,XPNPEP3,-0.2207013309584722
ENSG00000178105,1662,DDX10,0.1945259460057949
ENSG00000164951,54704,PDP1,-0.2109518322937692
ENSG00000119906,55719,SLF2,0.1603278571049701
ENSG00000038219,259282,BOD1L1,-0.3004907184516454
ENSG00000143633,128061,C1orf131,0.1970853302605304
ENSG00000127054,54973,INTS11,-0.3102535860102521
ENSG00000104490,83988,NCALD,0.2797360947181874
ENSG00000189223,654433,PAX8-AS1,-0.2011276482937712
ENSG00000107959,10531,PITRM1,0.2533856437019848
ENSG00000075420,64778,FNDC3B,-0.1568512590027153
ENSG00000071655,53615,MBD3,-0.3752295209661783
ENSG00000048392,50484,RRM2B,-0.3640914109929481
ENSG00000240563,54596,L1TD1,-0.3175060176220001
ENSG00000112367,9896,FIG4,-0.3191172092568209
ENSG00000115268,6209,RPS15,-0.109145536720161
ENSG00000130635,1289,COL5A1,-0.3133162912847081
ENSG00000092148,25831,HECTD1,0.2022479221808656
ENSG00000111880,8732,RNGTT,0.4092580122008256
ENSG00000281089,55054,ATG16L1,-0.3636703208900502
ENSG00000196505,54834,GDAP2,0.3019163539551897
ENSG00000130560,10422,UBAC1,-0.3093636754813713
ENSG00000198826,9824,ARHGAP11A,-0.4764199850171062
ENSG00000137449,132864,CPEB2,-0.4477146651321264
ENSG00000164087,25886,POC1A,-0.3304382437742975
ENSG00000256087,9668,ZNF432,-0.4153714327947062
ENSG00000143125,84432,PROK1,-0.3142738689040852
ENSG00000065183,10885,WDR3,-0.2343376170152295
ENSG00000138160,3832,KIF11,-0.3479957053389681
ENSG00000099624,513,ATP5F1D,-0.2910006896698043
ENSG00000174243,9416,DDX23,0.2296462167155356
ENSG00000148660,818,CAMK2G,0.3062191163954373
ENSG00000163882,5437,POLR2H,0.1072086933162452
ENSG00000179403,64856,VWA1,-0.4247196003109156
ENSG00000141424,25800,SLC39A6,0.2087056793236174
ENSG00000132768,1802,DPH2,-0.4156101682908781
ENSG00000136997,4609,MYC,-0.3598877867921691
ENSG00000128609,4698,NDUFA5,0.0950964131858153
ENSG00000253716,100507316,MINCR,0.3486998109000754
ENSG00000082014,6604,SMARCD3,-0.2554696515921736
ENSG00000130726,10155,TRIM28,-0.2192556222604563
ENSG00000039319,9765,ZFYVE16,-0.2161793596715075
ENSG00000232593,102723508,KANTR,0.4540672236044255
ENSG00000174010,80311,KLHL15,0.2543305091243936
ENSG00000144771,57408,LRTM1,-0.3047251917807821
ENSG00000165795,57447,NDRG2,-0.1158844999381659
ENSG00000136943,1515,CTSV,0.0838313479860023
ENSG00000005810,23077,MYCBP2,0.2426274196398115
ENSG00000132300,55037,PTCD3,-0.1570407085736172
ENSG00000147854,115426,UHRF2,0.2902461868153952
ENSG00000183597,128989,TANGO2,-0.431801456085571
ENSG00000100099,89781,HPS4,0.2751239091589567
ENSG00000122729,48,ACO1,0.3087060848965675
ENSG00000049656,81037,CLPTM1L,-0.3188912897669383
ENSG00000138642,55008,HERC6,0.3782542905965982
,,LOC101930085,-0.3862326577267373
ENSG00000101871,4281,MID1,0.3350477368303927
ENSG00000148484,6251,RSU1,-0.1251923931236261
ENSG00000234058,6992,PPP1R11,0.2737380886908752
ENSG00000063660,2817,GPC1,0.1969541219051485
ENSG00000114988,81562,LMAN2L,0.196007743913794
ENSG00000119844,54812,AFTPH,-0.3180854698495262
ENSG00000101844,115201,ATG4A,0.3833903163285684
ENSG00000169217,10421,CD2BP2,0.2296163428327905
ENSG00000166165,1152,CKB,0.2026917451743783
ENSG00000148834,9446,GSTO1,-0.1497020297005677
ENSG00000177239,11253,MAN1B1,-0.3173008957938235
ENSG00000166507,8509,NDST2,0.4091597320565224
ENSG00000101888,55916,NXT2,0.1777436966886676
ENSG00000197345,219927,MRPL21,0.0957533664748072
ENSG00000139579,79035,NABP2,-0.2096920788236866
ENSG00000103187,23406,COTL1,-0.2672519408951
ENSG00000196437,148266,ZNF569,0.3784385440204348
ENSG00000101639,55125,CEP192,-0.3142210305020468
ENSG00000136381,3658,IREB2,0.1821378462504816
ENSG00000132963,51371,POMP,0.084443804449766
ENSG00000198925,79065,ATG9A,-0.226663402502741
ENSG00000106631,58498,MYL7,0.3415871220286264
ENSG00000169413,6039,RNASE6,-0.2252813240754634
ENSG00000175782,55508,SLC35E3,-0.345335954732085
ENSG00000178691,23512,SUZ12,-0.2110829015728566
ENSG00000197008,7697,ZNF138,0.2026759455461622
ENSG00000168522,2339,FNTA,0.1751255620958922
ENSG00000187980,391013,PLA2G2C,-0.3619758823735097
ENSG00000123106,55297,CCDC91,0.2963608808372092
ENSG00000105655,51477,ISYNA1,-0.1882583612290421
,,LINC00476,-0.4845027870511545
ENSG00000141425,55197,RPRD1A,-0.1664121795398894
ENSG00000125971,83658,DYNLRB1,0.0907960191643212
ENSG00000140943,8720,MBTPS1,-0.2935133091256525
ENSG00000165280,7415,VCP,-0.1512022239910019
ENSG00000164463,153222,CREBRF,0.2405062426122267
ENSG00000115738,3398,ID2,-0.1890043066812615
ENSG00000166169,27343,POLL,0.4063887856849012
ENSG00000129084,5682,PSMA1,0.0658823269188977
ENSG00000158019,9577,BABAM2,0.166307652647917
ENSG00000080802,4850,CNOT4,0.291464509842872
ENSG00000152670,54514,DDX4,0.406108403947598
ENSG00000206237,3119,HLA-DQB1,-0.5426308983011793
ENSG00000213920,145553,MDP1,-0.3270921665503995
ENSG00000100714,4522,MTHFD1,0.1840117599687568
ENSG00000139197,5830,PEX5,-0.330284511694388
ENSG00000155099,55529,PIP4P2,0.3117297199454635
ENSG00000065548,55854,ZC3H15,0.0834724949609983
ENSG00000140987,54925,ZSCAN32,0.3398903244832008
ENSG00000166004,85459,CEP295,0.3978490898655747
ENSG00000123689,50486,G0S2,0.3925173761327915
,,GS1-124K5.11,-0.3913495471434249
ENSG00000106733,54981,NMRK1,-0.3229072732393779
ENSG00000163959,200931,SLC51A,0.3141936072771951
ENSG00000119782,2281,FKBP1B,-0.5042382246579441
ENSG00000144566,5868,RAB5A,-0.1663200097035084
ENSG00000168538,60684,TRAPPC11,0.3901709394488428
ENSG00000122299,29066,ZC3H7A,0.5200097538259403
ENSG00000131848,79149,ZSCAN5A,0.4626934332023155
ENSG00000233276,2876,GPX1,-0.1749668112896525
ENSG00000164252,55109,AGGF1,0.2682588818656339
ENSG00000101335,10398,MYL9,-0.2598881101065461
ENSG00000118496,84085,FBXO30,-0.2988059519562164
ENSG00000107672,54780,NSMCE4A,0.3941569682186098
ENSG00000010017,10048,RANBP9,0.3439732034040163
ENSG00000154957,7566,ZNF18,0.3754352341980191
ENSG00000174705,285590,SH3PXD2B,-0.3570669631096918
ENSG00000173726,9804,TOMM20,0.1430603546961404
ENSG00000138336,80312,TET1,0.3184964021015766
ENSG00000124212,5740,PTGIS,-0.2214763135231567
ENSG00000184787,7327,UBE2G2,-0.2820431836420065
ENSG00000288512,715,C1R,0.2284322078422138
ENSG00000154727,2551,GABPA,0.2536744147754635
ENSG00000157404,3815,KIT,-0.3405648797696401
ENSG00000139291,55266,TMEM19,-0.2470194068835086
ENSG00000129625,7905,REEP5,0.1113367068791072
ENSG00000082516,25929,GEMIN5,0.4139506377339016
ENSG00000167965,64223,MLST8,-0.2646062467868973
ENSG00000163933,91869,RFT1,-0.2305214818638381
ENSG00000140553,55898,UNC45A,0.2907061125629808
ENSG00000101413,58490,RPRD1B,-0.3286042661258949
ENSG00000189042,163081,ZNF567,0.2825725920890349
ENSG00000152382,117143,TADA1,0.2073246039875391
ENSG00000197181,55124,PIWIL2,0.3640980368466475
ENSG00000149735,170589,GPHA2,-0.3576529631681272
ENSG00000089057,9962,SLC23A2,-0.2362956202050626
ENSG00000143970,55252,ASXL2,0.3008949661761362
ENSG00000141428,83608,C18orf21,0.3063930164818174
ENSG00000100422,64781,CERK,0.2571417424322587
ENSG00000110756,11234,HPS5,0.3064490320699761
ENSG00000165115,55582,KIF27,0.4455079245393498
ENSG00000119013,4709,NDUFB3,0.0854689644351097
ENSG00000285281,81537,SGPP1,0.2960470018383055
ENSG00000096070,27154,BRPF3,0.2714554379132311
ENSG00000102908,10725,NFAT5,0.3209087351520679
ENSG00000108175,57178,ZMIZ1,0.2865475396869343
ENSG00000013441,1195,CLK1,0.1881522701760592
ENSG00000291729,11236,RNF139,0.2217405148041885
ENSG00000141026,55090,MED9,-0.4236715858552927
ENSG00000125827,56255,TMX4,-0.1414257290816638
ENSG00000247315,85364,ZCCHC3,0.2027601721357696
ENSG00000110092,595,CCND1,-0.2672265867287262
ENSG00000110583,79829,NAA40,0.3276449463988957
ENSG00000204025,100329135,TRPC5OS,0.1983289560333605
ENSG00000139832,55647,RAB20,0.3463919208470067
ENSG00000003756,10181,RBM5,0.1435186927564441
ENSG00000147408,55790,CSGALNACT1,-0.4288984299434629
ENSG00000173141,78988,MRPL57,0.1175410571633465
ENSG00000277462,93474,ZNF670,0.3198088306690653
ENSG00000055130,8454,CUL1,0.18303340126537
ENSG00000204186,57683,ZDBF2,0.4374672995420754
ENSG00000166452,56672,AKIP1,-0.288684290043469
ENSG00000174485,10260,DENND4A,-0.3540734935652212
ENSG00000109099,5376,PMP22,-0.1190904649730448
ENSG00000065328,55388,MCM10,-0.4587776176615716
ENSG00000179134,55095,SAMD4B,0.4613221819655401
ENSG00000071859,9130,FAM50A,0.2903424584219311
ENSG00000117054,34,ACADM,0.1365527127974681
ENSG00000214694,100271715,ARHGEF33,0.4238740735206724
ENSG00000153936,9653,HS2ST1,-0.2061270642308503
ENSG00000205659,91750,LIN52,0.2913125704024128
ENSG00000007392,55692,LUC7L,-0.4214052561815041
,,CYHR1,-0.3703804900545293
ENSG00000124440,64344,HIF3A,0.3230619424810844
ENSG00000285069,83667,SESN2,0.3859422833881523
ENSG00000135951,80705,TSGA10,0.3905152710221479
ENSG00000149357,55004,LAMTOR1,0.1460633320406931
ENSG00000128534,51691,LSM8,0.1052735904623041
ENSG00000177383,64110,MAGEF1,0.2423277067425513
ENSG00000130413,65975,STK33,0.3413169984368935
ENSG00000100146,6663,SOX10,0.3778054441689368
ENSG00000123352,65244,SPATS2,-0.2090838508335288
ENSG00000102699,143,PARP4,-0.2686695736433774
ENSG00000172318,8708,B3GALT1,0.3328116967033593
ENSG00000106993,55664,CDC37L1,-0.3322964188709975
ENSG00000079150,51661,FKBP7,0.1416774671857704
ENSG00000137193,5292,PIM1,-0.3339236218313979
ENSG00000107290,23064,SETX,0.2019614096054165
ENSG00000139549,50846,DHH,-0.3702505570044281
ENSG00000013364,9961,MVP,0.3996347169429955
ENSG00000070501,5423,POLB,0.1519059020986078
ENSG00000169062,65110,UPF3A,0.1977147136621975
ENSG00000275618,51283,BFAR,0.1525842636952128
ENSG00000140262,6938,TCF12,0.2118783393753925
ENSG00000139219,1280,COL2A1,0.3090096320919592
ENSG00000116191,55103,RALGPS2,-0.3259532482044197
ENSG00000160688,80308,FLAD1,-0.2457222821473039
ENSG00000034693,8504,PEX3,0.2207810015979481
ENSG00000115998,54980,C2orf42,0.3669616733321053
ENSG00000135932,51719,CAB39,0.2560748322907751
ENSG00000121671,1408,CRY2,0.1937146996218071
ENSG00000204120,26058,GIGYF2,0.238506784492005
ENSG00000107938,26098,EDRF1,0.4114683246062719
ENSG00000129460,25983,NGDN,0.1216922854242917
ENSG00000062725,10513,APPBP2,-0.1549573262503492
ENSG00000054267,51742,ARID4B,0.2304685167215034
ENSG00000141431,80816,ASXL3,-0.403640724822117
ENSG00000118200,23271,CAMSAP2,0.2175441090977291
ENSG00000164031,79982,DNAJB14,-0.2163995259652139
ENSG00000172456,55277,FGGY,0.2737123468062093
ENSG00000162910,128308,MRPL55,0.1884297679868138
ENSG00000197885,28512,NKIRAS1,-0.2498620557230504
ENSG00000111011,65117,RSRC2,0.1261110170802498
ENSG00000185883,527,ATP6V0C,0.2810930501442591
ENSG00000162139,10825,NEU3,-0.3211742885028036
ENSG00000111540,5869,RAB5B,-0.1984749625144932
ENSG00000144560,9686,VGLL4,-0.3421147986955343
ENSG00000100075,6576,SLC25A1,-0.3522612270421938
ENSG00000107262,573,BAG1,0.2870018768840272
ENSG00000119242,80212,CCDC92,-0.4826694880899252
ENSG00000259330,100505573,INAFM2,-0.4128134633467444
ENSG00000151689,3628,INPP1,-0.3666932476184206
ENSG00000140678,3687,ITGAX,-0.5859487651286963
ENSG00000160593,120425,JAML,-0.4712383502177883
ENSG00000005483,55904,KMT2E,-0.1873325792748316
ENSG00000254726,92312,MEX3A,-0.2748905758207881
ENSG00000165487,221154,MICU2,0.2746228197902098
ENSG00000149792,740,MRPL49,-0.1648600366907193
ENSG00000141971,93343,MVB12A,-0.3967037221041202
ENSG00000172766,79612,NAA16,-0.3400165008907086
ENSG00000213024,23636,NUP62,-0.1984037299185412
ENSG00000114026,4968,OGG1,-0.4551689868931136
ENSG00000169398,5747,PTK2,0.1946750153256314
ENSG00000136238,5879,RAC1,0.1059493679849212
ENSG00000157916,11079,RER1,0.1560532280097618
ENSG00000164209,91137,SLC25A46,-0.2318940765856899
ENSG00000181804,285195,SLC9A9,0.244105124572641
ENSG00000075142,6717,SRI,-0.1144085179081716
ENSG00000166887,23339,VPS39,0.1915513884241666
ENSG00000198554,11169,WDHD1,0.3697183452463932
ENSG00000042088,55775,TDP1,0.2410886761148104
ENSG00000120709,51307,FAM53C,0.2360150041355437
ENSG00000134077,25917,THUMPD3,0.1989934422555985
ENSG00000152291,10618,TGOLN2,0.2269545573533349
ENSG00000113460,55299,BRIX1,0.1563209957534126
ENSG00000258890,90799,CEP95,0.3020880233037407
ENSG00000015153,10138,YAF2,0.1939729592000783
ENSG00000167220,84064,HDHD2,0.1809319490900404
ENSG00000176566,138009,DCAF4L2,-0.3558560592312812
ENSG00000161547,6427,SRSF2,-0.1787055949124886
ENSG00000085998,55624,POMGNT1,0.2455988321937508
ENSG00000163792,150921,TCF23,-0.4173564523420019
ENSG00000176956,4062,LY6H,-0.3213281638968795
ENSG00000168439,10963,STIP1,0.1388040760391908
ENSG00000133657,79572,ATP13A3,0.304311688563233
ENSG00000145868,81545,FBXO38,0.3232511232244836
ENSG00000005700,25998,IBTK,0.1798586242921541
ENSG00000276734,3800,KIF5C,0.3253256463019329
,100216545,KMT2E-AS1,0.3859547985838056
ENSG00000171345,3880,KRT19,0.3214430368479014
ENSG00000188554,4077,NBR1,0.1968309984548276
ENSG00000156795,55093,NTAQ1,0.2226325470298231
ENSG00000166889,219988,PATL1,0.3263981792215781
ENSG00000025039,58528,RRAGD,0.4780416158211905
ENSG00000243978,57529,RTL9,0.4082613807732713
ENSG00000170545,57228,SMAGP,0.3028671305920325
ENSG00000196693,7582,ZNF33B,0.1587724067453854
ENSG00000185344,23545,ATP6V0A2,-0.2732016862696817
ENSG00000155906,55005,RMND1,0.1735393539313115
ENSG00000115216,29959,NRBP1,0.2114770462664039
ENSG00000162368,51727,CMPK1,0.2362914256980554
ENSG00000151779,51594,NBAS,0.243420048970045
ENSG00000188783,5549,PRELP,0.4972373387411237
ENSG00000129009,3671,ISLR,0.1568517581210871
ENSG00000139946,57161,PELI2,-0.378176881367383
ENSG00000108733,5193,PEX12,0.3462435332119135
ENSG00000111850,57150,SMIM8,0.1809590880208737
ENSG00000256269,3145,HMBS,-0.3003073050086289
ENSG00000100883,6729,SRP54,0.1190894285863005
ENSG00000144589,114790,STK11IP,-0.3596709055118934
ENSG00000179335,1198,CLK3,-0.4328341592173571
ENSG00000114302,5576,PRKAR2A,0.2289714401122575
ENSG00000132541,10247,RIDA,-0.1779808487478751
ENSG00000139971,145407,ARMH4,0.3434047463431388
ENSG00000139496,9818,NUP58,0.2522718339431612
ENSG00000143061,3321,IGSF3,-0.390766204280313
ENSG00000026652,56895,AGPAT4,0.2631748413350633
ENSG00000140382,10363,HMG20A,-0.2003197188262738
ENSG00000123600,79828,METTL8,0.3621684013915298
ENSG00000102098,10389,SCML2,0.2174367954743578
ENSG00000089472,9843,HEPH,-0.2732296762265625
ENSG00000261236,23246,BOP1,0.330577549723041
ENSG00000134531,2012,EMP1,-0.3563388018344374
ENSG00000114480,2632,GBE1,0.2230270654326649
ENSG00000152904,9453,GGPS1,0.1383431937661115
ENSG00000197822,100506658,OCLN,-0.449770951266923
ENSG00000151576,79691,QTRT2,0.2653569852794033
ENSG00000136643,26750,RPS6KC1,-0.2809960482293118
ENSG00000049249,3604,TNFRSF9,0.3994140721612377
ENSG00000152332,127933,UHMK1,-0.2366539359306785
ENSG00000147789,7553,ZNF7,-0.2022981727924802
ENSG00000051825,10198,MPHOSPH9,0.4122760008413216
ENSG00000147955,10280,SIGMAR1,0.2091101842551069
ENSG00000160695,55823,VPS11,0.1873500046535552
ENSG00000159593,8883,NAE1,-0.1314260842398362
ENSG00000188739,23029,RBM34,0.1204692436205646
ENSG00000156256,10600,USP16,0.1655803504848351
ENSG00000010244,7756,ZNF207,0.0737612396558879
ENSG00000109787,51274,KLF3,-0.2227802875246883
ENSG00000162521,5928,RBBP4,0.2310393022783012
ENSG00000177042,283232,TMEM80,-0.2918209322175289
ENSG00000108091,8030,CCDC6,0.2008821412063488
,,C12orf45,0.1600282502988035
ENSG00000143942,494143,CHAC2,-0.3464050541378423
ENSG00000147434,8973,CHRNA6,-0.4698843197167709
ENSG00000163626,285521,COX18,0.3230247865808485
ENSG00000165506,55172,DNAAF2,-0.3659156373799648
ENSG00000008083,3720,JARID2,-0.2447831006120454
ENSG00000155254,83742,MARVELD1,0.2757465575655172
ENSG00000180488,374986,MIGA1,-0.2317159305041965
ENSG00000109919,23788,MTCH2,-0.0853049169643572
ENSG00000144426,65065,NBEAL1,0.2868264409298637
ENSG00000116273,148479,PHF13,-0.2321354588553885
ENSG00000110851,11108,PRDM4,0.4198983762628127
ENSG00000108946,5573,PRKAR1A,-0.0978052468251142
ENSG00000127947,5782,PTPN12,0.2970024877789116
ENSG00000034677,25897,RNF19A,-0.1568131961728382
ENSG00000021355,1992,SERPINB1,0.1353267774745823
ENSG00000168137,55209,SETD5,-0.24044606007011
ENSG00000130147,23677,SH3BP4,0.2344739254148208
ENSG00000145740,64924,SLC30A5,-0.2567217302845413
ENSG00000117155,117178,SSX2IP,0.408360105622333
ENSG00000215712,729515,TMEM242,0.2223979916581546
ENSG00000167380,7769,ZNF226,0.1638161775158544
ENSG00000121406,256051,ZNF549,-0.339656864308989
ENSG00000135363,4005,LMO2,-0.4582410463349218
ENSG00000148291,6835,SURF2,0.2693764369399289
ENSG00000129595,64097,EPB41L4A,-0.3772913395073143
ENSG00000140396,10499,NCOA2,0.2187557104441695
ENSG00000132964,1024,CDK8,-0.3684537854519051
ENSG00000170876,79188,TMEM43,-0.2124274669376883
ENSG00000111364,57696,DDX55,0.4405811151794258
ENSG00000169891,9185,REPS2,0.2803915474781764
ENSG00000125863,8195,MKKS,-0.1433798348744253
ENSG00000108591,1819,DRG2,0.2501751534635489
ENSG00000168028,3921,RPSA,-0.2008832979550392
ENSG00000162585,199990,FAAP20,-0.2575195613085042
ENSG00000100478,11154,AP4S1,-0.3324456752117611
ENSG00000137161,10695,CNPY3,-0.1992343642213849
ENSG00000162517,553115,PEF1,0.1522215730340477
ENSG00000198648,27347,STK39,0.3563926120056868
,,UBL7-AS1,-0.3856075117786635
ENSG00000159885,7673,ZNF222,-0.3037416267431486
ENSG00000277377,5265,SERPINA1,0.815182225609024
ENSG00000177156,6888,TALDO1,0.0937328240029185
ENSG00000070476,79364,ZXDC,0.382779169323396
ENSG00000042753,1175,AP2S1,-0.1226387468269778
ENSG00000115816,10153,CEBPZ,-0.1876912028923744
ENSG00000157540,1859,DYRK1A,0.182684353123377
ENSG00000141086,1506,CTRL,0.4024067344416008
ENSG00000063046,1975,EIF4B,-0.076261711266386
ENSG00000145982,10667,FARS2,-0.1649390919599503
ENSG00000141560,79672,FN3KRP,-0.2631527035142845
ENSG00000241058,221078,NSUN6,-0.2618923027795422
ENSG00000118495,5325,PLAGL1,0.1662925744683508
ENSG00000004139,23098,SARM1,0.3399007834381304
ENSG00000111961,23328,SASH1,0.337757974582157
ENSG00000163611,152185,SPICE1,0.3748707497764929
ENSG00000138758,55752,SEPTIN11,-0.216963716460888
ENSG00000103591,79719,AAGAB,-0.155254662290917
ENSG00000128917,54567,DLL4,-0.5056296615829841
ENSG00000206527,201562,HACD2,0.2738450530614507
ENSG00000136859,23452,ANGPTL2,0.3606904880771943
ENSG00000106538,5919,RARRES2,0.1836936588155764
ENSG00000082213,55322,C5orf22,-0.2708997399496969
ENSG00000078237,57103,TIGAR,0.2285044515086859
ENSG00000183032,89874,SLC25A21,0.4523429000750046
ENSG00000128626,6183,MRPS12,-0.2374019375884145
ENSG00000258315,124944,C17orf49,-0.2996416561608652
ENSG00000105821,27000,DNAJC2,0.3149121741013
,,FAM71E1,0.4281126667545802
ENSG00000189283,2272,FHIT,0.3374644744674328
ENSG00000166123,84706,GPT2,0.3871638852292765
ENSG00000116586,28956,LAMTOR2,0.0973277160587989
,,LOC100419583,0.340685572078242
ENSG00000151414,140609,NEK7,-0.2507953980574305
ENSG00000139910,4857,NOVA1,-0.3436924147473322
ENSG00000101098,140730,RIMS4,-0.5247064893397152
ENSG00000145425,6189,RPS3A,0.0582290576071796
ENSG00000254911,619383,SCARNA9,-0.4138035162778519
ENSG00000169432,6335,SCN9A,0.2985463385240938
ENSG00000086475,22929,SEPHS1,-0.2364463463365902
ENSG00000002933,55365,TMEM176A,0.2461814787061215
ENSG00000078246,7289,TULP3,-0.3512364094803142
ENSG00000114742,57599,WDR48,-0.1615931527929871
ENSG00000164091,80335,WDR82,-0.119479891506351
ENSG00000113387,10923,SUB1,-0.0498242235506401
ENSG00000168876,54851,ANKRD49,0.2056385494643993
ENSG00000116906,8443,GNPAT,-0.1896912198848605
ENSG00000133835,3295,HSD17B4,-0.146780887344136
ENSG00000177842,253639,ZNF620,0.3630773810197691
ENSG00000102870,23361,ZNF629,-0.3786965638914498
ENSG00000116062,2956,MSH6,0.1570692734804006
ENSG00000180104,11336,EXOC3,0.3326251569710858
ENSG00000047621,57102,C12orf4,-0.2864431468310553
ENSG00000104427,51101,ZC2HC1A,-0.1791093900241108
ENSG00000075415,5250,SLC25A3,-0.1166140542534776
ENSG00000160551,57551,TAOK1,-0.1512821435799645
ENSG00000253719,552889,ATXN7L3B,-0.1216356520390731
ENSG00000132423,51805,COQ3,0.2070359121063083
ENSG00000134574,1643,DDB2,0.2961604429779086
ENSG00000121390,55269,PSPC1,0.2961053530782959
ENSG00000065308,9697,TRAM2,0.2634192612916572
ENSG00000239282,652968,CASTOR1,-0.3067040568400309
ENSG00000113282,9685,CLINT1,0.2540302636744665
ENSG00000030582,2896,GRN,0.2065407016421413
ENSG00000103550,400506,KNOP1,0.1878895110114237
ENSG00000170365,4086,SMAD1,0.1966448502630757
ENSG00000121749,64786,TBC1D15,0.1909763065319106
ENSG00000157514,1831,TSC22D3,0.1489280336491164
ENSG00000149823,738,VPS51,-0.2194618350880111
ENSG00000197779,347344,ZNF81,-0.4278240463855391
ENSG00000164190,25836,NIPBL,0.1989605169048975
ENSG00000048028,57646,USP28,0.2794264503308832
ENSG00000203667,116228,COX20,0.1311688533567185
ENSG00000182963,10052,GJC1,-0.348956456735279
ENSG00000165185,158405,KIAA1958,0.2255005091384906
ENSG00000141098,81577,GFOD2,-0.425416817062988
ENSG00000100304,23170,TTLL12,-0.3413927924605595
,,C11orf95,0.2375879795607617
ENSG00000155330,388272,C16orf87,0.2070515603994127
ENSG00000143776,8476,CDC42BPA,0.3308440580212473
ENSG00000226417,1192,CLIC1,0.0634928052512002
ENSG00000182712,100272147,CMC4,0.0991775963636158
ENSG00000213782,51202,DDX47,0.1447828163543022
ENSG00000067334,30836,DNTTIP2,0.1396244316390028
ENSG00000138640,10144,FAM13A,-0.2583404532086407
ENSG00000133265,23640,HSPBP1,-0.265133198316244
ENSG00000138182,9585,KIF20B,-0.2817369002659874
ENSG00000186395,3858,KRT10,-0.2631322179414715
ENSG00000137806,51103,NDUFAF1,0.1998654202718707
ENSG00000153989,116150,NUS1,-0.2353718835792941
ENSG00000137054,64425,POLR1E,0.1760496970015939
ENSG00000167904,137695,TMEM68,0.2112797311190861
ENSG00000159596,51249,TMEM69,0.1661019287210919
ENSG00000184635,81931,ZNF93,0.2666902845602257
ENSG00000035115,26751,SH3YL1,-0.2392279332031084
ENSG00000116885,127700,OSCP1,-0.2017903777532416
ENSG00000125970,22913,RALY,-0.2226003865699975
ENSG00000070413,9993,DGCR2,0.359895294913148
ENSG00000164117,26269,FBXO8,-0.2590505340512368
ENSG00000147099,55869,HDAC8,-0.2344644550820675
ENSG00000075188,79023,NUP37,-0.1379733918734914
ENSG00000140367,92912,UBE2Q2,0.2530523767945739
ENSG00000160211,2539,G6PD,0.1838767142490303
ENSG00000181315,79692,ZNF322,0.1867523578696076
ENSG00000124766,6659,SOX4,-0.0801835704159197
ENSG00000079215,6507,SLC1A3,-0.2509164974601272
ENSG00000196715,154807,VKORC1L1,-0.2433258669405012
ENSG00000114423,868,CBLB,0.2500701716117839
ENSG00000088682,57017,COQ9,-0.2216251872263845
ENSG00000115486,2677,GGCX,-0.1707741840932917
ENSG00000188921,401494,HACD4,0.4058082535941547
ENSG00000173114,54674,LRRN3,0.1537926113178641
ENSG00000142046,641649,TMEM91,-0.4192292729799569
ENSG00000167460,7171,TPM4,0.090401209622422
ENSG00000136100,51028,VPS36,-0.2409141561999562
ENSG00000129197,84268,RPAIN,0.0829211677482443
ENSG00000175334,8815,BANF1,0.0677080860064155
ENSG00000041357,5685,PSMA4,0.062237940037622
ENSG00000137831,55075,UACA,0.2779093406096292
ENSG00000100413,171568,POLR3H,-0.284196688173004
ENSG00000111530,55832,CAND1,-0.1304900432789337
ENSG00000132196,51478,HSD17B7,-0.279799091047008
ENSG00000128309,4357,MPST,-0.2755974613601973
ENSG00000051523,1535,CYBA,-0.1739852288243219
ENSG00000167645,90522,YIF1B,0.2278439357913727
ENSG00000135778,84284,NTPCR,0.1070606938334773
ENSG00000167695,79850,TLCD3A,-0.3664630931151883
ENSG00000047932,57120,GOPC,0.1995146633892905
,100302640,LINC00882,0.377770491256903
ENSG00000135503,91,ACVR1B,0.3489327592172567
ENSG00000111361,1967,EIF2B1,0.2137156881015211
ENSG00000100258,91289,LMF2,0.4437373471259691
ENSG00000170965,10761,PLAC1,-0.0915415989597859
ENSG00000126746,171017,ZNF384,-0.4108519962203083
ENSG00000131507,80762,NDFIP1,0.0974100962476226
,100190986,LOC100190986,-0.3373144860675351
ENSG00000063587,10838,ZNF275,-0.1948638156924592
ENSG00000172725,57175,CORO1B,0.3597292609086612
ENSG00000152223,57724,EPG5,-0.3497477204360419
ENSG00000289690,56257,MEPCE,0.2435651826443857
ENSG00000128487,92521,SPECC1,-0.2998909445657943
ENSG00000160446,84885,ZDHHC12,-0.2467416341894364
ENSG00000095951,3096,HIVEP1,0.4086631912789055
ENSG00000145216,81608,FIP1L1,0.2873172437486662
ENSG00000101003,9837,GINS1,-0.3090704028876659
ENSG00000100196,11015,KDELR3,0.2323454864210642
ENSG00000167985,54949,SDHAF2,0.0758410195702195
ENSG00000068912,27248,ERLEC1,-0.1898383194453309
ENSG00000183036,5121,PCP4,0.2425946582931161
ENSG00000105499,8605,PLA2G4C,0.3764647818218127
ENSG00000132334,5791,PTPRE,0.2789166756448977
ENSG00000101276,113278,SLC52A3,-0.3955414095524194
ENSG00000132952,10208,USPL1,0.2505326109457139
ENSG00000137075,152006,RNF38,0.2078157456491396
ENSG00000164889,6522,SLC4A2,-0.3876872108360247
ENSG00000107863,57584,ARHGAP21,0.2900119464809413
ENSG00000170445,3035,HARS1,-0.1861401713669229
ENSG00000168453,55806,HR,0.4857207148178586
ENSG00000156697,10813,UTP14A,0.2368553832016024
ENSG00000205726,6453,ITSN1,0.3009387933105829
ENSG00000134046,8932,MBD2,-0.2594875919202461
ENSG00000198467,7169,TPM2,-0.2774128138133376
ENSG00000160058,55108,BSDC1,0.2421087830625697
ENSG00000111640,2597,GAPDH,0.0634047171134246
ENSG00000145390,54532,USP53,0.2837813388732685
ENSG00000169019,54951,COMMD8,0.1876510474756069
ENSG00000089682,55285,RBM41,0.3871701265189046
ENSG00000103534,79838,TMC5,0.3758070577960744
ENSG00000119986,60370,AVPI1,-0.2534046812202969
ENSG00000065243,5586,PKN2,0.176049137949703
ENSG00000124688,9587,MAD2L1BP,0.2030297668871015
ENSG00000263002,10780,ZNF234,-0.3696598486685322
ENSG00000119865,25927,CNRIP1,-0.1866664970233509
ENSG00000087302,51637,RTRAF,0.0827740147274384
ENSG00000187186,730098,LOC730098,0.3321873447651531
ENSG00000131828,5160,PDHA1,-0.1246066162306573
ENSG00000196268,284443,ZNF493,-0.2714638108115481
ENSG00000101940,64743,WDR13,-0.1611664167388274
ENSG00000169756,3987,LIMS1,-0.2085537610703543
ENSG00000284634,374443,LOC374443,-0.2842346963521002
ENSG00000111341,4256,MGP,0.1509348493032968
ENSG00000180530,8204,NRIP1,0.1685184742564273
ENSG00000120913,64236,PDLIM2,-0.3605370958845824
ENSG00000155850,1836,SLC26A2,0.2285625491439686
ENSG00000163870,131601,TPRA1,-0.3393493670152215
ENSG00000152433,284306,ZNF547,-0.4250426667961893
ENSG00000120265,5110,PCMT1,-0.0976721826464341
,100134868,LOC100134868,-0.3682087332072254
ENSG00000135632,10322,SMYD5,0.2591641412805411
ENSG00000160408,30815,ST6GALNAC6,0.4218206668190633
ENSG00000107949,56647,BCCIP,0.1314989042638655
ENSG00000186001,84859,LRCH3,0.2339867560113443
ENSG00000083845,6193,RPS5,-0.0771095365438712
ENSG00000173744,3267,AGFG1,0.2466836263976193
ENSG00000138794,839,CASP6,-0.1886695591862808
ENSG00000112796,59084,ENPP5,0.280480389093411
ENSG00000166676,780776,TVP23A,0.3910693321344608
ENSG00000110330,329,BIRC2,0.1394112093806075
ENSG00000179021,285237,C3orf38,0.1462737774594784
ENSG00000044090,9820,CUL7,0.2708485919123693
ENSG00000122406,6125,RPL5,-0.1291475034066567
ENSG00000251580,105374366,LINC02482,0.2035778701080197
ENSG00000277222,55727,BTBD7,0.2549685810808831
ENSG00000103037,79918,SETD6,0.4200275846941106
ENSG00000156398,118980,SFXN2,-0.3390943029283528
ENSG00000172466,7572,ZNF24,-0.0971459641627632
ENSG00000248890,646576,HHIP-AS1,-0.4023680399119678
ENSG00000183580,23194,FBXL7,0.3294280016357733
ENSG00000112592,6908,TBP,-0.1709286163275216
ENSG00000158402,995,CDC25C,-0.3349927235973035
ENSG00000102226,8237,USP11,-0.1621021664995282
ENSG00000114735,51409,HEMK1,-0.3026733139654274
ENSG00000121570,55211,DPPA4,-0.2085787623780561
ENSG00000183454,2903,GRIN2A,0.4183347356359405
ENSG00000243789,100137047,JMJD7,-0.2747102270901438
ENSG00000083168,7994,KAT6A,0.2105825067433621
ENSG00000117616,57035,RSRP1,-0.3792985138120344
ENSG00000054654,23224,SYNE2,0.2063937968797908
ENSG00000198382,7405,UVRAG,0.3337420888194322
ENSG00000214717,9189,ZBED1,-0.3299766752787826
ENSG00000157837,121665,SPPL3,-0.1725714429444156
ENSG00000163530,151871,DPPA2,0.4225796493870923
ENSG00000183762,83999,KREMEN1,0.3725751813060106
ENSG00000123737,5393,EXOSC9,0.1623991851657415
ENSG00000124786,51000,SLC35B3,0.3865775461911676
ENSG00000123636,29994,BAZ2B,-0.2349731305643115
ENSG00000148468,221061,FAM171A1,0.2710034625742132
ENSG00000102021,51213,LUZP4,0.322655348276213
ENSG00000221823,5534,PPP3R1,-0.2780343436306902
ENSG00000143653,51097,SCCPDH,-0.1617073828532473
ENSG00000079999,9817,KEAP1,-0.2513265641015336
ENSG00000140931,123920,CMTM3,0.2420662700059493
ENSG00000171824,5394,EXOSC10,-0.1697180205121872
ENSG00000087448,57542,KLHL42,0.1595899544640195
ENSG00000155438,84365,NIFK,-0.1112632250692047
ENSG00000131375,23473,CAPN7,0.239568609791318
ENSG00000125304,9375,TM9SF2,0.1283559775485764
ENSG00000235109,64288,ZSCAN31,0.2969043577075365
ENSG00000183044,18,ABAT,-0.2459971024080422
ENSG00000291803,10038,PARP2,0.2376959784627095
ENSG00000161714,113026,PLCD3,0.3684167542714845
ENSG00000072135,26469,PTPN18,-0.4465649072250337
ENSG00000117152,5999,RGS4,0.3319135316994692
ENSG00000155592,342357,ZKSCAN2,0.3986227812827505
ENSG00000196704,51321,AMZ2,-0.1186917849388445
ENSG00000164323,57587,CFAP97,-0.194769621654529
ENSG00000111906,51020,HDDC2,0.0876553855468272
ENSG00000081189,4208,MEF2C,-0.1605140124436077
ENSG00000132646,5111,PCNA,0.0828388764482476
ENSG00000089006,27131,SNX5,0.111707425208301
ENSG00000163001,112942,CFAP36,0.1551319338808467
ENSG00000198522,11321,GPN1,0.1487935465420173
ENSG00000161640,114132,SIGLEC11,0.2734176436188675
ENSG00000164904,501,ALDH7A1,0.0958243768294589
ENSG00000067082,1316,KLF6,-0.1407205079966263
ENSG00000179222,9500,MAGED1,0.1158383444366561
ENSG00000164169,90826,PRMT9,-0.3983315691340564
ENSG00000138326,6229,RPS24,-0.1149747373281237
ENSG00000075292,27332,ZNF638,0.2327707702641715
ENSG00000169242,1942,EFNA1,-0.2041160777269536
ENSG00000161204,55324,ABCF3,0.1802926447370345
ENSG00000281879,28,ABO,-0.350852503557478
ENSG00000072210,224,ALDH3A2,0.1964169351557593
ENSG00000176410,84277,DNAJC30,-0.3589271499334574
ENSG00000079805,1785,DNM2,-0.332625999194314
ENSG00000120705,2107,ETF1,0.1497475746073607
ENSG00000107829,6468,FBXW4,0.3186812273942175
ENSG00000135245,29923,HILPDA,0.1145511773254183
ENSG00000205581,3150,HMGN1,0.1034148236658016
ENSG00000173120,22992,KDM2A,-0.3657667060148197
ENSG00000118058,4297,KMT2A,-0.198007294159679
ENSG00000170421,3856,KRT8,-0.1904075533313947
ENSG00000137944,56267,KYAT3,0.1492278216780062
ENSG00000104774,4125,MAN2B1,0.3195782586282569
ENSG00000198736,51734,MSRB1,-0.1690218398780085
ENSG00000177000,4524,MTHFR,-0.3195610431522032
ENSG00000152465,9397,NMT2,0.1875305996586406
ENSG00000143228,83540,NUF2,-0.3970330636582068
ENSG00000160991,80228,ORAI2,0.3844305268769228
ENSG00000118946,27253,PCDH17,0.3082712179501753
ENSG00000115252,5136,PDE1A,-0.2080363279484807
ENSG00000164494,57107,PDSS2,0.2573860351855105
ENSG00000215193,55670,PEX26,-0.3054544382538304
ENSG00000124155,51604,PIGT,-0.145953934683615
ENSG00000147224,5631,PRPS1,-0.1952918423373922
ENSG00000163728,151613,TTC14,-0.3680305880527386
ENSG00000235954,284900,TTC28-AS1,-0.2449679212390918
ENSG00000184939,146198,ZFP90,0.1980804546651269
ENSG00000083844,9422,ZNF264,0.2412152381851217
ENSG00000278780,80264,ZNF430,0.2086492164151584
ENSG00000167554,162963,ZNF610,-0.2744939023032435
ENSG00000167232,7644,ZNF91,-0.2058400051222157
ENSG00000177675,283316,CD163L1,-0.3376533123159413
ENSG00000181192,55526,DHTKD1,0.2819628008298765
ENSG00000141699,162427,RETREG3,-0.1112710697344892
ENSG00000172809,6169,RPL38,-0.1124512963093514
ENSG00000117118,6390,SDHB,0.1303626007364851
ENSG00000130958,11046,SLC35D2,-0.3291191387911379
ENSG00000197324,26020,LRP10,0.3143761485167841
ENSG00000163939,55193,PBRM1,-0.1824581282483732
ENSG00000180628,84333,PCGF5,-0.2758863881548878
ENSG00000147454,51312,SLC25A37,-0.2553165496150484
ENSG00000065357,1606,DGKA,0.386314930745914
ENSG00000138821,64116,SLC39A8,-0.378313927206518
ENSG00000136045,11137,PWP1,0.078225613814111
ENSG00000179630,144811,LACC1,-0.394682546311429
ENSG00000085449,57590,WDFY1,0.1861075693259706
ENSG00000111145,2004,ELK3,0.2413910268745266
ENSG00000151422,2241,FER,-0.214805097123972
ENSG00000119688,5826,ABCD4,-0.2818887472425965
ENSG00000135678,1368,CPM,0.2666998589018947
ENSG00000141429,2589,GALNT1,0.1455744962021953
ENSG00000138193,51196,PLCE1,-0.2478365917466778
ENSG00000100784,9252,RPS6KA5,0.2901355333389185
ENSG00000042317,55812,SPATA7,0.2769613023036819
ENSG00000160307,6285,S100B,-0.1951739465465883
ENSG00000179958,79077,DCTPP1,-0.1447413231803239
ENSG00000054965,23201,FAM168A,-0.3151549982021808
ENSG00000175575,80227,PAAF1,0.1397510666538264
ENSG00000175906,379,ARL4D,-0.3200363266317204
ENSG00000135541,54806,AHI1,0.1929608579317364
ENSG00000163512,64343,AZI2,0.1948305088158307
ENSG00000276500,,BMS1P14,0.3330369741903248
ENSG00000103351,23059,CLUAP1,-0.1448545344274115
ENSG00000232119,28985,MCTS1,0.0744469389562281
ENSG00000089163,23409,SIRT4,-0.3826480124510394
ENSG00000010072,83932,SPRTN,-0.3646865446248465
ENSG00000134086,7428,VHL,-0.2227574119026504
ENSG00000173276,49854,ZBTB21,0.29704185176367
ENSG00000203760,387103,CENPW,-0.0968483282427668
ENSG00000163347,9076,CLDN1,0.2486260020864239
ENSG00000175416,1212,CLTB,0.3088868978147081
ENSG00000133983,51241,COX16,-0.2281182896869632
ENSG00000102119,2010,EMD,-0.3613662279395958
ENSG00000179083,286499,FAM133A,0.3069327665518411
ENSG00000022267,2273,FHL1,0.3661318275422396
ENSG00000196821,64771,ILRUN,0.1633325389073135
ENSG00000138315,170392,OIT3,0.3317522811036729
ENSG00000173692,5707,PSMD1,0.1286906759627668
ENSG00000166441,6157,RPL27A,-0.1140084495495865
ENSG00000089195,51605,TRMT6,-0.2409615159407832
ENSG00000160948,51160,VPS28,-0.0651568783250061
ENSG00000152127,4249,MGAT5,0.2283946083010287
ENSG00000086300,29887,SNX10,0.2660374783012634
ENSG00000213020,81856,ZNF611,-0.3530872331201787
ENSG00000001629,54467,ANKIB1,0.2027821077279014
ENSG00000050820,9564,BCAR1,-0.3764246562277895
,,C9orf16,0.1445341435104911
ENSG00000183495,57634,EP400,0.3102231882474499
ENSG00000227345,8505,PARG,0.3072087472010417
ENSG00000133639,694,BTG1,0.1387758987697862
ENSG00000197062,7741,ZSCAN26,0.1762043098791698
ENSG00000196935,57522,SRGAP1,-0.1877038593873831
ENSG00000158874,336,APOA2,1.083459272058
ENSG00000122565,11335,CBX3,-0.068189953029661
ENSG00000160917,10898,CPSF4,-0.1592268937712449
ENSG00000119915,83401,ELOVL3,-0.3538964160200596
ENSG00000149531,,FRG1BP,0.3072261323554927
ENSG00000105855,3696,ITGB8,-0.1805777182673766
ENSG00000057935,57504,MTA3,0.1451789586327698
ENSG00000276111,10806,SDCCAG8,0.2111325283652879
ENSG00000151503,23310,NCAPD3,0.3256447808828167
ENSG00000162994,130162,CLHC1,-0.3115320171086569
,,C19orf48,-0.1817925098027276
ENSG00000102780,160851,DGKH,0.3471965609074479
ENSG00000291483,8446,DUSP11,0.1273091025376415
ENSG00000104412,9694,EMC2,0.1139858013260825
,,KIAA1109,-0.2711782786468448
ENSG00000096080,55168,MRPS18A,0.2123533653306787
ENSG00000171148,10474,TADA3,0.280505897639322
ENSG00000103544,57020,VPS35L,0.1400849911021206
ENSG00000015171,10771,ZMYND11,0.1935964532502045
ENSG00000152104,5784,PTPN14,0.1775389613245584
ENSG00000116337,271,AMPD2,-0.4322145674892054
ENSG00000134287,377,ARF3,-0.148452630333381
ENSG00000275748,100506084,ARL17B,-0.4037868821732752
ENSG00000189376,84933,C8orf76,0.1799102389201056
ENSG00000151806,60558,GUF1,0.2985093289786732
ENSG00000167815,7001,PRDX2,0.0573166507560115
ENSG00000103222,4363,ABCC1,-0.3757428765837291
ENSG00000107518,26033,ATRNL1,0.3831249115537746
ENSG00000166228,5092,PCBD1,0.1476451354058552
ENSG00000170619,28991,COMMD5,0.2152195977136648
ENSG00000122126,4952,OCRL,0.1630332258111589
ENSG00000137821,54839,LRRC49,-0.2862215320342228
ENSG00000170315,7314,UBB,-0.0357259387005276
ENSG00000177879,1176,AP3S1,-0.1510247466689348
ENSG00000101751,11201,POLI,0.2898986780250621
ENSG00000187514,5757,PTMA,0.0265520545989342
,347746,PWARSN,-0.1259793655888632
ENSG00000184182,140739,UBE2F,-0.1865705644487733
ENSG00000137752,834,CASP1,0.3485757512706579
ENSG00000128699,94101,ORMDL1,0.1247841605608884
ENSG00000069974,5873,RAB27A,0.328392564707504
ENSG00000183853,55243,KIRREL1,-0.2644364197225834
ENSG00000168214,3516,RBPJ,0.0927058582452232
ENSG00000144224,23190,UBXN4,-0.1146368809598354
ENSG00000108424,3837,KPNB1,-0.1285762602693673
ENSG00000105819,9512,PMPCB,0.0861597508347325
ENSG00000181896,94039,ZNF101,-0.397571501911548
ENSG00000198865,100129792,CCDC152,-0.1883675465614619
ENSG00000198642,55958,KLHL9,0.1835580273201172
ENSG00000276761,54883,CWC25,0.157476007346242
ENSG00000116679,10625,IVNS1ABP,-0.1217453109638595
ENSG00000140545,4240,MFGE8,0.2146006231525845
ENSG00000188171,199777,ZNF626,-0.1823958234584803
ENSG00000187134,1645,AKR1C1,-0.1827367241257245
ENSG00000103540,9738,CCP110,0.3783457473487261
ENSG00000152219,120534,ARL14EP,0.1264183534298794
ENSG00000117477,57821,CCDC181,0.3398251057443215
ENSG00000182973,25904,CNOT10,-0.2431924594071297
ENSG00000109854,10553,HTATIP2,0.1676899859295471
ENSG00000196611,4312,MMP1,0.4184455181036897
ENSG00000112530,135138,PACRG,0.167018844826526
ENSG00000164751,5828,PEX2,0.0994142949144547
,107133515,SMURF2P1-LRRC37BP1,0.309924482792449
ENSG00000280627,6834,SURF1,-0.0913380106507363
ENSG00000166913,7529,YWHAB,-0.0778397455599703
ENSG00000133739,85444,LRRCC1,0.3742721548640399
ENSG00000178802,4351,MPI,-0.1744979342160864
ENSG00000103091,79726,WDR59,0.3041708659559795
ENSG00000129103,25870,SUMF2,-0.1963922337526142
ENSG00000186918,55893,ZNF395,0.2216123569819596
ENSG00000177200,80205,CHD9,0.1397591739873349
ENSG00000135823,10228,STX6,0.2048290386787148
ENSG00000185624,5034,P4HB,0.169197149365651
ENSG00000176407,56888,KCMF1,-0.2037739101692305
ENSG00000156873,5261,PHKG2,-0.3650869106846384
ENSG00000131051,9584,RBM39,0.1062359390433171
ENSG00000117335,4179,CD46,0.1176553678482516
ENSG00000134758,51444,RNF138,0.1922660930825387
ENSG00000017260,27032,ATP2C1,0.1429481891984091
ENSG00000128881,146057,TTBK2,-0.2558531071691845
ENSG00000228021,283038,LOC283038,-0.3544206027157072
ENSG00000136110,11061,CNMD,0.3672454271242799
ENSG00000179526,81858,SHARPIN,0.3470219001081577
ENSG00000165757,57608,JCAD,-0.1250099622280344
ENSG00000117597,27042,UTP25,0.2123997069847738
ENSG00000108349,22794,CASC3,0.1880506776638976
ENSG00000104047,56986,DTWD1,0.128044342811575
ENSG00000203778,619208,FAM229B,0.072403045919632
ENSG00000070961,490,ATP2B1,0.1202211880657649
ENSG00000112739,8899,PRPF4B,0.1382340218753344
ENSG00000080608,9933,PUM3,0.1463193913622848
ENSG00000005100,56919,DHX33,-0.217468033632131
ENSG00000172315,112858,TP53RK,0.1975804073289821
ENSG00000227053,102724094,MUC12-AS1,-0.4243034448212245
ENSG00000119401,22954,TRIM32,0.1976017695609951
ENSG00000009954,9031,BAZ1B,0.1874090459508265
ENSG00000241258,27297,CRCP,0.2112163265670172
ENSG00000163682,6133,RPL9,-0.0953711704982902
ENSG00000185127,387263,C6orf120,-0.2635093758383926
ENSG00000166963,4130,MAP1A,0.2826614081866129
ENSG00000197372,171392,ZNF675,-0.2481985820593311
ENSG00000164120,3248,HPGD,-0.198202865886749
ENSG00000126458,6237,RRAS,-0.1543766745877193
ENSG00000143486,1939,EIF2D,0.1782940057847819
ENSG00000135486,3178,HNRNPA1,0.0421363815644917
ENSG00000161813,113251,LARP4,-0.2160450630082409
ENSG00000169762,202018,TAPT1,0.3518613234707238
ENSG00000182318,342945,ZSCAN22,-0.4466362899377633
ENSG00000228857,101060091,ACTR3-AS1,0.3867549306912294
ENSG00000170779,55038,CDCA4,-0.2232747328777214
ENSG00000138778,1062,CENPE,-0.3760365491465239
ENSG00000061273,51564,HDAC7,0.3584496010550841
ENSG00000103160,83693,HSDL1,0.2070146232572751
ENSG00000123411,64375,IKZF4,0.4282189450815047
ENSG00000197535,4644,MYO5A,0.3645714691683346
ENSG00000071051,8440,NCK2,0.2566692104684729
ENSG00000145494,4726,NDUFS6,-0.1291719794466859
ENSG00000117533,8674,VAMP4,-0.3060433988984257
ENSG00000122912,8034,SLC25A16,-0.3329243191662639
ENSG00000275333,84498,FAM120B,0.3209402735233434
ENSG00000136816,27348,TOR1B,-0.4065997235866792
ENSG00000185033,10509,SEMA4B,0.3653057271588029
ENSG00000107902,64077,LHPP,0.3277602920544256
ENSG00000105229,51588,PIAS4,-0.3183314583772442
ENSG00000106460,54664,TMEM106B,-0.1158679955243134
ENSG00000097021,11332,ACOT7,0.34537058990352
ENSG00000111348,397,ARHGDIB,-0.1298351529751178
ENSG00000153048,23589,CARHSP1,0.1240539067288487
ENSG00000144815,91775,NXPE3,-0.282912652947799
ENSG00000198832,140606,SELENOM,0.2121320987113642
ENSG00000121864,51193,ZNF639,-0.2479766954459785
ENSG00000164574,55568,GALNT10,0.2864540812428294
ENSG00000140995,54849,DEF8,-0.2045827363691221
ENSG00000072803,23291,FBXW11,-0.1829997328901076
ENSG00000165282,84720,PIGO,-0.2965812264123941
ENSG00000114331,23527,ACAP2,0.1767429907841987
ENSG00000159256,23515,MORC3,-0.2561657563821485
ENSG00000139218,9169,SCAF11,-0.125190042301785
ENSG00000273607,400916,CHCHD10,-0.4184078019486065
ENSG00000104529,1936,EEF1D,-0.0879455076628759
ENSG00000128829,440275,EIF2AK4,0.1502788934396693
ENSG00000134152,79768,KATNBL1,0.2428131615579251
ENSG00000114054,5096,PCCB,-0.1656510687038807
ENSG00000163935,51460,SFMBT1,0.3923011459668631
ENSG00000163950,7884,SLBP,0.1974976277375069
ENSG00000164338,84135,UTP15,-0.2175292379602316
ENSG00000135597,85021,REPS1,0.2021046981350222
ENSG00000088448,55608,ANKRD10,0.2027409434886236
ENSG00000188021,29978,UBQLN2,0.2621010200940909
ENSG00000269821,10984,KCNQ1OT1,0.2057442462233918
ENSG00000170634,98,ACYP2,0.1361763760377242
ENSG00000175573,83638,C11orf68,0.2685726279860024
ENSG00000081138,1005,CDH7,-0.3264766854202132
ENSG00000168564,55602,CDKN2AIP,0.312369158193983
ENSG00000125107,23019,CNOT1,0.2213394312266913
ENSG00000116685,90231,KIAA2013,0.2926437862213575
ENSG00000248360,201853,LINC00504,0.2359238811848411
ENSG00000083635,26747,NUFIP1,0.2592377692886081
ENSG00000158615,84919,PPP1R15B,0.1747744167591347
ENSG00000204227,6015,RING1,-0.2584458974233873
ENSG00000077312,6626,SNRPA,0.3685839999738917
ENSG00000142168,6647,SOD1,-0.0503667094276137
ENSG00000141380,6760,SS18,0.1039595772248805
ENSG00000117632,3925,STMN1,-0.0421120386940648
ENSG00000136463,51204,TACO1,-0.2610510250212176
ENSG00000118707,60436,TGIF2,-0.1559430392523946
ENSG00000169902,8460,TPST1,0.3076900628931245
ENSG00000081386,22869,ZNF510,-0.2803508345757419
ENSG00000142556,80110,ZNF614,0.2466136574351671
ENSG00000211450,280636,SELENOH,-0.1301454575061053
ENSG00000126775,22863,ATG14,0.3170090950688238
ENSG00000174156,2940,GSTA3,-0.1320092703193484
ENSG00000115568,7701,ZNF142,0.4829318782009
,,C18orf25,0.3156702040996705
ENSG00000107864,22849,CPEB3,0.4274778552622963
ENSG00000137460,85462,FHDC1,0.3822941112505216
ENSG00000155304,6782,HSPA13,0.1135600467811329
ENSG00000176986,9632,SEC24C,0.1663084639448786
ENSG00000242125,8420,SNHG3,-0.126687713224245
ENSG00000101972,10735,STAG2,-0.1496035244866136
ENSG00000049245,9341,VAMP3,-0.0845070658353652
ENSG00000138433,9541,CIR1,0.1145292855265747
ENSG00000196562,55959,SULF2,-0.277416754935293
ENSG00000117500,50999,TMED5,0.1509978096408251
ENSG00000196150,58500,ZNF250,0.2596042747086117
ENSG00000160007,2909,ARHGAP35,-0.3113683049063748
ENSG00000143190,5451,POU2F1,0.2373807474241919
ENSG00000180822,389362,PSMG4,-0.203476466708322
ENSG00000123975,1164,CKS2,-0.0593557285669432
ENSG00000120137,79646,PANK3,-0.1616274744252791
ENSG00000182836,345557,PLCXD3,0.274521931526381
ENSG00000273611,9326,ZNHIT3,0.0769769482906728
ENSG00000095739,25805,BAMBI,0.1919045056432791
ENSG00000175606,54968,TMEM70,0.1793558290730662
ENSG00000185950,8660,IRS2,0.2360286272172338
ENSG00000224870,148413,MRPL20-AS1,0.4019823549010189
ENSG00000176261,339487,ZBTB8OS,0.1251221820703731
ENSG00000114023,26355,FAM162A,0.0811494063865443
ENSG00000132434,55915,LANCL2,-0.1826496747699306
ENSG00000013503,55703,POLR3B,0.231373062650867
ENSG00000180667,55432,YOD1,-0.2336753901030532
ENSG00000198740,22834,ZNF652,0.1522695773368544
ENSG00000164039,56898,BDH2,-0.0843573680792818
ENSG00000063241,79763,ISOC2,-0.2761665166159148
ENSG00000213626,81606,LBH,0.1964742949513872
ENSG00000100601,8846,ALKBH1,0.3241035764474161
ENSG00000282092,10025,MED16,-0.2726714006206036
ENSG00000085433,22911,WDR47,-0.2933397817699336
ENSG00000115808,6801,STRN,0.2581745724501695
ENSG00000175110,56945,MRPS22,0.0843936293133831
ENSG00000292221,11152,WDR45,0.190633756936379
ENSG00000171425,51545,ZNF581,0.208706721996351
ENSG00000178695,115207,KCTD12,-0.1009409721358301
ENSG00000111679,5777,PTPN6,0.1969668435419043
ENSG00000174652,10781,ZNF266,-0.3257682469789821
ENSG00000119718,8892,EIF2B2,0.1897712138506768
ENSG00000054983,2581,GALC,0.1796824278408612
ENSG00000124299,5184,PEPD,-0.1977537046495475
ENSG00000106605,644,BLVRA,0.1281048315167675
ENSG00000292358,8225,GTPBP6,0.3377642620574572
ENSG00000115286,374291,NDUFS7,-0.1320465808030437
ENSG00000185686,23532,PRAME,0.1617534489565816
ENSG00000281309,6838,SURF6,-0.290214438899346
ENSG00000175854,375757,SWI5,0.135066485413336
ENSG00000109189,64854,USP46,-0.3067602249216159
ENSG00000112290,8936,WASF1,0.325013874849183
ENSG00000189186,347442,DCAF8L2,0.3474881797503455
ENSG00000112339,10767,HBS1L,-0.143879901341359
ENSG00000101417,11264,PXMP4,0.1936940121047299
ENSG00000117862,51060,TXNDC12,-0.1015348938362994
ENSG00000013306,51629,SLC25A39,-0.2176498017539231
ENSG00000145592,6167,RPL37,-0.1258224164697229
ENSG00000117713,8289,ARID1A,0.1974091631428268
ENSG00000198408,10724,OGA,0.1957660372517818
,,ZDHHC8P1,0.341949979844419
ENSG00000090612,10795,ZNF268,-0.1644553286598785
ENSG00000121152,23397,NCAPH,-0.2311698884713205
ENSG00000221838,9179,AP4M1,0.363460579129059
ENSG00000170653,11016,ATF7,-0.1850580682967023
ENSG00000184743,25923,ATL3,-0.13526300394684
ENSG00000104324,10404,CPQ,-0.1743360995140916
ENSG00000143924,27436,EML4,-0.1967856908069947
ENSG00000125912,56926,NCLN,-0.3382609567899273
ENSG00000185619,10336,PCGF3,-0.2593753489869765
ENSG00000147471,11212,PLPBP,-0.2048902889380933
ENSG00000163584,200916,RPL22L1,-0.1261088134093938
ENSG00000106266,29886,SNX8,0.2549689827929869
ENSG00000196812,80345,ZSCAN16,0.2195359133941147
ENSG00000282230,8754,ADAM9,0.1784897438655679
ENSG00000281763,170506,DHX36,-0.1606234468326113
ENSG00000160180,7033,TFF3,-0.1822597771834076
ENSG00000147654,9166,EBAG9,0.2291386247469918
ENSG00000276802,8924,HERC2,-0.2212476118803943
ENSG00000154059,55364,IMPACT,0.192246654109286
ENSG00000196584,7516,XRCC2,-0.3483563860388863
ENSG00000136436,10241,CALCOCO2,-0.1076392003478626
ENSG00000276644,1602,DACH1,0.1974870948948116
ENSG00000240889,100134713,NDUFB2-AS1,-0.3153841277171766
ENSG00000137492,5612,THAP12,0.200047411000091
ENSG00000160712,3570,IL6R,0.2061338752395038
ENSG00000166181,8539,API5,0.1445257845215511
ENSG00000288210,55723,ASF1B,-0.3517725897141278
ENSG00000103512,23420,NOMO1,0.32867258428393
ENSG00000136240,11014,KDELR2,0.0893665124807468
ENSG00000138764,901,CCNG2,0.2298806123815273
ENSG00000078487,55063,ZCWPW1,0.2798356546043472
ENSG00000127743,27190,IL17B,-0.2444547708459198
ENSG00000160633,6294,SAFB,0.3954278086110324
ENSG00000153317,50807,ASAP1,0.2110727627644317
ENSG00000088205,8886,DDX18,0.073764020139856
ENSG00000166477,123169,LEO1,0.2081578112059919
ENSG00000223768,642852,LINC00205,0.2894101070617273
ENSG00000099399,4113,MAGEB2,-0.2754892046204701
,100505681,NAPA-AS1,0.3315442393968442
ENSG00000121892,23244,PDS5A,0.1795864506582504
ENSG00000136444,55316,RSAD1,0.3331429760426064
ENSG00000099800,26517,TIMM13,-0.0824087449516589
ENSG00000162692,7412,VCAM1,-0.1491753645812127
ENSG00000186073,84529,CDIN1,0.2646091248079452
ENSG00000041982,3371,TNC,0.3747455243285443
ENSG00000067225,5315,PKM,-0.0831033770609346
ENSG00000155827,56254,RNF20,0.1694202875508775
ENSG00000100568,10490,VTI1B,-0.1934931192141615
ENSG00000112312,51053,GMNN,-0.103141260929954
ENSG00000124160,57727,NCOA5,-0.2393766294247535
ENSG00000185361,126282,TNFAIP8L1,0.237380108375825
ENSG00000083223,79670,TUT7,0.3181663265472035
ENSG00000010539,7752,ZNF200,-0.2975488577096982
ENSG00000132481,91107,TRIM47,0.2709569964041545
ENSG00000090061,8812,CCNK,0.4307244471241281
ENSG00000164118,80817,CEP44,-0.2360451570280524
ENSG00000160352,148206,ZNF714,0.1610990266163179
ENSG00000162086,7627,ZNF75A,0.3127459967586343
ENSG00000198890,55170,PRMT6,0.2433206728115986
ENSG00000115159,2820,GPD2,0.2114705843099962
ENSG00000177646,28976,ACAD9,-0.2524010999759238
ENSG00000182220,10159,ATP6AP2,-0.0862179762301887
ENSG00000102181,83692,CD99L2,0.3570305368699702
ENSG00000067048,8653,DDX3Y,0.1194696328598267
ENSG00000080845,22839,DLGAP4,0.3165549829532271
ENSG00000170271,10826,FAXDC2,0.3501651186657889
ENSG00000168496,2237,FEN1,0.1807272992358996
ENSG00000108592,117246,FTSJ3,0.1910814818715883
ENSG00000171298,2548,GAA,0.3577644341828702
ENSG00000094631,10013,HDAC6,0.2882195130016844
ENSG00000101247,79133,NDUFAF5,0.2270754094121356
ENSG00000272325,11165,NUDT3,-0.1318002499722693
ENSG00000129317,83448,PUS7L,0.1878398923928988
ENSG00000183324,283677,REC114,0.3229281822603417
ENSG00000184857,25880,TMEM186,0.1797854093040756
ENSG00000053501,55850,USE1,0.1419211769076395
ENSG00000144827,55347,ABHD10,-0.1412416671413001
ENSG00000197448,373156,GSTK1,0.0762172793145455
ENSG00000156482,6156,RPL30,-0.1106611975788244
ENSG00000156599,25921,ZDHHC5,-0.2097933816590207
ENSG00000173041,340252,ZNF680,0.2609005035878119
ENSG00000126773,64430,PCNX4,0.2357190860617257
ENSG00000129315,904,CCNT1,0.148096052799889
ENSG00000183011,84316,NAA38,-0.0660805109508474
ENSG00000135077,84868,HAVCR2,0.2652275583535657
ENSG00000159348,51706,CYB5R1,0.1714200201368673
ENSG00000107882,51684,SUFU,0.2702802126475332
ENSG00000119720,55051,NRDE2,-0.1925846197290722
ENSG00000181450,339500,ZNF678,-0.2471517602940771
ENSG00000156515,3098,HK1,-0.18878456094431
ENSG00000197256,25959,KANK2,0.1811904447498362
ENSG00000269834,102724105,ZNF528-AS1,0.3055945195634333
ENSG00000104679,203069,R3HCC1,-0.215984985453566
ENSG00000178952,7284,TUFM,-0.1055821155626939
ENSG00000101544,22850,ADNP2,-0.1805344758432238
ENSG00000164896,10922,FASTK,0.2997147301958925
ENSG00000091409,3655,ITGA6,-0.1255109692853896
ENSG00000172366,84331,MCRIP2,-0.3367200309403074
ENSG00000291835,60314,MYG1,-0.094489975308616
ENSG00000196465,140465,MYL6B,0.0715626159031582
ENSG00000017797,10928,RALBP1,0.166347901040854
ENSG00000100813,22985,ACIN1,0.3390511785552972
ENSG00000274829,5073,PARN,-0.2034144219782112
ENSG00000147852,7436,VLDLR,0.2203825696900963
ENSG00000002586,4267,CD99,-0.0807576202013156
ENSG00000280975,338657,CENATAC,0.0562114061578322
ENSG00000181904,134553,C5orf24,-0.1231668828652344
ENSG00000091140,1738,DLD,0.11624706625519
,100129387,GABPB1-AS1,-0.3156815486792362
ENSG00000119650,112752,IFT43,0.1189796263362091
ENSG00000205978,57523,NYNRIN,0.2484418511193428
ENSG00000276293,8396,PIP4K2B,0.152002284264579
ENSG00000058056,8975,USP13,-0.1336533958600921
ENSG00000103319,29904,EEF2K,-0.2904590754071636
,,CH17-340M24.3,-0.3123130738418391
ENSG00000197852,55924,INKA2,-0.3798628946828972
ENSG00000197584,10242,KCNMB2,0.1794704531229594
ENSG00000133131,79710,MORC4,-0.1632734405267583
ENSG00000092439,54822,TRPM7,-0.2158219663998525
ENSG00000168938,5480,PPIC,-0.2675117660739575
ENSG00000005302,10943,MSL3,-0.1525784469911475
,,C5orf51,-0.1775423130493509
ENSG00000106624,165,AEBP1,0.3993944696918297
ENSG00000130826,1736,DKC1,0.1472177485967199
ENSG00000108219,81619,TSPAN14,-0.161330493301873
ENSG00000181472,57621,ZBTB2,0.3363238010830323
ENSG00000136197,79020,C7orf25,-0.1718265467020624
,,FAM126A,-0.263500440718081
ENSG00000065621,119391,GSTO2,0.1351376080559958
ENSG00000166133,27079,RPUSD2,-0.2432576833673038
ENSG00000116754,9295,SRSF11,-0.1078555954287818
ENSG00000136518,86,ACTL6A,0.0888550698809446
ENSG00000176102,1479,CSTF3,0.1385458922522849
ENSG00000007237,8522,GAS7,-0.2786323186184016
ENSG00000120832,80298,MTERF2,0.3467907356304671
ENSG00000175061,125144,SNHG29,0.0704100354523197
ENSG00000118762,5311,PKD2,0.2973405499536994
ENSG00000166501,5579,PRKCB,0.312858229470163
ENSG00000174373,253959,RALGAPA1,0.3206091124768062
ENSG00000187742,79048,SECISBP2,-0.2305598416373659
,,WDR61,0.0631262086410451
ENSG00000118007,10274,STAG1,0.1948336243587795
ENSG00000114019,51421,AMOTL2,-0.2829113407744696
ENSG00000198898,830,CAPZA2,0.0731944542001037
ENSG00000126767,2002,ELK1,-0.2129567223032629
ENSG00000120616,80314,EPC1,0.1548258247429834
ENSG00000083750,10325,RRAGB,-0.1719077345612666
ENSG00000177311,253461,ZBTB38,-0.1561976073198546
ENSG00000196705,170959,ZNF431,-0.162027929908507
ENSG00000225265,100506161,TAF1A-AS1,-0.3333220710321366
ENSG00000119729,23433,RHOQ,0.2334900075128583
ENSG00000171262,283742,FAM98B,-0.2293391805736488
ENSG00000077152,29089,UBE2T,-0.0922695531266975
ENSG00000131116,126299,ZNF428,0.2500125218082989
ENSG00000058063,23200,ATP11B,0.2405487917061129
ENSG00000110888,65981,CAPRIN2,0.3195098511538968
ENSG00000102781,84056,KATNAL1,0.3072262275749219
ENSG00000160789,4000,LMNA,-0.2930294220810004
ENSG00000067141,4756,NEO1,-0.231232377918938
ENSG00000179950,22827,PUF60,-0.1112787171078724
ENSG00000112658,6722,SRF,-0.2988253341608541
ENSG00000106610,64940,STAG3L4,0.1702727754063369
ENSG00000149476,26007,TKFC,0.3123847824939665
ENSG00000075223,10512,SEMA3C,0.1850377155375628
ENSG00000111669,7167,TPI1,-0.0389869413605681
ENSG00000111667,8078,USP5,0.3000475151904754
ENSG00000160094,149076,ZNF362,-0.330864364451814
ENSG00000136280,83605,CCM2,0.2796805435199965
ENSG00000119929,51076,CUTC,0.1361018668566072
ENSG00000055163,26999,CYFIP2,0.1899464595749158
ENSG00000157554,2078,ERG,-0.2896083312141063
ENSG00000103365,23062,GGA2,-0.1468930093977216
ENSG00000152661,2697,GJA1,-0.1214989806890428
ENSG00000148308,9328,GTF3C5,0.204811380545261
ENSG00000113141,3550,IK,0.0964489600339741
,,LOC105377621,-0.254621264417569
ENSG00000120798,7181,NR2C1,0.3068765247032536
ENSG00000133110,10631,POSTN,-0.1053420665723861
ENSG00000112305,60682,SMAP1,-0.1708179689397151
ENSG00000101596,23347,SMCHD1,-0.2572432703719728
ENSG00000174306,23051,ZHX3,0.3240535786879977
ENSG00000197928,342926,ZNF677,0.1564327309891345
ENSG00000142751,54707,GPN2,-0.3158103110039073
ENSG00000176973,23625,FAM89B,-0.2198524883876035
ENSG00000125734,56927,GPR108,0.2863725838850431
ENSG00000111057,3875,KRT18,0.1261475014567606
ENSG00000064607,10147,SUGP2,-0.2896149793608841
ENSG00000116863,54936,ADPRS,-0.1578293356577603
ENSG00000234539,1388,ATF6B,0.3303862622595077
ENSG00000060762,51660,MPC1,-0.1462046493844346
ENSG00000140299,663,BNIP2,-0.1308987002104265
ENSG00000165283,30968,STOML2,0.0789150297572685
ENSG00000165424,219654,ZCCHC24,0.1647874527770644
ENSG00000111875,25842,ASF1A,-0.1392984486419358
ENSG00000081721,11266,DUSP12,-0.2582002262875675
ENSG00000240583,358,AQP1,-0.3811781720505056
ENSG00000114439,56987,BBX,-0.0874188011760419
ENSG00000159189,714,C1QC,-0.3016628347413417
ENSG00000162757,148304,C1orf74,-0.2529933979680925
ENSG00000166595,51647,CIAO2B,0.084105525315807
ENSG00000100908,51016,EMC9,-0.2207052684524035
ENSG00000101052,51098,IFT52,0.0850585150679388
ENSG00000113648,9555,MACROH2A1,-0.111497353278697
ENSG00000146802,64418,TMEM168,-0.1784068835337241
,,CENPBD1,0.2680972792745322
ENSG00000180901,23510,KCTD2,0.2735882176863231
ENSG00000075643,55034,MOCOS,-0.2833744021774751
ENSG00000285967,646719,NIPBL-DT,-0.325089467437724
ENSG00000198887,23137,SMC5,0.1866113777156721
ENSG00000291362,65265,C8orf33,-0.1258115090474557
ENSG00000239836,5698,PSMB9,-0.2877916645546526
ENSG00000185973,55217,TMLHE,-0.1975270566084718
ENSG00000100065,29775,CARD10,0.3316696336550298
ENSG00000170776,11214,AKAP13,-0.1787174834281915
ENSG00000177575,9332,CD163,-0.2816768694215915
ENSG00000102974,10664,CTCF,0.2049131006890497
ENSG00000213047,163486,DENND1B,0.2558934246524494
ENSG00000188641,1806,DPYD,0.255788724254291
ENSG00000197021,541578,EOLA2,0.2565699873548459
ENSG00000148803,282969,FUOM,0.2849588182907209
ENSG00000104064,2553,GABPB1,-0.1932086019235991
ENSG00000123159,10755,GIPC1,0.3548613267951911
ENSG00000135862,3915,LAMC1,-0.1407582328154439
ENSG00000100079,3957,LGALS2,0.311418700994763
ENSG00000071282,29995,LMCD1,0.1863217446449122
ENSG00000112799,9450,LY86,0.1670080247576055
ENSG00000069020,375449,MAST4,0.2121988648513612
ENSG00000291350,4969,OGN,-0.1263514042729549
ENSG00000168291,5162,PDHB,0.0934669391804326
ENSG00000235068,5460,POU5F1,0.2119084261264777
ENSG00000156011,23362,PSD3,-0.1724473987454743
ENSG00000088179,5775,PTPN4,0.2759615919201176
ENSG00000125826,10616,RBCK1,0.1945581031649536
ENSG00000112306,6206,RPS12,-0.1147835080496306
ENSG00000137996,8634,RTCA,-0.1705316870786047
ENSG00000008513,6482,ST3GAL1,0.2132222757371246
ENSG00000116205,127428,TCEANC2,-0.2699527394986942
ENSG00000120963,51123,ZNF706,0.0878316335710066
ENSG00000152990,166647,ADGRA3,0.2169716468707457
ENSG00000148218,210,ALAD,0.2289211035355703
ENSG00000117362,51107,APH1A,0.1382551480883685
ENSG00000187498,1282,COL4A1,0.1217803907221164
ENSG00000135940,1329,COX5B,-0.0691667440448468
ENSG00000131174,1349,COX7B,0.0448958287568001
ENSG00000172795,167227,DCP2,-0.116812302973175
ENSG00000167986,1642,DDB1,0.0937940928464708
ENSG00000127334,8445,DYRK2,-0.1887284367424205
ENSG00000112242,1871,E2F3,-0.3324025667172515
ENSG00000134697,29889,GNL2,0.1313323002224849
ENSG00000165996,9200,HACD1,-0.2380221197467369
ENSG00000206172,3039,HBA1,0.1697240971341442
ENSG00000107521,3257,HPS1,0.2991725035813623
ENSG00000055609,58508,KMT2C,0.1535374804285972
ENSG00000128585,4289,MKLN1,-0.1263205498040316
ENSG00000113048,23107,MRPS27,-0.083933455285915
ENSG00000119638,91754,NEK9,-0.1476933638284602
ENSG00000179915,9378,NRXN1,0.325360487918537
ENSG00000164576,79685,SAP30L,-0.2217963455588111
ENSG00000134802,29015,SLC43A3,0.2111078084428311
,,SOGA1,-0.4147801089431279
ENSG00000258484,246777,SPESP1,0.1886690100649238
ENSG00000118785,6696,SPP1,-0.1449143427626528
ENSG00000266173,92335,STRADA,0.2908749919830713
ENSG00000169221,26000,TBC1D10B,0.2640135803766616
ENSG00000162851,64216,TFB2M,-0.2205852031986127
ENSG00000106799,7046,TGFBR1,-0.1901033065962679
ENSG00000198498,55319,TMA16,0.1057797257741521
ENSG00000134291,79022,TMEM106C,0.0630719694418795
ENSG00000186187,84937,ZNRF1,0.2802187433705249
ENSG00000158691,9753,ZSCAN12,-0.2696646243738393
ENSG00000121297,57616,TSHZ3,0.2566656922963113
ENSG00000139624,91012,CERS5,0.1507623536944987
ENSG00000291380,55707,NECAP2,0.1670411060571147
ENSG00000160226,755,CFAP410,-0.3566146842139969
ENSG00000205268,5150,PDE7A,-0.3523060265620142
ENSG00000169359,9197,SLC33A1,0.2023953276022942
ENSG00000124177,84181,CHD6,0.1688361442048204
ENSG00000115919,8942,KYNU,0.3238430003307949
ENSG00000121579,80218,NAA50,0.1207347258398597
ENSG00000115539,79031,PDCL3,-0.1434196233212579
ENSG00000132356,5562,PRKAA1,0.2126963520960131
ENSG00000124496,55809,TRERF1,0.2373765841066099
ENSG00000123992,23549,DNPEP,-0.139846930190907
ENSG00000116455,79084,WDR77,0.1946309126280785
ENSG00000162378,79699,ZYG11B,-0.1347943327887716
ENSG00000172586,118487,CHCHD1,0.0658732484221254
ENSG00000148925,84280,BTBD10,0.153833506883684
ENSG00000113441,4012,LNPEP,-0.2056562889354975
ENSG00000233948,5987,TRIM27,0.1595575364872687
ENSG00000126858,55288,RHOT1,-0.1979290284320499
ENSG00000250317,389203,SMIM20,0.1285515090045411
,,TTC26,0.2650467792463795
ENSG00000135974,79074,C2orf49,0.1860636388794969
ENSG00000090889,24137,KIF4A,-0.4263747378361594
ENSG00000125753,7408,VASP,0.2649022935211808
ENSG00000273703,8342,H2BC14,-0.3636778115735367
ENSG00000115457,3485,IGFBP2,-0.2490404308938868
ENSG00000166529,7589,ZSCAN21,0.2345662062253411
ENSG00000198356,439,GET3,0.1881748937214583
ENSG00000185043,10519,CIB1,-0.1477501455469352
ENSG00000128654,10651,MTX2,-0.1481093418228726
ENSG00000159674,10417,SPON2,0.3360634736710732
ENSG00000148120,84909,AOPEP,0.3147225884509002
ENSG00000196591,3066,HDAC2,0.1084909469761025
ENSG00000010404,3423,IDS,0.2782515763627799
ENSG00000249709,163050,ZNF564,0.3114008042474728
ENSG00000171604,51523,CXXC5,0.1805965828772622
ENSG00000073712,10979,FERMT2,0.1837215042513529
ENSG00000180694,169200,TMEM64,0.1548235054497816
ENSG00000117010,127396,ZNF684,0.2819843098549998
ENSG00000048740,10659,CELF2,0.1947455656866498
ENSG00000076513,88455,ANKRD13A,0.2488375448835073
ENSG00000147364,26260,FBXO25,0.2342640677839736
ENSG00000179632,84232,MAF1,-0.2109192252371307
ENSG00000112651,51069,MRPL2,0.156390552602835
ENSG00000162576,54587,MXRA8,0.2877816843184322
ENSG00000126453,83596,BCL2L12,-0.24604219554796
ENSG00000096401,988,CDC5L,-0.1217387947564101
ENSG00000117543,51611,DPH5,0.0849569314991855
ENSG00000114942,1933,EEF1B2,-0.0789666812308379
ENSG00000101680,284217,LAMA1,-0.1415635533183613
ENSG00000078403,8028,MLLT10,-0.2510348761980551
ENSG00000196943,161424,NOP9,-0.2699695406599052
ENSG00000089902,23186,RCOR1,0.2130268980604945
ENSG00000212747,441518,RTL8B,0.2741886142850961
ENSG00000198743,6526,SLC5A3,0.1176183960071047
ENSG00000089063,29058,TMEM230,0.0724697230007562
ENSG00000171227,140738,TMEM37,-0.2086020193554214
ENSG00000183696,7378,UPP1,0.2317441100132
ENSG00000117308,2582,GALE,0.2715229879818724
ENSG00000116991,57568,SIPA1L2,0.2612833818285057
ENSG00000131462,7283,TUBG1,-0.1113715040526129
ENSG00000143258,27005,USP21,-0.3453132756546692
ENSG00000164961,9897,WASHC5,0.2233808466518005
ENSG00000133169,55859,BEX1,0.1120423507428621
ENSG00000280689,118426,BORCS5,0.320235764824511
ENSG00000162407,8613,PLPP3,0.1324114771661207
ENSG00000165494,51585,PCF11,0.2873576009108212
ENSG00000055950,84545,MRPL43,-0.081569127794637
ENSG00000126860,2123,EVI2A,0.289360516098035
,,FAM126B,-0.1780799128007938
ENSG00000056097,51663,ZFR,0.1020633014581887
ENSG00000145780,56929,FEM1C,-0.2102544271965724
ENSG00000153922,1105,CHD1,-0.1822408805177551
ENSG00000196781,7088,TLE1,0.2800809333179266
ENSG00000197971,4155,MBP,0.3463183992226975
,100507217,CHASERR,-0.2370739424526881
ENSG00000163659,25976,TIPARP,-0.3237953961705938
ENSG00000186468,6228,RPS23,-0.0874681461143504
ENSG00000115446,25972,UNC50,-0.1935371113535362
ENSG00000130023,55780,ERMARD,0.1567011118420603
ENSG00000288891,107984035,LOC107984035,0.3497604117173418
ENSG00000153044,64946,CENPH,-0.2244872497708057
ENSG00000153832,130888,FBXO36,-0.254366918331791
ENSG00000221955,84561,SLC12A8,-0.277000295816928
ENSG00000182141,7562,ZNF708,-0.2316057711052415
ENSG00000067248,54505,DHX29,-0.1738934669236192
ENSG00000173542,92597,MOB1B,0.2040051331617999
ENSG00000011201,3730,ANOS1,0.3507875360636251
ENSG00000025770,29781,NCAPH2,0.2443388286423773
ENSG00000196712,4763,NF1,0.1856136925524536
ENSG00000095970,54209,TREM2,0.2628268235939702
ENSG00000175970,84747,UNC119B,0.211751693397947
ENSG00000241127,57002,YAE1,0.0842000925789518
ENSG00000196172,148213,ZNF681,0.1958334585123156
ENSG00000142156,1291,COL6A1,-0.1767581159509482
ENSG00000124098,116151,FAM210B,0.1540111946025139
ENSG00000165417,2957,GTF2A1,-0.1376271758977785
ENSG00000143543,10899,JTB,0.1084593775371686
ENSG00000006015,55049,REX1BD,0.1891401012778711
ENSG00000089053,51433,ANAPC5,0.0946966185101028
ENSG00000164062,327,APEH,-0.1362293957673543
ENSG00000124181,5335,PLCG1,0.2120279829798629
ENSG00000186889,200728,TMEM17,-0.2592088387051142
ENSG00000083123,594,BCKDHB,-0.3240287093689509
ENSG00000119723,51004,COQ6,0.2105843066673755
ENSG00000145743,64839,FBXL17,0.2729669093751656
ENSG00000163251,7855,FZD5,0.3345775422675313
ENSG00000138604,26035,GLCE,-0.1619521607375626
ENSG00000155115,112495,GTF3C6,-0.0748571565241564
ENSG00000188536,3040,HBA2,0.1074006649502199
ENSG00000197147,23507,LRRC8B,0.2930388252401847
ENSG00000117899,23184,MESD,-0.0990106802781817
ENSG00000214357,54492,NEURL1B,-0.2625738575790178
ENSG00000101361,10528,NOP56,-0.086931947336252
ENSG00000160075,29101,SSU72,-0.1118478416830838
ENSG00000133316,54663,WDR74,0.1540729143486539
ENSG00000126804,22890,ZBTB1,-0.1764486423285285
ENSG00000198440,147949,ZNF583,-0.3285897858639431
ENSG00000106400,10467,ZNHIT1,-0.1017767180335606
ENSG00000273616,,NDUFA6-DT,-0.2728169006277826
ENSG00000130159,51295,ECSIT,0.1862266208837748
ENSG00000137807,9493,KIF23,-0.2288417180721571
ENSG00000111144,4048,LTA4H,0.0607131874059036
ENSG00000143436,65005,MRPL9,-0.1437859162198179
ENSG00000182185,5890,RAD51B,-0.2092573827786978
ENSG00000166562,90701,SEC11C,-0.1392638020414272
ENSG00000135111,6926,TBX3,-0.2824641290203774
ENSG00000178202,143888,POGLUT3,0.2836833003074361
ENSG00000275003,1652,DDT,-0.2218933858410217
ENSG00000100056,8220,ESS2,-0.2898337936308427
ENSG00000170860,27258,LSM3,0.0576435812687935
ENSG00000147457,91782,CHMP7,-0.3256806446266904
ENSG00000162999,142679,DUSP19,-0.279274582321002
ENSG00000101150,7165,TPD52L2,-0.2075889432563753
ENSG00000280759,161,AP2A2,0.2152882405204396
ENSG00000127184,1350,COX7C,0.0686862293794079
ENSG00000175183,1466,CSRP2,-0.1499481183362948
,,GBA,0.2048890551769281
ENSG00000096872,80173,IFT74,0.1746209049395916
ENSG00000116497,64766,S100PBP,-0.1462941436862797
ENSG00000121064,59342,SCPEP1,0.094250776995501
ENSG00000171984,149840,SHLD1,0.1543574374027718
ENSG00000153914,140890,SREK1,0.1263350883293252
ENSG00000139372,6996,TDG,0.2543693017354267
ENSG00000107854,80351,TNKS2,-0.2173393697079714
ENSG00000182774,6218,RPS17,-0.0855221691450383
ENSG00000171365,1184,CLCN5,-0.1866130666885242
ENSG00000147874,54801,HAUS6,-0.2426521983902841
ENSG00000180957,23760,PITPNB,0.1052999471295042
ENSG00000108559,4927,NUP88,-0.208750800195569
ENSG00000133574,55303,GIMAP4,-0.160623489356556
ENSG00000118181,6230,RPS25,-0.0404890888090352
ENSG00000104164,26258,BLOC1S6,0.1323480028686673
ENSG00000160679,26097,CHTOP,-0.1567993520280729
,441124,GTF2IP20,0.3414544472103437
ENSG00000131143,1327,COX4I1,0.0256796045925432
ENSG00000152102,130074,FAM168B,0.1572634665165735
ENSG00000211460,7247,TSN,0.0845694914098165
ENSG00000170153,57484,RNF150,0.2309653389695644
ENSG00000196151,151525,WDSUB1,-0.2876185308907782
ENSG00000133816,9645,MICAL2,-0.1683271371957448
ENSG00000047249,51606,ATP6V1H,0.1306984032970211
ENSG00000271584,105369490,LINC02550,0.2636275580474858
ENSG00000174938,26470,SEZ6L2,-0.3209851070981817
ENSG00000079432,23152,CIC,0.2656102010219675
ENSG00000116791,1429,CRYZ,0.1417728899041091
ENSG00000277594,11056,DDX52,-0.1064787239791055
ENSG00000081791,9812,DELE1,0.1327698660601841
ENSG00000122068,84248,FYTTD1,-0.0749056812703753
ENSG00000169727,2873,GPS1,-0.1584972055491893
ENSG00000141753,3487,IGFBP4,-0.0986213052840301
ENSG00000100410,84844,PHF5A,0.1101456394536004
ENSG00000219200,440400,RNASEK,-0.1223373894526908
ENSG00000028137,7133,TNFRSF1B,0.3349521989132127
ENSG00000100028,6634,SNRPD3,0.0451854385955157
,,C12orf65,0.1043319368876928
ENSG00000082258,905,CCNT2,0.1687629416673414
ENSG00000101850,4935,GPR143,0.2834331611676254
ENSG00000142082,23410,SIRT3,-0.2679482434405825
ENSG00000197702,55742,PARVA,0.1262646093683741
ENSG00000067900,6093,ROCK1,-0.1938774442508772
ENSG00000196199,54737,MPHOSPH8,-0.1199220267870342
ENSG00000095380,54187,NANS,0.1100103067720978
ENSG00000115282,64427,TTC31,0.2717943409233416
ENSG00000114999,150465,TTL,0.1987595259626102
ENSG00000139329,4060,LUM,0.0857897967839266
ENSG00000127452,54850,FBXL12,0.2982080575772183
ENSG00000153071,1601,DAB2,-0.1456051474324864
ENSG00000112406,51696,HECA,0.1902030223706885
ENSG00000168159,149603,RNF187,0.2076612004076772
ENSG00000124214,6780,STAU1,-0.1396478450429895
ENSG00000159346,51094,ADIPOR1,0.1321489553894839
ENSG00000189164,84503,ZNF527,0.3070518903832006
ENSG00000109606,1665,DHX15,0.0883833135953893
ENSG00000121931,55791,LRIF1,0.1327482111350037
ENSG00000106069,1124,CHN2,0.2668624188187702
ENSG00000244752,1415,CRYBB2,0.3202562849232113
ENSG00000115756,3241,HPCAL1,-0.2504653867793534
ENSG00000101882,79576,NKAP,-0.1759023012702622
ENSG00000156136,1633,DCK,0.368096315899876
ENSG00000128694,64172,OSGEPL1,-0.132773668166132
ENSG00000182004,6635,SNRPE,0.0327538741538644
ENSG00000173660,7388,UQCRH,0.0509914646431188
ENSG00000280832,399972,GSEC,0.2412119010176199
ENSG00000135334,55122,AKIRIN2,-0.1791940835083266
,,C11orf49,-0.1639178502421537
ENSG00000110074,55572,FOXRED1,0.2110409862250702
ENSG00000246705,55766,H2AJ,0.1612702294378376
ENSG00000267100,147727,ILF3-DT,0.1470533330126452
ENSG00000204316,64978,MRPL38,0.15224873377908
ENSG00000143315,93183,PIGM,-0.148700418704161
ENSG00000139351,50511,SYCP3,0.2300115887771839
ENSG00000168140,114990,VASN,-0.3014150816044215
ENSG00000100749,7443,VRK1,0.1351103304479968
ENSG00000267680,7767,ZNF224,-0.3021225938455478
ENSG00000124275,4552,MTRR,-0.2123906859527076
ENSG00000166579,81565,NDEL1,-0.2711916881611456
ENSG00000083535,10464,PIBF1,-0.2194834625486776
ENSG00000157502,139221,PWWP3B,0.1462136213211892
ENSG00000138448,3685,ITGAV,0.1115830859163379
ENSG00000130203,348,APOE,0.1118740239137779
ENSG00000168397,23192,ATG4B,-0.2052435783003602
ENSG00000044459,54875,CNTLN,0.1942014250490298
ENSG00000168434,91949,COG7,0.2788888894846185
ENSG00000196227,63939,FAM217B,-0.1568872695801437
,440926,H3P6,0.1749997434986905
ENSG00000095574,64376,IKZF5,-0.2273130089962866
ENSG00000102753,3839,KPNA3,0.1115777351656202
ENSG00000109685,7468,NSD2,0.2178846968342395
ENSG00000102900,9688,NUP93,0.1119738903155334
ENSG00000135473,9924,PAN2,0.2860773036410676
ENSG00000132570,84105,PCBD2,-0.2301630303659522
ENSG00000107758,5532,PPP3CB,0.1704824271718807
ENSG00000169230,27166,PRELID1,0.1977662438265376
ENSG00000188283,163087,ZNF383,0.3016134188673726
ENSG00000115368,84128,WDR75,-0.1600919683082133
ENSG00000109171,57606,SLAIN2,-0.1928570836264923
ENSG00000154277,7345,UCHL1,0.1069971735792524
ENSG00000213337,51239,ANKRD39,-0.1904362748808745
ENSG00000205339,10527,IPO7,-0.08304915017059
ENSG00000107960,79991,STN1,-0.1372793626987292
ENSG00000148248,6836,SURF4,0.0931135301346805
ENSG00000164934,25879,DCAF13,0.0930625842117129
ENSG00000165501,122769,LRR1,0.1675886057044868
ENSG00000139718,23067,SETD1B,0.2866501942681499
ENSG00000164171,3673,ITGA2,-0.2797108924885062
ENSG00000132471,23558,WBP2,0.210264552582434
ENSG00000159322,83440,ADPGK,-0.2583207748600778
ENSG00000156970,701,BUB1B,-0.2877069557365256
ENSG00000158769,50848,F11R,0.1045818880132617
ENSG00000140307,2958,GTF2A2,0.0551829535572243
ENSG00000155393,55027,HEATR3,-0.3127121458701782
ENSG00000051128,9454,HOMER3,-0.2924007705393734
ENSG00000178053,4291,MLF1,0.0921821180346166
ENSG00000166902,54948,MRPL16,-0.0997788157594378
ENSG00000055044,51602,NOP58,0.0867901689943307
ENSG00000112874,83594,NUDT12,-0.269710535657516
ENSG00000240356,118433,RPL23AP7,-0.2948194384586323
ENSG00000205269,100113407,TMEM170B,0.3162224136142875
ENSG00000151353,129787,TMEM18,0.0585879068466074
ENSG00000149636,79980,DSN1,-0.1508603786474885
,,FAM214A,-0.269253211638957
ENSG00000130775,9473,THEMIS2,0.1534652791813162
ENSG00000141499,55135,WRAP53,-0.2702998333540301
ENSG00000156521,219743,TYSND1,-0.2528353420477361
ENSG00000164163,6059,ABCE1,-0.0827392770916325
ENSG00000153956,781,CACNA2D1,0.3359495942254239
ENSG00000118004,78989,COLEC11,-0.2542325716472472
ENSG00000118260,1385,CREB1,0.1062562626765848
ENSG00000124019,79843,FAM124B,0.2646016554668148
ENSG00000102241,27336,HTATSF1,0.1267820440746678
ENSG00000163463,200185,KRTCAP2,0.0392821727666002
ENSG00000090266,4708,NDUFB2,-0.0412629647700437
ENSG00000115947,5000,ORC4,0.0852695496408587
ENSG00000138777,27068,PPA2,-0.1167819049824159
ENSG00000253729,5591,PRKDC,-0.1331132085018405
ENSG00000173611,286205,SCAI,0.2211939874106221
ENSG00000245556,728769,SCAMP1-AS1,0.2650734782219509
ENSG00000166337,6881,TAF10,0.2242323820629817
ENSG00000161277,199745,THAP8,0.2543562066939838
ENSG00000130985,7317,UBA1,-0.102067305429663
,220906,WAC-AS1,-0.3445820389435502
ENSG00000136870,7743,ZNF189,0.2278564553463253
ENSG00000198087,23607,CD2AP,-0.1664064914762157
ENSG00000106153,51142,CHCHD2,-0.0883297731630823
ENSG00000114648,23276,KLHL18,0.2452019145241716
ENSG00000124380,11017,SNRNP27,0.1159899327084499
ENSG00000141040,57336,ZNF287,0.3101883273270194
ENSG00000127463,23065,EMC1,0.1139944218207137
ENSG00000179409,50628,GEMIN4,0.2168659363693526
ENSG00000127989,7978,MTERF1,0.2097292545461432
ENSG00000273274,728116,ZBTB8B,-0.3041857465152814
ENSG00000174276,741,ZNHIT2,0.3092392470873146
ENSG00000172890,55191,NADSYN1,-0.3344443448946624
ENSG00000161800,29127,RACGAP1,-0.145353297205821
ENSG00000035687,159,ADSS2,-0.1540299506271117
ENSG00000291964,55839,CENPN,0.1209235105384942
ENSG00000140598,79631,EFL1,0.2667014344292766
ENSG00000179163,2517,FUCA1,-0.1284836906961614
ENSG00000104419,10397,NDRG1,-0.2684287632948789
ENSG00000067992,5165,PDK3,-0.0941784306651807
ENSG00000109805,64151,NCAPG,0.2789568082911265
ENSG00000180979,255252,LRRC57,-0.156366206430247
ENSG00000116747,6738,RO60,-0.0691136047286914
ENSG00000177951,51272,BET1L,0.1988106186048026
ENSG00000159884,203260,CCDC107,-0.2384018513792227
ENSG00000152404,143884,CWF19L2,0.1316008931450949
ENSG00000025423,8630,HSD17B6,0.2259217636474875
ENSG00000186260,57496,MRTFB,0.144228112270759
ENSG00000178860,9242,MSC,-0.2844841113202425
ENSG00000173614,64802,NMNAT1,0.2347416251079717
ENSG00000103769,8766,RAB11A,0.0492642911379758
ENSG00000148300,57109,REXO4,-0.3089083536624966
ENSG00000175893,340481,ZDHHC21,0.3091858937646454
ENSG00000145723,54826,GIN1,0.2116222369230573
ENSG00000115275,7841,MOGS,-0.2570911937080192
ENSG00000117593,55157,DARS2,0.1703278832088151
ENSG00000148450,22921,MSRB2,-0.2596257147273212
ENSG00000196368,55190,NUDT11,-0.1074379546079262
ENSG00000102390,51260,PBDC1,0.0816901591945021
ENSG00000254999,55845,BRK1,0.0300972857325477
ENSG00000164116,2982,GUCY1A1,0.200416889609022
ENSG00000231074,414777,HCG18,0.1771621994700604
ENSG00000187147,55182,RNF220,-0.2016123301019183
ENSG00000144713,6161,RPL32,0.041802638618158
ENSG00000291931,6187,RPS2,-0.0723347666513492
ENSG00000125651,2962,GTF2F1,0.220925622052993
ENSG00000138363,471,ATIC,0.0807988950049107
ENSG00000085117,3732,CD82,0.2754680265883421
ENSG00000197603,65250,CPLANE1,0.2620702017497452
ENSG00000172461,10690,FUT9,-0.2269353465639353
ENSG00000274020,388685,LINC01138,-0.2858055884435324
ENSG00000163040,90557,CCDC74A,0.2658464717073537
ENSG00000176624,51320,MEX3C,0.1433477573872844
ENSG00000161939,100529209,RNASEK-C17orf49,0.3154777632828365
ENSG00000119899,26503,SLC17A5,0.2177695501994024
ENSG00000156239,29104,N6AMT1,0.1492789827816343
ENSG00000132141,10693,CCT6B,-0.278358458334669
ENSG00000186020,57711,ZNF529,0.164890385449461
ENSG00000260260,100507303,SNHG19,0.1408938439244798
ENSG00000102897,57149,LYRM1,-0.1307568831664711
ENSG00000182378,55344,PLCXD1,0.2718511419637034
ENSG00000011258,54799,MBTD1,-0.2051041677518375
ENSG00000091129,4897,NRCAM,-0.2034311014038057
ENSG00000177425,5074,PAWR,-0.159037994344624
ENSG00000115839,22930,RAB3GAP1,-0.1403371678593817
ENSG00000189369,23708,GSPT2,-0.1999871035813561
ENSG00000213930,2592,GALT,0.1301893091514206
ENSG00000164318,133584,EGFLAM,0.1981101564246005
ENSG00000166974,10982,MAPRE2,0.127092813051514
ENSG00000033627,535,ATP6V0A1,0.2194564265185874
ENSG00000281649,100506710,EBLN3P,0.1742945875794338
ENSG00000163807,57456,KIAA1143,-0.1172424296606524
ENSG00000224897,401398,POT1-AS1,-0.3904211930600761
ENSG00000160271,5900,RALGDS,-0.2690321320680936
ENSG00000196576,23654,PLXNB2,-0.257286658449506
ENSG00000173272,653784,MZT2A,-0.1440757001263369
ENSG00000139410,113675,SDSL,0.1884108521697682
ENSG00000185515,79184,BRCC3,-0.2331393545990208
ENSG00000159111,124995,MRPL10,0.1237114444475637
ENSG00000168884,79155,TNIP2,-0.2498735074093478
ENSG00000109072,7448,VTN,0.2814324318310751
ENSG00000142252,79760,GEMIN7,0.1212977378960258
ENSG00000186566,23131,GPATCH8,0.1800341837447165
ENSG00000274768,284106,CISD3,-0.2091032758514972
ENSG00000172175,10892,MALT1,0.2219133589861705
ENSG00000146373,154214,RNF217,0.2232679930033414
ENSG00000116251,6146,RPL22,-0.0897114640993406
ENSG00000167671,80700,UBXN6,-0.1732978939342418
ENSG00000067829,3421,IDH3G,-0.1046491763612912
ENSG00000197879,4641,MYO1C,-0.2874643760292399
ENSG00000154642,54149,C21orf91,0.1476747305368078
ENSG00000285022,9258,MFHAS1,0.2532803162901072
ENSG00000188690,7390,UROS,-0.1574289967324325
ENSG00000151849,55835,CENPJ,0.3213817745016185
ENSG00000162664,284695,ZNF326,0.1710530155521067
ENSG00000135547,23493,HEY2,0.2774820929855554
ENSG00000198502,3127,HLA-DRB5,0.1983008761826682
ENSG00000091164,9352,TXNL1,-0.066910511031151
ENSG00000130303,684,BST2,0.1562400171429086
ENSG00000174444,6124,RPL4,-0.0305266819476679
ENSG00000129810,151648,SGO1,0.2046774514764291
ENSG00000181924,51287,COA4,0.0868580217286906
,,LOC100507291,0.262907816382697
ENSG00000143294,5546,PRCC,-0.1930130311250508
ENSG00000169245,3627,CXCL10,0.4224617885157398
ENSG00000173171,4580,MTX1,-0.118240089260473
ENSG00000074842,56005,MYDGF,-0.1139927632436643
ENSG00000117133,80135,RPF1,0.0985831439065222
ENSG00000168818,53407,STX18,-0.2024742670388557
ENSG00000118640,8673,VAMP8,0.0804363123392273
ENSG00000110811,10536,P3H3,-0.3074617396489002
ENSG00000123570,51209,RAB9B,-0.2628918707144527
ENSG00000110315,50862,RNF141,0.0883288858250008
ENSG00000275744,66035,SLC2A11,0.2732698722984006
ENSG00000162976,130814,SLC66A3,0.1561193992538221
ENSG00000177125,403341,ZBTB34,0.212408787123081
ENSG00000186908,23390,ZDHHC17,-0.2470843767499294
ENSG00000247572,100131067,CKMT2-AS1,-0.2668702371578088
ENSG00000197081,3482,IGF2R,-0.2332162134172862
ENSG00000184445,9735,KNTC1,-0.2419354437137637
ENSG00000091009,54439,RBM27,-0.1533415652524215
ENSG00000117394,6513,SLC2A1,-0.257901529358825
ENSG00000117385,64175,P3H1,0.258420877392941
ENSG00000100650,6430,SRSF5,0.0952313054052112
ENSG00000181827,64864,RFX7,0.2934106369856718
ENSG00000020426,4331,MNAT1,0.1406845012892678
ENSG00000092758,1299,COL9A3,-0.2786439120419838
ENSG00000163608,25871,NEPRO,0.141206629890857
ENSG00000131263,51132,RLIM,0.1359180596156492
ENSG00000011275,54476,RNF216,0.1558546077242373
ENSG00000234444,728927,ZNF736,0.2149228028708421
ENSG00000215251,60493,FASTKD5,-0.154294254821348
ENSG00000162775,64783,RBM15,0.2106131702223315
ENSG00000196502,6817,SULT1A1,-0.2392517631809381
ENSG00000214655,23053,ZSWIM8,0.2371004353304273
ENSG00000140577,64784,CRTC3,-0.1386744936221876
ENSG00000185339,6948,TCN2,-0.2141135996748887
ENSG00000132286,26515,TIMM10B,0.0881505728586083
ENSG00000196653,91392,ZNF502,0.202908486147254
ENSG00000137947,2959,GTF2B,-0.070698029725641
ENSG00000091651,23594,ORC6,0.2222575216062006
ENSG00000116288,11315,PARK7,0.0354757651858317
ENSG00000063180,770,CA11,0.2497764973830361
ENSG00000013374,51667,NUB1,-0.1564277943568128
ENSG00000293201,255330,NUP210P1,0.2487585432544627
ENSG00000115364,9801,MRPL19,0.1367228157995747
ENSG00000244045,147007,TMEM199,-0.1710680760621149
ENSG00000269293,100129195,ZSCAN16-AS1,0.104926077241709
ENSG00000143067,90874,ZNF697,-0.1601517042402477
,664709,HNRNPA1P10,-0.1460003155246939
ENSG00000116350,6429,SRSF4,-0.17702383582769
ENSG00000075303,55972,SLC25A40,0.1463244987297415
ENSG00000185104,11124,FAF1,-0.2049440163294393
ENSG00000157106,23049,SMG1,0.2178432018815806
ENSG00000112742,7272,TTK,-0.1730779525227611
ENSG00000173221,2745,GLRX,0.0801276113410001
ENSG00000124370,84693,MCEE,0.2135642250073696
ENSG00000185664,6490,PMEL,0.192791275887068
ENSG00000120686,51569,UFM1,-0.0817337187920537
ENSG00000240225,,ZNF542P,0.151698777673182
,,C1orf109,-0.2343230647878891
ENSG00000083937,25978,CHMP2B,0.1126723324241247
ENSG00000188603,1201,CLN3,-0.1572153362437946
ENSG00000147202,1730,DIAPH2,0.1919989311030112
ENSG00000103490,29108,PYCARD,-0.1324663496883836
ENSG00000180879,6748,SSR4,0.0301376809810227
ENSG00000105677,10430,TMEM147,-0.0813870777013808
ENSG00000006125,163,AP2B1,0.1365195011076833
ENSG00000162909,824,CAPN2,0.1417978762062864
ENSG00000114541,23150,FRMD4B,-0.1780046671991602
ENSG00000152700,51128,SAR1B,0.0785996081050183
ENSG00000146950,357,SHROOM2,0.2369021338111103
ENSG00000108064,7019,TFAM,-0.0951316826096045
ENSG00000117625,55758,RCOR3,0.1669492370007983
ENSG00000135956,55654,TMEM127,-0.1788715400800482
ENSG00000106077,83451,ABHD11,0.2759703035901
ENSG00000235531,100132891,MSC-AS1,-0.2410435894022748
ENSG00000112335,8724,SNX3,-0.071293075799979
ENSG00000108055,9126,SMC3,0.107523590128708
ENSG00000130733,78992,YIPF2,0.2593590830713735
ENSG00000143147,23432,GPR161,-0.2784271176291182
ENSG00000109458,2549,GAB1,0.1668094073668897
ENSG00000100105,23598,PATZ1,-0.1783848707057412
ENSG00000125354,23157,SEPTIN6,-0.0781418433297178
ENSG00000183155,5877,RABIF,0.1319381051497494
ENSG00000161016,6132,RPL8,0.0291780915497422
ENSG00000146535,2768,GNA12,0.1637080755468641
ENSG00000151116,55293,UEVLD,-0.1748659190954218
ENSG00000101856,10857,PGRMC1,-0.0643981220772593
ENSG00000156990,285367,RPUSD3,-0.1536144391342773
ENSG00000111801,10384,BTN3A3,0.14183746260023
ENSG00000281429,56975,FAM20C,-0.2941709097274866
ENSG00000143774,2987,GUK1,-0.0898428637580601
ENSG00000226235,284576,LEMD1-AS1,0.2517787531647045
ENSG00000108443,6198,RPS6KB1,-0.1971538567154462
ENSG00000140543,55070,DET1,0.2117564441896956
ENSG00000232956,285958,SNHG15,0.1116028293559045
ENSG00000171056,83595,SOX7,-0.2475564413019998
ENSG00000135148,10906,TRAFD1,0.1157466380611832
ENSG00000141337,22901,ARSG,-0.205310501387116
ENSG00000031691,55166,CENPQ,0.1563159401407317
ENSG00000130695,64793,CEP85,0.1671562969642819
ENSG00000173163,150684,COMMD1,-0.0700973822374013
ENSG00000087470,10059,DNM1L,0.1022174192832994
ENSG00000165675,10495,ENOX2,0.2323615653201835
ENSG00000140525,55215,FANCI,0.1847823982300506
ENSG00000136636,51133,KCTD3,-0.1746294526756804
ENSG00000121774,10657,KHDRBS1,0.0889629425344699
ENSG00000128833,55930,MYO5C,-0.2673319554325642
ENSG00000131435,8572,PDLIM4,0.1576507432900163
ENSG00000196182,83931,STK40,0.2976713844310923
ENSG00000231889,643749,TRAF3IP2-AS1,-0.1614776186493768
ENSG00000166526,7551,ZNF3,0.1033564994455894
ENSG00000164048,51385,ZNF589,-0.278717330059572
ENSG00000101152,80331,DNAJC5,0.2576945792221543
ENSG00000081059,6932,TCF7,0.321985851477394
ENSG00000198551,199692,ZNF627,0.1198981732318158
ENSG00000204217,659,BMPR2,-0.0999709359001522
ENSG00000153721,154043,CNKSR3,0.2582364641011639
ENSG00000122786,800,CALD1,0.0928150338718824
ENSG00000166226,10576,CCT2,0.0348095153013264
ENSG00000180185,81889,FAHD1,0.1152934022096107
ENSG00000165819,56339,METTL3,-0.1733165062952774
ENSG00000161217,5130,PCYT1A,0.1503988148466032
ENSG00000186272,7565,ZNF17,0.2407366833399557
ENSG00000188785,147694,ZNF548,0.1400942712652346
ENSG00000175826,23399,CTDNEP1,0.1423853524379039
ENSG00000139318,1848,DUSP6,-0.2704424728695815
ENSG00000196937,10447,FAM3C,0.1252392096609401
ENSG00000124279,79072,FASTKD3,-0.2251964266918392
ENSG00000173801,3728,JUP,0.1709274562771013
ENSG00000173926,115123,MARCHF3,0.2881622047763694
ENSG00000114503,22916,NCBP2,-0.0666798130039154
ENSG00000133789,23075,SWAP70,0.1854445783181303
ENSG00000120942,29914,UBIAD1,-0.142559573289033
ENSG00000083290,9706,ULK2,0.2271643145156532
ENSG00000090238,83719,YPEL3,-0.2421822004974431
ENSG00000175203,10540,DCTN2,-0.1033259684284281
ENSG00000101161,24148,PRPF6,0.1624026757072332
ENSG00000167191,51704,GPRC5B,0.1060786107472469
ENSG00000078177,55728,N4BP2,0.1666700819678437
ENSG00000080503,6595,SMARCA2,-0.1009010841230827
ENSG00000100154,23331,TTC28,-0.2227297044414251
ENSG00000119403,26147,PHF19,-0.2095261914510109
ENSG00000259431,79178,THTPA,0.1913741812024996
ENSG00000010270,83930,STARD3NL,0.1147948748422438
ENSG00000274523,81554,RCC1L,-0.2251248823868498
ENSG00000005189,81691,REXO5,-0.2470739019801546
ENSG00000182934,6734,SRPRA,-0.1180156928836087
ENSG00000101752,57534,MIB1,0.1387569921502263
ENSG00000183530,253143,PRR14L,-0.1782119573389845
ENSG00000090905,27327,TNRC6A,0.1456728251366807
ENSG00000131097,51751,HIGD1B,0.2172637309853312
ENSG00000290919,23666,UBBP4,0.1250073040984027
ENSG00000090470,10081,PDCD7,0.1798308758996158
ENSG00000198783,91603,ZNF830,-0.1152391178190168
ENSG00000145386,890,CCNA2,0.1984215731888698
,100652772,NNT-AS1,0.1453576590114988
ENSG00000276045,84876,ORAI1,-0.2072862930395984
ENSG00000186130,10773,ZBTB6,-0.1866920815292076
,100131564,CCDC18-AS1,-0.1908098672914418
ENSG00000071054,9448,MAP4K4,0.1047969868765725
ENSG00000284548,51108,METTL9,0.1086863623049025
ENSG00000168066,7536,SF1,-0.1494002497988246
ENSG00000130340,51429,SNX9,-0.2397030012094816
ENSG00000151388,81792,ADAMTS12,-0.1638246213342299
ENSG00000143418,29956,CERS2,0.2012768009076072
ENSG00000035681,8439,NSMAF,0.1555132692612967
ENSG00000076706,4162,MCAM,-0.2365872652736483
ENSG00000137818,6176,RPLP1,0.037609272640936
ENSG00000101158,51497,NELFCD,-0.1373392716380048
ENSG00000187522,51182,HSPA14,0.1549633785368766
ENSG00000110713,4928,NUP98,0.1726866621351869
ENSG00000140391,10099,TSPAN3,-0.0611031331456832
ENSG00000101945,6839,SUV39H1,0.2357666880836013
,649446,DLGAP1-AS1,0.2069790556146909
ENSG00000163823,1230,CCR1,0.2177903302417385
ENSG00000178295,348654,GEN1,-0.261515869568998
ENSG00000039123,23517,MTREX,-0.1269227841321771
ENSG00000048707,55187,VPS13D,0.2054639192038954
ENSG00000169679,699,BUB1,0.1387904668652256
ENSG00000152133,253635,GPATCH11,-0.1849479286266036
ENSG00000182481,3838,KPNA2,-0.0448687904686935
ENSG00000170873,9788,MTSS1,0.1456049377289349
ENSG00000198836,4976,OPA1,0.1651621428888328
ENSG00000165637,7417,VDAC2,0.0716369187138764
ENSG00000105971,858,CAV2,-0.1325703210747784
ENSG00000168769,54790,TET2,0.2656519453156986
ENSG00000125352,7737,RNF113A,-0.1195708973011183
ENSG00000197694,6709,SPTAN1,-0.1535951541238933
ENSG00000171307,84287,ZDHHC16,0.1272588991044598
ENSG00000186470,11118,BTN3A2,-0.1167085904585799
ENSG00000100664,1983,EIF5,0.066447758158288
ENSG00000139354,283431,GAS2L3,-0.2620830702090093
ENSG00000142875,5567,PRKACB,0.1325957054534276
ENSG00000167325,6240,RRM1,0.0821588139757567
ENSG00000086589,55696,RBM22,0.148001898031886
ENSG00000179833,9792,SERTAD2,0.1589275855201735
ENSG00000078674,5108,PCM1,0.1221949100146135
ENSG00000140386,49855,SCAPER,-0.2107213735198427
ENSG00000065809,83641,FAM107B,-0.1663132884890639
ENSG00000005893,3920,LAMP2,0.0431226981434562
ENSG00000137817,56965,PARP6,0.2591521317134852
ENSG00000188647,375743,PTAR1,0.1203973706646219
ENSG00000091490,23231,SEL1L3,-0.1883244186054955
ENSG00000119953,10285,SMNDC1,0.1217950909289185
ENSG00000109501,7466,WFS1,-0.1617961815024196
ENSG00000110080,6484,ST3GAL4,0.1905544023250566
ENSG00000131089,23229,ARHGEF9,0.1980979044406869
ENSG00000118217,22926,ATF6,0.0920982506159207
ENSG00000197299,641,BLM,-0.257186923495239
ENSG00000122741,79269,DCAF10,0.137472707756518
ENSG00000178896,54512,EXOSC4,-0.1488914364662066
ENSG00000121769,2170,FABP3,-0.0742466938537379
ENSG00000167196,26263,FBXO22,0.1673782935042169
ENSG00000084754,3030,HADHA,0.0448147650125701
ENSG00000235844,3113,HLA-DPA1,-0.1244201814927336
ENSG00000166333,3611,ILK,0.2270698646825585
ENSG00000198700,55705,IPO9,0.1316186649591807
ENSG00000188186,389541,LAMTOR4,0.0547094371779635
ENSG00000198862,26046,LTN1,0.1588243556142503
ENSG00000188986,25920,NELFB,-0.2052399089385152
ENSG00000117697,25936,NSL1,-0.0739815631899819
ENSG00000160972,84988,PPP1R16A,-0.2234657490974138
ENSG00000132341,5901,RAN,0.0231936147400576
ENSG00000148303,6130,RPL7A,-0.0549312777620988
ENSG00000128228,23753,SDF2L1,-0.1094663375313322
ENSG00000006837,51265,CDKL3,0.2120092664582644
ENSG00000243570,629,CFB,-0.4168732451771281
ENSG00000171316,55636,CHD7,-0.1955914120183279
ENSG00000102796,79758,DHRS12,-0.208096091707305
ENSG00000178385,389072,PLEKHM3,0.2184226843084905
ENSG00000281500,2542,SLC37A4,-0.1046691066995293
ENSG00000107742,9806,SPOCK2,0.1219826474088693
ENSG00000198795,25925,ZNF521,0.171869091330001
ENSG00000141646,4089,SMAD4,0.0911776909177154
ENSG00000206573,440944,THUMPD3-AS1,0.2028254837220707
ENSG00000152818,7402,UTRN,0.196405759225944
ENSG00000165801,55701,ARHGEF40,0.2395854393401741
ENSG00000123609,9111,NMI,0.1543773148293616
ENSG00000103549,9810,RNF40,-0.1804453110542204
ENSG00000118596,9194,SLC16A7,-0.2260105259519207
ENSG00000151445,63894,VIPAS39,0.1039357641997432
ENSG00000118961,60526,LDAH,0.1497595644133071
ENSG00000078070,56922,MCCC1,-0.2877778009170181
ENSG00000078687,57690,TNRC6C,0.1946287941550545
ENSG00000092978,55105,GPATCH2,0.1076094639661591
ENSG00000171476,84525,HOPX,-0.0911915458219324
ENSG00000149806,2197,FAU,-0.070952817872518
ENSG00000144840,285282,RABL3,0.13353212866336
ENSG00000285049,29894,CPSF1,0.2349041783972451
ENSG00000157349,11269,DDX19B,0.1265400153070953
ENSG00000167842,79003,MIS12,0.1005015084785266
ENSG00000186104,120227,CYP2R1,-0.1470199689723653
ENSG00000128849,84952,CGNL1,-0.1380681301834675
ENSG00000243742,,RPLP0P2,0.1656910612756155
ENSG00000136840,27090,ST6GALNAC4,0.2075653133209604
ENSG00000163541,8802,SUCLG1,0.0523668515447188
ENSG00000113583,56951,C5orf15,-0.0945244365399985
ENSG00000116237,23463,ICMT,0.1620600309278324
ENSG00000088367,2036,EPB41L1,-0.2306875189060255
ENSG00000146386,58527,ABRACL,0.0402234041338331
,,EEF1AKNMT,0.1848819467375965
ENSG00000081479,4036,LRP2,-0.2440925409492484
ENSG00000176209,114926,SMIM19,0.0931828802274848
ENSG00000090372,29888,STRN4,0.1975745611412994
ENSG00000182165,11257,TP53TG1,-0.1118041744512989
ENSG00000185414,51263,MRPL30,-0.0719264380147419
ENSG00000107833,10360,NPM3,-0.1600141318863543
ENSG00000197279,7718,ZNF165,0.1850016281250349
ENSG00000134202,2947,GSTM3,0.0513232909664492
ENSG00000058262,29927,SEC61A1,-0.1232460275702281
ENSG00000171161,79894,ZNF672,0.2332228045099791
ENSG00000163960,26043,UBXN7,-0.1424103320632401
ENSG00000120696,84078,KBTBD7,0.1387815195815079
ENSG00000146233,51302,CYP39A1,-0.2096486971969359
ENSG00000196247,51427,ZNF107,-0.2567774837413452
ENSG00000105127,10270,AKAP8,0.2394500065833744
ENSG00000109016,25979,DHRS7B,0.0884153420438617
ENSG00000164346,10412,NSA2,0.0654179348046168
ENSG00000188846,9045,RPL14,-0.0839191299489997
ENSG00000278741,29,ABR,-0.2469611274464775
ENSG00000110446,51296,SLC15A3,0.2230899958200493
ENSG00000167766,55769,ZNF83,-0.1435127980300135
ENSG00000204866,147920,IGFL2,-0.2482363079386144
ENSG00000139613,6601,SMARCC2,0.1536333486720552
ENSG00000116221,51253,MRPL37,0.102550840008989
ENSG00000171953,91647,ATPAF2,0.1576474647469299
ENSG00000168803,161823,ADAL,0.1312868625220802
ENSG00000198612,10920,COPS8,0.0588330134421495
ENSG00000077232,54431,DNAJC10,0.1156772154553391
ENSG00000101343,51340,CRNKL1,0.0940583191802948
ENSG00000183098,10082,GPC6,-0.1608658830866832
ENSG00000142065,57677,ZFP14,-0.2287504655575037
ENSG00000274803,55814,BDP1,0.2039607948730066
ENSG00000053900,29945,ANAPC4,0.1520848135779157
ENSG00000134987,134430,WDR36,-0.1414333092318818
ENSG00000175390,8665,EIF3F,0.0659394773440823
ENSG00000260916,9236,CCPG1,0.2053702093162271
ENSG00000175550,10589,DRAP1,0.1973010974615215
ENSG00000064703,11218,DDX20,-0.181372811971778
ENSG00000040341,27067,STAU2,0.107792574189922
ENSG00000125611,84269,CHCHD5,0.0725302736762927
ENSG00000012174,51360,MBTPS2,0.1499895745523552
ENSG00000100297,4174,MCM5,0.1211980213831112
ENSG00000163875,64769,MEAF6,-0.096566551878429
ENSG00000142961,148932,MOB3C,0.2213771451848547
ENSG00000144043,113419,TEX261,0.1634890430599088
ENSG00000143093,85369,STRIP1,-0.172726127192401
ENSG00000101966,331,XIAP,0.1424887331635651
ENSG00000240137,101928085,ERICH6-AS1,0.1648738848345395
ENSG00000176124,10301,DLEU1,-0.0942127198063507
ENSG00000107566,10613,ERLIN1,0.1683485376503772
ENSG00000278823,89927,BMERB1,0.2236884223775008
ENSG00000004779,4706,NDUFAB1,0.0559830151985453
ENSG00000167526,6137,RPL13,-0.0686772729522211
ENSG00000183520,51118,UTP11,0.058659808374365
ENSG00000140044,122953,JDP2,-0.2577160504344329
ENSG00000143363,58497,PRUNE1,-0.149519038384174
ENSG00000087274,118,ADD1,0.1019590823801861
ENSG00000107371,51010,EXOSC3,-0.1835164610019274
ENSG00000196782,55534,MAML3,0.2700474964940432
ENSG00000127328,117177,RAB3IP,0.1455100703440485
ENSG00000106615,6009,RHEB,0.0787888809281693
ENSG00000126261,10054,UBA2,-0.0877052765690796
ENSG00000167635,7705,ZNF146,-0.121430992940585
ENSG00000291873,9535,GMFG,-0.1047120202118323
ENSG00000124787,10799,RPP40,0.1396860757148767
ENSG00000067715,6857,SYT1,0.2508531558614786
ENSG00000116830,8458,TTF2,-0.2587952617482317
,,KRBOX1,0.0903747300259936
ENSG00000112237,892,CCNC,0.0864352471290429
ENSG00000214194,401397,SMIM30,0.066742875269337
ENSG00000132640,22903,BTBD3,0.1010036555086184
ENSG00000067445,7216,TRO,0.1498167590593337
ENSG00000188315,375341,C3orf62,-0.234033478849736
ENSG00000074054,23332,CLASP1,-0.1559794774701294
ENSG00000108344,5709,PSMD3,-0.1777895639180494
ENSG00000116698,9887,SMG7,-0.1680398843437216
ENSG00000107815,56652,TWNK,-0.2485044007053635
ENSG00000075413,4140,MARK3,-0.1377656786087733
ENSG00000158578,212,ALAS2,0.2717787893384278
,55073,LRRC37A4P,0.1978188419745102
ENSG00000116903,149371,EXOC8,0.1938831970912344
ENSG00000276726,9093,DNAJA3,-0.1798105198325175
ENSG00000185070,23768,FLRT2,0.1240297433154925
ENSG00000115290,2888,GRB14,-0.2076205272952039
ENSG00000165943,64112,MOAP1,-0.187025450995776
ENSG00000282844,81,ACTN4,-0.1584208923863528
ENSG00000104442,55156,ARMC1,0.089850761027122
ENSG00000149311,472,ATM,-0.1488197314618723
ENSG00000167775,51293,CD320,-0.134639642652201
ENSG00000141441,64762,GAREM1,0.2812110402737376
ENSG00000179240,100506127,GVQW3,-0.238165978524924
ENSG00000149948,8091,HMGA2,-0.1806380037504082
ENSG00000044574,3309,HSPA5,0.05501158816213
,79104,MEG8,-0.1308574496638365
ENSG00000124587,5190,PEX6,-0.2269464256016524
ENSG00000147274,27316,RBMX,0.0401692790905344
ENSG00000104375,6788,STK3,0.1284107886649133
ENSG00000176946,51078,THAP4,0.1855566111735803
ENSG00000149289,85463,ZC3H12C,0.2362083900180732
ENSG00000167840,7775,ZNF232,0.15467028472459
ENSG00000156103,4325,MMP16,0.1599396115258816
ENSG00000169972,126789,PUSL1,0.2547202357383273
ENSG00000054793,10079,ATP9A,-0.1766149603304302
ENSG00000116478,3065,HDAC1,0.097469729378641
ENSG00000130305,55695,NSUN5,-0.1822046705653797
ENSG00000100227,84271,POLDIP3,-0.0659741210857389
ENSG00000118939,7347,UCHL3,-0.0780811398381729
ENSG00000115317,27429,HTRA2,-0.2148911102961948
ENSG00000168301,200845,KCTD6,0.1840008870963409
ENSG00000172965,541471,MIR4435-2HG,-0.1370344976326643
ENSG00000155659,11326,VSIG4,0.1371108390016248
ENSG00000179776,1003,CDH5,-0.2342271341769632
ENSG00000235106,266655,BRD3OS,-0.2582049395821051
ENSG00000119661,83544,DNAL1,0.1769211146667779
ENSG00000093009,8318,CDC45,-0.1490171034793971
ENSG00000121741,7750,ZMYM2,0.1236300166931826
ENSG00000163814,64866,CDCP1,-0.2468391913753246
ENSG00000159459,197131,UBR1,0.1999670846056959
ENSG00000112294,7915,ALDH5A1,0.1788493659414887
ENSG00000010219,8798,DYRK4,0.0720808594939939
ENSG00000105755,23474,ETHE1,-0.1589360793314755
,,LINC00909,-0.2298583225352926
ENSG00000140464,5371,PML,-0.2591287443404109
ENSG00000143319,81875,ISG20L2,-0.1557918001641242
ENSG00000163781,11073,TOPBP1,-0.1939211312762425
ENSG00000240682,57461,ISY1,0.0656671265157531
ENSG00000132912,51164,DCTN4,-0.0725004501583829
ENSG00000021826,1373,CPS1,-0.1818147916259811
,105372582,LOC105372582,-0.2233020594171189
ENSG00000105700,79036,KXD1,-0.1168507828368298
ENSG00000112146,26268,FBXO9,0.2022045442967239
ENSG00000166046,255394,TCP11L2,-0.2711423449483223
ENSG00000146070,7941,PLA2G7,-0.1953470232797158
ENSG00000233564,80742,PRR3,0.1580018315107482
ENSG00000106080,55033,FKBP14,-0.1342417824593813
ENSG00000006634,10926,DBF4,-0.1704418215697164
ENSG00000116353,51102,MECR,-0.1185694771168044
ENSG00000175482,57804,POLD4,-0.1252660887728204
ENSG00000119396,51552,RAB14,-0.0902855957371342
ENSG00000181264,219902,TLCD5,-0.168035816319045
ENSG00000111652,50813,COPS7A,0.0888292156368217
ENSG00000182606,22906,TRAK1,-0.1175112090771544
ENSG00000084731,3797,KIF3C,0.1782824695217534
ENSG00000169057,4204,MECP2,-0.1978012140726377
ENSG00000176953,84901,NFATC2IP,-0.1971765036577144
ENSG00000104938,10332,CLEC4M,0.0668384113241388
ENSG00000169193,90693,CCDC126,-0.1381083964766718
ENSG00000292338,207063,DHRSX,0.1434238677622856
ENSG00000100796,55671,PPP4R3A,0.1294214269530292
ENSG00000104960,53635,PTOV1,0.1059757435348215
ENSG00000182179,7318,UBA7,-0.2021420483817922
ENSG00000173821,57674,RNF213,-0.1228786780931952
ENSG00000134153,56851,EMC7,0.0708285199928159
ENSG00000127946,3092,HIP1,-0.2195504516633261
ENSG00000292175,10473,HMGN4,0.1058100144645005
ENSG00000198964,259230,SGMS1,0.1609425981052347
ENSG00000134882,337867,UBAC2,-0.1354588554078746
ENSG00000100284,10043,TOM1,-0.2047024182453542
ENSG00000087237,1071,CETP,0.2049121692571794
ENSG00000215048,3115,HLA-DPB1,-0.168267326997569
ENSG00000023516,11215,AKAP11,-0.127519067965499
ENSG00000118363,9789,SPCS2,-0.0501827588909424
ENSG00000274047,11276,SYNRG,-0.1396450030008961
ENSG00000167535,784,CACNB3,-0.2239321101999051
ENSG00000282899,1870,E2F2,-0.2166882808325984
ENSG00000172889,51162,EGFL7,-0.1942320601419958
ENSG00000198690,22909,FAN1,-0.2214185654443124
ENSG00000168904,123355,LRRC28,-0.0988882649936447
ENSG00000107186,8777,MPDZ,0.1340362318913883
ENSG00000156469,51001,MTERF3,-0.2222361042415458
ENSG00000196586,4646,MYO6,-0.1060411669754427
ENSG00000114391,6152,RPL24,-0.0580512435037682
ENSG00000233927,6234,RPS28,0.0516904678364399
ENSG00000108528,8402,SLC25A11,0.115319934025613
ENSG00000163029,79677,SMC6,0.1719002099260267
ENSG00000067221,9399,STOML1,-0.2192657026085447
ENSG00000110344,9354,UBE4A,-0.1224747659346827
ENSG00000196449,79693,YRDC,-0.2198537480650386
ENSG00000135414,10220,GDF11,0.2915734375961373
ENSG00000105393,29086,BABAM1,-0.1045472034853783
ENSG00000178662,80034,CSRNP3,0.1357548981415103
ENSG00000075914,23016,EXOSC7,-0.0574403027799822
ENSG00000197296,128486,FITM2,0.2307586983286466
ENSG00000134324,23175,LPIN1,-0.1203110321330805
ENSG00000171861,55178,MRM3,-0.202887719326627
ENSG00000167862,3396,MRPL58,0.1722681607621946
ENSG00000288146,79050,NOC4L,-0.227326047455381
ENSG00000141698,115024,NT5C3B,-0.1712199509831105
ENSG00000100461,55147,RBM23,0.0876554737059925
ENSG00000142186,57410,SCYL1,0.1997389406254299
ENSG00000100296,8563,THOC5,0.0778086284911149
ENSG00000179981,10194,TSHZ1,-0.1648314734658577
ENSG00000152443,284309,ZNF776,0.1851998553709676
ENSG00000145041,9730,DCAF1,-0.2127449224820622
ENSG00000133943,80017,DGLUCY,0.0969762183016323
ENSG00000188677,29780,PARVB,0.2419092492768442
ENSG00000055917,23369,PUM2,0.0944666378380385
ENSG00000136942,11224,RPL35,-0.0215383022294188
ENSG00000106991,2022,ENG,-0.2037567558422176
ENSG00000151498,27034,ACAD8,-0.2243858593385291
ENSG00000153310,51571,CYRIB,0.0907701461425124
ENSG00000115414,2335,FN1,0.1287216638445296
ENSG00000169813,3185,HNRNPF,-0.0399192881189907
ENSG00000168116,57691,KIAA1586,0.1231969355781631
ENSG00000112118,4172,MCM3,0.0804825023527757
,284889,MIF-AS1,0.2352126963236468
ENSG00000130150,158747,MOSPD2,-0.1372731071484235
ENSG00000134265,8774,NAPG,0.1234514876968188
ENSG00000282130,56160,NSMCE3,0.163481916746344
ENSG00000180817,5464,PPA1,0.0621469679477817
ENSG00000128059,5471,PPAT,-0.1285571117170177
ENSG00000132670,5786,PTPRA,0.1471283935340665
ENSG00000224597,102724316,SVIL-AS1,0.1060034547899802
ENSG00000115129,9540,TP53I3,0.1668556231808599
ENSG00000128944,90417,KNSTRN,-0.1302237457657621
ENSG00000133028,6341,SCO1,0.1683782395649409
ENSG00000113643,5917,RARS1,0.0726990616679825
ENSG00000163468,7203,CCT3,0.0331045859541144
ENSG00000120053,2805,GOT1,0.0705024300057758
ENSG00000213741,6235,RPS29,0.0433563178501358
ENSG00000152583,8404,SPARCL1,-0.097952556902581
ENSG00000121988,84083,ZRANB3,-0.1954295491571604
ENSG00000064666,1265,CNN2,-0.1353056484382935
ENSG00000179715,91523,PCED1B,-0.2208787444396923
ENSG00000068354,4943,TBC1D25,0.1924169922602997
ENSG00000029993,3149,HMGB3,-0.0748036271336183
ENSG00000119640,97,ACYP1,-0.1311977583768442
ENSG00000214102,494551,WEE2,0.2113594516017217
ENSG00000076554,7163,TPD52,0.1878636131761625
ENSG00000131002,246126,TXLNGY,0.204866197611491
ENSG00000281540,55920,RCC2,-0.1170614228079739
ENSG00000184937,7490,WT1,-0.0840035459636568
ENSG00000011007,6924,ELOA,0.159909913648221
ENSG00000102606,8874,ARHGEF7,-0.1684188786164483
ENSG00000000419,8813,DPM1,-0.0892230048379663
ENSG00000150907,2308,FOXO1,0.1156135717485489
ENSG00000105835,10135,NAMPT,0.0967226393209097
ENSG00000180304,4947,OAZ2,-0.0725171050932223
ENSG00000167081,5090,PBX3,0.1712783892267671
ENSG00000174233,112,ADCY6,0.2136587651968661
ENSG00000008517,9235,IL32,-0.0717546887862605
,,SLC9A3R1,-0.1846130944215549
ENSG00000161265,199746,U2AF1L4,0.1468892131357357
ENSG00000164611,9232,PTTG1,-0.0550655889286808
ENSG00000168297,54899,PXK,0.1690734351017546
ENSG00000169919,2990,GUSB,-0.1325085936785739
ENSG00000150753,22948,CCT5,0.0332126385451441
ENSG00000170458,929,CD14,-0.1180821414017596
ENSG00000100300,706,TSPO,-0.140358311378286
ENSG00000131115,7770,ZNF227,0.1628167397917699
ENSG00000147912,26267,FBXO10,0.2074164227478298
ENSG00000027847,11285,B4GALT7,-0.2223122675495851
ENSG00000288516,5566,PRKACA,-0.2623850008582479
ENSG00000149564,90952,ESAM,-0.1790493497241006
ENSG00000205777,2543,GAGE1,0.206653898465511
ENSG00000138593,9728,SECISBP2L,-0.1470134958440054
ENSG00000256073,84996,URB1-AS1,-0.1916046507131754
ENSG00000056972,10758,TRAF3IP2,0.1113495965508706
ENSG00000128656,1123,CHN1,-0.138670805011473
ENSG00000184924,391356,PTRHD1,0.0423243715870778
ENSG00000126878,83543,AIF1L,-0.1274041710615527
ENSG00000163660,57018,CCNL1,0.1432086704062694
ENSG00000277808,79165,LENG1,0.2445313539647425
ENSG00000144401,151194,METTL21A,0.1581094639009041
ENSG00000124614,6204,RPS10,-0.0796616746342225
ENSG00000187079,7003,TEAD1,0.1084542448437466
ENSG00000172239,10605,PAIP1,-0.0929672791620492
ENSG00000165006,51271,UBAP1,-0.1654751132056403
ENSG00000085721,54700,RRN3,0.1192639755142856
ENSG00000130939,10277,UBE4B,0.1243354946247735
ENSG00000136897,54534,MRPL50,0.0567513590934958
ENSG00000134590,8933,RTL8C,-0.0973751291645612
ENSG00000160284,84221,SPATC1L,-0.2396909948240753
ENSG00000131634,79652,TMEM204,-0.2438062879801049
ENSG00000118777,9429,ABCG2,-0.1461803419509816
ENSG00000128602,6608,SMO,-0.1411125709925504
ENSG00000120688,11193,WBP4,-0.0739621335294854
ENSG00000117475,8548,BLZF1,0.1227616740182469
ENSG00000133106,94240,EPSTI1,-0.1760747866878436
ENSG00000165060,2395,FXN,-0.147087799676886
ENSG00000124006,23363,OBSL1,0.1034669963817455
ENSG00000269893,100093630,SNHG8,-0.0722794401693484
ENSG00000033030,55596,ZCCHC8,-0.1770380986329425
ENSG00000128513,25913,POT1,0.1311366902933096
ENSG00000077549,832,CAPZB,-0.0880799464226112
ENSG00000149231,79780,CCDC82,0.1283649088678058
ENSG00000093144,55862,ECHDC1,0.0684122601429708
ENSG00000105419,56917,MEIS3,-0.2647265754099854
ENSG00000142230,10055,SAE1,0.0607469686059435
ENSG00000108587,9527,GOSR1,0.0702476171585788
ENSG00000134283,51535,PPHLN1,0.0628456906727051
ENSG00000108588,57003,CCDC47,-0.0933598110682035
ENSG00000162704,10092,ARPC5,0.0707696582474341
ENSG00000118454,81573,ANKRD13C,0.1623967991563055
ENSG00000138434,6744,ITPRID2,-0.1217549846980496
ENSG00000138131,84171,LOXL4,0.2023528936350941
ENSG00000172469,79694,MANEA,-0.1075896553976734
ENSG00000011143,54903,MKS1,0.1515970514097793
ENSG00000073578,6389,SDHA,-0.0852524311165682
ENSG00000138050,80745,THUMPD2,-0.2052837438931828
ENSG00000163374,55249,YY1AP1,0.1593433445395903
ENSG00000205133,286144,TRIQK,-0.0858915861169922
ENSG00000128989,10776,ARPP19,-0.0526299468802686
ENSG00000198793,2475,MTOR,-0.1523763526545265
ENSG00000107551,83937,RASSF4,-0.1947125367897338
ENSG00000137710,5962,RDX,0.0507169868755619
ENSG00000102575,54,ACP5,0.1239683561893858
ENSG00000154511,388650,DIPK1A,-0.1490011242848959
ENSG00000140795,91807,MYLK3,-0.2160841525823215
ENSG00000175198,5095,PCCA,0.189057636364711
ENSG00000140650,5373,PMM2,-0.2126555285843747
ENSG00000080815,5663,PSEN1,0.0667971021714926
ENSG00000145022,6988,TCTA,0.1549209366754889
ENSG00000186010,51079,NDUFA13,-0.0339783622568453
ENSG00000243701,344595,DUBR,0.1083426607146995
ENSG00000061987,23041,MON2,-0.1269872713483623
ENSG00000077514,10714,POLD3,0.1302182101705055
ENSG00000139168,85437,ZCRB1,-0.0416595286864455
ENSG00000116299,57535,ELAPOR1,0.215115333314304
ENSG00000106571,2737,GLI3,0.2075299703228324
ENSG00000251247,25850,ZNF345,-0.1502638350246494
ENSG00000163041,3020,H3-3A,-0.2105172276358454
ENSG00000171456,171023,ASXL1,0.1172140843769429
ENSG00000100558,26499,PLEK2,-0.1382675517124472
ENSG00000147679,84294,UTP23,-0.1032887788952918
ENSG00000135900,65080,MRPL44,0.0649774664388691
ENSG00000131477,10266,RAMP2,0.1518494373924739
ENSG00000185219,353274,ZNF445,-0.1665218162726488
ENSG00000198546,118472,ZNF511,0.1199873093482383
ENSG00000260314,4360,MRC1,-0.2038854046444033
ENSG00000099821,5442,POLRMT,0.1711444412832354
ENSG00000143416,8991,SELENBP1,0.0916764056848166
ENSG00000145779,25816,TNFAIP8,0.1445163494313107
ENSG00000124374,400961,PAIP2B,-0.192999762365854
ENSG00000276482,10723,SLC12A7,-0.2177070828050712
ENSG00000198046,63934,ZNF667,0.1664356345221217
ENSG00000163956,4043,LRPAP1,-0.097380665220972
ENSG00000183287,147372,CCBE1,-0.2154828788900178
ENSG00000143702,9859,CEP170,0.1254979637086604
ENSG00000115649,27013,CNPPD1,0.099633521121814
ENSG00000205683,8110,DPF3,-0.1895490501858579
ENSG00000147650,29967,LRP12,-0.1636287692198061
ENSG00000180182,9282,MED14,0.232588283758354
ENSG00000181038,124512,METTL23,0.1238524284357256
ENSG00000171408,27115,PDE7B,0.1900168806700699
ENSG00000125630,84172,POLR1B,-0.1204826428783557
ENSG00000167323,6786,STIM1,-0.194817630886242
ENSG00000109111,6830,SUPT6H,-0.1385438224249795
ENSG00000184436,80764,THAP7,0.1552082108783822
ENSG00000136247,55146,ZDHHC4,0.0653352149048861
ENSG00000126903,8273,SLC10A3,0.2092122324589179
ENSG00000163521,79411,GLB1L,0.1894446942125142
ENSG00000132478,85451,UNK,0.1536599231281905
ENSG00000204272,550643,NBDY,0.0434282778506887
ENSG00000143374,80222,TARS2,0.1673163641163879
ENSG00000100364,23313,KIAA0930,-0.1781819751330713
ENSG00000127884,1892,ECHS1,-0.0616102730482182
ENSG00000172638,30008,EFEMP2,0.1593898773057379
ENSG00000197386,3064,HTT,0.1585871290654696
ENSG00000001631,889,KRIT1,-0.1211054848724433
ENSG00000283047,,FRG1FP,-0.1693364706977733
ENSG00000160753,23623,RUSC1,-0.1855046509894675
ENSG00000087365,10992,SF3B2,0.0892159404949918
ENSG00000108039,7511,XPNPEP1,0.0676120624579392
ENSG00000073921,8301,PICALM,-0.0853157266648183
ENSG00000133401,23037,PDZD2,0.1982970262601119
ENSG00000087191,5705,PSMC5,0.0456346757715617
ENSG00000081665,440515,ZNF506,-0.1901361719690341
ENSG00000103111,22879,MON1B,-0.1615409554609819
ENSG00000177853,9849,ZNF518A,0.1094148608884743
ENSG00000181789,22820,COPG1,-0.0918565085310642
ENSG00000174099,253827,MSRB3,0.1928883212216149
ENSG00000196670,643836,ZFP62,0.1385473317442561
ENSG00000165025,6850,SYK,-0.201356092239489
ENSG00000171055,9637,FEZ2,-0.1074877568180354
ENSG00000163106,27306,HPGDS,0.2880018994142946
ENSG00000120992,10434,LYPLA1,-0.0592197786226479
ENSG00000235453,100129250,SMIM27,-0.0962337027708888
ENSG00000090581,84572,GNPTG,-0.1472364757385662
ENSG00000198131,27300,ZNF544,0.1192470174385142
ENSG00000136108,26586,CKAP2,-0.0781496199634085
ENSG00000196504,55660,PRPF40A,-0.061608729044865
ENSG00000277564,23543,RBFOX2,0.0638638534879596
ENSG00000114491,7372,UMPS,-0.0674774816397572
ENSG00000167851,11314,CD300A,-0.178036241425022
ENSG00000096093,114327,EFHC1,0.1325464232083308
ENSG00000140471,55180,LINS1,-0.1292053878492086
ENSG00000115694,10494,STK25,-0.1585965150187525
ENSG00000139977,122830,NAA30,-0.0920647041700631
ENSG00000158164,11013,TMSB15A,-0.0604538485522842
ENSG00000155158,158219,TTC39B,-0.1946426921409046
ENSG00000211455,23012,STK38L,-0.1562822988700532
ENSG00000116539,55870,ASH1L,-0.1116182648039283
ENSG00000163214,90957,DHX57,-0.1582083324506414
ENSG00000128463,51234,EMC4,-0.1042280293639062
ENSG00000111790,26127,FGFR1OP2,0.0865258844022362
ENSG00000116005,51449,PCYOX1,0.0810626137360745
ENSG00000089050,10741,RBBP9,0.1131920446094796
ENSG00000163798,22950,SLC4A1AP,-0.1406536441441461
ENSG00000102038,6594,SMARCA1,0.0705247338688696
ENSG00000146350,221322,TBC1D32,0.1397726956747295
,,TMEM161B-AS1,-0.1803821063337647
,,UHRF1BP1,0.1697758917114998
ENSG00000169490,83877,TM2D2,0.0664459083145173
ENSG00000162998,2487,FRZB,-0.1295577130859025
ENSG00000066557,55631,LRRC40,0.1114018401730053
ENSG00000170035,10477,UBE2E3,0.059329481801826
ENSG00000163697,323,APBB2,0.1221606608822253
ENSG00000164815,5001,ORC5,0.1069202534059319
ENSG00000131269,22,ABCB7,0.0701385653790856
ENSG00000154734,9510,ADAMTS1,0.2096043544400388
ENSG00000275832,57636,ARHGAP23,0.1758737551918403
ENSG00000134897,54841,BIVM,0.16333309242878
ENSG00000123136,10212,DDX39A,0.0703492102869033
ENSG00000232560,100505929,LINC01549,-0.2197181606480956
ENSG00000112031,54516,MTRF1L,-0.1497513468206822
ENSG00000066933,4649,MYO9A,0.1358045423313032
ENSG00000084092,84273,NOA1,0.1313491488427683
ENSG00000182013,55228,PNMA8A,0.1305869424247425
ENSG00000142541,23521,RPL13A,0.0274618829928811
ENSG00000161970,6154,RPL26,0.0470170684368868
ENSG00000163125,23248,RPRD2,0.1475774911207738
ENSG00000149257,871,SERPINH1,0.0724771453725279
ENSG00000189091,23450,SF3B3,0.0546062653176466
ENSG00000121766,51538,ZCCHC17,-0.0492964271816145
ENSG00000126016,154796,AMOT,-0.1628674101282665
ENSG00000167186,10229,COQ7,0.1471890423565882
ENSG00000187837,3006,H1-2,0.1123793572221409
ENSG00000214753,221092,HNRNPUL2,-0.144922926126522
ENSG00000042429,9440,MED17,0.1304816307984317
ENSG00000168958,56947,MFF,0.096096689221226
ENSG00000146263,253714,MMS22L,-0.151955892263869
ENSG00000154217,26207,PITPNC1,0.1760777364983905
ENSG00000104695,5516,PPP2CB,-0.0761078104396507
ENSG00000080298,5991,RFX3,0.1741950917261471
ENSG00000072501,8243,SMC1A,-0.1163494286928378
ENSG00000157005,6750,SST,-0.1597170823653906
ENSG00000153339,22878,TRAPPC8,0.154278610551207
ENSG00000117528,5825,ABCD3,0.0956134296638913
,101929767,LOC101929767,0.2238343594126812
ENSG00000157193,7804,LRP8,0.1638359510198746
ENSG00000122512,5395,PMS2,-0.1870244772331442
ENSG00000168411,55159,RFWD3,0.1049811988371786
,,HSPB11,-0.0581456492455846
ENSG00000196455,30849,PIK3R4,0.1393647954735803
ENSG00000134769,1837,DTNA,0.1150781877557012
ENSG00000077943,8516,ITGA8,0.1710364516116735
ENSG00000100522,64841,GNPNAT1,0.1091404137732985
ENSG00000138071,10097,ACTR2,0.0640537954554766
ENSG00000170144,220988,HNRNPA3,0.0519932910956465
ENSG00000101350,9371,KIF3B,0.1533901377434989
ENSG00000074695,3998,LMAN1,-0.0684597548041785
ENSG00000146232,4794,NFKBIE,0.2422491442630097
ENSG00000178467,54681,P4HTM,-0.2095240995797286
ENSG00000157869,9364,RAB28,-0.1942829565162078
ENSG00000165480,221150,SKA3,-0.2334577031323336
ENSG00000100485,6655,SOS2,0.1461051521656481
ENSG00000121067,8405,SPOP,-0.0618064052275357
ENSG00000143761,375,ARF1,-0.0693719161838034
ENSG00000129596,1036,CDO1,0.1225121895685497
ENSG00000145388,57721,METTL14,-0.0910989819924682
ENSG00000104886,55111,PLEKHJ1,-0.1144976797747496
ENSG00000134852,9575,CLOCK,-0.1156832115677582
ENSG00000125457,57409,MIF4GD,-0.1213496656661807
ENSG00000144645,114884,OSBPL10,0.1801064805349323
ENSG00000118482,23469,PHF3,0.1185046988371123
ENSG00000144476,57007,ACKR3,0.1520188467469656
ENSG00000123395,60673,ATG101,-0.0869104968274561
ENSG00000161202,1857,DVL3,0.1330898894198535
ENSG00000066455,9950,GOLGA5,0.1702291162828658
ENSG00000149262,92105,INTS4,0.102666415030449
ENSG00000160049,1676,DFFA,-0.075991028097641
ENSG00000171992,11346,SYNPO,0.1186005726408034
ENSG00000131043,25980,AAR2,0.0783931233575137
ENSG00000148700,120,ADD3,0.0778683001573449
ENSG00000106524,57037,ANKMY2,0.0969797587039984
ENSG00000138660,55435,AP1AR,0.1542241064028344
ENSG00000105778,23080,AVL9,0.1416632693520883
ENSG00000162817,79762,C1orf115,-0.114713851201523
ENSG00000137332,780,DDR1,0.1311971235686838
ENSG00000182197,2131,EXT1,0.1166371958816107
ENSG00000077458,143684,FAM76B,0.1412750469947898
ENSG00000148841,85450,ITPRIP,0.1449188528136795
ENSG00000131495,4695,NDUFA2,0.0288831302799384
ENSG00000280516,131616,TMEM42,-0.1299123721938705
ENSG00000262473,2618,GART,-0.0768010132175362
ENSG00000086758,10075,HUWE1,0.0797509207936544
ENSG00000138468,57337,SENP7,0.1242502215934094
ENSG00000265681,6139,RPL17,-0.0514465804689653
ENSG00000163032,7447,VSNL1,0.1481340515080288
ENSG00000204344,8859,STK19,-0.0857956482962586
,,C3orf14,0.0713082530120669
ENSG00000112144,22858,CILK1,0.111495372905348
ENSG00000133103,57511,COG6,-0.1480366684570286
ENSG00000100058,1416,CRYBB2P1,0.1636010465012317
ENSG00000178035,3615,IMPDH2,0.0301535895602002
ENSG00000152601,4154,MBNL1,-0.0794151349338296
ENSG00000288213,348262,MCRIP1,-0.1048263035951575
ENSG00000141179,58488,PCTP,0.1801011153117244
ENSG00000136161,1102,RCBTB2,0.0889414393131628
ENSG00000100242,25777,SUN2,-0.221004106043521
ENSG00000204604,90333,ZNF468,0.1772742453490934
ENSG00000183808,389677,RBM12B,0.1255990281391685
ENSG00000158716,54935,DUSP23,-0.0695694040334938
ENSG00000181090,79813,EHMT1,0.1911418242942044
ENSG00000179115,2193,FARSA,0.0871415000987887
ENSG00000135686,79786,KLHL36,-0.1266231145516799
ENSG00000133703,3845,KRAS,-0.1011951860171448
ENSG00000182534,439921,MXRA7,0.0522862781698845
ENSG00000081154,57092,PCNP,0.052759074416417
ENSG00000006576,57157,PHTF2,-0.1113397918521354
ENSG00000151665,5281,PIGF,0.0787935460895614
ENSG00000229802,7922,SLC39A7,0.1559554526780716
ENSG00000173757,6777,STAT5B,-0.1705802076898415
ENSG00000124444,79177,ZNF576,0.1248512573777622
ENSG00000197586,955,ENTPD6,0.0813509158035343
ENSG00000154310,23043,TNIK,0.1603380467933134
ENSG00000105875,29062,WDR91,0.1741322948619117
ENSG00000181396,79701,OGFOD3,0.2004915850258785
ENSG00000108433,9570,GOSR2,-0.0660990383239378
ENSG00000174796,152815,THAP6,-0.1516637219782345
ENSG00000085662,231,AKR1B1,0.0461412220944424
ENSG00000157350,6483,ST3GAL2,-0.0858805039502882
ENSG00000224941,6941,TCF19,-0.2181466210919302
ENSG00000143514,7159,TP53BP2,0.1223469005589601
ENSG00000137992,1629,DBT,-0.1214615548934141
ENSG00000284774,3297,HSF1,0.198582799962016
ENSG00000112245,7803,PTP4A1,0.064924616455396
ENSG00000115239,51130,ASB3,0.1222113989881574
ENSG00000169967,10746,MAP3K2,0.0973764551439305
ENSG00000169976,83443,SF3B5,0.0281448767895068
ENSG00000219626,375190,FAM228B,0.1543524845088523
ENSG00000214517,51400,PPME1,0.115471038143344
ENSG00000101000,10544,PROCR,0.0929660889370213
ENSG00000131876,6627,SNRPA1,0.0779187796759915
ENSG00000165617,51339,DACT1,0.2031237064541983
ENSG00000119616,51077,FCF1,-0.1212954099026156
ENSG00000125848,23767,FLRT3,-0.1379813737318171
ENSG00000172059,8462,KLF11,-0.1474597701806475
ENSG00000112130,9025,RNF8,0.1120635350316556
ENSG00000277104,6871,TADA2A,0.1507943817644737
ENSG00000204065,340543,TCEAL5,-0.1740604052237995
ENSG00000106608,55665,URGCP,0.1810938821003266
ENSG00000120647,84318,CCDC77,-0.1686086613786011
ENSG00000125458,30833,NT5C,0.1275085222105274
ENSG00000138459,55032,SLC35A5,0.0699254068763946
ENSG00000114520,8723,SNX4,0.1085538976803947
ENSG00000139546,6895,TARBP2,0.1242121266930892
ENSG00000135482,84872,ZC3H10,0.1753741963752865
ENSG00000149532,79869,CPSF7,-0.1722310028504819
ENSG00000151233,283464,GXYLT1,-0.1348760551322715
ENSG00000170791,79145,CHCHD7,-0.0764434205672358
ENSG00000068394,27238,GPKOW,-0.1768828045596539
ENSG00000074356,55421,NCBP3,0.1250264591512035
ENSG00000291597,10120,ACTR1B,0.1284964470239143
ENSG00000147123,54539,NDUFB11,-0.0454708655665552
ENSG00000174903,81876,RAB1B,0.0866469303523985
ENSG00000006194,10127,ZNF263,-0.1790837877193419
ENSG00000011523,23177,CEP68,0.1495760092234904
ENSG00000143819,2052,EPHX1,0.1992205170969984
ENSG00000077585,7107,GPR137B,-0.2051196036505271
ENSG00000137809,22801,ITGA11,0.191593088603871
ENSG00000128641,4430,MYO1B,0.1195315188005319
ENSG00000132823,51526,OSER1,-0.0493868324239149
ENSG00000181852,10193,RNF41,0.0920344655433466
ENSG00000144451,79582,SPAG16,-0.0992446200424454
,,RRNAD1,0.1849941590306183
ENSG00000198689,10479,SLC9A6,-0.1623690161327017
ENSG00000153714,286343,LURAP1L,0.1556077860375608
ENSG00000100226,9567,GTPBP1,-0.1604185445377413
ENSG00000123130,23597,ACOT9,0.059931158372207
ENSG00000185272,54033,RBM11,-0.1845848149856929
ENSG00000136925,158427,TSTD2,0.1900036033039182
ENSG00000179933,55017,C14orf119,0.0336034220558197
ENSG00000196911,3841,KPNA5,-0.0998075867941558
ENSG00000171488,84230,LRRC8C,0.1732870473990866
ENSG00000138078,9581,PREPL,0.0730181236479526
ENSG00000178078,55620,STAP2,-0.1971662401472366
ENSG00000143324,9213,XPR1,0.089931694660135
ENSG00000159388,7832,BTG2,0.1197684893264412
ENSG00000099260,54873,PALMD,-0.1620971119226272
ENSG00000175348,56674,TMEM9B,-0.0892941273955215
ENSG00000197863,388536,ZNF790,-0.1733962638937771
ENSG00000126249,84306,PDCD2L,0.199128135497276
ENSG00000160310,3275,PRMT2,-0.0586237693058898
ENSG00000189067,9516,LITAF,0.061849725981705
ENSG00000111142,10988,METAP2,-0.0379573752554286
ENSG00000116688,9927,MFN2,-0.1174399599581279
ENSG00000130313,25796,PGLS,-0.1005115285483493
ENSG00000109881,91057,CCDC34,-0.0966388874879372
ENSG00000141030,8533,COPS3,0.0396021629591315
ENSG00000185085,80789,INTS5,-0.1987286981629673
ENSG00000247556,729082,OIP5-AS1,0.067896860903697
ENSG00000281877,6195,RPS6KA1,-0.185073993410257
ENSG00000143028,284612,SYPL2,-0.1645100424528051
ENSG00000166685,9382,COG1,-0.1895611081486283
ENSG00000081803,93664,CADPS2,0.199810037366492
ENSG00000284869,60678,EEFSEC,-0.2071266131221371
ENSG00000197045,2764,GMFB,0.0709297738757919
ENSG00000161021,9794,MAML1,0.1854486516522287
ENSG00000262814,6182,MRPL12,-0.0840150629888553
ENSG00000159335,5763,PTMS,0.1295385001637628
ENSG00000100401,5905,RANGAP1,-0.1657713605900144
ENSG00000133812,81846,SBF2,0.1736848579561281
ENSG00000186141,10623,POLR3C,0.0770085465401083
ENSG00000103035,5713,PSMD7,-0.0548553080219917
ENSG00000198420,9747,TCAF1,0.0682021598096857
ENSG00000169814,686,BTD,0.0795167001519739
ENSG00000126870,55112,DYNC2I1,0.1800131553131783
ENSG00000012232,2137,EXTL3,0.1891468863350491
ENSG00000130175,5589,PRKCSH,-0.1819866434444109
ENSG00000198918,6170,RPL39,-0.0535920373468655
ENSG00000151304,153443,SRFBP1,-0.1249198792483576
ENSG00000170310,9482,STX8,0.0511562623925272
ENSG00000160799,151903,CCDC12,0.0965351355348235
ENSG00000148634,26091,HERC4,-0.1160623573016137
ENSG00000155657,7273,TTN,0.1705315409795964
ENSG00000129116,23022,PALLD,0.0991721549285466
ENSG00000147535,84513,PLPP5,0.0865380399193872
ENSG00000143469,255928,SYT14,-0.1528562566699998
ENSG00000169871,81844,TRIM56,-0.113127606712499
ENSG00000025156,3298,HSF2,-0.0632415509733097
ENSG00000135446,1019,CDK4,-0.0863056190374319
ENSG00000158234,55179,FAIM,0.1013317122736764
ENSG00000275619,84520,GON7,-0.1104260336753378
ENSG00000100503,51199,NIN,-0.2025855042049626
ENSG00000174227,54872,PIGG,0.1619428254140935
ENSG00000142892,10026,PIGK,-0.0725945280866276
ENSG00000105355,10226,PLIN3,-0.0575892568684295
ENSG00000147010,30011,SH3KBP1,0.1424443779068283
ENSG00000157933,6497,SKI,-0.2167354418980099
ENSG00000163848,7707,ZNF148,-0.0651072557024317
ENSG00000116001,7072,TIA1,0.0647171841991241
ENSG00000186017,84924,ZNF566,-0.1155619200473509
ENSG00000291784,57820,CCNB1IP1,0.0523289621139647
ENSG00000161638,3678,ITGA5,-0.1440625370863935
ENSG00000138107,10121,ACTR1A,0.044811644255907
ENSG00000185909,200942,KLHDC8B,-0.0612620841952479
ENSG00000137502,27314,RAB30,-0.1058935343392638
ENSG00000135250,6733,SRPK2,-0.0767351810089748
ENSG00000165832,142940,TRUB1,-0.1129648784019066
ENSG00000256771,56242,ZNF253,-0.0980232385233047
ENSG00000125648,79085,SLC25A23,0.1995179955044873
ENSG00000146463,9202,ZMYM4,0.093238254322049
ENSG00000121966,7852,CXCR4,0.0513580001501904
ENSG00000198039,10793,ZNF273,-0.111530611518555
ENSG00000011132,9546,APBA3,-0.1935164911390861
ENSG00000092208,8487,GEMIN2,0.0845523158509409
ENSG00000166444,6764,DENND2B,-0.0878418978506738
ENSG00000151470,132321,C4orf33,0.1683839983375446
ENSG00000170464,202052,DNAJC18,0.0969968906798896
ENSG00000082641,4779,NFE2L1,-0.1046523367766768
ENSG00000125652,84266,ALKBH7,-0.0796698729842811
ENSG00000152582,79925,SPEF2,0.203297709032974
ENSG00000156273,571,BACH1,0.0886322069765227
ENSG00000180447,2619,GAS1,-0.1463870786126809
ENSG00000111885,4121,MAN1A1,0.1721795149181038
ENSG00000053372,51154,MRTO4,0.0725301861417819
ENSG00000120837,4801,NFYB,-0.0664123960515449
ENSG00000128789,56984,PSMG2,-0.04435532220532
ENSG00000113456,5810,RAD1,0.0631559763426266
ENSG00000197579,10210,TOPORS,-0.0942835489310917
ENSG00000112365,9841,ZBTB24,0.2061765824155653
ENSG00000144161,84524,ZC3H8,-0.093966783990851
ENSG00000170037,116840,CNTROB,-0.1695999210776563
ENSG00000187257,222194,RSBN1L,-0.0760126106088954
ENSG00000137076,7094,TLN1,-0.2144820514663797
ENSG00000106477,95681,CEP41,-0.082836638286751
ENSG00000292234,80781,COL18A1,0.149407149341948
ENSG00000105669,11316,COPE,-0.054873604523253
ENSG00000068028,11186,RASSF1,0.1744771886429242
ENSG00000197969,23230,VPS13A,-0.1390827633292863
ENSG00000239857,51608,GET4,0.1647279232150968
ENSG00000130844,55422,ZNF331,0.1142962386656792
ENSG00000114739,93,ACVR2B,-0.1455964913331546
ENSG00000075711,1739,DLG1,0.1003476087231887
ENSG00000137198,2766,GMPR,0.0787488948617604
ENSG00000106868,64420,SUSD1,-0.107050742553764
ENSG00000175895,79666,PLEKHF2,0.1531702470123954
ENSG00000157510,134265,AFAP1L1,-0.1742069979570257
ENSG00000168395,84289,ING5,0.1768305059340993
ENSG00000096654,7738,ZNF184,0.1324226342296887
ENSG00000133597,90956,ADCK2,0.1433236976002066
ENSG00000174437,488,ATP2A2,0.0983190368220959
ENSG00000111860,387119,CEP85L,-0.1226566478306291
ENSG00000100865,51550,CINP,-0.0518639732352363
ENSG00000177613,23283,CSTF2T,0.0833561969508185
ENSG00000179284,199699,DAND5,-0.0922645680859197
ENSG00000138231,51163,DBR1,-0.1739835035246204
ENSG00000086232,27102,EIF2AK1,-0.0903901409437205
ENSG00000138190,54536,EXOC6,0.1023599567544306
ENSG00000065970,55810,FOXJ2,0.1215158214205813
ENSG00000129636,81533,ITFG1,-0.0938937936034072
ENSG00000119185,9270,ITGB1BP1,0.0843784039182836
ENSG00000278545,220972,MARCHF8,-0.132276985580589
ENSG00000117791,54996,MTARC2,-0.1508093609247906
ENSG00000156973,5147,PDE6D,-0.1454888896137202
ENSG00000164902,51808,PHAX,-0.0644801449021173
ENSG00000151176,196463,PLBD2,0.1336806706814574
ENSG00000173457,26472,PPP1R14B,-0.1383052659913606
ENSG00000117707,5629,PROX1,-0.1751842782979844
ENSG00000276421,26121,PRPF31,-0.1217441396811205
ENSG00000188559,57186,RALGAPA2,-0.1607157088885072
ENSG00000164402,23176,SEPTIN8,0.2018255910653051
ENSG00000183431,10946,SF3A3,0.0536745585354872
ENSG00000188725,643155,SMIM15,-0.1133440435223183
ENSG00000172009,7064,THOP1,0.1732956280528552
ENSG00000144120,80775,TMEM177,-0.1448773155446634
ENSG00000121964,79712,GTDC1,-0.102022599059647
ENSG00000164114,79884,MAP9,0.0882474903658301
ENSG00000275650,57348,TTYH1,0.1786057355819113
ENSG00000100632,2079,ERH,0.0229566897903044
ENSG00000027001,4285,MIPEP,-0.1494862653333408
ENSG00000189058,347,APOD,0.0628015841570014
ENSG00000100983,2937,GSS,0.1093504326289203
ENSG00000131446,4245,MGAT1,0.1132049857380484
ENSG00000078804,58476,TP53INP2,0.1699451973815053
ENSG00000189060,3005,H1-0,0.0749663406192981
ENSG00000046651,8481,OFD1,-0.1683527898817835
ENSG00000167721,55720,TSR1,0.1385798581571733
ENSG00000089335,55900,ZNF302,0.0952924789088131
ENSG00000074603,54878,DPP8,-0.0874136118381988
ENSG00000076984,5609,MAP2K7,0.1749969902135633
ENSG00000069998,27440,HDHD5,-0.1815061371471862
ENSG00000133884,5977,DPF2,0.0820405626817072
ENSG00000182512,51218,GLRX5,-0.0873735734282687
ENSG00000254087,4067,LYN,-0.1683991782602858
ENSG00000100266,11252,PACSIN2,0.1713387817037548
ENSG00000184402,26039,SS18L1,0.1901920315380412
ENSG00000101473,10005,ACOT8,-0.1025414701308213
ENSG00000160953,84939,PWWP3A,-0.1190123267456683
ENSG00000080189,51006,SLC35C2,0.130368648445992
ENSG00000256537,100129361,SMIM10L1,-0.1065618303985557
ENSG00000143398,8394,PIP5K1A,0.1762500391678835
ENSG00000099204,3983,ABLIM1,-0.0920004130478112
ENSG00000112208,9532,BAG2,0.0734106320557814
ENSG00000119820,84272,YIPF4,0.0759320576479221
ENSG00000213096,9534,ZNF254,0.1164065929967026
ENSG00000100815,9321,TRIP11,-0.0780711853632708
ENSG00000108679,3959,LGALS3BP,-0.0633100846049208
ENSG00000129187,1635,DCTD,0.0619990774138207
ENSG00000113966,84100,ARL6,0.1507093940438301
ENSG00000115170,90,ACVR1,0.1516089499173515
ENSG00000277101,26084,ARHGEF26,0.1812326128930845
ENSG00000120533,56943,ENY2,0.0303095880390906
ENSG00000105701,23770,FKBP8,0.1714162752274792
ENSG00000109163,2798,GNRHR,-0.141164552780433
ENSG00000077235,2975,GTF3C1,-0.1411181884530373
ENSG00000101294,81502,HM13,0.0974186635064306
ENSG00000124702,116138,KLHDC3,0.0936186315508406
ENSG00000171806,92342,METTL18,0.080966712551706
ENSG00000110717,4728,NDUFS8,0.045025992401809
ENSG00000010322,11188,NISCH,-0.1163724757270471
ENSG00000179295,5781,PTPN11,0.0959595740551924
ENSG00000130508,7837,PXDN,0.0693976313191672
ENSG00000203705,128387,TATDN3,0.0727496457406283
ENSG00000111602,8914,TIMELESS,-0.1347742029062676
ENSG00000196757,90592,ZNF700,0.1519424257247866
ENSG00000122952,11130,ZWINT,-0.0994765696542373
ENSG00000146731,908,CCT6A,0.0466027402174373
ENSG00000074266,8726,EED,0.105742321625754
ENSG00000176095,9807,IP6K1,-0.0908790602426422
ENSG00000145348,93627,TBCK,-0.103913320255115
ENSG00000180776,253832,ZDHHC20,0.0906596785658376
ENSG00000150768,1737,DLAT,-0.1053790676007409
ENSG00000111911,135114,HINT3,-0.1134661564188483
ENSG00000073803,9175,MAP3K13,0.029293786253026
ENSG00000146587,57786,RBAK,-0.1611868236910401
ENSG00000198843,51714,SELENOT,0.0335068942941815
ENSG00000183878,7404,UTY,0.1567243144767234
ENSG00000155975,137492,VPS37A,0.1521636146755994
ENSG00000137500,60492,CCDC90B,0.0427630126343428
ENSG00000170946,120526,DNAJC24,0.1372140790223582
ENSG00000074582,617,BCS1L,0.0988614412004343
ENSG00000164741,10395,DLC1,-0.0900384453046832
ENSG00000075539,285527,FRYL,-0.1291077475033556
ENSG00000282958,10236,HNRNPR,0.0697706588345544
ENSG00000119912,3416,IDE,0.1262674722445576
ENSG00000012817,8284,KDM5D,-0.1430219504164828
ENSG00000109736,10227,MFSD10,-0.1083915562894986
ENSG00000122484,79871,RPAP2,-0.087646388781266
ENSG00000242732,340526,RTL5,0.1580106429471686
ENSG00000168152,79725,THAP9,-0.1741594965997408
ENSG00000159445,117145,THEM4,0.1358237807502926
ENSG00000166557,23423,TMED3,0.0787801659672558
ENSG00000197056,79830,ZMYM1,-0.1099333888030379
ENSG00000156709,9131,AIFM1,0.0779757417847737
ENSG00000138668,3184,HNRNPD,-0.0698095611709996
ENSG00000224782,10471,PFDN6,0.1600464977495179
ENSG00000177426,7050,TGIF1,0.0579288112860089
ENSG00000142676,6135,RPL11,0.0286022658433273
ENSG00000123219,64105,CENPK,0.090012004158685
ENSG00000163832,54859,ELP6,-0.0426761785538274
ENSG00000164975,6619,SNAPC3,-0.1041043733671075
ENSG00000144357,130507,UBR3,0.105415903118954
ENSG00000169439,6383,SDC2,-0.1083951481067748
ENSG00000123104,3709,ITPR2,-0.1202058831006695
ENSG00000099953,4320,MMP11,-0.1694870260531069
ENSG00000101146,8480,RAE1,0.0347850519634006
ENSG00000142937,6202,RPS8,-0.0383294598025796
ENSG00000160584,23387,SIK3,-0.1561471172957067
ENSG00000127526,79939,SLC35E1,-0.1032049557107316
ENSG00000131931,55145,THAP1,0.0656947768454516
ENSG00000133112,7178,TPT1,0.0547799289758204
ENSG00000043514,54802,TRIT1,0.1404303110445814
ENSG00000122435,54482,TRMT13,0.1313306925112282
ENSG00000162923,80232,WDR26,-0.0838173042752531
ENSG00000102383,158866,ZDHHC15,-0.1586200185487562
ENSG00000189190,162966,ZNF600,-0.1395845442887191
ENSG00000126705,27245,AHDC1,0.1738669659714159
ENSG00000186714,493860,CCDC73,-0.1601342425831227
ENSG00000170891,54360,CYTL1,0.1610434030564648
ENSG00000112667,10591,DNPH1,-0.0556887518046759
ENSG00000198919,9666,DZIP3,-0.1215453551830279
ENSG00000089597,23193,GANAB,-0.0832933028440952
ENSG00000125447,23163,GGA3,-0.166550291551057
ENSG00000277075,3012,H2AC8,0.1134095176771214
ENSG00000101365,3420,IDH3B,-0.0644758110583739
ENSG00000171988,221037,JMJD1C,0.0827018711637503
ENSG00000041802,55341,LSG1,-0.1115202555345564
ENSG00000277086,54893,MTMR10,0.1441375009878486
ENSG00000116962,4811,NID1,-0.0981265493601955
ENSG00000111581,57122,NUP107,0.0856817696257175
ENSG00000125779,80025,PANK2,0.1009596454161383
ENSG00000138035,87178,PNPT1,0.0967983225052959
ENSG00000135617,84279,PRADC1,0.1069616804348559
ENSG00000185129,5813,PURA,0.079373624086329
ENSG00000167680,10501,SEMA6B,-0.0827792704733225
ENSG00000166479,54495,TMX3,0.0992324016127598
ENSG00000171928,51030,TVP23B,0.122733676752339
ENSG00000130725,9040,UBE2M,0.142798095931629
ENSG00000012963,55148,UBR7,0.1010502330489323
ENSG00000115935,7456,WIPF1,-0.1709623246872034
ENSG00000158793,4817,NIT1,0.0585293711171302
ENSG00000147121,55634,KRBOX4,-0.0793178179084258
ENSG00000133302,84250,SLF1,0.0996094796526561
ENSG00000140153,91833,WDR20,-0.0994075176966156
ENSG00000198951,4668,NAGA,-0.0987806611681444
ENSG00000173275,203523,ZNF449,-0.1335306411431925
ENSG00000137547,29088,MRPL15,0.0685674952366734
ENSG00000125730,718,C3,0.1764736920289965
ENSG00000179523,645212,EIF3J-DT,-0.1214291014539861
,,FAM122A,0.1039529764651664
ENSG00000066136,4802,NFYC,-0.1090415586986515
ENSG00000170921,26115,TANC2,0.0905941419609618
ENSG00000242265,23089,PEG10,0.0695407700279012
ENSG00000183617,116541,MRPL54,-0.0769299377057849
ENSG00000108774,5878,RAB5C,-0.094007341316905
ENSG00000241343,6173,RPL36A,-0.0337713482741065
ENSG00000123983,2181,ACSL3,0.072449137788175
ENSG00000062485,1431,CS,-0.04180237267348
ENSG00000288701,84726,PRRC2B,-0.0814900948783166
ENSG00000160908,84124,ZNF394,-0.1547952142561506
ENSG00000114115,5947,RBP1,-0.0293507897411109
ENSG00000150760,1793,DOCK1,0.1496932706381497
ENSG00000278970,100859930,HEIH,0.1391360729435992
ENSG00000166171,25911,DPCD,0.0519410494390282
ENSG00000169288,65008,MRPL1,-0.0440856676351277
ENSG00000148019,84131,CEP78,-0.131665342833205
ENSG00000117151,1486,CTBS,-0.1254285857880952
ENSG00000134775,80206,FHOD3,0.1115115660452149
ENSG00000146701,4191,MDH2,-0.036755220536111
ENSG00000163536,5274,SERPINI1,0.1040908202156244
ENSG00000181617,260436,FDCSP,-0.3770478369921319
ENSG00000120008,55717,WDR11,0.1295017027177308
ENSG00000136021,55681,SCYL2,0.0811179747222921
ENSG00000181991,64963,MRPS11,0.0586978816339248
ENSG00000168246,92181,UBTD2,0.0847763199932014
ENSG00000034533,28990,ASTE1,0.1104059053922451
ENSG00000069849,483,ATP1B3,0.0636813676472985
ENSG00000169857,57099,AVEN,0.1266747701926866
ENSG00000256053,84334,COA8,-0.0717713509637506
ENSG00000001561,22875,ENPP4,-0.1524281538964068
ENSG00000262826,65123,INTS3,-0.0914277877731825
ENSG00000137642,6653,SORL1,0.1477522370220797
ENSG00000139668,115825,WDFY2,-0.1130927325849882
ENSG00000065883,8621,CDK13,-0.0984757693251151
ENSG00000101224,994,CDC25B,-0.1473029537534436
ENSG00000177731,2314,FLII,0.0756834330950339
ENSG00000175283,22845,DOLK,0.0972963299741306
ENSG00000149269,5058,PAK1,-0.0734095287994679
ENSG00000164941,55656,INTS8,-0.1290502779932439
ENSG00000168216,55788,LMBRD1,0.0477074668864922
ENSG00000066084,57609,DIP2B,-0.0902386424782286
ENSG00000113594,3977,LIFR,-0.1110157040520646
ENSG00000073111,4171,MCM2,0.1099831565756907
ENSG00000128915,79664,ICE2,-0.0736216204915104
ENSG00000123572,203447,NRK,0.0668695716828164
,,FLJ44635,-0.1286682949880523
ENSG00000179241,143458,LDLRAD3,-0.1245969642274241
ENSG00000165895,143872,ARHGAP42,0.1495180129097963
ENSG00000071082,6160,RPL31,0.0225821341881066
ENSG00000079277,8569,MKNK1,-0.0983138326828277
ENSG00000161677,126119,JOSD2,-0.101825947007165
ENSG00000139531,6821,SUOX,-0.0978568698975838
ENSG00000174501,400986,ANKRD36C,0.1129842181665451
ENSG00000156170,137682,NDUFAF6,0.1576777522831049
ENSG00000166770,100128252,ZNF667-AS1,0.0626223242456651
ENSG00000072778,37,ACADVL,0.088830932337697
ENSG00000291375,54455,FBXO42,-0.1168749249575899
ENSG00000102103,10084,PQBP1,0.0697040355478671
ENSG00000177030,10522,DEAF1,0.1139730582363709
ENSG00000109083,90410,IFT20,0.1199091454888765
ENSG00000136143,8803,SUCLA2,0.0524040586687172
ENSG00000108395,4591,TRIM37,-0.0890116616078914
ENSG00000089876,55760,DHX32,0.1302602812854573
ENSG00000144747,7110,TMF1,-0.0885297778989786
ENSG00000120254,25902,MTHFD1L,0.0929633973366189
ENSG00000068650,23250,ATP11A,-0.1249717583050556
ENSG00000115946,56902,PNO1,0.1148832618762725
ENSG00000155329,54819,ZCCHC10,-0.0482789742756228
ENSG00000175595,2072,ERCC4,-0.0828193554279068
ENSG00000125166,2806,GOT2,0.0622049258120134
ENSG00000288325,2874,GPS2,0.0705904647021943
ENSG00000121073,10237,SLC35B1,-0.0734071581030297
ENSG00000138686,55212,BBS7,-0.0971470920003518
ENSG00000121691,847,CAT,-0.0522969123492607
ENSG00000162191,51035,UBXN1,0.0618158203603682
ENSG00000053371,8574,AKR7A2,-0.1207515484003106
,,FLJ37453,-0.1222347046444222
ENSG00000250423,57481,KIAA1210,-0.0833764624041633
,,LOC100505715,0.0986022831854245
ENSG00000100294,27349,MCAT,0.1381929631662196
ENSG00000104320,4683,NBN,0.0729616171845172
ENSG00000185008,6092,ROBO2,-0.0854566181307695
ENSG00000184205,64061,TSPYL2,0.1210215346340514
ENSG00000103343,7727,ZNF174,0.1594440564598972
ENSG00000285023,26973,CHORDC1,0.0804235910510031
ENSG00000162595,9077,DIRAS3,0.0578136674095048
ENSG00000084710,22979,EFR3B,0.1312244353161491
ENSG00000130811,8666,EIF3G,-0.0503428160866966
ENSG00000165102,138050,HGSNAT,-0.1099190738530194
ENSG00000160113,2063,NR2F6,0.1267863039967144
ENSG00000115685,5510,PPP1R7,-0.0596333395754339
ENSG00000147804,55630,SLC39A4,0.1290123712532076
ENSG00000124222,8675,STX16,0.0825724142575566
ENSG00000126970,55906,ZC4H2,0.0984989366088046
ENSG00000062370,7771,ZNF112,0.1387721292651031
ENSG00000167637,284349,ZNF283,-0.1545626870092318
ENSG00000156261,10694,CCT8,0.0208856945048032
ENSG00000183137,285753,CEP57L1,-0.0903842832531393
ENSG00000164237,134147,CMBL,0.0968726692438873
ENSG00000162174,80150,ASRGL1,-0.0940926884901585
ENSG00000135447,5502,PPP1R1A,-0.1741489630748076
ENSG00000037897,4234,METTL1,-0.0806200719723681
ENSG00000178381,90637,ZFAND2A,0.0715660730716977
ENSG00000182827,64746,ACBD3,-0.0702393565209055
ENSG00000186318,23621,BACE1,-0.1323321499930086
ENSG00000108582,1362,CPD,0.0789922206864207
ENSG00000143674,84451,MAP3K21,-0.0739621772731604
ENSG00000268994,100132304,FAM236B,-0.1173475569163838
ENSG00000107954,9148,NEURL1,-0.1683625742689267
ENSG00000112078,222658,KCTD20,0.0804039271593246
ENSG00000118263,8609,KLF7,-0.1000284944178011
ENSG00000164327,253260,RICTOR,-0.0886233245781544
ENSG00000143252,6391,SDHC,-0.0294747774088137
,,C20orf27,-0.1093658269560039
ENSG00000123485,55355,HJURP,-0.1193310967429451
ENSG00000102786,26512,INTS6,0.0897552301929586
ENSG00000162736,23385,NCSTN,0.0692965732726072
ENSG00000049759,23327,NEDD4L,-0.0740274194617674
ENSG00000275326,115677,NOSTRIN,0.0637264401637027
ENSG00000168566,154007,SNRNP48,0.1300238360508821
ENSG00000116266,6814,STXBP3,-0.0964924753055294
ENSG00000143549,7170,TPM3,-0.0395947084801981
ENSG00000198464,147657,ZNF480,-0.1256665101785202
ENSG00000176444,1196,CLK2,0.1306533311324343
ENSG00000183087,2621,GAS6,-0.1282796992281748
ENSG00000101391,51654,CDK5RAP1,-0.0713867593372172
ENSG00000158528,55607,PPP1R9A,0.0769759415001752
ENSG00000132294,23167,EFR3A,-0.0927101409417123
ENSG00000173818,284131,ENDOV,0.1319620821375177
ENSG00000152413,9456,HOMER1,0.104599017818275
ENSG00000101346,23509,POFUT1,-0.0940959321764443
ENSG00000067955,865,CBFB,-0.08098463301691
ENSG00000119147,84417,ECRG4,-0.1348669573460808
ENSG00000184508,374659,HDDC3,-0.1135018472281694
ENSG00000176422,283377,SPRYD4,-0.0506794801782853
ENSG00000124228,55661,DDX27,0.0684715264470202
ENSG00000127951,10875,FGL2,-0.069710418868497
ENSG00000164930,8323,FZD6,0.1545242555085419
ENSG00000129933,23383,MAU2,0.1331681007469176
ENSG00000162959,51072,MEMO1,0.0708100185506245
ENSG00000184117,8508,NIPSNAP1,0.0676743267055874
ENSG00000137713,5519,PPP2R1B,-0.0722489963274788
ENSG00000004534,10180,RBM6,-0.1210645165594642
ENSG00000169371,10073,SNUPN,0.0563869393977576
ENSG00000168569,79064,TMEM223,0.0921982535879119
ENSG00000182872,8241,RBM10,-0.13793255875653
ENSG00000163597,100507246,SNHG16,-0.0251478267237182
ENSG00000137200,23070,CMTR1,0.0934073297924702
ENSG00000183386,2275,FHL3,0.125330669799981
ENSG00000176055,153364,MBLAC2,0.1416750998109269
ENSG00000068784,55133,SRBD1,0.0775046724449787
ENSG00000131747,7153,TOP2A,-0.0598011545561222
ENSG00000101955,8406,SRPX,-0.0969639947685135
ENSG00000153827,9320,TRIP12,0.0585514129971832
ENSG00000154079,135154,SDHAF4,0.0713891871381212
ENSG00000117174,54680,ZNHIT6,-0.0783226001118672
ENSG00000178096,51027,BOLA1,0.1156988618919912
ENSG00000134905,79587,CARS2,0.1681816392532037
ENSG00000132792,56259,CTNNBL1,-0.0487096898532607
ENSG00000166147,2200,FBN1,-0.0659423118976691
ENSG00000168002,5436,POLR2G,0.0234814805526818
ENSG00000133119,5983,RFC3,-0.064778335112032
ENSG00000104899,268,AMH,0.0573154508147542
ENSG00000137824,55177,RMDN3,-0.1124619298499588
ENSG00000179119,144108,SPTY2D1,0.1138515852073911
ENSG00000204852,79600,TCTN1,-0.0940000630879549
ENSG00000143155,261726,TIPRL,-0.0454320077085992
ENSG00000181915,84890,ADO,0.0924887928592745
ENSG00000113360,29102,DROSHA,-0.116472497122592
ENSG00000156508,1915,EEF1A1,-0.0332435113422019
ENSG00000107937,23560,GTPBP4,0.0488678892707776
ENSG00000198162,10905,MAN1A2,-0.0657037431119453
ENSG00000121851,84265,POLR3GL,-0.0794719513548619
ENSG00000197958,6136,RPL12,0.0252156701027147
ENSG00000182899,6165,RPL35A,0.0324869319650145
ENSG00000151748,60485,SAV1,0.1109085750077368
ENSG00000092140,55632,G2E3,-0.0664161607893425
ENSG00000198246,55315,SLC29A3,0.100869689178465
ENSG00000119777,54867,TMEM214,-0.0909574854525551
ENSG00000130520,25804,LSM4,-0.0531070139807407
ENSG00000141736,2064,ERBB2,0.1430485706102894
ENSG00000182919,28970,C11orf54,-0.0565592879918149
ENSG00000214107,4112,MAGEB1,-0.1360613422373269
ENSG00000115421,64895,PAPOLG,-0.0768834313510088
ENSG00000084072,10450,PPIE,0.0241422520528418
ENSG00000144115,55258,THNSL2,0.1648731482957493
ENSG00000078124,55331,ACER3,-0.1088550155520807
ENSG00000109911,26610,ELP4,-0.074702997420903
ENSG00000110429,26273,FBXO3,-0.0721179725661744
ENSG00000060688,9410,SNRNP40,-0.0695661021984759
ENSG00000174442,55055,ZWILCH,-0.0969691036872063
ENSG00000178568,2066,ERBB4,0.1158256223269427
ENSG00000123268,466,ATF1,-0.0908925091641843
ENSG00000112578,705,BYSL,0.1242566062607651
ENSG00000198954,26128,KIFBP,-0.1227730849736285
ENSG00000124225,56937,PMEPA1,0.1316985763367092
ENSG00000177225,347862,GATD1,-0.0641208839839744
ENSG00000148358,57720,GPR107,-0.0775023696284528
ENSG00000132128,10489,LRRC41,-0.05383357757403
ENSG00000196290,60491,NIF3L1,0.0503822800415294
ENSG00000132170,5468,PPARG,-0.1373952897745321
ENSG00000112996,10884,MRPS30,-0.0912771921766531
ENSG00000101199,55738,ARFGAP1,-0.1045811669007517
ENSG00000176340,1351,COX8A,-0.0227134254440253
ENSG00000088256,2767,GNA11,0.1212720559991594
ENSG00000131373,26061,HACL1,0.0676259256413053
ENSG00000100578,9786,KIAA0586,-0.1015632939638884
ENSG00000133424,9215,LARGE1,0.1361352530784233
ENSG00000050405,51474,LIMA1,-0.0772558742197217
,,LOC101927789,0.1252681566452296
ENSG00000163818,54585,LZTFL1,-0.072379790090152
ENSG00000150527,4253,MIA2,-0.0847917995995539
ENSG00000158092,4690,NCK1,-0.0736338135125157
ENSG00000138942,91445,RNF185,-0.0701927185087146
ENSG00000162244,6159,RPL29,-0.027242252514449
ENSG00000127952,51657,STYXL1,0.0667329268086816
ENSG00000136111,9882,TBC1D4,0.104317276303119
ENSG00000163634,80145,THOC7,0.0366150404477645
ENSG00000248275,100507602,TRIM52-AS1,-0.1121928058256454
ENSG00000004766,55610,VPS50,0.0851435907098017
ENSG00000197024,57541,ZNF398,-0.1382820728513404
ENSG00000197841,339318,ZNF181,0.1251144627147579
ENSG00000187118,152100,CMC1,0.0700648954338404
ENSG00000197548,10533,ATG7,0.0887032393849297
ENSG00000169515,83987,CCDC8,-0.0874063170742961
ENSG00000177697,977,CD151,-0.0719918520106166
ENSG00000122873,55847,CISD1,-0.0289826921733503
ENSG00000111203,55846,ITFG2,0.0596014257095411
ENSG00000165516,23588,KLHDC2,-0.1190665568336371
ENSG00000163291,152559,PAQR3,0.096654387338185
ENSG00000120509,51248,PDZD11,0.030285215072093
ENSG00000244462,10137,RBM12,0.0655268147198898
ENSG00000072422,9886,RHOBTB1,0.0975044084183681
ENSG00000087266,6452,SH3BP2,0.1171123400123224
ENSG00000180008,122809,SOCS4,-0.0897520092852664
ENSG00000006282,64847,SPATA20,-0.1342758581195794
ENSG00000131018,23345,SYNE1,0.1253673140037567
ENSG00000275122,387357,THEMIS,0.1122520586056231
ENSG00000180479,51276,ZNF571,0.1354748030626604
ENSG00000132661,29107,NXT1,0.0793371755940768
ENSG00000004059,381,ARF5,0.0488877945601939
ENSG00000179562,79571,GCC1,-0.1288623629843207
ENSG00000088888,57506,MAVS,-0.0851301647616535
ENSG00000171100,4534,MTM1,0.0744393589513969
ENSG00000137513,79731,NARS2,0.093262942075983
ENSG00000115652,80146,UXS1,-0.0923794273241415
ENSG00000104142,57617,VPS18,0.1270648855066805
ENSG00000145819,23092,ARHGAP26,-0.106817182155491
ENSG00000065371,54763,ROPN1,-0.134069158604098
ENSG00000204381,143903,LAYN,0.1290779827068416
ENSG00000068120,80347,COASY,-0.0675288851656847
ENSG00000109534,54433,GAR1,-0.0942034066358885
ENSG00000184232,220323,OAF,0.1317212540320294
ENSG00000205981,131118,DNAJC19,0.0307754467229882
ENSG00000171503,2110,ETFDH,0.1317605279241879
ENSG00000141198,10040,TOM1L1,0.1133696942304069
ENSG00000063761,57143,ADCK1,0.1100941716291905
ENSG00000172869,1657,DMXL1,-0.084439625724553
ENSG00000107779,657,BMPR1A,-0.0714112713597925
ENSG00000117724,1063,CENPF,0.0884700785953352
ENSG00000108840,10014,HDAC5,0.1320468309899992
ENSG00000184408,3751,KCND2,-0.1410975279878592
ENSG00000168806,9836,LCMT2,-0.1475846589731035
ENSG00000130349,51250,MTRES1,0.0680087742415481
ENSG00000173473,6599,SMARCC1,0.0477415855960816
ENSG00000095637,10580,SORBS1,0.1505432106448085
ENSG00000054392,55733,HHAT,-0.1233527510194722
ENSG00000167130,57171,DOLPP1,-0.1465623170736497
ENSG00000175324,27257,LSM1,-0.0539992797682185
ENSG00000189308,132660,LIN54,-0.1079430667708445
ENSG00000082515,29093,MRPL22,-0.0287034788903133
ENSG00000100330,8897,MTMR3,-0.1022616173107148
ENSG00000130021,8226,PUDP,-0.0674321240790094
ENSG00000198369,200734,SPRED2,-0.112909327160081
ENSG00000115464,9736,USP34,0.0666573031050216
ENSG00000184056,26276,VPS33B,0.1213519992175446
ENSG00000059573,5832,ALDH18A1,-0.0663405073542328
ENSG00000145476,285440,CYP4V2,-0.1215092718782863
ENSG00000121897,11019,LIAS,-0.0573927565669256
ENSG00000099331,4650,MYO9B,-0.1233805560586209
ENSG00000112167,55776,SAYSD1,0.0798345043883562
ENSG00000165275,158234,TRMT10B,0.1289100510467168
ENSG00000291984,,CASP4LP,-0.12057923709106
ENSG00000166446,124359,CDYL2,0.1291281493765989
ENSG00000103274,4682,NUBP1,-0.070037700103409
ENSG00000072682,8974,P4HA2,-0.046162863712881
ENSG00000213889,147699,PPM1N,0.1026015855626212
ENSG00000171858,6227,RPS21,-0.038189147694343
ENSG00000127125,79717,PPCS,0.0332866148067131
ENSG00000134744,23318,TUT4,0.0995128060343969
ENSG00000169519,196074,METTL15,0.0853981181505299
ENSG00000139826,84945,ABHD13,-0.0887137746130969
ENSG00000157184,1376,CPT2,-0.0983172176660719
ENSG00000135968,9648,GCC2,0.0896146672954756
ENSG00000274442,10594,PRPF8,0.0559143578478819
ENSG00000128340,5880,RAC2,-0.1289797952917972
ENSG00000105401,11140,CDC37,0.0858883042971193
ENSG00000293271,101928079,SLC44A3-AS1,0.1543968237522331
ENSG00000131475,84313,VPS25,-0.0225565710382335
ENSG00000130706,11047,ADRM1,-0.0602701460290523
ENSG00000181938,64785,GINS3,-0.0741287484121495
ENSG00000136098,4752,NEK3,0.1408677780552386
ENSG00000185009,26985,AP3M1,0.0473907387647472
ENSG00000176476,112869,SGF29,-0.0874412677266674
ENSG00000086065,51510,CHMP5,0.0256102414668246
ENSG00000142546,51070,NOSIP,-0.0538821474527107
ENSG00000138750,53371,NUP54,0.076908375879867
ENSG00000164329,167153,TENT2,0.0690248834457156
ENSG00000104723,7991,TUSC3,-0.058934954040429
ENSG00000135919,5270,SERPINE2,0.0558408340628846
ENSG00000182544,84975,MFSD5,0.1021794645306601
ENSG00000005020,8935,SKAP2,0.0675351725961104
ENSG00000161920,400569,MED11,0.05410414033925
ENSG00000163104,56916,SMARCAD1,-0.0689431868482945
,,SRP14-AS1,0.0932690437120621
ENSG00000177830,66005,CHID1,-0.0398022712326659
ENSG00000111325,79676,OGFOD2,-0.1530979750139292
ENSG00000155111,23097,CDK19,0.0914069635293092
ENSG00000108010,10539,GLRX3,-0.0415316580280748
ENSG00000084207,2950,GSTP1,-0.0300608488163165
ENSG00000292170,11120,BTN2A1,0.0885270954138227
ENSG00000137804,51203,NUSAP1,-0.0449777041541241
ENSG00000095303,5742,PTGS1,0.1134275891159443
ENSG00000116473,5906,RAP1A,0.0547482674769144
ENSG00000110011,3338,DNAJC4,-0.0932357605696587
ENSG00000144591,29926,GMPPA,0.1056456473070561
ENSG00000102221,9767,JADE3,0.1177492967822882
ENSG00000127337,8089,YEATS4,0.0775110558691406
ENSG00000284770,6905,TBCE,0.0856372880763438
ENSG00000125266,1948,EFNB2,-0.1357539384753665
ENSG00000188706,51114,ZDHHC9,-0.0756979082875199
ENSG00000168275,388753,COA6,-0.0394436978734718
ENSG00000198911,6721,SREBF2,0.0867021100116443
ENSG00000166170,9529,BAG5,0.0488928745806951
ENSG00000176788,10409,BASP1,-0.1313534205973185
ENSG00000112576,896,CCND3,0.0695948653020422
ENSG00000143387,1513,CTSK,0.0446065548502039
ENSG00000280618,23191,CYFIP1,-0.0669981188107549
ENSG00000157379,115817,DHRS1,0.0599352567521749
ENSG00000128581,64792,IFT22,0.0303454442719152
ENSG00000066135,9682,KDM4A,0.0805181216527551
ENSG00000145012,4026,LPP,0.0643891323343133
ENSG00000105699,51599,LSR,-0.0979523049123154
ENSG00000108848,51747,LUC7L3,-0.0397613351924189
,,MSL3P1,-0.1103010459325759
ENSG00000059728,4084,MXD1,-0.1086321086977778
ENSG00000198496,10230,NBR2,-0.1088066691008485
ENSG00000100731,22990,PCNX1,0.0663614788711885
ENSG00000240694,10687,PNMA2,0.1097828117700664
ENSG00000099341,5714,PSMD8,-0.035726179745052
ENSG00000171222,51282,SCAND1,0.0445961082803884
ENSG00000111252,10019,SH2B3,0.1227641612014062
ENSG00000064545,54929,TMEM161A,-0.1325407366879671
ENSG00000067369,7158,TP53BP1,0.0877459833237785
,105377348,UBE2D3-AS1,0.1201541713388548
ENSG00000073050,7515,XRCC1,-0.0969022276731857
ENSG00000163812,51304,ZDHHC3,0.0939691260045937
ENSG00000175470,55844,PPP2R2D,0.0950080377870531
ENSG00000011198,51099,ABHD5,-0.1063804803975191
ENSG00000236279,154790,CLEC2L,-0.1213542393814653
ENSG00000137692,84259,DCUN1D5,0.0726807022649697
ENSG00000131149,23199,GSE1,-0.084832917088518
ENSG00000186106,157567,ANKRD46,-0.0554911844927258
ENSG00000117399,991,CDC20,-0.0923541932327011
ENSG00000165410,1073,CFL2,-0.0386230764507438
ENSG00000132199,55556,ENOSF1,0.101590879278594
ENSG00000048828,23196,FAM120A,0.072630268325441
ENSG00000107104,23189,KANK1,-0.0902252789122395
ENSG00000293460,147081,LINC02210,0.0859995853879349
ENSG00000196498,9612,NCOR2,-0.0927592746148757
ENSG00000110218,24145,PANX1,-0.1102015629869236
ENSG00000153574,22934,RPIA,0.0936436619011344
ENSG00000134419,6210,RPS15A,-0.0264660515369511
,,TMEM99,0.0425012544950016
ENSG00000104691,7993,UBXN8,0.0489415081782051
ENSG00000231116,7407,VARS1,-0.1161326763223564
ENSG00000178719,2907,GRINA,0.1503015931876939
ENSG00000047230,56474,CTPS2,0.0849865553260167
ENSG00000105516,1628,DBP,0.1265902212980975
ENSG00000151338,145282,MIPOL1,-0.1216425945469066
ENSG00000144724,5793,PTPRG,0.0673756072804006
ENSG00000100926,10548,TM9SF1,-0.0687222761640272
ENSG00000239713,60489,APOBEC3G,-0.0461542819645732
ENSG00000249915,10016,PDCD6,-0.0372454266237241
ENSG00000120742,27230,SERP1,-0.0423673253342264
ENSG00000182903,170960,ZNF721,-0.0917813995294692
ENSG00000101546,79863,RBFA,0.1520791753516162
ENSG00000167004,2923,PDIA3,-0.036681565370752
ENSG00000135457,7024,TFCP2,-0.0853494442820087
ENSG00000162928,5194,PEX13,-0.1203611036880341
ENSG00000149273,6188,RPS3,0.0205273895307232
ENSG00000091039,114882,OSBPL8,-0.0530602342669125
ENSG00000243335,154881,KCTD7,0.1138448321098343
ENSG00000135506,10956,OS9,-0.0556442820730393
ENSG00000196730,1612,DAPK1,-0.1280865540420394
ENSG00000158427,286527,TMSB15B,-0.0592067570266034
ENSG00000130559,157922,CAMSAP1,0.1130479858426888
ENSG00000065268,57418,WDR18,-0.0847651778738628
ENSG00000171469,93134,ZNF561,-0.0624011881381556
ENSG00000196756,388796,SNHG17,0.0604744943400795
ENSG00000140092,10516,FBLN5,0.1262172641376253
ENSG00000138018,85465,SELENOI,0.0885238481919044
ENSG00000114126,7029,TFDP2,-0.0438285601661993
ENSG00000170852,25948,KBTBD2,-0.0764646060190823
ENSG00000122824,170685,NUDT10,0.0607956757370291
ENSG00000168004,117245,PLAAT5,0.075724497775071
ENSG00000185651,7332,UBE2L3,0.0217693640077678
ENSG00000172888,285268,ZNF621,0.1202985289580608
ENSG00000167562,55762,ZNF701,0.1386926857193468
ENSG00000109118,57649,PHF12,-0.1084143059380302
ENSG00000112851,55914,ERBIN,0.0513138616858935
ENSG00000082458,1741,DLG3,-0.066881838768042
ENSG00000162873,55220,KLHDC8A,0.0752758958733349
ENSG00000181830,55343,SLC35C1,-0.1329795083025053
ENSG00000083312,3842,TNPO1,0.0339820846636167
ENSG00000137871,54816,ZNF280D,0.0632817041375498
ENSG00000168785,10098,TSPAN5,0.0505314012495892
ENSG00000164144,27236,ARFIP1,0.0387893553161256
ENSG00000129691,9070,ASH2L,0.0381973926257105
ENSG00000110906,83892,KCTD10,-0.0805990537217608
ENSG00000125901,64949,MRPS26,0.0499529973886251
,441502,RPS26P11,0.0678191746387375
ENSG00000112981,8382,NME5,0.0877791903710836
ENSG00000281601,163131,ZNF780B,-0.1208797185403963
ENSG00000147421,79618,HMBOX1,-0.0913107561774502
ENSG00000102054,5931,RBBP7,-0.0307285768744631
ENSG00000171827,148268,ZNF570,0.1011601750366699
ENSG00000288368,29071,C1GALT1C1,-0.0436525611686013
ENSG00000180917,55783,CMTR2,-0.0818083754016873
ENSG00000136160,1910,EDNRB,0.0437951594356878
ENSG00000114315,3280,HES1,-0.060954446206746
ENSG00000123562,9643,MORF4L2,0.0235206772257153
ENSG00000111752,1911,PHC1,-0.1011655543368953
ENSG00000281569,644246,KANSL1-AS1,0.125347958730159
ENSG00000156642,27020,NPTN,-0.0391071395584782
ENSG00000134375,10440,TIMM17A,0.0333646517780214
ENSG00000213853,2013,EMP2,0.0531014631350554
ENSG00000164808,23514,SPIDR,-0.0792248480702486
ENSG00000102078,9016,SLC25A14,-0.0557280334501203
ENSG00000124562,6631,SNRPC,-0.0212141242039624
ENSG00000269190,115290,FBXO17,-0.0798605865119174
ENSG00000165271,65083,NOL6,0.087605152648572
ENSG00000070785,8891,EIF2B3,-0.0416132050464792
ENSG00000163872,55689,YEATS2,-0.1149354459050046
ENSG00000164162,10393,ANAPC10,0.0463901265472781
ENSG00000176386,246184,CDC26,0.034401081628555
ENSG00000203909,340168,DPPA5,0.1254370111004931
ENSG00000072506,3028,HSD17B10,0.0454809737025332
ENSG00000100600,5641,LGMN,0.0780936137455724
ENSG00000162735,5824,PEX19,-0.047972500957369
ENSG00000104388,5862,RAB2A,0.0284718246545037
,,TP73-AS1,-0.1322835177720285
ENSG00000269793,,ZIM2-AS1,-0.1179915698573618
ENSG00000166136,4714,NDUFB8,-0.0213941937017399
ENSG00000114902,28972,SPCS1,0.0184262945125341
ENSG00000179941,79738,BBS10,0.1084547601637578
ENSG00000127603,23499,MACF1,0.0624215669063012
ENSG00000024422,30846,EHD2,-0.09387690335541
ENSG00000165688,23203,PMPCA,-0.0893594189997121
ENSG00000189306,27341,RRP7A,-0.0539426085866127
ENSG00000198105,57209,ZNF248,-0.0860100814123729
ENSG00000157500,26060,APPL1,-0.0504520588868609
ENSG00000108468,10951,CBX1,-0.0642667232653292
ENSG00000143320,1382,CRABP2,-0.0804954519228498
ENSG00000121310,55268,ECHDC2,-0.1103589327497724
ENSG00000157593,347734,SLC35B2,-0.0592078533731131
ENSG00000184895,6736,SRY,0.096532548626471
ENSG00000155755,65062,TMEM237,-0.0633334182373618
ENSG00000121858,8743,TNFSF10,0.0604795624304735
ENSG00000173950,152002,XXYLT1,0.0825605526981835
ENSG00000175866,10458,BAIAP2,-0.137786453795181
ENSG00000108578,642,BLMH,-0.0563388721475693
ENSG00000116750,51377,UCHL5,0.0749719194144696
ENSG00000148843,22984,PDCD11,-0.0644508437860365
ENSG00000171135,84522,JAGN1,-0.0510748646218752
ENSG00000257727,10330,CNPY2,-0.038720838917778
ENSG00000078369,2782,GNB1,0.0367017294904142
ENSG00000052749,23223,RRP12,0.1192619776324531
ENSG00000138246,23317,DNAJC13,0.0742605197025368
ENSG00000055147,10827,FAM114A2,0.0618868333899453
ENSG00000151327,283635,FAM177A1,-0.0727829875455366
ENSG00000152778,24138,IFIT5,-0.0695843328601544
ENSG00000170222,56985,ADPRM,-0.0658894345703623
ENSG00000105221,208,AKT2,0.0784739498762635
ENSG00000101474,57136,APMAP,-0.040452407226593
ENSG00000107669,11101,ATE1,-0.0576757986686692
ENSG00000026508,960,CD44,0.1187657635333427
ENSG00000134690,55143,CDCA8,0.0657153304269853
ENSG00000096696,1832,DSP,0.0612234937095437
ENSG00000143971,54465,ETAA1,0.1015998478154596
ENSG00000012983,11183,MAP4K5,0.0928545557311426
ENSG00000111877,254394,MCM9,0.1118993614558198
ENSG00000115761,79954,NOL10,0.0801435633167974
ENSG00000165671,64324,NSD1,0.0584621160742117
ENSG00000213339,81890,QTRT1,-0.0769455216621102
ENSG00000119541,9525,VPS4B,-0.0401281638020578
ENSG00000156853,115509,ZNF689,-0.0765777011430922
ENSG00000107362,51104,ABHD17B,0.0932286495870447
ENSG00000163170,388962,BOLA3,0.0313298283822253
ENSG00000160993,54784,ALKBH4,-0.117867940513986
ENSG00000196313,9883,POM121,-0.0904628801211128
ENSG00000129353,57153,SLC44A2,-0.0765121630698287
ENSG00000070010,7353,UFD1,-0.0350949127070081
ENSG00000196981,54554,WDR5B,0.0889419389386921
ENSG00000101557,9097,USP14,0.0537343197242839
ENSG00000112039,2178,FANCE,0.1065570091899281
ENSG00000111554,56890,MDM1,-0.0399999848575005
ENSG00000185480,55010,PARPBP,-0.0804359887478123
ENSG00000124486,8239,USP9X,-0.0379270888237938
ENSG00000136250,313,AOAH,0.1119065761270261
ENSG00000100852,394,ARHGAP5,0.0426415699185051
ENSG00000163947,50650,ARHGEF3,0.0623476434591547
ENSG00000131504,1729,DIAPH1,0.0731574030040684
ENSG00000023572,51022,GLRX2,-0.0708558044778586
ENSG00000159921,10020,GNE,-0.1220010494158422
ENSG00000144711,9922,IQSEC1,-0.0802983787835287
ENSG00000164167,11157,LSM6,-0.0249627303939648
ENSG00000162441,84328,LZIC,0.0370734513565915
ENSG00000160294,8888,MCM3AP,0.1070628304426807
ENSG00000140259,4236,MFAP1,0.0313795921324025
ENSG00000215417,407975,MIR17HG,0.0998002283195368
ENSG00000058804,55706,NDC1,-0.0660081984732664
ENSG00000273899,79159,NOL12,0.0787531338387299
ENSG00000141458,4864,NPC1,0.0770634142802949
ENSG00000310560,286257,PAXX,-0.1059041910001144
ENSG00000138073,10113,PREB,0.0562548355732873
ENSG00000269386,100507567,RAB11B-AS1,0.0948044084306879
ENSG00000130347,84816,RTN4IP1,-0.0881760507741644
ENSG00000109686,152503,SH3D19,0.0904251963406759
ENSG00000134955,219855,SLC37A2,-0.1133042597280395
ENSG00000165698,11092,SPACA9,-0.0973961122335048
ENSG00000125875,128637,TBC1D20,0.0613803915268747
ENSG00000196628,6925,TCF4,-0.0244970158727287
ENSG00000088325,22974,TPX2,-0.0643479494492332
ENSG00000078668,7419,VDAC3,0.023076059633084
ENSG00000060237,65125,WNK1,0.0554272047672864
ENSG00000132323,80895,ILKAP,0.1173586706136851
ENSG00000234362,101929723,LINC01914,-0.1124744852477657
ENSG00000078618,4898,NRDC,0.0412679258617701
ENSG00000115419,2744,GLS,-0.0570127357952596
ENSG00000101654,8731,RNMT,-0.0540028812744498
ENSG00000162702,23528,ZNF281,0.0508624473382646
ENSG00000143756,23219,FBXO28,-0.0661743833760474
ENSG00000146282,57038,RARS2,0.0313602741024549
ENSG00000284850,196513,DCP1B,0.1103307810198045
ENSG00000100941,5411,PNN,0.0480459898126291
ENSG00000235715,5696,PSMB8,0.0355821997895403
ENSG00000185946,55599,RNPC3,-0.0581551547909474
ENSG00000163430,11167,FSTL1,-0.0409227517807794
ENSG00000278622,79042,TSEN34,-0.0521538444440034
ENSG00000151239,5756,TWF1,-0.0336807792268046
,,ZNF582-AS1,0.100316396862859
ENSG00000100994,5834,PYGB,-0.0809026880307495
ENSG00000088726,55287,TMEM40,0.0866426885526232
ENSG00000107643,5599,MAPK8,-0.0672829123727943
ENSG00000198130,26275,HIBCH,-0.039895517623766
ENSG00000181788,6478,SIAH2,0.0958279509236987
ENSG00000234608,51275,MAPKAPK5-AS1,-0.0433775588564007
ENSG00000104218,79848,CSPP1,-0.0779600961877275
ENSG00000165782,90809,PIP4P1,-0.0589053981949372
ENSG00000118137,335,APOA1,-0.0222668137376699
ENSG00000182685,283870,BRICD5,0.0522738644130102
ENSG00000149600,149951,COMMD7,-0.0366620222667831
,,RPSAP58,-0.0664119362013426
ENSG00000119685,23093,TTLL5,-0.0491310143694278
ENSG00000235437,92249,LINC01278,0.0879761444464684
ENSG00000164008,79078,C1orf50,0.0701662052688721
ENSG00000115966,1386,ATF2,-0.041925447437061
ENSG00000168944,153241,CEP120,-0.0755520235350538
ENSG00000179387,255520,ELMOD2,0.0470399566741781
ENSG00000154447,57630,SH3RF1,-0.0549206531015456
ENSG00000100722,79882,ZC3H14,0.0557588413636418
ENSG00000168101,84309,NUDT16L1,0.0558713708334641
ENSG00000117298,1889,ECE1,-0.0956482143173249
ENSG00000140320,22893,BAHD1,-0.1206098463085439
ENSG00000164615,819,CAMLG,0.047687614076042
ENSG00000004897,996,CDC27,-0.0431055285966153
ENSG00000113300,57472,CNOT6,0.0550214221454669
ENSG00000167969,1632,ECI1,0.0809809768233062
ENSG00000182473,23265,EXOC7,0.0502248919639385
ENSG00000181274,23401,FRAT2,-0.0881812214202171
ENSG00000136720,9394,HS6ST1,-0.0695464546345394
ENSG00000134330,285148,IAH1,0.025871432278379
ENSG00000132376,51763,INPP5K,0.0702588519459808
ENSG00000128052,3791,KDR,0.0710231647830705
ENSG00000104341,55353,LAPTM4B,-0.0247405242161951
ENSG00000139233,84298,LLPH,0.0256534950172359
ENSG00000181817,84967,LSM10,0.0495594461745384
ENSG00000156875,64645,MFSD14A,-0.0624623305159139
ENSG00000102738,10240,MRPS31,0.0306748093842156
ENSG00000136448,4836,NMT1,0.0405630004685345
ENSG00000119900,79627,OGFRL1,-0.0922621094565069
ENSG00000126226,55795,PCID2,-0.0350114827289067
ENSG00000129292,51105,PHF20L1,0.0671787131791509
ENSG00000173281,79660,PPP1R3B,0.0741968875362223
ENSG00000213516,494115,RBMXL1,0.0281397410370911
ENSG00000117000,6018,RLF,-0.0824782285310425
ENSG00000228907,6048,RNF5,-0.0510197606087069
ENSG00000073060,949,SCARB1,0.0897707066384525
,105371743,SNHG30,-0.0809371630780373
ENSG00000106299,8976,WASL,0.0464932028873854
ENSG00000178252,11180,WDR6,0.0378377068441027
ENSG00000139131,51067,YARS2,0.0703240869067464
ENSG00000181007,284406,ZFP82,-0.0610460289662262
ENSG00000178764,22882,ZHX2,0.0959250311198763
ENSG00000169016,1876,E2F6,0.0684926905592037
ENSG00000198682,9060,PAPSS2,-0.0586756999938617
ENSG00000110801,5715,PSMD9,-0.0512621931902514
ENSG00000197977,54898,ELOVL2,0.0546828211232169
ENSG00000158711,2005,ELK4,-0.0591476897549047
ENSG00000144021,9391,CIAO1,0.0366847691575762
ENSG00000120129,1843,DUSP1,0.0871705728171943
ENSG00000157240,8321,FZD1,0.1172503821423854
ENSG00000182541,3985,LIMK2,0.07255374852595
ENSG00000111300,80018,NAA25,0.0478439563699837
ENSG00000035928,5981,RFC1,-0.0539300395743548
ENSG00000131724,3597,IL13RA1,-0.0654316844329035
ENSG00000004455,204,AK2,0.0330970712883511
ENSG00000164035,51705,EMCN,0.0649252121271341
ENSG00000170264,84140,FAM161A,0.0712040577523267
ENSG00000055211,116254,GINM1,-0.0585058240444413
ENSG00000124588,4835,NQO2,0.0598425565107399
ENSG00000143740,116841,SNAP47,0.0801429412816739
ENSG00000167107,80221,ACSF2,-0.084123405937809
ENSG00000166199,221120,ALKBH3,-0.0848375517729285
ENSG00000132965,241,ALOX5AP,-0.0538964903007492
ENSG00000151465,8872,CDC123,-0.0276768248793801
ENSG00000063854,3029,HAGH,-0.1034635981151862
ENSG00000275746,51621,KLF13,-0.0932079821041582
ENSG00000161980,51728,POLR3K,0.0257490149231347
ENSG00000174718,55196,RESF1,0.0595217205479726
ENSG00000135913,57695,USP37,-0.084953318647934
ENSG00000140948,23174,ZCCHC14,0.0869601623845165
ENSG00000161298,84911,ZNF382,-0.106923411245732
ENSG00000166797,84191,CIAO2A,0.0248381369848905
ENSG00000116161,27101,CACYBP,0.0215349769931759
ENSG00000107771,54462,CCSER2,-0.0525731554032463
ENSG00000232859,201229,LYRM9,0.0696267695198558
ENSG00000047188,64848,YTHDC2,-0.0972463550296344
ENSG00000278220,2055,CLN8,-0.0801690023428785
ENSG00000105793,85865,GTPBP10,0.0511663459277606
ENSG00000139289,22822,PHLDA1,-0.0437273429644569
ENSG00000163631,213,ALB,0.8094099742487497
ENSG00000153132,1047,CLGN,0.0689025714758295
ENSG00000136937,4686,NCBP1,-0.0551265469315202
ENSG00000214022,29803,REPIN1,0.0932380075244079
ENSG00000147526,6867,TACC1,0.0495564225990661
ENSG00000141627,54808,DYM,0.0458713109110146
ENSG00000144218,3899,AFF3,0.0993559628710278
ENSG00000196139,8644,AKR1C3,-0.0563678446295605
ENSG00000291953,23300,ATMIN,0.0581508521126538
ENSG00000141219,55028,C17orf80,-0.0562785884048202
ENSG00000198894,85457,CIPC,-0.0704615319692141
ENSG00000060718,1301,COL11A1,0.0957626704618287
ENSG00000198171,65992,DDRGK1,-0.0559402768433745
ENSG00000160305,23181,DIP2A,-0.08983423606363
ENSG00000185559,8788,DLK1,0.0259713759986265
ENSG00000275932,11072,DUSP14,-0.0472527187702249
,114915,EPB41L4A-AS1,-0.05637927443667
ENSG00000115392,55120,FANCL,0.037664930594002
ENSG00000176049,9832,JAKMIP2,0.0848414448828067
ENSG00000267796,55957,LIN37,-0.0824702402583453
,,LINC01184,-0.0934373466606057
ENSG00000123384,4035,LRP1,0.0737538427545999
ENSG00000127804,79066,METTL16,-0.0661929948936411
ENSG00000148187,92399,MRRF,-0.0446342130868897
ENSG00000069869,4734,NEDD4,0.0724319813070694
ENSG00000187736,79840,NHEJ1,0.0435680425542686
ENSG00000130517,54858,PGPEP1,0.0662889251586366
ENSG00000087111,94005,PIGS,0.0500888225560561
ENSG00000105223,23646,PLD3,-0.0578359221662312
ENSG00000083444,5351,PLOD1,-0.0474836224649683
ENSG00000198805,4860,PNP,-0.0532885349819913
ENSG00000146250,167681,PRSS35,-0.0969835697494189
ENSG00000159792,5681,PSKH1,-0.0770034069911642
ENSG00000196396,5770,PTPN1,0.0706175489068218
ENSG00000163743,25898,RCHY1,0.04904824023731
ENSG00000127870,6049,RNF6,-0.0601636545144421
ENSG00000103042,55238,SLC38A7,-0.0813059196323798
ENSG00000143499,56950,SMYD2,-0.0668006301472955
ENSG00000135899,3431,SP110,-0.0609226570362177
ENSG00000100014,23384,SPECC1L,-0.0834815897013352
ENSG00000070526,55808,ST6GALNAC1,0.0414333441509656
ENSG00000158710,8407,TAGLN2,-0.0200207363890559
ENSG00000106829,7091,TLE4,-0.0403970152711044
ENSG00000121775,55116,TMEM39B,-0.085885951572975
ENSG00000126106,79639,TMEM53,-0.0719171849207995
ENSG00000103197,7249,TSC2,-0.1033924775162851
ENSG00000048140,26262,TSPAN17,-0.0832227069486257
ENSG00000176014,84617,TUBB6,0.0540411795204234
ENSG00000105397,7297,TYK2,-0.1111404282378761
ENSG00000101443,10406,WFDC2,-0.0722708287951617
,,ZBED8,-0.0997361501572424
ENSG00000198816,140467,ZNF358,0.0872854692140884
ENSG00000070018,4040,LRP6,0.0573014638638697
ENSG00000285360,91694,LONRF1,-0.0994054779921499
ENSG00000065559,6416,MAP2K4,0.0569899183328709
ENSG00000139437,84260,TCHP,0.0890359758050302
ENSG00000187713,94107,TMEM203,-0.0679060487427501
ENSG00000172123,55106,SLFN12,0.0871947810425493
ENSG00000161551,84765,ZNF577,-0.0632305753460295
ENSG00000086848,79796,ALG9,0.0542195794529793
ENSG00000170734,5429,POLH,0.093065486540101
ENSG00000162607,7398,USP1,-0.0408708532750925
ENSG00000187325,51616,TAF9B,-0.0399309445436547
ENSG00000184281,10078,TSSC4,0.0676495183412447
ENSG00000173674,1964,EIF1AX,-0.0284744276936756
ENSG00000115211,8890,EIF2B4,0.0483802127866922
ENSG00000197566,57547,ZNF624,0.1016663999864037
ENSG00000131437,11127,KIF3A,0.0525536725068792
ENSG00000159069,54461,FBXW5,0.0541579951793112
ENSG00000197937,84671,ZNF347,0.0566926694397426
ENSG00000106344,55131,RBM28,-0.0494213316824541
ENSG00000105143,6511,SLC1A6,-0.0836754519263092
ENSG00000135912,9654,TTLL4,0.0586787378205922
ENSG00000125962,64860,ARMCX5,0.0653698083251504
ENSG00000168502,23255,MTCL1,-0.0950428792651945
ENSG00000119421,4702,NDUFA8,-0.0250767605045724
ENSG00000005486,57414,RHBDD2,-0.0447300807626534
ENSG00000004848,170302,ARX,-0.0859125451833766
ENSG00000138172,51063,CALHM2,-0.0699599442094528
ENSG00000134371,79577,CDC73,-0.0482491431715707
ENSG00000016391,55349,CHDH,0.0845875210414035
ENSG00000136689,3557,IL1RN,-0.0914143682567433
ENSG00000065833,4199,ME1,-0.0524494820872895
ENSG00000149294,4684,NCAM1,0.042878300653108
ENSG00000174238,5306,PITPNA,0.0548853373865156
ENSG00000067066,6672,SP100,-0.0939795300029571
ENSG00000100721,8115,TCL1A,-0.0719652061899368
ENSG00000105193,6217,RPS16,0.0187023216204701
ENSG00000213190,10962,MLLT11,0.0341718829596917
ENSG00000101464,128869,PIGU,-0.0469118453660638
ENSG00000185298,339230,CCDC137,0.0679914674294421
ENSG00000104517,51366,UBR5,0.0513561943507489
ENSG00000137077,6366,CCL21,-0.099557829325991
ENSG00000275023,4302,MLLT6,-0.0719752513162865
ENSG00000243646,3588,IL10RB,0.0306408584899769
ENSG00000104976,6618,SNAPC2,0.0692126815422374
ENSG00000078295,108,ADCY2,0.0910064748102128
ENSG00000261824,148189,LINC00662,-0.0797688001117074
ENSG00000183801,283298,OLFML1,-0.0524582460651506
ENSG00000185187,59307,SIGIRR,0.0721499592732861
ENSG00000203785,6704,SPRR2E,0.0893244824792694
ENSG00000280807,114791,TUBGCP5,-0.084879971433741
ENSG00000136273,3364,HUS1,-0.0423446409923407
ENSG00000151292,1456,CSNK1G3,-0.043835717851411
ENSG00000119599,26094,DCAF4,0.0974158951098611
ENSG00000129518,55837,EAPP,-0.0182683209637442
ENSG00000276880,122509,IFI27L1,-0.0190862891401751
ENSG00000105135,10994,ILVBL,-0.0386499653528361
,,LOC100288798,0.0764162781869847
ENSG00000160563,9442,MED27,-0.0341634460513834
ENSG00000155363,4343,MOV10,0.0482437667476775
ENSG00000065600,55248,PACC1,-0.0636286064809899
ENSG00000076641,55824,PAG1,-0.0551599414146137
ENSG00000175287,254295,PHYHD1,0.0409809753714185
ENSG00000100979,5360,PLTP,0.0502092407040568
ENSG00000171016,26108,PYGO1,-0.0827052897828899
ENSG00000149115,85456,TNKS1BP1,0.1022207099422645
ENSG00000014123,23376,UFL1,0.0380683938806378
ENSG00000116874,10352,WARS2,0.0604030503249298
ENSG00000115596,7475,WNT6,0.0741015165060054
ENSG00000196458,100289635,ZNF605,-0.0731916844588465
ENSG00000112769,3910,LAMA4,-0.039455381528012
ENSG00000169446,93380,MMGT1,-0.0464133135494859
ENSG00000266412,8031,NCOA4,0.0218363427731636
ENSG00000177674,57085,AGTRAP,0.033093139707506
ENSG00000175029,1488,CTBP2,0.061190390709117
ENSG00000140968,3394,IRF8,0.1048598079702703
ENSG00000291237,6648,SOD2,0.0378077052180439
ENSG00000278195,6753,SSTR3,0.0686217693778648
ENSG00000108639,9144,SYNGR2,-0.0527576250388559
ENSG00000177485,10009,ZBTB33,0.0454539062156269
ENSG00000101040,23613,ZMYND8,0.0535695590983398
ENSG00000148143,58499,ZNF462,0.0570786789637406
ENSG00000221923,400713,ZNF880,-0.0718644098705501
ENSG00000138303,51008,ASCC1,0.0249905880631972
ENSG00000152492,152137,CCDC50,-0.0475753056054507
ENSG00000111276,1027,CDKN1B,0.0392535104708672
ENSG00000205250,1874,E2F4,0.0659531922345691
ENSG00000104290,7976,FZD3,-0.0427559731015074
ENSG00000006007,51573,GDE1,-0.0405686122908847
ENSG00000111670,79158,GNPTAB,-0.0676344919443422
ENSG00000125686,5469,MED1,0.0492300036297427
ENSG00000144029,64969,MRPS5,-0.0275004600423413
ENSG00000125741,80207,OPA3,-0.0894513035247338
ENSG00000106443,9678,PHF14,0.0374712628166425
ENSG00000275052,57223,PPP4R3B,-0.045508847994499
ENSG00000023287,9821,RB1CC1,0.044347154922408
ENSG00000143947,6233,RPS27A,0.0217331125527477
ENSG00000147100,6567,SLC16A2,0.0769723912858903
ENSG00000136874,55014,STX17,-0.0354625411247258
ENSG00000070269,54916,TMEM260,0.085792865112356
ENSG00000162402,23358,USP24,0.0699592481091716
ENSG00000122482,84146,ZNF644,-0.0309941277593905
ENSG00000173875,163049,ZNF791,0.0494613736907861
ENSG00000072071,22859,ADGRL1,-0.0939537835316554
ENSG00000137070,3590,IL11RA,0.0339793666406952
ENSG00000175414,285598,ARL10,0.0747066595123642
ENSG00000126790,112849,L3HYPDH,0.064389414826068
ENSG00000141551,1453,CSNK1D,0.04502804072815
ENSG00000068438,24140,FTSJ1,-0.0765841451895267
ENSG00000101868,5422,POLA1,0.071680036144185
ENSG00000170624,6444,SGCD,-0.0868825815336563
ENSG00000183337,54880,BCOR,0.0751354027535224
ENSG00000150347,84159,ARID5B,-0.0226095906071041
ENSG00000204842,6311,ATXN2,0.0636480874275471
ENSG00000177917,151188,ARL6IP6,0.0497639020329459
ENSG00000163703,78987,CRELD1,0.0538438515317528
ENSG00000123575,139231,FAM199X,0.0633807052537153
ENSG00000113971,27031,NPHP3,0.0914677632123415
ENSG00000225484,101060691,NUTM2B-AS1,0.089653536615611
ENSG00000164180,153396,TMEM161B,0.0798451429912254
ENSG00000148429,9712,USP6NL,-0.0790061434581367
ENSG00000133858,196441,ZFC3H1,-0.0784651644101085
ENSG00000172262,7690,ZNF131,0.0457980648611657
ENSG00000148180,2934,GSN,-0.0329082527566836
ENSG00000198189,51170,HSD17B11,0.015523472642064
ENSG00000136478,55852,TEX2,0.0661928429441521
ENSG00000006756,414,ARSD,-0.0577333456063904
ENSG00000173992,9973,CCS,-0.0473616962436996
ENSG00000179271,90480,GADD45GIP1,0.0276966986678377
ENSG00000166734,113201,GOLM2,-0.0353674743009134
ENSG00000230791,7940,LST1,0.0365232651806823
ENSG00000197442,4217,MAP3K5,0.0855077680701871
ENSG00000198060,54708,MARCHF5,0.0444505399822254
ENSG00000146909,64434,NOM1,-0.0881820417517919
ENSG00000188529,10772,SRSF10,-0.0212177383682435
ENSG00000172137,794,CALB2,-0.0566249831038699
ENSG00000136451,7716,VEZF1,-0.0324863795400587
ENSG00000291884,84838,ZNF496,0.0533131101547732
ENSG00000137073,55833,UBAP2,0.0540951302304775
ENSG00000064961,10362,HMG20B,-0.0729170752849531
ENSG00000108829,55379,LRRC59,0.0447307247064392
ENSG00000285109,2626,GATA4,-0.0319634089935978
ENSG00000141127,5636,PRPSAP2,-0.0469004678700957
ENSG00000108406,79665,DHX40,0.0328668286312948
ENSG00000107957,9644,SH3PXD2A,0.0546568433604769
ENSG00000197622,56882,CDC42SE1,0.0664756008010152
ENSG00000005469,54677,CROT,0.0761300149800332
ENSG00000148053,4915,NTRK2,-0.0744213124796884
ENSG00000141959,5211,PFKL,-0.074982549369538
ENSG00000124541,88745,RRP36,0.068612845911574
ENSG00000075336,29090,TIMM21,-0.0324960599413406
ENSG00000215305,64601,VPS16,0.0376149677756012
ENSG00000204237,339229,OXLD1,-0.0558126517002625
ENSG00000170185,84640,USP38,0.0599821384344736
ENSG00000197451,3182,HNRNPAB,-0.0394444505298429
ENSG00000175455,64770,CCDC14,0.0512463678474961
ENSG00000115307,550,AUP1,-0.0271106263448571
ENSG00000136718,92856,IMP4,0.0391443195187858
ENSG00000130640,10844,TUBGCP2,-0.0591088138655364
ENSG00000119431,81932,HDHD3,0.0565496761753966
ENSG00000158864,4720,NDUFS2,-0.0241035502569284
ENSG00000163281,132789,GNPDA2,-0.0407463152373107
ENSG00000228794,643837,LINC01128,-0.0614277072219448
ENSG00000147548,54904,NSD3,-0.039145910710749
,283788,LOC283788,0.0659608815271251
ENSG00000139350,121441,NEDD1,-0.054125940346422
ENSG00000256683,59348,ZNF350,-0.0639370717087936
ENSG00000147592,51110,LACTB2,-0.0406244174645733
ENSG00000146729,2631,NIPSNAP2,-0.0367508039510497
ENSG00000122490,80148,SLC66A2,-0.0821603403597798
ENSG00000120438,6950,TCP1,-0.0204445356179025
ENSG00000154174,9868,TOMM70,0.041550080521368
ENSG00000164663,25862,USP49,-0.0850576602359517
ENSG00000292169,29777,ABT1,-0.0463051031596591
ENSG00000163528,131474,CHCHD4,-0.0415999712782772
ENSG00000183258,51428,DDX41,-0.04363598354494
ENSG00000070610,57704,GBA2,-0.0533127838667779
ENSG00000145916,64777,RMND5B,0.0525243658515132
,,SMIM4,-0.0337730767300185
ENSG00000143753,8560,DEGS1,-0.0377952022353989
ENSG00000173852,23333,DPY19L1,-0.0795959267922307
ENSG00000234690,101927043,EPCAM-DT,-0.0699708025169419
ENSG00000114416,8087,FXR1,-0.021018429379908
ENSG00000267272,339524,LINC01140,0.075293739099959
ENSG00000288141,6150,MRPL23,-0.033353601494753
ENSG00000153406,57407,NMRAL1,0.038458378638461
ENSG00000051180,5888,RAD51,0.0788826547780679
ENSG00000114650,22937,SCAP,0.0372911439673752
ENSG00000047634,6322,SCML1,0.0442396087674516
ENSG00000132718,23208,SYT11,-0.038946527460001
ENSG00000139173,84216,TMEM117,0.0775206259827962
ENSG00000175104,7189,TRAF6,0.0682711523601998
ENSG00000151718,80014,WWC2,0.0700865472308542
ENSG00000178935,79818,ZNF552,0.0812159632668521
ENSG00000102710,55578,SUPT20H,-0.048096197729456
ENSG00000143815,3930,LBR,-0.0375461188948566
ENSG00000143110,128346,C1orf162,0.0501988385219692
ENSG00000032389,7260,EIPR1,0.0498568486887288
ENSG00000162769,28982,FLVCR1,0.0837593776193342
ENSG00000123066,23389,MED13L,-0.0433603553959798
ENSG00000175792,8607,RUVBL1,-0.0436822869287867
ENSG00000077097,7155,TOP2B,0.0349022279960571
ENSG00000258947,10381,TUBB3,-0.0546008667604127
ENSG00000099290,387680,WASHC2A,-0.0748803357831939
ENSG00000129680,79649,MAP7D3,0.0513913174466458
ENSG00000112062,1432,MAPK14,0.0453639288885922
ENSG00000168813,22847,ZNF507,0.0572693221400447
ENSG00000114779,84836,ABHD14B,0.0669827077812421
ENSG00000154930,84532,ACSS1,0.0497483192013323
ENSG00000214160,10195,ALG3,0.0341002111133494
ENSG00000184634,9968,MED12,0.0577799618249821
ENSG00000163344,10654,PMVK,-0.0408084098192864
ENSG00000185010,2157,F8,-0.059646977383879
ENSG00000162972,79568,MAIP1,-0.0639293933975955
ENSG00000146223,285855,RPL7L1,0.025348822372242
ENSG00000151092,55768,NGLY1,0.04215529179859
ENSG00000121057,8165,AKAP1,0.0702448907614556
ENSG00000186666,144233,BCDIN3D,0.0548991735381649
ENSG00000184887,90135,BTBD6,-0.0649109645694857
ENSG00000005339,1387,CREBBP,-0.0411557140516897
ENSG00000061918,2983,GUCY1B1,-0.0521379381042255
ENSG00000100360,11020,IFT27,0.0680967137250328
ENSG00000163083,3625,INHBB,-0.0332938612085897
ENSG00000110066,51111,KMT5B,0.0379308947623624
ENSG00000087253,54947,LPCAT2,0.0752835100587422
ENSG00000177034,345778,MTX3,0.0513111562634098
ENSG00000170584,134492,NUDCD2,-0.0373040414323874
ENSG00000137055,9373,PLAA,0.050460695177637
ENSG00000154822,23228,PLCL2,-0.0649187875656737
ENSG00000110536,114971,PTPMT1,0.031188331091923
ENSG00000123892,23682,RAB38,0.0561431182351916
ENSG00000181555,29072,SETD2,-0.0508830509742499
ENSG00000028528,6642,SNX1,0.0336409051563306
ENSG00000151287,93081,TEX30,0.0328818426873416
ENSG00000110108,79073,TMEM109,0.0390933437554899
ENSG00000160055,56063,TMEM234,0.0706962202147278
ENSG00000135018,29979,UBQLN1,-0.0334293380028874
ENSG00000113658,4090,SMAD5,0.0243112959011559
ENSG00000247809,644192,NR2F2-AS1,-0.0770960702066945
ENSG00000205002,441376,AARD,-0.070770179144074
ENSG00000092847,26523,AGO1,-0.04246564737823
ENSG00000226467,10554,AGPAT1,-0.0405738445235221
ENSG00000101935,9949,AMMECR1,0.0477872564644557
ENSG00000165269,364,AQP7,-0.0601923333731646
ENSG00000167264,54920,DUS2,0.0887634731962381
ENSG00000104131,8669,EIF3J,0.0297833646500091
ENSG00000119402,26190,FBXW2,0.0367995046488739
ENSG00000104805,4924,NUCB1,-0.0474385305856007
ENSG00000162231,10482,NXF1,0.0432545839065662
ENSG00000130703,9885,OSBPL2,-0.0486262644875294
ENSG00000145675,5295,PIK3R1,-0.054988177718405
ENSG00000140521,5428,POLG,-0.0669009980479912
ENSG00000119314,9991,PTBP3,-0.0265114762035348
ENSG00000139737,122060,SLAIN1,-0.0360447359145655
ENSG00000198176,7027,TFDP1,0.0497335490798852
ENSG00000123607,79809,TTC21B,-0.0742261525665518
ENSG00000087206,51720,UIMC1,0.0515266600711186
ENSG00000062650,23063,WAPL,0.0352048036684537
ENSG00000179456,10472,ZBTB18,0.0709513726831696
ENSG00000257093,57189,DENND11,-0.0711080746123472
ENSG00000151726,2180,ACSL1,0.066502585243624
ENSG00000081377,8555,CDC14B,0.0684504603734162
ENSG00000148719,54788,DNAJB12,-0.0312324625171026
ENSG00000114450,59345,GNB4,0.0399216781245643
ENSG00000103485,23475,QPRT,-0.0285308358149296
ENSG00000155287,81894,SLC25A28,-0.0598834977531919
ENSG00000175567,7351,UCP2,0.0357833777566923
ENSG00000165156,11244,ZHX1,0.0369589376341959
ENSG00000172493,4299,AFF1,0.0688322777132017
ENSG00000107625,79009,DDX50,0.0222699709890128
ENSG00000197620,91966,EOLA1,0.0425796183652281
ENSG00000129515,58533,SNX6,-0.0121481062581948
ENSG00000115750,9014,TAF1B,-0.0468552498441588
ENSG00000108984,5608,MAP2K6,-0.0544179712439664
ENSG00000180228,8575,PRKRA,-0.0330996560339052
ENSG00000270170,152217,NCBP2AS2,-0.0357454699003567
ENSG00000072110,87,ACTN1,-0.0598079010977888
ENSG00000154473,9184,BUB3,0.0135181596871238
ENSG00000188010,729967,MORN2,0.0244193578188029
ENSG00000291794,55644,OSGEP,-0.0206116464196712
ENSG00000140830,54957,TXNL4B,0.0298354933145745
ENSG00000132467,57050,UTP3,-0.0486214741921177
ENSG00000144635,51143,DYNC1LI1,-0.0329898037652485
ENSG00000117877,10849,POLR1G,-0.053544468969597
ENSG00000050438,9498,SLC4A8,0.0625659662185153
ENSG00000101198,128414,NKAIN4,0.0481322193257131
ENSG00000152782,53354,PANK1,-0.0713733301907645
ENSG00000185808,51227,PIGP,-0.017603010180465
,,HHLA3,0.0377824686931908
ENSG00000189007,134637,ADAT2,0.067520548939839
ENSG00000168872,55308,DDX19A,0.0303391602216846
ENSG00000172728,84750,FUT10,-0.0589719236761938
ENSG00000100335,54471,MIEF1,0.0391216458305929
ENSG00000127616,6597,SMARCA4,-0.0395214969247437
ENSG00000167291,125058,TBC1D16,0.0657628962654756
ENSG00000121060,7706,TRIM25,-0.0512659475347896
ENSG00000099385,9274,BCL7C,0.0584801100620295
ENSG00000284916,5720,PSME1,0.0097733286435228
ENSG00000169105,113189,CHST14,-0.0814518494050671
ENSG00000197619,284370,ZNF615,-0.0646417829282842
ENSG00000025434,10062,NR1H3,-0.0512843699351848
ENSG00000196839,100,ADA,-0.0631087247544895
ENSG00000124795,7913,DEK,0.024845097828738
ENSG00000135052,51280,GOLM1,-0.0384648570794484
ENSG00000118096,56912,IFT46,-0.0214062178994183
ENSG00000154719,54148,MRPL39,0.024107938098858
ENSG00000008988,6224,RPS20,-0.0153294723880187
ENSG00000070814,6949,TCOF1,-0.0717617457424585
ENSG00000182134,11022,TDRKH,0.0800492743887675
ENSG00000136827,1861,TOR1A,-0.0405257735601423
ENSG00000198042,84549,MAK16,-0.0385837890460531
ENSG00000213066,11116,CEP43,0.0495980869207851
ENSG00000064309,50937,CDON,-0.0708053441941233
ENSG00000198837,9909,DENND4B,0.0694932797142387
ENSG00000132383,6117,RPA1,-0.0307793793452585
ENSG00000064115,51768,TM7SF3,0.0411806351010884
ENSG00000011295,54902,TTC19,0.0463301157307157
ENSG00000024048,23304,UBR2,-0.032635855816385
ENSG00000132549,157680,VPS13B,0.0504460210744368
ENSG00000095787,51322,WAC,-0.0240357662954539
ENSG00000214087,339231,ARL16,-0.038359783679633
ENSG00000171681,55729,ATF7IP,-0.0349358027357063
ENSG00000143369,1893,ECM1,-0.0592873282412117
ENSG00000137726,53826,FXYD6,0.0114212191137623
ENSG00000141741,84299,MIEN1,0.0266773574738269
ENSG00000131467,10197,PSME3,-0.0385415280375928
ENSG00000224531,221710,SMIM13,0.0520104233379224
ENSG00000069702,7049,TGFBR3,-0.0303470831793848
ENSG00000136709,55339,WDR33,-0.0226320511641242
ENSG00000065491,55633,TBC1D22B,-0.0734322265154389
ENSG00000156603,219541,MED19,0.0352510146066594
ENSG00000000003,7105,TSPAN6,-0.0118922486758858
ENSG00000184209,11066,SNRNP35,0.0220696746963437
ENSG00000283103,105372480,LOC105372480,0.0422274496971987
ENSG00000198331,219844,HYLS1,-0.0301608264607902
ENSG00000166167,8945,BTRC,0.0333650219891972
ENSG00000214013,2595,GANC,-0.0487316270515873
ENSG00000157578,150082,LCA5L,0.0686405167507293
ENSG00000053770,55745,AP5M1,-0.0322681993696141
ENSG00000205208,201725,C4orf46,-0.0312980842946515
ENSG00000163788,54861,SNRK,-0.0527700642742121
ENSG00000134759,55250,ELP2,0.0151919651217169
ENSG00000076003,4175,MCM6,-0.0311507313356702
ENSG00000067560,387,RHOA,-0.011032086238833
ENSG00000153975,221302,ZUP1,0.0480570690293676
ENSG00000120690,1997,ELF1,-0.0560949185744622
ENSG00000145191,8893,EIF2B5,-0.0396413055815341
ENSG00000131408,7376,NR1H2,0.0632130951055137
ENSG00000151458,57182,ANKRD50,-0.0301387953905783
ENSG00000100888,57680,CHD8,0.0343349375268033
ENSG00000108523,26001,RNF167,-0.0303074109466421
ENSG00000105852,5446,PON3,0.0476930495814837
ENSG00000147065,4478,MSN,-0.0270893937503744
ENSG00000108883,9343,EFTUD2,-0.0214616847196142
ENSG00000125629,51141,INSIG2,-0.0375780519607264
ENSG00000165632,83860,TAF3,0.0548965853711604
ENSG00000151413,80224,NUBPL,-0.039083199710023
ENSG00000276371,58516,SINHCAF,-0.0192989118293522
ENSG00000058668,493,ATP2B4,-0.0226138814012254
ENSG00000165272,360,AQP3,0.0426232845610116
ENSG00000126883,8021,NUP214,-0.0308579842610495
ENSG00000146416,51390,AIG1,-0.0186424361373116
ENSG00000155313,29761,USP25,-0.0540376035748936
ENSG00000066422,27107,ZBTB11,0.0431243518645611
ENSG00000100288,1120,CHKB,0.0426935045129746
ENSG00000095203,54566,EPB41L4B,-0.0606591103242896
ENSG00000274386,100129924,TMEM269,-0.0680006982703388
ENSG00000125843,55317,AP5S1,0.0416477508784704
ENSG00000182093,7485,GET1,0.014613668523045
ENSG00000111615,11103,KRR1,-0.02113277049754
ENSG00000164935,81501,DCSTAMP,0.0682509473668631
ENSG00000189195,284697,BTBD8,-0.064055275897864
ENSG00000164307,51752,ERAP1,-0.052242317755747
ENSG00000163161,2071,ERCC3,0.0354229234439086
ENSG00000275176,31,ACACA,0.050005446892052
ENSG00000116194,9068,ANGPTL1,0.0500432613612335
ENSG00000125703,84938,ATG4C,0.0362177655421689
ENSG00000185963,23299,BICD2,-0.0462450704864036
ENSG00000215039,678655,CD27-AS1,0.0415989960044141
ENSG00000168763,26505,CNNM3,-0.0453759021113649
ENSG00000171793,1503,CTPS1,0.0303824480005858
ENSG00000139726,8562,DENR,0.0236291387930974
ENSG00000168259,7266,DNAJC7,0.0401572273020794
ENSG00000112685,55770,EXOC2,0.0346534221649932
ENSG00000291581,151313,FAHD2B,-0.0515759495581666
ENSG00000182118,375061,FAM89A,-0.0575830392223429
ENSG00000254685,8790,FPGT,-0.0325147100094193
ENSG00000138029,3032,HADHB,0.0090134239844671
ENSG00000064393,28996,HIPK2,0.0328369680909096
ENSG00000096746,3189,HNRNPH3,-0.011771355877922
ENSG00000114446,55081,IFT57,0.0316765001919987
ENSG00000160255,3689,ITGB2,-0.0572637250876651
ENSG00000135643,27345,KCNMB4,-0.0500629868497255
ENSG00000291006,730101,LOC730101,-0.0366062715456346
ENSG00000133895,4221,MEN1,-0.0598517654114319
ENSG00000164024,23173,METAP1,0.0257430796801317
ENSG00000108256,57532,NUFIP2,-0.0251175152103461
ENSG00000083093,79728,PALB2,0.0670385264353055
ENSG00000241973,5297,PI4KA,-0.0506967831211011
ENSG00000105854,5445,PON2,0.0288021775244519
ENSG00000171497,5481,PPID,0.0362658894207973
ENSG00000152942,5884,RAD17,0.0304696674725525
ENSG00000163918,5984,RFC4,-0.0211274736223983
ENSG00000148396,9919,SEC16A,-0.0429411905167764
ENSG00000071189,23161,SNX13,-0.0371219482102821
ENSG00000136854,6812,STXBP1,-0.0576969177301355
ENSG00000124659,6903,TBCC,0.0395865873162503
ENSG00000079308,7145,TNS1,-0.0403012944699816
ENSG00000175274,9537,TP53I11,0.061101717365161
ENSG00000136319,91875,TTC5,-0.035320284155268
ENSG00000163867,9204,ZMYM6,0.0541185114432634
ENSG00000219665,101928464,ZNF433-AS1,0.0559673886392107
ENSG00000275050,7617,ZNF66,-0.0603769807864077
ENSG00000146757,168374,ZNF92,0.0309368014311533
ENSG00000137486,408,ARRB1,-0.0304910474002271
ENSG00000162630,8707,B3GALT2,-0.0530018335876293
ENSG00000085185,63035,BCORL1,-0.0516295602398284
ENSG00000215077,6046,BRD2,-0.0310958838265347
ENSG00000094804,990,CDC6,0.0373675553090574
ENSG00000095794,1390,CREM,0.0155021880907891
ENSG00000172346,27254,CSDC2,-0.0490412408236709
ENSG00000123064,79039,DDX54,-0.0487511023769368
ENSG00000163586,2168,FABP1,0.5818001395730558
ENSG00000066468,2263,FGFR2,-0.0512315354865427
ENSG00000100209,150274,HSCB,0.0349126380843726
ENSG00000172201,3400,ID4,-0.053891907596362
ENSG00000111196,55110,MAGOHB,0.0149749948099659
ENSG00000120539,84930,MASTL,-0.0517810844581242
ENSG00000164073,256471,MFSD8,0.0494297526600122
ENSG00000061794,60488,MRPS35,0.0121715621180754
ENSG00000036448,9172,MYOM2,-0.0469785859205438
ENSG00000136243,11097,NUP42,0.0252853899313721
ENSG00000151093,54995,OXSM,-0.0233875317621
ENSG00000145632,10769,PLK2,0.0285036882656313
ENSG00000166387,8495,PPFIBP2,0.0449989847405775
ENSG00000143954,130120,REG3G,-0.032593768933069
ENSG00000116574,58480,RHOU,-0.0346599522698371
ENSG00000113269,55819,RNF130,-0.0439130366874781
ENSG00000171863,6201,RPS7,-0.0130249459346399
ENSG00000138802,10427,SEC24B,-0.0357962750423265
ENSG00000247092,283596,SNHG10,0.0587898151580721
ENSG00000106638,26608,TBL2,0.0384019708146611
ENSG00000068323,7030,TFE3,0.0599906469362369
ENSG00000114354,10342,TFG,-0.0171368479340308
ENSG00000126950,59353,TMEM35A,-0.0478926182999359
ENSG00000184428,116447,TOP1MT,0.0714360655638702
ENSG00000085982,55230,USP40,0.0457065074418975
ENSG00000136631,11311,VPS45,0.025299128219597
ENSG00000082068,55100,WDR70,0.0271290064809243
ENSG00000157954,26100,WIPI2,0.0370924288106424
ENSG00000131845,57343,ZNF304,-0.0439084322229767
ENSG00000113761,23567,ZNF346,0.04357018964287
ENSG00000145029,84276,NICN1,0.0384779736323147
ENSG00000197121,80055,PGAP1,-0.0522050560259555
ENSG00000089157,6175,RPLP0,-0.0039738742190919
ENSG00000024862,25901,CCDC28A,0.0356930039962488
ENSG00000115956,5341,PLEK,0.0501375433621219
ENSG00000154845,9989,PPP4R1,0.0327765625259185
ENSG00000171130,155066,ATP6V0E2,-0.0437865593259981
ENSG00000135999,26122,EPC2,0.0331891277486219
ENSG00000148814,80313,LRRC27,-0.0476767255329489
ENSG00000107020,55848,PLGRKT,0.0228957015761603
ENSG00000119682,9870,AREL1,0.0373105093835616
ENSG00000162511,7805,LAPTM5,-0.0424434839164938
ENSG00000148481,80013,MINDY3,0.0241735868657602
ENSG00000281178,22877,MLXIP,-0.0339232033318408
ENSG00000148498,56288,PARD3,0.0241420255493234
ENSG00000156162,286148,DPY19L4,-0.0283944685559123
ENSG00000196924,2316,FLNA,0.0372097573217287
ENSG00000141349,92579,G6PC3,-0.0259062966944874
ENSG00000124479,4693,NDP,0.0210017005074905
ENSG00000181191,64219,PJA1,-0.0226726376800835
ENSG00000125375,27109,DMAC2L,-0.0232152951701021
ENSG00000243364,1945,EFNA4,0.0387399422073597
ENSG00000181222,5430,POLR2A,0.0534672025992622
ENSG00000234327,101928000,ZNF232-AS1,0.0451457710458232
ENSG00000230475,7920,ABHD16A,-0.0325470202734503
ENSG00000137628,55601,DDX60,-0.0351962561681328
ENSG00000108176,56521,DNAJC12,-0.0230971712459424
ENSG00000066044,1994,ELAVL1,-0.0295794864414355
ENSG00000134014,55140,ELP3,-0.014519899966505
ENSG00000162458,54751,FBLIM1,-0.0355262676646379
ENSG00000117228,2633,GBP1,0.0516445682460007
ENSG00000243430,285830,HLA-F-AS1,0.0338008895788307
,100132815,IPO5P1,0.0392050940840676
ENSG00000079616,3835,KIF22,0.0316743955736739
ENSG00000170759,3799,KIF5B,0.01449418725077
ENSG00000284922,220074,LRTOMT,0.0412719015550503
ENSG00000165304,9833,MELK,-0.0344252389846894
ENSG00000188895,339287,MSL1,-0.0292842359356895
ENSG00000183648,4707,NDUFB1,0.0073503653803947
ENSG00000148908,6001,RGS10,-0.0249906230970996
ENSG00000013561,9604,RNF14,0.0223746111422383
ENSG00000132581,6388,SDF2,0.0108792471253447
ENSG00000173320,56977,STOX2,-0.0405973328560735
ENSG00000064995,6882,TAF11,0.0228747593364679
ENSG00000162971,129450,TYW5,0.0421317947181824
ENSG00000081307,79876,UBA5,-0.0462955470549186
ENSG00000143952,51542,VPS54,-0.0396023346176128
ENSG00000178149,55152,DALRD3,-0.0444893804763368
ENSG00000198363,444,ASPH,-0.0304572903777976
ENSG00000116157,2882,GPX7,-0.0181693626718577
ENSG00000170871,9778,KIAA0232,-0.0338836139192694
ENSG00000291347,55035,NOL8,0.0309605182731842
ENSG00000110435,8050,PDHX,-0.0231709815022482
ENSG00000039650,11284,PNKP,0.0466100744227082
ENSG00000176903,9240,PNMA1,-0.0376391255074364
ENSG00000183579,84133,ZNRF3,0.0325913418236495
ENSG00000214253,51024,FIS1,0.0119981929250193
ENSG00000138614,81556,INTS14,0.0189946170853543
ENSG00000172171,79736,TEFM,-0.029685871159792
ENSG00000164244,133619,PRRC1,0.0171618524305534
ENSG00000107185,9827,RGP1,-0.0423811850985976
ENSG00000226479,79134,TMEM185B,-0.0332446049199057
ENSG00000135324,112609,MRAP2,0.045784260393589
ENSG00000105447,83743,GRWD1,0.0366061044618335
ENSG00000168282,4247,MGAT2,0.0286477623328084
ENSG00000184207,283871,PGP,-0.0528231134741857
ENSG00000185803,79581,SLC52A2,-0.0428356746249773
ENSG00000256223,7556,ZNF10,-0.0392353565013365
ENSG00000113361,1004,CDH6,-0.0554834890313233
ENSG00000103145,54985,HCFC1R1,-0.0302316592938391
ENSG00000162444,116362,RBP7,-0.038905127916535
ENSG00000148688,10556,RPP30,0.011313381778267
ENSG00000100336,80832,APOL4,-0.0522223403309689
ENSG00000235754,55937,APOM,0.0518869307600791
ENSG00000117419,79033,ERI3,-0.0200281667948081
ENSG00000049130,4254,KITLG,0.0338351685345116
ENSG00000091436,51776,MAP3K20,0.0226955548266168
ENSG00000129255,9526,MPDU1,0.0337576469264959
ENSG00000100263,25807,RHBDD3,-0.0473741326690676
ENSG00000126062,11070,TMEM115,0.0237623689822383
ENSG00000137936,8412,BCAR3,-0.0408679541481986
ENSG00000164649,55536,CDCA7L,0.0259469050987422
ENSG00000111269,1389,CREBL2,-0.0329673895851349
ENSG00000137563,8836,GGH,0.0304914817596409
,,KIAA0100,-0.0310288213766922
ENSG00000146085,4594,MMUT,0.0242185292677598
ENSG00000149743,83707,TRPT1,0.0386552309470828
ENSG00000149292,54970,TTC12,0.0320961908404297
ENSG00000102931,23568,ARL2BP,-0.0119305584326065
ENSG00000106635,9275,BCL7B,-0.0455511849732324
ENSG00000180376,285331,CCDC66,0.0425980358847782
ENSG00000183723,146223,CMTM4,-0.0390453654737229
ENSG00000100473,1690,COCH,-0.0421553753057121
ENSG00000165475,51084,CRYL1,0.0310521840637349
ENSG00000162384,54987,CZIB,0.0116289832813281
ENSG00000115827,80067,DCAF17,-0.0469214834523393
ENSG00000111817,29940,DSE,-0.0311404411416907
ENSG00000122882,11319,ECD,-0.0215121396035908
ENSG00000114346,1894,ECT2,-0.0272955471879705
ENSG00000096060,2289,FKBP5,-0.0281531035155232
ENSG00000188352,54914,FOCAD,-0.0362241005738047
ENSG00000290292,57594,HOMEZ,-0.0345995981557574
ENSG00000068079,3430,IFI35,-0.0261207552794097
ENSG00000103642,114294,LACTB,-0.0380513787183141
ENSG00000232164,729348,LINC01873,0.02859650317667
ENSG00000187601,28986,MAGEH1,0.0151775289580528
ENSG00000166783,9665,MARF1,0.0313720363896998
ENSG00000121211,84057,MND1,0.0236919118427514
ENSG00000170903,84437,MSANTD4,-0.0283620425581753
ENSG00000133026,4628,MYH10,-0.0341007460187526
ENSG00000080986,10403,NDC80,-0.0267394060429407
ENSG00000170525,5209,PFKFB3,-0.0347798936067941
ENSG00000070950,56852,RAD18,-0.0326228659432102
ENSG00000122257,5930,RBBP6,0.029399381494172
ENSG00000138835,5998,RGS3,-0.0302338520792484
ENSG00000175643,116028,RMI2,0.0439302260754719
ENSG00000175467,9092,SART1,0.0422201529967
ENSG00000156304,57466,SCAF4,0.0476617475385573
ENSG00000159307,80274,SCUBE1,-0.0798927438940574
ENSG00000282307,5176,SERPINF1,0.0105449907507147
ENSG00000177058,153129,SLC38A9,-0.0231538904721217
ENSG00000133065,254428,SLC41A1,-0.0229969976572438
ENSG00000023608,6617,SNAPC1,-0.0290836910823473
ENSG00000196141,26010,SPATS2L,-0.0267408538504174
ENSG00000072195,10290,SPEG,-0.0302768839990892
ENSG00000076944,6813,STXBP2,0.0283659219566918
ENSG00000156502,6832,SUPV3L1,0.0369838515681134
ENSG00000107021,54662,TBC1D13,-0.0383148927920711
ENSG00000121274,64282,TENT4B,-0.0251605087259219
ENSG00000284915,26277,TINF2,-0.0215950617562369
ENSG00000113597,80006,TRAPPC13,0.0264124758685111
ENSG00000145331,93587,TRMT10A,-0.0264670252338518
ENSG00000076248,7374,UNG,-0.0233424505245283
ENSG00000103194,9100,USP10,0.019966088915442
ENSG00000105708,7561,ZNF14,0.0292509507129255
ENSG00000197128,400720,ZNF772,0.0343304658132809
ENSG00000074071,65993,MRPS34,0.0260813784452105
ENSG00000131037,54869,EPS8L1,0.0259164184504237
ENSG00000005812,26224,FBXL3,0.0190046444939689
ENSG00000074696,51495,HACD3,0.0097821884552614
ENSG00000203950,26071,RTL8A,-0.0217085048954627
ENSG00000198585,131870,NUDT16,-0.0309210422092776
ENSG00000078304,5527,PPP2R5C,-0.0136184492389705
ENSG00000124226,55905,RNF114,-0.0158957013040826
ENSG00000197912,6687,SPG7,-0.0280946999818718
ENSG00000101452,60625,DHX35,0.0364594251126891
ENSG00000125618,7849,PAX8,0.0473356241707118
ENSG00000009413,5980,REV3L,0.0322037635809214
ENSG00000104969,6449,SGTA,-0.0344371523220967
ENSG00000112249,10973,ASCC3,-0.0312883574417966
ENSG00000188112,647024,C6orf132,-0.0454676522350461
ENSG00000162961,84661,DPY30,0.006820472317865
ENSG00000115109,57669,EPB41L5,-0.0205667071148347
ENSG00000182944,2130,EWSR1,0.0263662159212195
ENSG00000127483,50809,HP1BP3,-0.013031216400052
ENSG00000125347,3659,IRF1,-0.0409709343997629
ENSG00000143194,84944,MAEL,0.0262209812217571
ENSG00000137404,11270,NRM,0.0251053153464864
ENSG00000107438,9124,PDLIM1,-0.023142700501339
ENSG00000172336,10248,POP7,-0.024739622837026
ENSG00000166794,5479,PPIB,0.0067510174323137
ENSG00000221988,9374,PPT2,0.0294021816962808
ENSG00000135870,149041,RC3H1,0.0291022671063172
ENSG00000146833,89122,TRIM4,-0.0271490911324057
ENSG00000084463,51729,WBP11,-0.0203834950313835
ENSG00000176293,7694,ZNF135,0.0304207906036291
ENSG00000198393,7574,ZNF26,-0.0338256488088701
ENSG00000154096,7070,THY1,-0.0209213701395648
ENSG00000030110,578,BAK1,-0.0256681693028561
ENSG00000166575,65084,TMEM135,-0.0184112790730856
ENSG00000134874,22873,DZIP1,-0.0354839788247757
ENSG00000103152,4350,MPG,-0.0406202944194646
ENSG00000204138,65979,PHACTR4,0.0282126826918811
ENSG00000124356,10617,STAMBP,0.0170960649869406
ENSG00000204922,790955,UQCC3,-0.0200019484720805
ENSG00000086666,54469,ZFAND6,0.009708083672884
ENSG00000055118,3757,KCNH2,-0.0384899346980921
ENSG00000120526,84955,NUDCD1,0.0192853995107316
ENSG00000135124,5025,P2RX4,-0.0239336033294796
ENSG00000179046,205860,TRIML2,-0.0480704573586766
ENSG00000144354,83879,CDCA7,0.0264451328104324
ENSG00000184903,83943,IMMP2L,-0.0164969482717416
ENSG00000138801,9061,PAPSS1,-0.0098640736280064
ENSG00000164040,10424,PGRMC2,-0.0170477827067385
ENSG00000133226,10250,SRRM1,0.0171511592633289
ENSG00000198315,7745,ZKSCAN8,-0.0262977786078941
ENSG00000186298,5501,PPP1CC,0.0101446209828853
ENSG00000163932,5580,PRKCD,-0.0375121999790677
ENSG00000197043,309,ANXA6,-0.00816015312778
ENSG00000089022,8550,MAPKAPK5,-0.0282312372306424
ENSG00000165233,84270,CARD19,0.027581708945059
ENSG00000144791,8994,LIMD1,0.029651366951634
ENSG00000009335,9690,UBE3C,-0.0229370543695717
ENSG00000135387,4076,CAPRIN1,0.0127943703560671
ENSG00000288485,23587,ELP5,0.0155507836865073
ENSG00000101773,5932,RBBP8,-0.0254253655275462
ENSG00000127914,10142,AKAP9,-0.015600289570315
ENSG00000152348,83734,ATG10,-0.026527610245093
ENSG00000197982,127687,C1orf122,0.0133866185813849
ENSG00000151468,83643,CCDC3,0.0408843840483647
ENSG00000091972,4345,CD200,0.01645853214773
ENSG00000168438,51362,CDC40,-0.0155962164978132
ENSG00000183765,11200,CHEK2,-0.0169605705249227
ENSG00000130724,27243,CHMP2A,-0.01098625661846
ENSG00000106603,55744,COA1,-0.0107918597741785
ENSG00000155368,1622,DBI,0.0074340660541104
ENSG00000141543,9775,EIF4A3,0.0183825093465577
ENSG00000181104,2149,F2R,0.0267530376766362
ENSG00000280548,2091,FBL,0.0081238288924324
ENSG00000151474,55691,FRMD4A,0.0395654754673326
ENSG00000119632,83982,IFI27L2,-0.009026435586706
ENSG00000102271,56062,KLHL4,0.0141487740911468
ENSG00000140950,57707,MEAK7,-0.0295351215440411
ENSG00000170430,4255,MGMT,-0.0209380667070979
ENSG00000089693,8079,MLF2,0.0181130278392908
ENSG00000178057,25915,NDUFAF3,0.0082886539316076
ENSG00000149761,84304,NUDT22,-0.0303219487807932
ENSG00000152952,5352,PLOD2,0.0266532965954491
ENSG00000124126,57580,PREX1,0.0360915406376165
ENSG00000163637,166336,PRICKLE2,-0.0364233749860708
ENSG00000140612,23478,SEC11A,0.0095539715391008
ENSG00000127990,8910,SGCE,-0.0210942676876489
,,SPATA5,-0.034704825216538
ENSG00000079950,8417,STX7,0.0165052604477547
ENSG00000067182,7132,TNFRSF1A,0.0229053182257023
ENSG00000128294,8459,TPST2,0.031488098155636
ENSG00000165886,80019,UBTD1,-0.0286192336561287
ENSG00000079246,7520,XRCC5,-0.0051949539296298
ENSG00000233016,84973,SNHG7,0.0346293561901187
ENSG00000103852,64927,TTC23,-0.0333597494588379
ENSG00000076650,55094,GPATCH1,0.0413179371314439
ENSG00000100982,63935,PCIF1,0.0316912669908849
ENSG00000184898,375287,RBM43,-0.0375072599031096
ENSG00000042445,54884,RETSAT,0.0223793722936928
ENSG00000112679,56940,DUSP22,0.0243526300336
ENSG00000173207,1163,CKS1B,-0.0066751248658711
ENSG00000187569,359787,DPPA3,-0.0236648099464008
ENSG00000092098,55072,RNF31,0.03224178168664
ENSG00000169093,8623,ASMTL,0.0226029719147535
ENSG00000233049,8449,DHX16,-0.0338060348163566
ENSG00000016864,55830,GLT8D1,-0.0159425867788778
ENSG00000103415,3163,HMOX2,-0.015803837390323
ENSG00000225706,101929407,PTPRD-AS1,-0.0311553236833517
ENSG00000131748,10948,STARD3,-0.0257180080590807
ENSG00000130429,10095,ARPC1B,-0.0158353628065699
ENSG00000130816,1786,DNMT1,0.0191536706521551
ENSG00000128311,7263,TST,-0.0246787832262456
ENSG00000104980,10469,TIMM44,-0.0288434581146762
ENSG00000141756,60681,FKBP10,0.0282244207948044
ENSG00000108423,51174,TUBD1,-0.0195596009846663
ENSG00000134245,7482,WNT2B,-0.0233187106963209
ENSG00000170370,2018,EMX2,-0.0333313417890956
ENSG00000214706,7866,IFRD2,0.0312800128999349
ENSG00000122008,51426,POLK,0.0184818615252318
ENSG00000292209,7355,SLC35A2,0.0297500659385906
ENSG00000109572,1182,CLCN3,0.0124088135229036
ENSG00000143578,148327,CREB3L4,-0.0120765629026843
ENSG00000155876,10670,RRAGA,-0.0124149908077809
ENSG00000131871,55829,SELENOS,-0.0142245490533168
ENSG00000221963,80830,APOL6,-0.0241342201345052
ENSG00000023697,51071,DERA,0.0149771914208336
ENSG00000184216,3654,IRAK1,-0.033059906148665
ENSG00000173517,79834,PEAK1,0.0242804256600104
ENSG00000214063,7106,TSPAN4,0.0187626291725029
ENSG00000152558,114908,TMEM123,0.0075168097335298
ENSG00000196793,8187,ZNF239,-0.0219309234663861
ENSG00000275700,26574,AATF,-0.0210622725475678
ENSG00000011405,5286,PIK3C2A,-0.0213215500398903
ENSG00000197343,79027,ZNF655,0.0184486070060039
ENSG00000087586,6790,AURKA,-0.015278883891716
ENSG00000135404,967,CD63,0.0144964534790727
ENSG00000065613,9748,SLK,0.0158871850979021
ENSG00000071127,9948,WDR1,-0.0143817697828565
ENSG00000090520,51726,DNAJB11,-0.0161020429246388
ENSG00000137942,54874,FNBP1L,0.0155418723241653
ENSG00000128607,23008,KLHDC10,-0.0160807928706299
ENSG00000088833,55968,NSFL1C,-0.011187400331198
ENSG00000159579,89970,RSPRY1,-0.0096724990490297
ENSG00000022277,51507,RTF2,-0.0061737385562871
ENSG00000106723,10927,SPIN1,-0.0091712566200756
ENSG00000115183,85461,TANC1,0.0213393690650723
ENSG00000165655,84858,ZNF503,-0.0231213353007051
ENSG00000175322,162655,ZNF519,-0.02930105900571
ENSG00000078319,,PMS2P1,-0.0201580695683677
ENSG00000115350,56655,POLE4,0.0117586275174798
ENSG00000178307,8834,TMEM11,-0.0092401642053495
ENSG00000281392,100846978,LINC00506,0.0278564937967737
ENSG00000136040,10154,PLXNC1,-0.0138350468109903
ENSG00000181004,166379,BBS12,0.022094362424897
ENSG00000183807,221303,FAM162B,0.0184253773959857
ENSG00000168310,3660,IRF2,-0.0179847422760686
ENSG00000068305,4205,MEF2A,0.0171652610216701
ENSG00000178988,114932,MRFAP1L1,-0.0070484301813842
ENSG00000010292,9918,NCAPD2,-0.0192565513870001
ENSG00000128891,90416,CCDC32,0.0094030876610324
,,CENPBD1P1,-0.0185620479728139
ENSG00000291745,84246,MED10,-0.0098695222995696
ENSG00000164758,90390,MED30,-0.0296505186884345
ENSG00000163625,23001,WDFY3,-0.02385016268338
ENSG00000214941,125150,ZSWIM7,-0.0114442904605399
ENSG00000135720,1783,DYNC1LI2,0.0108763784099496
ENSG00000154710,27342,RABGEF1,-0.0159633309444114
ENSG00000285282,55449,DHRS4-AS1,-0.0259758032650932
ENSG00000235169,388588,SMIM1,0.0121092420950737
ENSG00000149541,26229,B3GAT3,0.0217469420480196
ENSG00000278318,7772,ZNF229,0.024756215802457
ENSG00000173575,1106,CHD2,-0.0137261220882072
ENSG00000173402,1605,DAG1,0.0136830814672396
ENSG00000106263,8662,EIF3B,-0.0122973302861151
ENSG00000245571,101927204,FAM111A-DT,-0.0196069854740784
ENSG00000172500,9158,FIBP,0.0077164183100422
ENSG00000137168,51645,PPIL1,-0.0073509634434451
ENSG00000065978,4904,YBX1,-0.0091228201939493
ENSG00000142684,51042,ZNF593,-0.0127689747384523
ENSG00000186716,613,BCR,0.0216873510781028
ENSG00000149308,4863,NPAT,-0.0148335411538729
ENSG00000165806,840,CASP7,0.0166538165138053
ENSG00000236756,414245,DNAJC9-AS1,0.0301920523430651
ENSG00000111665,83461,CDCA3,-0.0234546259429174
ENSG00000132361,23277,CLUH,-0.0228327613070599
ENSG00000171720,8841,HDAC3,-0.0123151514875412
ENSG00000162385,4116,MAGOH,0.0048701394683806
ENSG00000072736,4775,NFATC3,-0.0154723133420485
ENSG00000103876,2184,FAH,0.0107652149438337
ENSG00000198900,7150,TOP1,-0.0154829694130246
ENSG00000088766,54675,CRLS1,0.0154829666410962
ENSG00000146476,79624,ARMT1,-0.0095343800553284
ENSG00000162852,163882,CNST,-0.0164417808369894
ENSG00000100564,5283,PIGH,0.0186694283713452
ENSG00000170515,5036,PA2G4,-0.007334525319118
ENSG00000144455,285362,SUMF1,-0.0158883072638044
ENSG00000143119,963,CD53,0.0115503818782544
ENSG00000037749,4238,MFAP3,-0.0154212993715602
ENSG00000213390,84986,ARHGAP19,-0.0188887835947199
ENSG00000137812,57082,KNL1,-0.0242148809280507
ENSG00000093010,1312,COMT,-0.0134003070132324
ENSG00000186314,153768,PRELID2,0.0149755195475568
ENSG00000149182,84364,ARFGAP2,-0.0105369354455363
ENSG00000198663,221477,C6orf89,-0.0112478055072578
ENSG00000139990,8816,DCAF5,0.0143215349714255
,,LINC00888,-0.0194554219472238
ENSG00000139517,222484,LNX2,-0.0202714795634633
ENSG00000124920,745,MYRF,-0.017462803473915
ENSG00000119707,58517,RBM25,0.007519436985235
ENSG00000167553,84790,TUBA1C,0.0079527244567771
ENSG00000142207,9875,URB1,0.0233514430761406
ENSG00000091157,23335,WDR7,0.0201932969099451
ENSG00000198521,7594,ZNF43,-0.0101748471773131
ENSG00000166920,84419,C15orf48,0.0146665672057251
ENSG00000198093,65251,ZNF649,-0.0125003084968606
ENSG00000197858,8733,GPAA1,0.0121837717746146
ENSG00000160131,203547,VMA21,-0.0085793792111961
ENSG00000168286,57215,THAP11,-0.0168501938352457
ENSG00000166140,84936,ZFYVE19,-0.02211254142391
ENSG00000169379,200894,ARL13B,0.0197191507977286
ENSG00000160216,56894,AGPAT3,-0.0204068252193974
ENSG00000116128,607,BCL9,-0.0184994014726092
ENSG00000110395,867,CBL,-0.014853608174948
ENSG00000168209,54541,DDIT4,0.0161866657277128
ENSG00000145833,9879,DDX46,-0.0069357969358605
ENSG00000059691,5188,GATB,0.0098431394977581
ENSG00000165704,3251,HPRT1,-0.0060197168371077
ENSG00000290846,107985911,LOC107985911,-0.0096213476882276
ENSG00000147145,2846,LPAR4,-0.0173636292723529
ENSG00000116691,60672,MIIP,0.0167195944851522
ENSG00000076242,4292,MLH1,0.0070040617479483
ENSG00000060642,55650,PIGV,0.0120774609238199
ENSG00000005075,5439,POLR2J,-0.0060123167459474
ENSG00000213694,1903,S1PR3,0.0112792537897254
ENSG00000184517,162239,ZFP1,-0.0179684332494216
ENSG00000133019,1131,CHRM3,0.0183781763247694
ENSG00000140006,112840,WDR89,0.0109453877438937
ENSG00000137673,4316,MMP7,-0.0409314818069825
ENSG00000141338,10351,ABCA8,-0.0179999416827338
ENSG00000165209,55342,STRBP,0.01444980431918
ENSG00000129474,84962,AJUBA,-0.0141928235222687
ENSG00000157654,445815,PALM2AKAP2,0.012086374515434
ENSG00000167778,84926,SPRYD3,-0.0151152126029828
ENSG00000203963,400757,C1orf141,0.0105857833873197
ENSG00000167740,124936,CYB5D2,-0.0086776277011667
ENSG00000131778,9557,CHD1L,-0.0118483066145376
ENSG00000140043,145482,PTGR2,0.0186684022694544
ENSG00000107560,22841,RAB11FIP2,-0.0114019519721652
ENSG00000085365,9522,SCAMP1,-0.0080652476838587
ENSG00000157303,203328,SUSD3,0.0086560458845843
ENSG00000182986,162967,ZNF320,-0.0150267987618671
ENSG00000110711,9049,AIP,0.0092541321273029
ENSG00000110274,22897,CEP164,0.0157948971038024
ENSG00000104671,10671,DCTN6,-0.0047290301807341
ENSG00000100697,23405,DICER1,-0.0095330496078235
ENSG00000198054,84677,DSCR8,-0.0139126264755786
ENSG00000165355,254170,FBXO33,0.0131378446578329
ENSG00000115207,2976,GTF3C2,0.008982474412728
ENSG00000165868,259217,HSPA12A,0.0171573599441504
ENSG00000112159,23195,MDN1,0.0150819417423138
ENSG00000288505,342977,NANOS3,-0.0129633401287487
ENSG00000178425,221294,NT5DC1,-0.0078736473733195
ENSG00000145725,23262,PPIP5K2,0.0096665779890324
ENSG00000143546,6279,S100A8,0.0184355071055175
ENSG00000274211,30837,SOCS7,-0.01205686729306
ENSG00000100234,7078,TIMP3,0.0079414164945085
ENSG00000166292,55273,TMEM100,-0.0122049588098124
ENSG00000113638,23548,TTC33,0.0099202697079581
ENSG00000146007,153527,ZMAT2,0.0042766789372268
ENSG00000157426,132949,AASDH,-0.0108666510137128
ENSG00000116127,7840,ALMS1,-0.0165175156797485
ENSG00000261064,100996255,LINC02256,-0.0147627966764126
ENSG00000144061,4867,NPHP1,0.0194281447163611
ENSG00000147206,56000,NXF3,-0.0127882856068819
ENSG00000172531,5499,PPP1CA,0.0080288879932736
ENSG00000183207,10856,RUVBL2,0.0067389171367555
ENSG00000152217,26040,SETBP1,0.0164976247500599
ENSG00000113810,10051,SMC4,0.0074652652107746
ENSG00000113296,7060,THBS4,-0.0184310186669833
ENSG00000119596,56252,YLPM1,0.011344741592033
55872,55872,PBK,-0.0092755711847889
ENSG00000116641,85440,DOCK7,-0.0107849241833
ENSG00000158417,9669,EIF5B,-0.0052565302268328
ENSG00000113719,57222,ERGIC1,-0.008067581494118
ENSG00000292086,51011,FAHD2A,-0.0069124957470187
ENSG00000221909,221786,FAM200A,-0.0127313162086672
ENSG00000105058,26017,FAM32A,0.0047265892681175
ENSG00000164070,22824,HSPA4L,-0.0102087310133396
ENSG00000135521,84946,LTV1,0.0081640321221177
ENSG00000112655,5754,PTK7,0.0148923730009191
ENSG00000157450,54778,RNF111,-0.0112538624887686
ENSG00000005175,79657,RPAP3,-0.0099417441682877
ENSG00000105251,56961,SHD,-0.0199784390211841
ENSG00000079257,56925,LXN,-0.005720483484514
ENSG00000157764,673,BRAF,-0.0094925811541362
ENSG00000165792,64745,METTL17,0.0084223366694718
ENSG00000102996,4324,MMP15,0.0130350532751485
ENSG00000115204,4358,MPV17,-0.0050199771486523
ENSG00000169760,22871,NLGN1,0.0142700198212608
ENSG00000180370,5062,PAK2,-0.0089764417389198
ENSG00000122965,9904,RBM19,0.0135683093288413
ENSG00000165119,3190,HNRNPK,0.0024783677730717
ENSG00000169032,5604,MAP2K1,-0.0133880259408805
ENSG00000137040,26953,RANBP6,-0.0087957608569705
ENSG00000175105,55279,ZNF654,0.0115151216813199
ENSG00000164010,114625,ERMAP,0.0155821417669552
ENSG00000130713,23404,EXOSC2,0.007695167075783
ENSG00000129472,84932,RAB2B,0.0099845693739347
ENSG00000144228,339745,SPOPL,0.0119673144018992
ENSG00000185753,159013,CXorf38,-0.0143932867294054
ENSG00000105429,1954,MEGF8,-0.012078986730526
ENSG00000181350,388341,LRRC75A,0.0088251518700141
ENSG00000198466,84914,ZNF587,-0.0131625940710432
ENSG00000115977,22848,AAK1,0.0102165520456645
ENSG00000135049,23287,AGTPBP1,-0.0135913637557559
ENSG00000196914,23365,ARHGEF12,-0.0087776819597557
,96610,BMS1P20,0.0109160050707803
ENSG00000160325,11094,CACFD1,-0.010582545132411
ENSG00000154781,51244,CCDC174,0.0051807362601628
ENSG00000164919,1345,COX6C,0.0017263656856489
ENSG00000110063,28960,DCPS,0.0073320995504643
ENSG00000168589,83657,DYNLRB2,-0.0069019367617299
ENSG00000149557,9638,FEZ1,-0.0056291694843077
ENSG00000140479,5046,PCSK6,0.0072300539609977
ENSG00000121316,79887,PLBD1,-0.0131548441223488
ENSG00000230995,5514,PPP1R10,0.0071714092992142
ENSG00000076043,25996,REXO2,-0.0048939711051906
ENSG00000100218,27156,RSPH14,-0.012433489341859
ENSG00000169375,25942,SIN3A,-0.006525882630799
ENSG00000068903,22933,SIRT2,0.0090585430841884
ENSG00000266028,23380,SRGAP2,0.009999990063357
ENSG00000182362,54059,YBEY,0.0082207648406243
ENSG00000159882,7773,ZNF230,-0.0097685383879998
ENSG00000022840,9921,RNF10,0.0058494905980038
ENSG00000145246,57205,ATP10D,-0.0087569440427367
ENSG00000102409,56271,BEX4,0.0033968378143327
ENSG00000158966,57685,CACHD1,-0.007726771817098
ENSG00000056487,112885,PHF21B,-0.0059130137558806
ENSG00000197019,29950,SERTAD1,0.0098404204765626
ENSG00000124535,56897,WRNIP1,0.0095796735329418
ENSG00000111596,4848,CNOT2,-0.0028705120081517
ENSG00000132436,63979,FIGNL1,0.0075460854554845
ENSG00000288743,105370203,LOC105370203,0.0101088349184468
ENSG00000104872,55011,PIH1D1,-0.0045621728744722
ENSG00000220205,6844,VAMP2,-0.0080055785208133
ENSG00000169372,8738,CRADD,-0.0063356653336342
,100628315,DNM3OS,0.0051645599457419
ENSG00000142507,5694,PSMB6,-0.001762388662601
ENSG00000106351,3268,AGFG2,0.0113054649840725
ENSG00000167797,10263,CDK2AP2,-0.0053867557156598
ENSG00000176396,163126,EID2,0.0105001764870515
ENSG00000215021,11331,PHB2,0.0031696382669691
ENSG00000099797,9524,TECR,-0.0031680049751244
ENSG00000288475,9994,CASP8AP2,-0.0073549535095367
ENSG00000248487,25864,ABHD14A,-0.007156515733451
ENSG00000101246,10139,ARFRP1,-0.0081295732163682
ENSG00000065802,51665,ASB1,0.0082258127741913
ENSG00000101974,286410,ATP11C,-0.0076168585678031
ENSG00000287151,29798,C2orf27A,-0.0064119192862002
ENSG00000183576,84193,SETD3,-0.0073264430416286
ENSG00000008294,9043,SPAG9,-0.0059497653781375
ENSG00000185798,348793,WDR53,0.0077552920256796
ENSG00000245680,92285,ZNF585B,0.0092438335908332
ENSG00000178927,79415,CYBC1,0.0064526449151039
ENSG00000178904,147991,DPY19L3,0.0061882184447349
ENSG00000197077,85379,KIAA1671,0.0080251840746257
ENSG00000214530,10809,STARD10,-0.0052344976843929
ENSG00000114573,523,ATP6V1A,-0.0024469229135212
ENSG00000107554,23268,DNMBP,0.0073612426816822
ENSG00000122033,219402,MTIF3,-0.0024124272526863
ENSG00000162396,25973,PARS2,0.0076183827795555
ENSG00000100104,402055,SRRD,0.007929395414426
ENSG00000235067,203068,TUBB,0.001133270092697
ENSG00000265491,27246,RNF115,0.0064606610088406
ENSG00000175548,144245,ALG10B,-0.0061632385129143
ENSG00000178104,9659,PDE4DIP,-0.0085287987793297
ENSG00000064886,1117,CHI3L2,-0.0070797692418232
ENSG00000124164,9217,VAPB,0.0048665589403301
ENSG00000106366,5054,SERPINE1,0.0067438113316027
ENSG00000118922,11278,KLF12,0.0044788354580237
ENSG00000143355,56956,LHX9,-0.0037190767287962
ENSG00000134369,89796,NAV1,-0.005711466308687
ENSG00000160062,653121,ZBTB8A,0.0060507589420126
ENSG00000115355,55704,CCDC88A,0.003679879109974
ENSG00000196352,1604,CD55,-0.0044116794540746
ENSG00000151491,2059,EPS8,0.004130152886527
ENSG00000135338,167691,LCA5,0.0050006288917969
ENSG00000087087,51593,SRRT,0.0058014442787499
ENSG00000100106,11078,TRIOBP,-0.0067626197661654
ENSG00000174007,84984,CEP19,0.006623106824295
ENSG00000164687,2171,FABP5,-0.0019113372269194
ENSG00000103018,80777,CYB5B,0.0018809770152143
ENSG00000012660,60481,ELOVL5,0.0012075647092952
ENSG00000163686,57406,ABHD6,0.0053830440970326
ENSG00000119787,64225,ATL2,-0.0049416261421599
ENSG00000182492,633,BGN,-0.0044499298818714
ENSG00000157429,7567,ZNF19,-0.0044945989490864
ENSG00000133612,116988,AGAP3,0.0049860950488674
ENSG00000157557,2114,ETS2,0.0042362112341097
ENSG00000269335,8517,IKBKG,0.005571139181907
ENSG00000101363,63905,MANBAL,-0.0016307172027057
ENSG00000116260,5768,QSOX1,-0.0026452718119075
ENSG00000125351,65109,UPF3B,0.0039401976951235
ENSG00000140497,10066,SCAMP2,0.0022417304166896
ENSG00000107223,8721,EDF1,-0.0011511736735188
ENSG00000147180,7552,ZNF711,-0.0039211016426833
ENSG00000134201,2949,GSTM5,-0.0023766598537261
ENSG00000110047,10938,EHD1,-0.0042835404559588
ENSG00000133997,10001,MED6,-0.0018158775369933
ENSG00000048649,51773,RSF1,-0.0021022567163085
ENSG00000196507,85012,TCEAL3,0.0031718355708306
ENSG00000197238,8363,H4C11,-0.0032815228602079
ENSG00000049167,1161,ERCC8,-0.0022738771802555
ENSG00000198947,1756,DMD,-0.0021083700481656
ENSG00000151348,2132,EXT2,-0.0020492960195785
ENSG00000057294,5318,PKP2,-0.0044370633002262
ENSG00000120662,9617,MTRF1,-0.0032651568118297
ENSG00000116668,54823,SWT1,-0.0034434622594575
ENSG00000163762,116441,TM4SF18,-0.0013165912955506
ENSG00000183665,55039,TRMT12,-0.0024073515660966
ENSG00000166788,113174,SAAL1,0.003050710904225
ENSG00000123810,80776,B9D2,-0.0026551130784626
,,KIAA1522,0.0023587295721182
ENSG00000145555,4651,MYO10,0.0013870689149966
ENSG00000112983,10902,BRD8,-0.0011761902347672
ENSG00000151532,143187,VTI1A,-0.0022269875640718
ENSG00000116212,115353,LRRC42,0.0017833973740096
ENSG00000110497,55626,AMBRA1,-0.0018165749238971
ENSG00000173418,51126,NAA20,0.0003987740542422
ENSG00000119004,57404,CYP20A1,0.0008190353440204
ENSG00000119041,9330,GTF3C3,0.0007581131604482
ENSG00000108312,7343,UBTF,-0.0021446684602693
ENSG00000103855,80381,CD276,0.0013833839470256
ENSG00000174574,79647,AKIRIN1,-0.0007327287344463
ENSG00000122970,28981,IFT81,-0.0011496198229179
ENSG00000109079,7126,TNFAIP1,-0.0013249831872625
ENSG00000123933,10608,MXD4,-0.000327136625239
ENSG00000183527,8624,PSMG1,-0.000528598643714
ENSG00000104331,54928,BPNT2,-0.0002886180852668
ENSG00000126602,10131,TRAP1,0.0003901697617182
ENSG00000114395,11068,CYB561D2,-0.00029694151243
ENSG00000142227,2014,EMP3,0.0001091461541128
ENSG00000137965,10561,IFI44,0.0001426894472734
ENSG00000145247,132299,OCIAD2,-7.648257149475437e-05
ENSG00000152078,148534,TLCD4,-0.0001924370616861
ENSG00000156802,29028,ATAD2,-1.1129619248179994e-05
ENSG00000197312,84301,DDI2,-8.505751402741304e-05
ENSG00000140798,94160,ABCC12,1.3865746999853037
ENSG00000101986,215,ABCD1,0.7185601845602515
ENSG00000166743,116285,ACSM1,0.7569743274539588
ENSG00000087116,9509,ADAMTS2,0.1855061145096916
ENSG00000158859,9507,ADAMTS4,-0.6742854835497029
ENSG00000135298,577,ADGRB3,0.5017107279129973
ENSG00000169129,84632,AFAP1L2,-1.1609935810124503
ENSG00000081051,174,AFP,0.277282214276779
ENSG00000154027,26289,AK5,0.1954551027424757
ENSG00000155085,221264,AK9,-0.9858933921662456
ENSG00000136383,57538,ALPK3,0.4718481777380159
ENSG00000167772,51129,ANGPTL4,-0.1101429992264737
ENSG00000180071,253650,ANKRD18A,0.5112009555494412
ENSG00000168096,124401,ANKS3,-0.6350612736469621
ENSG00000081014,23431,AP4E1,-0.1489564521543323
ENSG00000178878,81575,APOLD1,0.146147990169335
ENSG00000141522,396,ARHGDIA,0.3695099968462032
ENSG00000116017,1820,ARID3A,-0.3398741786059894
ENSG00000188042,10123,ARL4C,-0.0265644961566488
ENSG00000066739,55102,ATG2B,0.1854468354811692
ENSG00000175711,146712,B3GNTL1,-0.3445206651131919
ENSG00000117411,8704,B4GALT2,0.1377729468157764
ENSG00000119866,53335,BCL11A,0.234163581818459
ENSG00000110987,605,BCL7A,-0.253799085239763
ENSG00000136717,274,BIN1,-0.9284290574790968
ENSG00000168487,649,BMP1,0.0962344058328591
ENSG00000100425,23774,BRD1,0.0773097591695158
ENSG00000184992,140707,BRI3BP,-0.2129759597462315
ENSG00000156983,7862,BRPF1,-0.1980118779519984
ENSG00000064726,53339,BTBD1,-0.0257965393313638
ENSG00000171067,53838,C11orf24,0.4626617330966699
ENSG00000100802,60686,C14orf93,1.2895875217133184
ENSG00000267221,110806298,C17orf113,-1.120233356353064
,,C19orf54,-0.5673882052111552
ENSG00000133466,114904,C1QTNF6,0.5190529148853322
,,C1orf112,0.9519494336222988
ENSG00000273045,150590,C2orf15,0.1226799040632401
ENSG00000221821,441150,C6orf226,0.3814160410585941
ENSG00000226103,57827,C6orf47,-0.9855585808602108
ENSG00000134072,8536,CAMK1,-0.5065898336263864
ENSG00000058404,816,CAMK2B,0.9695895560167458
ENSG00000014216,823,CAPN1,-0.128094197465145
ENSG00000164221,153733,CCDC112,0.0863282551750879
ENSG00000101997,28952,CCDC22,0.2549360515092019
ENSG00000110104,79080,CCDC86,0.5193764670038851
ENSG00000118523,1490,CCN2,-0.264089536367838
,100129961,CCNT2-AS1,0.0407449846452033
ENSG00000156535,135228,CD109,-0.2312031443407672
ENSG00000090659,30835,CD209,-0.2030680570574148
ENSG00000104894,951,CD37,1.6391554404540811
ENSG00000158825,978,CDA,-0.3761875732908569
ENSG00000128283,11135,CDC42EP1,0.8917161069540549
ENSG00000172216,1051,CEBPB,1.5000688081044555
ENSG00000099954,27443,CECR2,-0.4243481019203898
ENSG00000166582,201161,CENPV,1.0652559156902266
ENSG00000116198,9731,CEP104,-0.6518450315295125
ENSG00000110318,57562,CEP126,0.1815916366366248
ENSG00000128965,79094,CHAC1,2.4856245130140384
ENSG00000133063,1118,CHIT1,1.5167721379004926
ENSG00000164695,92421,CHMP4C,0.0436225664261656
ENSG00000163507,57650,CIP2A,0.0909243606195707
ENSG00000122966,11113,CIT,-0.8607300365331599
ENSG00000104879,1158,CKM,-0.6645080652219834
ENSG00000147003,57393,CLTRN,0.2812078620544054
ENSG00000134326,129607,CMPK2,1.727893754826171
ENSG00000164309,202333,CMYA5,0.6239044252350892
ENSG00000148842,54805,CNNM2,0.7931944545086449
ENSG00000122756,1271,CNTFR,-0.1683882011753199
ENSG00000174469,26047,CNTNAP2,-0.6919088315024128
ENSG00000119397,11064,CNTRL,-0.1719289744095491
ENSG00000084636,1307,COL16A1,-0.0685185022865871
ENSG00000049089,1298,COL9A2,0.6705503504425531
ENSG00000262246,79585,CORO7,-0.0460647985665866
ENSG00000095321,1384,CRAT,-0.2167872108618311
ENSG00000176390,51379,CRLF3,0.1776359800016621
ENSG00000103653,1445,CSK,0.0090368376782644
ENSG00000101435,128821,CST9L,0.1687546338299304
ENSG00000066032,1496,CTNNA2,0.4557180584914731
ENSG00000169248,6373,CXCL11,-0.2102315093147195
ENSG00000161544,114757,CYGB,-0.368588168844318
ENSG00000163331,92196,DAPL1,-0.1543266324564427
ENSG00000166341,8642,DCHS1,-0.138317494222372
ENSG00000130311,79016,DDA1,0.265114247698065
ENSG00000144535,129563,DIS3L2,-0.1665663448628222
ENSG00000135164,9988,DMTF1,0.2249563778366302
ENSG00000185842,127602,DNAH14,0.5294583393244607
ENSG00000164086,1849,DUSP7,0.2534066517112333
ENSG00000107404,1855,DVL1,-0.1707192333355184
ENSG00000203965,84455,EFCAB7,-0.3628677266797522
ENSG00000231993,101927279,EP300-AS1,-1.120368010058829
ENSG00000072134,22905,EPN2,0.0954508469391424
ENSG00000177459,203111,ERICH5,0.3262231412206993
ENSG00000168309,11170,FAM107A,0.2550091333221792
ENSG00000189057,374393,FAM111B,-0.0389170601720419
ENSG00000108950,54757,FAM20A,0.2114328259822937
ENSG00000145945,26240,FAM50B,0.0084670870428962
ENSG00000181544,2187,FANCB,-0.7290845568092559
ENSG00000187790,57697,FANCM,-0.1853868705765791
ENSG00000155034,80028,FBXL18,-0.1270777370311414
ENSG00000177051,23403,FBXO46,-1.2447013906170132
ENSG00000157107,115548,FCHO2,-0.5659963456391023
ENSG00000171564,2244,FGB,0.7734586489875293
ENSG00000114279,2257,FGF12,-1.037601608660125
ENSG00000254531,90024,FLJ20021,-0.2545084580823976
ENSG00000102755,2321,FLT1,-1.5014363964233095
ENSG00000198468,642946,FLVCR1-DT,-0.1038656820356097
ENSG00000285182,23360,FNBP4,0.4431507594920836
ENSG00000228594,643988,FNDC10,0.3616967203558933
ENSG00000164916,221937,FOXK1,0.4766581549251557
ENSG00000150893,341640,FREM2,-0.7121366727648311
ENSG00000073910,10129,FRY,-0.0430309579793041
ENSG00000226124,348751,FTCDNL1,-0.1621350827016361
ENSG00000130700,140628,GATA5,-0.1900215476527103
ENSG00000131979,2643,GCH1,-0.4009713583352918
ENSG00000153982,284161,GDPD1,-0.0521687145535373
ENSG00000108262,28964,GIT1,0.0658718730563027
ENSG00000163328,151556,GPR155,0.4251381633824209
ENSG00000180758,80045,GPR157,-0.4386184458809501
ENSG00000170775,2861,GPR37,-0.3153639005307406
ENSG00000176153,2877,GPX2,1.8530771771175585
ENSG00000155324,65983,GRAMD2B,0.3288007714042854
ENSG00000198055,2870,GRK6,0.6330583238141386
ENSG00000104518,79792,GSDMD,0.1664233022930296
ENSG00000134184,2944,GSTM1,-0.1323983312909803
ENSG00000006704,9569,GTF2IRD1,0.5423828226051474
ENSG00000138472,9626,GUCA1C,0.7501050779355776
ENSG00000184357,3009,H1-5,0.2650313269542024
ENSG00000278677,8336,H2AC17,-0.6922388003819672
ENSG00000184260,8338,H2AC20,-0.3566292418238727
,,H2AW,0.0546250995578592
ENSG00000130656,3050,HBZ,0.2315943298857821
ENSG00000167674,84717,HDGFL2,0.1042772516224902
ENSG00000185359,9146,HGS,-0.1519362709431109
ENSG00000230463,3125,HLA-DRB3,0.520686480896387
ENSG00000137309,3159,HMGA1,0.351477536179606
ENSG00000113716,22993,HMGXB3,0.1410131768822026
ENSG00000134709,51361,HOOK1,0.5592689860957676
ENSG00000125319,78995,HROB,0.1600654497910382
ENSG00000142149,30811,HUNK,0.1636037811362283
ENSG00000169991,126917,IFFO2,0.6072880736251918
ENSG00000115267,64135,IFIH1,1.6183833728308896
ENSG00000150782,3606,IL18,-0.1748840416420604
ENSG00000125538,3553,IL1B,-0.4136028889957925
ENSG00000203485,64423,INF2,-0.1345475590093491
ENSG00000164880,26173,INTS1,0.6165782754264134
ENSG00000174628,124152,IQCK,-0.2012404362742885
ENSG00000172183,3669,ISG20,0.7476552324582968
ENSG00000123243,80760,ITIH5,-0.352113506890644
ENSG00000100605,3705,ITPK1,-0.6747627844462002
ENSG00000096433,3710,ITPR3,-0.112423711424727
ENSG00000198885,150771,ITPRIPL1,-0.9771194629751074
ENSG00000096968,3717,JAK2,-0.507608362446789
ENSG00000161999,339123,JMJD8,0.3709968127037359
ENSG00000132510,23135,KDM6B,0.9641484424362036
ENSG00000006459,80853,KDM7A,-0.2274105360618949
ENSG00000088247,8570,KHSRP,-0.1332081809992058
ENSG00000130294,547,KIF1A,0.9461919748172478
ENSG00000104731,54758,KLHDC4,-0.4774182079721111
ENSG00000146021,26249,KLHL3,-0.0062284141328947
ENSG00000283059,100144748,KLLN,-2.3853936095067305
ENSG00000167548,8085,KMT2D,-0.0750566233032999
ENSG00000183955,387893,KMT5A,-0.1293297497515108
ENSG00000276053,3903,LAIR1,-0.0996756463069789
ENSG00000125869,24141,LAMP5,0.0610169178032752
ENSG00000150457,26524,LATS2,0.1436176479529592
ENSG00000174405,3981,LIG4,0.8746743473770753
ENSG00000072163,55679,LIMS2,0.3718251200114887
,147525,LINC00526,-0.410279495193695
ENSG00000215190,106660612,LINC00680,0.4755692006496562
,283981,LINC00685,0.2510527947708156
ENSG00000269416,104472717,LINC01224,0.1754565063839794
,115801414,LINC01297-DUXAP10-NBEAP6,-0.2074451096827885
,54944,LINC01521,-0.8168285000679036
ENSG00000103227,64788,LMF1,1.6811640329716853
ENSG00000268129,100289361,LOC100289361,-0.4218134160787349
,,LOC100505501,-0.280927411118601
ENSG00000275765,100652758,LOC100652758,-1.0047753998612907
ENSG00000132793,64900,LPIN3,-1.333644703684377
ENSG00000143669,1130,LYST,0.3444524689977686
ENSG00000002822,8379,MAD1L1,1.0402879686654285
ENSG00000274847,727764,MAFIP,0.9065880357979846
ENSG00000130479,55201,MAP1S,-0.0042447755297683
ENSG00000006432,4293,MAP3K9,-0.2306230398353515
ENSG00000102882,5595,MAPK3,0.624445168166648
ENSG00000137802,23005,MAPKBP1,0.5727379933264934
ENSG00000072518,2011,MARK2,-0.0902962369036543
ENSG00000086015,23139,MAST2,0.3108398164761887
ENSG00000112559,4188,MDFI,0.1998336456304825
,100873985,MED14OS,-0.2816422138358776
ENSG00000099917,51586,MED15,0.2232352943658975
ENSG00000117400,4352,MPL,-0.7442524209066809
ENSG00000150054,143098,MPP7,-1.1746867770546852
ENSG00000011028,9902,MRC2,0.0539763252369231
ENSG00000037757,84245,MRI1,-0.6834568043019995
ENSG00000179832,727957,MROH1,0.8284129857004531
ENSG00000062582,64951,MRPS24,-0.0996294434453061
ENSG00000132781,4595,MUTYH,0.195679397633258
ENSG00000213347,83463,MXD3,-0.3207267126057431
ENSG00000103174,51172,NAGPA,-0.2117196340047677
ENSG00000188505,342897,NCCRP1,0.0202418642535811
ENSG00000020129,23154,NCDN,0.6018810271665311
ENSG00000103034,65009,NDRG4,1.0068002024879337
ENSG00000070614,3340,NDST1,0.7507078061800995
ENSG00000224877,284184,NDUFAF8,0.1912927474350708
ENSG00000185049,7469,NELFA,-0.0837622803787759
ENSG00000124257,140825,NEURL2,1.4380281747534631
ENSG00000008441,4784,NFIX,0.7865672358192717
ENSG00000236346,4795,NFKBIL1,-0.3635203257442324
ENSG00000140157,81614,NIPA2,0.4589303762286741
ENSG00000197696,4828,NMB,-0.7666903886732886
ENSG00000166741,4837,NNMT,-0.9610142260003928
ENSG00000188976,26155,NOC2L,-0.4693336705740967
ENSG00000087269,8602,NOP14,-0.1473590722986428
ENSG00000074181,4854,NOTCH3,-0.352396069865089
ENSG00000136931,2516,NR5A1,0.3435460701553481
ENSG00000157168,3084,NRG1,-1.5177298618641275
ENSG00000037474,54888,NSUN2,-0.2812561375678251
ENSG00000074590,9891,NUAK1,-0.0568448438148972
ENSG00000111335,4939,OAS2,1.0443006312804215
ENSG00000111331,4940,OAS3,1.1252348887773251
ENSG00000143450,51686,OAZ3,0.2928197345407849
ENSG00000099330,79629,OCEL1,0.0632432274007225
ENSG00000060491,11054,OGFR,-0.1204434703742098
ENSG00000068308,55593,OTUD5,0.3490342672883657
,,OVOS2,-0.435567111875203
ENSG00000154814,92106,OXNAD1,-0.6958930215207707
ENSG00000171631,5031,P2RY6,-1.0812410338594811
ENSG00000179364,23241,PACS2,-0.7406183353697064
ENSG00000238269,389860,PAGE2B,-0.0709929792351604
ENSG00000130669,10298,PAK4,0.4504953028588647
ENSG00000188582,344838,PAQR9,-0.7735284514120615
ENSG00000138617,54956,PARP16,0.6025299260680015
ENSG00000224952,5089,PBX2,-0.0117199156547316
ENSG00000291690,56125,PCDHB11,-2.0260340529801484
ENSG00000156374,84108,PCGF6,0.1661024113080617
ENSG00000186472,27445,PCLO,0.2290434010020016
ENSG00000099139,5125,PCSK5,0.3901011819217321
ENSG00000154553,27295,PDLIM3,1.6817475645366449
ENSG00000121440,23024,PDZRN3,0.2199278818040946
ENSG00000141456,27043,PELP1,8.923384587675954e-05
ENSG00000119630,5228,PGF,0.2805528143473919
ENSG00000112137,221692,PHACTR1,0.3480205443778881
ENSG00000010318,51533,PHF7,0.8546642939563066
ENSG00000040199,23035,PHLPP2,1.1099125928181746
ENSG00000117242,100861548,PINK1-AS,-1.287625567305229
ENSG00000258724,54984,PINX1,-0.0041604457263832
ENSG00000178209,5339,PLEC,0.0085194263128494
ENSG00000090924,64857,PLEKHG2,-0.6568716238614752
ENSG00000116786,23207,PLEKHM2,0.5230812836716259
ENSG00000067113,8611,PLPP1,-0.3620691341104214
ENSG00000114554,5361,PLXNA1,0.2146860808213231
ENSG00000130827,55558,PLXNA3,0.0779250201356775
ENSG00000125534,79144,PPDPF,0.8921909472663601
ENSG00000119698,57718,PPP4R4,-0.7931967147909909
ENSG00000105063,22870,PPP6R1,-0.2298192483656201
ENSG00000112619,5961,PRPH2,0.0379264387359892
ENSG00000163704,285368,PRRT3,-0.4874226719233707
ENSG00000134222,84722,PSRC1,-0.0933964849284378
ENSG00000279192,8123,PWAR5,0.3771055346702906
ENSG00000104524,65263,PYCR3,-0.4738880964691184
ENSG00000100504,5836,PYGL,1.581316277295569
ENSG00000179262,5886,RAD23A,-0.0492784216531787
ENSG00000155636,129831,RBM45,-0.5967721065666723
ENSG00000151962,166863,RBM46,-0.6857908045932889
ENSG00000134533,85004,RERG,0.2080373919310356
ENSG00000008853,23221,RHOBTB2,0.3503424485085306
ENSG00000188026,353116,RILPL1,-1.4946172807053355
ENSG00000104312,8767,RIPK2,0.7768478295006223
ENSG00000039523,79567,RIPOR1,0.3274589411454573
ENSG00000167257,257160,RNF214,0.1777321269235317
ENSG00000179859,284023,RNF227,0.3162105975455132
ENSG00000142327,57140,RNPEPL1,0.3965587513757349
ENSG00000114547,152015,ROPN1B,0.2177513053967301
ENSG00000177519,56475,RPRM,-1.7811223140779184
ENSG00000071242,6196,RPS6KA2,-0.1614203914391544
ENSG00000160214,8568,RRP1,-0.0816566356896065
ENSG00000134321,91543,RSAD2,0.3149998204867652
ENSG00000182010,219790,RTKN2,-0.5303048531395926
ENSG00000176225,25914,RTTN,-0.967599012551246
ENSG00000130254,9667,SAFB2,-0.321768854026546
ENSG00000164764,157869,SBSPON,0.6036955103413804
ENSG00000168077,51435,SCARA3,-0.3931075849071019
ENSG00000164265,117156,SCGB3A2,-0.4227311990731479
ENSG00000141295,90507,SCRN2,-0.5463472569683895
ENSG00000146197,222663,SCUBE3,-0.1225559189677259
ENSG00000228451,,SDAD1P1,-0.0148692388458578
ENSG00000115884,6382,SDC1,-0.9734070059596506
ENSG00000162512,9672,SDC3,-0.692278969060632
ENSG00000153993,223117,SEMA3D,-0.7267067731494319
ENSG00000095539,57715,SEMA4G,-0.4040093249062824
ENSG00000151778,387923,SERP2,-0.037223185100921
ENSG00000143368,10262,SF3B4,-0.4023763856959089
ENSG00000100359,27352,SGSM3,-0.4832297570422836
ENSG00000130813,55337,SHFL,0.1530475751770051
ENSG00000158352,57477,SHROOM4,-0.9153952270961746
ENSG00000254415,100049587,SIGLEC14,-1.5059358024939866
ENSG00000105738,23094,SIPA1L3,-1.2927663709148176
ENSG00000167114,10999,SLC27A4,0.1139033297161085
ENSG00000040487,54896,SLC66A1,0.3456122754969984
ENSG00000131389,6533,SLC6A6,-0.8995313340331546
ENSG00000184564,84189,SLITRK6,0.2075639619974735
ENSG00000101665,4092,SMAD7,1.238719472736763
ENSG00000172594,10924,SMPDL3A,0.1297932279555174
ENSG00000197989,85028,SNHG12,-0.6607534559672947
ENSG00000112320,55084,SOBP,0.235064252963306
ENSG00000184557,9021,SOCS3,-0.2796198170824609
ENSG00000108018,114815,SORCS1,0.362917798569963
ENSG00000277215,619455,SPANXA2-OT1,0.5982720693548979
ENSG00000164266,6690,SPINK1,1.333776431172892
ENSG00000183018,124976,SPNS2,-0.4934049050260095
,,SPTY2D1OS,-0.0151874067759099
ENSG00000080603,10847,SRCAP,-0.3725266790258325
ENSG00000154548,135295,SRSF12,0.4517697775088897
,,STAM-AS1,-0.4902597862083325
ENSG00000109193,6783,SULT1E1,-0.1871061664032062
ENSG00000179751,342898,SYCN,0.6436293353293213
ENSG00000162298,84447,SYVN1,-0.285707104001096
ENSG00000144834,29114,TAGLN3,-0.071927701215005
ENSG00000149930,9344,TAOK2,-0.5936844511041717
ENSG00000276461,6942,TCF20,-1.3249827646825991
ENSG00000205356,25851,TECPR1,-0.9541092538002952
ENSG00000131652,79228,THOC6,-0.3279759490788677
ENSG00000157150,7079,TIMP4,0.1180047210325818
ENSG00000185561,727910,TLCD2,-0.4469046840672288
ENSG00000198792,25829,TMEM184B,-1.1657929632227395
ENSG00000282107,348013,TMEM255B,-0.1684867843890885
ENSG00000177728,9772,TMEM94,0.4481995971835543
ENSG00000288250,7140,TNNT3,-0.3812723475515657
ENSG00000198113,54863,TOR4A,-0.1885493980825853
ENSG00000160218,7109,TRAPPC10,0.4640451052900706
ENSG00000104907,55621,TRMT1,-0.1026756089842963
ENSG00000196367,8295,TRRAP,-0.1953991348484336
ENSG00000099282,23555,TSPAN15,0.3515233211967054
ENSG00000137941,79739,TTLL7,0.1536293812647004
ENSG00000136295,80727,TTYH3,0.2667777593029601
ENSG00000166402,7275,TUB,-0.3761477710182203
ENSG00000137285,347733,TUBB2B,-1.2074933124855722
ENSG00000149016,64852,TUT1,0.1608811065726486
ENSG00000184470,10587,TXNRD2,0.6483841489625748
ENSG00000108106,27338,UBE2S,0.468897815662143
ENSG00000118900,29855,UBN1,0.2459409382233264
ENSG00000130717,83549,UCK1,-0.4183953013281577
ENSG00000177169,8408,ULK1,0.2384941375362297
ENSG00000107731,219699,UNC5B,0.835005567107753
ENSG00000005007,5976,UPF1,-0.0274763019622052
ENSG00000143494,79805,VASH2,-0.1251436023061339
ENSG00000112715,7422,VEGFA,-0.7859726883363215
ENSG00000151650,27287,VENTX,-0.5393224824369457
ENSG00000107738,64115,VSIR,0.6781005251806309
ENSG00000116213,49856,WRAP73,0.3078619882082438
ENSG00000076924,56949,XAB2,-0.1564732714488011
ENSG00000169180,23214,XPO6,-0.3211751706343839
ENSG00000103489,64131,XYLT1,0.2375022436024783
ENSG00000168228,29063,ZCCHC4,-1.0731346323393476
ENSG00000136866,7539,ZFP37,-0.32091343438807
ENSG00000147118,7569,ZNF182,0.0014933814297829
ENSG00000166261,7753,ZNF202,-0.3539013907481278
ENSG00000293313,100129482,ZNF37BP,-0.6356480342737362
ENSG00000215421,55628,ZNF407,0.1480046428087943
ENSG00000197857,51710,ZNF44,0.4891317753552198
ENSG00000197016,388566,ZNF470,0.0021592803633717
ENSG00000196263,57573,ZNF471,0.7905397605740525
ENSG00000183647,348327,ZNF530,-0.745806775010218
ENSG00000168916,57507,ZNF608,0.455367958217006
ENSG00000251192,641339,ZNF674,0.2397918966735056
ENSG00000187792,7621,ZNF70,-0.482626940814634
ENSG00000196081,440519,ZNF724,0.2125140264705137
ENSG00000181220,155061,ZNF746,-0.0014170393479508
ENSG00000197162,146540,ZNF785,-0.612283182871315
ENSG00000197608,284371,ZNF841,-0.1460413904480825
ENSG00000169249,8233,ZRSR2,0.6159253343616871
