gene_id,log2FoldChange
FTL,0.6150433951572911
EIF5A,-2.192717246698117
CCND2,-1.6041583452260757
GPC3,-1.9174414545823937
SPC24,-2.2143785271177525
WFDC1,-2.4047220892611354
CTNNB1,-2.176958700815758
HMGCS1,-1.4896827278322593
SCD,-1.2250767272419123
NUCKS1,-1.6261979381276277
ACTB,-1.2992739367432466
ARPC4,-1.3481783672864929
CYP51A1,-1.550888487127028
FRMD8,-1.7737444405850376
PLIN2,0.8488255193755128
FKBP1A,-1.1532041029037077
WTAP,-1.9023972443942592
ANXA2,0.7787002956627261
GPNMB,1.385620222321572
CDC42,-1.0643481489192863
MTHFD2,0.866409008486496
CALM1,-0.5254071412263998
MIR202HG,-1.8432316256965724
USP22,-0.8968924257650341
CALR,-1.7530592410277468
ASAH1,0.7522976565247987
TRA2A,-2.0375223163835803
CTTN,-1.5793292617136137
BIRC5,-1.6497954234259404
TOMM22,-1.5446825598182508
HNRNPA0,-1.4978427340560292
CTBP1,-2.0299663818963394
INSL3,-1.3532108635374966
EZR,-1.3102658067422466
HNRNPH1,-1.7496613662529166
IFI30,0.7465216987705493
MARCKS,-1.3763283493397822
NADK2,-1.6703081268648805
SERF2,0.424055730583764
STARD7,-1.14122187799545
TOR1AIP2,-1.3821579726111557
EBP,-0.8748048800362505
COX7A2L,0.4061109206055124
FKBP9,-1.5614653729588053
SET,-1.3768691036152712
AP1G1,-1.5912724759212102
G3BP2,-0.8961368137778271
CCDC117,-1.6108825754764622
EXOSC6,-1.5329019889733926
ADAM10,-1.2306713042782798
CRISPLD2,-1.5206761355307463
LYSMD1,-1.7059457251593928
TMED4,-1.4466730291417726
WNT5A,-1.4156297171881964
MAX,-1.5527358468513377
TXNIP,-0.8448632076460879
ARF4,0.3984670386154502
PDCD4,-1.5460802268237994
PRPS2,-1.314652359154883
WDR43,-1.75035795537352
WSB2,-1.49413262937931
SDC4,-1.1349960310019374
CNOT9,-1.3269527019567184
TP53,-1.5983528809662038
ATP1B1,-1.3197765048515009
PAQR7,-1.469924186473211
PCLAF,-0.6732531728174068
DLG5,-1.4114700053948956
POLR2D,-1.3176888237626716
UBP1,-2.1436499916629743
CLDN11,-1.2855452538896657
CNN3,-1.5607688374944118
PSMB4,-0.5962619282075854
RNF2,-1.7214061961707658
ALDH1B1,-1.6709217996946857
CAPZA1,-1.0859616458919872
PIM2,-1.6025022155891762
TSC22D2,-1.3835922258896023
ZDHHC2,-1.5433385309686316
DCAKD,-1.4345630453423637
RSL24D1,0.4384553665580117
AKR1A1,0.5627994462154503
RIN2,-1.4734145988720713
AFMID,-1.5677157102275403
FANCD2,-1.667088937506954
PPP1CB,-1.260970910607743
HNRNPL,-1.587003247206483
TMEM258,0.287742638160649
HMGB1,-0.3243755712911531
PTCH1,-2.225805392364748
SOX11,-1.7099362484748193
SHISA2,-1.405610299466021
DMRT1,-1.4971502052915626
LETM1,-1.5396038470924844
CRIM1,-1.4716057608553743
TNRC6B,-1.309775774332932
B4GALT1,-1.3264328724337748
AMFR,-1.692709820920686
UGCG,-1.2209692070677411
CCNF,-1.8298239768645104
MSMO1,-0.6788253876250022
RASSF3,-1.7743974649743717
PPP3CA,-1.443571784089191
HSPA4,-1.3073473970493532
MORF4L1,-0.7671160471119239
TWIST1,-2.578700750023499
BCL10,-1.454225406166843
TKT,0.4828835574752435
IQGAP3,-2.230766467573219
ALDH16A1,-1.4905538080258012
CARMIL1,-1.5926602823246934
GLIPR2,-1.1046135237284316
SLC16A1,-1.3048374137874188
IFI6,-1.6865181119354156
MAZ,-1.7327413836789844
ZNF765,-1.3620415459410984
ITM2C,-1.1661681189004514
CHP1,-1.055035361098191
ACP1,0.38789411219169
INSR,-1.4434687321902684
LGALS1,0.3383819701574377
CDS2,-1.0351077496469987
PSAP,0.4853281756089922
APOBEC3C,-1.1097503663213175
ARGLU1,-1.1515801769811147
EIF4EBP2,-1.124767629773564
THRAP3,-1.1073969665404044
ZNF738,-0.848034194107937
GOLIM4,-1.7280462278714364
YWHAE,-0.8515209462669073
RIOX1,-1.7901256915395267
TAF9,0.486797592917307
XYLT2,-1.9219346556444088
ZBTB43,-1.2267416567339644
SPRR2F,0.8277626071145644
DDIT3,1.0339618774716068
LSM12,-1.1181216599922568
ARF6,-1.1166499895930804
CALU,0.4592193455647789
JUND,-1.4958917908155125
C7,0.625725662398497
ENC1,-1.1352257454903978
NUP50,-1.098828977842634
CPSF2,-0.8862945851173142
DCUN1D1,-1.1759314218099748
KIAA1217,-1.6227030009566026
TSPYL1,-1.109974112861019
ZC3H4,-1.7298798862148008
SAT1,0.3529612107866776
NOP10,0.3732592712249805
RASGEF1B,-1.5317324195825524
SPTBN1,-0.9681152757921404
C2orf68,-1.4135382964044705
WDR76,-1.4774828660584762
CIRBP,-0.7508456988537858
TMED2,-1.228245131161109
MTFMT,-1.5633060252850777
PDIA4,-1.4243629935816349
ARHGAP1,-1.1134516180338614
STC1,-1.4832798519141082
IFNGR2,-1.3501287041930097
ARL1,0.4414831369748674
NCL,-0.8676018843362646
INPP5A,-1.4472757014046846
ATP5ME,0.3108567206514216
GRB2,-0.834171010116845
TCTN2,-1.4854592969355267
MRPS18B,0.4590655261328528
NKX3-1,-1.0686260043503824
ZNF28,-1.24670651752118
CASP2,-1.1891194004585186
ETV5,-1.121082358745643
MAP3K1,-1.0281848174537496
ADNP,-1.050917891959502
CDKAL1,-1.1240609407340594
FRRS1,-1.245677217593807
CD52,1.411176597245783
SLIT2,-1.3794410924197318
TPP2,-1.355182125559823
PCMTD1,-1.1905285011388638
SSH2,-1.5242820935761832
ANKRD40,-1.3148883640547833
HOXD9,-1.4655359821041205
SRPRB,-1.0025224692069792
AMOTL1,-1.356408854296648
SKA2,-0.8883389648396546
SRSF6,-0.996415766713792
PTPRS,-1.6509953903965082
ROCK2,-1.4095012803447653
RPL34,0.2529443300031866
SENP5,-1.0714789870517585
SLC35F6,-1.0761416188606434
MPC2,-0.6103505612698745
AP1S2,-1.1125149003088284
C1orf174,-1.2167987487012928
PARM1,-1.1744744007259458
ALDH6A1,-1.0788423447408448
CNDP2,0.7025996833322317
MBOAT1,-1.5678121995972645
ZFX,-1.1958015418991272
DOCK5,-1.4341887927941506
TRIM59,-1.2042325838590804
G3BP1,-0.743679431164376
SUMO2,-0.4351307371429643
TRIB2,-0.8484157004022339
TRIM2,-0.9846778043398906
UBE2B,-0.7509536167209889
PFDN4,0.4299707788907556
PDGFA,-1.6229790846927044
THUMPD1,-1.0309275014442574
SFXN1,-1.137292567294119
SLC38A2,-0.7427471801031721
ZNF532,-1.1311569304906617
FOXK2,-1.0684132296656508
PDGFC,-1.024726918813077
CCNG1,0.4295033188486186
IRF2BPL,-1.5925668489413805
UTP20,-1.3138283007055422
NECAB1,-1.1134934215336705
ADAM19,-1.7012980206920445
CNP,-1.0395395134812608
COX7A1,0.6816230515386873
ZNF578,-1.2443688566308009
HNRNPU,-0.700907085053457
NUDT19,-1.1285934762132213
PDS5B,-1.0249360333099915
ZBED5-AS1,-0.8649159183791186
WDR55,-1.3880562953001785
HERPUD2,-1.048058782392558
SLC16A4,-1.179637043340209
RPL23P8,-2.349463846524513
ATP5MC2,0.2089144617360328
UHRF1,-1.582255430599822
H4C15,-1.2450706760062866
DCBLD2,-1.0388470679607973
REST,-0.7835469044239249
YWHAG,-0.8767149027191887
CDKN2AIPNL,-1.1105407908050418
MYLK,0.6307600682518752
ANXA5,0.2971197105116651
SLC12A2,-1.0610053271705508
DIPK2A,-0.7117465150899545
B3GNT7,-1.2729071745755334
LUM,0.5791455633504876
NPC2,0.2385792712247838
PRXL2C,-1.2186416202884416
SPRING1,-1.0183711521593966
CD164,0.3604013644058672
RPS11,-0.6200526612876944
STRN3,-1.2993407942835873
SLC25A5,0.3047275089381768
CENPX,-0.8014045306154907
DYNLL1,-0.2510373926172398
CFI,0.5031744081799036
COL15A1,-1.2182263419808643
KDM5B,0.7663628400090152
SERINC5,-0.9227925403094026
S100A11,0.519763258420838
CD68,0.623078437710419
TUBA1B,-0.3018607052639555
DCN,0.2907440246884144
NORAD,-0.8352959730731191
SHMT2,0.5459165958250993
TAPBP,-0.7925359099412805
PSIP1,-1.316744320137268
AHCYL1,0.7253867409227773
C19orf12,-1.1916398982077647
CERT1,-0.9795213317885958
OSBPL11,-1.212279989030279
PPM1A,-0.8228963108934789
SFT2D1,-0.8956194214042397
STYX,-1.083059508251961
IQCG,0.4848283076221449
RETREG2,-0.9463342985755336
CAVIN1,-1.2986645257041882
MYCT1,-1.3976144145360136
SERPINA5,0.4152206125797992
PFDN5,0.2713691242392062
STAT2,-1.1607726192020016
JAK3,-0.955088420651068
H6PD,-1.1126723296371634
FLCN,-1.282412776409218
FTO,-0.8891835051939692
PSPH,-0.9709274479301674
DTX3L,-1.1709000693522058
RPL23,-0.6605858889879294
NEIL2,-1.0096849397353165
PDE6B,-1.1590256037593083
GIPC2,-1.3723971119608998
DSEL,-1.0060402732021507
ARID1B,-1.2101895584620452
SNRPB,-0.76880278501082
ACTG1,0.2455064455382052
ARID2,-1.0135215512578688
SENP2,-0.8327947980813073
ARL4A,-0.8897978227679632
LY96,0.7203975630171733
TBCCD1,-1.016250082844239
RAB12,-1.2673815092111955
CPT1A,-1.3133109181843796
TRIM13,-0.7885772864245391
ZFAND1,0.5825980823381234
HK2,-1.0896956804607083
CSNK1A1,-0.7729883820438325
GDPGP1,-1.4087517237905811
MFN1,-1.217293328109289
CTDSPL2,-0.7629340593659124
ATP6V1G1,0.2216285497245471
FUBP1,-0.8090485114277313
MTA2,-1.102566679210813
RPL21,0.3860164876722111
PSMD2,0.6759789850372175
BRD3,-1.1829349273729175
EIF4E2,0.5302898755461152
LAPTM4A,0.217073516084924
TMEM176B,0.4200856177022266
CFL1,-0.7637636187188747
SVIL,-1.2253018577824173
DDX3X,-0.848823430400735
SERPINB9,-1.075637045532361
DNMT3A,-0.7864467907038519
HMGN2,-0.4584748279154497
TRIM55,0.6446260224505233
RPS27,0.2287466630621039
GLUL,0.6131890880116884
ARPC2,-0.4258620773298479
COL1A2,0.551695023708605
RAP2B,-1.019302345552168
PTBP2,-1.4020724490628234
CRYAB,0.8898960782937757
SELENOK,0.3793148725556815
GLTP,-0.9944680675173808
ITPRIPL2,-0.9011123004999668
LIPH,-1.0281156110123495
SEPTIN2,0.4002576174245594
CPEB1,-1.3782937644989124
MDM4,-1.1241991356817351
RRM2,-0.9979586657727656
EYA3,-1.0097649780885838
PRELID3B,-0.7640089771470715
ACOX1,-0.9480379526532392
EGR1,-1.558435120439241
CENPC,-1.059494987371384
FAM76A,-1.008681356124069
SEC22B,-1.0888726018795056
KCNJ2,-1.2573474290014302
ITM2A,0.8122607649154974
MAGED2,0.4216734442308093
SYNJ2BP,-0.6023055109222802
EIF3D,0.3229375170396661
MEX3D,-1.615768817641391
NUP155,-0.9426986462427096
RAP1GDS1,-0.8989489977544902
RREB1,-1.3698982979393777
SLC48A1,-0.7880097023222133
VKORC1,-0.6541305445052127
METTL5,-0.5695129792089024
FOSL2,-1.2386607922883712
RPL36AL,0.2058821733436069
RAB3B,-1.4585833934981407
ELOF1,-0.8444593048719053
SYAP1,-0.7862098749707017
CARNMT1,-1.1260476407468598
EIF2S3,-0.8175436291114058
SEC13,0.3966847842293813
SPCS3,-0.6091289785561815
EIF4A2,0.2675267604019805
COPB2,0.4191351431850935
LRRC8A,-1.4548422057179744
TULP4,-0.9539353613470916
ADH5,0.3501416300675695
ENPP1,-1.0524936666695668
GEMIN6,-0.4348603327479149
MTPAP,-0.7422715304070292
TFAP2C,-1.3092830686197146
BTBD9,-1.4880611693448724
ACAA2,-0.4717894725615072
RCN1,0.7207918245743117
DAZAP2,0.5314111648456856
PHACTR2,-0.73629019720098
USP12,1.3256626115914596
HNRNPC,0.2568339112078222
NMD3,0.6787011512610893
GTF2E2,1.105167092909548
ZFAND5,0.4660755434454887
RHOB,-0.9129178738995724
MOB1A,-0.6413151509138317
GBP2,0.5518226778144506
H3-3B,0.2209444239576699
LOC102724532,-1.2120372760242666
NONO,-0.3657316055210003
ALYREF,-1.3755576427269525
PPP4C,-1.007648698190595
IDI1,-0.4802459189985707
MRAS,0.7162687574913134
DAPK3,-1.2946628876475763
FAM110B,-1.319573615161994
RNF181,0.3822655346830404
GNG2,0.5288785757816142
NUDT16L1,-1.1535106873921412
EIF4E,-0.5493682657752454
CDKN1A,1.0141147551100056
GDI2,-0.3920745284379188
RPL3,0.2200930469621907
C3orf70,-0.8752412817708509
FAM171B,-1.0971640542606889
CDC42SE2,-0.9934108916873168
B4GALT5,-0.706984336522858
SERBP1,-0.4109782976049873
STMP1,-0.5779536422013509
ITCH,-0.6925381002204982
CD47,-0.7636782843213797
SCFD1,0.7122597613606596
COLGALT1,-0.8723947592974332
PRND,-0.8779469889492262
TP53INP1,-0.6693450444543303
IFITM1,0.6056011094854472
IFNGR1,-0.7731615570892152
YTHDF1,-0.8416133996021713
KANSL1,-1.0053347973373048
SEL1L,-0.8483244742066878
PFAS,-1.1196112386335093
MICOS10,-0.3608360787961161
PRR13,0.6817679747460765
CUX1,-1.0878752017127715
PIKFYVE,-1.0358796972103657
LEPROT,-0.5372165591467525
ATP6V1F,0.2651134043983437
DPYSL2,-0.5053188464478517
VIM,0.3511402826182865
METTL7A,-0.96373020285157
PRIM2,-0.8182560618067183
ABCA1,-0.818676456731425
SLC40A1,0.4669800837236498
NDUFV3,-0.5293625959650019
SKIDA1,-1.1994718318605735
UBE2N,-0.4268716413017276
UFC1,0.2531155616504627
SLC1A5,0.9791424876977908
SLC4A7,-1.0130353288688625
FUS,-0.9120103464712782
POGLUT1,-0.7653242795556784
PTRH1,-1.302914770349776
AP1M1,-1.3022424713928624
ANAPC16,0.2747473681588647
COL3A1,0.4198487128435314
CD83,1.0825204289924786
SERPINA3,0.6665998964893036
GLG1,-0.5037466079598898
RPL15,0.1988468158293429
APOL2,-1.020219806833109
TMCO3,-1.0794404764297238
LRRN3,0.6271545554815698
NF2,-0.917053032537345
TMEM107,-0.7047186558290922
CDC42EP4,-0.9045224770536991
DAXX,0.6940163718180029
REEP3,-0.7195223304531356
DYNC1I2,0.30982928973033
HCFC2,-1.265846040502253
CASTOR2,-1.0011311933922142
DPYSL3,0.8892541648977461
ELOVL6,-0.9053092004953656
EVI5,-0.8297441334470488
OSTC,0.1997967498132788
WEE1,-0.7568787074261831
SARS1,0.3379394129067869
EIF1,0.2615321672686763
EIF1AD,-0.901877941214322
SSR3,-0.4751119618059026
ASB7,-1.2112762530269452
TMEM159,-0.859453268223869
POLD2,-0.65836395975975
CHST3,0.7602604321991934
TJP1,-0.7505638008845595
SUPT3H,0.7815847705638405
CCNI,0.4147673398672137
GPBP1L1,-0.713953127299448
FGD2,-1.5953249961702136
SBDS,-1.2612969614423526
SPARC,0.2216362712475816
DEDD,-0.7295317318582474
XBP1,0.695252683944908
ZNF835,-1.3060270569201862
CHI3L1,1.487811333379179
NIPAL3,-0.7826941494107414
MLLT11,0.5987934201393841
ATG13,0.6172107667665441
MKNK2,-1.1003182422220483
ARL15,-0.8877616369848553
MED8,0.4881939511811072
TOB1,-0.8431197982930256
MGA,-0.940206325331933
TK2,-1.2066406234048273
COMMD10,0.5036557564647773
IGDCC4,-1.1898872945334182
GOLT1B,0.5431256412240203
FAM111A,-0.6809935274986794
RBBP5,-0.8567606749351606
SAR1A,-0.6079513143805831
TNS3,0.7879663886078689
MYL12A,0.2274527977015182
MARCHF2,-1.0763966706652712
NFIB,-0.657158174952647
EIF4G2,0.4494632810615551
PPM1N,1.1512846315224112
SNRPD2,0.2968352196461723
UROD,0.349578349939863
TPD52L1,1.0762401355557647
TINAGL1,-0.9247711378638848
PPIA,-0.3497194332326238
PAIP2,-0.5173927194031591
NFIC,-0.9499903958515772
SQSTM1,0.4917958740812472
SMU1,-0.6727791151098571
ARNT,-0.8610611348970085
R3HDM2,-0.9563841354600396
GSR,-0.7798019010792163
GATAD2A,-1.21165896984682
ATP5MG,0.2309950307006709
DTYMK,-0.8503723947643819
OTUD7B,-0.9372740452176168
MRPS17,-0.5138292424926285
USP2,-1.197839415123677
MRPL41,-0.6653828108242092
B3GALNT2,-1.0667671421733236
PGAM5,-1.0251475192278037
ZNF557,-1.0738763821955124
DNAJB4,-0.5897326902376884
JAM2,-0.6626071163269323
PGM3,0.5544731552329859
TRIM45,-1.1304716168618187
MYL6,0.306070154857213
PRMT1,-0.6000894708301572
CCNJ,-1.1733172728341263
ZNF516,-1.1156330732245376
CTSV,0.2957153421142527
YTHDF3,0.6263936974171047
PAICS,-0.3805700993465887
VAPA,-0.3514392747719065
RPL7,0.2888535229753964
EMC10,-0.711074550688365
COPA,0.4593796832161874
TMTC3,-0.7680245040372327
SFRP1,0.4902146347525245
PHF6,-0.6251686659428545
DNAJC3,-0.7139050471609243
PSAT1,0.4329044296091855
NDUFB4,0.2040938705614308
LYZ,-0.980330617332357
PBXIP1,-0.9057375376852684
THAP5,-0.7998114823423124
TLK1,-0.7142819959036837
CNOT6L,-0.8342968533771404
CYSTM1,0.3715222355152675
SLC35F2,-0.9236259166883424
UBE2C,-0.7974639227277256
ABCC5,0.7962667606105451
MRPL47,-0.3816731137723217
SKIL,-0.7014305913781249
PRPF39,-1.147291922431237
SUSD6,-0.889740576448304
EFNA5,-0.960948315176816
RANGRF,0.5179631462481423
TMEM128,-0.944021441335576
TRAPPC2,-0.7508898420564426
ANP32E,-0.7895080998555667
FAM204A,-0.5235283108219722
MIA,0.4487923210923989
SEM1,0.2101165761812354
AHSA1,-0.6418838454962702
AGO3,-0.9003307554178691
ORC2,-0.8179113928867031
MZT2B,-0.6789498312770827
PLRG1,0.4817579675790807
CTDSP1,0.8505952629992459
FOLR2,0.7710902631794021
PPP2R3C,0.5409493632494101
NFIA,-0.5921061554881332
FBXO34,-1.078924474290739
HIPK1,-0.7861011956245534
APOBEC3D,-1.2960617748398169
MATN2,-0.5399510080685284
TBL1XR1,-0.5437445711069393
RELL1,-0.7621060354395057
RSL1D1,0.4527821669445251
S1PR2,-0.8341045361732278
F3,-1.1806831259270854
TMEM209,-0.7734443663719632
QRICH1,-0.8030608941794837
TCEA2,-0.8905844005380329
PLAC9,-0.9593679655060734
DCTN3,-0.5351664764854369
MRPL45,0.3748234921110586
RNF152,-1.455173082630971
SOX9,-0.5754088532538136
FGD5-AS1,-0.6852613342119531
RBPMS,1.0695699476143286
P4HA1,-0.7224668225811295
SNAPIN,-0.5810169253780801
RSRC1,-0.8002916465346617
HIF1AN,-0.6658067414600313
TPGS2,-0.5338976521069823
ATP6V0E1,0.2365099345069653
CYB561A3,1.1891804612015655
IDH1,0.3924806859626183
MRPL27,0.3618869866083363
RUFY3,-0.7158745936728578
TXLNA,-0.5677791980508226
LSM14A,-0.5643224086572463
PRDM1,-1.2372534966249022
BCL2A1,1.1200560255084782
CBWD1,0.639614141110406
TK1,-1.323389478593992
C12orf66,-1.1607534151801406
LOC100507507,-1.152779052743127
COQ10B,-0.6926209746314363
ROBO1,-0.728982451156693
CDK4,-0.8223421551364467
ZBTB3,-1.1018992357215354
LOC105376805,-0.7726359987841781
LOC101927752,-1.2071146477961732
RUNX1T1,-0.6824875962142405
CAMTA1,-0.3716574649949597
FBLN1,-0.8456333345130371
ATG4B,-1.2352534759335023
ANKRD54,0.8726295485673621
RPS14,0.273056706360257
PSMA7,-0.3673983953165452
DCXR,-0.5609826338928856
NOB1,0.380118212277968
BRICD5,-0.8163687157720845
BSG,-0.5815006171409367
MSR1,-1.047420596405888
MRPL36,0.3201613258619252
USO1,0.6712173504771872
CTSB,0.3384718138367072
CD36,0.6283101697149889
METTL26,-0.6844030473240151
CPED1,-1.0265356540153043
IRS1,-1.1399423249563796
GABARAP,0.1807882609866276
CYB5R3,-0.9129043365535562
CSDE1,0.2920594257671796
LINC00674,-0.9205930408366
PDGFRL,0.9986735289865292
SCN7A,-1.1299409505408362
SYNPO2,-0.706684178733014
YWHAH,-0.7458611739315617
ARL2,-0.5895241615208608
NDUFA6,0.3021207156649991
SMDT1,-0.499302277609105
LDB1,-1.0793849783576668
FGF13,-0.9402261504782964
SRSF7,-0.2950663561353133
CCDC124,-0.900765310776179
TRIM35,-1.0499734960734082
RALY,-0.8851132163913793
UGDH,-0.6185457344006943
ATP6V1E1,0.2910421394989314
MRE11,-0.7821388401876179
GAS5,0.211289479941191
SAT2,0.3841568533079434
OAZ1,-0.5356564677427298
NDUFV1,-0.7223769681981653
SRSF11,-0.4966243962349003
H1-1,-1.3579880934136723
CHIC2,-0.7745865621117723
SELENOF,0.2907687009966348
BLVRA,0.5262890056997097
MSI2,-0.5834217850886867
RTF1,-0.470140345899824
CNEP1R1,-0.8787024508928732
HAX1,0.2307040687255422
LDB2,0.636749021202355
PIN1,-0.5460519772102264
ERO1A,-0.8040015051505018
TIMM23,0.3435087004980134
UBAC2,-0.9785634810041092
TMX1,-0.487775756732828
TNPO2,-0.7918321928208886
GNG11,-0.3837332813352163
CEPT1,-0.6958650220885031
SCARB2,0.4748623290868984
SPP1,0.6428196782857483
DNAJB9,-0.5946357080549961
PRDX5,-0.3826462766582489
ERCC2,-0.9471066678524372
FNIP1,-0.6957719304981069
LGR4,0.5965881271927483
GATM,0.3834803889125219
ANXA1,0.6177517056288117
INIP,-0.6116025752289954
NIFK,-0.4359625765966401
PDCD5,-0.3469740009555557
BRCA2,-1.116072766462727
PI4K2A,0.933138942797804
SH3TC2,0.8777292202298792
SELENBP1,0.6092643097587936
COPZ1,0.2059342296006956
ZNF280B,-0.5656976442490617
ATF4,0.549938739404639
COL1A1,-0.7205587715566161
PPT1,0.3337170419944448
DGCR8,-1.0332493013992128
CLEC7A,-1.1159943349919594
GPI,-0.3331360697599538
MTMR14,0.9678936744511945
NABP1,-0.8384174303178485
DCTN5,0.5175293642646576
FKBP9P1,-1.326348949368724
TMEM144,-1.1108818424928355
AUTS2,-1.0472565207394686
MIR4458HG,0.5489687081253096
STMN1,-0.1726139958478743
CENPM,-1.0618746737297404
DUSP9,-0.7403192708965968
DDX5,0.241125150807438
SEPTIN9,-0.8731538621822013
ILF2,0.3388764737635775
C2orf69,-0.7820652220911264
GOLPH3L,-0.4952439857167049
SEC23A,0.562214815030857
SMURF2,-0.717497684892465
ADAMTS5,0.7933583265737667
SEC31A,0.4310406202138416
SON,0.2928701252533738
LOC101927151,-0.927380622903732
DIAPH3,-1.1160898108330424
SLC2A14,0.9923911756899616
P2RX7,0.9653716250873584
MIS18A,-0.6238504136146309
CCDC43,-0.8334738334020632
SEC24A,1.0302936480803155
ACTG2,0.8096800367479956
ABRAXAS1,0.4759296745020236
DDX1,0.4687828687654912
MRPL42,0.4098105182544062
ZFHX3,-0.9051655366109218
LIPA,0.3656331038634183
PDIA6,-0.6543804099383927
AVPI1,0.7848083136741437
PEDS1,-0.9842668672156032
FAM234B,-0.7974744313002611
GNL3L,-0.7988435015861614
TNFAIP2,-1.1924706777856935
BLOC1S3,-0.6974588713490896
SKP2,-0.8142898871155554
MRPS21,0.2167343341558451
SEH1L,-0.5663552295765889
TRMT6,-1.0138276280406493
CARS1,0.6851178666178783
TBCB,-0.4468444453747249
SNIP1,-0.9381083072842432
MIER1,-0.5881430864961167
ARMCX6,0.4898009790447038
RUFY2,-0.8680024711920843
H2AZ2,-0.4748088095890765
AK4,-0.904848387118674
ATP5MF,0.2449492015921018
CNOT7,-0.4325714653770875
RBM7,0.4973024721833497
NAP1L1,-0.3453059592215231
MFAP2,-0.4532991148043524
CLU,0.3848129208263008
ARL3,0.2827725773956424
CDK2,-0.8348986289384264
NHEJ1,0.5819827485791235
TMBIM1,0.7079471299414694
FRG1,0.3622483078150146
LAMP1,-0.70223274981303
LONP2,-0.619035960972792
SLC39A3,-1.0287229797338042
ERBB3,0.6291182591092979
ZCCHC18,-0.8871150219431378
CALM2,0.2342833916456183
SNAP23,-0.384101193775848
ZNF302,-0.8876585563405406
AXL,-0.6544528586256335
DYNC1H1,0.5821823860864385
FCHSD2,-0.906233953686697
MPLKIP,-0.6963518450598477
NDUFB7,-0.4630192573627232
NDUFB9,0.1434274976305547
RPS9,-0.6334038767637731
GTSF1,0.6021235506057595
VPS72,-1.0186552704067595
LOC100421372,1.0541076760054435
ANAPC13,0.2646251114385162
PLEKHB1,0.9941870179335178
PNKD,-0.3710493722105737
CAMKK2,-0.7695430630163276
TRAPPC12,1.1176236856476591
IP6K2,-0.5012530793850674
OLFML3,-0.3147810619503485
ATP5F1A,0.1665112643964487
FOXN2,-0.7774753682262772
MSANTD3,-0.7375938963030373
SBNO1,-0.489865076717824
LRRFIP1,-0.7574480373085543
PDZD8,-0.875118581269613
HIGD1A,0.311607488975413
RAB3D,-0.8226177247443375
SELENOW,-0.2822066756648441
INO80D,-0.9140080285346492
SRSF2,-0.6023931663949484
H1-3,-0.8113830692565903
RPS12,-0.4821258366486718
HMGN5,-0.4997294601912924
RBM42,0.8865442670806192
TRIM44,0.5644160970899029
ASAP3,0.9180995702212426
PDE5A,-0.9005804400683975
PHB,-0.3040381576747374
SFXN4,0.4859911713304886
TIAL1,-0.6527058089019019
CD34,-0.9609872321053694
FAM104A,-0.6578115000243672
BICC1,-0.8534857529639149
PSMD10,0.3477049085573607
ANKH,0.720818991741903
INTS7,0.7605807538623047
RPL22L1,-0.5012693387737991
MYNN,0.6390994028510985
PROS1,0.8812156662176407
ZNF284,-0.8810644900576076
ZNF850,-0.9119520767516504
MAEA,-0.8799116000553747
RNASE1,0.1644000982028536
ARSB,-1.0291247724142742
LYRM4,-0.232369614550533
NUP43,-0.8067839365623448
NFYA,-0.9569817098144242
BRWD1,-0.5341681084749911
FKBP7,0.4301869997990485
C16orf91,-1.0822851350190563
SSNA1,-0.6324277752170856
XRCC6,0.2510398672113582
NUTF2,-0.3004996813501067
TTC1,0.3578343440480828
ADIPOR2,0.6690358745014015
MYL12B,0.1646721567993574
NAXE,-0.4185833586568848
CAV1,-0.4041948777261228
FAM104B,0.4648788563084555
HLA-DMB,0.6176764285010469
MED19,-0.7871995163422457
NUP93,0.4952169532949243
RMND5A,-0.5491839013339492
BCKDK,-0.9566193080677629
UBE2R2,0.4282570124702768
CHMP4B,-0.8021570984024996
PHC2,0.7590512252012337
P3H2,0.7926041154693563
GLMP,0.3360960554439553
PPFIBP1,-0.6847153575090147
SQLE,-0.4942327843386374
ITPKB,-1.0764615579956354
SLC39A11,-0.8467885104667104
CHI3L2,1.1474883842967396
SPAST,-0.832946206724854
KANK2,0.672702215957379
CCL2,0.615413001619234
TRAPPC3,-0.5321724508160859
PDCD11,-0.8109664685972178
GARS1,0.5421638738957486
HIF1A,-1.1682902550450365
ARHGAP20,-0.8077902028857236
DPM2,-0.8317564025847508
TMEM183A,-0.9327666307716184
MARCHF6,-0.493082954786008
RDH10,-0.9416717676020904
TP53BP1,0.8516198554436242
EGLN1,0.5342440972427789
SNF8,-0.6082764480072775
C6orf62,-0.5956442024526084
ATP5IF1,-0.6028755014507515
CYBB,-0.9574163905386652
LNPK,-0.7235369446581887
LMAN2,-0.6160624351990185
PLAAT3,0.2886237347234459
DAAM1,-0.7490156432032141
LIX1L,-0.6368200806350887
GSTCD,-1.163776958193319
PSMG3,-0.6033720064096773
GXYLT2,-0.8363393173751723
TIMM22,-0.6519364881944374
GPN1,0.4954684778921152
ATP5MD,0.1749745659924593
SLC30A7,-0.5863942467165848
UXT,-0.4354976592232346
ECI2,0.2788861478053349
SLC38A1,0.832871537257387
ETNK1,0.4348171500637632
DAP,0.9514976479554514
PAGR1,-0.5939009158286594
DCAF4L1,-0.878394167386631
MRPS6,-0.5279081864153978
ZC2HC1A,-0.6104502956108873
CENPU,-0.9909982385819742
TTTY15,-0.5066077695708266
GHITM,0.2326797169201393
EXOC4,0.4959458366159235
BRD4,-0.7128296597094007
UQCR10,0.2559881162854762
MTMR11,-0.8214551395384808
PGGT1B,-0.6603279883132578
SORT1,0.7054527737892923
DYNLL2,-0.7581877348041149
PCMT1,-0.333252805008709
PTPN6,0.6970001166522828
YWHAQ,0.3157735798901243
SAMD12,-1.0811772032148914
FN1,0.7124668260356881
ARL6IP5,0.2825140619001634
DIRAS3,0.4816552496761906
NFE2L2,0.3749473036973413
CDR2L,-0.9032463849161526
RTN3,-0.4596137402490842
KARS1,0.3059119934217005
CYB5R2,0.5057498495742548
ENO1,0.1725388121979022
HINT2,-0.6219054669975459
MFSD14B,-0.6909750320709185
OTUB1,0.2880947493759606
UBA52,-0.2988809953793125
RANBP2,0.6253186009704397
RPL39L,-0.8446258804569279
IDH2,-0.9716025363824412
DR1,-0.5582700451797157
GPAA1,-0.7700042516360448
JPT1,-0.4442153057993383
PAFAH1B2,-0.5273325861125215
RPS23,-0.3594942499789633
SIVA1,-0.4807175561645232
PABPC5,-0.9420916994374828
IGFBP3,0.9446141511292354
SAMM50,0.3507791401016598
CAPNS1,-0.4296029250158023
JUP,0.7806663420307212
BUD31,0.2955688206668506
C1orf54,-0.3595116421859258
ZNF33B,0.4659816774000632
RNPEP,0.6126808120989723
RPS15,-0.305723958780067
BEX3,-0.258670953192311
TRIP6,0.9408211058332788
MCFD2,0.3718444111021935
EDEM3,-0.6970617401263117
STOM,-0.4385099906806884
QDPR,-0.5450767014292612
PPIF,0.4733974269189409
SRSF3,-0.1793861440133567
FDXR,-0.6119998309298669
TRIR,-0.7117276369144278
TBC1D24,-0.965859888315332
YWHAZ,-0.2127152379603875
EAF1,-0.8410973253404703
SOX12,-0.8848228901681374
AKT3,0.7461775129014859
KTN1,0.4710998962535348
RPS14P3,0.5768487158744267
CWC22,0.5995548193417357
ZNF420,0.7592634539111173
RRP15,-0.540577957484232
CRYZL1,0.5870511696393717
MIR1915HG,-0.87515487666835
NRBF2,0.4789074619617788
PRPF19,-0.8783896321524894
CNPY3,-0.6291266955088002
POLR3A,0.7868728449602348
FAM172A,-0.7655913710371844
AKR1C2,0.7425779858620106
ANAPC7,-0.6421056916105696
RNF122,-1.0557236767601916
NASP,-0.4446554101951236
KMT2E,-0.5704411627863243
PSMB5,0.1411030514829266
RHOC,-0.4832740533286979
CBR1,-0.580179632298113
HAUS5,-1.166433969161046
EFR3B,1.0110680161996497
PIP4K2A,-0.8034157625532158
TIMM50,-0.4972881968370701
ATP1B2,-1.0431874092779831
RNASET2,-0.8940692168130522
LYPLA2,-0.9028663044657848
ITM2B,0.3230823103660079
RPL27,-0.2972944407225584
SAP18,0.2211800727483801
FUCA1,0.5226338537936407
ELF2,-0.6105663441734215
EPPK1,-1.1831920687137645
MCRIP1,-0.7140515180272017
RPS24,-0.3726030802412866
SNHG19,-0.6790677793081754
TTC39C,-0.6659430065638846
ARAP2,-0.5056363578777653
CTNNA1,0.3473513539167946
LSM5,-0.1953903447583717
LSM7,-0.4214688860452502
RPLP2,-0.4806900536757829
HSD17B12,-0.4933086133119422
RPL37A,-0.3677876527325096
ZDHHC6,0.7440946069795867
CLDND1,0.3787152649806787
DDOST,0.2830531273611469
TGFBI,0.4617132822005054
SCARNA9,-1.3297556589063828
CACUL1,-0.5044182900573655
TMEM134,-0.5105349430839622
ABCF3,0.5676840878636744
DHRS3,-0.5387007348501576
EMC3,0.2762331909103815
IRF2BP2,-0.4645309348162544
SRPK1,-0.4289668870777503
CANX,0.3021491476192054
SMARCA5,-0.4605002258405375
KCTD9,-0.6140448489214151
NOCT,-1.1410968493841918
NHSL1,-0.9768639650991372
CLEC4M,0.3491352304788775
PFKM,0.3735017223722398
RPL38,-0.3636020621055831
STK4,-0.5989872308551154
DMAC2,-0.6399693769430702
PLCD1,-0.6182180913373712
C19orf48,-0.632487863755363
G6PC3,-0.6608709365167841
IFTAP,0.2891436480714209
NUDT4,-0.9629498965672774
CDH2,-0.5173111849905192
KPNA1,-0.6072376997424386
MRPL18,0.2515720932656707
ELOB,0.2259151054421324
PAFAH1B3,-0.4875975606313007
IGFBPL1,-0.8287096732138486
CFH,0.6977195021466421
MMD,-0.6514051263034675
ZC3HC1,0.4462132731160339
FADS2,-0.7361982613136604
LASP1,0.5057703727402996
TRO,0.728154146390454
NAP1L4,-0.4906013473372046
TMEM208,0.2266941679676047
KIF21A,-0.5001488028499463
SLC29A1,-0.8458672066845822
RPL37,-0.4384018810450875
TOR3A,0.7538200840163055
ETV6,-0.9274492407520304
HK1,-0.7103769073455533
UROS,-0.7292356997975997
RNASEK,-0.5191865186629987
ZNF562,-0.6879939471021062
C8orf33,-0.4967838324641564
ZNF333,-0.8455718858145307
COL6A3,0.8049851243712738
POGZ,-0.6103089773703754
RPL5,-0.3998699712106247
ZNF883,-0.9258296395337852
ISOC1,-0.574717855976259
CRBN,0.3693799600536228
TEX264,-0.6672322968817752
PTBP1,-0.6238290588186798
PTEN,-0.5283646454860983
RPL28,-0.4067072210562741
ZMYM3,0.694619722994134
DDX6,-0.4432685643505518
HINFP,0.6999642773965408
PSMB1,0.1334298692526748
RNASEH2C,-0.556973040628408
CUL3,0.6071018156267541
TOMM5,0.2239095310027569
RPL36,0.1114802773350321
PRDX1,-0.2786097909549695
HDGFL3,-0.4984164607426187
PEBP1,-0.5905811922847521
NPM1,0.1472287252257486
SEPTIN6,0.3401116828418632
SPNS1,-0.8481567382616074
CERK,0.6761738339116227
DNPH1,-0.4331002250253026
HEG1,0.9002585866739883
DPP3,-0.6710290816937222
RPS17,-0.3366973900449948
CTSS,0.425795122248137
DDAH2,-0.6165609511162794
DLGAP5,-0.6892248999287448
PIFO,0.5829682791052009
EMG1,0.2933571841063926
MICAL2,0.6048148421450081
PRAMEF27,-0.8082091105504896
ATP5MC3,-0.2433941115585972
ADGRG1,0.6346110123530387
C1orf53,-0.6277824556673819
NCKAP1,0.3877874479762768
TMEM263,-0.5635787220123019
TMX2,0.2749683513642399
TLE3,-0.9514311076011536
UBE2J1,0.6109261990004191
CRIPT,-0.4187898678034476
TM9SF4,0.5205453368927294
TPMT,0.5787600462319298
MTF2,-0.4356749849807853
FHL2,0.4270176583643542
FOXP1,-0.5823445907795672
SYPL1,0.2392071436843874
FKBP3,-0.5205979432112737
AKAP7,0.7702709028920729
CEMIP2,-0.5858118917929785
SLC35D1,-0.6792344333398985
TMA7,0.1668806913196317
ANP32A,-0.5486639465206343
UGGT1,-0.7192056019130744
ATP5PD,0.1817009012678034
TMEM126A,0.331104151448185
UNC45A,0.7455063613573144
TMEM222,0.7314697193214114
UQCRQ,0.2075238497929042
CAPG,0.5300152707269381
RPA2,0.2515600100485896
STAT3,0.4848940286221835
ABRACL,0.1893110998079638
HSBP1,0.2269107185554264
COX6A1,0.1494897539033164
CD81,-0.4864102864088419
GOLM2,0.4729379690989752
SEC24C,0.5364772044604919
SNHG6,-0.4884957332452986
ATG9A,-0.6110440248022905
LPAR1,0.6808146648571266
STK17B,-0.7706813203907988
ERCC1,-0.4900575935762135
AATF,0.7455179105329384
C1orf35,-0.8379909112240204
H4C3,-0.3637311179803251
C19orf53,0.1501357818110708
ARCN1,0.4549207018907406
RASSF8,0.7547629468449171
FDPS,-0.3067621797326633
PSMA6,0.1508598232508162
PARP14,-0.6870652542540269
CADM1,-0.3679123495198231
TPRKB,0.2216606453063835
SLC27A5,0.4898088042631195
NEDD8,0.2053712521055185
TRMT112,0.1306330958991358
RYK,0.7981538653836528
CLEC2B,0.7247576285442282
FEM1B,0.4124719248521714
FSCN1,-0.6777552583477692
LMBR1,-0.4795139222971981
PABPC4,0.5852099163022746
RAB21,-0.5107630410999737
RPL30,-0.3781382100791052
TGOLN2,0.6035062829583137
TMEM98,-0.2395445216426421
ZNF451,-0.4985079464401864
CCDC167,0.2783631689308083
MRPS23,0.2632609264217913
RPS27L,0.1767014388973618
NHP2,-0.3424551497095877
LAMTOR2,0.2721164476292004
DDB1,0.3327261179335933
DSC2,-0.5821734215095192
CCDC127,0.4039256182931283
OGT,-0.4448004782149304
SAR1B,0.3334467259702877
ARNT2,0.5808277564726235
CERS6,0.8906094170617733
PLEKHO2,0.8066991564038215
RPS19,0.1037143169086429
FOXO3,0.3923902614223964
SDHD,0.3372635145440208
EMC7,-0.3659264583345308
MRPL24,0.2912984244385223
SEC24D,0.6366358636135605
IRS2,0.7346333736415384
MYH9,-0.4610025962880777
CBR4,-0.4641993194882967
ZNF613,0.8316982474442054
CEP97,-0.7859892412072911
CYP1B1,0.3741967235003642
VCL,0.3362966957367848
TMEM184C,-0.5097301347617809
EPHX2,-0.8226458705167383
CHRAC1,-0.6201862615517505
PRKACA,-1.4241898705362708
C3,1.200200428177721
GNA13,0.4505021637974635
IVNS1ABP,0.3632244974524454
LIN7C,-0.5295316769130551
ZNF395,0.661883360130883
AEN,-0.6396122356002765
TSPYL5,-0.5663724283789757
MMP2,-0.491226453133508
KLRK1-AS1,0.2462231402203091
ATP1A1,0.3292445503284033
CD9,0.2422411181734406
ELOC,-0.2316733092078978
PEPD,-0.6847478033776353
NSMCE1,0.2218117126988147
HDGF,-0.7347061440208141
TMBIM6,0.160882631307537
LARP4B,-0.5004622199931423
DECR2,-0.9812002570131748
MIDEAS,-0.6826643709501159
KLHL28,-0.5762272144933176
BCAS3,-0.8899428303254653
VPS13C,-0.6175543720089149
ZNF697,-0.7522626486247871
SDAD1,-0.4308709500338586
CANT1,-0.7573409417415659
RCN2,0.4814475749237474
ERGIC3,0.1250341427835992
NARS1,0.3080009004811375
EBNA1BP2,-0.5240070194997625
HARS2,0.6358318881719736
DERL1,0.500948549343335
FGD4,-0.6361989243021171
MARS1,0.4826601565773639
HLA-A,-0.4825967214124966
CASC3,0.5650377841569783
RAN,-0.1047810001541734
VGLL4,-0.97988712135979
COX7A2,0.1612639052487088
CYRIA,-0.7982216285497183
TRAPPC2L,0.1706938893599371
HS6ST1,0.7002860922513547
SNRNP200,0.4083733266859836
TMED10,0.1936943867398236
PLAT,0.6146423617583823
LHFPL6,-0.5405168015020824
CLPTM1L,-0.830206277619721
CLTC,0.3264521015545781
KIDINS220,0.5829833222022135
PTPRD,0.4873093558377174
VTA1,0.364951498463566
ATXN7,-0.8402355519468963
EXOSC1,0.2933076198641902
ACTN4,-0.7685188359858196
NR2F2,-0.3487634315181978
MOSPD2,-0.7616813698078573
SUMO1,0.2920059533027302
NFYB,0.3942742200513355
FMR1,-0.5635433604236528
RPL27A,-0.3393217898047717
RPS20,-0.2548043330460286
ITGAE,-0.3916296651407687
ENHO,-0.7265162062272723
KIAA0825,-0.7872900991336058
LY6E,-0.5427586010018111
PNRC2,0.2554986425267383
ASPH,-0.7530584530425333
CUL5,-0.4927693878324175
COX15,-0.3966410245918594
PDAP1,-0.4961116704299991
ZNF805,-0.635750820040135
SLC39A14,0.4233311551021341
SARNP,0.237549579816646
VPS11,0.4813300167444554
ITGB3BP,-0.2821475995023033
ETFRF1,0.3470961494728277
CCDC58,-0.5891629939848432
CPSF6,-0.5560190375774022
LAMB1,0.5063292531015061
COX6B1,0.1107026024369718
ZNF555,0.6039520674168366
IK,0.3202184269299153
LGMN,0.6919407730176114
VPS26B,0.6861655571821379
ZNF518B,-0.5617431162475484
PSMB3,0.1732569520627593
TMEM167A,0.2082915821201676
ZNF124,-0.6126195804038906
CBX6,-0.5821366730597906
EEF1AKMT3,-0.704386015021662
DPM3,-0.3443279137261984
RABGGTB,0.3048111784525992
BST2,-0.675269835434763
RPL14,-0.3738363601090165
FAM118B,0.3864224522197347
HADH,-0.2697786134780341
DLEU1,-0.4517785317925052
SSB,-0.2532750679686351
CNMD,1.070153666409526
C1S,0.4588982479011113
METTL1,0.5541669668345018
RNF149,-0.6282317429953544
STIP1,0.3530023671289909
C11orf68,0.8039687740746764
MGP,0.415929546675183
CWC15,0.2548677322960176
MRPL35,0.4175583521588163
A2M,0.5490598080308321
KPNA6,-0.3217699407740929
MRPL28,-0.5238371735965135
TXN,0.1712520990270717
AP2S1,-0.3295764815359057
HSP90AB1,0.1177255409387756
CARD8,-0.5355431641791176
DBNL,-0.5357536338091647
AMMECR1,0.6747803368580741
ETFBKMT,-0.7254087142782916
DNAJA2,-0.2773440759247381
DHX15,0.3157327636676301
EIF2A,0.2966056096718613
FZD4,-0.7368903444563539
APOC1,0.2797294168433827
RTCB,0.2710106820776197
PHC3,-0.681668340792268
RHEBL1,0.7009868765094928
CDC123,0.2939214373205833
EXOSC8,0.3736753168450263
PRDX3,0.2222935193206929
RPL22,-0.3486894532457221
UBQLN4,0.7194990459037551
STEAP1,-0.5608267070922034
VPS53,-0.7193737978074977
GNS,0.4319748939833164
LAMTOR5,0.1787792204690914
CDK1,-0.3618135073923427
ATP5PB,0.1458946623874259
TMOD3,-0.4333014853447307
ID3,-0.4725499806778121
USP9Y,-0.7299744735723582
MRFAP1,-0.4246287541485474
ZNF675,-0.8074864475338106
MAEL,0.6375969395533045
MAN1A2,-0.5238378132097741
SLC7A7,0.4612481817657188
THADA,0.6398187900887691
ZNF397,-0.6359942268581646
ZNF595,-0.5958073959080742
FDXACB1,-0.6713035202941143
PTMA,0.0764267909920247
CASK,-0.6729693573121343
PSMA2,0.1326338395042298
FAIM,-0.6625236596923104
EEF1A1,-0.2471623774781426
NDUFB5,0.1516340874748398
BTF3L4,-0.2007695026398689
DNAJB14,-0.5622307172685913
AHNAK,0.5891822062342406
AK2,0.3414874426011692
SNU13,0.1342460669226553
STX16,0.552967353625861
ZNF709,-0.7462786314429606
ZNF24,-0.2713941737161642
XPO1,0.383589563989495
COX11,-0.7770160855965575
CDK2AP1,-0.3811370467771553
RPL18,-0.3073052268667254
CERS5,-0.5662593689507306
YAP1,-0.4677910232404345
BRI3,0.4931309666419544
PEG3,-0.2622392638372282
YME1L1,0.3914055403761196
MFGE8,-0.6612289428926719
GPRC5A,0.4812036781008345
MRPL43,-0.2861528199540303
TMEM60,0.2477248808973525
ARMCX3,0.4444742587461801
PPP1R11,0.6276208028053845
SNHG16,-0.184921463284709
PPP1R14C,-0.6411957764194217
FMNL3,-0.5463382071421578
TUFM,-0.3393952651508226
COPS7A,0.3920538972918445
RPL7A,-0.2297320542504332
SCRG1,0.5085707332421144
MTHFD1,0.4315351378968718
CYTH2,-0.5323510040798697
ZNF689,-0.7967868013070465
NME2,-0.4711754322026371
RAPGEF2,-0.7142696314323306
DYNLT1,0.1568570243557703
HLA-DMA,0.5247271200519621
SDCBP,0.2178804464479804
TAOK3,0.5705416981577071
ETHE1,-0.7644417222997262
LAMTOR4,0.2256162593179244
RFT1,-0.5802290813269668
CETN2,-0.2394649589335825
B2M,0.1527977047837471
SMAD2,-0.3451922940998864
CXADR,-0.3441971244028657
BNC2,-0.4612241556412318
PPP2R5E,-0.5105487355293358
FICD,-0.8662236121158727
DNMT1,-0.6363900758607465
REEP6,-0.4203915326687285
TNFAIP8,0.6878595543408393
EEF1AKMT1,0.3762249240513495
LPIN2,0.4708478161408803
SAP30BP,0.3666769890413516
BARD1,-0.4742154594320383
MMS19,0.3997832830758205
OS9,-0.4973918878291862
HLTF,-0.5783785931844972
TEX10,0.4090439252210968
IFRD1,0.6707841429821725
NUDT21,0.2468676733753082
RBM18,0.4080098938696509
STX8,0.2863400185538471
TCF25,-0.5733710414405819
TMEM170A,-0.4445607347302193
UGP2,0.3110033693015578
WDR92,-0.5858574959936239
CHURC1,0.1699377828306978
TMEM167B,0.3890507434558442
TMEM150C,-0.5406835704353332
GLCCI1,0.7805701554977903
RPS2,-0.2644753240854188
CNIH1,0.1468643555141588
SELENOH,-0.389975593749001
CHMP4A,0.3739301338377636
GATAD2B,-0.5112466690123973
RNF4,0.3421414940628708
SRI,-0.2859796880507605
ANXA7,-0.2867300670230918
CD63,-0.4982966707797458
PTN,-0.5127252564945312
TMEM39A,0.439778114117853
SNHG32,-0.4577914439503373
ABHD4,0.3572332817090707
CLIC1,0.1623469684031462
COPS4,0.2360155115342291
GMPPB,-0.6923961104160191
GNPDA1,0.2529412592748137
NUPR1,0.5065821164626079
WWTR1,0.4008823470780676
RPL39,-0.3001755281267892
PARP1,-0.4050684785244553
NDUFA12,0.2728905128908414
SNX17,-0.3091878185576686
VPS35,0.1848590235034334
CKAP2,-0.4114426207336147
P4HA2,0.3472512824230794
CASP6,-0.5260670756495887
MS4A6A,0.4343812002868398
RAMAC,-0.2531838503054797
RBSN,0.6452687490256152
SLC25A6,-0.2743274812194579
PAPOLG,-0.6042593824850341
TSPAN14,-0.5234317389748098
ATP5PO,0.1056740758990603
CXCL10,-1.6826295564832918
RIT1,-0.4822904712992536
MAD2L1,-0.3635698726994255
BIRC3,0.6905529001440742
EPB41L2,-0.5343440702504519
HAUS1,0.2853212491705001
DDIT4,-0.856533911111919
MAD2L2,-0.6756090777181621
SNTA1,0.7186505831734661
TARDBP,0.312463101003426
NDUFA10,-0.4252246110443182
TBCK,0.5837943509537198
RRAGC,0.570936680996787
MAGEF1,-0.6487775118616731
LACTB2,-0.5770927453583818
BCAT1,0.4690516889341469
TENT5C,-0.4856822337248929
PET100,0.2269669056375904
BROX,-0.4536463755623225
AARS1,0.3564805616458906
FXR1,-0.2829452192709926
GSTO2,0.4035404746473269
MEF2C,-0.4422036127266182
MRPL53,-0.2836197160547012
VPS29,0.2502431051753074
C17orf75,0.5741406892744711
NDFIP1,0.2492734590636009
STRADB,0.7775371143549153
METTL9,0.4111191038591321
AEBP2,-0.4969891199453231
GMEB1,-0.8133633741491675
PCAT19,-0.4234842117753157
RALB,0.3952412723460751
UBB,-0.098090480848481
ZNF717,-0.8763048347469068
MORC4,-0.5202382663653392
NKAPD1,-0.4952792174256136
PFDN2,-0.5059029674994955
ZNF330,0.3533503633612389
BCAS2,0.2815933165549562
PIAS2,-0.5603153763825812
HMGCR,-0.3270296328542286
MRPS36,0.2431642904585713
RABEPK,0.3709217006529242
RPS10,-0.3691125674231891
COA8,-0.4931720736562637
ISCA2,-0.4243905660890593
DOCK7,0.6402204734887362
HNRNPDL,-0.1232606225299222
PITPNC1,0.8410656012398567
SH3GL1,0.8118325317660007
VSIG10,-0.6452455205914109
PRRC2C,-0.4274974199162519
SURF4,0.3159712991765862
MRPL39,-0.3831856645296269
ATXN3,-0.448349163903613
SKP1,0.1142026618235135
HIGD2A,0.1709151268233077
PRXL2A,-0.2200278323254209
RIF1,-0.4824068719257836
PKD2,0.8609913726264536
RPL4,-0.1115394568074407
IFIT1,0.963545039773916
COMMD4,-0.4472409514629274
RBM25,-0.3443750186783618
RPS26,0.1202081949621508
EIF6,0.1859525361791669
KRT19,0.7394286788733702
STT3A,-0.3512647645480324
RSF1,-0.4887308271723073
DCAF11,0.5559293839120549
KLHL20,0.5174001340125162
MED17,0.6199786135596981
RIOK1,0.4594824559334872
TSPAN7,-0.3243361576347188
DDR2,0.4808151534116199
GSTM4,0.2904202802297432
HOMER3,-1.081492489707022
S100A10,-0.3220926452184451
SEC62,0.1829785048409033
TRIM38,-0.6567219653239925
LOC339803,-0.492468430689907
MRPL12,-0.4783437527973264
MOCS3,-0.670525361934996
CNRIP1,-0.5007725767719835
PSMC1,0.3046698699192558
OPHN1,-0.7266072511557974
RNF167,0.4622855969241642
SNX2,0.2898654845572029
FAM114A1,-0.4198415008176747
UQCRC2,0.148731258274285
LTBP1,0.5123000105333837
ZNF662,-0.6534195958112122
LRRC47,-0.5253140819358488
TTK,-0.6940132684575457
ING1,-0.6064883042623929
CLSPN,-0.864839857263527
AASDHPPT,-0.2726223582828331
SEMA6A,-0.3924159320816773
TPRG1L,0.5740208835844949
CPNE8,-0.7183688189300437
BAD,-0.5418367857481169
GUCD1,-0.410564945761373
HSP90B1,-0.2706183743177636
PSMG2,-0.2500974514004335
TANC2,0.5300578087140664
ANKRD36C,-0.8121643761010927
C5orf51,-0.5575166842437054
ITGB1,0.2630246337311584
ZNF239,0.6457823065642163
ODF2,-0.6552244262132385
GSTK1,0.2198603687207747
IARS1,0.2866780016377607
NFX1,0.5314247923587433
S100A13,-0.3143886731355313
APTX,0.346470890112513
PTPRF,-0.598453821812926
LARP4,-0.6253473217982237
UNG,0.4923717024472603
GFM2,0.5288761413154337
SKAP2,0.4945225682691746
MRPL4,-0.6233229596705063
LCORL,-0.6485112741665064
ZNHIT6,-0.5642313731383672
WASF3,-0.5945213717697581
ZYX,0.6966059613070716
POLR3H,-0.7481099835730658
FXN,-0.7375535434947161
CDH11,-0.3570724990159745
IGF2BP2,-0.7846026144652412
PSMC3,0.2478120128882307
SMIM30,-0.2854663106542319
LINC01116,0.3445862824430697
CXXC1,-0.74019671655399
EIF5A2,-0.6203871542586324
TRAF3IP1,-0.7952181351844421
NME3,-0.7119958845360568
MRPL17,0.1943427829324145
GSTA1,0.1143162736752251
PKP4,-0.5454493777049159
MBOAT7,-0.5457615784645206
RPL9,-0.256533770206785
MRPL34,-0.4268082578577628
CLDN5,-0.5175929292633684
RAF1,0.6847825940466185
UBE2Q1,0.6268504968666548
CUEDC2,-0.4329873481163943
HENMT1,0.3914552388488314
HSD3B2,-0.5543892742805673
SOD1,-0.1390462066050156
RHOBTB3,0.2557091808831059
USP39,0.4820111532446933
MTG1,-0.5521453595205299
BAG6,0.5863768924918302
ERGIC2,0.3049651910069936
MXRA7,0.2579740366737824
PPP6R3,-0.3893496824691694
PTK2,0.4292547473186087
RIC8A,0.5264021753018224
RPUSD4,0.4098878102109952
RAP2C,-0.4067122087380784
TMEM33,-0.387469902195048
MRPL52,-0.3902394558944929
PDPN,-0.4294026418245515
NCBP2AS2,-0.5257054876174407
PKM,0.2307374500132535
ATPAF2,-0.6785315895701834
ZDHHC12,-0.6259623848410182
GPM6B,-0.6188712096052184
NOL4L,-0.5135783414928979
SZRD1,-0.5448020626721273
EIF4H,-0.3669106459520439
CDV3,-0.3982942921642743
IGF2BP1,-0.6252154616963864
SCRN1,0.3424613980498339
TMEM185B,0.6125589777083639
UNC119,-0.731497132861377
ATG101,-0.4420899113024147
BORCS8,-0.6811304107989976
MFAP4,0.273599668833912
BBS2,-0.4649241290646655
TMEM165,0.646867086948942
CWF19L2,-0.4832913908967901
UBE2K,-0.4536586657432054
ZNF260,-0.4433406963447313
CHMP1B,-0.3160330433024179
MPRIP,-0.5333071892349988
PIGS,0.4781989838337676
RPL13,-0.272677781377349
RPS8,-0.2239066513397567
SGPL1,-0.3720207649045569
GAPDH,-0.1543221816050642
IFITM3,0.1759877880527308
PNPO,-0.5303342173076254
H3-2,-0.733753774182664
UBE2F,-0.50652985691453
MTFR1L,0.3401458661819497
NDUFS1,-0.2911932698470133
RALA,-0.3508888040577064
RARS1,0.3051482305592621
VAMP8,0.2755202802717413
NDUFA11,-0.1634326893551879
SNRNP40,-0.4956423821748924
ABCB7,0.3242527032629823
TDO2,0.8773851946799417
KLHL12,-0.5467157107894275
CLCN3,-0.3901524954345836
CDK6,-0.4501941609804802
NCOA3,-0.5037180812432924
WDR83OS,0.1261346538283027
GALNT10,0.7289593953068797
ZNF252P,-0.6450287564370968
KDM1A,0.4444488748757978
CAPN2,0.4885308231311108
ING4,-0.2438396172881127
SNRPF,-0.1701412344582731
EIF3J-DT,0.6638930510911313
PRNP,0.2415891612444191
SMYD5,0.6159591049808516
ZNF770,-0.4780348846558818
ZNF217,-0.4708719811918908
SETD5,0.5079057715207266
ANAPC15,0.3560336816936705
TOP2A,-0.401403982653865
ENPP2,0.6459098268177733
UBE2D1,-0.579995692297244
RPS21,-0.2730889288802615
COA1,-0.2787976248757147
GTF3C5,-0.6675437237289407
HPRT1,-0.2772538261394026
PTPN1,-0.7811592991445755
RAB8A,-0.4724191665729904
ACTR3,0.3307168969300627
EXOSC4,-0.5841692225315192
GLYR1,-0.5512780373357181
COMMD3,0.1734534829556493
SSR1,0.2345554415886735
UBE2G1,-0.5285354015005223
MOSMO,0.7064189696896788
ARPC5L,-0.4678833974782245
PSMA3-AS1,-0.3968816378549973
DNAJC21,-0.6925464958613619
HNRNPD,-0.4106058143289006
MTLN,-0.4517836979368985
PIR,0.2837362592342679
RERE,0.4758890350298572
NCOR2,-0.773104617513966
NOTCH2,0.2868239844969557
SERINC1,0.2066597677249433
PARD6B,-0.4241259013878716
GALNT2,-0.7349114520822503
FAAP24,0.7411226959763505
FAHD2A,-0.4309103298448804
WDR33,-0.3408035694140783
COL5A2,0.4552633426743092
IST1,0.1875586725056744
SNX11,0.5764173575671376
RRP8,-0.5653605454478996
PWWP3A,-0.6865529665564559
AKAP9,-0.4080765147750704
FLNB,0.280471709987037
GMPR2,0.2508086061735516
NDUFA1,0.1247201428280529
SEC61B,-0.320310744040682
SPC25,-0.6347731360786443
SNRPB2,0.1146169117356721
HM13,-0.5786633374432603
ZCCHC3,0.426507712280998
TUFT1,-0.4389783985296763
OST4,0.0961497738604508
CEBPZOS,-0.3155066352366754
KDM3B,0.5307740503887038
DACH1,0.521171334965049
AP5S1,-0.7104994416588659
DUSP11,0.31363790760442
JAZF1,0.5375863562140679
LOC730101,0.5327980224698046
RFC1,-0.510940382904244
SERP1,0.3079036022111361
PHF23,0.4926584746049152
ST20,-0.5935388474776454
APEH,0.3924619388673455
RAB34,-0.3300182721774708
TRPS1,-0.5594643377827152
RWDD2B,-0.3460411784094516
CYFIP2,0.5278073679017802
DDX27,0.4235522285575257
TMEM64,0.4449858186785336
PRDX2,0.1429437248540222
LHX9,0.4552890802878341
NAB1,0.5818798078375343
SENP6,0.5454776868402772
UQCC2,0.1702052516312275
IFT22,-0.2309200865453294
PTP4A1,0.3052931253693303
NSRP1,0.3357051536696224
C19orf25,-0.6908221275987292
C11orf95,0.5263729544726904
PRKAR2B,0.3008849748507458
SWI5,-0.3855355638089736
RAB9A,0.6033714614321685
LYVE1,0.6709877369486332
PRPF40A,-0.2855660478207041
NUDT3,0.3440845901370304
TCEAL7,0.2193192103422807
PPCDC,0.4723617745777985
NSUN6,-0.5969137758757262
PLCG1,0.6150689304256185
SCAF11,-0.3306613432462417
ARID4A,-0.6402283527198411
PCID2,0.3001753886945424
TMPO,-0.3250636170322978
TIMM8B,0.1939223087309811
OSER1-DT,-0.435225618586513
TIMM13,-0.2241451008556017
ZNF133,0.5180097405101877
UNC119B,0.6139943892588894
GLT8D2,0.4420564727481534
HNRNPF,0.1619369994076673
SFPQ,-0.3380817694080945
TAF7,0.267150110237723
PHKB,0.4572141163453134
TFPI,-0.3693553479658564
MPC1,-0.4248021813744825
DCAF10,0.4845973707256761
HEXIM1,-0.662341020181632
COPE,-0.2850625726796099
CALM3,-0.339166198190145
CAMK2N1,0.6023837983928988
SEC11C,-0.4300814711369035
CEP95,0.6308310478959926
LDHA,-0.133685115975764
PCBP1,0.3224300084760436
RAB3GAP2,0.424774631434944
OXSR1,-0.5980471026554983
SRSF5,-0.3356901048988854
ACAT1,0.3043771136896017
BAK1,-0.6367918229771445
MAGOH,-0.1820978670257008
MLST8,-0.5743271597471915
ANP32B,0.3187450675684875
C1orf198,-0.4819359837013481
MGAT5,0.5338339365836223
PSMA3,0.1547699307777763
RTN4,0.339210599819493
TLE5,-0.4071968164184937
GNB5,-0.6438989843563063
POLR1A,-0.6905167498916764
EPS15,-0.3350222249852014
GNPTG,-0.6874630054061579
PUM1,0.3142435677794148
PRPSAP1,0.4287086770954713
PRRG3,-0.7279371410360665
RPS18,0.1120684744435102
TUBB3,-0.6913958728071151
EPB41L4A-AS1,-0.5404740446268418
CXCR4,-0.2673250808865606
RAE1,0.1897697668975415
SPRY1,0.5250059131153939
TYROBP,-0.3979292326237626
SCP2,0.2224272227391595
ZNF708,-0.7198892190156515
PDXP,0.5442926852040235
RPS5,-0.1778464420198061
CCS,-0.5548967186902269
MCC,-0.5844954328815251
MRPL32,0.2067086665534921
PSMG1,-0.513221214012482
PTP4A2,-0.2953023263329827
TSPAN31,-0.5126850333688591
RAB6A,-0.3655916805646209
TARS1,0.2979549570611874
SRSF10,0.2268126138667009
LOC101927476,-0.5830238942638599
AHCY,0.1998717928363348
AMHR2,0.2264417536778122
GUK1,-0.3107035487292811
POLR2B,-0.5082797508981586
STARD10,-0.5405658367041241
ASTN2,0.5293956526712115
PSMD3,-0.7070252306889048
UQCRH,-0.1555711676237613
B3GNT2,0.5787977746491123
CKAP4,-0.2720671903736776
PSMB7,0.1098069723308241
TMEM35B,0.2525893190664964
DDX39A,0.30612903823615
ISOC2,-0.7605100363020882
PISD,0.4749909230543277
REX1BD,-0.5969011460145004
MRPS18C,0.2220736384259286
NAGA,0.5115232939993227
SLC41A2,-0.811967560518871
GFUS,-0.3458117078604292
SNUPN,0.3381487954132942
POP7,-0.5629818024689712
BTD,0.3759972736861596
CCNDBP1,-0.3453055294399585
MMAB,-0.443849812492637
DKK3,-0.3753807109277997
SOCS4,0.5405921307401089
CREG1,0.6257840407693367
SVBP,-0.2634481410694582
C15orf40,-0.3787616851827083
THRA,-0.6079486384954739
CHMP6,-0.6813847801071576
SRXN1,0.6887097027062978
ACSF2,0.6716282028853995
MRPL22,0.1897630154780649
SLC1A4,0.775083680017736
KAT8,0.5415239216621335
TM2D1,0.2924757417447536
ARHGAP28,-0.5259014894241891
ATP6AP1,0.3829101530993595
DBF4,-0.6940915926831159
RFLNB,-0.6903775415191443
RNASE6,0.4222569636328224
ST13,0.1453291333367208
IP6K1,-0.5069406424397922
MEX3C,0.4392645304428685
PAN3,-0.4032530160547694
TOR1AIP1,0.4223032297171893
RPL29,-0.1726834392658756
APEX1,0.1227991021386453
ARMCX1,0.4531331392513286
BCAP31,0.1568174533709847
GFM1,0.4915059866745747
LMAN1,-0.3137349534065335
SIKE1,-0.5302848135705438
UBA6,-0.465427914037329
UBE2D4,-0.5556158975689736
QRSL1,0.4162497603249391
TUBB4B,-0.2766525153637095
RRN3,0.4679103543303231
CIB1,-0.4260506597456961
CELF1,0.3731182411570438
KDSR,0.3668823353386172
SLC7A2,0.5549238780292849
C21orf91,-0.504553652908753
MRPS15,-0.3446374058687339
ARFGAP2,0.3936539636631782
NSA2,-0.239187098217205
ZFP36L1,0.2290438049330354
TRMT10C,-0.2351778959768472
KRCC1,-0.7228683786052714
FEM1A,-0.4492514355059539
DTD1,-0.4253028950962921
ZNF410,0.2653314639390811
C11orf58,0.1138514481122263
PLEKHA1,0.5566107377924666
KIAA1109,-0.6817718154364317
EEF1D,-0.2169924852079535
MNAT1,-0.494017703876215
UQCC3,-0.4706539016400654
PRDX4,-0.1905561842955563
TMEM248,0.4418947113989758
CC2D2A,0.5271968553807744
RELA,-0.6057626808968218
NAE1,-0.2815154755212619
DSTN,-0.2152429648916625
MXI1,-0.6846844529081788
CLSTN1,0.5554708520325079
SEC23B,0.3525776891284715
CHMP1A,-0.5550352749613248
CLDN12,0.5124692595464655
DERL2,0.2784082879021887
ELK4,-0.5353968066926951
DNAJC7,-0.6655381938977083
MEX3A,-0.5943196232353314
ZNF490,-0.5673393351729068
NANOG,-0.3735571105794493
POFUT1,0.5317662601373476
VLDLR,0.5629429602683627
VPS51,-0.488224265746021
HMGXB4,-0.3369193750371764
JOSD1,0.5168870011257297
MYADM,-0.4694356004176165
YPEL5,0.1882888944228704
LCMT1,0.1904261568490273
DDRGK1,-0.5189768494918687
EIF3A,0.2932319675520579
MGST2,0.1551003745470146
MTURN,-0.5071497696483263
POLE3,0.3265698190569819
PRKAG1,0.2097791415982027
RPS15A,-0.1831203177351488
STK10,0.5147185527832044
UBE2T,-0.2487806661680804
UBL7,-0.4203068219232998
HAUS7,-0.5631330710603553
FBLIM1,-0.6437628443482244
PEX11B,0.2966491844417527
FDFT1,-0.2592917341319832
ACP2,-0.5683241573189611
COL4A1,0.3212568134190884
CYB5A,-0.1836514149882075
MANBAL,0.2613983604955024
PSMD12,-0.3902594238693329
PYM1,0.3274506696355175
RNF13,0.2206549913049211
RPRD1B,-0.6689753702819928
ZEB2,-0.3360495915731455
RHBDD1,0.6242503147463154
CALCOCO2,-0.2738407045525151
TCEAL9,0.1253821902765823
CLPP,-0.43359994042145
TBC1D23,0.4081486311189694
UBE2Q2,0.5246438097791277
HOXD8,0.3507645068857538
POGK,0.5641275883508116
DLG3,0.4502852247688321
BLOC1S1,-0.2147019259655388
LYRM7,-0.3768766442672581
SLC11A2,0.3487451632536169
TRIM5,-0.4175434184383582
ATF7IP,-0.4732332005072434
COPS9,-0.2808660809516706
FAM162A,0.1974366812006775
CFLAR,0.2747270496878951
NKAP,-0.5285996822686041
ITLN1,0.4923111752120877
KIF20A,-0.5383891264301613
SMAD9,-0.5915649771151104
TBC1D32,-0.6605575509845879
BMF,0.6313970779065428
FUT8,-0.4620886233893537
NOC3L,-0.4281976014761378
SESN1,0.4182835749561686
USP7,-0.4069798576919128
KIAA1143,-0.3684602013321886
FAU,-0.2426017745810162
RTL8C,-0.3935686832499956
DHDDS,-0.4286659286894211
PLD3,-0.5233466941571546
NPM3,-0.6010007900131757
LAMA4,-0.4040297632307062
GOPC,0.4184626769025779
MED4,0.2423584569753932
VPS41,-0.3146796939131571
RPL17,-0.2234321555260725
SOSTDC1,0.537225456677621
ATG7,0.5331810782480707
MDH2,0.193562744275991
LSM4,-0.3299689330549408
RPL24,-0.2151722306006769
C11orf49,-0.4974133325398502
ARL2BP,0.2118232010610454
LOC107985770,0.3652690423678336
MPV17L,-0.618199361925824
NAV3,-0.5823683873400912
ETV3,-0.4780289474938678
NIPSNAP3A,0.2406698455782818
PIN4,0.1979572427161402
RBIS,0.1217439381344659
STAT1,-0.4932178819039582
CNIH4,0.2146372243151075
RAB4A,-0.4666581941211738
UBFD1,0.4026143169592286
EIF2AK1,0.4137460123860767
MSL2,-0.5777930361598062
SALL4,-0.6655048077319576
RPAP2,-0.4657498146651356
VPS54,0.5925873010217
TMEM245,0.3032342929137639
TRIAP1,0.2568672714918648
MAPK1,0.3036746089478899
BANF1,0.1420863047342491
CAPZB,-0.3561308697817373
CASP4,0.2704546796525847
CEP290,-0.721934255681913
KIF2A,-0.3558745201468481
MPP6,-0.3521975548547674
RIDA,-0.3679898725840762
PMPCB,0.1950683703478877
ACTL6A,0.2221256732756796
ESRP1,0.6494681106854353
LOC100507002,-0.6094332032602305
MTRF1L,-0.67379685008854
NME7,-0.3090744278437872
GID8,-0.3803702427223485
ZNF121,-0.4065922382898225
PRPF3,0.3442470171762502
ZNF2,-0.5003749578539041
MSN,0.3529694654931253
KRT8,-0.4302019489896678
EXOC1,0.5355461861278631
GABARAPL2,-0.148641406447876
CNST,0.5261987013738187
LAMTOR3,0.2959281456692956
PPP3CB,0.4688867804637758
HCCS,-0.520418086665742
OLA1,-0.2093388098822806
POP5,0.2344828211544
SMOC1,0.4445325684855408
DCAF8,0.4688899525721205
WIPF3,-0.3509976589853852
MTMR3,0.598199334777935
TNS1,0.5473067089289174
ZCCHC24,0.417477889920762
VWA5A,0.3502204296747521
ACAT2,-0.3036907343900963
IPO5,0.2216676810763145
NELFE,-0.3921165886724145
RTF2,0.1709667474698776
SEPTIN10,0.4845023670956332
TADA3,0.6011626469994272
TMEM30A,0.2871730827087133
DTL,-0.5666913212780889
FAM3C,0.3912842802439333
HLA-DRB5,0.5128515407140551
FAM117B,-0.4821491237865029
PER2,-0.5847984914003216
UBE3A,0.3279543365694602
IGSF6,0.4704481590501366
TRPC4AP,-0.3255497721235243
CCDC163,-0.6351702198500355
CSTF1,-0.2618082495782444
RBPJ,0.2061599798375974
RPS27A,-0.2072594631673322
MANEA,-0.4340453905347891
ACVR2A,-0.4167887760565338
DHRS7B,0.2932266926866657
SESN3,-0.2760200441767906
PQBP1,-0.3875123123795365
UBQLN2,0.5870608662099288
FANCI,0.5527706165548503
PLP1,0.3451460927571371
EGFR,-0.5796761832562781
TRIP11,-0.3913333832349271
ATOX1,-0.1339026521520737
C7orf50,-0.4455956701686995
TNNC2,-0.4431177011479265
ZBTB25,-0.559512095018173
SIAH1,0.4746703269793564
ABI1,0.3229204000835332
CLASP1,-0.5576202004381079
TLCD5,-0.6336366143595703
ZC3H15,-0.1600078443544357
NDUFB6,-0.1075947075541995
TXNDC9,0.1906231213738886
DCAF13,0.2578713433176334
NUDT16,-0.6255884886538214
PSMC4,0.1945104746325396
ZC3HAV1,-0.4402604711228133
LMNA,-0.7492689941750245
DHX29,-0.4666538555713383
EWSR1,-0.5601672463328518
GSTP1,-0.1914674625870457
NPTN,-0.2791004175057069
ISCU,-0.3171074255549376
COA3,0.2194616360396256
ELAVL1,0.4375519782207304
KIF20B,-0.5871436944731803
KLF10,0.3607228035989936
SULT1C4,-0.4344672602642269
OGN,0.3091277982240551
FUBP3,0.5305038636843494
RSU1,0.2203326787584434
COX5B,-0.1765343044569216
C16orf72,-0.4009703473281563
MT2A,-0.2870256350825166
SEMA6B,0.391984352384196
TAGLN,-0.6853349031286607
LEMD1,0.5454299391564322
CNOT11,-0.5139327587115675
GLRX3,-0.272094272098462
COASY,-0.4269728056232021
NMT1,0.3111916000480741
SYNPO,0.4686228073665923
GGH,-0.5645622509554185
SETD4,0.4477157700865306
KLHL24,0.2730139268347711
POLR2L,-0.2594214805263312
APPL1,-0.3636682161562751
DNAJB11,-0.4701348478228477
ARHGAP18,0.2973749466165905
RFXANK,-0.3622857842334371
NIP7,0.2978318473989049
BBIP1,-0.3511233439647546
NDUFS8,-0.2197073670393252
SERPINF1,-0.191374065961127
PIP4K2C,-0.5247559066120729
COPS6,-0.223759736500395
POLR1C,0.2875187923819365
ACADVL,0.4481741339124561
TMEM37,-0.5650640303953596
CDIPT,-0.4722859900645597
NRAS,0.277460985450486
SDF2L1,-0.3601725918847654
AMIGO2,0.3746975693545408
COA5,-0.3063130710351808
EIF4G3,-0.4101748034710239
GLOD4,0.2361737810758218
GPAT4,-0.4970771671257073
SEMA5A,-0.4272231626324539
SNCA,-0.3978617984120667
TMEM14A,0.1854869205496726
KEAP1,-0.5415538208462453
ULBP3,-0.5123050152612165
ARL16,-0.5020740687706596
CDC23,0.324537865457414
GNAS,0.2035029960702545
GTPBP8,0.3252498400402479
LRP1,-0.6299212511223119
DNAJC8,0.1838567933037376
GNL3,0.2314570386964236
ANKRD12,0.4251170008675248
DSP,0.4154621417626751
NHLRC3,-0.5846649027910348
S100A4,-0.4043481850487927
EMC9,-0.5778750963770215
EID1,-0.2486108966734924
MSL1,0.4402619573468042
PLAAT5,0.4784449557953302
ETFB,-0.2460047931770882
ZNF576,0.5027045381655717
CHCHD5,0.2356344091935733
NEAT1,0.4232946790243028
EEF1B2,-0.2003877021434501
OSBPL1A,0.4903716701702525
PCMTD2,-0.3087510964143338
PELO,0.3582585057500206
INHBA,0.3951814096266561
NDUFA4,0.0933819781042301
STX3,0.5471661162962201
COA4,0.248614878910868
VCAN,0.1991647140965854
GPATCH11,-0.617617451367157
WAC,0.2797576613422664
DCAF16,-0.5425990788980968
FCF1,-0.5353347268894788
GAR1,-0.5850561476574917
TAB3,0.4018685326326556
SATB1,-0.5311510899903424
HAUS2,-0.4542413848317758
DANCR,0.1745430921865535
SLC25A17,0.2817117102238118
AGO2,-0.4498805925761041
MPHOSPH10,0.3407644295548934
PEAK1,0.5806829596856742
TUBGCP2,-0.6177912096983781
SH3BP4,0.439746535472824
COPS5,0.1755085846354942
TIMM21,0.3113171986130953
DENND5B,0.4643270084848172
CHD4,0.3572724591362745
ING3,-0.2749840462371743
CENPS,-0.5109670081335284
APOOL,-0.4483190298172081
ETFA,-0.2976711828126887
RPP21,-0.3934189434020477
MAP1B,-0.3701381822454689
RABGAP1,0.4212403537208632
CBY1,0.2914163221188295
MED12,0.5849373421871656
UBIAD1,-0.4632289508332389
ICE2,-0.3923654657278285
UQCR11,-0.1682049868944687
DDT,-0.6028808048134451
RAB5B,0.3451741981018877
GTF3C6,-0.1949830226550054
PROK1,0.4936087921661019
LRRC17,-0.2629603279317412
HNRNPA1,-0.0921331410668102
AQR,-0.3953896175156515
TMEM97,-0.1488617549305128
CTDSP2,0.2971446657203592
EIF2AK4,-0.3562996510832504
GAL3ST4,-0.576909044602385
ZNF814,-0.4026912735671934
SIRT5,-0.5635210133060781
CLPB,-0.498703043521519
C4orf3,0.1237675285886351
NUBP2,-0.4333047519166888
SPTAN1,0.4505181679694324
YIF1B,-0.4850298973413139
RBM48,0.3672160097828582
SPTLC1,0.2582727276653671
STX10,-0.5469738059978629
ATF7,0.3892846815746604
SMS,0.1953819281360809
CIBAR1,0.3431301581200667
FAM53C,0.4197544072228875
IDH3B,-0.3173674233492421
CXCL12,0.3267350945891661
TRAFD1,0.3351070707438814
BIRC6,-0.3224170159235064
CLN3,-0.4757128056023399
DHX30,-0.3472292648880453
LAS1L,0.3874024626636926
NR3C1,0.3755496537633777
OXR1,0.2559737502606286
PTPRN2,-0.4802209131236675
TMED9,-0.1846992824563336
KPNA4,-0.2626868550723767
ABCF2,0.3542497743542705
IFITM2,0.1257984872177331
MAPK14,0.4486352277306479
NOP58,-0.2417679379353795
PSMD11,-0.2172933800192824
RCOR1,0.5166610414552425
SMC1A,-0.472296362202139
TIMP1,0.1667757826030544
TXNRD1,0.2110664248069058
NDUFAF2,-0.1989052196289064
TSHZ2,-0.3471660590639954
ATXN7L3B,-0.2331279675938888
ANKRD17,0.3538280156752074
EEF1G,0.0653535149048693
MYOZ2,0.3166261132857758
POLR2K,0.1366933617556599
RAD51C,0.2324980635410797
TES,-0.5236940008030934
ASCC3,0.552039692492736
CILP,0.4841546921040506
DPP8,0.3811479900409932
H1-2,-0.4491839920723938
INTS2,-0.5608915366505359
PSMD6,-0.1889895726069754
PUM2,0.3186989778563369
UBE2W,-0.2912695338217624
ZCCHC7,-0.2939635861169143
ORC3,0.2997168144989011
SND1,0.2731747070283317
WRN,-0.5562500782167188
FASTKD1,0.5813041139351607
DIDO1,-0.4601104037847318
NDUFA7,0.1414458063119389
INPP5B,-0.5375967749170437
MIA2,-0.5114796478845122
RTL10,-0.4074015794015397
SLC4A1AP,-0.5733828280475078
SPATS2L,-0.4778572754601931
MT3,-0.2375040076485284
CCT4,0.2032215574147308
RUBCN,-0.535168933433784
DGCR6L,-0.4136131621747106
MID1,0.5684274620748445
ITGB5,0.5031869866596905
C2orf76,0.4079457663185334
SLC25A3,-0.221792615867294
JKAMP,0.2641796650660684
NECAP1,0.474952817660525
RPL36A,-0.1613178033623313
YPEL2,-0.4005277806043903
CTSA,0.2997509597377937
GTF3A,0.3551218897603847
JTB,-0.2781940200394194
MKS1,0.5357721397540782
SEC16A,0.5292635713316796
SRM,-0.5482240237524096
SPAG16,-0.4228491027454482
FAM210A,-0.3761625342718933
EMC2,0.2336213674256092
CHCHD4,-0.437421444410157
LCOR,-0.3247537765363786
MAP4K3,0.4458915566905044
FKBP4,0.4185687454236099
ZFP42,0.5595805201398176
C1orf131,-0.3671199830059105
NET1,0.4037818625000883
COQ9,-0.4329529781997694
MAPKAP1,-0.5427671673212073
POLR3C,0.3158130069425847
HYOU1,-0.409615138379841
SPAG9,-0.5111485566403049
TMEM87A,0.2210745862967079
TOMM70,0.38951763951842
RBX1,0.1056485714835125
ESYT1,0.3634224858550711
VDAC3,0.1580475524209871
FAM200B,0.239203507195252
FOXRED2,-0.6324181417177773
HSPH1,0.2841829006671397
ABCG2,0.4700295203129922
UBE2Z,0.298065490293415
NDUFS6,-0.2768087490596347
SGCB,-0.2791515383274865
BIRC2,0.2710595450305819
GINS2,-0.3852584301815326
SSR2,0.0832650504450762
H2AZ1,0.1311249295156777
ASS1,0.1351819237193012
CHCHD6,-0.4102898818280713
YAF2,0.3465900366465524
PCP4,0.4625910199022487
TMED5,0.32122983996428
NGDN,0.214711010592889
KCTD10,0.4757956809712269
EIF2S1,-0.2515508322026741
NOP53,-0.3741467708758816
RRAS,-0.3268649176804637
ARF1,-0.269014468428156
ARMC9,0.4046984532061052
BAG4,-0.3312310112220094
FAM76B,0.5301446693779849
PUDP,0.3673462897673969
DESI2,0.384627424170871
ADA2,0.4594801756523011
VAMP5,-0.336570430207737
MAP2K4,0.4369718630530796
LRPPRC,-0.2737003979588217
SDHAF2,-0.1501117542114146
SFXN3,-0.4173457183022337
PPP1R10,-0.4514227003538153
RPS6,0.0787556776405638
STON2,-0.5252217671635143
CXorf56,-0.4726636201436628
PRAME,0.3513877712004333
EGFLAM,0.5229733308682285
MRFAP1L1,-0.19507149891109
MTO1,0.3111221543569801
SF3A3,0.2291556212807763
TMEM50A,-0.260053594503815
FEZ2,0.3780621928332902
NDUFV2,-0.1393273160344246
GSTZ1,-0.2404435468235922
EIF3G,-0.2529461315701036
DDX47,0.264723768711698
NUP214,0.3597681032654694
ERP44,0.2803620550888325
ATP5MC1,0.1550116058665476
GCN1,0.4468159487997769
TUBA4A,0.4761281154374951
ZFP91,0.3088898686603358
ETNK2,-0.4808814388385551
HPS4,0.4546085161345093
ABL2,0.5498087590553438
PPP3R1,-0.545194215097137
WSB1,-0.3029288027750337
TMEM80,-0.5388899348650855
WDR12,0.3360318389218495
MAP4K4,0.298241809796985
GALM,0.2638647434519168
MRPS7,0.1513036716945241
RPL26,-0.1736500701022575
C1orf50,-0.5290098057345743
CD99,-0.1808019229630086
EXOSC10,0.3136329292489543
PPIE,-0.1298925439823947
PSMD9,-0.3874133058452553
SDHAF3,-0.2366206739333863
TRIM56,0.4368195371283704
TUT4,-0.5942036200209629
URI1,0.4487634237942535
MEPCE,0.4529881890681122
TASOR,-0.3306760030313836
STK17A,0.4309294223805981
SIPA1L2,0.6052712708149146
NUP133,0.3811707255237742
MRPS25,-0.2992984577826377
EMC1,0.2902510784116885
ST7,0.514793502165629
RNF19B,-0.4683164409545893
ACOT2,0.5072259846926102
IPO9,0.373969113533804
SMARCA4,-0.4435630924805315
OARD1,0.3056860360029145
GCC2,-0.5435659566960684
NDUFA9,0.2080250201268031
PPIP5K2,-0.4129488224468303
TARBP2,0.4712341322654883
FLRT3,0.4985342492940947
HHLA3,0.3895062573123831
WT1,0.2721627024686918
LLPH,0.1822537074470271
PPAT,-0.4473857832209304
GLB1,0.2305594618849135
HCG11,-0.5129900392521326
SMAD5,-0.2541391836064089
ZIK1,-0.5731384040437287
NEU1,0.3642646953970468
ST3GAL3,-0.614524003977794
ACP5,-0.4333218670473002
CD151,-0.4156754384822875
CENPK,-0.4268579309261784
OPTN,0.3130012487911135
SS18L2,0.2328643477519064
UPF3B,-0.5835178934030202
FAM171A1,-0.5742109373410954
LSS,0.5022268356704437
MBTPS2,0.4462270843026799
ROBO2,0.3935544096700636
OGFOD1,-0.2841830639966424
SLC35F5,-0.2960960202974866
PPM1B,0.3875125744639225
GYG1,0.2020643882225563
MPV17L2,-0.5211157789043495
COPS3,-0.1625687122582421
GLIPR1,0.4544079548053805
SLC23A2,0.3692428889316985
SLC31A1,0.3415569909171079
PFN2,-0.1204983360924475
STXBP2,-0.4935323005079761
ORAI3,-0.4058476481252029
PSENEN,0.1664652450369968
PTGFRN,-0.308400299863128
MYL6B,-0.1602508641657224
USP13,0.2813690069385217
CDADC1,-0.3789456798976464
GTDC1,-0.4494002902418184
HAT1,0.1690276619531754
MDN1,0.5843716906857382
RNF5,-0.3729219683280088
ZBTB4,0.4889083071720708
NUDCD2,-0.3915684692074201
CYP20A1,-0.2805095868189276
NSUN3,-0.411300637814097
FBN1,0.3237999343861769
ZFYVE16,-0.358515445333819
IARS2,0.32713748648306
ATRAID,0.1178914332627469
CDCA5,-0.5451842307326072
COMMD9,0.1727470170556327
USP47,0.3148332392923443
WDR1,0.3397873860234832
DHX9,-0.192671963714899
PLXDC2,-0.3179750652628432
SLC39A6,0.3342307802400183
KHDRBS3,0.4995330964293478
NRBP1,-0.3967138842667397
PCM1,-0.3678147778140994
ZNF267,0.4138082572089743
GCFC2,-0.412195300737571
MECR,-0.3837616194837911
AGPS,0.4201229887472289
COX16,-0.454373943774648
PITRM1,0.4002759031508305
SDK2,0.415779469849778
TXNL4A,0.3373813290440047
RPS28,-0.1643487140858363
HSP90AA1,-0.1195545666127022
MEF2A,-0.477191567358446
WBP4,-0.2560678322004171
CAPN7,-0.5043316392794288
DCP2,0.2546964542336529
DRG1,0.1622938211917012
ITFG2,0.3069726975659891
WDR41,0.3081820926925169
CSNK1G1,0.5071737758769226
KAT6A,0.383831591124089
BEX2,0.2346297144385737
ZNF253,0.3709235824029895
TRAPPC2B,0.2534166679943853
CGRRF1,0.2298072574348196
RBM4,-0.2514327653942597
AKT2,0.4822258718438533
NUDCD1,-0.3716026973756537
L1TD1,-0.495676420913249
LIMCH1,-0.3417156652404768
PDHA1,0.2233237704349011
CCND1,-0.4528033640153921
ERAL1,-0.1804902068742178
INTS11,-0.5078016556542195
LMO4,-0.3847556820634274
MEAF6,-0.3003457965472521
MRPL16,-0.2506602625830698
SF3A1,0.4834701705591722
PDPR,0.4353090495865674
SIL1,-0.5898579618563007
PDCD6,-0.2243921022233147
TM2D2,-0.2452583359222674
PEMT,-0.2868693905214063
AGK,0.3929210203331912
AGPAT4,0.4461531575295316
KIF3B,0.5299584210931755
LYPD1,0.5103219769650371
RABGEF1,0.3995183832863795
TIMM8A,0.3288800063344419
SUCO,-0.3482993383800408
EIF2B1,-0.421066451998933
CLNS1A,-0.1923498949432713
CKLF,0.194132155180126
PWP1,0.1472564133538248
RARS2,0.2039393977218551
SERPINB6,0.1485367203729063
VSIG4,0.4084604438834534
DNAJA1,0.1413790696722422
CDC40,-0.3166094065726467
DENND4C,0.3754951565265557
RHBDD2,-0.3591690075430385
ADNP2,-0.3920898535403819
TM7SF2,-0.3364697293549294
SMARCC1,-0.2635762957191847
STX17,-0.2990508471825768
MYDGF,-0.2997585236826028
GLT8D1,0.3198106357119063
SPAG7,-0.2146433317139198
FARSA,0.3103494058734919
C12orf65,0.244412756558787
MRPS27,0.1811970341934506
RBBP4,0.3877528536996838
RBBP9,0.381505723073763
OXLD1,-0.5139646981679221
RBM3,0.1233238099282803
RNASE4,0.2141670027650991
VPS52,0.461186084971451
SNRPA1,-0.3052787498464205
RAB32,0.4500624708054357
NIPSNAP2,-0.3474581331903428
TMED1,-0.3683963842854361
EIF2B5,0.4195392943477021
RPS6KC1,0.4376511892848425
RMDN3,-0.5822256048639575
CACYBP,-0.1576684640141079
THG1L,0.202564005939324
KRAS,-0.3853292133066024
PGAM1,-0.2028531544957647
ITGA5,0.5348916915891521
CDK17,0.4790887859197697
FLNA,-0.5283406807649893
JMY,-0.465405080449716
LATS1,-0.3788136112200657
SMIM26,0.0996595794741041
SERPING1,0.3009144710408868
TRIM68,0.3603679182084899
LSM6,-0.164007426408841
TAF8,-0.4312137624652383
SSRP1,0.2443411978490223
FBXL3,0.3014713665766386
SNX18,-0.2628331432112956
HEATR5A,0.3634237545714796
DAZAP1,-0.4366330468215887
IMPACT,0.3849384411125741
MCRS1,0.2317661571871561
STX12,0.2195594530333771
TMEM45A,0.208063046978359
TIMM17B,-0.2672057605881201
ARMT1,0.2653718341222703
PTDSS1,0.2801608133435161
CHD1,-0.4239022453273317
MON2,-0.4348985234689198
ARIH1,0.3103928851053786
DHCR7,-0.2963161460642945
DNAJC4,-0.5323361760244468
MDM2,-0.2554570741331181
MED10,0.241625519434215
PXDC1,-0.4681028419218699
SEC61G,0.1047173201562879
TCEA1,-0.2796364445907892
TSC22D1,0.2208949263395674
TMEM147,-0.2148230522186566
DYNC1LI1,-0.3491086710553037
PDLIM1,0.3771083480113308
DYNLT3,0.2908070062816031
SCYL2,0.346844954635833
TFB1M,0.2722325063192986
CPEB4,-0.4498355524693466
AP2B1,0.3508027487559668
DNAL1,0.5022844978621124
ENTPD6,0.2885315018938177
HS2ST1,0.3131144896502904
FBXO11,-0.3714681585970537
UFL1,-0.3165645372561114
TRAPPC6B,-0.3645810681014611
YES1,0.3191041142208307
TYW3,-0.2826222260496732
APOBEC3F,-0.3960915811862049
FASTKD2,0.2402382905376622
SNRNP25,-0.273493455943729
TRIQK,0.2695140680102169
ZNF677,0.323036132298056
SCAP,0.3265970208737618
CENPBD1P1,-0.4831364884239875
EDNRA,0.4302766933282415
ARMC8,0.3402061473590025
WIPI2,-0.4997093681198149
DDX18,0.1484773272609684
FKBP14,-0.4166580261481181
SCD5,-0.2916348480199615
XRN2,-0.1755285812995936
CAST,0.422381609671738
SETX,0.3194209805125758
TRIM16,-0.2680460715373443
UQCRB,0.0806146038384742
PLSCR1,0.3651639349082205
AMZ2,0.2061418954168037
BCS1L,0.3998365644241354
ALKBH7,-0.3130418474619452
INHBB,0.3028381029640562
DDX46,-0.2243093174865096
FZD3,-0.363245634788124
EMP2,-0.3256935382268587
SMARCB1,-0.4817310158164151
ADGRL3,-0.4383911575512877
INTS10,0.3661893317250015
ITGA6,-0.2587780280428589
AASDH,-0.4576615005207931
CRTC3,0.3319459918937334
KLF3,-0.382035790234914
CD320,-0.4056530141983199
FAM160B1,0.5005087814469189
ARRB1,0.3663880783449846
RBBP6,0.4239947857483253
HADHB,0.1074558601283936
FANCL,0.2615187491273903
MCM2,0.4641790506453849
MMUT,0.3431499454259484
GSTM3,0.142967232886785
RPL35A,-0.1550919211559666
SENP1,-0.5087098278552455
RNF41,0.3240135027098624
SYNGR1,-0.3719607963204652
TMEM179B,-0.1854171414955252
CAT,0.2291749134576603
COL5A1,-0.4808163192610443
LBH,0.3760615773287783
DDAH1,-0.3284984674202284
GTF2E1,-0.3171245483259119
LGALS3,0.370333714269163
CDC42EP3,-0.4206340541660261
ALDH1A2,0.4608213418524511
CDC5L,-0.2679603163788489
CCT5,0.1024627215803263
CTCF,0.4201011767520428
ERCC3,0.3941911078411839
MIEF1,0.3731444170439308
P3H4,0.5328680308007034
PSME4,-0.2636939865431357
RAP1A,0.2817981921096001
ZNF22,-0.1741255462441807
KIAA1210,-0.3883802775168079
MMADHC,0.1107810429050518
VMP1,0.1692819197932074
RPLP1,-0.0987918384489382
TRIM27,0.3356153888895842
DNTTIP1,-0.3537667938589062
PPM1K,-0.2667131078130045
EPB41L5,-0.3572853003927296
GPRC5D-AS1,0.4495880042262284
PARN,-0.4224912685519708
COL9A1,0.5905081032499223
MORF4L2,0.1326930708001129
FAH,0.2831170174332693
ING2,0.4531956609585288
IPP,-0.4816145764903643
PDHB,0.1946713795485819
STEAP2,-0.4146586904671284
GJA1,0.2407935377062207
MRPS2,-0.4912751546599824
SOAT1,-0.2679491573943046
RSBN1L,-0.3007929223339124
BUD23,-0.2616197618364679
ANKRD13C,0.4950185698777902
PPP1R2,-0.3135597090495349
NSFL1C,-0.2649537579379477
FIS1,-0.1644253474185817
PPP4R3A,0.369258934550329
PRKDC,-0.3151684295025452
NT5C,-0.4955066473326447
SNX8,0.4826514417483327
C12orf73,0.3332223267771397
ECT2,-0.4529182857703125
BID,0.4113730810116737
CBX5,-0.1412201227821513
CCT3,0.0991656170885991
DRAM2,0.1619592984583534
PAIP1,-0.2931579269674474
RIMKLB,-0.448200313733207
SMARCA2,0.2496826899537327
CCDC12,-0.3688246411119252
CDC45,-0.4336383114018524
LIN52,0.4460887800029041
SSU72,-0.2501416471679129
TUBB6,0.3590550714915443
VCP,-0.2313390729670763
MMS22L,0.4725170830423042
MRPS30,-0.4694602092638244
ELL2,-0.3899470850537778
NKIRAS2,-0.3140879508143525
CRTAP,0.2522234827133039
CYB5D2,-0.31110830773625
RCOR3,0.4105059790174665
MITD1,-0.3418540980138507
TRAK2,-0.3522665167680965
IL32,0.2137584227721666
NFATC3,0.3968230983658049
BLMH,-0.3374129668603088
CAPRIN1,0.2191506237780609
IGBP1,0.1264505011388435
SH3GLB1,0.2455726079993055
CPNE3,-0.2124727588664615
HMGN3,0.1037570803712119
UBE2D2,-0.2066368920580074
TRAPPC6A,-0.3231790002631744
DNAJC16,-0.4003062576005718
FAM234A,-0.3552662185645341
GON4L,0.3752395231485553
PMPCA,-0.5457966361194957
ZNHIT1,-0.2211304696878295
BABAM2,0.2466659856904326
NUDC,-0.3118191602871861
PRPS1,-0.3503367027873729
SRP54,0.188248105298164
SYS1,0.1853148035438171
TM9SF1,-0.3855749798600963
TYRO3,-0.3072375876575514
CBFB,-0.3813120900186967
NOP56,-0.1900923920600396
RNF170,0.2953628275337113
WASHC5,0.4647216314661296
GRSF1,-0.2530628163887639
LINC00847,0.3535497082139822
CEP70,-0.4399220509769626
GOLPH3,0.2676185629219154
MRPL49,0.2489457998204882
RNF26,0.4293738131572376
RRBP1,-0.5373275743906699
WDR74,0.3253732291454711
CMPK1,-0.4047046981493076
NCAPH,-0.4576016940749051
SNX12,0.3432849611418742
NECAP2,0.3373604528672655
CNOT2,0.1723699580708175
DPH5,-0.1831090299313746
PHF21B,-0.3540331827918252
TAF12,0.2542611658542761
RNF20,0.3241451673012122
PHF24,-0.2593865681002862
SPATS2,-0.3195141496678461
EDF1,-0.1509069809955411
FAM98B,0.4245597783395539
PAWR,-0.388856913551506
RABGGTA,0.3093967307754435
UBE2J2,-0.5012371990647578
SCML2,0.3347138615892119
TINF2,-0.3386578783879373
CPE,0.2563526464412027
CCDC90B,0.1668117109716882
KIFAP3,0.2470262596200476
POR,-0.3789221427505257
BLOC1S2,-0.385374751220449
FCGRT,-0.200498801934252
LRPAP1,-0.3049602558391865
NPEPPS,-0.3070666693638675
RPS7,-0.1548515822599356
SDF2,-0.1408974588710514
STOML2,-0.1637401801131386
REEP5,0.1661680485925088
MRPS26,-0.2824276859139756
SMIM12,-0.2857938038085885
AFDN,-0.4307173030877
TCTEX1D2,-0.2828507281840265
UBXN4,-0.2039967762218789
SERTAD2,0.3968292997549844
NAA15,-0.2670469227048178
IL6ST,0.2560702485696364
ENSA,-0.2496820607344401
MAF1,-0.4526956095320444
RPS16,-0.1331947714361065
MDH1,0.099619963636696
CD93,-0.3488696861598735
HNRNPR,-0.2807952318557722
BTBD6,0.5446535770333644
EXD2,0.5402761662304009
GSTA4,-0.0965981816060639
NIT2,-0.1532949268329885
PALM2AKAP2,-0.4268473436864138
PXMP4,-0.3870487490235496
RPF2,0.1965591703563643
TMEM254,-0.2060626778258234
ZSCAN9,0.4732015069482923
DCTN6,0.1639400569469525
PPIB,-0.1066678057782859
SERTAD3,0.5146684736285686
RBM4B,0.2770253529463666
NAALAD2,-0.4696587210511843
MEA1,0.1176530905743079
LAMA2,-0.4080719417510819
BCDIN3D,0.453346028159468
MED1,-0.3946449169624374
YOD1,-0.4459048731908082
IGFBP5,-0.3121249140086971
INSIG2,-0.4247135924517797
LZTFL1,-0.3526669447611359
LRIF1,-0.303769315958727
MIR4435-2HG,0.3589018646940697
NDUFA5,0.1367160905326079
ANXA3,0.3944628106268649
BAG5,0.2448833901164605
HERC1,0.4302276806374501
NOP2,0.4536736724509572
PYGO2,-0.4840773096713353
HMGB2,-0.2181955456552226
C9orf116,0.5179535658033247
RAD21,0.2008254263428601
RPRD2,0.4639665454126892
USP48,0.3942584488500156
RPL11,-0.1111199546155944
YBEY,-0.4595372574774876
ARID4B,-0.3750561127390452
FBXO7,0.2890486634182805
INPP5K,-0.4758313143647322
PNMA8A,0.402427970575494
PUS3,0.3272258652241543
SNHG5,0.1415103341637472
GTF2F2,-0.2747622680196904
MED7,0.2623252406277976
CCDC47,-0.2892475927539818
CENPH,-0.4744897071531215
IFI27L1,-0.1387417551106572
TMUB2,0.4348815727380355
GNG5,0.1071130182803344
PHF20,0.2437993025129663
PAAF1,0.2371848798387774
ZC3H8,-0.3476535025745916
ACSL3,0.2804815869965871
CORO1C,-0.2973567073035482
MRM2,0.2927953156040867
TSN,0.1781283966716724
OBP2A,0.489189624714583
SUMO3,0.2408204464117413
FBXW4,0.5282196254453777
HLA-B,-0.2167444601403577
SELENOT,0.1269960092533672
ERLEC1,-0.3092314177619378
MFAP1,0.1794460258543693
TATDN3,0.268171392187164
EXTL2,-0.1984733063420748
GMFG,0.2686131199952717
ZNF561,0.3164356351365817
LCLAT1,-0.317943545324073
ZNF146,-0.3266573944587388
HNRNPUL1,-0.3608370108728455
CYBRD1,0.4232311766308011
RBM14,-0.4639901139737725
MAPK1IP1L,-0.1717552314666506
COMMD8,-0.3239406691064956
DUSP23,-0.2316961501539257
TDP1,0.3590623615180084
SCO1,0.4646423345667278
NAGK,0.2029502570960048
TMEM205,-0.2337025956901035
CTNNBL1,0.2096091771584957
ZNF827,-0.2480393974250355
PTRHD1,0.1218679356612056
RASSF2,-0.2996044184889837
RANBP1,-0.2583219020020846
SF3B6,-0.1440449308523935
PSMD1,0.21336943557684
RAD51AP1,-0.5042153935862626
ST6GALNAC1,0.2670787283174403
TMBIM4,0.091963898522408
MLF2,-0.3172549883237193
C1QTNF4,-0.4258800330300598
EIF2AK2,0.3462741457672162
NANS,-0.2426742553308315
DDX17,0.1464404196402953
POLR2I,0.1115694233389794
LIPT1,0.3581707309117607
HSD17B3,0.1356232364727047
RNASEH2A,-0.2821859916084916
RNF34,0.2802967569554039
ZKSCAN1,0.2184195753813243
CCDC34,-0.3351215466087378
KIF1B,0.2487373882230433
MAT2B,-0.1787912371720235
NGLY1,-0.3738603810857122
RAP2A,-0.2954897782538019
RPS19BP1,-0.3259561335996838
SMARCAL1,0.4049517329583835
TXN2,0.1073658684079242
DBI,0.1267019847695659
HLA-C,-0.2659458531590976
ILRUN,0.270077233909839
RCC1,0.4104976833541785
ANTXR1,0.3346714346519152
GM2A,0.238030463476634
GPR107,-0.3584241711173255
SLC25A20,-0.371713429326067
ZBTB41,-0.3250251798677442
FOXJ3,-0.3741662432698745
ATP6V1B2,0.321277709704767
PIBF1,-0.4800423502134374
SLC20A1,0.3965813899563526
NT5C3A,-0.5000015030420463
LOC100294145,-0.3511304471367298
TUBB,-0.083453092128102
OSBPL2,0.3995949194938392
PHF5A,-0.2424388865126301
SOCS5,0.3794888504637221
TCF7L2,-0.3714223207573747
TNFRSF1A,-0.398594327309715
GATA6,0.3568117834898241
LRRC41,-0.2461364360003149
ROMO1,0.1019113366527129
DPCD,0.1995232616641727
NTMT1,-0.3082652922976509
RPL26L1,0.1478739773061337
TNPO1,-0.1796322705289819
CFAP20,0.2651465102244794
MTX1,-0.2750104237923979
ZSCAN21,0.4579974519849111
SNHG8,-0.2104581412650091
ZC3H13,-0.2836085336479031
NDUFB11,-0.1500038853744848
THBS1,-0.4649408126589134
UQCRC1,0.1248787104179691
NUCB2,-0.2297046911633913
PIK3C3,0.2526886324565706
ZFP82,-0.3933126051612914
SPDL1,-0.438882312290632
CLTB,-0.5660821942338347
RNF19A,-0.2359497212996941
SCAF8,-0.3404378673832748
FAM216A,-0.4889288300470202
RBM28,-0.3380067529243646
DCAF5,0.3690842388868972
EFCAB2,0.4229691726499119
BAZ1B,0.3179633694505773
MRPL9,-0.2972828693056578
SNRPD1,-0.0775863942614333
H19,0.1592892006417742
ARIH2,0.2973485709344468
DMAC1,-0.1510653826313822
SLX4IP,-0.3526990377522986
POLDIP3,0.1678869445588194
DNAJC19,-0.146004438806637
YTHDC1,-0.2791393200113877
PPID,-0.4125958856568099
CKAP5,-0.2537448797115137
ARF3,0.2347368742881772
DSTYK,0.321160153932375
EIF5B,-0.2033968878468435
GPC2,-0.3019581179466626
MIS18BP1,-0.4450903308897732
PSMD5,0.3670378453075439
TPT1,-0.2034449845834504
ZNF337,0.4571463044771528
MRPL46,-0.2107241298110204
SUPT7L,0.262386615927097
ZNF317,0.4273412486288092
RNASEH2B,0.3853525800137774
TMEM126B,0.1771404806380417
EIF3F,-0.1674072987925473
KATNA1,0.3648288683448967
RESF1,-0.3807953984918028
FCER1G,0.2083465588254798
TRMT5,-0.367119118921469
TYW1,0.3984901213105689
NXF1,0.3534299994163315
SHOC2,-0.2221179487119618
B4GAT1,-0.3234950542705242
TBPL1,0.3230791329638954
ANKRD39,-0.4128339734057265
LARP7,0.1864736411631709
TOP1,0.3674272543966498
DUSP3,0.2910476845508716
UBXN8,-0.2486163008861947
XRCC1,-0.4919979454836992
SFT2D2,0.2968438892829193
HIPK2,0.3306744829494416
MESD,-0.1981783366738433
MLX,0.3274169981401116
COG4,0.3001665808195218
RTRAF,-0.1296931632348115
SACM1L,0.3084981963853207
EXT2,0.2906202457573442
NUMA1,0.347086581326383
PAPOLA,-0.1705892034008954
ATP5PF,0.0730078089629859
LMBR1L,0.3465121172173169
ZNF507,-0.510815453199143
RPARP-AS1,-0.2935554078024897
CDK5RAP3,0.2661230403372298
GATC,-0.3490957254532755
HPF1,-0.2853216272189949
NEFH,0.4470106752027273
NFE2L1,0.3354784433021678
RAB30,0.3402519098772291
ZNF431,-0.302871811182008
WDR45,-0.3607250865807062
MFSD10,-0.4067498404483162
PNPLA4,0.2024360260129791
POLR2J,-0.1706918684381538
RPA1,0.2713224308110738
FSTL1,0.2235937835214843
RPN1,0.1966315738274847
NDUFS7,-0.2316272843098635
BEX1,-0.2173881595586392
MRPS12,-0.3538206879144474
EPS8,-0.3919930524557474
IPO7,-0.1734506900260111
TBRG4,-0.3996145849022194
PSMD14,0.1228712804263079
XPNPEP1,0.1962422681138545
LYSMD3,-0.4576755792987634
MAPK13,-0.3166802466781493
MORC3,-0.4415040321689527
ZNF626,-0.3012415429943932
ERP29,0.0891778161044397
ISG15,-0.532855985803229
MARCHF7,0.1719261776998004
RING1,-0.4479708586784215
RSRC2,-0.1828503123949601
SNX22,-0.3376947912156084
IMMP1L,0.2543805630587
CSRP1,0.2197021490559501
OBI1,0.2287601413514713
ZBTB1,-0.3489936856771143
KLHL36,-0.4044101484637792
HACD2,0.3888161589601163
NUP98,0.3986104911809852
RGS2,0.4627215449274009
SAYSD1,-0.3826075046671153
STING1,-0.3642941256037427
HERC4,-0.38875532338828
GNL1,-0.4371848687606866
ALCAM,0.36825592259459
SRPK2,-0.2577900731683238
ODR4,0.3810187599981006
BTBD3,0.2460110533638338
COQ4,-0.4495858097491874
OXA1L,0.1021376312747653
PWARSN,-0.2047261233601126
RNF145,-0.3883733826120154
SERPINA1,-1.2091832397128943
SOD2,0.2543213719513944
CREB3L2,-0.4011880124098023
HYAL2,-0.4250206679807677
MAVS,0.3585402098647987
CEBPZ,-0.272186360352415
EEF2,-0.1693107333967285
TOLLIP,-0.3827673017490902
RAB13,0.1349198857133024
SLAIN1,0.2903735926036738
CHSY1,-0.2700624950560149
IMMT,-0.1731175739244484
YBX1,-0.2091116650306797
FASN,-0.5413161775390096
MTX2,-0.2876989700922003
PEF1,0.2161699106853484
SLC25A39,-0.3826344214073705
DNAJC13,0.3706395709190709
ZNF92,-0.3303695324799673
MAN2A1,0.2711968608818471
FAM107B,-0.4003660604584113
SNRPD3,-0.0911755500472187
HSD17B8,-0.4215820821801095
LINC00908,0.4275246265265782
PRPF4B,-0.2367525787825302
FIG4,0.3817665821924348
ARF5,-0.2177233474748278
ECHDC1,0.1861357921314744
FRG1JP,0.3294090092895205
KLHDC8A,-0.3887401725412026
THNSL1,0.3805120484798905
UTP23,-0.2945858571012651
SLC38A6,0.3722268640701232
HSDL2,-0.203798554940981
PKNOX1,-0.4236586976377159
IAH1,-0.1499535545274688
FBXL4,-0.4233282663768705
FYN,0.3330588464756807
IREB2,0.2400751411257581
RSPRY1,0.190733000982877
BRK1,-0.063057145403208
CHID1,-0.1849992706611939
G6PD,-0.2765487281625839
CAMK2D,-0.2339524570958887
KIAA1191,0.182089392564684
CIAPIN1,0.1580538435095448
ORMDL2,0.1427980873341095
BUB3,-0.1156147688654654
BZW1,0.1217738596576227
BCCIP,0.1969906017476983
CUL1,0.2476189550557332
ZCCHC17,-0.1463546589218861
ALAS1,-0.1996200616653965
PHAX,0.210558111416682
FAM120AOS,0.3641727416708314
GOT2,0.2329906340170799
PIP4P1,-0.3436679682476134
RPSA,-0.2852769967097686
MGMT,-0.3400567602115424
CDC26,-0.1756565609861931
ALKBH2,-0.3610597451120445
QKI,-0.1692022071536147
TAX1BP1,0.1245078186293535
UHMK1,-0.33621779778494
ATP9A,0.4028894686025631
NRDE2,0.3107037032147752
GSDME,0.2784154450160683
AP2M1,0.172437415261739
HMGCL,0.1772193428779411
FRYL,-0.4750055607573595
OSBP,0.3847002973753112
TDGF1,-0.2802936757900753
ECH1,0.1029814103711101
LINC00339,-0.2695511718871862
CKS2,-0.0985629503241277
TREM2,0.4974078371420491
DROSHA,0.4407728109957592
NETO2,-0.501182887886984
LCP1,0.2481029749739605
RAD1,-0.2107221737336107
RPL19,-0.0905926954300682
SHISA5,-0.219443706471824
STRAP,0.1177191251393467
MAGED1,0.1736821994182591
PRIM1,-0.2343592681892414
CRCP,-0.3596257236242308
DSG2,0.2901893937754515
MT1G,-0.5458436890816358
NDC1,0.3266320039844441
POLR2C,-0.2156711024838995
PPP2CA,0.1623032464954739
EIF3M,0.0697660036750958
PPM1G,0.2903412037008229
TSEN15,-0.3727054381136468
ZNF512,0.2638805209664669
ITGB1BP1,-0.2920754438521907
CD27-AS1,0.391885169466362
COIL,-0.1917515082454099
POLR1F,-0.1600368080774908
SIRT1,0.4041979054601985
SLIRP,0.0872670114590704
SNX7,0.2428383954564605
ZDHHC5,0.3381787615954822
GNAI1,0.2770336752787364
EXOSC5,-0.2560843973875249
LIMA1,-0.3293319119660899
HEATR6,-0.3382709321852266
NICN1,-0.4385954717668327
CYP17A1,-0.1945648837741173
ACTR1A,0.1408190543455534
GNA12,0.3451378318480304
GUCY1B1,0.3924531233451119
NANOS3,-0.4295812400026194
DTWD1,0.2012508815411825
SGK1,0.1715823624292009
SRP9,0.0779234401123599
FAM102A,0.3667143541033142
SNAPC1,-0.4019231664450872
POLR2E,-0.2534194452966466
APOL6,-0.4601609927744923
POLE4,-0.2404562052692183
UPF2,-0.2253149449432193
PDGFRB,0.4375072061192698
GJA4,-0.4958400774557921
MYL7,0.448833326222836
GPX7,-0.2141769914909473
NME4,-0.3270350468527295
TBC1D5,-0.3025362457674042
YAE1,0.1551027622525674
ARPC1B,-0.2817706035780646
SIGLEC11,-0.4461465725192505
ZNF195,0.3041785491326103
HEBP1,-0.3930862386743889
ISLR,0.2128072939941838
RNMT,-0.2867592116533224
SLC15A4,-0.3179487043404406
TXNDC15,-0.2996811598606361
GOT1,-0.185116630071455
PRELID1,-0.4174962244607426
TTF1,0.3091579746919474
HDAC1,0.2301349524975585
ZMYM4,0.2832020240229604
TSKU,0.3413135660242764
EMC4,-0.298147567890623
LAPTM4B,0.1341088765283792
PGM1,0.2814390732084613
SCCPDH,-0.241373772113597
ZNFX1,-0.4328668785260567
FBXL20,-0.2805956394795148
ATF1,-0.3858817404043644
SERPINE2,0.2417871619644311
LPGAT1,0.2978371369181806
NDP,0.221078570134126
CDC7,0.3639473753001527
HNRNPK,0.0924342659155894
DDX23,0.2834035177719493
KHDRBS1,0.1880128917015913
TALDO1,-0.132596437734575
PAQR3,0.3887170690046162
SDCCAG8,-0.3441932633896045
STX7,0.2531517972957287
TCEAL2,0.246764943175043
DDX42,0.3268665711233895
LMAN2L,0.2465768845183034
LYPLA1,-0.1653013551869162
PABPC1,0.1470356137055439
TCEAL8,0.0973647291753519
RPL23A,0.0615213986926356
SPCS1,-0.0894556338968383
MRPL11,-0.2006779545661693
NAV2,-0.3544764118347688
MIF,-0.0978506263674627
RPN2,0.1293022109121018
FAM32A,0.1609325943535768
MTRES1,0.2794545157104096
SETD3,0.402830682979594
TMEM185A,0.3091381009016213
ZDHHC16,-0.292863655684468
CRYL1,0.3815566728773489
SMIM10L1,-0.3562069372136926
PSMG4,-0.3336852074235441
RPP25L,-0.24334042833894
COX6C,-0.07395611009983
TSR2,-0.262900669120745
RAB5A,-0.2116750637044396
PPP1R8,0.2602683602359882
PRCP,-0.1487657576619801
SUPT4H1,0.0786584180136263
PTAR1,-0.280100824141287
SRP68,-0.2591601137219902
ZNF830,-0.2571370891853051
HELQ,0.2730907581892644
RALBP1,-0.2888628440807532
SERPINB1,0.179884897952477
SMAD3,0.3906537732304104
CIAO2B,-0.1477073882997943
RAB29,0.3931138056782972
RNF121,0.3004485249697173
FH,0.1848350950145394
HBA2,-0.1965795920469865
PPP2R5A,0.4141215415030361
RABGAP1L,0.453339864094545
THAP2,-0.3487581655368989
HBE1,-0.3065338477165341
MPZL1,-0.139859742519301
RPS4X,-0.0637848957039757
KLHL5,0.4286632655531465
AMZ2P1,0.2253891660792204
KBTBD7,0.3081939688644414
UBE2I,-0.1558752359831707
CSNK1D,-0.3140079405542124
DSCR8,0.4130714151771822
HBA1,-0.3023655587614057
RAB33B,-0.2676823127041339
RPL12,-0.0976001637180081
SMC4,-0.251083737510955
ZSWIM7,-0.2341749498480823
CLK1,0.2390728403445544
PRPF31,-0.3951257146750023
EI24,-0.2154101959275824
COMMD6,0.0576503769301242
FOXN3,0.2012430582247485
HLA-DPA1,0.2661308100659573
HSPE1,-0.0863496641232805
ECPAS,0.2841343300605053
ATRN,-0.3487818914677275
MRPS16,-0.126333750714289
NECTIN3,-0.3904077081695937
MSRB1,-0.2493150517979826
GABPB1,-0.3350859067675402
CIAO2A,0.1365311930579856
FOXRED1,-0.4319177704684687
GAPVD1,0.3110292264847063
PLEKHB2,0.1654874213206034
THOC5,0.1888305084449017
VHL,-0.3315249535731971
CBLB,0.3384084723918577
CSKMT,0.3705539681535223
LARS1,0.1592646102596722
RBMX,0.092856336995432
ZNF43,-0.252250662459559
CCDC137,-0.4338476367449179
CORO2A,0.32114579873214
DHX8,-0.2442554995450781
MZT1,-0.3200072533969441
PDRG1,0.1370522255057017
REEP1,-0.2137432662668862
RPS3,-0.0911303488563016
OLMALINC,-0.3800385829644847
BAZ1A,0.3177290792398544
NTAQ1,-0.3055189755375158
LAMB2,-0.3740797104224673
UBAP2,0.3508219827243954
MRPS34,-0.342308780243136
TTL,0.3569958176764822
RCAN3,-0.3833839753187986
TSEN2,0.3726536467575049
GDE1,-0.263856280391899
APLP2,-0.1781877343769893
CENPN,0.2295215771431093
CEP85L,-0.3951189761087072
CHD1L,0.3293529541407375
THAP1,-0.2286911174083174
RAC1,0.1342839416837211
CEP192,-0.3887262038259769
RRP9,-0.4208656261208118
ARL5B,0.2487970259839291
ASXL2,0.3731267915975674
COQ3,0.27440723099365
DAD1,0.061719748919531
EIF3J,-0.2290966034522884
MZT2A,-0.2852777923384126
NDUFC2,0.0719977661444014
PXDN,-0.2271782473195578
TRPM7,-0.3559703852378608
NUBPL,0.3324975960295906
RHEB,-0.1825528516540417
KIF2C,-0.2992004512733309
MAGT1,0.2346256145300886
MMP12,0.7510178467921577
TADA1,0.2565083861314419
ZMAT2,-0.1321454479664067
SSBP3,-0.2436469761753486
THAP9-AS1,0.3466283987582835
C2orf49,-0.3402909336183818
DZIP3,-0.4160890584639829
KCTD3,0.3349393205069833
RNF216P1,-0.2550921135083367
NOSTRIN,0.2267421890764942
PPP1CA,-0.2711267303815972
VPS26C,0.2955987042081183
CHPF,-0.4105044059292474
APOA1,-0.1137225674230022
EIF2S2,-0.1671769871333693
GTF3C3,-0.202257986779578
SF3B2,0.2281013656568721
WASHC3,0.1287813052946294
XPO7,0.2997141553735831
LPAR6,0.2866315524187212
ELK3,-0.372845670869646
GCSH,-0.2990592750672839
GBE1,-0.3114799414611877
HACD1,-0.4077015398135679
MIA3,0.2900858003052787
SEC22C,-0.2913222484390247
TTLL5,-0.253346580706226
AQP11,-0.3438321612587238
MCPH1,-0.2722417230539666
TMEM106B,-0.1750536872483288
ZNF644,-0.1958432823219421
C1QB,-0.2922020928474579
C11orf54,-0.2174595161279391
TIMP3,0.2285228261130934
TMEM101,0.1170186448549044
CCNT1,0.231442723507821
GART,0.2036146186912003
IMP3,-0.233146707325678
SNRNP27,-0.2241925211228528
JMJD7,-0.3938751950641178
ELOVL5,0.1022728058614495
FXYD6,0.0920579875512877
IGF1R,-0.2500672587249909
SEPTIN7,0.099427980056138
SMC3,-0.2216142749760098
TEX30,-0.2443930437233994
CMAS,0.1838451478857882
EMP3,-0.2098682497157477
ZSCAN16,0.3333624302543654
CITED1,-0.1853399561095367
EIF3B,0.2434679775973573
INTS9,0.3407019281832497
SNHG3,-0.1949960036346315
TMED7,-0.1975466486076363
TSTD1,0.1606414358721211
PURB,0.2621706686328233
ZFAND6,-0.132668906523261
SP110,-0.3429765649635047
CLPX,-0.2568601475615542
CWF19L1,-0.2731383813602308
FPGT,-0.3086039261925516
GMNN,-0.1608491196160793
HNRNPA3,0.1373691948187143
LETMD1,-0.1459807680319093
MAP3K2,0.2628017823528373
PGAP2,0.3189616805852928
TDP2,0.3017642713726214
TOPORS,-0.2837118839203401
TTLL4,0.328020221400326
GMPS,-0.2262958704073528
RPL41,0.0769521228412359
KITLG,0.3633488036956305
C1R,0.273524523769557
PEX19,0.2102178908437491
SRP14,0.0509685730301993
ETS1,-0.2661712128240437
COX17,0.1169677601361887
MTUS1,0.2241332729534625
OTUD6B-AS1,0.1927912214404629
RB1,0.2884209313528273
HEPH,0.3187502616338253
SVIP,0.1560760801167318
DOLK,0.3188236396847775
ALG13,-0.3108539215519729
GASK1B,-0.2029998827670864
WNT2B,0.3513555732781075
IL17B,-0.3869956939610669
TSEN34,-0.261809982301399
SPINT2,-0.2024993057727172
GAMT,-0.410467101371381
MYG1,-0.1498123521533878
NUDT15,-0.3492006234907502
PSMC2,0.1242737842394829
RETREG3,-0.1544759639183542
SC5D,-0.1551337629351596
SSBP1,0.0707432810527885
WDCP,-0.2655357655872402
DMKN,0.3681055520616426
BNIP2,-0.2134360002241766
KLHDC8B,0.1721060149561611
NBAS,0.3007687558090722
MGARP,-0.2391407784135563
EIF4A3,0.2597014215370157
ANKRD46,-0.2357890103495543
CMC4,0.1283098169886849
FERMT2,-0.3225175977886532
RPS4Y1,0.0553831580688334
CEP85,0.3260273320498628
TFAM,-0.1885784510124208
CAMLG,-0.2456558500782441
YBX3,0.3149521744588653
ARFGAP3,0.1453358211549565
ATPSCKMT,-0.2810991955953552
BBS7,-0.349491208315211
CCNB2,-0.1686735411222179
CHCHD2,-0.1585412375341593
DHX36,-0.2429513501648242
ELP5,-0.222399731250983
GRHPR,-0.1686793495899021
KBTBD3,-0.3200815088412974
LANCL1,-0.2210261799633661
MAGOHB,-0.1443706676619505
MRPL38,0.266954372726532
MTA3,0.2004032061150217
NPRL2,0.1702779643677464
PLS3,0.1527222054803365
PMEL,0.3722720380373944
SCOC,0.104449566069817
SERINC3,0.0970623894763274
SLC30A5,-0.3188731074334531
ZNF566,-0.3447376730273003
SLC50A1,-0.1651421445546545
GNPNAT1,0.2734953748543401
GTF2B,-0.135469436337959
VPS25,-0.0901414383719549
VIRMA,0.2133807735502317
DYNC2LI1,0.1795521385755914
RPS25,-0.0683710801254004
SEC63,-0.1703403952768446
SELENOS,-0.2330113447924643
LYPLAL1,-0.2110219487670011
UMPS,-0.1738477549839774
PIGU,-0.2816549001271612
PPIL1,-0.1452404881151523
ARL6IP1,0.0875241386592499
PMF1,-0.2473945986208286
ZNF875,0.29870272993607
CMTM3,0.3162919646187859
HAUS8,0.3328661449696331
KLHL7,-0.3476878825210492
RAB30-DT,0.3804192770430765
TP53BP2,0.3213983424749003
BOD1L1,-0.3357360164786883
CLIC4,0.1671291028080643
L3MBTL2,0.2963264907680871
PA2G4,-0.1588664452085383
PSMC6,0.0900048560026789
PTGES3,-0.1145985055983521
USE1,-0.2219472566884673
AIF1L,0.2845891692049322
DCUN1D4,-0.2532529836806104
CHD8,0.2735202476101628
GPATCH2,-0.2302876183936081
SPEG,-0.3590121073356188
EIF4B,0.093119733548343
FANCF,-0.3723644309119936
TSPAN13,0.2307469097502991
NDUFS2,0.1523171819538117
UTP25,0.2982045345241812
PSMB8,-0.172110431996568
MEG8,-0.2902696024569197
MRPL30,-0.1493998752130685
NAA35,0.3000362325082523
ZNF273,-0.326208278394591
YARS1,0.279145246015095
ARL6IP6,-0.3116533890627219
FRG1CP,-0.3156966088228243
ISYNA1,0.2052069184967898
MTIF2,0.2905018459524333
PACC1,-0.3782631983310711
RNF220,0.3368236150411773
SNW1,0.1615421928542912
TXNL1,-0.1247303582076567
BCLAF1,0.1575888073100385
CGNL1,-0.2811674054806145
NR1D2,0.2897114002383474
PFDN1,0.0933488749085943
ZNF292,-0.2334186120518666
LMCD1,0.2901732631054226
RNF10,0.2392355140149224
ANKRD49,0.2540030951281545
PPP6C,-0.1309671635828143
XPO5,0.3188601055372878
ACADM,0.1592180993778306
C11orf1,-0.1554007831678678
HMG20A,0.2299443467868683
NOSIP,-0.2120013556029907
TERF2,-0.2733044016342256
ZSCAN26,0.2387448749132496
CHEK1,-0.2535070894021436
DDX60,0.3328586748686878
DNAJC18,0.2670924110596769
OCRL,0.2181223893115609
CHN1,0.3010115033116363
RBBP8,-0.3531990877360549
FARS2,-0.2040777872520917
LSM10,-0.2538550608212142
PCYT1B,0.3874699933536938
USP31,-0.3868548362004717
PRICKLE1,-0.3049491390213948
MRPL3,-0.2121131084400691
IMMP2L,0.2064095587016055
H2BC12,0.201213307988949
KDR,0.3365207442235089
RDX,0.1180805771045141
UBE2V2,0.1227412423760223
INKA1,-0.3379387114284143
MSL3,-0.2330401394170063
LGALS8,0.2263546564333691
BAP1,0.2863689721271864
EPC1,-0.2515782529749129
PRCC,0.3292864179103315
PTRH2,0.1485021220043197
SLBP,0.2754002856811461
AIG1,-0.1540862473052724
BEX4,-0.1512560918189101
CYC1,0.157551799084464
ESD,0.0976349236266326
POM121,0.3826731035584562
PRPF38B,0.2585496143549295
ADIPOR1,-0.2284151221299307
FBXO8,0.2981327580320648
FNTA,0.1947073686245451
FYTTD1,-0.1254265073643187
MRPL50,0.1301196857965623
PDCL,-0.1451078808591393
PLEKHA3,-0.2688478818036945
SNX13,-0.3386135440387247
TIMM10,0.1443924739386213
ZFPM2,0.2467238098404173
ZNF271P,0.1697436612090585
IFT122,0.3671922404145488
PET117,-0.3214531798467193
SPG21,0.1656692409005856
CAB39,0.2957431533741292
CST3,0.1839392854791535
MIEN1,-0.208259631979124
PMP22,-0.1374464006549054
GLE1,-0.3213563832505265
LOC105372480,-0.34314614230426
WWP1,0.2837969519450669
SST,0.3852304777028388
GDAP2,0.3345213328017063
KPNA3,0.1872546023765303
ZCWPW1,0.4026726295094137
RBMS3,-0.2180737052298822
C1orf52,-0.2898486712654142
SEC11A,-0.1332417777121856
BFAR,-0.1835440591497536
ZNF496,-0.3368035659164459
CMTR1,0.3102147572267762
RBM27,-0.2796652263145733
TOMM20,-0.1634066371766455
TRMT10A,0.2798525839463841
FAM136A,0.1635790806796282
LRIG2,-0.3046014484996162
NEMF,-0.2009544793014157
PCYOX1,-0.203466928755729
CDC37,-0.3309702059189233
ECHS1,0.1446039944478343
MPV17,0.1605163170591528
NRK,-0.2202110180346811
RBP1,-0.0904545202935777
SLC25A12,0.329773715529841
SNHG29,-0.1059251388568866
TRERF1,0.3576735528659854
CHTOP,-0.2571150175467107
KIF22,0.296329543760641
ELMO2,0.2399367332562338
HEBP2,0.3533218723156683
GLA,0.1881564547269303
CEP20,0.1318370861359083
DCTN2,0.1900156565109455
FN3KRP,-0.3171897537090066
GPR34,0.3439366187870327
ARHGEF12,0.3374004496596366
PGM2,-0.3435033402848128
EIF1AY,-0.1236755442068331
LOC107984974,0.1259424492177012
TIMM9,-0.1448497526920419
ERCC4,-0.2735322963891921
CCNY,-0.23072917086181
CTDNEP1,0.2661126104653466
ECSCR,-0.3221072633931323
HLA-DRB1,-0.20558533207742
RWDD4,-0.2886128880358801
SCAND1,-0.1776773557556815
TGIF2,-0.2172773465044456
KIAA1522,0.3559459650046757
ZWINT,-0.2952267921164999
KMT2C,-0.244058490847147
MRPS11,-0.1910143157662995
SPOP,0.1497348474087189
AK3,-0.2214939396936189
BACE2,-0.3630638944519968
C11orf71,-0.3032381343408283
NABP2,-0.2339865437299884
ZNF681,-0.3335845831547211
SLC51A,0.3458249518274993
CEP57L1,-0.2995240082212089
UFSP2,-0.1728135642175388
LZTR1,0.2875560857983501
TCL1B,0.3033770492507243
TIMM17A,0.1356361885227134
ERLIN1,0.3315430922447003
FMC1,0.1457211606505877
INSIG1,-0.2726907131250088
PRKAA1,0.3239209697142315
TNRC6A,0.2674466458289028
ADAMDEC1,0.2836136138611765
EML4,-0.2765753350422427
ENAH,-0.1837221942119438
PPIH,-0.1332375396917115
RAB22A,-0.2411599383780399
EFCAB14,-0.242642260384048
THYN1,0.1085609375805443
MED28,-0.094685137805597
PNP,0.252676248864523
SARAF,0.1345680213127232
SNX24,-0.2707312083384777
CPVL,0.1850555195453027
TSACC,0.3699228819932207
ADSL,0.0953806791059512
RAB8B,0.1976071856947669
AKIRIN1,0.2432149993181617
DCPS,-0.2841731827136142
ZNF585A,-0.1622185710449287
BRD2,-0.2707144577124966
ERICH6-AS1,-0.3566504717850319
SLC7A1,0.3358323012998365
ARL6IP4,-0.182501314348412
ITGB8,0.2223679460402687
RAB18,0.1461515336375469
TMSB10,-0.079254919435517
TTC27,0.2646516101332152
TSC1,-0.3426786397885959
NQO2,0.2744575844065325
MGAT1,-0.3298247021616403
UBN2,-0.3050872903667
WDR13,-0.1978375666576897
RHOU,0.2822112582685486
ARMC1,-0.1893087969668161
MRPS14,0.1020870859614198
ASPM,-0.3968993824814263
ZBTB38,-0.2268792150187904
TRMT11,0.2471904912390124
ME1,0.2603475783322033
AGFG1,0.3020498228801741
ATF7IP2,0.3195129798565604
USP15,0.2341747990085521
PYGB,-0.3690614062682097
FAF1,-0.3636591678089919
TMEM138,0.1792217232105796
KNOP1,0.2184737587164847
CBWD5,0.1415309550069982
EFTUD2,0.162031900282248
PTPN21,0.2962438725411093
SPPL3,0.2004597455563716
ZNF32,-0.1716903134629707
EIF3I,0.0695839384607514
ALG3,0.209820779059765
CISD2,0.1398136880059232
CTR9,0.2538812791954808
NAPEPLD,-0.2144739022934443
PACRG,-0.2275876235691268
SNHG15,-0.2087873607797497
SUSD3,-0.2178161037773515
DENND1B,0.3765156031944355
PRORP,-0.1928794286881211
TAOK1,-0.1777373949193788
TMEM267,0.2779095192142659
ZNF568,-0.3832348219902626
SHLD1,0.2378656157617147
ADPRS,-0.2335373476657329
BDH2,-0.1148115450814571
FAT1,0.2296789558310494
MOB1B,-0.337144811466132
NR6A1,-0.2365827694856984
NRCAM,0.3158175252865219
POLD4,-0.2554844999396225
POLR3F,0.2474061274458767
POU2F1,0.3141541150304472
RFC4,-0.1754630174983429
SYNCRIP,-0.1354408174688504
TM4SF18,-0.1799411847366036
TMEM216,0.1582846895684516
RHOQ,0.3281071705961856
RPL23AP64,0.3358103461852574
ALDH7A1,0.1173255355347271
BLCAP,-0.2479624255384368
PLEKHA5,0.3102536608538689
REXO2,-0.183247768474807
DNAJC15,-0.1064569132917464
MPST,-0.3280162040684338
RGL1,0.296124614414229
TCTN3,0.2019489114159647
ZNF614,0.3228413322297523
PTTG1,-0.1180761220395573
NUDT7,0.2776793836271329
ZNF721,0.3327211164120713
SNTB2,-0.2729656271915759
COQ7,-0.3628301374741365
SLC2A3,0.2835209808247385
TMEM256,-0.0912196052651297
NFYC,-0.3292469211486932
MEIS1,-0.195397883864774
SLC3A2,-0.3146948684364514
IVD,-0.2465703674638854
PITHD1,-0.2802519522258166
PPP4R3B,-0.2545112285538961
RAB1B,-0.2214053802590281
RPP30,0.1084628278519576
C1orf162,0.2993205085476778
ZNF100,-0.2527836880195988
PPP2CB,-0.1786541243981593
AURKAIP1,-0.1362667159070077
NKTR,-0.2712168790821009
ZMYM1,-0.3177948614506377
VSNL1,-0.3812753603112487
DHRSX,0.2862173792700656
ENTPD1,0.2790323582187866
FAM50A,-0.3322037834784155
OSBPL8,-0.2052067893864297
PHF3,-0.2884323813539373
RBM34,0.1341445187379176
HNRNPA2B1,-0.0779199565252053
MTMR2,0.223597348973119
BRIX1,0.1708816351146918
FAM210B,0.2306807665232634
GNB4,0.257971482630106
PCSK6,0.2686582835876943
DIS3L,0.2648572078334747
GTF3C2,0.2296330752211894
S100B,-0.2332027668128711
SUFU,0.3633556241439475
CZIB,0.1206252717760717
PTGDS,0.3697208265198602
CEP89,-0.365811199986139
EPHB1,-0.3462961698483287
KIAA1586,-0.2638173527917838
KDELR2,0.1189863296867013
ANXA4,0.1813809053406505
KIAA0319L,0.3465258069990664
ATG3,0.122912225219963
KHNYN,0.3260561960313242
CRLS1,0.2744009430333523
TMEM19,-0.2596786179438636
RNF187,-0.3431985925419183
COA6,-0.1441921497547573
KAT7,-0.181624012916481
MOSPD1,0.2139451254233126
TXNDC12,0.1308196384482661
SH3RF1,-0.2481885798500055
TAGLN2,0.0932540207011617
ADGRL2,-0.2340095221225812
TNFAIP8L1,0.3131063850546375
EXOC6,-0.2798091589749421
ZNF428,-0.3689941758867023
MRPL20,0.0848092469334784
INO80C,0.2091394354025339
PSMB6,-0.0760512404212078
ACTR1B,0.3071471697870984
LRRC58,0.1795030983827448
ME2,-0.2744042675633646
RASL12,0.2848794213464147
CALB2,-0.3269150951898285
SVIL-AS1,-0.222967532626054
HEXA,0.1836308016843491
ADI1,-0.1698622139803864
AIFM1,0.21366612809265
GPX4,-0.1713985831884637
HP1BP3,-0.146169311312436
RACK1,-0.077902247051307
MLLT6,0.3533776923022967
SLC25A37,-0.3114508892659551
MRPL23,-0.2046761637957231
RRM1,0.1447548082708308
CCDC59,0.1727323471441436
GIMAP4,-0.245629103708327
NUDT1,-0.2720173509533063
TOE1,-0.3289075147524149
DGLUCY,0.1940346840510483
TOX,0.1986314919960054
ZNF567,-0.3184154890711755
BCAT2,-0.2889620772615725
CFL2,-0.1411633554661085
SNX5,-0.1369751780624907
THAP7,-0.3558840943079709
CDK5RAP2,0.2801621119147121
DHFR,-0.2341319690248791
JRK,0.3900874837891819
MYRF,0.3259948622663227
NUP62,-0.2142158023219266
C8orf76,-0.2302943437548578
RPLP0,-0.0330260553845321
MRPS35,0.0997447696384915
BBX,-0.121038072738898
KANSL2,0.2111641441250848
CDKN3,-0.1736048835286901
ILF3,0.1705076320185265
PPT2,-0.3392848564727724
ZNF331,-0.3072218649061505
GADD45GIP1,-0.1542915821285788
MRPL10,0.196985163075716
C5orf24,-0.1693583380598917
GEMIN8,0.213024663847739
GYPC,0.2474147642731212
C3orf14,0.1630024252262488
MCM7,-0.1089435415847156
CELF2,0.2732680517538112
MED29,0.1993842062044325
TLE4,-0.1913072429846267
NUP160,0.3193907752023685
PHPT1,0.0785243981292156
PDIA5,-0.3159145305794678
CYTOR,0.2373148488503223
DYNLRB1,0.0912419761005302
RAB1A,-0.1368580828771635
CD46,0.1437552287047191
HSPA5,0.1023334019489834
RIOK2,0.1975420491857109
TMEM41A,-0.125326479826605
DCTN1,0.2295452519267683
BTBD10,-0.2288854581239975
CD2AP,-0.2665341332222418
CNOT10,-0.2975907168650195
HNRNPAB,-0.2229293173521322
HTATSF1,0.194355096610915
LHFPL2,-0.286566342892587
MKRN2,0.2137481261169971
NDC80,-0.2655769869367604
RPL32,-0.0650510328065658
SLC29A3,0.309911760955709
TNFRSF10B,0.2710703242336862
APRT,-0.178034327495313
BNIP3,-0.227333987738181
BPHL,-0.2565625049242406
FAF2,0.1727459039685906
PLAGL1,0.1793436284124138
RPP38,-0.2136242640794392
SP3,-0.176011589364065
ZFAS1,0.1037993450924571
B3GALNT1,0.2606442221137143
CDC27,-0.1913794536157506
COMMD5,0.2556161377900345
PRUNE1,-0.278530477832566
PSME3,0.2535268202812024
LRRC42,0.3025175418115506
RDH11,-0.1195750783506658
FAM120A,0.2510870532875961
FBXL15,-0.1871558794807058
GSTT1,-0.2156110391612551
KLF7,-0.300311557351994
RAB3IP,0.2652404748972807
RNF7,-0.0894113663412311
FAM13B,-0.2513442833407903
MLEC,0.1517475742708698
NMI,-0.2932627675880192
DAG1,-0.2342272242708226
PSMF1,-0.1213048073338185
DAP3,0.0888924505044966
FGGY,0.2819441021727129
NRAV,0.3190928668543216
TOMM7,-0.0893244732677521
CLUAP1,0.1651470037326678
SUCLA2,0.1497035235120549
ACLY,-0.1493307647661042
SOX4,0.0869952646147162
ACTA2,0.2287969079895088
FOXO1,0.2242620268098586
SSBP2,0.1657744680456369
ZNF232,0.2797694246777005
RTL6,0.2214463800400675
ABI2,0.1479969349446359
BTG1,0.1615314828120896
CCDC6,0.2075094830881351
COX7C,-0.0981848297279756
DHX33,-0.2621050275206908
HARS1,-0.2068866092821822
LZIC,0.1453164807223641
OGA,0.2464101354385073
PPA1,-0.1216776018617421
REV3L,-0.3451570449790597
SERGEF,-0.3535772818242083
TMSB15A,-0.1311420167306878
TTC8,0.1703378025813956
QSOX1,0.2082137179152474
DPAGT1,0.1950279609848519
GOLGA3,-0.2799744029050749
MND1,-0.2329807845621413
ZNF136,0.2820504642811636
SMIM15,0.2681395425832091
VAMP7,-0.2617710165086226
DCAF6,-0.3411392415397933
MORN2,0.1511363351977111
R3HCC1,-0.282211165997191
SELENOP,-0.1395231301773899
IFIT5,-0.2755171380922911
LDLRAD3,0.3300375013772285
ANAPC5,0.1324966453042754
CASP7,0.2738124792468221
LRBA,0.3041431633491537
MCM3,0.153937263079212
ZC3H11A,0.193683853791258
SRP14-AS1,0.3045286051967764
ATP2A2,0.237997369332773
ATP6V1C1,0.1498226257287623
CBX3,-0.0796313428607798
CCDC126,-0.2683517829519917
CCNH,0.1810520485975519
CDKN1B,0.1927865627318703
DGUOK,0.079538363550205
GRWD1,0.3145628920760921
GSK3B,-0.2713244116246426
HBG1,0.1446220994408472
LIAS,0.1837251672794
LST1,0.1900922552500736
MOV10,0.2296644547373319
MRPS22,-0.1066963594738921
NKAIN4,-0.311077795790224
RN7SK,-0.2833452796382172
SLC25A13,0.3308357667974183
TMEM176A,-0.2708504757052499
UEVLD,-0.2882099524958065
HBS1L,-0.1782439836038852
AK1,-0.1321499859325034
BUB1,0.2303159165449465
PLAG1,0.2268363259552757
PRKAR1A,0.0993669278938738
TRUB2,-0.2817511206047807
CSTB,-0.1816148088953248
ESF1,0.1406790785564103
VBP1,0.1107082880901556
ALG5,0.1077390118107061
TMEM116,0.2919514024963496
IL11RA,0.1671853049692593
SSPN,-0.2087737957091977
YIPF3,-0.1285617677158154
PEX3,0.2228309296100789
GCA,0.165608508927693
HSPBP1,-0.2915578777137926
IL6R,-0.2659886341451776
NMT2,0.2080944574159308
BCHE,-0.1734733506072551
SEMA3C,0.2408283045666344
SRFBP1,-0.2940362780851687
FAM217B,0.2192620428734323
CARHSP1,-0.1546290838613659
MGST1,-0.1435207394723659
NDUFAF3,-0.1006758768759854
PGRMC1,-0.1044655540745243
RAP1B,0.1354231217380609
HECTD3,0.3385328950102492
HMGB3,-0.1440671851500667
SLU7,-0.1530312174578179
GTF2H5,-0.0644777778913144
PRMT2,-0.1343352631433921
GPS1,-0.225444284706473
DHRS7,-0.2194340627467361
IFI27,-0.2953205338504844
MUL1,0.2312707603551807
NCBP2,-0.1088133532110463
NUP107,0.2211101429790674
CAV2,0.2080170174311875
DDX19B,0.2125376290744885
RPL31,-0.0611142018882438
U2SURP,0.1542141604937527
C17orf49,-0.304178318490559
HES1,0.2074422581170837
HINT3,-0.293605271250468
PCDH18,-0.1775856501375116
ZNF91,-0.2294354746370784
MCL1,0.153197730138702
NTPCR,0.1137091690171321
VPS35L,0.1584788504633183
CBLL1,0.2393056719923502
PLAAT4,-0.1382820071098653
OXSM,-0.1826306196120554
B4GALT3,0.1304609362648473
ZNF37A,-0.2891484930590658
DUT,-0.1974072871090805
SDHC,-0.0840406694640966
UBE2D3,0.0632493659977664
ELP4,-0.2289734912599131
TGS1,-0.2478945601957302
MAP7D1,0.2971720033614568
LRR1,0.2399029004608541
CHD6,-0.2285748944768605
TIMMDC1,0.1200774503103896
TSPO,-0.2724670358049015
ADAL,-0.2369153420200744
KLF6,-0.1530679829689373
LEPROTL1,-0.1458947490340438
PLD1,0.2596409860859439
CHM,-0.2834717299770674
RO60,-0.1008571654943363
XIAP,-0.2530136325043348
TBL1X,0.2896676173882302
TRAF3IP2-AS1,-0.2586232362400667
CHRND,0.0895404080972499
DDR1,0.2749205266567568
DHX40,0.1654645897876372
DPY30,0.068925232732613
FER,-0.2361822007112059
HBB,-0.1378715792010359
HLA-E,-0.1851885658150472
ICMT,0.2718715891769215
SEPTIN11,-0.2193153353521403
SLC39A10,-0.1342140340983689
UTP6,0.1716133720099996
EFNA1,-0.2238335417706423
UBQLN1,-0.19415172705637
GALNT1,0.1601150664672273
IFI27L2,-0.1041222690039756
DRG2,-0.2671365781825624
SPART,0.177031036138101
GGPS1,0.1360299932147548
THOC1,0.2482581945271515
ANAPC11,-0.0615122325980474
VOPP1,-0.3039710753210582
MED13L,-0.2390935541011861
PGK1,-0.0607446943349469
GGCT,0.1119672221642992
ZNF254,-0.2944878352004652
TMED8,-0.1912003282707644
ERGIC1,0.2000896978836913
MAF,-0.1506672124504388
CARD16,-0.2931559100996207
PATZ1,0.2604159916115919
VPS8,0.2674823801047299
DESI1,0.2853083402663208
CEP63,0.2792687947098928
ATG12,-0.1095849538252769
CDK19,-0.3052565604077771
ENPP5,0.2980824778375423
GBP4,-0.1624433903399249
ITPA,-0.2179223044444294
KRBOX4,-0.2031956601445016
MPP1,-0.2152182603360617
PYCARD,-0.2049099824283498
SETDB1,0.2003062829764102
PDLIM5,0.18444822379352
SEL1L3,0.2781756989730205
GALC,0.2083460807767689
SEC61A1,-0.2073473144445545
CLUH,-0.3813382090171167
GTF2H3,-0.2422554628295209
APOD,-0.1496426463707941
C16orf87,0.2114650032215229
DUSP22,0.2730439306764081
FEN1,0.2160566745979726
GNB1,0.1290832590970833
GTF3C4,-0.2113545062845495
LAMA1,0.1753956229431802
NBR1,0.1892195541974184
NUP37,-0.1396064846548303
OIP5-AS1,0.1476915090232689
PHB2,-0.1288772532143169
PLIN3,0.1255885062860054
POLR3B,0.2646752180899115
PPWD1,0.1885327216243124
RUVBL2,-0.1659599280750314
SRP72,-0.0960795130917306
TMEM242,0.2194038083007301
NIT1,0.1453296069389236
ACBD6,0.2517334460046726
COPG2,0.2953417500291569
DEAF1,-0.3139378491516027
DYNLRB2,-0.2201592424784383
HNRNPM,-0.1558830646581132
ISCA1,-0.1709779183930641
RAD54L2,-0.2701534856686167
SLC12A4,0.2858537979604681
SLC25A11,-0.211594740526057
SREK1,0.1661387128877846
SRRM2,0.2879465592266556
STAG3L4,0.2096383621927272
TIA1,-0.1507200354818354
TMEM223,0.25325422564791
TNPO3,0.2265425393156873
ZFHX4,-0.2517316290692603
BLOC1S6,0.1766016018007333
LOC646762,0.2584714185545627
ANTXR2,0.3280378180164026
BEX5,0.198921744534691
FAM162B,-0.2669846555863813
LUZP1,-0.2842838066214888
MSANTD4,0.2402853933296731
NDUFAF1,-0.2107830438766607
PDGFRA,-0.1342004267574915
SMNDC1,-0.2047447215859531
CDK2AP2,-0.2162245922347742
NAPA,-0.2668962179692493
NXT1,-0.2439325734070833
LSM1,0.1599243372384425
CSE1L,0.1032707836585295
PARP11,0.2962662940522483
CENPQ,-0.2575400263602744
UBAC1,0.2549584149773504
CCT8,0.0555511951280193
KPNA2,-0.0706573985480139
PRSS23,-0.1265159570826674
PTGIS,-0.1996503541339996
RMND5B,-0.2801703906239427
RNF146,-0.2382099050988177
PIGM,-0.2043324555528954
ACOT13,0.0934356781254238
CCDC152,0.1957941359372109
LSM8,-0.0992533606416177
LY6H,-0.304594210556078
PRRC1,-0.1428001965715066
ZNF429,-0.1831384913029085
KBTBD2,-0.2599893190180206
KRIT1,-0.2436471235543043
LRRFIP2,0.2861698694298753
TRIM8,-0.2617204110274266
ZBED5,-0.2146924707591971
PTPMT1,-0.1733201470516536
NBEAL1,0.2734416085317224
GPHA2,0.3031441835350078
RRAGB,-0.2096718419687057
RTL8A,-0.2037942040560767
U2AF1L4,0.2640771505659942
NUMB,-0.2317695942471369
UBE2E2,0.2093572364691162
BOLA3,0.1099887816360732
C2orf74,0.1438093826501227
CWC25,0.1711485006515759
ANGEL1,0.2753534427291038
NDUFA13,0.0627320860927062
RPRD1A,-0.1499604436718709
RWDD3,-0.3124337084508369
ABCE1,0.1108070691952617
EMSY,0.2715070450078713
TJP2,0.3152980014445585
CLASP2,0.2956958509778456
DSE,0.2694254896999705
FBXL5,0.1370252501960714
FOXJ2,-0.2877755225316104
HUS1,0.1814417308367235
MAP2,0.2250776976870037
NUDCD3,0.1713429846522595
RBM15B,0.2574158321732743
TET1,-0.3091383134829742
TPM4,0.0890343424958359
FABP5,-0.1164536975949065
HECA,0.2480857433717752
PDCD2,0.2469143037130179
MARCHF5,0.2098824606522341
TCERG1,-0.2483630269367907
PGD,0.0532749756968141
RNF168,-0.2133414982735808
VAMP3,-0.0943837475309416
ABCD3,0.1870720312107222
CCDC69,0.1899907409797133
STAT6,-0.293083554657609
POP4,-0.2118072168658341
MSH2,-0.1867242005057572
UCHL1,-0.1446041717638006
UNC50,0.2331594345618565
ZNF226,0.152854311587429
PGAP4,0.2547802236815587
ASPN,-0.2249133886489548
CRKL,-0.1907583351885406
FBL,0.0872743516282024
ORMDL1,-0.1377134758237054
SLMAP,-0.1970177577515311
SMCHD1,0.2867416439491921
TACC1,0.1930483017893351
DYM,-0.1882992116845765
SNAPC5,0.1537436137075005
CS,0.100549920542986
MFN2,-0.2543733247730439
RP9,-0.2546666762762425
ITGAV,0.1479393416489349
CLOCK,-0.2325824205560935
PAX8-AS1,-0.1735086114325401
PRELID2,-0.2569742624207876
ABT1,0.227780115790021
DNAJA3,0.2779564449089754
KLHL15,0.2232888964349615
RBM23,-0.1549247238535757
RBMXL1,-0.1083586283685637
TOMM34,0.1812517473853385
GOLGA7,0.1269149242137084
ZNF581,0.2331633764126332
HLA-DRA,0.1392830944018564
INTU,-0.2558014963566427
TMEM123,0.0921700615887768
UBA3,0.1546558828175651
SMIM19,-0.15242180296865
N4BP2L2,-0.1168110159873101
DYRK2,-0.2315957118668585
ZNF627,-0.1889330393818986
FLII,0.1824666310594936
THAP11,-0.3031957051026603
FGFR1,0.2859836517190852
ARL5A,-0.1575349968849203
ATRX,-0.1669321387411592
AP3B1,-0.2285172406452009
ROGDI,-0.2786262596150006
SMAP1,-0.2039421667174396
C1D,0.1152859868543386
RPSAP58,-0.2462168349114256
SUZ12,-0.1796331226370224
LCA5,-0.2948009249493243
NDUFS3,-0.1589336481399802
NCOR1,0.17363070646977
QPRT,-0.1550251682833248
SRPRA,-0.1780395231233885
THOC7,-0.1028448837019161
TMEM100,0.2574170946804358
SRBD1,-0.213323953261146
COX8A,-0.0626821699164916
GEMIN2,0.1755487919831202
SURF1,-0.0953476621336731
BNIP1,0.1257006729753497
FBXO25,0.2835312911997782
CYB5R1,0.1941056019278973
CDC6,0.2586209049911384
LDHB,0.0380269072361016
TGIF1,0.1330914595232086
TUBA1A,-0.0440873292591319
UBE2L6,0.1258920880306475
E2F6,0.2510549842788461
CCL3,-0.3032593166747697
C1orf21,0.2309516252508633
HDAC3,-0.1969037003682465
SLC35B2,-0.1977346113432591
UBA1,0.1308820030614661
APBB2,0.2280457711534005
RFTN2,0.2390440418185993
TXNL4B,0.1595774068595043
PRKAR2A,0.2051398803162281
BLVRB,0.1384934701014231
INTS4,0.1957278592083325
CPM,0.2687941981921709
TRAPPC5,0.1296987496396791
ADAM9,-0.2058433973697865
TMEM219,0.132050893970222
PBX1,-0.1807158540436135
GRPEL2,-0.2074557153151074
LOC100505715,0.2376708830820655
GABARAPL1,0.239720590182609
TEAD2,-0.2039631161978297
RBM26,-0.1855302325543549
S1PR3,0.1993910147230803
TBC1D20,0.205548423043427
ZBTB44,0.1548351582027029
ABRAXAS2,-0.2435878745722851
POLR3GL,0.2030149450728291
RUVBL1,-0.2265350819601352
YWHAB,-0.0800543994948097
MAPKAPK5-AS1,-0.1562209981103077
MTX3,0.2571279460974561
SECISBP2,-0.259469031823492
SLC35A3,0.2523810407611068
UAP1,0.2445324987609856
PTPRZ1,0.2726152303329016
SENP7,0.2355583600038076
ZNF415,0.2429851749658442
MTHFD1L,0.2243450931741151
CRELD1,-0.2479581385186199
C18orf54,-0.230984120219355
MED25,0.2906365386648292
PPP4R1,0.2232954761176618
METTL23,-0.2285166468453898
MTMR4,-0.187806273548484
C6orf120,-0.2741651590876982
EPRS1,0.1479984646154369
TNNI3,-0.1507333217632848
GPN3,-0.2278784244151393
STAU2,0.1648728381490818
ALDOC,0.2084890360036158
DIP2C,0.242868336648338
MANF,-0.1774923909100156
ZZZ3,0.23430768001541
BET1L,0.2570589849330285
CCND3,0.2008284980609172
CIAO1,0.1336083822450083
AAGAB,0.1347562072588417
ACSL4,0.1326545553591922
NT5DC3,-0.2339013238046657
REPS1,0.2074700067693144
XRCC4,-0.1939271319000541
SRGN,0.1450845856807035
SPIN1,-0.1180387533680848
CUL4A,0.2113845410345482
SUCLG1,0.078230733465154
MTCH2,-0.0765550035191068
ADPRM,-0.2179137243581512
RNPC3,-0.2034763823197565
ANO6,0.2488295006637622
PGRMC2,0.1615694377276449
POU5F1,0.2415831370387213
NDUFA2,0.0542402349793713
SPRED1,0.170219577124765
BMT2,0.2301868881287005
TGFBR1,-0.2194095977657671
GSTO1,-0.1233644511863403
CMC2,-0.0899307267558586
DLG1,-0.2179990319473283
HPS5,0.2572320755737593
ACTR10,-0.0865427732858502
ASAP1,0.2290076297951096
LDLR,-0.181886178375531
COX5A,-0.1193761096521517
DCAF12,0.1903256771000996
LRTM1,-0.2456138535055709
MAGI2-AS3,0.2479788641115315
CD14,0.1919225630138003
IRGQ,-0.1754763537122902
MRPS31,0.1088998064037862
HSPB11,-0.1072135103164493
CLTA,-0.1402787448721741
FNDC3B,0.1234159719079077
MACF1,0.1936238522411461
SRSF4,-0.2391833584257298
ZNF184,0.26539939401638
REPS2,0.2488331833199394
RBMS2,0.213844949947688
BTN3A1,-0.1457834183967919
CREBBP,-0.2066412086926607
HERC5,0.1751750032221241
ABCF1,0.1818316218753762
DICER1,0.1888390077763031
FAHD1,-0.1660045500438795
PSMA5,-0.0584748953312063
RPL23AP53,-0.1903390379379292
TIMM10B,0.1177737450209553
UBL3,0.1605978251888239
ATP5F1E,-0.0501649800834256
AFG3L2,0.2364268025194593
CYCS,-0.0700306267240271
MFAP3,-0.2459499045437143
NGRN,-0.110730923760002
USP4,0.1868413220851951
PPME1,0.2210410083609734
SAE1,0.1017225043488727
MAPRE2,0.1608603628795547
PPP2R1A,-0.1187989144290826
SCML1,-0.2168822502447902
UBE3B,-0.2101729315908181
FMOD,0.2651807027981261
C12orf4,-0.2566265216544449
TRPT1,-0.3071837678788912
FXYD5,0.2602132752239652
SH3BGRL2,-0.2230349990266132
ARPC1A,0.0632082849223686
BAMBI,0.1950507599397493
SWAP70,0.2560896721868421
ABAT,-0.2260337064731695
LOC101929243,-0.2277656265559009
MED13,0.1513869605294963
SNRK,0.2855205049401685
DIAPH2,0.2562097567755466
FBXO32,-0.2708761657446986
C9orf78,0.0915898865773477
LRRC75A,0.2198199719579021
DPM1,-0.1455139922802548
IFNAR2,-0.232417668254415
RFC5,-0.1451401693072365
ST6GAL1,0.2312778054431952
UBXN6,-0.2235649105904767
CSRNP3,0.2157382677517476
TMEM38B,0.1758483714725167
TIGAR,-0.2105152003032322
USP9X,-0.1219992360239669
SLC44A2,0.2325269081913363
CALD1,-0.1276762624656584
CNBP,0.0476986704329165
PSMB2,0.0560178923164394
SERPINH1,0.1282679528481469
SRGAP1,-0.1776010966425579
TERF1,-0.1797762353215278
AGTRAP,0.1322989084624906
MTREX,-0.1781383380162415
ZNF134,0.2368473672063907
C2orf27A,0.229136121291948
MRPL2,0.1765767096843306
NSDHL,-0.1196273538069428
TMEM11,-0.116225183001638
TRMO,0.2049177272570483
MRPS9,-0.1212539678708208
SUB1,-0.043092424141827
CFDP1,0.0677641456200227
MRTO4,0.1421887479830552
KIF3C,0.2644385566056134
RND2,-0.163025685662676
SETD7,0.2512513582175021
RAB2B,0.2363656102073155
CCNB1,-0.100074710632182
DIP2B,-0.2084626995299353
ACYP2,-0.1394353397525116
CDCA7,-0.2485224420452434
CNPY4,-0.1589612897139596
LIFR,0.2395015953071471
MAP9,-0.1829194012509258
MIGA1,-0.1951750893813061
MRPL13,0.0904096403762745
ZNF483,-0.176496749115854
ZNF85,-0.1896055205924128
NSMCE2,0.101184046735721
TMEM41B,-0.1665497863791578
GSN,0.1356749691324141
RHOA,-0.0608378405557335
GSPT2,-0.2512509031157154
ZBTB20,0.106514077663487
AAR2,0.1406173967031289
TUBA1C,-0.1212738668664421
CFAP36,0.1441269462126712
COL6A1,0.1968306185975357
HCG18,-0.2302768073823766
KPNB1,0.1183607418666379
NID1,-0.2145670526906512
POLR3K,0.0890125890209566
SLC26A2,-0.2149704157984764
TRAPPC4,0.0741246196943765
GCLM,0.2083022987794511
SLC38A9,0.1719802788784024
VMA21,0.1315974658457993
GPX1,-0.138679149827432
SNX1,-0.1672071284360128
LINC02482,0.182074894657967
MBTPS1,-0.2273229891525064
CKB,-0.159437661724576
EIF3H,-0.0517445087101115
OTUD3,-0.2142456866981874
RBBP7,-0.0892226877342933
CCDC186,0.1727938850831344
PMM1,0.1389653280716694
ZNF649,0.1891982501477264
ZW10,0.2052570965227873
PIGC,0.120267477385646
POLR3D,-0.2233210381160476
VDAC1,0.0654311964560945
NUDT10,0.1699413337931883
C5orf15,0.1287203822877122
FLRT2,-0.1850330719612858
FTSJ3,0.193293278565827
IFI16,0.1252150007691538
PIK3R1,0.2566285767569121
SLC25A32,0.2517440269609274
TOMM6,-0.052114822446873
UBR3,0.2181189231557412
ZBTB5,0.2188973651506982
UBXN2B,0.1770784551921448
BTN3A3,0.1854643899676135
PPM1D,0.1999185581708888
CISD1,-0.0730180437217828
SINHCAF,-0.1093915330354113
SACS,0.2067580869006539
USP34,-0.1740405927782168
ZNF12,0.2098709163738934
ASNSD1,-0.1321538726309778
PIGBOS1,0.1342279243627316
STAM,0.1355358229835616
RPL6,0.0383847724476951
HINT1,0.0433982703098845
TSPYL2,-0.28342113442532
GUSB,-0.20691948423346
UBE2H,0.1299596258913677
DIS3,0.2094575015121059
SAMHD1,0.1617477578823851
MTMR6,0.1969732072154782
PPP1R14A,0.1034333185906847
RIOK3,0.1908039366767641
ARPC5,0.1113202375816569
H1-0,0.1442932007819443
MICOS13,-0.0979487916846742
PCGF1,0.1576679484824524
CPPED1,0.1530425982571175
PREB,0.1707231717728148
PICALM,-0.140726090753139
TMEM69,0.1396494308935499
RALGAPB,0.2142081118480428
FAM122A,-0.2258112514648907
BAG1,-0.2419174229571041
CCT2,0.0448910811425676
GATAD1,0.202620063901559
MINDY3,-0.1588767837214031
RBCK1,-0.213281912558112
STAM2,-0.1506374427555823
PPIL4,0.1179647962283527
EFR3A,-0.2153616748670623
PDXDC1,0.2326210273865119
SNCG,-0.1719047115314554
PAK1IP1,-0.1203670943925216
DPY19L3,0.2289847512389714
EPC2,-0.2120023040971277
FRZB,0.2067743432111064
IBTK,-0.1495418365899203
MAD2L1BP,0.1748681088287208
TCP1,-0.0875979953346919
YIF1A,0.1209867094056085
RPL13A,-0.0454136369928204
PARP4,-0.2082965983345885
SUV39H2,0.2244245858727915
WWC3,-0.2289581321771276
DPPA3,0.2234738026641931
FECH,-0.1756318882470383
RGS3,-0.2220157229733272
SMIM29,-0.1769544833899438
RTCA,-0.1748854532909898
HNRNPA1P10,0.1728416978659072
PTPN9,0.2124207465708269
TARS2,0.2668222032011205
FABP4,0.2351804720225578
RCBTB1,0.1551687281282728
CYB5B,0.0992172411304743
LOC107985911,-0.1566786111428424
PNPLA8,0.1340532529993416
MXD4,0.0980363468861296
TAF3,0.2851564260487975
TMEM251,0.196691063872381
DENND5A,-0.2461453683358599
UTRN,0.2602595258748428
HSD17B7,-0.2286745417509985
AURKA,0.1652067078416002
VAPB,-0.2182803395762083
RFC2,0.2015313539833542
DCLRE1B,0.2179170583747212
PLCE1,-0.2142966965357952
ZNF131,-0.1854880162737171
JARID2,-0.1889185051725894
ILDR2,-0.1186477425922564
SCAMP3,-0.1762793756844008
DPY19L4,0.1741195003824325
ZCCHC10,0.1024288859713094
ALG8,0.0956059500062702
CCNB1IP1,-0.0958342070971844
DENND10,0.1822858641285619
NDUFA3,-0.0533372834106197
STT3B,0.1183601748311163
COX4I1,0.0277611117184996
F2R,0.2302544925342599
SMC2,-0.1800359368331964
ANKRD11,0.2696762877341776
APMAP,0.1151319401674501
NUP54,0.1934033027145109
ZNF597,-0.2704860459905016
DIPK1A,-0.2368204446968546
HEXB,0.2082409181792606
TFCP2,0.2199965361502026
DIAPH1,0.2129288454478861
REG3G,0.1864424016205879
TCF4,0.0716677954572649
LAP3,-0.1072468572437337
KIF5C,0.2494930496022573
CNOT1,-0.2148647724277711
PCBP2,0.0629491658284227
TBCD,-0.2309355307322602
CCDC25,-0.0972046858277208
NRP1,-0.2016420769996727
TMEM186,-0.1804110408275532
TRIM16L,-0.1979831498783026
GIGYF2,0.1814878019685408
VEZT,0.1834926782271199
PHYH,0.1109627745300742
PLEKHJ1,0.1810779578629242
RARRES2,-0.1498672203625418
LONRF2,0.2229205345250144
RAB31,0.1485515817508089
QARS1,0.059699952837055
ZNF280D,-0.1734980873903342
KRTCAP2,-0.044049600203961
AAMDC,-0.0618806079432288
CIR1,0.10426819187545
EIF2B3,-0.1147580452198027
ISG20L2,-0.211395773346206
PTS,0.0776612391325554
YKT6,-0.2377077887452001
B3GALT1,-0.2670669590468333
TRAPPC8,0.2409159170605081
SYNRG,-0.1996615472587207
ELMOD2,0.1434593512900991
ARL14EP,0.1114490224118583
EPM2AIP1,-0.1451191548627377
RPLP0P2,0.2136542599915867
SCPEP1,0.0991049712221775
GLO1,-0.0624905229648746
DBT,-0.2033249108159971
ALDH9A1,-0.0614921549545522
ARFIP2,0.2113894162250875
C12orf29,0.1679392402103367
EIF3E,0.0430686758604069
GIN1,0.2386699380295768
MATR3,0.0556393224004694
PAPSS1,0.079531026492956
PDS5A,0.1662979627531527
TMEM181,-0.1344470398614284
TMEM26,-0.183451949913103
ZFAND2A,0.1523727530416359
ZHX1,0.16374490560353
LINC00467,0.13676897336111
TMEM14B,-0.073355802620907
TRIM32,0.1744284836735577
PSMD4,-0.0783162249441569
CTSK,0.1114446462490944
PTGR1,0.1186184792057677
RALGPS2,-0.2336703879111118
CHEK2,-0.1522243567982698
MRPL51,0.0422283713753857
RAB11A,0.0544362367710362
ZMYM2,-0.1720467784825364
BTG3,0.1739175042498033
ATP6V0A2,-0.2020864477238136
GABPB2,-0.2791867683131614
TRMT12,0.2060228854988768
LYRM2,0.0757254334750183
SP4,0.2153703138550585
ZNF347,0.1856637412263981
OTUD4,0.1774232144035411
ADGRL4,-0.2093387532025569
IKZF5,0.2355539978636755
KDELR1,-0.1536412786858277
PCGF5,0.2143204076454797
C9orf16,-0.1265511886701075
PRPF6,0.1945476268512245
SHQ1,0.2544707625276369
ACTR6,0.1481459545471235
GGCX,-0.1316680960132268
TMF1,-0.1858263259112022
ZADH2,0.1917112869869159
ZMPSTE24,0.1359585151017212
ZNF33A,-0.1691315319264136
NFAT5,-0.2424305704472497
SLC7A5,0.1727096752373109
IFNAR1,-0.1199943640561259
SLC7A8,0.2209596283767261
USP8,0.1322529798391579
KDELR3,0.18564184408497
PSME3IP1,-0.1020966532934029
CLDN1,0.2106926279756466
GPS2,-0.1482275598664821
NBDY,-0.0653275652939373
TTC33,0.1738122918672003
HSPB1,0.0879674533219338
RPGRIP1L,0.2334332802923171
SLC25A24,0.2198410232220606
NME1,0.0422131831276921
NXT2,0.1239369037454519
LAGE3,-0.1246905118674577
CCNC,0.1118571705287887
DNAJC1,-0.2188220065319033
GSTA2,0.1088262680961856
MRPL48,0.0741979864537617
PIP4P2,-0.2318390587110556
CBX1,0.1679640654881033
CMSS1,-0.0867198832854178
CYB561D2,-0.2005167887323926
HNRNPUL2,-0.2282643233637772
MIR100HG,-0.1296407276521538
STK19,-0.1367017039252724
PSMD7,-0.0919935879767879
APOO,0.1157781381392602
FOCAD,-0.2557471914769503
ZNF345,-0.2203125954985781
BCL2L13,0.1654851390499712
DPF2,0.1460191400562103
HNMT,0.1048324520055344
UBE2A,-0.1294595445046768
ATM,-0.1947450181160948
ACSS2,-0.1727745023925069
CTBP2,0.2106254653979158
MARF1,-0.2268762901314911
PPP1R12A,-0.1131061510445964
SMPDL3B,0.2124084160088598
STN1,-0.1441557433833498
FBXO28,-0.1918333785517941
NDUFB1,-0.0434003853408635
IMPDH2,0.0472083655049851
RUSF1,0.1804878160418672
ALDH18A1,0.1494074351132032
COMT,-0.1754031155581385
SAMD9,0.2575573145392759
ZNF93,-0.2142670464483298
TMA16,-0.1029260422673919
LTA4H,-0.0611879633672745
STARD4,-0.1667921963017721
SRP19,0.0775584567830248
FEM1C,-0.2060076374393693
MIF4GD,0.1771391786672648
PITPNA,0.178262758004289
BTF3,0.0416272416066811
EXOSC2,0.1584218753941706
FTH1,0.1043996169850944
HDLBP,0.1109469755044167
KRT10,-0.1954304111797967
MED21,-0.0674136891113896
METTL2B,-0.188540075764136
MOCS2,0.0880827465982977
GINM1,-0.1770929965598146
MTCH1,0.1039444798750235
RAB3GAP1,-0.150269545706294
SUMF2,-0.1655655028751455
ZNF143,0.1738848537858943
AAAS,0.076602930688888
CCT7,-0.0898069951991037
CHASERR,-0.2235056387128931
CYFIP1,0.1557924416949837
DISP1,-0.163238962052812
LGALS3BP,-0.1115834554396713
LYRM1,-0.1411689609911116
MRPS18A,-0.1862489300886469
NDUFB8,-0.0553811203126711
PRKAB2,-0.2011233615251639
TSFM,-0.0970534743595454
C5orf22,-0.1951089117504438
FBXL2,0.212900555573025
PDIA3,-0.0905982996686354
S100A16,-0.0730157600384497
SPIDR,0.1964759280101734
ZNF268,-0.1422106471733547
F11R,-0.1120971033735971
PHYHD1,-0.1460779555605379
MFSD5,0.2301828691140998
NXF3,-0.2356491207916867
CREB3,-0.1586731650581591
LOXL2,0.2000363237891742
NIFK-AS1,-0.2192876785697476
FADS1,0.1216300529568279
AAMP,0.1496846249347031
EFNA4,-0.2295576366535049
CDK5RAP1,0.1417353813994386
NKIRAS1,-0.1731073612186176
TRIP12,0.1201284907430243
RMI1,-0.1357090583054199
PJA1,-0.1285765028981108
ZMAT3,0.2058621131220643
AKAP13,0.159697292019666
GSS,0.184761753572847
RAD51B,0.1965556452675813
TSPAN4,-0.1822569225432243
CXCL8,-0.2771421578296138
PDP1,-0.1346031982036562
JOSD2,0.1879689187245661
PDE1A,-0.1613087335648964
RNF24,-0.1824813812785446
COLEC11,-0.2633362267820534
MFSD11,-0.2027234186647873
SETD2,-0.2046551362350139
PARL,0.1359582936272028
WDR3,-0.1537249827974007
AP5M1,-0.1484191302815866
FAM168B,0.1547654318581692
SNAPC3,0.1793480178856283
STRBP,-0.2233608973576949
STX6,0.1653146547953103
TRNAU1AP,0.1392189664079601
TSEN54,0.2179956730234492
NEDD4L,0.1444692207021468
STK16,0.1433074176413844
ZC3H6,-0.1883871433791446
ST3GAL4,0.2228568168345297
AIDA,0.1320268732925408
ALG9,0.1681856615624776
CUL7,0.2027815438917754
NME6,0.1162557242108487
TENT2,0.1537423660962884
ZNF511,-0.1720623526126829
LOC105376114,-0.1940649386184122
TOR1A,0.1720737089034856
DEK,-0.1104783533149464
MAPRE1,0.0883827074940567
IGFBP2,-0.2306917800012373
LY86,0.1546462680360399
SUPT20H,-0.1891034300586294
USP10,-0.1349908197401017
ZNF706,0.0797988556965298
RHOG,-0.18462287703988
ATP6V1H,-0.1304802588412794
BRAF,-0.1826932953847964
DHRS1,0.1352630221789522
HACL1,-0.1466105041328983
MT1F,0.1729404394830732
PARS2,0.2511653172494061
VPS26A,0.0879777519619583
POLR1E,-0.131466033630797
FRA10AC1,-0.1564956807858384
BRD7,0.1608705740969497
PLP2,0.1324320413432882
PNISR,0.0973160319732672
PRM2,-0.2848302223920958
SLC27A3,0.1624668176050369
COQ5,0.1356145938247095
STAR,-0.0635415136785569
ATAD1,-0.0941108928498811
NEK9,0.1277264573421791
KMT2A,-0.1469543775439014
CCT6A,-0.080606453323529
CHCHD7,0.1138069046892597
RNF6,-0.181648781820575
THEMIS2,0.1533658395440484
UBE2G2,-0.1821546504974941
QTRT1,-0.2019198337469078
MRPL44,0.0889126740042325
ZNF638,0.1738657596407725
IGFBP4,0.0925615732651325
NUP153,-0.1778214326216029
PIGX,-0.209797856836409
BTN3A2,0.1296716834040157
INTS3,0.1611877393049125
MDM1,0.1009941388859436
MRPS10,0.0772318087152457
SLC35A4,0.1260644562444245
SNHG17,-0.1482759423087046
TUSC3,0.1279341579140322
NDUFS5,0.0282407027630304
RBM8A,0.0592776038752388
BMPR2,-0.1082407397373775
RPS13,-0.0456604154362544
NUDT11,-0.107317797513725
SIGMAR1,-0.1492902882736205
WDR26,0.1418601189862184
ZNF462,0.1810434616692549
ALG14,-0.0876199237037499
ATG4C,0.1726164523745694
FAM199X,-0.2231198463342465
JCAD,0.0950817952173867
EPCAM,0.0849727231773122
MRPL57,0.0769727753396538
PLAA,0.1896762129558956
WDR48,0.108770980115193
CEP43,-0.2165658404634671
NCAM1,0.1305006070552733
SHTN1,0.1436938927461592
ANKRD10,0.1625982581972344
MARCKSL1,0.1012143609002264
CHD2,-0.1492939435331414
WBP11,0.1357907323441692
ASB3,0.1788235276856276
GPC6,-0.1841753778523613
HSPA4L,-0.1830208205598235
RHNO1,-0.1021611978525149
MCTS1,-0.056382199327903
PBDC1,0.0813206839703696
COPRS,0.1729154181400899
DNM1L,0.1097950614731329
EIF2B4,-0.1500976321190145
NUDT9,-0.1265837064591859
RC3H2,0.1456186079108567
TBCA,0.0522505087799128
FAM122C,-0.1308902195305026
RAB2A,0.067560392576572
EIF4ENIF1,0.1941648103859056
CSNK1G3,0.135706042723446
ERCC6L2,-0.1942832004646431
OAS1,-0.3665972642590655
ZEB1,-0.1888412250711023
ZNF639,0.1794878165071522
DDX50,-0.0890715873206
DSN1,0.1407967842858134
ERMP1,0.1575382354750098
MAP7D3,-0.1930882054789247
RPAIN,0.0576614694790485
SKA1,-0.1489517504653388
SMAD1,-0.1413610132123533
TMCC1,-0.1610115224086674
ADAMTS12,-0.1803000852436977
CNN2,-0.1667192683862272
COX20,0.0903558884154026
GPC1,0.121438842699481
UBR5,0.1536471058243208
TIMP2,0.1057963579816695
CD55,-0.1815450804124223
PPCS,0.0701172087050068
PRR14L,0.1816248966518543
ROCK1,-0.178090976663457
ST3GAL1,0.1849044978065768
WDR82,0.0784344510579662
ADD1,0.1167926505550543
ATP2C1,0.1088317342811316
ERLIN2,0.1786028748201577
GPX8,0.0796159727138681
NCALD,0.1676747781554743
NDUFB3,-0.0547779008722509
NOL6,0.2064697704958692
PIM1,0.197533487591809
SLC25A36,0.1219248462079706
TENT4B,-0.1528225055844095
NUDT2,0.0839885764942991
PFN1,-0.0865409083453887
PLEKHG1,0.1928116376420963
MED20,0.1817596783036009
ACSS1,-0.1839626766658246
C1orf122,-0.1035581866523596
INTS12,0.1336629720872596
LIMS1,-0.1450849290682348
PRADC1,-0.1884352456268543
RAD23B,0.1163070110076996
LINC01873,-0.1802617859889913
CSNK2B,0.0512056064299504
ANKRD13A,0.2129216555828294
PODXL,-0.1926132857980344
CRADD,0.1609941086839272
USP11,-0.1137019008809949
CRABP2,-0.1951772536323054
FNIP2,0.1969067319242832
GGA2,-0.1224592976385109
GNPDA2,-0.1424349901427521
USP1,0.1166772471992301
ABCA5,0.1165485623844893
DTNBP1,0.1564800204687164
ID2,-0.1175085329519051
GNAQ,0.1151899862445812
MYO1B,0.1721928467684829
PREP,0.2168473847593581
RPS29,-0.0525927959125585
ALDH2,-0.1145568768337941
RAMP2,0.1951997686276494
GET3,0.1645679843493547
MED6,-0.1096168548016494
BABAM1,-0.1250190063403662
C1QA,-0.1219621220800013
INTS14,0.1036109628739072
PHTF2,0.1508901973187309
RAI14,-0.1869596377625654
TCEAL4,0.0568026232452474
ZNF275,0.1289935948934899
MBNL1,-0.1111019587074148
HADHA,0.0479489822405014
ASXL1,0.149268325969667
BRWD3,0.2001553201265221
SNX14,-0.1660383061641931
CHD9,-0.1039695158606821
EOLA1,0.1618637158008642
FLOT2,0.1735327347763174
ITSN1,-0.2129613575374143
NRIP3,-0.2151031601372525
NYNRIN,0.1990372441365811
VPS16,0.1256612083198978
ANKMY2,0.1320494930911377
ITFG1,-0.1465795744742676
ATP6AP2,-0.0682749747039096
CEP170,0.1597754298307033
TBCE,0.1768422665846124
FLAD1,-0.1514032456767395
GIHCG,0.0860861532543765
NCK1,-0.1441409111891804
DYRK4,0.0820674027700651
MMP16,-0.1872693073060843
FBXW2,-0.1404852435746557
NELFCD,-0.1437566030259619
HRK,0.1376003538539934
SPG11,0.1929808612693348
HEYL,-0.2110903032219104
LXN,-0.0990268799142479
CBL,-0.1886281598200394
EIF1AX,-0.080825032788677
HIF3A,-0.2096841116009025
KLHDC10,0.1464788514317801
RNF138,-0.1467650098822727
TRIM33,0.1501032870117103
VTI1B,0.1442030558366222
FIP1L1,0.1928083685670816
PBRM1,0.1242818184650165
SOS1,-0.2011193930016031
TMEM141,-0.1030160309924234
ZNF277,-0.0977995291064647
NUDT5,0.05157305814884
BOD1,0.1241480961123569
EXOC2,-0.1578763014151727
SUPT16H,-0.0842901084118715
UBR2,-0.1283343872597829
ARMCX2,0.1693786912606587
GATD1,-0.1202136009797183
WLS,0.0933835494125121
ATP11B,0.1915866049837225
ZNF141,-0.1407936896772172
RNF139,0.1339259858134394
RRAGA,-0.1027671480119293
RBM12B,-0.1740694154435527
TMEM220,-0.1634029410841325
NSF,0.1200012605028116
TIPIN,0.1498721215224361
METTL14,-0.1199935837304807
AP3S1,-0.1058109883927916
ATP5F1D,-0.1617764732999343
CCDC32,0.0873553069800232
LTN1,-0.1718263061514744
NBN,-0.1301557756957407
NOL10,-0.1877516749364915
DHCR24,0.0834054281628282
ATG10,-0.1948573885913335
LAMP2,-0.0444330572995532
PLEKHA2,-0.1048632313194869
ALKBH5,0.1167289629917459
CHMP5,0.0512245257179344
S100PBP,-0.1248683602094083
IFT74,0.1490229775507913
MTM1,-0.1461526634870704
CD59,-0.0468708758149261
NQO1,0.104600099350863
GEMIN7,0.1136738005767028
POLR1B,0.143166050623767
RPP40,0.1509644475931581
TTC12,0.1718797440109973
NDRG2,-0.066286122020521
NFKB1,0.1919270573141361
N4BP2,0.1646585238863467
ADAT1,0.1573891530173926
DNTTIP2,0.088761134145514
STYXL1,0.122568592492465
UBAP1,0.1832088623349517
FUNDC1,0.101404218923455
PEX5,0.1783081181698448
AGPAT5,0.1311403609391836
SMARCAD1,-0.1387021568454868
PLA2G12A,0.0786225288221197
KLHL42,0.1058181795650987
CDC20,-0.1892743566322935
FBN2,-0.1428185793054813
SNRNP35,0.0866156583869292
WDR61,0.0488418663692289
SMIM27,-0.1195741653818058
ELK1,0.1561495342912668
FATE1,-0.0584672567504495
NEDD9,0.1213598656700437
MKLN1,0.0970219814694784
AREL1,0.1747711268020289
PHF13,-0.1389076504830262
SLK,-0.134969929734688
SMC5,-0.1519998461831176
VPS13A,0.1871198494280318
COL6A2,-0.1827209019170274
KXD1,-0.1281784804085882
BCKDHA,0.1478807916091963
GTF2A1,-0.1140004510405881
ATP1B3,-0.1043280236916584
POLR2H,-0.0609397400170255
POMC,-0.1739362528052303
THY1,-0.1333737597047875
ILVBL,-0.1099004899143037
PTPN14,0.11988208805734
SIN3A,0.1273982971600012
DARS2,0.1523169362305036
SERPINI1,-0.1709470400161942
LARP1,-0.1082888675200458
RNFT1,0.1327803930453923
ANKRD50,0.1179867579776305
BTRC,-0.1332380105030851
TUG1,0.1015314157040629
GTF2H1,0.1323405726720008
SCAMP2,-0.1109508591973373
GTF2A2,0.0475896103299274
PGPEP1,-0.1774459100260076
SUSD1,-0.1508232870794272
MT1X,0.0937846395896454
RNF38,0.1325500080980592
NDUFB2,-0.0355147143578226
RPL23AP82,-0.1514172656162327
WIPF2,0.1382657518177267
MRS2,0.1854542602284407
RPA3,-0.0497321809716874
CDCA8,-0.1479000038056494
ITPR2,0.1755725559248842
PRPF4,0.0965522908123324
BAZ2B,-0.1477404968857603
OLFML1,-0.1473797941611596
ZBTB10,-0.1148356613438649
MSH6,-0.0980079100004239
CAPZA2,-0.0551968886139518
FLOT1,0.12387433316312
GPATCH8,0.1578161826754758
IER3IP1,0.0492190920370413
NOP16,-0.097969913912576
SEC14L5,-0.1492686892529246
TRIM25,0.1808739816826217
TRMT1L,-0.1577124086727005
VPS4B,-0.0879511339193221
ZBTB8OS,0.0878913149390213
TIPRL,-0.0777710695376567
WNK1,0.1212531991585959
CEP350,0.1564205735533534
EIF2D,0.1238007293103596
FBXW7,-0.1631771940552936
PPP2R2A,-0.1033345321408189
ATP6V0D1,0.0761989289357618
BPGM,0.1337034871791015
ASB8,-0.0809942416551215
MRPL21,0.0529203953339668
MCM4,-0.1191332806506007
CLCN5,-0.1508480476679738
MAP3K7,0.1405907514444591
HMMR,-0.1541420892403599
IFI44L,-0.2782759097996191
VDAC2,-0.0692269058255814
DFFA,-0.0935514503384663
EDC3,0.1215948415133011
HDDC3,-0.1903790279078022
TADA2A,-0.1995421051071216
VAT1,-0.0715392226699815
HKDC1,0.1647623014432401
AIMP1,0.0623638757630028
ENOPH1,0.1461369081021709
POLDIP2,0.1027614665103768
TRA2B,0.0888509110007668
NSD1,-0.1289508950331816
SLC35E1,0.1466107379170916
ISY1,-0.0689200772036792
MYC,0.1805822582762759
NCOA1,0.1476968427665544
ESM1,-0.1006522476022117
FRMD6,-0.2096102142382681
OPA1,0.1568891601998654
OSGEP,-0.0726864245861701
PLXNC1,0.1147339913677327
CINP,-0.0728193495464965
SF3B5,0.0353904876012592
SSR4,0.0272350815616969
ATAD2,-0.1618867454023943
LTV1,0.1208353198384622
VPS50,0.1453618432951987
NECTIN2,-0.1753938310723646
RPL10,0.0279341969837771
AHI1,0.1249921769961811
GORASP2,0.1063313347471832
LRRC49,-0.184553033626963
CMTM6,-0.0837969055154931
ANAPC10,-0.0966533662251734
TMEM42,-0.1593133408342416
GFPT1,0.1059561531360005
MBIP,0.0892746924522964
RAB11FIP2,-0.1447723123585555
RND3,-0.1169872635554422
TFB2M,-0.1642351804048082
TRMT61B,-0.1621536711370871
VASH1,-0.1429333530100134
ZC3H14,-0.1289250443459227
PITPNB,-0.0851974475780771
HMBS,-0.1684033622110011
TRAPPC13,-0.1396342586969067
MALAT1,-0.1054099655723345
NOA1,0.1569949265823144
RFC3,-0.1084644825447517
DENND6A,-0.1707530298064603
GSE1,0.1551881265660014
PHKA2,0.1397474776137793
SNAI2,0.1287507218998359
UCK2,0.1450950009061286
ERCC8,-0.1264675827325692
FAM161A,0.1615408853553702
RANBP6,0.1389348653977881
TSG101,-0.0754739596307869
ANKHD1,0.1545714170843363
BORCS7,-0.0448652498010956
EEA1,-0.1729241693432367
PANK3,0.1055056500888301
PPP2R5C,-0.0752695934047573
SNX27,-0.0853271941167322
TMX4,0.074877981165593
VKORC1L1,0.1359490380088167
CDK13,-0.1471505664372895
DHTKD1,-0.1811837688148358
NEPRO,-0.1258827607168914
NIF3L1,-0.0860131026324202
MAPK8,0.1442031727404339
PNMA1,-0.1793077977770419
PDCD7,-0.1688815606113544
CDC73,-0.1247963740182504
FGL2,0.1103168791541344
RER1,0.086046190661486
AKR1C1,-0.1163495895655115
AP2A2,0.1672498317950952
ASMTL,0.1524910881260963
CENPF,-0.1558546544694298
EBAG9,0.1544771426644006
CDC16,0.1154139032490092
MAST4,0.1544007282322606
MCMBP,-0.1493635953817451
MS4A7,0.1690524548006954
TCEAL1,-0.1090173910782018
ZNF714,0.11014001534792
FRMD4B,-0.1579102460315115
COL4A2,0.1373830479708514
CYP2R1,-0.1366872194812938
OSTM1,-0.1326319200997933
POLD3,-0.1467710918119492
FAM221A,0.1576733566398941
TTBK2,-0.1608835473068603
C9orf72,0.1627140934480826
BLZF1,0.1317900115339034
OAT,0.0470964841940151
RCBTB2,0.1051308226481231
ZNF426,-0.1071126241052097
UBE4B,0.1293488879341866
VPS33A,-0.0961499273209729
ADD3,0.0910816433740615
CAAP1,-0.1762818672215791
KLHDC3,0.1282276438065435
KMT5B,0.1164739396491941
ITPRIP,-0.1764511440904081
ZNF518A,-0.1262494872840704
ARID5B,-0.0611223865554791
CREB3L4,-0.0877424510902918
IRAK4,-0.1677694121889752
NUP58,-0.1440284766557227
WNT4,-0.1331314071063422
TAF1B,-0.1563687894249544
PBK,-0.1275279181370405
PKN2,-0.1060067524099499
CSNK2A1,0.0567880127001855
PRRC2B,-0.1143493597406468
ABHD16A,-0.147467330293795
METTL2A,-0.1097514743352145
NEK1,0.1574364835259351
ATP2B4,0.0811751000330925
BZW2,-0.0566040154377469
MARVELD1,0.152189556428496
NUP42,0.103240881596559
SMIM8,0.0977887738398421
WARS1,0.0948518551410955
GMFB,0.0863381210572856
NT5DC1,0.0993558623271193
ATP6V0C,0.1484959592845393
MEMO1,-0.1135186924770665
RPS18P9,-0.0766746742470815
DNM3OS,0.1085559966816977
ALOX5AP,0.1193783014578628
C17orf80,0.1301408771618334
DPPA4,-0.1182007059207427
STAG2,-0.0941823219165287
RMDN1,-0.1090716243640156
CYP11A1,0.0558690799401577
CDK7,0.1110470707166596
CLN5,-0.125594911614242
DCP1A,0.1032446028233011
IL13RA1,-0.147289953819159
LAMTOR1,0.076071760800645
RNF185,0.1101363943542142
RWDD2A,0.1160955350411348
SLC25A4,-0.0782746214719505
SNX6,-0.0385835424537881
C1orf115,-0.1299127361470711
CPSF3,0.0608335205708272
PIK3R2,0.1398741104970716
NAA20,0.0385875868202566
BPNT2,0.0854212490225997
FNBP1L,0.1157051211478872
GABPA,0.1322711008186991
GBA2,0.148407618422483
KCMF1,0.1167401564198293
TAB2,0.1732715025504107
TIMELESS,0.1696964698731062
ZNF704,-0.1453644531111429
AACS,-0.1324631208120373
SDC2,0.1410163314612467
CDCA4,-0.1357439706162452
SLC17A5,0.1710801952823312
B9D1,0.1163870659281938
EXOC5,0.0996173131180801
PEA15,-0.090580287943556
TXNDC17,0.0329721905698669
IQCB1,-0.1468225922610858
MCM5,-0.1132445472880807
ZCRB1,-0.0429221433515794
WDR75,0.1150185136632804
MTDH,-0.0736906021864955
AP3M1,-0.0806104313160321
CTPS1,0.1153951679830523
EEF1AKNMT,0.1641985187253671
JPT2,-0.0933931760653405
MRPL40,-0.0444203407787791
NDUFB10,0.0653972567643258
PAM,-0.1115974154286418
SLC30A9,0.0997075522721653
SRPX,-0.1462655320937955
UCHL5,0.14280305295522
ZDHHC9,0.1267267692929283
GRAMD1B,-0.160631487608339
COX7B,0.0304881305762677
LRCH3,0.1306642126248262
ATMIN,-0.128629129363228
CPQ,-0.1073389451384109
PDPK1,0.1328752094014197
RGS10,-0.106051533351553
PTCD2,-0.1180069041429456
NCAPD2,-0.1478266748651594
RNF216,-0.1280547763682909
SOCS7,0.1362699444817266
UTP3,-0.1529751496264491
ADRM1,-0.0987954391429872
G2E3,0.096606043120426
PM20D2,-0.1563230067945099
PRMT6,0.1514351130355085
ZNRD2,-0.1005865241468802
SLC30A6,0.1166491222533598
FAM98A,-0.0870105402101488
PCNP,0.0576770220926781
ZNF473,0.1635303786027921
HMGN1,-0.058366622458401
KIAA1958,0.1202692604919137
LNPEP,-0.1371790776354116
SFR1,-0.0745112361442346
MICA,-0.1164846794985823
MTOR,0.1468900051522642
PRKRA,-0.1018291956459976
RABAC1,0.0528270872637183
SDHA,-0.0836051258137928
ZFR,-0.0702621102001477
GATA4,0.0813278034630872
PLGRKT,-0.0921968382920842
PRKAB1,0.1508188356094696
PSMD13,-0.0392992493114445
RRP7A,-0.097657145283767
TRIM23,-0.0919872621480328
WDR77,0.1296267392745501
CTSL,-0.070382260114692
SLC41A1,0.1091440568215695
ZNF641,-0.124289015179359
TMEM237,-0.1161228435368766
N6AMT1,0.1111725123244932
TBC1D7,0.11033705158821
PPA2,-0.0839401858989818
FSTL3,0.1550398371231339
FARSB,0.0533184889169411
HMGN4,0.0968026023329173
PRPF38A,0.0507316096912459
SMAD4,0.0753008415810343
SUN1,0.1406632054135324
GNAI3,-0.0516183077346215
ERC1,0.1213086242157564
FHOD3,0.1432482830751086
FAM122B,0.1160494483322834
MALSU1,0.1000969136223828
MFSD14A,-0.1264234733048717
MKNK1,-0.1320847357873774
RBMS1,-0.0957035437769689
STARD3NL,-0.0928123678195491
ZNF544,0.1202214463262642
BPTF,0.0992771445507497
PPHLN1,0.059995833575669
YLPM1,0.1359666567561026
TAF1D,0.0602884485380919
CNOT4,-0.1414049951200756
C18orf21,0.1478405215783445
DDX10,0.0881784198934744
COG5,0.1198162376036323
LRP6,0.1233813636957816
GPBP1,0.078951572074199
ALG10B,-0.1515099689886205
C14orf119,0.0364440884307441
GGNBP2,0.0996252045030034
MRPL33,0.0370490456506379
BBS4,-0.1051271551922983
CCDC28B,-0.0763163644558205
RBM17,0.101204152488961
NES,-0.1249912221653856
ARFGEF1,0.1211557679686016
SPARCL1,0.0887427306531194
MYLIP,-0.1317931802913803
ATP6V1A,-0.0579308517342441
E2F4,-0.161202151965253
ASCC1,0.0583912402937107
RABL3,0.1094686129503084
ERMARD,0.1016426854143245
GPATCH4,-0.1399861873237298
HACD3,0.0456985205290875
LINC00504,-0.1359082679364059
OAZ2,0.0651407949435333
USP40,-0.1664715769056636
SMARCA1,0.0692042487258467
CD2BP2,-0.1066197385604301
PTPRG,0.1077872864487728
NR2C2AP,0.0885639136813262
ZNHIT3,0.0440663561167449
COMMD7,-0.0697212360210542
CREBL2,0.1378575900748788
TASOR2,0.1340034978150005
YIPF1,0.0786537086718428
RAB5C,-0.118297843083228
TPP1,0.103015318030707
SOWAHC,-0.1258336261688959
ATIC,0.0575408684435314
CENATAC,0.0332949801690016
PSKH1,0.1533540278196691
HSD17B10,-0.0773476696248923
ATP13A3,-0.1508676994761117
ZNF14,-0.1274933719909007
CD74,-0.086668927408143
OSTF1,-0.1154794798014798
AIF1,0.0603465329102537
ESCO1,-0.1296352085060872
SIRT2,-0.1389643620396905
SLC25A46,0.1024017436570081
ZNF691,0.0848173034566799
CUL2,-0.1066796332147053
GPRC5B,0.0801348403865852
NUP188,-0.152045304067673
PDE12,0.1357527765186585
DEGS1,-0.0970410448588171
PPIL3,0.0664765971354311
RNF40,-0.1410258573809491
SMAGP,-0.1469221237091247
UPF3A,-0.0931317869545175
MTIF3,0.0547982296419292
PDCD6IP,0.1010916274163606
EAPP,-0.0405229479446084
SPTLC2,0.1035219292288965
UHRF2,-0.1325314085642356
ARRDC3,-0.0803800896170675
PFKFB2,-0.1352250484844946
ABLIM1,-0.1041473958538439
APOA2,-0.5652092662361673
RPUSD3,-0.1124730925383867
CCDC14,-0.1271937237405652
DYNC1LI2,-0.076676394731263
RAB14,-0.0752321712695944
ADSS2,0.0996879426133625
PIK3C2A,-0.1344076156105351
HIPK3,-0.0770071712490434
HSCB,-0.125530901722129
TMEM50B,-0.0719984314529754
CILK1,0.1117254303392857
GNL2,-0.0808178191831703
CACHD1,-0.1331743915645296
CWC27,0.0784580500823209
IL10RB,-0.0661712806492962
FMNL2,-0.1178687964735777
TPM2,0.1294111398372176
MGST3,0.0256763573800554
CHCHD3,0.0896619774090052
ZWILCH,-0.1303427933868892
CASTOR1,-0.1434326789334146
CYBA,-0.0830708475395224
P2RX4,0.1153357102457294
ORMDL3,-0.1131252732740245
PTPA,-0.0891926114514465
RCC2,-0.0982006264415807
TFG,0.0582350897867003
TMLHE,-0.1164618876569641
VPS45,-0.0875739836486872
MTSS1,0.1075562584252432
FBXW11,-0.0947932037391596
FLJ44635,-0.1558592514816703
LUC7L3,0.0583074567593664
RBMX2,-0.060939710321056
ZNF430,0.1046669245122464
BRPF3,0.1206906873009972
NDUFAB1,-0.0438021849137674
HSDL1,-0.1143619278988934
PAPSS2,-0.1090753536131815
PGLS,-0.1013654809951869
SMIM20,0.0760222247179461
EZH1,0.1393331397753782
EED,0.1184204862486027
AQP2,0.150697306843982
PTMS,-0.1336442411712601
ACYP1,0.1068817492691756
DAND5,0.0947188305510309
MAK16,-0.1084768757098486
METAP2,-0.0378819589413757
NLK,0.1356265065725754
PSMB10,0.0845932497795941
SCAMP1,0.0783081656058312
SYNGR2,-0.1122654421153244
TPD52L2,-0.1266159366887908
ZBTB33,-0.0978878952112984
APPBP2,-0.0662798511472092
COQ6,0.1254548030895964
FAAP20,-0.1150607806071354
FBXO30,0.1205816186498985
RYBP,0.0837120249968556
ZBTB6,0.1292858279939968
FAM229B,-0.0371769867267848
LEO1,-0.1160719981970024
PUF60,0.0610963664776234
RGS5,-0.079024987652499
WDFY2,0.1254233510448194
HSF2,-0.0631988220796235
TSSC4,0.1298383676823446
GLRX,0.0545239209216107
SIMC1,0.144857192498962
DCAF7,-0.0573159292898439
SLC35B1,-0.087675484724344
INTS6,-0.113156455684538
UTP15,-0.1087967258275751
CHMP2B,0.076830687742535
DECR1,0.0286352536802145
CNPY2,-0.061544333232789
SMARCD3,-0.1008901208843268
DNAJB12,-0.0806440650717887
MKKS,-0.0620560113341317
FAM91A1,-0.1119149288665806
HBG2,0.0531071008627296
GLRX5,-0.0909548971438165
PHF14,-0.0796641770512592
ZSCAN18,0.1164495151360886
CD53,-0.0881004381994785
RHOT1,0.1066190080644169
SP1,0.0775916757963259
TMEM9,-0.0372787845540598
WDR45B,0.094934229742612
ANGEL2,-0.112572437105765
MFSD1,0.1100608942775011
NUCB1,-0.1151378421023405
ABCB6,0.111336130547693
CCDC8,-0.1129857545390231
GLIDR,-0.1145864975048624
IDH3G,0.0653643790752352
IMP4,-0.0869474987965591
MTERF1,-0.133221680715692
NAA25,0.0828660378544648
PON2,-0.0869983304130474
RB1CC1,0.0891263261875703
RPS6KA3,0.0950126383259049
SNHG1,0.0735782574484557
UCHL3,0.05717035238303
USP16,0.0704373905334274
VPS39,-0.0811513014199381
ZNF16,-0.1047827349329267
ARID1A,0.1002089100540725
HDAC2,0.0600176809576847
SLC30A1,0.0899633984774228
FAM114A2,0.0943775041144897
EXOSC9,0.0748097244633979
MRRF,-0.0803926299468893
AMBRA1,-0.1354614772599296
CETN3,0.0576860466760825
RWDD1,0.030324262413742
ACVRL1,0.123776560877821
DST,0.1172162199990301
FBXO17,-0.1145112332085915
MYCBP2,0.0957679831769947
SGPP1,0.1217015624846986
ZBTB7C,-0.0863877937274905
SLTM,0.0819991317453866
TLCD4,-0.1277664101261605
DDX21,0.0645184004887068
CCNG2,0.1157212612899338
MINDY2,0.092536576175532
MPHOSPH6,0.0604711917816826
NDUFA8,-0.0474789873076159
ENDOD1,-0.0594577269816612
FDX1,0.069654110136134
HECTD1,-0.0790319509121853
LRRC40,0.0933838873913855
PAK1,0.0789165686776004
PKIG,-0.0926176493391123
RNPS1,-0.0631424934998066
SPOCK2,0.0825697577238058
TOP2B,-0.0793494571633777
PSME1,-0.0247049870620535
OSER1,0.0443093883362243
TTPAL,-0.113098968549592
CNTLN,-0.1197567209761551
GIT2,-0.1231009883125934
PMVK,0.0922110931231774
SUPT6H,0.1085257096578098
KIAA0232,0.1125001805763435
CMTR2,0.1108360068729814
LITAF,-0.0564731091813648
NINJ1,-0.1048163582357205
RLIM,-0.0861907686813052
YY1,-0.0625925423334787
KBTBD6,0.0826618379516321
METAP1,-0.0771127680991181
PRTFDC1,0.092820921797294
ABCD4,0.1194876746529117
ACAP2,-0.0846308080827714
PHF20L1,0.1077041413969279
NUP85,0.0625582797009244
ZNF106,0.0664592258878956
ACBD3,-0.0781278718160835
ARHGAP12,0.1181252712065414
ATG5,-0.1027512321150683
C15orf61,-0.119482690579004
DKC1,-0.0761874623956666
MED11,0.0698486889415278
NDUFAF4,-0.0464340194166424
UBXN2A,0.1152718888746628
DMD,0.0846253300061082
NCBP3,-0.1129892191061502
IMPA1,-0.0804719048412337
TRNT1,-0.0786019668150964
DCUN1D5,0.0968210059961908
CRYZ,-0.0797299782481687
VAMP2,0.1229794508515962
ALDH3A2,0.0853268966939251
DLAT,-0.1045570713103418
DLEU2,-0.1132357981242554
GNPAT,0.0735989248812346
IPO13,0.1223895291382055
MAP1LC3B,0.0763626117858445
QTRT2,0.1067556636515947
RC3H1,-0.1176722356838858
TFRC,-0.0578305373985961
REN,-0.1040574421384889
ARHGDIB,0.0582285771589365
B3GLCT,0.0955037040216015
DENR,-0.0669818399421646
LANCL2,0.082697617204509
NDRG3,-0.0552720362766827
RGS16,-0.0876996623374912
STK25,-0.1263014246445449
TANC1,-0.1190772114474859
TMEM199,-0.1012344585426694
USP33,0.0751512901034397
NF1,-0.0991764772087658
ACO1,0.1130242853793017
C1QBP,0.1034523722157853
CNNM3,0.122766740182171
DNAJB1,0.0576148126457527
GRPEL1,0.0475494144571782
PJA2,0.0445663082122993
SESTD1,-0.113879508500997
SOCS6,0.1177596073583972
SURF2,-0.1083309834816645
ECD,0.0756531524687138
TAF9B,0.066841055650211
C6orf89,-0.0793557081211652
SLC41A3,-0.0638213272419521
GPD1L,-0.1152252913194006
THAP12,0.0948970487364827
VRK1,-0.0747014282216582
NTHL1,-0.1024747219844579
UBA2,0.0574735657461364
WDR46,0.1135262897379766
AQP3,0.1079525900904848
POLR2G,-0.0261002668593117
API5,0.0673181301852058
ASTE1,0.1112820546986157
IL1RN,0.1587384422569053
LOC374443,-0.1143474541720185
ARSD,-0.1127074327722757
SNAP29,0.0806261689095814
SECISBP2L,0.1036272516136787
AKR1C3,0.0906021160808164
IGFBP7,-0.0658270931841354
MKRN1,-0.0498340608282277
CHORDC1,-0.0850217542227157
COPG1,-0.0689201241374612
COPS8,0.0376806580509152
CREBRF,0.0855286793215575
DMXL1,-0.0990572965635879
ELOVL2,0.0825357650181873
ERH,0.0204203330152002
HEMK1,0.1161271711392271
HSD17B4,-0.05581927547968
HYLS1,0.0712970529350795
ITSN2,0.1199547399072965
KYAT3,0.0613283177493567
MBNL2,-0.0552607811542071
MBNL3,0.0437294458051009
MGME1,-0.1080691394958692
MMGT1,-0.0831163768384473
MT1H,-0.232563521219255
NCOA2,0.0825610422216921
NDN,-0.0456851764273668
NFKBIA,-0.0623290151354898
ORC4,-0.0464255690970653
PLOD1,-0.0754883113797945
POMGNT1,0.0924987390340266
PPP1R15B,-0.0788172208065172
RBM22,0.0930183897313538
RICTOR,0.0910513913421642
SDHB,0.054241382306406
SLF2,-0.0553725735981229
SMYD3,-0.0654935181280741
SNX3,-0.0412642883558427
SPPL2A,-0.0637498861924019
STK3,0.0847784279652221
TRIM21,-0.0894509986884198
USP53,0.1147927771794305
VEZF1,0.0609092793093901
WDR54,-0.0495808814010363
UTP14A,0.0953372571247787
MIS12,0.0625289807230977
HERC2,-0.0990993261439036
CRIP2,-0.0753523190500623
DCLRE1C,0.104097042835964
KATNBL1,-0.1086489793664401
MPHOSPH8,-0.0600977383913287
NOL8,-0.0990287473551549
ANXA11,-0.1058048354540823
PTPN2,0.0509289531458514
BRD8,-0.0633108385621494
CREM,-0.0429941725607343
COX14,0.0316746449672159
SH3PXD2A,0.1023959903871201
FBXO22,-0.1032117468105537
HERPUD1,-0.0785060591739127
SH3BGRL,0.0276089048850385
VIPAS39,0.0632089987988097
CHMP2A,0.0464211974623947
ZNF7,-0.0712410426977592
CRNKL1,-0.060074964673519
FIBP,0.0446562794105919
HOOK3,-0.0888414423318607
MLH1,0.0493298015281933
PPP2R3A,-0.0869904114383557
SEC23IP,0.0825853466826047
WDR36,-0.0857692333485544
CRY2,0.0689128686110894
SGF29,-0.1010635796487541
TWF1,0.0461327482363517
ZNF322,0.0709950224744282
ZFP90,0.0797160655942585
NCOA4,0.0369497515196438
PLEKHH2,0.092656338030735
PCGF3,-0.110567965611007
YIPF5,0.0283854397961594
COL2A1,0.1060219171691006
WDR5B,0.1193486154791138
NCSTN,0.0693170624075016
STK38L,0.1126718731101675
GLRX2,-0.0965767489010199
H2AC8,0.1010814168796047
ITGA9,-0.0969060186988129
LRRC59,-0.0831499429101669
PAFAH2,0.0799448065577227
SH3KBP1,-0.1168754936355788
SH3YL1,-0.0871503730393252
SLC66A3,-0.0862454742745033
UACA,-0.1068952345979088
WDR18,0.1017776911820789
ZNF593,-0.0710612839176528
EXOC6B,-0.0962464126424066
TPM1,-0.0578926571424678
NFU1,-0.0704360795972093
SGMS1,-0.108803633045365
DMAC2L,0.0636286651990749
EIPR1,-0.098207787752909
TCIM,-0.0992527860317009
CMC1,-0.0755391218396369
ZBTB11,-0.1069460792864595
DARS1,-0.0329828020388079
FIGNL1,0.0983778501181032
HSPA14,0.087427137399014
RFWD3,0.0767735397730988
HOPX,-0.0524872669109526
NDFIP2,-0.0691247689244661
ASF1A,-0.0613756916438953
TTC28-AS1,0.0890167635603681
RPL10A,0.0159262353859784
SNX19,0.0959706675753097
AGA,-0.0496205346892595
COPS2,0.0303067526271061
GOSR1,0.0471484717226182
NDUFS4,0.0193249760190943
PMS1,0.0839995542677405
SEC22A,0.0612815188479912
SPRYD4,-0.0495980707603012
GYPE,0.1092732624887078
MDK,-0.0461481547988463
MRTFB,-0.0748948900555123
PCBD1,-0.0576542918083175
TMEM68,-0.0771436462711838
P4HB,-0.0672643414238624
TCEA3,0.0572989279254735
GPD2,0.0905699572097499
PNN,-0.0644696277699717
RRP1B,-0.1061261347162789
OMA1,0.0880636733078787
PRPF18,0.0933092875881703
CTSD,0.0779032270420611
EEF1AKMT4,0.0868815458128801
RPUSD2,0.0991190508980621
TRIM4,0.0941935624515766
ATP5MPL,0.0154582223206631
GALT,0.0662902728155557
PRM1,-0.1071180732529406
PSMA1,-0.0209358024827126
ZNF83,-0.0823081583465132
FILIP1L,0.1074688704123537
ZC4H2,-0.0942236082114642
SMO,0.0889943009613457
PPP1R3C,0.0952431655352769
CASP8AP2,-0.1048350079346717
NSL1,-0.0409691149576189
POMP,0.0262685177195235
STRN,0.1046649554495214
CHD7,0.1022744653930258
TRAPPC1,-0.0483863639668179
GOSR2,0.0462409756254881
CCDC115,0.0838514513592452
TRAF3IP2,0.0704209950496841
CCNT2,0.0773264283684158
EIF5,-0.0356568143440471
EHBP1,0.0951915877973122
IPO8,0.0813921127793521
RNF14,-0.0588937619157777
TM4SF1,0.0486727922484485
VTN,0.1378224114138137
WDR20,0.0804456078280067
KIN,-0.0478582329843196
ZFP36L2,-0.0585849599473319
ZNF577,0.0879213295539951
AMD1,-0.0444374368701578
FAM13A,0.0821315141338328
MTMR9,0.0794465185093601
NCOA6,0.1161016587299034
RNF11,-0.0607483484128755
SNRPC,-0.024180206969163
TEFM,0.0792012111651458
TMEM230,-0.0311580701784015
TUBG1,-0.047555449941745
ZSWIM5,0.1022145783149052
RNF111,-0.0964099982711948
PAK2,0.0775818830126113
SLC30A4,-0.069566556729526
FZD2,-0.0871815772281454
HTATIP2,-0.0629416138157199
PDK3,0.0430561756635534
UBE3C,-0.0802844020356892
ANKFY1,0.081186246724744
ANG,-0.0500481747375962
NPAT,-0.0765901122743312
TTC3,0.0451713472524379
ZNF667-AS1,-0.0537688582019839
PPP1R7,0.0520732628601322
PRKCA,0.1066101473084836
C12orf45,0.0511375093908721
AFF4,0.0606811310795497
GORAB,-0.0781501007444378
ATP2B1,0.0434031822424967
TMEM135,-0.0603634035814298
GUCY1A1,-0.0959200490835053
PROCR,-0.0652164586812926
PTPRA,0.0866967229912584
AIP,-0.0651282654990907
CYRIB,-0.053347948284619
SNX4,-0.0743967478140073
NUFIP2,0.0545332895816604
PUS7L,-0.0732331610064018
ZMIZ1,0.0867085142165678
CKS1B,-0.0248189415054255
KLF12,-0.0802335280070525
NAT10,-0.0742094417327504
APH1A,0.0563003880580735
HELLS,-0.0955611099531275
HSPA13,-0.0424585427108426
HUWE1,0.0515935141140372
SRSF8,0.070164280882909
USP14,0.0605990183020089
MYO9A,0.0861078658459043
EBLN3P,0.0803028851709737
CNOT6,-0.0685045705425924
EVA1B,-0.0884424458979381
HDHD3,-0.0909590720013759
CNPPD1,0.0613830720732937
MLF1,0.0406704843023949
SYF2,0.0380332753027891
HOMER1,0.0901760008368899
NEDD1,0.0847258716915903
TFDP1,-0.0888554394609163
UBE2L3,-0.022637463920978
DERA,0.0580851473890942
MLXIP,0.0782355446417545
PLSCR4,0.0796088490474732
CDKN1C,0.0476804672362738
FAM177A1,-0.0794808601870349
NAMPT,-0.0559322871043805
NEK7,-0.0750192907690045
PSMC5,0.0276018166887434
MTAP,0.0648330453591055
PPP1CC,-0.0329798607553543
RNF144A,0.0954163540357195
ANKRD28,0.0811673137034613
SELENOM,-0.0749467360459857
NCK2,0.0897426094584181
PPP1R9A,-0.0666052438584236
DNAJB6,-0.0364551685190101
CSTF2T,0.0590603625480894
MAP4,0.063597733766534
NSMAF,-0.0763914151779771
RPF1,-0.0451649050011581
ELP3,0.0347920436105311
PINLYP,-0.0666120365969981
ACTR8,0.0786497431411093
JAG1,0.0701952588621808
PDCL3,-0.0539608152423651
RAB10,-0.0421711797032872
TMED3,0.0578492524735097
TP53RK,0.0680051131370136
TSNAX,0.0295919544970638
TTYH2,0.095335665241569
GARRE1,0.08744396193778
KDM4A,0.0765122676604671
SAP130,0.090290757149034
PPP2R2D,0.0928000152161963
EMCN,-0.0805628590073836
GTPBP4,-0.042213288193099
MYO6,0.0551268529925282
TANK,-0.0613453212417449
ZFP62,-0.0827571298501999
ZNF559,-0.0743585578313003
WDR6,0.0439079919283891
MACROH2A1,0.0407252106676164
APOE,0.0456006063326265
ELP2,0.0286178932970014
EXOC7,-0.0595383387225654
PSME2,0.026419138325501
ARPP19,0.0289406467498999
GNAI2,-0.0550853801233013
HMBOX1,0.0890801164023815
TFDP2,-0.0427816080311663
TRPC5OS,0.0547512068949915
TP53TG1,-0.0531441783159711
ARMCX5,-0.084969351556513
ATP6V0B,0.0294575949299898
HSPA8,0.0116070492895022
CCSER2,-0.0624375603256651
NSMCE3,-0.0878694972556327
CENPW,-0.0300176080329552
GMPR,-0.0532442878055861
UBBP4,0.0567017968695845
VCAM1,0.050047120318277
CPSF4,0.0491798511177922
FAM126B,-0.0669857947604664
GDF3,0.0895657990258309
TLK2,0.0729700554917263
APP,0.0450659882217221
CEP57,-0.0481267945816602
CNOT8,0.0599590281292998
ZNF655,-0.0705177752923135
KRT18,0.0447765259945793
MRPL54,-0.0556121177562349
NAA38,0.0223884623262781
ZCCHC9,-0.056644535243799
AKAP12,-0.0600864230117571
LMBRD1,-0.0353269886441393
MORN4,-0.0807430470091851
NAV1,-0.090579744931826
NOL11,0.0415049117440127
PCNX4,0.081786719162145
PECAM1,0.0450070848975025
PIAS1,-0.0403770501101782
PRPSAP2,-0.066867502318837
PUM3,0.046634155513053
RBFOX2,0.0358611817757159
REL,0.0667953368622452
SLC25A38,-0.0591542261761925
TMEM40,0.0917646860919922
TNFSF10,-0.0612848453686795
ELP1,0.0282399465103758
EXT1,0.0671597746769209
DDX3Y,0.0401344854509237
KIF9,0.0711779697221537
MICU2,-0.0766570537668093
SF1,0.0637555734087466
ATPAF1,0.0708216386785323
EDEM1,0.0790998725641533
PAFAH1B1,-0.0368700626018604
HIBCH,-0.0415726980127238
FBXW5,-0.0650357606430325
BGN,-0.0844166512133696
CXXC5,-0.0650871881276142
TRIP4,0.0906596408041605
WARS2,-0.077843893247646
KIAA2026,0.0684044989771048
WFDC2,0.081805367570147
COP1,0.0819986124330666
TMSB15B,-0.0535877915711409
ATP6V1D,0.0285941594614045
ELOVL1,-0.0446925460874115
METTL6,-0.0540420063601792
POLK,0.0632279036649243
RACGAP1,-0.0546287879583476
POLB,0.0394534516565043
SYNE2,0.0586471148235309
APC,0.0858556545106884
TMEM9B,-0.0519171310182915
DEF8,-0.0616086831992058
KNSTRN,-0.0630276240620328
PANK2,0.068298895065762
TMEM14C,0.021846204226674
UBR7,-0.0679162317707883
ZNF3,0.0432132424889329
SS18,0.0315757358670129
SNX10,-0.0810894427214315
SPCS2,0.0234509478303077
TMEM115,0.0542078960584203
ZNF521,-0.074920938182658
ZKSCAN8,0.070566038555461
ZNF148,-0.0382847525802648
KAT6B,-0.0612019883208158
KANSL3,0.0676543575631502
HSPD1,0.0132586842645132
NOLC1,0.0441758182328418
IFT57,-0.0588505169245843
GANAB,-0.0549566689703872
CYP27A1,0.0480721402420015
MRPL19,-0.055145965010072
DVL3,0.0702581508255374
TCF12,-0.0530604319865784
ZNF189,0.0841408500729575
CCAR1,0.049492460368184
FBXO21,-0.0319435222430751
GSKIP,-0.0712627700768789
HAUS4,-0.0600527052351872
LPIN1,-0.0549589484863573
LYRM9,0.0731941685995697
TSPAN5,0.0433734614523306
VPS36,-0.0611407881685367
CREB1,0.0384573175567466
XPR1,0.0501036798653781
TM9SF2,0.0351806196923637
PNRC1,-0.0342647226198256
CDCA7L,0.0565919061813448
HSPA9,-0.0286580057638966
LRRC57,0.0537666982234632
TM7SF3,-0.0642180358867407
COMMD2,-0.0367296070082337
PIGP,-0.0260567907819979
UBLCP1,-0.0323838332908375
CTDSPL,0.0460519302025563
EIF3K,-0.0142316330794606
ARFIP1,0.0327337319332481
MRPL1,-0.0276201102933291
SENP8,0.0535157949981206
NMRAL1,0.0503401851306382
CEP41,-0.0456393297838495
IFIT3,0.0876756130067113
NREP,0.0175206631508327
PLPP3,0.0423388796567987
PWWP3B,0.049883759541514
PSMA4,0.0154256734330055
BNIP3L,-0.017532530779382
RNH1,0.0417823885297749
NACA,-0.0172041628185539
METTL17,0.0549975471223272
THUMPD3,-0.0473003353226588
NRM,-0.0607850426916733
AK6,0.0272977305157654
GNG12,0.0283970388337498
TRUB1,0.0583926191372623
USPL1,0.0631314790810071
ZDHHC3,-0.0739007723992745
ARL8B,-0.0420670124170395
KLHL4,-0.0383035677594635
ATP5F1B,0.0143791641921965
GATB,0.0450410977724267
TPX2,0.0541891530153846
KIAA0100,0.0621093468262732
PCDH9,-0.0422214400354916
RETSAT,0.0608315552244641
MAFB,-0.0579560497036434
TM9SF3,-0.0306550828645015
ARPC3,-0.0158783827445765
FAR1,0.0629751950866368
LAPTM5,-0.0756860363633798
MELK,0.0600541667041481
MICU1,-0.0288396838933764
NAA10,0.0490656720786214
NCBP1,0.0524178221412269
PRPF8,0.0397626392205029
SUDS3,-0.0429995314879952
ZNF135,0.067795722474191
ZNF548,0.0505283509264694
ACTR2,-0.0300473444762907
KLHL9,-0.0471736643018249
NARS2,0.0650300502658188
NDUFC1,-0.0169196497717148
OSGEPL1,-0.0406330176871593
PDZD11,0.0204212958262263
PLPP5,-0.0448392461040453
TECR,0.0280595201031447
VCPIP1,0.0465622906001792
ZNF138,0.0428480723879755
COPB1,0.0286935649323775
CPD,0.0487333624669759
PCYT1A,0.0531930586888558
COMMD1,-0.0240489381109559
MEST,0.0321284771886852
TTC5,0.0557955204568295
YEATS4,-0.0559786726235091
YIPF4,0.0403038847873896
R3HCC1L,0.0490484468525699
TBP,-0.0392276359058892
FAM111A-DT,-0.068145917377748
PDXK,-0.0398300068287399
SEC14L1,0.0343069487233836
TRIM54,0.0692709439799575
UQCC1,0.0454676336216507
TMSB4X,-0.0108174768040277
CUTALP,0.0562256655382807
PDCD10,0.0219413396377161
SMIM1,0.0393599999738207
TRIM37,-0.0510244737372806
TWSG1,-0.0528693919154583
MAP3K21,-0.043911993546298
RPS26P11,-0.0513975344995793
UBL5,-0.0111501415666024
ABHD13,-0.0588613642988195
CTNNAL1,0.0305005893302624
DLC1,-0.0469674430642009
DLK1,-0.0231343574468876
IFT46,0.0274916194114757
SLC25A26,-0.0288273745692259
SLC39A1,-0.042226653861426
SLC44A1,-0.0382491539333866
SLF1,-0.0550468901187508
SRRM1,-0.0382994695568981
TTC37,0.036763302240579
UFM1,-0.0262852508490636
ZNF207,-0.0156429579831852
APEX2,0.0381686224464509
PLTP,-0.0505769842785586
GRN,-0.0439490464745937
KIF3A,-0.0485688402433407
PHLDA1,-0.037094893568681
ZDHHC20,0.0463957580574569
NUSAP1,-0.0300046481361277
LINS1,-0.0538106446847079
CIPC,-0.0618697037060262
NAA50,-0.0326373371336307
PAG1,0.0510216116138598
PIK3R4,0.0589044087874859
PSMD8,-0.0238823702604895
PTPN11,-0.0501130197655572
SLC25A40,-0.0476267215541075
TM2D3,-0.0368074391569951
WDR89,0.0446499701157756
SLC43A3,0.0563934204530617
OTUD6B,0.0626062664623956
RAB7A,0.0279380451562992
SRA1,-0.0408916605713977
TMCC1-AS1,0.0533401431903529
TMEM168,-0.0451795632967181
UTP11,-0.0204879965773889
PNPT1,-0.0495358672132826
UBTD2,0.0451749470361602
JAGN1,0.0364559683478362
SMCO4,-0.0465841251193101
CSTF3,-0.0349514976854248
TMEM99,0.0280905376583374
EFHC1,0.052980295349233
FKBP5,-0.0498175049495844
IQGAP1,0.0359352609791832
MINPP1,0.0623565884084387
MOCOS,0.0674616471742848
PSD3,0.0426839837899957
PTBP3,0.0300220830186078
THOC2,0.0325982896509295
ANXA6,0.0173625613087894
ZNF664,0.0431052131096827
GOLM1,-0.0463011441019359
RCHY1,-0.0423080958964462
SULF2,-0.0619250613249014
TAMM41,0.0335165110144944
PLAC1,-0.0183023595250055
ATP5F1C,-0.0100225832216392
CTSC,-0.0188905584050758
CYBC1,-0.0583071999302621
METTL18,0.0381536320037192
MLH3,-0.0437290112070468
QSER1,-0.0494462874178104
SLC5A3,-0.0301033443369521
TBCC,-0.0538381998038123
TEAD1,-0.0398415517058896
ZNF281,-0.0375872347627743
PALLD,0.043042105764561
PSEN1,-0.0248575458253101
DLD,-0.0275007583600692
NSUN4,0.0355803139960709
OSBPL9,0.0263646062145122
SF3B1,-0.0170449617103556
SMG7,0.0527928333394899
TENT5A,0.0533387705402779
XXYLT1,-0.0566957325166699
RPL35,-0.0073937538817251
ENY2,-0.0140007382403043
METTL15,0.0503481486931471
GCLC,0.0418775806130278
PLOD2,-0.0570416753796593
MRPS33,0.0145857494034204
ORC5,0.0412881399297791
CTTNBP2NL,0.0489713407608719
SUPT5H,-0.0491119601370237
BET1,-0.0267815069019575
ALAD,0.0554817636457753
CEP44,0.0512810135086468
PLEK2,-0.0493083597686941
ZNF493,0.0492885620625743
GADD45G,0.0420894912897403
KRR1,0.0263422014701362
NDUFAF7,-0.0502027296982823
NUP35,0.0313252350968164
TSHZ1,-0.0540312262197306
HIKESHI,0.0198439645965784
MBD2,-0.0469964308783026
PTOV1,-0.0346056006478256
RCL1,-0.0499039127103274
RPP25,0.0521506487053516
MFF,0.0358778517849038
DUSP16,0.0364148015340323
ATE1,-0.0378242825637721
EP300,0.0416158123613983
SMARCE1,0.0194309968808147
SUGT1,-0.0220521615368988
ALG2,-0.0504419916720975
DNAJC10,0.0351584299692424
IFT43,-0.0264246629408238
NIPSNAP1,-0.0345126550504196
SIGIRR,-0.0602105224141231
WASL,-0.0331853783618348
ZNF652,-0.0318224085832967
SNRPG,0.0104726040491818
UBR4,0.0345476701253029
UFD1,0.022677010595711
TTC19,-0.0511125642113054
MAPK6,0.0410682081142773
NUP88,-0.049149298615919
RHOBTB1,-0.0504574051751719
ZNF542P,-0.0423166337290554
TBL2,0.051042011217591
FUNDC2,0.0114616564799714
RNF150,0.0558927904329741
OXCT1,-0.0510526935915835
TMEM132A,-0.047565013361006
IFI35,-0.040864511739976
SNHG30,0.0551941121039949
C22orf39,0.0322347917498253
SLC37A4,0.0288831325901438
HDDC2,-0.0162430676090551
KCTD12,-0.0200440886499292
UBC,-0.0096974498745051
ADK,0.0338323199439698
ARHGEF3,0.0392886707423674
MAGEH1,0.023523224342048
PRKCI,0.0342800748579526
RPL7L1,0.0231295077468175
STXBP3,0.0451813990272256
YIPF6,-0.0280984705754682
ADO,-0.0457694449599109
CCDC18-AS1,0.0498028648082255
HDHD2,-0.0299529808139978
SUCLG2,-0.0347437930453171
DCTD,0.024945904930493
FNDC3A,-0.0260890335858935
GOLGA4,0.0425861887905038
MRPL37,-0.0289963835036091
PTCD3,-0.0233013301221985
SMIM14,-0.0231965184283519
TSPAN3,-0.0160825706116264
YY1AP1,0.0504973238930897
ZNF264,0.0436328814588219
ILF3-DT,-0.0350296436105194
JAK1,0.0360493643993307
WBP1L,0.0292510314804921
BAG2,-0.0288327601679329
C4orf46,0.0335864010979526
GLCE,-0.0346687567451319
IFT52,0.017639845928082
NCOA5,-0.0448177622279906
PTPRE,-0.0485179435856204
MBD4,-0.048072582678824
NSD3,-0.0320858546274276
VRK3,-0.0213277833899861
NNT,0.0363160457669912
PIGF,0.0265828816115381
SLAIN2,-0.0431459063189945
DAB2,0.0312729344773923
TUBB2A,-0.0479605691242336
ZNF84,0.0317424118949236
AP3M2,0.0379483289378427
SAP30L,0.0434030998936908
H3P6,-0.0390802523763894
NHLRC2,-0.0343752558978348
ARHGAP21,-0.0493215301741995
MYO10,0.0286547443969983
RNASEH1,0.0275408939087316
TEX2,-0.0515109515538497
TMX3,-0.0402170016443653
PDSS2,-0.043986925525339
RPE,0.0274853913043194
SRSF1,0.0235734999191114
TDG,-0.0539007797524923
TP53I3,0.04783925417353
TRAM2,0.0417698471623678
YTHDF2,-0.0182215116601587
PLBD2,0.0482161008522584
ALB,0.5081451429277162
RAB11FIP1,-0.0319114594564739
PRKD3,0.038766523007242
POLR2F,-0.0131887816353435
MAP1A,0.0491268534689534
MCM6,0.0299235781687348
NDUFAF5,0.0418256187661165
NUBP1,0.0321914733180979
PURA,0.0304082950960613
TPM3,-0.0164474139833096
AGGF1,-0.0382008281697093
CAVIN3,-0.034374667554686
CUTC,-0.0256614614664738
DPH6,0.0332449310589786
GXYLT1,0.0424561021820676
LDAH,-0.0374291039244489
MAP3K20,-0.0291347834250667
ZMYND8,-0.0376260469556235
ECSIT,0.0370976784253181
GSTM5,0.0301271555186339
KPNA5,0.0318818876035216
MED27,0.0232862905788806
FABP3,0.0174650357718987
LOC646029,0.017458370757238
NEO1,0.039091264144641
UTP18,0.034567368575497
MAPKAPK5,-0.0444411333209946
MARK3,-0.0343571724923891
ABHD10,0.0240110381271614
CAMK2G,0.0406170853308495
GPATCH2L,-0.028640507935269
PARK7,-0.0077352201587838
PSTK,-0.037775065031968
AMH,0.0227655687005667
ANKLE2,0.0410947915844177
GAS2,0.0462200502634828
LPP,0.0299535138727642
TRIM47,-0.0468860878514773
ITPRID2,-0.0319932387009885
ZPR1,-0.0320177727225351
GLS,-0.0295795605625351
ZNF436,-0.0418703440791157
EIF3L,-0.0074213775165724
MS4A4A,0.0346175634214868
MT1E,-0.0452884770385476
PARP2,0.0355743976797814
POT1,-0.0353641491313794
PRC1,0.0327709914968273
RNF113A,0.0261147909021542
SYT11,0.0277748616892027
TEX261,-0.0391474515820546
TRAM1,0.0145917697407019
AZIN1,0.0124601243258061
TCAIM,-0.0283889571634954
DCTPP1,-0.0210925914773753
SREK1IP1,0.0111563080505999
SPG7,0.036185007383734
C7orf25,0.0278302160994824
CGGBP1,0.019306557577159
POC1A,-0.0383281513818799
TMEM70,0.0284010790577286
LINC00672,-0.0279396461538123
KRBOX1,-0.0208546446326577
ZRANB2,-0.0160829286255445
NUP205,-0.0379602909792888
ADAR,0.0196482123570735
AFTPH,0.0362588067432495
ANAPC4,-0.0324596894584214
ARL17A,0.0418191779495099
ASRGL1,0.0309623457774751
ATF2,-0.0200088534177601
C1GALT1C1,0.0180805815790943
C3orf38,-0.0188578907284523
CD200,0.0234251882059517
CHRNB1,0.0393892409799825
CLP1,-0.01912509559096
CMBL,0.0326076541603569
COA7,0.0200725989508031
CRK,-0.0184705717488038
DDX24,0.0095875177030502
DNALI1,0.021567610253168
EIF4EBP1,-0.0217376802160699
GJB1,-0.025810053203627
HLA-DPB1,-0.036253371471858
KCNQ1OT1,0.0305187439868115
KDM5A,0.022268594917127
KIF5B,0.0139540926257095
LOC100506100,-0.0259404137230254
LRRC28,-0.0222157098003105
LSM2,0.0102325747117666
MARCHF8,-0.0393674520742764
MCTP2,-0.0325691540024204
METTL3,-0.0332804258678409
MIR99AHG,0.0218623039726811
MRPL15,-0.0216538347559238
MTERF4,-0.0179966546571348
NIPBL,-0.0259329353842892
NT5DC2,0.0284982804351636
PIGT,0.0195417915964851
PLPBP,-0.0298467089252839
PMS2P1,0.035705407892081
POLR1D,0.0147952537241575
PPP2R1B,0.0257822652341511
PRDX6,0.0055517937416308
TMEM192,0.0322853175902264
TTI2,-0.0308084950738246
UBAP2L,0.0192351687843935
UTP4,0.0204621652740029
ZNF529,0.029568999560254
ZNF670,-0.0378023616043417
GET1,0.0119060052457444
MRPL14,-0.0095184628101158
SLC35C2,0.0371502613217807
EDNRB,-0.0181511256072941
SEC24B,0.0312749812663731
ZNF326,-0.0311614584178483
ARL4D,0.0382381487631691
AZI2,0.0250688272819519
CCDC50,-0.0264418113662619
GAB1,-0.0299467143224883
JMJD1C,-0.0242446538588295
PCNX1,0.025005853125259
POLR1G,-0.0368303042403358
PTPN12,0.0333760238358381
RNF141,-0.0152538977114015
S100A6,0.008558052675084
TMEM59,0.0096754570665361
USP28,0.0328974638504213
WDFY1,0.0233298296466598
XRN1,-0.0288791527244561
EPS8L1,-0.0275383264745259
PIK3CA,0.0306300384801345
LIMK2,-0.0325937635724844
LRP8,-0.0368934411156244
NRIP1,-0.0197976680017373
SGCE,-0.0258558528225433
XRCC5,0.0064625965135174
ZSCAN16-AS1,0.0176466514752227
BAZ2A,0.0327490818219723
KCNMB2,0.0242541722649168
TOB2,-0.0315724707209476
AUP1,0.0147836399974624
CCDC28A,-0.0297835965864793
DNAJC12,-0.0197611498949872
MED31,-0.012774317826896
RPL8,-0.0047660616966087
APH1B,-0.0145624952178088
CCDC91,0.029667234614321
FAM8A1,-0.0297209030957843
NAPG,0.0238497544699673
NRDC,0.0162246595105809
SLC1A3,-0.0260553797590305
SMUG1,0.0167876110734963
ZNRF3,-0.028387623410114
IFT88,-0.0258170483424519
RABIF,0.0213387207513712
ACAD9,-0.0307147917015647
APPL2,0.0252260428919064
C15orf48,0.0270042258205878
DUBR,0.0214496430436912
MAPKAPK3,0.0213058715455272
NNT-AS1,0.0234586676416462
RBM12,-0.0201954689092919
AGO1,-0.0243613077477379
COTL1,-0.0237835069548323
XPNPEP3,0.0190480087959978
SUMF1,-0.027113572311352
TNKS2,-0.0283046595263059
BSDC1,0.0248533712257463
TCTN1,0.0258353122240914
MIB1,0.0214360785246962
WASF2,0.015344502738424
ACOT8,-0.0235741812801967
CCDC174,-0.0168364479285643
HCFC1R1,-0.0250740376000158
PDHX,0.0184089712906801
AKR1B1,0.0094803909324113
DDX56,0.0245006593235361
DDX19A,0.0173063048986502
NCOA7,0.0206983253446712
NUS1,-0.022199504798145
RNF114,0.014320706837291
TMEM109,0.0204044072252158
TMEM120A,-0.0207946386261082
TRIM24,0.0205160568526827
CDO1,-0.0240472690080271
PIH1D1,-0.0157428965536388
TRAP1,0.0271484494368589
GBA,-0.0262783289004758
SNRPE,-0.004165181530223
DYNC2H1,0.0312214880079971
GSTA3,0.0137226962015594
NOL7,-0.0180247090590679
NENF,-0.0196516242193381
RAD50,-0.0183152802035694
ARHGAP5,0.0139631064600011
C21orf62,0.0279334962098621
MPDU1,0.0254173645891656
STAU1,0.0166013113549852
TFF3,0.018286219698105
GON7,0.0214560681004941
ZYG11B,0.0147958571244824
ALG6,0.0235609212139868
GPANK1,0.0242933136773388
MYL9,-0.0200018870644415
OCIAD2,-0.0129164570693191
PRKACB,0.0182679427477871
TPI1,-0.0041423585019037
UBE2E3,-0.0104694497978857
ZMYND11,-0.0185275039724754
CAND1,-0.011079937566505
IQSEC1,0.0245564737299529
OSCP1,-0.0168044578675237
TMEM127,-0.0225448529278355
TTC17,-0.0197715037804111
DDX52,0.0117865244119705
CAMSAP2,-0.0174229339519067
CUTA,-0.006524100239122
DELE1,-0.0148694203291767
FASTKD5,0.0189191138923141
GTPBP10,0.0170543644499066
HNRNPLL,-0.0174098242635232
KCTD20,-0.0182435513307357
MYH10,-0.0245841520474336
PDLIM4,0.0201631377043957
RPAP3,-0.020693080566086
SEPHS2,-0.0187385595847986
TUBD1,0.0199309121577705
UQCRFS1,-0.009813631213881
USP3,0.0154230520844911
XPOT,0.0182720725748162
H4C11,-0.024367759844047
FBXO3,-0.0162161944609782
KLHL11,0.0161309670607042
SLC25A14,-0.0150672865455409
GSPT1,-0.0129194157023014
ABHD14A,0.0229453867699412
ADGRA3,0.0219827926244049
AGL,-0.0166943398848986
FRS2,-0.0184635724823622
HELZ,0.01288523239242
LBR,0.0153213824939129
MPI,-0.0146103034624332
PPP4R2,-0.0128601898552832
PTTG1IP,0.0087858801447433
RAD17,-0.0168842292907408
RPS3A,0.0043266473758973
UBXN7,-0.0175637709053502
ATL3,-0.0117011816088391
STAMBP,0.013055621945077
UXS1,0.0200967945622626
BMPR1A,0.0159428745480018
C5orf63,0.0202010019547176
PARD3,0.0135379489280837
ZNF766,-0.0171410228562522
AURKB,-0.0148122023553054
NPC1,0.0205418840511486
PLK2,0.0154954204037341
SMIM7,-0.0058398773381512
CALCRL,0.0129677885005127
MIER3,0.0156815735427442
SMARCC2,0.0184150586831879
TMEM214,0.0181314670952085
ASH1L,0.0153144863129648
GINS3,-0.0163648316321859
NARF,-0.0132914758074168
CCNL1,-0.0188870994929816
CUL4B,0.0087068813416847
DNPEP,-0.0122035997316586
LINC02210,-0.0195951447711447
PCCB,0.0125884987670517
SLC35A1,-0.0130403991926171
TCN2,0.0215020316357333
TSC22D3,0.0103434492678398
CDC25C,0.0222453189758602
GOLGB1,0.0160094275745619
TSPAN6,0.0049397268875966
EIF2B2,-0.0149885358130724
C9orf85,-0.0130237261415092
KIT,-0.0193495080307442
PPIG,-0.0071846995983509
SLC35B4,0.0116828319930173
UPP1,0.0196929671560283
TMCO1,0.0048329037772769
ST3GAL2,-0.0110757380320028
ZNF791,-0.01442026697987
SDHAF4,0.0123737157747243
ATF6,0.0091364679744437
DUSP14,-0.0117356701924828
APIP,-0.0107578705430608
HSD17B11,-0.0045484759157202
TCAF1,-0.0089496571104741
GLUD1,-0.0097934872696102
SLC9A9,-0.0143584057180509
DCTN4,-0.0072637851675363
RPL18A,0.0030791279984486
CCDC88A,0.0126273918645918
FGFR1OP2,-0.0100950521582724
FKBPL,0.0148600517489553
RSBN1,0.0082309608853857
VPS28,-0.0039905569042227
WBP2,-0.0171301834251757
MRPS5,0.0072893707315371
TMEM18,0.0045432268970218
SF3B3,0.0060681294984369
CFAP97,-0.011021149285482
CLINT1,-0.0140215322726279
DPH3,-0.0060895487774857
PHACTR4,0.0155018828148538
SMYD2,-0.0152456638847215
AKIP1,-0.012865501401279
ATXN1,0.0113945664469321
BTBD7,-0.0136967145748237
DENND2B,0.0095713087095297
ELOA,0.0148677856083892
ERBIN,0.0085165838518601
FRG1HP,0.0150122467037481
FUCA2,0.0115940736220138
GNG7,-0.0088368807891585
MOAP1,0.0161478450089552
MRPL55,-0.0095065563344419
PEG10,0.008935429849683
PEX2,0.0058104427915505
PHGDH,0.0076170477283341
PRAF2,-0.0106660704631085
RBM5,0.0066538717731813
SLC35A5,-0.0078226868067871
SPESP1,-0.0125193290626392
SREBF2,0.0143406397942172
UBA7,-0.01868838322683
UBXN1,-0.0082504821590089
WFS1,0.0128631269479396
CTPS2,-0.0139011996083497
H2AJ,0.0106352057912725
IWS1,0.0126107798610153
ERG28,-0.004116833571579
UBE4A,-0.0100170024533948
COL14A1,-0.0097911177690972
EEF1E1,-0.0049318356031094
NSG1,0.0118176695226557
TGFBR3,0.0085163055253527
BCL2,-0.0115676231521485
DHPS,-0.0069893816455964
EIF1B,-0.0043611496561843
TRIM28,0.0083349061418927
HLA-F-AS1,0.0111984203674262
INTS13,-0.0101037422202916
TAF11,-0.0077697984569545
COG2,0.0071891226114179
PARPBP,0.0120173301796278
RMND1,-0.0069263446476113
TBC1D15,-0.0082234309154312
PCOLCE,0.0100640099348399
ALDH1A1,-0.0030724209860778
HPGD,0.0084774103351582
SEPHS1,0.0088501643826133
ATXN10,0.0047983595004207
C12orf43,-0.0106913273028105
HNRNPH3,-0.003090578963263
MAP3K13,0.002710113658165
PARVA,0.0066901980918479
PCNA,-0.0033169227050279
PIP4K2B,-0.0069046238509216
METTL16,0.0099545535107959
TBC1D9B,-0.0106846338334923
OCIAD1,-0.0032778959668205
HILPDA,0.004277794065126
SMIM4,0.0060144676832385
RNF213,0.0069709794085383
CPNE1,-0.004579321710606
SLC33A1,-0.0084006911164171
BTG2,-0.0080103412403462
DYRK1A,0.0053626008904594
NAXD,0.0081742890909697
PREPL,-0.004732351293911
TMEM203,-0.0086700341877049
AKAP11,0.0064885878455116
SH3BGRL3,0.002772168818465
STAG1,0.0069973188464252
UCP2,-0.0059161533495711
SPA17,0.0077392992537309
C12orf57,-0.0022361909933362
DDX41,0.0056160397506672
DEPP1,0.0050449940864204
MB21D2,-0.0062813327818593
BACH1,0.004931324776494
C1orf141,-0.0054097328738322
IDE,-0.0076433185607669
SLC39A9,-0.004345105481642
CHCHD1,-0.0019735451306997
SPTSSA,-0.0029408014968048
TERF2IP,-0.0047020460688834
ERI3,-0.0038693204441598
APOBEC3G,-0.0031531678140721
LSM3,0.0016726270190665
NAA30,0.0037947977481434
PRR3,0.0057348867176102
TATDN1,-0.0025604907381424
TPR,0.0047453756458467
WAPL,-0.0043028552006966
RBM39,-0.0024209988536276
AKIRIN2,0.0047432842679216
ELP6,0.0020156350141392
HMOX2,-0.0034454795183957
POSTN,-0.0023784037460948
STRIP1,-0.0052099118624727
ETF1,0.0028415352317129
TMEM106C,0.001399748088042
TMEM43,-0.0036343139735799
CIDECP1,-0.0051828002609581
FEZ1,0.0028518396756756
PHIP,0.0026846982655577
ZDHHC4,-0.0020428951166716
EXOSC7,-0.0015652365112293
SLC5A6,-0.0029422380231155
EFCAB11,-0.0040746289271459
PRKD1,0.003370453825699
ASH2L,0.0017285493036419
CLGN,-0.0038190608584058
SLC37A3,0.003859844516491
RNF8,-0.0030983696213786
WDR70,0.0025012217292485
NOL9,-0.0030421485307086
IGF1,-0.0019674629439716
INHA,-0.0011780047107232
MFSD4B,0.0026271757774549
NUB1,-0.0022991526096548
TOX4,0.00131980762383
HDAC8,0.0021167580538193
ACOT9,0.0010286761430583
NISCH,-0.0022265457879258
OBSL1,0.0016191629763974
ODC1,-0.0013696177572854
LSG1,-0.0017297650296639
MRPS28,0.0006900097816664599
CCDC82,-0.0013027888416971
SGO1,0.0014968014598476
TNKS,-0.0011089074512198
AGPAT1,0.0006793925566058551
ANKIB1,0.0008966222613394723
BMS1,0.0009722727826485534
C1orf43,-0.0003779099776078103
CSRP2,0.0007410116023273295
IRF2,-0.0006646374807112063
PIGV,0.0006913439865825038
POLR1H,0.0004244411901788452
SUOX,-0.0010900317045063
TTC9C,-0.0004203496492162112
DTNA,-0.0005237987772288166
MPDZ,0.0004621495544775084
PIGK,-0.0002548883790296171
TRAK1,-0.00034915820722521737
MGAT2,-0.00018511680496582992
JADE1,-0.00011741296980626664
LAMC1,-2.955886631048083e-06
AAK1,0.0091960460945487
AARD,-0.4672788707581021
AASS,0.5113734338076336
ABCA8,0.070566427860386
ABCB8,0.5493975932263704
ABCC1,0.0333900909121858
ABCC12,0.1879410497877141
ABCC4,-0.2121033800131654
ABCD1,0.4721681958746372
ABCG1,-0.9313924581389164
ABHD11,-0.0161013228729735
ABHD12,0.070608327581165
ABHD14B,0.6783977833048661
ABHD17B,-0.330710776619987
ABHD2,-1.576552406725526
ABHD5,-0.0364411888943585
ABHD6,0.4225478977933498
ABI3BP,-0.1108917151569494
ABL1,0.0819023667977202
ABO,-0.230549137147649
ABR,-0.3885997051645181
ACACA,0.8214989231834315
ACAD8,0.0521119306718159
ACBD5,0.7319487314452592
ACBD7,-2.142731165943202
ACER3,-0.2464180146911972
ACIN1,-0.4125722041430684
ACKR3,-0.77300995248049
ACO2,-0.3831100276464654
ACOT7,0.0407847452002223
ACOX2,0.0605982548897565
ACSL1,0.2687114570732797
ACSM1,0.0059980756345991
ACSS3,0.8987354194170358
ACTN1,-1.1620080491496687
ACTR3-AS1,0.080001719496041
ACVR1,0.8111103836573084
ACVR1B,0.4495448115723101
ACVR2B,0.5248095331418937
ADA,0.2012906533076818
ADAM12,0.3945610556179048
ADAMTS1,1.6387925471338616
ADAMTS2,0.1459365845907898
ADAMTS4,-0.5744868040628565
ADAMTS9,0.8199588644873474
ADAT2,-0.2553045826580454
ADCK1,-0.2696803439452554
ADCK2,0.347049470142675
ADCY2,-0.1638079803456718
ADCY6,0.3160556508271288
ADGRB3,0.0535131323480872
ADGRF5,-0.7512162401656078
ADGRL1,-0.0151781897302176
ADPGK,0.1518214640220209
ADTRP,-0.9196410005708
AEBP1,0.6538312242838689
AFAP1L1,0.5138334961684284
AFAP1L2,-0.8618124998265545
AFF1,0.1322688790108441
AFF3,-0.4899864317596714
AFP,0.1527937672561606
AGAP3,-0.2040858622525777
AGBL5,-0.6885553251391204
AGFG2,0.1501200814239166
AGPAT2,-1.0825061158836482
AGPAT3,-0.0692315382165214
AGTPBP1,-0.0393383227506454
AHCYL2,-0.4950941817776756
AHDC1,-0.3602072315272041
AHR,-0.3486572219055171
AIFM2,0.2094751404916851
AJUBA,0.0040239874830093
AK5,-0.1643945142389908
AK9,-0.9674375263748316
AKAP1,0.0949508545434503
AKAP8,-0.0806957443380334
AKR1B10,1.2659523210825916
AKR7A2,-0.7415106919742265
AKTIP,-0.0808475649448218
ALAS2,0.632457501626943
ALDH5A1,-0.3005145628528886
ALKBH1,0.2184562039162575
ALKBH3,-0.5339053601595195
ALKBH4,-0.7843940998166686
ALMS1,-0.2628879704120357
ALPK3,0.5119741518480732
ALS2,0.4819969636586644
AMMECR1L,-0.2028143913359211
AMOT,0.246560515069162
AMOTL2,-0.6539197702491405
AMPD2,0.5441645229340812
AMPD3,1.1323293954042546
AMT,1.176688941650852
ANAPC1,-0.2143894801741249
ANGPTL1,0.392698061692702
ANGPTL2,0.4672502926436757
ANGPTL4,-0.1506760908225148
ANK2,-0.2129587172508209
ANK3,-0.1471812921550092
ANKRA2,0.1001874425884231
ANKRD18A,0.5571227765985046
ANKRD26,-0.2801591728366553
ANKRD42,0.2912471878081936
ANKRD44,-1.120595506009705
ANKS1A,1.3720006030570824
ANKS3,-0.9102293999809444
ANLN,-0.5771817332925724
ANOS1,0.6567651346666326
AOAH,-0.3762110378538878
AOPEP,0.1335252605504752
AP1AR,0.4244402957756776
AP1B1,0.4900100626384091
AP3D1,-0.3148352008645323
AP4B1,0.3084847790954296
AP4E1,0.5216955878523843
AP4M1,0.4398984704463579
AP4S1,0.1471322560733732
APBA3,0.2573289254297169
APBB1,-0.123772319184605
APOC1P1,-0.1533176485001337
APOL4,0.2418541871092362
APOLD1,-0.2086233699174423
APOM,-0.2874128351643145
AQP1,0.2943200739125885
AQP7,0.4141657775698248
AR,-0.5406662087819617
ARAF,0.7103867705369972
ARFGAP1,-0.6262572528454682
ARFGEF2,-0.0700424617210596
ARFRP1,-0.2703861629938113
ARHGAP10,-0.2368762883376463
ARHGAP11A,-0.8756156480976127
ARHGAP17,-0.1431939271481458
ARHGAP19,0.2117349347590812
ARHGAP23,0.6178377236353229
ARHGAP25,0.7675686734368361
ARHGAP26,-0.2333630769525889
ARHGAP29,-0.6717756248377338
ARHGAP31,-0.4835795843916701
ARHGAP32,0.741679161500187
ARHGAP35,0.0403340554951156
ARHGAP42,0.5323381132669815
ARHGDIA,-0.1405726550645336
ARHGEF17,0.372037210524852
ARHGEF2,0.1670724412621611
ARHGEF26,-0.1014749950059379
ARHGEF33,-0.5898504025369137
ARHGEF40,0.3385120082115597
ARHGEF7,-0.0609379468561198
ARHGEF9,-0.3310606271545466
ARID3A,0.1034604497215016
ARL10,-0.289525167347012
ARL13B,-0.6801229841611489
ARL17B,-0.1686025592358754
ARL4C,-0.8472308282507213
ARL6,-0.3501572440362984
ARL9,-0.4129864645958963
ARMC10,0.307029557801547
ARMC6,-0.4130554640091667
ARMH4,0.2487302893078816
ARPIN,-0.2415850688534623
ARSG,-0.1728862171534445
ARSK,-0.6841666205449924
ARV1,0.3794002609484831
ARX,-0.1324229768682834
ASB1,-0.1021940938572105
ASB16-AS1,-1.66872597166986
ASB9,-0.7438192361322488
ASF1B,-0.3471882141019037
ASPSCR1,-0.2650349695106321
ASXL3,-0.7146237967277965
ATAD5,-1.4305196861719964
ATF3,0.1360847081166744
ATF6B,0.1457549120880046
ATG14,0.0076152836406182
ATG16L1,0.0959752279872399
ATG2B,-0.119153680333084
ATG4A,0.3363224635222671
ATL2,0.4086878452238832
ATP10D,-0.8840477722783814
ATP11A,0.0558347485657131
ATP11C,-0.4531442479627666
ATP6V0A1,-0.1161949010845467
ATP6V0E2,0.3268308153766842
ATP7A,0.0586743959685881
ATP8A2,0.0589505770321763
ATR,0.467209246740676
ATRNL1,0.082484960524168
ATXN1L,0.1465077398747075
ATXN2,-0.3285173027827159
AUNIP,-0.4800061682806882
AVEN,0.015623603162351
AVL9,-0.0376085187286664
B3GALT2,0.8022439479382889
B3GALT6,-1.0402699867792844
B3GAT3,-0.3401821904767163
B3GNTL1,-0.2797031511732771
B4GALT2,-0.0400809273289757
B4GALT4,-0.0098846722777213
B4GALT7,-0.1412152739714117
B9D2,-1.2682611974322988
BACE1,0.1040918925749465
BAHD1,0.4227403184925297
BAIAP2,-0.4239132360701816
BANP,-0.2315888687901977
BASP1,-0.1309653996993093
BAX,0.3481008548924086
BBS10,0.075658907511294
BBS12,0.427289185221557
BBS9,0.975942591780356
BCAR1,-0.0408254319623487
BCAR3,0.1604084480431601
BCKDHB,0.4533862018392831
BCL11A,0.6222342981954848
BCL2L12,-0.2344756686706667
BCL6B,-0.4546281727354179
BCL7A,-0.9040226753949622
BCL7B,0.2672199540744363
BCL7C,-0.3533225326108103
BCL9,0.0628992913880657
BCLAF3,-0.5726482864839416
BCOR,-0.1976717459911595
BCORL1,-0.0079984515614646
BCR,-0.041935313690801
BDP1,-0.5387025729978251
BEND3,-0.6418032863042374
BHMT2,0.8847228845828243
BICD1,-0.1327170845170016
BICD2,-0.3957949242002986
BICRAL,-0.7073667805433177
BIN1,-0.2056181895550736
BIVM,-0.3473763284385704
BLM,-0.5779946610937963
BMERB1,0.5167370765308152
BMP1,0.2325298892103839
BMS1P14,0.0510097304653111
BMS1P20,-0.2775161941442413
BOLA1,-0.2418236973048569
BOLA3-AS1,0.1691917458231052
BOP1,-0.4499017337286044
BORCS5,0.3284987400763711
BPNT1,-0.3371114745704761
BRAP,0.6195679749649863
BRAT1,0.167626651083742
BRCA1,0.5819673680710363
BRCC3,-0.3532756146431312
BRD1,-0.5513832101431767
BRD3OS,0.4145057663129241
BRI3BP,0.4539238286929543
BRMS1,0.007822947706392
BRPF1,-0.3574826489674322
BTAF1,0.800930683584424
BTBD1,-0.1416451170657975
BTBD8,0.4706392403924873
BTN2A1,-0.7176167604065802
BUB1B,-0.7206946274957098
BYSL,0.4903124179655679
C10orf82,-0.1839920230129563
C10orf88,0.1603385010967215
C11orf24,1.0801871372951146
C11orf96,0.2432625260417314
C12orf76,0.178656192509739
C14orf93,0.6246914732792662
C15orf39,-0.1056902591050805
C17orf113,-1.4380180681164154
C17orf58,0.1947973963404276
C18orf25,-0.0002213848460070101
C19orf54,-0.3847310446336443
C1GALT1,0.2742595523221529
C1QC,-0.1764244463847449
C1QTNF6,-0.062601767022463
C1orf109,0.1246724208963509
C1orf112,0.8192018121592162
C1orf56,-1.11965288716998
C1orf74,-0.7505873272343577
C20orf194,0.5238005871843961
C20orf27,-0.3500112698655687
C2CD2,0.0048082760333326
C2orf15,0.0758690001261789
C2orf42,0.4528110168756416
C3orf18,0.0021859920800798
C3orf62,-0.5666225119152879
C4orf33,-0.6416159339759494
C4orf48,0.2651855063694667
C6orf132,-0.5257652057057237
C6orf226,0.2067729855278385
C6orf47,-1.3915164183055349
C9orf64,-0.3640010420351287
CA11,-0.1520427158947534
CAB39L,0.0799185793502951
CABYR,0.2128964149906964
CACFD1,-0.224010732440357
CACNA2D1,0.6794064986353915
CACNA2D3,-0.3179554876652415
CACNB2,-1.2543987069785731
CACNB3,0.26529029258311
CAD,0.7875520919433407
CADPS2,0.6773662964410505
CALHM2,-0.1907640931394907
CAMK1,-0.7800152963128008
CAMK2B,0.1516537331732768
CAMK4,-0.5720522430278735
CAMSAP1,0.6457771148495534
CAPN1,-0.1785038191608596
CAPN5,0.5922990049503621
CAPRIN2,0.3362243714805268
CARD10,0.5469675594294976
CARD19,-0.655505415756886
CARF,-0.0124242309973046
CARS2,0.3097641123597571
CASD1,-0.0060213980425139
CASP1,0.0165550858722286
CASP10,-1.2474789128886208
CASP3,0.0906589657384203
CASP4LP,-0.0112912795062251
CASP9,0.4582581162494875
CC2D1A,0.0523251066652986
CCBE1,0.8831974105781484
CCDC107,-0.5828677644397914
CCDC112,-0.4218319659468866
CCDC122,-1.6878730363420784
CCDC138,-0.9156282874347887
CCDC171,0.1968044317757541
CCDC181,-0.1990594710673801
CCDC22,-0.3879977742499729
CCDC3,0.2082828789691066
CCDC66,0.2311698626675075
CCDC73,0.5364978836144061
CCDC74A,0.335474752240381
CCDC77,-0.4003442055719981
CCDC80,0.9649015976751508
CCDC85B,-0.8125728444837753
CCDC86,-0.4003706232509879
CCDC92,0.2364304105264198
CCDC93,0.7112256830649646
CCDC97,0.4292637126380461
CCL19,-0.3895349379216687
CCL21,0.0016559250921528
CCL22,0.2377733020473568
CCL24,-0.8729662618989465
CCL4,-0.7822697422793338
CCM2,-0.4512789598304437
CCN2,-0.3104501651924588
CCNA2,0.2783949420479655
CCNK,0.4613402328349456
CCNT2-AS1,0.1637705113553209
CCP110,0.0490847510135346
CCPG1,0.4520509929849854
CCR1,0.0822770164185714
CCT6B,0.1566053102768468
CCZ1P-OR7E38P,-0.4649554641033436
CD109,0.249119515866846
CD163,0.312435683303675
CD163L1,-0.5473566929734129
CD209,0.5830589868193589
CD22,0.3588729157388173
CD276,0.0998545019818182
CD300A,-0.0718107080437149
CD37,0.9852262181665116
CD38,-0.2539690804682159
CD44,0.3186207557072692
CD48,0.3392309415839522
CD58,-0.3353597820767802
CD82,0.1141151236553721
CD99L2,-0.1340735711223242
CDA,-0.3866599486077546
CDC14B,0.2118008135798143
CDC25B,-0.2164849707599176
CDC34,-0.0927682261959523
CDC37L1,0.1673732185949545
CDC42BPA,0.1219641245680033
CDC42EP1,-0.1186336220003654
CDC42SE1,-0.2325609000836063
CDCA2,-1.07222956428614
CDCA3,-0.1891352092932186
CDCP1,0.0186713843844815
CDH3,0.3935402182676358
CDH5,-0.1280842817489591
CDH6,-0.1539779913755435
CDH7,-0.6038676446960898
CDIN1,0.0868174014331272
CDIP1,0.1251165911135885
CDK10,-0.8713382432466236
CDK11A,0.4183718665813619
CDK11B,0.4076443996248812
CDK12,-0.1130860994499814
CDK16,0.3471293866356628
CDK5,-0.7653012210959715
CDK8,-0.2137974483549828
CDK9,0.3166580120541353
CDKL3,0.7069596457289389
CDKL5,0.2950472989969289
CDKN2AIP,-0.1201092489273646
CDON,-0.3151812823640082
CDR1,-1.2251316078680032
CDR2,1.472082439798497
CDS1,0.818998507534411
CDYL,0.0930769213140258
CDYL2,-0.1181720839822477
CEBPB,1.2814300322268752
CEBPG,0.6442893185135409
CECR2,-0.4612512393403301
CENPBD1,-0.1241448783780655
CENPE,-0.4687471620252874
CENPJ,-0.1724165938498849
CENPV,0.422119100893136
CEP104,-0.8231570298482147
CEP120,-0.4040279330552032
CEP126,-0.4881508378480612
CEP131,0.0537718116233151
CEP135,-0.2970414837098962
CEP164,-0.1887743468796973
CEP19,0.2534161660971507
CEP295,0.1144804026666975
CEP68,-0.0137108465712987
CEP78,0.2070207115092906
CERCAM,-0.8336080298204513
CERS1,0.6856620390714342
CERS2,0.3671206769200144
CETP,-0.3151636025358303
CFAP298,-0.2275701733615477
CFAP410,0.3713322139731613
CFB,-0.0245181391134145
CFHR1,1.7935699079959968
CH17-340M24.3,-0.1247934081528714
CHAC1,1.938151901887112
CHAC2,0.3403838168840324
CHCHD10,-0.1290635741332657
CHD3,1.3751556231278563
CHDH,0.2066985074814947
CHIT1,0.872354393705068
CHKA,0.5247691109548487
CHKB,-0.3079214850664905
CHMP4C,-0.1259420602712405
CHMP7,0.1481080125842322
CHN2,0.0192440392126664
CHRM3,0.2854388238402567
CHRNA6,0.3471929658505224
CHROMR,-0.1339185449681175
CHST10,-0.2167051043858514
CHST11,-0.6991396008387387
CHST12,-0.8260182696044537
CHST14,0.1276045937703202
CHST15,0.1652890085848881
CIC,-0.1093919420818895
CIP2A,-0.9014329450367908
CISD3,-0.1785521840701892
CIT,-0.6829819393010589
CKAP2L,-1.287149632249469
CKM,-0.872286261097945
CKMT2-AS1,-0.7018648126029029
CLCC1,-0.8790989566083679
CLCN4,-0.4402019387392848
CLEC2D,0.3876668609150204
CLEC2L,-0.7510122976863924
CLHC1,-0.7971055146734958
CLIP1,1.0254125431147445
CLIP3,-0.2412028656177346
CLIP4,0.2374280136627581
CLK2,0.3342257813041599
CLK3,-0.4242051585827005
CLK4,0.656802386885286
CLMP,0.6002966708085552
CLN8,0.6144048041005435
CLPTM1,0.1831477765763996
CLTRN,-0.1078667777511131
CMPK2,0.4288799710220242
CMTM4,-0.0105906568219227
CMYA5,0.3329681094892088
CNKSR3,-1.008418466955847
CNNM2,0.6691947063768714
CNTFR,-0.3607096668103917
CNTN4,0.3075030296696473
CNTNAP2,-0.2335974229652718
CNTRL,-0.5134819139942713
CNTROB,-0.7832030644607836
COCH,-0.1422482300498516
COG1,-0.0191120106188992
COG3,0.7470504672602093
COG6,-0.2778419672491763
COG7,0.1432803722840538
COL11A1,-0.0474116133277946
COL16A1,0.0018370270262301
COL18A1,-0.0179021002776258
COL21A1,-0.0458038963580856
COL4A5,-0.2113398657471299
COL9A2,0.2185082310423556
COL9A3,-0.2457056822367968
COLGALT2,0.7348985627365086
COPS7B,0.1145880139445967
COQ8A,-0.0951367964022359
CORO1B,-0.1480221734100952
CORO7,-0.4556144470210657
COX10,-0.7747613756278793
COX18,0.383993133740111
COX19,0.2300820853118111
CPEB2,-0.1738820859565855
CPEB3,-0.0921649824761296
CPLANE1,-0.212315260280984
CPNE5,-0.0769548347153875
CPS1,-0.4363409038516447
CPSF1,-0.3156359874204626
CPSF7,0.489756781608457
CPT1C,-0.0463801432153178
CPT2,-0.129315749436291
CRAT,-0.1230857859441838
CREB5,0.5869634069029902
CREBZF,-0.6204296785795526
CRIP1,-0.1886680311976382
CRLF3,0.2055108007190662
CRMP1,0.7036873366511301
CROT,-0.0323990071345428
CRY1,0.3188088445355838
CRYBB2,-0.3222378213640763
CRYBB2P1,-0.1393187173420283
CSDC2,-0.7733511551831131
CSF1R,-0.3581662682448017
CSGALNACT1,-0.2386479590982987
CSK,-0.176859305581829
CSPP1,-0.3234070640465916
CSRNP2,0.5443296521626326
CST9L,0.323078059177812
CSTA,-0.0110954614073946
CTBS,-0.2090878510806089
CTH,0.1629942587439517
CTNNA2,0.7942655841636992
CTNS,0.3701338760527987
CTRL,-0.1151500083696454
CTSF,0.0349753119213234
CTSH,-0.1642479259244918
CTSO,0.4076207173006742
CXCL11,-0.3073163562521272
CXXC4,-0.3608715453825529
CXorf38,0.1370044961791727
CYGB,-0.8565233040338083
CYHR1,-0.4803489380738157
CYLD,1.004788673953296
CYP39A1,-0.6585200604340185
CYP4V2,-0.3662447784367548
CYTH3,0.8957364312841528
CYTL1,-0.3309966751755603
DACT1,0.1777237098307665
DALRD3,-0.417647496787817
DAPK1,0.4040278054147529
DAPL1,-0.7550814780715268
DAZL,-0.0624636891502036
DBN1,-0.8929220760308738
DBP,-0.0491340279618407
DBR1,0.6790537962095691
DCAF1,0.6780567845262555
DCAF17,-0.1481168950030334
DCAF4,-0.0435681145399804
DCAF4L2,0.473212826476429
DCAF8L2,0.4042913092874128
DCHS1,-0.7425158288556503
DCK,0.0631555929054242
DCP1B,-0.3285109214625785
DCSTAMP,0.5240522180470288
DCUN1D3,-0.9083689860141272
DDA1,-0.2491221782791851
DDB2,-0.3750306674648109
DDHD1,0.3482712842309176
DDHD2,0.5473052198561583
DDI2,-0.6298710087381882
DDX20,-0.3939436196201857
DDX28,-0.2008025441256601
DDX4,0.4119118742678499
DDX49,-0.5772470017134922
DDX54,-0.4959917237157253
DDX55,-0.3499024499990548
DDX58,0.164281399492993
DDX60L,0.9159691490111752
DEDD2,0.2701968248638992
DEFB119,0.2602819938603805
DENND11,-0.3471091123380895
DENND4A,-0.6612700858341676
DENND4B,-0.1577116359883701
DEPDC1,-0.7591898655217664
DEPDC5,-1.0280620395974007
DET1,0.0975093710422729
DGAT1,0.7192685283440708
DGCR2,0.0457239829706315
DGKA,-0.4036754631111531
DGKD,0.4747979939475413
DGKH,-0.4696587391014667
DHH,0.0996523280130465
DHRS12,-0.1970391030512603
DHRS4,-0.5121897391730613
DHRS4-AS1,-0.1391296079487045
DHX16,0.4286508280055458
DHX32,0.3602146988170214
DHX35,0.5194847301247246
DHX57,-0.8527670238624055
DIP2A,-0.4213540798037699
DIPK1B,-0.7253294214379011
DIS3L2,-0.3222991419657906
DIXDC1,0.8002626196391401
DLGAP1-AS1,0.3001726754756935
DLGAP1-AS2,0.0550206527194206
DLGAP4,-0.3657125929529635
DLL4,-0.9905860390992978
DMAP1,0.0810570981768662
DMTF1,-0.3900830493291594
DNAAF2,0.0204265518654176
DNAH14,0.3301658672259461
DNAJB2,-0.3226663524169295
DNAJC2,0.154925203118957
DNAJC24,-0.1418358688034898
DNAJC30,0.290625005402609
DNAJC5,0.5240497833761858
DNAJC9-AS1,0.2193776709988679
DNASE2,0.0375047859509161
DNM2,-0.962363253709022
DNMBP,-0.3024941962208322
DOCK1,0.0052504184225547
DOCK9,0.1139782423634487
DOK5,0.7357065366681032
DOLPP1,-0.3892763837307384
DPF3,0.2084398402202923
DPH2,-0.16095796022553
DPPA2,0.0708723178609622
DPPA5,-0.2200095582280133
DPY19L1,0.6531272670664813
DPYD,-0.0553520080775603
DRAP1,-0.4613339295351149
DSTNP2,-0.5799362969417373
DTD2,-0.257607148344697
DTX4,-0.2840645688802056
DUS2,-0.4693873152907877
DUSP1,0.7617748645944744
DUSP10,-0.6890588197543341
DUSP12,-0.3724348096406438
DUSP19,-0.9941490952497342
DUSP6,-0.7581582717254646
DUSP7,0.5941059489832509
DVL1,-0.1129840756355937
DVL2,0.0732169669867167
DYNC2I1,-0.1154486937484089
DYNC2I2,-0.6542200361540279
DZIP1,-0.2044040536231947
E2F2,-0.3731677079318974
E2F3,-0.2220250279625948
EARS2,0.5652011639941316
EBF1,-0.6108526230865824
EBPL,0.4485996075441629
ECE1,0.2527324347826483
ECHDC2,-0.0734221555671014
ECI1,0.3002088881510004
ECM1,-0.2105247270714691
ECRG4,-0.0763270878578112
EDIL3,-0.2490757720365417
EDRF1,0.1284461139856202
EEF1AKMT2,-0.721134771589782
EEF2K,-0.4796204361942217
EEFSEC,-0.1742575094012405
EFCAB7,0.3176700208430352
EFEMP2,0.0459149520973501
EFHD2,-1.1740551563059702
EFL1,0.5622605182963221
EFNB1,-1.0249223380916166
EFNB2,-0.4294681160888728
EGFL7,-0.8535582281179651
EGLN3,-1.8652791002964348
EHD1,0.2655506843972936
EHD2,0.417388166935425
EHD4,0.9101210959548682
EHHADH,0.6386943950511188
EHMT1,-0.3787866208768261
EHMT2,-0.851776488682766
EID2,-0.3273276149160144
EIF4G1,-0.1021925024591147
ELAC2,-0.6665549189101067
ELAPOR1,0.6356015694501034
ELAVL2,-0.2998294269118557
ELF1,0.2607011139587146
ELF4,0.4715398142108241
ELMO1,-1.0579337367343342
ELOVL3,0.5069256938289535
EMC8,-0.0153329281999069
EMD,-0.3018963282524198
EML2,0.2053708089339028
EMP1,0.0075160247392078
EMX2,0.2554693992268989
ENDOV,-0.4394378092290766
ENG,-0.908149260599808
ENO2,0.5275650864492083
ENO3,0.4579881218799422
ENOSF1,-0.6384468805276905
ENOX1,0.3116707119464155
ENOX2,-0.7916927391912434
ENPP4,0.23619199248118
ENTPD3,0.3073762911489981
ENTPD4,0.1036006841643296
EOLA2,0.0181472497435297
EP300-AS1,-1.1102408275280893
EP400,0.2459498889205802
EPAS1,-0.1503508399770249
EPB41L1,-0.2720663161814354
EPB41L4A,-0.5493074080192836
EPB41L4B,0.6723884520786202
EPCAM-DT,-0.051522778449922
EPG5,-0.5982238980280437
EPHB2,-0.3724734597507472
EPHB4,0.1361889989434227
EPHB6,0.5241923110341257
EPHX1,0.1758577643315659
EPN2,-0.6235688559740639
EPPIN,-0.2269954133492508
EPSTI1,-0.6151585400866163
ERAP1,-0.0034207941110027
ERBB2,0.4562594101203699
ERBB4,0.1325986874160599
ERCC6,-0.2712779527125203
ERG,-0.0896022888927575
ERI1,-0.0614633257936515
ERICH1,-0.0771272301777674
ERICH5,-0.1685863806998129
ERMAP,0.2635291126798753
ERRFI1,-0.4650141015650066
ESAM,-0.3439145489170127
ESCO2,-0.4045984510724989
ESRRA,-0.1178566760808613
ESS2,-0.0967735736917171
ESYT2,0.0800547991506838
ETAA1,0.822489791767439
ETFDH,0.1962160519947821
ETS2,0.0698645654231616
ETV1,0.7318275438267798
EVI2A,-0.3034383424050983
EVI2B,0.0054882328235481
EXOC3,0.930667108912784
EXOC8,0.0658117093241741
EXOG,-0.0658368445297714
EXOSC3,-0.6152024513074897
EXPH5,-0.580122664701484
EXTL3,-0.2856748128405962
EZH2,-0.5824984966538265
F10,0.265878952930591
F8,0.5297052425491414
FABP1,0.4094654420119976
FADD,-0.6142472600171033
FAHD2B,0.262753464441354
FAM102B,-0.8297226974592712
FAM107A,0.6133688908470246
FAM110C,0.7720367978474092
FAM111B,-0.2889991019160121
FAM120B,0.5890095504981301
FAM124B,0.2275313909177823
FAM126A,-0.6829705264162769
FAM133A,0.0785431425824801
FAM133B,-0.1805257600414435
FAM135A,0.335897410593414
FAM168A,0.187342202441031
FAM200A,0.1440342659898228
FAM207A,-0.5061554207684102
FAM20A,-0.747555548537182
FAM20B,0.3294870836694792
FAM20C,-0.807767347867757
FAM214A,0.288945022067477
FAM222B,0.6136441245113906
FAM228B,-0.5801807340802685
FAM236B,-0.558674997495933
FAM3A,-0.6596276172653294
FAM43A,-0.5790089479467058
FAM50B,0.1026037239415986
FAM53B,-1.413619778707768
FAM71E1,-0.2606630456263527
FAM89A,-0.0165106998292222
FAM89B,-0.0441147405660297
FAN1,-0.4519463430106682
FANCB,-0.0528327787991808
FANCE,0.44196257827257
FANCG,-0.1941871658945394
FANCM,-0.2201829725012702
FAP,0.0802815699966097
FASTK,-0.2297394641315442
FASTKD3,-0.1681850449625143
FAT3,-0.3373354561028463
FAT4,-0.5901585767301396
FAXDC2,0.0705880772130966
FBH1,0.3614493419989722
FBLN5,-0.8834821800840764
FBXL12,-0.6258049561593865
FBXL17,0.3897836186693629
FBXL18,-0.2657228427659404
FBXL7,-0.0680974044458947
FBXO10,0.4563677362878899
FBXO33,0.1747709707254519
FBXO36,0.6074500278906956
FBXO38,0.4271928450153664
FBXO42,0.0882051825170075
FBXO45,0.2252324982138499
FBXO46,-1.1361703532691814
FBXO5,-0.5037093676636742
FBXO9,-0.3567652281557322
FCGBP,0.3392485814914004
FCGR2A,0.4387720430998488
FCHO2,-1.0974329168471135
FDCSP,0.8648754133970786
FDX2,-0.7551442729569314
FGB,0.3580217783124486
FGF12,-0.8370374092147298
FGF7P3,0.252451243570051
FGF9,0.7447854532941942
FGFR2,0.5722751824128927
FHDC1,0.1048318738904383
FHIT,-0.5969069102337219
FHL1,0.4126636142532142
FHL3,-0.2225191470174831
FHOD1,-0.0635254907267141
FILIP1,0.240982739089229
FITM2,0.0561150956302516
FIZ1,0.0768478963186691
FKBP10,0.2203057811153588
FKBP11,0.0108809222410192
FKBP15,-0.376880285536488
FKBP1B,-0.9533071403126064
FKBP8,-0.3653315203547572
FLJ20021,-0.860751731296695
FLJ37453,-0.393728014916659
FLT1,0.3727825811474214
FLVCR1,-0.1954389590801303
FLVCR1-DT,-0.191832543866997
FLYWCH2,-0.3942170854914592
FMO1,1.06963127933073
FNBP1,0.975995996544362
FNBP4,-0.5796886580240775
FNDC10,-0.5339571775171891
FNDC4,0.13873718343112
FOXC1,-1.4195997037796928
FOXK1,-0.1302767062130933
FOXM1,0.4563368106222509
FPGS,0.0658135415191428
FRAT2,0.2936803424534523
FREM2,0.0595843537344453
FRG1BP,-0.1627051945788107
FRG1FP,-0.7312494640601807
FRMD4A,0.0306627344677567
FRY,0.8203414703463623
FTCDNL1,0.1478875805023243
FTSJ1,-0.0080818417885698
FUOM,0.3408542414218226
FUT10,-0.3987006503093939
FUT9,-0.1390240314365076
FXR2,0.1278967312887704
FYCO1,-0.6447783067601015
FZD1,0.4995399690746998
FZD5,0.6138599600654957
FZD6,0.5777079042131038
FZD8,-0.2389030849535338
G0S2,-0.3584046568395855
GAA,-0.1396549439849234
GAB2,0.1634282748754984
GABPB1-AS1,0.0719531982565168
GADD45A,-0.6959454760717286
GAGE1,0.2227311374721381
GALE,0.0635162008099492
GALK1,-0.3695718427710008
GALK2,-0.0937213851482156
GALNT11,0.4780195190102126
GALNT18,0.2283179148689214
GALNT7,0.7551161185353285
GAN,-0.233595543821334
GANC,-0.0148157126452023
GAREM1,0.5162377737540795
GAS1,0.1834839901981256
GAS2L3,-0.1256409677394231
GAS6,-0.2282148927589042
GAS7,0.2889668632270127
GATA5,1.0414168135276154
GBP1,-0.4743384722027935
GCAT,-1.2101179423293067
GCC1,-0.0785665519277691
GCDH,0.1585937345410038
GCH1,-0.9136148255148564
GDF11,0.7384786847881394
GDI1,0.4318527447749248
GDPD1,0.0772163912751371
GEMIN4,0.1433560198824641
GEMIN5,-0.0498350320884318
GEN1,0.2355836512598387
GET4,-0.343721788526426
GFOD2,-0.4739037621853538
GGA3,-0.4337699528971681
GHR,-0.7071935262000474
GID4,-1.0561296822449342
GIGYF1,-0.9021598381078456
GIMAP2,-0.424968253581174
GINS1,-0.2297647406586933
GINS4,0.1495101365969331
GIPC1,0.5039976283436387
GIT1,-0.438827767157772
GJC1,-0.5704888391990682
GK,-0.5874652939673425
GKAP1,1.0090682372672215
GLB1L,0.6607141703599758
GLI3,-0.5029378049875759
GLMN,0.4401152223773882
GMCL1,0.2685129685828619
GMPPA,-0.6301688398192543
GNA11,0.3772498488819504
GNE,-0.1111514206171293
GNPTAB,0.1201417996762319
GNRHR,-0.3192287998655637
GOLGA2,0.5084897265980912
GOLGA5,-0.2393230504038144
GORASP1,-0.6403710722673034
GPALPP1,-0.3617398241259604
GPAM,0.1381189083770325
GPAT3,0.532653689137848
GPATCH1,0.3434563432050694
GPKOW,0.1136432312979078
GPN2,0.0357856973434942
GPR108,0.0014834626771911
GPR137B,-0.953605502268494
GPR143,0.4666254491114338
GPR155,0.4081807281807252
GPR157,0.2448124264942693
GPR161,-0.0562777984868143
GPR176,0.6070341299323424
GPR180,1.048861035875648
GPR37,-0.1964648044255803
GPT2,0.3223553153710647
GPX2,0.5188162594136804
GRAMD2B,0.5215910156162455
GRB10,1.1713102842847434
GRB14,0.5769778174875853
GREB1,-0.3581144479002465
GRIN2A,0.9612472573098334
GRINA,0.6613298650557953
GRK6,-0.2171914543155569
GS1-124K5.11,-0.8260876176877314
GSDMD,0.1799428110751278
GSEC,-0.0108373383635635
GSTM1,-0.264019103015875
GTF2F1,-0.3247188483552957
GTF2H4,0.1242538695170923
GTF2IP20,0.4577091291991082
GTF2IRD1,-0.154328298609526
GTF3C1,-0.6969665703411871
GTPBP1,-0.2223643502005438
GTPBP6,-0.3436588408293941
GTSE1,-0.616338213677815
GUCA1C,0.7996123595778296
GUF1,0.1428877381132905
GULP1,0.4248490292376068
GVQW3,-0.9375309509752842
GZF1,0.1431500063518385
H1-10,-0.0096156742120773
H1-5,-0.9934671857630794
H2AC1,-0.5840928166428645
H2AC12,-0.6458004447233785
H2AC17,-0.8727599906811502
H2AC20,-0.5644877220768388
H2AW,-1.0017639463409185
H2BC14,-0.6922008345287224
H2BC21,-0.96160910546954
H2BC5,0.8019599354150236
H2BC9,-0.5636400803758141
H3-3A,-0.0207508449860059
H4C5,-1.0404858188595316
HACD4,-0.3574750145195732
HAGH,0.345270340078096
HAPLN1,0.9216505414128866
HAS2,-0.1458970047353174
HAUS3,0.6472811978230475
HAUS6,-0.3981273183983561
HAVCR2,0.1761846537091441
HBZ,0.2279524598564472
HCFC1,0.4686698941599512
HCLS1,0.3934413623862421
HCST,-0.4453146588834838
HDAC5,-0.241609144049611
HDAC6,0.4686236847513029
HDAC7,0.3676633332074444
HDGFL2,0.0662266673787241
HDHD5,-0.1508394566777922
HEATR1,-0.8554360762951224
HEATR3,0.1274613535982877
HEATR5B,0.6226415004794581
HECW2,0.2761103518481511
HEIH,-0.2993854463399204
HERC6,0.5058614447685746
HEY2,0.3900557948251872
HGF,0.6965772569120758
HGS,-0.526067953418018
HGSNAT,-0.3363569246708579
HHAT,-0.6658548444431045
HHIP,-1.215332998050512
HHIP-AS1,-0.5658060344968437
HIBADH,-0.1397509828552465
HID1,-0.2104149797058301
HIGD1B,0.6098811313257709
HIP1,0.1681769464182948
HIRIP3,-1.0610956173443071
HIVEP1,-0.076657936527942
HJURP,0.0731107395134917
HLA-DQB1,0.1594477320654239
HLA-DRB3,-0.075313596686514
HMCES,-0.2443378535232635
HMG20B,-0.862887670307675
HMGA1,-0.1370427223092773
HMGA2,-0.1971440763973942
HMGB4,-0.474010116030427
HMGXB3,0.356794822072795
HMOX1,0.6749249314087271
HNF1A-AS1,0.5798052414613264
HNF4A,-0.4549301093105061
HNRNPA1L2,-0.1570724484857493
HOMEZ,-0.4057920481152497
HOOK1,0.1622993688655381
HPCAL1,-0.2430691639681919
HPGDS,0.4098537245411831
HPS1,-0.216911638859847
HR,0.7004255584966538
HROB,-0.0765794769914256
HS3ST1,-0.8865438278981076
HSD17B14,0.0493767543961197
HSD17B6,0.9281763475341333
HSF1,-0.2497992331113695
HSPA12A,0.2144112464679816
HSPA1A,-1.061639853410414
HSPA1B,-1.061443802611798
HSPB6,-0.2847073168132887
HTRA1,1.7029632723482608
HTRA2,0.0218461043426153
HTRA3,0.5524716884860668
HTT,-0.0007844252399061318
HUNK,0.2434183854933479
IBA57,-0.2832166463559713
ICA1,0.1946548465187813
ICA1L,-0.5625812162450633
ICAM1,0.8600226654478113
ICAM2,-0.5233530911749154
ICE1,-0.2187641297378726
ID2-AS1,0.7185449905684114
ID4,0.523534446513499
IDS,1.091196191465848
IER5,0.1486729062974497
IFFO2,0.2789782486213233
IFI44,-0.4827201196888165
IFIH1,0.7569342402059815
IFIT2,-0.8791873143084373
IFRD2,-0.2868500202394582
IFT20,-0.0755736033274036
IFT27,0.434033296238651
IFT81,-0.062477636612996
IGF2R,-0.0617112982888611
IGFL2,-0.1534320683662951
IGSF11,-0.2523326085183452
IGSF3,0.374763951033664
IKBIP,-0.2240390056097924
IKBKG,-0.0981270029399919
IKZF4,0.9378032036956876
IL17RD,-0.2952144499363538
IL18,-0.3083147115873939
IL1B,-0.0519069743566944
IL1R1,0.1958051442316272
IL3RA,-1.1612007056698377
ILK,0.5290976432654618
ILKAP,-0.4584913666885387
INAFM2,-0.0033289527365557
INF2,0.8276202871455742
ING5,0.0041754874101543
INKA2,0.182600562785501
INMT,-0.3004424435667601
INPP1,-0.1379036022375872
INPP4A,0.0713135660855635
INPP5F,0.6387312241107409
INTS1,0.4447479486518562
INTS5,0.0091175294412241
INTS8,0.118246223606449
IPO4,0.3956677568084895
IPO5P1,-0.1238858912253875
IPW,0.0328543229167738
IQCA1,-0.5486098439015655
IQCH-AS1,-0.2453648604401568
IQCK,0.1071249255101883
IRAK1,0.0666802341852464
IRAK1BP1,-0.0025584884003716
IRF1,-0.5924334912795679
IRF8,0.3729737704081232
IRF9,0.2036491707865395
ISG20,-0.287889970652619
ITGA11,0.2621349779969812
ITGA2,0.097316965959243
ITGA8,0.2238079440225208
ITGAX,-0.3896831655818518
ITGB2,-0.2337630537804395
ITGB3,-1.6719766228986677
ITIH5,-0.8851579917735156
ITPK1,0.4233587354203242
ITPR1,-1.2656499989709955
ITPR3,-0.3853484695922821
ITPRIPL1,-0.3467110477997932
JADE2,0.9007808086057676
JADE3,-0.3709323748349614
JAK2,-0.7187452266620152
JAKMIP2,-0.2468041190135738
JAML,0.4774946527321764
JDP2,-0.7115525592125874
JMJD4,-0.2165288551427285
JMJD8,-0.4278494871334199
JPH4,-0.4803330027699683
JPX,0.378517200925994
JRKL,-0.7878442535957235
JUN,-0.2606106195449708
KANK1,-0.0396353982302879
KANSL1-AS1,0.3898726984954931
KANTR,0.0970098019970971
KAT14,0.2008268314270662
KATNAL1,0.4658006098539942
KCND2,-0.1930475935450287
KCNE3,-0.4875231053331844
KCNE4,-0.4174151194901354
KCNH2,-0.4092796072197951
KCNK13,-0.8303179581780958
KCNK3,-0.5202912989010133
KCNMB4,-0.1097352427428901
KCTD1,0.540624005417895
KCTD2,0.0311970703102092
KCTD21,-0.0389582716186977
KCTD6,0.2777433770120716
KCTD7,0.2999505203401964
KDM2A,-0.1795852998092939
KDM2B,-0.7393877787593278
KDM3A,0.6987644987624173
KDM5D,0.4959265917213386
KDM6A,0.7239511975268608
KDM6B,-0.0923357769235828
KDM7A,-0.6621577762476375
KEL,0.1152826812418588
KHDC1,-0.1140675916875176
KHSRP,-0.2961781323595411
KIAA0586,-0.0373191933083193
KIAA0930,-0.0694393014032384
KIAA1671,0.2565453511564146
KIAA2013,-0.2193139375352736
KIF11,-0.7862208864344887
KIF16B,0.8051732963625597
KIF1A,0.8606077798182605
KIF1C,-0.7390467519216698
KIF23,-0.334141260742291
KIF27,0.0747757722027401
KIF4A,0.3379384116113249
KIF5A,-1.472752440843989
KIFBP,-0.1424669024799812
KIRREL1,-0.3698442628422103
KIZ,-0.2583260650251981
KLF11,0.1208929409799652
KLF13,0.0625387963614233
KLHDC2,-0.0857568205719047
KLHDC4,-1.5184092328953664
KLHL13,-0.0846534552980892
KLHL18,-0.0150318443916662
KLHL21,0.6340637727159972
KLHL22,0.1717089185691208
KLHL3,0.3266270558147173
KLHL8,-0.4081575387316103
KLLN,-0.6782056564187755
KMT2D,-0.163508157482864
KMT2E-AS1,-0.3855687652727175
KMT5A,-0.5106240893157974
KNL1,-0.5340651832426997
KNTC1,-0.0931205947270409
KRBA2,-0.2289946210716816
KREMEN1,0.9953630252118496
KYNU,0.4355419503962218
L3HYPDH,-0.6091276476195081
L3MBTL3,-0.5223683981716363
LACC1,-0.8218003585565056
LACTB,-0.0081308493605804
LAIR1,-0.4442465195263143
LAMA3,0.3886007529279044
LAMP5,0.2831266836676556
LARGE1,-0.6913284934070945
LARP1B,0.1327317559379668
LARP6,0.4807780124371326
LARS2,0.0507162503171115
LATS2,-0.133908425367433
LAYN,-0.7089446101653902
LCA5L,-0.3962155593336974
LCMT2,0.2424550263175873
LDOC1,-0.3222191042547956
LEMD1-AS1,0.6553533262267767
LEMD3,0.8301291449613502
LENG1,0.3051781505530819
LGALS2,0.411955057155166
LGALSL,-0.2568620026054288
LHPP,0.1815983349734481
LIG3,0.4029704692834806
LIG4,0.0555719342389562
LILRA5,-0.6624073449762946
LIMD1,-0.0320435607230817
LIMS2,-0.0731340761569843
LIN37,0.1105085990914611
LIN54,-0.5566269666262971
LIN7A,0.0944241506477992
LINC00205,0.0227702588472449
LINC00476,-0.7470245482617638
LINC00506,0.1835836911537489
LINC00526,-0.0637981156259089
LINC00662,0.0135776384303037
LINC00667,-0.3848624236903655
LINC00673,0.3843544305853065
LINC00680,-0.6216976424914884
LINC00685,0.5916230346726318
LINC00882,0.1161272415989177
LINC00888,-0.0674105892654685
LINC00909,-0.4179298529251587
LINC01011,0.2812205508249221
LINC01128,-0.3368170029864433
LINC01138,0.0909870326496634
LINC01140,-0.6921099585006706
LINC01184,0.125691491221877
LINC01224,-0.1757364170449359
LINC01278,-0.2088371606169219
LINC01297-DUXAP10-NBEAP6,0.0901914940205394
LINC01521,-0.4232128521333823
LINC01549,0.1776261607122771
LINC01638,-0.8852909131843785
LINC01914,-0.5061202412452198
LINC02246,-0.3189533129221742
LINC02256,-0.9449961892030316
LINC02453,0.1366699340513858
LINC02550,0.801454043434805
LINC02696,0.6358095274752233
LMF1,1.1320133192248742
LMF2,0.294641191040927
LMO2,-0.0849013640180071
LNX2,0.7104530481428707
LOC100134868,-0.4773008614348973
LOC100190986,0.0337164863627704
LOC100288798,-0.1186745177476335
LOC100289361,-0.0724982588103797
LOC100419583,-0.1981377233977863
LOC100505501,0.6266167888043354
LOC100506990,0.0293026607727809
LOC100507291,-0.5427116229215254
LOC100652758,-1.133605756028811
LOC101927789,0.060367053565366
LOC101929767,-0.247042613286204
LOC101930085,-0.0328083290323399
LOC105370203,0.261034716076878
LOC105372582,0.1619702471943391
LOC105377621,-0.5703089441397664
LOC107984035,0.4344333516438776
LOC107984282,0.911481102025453
LOC108783654,0.1659568268014629
LOC257396,0.4104668898674057
LOC283038,0.6321975997049497
LOC283788,-0.2284356733512587
LOC728715,0.36055573556392
LOC730098,0.290066161872595
LOC93622,-0.3682413208042652
LONP1,0.0773932322284782
LONRF1,0.5721206627442528
LOXL4,0.5644205015220819
LPAR4,0.2881862962809099
LPCAT2,0.2695739994493058
LPIN3,-0.9212794824341356
LPXN,0.3524934124159324
LRATD1,-1.024405026844802
LRATD2,1.142502310602287
LRCH1,-0.5173349630612057
LRP10,0.5086003203028688
LRP12,-0.1498313699156081
LRP2,-0.0422641338873178
LRRC23,0.0112030668408812
LRRC27,0.0182775896805986
LRRC37A4P,0.3435759727740822
LRRC61,-0.2717325288073836
LRRC8B,0.3415583882822577
LRRC8C,-0.100724327882779
LRRCC1,-0.1414353909820095
LRRK1,-0.5390208228550267
LRRN1,-0.3202485750174608
LRTOMT,-0.3771878881647457
LSAMP,0.0475571993520325
LSM14B,-0.4064049769832126
LSR,-0.9864808580309868
LUC7L,-0.2560632891672522
LURAP1L,0.358342152616932
LUZP2,1.0033179544119408
LUZP4,0.4543272367886158
LYAR,-0.6843366266702563
LYN,-0.6026279347247248
LYST,0.5887282992939555
LZTS2,0.2821660797298292
M6PR,0.4909511409339957
MAB21L3,0.6467751007660405
MACIR,0.7646576398061029
MACO1,-0.0303842076768116
MAD1L1,0.7781437098376556
MAFG,-0.2991733155842827
MAFIP,0.7992608487973023
MAG,-0.5010705769226083
MAGEB1,-0.5772380492211029
MAGEB2,-0.3650248893743335
MAGI1,0.5502599492909324
MAIP1,0.1977724932733361
MALT1,0.0672622510058712
MAML1,-0.1232143950412157
MAML2,-0.0154477293206432
MAML3,0.5059006556865956
MAMLD1,0.3427803403779512
MAN1A1,-0.4753558718143274
MAN1B1,-0.6998993349046712
MAN2B1,0.2862479627056366
MANSC1,-0.7441247094107389
MAP1S,-0.1566397703539667
MAP2K1,-0.064679931667328
MAP2K2,0.2977002258800265
MAP2K6,-0.4088443577477645
MAP2K7,-1.1162254929433015
MAP3K4,0.294488033285437
MAP3K5,0.5194534839526755
MAP3K9,-0.4707156767395837
MAP4K5,-0.009246724429876
MAPK3,0.3073836597751816
MAPK8IP1,-1.362354319749093
MAPKAPK2,0.6400756767603146
MAPKBP1,-0.1372662247564862
MARCHF3,0.0967551824545577
MARK2,-0.8544144161424982
MARK4,0.6415462705277121
MARVELD2,-1.4204053471534472
MAST2,-0.1390523243416248
MAST3,-0.8677455101268169
MASTL,-0.714128213171726
MAT2A,-0.1765195911011048
MAU2,0.6614945215470937
MBD1,-0.4657726632524679
MBD3,-0.2120483528049112
MBLAC2,-0.000409365471260368
MBOAT2,-1.0050223212130345
MBP,0.1638482892647042
MBTD1,-0.0661404740003743
MCAM,0.0556194477285004
MCAT,0.4257200794611172
MCCC1,0.6600761681144589
MCCC2,0.4625076666092079
MCEE,0.2607397992616178
MCM10,-0.0566240276800875
MCM3AP,-0.1685584907864862
MCM9,0.0776403490317789
MCRIP2,-0.6569025844761518
MCUB,0.36462487675521
MCUR1,0.0025729520111919
MDFI,0.0927300914709959
MDP1,-0.4051549370186484
ME3,0.6320268989823213
MEAK7,-0.0314355776801848
MECP2,-0.2761928893973411
MED14,1.30533367049566
MED14OS,-0.0042421092023333
MED15,0.1946542775612677
MED16,-0.7526603075729267
MED18,0.6796514373938769
MED23,-0.3217060306995882
MED24,-0.532173747336054
MED30,-0.4166137357142436
MED9,-0.2946319686798896
MEG3,0.8594384890828745
MEGF8,-0.2456373530860629
MEIS3,-0.5145984638120329
MEIS3P1,0.6542678299446646
MEN1,0.2421197439400244
METTL21A,-0.528199306422754
METTL22,0.487078477996764
METTL25,0.5083716041171823
METTL4,0.3870744982050799
METTL8,0.1807210776270016
MFHAS1,0.4657337241188624
MFSD13A,-1.505754517791717
MFSD2A,0.0917578416542423
MFSD8,-0.2175533312870511
MGLL,1.243036865009972
MIDN,-1.2454071348504283
MIF-AS1,0.6889383116187406
MIIP,-0.5048847031945004
MINCR,-0.5397155694742065
MIOS,0.5660552200100096
MIPEP,-0.0119510025804141
MIPOL1,0.1406835064600569
MIR17HG,0.3468130758355836
MIR181A2HG,1.0835248214810898
MITF,0.6843942194302137
MKI67,-0.3228460094089439
MLLT10,-0.5386268168771455
MLLT3,-0.3552204548119991
MMAA,0.0310862751746366
MME,0.4940887156921468
MMP1,0.7247291805101639
MMP11,0.332040509980388
MMP15,-0.0392828567364122
MMP19,0.8027936529379166
MMP7,1.1045226070940095
MMP9,-0.3492128871403984
MOB3B,-0.3068120366284296
MOB3C,0.2018968878531386
MOGS,0.5416386108474949
MOK,-0.8101353360471881
MON1B,-0.4345005202727771
MPEG1,-0.3574074516497239
MPG,-0.2366672814670933
MPHOSPH9,0.2478733696514156
MPL,-0.7496520255032829
MPP5,0.2747378430625582
MPP7,-0.2021374674116284
MR1,0.3064225559240525
MRAP2,0.282704710340128
MRC1,0.2546057798726399
MRC2,-0.2320183917135221
MRI1,-0.1326292649194056
MRM3,0.0467127122373044
MROH1,0.1014305750922166
MRPL20-AS1,-0.0017323981976104
MRPL58,-0.3660503668095832
MRPS24,0.2934877320683385
MSC,-1.0023872412167882
MSC-AS1,-0.5224660166071874
MSH3,0.2307716069920185
MSL3P1,-0.1706899449844406
MSRB2,-0.1627573414073166
MSRB3,0.7146000597029034
MTARC2,-0.1306877188489184
MTCL1,0.6570633006487454
MTERF2,0.0649146516550463
MTERF3,0.0875071505909195
MTFP1,-0.5020024487537874
MTG2,0.1956594633543625
MTHFD2L,0.0514725229740363
MTHFR,-0.3893966475740146
MTMR10,0.3858973216269772
MTR,0.1938839186947672
MTRF1,0.5745963867924888
MTRNR2L1,0.0726678448633556
MTRR,-0.5691599250811704
MUC12-AS1,-1.7495383599706535
MUTYH,0.224407331486551
MVB12A,-1.171682923758393
MVD,-1.482039135712333
MVK,-0.8776489734492877
MVP,0.1650517022151294
MX1,-0.3022828087443014
MXD1,0.1475669948732633
MXD3,-0.6119514953606048
MXRA8,0.8522977374394194
MYBBP1A,-1.45759134124721
MYBL2,-0.4927756728750234
MYCN,-0.1365027530963649
MYD88,0.0190174291882106
MYEF2,-1.3031655617898694
MYLK3,-0.261596194996422
MYO1C,-0.4697799838189164
MYO5A,0.4699452573951233
MYO5C,-0.4871495470257187
MYO9B,-0.3987267580785324
MYOM2,-0.1375637106642881
MYSM1,-1.080015337410949
N4BP1,0.0535950278783884
NAA16,-0.03586966420713
NAA40,-0.1259040145052729
NAA60,-0.3721895953675842
NAAA,0.303661666038264
NADK,-1.069188311651871
NADSYN1,0.2886844804073966
NAGPA,-0.4157555553357083
NANP,0.7900346042483558
NAP1L3,0.6213922720705293
NAPA-AS1,-0.071125867450924
NAPRT,-0.9460987458011376
NAT14,-0.2546284241699772
NAT9,0.9346519654355184
NBEA,-0.0844159226378429
NBPF1,0.0336462600933612
NBR2,-0.2711337459174467
NCAPD3,-0.4000734743635508
NCAPG,-0.1443557293589725
NCAPG2,0.3937015599095114
NCAPH2,-0.2393922802749077
NCCRP1,0.3598287388574647
NCDN,0.2320165266467722
NCF4,-0.1250315146577426
NCKAP1L,-0.4434835231271981
NCLN,0.3458804415458649
NDEL1,0.2362188047917555
NDRG1,0.374769326844741
NDRG4,1.1725653757166157
NDST1,0.3047384811717506
NDST2,0.0803155103876544
NDUFA6-DT,0.3259131499218675
NDUFAF6,0.0078812737161381
NDUFAF8,-0.3327462073757206
NDUFB2-AS1,-0.3224193320455098
NEDD4,-0.0314570505994741
NEK3,0.1987108414072017
NEK6,1.125002941223186
NELFA,-0.2946729072231669
NELFB,-0.8509158617170751
NEU3,-0.1360700510116915
NEURL1,0.364064010042759
NEURL1B,-0.2581722980735176
NEURL2,0.6089042076547146
NFATC2IP,0.5269286265329091
NFIL3,0.6483218939647818
NFIX,0.7930598476536772
NFKBIE,0.7431792195062692
NFKBIL1,-0.8285014266699771
NFRKB,-0.0719841991407333
NFS1,-0.2128019819337051
NGFR,-0.1676027506767689
NIN,-0.3146646157122573
NINJ2,0.2044587276796132
NIPA2,-0.1610751349614884
NIPBL-DT,-0.5316358524621777
NKAPP1,0.3289078492656513
NKG7,0.8939045623159996
NLE1,0.3415506573935332
NLGN1,-0.1689065756869737
NLN,0.1094407069343646
NMB,0.0030889821522528
NME5,-0.3783922830602629
NMNAT1,0.1274213490589881
NMRK1,-1.0340946270455087
NNMT,-0.1554367671870694
NOC2L,-0.639173398532608
NOC4L,-0.849387071783904
NOL12,-0.1896255112665572
NOM1,-0.2489409825049455
NOMO1,0.0862595118005756
NOP14,-0.3911531625941213
NOP9,-0.5217743577195134
NOTCH3,-0.343907127628098
NOVA1,-0.789340873557259
NPHP1,0.7885184617555449
NPHP3,0.4500819812346878
NPL,0.8518796391099075
NPLOC4,-0.3477273447297673
NR0B1,-0.0765174241316911
NR1H2,-0.6581881971372998
NR1H3,-0.6965177338851899
NR2C1,0.3991178649524439
NR2F1-AS1,0.7088302243532447
NR2F2-AS1,0.6831208775172909
NR2F6,0.0983406217129803
NR5A1,0.8721607814213574
NRG1,-1.2475699602339152
NRIP2,-0.9530649913290904
NRP2,0.6456775356014379
NRSN2,0.5059289979452948
NRXN1,0.4800312021140457
NSD2,-0.4968916787716977
NSMCE4A,0.2984807043021523
NSUN2,-1.0997047625563674
NSUN5,-0.292622443408883
NT5C3B,-0.2244469228242858
NTRK2,0.6523064693151948
NUAK1,0.3360731092561937
NUDT12,-0.3245169388669074
NUDT14,0.3524952917912175
NUDT22,-0.1909443413392725
NUF2,-0.49550445980301
NUFIP1,-0.2261639138747824
NUP210P1,0.247444189307734
NUTM2B-AS1,0.2739643213013473
NVL,-0.0407435709912932
NXN,-0.069928847681635
NXPE3,-0.2152981206195884
OAF,0.1243567876240872
OAS2,-0.0971634160168537
OAS3,0.022438133977721
OAZ3,-0.5224999364000327
OBP2B,-0.0599742113871075
OCEL1,-0.273443166136194
OCLN,-0.0972458146161935
ODF2L,-0.0277466143494103
OFD1,0.5882417838497881
OGDH,0.0363535128730713
OGFOD2,-0.5178149796074015
OGFOD3,0.291666807577723
OGFR,-1.0989450237939806
OGFRL1,0.4534625702498575
OGG1,-0.4645669590924752
OIP5,-0.6905940117950937
OIT3,0.7726347989524369
OOEP,-0.1316685238259815
OPA3,-0.1504834177872355
ORAI1,-0.4801742170583031
ORAI2,0.3130235811374189
ORC1,-0.1647617008132808
ORC6,-0.1085717761625656
OSBPL10,-0.0588000199633973
OSGIN2,0.3031307316495421
OSR2,-0.3981728044686979
OTUD1,-0.6459705744431272
OTUD5,-0.0196029325412105
OTULIN,0.6988950667884198
OVOS2,-1.1610350864626957
OXNAD1,-0.5067925418720423
OXTR,0.5488896473917385
P2RY6,-1.4475995739263727
P3H1,0.3466196102535685
P3H3,0.3491461748985047
P4HTM,-1.000324086730526
PABPN1,0.2381882450677729
PACS2,-0.4854363703608375
PACSIN2,-0.8334660020076446
PAF1,-0.7475742109236352
PAGE2B,-0.2409466935529174
PAIP2B,0.1746150465720238
PAK3,-0.565882546567659
PAK4,0.1627146243060254
PALB2,-0.0225280287826722
PALMD,-0.2412419933086828
PAN2,0.0635929555639812
PANK1,0.3180151856816147
PANX1,0.2660198734702964
PAPPA,0.7556279349117443
PAQR9,0.0981008760656854
PARG,-0.3839864660143646
PARP12,0.6990152541473158
PARP16,-0.3130363266923392
PARP6,0.7020306473017637
PARP9,-0.4258994849033095
PARVB,0.0046285514538422
PATJ,-0.6536224641222751
PATL1,-0.1291363103110208
PAX8,0.7537642872173003
PAXX,0.161803282909983
PBX2,-0.4925103165833861
PBX3,0.2978388994322782
PCBD2,-0.2951034148136159
PCCA,-0.4107825658779515
PCCA-DT,0.5272805434764422
PCDH17,0.4865045908600078
PCDHB11,-1.197196698657144
PCED1B,0.0518314379258509
PCF11,-0.0427118529961671
PCGF6,-0.0420786037243539
PCIF1,-0.1085295031901149
PCK2,1.2957977435316712
PCLO,-0.1797294588019948
PCNT,-0.8048483501052982
PCSK5,0.4263537732297457
PCTP,0.2318573983894206
PCYOX1L,-0.5104709179311155
PDCD2L,0.126759899158661
PDE4D,-0.7579821227598497
PDE4DIP,-0.4899647459490377
PDE6D,-0.5304538699148168
PDE7A,0.5013275853955592
PDE7B,0.3840739590526157
PDIK1L,-0.0263318785789098
PDK1,-0.395479439149019
PDK4,-0.5989385948051027
PDLIM2,-0.1929598544717862
PDLIM3,1.435853369532229
PDLIM7,0.0812565627901664
PDP2,0.1117748177004267
PDZD2,0.5511549537273541
PDZK1IP1,0.0225171026142792
PDZRN3,0.0907634850618534
PEAR1,-1.0826765677836574
PELI1,0.7634966033092618
PELI2,-0.0086228684879221
PELP1,0.2808704602979681
PEX12,0.4499200842524801
PEX13,0.3724094875734666
PEX16,-1.016087997635309
PEX26,-0.4182245724892844
PEX6,-0.1163570799783058
PFDN6,0.0152625448422242
PFKFB3,0.3224860927080232
PFKL,-0.7557872075136924
PGAP1,-0.3552055307469946
PGAP6,0.5562085657369381
PGF,-0.2453943579190782
PGM2L1,0.4931751321180661
PGP,0.0517502940448108
PHACTR1,-0.3513001818461602
PHC1,0.1053884267452683
PHF12,0.068700466249
PHF19,-0.2972579764431047
PHF7,0.5172235719876122
PHF8,0.8706657468463023
PHKG2,-0.1447683943718922
PHLDB2,-0.5524698884595771
PHLPP2,1.1520015430649602
PHYKPL,-0.0133794960299413
PI15,-0.7896654993494686
PI4KA,-0.3562014600534704
PIAS4,-0.7138027111721821
PIEZO2,1.481681377617013
PIGG,0.247447802730975
PIGH,-0.8142143422261124
PIGN,-0.6812792775462017
PIGO,-0.1769197689022964
PIK3C2B,-1.8803522343258492
PIK3IP1,0.4663779431967706
PIM3,0.0185646958027089
PIMREG,-0.6582896900011364
PINK1-AS,-1.7647625254695498
PINX1,0.2993051348566042
PIP5K1A,1.1223206554208125
PIWIL2,0.5337981739332263
PKIA,0.372616708553329
PKN1,0.1362572967117464
PKP2,0.5416326204697716
PLA2G15,0.041837241652225
PLA2G2C,-0.4038117520501943
PLA2G4C,1.00229596312804
PLA2G7,-0.3131880407128076
PLAGL2,0.1795104347442313
PLAUR,-0.65715846316424
PLBD1,-0.5028818075840596
PLCB3,-1.873701837227572
PLCD3,0.0720242052827535
PLCL2,0.7962903692169554
PLCXD1,0.2070837184869513
PLCXD3,0.4816182074426528
PLEC,0.3077787328004857
PLEK,-0.1315794865927626
PLEKHA4,0.4205976564377476
PLEKHF2,-0.5728654847052901
PLEKHG2,-0.6111786354194293
PLEKHM2,0.1036920166349349
PLEKHM3,-0.4693262006231666
PLEKHO1,0.4881757933379828
PLK1,0.1876075991880691
PLLP,-0.3661800457109904
PLOD3,0.0490347848150031
PLPP1,-0.1496086979125198
PLXNA1,0.6966030233288634
PLXNA3,0.6968171252226456
PLXNB2,-0.3121906879916234
PMAIP1,0.0554488959472974
PMEPA1,-0.564082522573366
PML,0.5524596127194357
PMM2,-0.7929954318951241
PMS2,0.1218023458111684
PNKP,-0.583370519738064
PNMA2,-0.4818930424572006
PNO1,-0.0132871414441103
POC1B,-0.2773959673300898
POC5,0.3964455983323406
POGLUT3,-0.0625576841045998
POLA1,0.007268842117392
POLE2,-0.621538454736896
POLG,0.0276360523184118
POLH,-0.0481724455278777
POLI,-0.5006584254347826
POLL,-1.3919481011367203
POLR2A,-0.6773383133125254
POLRMT,0.4147655415823816
POM121C,0.010532657872875
POMGNT2,0.5878634294607695
POMT1,-0.7631641211841896
PON3,-0.3460735613970642
POP1,0.0953525047779271
POT1-AS1,0.4482894624690611
PPAN,-0.0028647877658707
PPARG,0.3737788192817308
PPDPF,1.0644224112834084
PPFIA1,-0.0731500634062598
PPFIBP2,-0.026598997308806
PPIC,0.0677145994633889
PPM1H,0.1120078060121846
PPOX,0.4709567886572358
PPP1R14B,-0.634668001234271
PPP1R15A,0.0661501106984431
PPP1R16A,-0.1164549502027147
PPP1R1A,0.4210969368985202
PPP1R21,0.482496946369443
PPP1R3B,0.1289980015236868
PPP4R4,-0.4470345095372259
PPP6R1,0.2202585325721873
PPRC1,-0.690367655426709
PRDM2,-0.0439901886134975
PRDM4,-0.046120084925332
PRELP,0.5084304966493026
PREX1,0.2730448928486725
PRICKLE2,0.5469950040640547
PRKAA2,0.3133118179259619
PRKAR1B,-0.5403050288017552
PRKCB,0.594322110615102
PRKCD,-0.9142153581530212
PRKCSH,-0.3948830644529589
PRKG1,-0.1987718148002388
PRMT9,-0.202180484630168
PROSER1,0.6418115737188188
PROX1,0.1664225200345468
PRPH2,-0.2838451007982517
PRR11,-0.3130026211145421
PRRT3,-0.1610377466580088
PRRX1,0.9540113171370412
PRSS35,-0.3146693616384103
PRUNE2,0.9535555537483004
PSMB9,-0.8251973859468971
PSPC1,-0.1053949256987868
PSRC1,0.1984628265597275
PTGES2,-0.6370512805447696
PTGR2,0.32947310746906
PTGS1,0.0875622974736183
PTK7,0.013259442759831
PTPN18,-0.8204698792473832
PTPN4,0.4637205292323423
PTPRD-AS1,0.0810550412053124
PTPRG-AS1,-0.9287330107450184
PUSL1,-0.2700841021924969
PVR,1.2143225394407804
PWAR5,-0.4969182143160283
PWAR6,0.3407498347676017
PXK,-0.1835273632376651
PXN,-0.0402581267700148
PXYLP1,0.6839319336156532
PYCR1,0.6292236397526454
PYCR3,-0.1200988617788264
PYGL,2.3484881313115245
PYGO1,0.6587593994575007
R3HDM1,-0.2090729386068091
RAB11B,0.3412149975021788
RAB11B-AS1,-0.0900632310093923
RAB15,1.080989679154545
RAB19,-1.4648093246573015
RAB20,0.4864028537834969
RAB24,0.2345549453203018
RAB27A,0.6801409606715075
RAB28,0.3936490123936536
RAB36,1.015349193042237
RAB38,0.0772288670353625
RAB42,1.013747697691113
RAB9B,-0.7337324249924296
RABEP1,0.6520607444209895
RABL6,-0.1365588031592275
RAC2,0.3238926831676201
RAD18,-0.5593782319152887
RAD23A,-0.4035462979597685
RAD51,0.2401318418085731
RAD52,-1.0554297776450814
RALGAPA1,-0.4240900151262944
RALGAPA2,-0.7356067622957484
RALGDS,0.2241085779870195
RANBP9,0.291655058541504
RANGAP1,-0.4908802097269774
RAPGEF5,-0.538325162466229
RAPGEF6,-0.2610491001142075
RAPH1,-0.5613906177922373
RASAL2,-0.2094172546002033
RASGRP3,-0.5244832426147339
RASL11B,-0.7667159596551505
RASSF1,-0.2416899935961753
RASSF4,-0.1014903516922493
RAVER2,0.5867588419126912
RBAK,0.2831382740077299
RBFA,0.4756922119340893
RBL2,-0.6745333417577003
RBM10,-0.3986751919152957
RBM11,-0.7437060679392596
RBM15,-0.0158842485490089
RBM19,-0.1974009765242292
RBM26-AS1,0.5817068050800339
RBM33,-0.6646196244136491
RBM41,-0.146662446568201
RBM43,-0.2092769149393221
RBM45,-0.6267674379334521
RBM46,-0.9249131226494408
RBM47,-0.2351042469807735
RBM6,-0.3908021143851037
RBP7,-0.3074428290086589
RCAN1,0.0221294920028528
RCC1L,-0.1724314576175626
RCSD1,-0.5096772540679478
REC114,0.5296449751845285
RECQL,-0.176954834764571
REPIN1,-0.236185519748994
RERG,-0.0494528145277044
REV1,-0.3336889971175026
REXO4,0.3012382652871374
REXO5,-0.3968421860308648
RFESD,1.1297573730171957
RFK,-0.2513991453382991
RFX3,-0.3316291317682224
RFX7,0.5723535276067065
RGL2,-0.217470546232571
RGMB,-0.2095014420683609
RGP1,0.1724890173825192
RGS4,0.3534532646259317
RHBDD3,0.0815323351960576
RHOBTB2,0.2333749622673128
RHOD,-0.3122553807320035
RHOJ,-0.6293612369123701
RIC1,0.7274719980084924
RIC8B,-0.7262190312138843
RILPL1,-0.7564654504889532
RIMS4,0.0305360036995274
RINT1,0.942901810224152
RIOX2,0.5213891971412887
RIPK2,-0.1931578071160687
RIPOR1,0.8533089733297282
RLF,-0.8692565253126884
RMDN2,0.3174964385616686
RMI2,-0.0530741184581659
RNASEK-C17orf49,0.5364037561366379
RNASEL,-0.514295850528227
RNF103,-0.2732205929560635
RNF115,-0.3203241411255569
RNF130,-0.242188803605812
RNF135,0.2100354401285617
RNF144B,-1.1225281043530906
RNF169,-0.5195198201938552
RNF214,-0.2922925308004436
RNF217,-0.1648340361791886
RNF227,0.4174299046093217
RNF25,-0.0267719788800676
RNF31,0.3159026768948685
RNF44,-0.1469629150764843
RNFT2,-0.1507968383442647
RNGTT,0.4730667274816571
RNPEPL1,0.5254058546040556
ROPN1,0.1024222516788407
ROPN1B,0.6949702830640117
RP2,0.5004845541554387
RPAP1,0.5333938515542809
RPIA,-0.2815954457769647
RPL23AP7,-0.4116064348832666
RPL32P3,0.0849439708761329
RPRM,-0.4476511698051122
RPS6KA1,-0.1725779436173767
RPS6KA2,-0.8570752649084555
RPS6KA5,0.0344749927402789
RPS6KB1,0.1297792929288949
RPSAP9,-0.527372891070146
RRAGD,0.4282343765714868
RRAS2,0.5844032815412014
RRM2B,0.0760612481709574
RRNAD1,0.1622434861926946
RRP1,-0.9646963550486732
RRP12,0.0944638938963595
RRP36,-0.0322580965272093
RSAD1,0.1066215769126922
RSAD2,-1.2317564518113402
RSPH14,0.3097953735617164
RSPH3,0.0976078809079782
RSRP1,-0.5498264074271013
RTKN2,-0.5835338561088295
RTL5,0.4377782623855594
RTL8B,-0.1205968459875289
RTL9,0.0224474508973267
RTN4IP1,-0.1679401109270025
RTTN,-0.582969499224056
RUFY1,-0.4953758348665361
RUNDC1,0.6312636288783527
RUSC1,-0.2004449589252292
RXRA,-0.3775349646193435
RXRB,0.0926606741301383
RXYLT1,-0.2659663462910587
S100A8,0.205458496558279
SAAL1,0.3529314169784833
SAFB,0.2018696063964773
SAFB2,-1.3532916820160454
SALL2,-0.1786415453631722
SAMD13,-0.2013047668770959
SAMD4B,0.9385323836055588
SAMD8,-0.32216598482507
SARM1,0.5047432700473946
SARS2,0.0996789362713305
SART1,0.0300978545426934
SART3,0.5765676986446799
SASH1,0.1371731818660632
SASS6,0.1058795620151305
SAV1,-0.0206374772953656
SBF2,0.6055761211663028
SBSPON,0.3204129508863523
SCAF4,-0.2195902767888176
SCAI,0.1817399943987393
SCAMP1-AS1,0.4511506516201198
SCAMP5,0.7874373400883548
SCAPER,-0.024841714510047
SCARA3,-0.3579180059425779
SCARB1,-0.1242143120759287
SCFD2,-0.628781610416931
SCGB3A2,-0.0703860888824202
SCLT1,-0.7047011124575383
SCMH1,0.4042466942781526
SCN9A,-0.7609177087346655
SCRN2,-0.4596535541855888
SCRN3,0.4849097843778723
SCUBE1,0.5718796698860278
SCUBE3,0.2575502958365663
SCYL1,-0.5731256938388629
SDAD1P1,0.5152654626857679
SDC1,-0.0916674145986769
SDC3,-0.1533693633956576
SDE2,0.0487805619383374
SDR42E1,0.5739729431643312
SDSL,-0.3959513556906091
SELENOI,-0.3477298645934631
SELENON,0.2536002206295382
SEMA3D,0.1954994197643167
SEMA4B,0.0364777292015117
SEMA4D,-0.2993768726792031
SEMA4G,-0.6086633667019763
SEMA6D,0.6876868220209035
SEMA7A,-0.6741594900290234
SEPSECS,1.03979353624673
SEPTIN8,0.1612733643016937
SERP2,0.1590158122197401
SERPINE1,-0.7930905136403642
SERTAD1,0.0009165461414514068
SERTAD4-AS1,0.3172699396696274
SESN2,-0.4439181752670669
SETBP1,0.341268760096055
SETD1B,0.2378550338664031
SETD6,0.7208093165355791
SETD9,-1.067157208694905
SETDB2,0.3365639777928495
SETMAR,-0.0419187755129995
SEZ6L2,0.1417456726306503
SF3B4,-0.825383856444989
SFMBT1,0.5201313699650502
SFSWAP,0.8303543966603512
SFXN2,-0.1167701472488257
SGCD,0.069560163472983
SGO2,-0.8233046248628604
SGSM3,-0.5562793635841423
SGTA,-0.1432803156774595
SH2B3,0.5484809315303625
SH3BP2,0.2553946053574585
SH3D19,0.4394669533909871
SH3PXD2B,0.1862315014102856
SHARPIN,0.4244546666314668
SHC1,-0.4637753576889992
SHD,-0.2818763574255695
SHFL,-0.3465623661445005
SHKBP1,-0.2745608041117205
SHLD2,0.3739649651506255
SHPK,0.2906601831527497
SHPRH,-0.9368310150969198
SHROOM2,-0.0036467599257461
SHROOM4,0.284549219651926
SIAH2,-0.0392020314920614
SIGLEC14,0.1627847985434711
SIK2,0.3282829667767928
SIK3,0.0536521105678419
SIPA1L1,0.5102472463615387
SIPA1L3,-2.0376819233012378
SIRT3,-0.2317727017033169
SIRT4,-0.0807442578223245
SKA3,-0.0258008504272443
SKI,-0.7648141853848024
SLC10A3,0.8300988128312263
SLC12A7,-0.4861214873716575
SLC12A8,0.1397190908762758
SLC15A3,-0.4107096363047027
SLC16A10,0.1884239569905122
SLC16A2,-0.3464153419272506
SLC16A7,-0.3733052947949067
SLC16A9,-0.1879295326914483
SLC18B1,-0.2385726459030297
SLC1A6,-0.4300353521008666
SLC22A17,-0.4098146367083571
SLC22A5,-0.9008339652751652
SLC25A1,-0.0269886499009585
SLC25A16,0.0146105204014783
SLC25A21,1.2059263099485258
SLC25A23,0.619307958515562
SLC25A28,0.56946197638403
SLC25A44,-0.4252559579898537
SLC25A45,-2.639743333439871
SLC25A51,0.0305006356165712
SLC27A4,-0.6775534049017139
SLC27A6,0.3216133349084847
SLC2A1,-0.5835622489868624
SLC2A11,-0.127497172957087
SLC2A4,-0.6185103500793651
SLC30A10,-0.2408940344676104
SLC35A2,0.0390512998650532
SLC35B3,0.1994366505399637
SLC35C1,-0.0796843951034669
SLC35D2,0.3753717958408046
SLC35E3,-0.3747993524286019
SLC36A4,-0.1550817333326962
SLC37A2,0.2823175076445032
SLC38A7,-0.0381545845344321
SLC39A13,-0.3346138494648229
SLC39A4,-1.4224561954705712
SLC39A7,0.4189852909041823
SLC39A8,-0.2035149214155055
SLC43A1,0.2919281656139741
SLC44A3-AS1,0.4672779973278171
SLC45A4,0.2430376653910874
SLC49A4,0.7157839690000616
SLC4A2,0.2228153033814469
SLC4A8,-0.3918136477485565
SLC52A2,-0.1010098571572824
SLC52A3,-0.0585334457258612
SLC66A1,-0.2094060265234202
SLC66A2,-0.3112293012173102
SLC6A6,-0.7670034257986612
SLC7A11,0.3858303934175161
SLC7A3,0.4235742871769604
SLC9A3R1,0.3217879698876549
SLC9A6,-0.4910802903850967
SLFN12,-0.7765540459223624
SLFN5,1.0676280750600269
SLITRK2,-0.3870118945864026
SLITRK6,0.3898751210852839
SMAD7,0.3597936266386962
SMAP2,0.556982604278502
SMARCD2,-0.5241234931741735
SMC6,0.5221953353561782
SMG1,0.5074118423009908
SMG8,0.4947127700015007
SMIM10,0.0307435623513464
SMIM13,-0.5494205639014261
SMOX,0.2533563295919129
SMPD1,0.9353492592794022
SMPDL3A,0.6345274681433212
SMURF2P1-LRRC37BP1,-0.0061932924130743
SNAP47,-0.361174517739052
SNAPC2,-0.8466656099439249
SNHG10,0.2451897552054395
SNHG12,-0.520644509964329
SNHG14,0.5474299352717473
SNHG18,0.1141901508597412
SNHG7,0.650470502533531
SNN,-0.0695414228819988
SNRNP48,-0.267802647129127
SNRNP70,-1.2077828883197117
SNRPA,0.8621135477545696
SNX16,0.1131333591373715
SNX21,-0.0865182894216439
SNX30,-0.0983850955832626
SNX9,-0.3551069792095604
SOBP,0.778084954514158
SOCS3,-0.0933341913247336
SOGA1,-0.4646802929944694
SORBS1,0.0360968566958884
SORCS1,0.1774040713671669
SORL1,0.216048884126382
SOS2,-0.1112495882802776
SOX10,0.4906887443942077
SOX6,0.0768512393946786
SOX7,0.2089522440884061
SOX9-AS1,-0.4509024133887034
SP100,0.4848637013073637
SPACA9,-0.4128970045729995
SPANXA2-OT1,0.4109578931673567
SPATA13,0.0692102864430226
SPATA20,-0.4580729462213181
SPATA5,-0.4207937048882083
SPATA7,0.2455796443103264
SPATC1L,-0.4430022449234677
SPECC1,-0.1504887583971836
SPECC1L,-0.1105306574436797
SPEF2,0.0313417752771836
SPEN,0.5070578459758328
SPICE1,-0.2587750910906843
SPIN4,0.4091322490665838
SPINK1,0.1486450440033509
SPINK2,0.2031296499690654
SPIRE1,0.7942456387949208
SPNS2,0.2173252576895453
SPON2,-0.0948059749193639
SPOPL,0.3408454516471121
SPOUT1,-0.633688337179121
SPRED2,-0.5627539786524685
SPRR2E,0.3785354812582329
SPRTN,-0.5973259756341757
SPRYD3,0.5676635765587444
SPRYD7,-0.2868107066571811
SPSB3,-0.6206174926619312
SPTY2D1,-0.0610663127590968
SPTY2D1OS,-0.9713284751227764
SRCAP,-0.4694685069671412
SRD5A3,-0.1617686514680723
SRF,0.63021635424739
SRGAP2,-0.1010175342096435
SRGAP2C,-0.013882677302848
SRGAP3,0.3998585056805649
SRR,0.5432507863856035
SRRD,-0.3536946768276437
SRRT,-0.3594899245235771
SRSF12,0.3947054336473044
SRSF9,-0.8621919039515836
SRY,0.406492135354435
SS18L1,0.6987042288991935
SSBP4,0.7818870724136535
SSH1,-0.4342658527069734
SSTR3,-0.3700848234831962
SSX2IP,0.6194009421106023
ST6GAL2,-0.3028189673141366
ST6GALNAC3,0.5366681766881369
ST6GALNAC4,0.1212229929371819
ST6GALNAC6,0.2817581726453558
ST8SIA1,-0.4387452990791462
ST8SIA4,-0.1940476320096668
STAM-AS1,-0.6995320621381862
STAP2,-0.8942555738637579
STARD3,-0.69176656555016
STAT5B,-0.2645783353005876
STIM1,0.976071122215218
STIM2,0.7523465909550389
STIMATE,0.7708454934286012
STK11IP,0.2063817932109157
STK31,0.8879130250376528
STK33,-0.1074450770861645
STK35,-0.4909333740711717
STK36,0.2931278341089455
STK38,-0.4538328934756249
STK39,0.570889558195407
STK40,0.5535745868683734
STOML1,-0.6723883082673755
STOX2,-0.0981887359534049
STRA6,0.3030173675140398
STRADA,0.2133323922038324
STRN4,-0.3026159090306936
STX18,-0.2252948313701176
STX4,0.6530048649149618
STX5,-0.902412367086582
STXBP1,0.4715959038615094
STXBP4,-0.4562935186447967
STXBP5,-0.0007249739095915828
SUGP2,-0.0188108025648265
SULT1A1,-0.0865180179685035
SULT1E1,-0.2410618196002184
SUN2,0.2225577961406558
SUPT20HL2,-1.2634843894929506
SUPV3L1,-0.2582700704368852
SURF6,-0.0178121737696084
SUV39H1,-0.0622387747644131
SUZ12P1,-0.7246459250255802
SWT1,-0.0340252304271802
SYCE1L,-0.130470341992577
SYCN,0.4919701146131385
SYCP3,0.0772299261639352
SYK,0.2873780443339214
SYNE1,-0.288589410218585
SYNJ2,1.6719699491359954
SYPL2,-0.2924409559369235
SYT1,-0.1928861081510819
SYT14,0.5729089472838956
SYVN1,-0.2955500633555399
TACO1,-0.1533387260521962
TACSTD2,0.9332155778817768
TADA2B,-0.4496517695715427
TAF10,-0.6489095003469522
TAF15,-0.8994363326485468
TAF1A,0.5749162443575292
TAF1A-AS1,-0.018019562873242
TAF2,0.0040436507028416
TAGLN3,-0.1823592127308435
TANGO2,0.3169295007273449
TAOK2,-0.7113730543847189
TAP1,-0.5002455241821941
TAPT1,0.3932987442893244
TAS2R20,0.057944004611917
TASP1,-0.6358974885450782
TATDN2,0.5423807264310158
TBC1D1,-0.2466462228444398
TBC1D10B,0.2861660764132616
TBC1D13,0.0591496048311527
TBC1D16,0.1362302504743464
TBC1D22B,0.6888384959882914
TBC1D25,0.2839220123486896
TBC1D4,-0.1704363778703597
TBC1D8B,0.547270279047345
TBC1D9,0.2127109533228761
TBK1,0.2581995938844691
TBL3,-0.287187557961122
TBX3,0.4031452135434207
TBXA2R,-1.1307872065895024
TCEAL3,-0.7613258904307068
TCEAL5,-0.3919136310480528
TCEANC,-0.1170806219751263
TCEANC2,-0.1789786850060539
TCF19,-0.0611149276907818
TCF20,-0.8643824493198997
TCF21,-0.6522656915355329
TCF23,-0.2943616084160519
TCF3,-0.7349476052599114
TCF7,0.5135540768565311
TCHP,-0.6094552922440316
TCL1A,-0.2776768050990869
TCOF1,-0.0531012539755829
TCP11L2,-0.3236828889536003
TCTA,0.1004760987636268
TDRD12,-0.2848403021711109
TDRD3,0.4590954578295432
TDRKH,0.336765632768591
TECPR1,-1.1399305654675458
TENM3,-0.2758289124852883
TENM4,0.561125217473914
TENT5B,-0.5872114274074512
TET2,-0.5373027171717949
TF,1.0497261239501638
TFCP2L1,-0.4333238481526552
TFE3,0.1670503931733521
TFIP11,0.6306909390904117
TFPT,-0.3342834633436886
TGDS,-0.7385498069307476
TGFB3,-0.1106975599021523
TGFBR2,0.5597916126133444
TGFBRAP1,0.3884959582986538
THAP3,-0.4461144879290601
THAP4,-0.3649476193735169
THAP6,-0.5104640228577078
THAP8,0.1751831293524124
THAP9,-0.0285384766791618
THBS4,0.1396583597607677
THEM4,-0.0335177898652766
THEMIS,0.514286357340837
THNSL2,0.3358597219644356
THOC6,-0.2806004381724714
THOP1,0.0365711344831234
THSD7A,0.4754054113679721
THTPA,0.5281831157740151
THUMPD2,-0.7901832449246707
THUMPD3-AS1,0.2220003817079309
TIAM1,-1.0664077287092018
TIE1,0.1779847699515513
TIFA,-0.2409679452389315
TIMM23B,-0.3116672436703537
TIMM44,-0.7205277497931731
TIMP4,0.1898477542775754
TIPARP,0.217729029366834
TKFC,-0.5578611720065826
TLCD2,0.2423148143376261
TLCD3A,-0.0527406636984324
TLE1,0.2526346989518155
TLN1,-0.3202105220933927
TLR3,0.7461106716778099
TLR5,0.0417183063688283
TMC5,0.0996563094553703
TMEM117,0.3108945053914424
TMEM120B,-1.3172531156375218
TMEM131,0.6790496891386221
TMEM161A,-0.149846027171085
TMEM161B,-0.3697798103272579
TMEM161B-AS1,0.346547810273882
TMEM17,0.2052664866300189
TMEM170B,0.1763136670298774
TMEM177,-0.4453253650013391
TMEM184B,-0.7815325253502471
TMEM187,-0.2080572524335922
TMEM198B,0.2206629513126045
TMEM204,-0.7006572014971613
TMEM218,-0.1044843907094358
TMEM231,-0.3535056783074015
TMEM234,0.748324564189411
TMEM255B,0.0406574211723021
TMEM256-PLSCR3,-0.3710033910364375
TMEM259,-0.844366040544288
TMEM260,0.2366100759793129
TMEM268,-0.688671507000691
TMEM269,0.2122148372090227
TMEM35A,-0.4543142625121772
TMEM38A,-0.7634497237062763
TMEM39B,0.3714373071738523
TMEM53,0.00044204924367520406
TMEM87B,0.1629916403033813
TMEM8B,0.4717608224958324
TMEM91,-0.2325591904380893
TMEM94,0.3602905449773436
TNC,1.2751560486758704
TNFAIP1,0.3811446720340526
TNFAIP6,0.5833360078586057
TNFRSF10D,0.2743769338508951
TNFRSF12A,0.0554204807618547
TNFRSF1B,0.5821917837313684
TNFRSF21,0.221472398625917
TNFRSF9,0.4693000664416392
TNFSF13B,0.6766711918331754
TNIK,0.1184513978391226
TNIP1,-0.1935139226286166
TNIP2,-0.0918877689712883
TNKS1BP1,0.1242052743936961
TNNT3,0.2567260799473429
TNP1,-0.3112655029684718
TNRC6C,-0.3846081225156772
TOGARAM1,-1.174043387206658
TOM1,-0.1196013707614288
TOM1L1,0.0850762625253391
TOP1MT,-0.7145004641791894
TOP3A,-0.3230757176610135
TOPBP1,0.0719732669635214
TOR1B,0.4554046306904912
TOR4A,0.0908121781253322
TOX3,0.1760704142595804
TP53I11,0.2691416663362004
TP53INP2,0.010223635185616
TP73-AS1,0.1111968290202226
TPCN1,-0.2736728320673885
TPD52,-0.1978090975696688
TPRA1,-0.4191048251222623
TPST1,0.2572949031615145
TPST2,-0.3868276403689923
TRAF2,-0.908239198991774
TRAF4,0.5235197401329028
TRAF6,-0.5123544267844963
TRAIP,-0.1683290438381433
TRANK1,1.3581470203967112
TRAPPC10,0.3957800845783218
TRAPPC11,0.2142005494434102
TRDMT1,-0.1199578070941806
TRIB3,1.5362514744070297
TRIM26,-0.005024401513635
TRIM52-AS1,-0.8587246659550166
TRIML2,0.2313702083090654
TRIO,-0.1765697151295686
TRIOBP,-0.2256277381206771
TRIT1,-0.2033270978157723
TRMT1,-0.1987448798517796
TRMT10B,-0.096333034583175
TRMT13,-0.4243326063266572
TRNP1,0.1355067939846244
TRRAP,-0.3803068540294941
TSC2,0.446896959218563
TSGA10,-0.1474406276912085
TSHZ3,0.3477563444535019
TSPAN15,-0.5204949747065709
TSPAN17,-0.6739518027678555
TSPAN18,0.3815159348578803
TSR1,0.436576455353764
TST,-0.5176034487642881
TSTD2,-0.5187906109373093
TTC14,0.0681956319839967
TTC21B,-0.2056946706344734
TTC23,0.3778522264998131
TTC26,0.452966576016913
TTC28,-0.7583989231038155
TTC31,-0.3742977470245798
TTC39B,0.1685279143499543
TTF2,0.3120117795416551
TTLL12,-0.2929235361028877
TTLL7,0.1100738440061597
TTN,-0.7321929859113033
TTYH1,0.2953016448417919
TTYH3,-0.1487386050595528
TUB,0.0207585553970952
TUBB2B,-1.1482535285577893
TUBE1,0.3592147736589411
TUBGCP5,-0.4642953924067977
TULP3,0.2247668672797102
TUSC1,-0.3871847097235385
TUSC2,-0.0589720810619113
TUT1,-0.1533733430361753
TUT7,0.020157960500583
TVP23A,0.3366734693379319
TVP23B,-0.3602408983083893
TWF2,-0.2646840757564218
TWNK,0.3939303589736361
TXLNG,-0.4491995966980434
TXLNGY,0.2656156023283184
TXNRD2,-0.3198921744666276
TYK2,0.1873503539120228
TYSND1,0.1138548216298349
TYW5,-0.0325670499522646
UBA5,-0.15914020583354
UBA6-AS1,-0.2342675930307058
UBD,-1.4330892920165654
UBE2D3-AS1,-0.1753376198679502
UBE2M,-0.1475197552317355
UBE2O,-0.7000462715046145
UBE2S,0.5399163514617812
UBE3D,0.5955032336274093
UBL7-AS1,-0.7021822625043957
UBN1,0.2719816675267917
UBOX5,-1.1919264205742446
UBR1,-0.3284909748743841
UBTD1,-0.8467164302970148
UBTF,0.491803090068372
UCK1,-0.8979552822327557
UCKL1,0.0688968251297167
UGGT2,-0.3601874901577118
UHRF1BP1,0.4280153614457856
UIMC1,-0.1546992716965738
ULK1,0.3273625913648256
ULK2,0.2646985361391979
UNC13B,0.8166705533830437
UNC5B,0.3457248387179726
UNK,-0.3514493002243502
UPF1,-0.165391000384942
URB1,0.3005966254838295
URB1-AS1,-1.0247852447773584
URGCP,0.3931383327940411
URM1,-0.0605023878392949
USB1,0.2231633083208485
USF3,-1.0763156409042545
USP18,0.2904689327521025
USP20,0.2165368497297679
USP21,0.0029431271819568
USP24,0.5926196111979394
USP25,0.4136131649053256
USP27X,-0.4104102952324748
USP30,0.1968977990356447
USP36,0.4505277053274328
USP37,-0.3100488856317284
USP38,0.2146413590418663
USP45,-0.346045038359172
USP46,0.1511161640936522
USP49,-0.5955827278197516
USP5,0.7166268465859856
USP51,-0.2903258078421696
USP6NL,0.2366266406351777
UTY,0.0529984535877496
UVRAG,0.7075656897080479
VAMP4,-0.1512725503137389
VARS1,0.0837549190042416
VASH2,-0.3793736088698604
VASN,-0.5356480234052784
VASP,0.923034724558114
VEGFA,-0.2672208218662638
VEGFB,1.494270658098535
VENTX,-0.2300471234428241
VPS13B,-0.101233489990614
VPS13D,0.1940202764602536
VPS18,1.0282557888104904
VPS33B,0.328088637688215
VPS37A,0.458721986462378
VPS4A,-0.2216926786812676
VSIR,0.0077086624035854
VTI1A,-0.5066958369406105
VWA1,-0.283279257089642
VWF,-0.1622860049447136
WAC-AS1,0.1666059660197386
WASF1,-0.0036101970999154
WASHC2A,-0.5603514139800062
WASHC2C,-0.1198395691733541
WASHC4,-0.0608380147789894
WDFY3,-0.1081941200298001
WDHD1,-0.1256758077271754
WDPCP,-0.96036114425824
WDR11,0.0109484382990708
WDR19,0.8033863609605483
WDR25,-1.0070993612138603
WDR47,-0.5567138033308314
WDR53,-0.1599461476773579
WDR59,0.7791940944125291
WDR7,0.4191994927057361
WDR73,0.0090374484624285
WDR91,0.3353429100638666
WDSUB1,-1.016620296755231
WEE2,0.2779216492983958
WHAMM,-0.304251370213923
WIPF1,-0.2160826231485919
WNK3,0.0418044309196313
WNT6,0.0173470028576153
WRAP53,0.3150137494046311
WRAP73,-0.6131640016091503
WRNIP1,0.1872041584468576
WWC2,0.1597514528071043
XAB2,-0.8759574175655901
XKR8,-0.0591399092471613
XPA,-0.3094957613139873
XPO4,-0.7798080117901638
XPO6,-0.4552149735066261
XRCC2,0.1426187910870024
XYLT1,0.4925480838578426
YARS2,-0.3165452768362571
YEATS2,0.578799705151623
YIPF2,0.0327003085004663
YJU2,0.1522569527548068
YPEL3,-0.0131596153005691
YRDC,-0.062141675831484
YTHDC2,-0.2657115696796773
ZBED1,-0.3831150996772847
ZBED3,0.197106245367526
ZBED4,-0.4138978262962779
ZBED8,-0.1983802285363257
ZBTB14,-0.4470448149336021
ZBTB18,-0.0733384845927559
ZBTB2,0.6163488216405277
ZBTB21,0.4177778023493325
ZBTB24,0.7395821813816702
ZBTB34,0.3938139745292487
ZBTB37,-1.368637777153605
ZBTB40,0.6660799884787522
ZBTB47,0.3366353984036582
ZBTB8A,-0.2075072413627592
ZBTB8B,-0.1673670814424717
ZC3H10,0.1808250145180083
ZC3H12C,0.1431602515902119
ZC3H7A,0.8224289077366914
ZCCHC14,-0.0100885026912116
ZCCHC2,-0.6182740310686052
ZCCHC4,-0.2953062191877716
ZCCHC8,0.4399975105868482
ZDBF2,-0.7959674181628349
ZDHHC15,-0.0477706685164934
ZDHHC17,0.0716490682845818
ZDHHC21,-0.4816778406012392
ZDHHC8P1,0.0292250050716782
ZFAND2B,-0.0250535763907292
ZFAND3,-1.1873903533506571
ZFC3H1,-0.481428113691349
ZFP1,0.0157011225640908
ZFP14,0.3470956635763133
ZFP30,-1.263288094163227
ZFP37,-0.705104564144306
ZFPL1,0.5188089643287882
ZFYVE1,0.588513483812034
ZFYVE19,-0.3412281081178875
ZFYVE21,-0.8565394392340819
ZFYVE9,0.2306546110130649
ZHX2,-0.1129366783785365
ZHX3,0.6018577469934783
ZIM2-AS1,0.3268874679212364
ZKSCAN2,0.6311866496072053
ZKSCAN4,-0.1290550535808145
ZKSCAN5,-0.3145150376481285
ZMYM5,-0.215766629370641
ZMYM6,0.4069534080518806
ZNF10,0.1064520989615036
ZNF101,-0.2102033883051115
ZNF107,-0.0678166752208203
ZNF112,-0.2901912840480022
ZNF140,0.291182672036108
ZNF142,0.5567529646500663
ZNF155,0.5263114887872018
ZNF160,0.6552051599300599
ZNF165,0.2836909362370268
ZNF17,0.1338460300627541
ZNF174,0.6886370281064161
ZNF18,-0.5365945515797698
ZNF181,0.2338565008445257
ZNF182,0.0102722660589725
ZNF19,-0.2348017814373169
ZNF200,-0.1594060688135893
ZNF202,-0.3851173575269423
ZNF222,-0.4988040466551528
ZNF223,0.3075263294168511
ZNF224,-0.8518447842223197
ZNF225,-0.2152797753142578
ZNF227,0.1619151367782254
ZNF229,-0.6639957291396227
ZNF230,-0.0977190670709829
ZNF232-AS1,-0.924629896386555
ZNF234,-0.9004238148091753
ZNF248,-0.135775254616334
ZNF25,0.6364940699604609
ZNF250,-0.0381333605336718
ZNF26,0.4972206142810687
ZNF263,0.2898857047561348
ZNF266,-0.5847574352238978
ZNF280C,-0.0928600652673831
ZNF283,-0.3730392519271516
ZNF285,0.9037989747965196
ZNF286A,-0.0475697667653302
ZNF287,0.5875618990054798
ZNF300,-0.4611679395816103
ZNF304,0.3208050143198778
ZNF318,0.3482300661473534
ZNF320,0.0956198972456141
ZNF346,-0.4242991621873538
ZNF35,0.7844327846619172
ZNF350,-0.2541889329906033
ZNF358,0.2827558630647238
ZNF362,-0.576347074372917
ZNF37BP,-0.2946097225911278
ZNF382,0.1314106491856904
ZNF383,-0.0877107349842364
ZNF384,0.1405351469778527
ZNF394,-0.0065860992005712
ZNF398,0.3299302771575357
ZNF407,-0.1170160850055022
ZNF432,-0.7030640878936156
ZNF433-AS1,-0.8475187382646742
ZNF44,-0.1083964759807318
ZNF445,-0.4283150249083792
ZNF449,-0.0042581040627494
ZNF45,0.3832190228526164
ZNF461,0.5019398605915918
ZNF468,0.0779326210998127
ZNF470,-0.6344147295257428
ZNF471,0.6954429346686756
ZNF480,0.1789129295683698
ZNF485,0.0734577908705784
ZNF486,-0.2532333895914813
ZNF500,-0.2481004548261949
ZNF502,-0.3634674595030663
ZNF503,0.1513447805827543
ZNF506,-0.3823687663935156
ZNF510,-0.0055788179713958
ZNF519,0.5006533927301708
ZNF527,-0.0306231125697033
ZNF528,-0.9435217079261056
ZNF528-AS1,-0.0802633415269426
ZNF530,-0.6541750304733102
ZNF536,-0.0844559373922948
ZNF543,-1.3041250549051069
ZNF546,-0.2148381882071356
ZNF547,0.0269578201801794
ZNF549,-0.6780540346256885
ZNF551,0.2488111061401606
ZNF552,-0.2182860407649852
ZNF561-AS1,-0.3035644607362409
ZNF564,0.1741017699544473
ZNF565,1.0034723887532826
ZNF569,0.4960623867393448
ZNF570,-0.4600465808095383
ZNF571,0.2825209490625384
ZNF580,0.2781279805088815
ZNF582-AS1,0.9544778419008552
ZNF583,-0.0211883710505024
ZNF585B,0.2581174424386996
ZNF587,-0.2112546338882694
ZNF587B,-0.5409984784228685
ZNF589,-0.3347564959631935
ZNF592,-0.7793824661833815
ZNF600,-0.5373818373168004
ZNF605,-0.1978881560075352
ZNF606,-0.140719102439701
ZNF608,0.4617427739432684
ZNF610,-0.1249420626781346
ZNF611,-0.8504156500077553
ZNF615,0.1203913852048136
ZNF616,-0.1157130362568806
ZNF618,0.2432830089826926
ZNF620,-0.2300091227639174
ZNF621,-0.5133462706524964
ZNF622,-0.3144610123878356
ZNF624,-0.5738740188528799
ZNF629,-0.3768176627364508
ZNF654,0.0508824130971041
ZNF66,-0.53128522254747
ZNF667,0.2431428643883889
ZNF669,-0.2844122986567548
ZNF671,0.07767474556705
ZNF672,0.4930945433623956
ZNF674,-0.0386362435343079
ZNF678,-0.91405231664991
ZNF680,-0.009669572341026
ZNF682,0.3159464171990896
ZNF684,0.1069763889338872
ZNF70,-0.7174054433639467
ZNF700,-0.0483111589351239
ZNF701,0.4442988971896295
ZNF711,0.0709476689029536
ZNF718,-1.237809844015627
ZNF720,0.2450138122197143
ZNF724,-0.0361609067724082
ZNF736,0.2354053112421462
ZNF737,-0.6633677962102313
ZNF740,-0.8153927872563721
ZNF746,0.5062622631868171
ZNF747,0.4093867635148478
ZNF75A,0.044230347884327
ZNF772,-0.1177958894164752
ZNF776,0.5892934738728337
ZNF780A,-0.701939307824783
ZNF780B,-0.5825074112895834
ZNF785,-0.8546461523423576
ZNF786,-0.208921567713393
ZNF790,0.2748850545670336
ZNF793-AS1,0.1766779772551966
ZNF8,-0.1194833534212407
ZNF800,-0.2525365225108172
ZNF81,0.1146306987057418
ZNF829,-0.4681841427108366
ZNF841,-0.1839725951192802
ZNF880,-0.219543843718107
ZNHIT2,0.0346986191000499
ZNRF1,0.6133101552355853
ZPBP,0.9099292325000988
ZRANB3,-0.0258329979972027
ZRSR2,0.7418930629264826
ZSCAN12,0.1743919665078303
ZSCAN2,0.0159751793305912
ZSCAN22,-0.4433147807813882
ZSCAN30,0.5762904084889475
ZSCAN31,0.1900222956411003
ZSCAN32,0.1031086277685339
ZSCAN5A,-0.0826458625256617
ZSWIM1,-1.0600042904835691
ZSWIM6,0.2374355942144272
ZSWIM8,0.5112411696328376
ZUP1,0.2948992156477031
ZXDC,-0.2051449168890173
