logFC	AveExpr	t	P.Value	adj.P.Val	B	ENSEMBL	contrast	direction
-4.094112202408499	4.587529551673607	-22.852401025473103	1.3805126638843732e-10	7.578868395030229e-7	14.57585705935578	ENSG00000131747	Eto_vs_Mock	Down
-3.328736749321743	2.4531056986157465	-21.603839927420964	2.522186033658707e-10	7.578868395030229e-7	14.059141253913566	ENSG00000169679	Eto_vs_Mock	Down
-2.9640947557830266	2.2383790072136014	-21.586885135451592	2.543491537692191e-10	7.578868395030229e-7	14.051845236351696	ENSG00000145386	Eto_vs_Mock	Down
-4.509899886860342	3.0211101830195877	-21.559447931969	2.5783858309026425e-10	7.578868395030229e-7	14.040021979674908	ENSG00000089685	Eto_vs_Mock	Down
-3.691587946899854	2.3859438960932895	-21.379417621716577	2.820696374342826e-10	7.578868395030229e-7	13.96193623641977	ENSG00000117650	Eto_vs_Mock	Down
-3.723257535094821	3.2445251877376435	-21.329915854349352	2.8915941987906254e-10	7.578868395030229e-7	13.940310163254232	ENSG00000157456	Eto_vs_Mock	Down
-3.3512350563930693	2.688711838039827	-20.6461567277854	4.097806161444722e-10	8.962654532936702e-7	13.634557979205127	ENSG00000115163	Eto_vs_Mock	Down
-3.7771029008286856	3.0057316708258517	-20.441034996362536	4.559407113283328e-10	8.962654532936702e-7	13.540206978091454	ENSG00000166851	Eto_vs_Mock	Down
-3.084820844596476	2.0122176173488997	-19.683865264409437	6.822596163760018e-10	1.1921349696810004e-6	13.180911274019813	ENSG00000237649	Eto_vs_Mock	Down
-3.2152419088288977	1.9291604090592611	-19.359412863953846	8.145579868295716e-10	1.234506498469008e-6	13.021439282539795	ENSG00000143228	Eto_vs_Mock	Down
-3.2581193160877078	3.264634740284242	-19.25369009681146	8.635108408469468e-10	1.234506498469008e-6	12.968735460174216	ENSG00000198901	Eto_vs_Mock	Down
-3.012715262562433	2.5066015111241318	-18.870184566001633	1.0698623998258286e-9	1.336327531973422e-6	12.774425639553368	ENSG00000100162	Eto_vs_Mock	Down
-4.238859313260203	3.403924134663572	-18.674424953671384	1.1954234607170333e-9	1.336327531973422e-6	12.673309646219376	ENSG00000178999	Eto_vs_Mock	Down
-3.5223270644388007	2.211896659593864	-18.625648608525353	1.229148050525022e-9	1.336327531973422e-6	12.647908070808175	ENSG00000126787	Eto_vs_Mock	Down
-3.7640967416459383	2.183479108114601	-18.540871401132453	1.2902552546935624e-9	1.336327531973422e-6	12.603559524630082	ENSG00000142945	Eto_vs_Mock	Down
-2.41925277351569	3.0382578793199744	-18.449793433615607	1.3596108680894539e-9	1.336327531973422e-6	12.555632069096987	ENSG00000138180	Eto_vs_Mock	Down
-2.3261167367252362	1.374241164016085	-18.333658011491774	1.4539971527546668e-9	1.3450328955423463e-6	12.494089873222602	ENSG00000118193	Eto_vs_Mock	Down
-3.13973859188325	2.0392476537178834	-18.125939922662315	1.6411007527709714e-9	1.3486378181639266e-6	12.382801775666163	ENSG00000090889	Eto_vs_Mock	Down
-3.6536060765006715	2.307541361478004	-18.049537704825198	1.7163849244809348e-9	1.3486378181639266e-6	12.341471209590782	ENSG00000072571	Eto_vs_Mock	Down
-3.662020481001906	2.725880132876136	-18.03260399762217	1.7335748181666797e-9	1.3486378181639266e-6	12.332281569910535	ENSG00000068489	Eto_vs_Mock	Down
-3.8065231729462234	3.557952998335671	-17.89923965376303	1.8756932396875087e-9	1.3486378181639266e-6	12.25953427477748	ENSG00000170312	Eto_vs_Mock	Down
-2.6118028967058153	1.8921229316531736	-17.889385447129143	1.8866865063974553e-9	1.3486378181639266e-6	12.254132648026477	ENSG00000263513	Eto_vs_Mock	Down
-2.62884907494876	1.6529265388138636	-17.550598435100543	2.310794175207482e-9	1.518857039419512e-6	12.066183272884395	ENSG00000158402	Eto_vs_Mock	Down
-3.053215660778949	2.2060458938590513	-17.54545721162136	2.3179809834712127e-9	1.518857039419512e-6	12.06329712463253	ENSG00000134690	Eto_vs_Mock	Down
-2.553503611011494	1.8114390135454008	-17.36299496030728	2.589483249210801e-9	1.6288885430835622e-6	11.960199210590272	ENSG00000215784	Eto_vs_Mock	Down
-2.856417239763208	1.7667551529854524	-17.203518530512383	2.855258186056e-9	1.7269919320737174e-6	11.86901224805143	ENSG00000121211	Eto_vs_Mock	Down
-2.298390524736941	3.55696323166514	-16.81771705965251	3.629403951105007e-9	2.1139261679658276e-6	11.64416006371156	ENSG00000137807	Eto_vs_Mock	Down
-3.70989450531496	3.137024922393382	-16.657446874680694	4.0158204894957625e-9	2.227482700927493e-6	11.54893967205733	ENSG00000168078	Eto_vs_Mock	Down
-2.7495111197660616	1.7525626204310987	-16.62182346543972	4.1076560045082855e-9	2.227482700927493e-6	11.527627641267582	ENSG00000129810	Eto_vs_Mock	Down
-2.7788639165259945	1.5288653895280615	-16.504276284365105	4.4272690507127165e-9	2.3207744363836063e-6	11.456919892021602	ENSG00000024526	Eto_vs_Mock	Down
-2.108964571506553	1.3796267207749358	-16.365820913244082	4.838862244942859e-9	2.4547079891603675e-6	11.372871726178555	ENSG00000135476	Eto_vs_Mock	Down
-3.0368372002243356	1.769867689340725	-16.124359866281083	5.659833304707322e-9	2.7814543296821044e-6	11.224284908245966	ENSG00000112742	Eto_vs_Mock	Down
-2.127980736129844	1.681695973722346	-16.042788499788742	5.970483365052133e-9	2.80377862559962e-6	11.173502194049398	ENSG00000164109	Eto_vs_Mock	Down
-2.1592653842390166	3.1558289420367807	-16.004122426372515	6.124174766146304e-9	2.80377862559962e-6	11.149325641318036	ENSG00000146918	Eto_vs_Mock	Down
1.7374368018739303	0.43435920046848253	15.975642797153311	6.2401279343753476e-9	2.80377862559962e-6	11.131475002354872	ENSG00000252774	Eto_vs_Mock	Up
-3.0000198011047146	2.0538947190586176	-15.560120560377865	8.233673877967104e-9	3.5967432056919634e-6	10.866781585809886	ENSG00000117724	Eto_vs_Mock	Down
-2.5515032484425095	1.4373882489387135	-15.51712362015206	8.476585643091644e-9	3.6027779952232215e-6	10.838930023144425	ENSG00000169607	Eto_vs_Mock	Down
-3.950085808061816	3.4782730691879933	-15.364656749210587	9.402819611837034e-9	3.881323871462926e-6	10.739455202963722	ENSG00000117399	Eto_vs_Mock	Down
-4.403003397498991	3.7466486627976257	-15.330425070306955	9.625564732739038e-9	3.881323871462926e-6	10.716967007535303	ENSG00000175063	Eto_vs_Mock	Down
-2.6867560729052418	1.5352035878277361	-15.274831130410881	9.99963706912504e-9	3.905456000501624e-6	10.680323516515909	ENSG00000075218	Eto_vs_Mock	Down
-2.9576900128982913	4.033855833174716	-15.224809593116715	1.0349751135904378e-8	3.905456000501624e-6	10.647223716685271	ENSG00000088325	Eto_vs_Mock	Down
-2.8537497529330196	2.161694926916503	-15.213541789624122	1.0430443343575493e-8	3.905456000501624e-6	10.639750723884493	ENSG00000265415	Eto_vs_Mock	Down
-2.946895761156221	1.5660156184346172	-15.137237530260869	1.0995217850564416e-8	4.008008611234953e-6	10.588979535627274	ENSG00000109805	Eto_vs_Mock	Down
-2.519037451517433	5.6776680271755335	-15.087745066299247	1.1379273721299984e-8	4.008008611234953e-6	10.555893886937309	ENSG00000108106	Eto_vs_Mock	Down
-2.5592701469429735	4.248489076749907	-15.060573284557343	1.1596306930434086e-8	4.008008611234953e-6	10.537677627487135	ENSG00000100526	Eto_vs_Mock	Down
-2.790602427624675	6.443340626816259	-15.044868846960567	1.1723794742261722e-8	4.008008611234953e-6	10.527132349996815	ENSG00000173207	Eto_vs_Mock	Down
-3.9047579283529084	2.7130722451629206	-14.962092910107367	1.2421444824458462e-8	4.156162581051782e-6	10.47134470978316	ENSG00000135451	Eto_vs_Mock	Down
-2.53084901212198	2.682530574964302	-14.90860414744053	1.2896194310920529e-8	4.225115661115338e-6	10.435111206113206	ENSG00000198826	Eto_vs_Mock	Down
-1.997340271453368	1.4146244331278262	-14.745200219069241	1.4472955715735984e-8	4.644932685421716e-6	10.323515095168997	ENSG00000142731	Eto_vs_Mock	Down
-2.835609316703703	2.59101144472855	-14.680270636253203	1.5156668817085854e-8	4.699658834376321e-6	10.278788936035163	ENSG00000111665	Eto_vs_Mock	Down
1.6033352224169573	3.86074249052628	14.672467890274218	1.5241167528500087e-8	4.699658834376321e-6	10.273399307212362	ENSG00000164938	Eto_vs_Mock	Up
-2.2651847461296355	3.83062708733183	-14.449411459412056	1.7887087708506034e-8	5.409468101999344e-6	10.117970951834653	ENSG00000137804	Eto_vs_Mock	Down
-2.305826377474607	2.820830296485761	-14.40077713363396	1.8527945403788075e-8	5.497556026791911e-6	10.083730564456062	ENSG00000113368	Eto_vs_Mock	Down
-2.2132238625186567	3.101126256373159	-14.242372955667177	2.0794409023873612e-08	6.055794005730304e-6	9.971321917010027	ENSG00000203760	Eto_vs_Mock	Down
-3.1859783100639163	1.8682613415718676	-14.120440568686831	2.2744234753930474e-8	6.503197013460194e-6	9.883859808809039	ENSG00000093009	Eto_vs_Mock	Down
-2.0926851853262836	3.576596395208095	-13.97852478195508	2.5267366167689787e-8	7.095617863448028e-6	9.78102308465612	ENSG00000161800	Eto_vs_Mock	Down
-2.885555087044168	2.5796841626681033	-13.923076901882565	2.633448423916683e-8	7.265545599037502e-6	9.740536006309778	ENSG00000138160	Eto_vs_Mock	Down
-2.0235132760739436	3.6080639807674943	-13.859444675168856	2.7619830758828628e-8	7.488783767471361e-6	9.6938576509596	ENSG00000104889	Eto_vs_Mock	Down
-3.356088899293346	2.8588866085306446	-13.79363032176019	2.9021321536892464e-8	7.735411906596118e-6	9.64533489784855	ENSG00000011426	Eto_vs_Mock	Down
-2.4293790988435555	1.5349307723172372	-13.719559495363361	3.069168584249213e-8	8.04429085931719e-6	9.59042627139986	ENSG00000171241	Eto_vs_Mock	Down
-1.998512551569004	3.345548422887929	-13.645963374126902	3.245530132232358e-8	8.338708267800912e-6	9.535553745224917	ENSG00000140525	Eto_vs_Mock	Down
-1.9587169558622641	2.6379646724068393	-13.629069502176806	3.287548725700474e-8	8.338708267800912e-6	9.522913142486683	ENSG00000073111	Eto_vs_Mock	Down
-2.8736493792830444	2.6911534251029123	-13.604377403869625	3.350030035480958e-8	8.35186311571542e-6	9.504407467345544	ENSG00000111206	Eto_vs_Mock	Down
-1.6978105582508367	2.8912622655973577	-13.585390456383866	3.398952304500743e-8	8.35186311571542e-6	9.490153145109879	ENSG00000100749	Eto_vs_Mock	Down
-2.7945635068568397	2.1582234318687936	-13.346889925289378	4.084270413831921e-8	9.881421004295506e-6	9.309272875920431	ENSG00000129195	Eto_vs_Mock	Down
-1.4201059265227562	1.5807459703720168	-13.289925164720348	4.2692890781296515e-8	1.0172551521616197e-5	9.265563436177825	ENSG00000285600	Eto_vs_Mock	Down
-2.6520426354182267	2.189407375897519	-13.218823900290593	4.513101470800927e-8	1.0592990108927669e-5	9.210728750854148	ENSG00000156970	Eto_vs_Mock	Down
-2.19188059379184	2.9364141019036025	-13.188467288202435	4.621768288626227e-8	1.06885188392553e-5	9.18722245340576	ENSG00000187634	Eto_vs_Mock	Down
-1.8849706508037916	1.066292639286193	-13.128342753259027	4.8454780253815714e-8	1.1043476438717477e-5	9.14049740245978	ENSG00000163808	Eto_vs_Mock	Down
1.3449590022985185	3.8802674859463133	13.093374333536808	4.980976662200656e-8	1.1190119855681072e-5	9.113218742050517	ENSG00000065357	Eto_vs_Mock	Up
-2.0761339211366567	1.4951213059950008	-13.060846822349601	5.110717398599057e-8	1.1319879128220953e-5	9.087775623561676	ENSG00000122966	Eto_vs_Mock	Down
-2.090088274722311	1.8370586828116913	-13.013762855379246	5.305064090086981e-8	1.1587144150098314e-5	9.05082875569757	ENSG00000183856	Eto_vs_Mock	Down
-3.423921081284612	1.9659340329339048	-12.93934997326634	5.628776082256603e-8	1.2125771598570868e-5	8.992151367231926	ENSG00000148773	Eto_vs_Mock	Down
1.513532266178185	1.8303112349437083	12.900022122237836	5.8084739312130595e-8	1.2343792032737375e-5	8.96099771901056	ENSG00000198753	Eto_vs_Mock	Up
-3.3127752127360286	1.9036121961252885	-12.83563258210798	6.116277545106947e-8	1.2824610756580247e-5	8.909777685987958	ENSG00000186185	Eto_vs_Mock	Down
-1.4195464961123223	1.3545796111750368	-12.722514468099817	6.700780945262006e-8	1.386532646647241e-5	8.819147376683134	ENSG00000136982	Eto_vs_Mock	Down
-2.0496733810832417	1.3119909476213056	-12.631892932494145	7.212832553213929e-8	1.4720389285163264e-5	8.74593903036282	ENSG00000139734	Eto_vs_Mock	Down
-1.6633854655883527	4.4168428421042645	-12.6169585543227	7.301223224232065e-8	1.4720389285163264e-5	8.733822460504982	ENSG00000106268	Eto_vs_Mock	Down
-2.1589861066540537	2.8578069169925766	-12.58718092197544	7.480995622766196e-8	1.489191609666091e-5	8.709619200902534	ENSG00000123219	Eto_vs_Mock	Down
-1.3508578123396147	6.991468018029214	-12.570909495998427	7.581254650151378e-8	1.4902851328535071e-5	8.69636893485788	ENSG00000164032	Eto_vs_Mock	Down
-2.35587722962317	3.345076505329141	-12.454417454471411	8.343099028049362e-8	1.592452364481816e-5	8.600989986547265	ENSG00000233966	Eto_vs_Mock	Down
-2.2388851977006765	3.9795526695719925	-12.445876467645371	8.402139249682646e-8	1.592452364481816e-5	8.59396112084941	ENSG00000087586	Eto_vs_Mock	Down
-2.7242265660026415	2.1301541930481482	-12.445496190010216	8.404778472083856e-8	1.592452364481816e-5	8.593648054198383	ENSG00000127564	Eto_vs_Mock	Down
-2.093190294311227	1.4109963603810696	-12.384388437969212	8.840804998806825e-8	1.6240215218670753e-5	8.543213458831051	ENSG00000138778	Eto_vs_Mock	Down
-2.1737750968482574	2.2775609200272764	-12.38365332305376	8.846197507175764e-8	1.6240215218670753e-5	8.542605197822464	ENSG00000121152	Eto_vs_Mock	Down
-2.137956910828074	2.2035133578490274	-12.37829648779512	8.88560106945937e-8	1.6240215218670753e-5	8.538171646080784	ENSG00000188610	Eto_vs_Mock	Down
-2.0766032899214943	2.4569926149750123	-12.364967346323391	8.9844761797301e-8	1.6240215218670753e-5	8.52713138550195	ENSG00000075702	Eto_vs_Mock	Down
-1.7353451310822696	4.152872540492167	-12.31777532549717	9.344259677296037e-8	1.669861678240426e-5	8.487945695399567	ENSG00000010292	Eto_vs_Mock	Down
-1.955264623425433	2.0319041064807357	-12.291026220021894	9.55511093569846e-8	1.6883558940988085e-5	8.465666944153497	ENSG00000144554	Eto_vs_Mock	Down
-1.4431588228965708	3.6473170535346493	-12.276925322616414	9.668335974636872e-8	1.6893805726348826e-5	8.453902810976999	ENSG00000165501	Eto_vs_Mock	Down
-1.8914961747054173	2.065296109875071	-12.250570960910666	9.883875529655385e-8	1.7080640283446216e-5	8.431879076214244	ENSG00000092470	Eto_vs_Mock	Down
-1.5686214147095205	0.8678471345902297	-12.123179780025788	1.1001928500290885e-7	1.8806122564736354e-5	8.3247414723491	ENSG00000140451	Eto_vs_Mock	Down
-1.608562403774651	5.735867687968039	-12.093581578392474	1.1280892066505468e-7	1.9075624584716665e-5	8.299686542430386	ENSG00000183010	Eto_vs_Mock	Down
-1.629640793755557	3.1082741904152718	-12.004170647563885	1.2171251585956833e-7	2.0238274137237062e-5	8.223624229936139	ENSG00000142856	Eto_vs_Mock	Down
-1.7021962027791737	1.3334570189396282	-11.992077759533183	1.229741464324544e-7	2.0238274137237062e-5	8.213293167422506	ENSG00000102384	Eto_vs_Mock	Down
-1.4513953233082748	0.8997231288223455	-11.986646812439314	1.235453590979752e-7	2.0238274137237062e-5	8.208650066642377	ENSG00000231304	Eto_vs_Mock	Down
1.521070688447569	6.8685844552386	11.878333814849098	1.3556010734390003e-7	2.1977507712269816e-5	8.115607975153281	ENSG00000135919	Eto_vs_Mock	Up
-1.4694461248374795	1.1250707669852635	-11.839227651926754	1.402046852220076e-7	2.2220465874798538e-5	8.081807376135544	ENSG00000140534	Eto_vs_Mock	Down
-3.458555861148997	2.637177200078729	-11.835805615259732	1.4061925471219186e-7	2.2220465874798538e-5	8.07884432738377	ENSG00000101057	Eto_vs_Mock	Down
-2.2885179586948374	1.2262087369209256	-11.830229520392933	1.4129763369450933e-7	2.2220465874798538e-5	8.074014313229824	ENSG00000165480	Eto_vs_Mock	Down
-3.1630497559750075	1.6447914738618508	-11.7986149122425	1.4521156678430227e-7	2.260987226980136e-5	8.04658690136818	ENSG00000154839	Eto_vs_Mock	Down
-2.1028142947683213	5.624135916415143	-11.775971318731033	1.4808711206715751e-7	2.2754124209359167e-5	8.02689746909721	ENSG00000176046	Eto_vs_Mock	Down
-1.5562950993421767	1.8709700822057775	-11.768635929648395	1.4903184494238802e-7	2.2754124209359167e-5	8.020511028573978	ENSG00000138182	Eto_vs_Mock	Down
-1.7799963412379634	2.1585772984045715	-11.732929452756952	1.5372484712889402e-7	2.3244970634124877e-5	7.989367325824541	ENSG00000164087	Eto_vs_Mock	Down
-1.9575017631842044	3.1947063548825727	-11.689937518797787	1.5958920634270296e-7	2.390190341852711e-5	7.951744485145583	ENSG00000166451	Eto_vs_Mock	Down
-1.9644673962707673	2.2877211849770243	-11.661936927389497	1.635388993097824e-7	2.411865058930718e-5	7.9271672136363405	ENSG00000091651	Eto_vs_Mock	Down
-2.513016156115925	2.64165453893508	-11.657992540325909	1.6410375257890554e-7	2.411865058930718e-5	7.92370038527137	ENSG00000076382	Eto_vs_Mock	Down
-1.465873415612329	0.9776048686695504	-11.62655111507309	1.6868270194442054e-7	2.4562075655351456e-5	7.896024257131988	ENSG00000165244	Eto_vs_Mock	Down
-1.3457412923499383	7.0616564255817575	-11.587354431534829	1.745861292773502e-7	2.5188453844179902e-5	7.861418235908716	ENSG00000189403	Eto_vs_Mock	Down
-2.3570112400660035	1.5565008095371606	-11.524428953929208	1.8453725354230953e-7	2.6242007403626896e-5	7.805621249400983	ENSG00000066279	Eto_vs_Mock	Down
-1.5460811175520306	0.8134917664589423	-11.511747043546281	1.8661633092123787e-7	2.6242007403626896e-5	7.794339834435665	ENSG00000267374	Eto_vs_Mock	Down
-3.5846505892350606	4.044091476582667	-11.510061163929706	1.868946222310958e-7	2.6242007403626896e-5	7.7928392140836875	ENSG00000164104	Eto_vs_Mock	Down
-1.7231559522902569	1.9763708294677624	-11.426586307578173	2.012531107716471e-7	2.800802141588427e-5	7.7182671791544495	ENSG00000163507	Eto_vs_Mock	Down
-1.6182806601180546	1.451952478483845	-11.400379320837725	2.0600434154266205e-7	2.835172300564667e-5	7.6947455032368	ENSG00000154920	Eto_vs_Mock	Down
-1.5464644929412497	1.381755026811826	-11.393192116249857	2.0732850983399257e-7	2.835172300564667e-5	7.6882855312069625	ENSG00000183763	Eto_vs_Mock	Down
-1.2467903985353628	6.713966705187284	-11.38060949992402	2.0966900430003637e-7	2.842461001398596e-5	7.676966517116109	ENSG00000136938	Eto_vs_Mock	Down
-2.223781183694847	3.4517846191125643	-11.352878761078545	2.1492898652212334e-7	2.888866018843514e-5	7.651977566944438	ENSG00000079616	Eto_vs_Mock	Down
-1.4133047529858573	2.34754702417537	-11.319968091977529	2.2135790345348056e-7	2.9500630421266404e-5	7.622243735493098	ENSG00000006634	Eto_vs_Mock	Down
-1.37227219748502	6.425826409694802	-11.300411851756817	2.2527665368164696e-7	2.977059374619815e-5	7.604535469475944	ENSG00000149136	Eto_vs_Mock	Down
-1.351053269541313	3.6863259222174882	-11.183659357412571	2.5029431671015246e-7	3.280107020486548e-5	7.498194263125668	ENSG00000006704	Eto_vs_Mock	Down
-1.1210565262536418	5.681010965221155	-11.16805827229443	2.538593283162649e-7	3.2809958463341785e-5	7.483903262447167	ENSG00000106355	Eto_vs_Mock	Down
-1.4878705558574268	3.084481852948026	-11.165128884541657	2.545348424601105e-7	3.2809958463341785e-5	7.481217721988831	ENSG00000153044	Eto_vs_Mock	Down
-3.512042477851084	4.119868088118659	-11.148768223607682	2.5834360814936053e-7	3.303017546143775e-5	7.466206461976838	ENSG00000167900	Eto_vs_Mock	Down
-1.537112922877843	4.810569842237443	-11.044969491063457	2.8399509812634683e-7	3.601699123495912e-5	7.370472754162088	ENSG00000143401	Eto_vs_Mock	Down
-1.8916421498272142	1.6792869429982247	-11.026797961921522	2.8876333458821337e-7	3.632873759787395e-5	7.3536244485529005	ENSG00000231864	Eto_vs_Mock	Down
-1.5022073126829207	4.948497471335762	-10.994016217347971	2.975862542182314e-7	3.714159868123736e-5	7.323162550592236	ENSG00000259781	Eto_vs_Mock	Down
-1.4543201549925109	1.3410110181379769	-10.896246764655722	3.2568124314421143e-7	4.0328056926660384e-5	7.231794586033142	ENSG00000138376	Eto_vs_Mock	Down
-2.5660397666616372	3.29648243876665	-10.882370422597079	3.2989640886877374e-7	4.0530866608362e-5	7.218763627685033	ENSG00000100297	Eto_vs_Mock	Down
-2.757669978632827	2.684861747642075	-10.841707027311001	3.42592753706007e-7	4.176444685876486e-5	7.18048653195821	ENSG00000146670	Eto_vs_Mock	Down
-2.0988293966008262	1.6953286508925174	-10.80703944221976	3.5383560054518256e-7	4.280322041671954e-5	7.147745795186737	ENSG00000111247	Eto_vs_Mock	Down
-2.4125196736781938	2.8065388543155407	-10.782737224418794	3.61955029423792e-7	4.3451181623805745e-5	7.124735018961734	ENSG00000156802	Eto_vs_Mock	Down
1.0043436454609393	0.31665086383517294	10.759953302389698	3.697508022883471e-7	4.405076603626172e-5	7.103117314088135	ENSG00000249156	Eto_vs_Mock	Up
-1.4487856902949807	4.016550334206545	-10.732821483499908	3.792723838982382e-7	4.45334055954839e-5	7.077317857375864	ENSG00000293339	Eto_vs_Mock	Down
-2.177401558804607	2.227238165906511	-10.73227852189496	3.7946562061521315e-7	4.45334055954839e-5	7.076800931795396	ENSG00000112029	Eto_vs_Mock	Down
-2.086387875748918	3.5717196959490325	-10.692832307824064	3.9379378109785246e-7	4.587260001144317e-5	7.039180207959249	ENSG00000113810	Eto_vs_Mock	Down
-1.4933800198163472	1.349779092586404	-10.625481175410608	4.1963114491092324e-7	4.852293665344984e-5	6.974643474027395	ENSG00000285948	Eto_vs_Mock	Down
1.5472894266152948	4.08166172339968	10.585845546353289	4.356904384085963e-7	4.964278764883901e-5	6.9364846574589185	ENSG00000033100	Eto_vs_Mock	Up
-1.1557126451443236	2.7747408255846526	-10.583281991931962	4.3675180354739543e-7	4.964278764883901e-5	6.934012021144334	ENSG00000205084	Eto_vs_Mock	Down
-2.0930246741343543	2.204252994448181	-10.559114941903227	4.4689626036003506e-7	5.019921850301365e-5	6.910674528556247	ENSG00000035499	Eto_vs_Mock	Down
-3.0720859890502283	2.9492323824932716	-10.478841028386576	4.824668168498235e-7	5.3810447955888835e-5	6.832796999094598	ENSG00000171848	Eto_vs_Mock	Down
-1.5551039281087995	2.607880344664726	-10.443482379934661	4.990975349756652e-7	5.5273294612868394e-5	6.798317722188108	ENSG00000184661	Eto_vs_Mock	Down
-1.0628585916456268	2.5401066780016484	-10.380085157752475	5.304916803710765e-7	5.8228161983377014e-5	6.736225334828661	ENSG00000204410	Eto_vs_Mock	Down
1.4846653346441663	6.730121278956975	10.374596116309604	5.333087662166461e-7	5.8228161983377014e-5	6.730832775885941	ENSG00000086061	Eto_vs_Mock	Up
1.5048935164336368	2.4765475165662516	10.367669271090797	5.368869062437789e-7	5.8228161983377014e-5	6.724023922453454	ENSG00000114268	Eto_vs_Mock	Up
1.3444436987159203	3.0860874085874275	10.358262995868161	5.41787508296369e-7	5.8357194215539034e-5	6.714771144393045	ENSG00000248583	Eto_vs_Mock	Up
-1.214636205603444	4.164873972957831	-10.317243653676622	5.637317506295394e-7	6.030779258775604e-5	6.674330358538929	ENSG00000177917	Eto_vs_Mock	Down
-2.4205327414471003	3.036691181179732	-10.299955271002101	5.732672507511321e-7	6.0724097466215935e-5	6.657241428377858	ENSG00000122952	Eto_vs_Mock	Down
-1.243266787986033	5.735542847736197	-10.29622780468231	5.753459571706839e-7	6.0724097466215935e-5	6.653553506189254	ENSG00000140859	Eto_vs_Mock	Down
-1.975853042620586	3.699133129945343	-10.252608112780955	6.002875058334091e-7	6.293414211157461e-5	6.610305123796301	ENSG00000077942	Eto_vs_Mock	Down
-1.8202353212001934	2.712626987910142	-10.239414563724392	6.080602771174626e-7	6.32540586631239e-5	6.597190608030016	ENSG00000149929	Eto_vs_Mock	Down
-1.4212398613925408	3.7005454833033418	-10.232559300670534	6.12141910219232e-7	6.32540586631239e-5	6.590370291863196	ENSG00000197905	Eto_vs_Mock	Down
-1.3731324537694127	3.5194389455269786	-10.227113052877419	6.154057595992597e-7	6.32540586631239e-5	6.5849488223757175	ENSG00000167186	Eto_vs_Mock	Down
-1.3839320954652967	4.661540991131402	-10.21195018372338	6.245922880601745e-7	6.368167019083756e-5	6.569840995817079	ENSG00000167325	Eto_vs_Mock	Down
-1.579380801683187	1.230159772881564	-10.206932424982142	6.276649421073269e-7	6.368167019083756e-5	6.564836929002685	ENSG00000197299	Eto_vs_Mock	Down
-2.157657928460001	3.0553866436829034	-10.158188796017463	6.583797551771733e-7	6.617193380228413e-5	6.516108908138425	ENSG00000013810	Eto_vs_Mock	Down
1.1030985553401065	4.6088047421252565	10.154722207655137	6.606253088489514e-7	6.617193380228413e-5	6.512635301424711	ENSG00000196562	Eto_vs_Mock	Up
-1.7033521879063653	1.778972073868566	-10.110026154550882	6.903327793442778e-7	6.870995751878553e-5	6.467751675128997	ENSG00000152253	Eto_vs_Mock	Down
-2.32306119490812	1.2992210559551665	-10.056253139998084	7.280036971531434e-7	7.155366338393958e-5	6.41351314403309	ENSG00000065328	Eto_vs_Mock	Down
-2.2918433818481505	1.4023720137867135	-10.020838616002804	7.54025552526642e-7	7.365096794431038e-5	6.377648129525981	ENSG00000174371	Eto_vs_Mock	Down
-1.4112912576227608	6.980757029290477	-9.993328571371912	7.749340290603692e-7	7.522600333952695e-5	6.349708876508569	ENSG00000136068	Eto_vs_Mock	Down
-1.5308948760847816	4.294688312770407	-9.971267332701157	7.921546973468046e-7	7.642591883727516e-5	6.327253179480938	ENSG00000131652	Eto_vs_Mock	Down
-1.4024622650414773	2.110097858208899	-9.960471851135361	8.00732023115784e-7	7.678238899706597e-5	6.316248328358102	ENSG00000131351	Eto_vs_Mock	Down
-1.6736679520404778	1.7735976702601512	-9.950746449819142	8.085452422817637e-7	7.706171200074555e-5	6.306325097547286	ENSG00000163535	Eto_vs_Mock	Down
-1.7841210681811568	1.6511918272451316	-9.923753306579442	8.306666356268115e-7	7.869315368594722e-5	6.278737022284921	ENSG00000143476	Eto_vs_Mock	Down
-2.03030067829829	2.6717986600973624	-9.879385277409039	8.684630769581041e-7	8.111705924954524e-5	6.233244135803544	ENSG00000198056	Eto_vs_Mock	Down
-1.9796573813735383	1.4356490198788687	-9.875651979624894	8.717272677841247e-7	8.111705924954524e-5	6.229407824637307	ENSG00000171320	Eto_vs_Mock	Down
-1.8383641434837048	3.087827726171735	-9.862376258712558	8.834428098923775e-7	8.172365663745606e-5	6.215755240365023	ENSG00000235823	Eto_vs_Mock	Down
1.0681345976235668	2.1060208949805275	9.81524144364962	9.264345576652989e-7	8.38411368976191e-5	6.167149051424819	ENSG00000132357	Eto_vs_Mock	Up
-1.1019714604981663	2.309783705697924	-9.81393440278567	9.276585158454612e-7	8.38411368976191e-5	6.165798236758103	ENSG00000121957	Eto_vs_Mock	Down
-1.0535885409232502	1.1593251715294959	-9.800513179924152	9.403283276560657e-7	8.450059017553879e-5	6.151918220707935	ENSG00000172167	Eto_vs_Mock	Down
-1.057009084403174	1.80796665904012	-9.780426070183749	9.596419382155317e-7	8.57461881839628e-5	6.131112714171203	ENSG00000205208	Eto_vs_Mock	Down
-1.2290425193005605	3.8688555608897324	-9.751197778591035	9.885153951615482e-7	8.78270796853701e-5	6.10077095287381	ENSG00000109685	Eto_vs_Mock	Down
1.138239538820885	1.759614321941346	9.734699409416143	1.0052273912339675e-6	8.881014581205266e-5	6.0836082989431715	ENSG00000185404	Eto_vs_Mock	Up
-1.5316354624662236	1.1611953488925144	-9.71738486225727	1.0230954087173965e-6	8.97318833944286e-5	6.065568770471818	ENSG00000137310	Eto_vs_Mock	Down
-2.233722326095515	4.25130654796015	-9.713575663391318	1.0270723013479047e-6	8.97318833944286e-5	6.061596244021469	ENSG00000134057	Eto_vs_Mock	Down
-1.0686403353691807	5.263511012475618	-9.696670464001276	1.0449246338564617e-6	9.078720879572772e-5	6.043949494605227	ENSG00000184990	Eto_vs_Mock	Down
-1.2062402580271256	0.6963711561171053	-9.68981359622997	1.0522611093469232e-6	9.092229783291051e-5	6.036784067877407	ENSG00000007968	Eto_vs_Mock	Down
-1.1399412741806811	5.425630903369273	-9.679431589447127	1.0634755550669048e-6	9.138916163378221e-5	6.025926311181368	ENSG00000124795	Eto_vs_Mock	Down
-1.7014053558096665	3.10067111269429	-9.644277463869203	1.1024187760125354e-6	9.384711224790404e-5	5.98908453225972	ENSG00000111445	Eto_vs_Mock	Down
-1.2897503317553392	1.0127479062696563	-9.64286669167567	1.1040134659711463e-6	9.384711224790404e-5	5.987603554978969	ENSG00000196584	Eto_vs_Mock	Down
-1.3133142306308607	2.491299845286715	-9.600218458888408	1.1534191342710607e-6	9.75197274491758e-5	5.94274242659021	ENSG00000138092	Eto_vs_Mock	Down
-1.2358123356973438	5.632619073401547	-9.581012380375627	1.1764447616874159e-6	9.842840567080764e-5	5.92248238344403	ENSG00000198830	Eto_vs_Mock	Down
1.911817053935535	1.0326608710028498	9.580814564669806	1.1766844884975096e-6	9.842840567080764e-5	5.9222735262698185	ENSG00000283740	Eto_vs_Mock	Up
-1.4851021413431735	0.8452251308867832	-9.557236895417686	1.205639533754596e-6	1.0031686406256494e-4	5.897352607236129	ENSG00000137812	Eto_vs_Mock	Down
-1.1668109058804705	2.979100814009025	-9.513904060738847	1.2608849775922047e-6	1.0436145872428954e-4	5.851409865665729	ENSG00000149636	Eto_vs_Mock	Down
-2.0060438737234763	1.3635558321816472	-9.489327029554378	1.29343039270279e-6	1.0649469296148729e-4	5.8252709850000715	ENSG00000131153	Eto_vs_Mock	Down
-1.6931038242378302	3.5369966530878876	-9.45754775901675	1.336866630596474e-6	1.0949773246229245e-4	5.791384237022263	ENSG00000165304	Eto_vs_Mock	Down
-2.0373043118119627	1.484251361192825	-9.450736146734629	1.3463805668769728e-6	1.0970559997257655e-4	5.784107963722458	ENSG00000080986	Eto_vs_Mock	Down
-2.5549462807533962	5.185573058077415	-9.440785909516553	1.3604101173772014e-6	1.1027736858697872e-4	5.7734707326108134	ENSG00000164611	Eto_vs_Mock	Down
-1.136652730194108	1.2472413337191037	-9.405487178804934	1.4114696156555747e-6	1.1382959577333112e-4	5.735655894607935	ENSG00000164626	Eto_vs_Mock	Down
-1.830860585924536	2.417365777545796	-9.394916565021486	1.427160284549557e-6	1.1450776854503232e-4	5.724307770135016	ENSG00000224126	Eto_vs_Mock	Down
-1.8848369789560682	5.035602669932698	-9.386622640686213	1.4396035390143936e-6	1.149198236271084e-4	5.7153960212316965	ENSG00000114346	Eto_vs_Mock	Down
-1.2069371229438983	1.1866303985306201	-9.377110761479303	1.4540186429137277e-6	1.1548432918414788e-4	5.705167165535808	ENSG00000259768	Eto_vs_Mock	Down
-1.632132271929505	1.4819610199491164	-9.336870247472001	1.5167522751880663e-6	1.1986153909350517e-4	5.661793603000906	ENSG00000051180	Eto_vs_Mock	Down
-1.5616220556434373	6.492111724232936	-9.327680972927856	1.5314846470991104e-6	1.2002828871806594e-4	5.651866159725684	ENSG00000123975	Eto_vs_Mock	Down
-1.9839482823603967	0.7900298274399059	-9.326042732193665	1.5341273071557455e-6	1.2002828871806594e-4	5.650095431325988	ENSG00000291314	Eto_vs_Mock	Down
-1.3768957947936578	1.2267182152407259	-9.274434546841691	1.6199530810776322e-6	1.2611575323280615e-4	5.5941755290484805	ENSG00000186193	Eto_vs_Mock	Down
1.3719619355972228	1.1641012591436442	9.255021514125298	1.6535689780526614e-6	1.2809261732494638e-4	5.573071103428457	ENSG00000168824	Eto_vs_Mock	Up
1.2437399577391728	2.6008670827287017	9.249395034500463	1.6634522411414157e-6	1.2809261732494638e-4	5.566947283150326	ENSG00000196208	Eto_vs_Mock	Up
-1.9834129333093538	2.3865431812564024	-9.245810676577598	1.669781670584637e-6	1.2809261732494638e-4	5.563044422001352	ENSG00000101412	Eto_vs_Mock	Down
-1.1315080812448874	3.7727581986715157	-9.202367831919904	1.7485996622888608e-6	1.3348775868521662e-4	5.5156376069586885	ENSG00000100242	Eto_vs_Mock	Down
-1.16950999969408	6.956761930317557	-9.188556149302878	1.7744933123023694e-6	1.3419002959590582e-4	5.500525434059727	ENSG00000123416	Eto_vs_Mock	Down
-2.0741363348496735	2.399404745868589	-9.184013908507845	1.783099253220257e-6	1.3419002959590582e-4	5.49555124868145	ENSG00000012048	Eto_vs_Mock	Down
1.1735634790230067	2.674016703216926	9.176503218237452	1.7974284693795982e-6	1.3419002959590582e-4	5.487321705650243	ENSG00000184678	Eto_vs_Mock	Up
-1.6504696659874738	2.3633561593569476	-9.174920464837063	1.8004639606216539e-6	1.3419002959590582e-4	5.485586730456105	ENSG00000136943	Eto_vs_Mock	Down
-1.2466644540779774	4.067108531362234	-9.15038636742651	1.848232142041092e-6	1.3645680124759724e-4	5.458660267247764	ENSG00000144283	Eto_vs_Mock	Down
-1.1755011090643537	2.9602650737989724	-9.128793103574779	1.8914086295527221e-6	1.38992019197879e-4	5.434910324993878	ENSG00000169379	Eto_vs_Mock	Down
-1.373716671621464	2.243661784155349	-9.116379636898614	1.9167222152876634e-6	1.4019708631448277e-4	5.421235331009936	ENSG00000101868	Eto_vs_Mock	Down
-1.3726588162671456	1.5673525133076418	-9.098385737576734	1.954067557769372e-6	1.416113659607426e-4	5.4013845962309395	ENSG00000100479	Eto_vs_Mock	Down
1.306851532747869	7.934385432088855	9.086913757835484	1.978286951885839e-6	1.4228629496023507e-4	5.388711345051395	ENSG00000233276	Eto_vs_Mock	Up
-1.0265219468219309	4.244330858225712	-9.085414309353466	1.9814764464130407e-6	1.4228629496023507e-4	5.387053878687287	ENSG00000183688	Eto_vs_Mock	Down
-1.1699656458303977	0.7592850161902377	-9.078636923904494	1.9959621745703994e-6	1.4267500526042774e-4	5.379559363271954	ENSG00000051341	Eto_vs_Mock	Down
-1.3723463763484283	5.766940350703255	-9.073070605438133	2.007944997821699e-6	1.4288209518436215e-4	5.373400503859455	ENSG00000147408	Eto_vs_Mock	Down
-2.1358284855793865	2.3049254333817166	-9.067369950296209	2.020297618414669e-6	1.4311351507742832e-4	5.367089680164574	ENSG00000179750	Eto_vs_Mock	Down
-1.3071027722450554	1.323849024807383	-9.041189821684283	2.078090670456451e-6	1.4654732683227868e-4	5.3380640589362764	ENSG00000258725	Eto_vs_Mock	Down
-1.7260132310930008	1.5803802066758645	-9.035558724541454	2.090753340205869e-6	1.4678208494677453e-4	5.331811613626464	ENSG00000151725	Eto_vs_Mock	Down
-1.3866972220507185	4.208008719259948	-9.005176897550522	2.160526927179944e-6	1.510064286970302e-4	5.298020370146152	ENSG00000259952	Eto_vs_Mock	Down
-2.131455705090386	1.7558342779523837	-8.95106393036083	2.291110184083245e-6	1.5942477325173946e-4	5.237595715059615	ENSG00000105011	Eto_vs_Mock	Down
-1.1953808620240574	2.3919809011237567	-8.91559799300557	2.3813054653143587e-6	1.6426209261382707e-4	5.197826006503152	ENSG00000129534	Eto_vs_Mock	Down
-1.4916360229413637	2.012852311006932	-8.908667800532502	2.399373910322479e-6	1.647709786625821e-4	5.190039325497083	ENSG00000167670	Eto_vs_Mock	Down
-1.524378817968187	3.0298803010427324	-8.903777414815183	2.4122132450680443e-6	1.6493245866060896e-4	5.184541488387533	ENSG00000188290	Eto_vs_Mock	Down
-1.4014985743253976	3.6147872366230667	-8.86693956573959	2.5113464285414644e-6	1.6877535869761994e-4	5.143046386237301	ENSG00000123485	Eto_vs_Mock	Down
-2.0170202037375304	1.495727127839908	-8.830358173034414	2.614157139912578e-6	1.74350995260886e-4	5.101697288934772	ENSG00000165490	Eto_vs_Mock	Down
-1.3684438797906566	2.611509690489951	-8.829548158295443	2.616484476762628e-6	1.74350995260886e-4	5.100780087512873	ENSG00000184445	Eto_vs_Mock	Down
-1.5207251901526562	0.7055579442626345	-8.81499683229575	2.6586767715419823e-6	1.7641498273953253e-4	5.084291275451066	ENSG00000156509	Eto_vs_Mock	Down
-1.014451002238904	3.7880468350937657	-8.801174524923598	2.699436289106979e-6	1.776206488807379e-4	5.068607547603153	ENSG00000178096	Eto_vs_Mock	Down
-1.8084507165405537	2.604394006702253	-8.779451216787788	2.764864201505566e-6	1.8116772680365224e-4	5.043917369312017	ENSG00000094804	Eto_vs_Mock	Down
-1.0596852697306374	2.502473616253827	-8.764415976551254	2.8111501945423444e-6	1.8343629858660958e-4	5.0267989610618615	ENSG00000130844	Eto_vs_Mock	Down
1.1171572845651727	1.6901049144977667	8.725404335132362	2.9351947253863196e-6	1.8871003996652117e-4	4.982268401872077	ENSG00000143217	Eto_vs_Mock	Up
-1.58020261159519	3.804256480388261	-8.723938464078879	2.9399694640593723e-6	1.8871003996652117e-4	4.980591947250711	ENSG00000289754	Eto_vs_Mock	Down
-1.0292114130753847	1.1640762656866297	-8.693614760250236	3.0406465442874762e-6	1.933201270791569e-4	4.945859719700681	ENSG00000233611	Eto_vs_Mock	Down
-1.3116287600771448	2.5672088002845665	-8.68990176913353	3.0532274827062487e-6	1.933201270791569e-4	4.941600060259966	ENSG00000166881	Eto_vs_Mock	Down
-1.1458366433180356	0.8002304324864244	-8.684208110160466	3.0726289092129485e-6	1.933201270791569e-4	4.935065202123071	ENSG00000057593	Eto_vs_Mock	Down
-1.0411502619181245	3.3493250135843318	-8.680437834093771	3.0855495292425525e-6	1.933201270791569e-4	4.930735950680936	ENSG00000153574	Eto_vs_Mock	Down
-1.0473648393439214	5.685803195673098	-8.674981319147935	3.1043528087408284e-6	1.9372639789785027e-4	4.924467718055818	ENSG00000125458	Eto_vs_Mock	Down
1.652432792379137	2.7460375296910184	8.65869881915872	3.161201731504822e-6	1.9540427759028343e-4	4.905743707275943	ENSG00000084710	Eto_vs_Mock	Up
-1.320059935042811	1.6723778357077899	-8.654969398024276	3.1743802186651873e-6	1.9540427759028343e-4	4.901450995747578	ENSG00000161692	Eto_vs_Mock	Down
-1.0296886071339908	3.344846286178116	-8.654658134845999	3.1754827934365977e-6	1.9540427759028343e-4	4.901092650759497	ENSG00000279399	Eto_vs_Mock	Down
-1.5520583862467339	3.95363573898483	-8.64969346736598	3.1931249223425676e-6	1.9540427759028343e-4	4.895375593415879	ENSG00000278970	Eto_vs_Mock	Down
-2.3482110660105997	2.429489971386258	-8.649625373838436	3.1933676294482282e-6	1.9540427759028343e-4	4.895297161649748	ENSG00000112984	Eto_vs_Mock	Down
-1.3582096333081135	3.399740695935108	-8.624692967167059	3.2835875695442105e-6	1.9887305063331256e-4	4.866545286207198	ENSG00000245694	Eto_vs_Mock	Down
-2.1285980890130243	3.374454924837713	-8.623494253535585	3.2879939695193482e-6	1.9887305063331256e-4	4.865161221145516	ENSG00000160200	Eto_vs_Mock	Down
-2.0279965999331826	3.9107912412318275	-8.607246182651872	3.3483546205853554e-6	2.0103670114044893e-4	4.846385221549023	ENSG00000120699	Eto_vs_Mock	Down
-1.1508289193016532	2.6809760980772124	-8.606985345931738	3.349333314180187e-6	2.0103670114044893e-4	4.846083566353044	ENSG00000180318	Eto_vs_Mock	Down
-1.199552258278334	1.83960484353164	-8.602816147895362	3.3650186703038677e-6	2.012102038372571e-4	4.841260912465908	ENSG00000159263	Eto_vs_Mock	Down
1.2497908830240365	3.154029894759264	8.58604386025664	3.428925021864586e-6	2.027303947931514e-4	4.821840498317534	ENSG00000136114	Eto_vs_Mock	Up
-1.4688674094844365	3.3095467115092965	-8.584317492823185	3.4355768604364885e-6	2.027303947931514e-4	4.819839800131276	ENSG00000107249	Eto_vs_Mock	Down
-1.3158282930145364	2.7851973290401033	-8.582801591792048	3.4414292378467325e-6	2.027303947931514e-4	4.8180827417373004	ENSG00000213186	Eto_vs_Mock	Down
1.1985579440757843	3.9605970351242092	8.582651869662426	3.442007847499137e-6	2.027303947931514e-4	4.817909187283026	ENSG00000279208	Eto_vs_Mock	Up
-2.075580838069831	3.2123476626218577	-8.567853646556564	3.499717714379278e-6	2.0536030140421091e-4	4.800743217388736	ENSG00000274276	Eto_vs_Mock	Down
-1.33165694475296	2.741739200914556	-8.54657649703638	3.584531577207008e-6	2.0922346959893734e-4	4.776019247046839	ENSG00000149503	Eto_vs_Mock	Down
1.030908112950585	5.247711576490168	8.524917698412228	3.6731495153312472e-6	2.131511043472295e-4	4.750800269027844	ENSG00000172890	Eto_vs_Mock	Up
-1.6487664602305951	1.6051712324781675	-8.514506523914346	3.716586092156427e-6	2.1487879737224988e-4	4.738659206859752	ENSG00000285077	Eto_vs_Mock	Down
1.13589340602119	0.7920913665149901	8.501632610863425	3.7710654259472594e-6	2.1675040222452215e-4	4.723629524651645	ENSG00000183607	Eto_vs_Mock	Up
-1.6142805111549456	1.633871838203737	-8.46143134829329	3.9468073978188425e-6	2.2569997504763315e-4	4.6765774133395555	ENSG00000146410	Eto_vs_Mock	Down
-1.7785356572312843	3.0061990251393307	-8.451937886998286	3.989585534203845e-6	2.273196453293104e-4	4.66543974430101	ENSG00000133119	Eto_vs_Mock	Down
-1.5901154585413935	2.5151480608337784	-8.397450568038513	4.244985543184603e-6	2.401318081011549e-4	4.601319696052465	ENSG00000276043	Eto_vs_Mock	Down
1.1389417389298235	1.883187826543909	8.354004728138937	4.461268955758083e-6	2.4878693474557307e-4	4.549953002281586	ENSG00000178809	Eto_vs_Mock	Up
-1.7499729155464308	2.9061710411433967	-8.348249514363944	4.490799880398327e-6	2.4954883010298265e-4	4.5431324730599	ENSG00000014138	Eto_vs_Mock	Down
-1.8804888076432507	2.9564228711768443	-8.341772263369789	4.524288064753572e-6	2.505244862898404e-4	4.535451752852709	ENSG00000071539	Eto_vs_Mock	Down
-1.0091485697749505	4.512042506858977	-8.328985120811254	4.591192514319863e-6	2.519492993563764e-4	4.520274757334746	ENSG00000124596	Eto_vs_Mock	Down
1.2015807481674852	5.831650057508791	8.325028160705541	4.612111567981132e-6	2.519492993563764e-4	4.515574489410141	ENSG00000135679	Eto_vs_Mock	Up
-1.2086801151494577	1.3126570212561297	-8.324652306070082	4.614103918010709e-6	2.519492993563764e-4	4.51512793838648	ENSG00000172164	Eto_vs_Mock	Down
-1.1596112252414639	1.8708604422739883	-8.30889054199881	4.698496064625945e-6	2.547881003872676e-4	4.496386962551212	ENSG00000289194	Eto_vs_Mock	Down
-1.2398618319409702	2.0057323434979217	-8.276116263166466	4.879354588323608e-6	2.614875886854793e-4	4.45732696885807	ENSG00000162063	Eto_vs_Mock	Down
-1.5828198576794248	2.6932658283255635	-8.274484913076375	4.88855087584452e-6	2.614875886854793e-4	4.4553795320198715	ENSG00000164758	Eto_vs_Mock	Down
-4.442046365442616	3.282492568202565	-8.264045003454877	4.947847310800788e-6	2.628711040866662e-4	4.442909580651013	ENSG00000274430	Eto_vs_Mock	Down
-1.3809477527254264	3.9938094830667583	-8.238693477834188	5.095091392037795e-6	2.695027004444016e-4	4.412576324070428	ENSG00000127337	Eto_vs_Mock	Down
-1.163655337946187	3.0772242467594744	-8.228651099902569	5.154718970905452e-6	2.709199418088245e-4	4.40054010024405	ENSG00000125885	Eto_vs_Mock	Down
-1.4027544708312931	1.8771104318085292	-8.225362221467181	5.174410202781123e-6	2.709199418088245e-4	4.396595709894323	ENSG00000127586	Eto_vs_Mock	Down
-1.217431845113691	3.0351830680063268	-8.223518771005022	5.185482798197646e-6	2.709199418088245e-4	4.394384292473908	ENSG00000154814	Eto_vs_Mock	Down
-1.3792552091927728	0.8015893108783436	-8.208142428441187	5.278841434989804e-6	2.7397709705164906e-4	4.375923427513846	ENSG00000285920	Eto_vs_Mock	Down
-1.0639399643989935	1.9067734444828333	-8.202879061414963	5.311213367961407e-6	2.7408885356072055e-4	4.369597942194015	ENSG00000000460	Eto_vs_Mock	Down
-1.1316002259250388	0.887044492488088	-8.198990896290045	5.335264653660778e-6	2.7408885356072055e-4	4.364923108739226	ENSG00000186871	Eto_vs_Mock	Down
-1.536497345997211	2.543548825979259	-8.196503801646086	5.350710800148876e-6	2.7408885356072055e-4	4.361931898097253	ENSG00000126215	Eto_vs_Mock	Down
-1.002602283115646	2.217212505612114	-8.189171106417682	5.3965319023918915e-6	2.755385087565418e-4	4.353108749621488	ENSG00000137135	Eto_vs_Mock	Down
-1.479182055866123	5.553167679375206	-8.1440409874119	5.6880242387851475e-6	2.885479650939846e-4	4.298668022965162	ENSG00000117632	Eto_vs_Mock	Down
-1.148916827866855	7.302530231732086	-8.136806461711346	5.7363094770387535e-6	2.89132060371511e-4	4.289918933923759	ENSG00000126457	Eto_vs_Mock	Down
-1.307049092378723	3.668804707082592	-8.132151334822101	5.767612577454293e-6	2.8978107154327865e-4	4.2842860189953536	ENSG00000163918	Eto_vs_Mock	Down
1.025014267194332	1.3621581799444162	8.119104908902976	5.8563276548459435e-6	2.9279099375416914e-4	4.26848577129027	ENSG00000183798	Eto_vs_Mock	Up
-1.3775752826142313	3.487413514115384	-8.117876438433605	5.8647566471170855e-6	2.9279099375416914e-4	4.266996972581313	ENSG00000131470	Eto_vs_Mock	Down
-1.3134764965348378	2.7728306337084017	-8.110530181817067	5.915435719649756e-6	2.9345786160003807e-4	4.258090269533628	ENSG00000136824	Eto_vs_Mock	Down
-2.8925209129602214	5.500730477607061	-8.10400878942338	5.9608199553384755e-6	2.94177534915412e-4	4.250178352596294	ENSG00000100889	Eto_vs_Mock	Down
-1.3308586417877275	1.4847645601367632	-8.103074078352348	5.967355566451509e-6	2.94177534915412e-4	4.249043929703016	ENSG00000123473	Eto_vs_Mock	Down
-1.2616824476518478	2.3520298048414756	-8.091960285945504	6.045659132167961e-6	2.952609798524017e-4	4.2355477028446815	ENSG00000198554	Eto_vs_Mock	Down
-1.5106858744245804	4.4769626097112845	-8.082145825606569	6.115729221726543e-6	2.968393757434309e-4	4.223617299246711	ENSG00000168393	Eto_vs_Mock	Down
-1.3614763635438436	2.2334416390687974	-8.06260308203654	6.257874486819147e-6	3.009719723368951e-4	4.19982755419274	ENSG00000242282	Eto_vs_Mock	Down
1.1609578084923688	1.1258114309526663	8.036070246919552	6.456589260441878e-6	3.0956195948082007e-4	4.167456680370317	ENSG00000162643	Eto_vs_Mock	Up
-1.7944203318248058	1.8710286561199205	-8.03109610237952	6.494593831120454e-6	3.104376370462014e-4	4.161378827237395	ENSG00000167513	Eto_vs_Mock	Down
-1.0462612730646996	2.518582423280904	-8.018418000408825	6.592554357714288e-6	3.1416518130125725e-4	4.145874368254227	ENSG00000110063	Eto_vs_Mock	Down
-1.4022874868740576	2.2823692528174875	-7.996780774367067	6.763436308238981e-6	3.2036686561254886e-4	4.119369565382319	ENSG00000177084	Eto_vs_Mock	Down
1.1611673451864712	5.24205774547419	7.993368840873563	6.790815203686516e-6	3.206977774569794e-4	4.1151850070314895	ENSG00000085871	Eto_vs_Mock	Up
1.18332733409898	2.4968275379272526	7.977419264563968	6.920395170530677e-6	3.2486607299034455e-4	4.095605350051835	ENSG00000260912	Eto_vs_Mock	Up
-1.4461501914244215	5.393101222366658	-7.96804624184688	6.997785692792106e-6	3.275213625144305e-4	4.084084944768594	ENSG00000136527	Eto_vs_Mock	Down
-1.1241682822874637	2.48604498920674	-7.950173869825852	7.147949229453795e-6	3.325699691786698e-4	4.062088975016535	ENSG00000119969	Eto_vs_Mock	Down
-1.1920319972482334	4.03389312808372	-7.940678099552165	7.229141627122027e-6	3.353554018528643e-4	4.050386799371592	ENSG00000132182	Eto_vs_Mock	Down
-1.1926331331068523	1.3083283749806396	-7.930525406957423	7.317051180416417e-6	3.3825639728912423e-4	4.037863148140107	ENSG00000177602	Eto_vs_Mock	Down
-1.2183429957468528	2.4516382289271057	-7.923595666389809	7.377714884278876e-6	3.3825639728912423e-4	4.0293080282114575	ENSG00000120539	Eto_vs_Mock	Down
-1.2105511408813892	1.2716306886083888	-7.905604740823776	7.537752909110697e-6	3.428755474664313e-4	4.007070467924451	ENSG00000136492	Eto_vs_Mock	Down
-1.6769826371079402	2.335379004840636	-7.886719398347882	7.709778233925938e-6	3.4740393268400943e-4	3.9836856054099856	ENSG00000185480	Eto_vs_Mock	Down
1.003339150891391	4.590400327023476	7.881467831271507	7.758362388345353e-6	3.4859430548319715e-4	3.9771752139303826	ENSG00000119812	Eto_vs_Mock	Up
-3.674413037415577	2.9192058582139935	-7.857506141841531	7.984263600156058e-6	3.548920756050523e-4	3.9474276698153092	ENSG00000276150	Eto_vs_Mock	Down
-1.4730379870959203	4.083165697623127	-7.853793629423951	8.019892939528405e-6	3.548920756050523e-4	3.94281253257697	ENSG00000119403	Eto_vs_Mock	Down
1.059870731742687	1.4122504851967357	7.849145530908577	8.064742758520712e-6	3.548920756050523e-4	3.9370319949022674	ENSG00000155428	Eto_vs_Mock	Up
-1.1827158104669255	0.6808137630124265	-7.848621693608991	8.069814210692063e-6	3.548920756050523e-4	3.936380369005053	ENSG00000129173	Eto_vs_Mock	Down
-1.089197927349277	3.5025635889674094	-7.847667165355595	8.079064165497185e-6	3.548920756050523e-4	3.9351929011400424	ENSG00000005156	Eto_vs_Mock	Down
-1.82128688863747	1.6153612571277312	-7.827710645392985	8.2750929643557e-6	3.599722378742794e-4	3.910341047706397	ENSG00000139354	Eto_vs_Mock	Down
-1.6692533120945372	4.90625706960189	-7.826587726402516	8.286274329803457e-6	3.599722378742794e-4	3.908941245167788	ENSG00000166508	Eto_vs_Mock	Down
-1.3466046623799124	3.271929550771814	-7.817137796170884	8.381018256044346e-6	3.6308510494367324e-4	3.897155150215256	ENSG00000162607	Eto_vs_Mock	Down
-1.535160285661737	1.9080278464784164	-7.804433041683836	8.510237357871759e-6	3.649607987328166e-4	3.8812925305343606	ENSG00000109674	Eto_vs_Mock	Down
-2.2480262974776064	1.835062729925225	-7.80375980161442	8.51714441911126e-6	3.649607987328166e-4	3.8804514050769585	ENSG00000104147	Eto_vs_Mock	Down
-1.5457598165134332	5.228879662280964	-7.731027943747095	9.300100101472456e-6	3.929873404647822e-4	3.7892575019746966	ENSG00000196756	Eto_vs_Mock	Down
2.754006169389781	0.688501542347445	7.728312954985997	9.330788222916321e-6	3.929873404647822e-4	3.785840843762755	ENSG00000207181	Eto_vs_Mock	Up
1.03111539781304	3.100788554125627	7.726959124270234	9.346131586788029e-6	3.929873404647822e-4	3.784136787894771	ENSG00000080546	Eto_vs_Mock	Up
-3.3141301022614664	5.009990169776748	-7.7219835659875935	9.402754807472377e-6	3.9431392560616157e-4	3.7778721636884756	ENSG00000092621	Eto_vs_Mock	Down
1.3262699349254041	4.029507607979758	7.708073303514145	9.563025809755552e-6	3.999684677771697e-4	3.760341931954458	ENSG00000149809	Eto_vs_Mock	Up
-1.012712496584931	6.904257728921891	-7.703737466683225	9.61358158488974e-6	4.010164031935704e-4	3.754872894899207	ENSG00000182481	Eto_vs_Mock	Down
-1.1296626991096907	4.747872540112402	-7.689988685027602	9.7758036742656e-6	4.067044671468276e-4	3.7375155027769678	ENSG00000168476	Eto_vs_Mock	Down
1.2721199197643673	2.745690231095494	7.687780930922951	9.802126408217888e-6	4.067235881151306e-4	3.73472611894639	ENSG00000256940	Eto_vs_Mock	Up
-1.384568771774851	6.346020747104733	-7.685286184927813	9.831962741119527e-6	4.0688801596538336e-4	3.731573413893133	ENSG00000167601	Eto_vs_Mock	Down
1.3774403723152608	3.1854664873284784	7.670796613002564	1.0007197040981785e-5	4.1305296762855526e-4	3.7132472418927795	ENSG00000132793	Eto_vs_Mock	Up
-2.2292354904800744	3.735790021373525	-7.657528557371016	1.0170609023751226e-5	4.166343531168453e-4	3.696443323520474	ENSG00000139514	Eto_vs_Mock	Down
-1.0867833247240268	2.644365910241311	-7.656712181612381	1.018075702084473e-5	4.166343531168453e-4	3.695408678697837	ENSG00000077514	Eto_vs_Mock	Down
1.1261517461448776	5.636780898899974	7.6551715139823955	1.0199938061171655e-5	4.166343531168453e-4	3.6934558686018795	ENSG00000256664	Eto_vs_Mock	Up
-1.0871948008944203	5.810461826033196	-7.639359084899325	1.0399063332129139e-5	4.2148368546665685e-4	3.673396519257847	ENSG00000115738	Eto_vs_Mock	Down
-1.062381756991753	2.839026264252186	-7.63224518924938	1.0490009125102684e-5	4.2340385597516747e-4	3.664361879365477	ENSG00000162624	Eto_vs_Mock	Down
-1.102865890858351	1.3709663612447875	-7.621274016530589	1.0631949285979927e-5	4.2761645644838963e-4	3.6504162156760804	ENSG00000085840	Eto_vs_Mock	Down
-1.29856158066654	3.344779702779249	-7.615573949890419	1.0706508816572675e-5	4.2951672869750486e-4	3.6431648644149	ENSG00000151718	Eto_vs_Mock	Down
-1.7101059116529704	4.5808392480158835	-7.611787653474524	1.0756346209905774e-5	4.3016237252259973e-4	3.6383458919691547	ENSG00000163923	Eto_vs_Mock	Down
-1.1348480009154327	0.9121869135816298	-7.610200618967276	1.077730985462955e-5	4.3016237252259973e-4	3.6363254798709415	ENSG00000092853	Eto_vs_Mock	Down
-1.1510901698243656	4.146711971092724	-7.60489277712844	1.0847742827480755e-5	4.3187747773408195e-4	3.6295659335314303	ENSG00000120802	Eto_vs_Mock	Down
-1.12611383884165	2.9459013757597665	-7.593200613237474	1.1004646502332085e-5	4.3567020836414265e-4	3.6146635939262852	ENSG00000156136	Eto_vs_Mock	Down
-1.127300371936657	3.20480227219888	-7.586435343426539	1.1096547254359481e-5	4.3567020836414265e-4	3.6060331021246084	ENSG00000119522	Eto_vs_Mock	Down
-1.0589289662499364	2.5526989829690483	-7.5829709200886954	1.114392805592312e-5	4.3567020836414265e-4	3.601611312938469	ENSG00000065060	Eto_vs_Mock	Down
1.4680917713404038	1.9971512688398534	7.5820287483849365	1.1156851176918265e-5	4.3567020836414265e-4	3.600408521112283	ENSG00000182612	Eto_vs_Mock	Up
-1.0428431547462869	2.881521973770285	-7.555837792179301	1.1522626545548398e-5	4.4741932112418297e-4	3.566928426563522	ENSG00000186153	Eto_vs_Mock	Down
-1.075183296173948	3.573315277685308	-7.532272429951147	1.186277280392522e-5	4.548334171836203e-4	3.536731431252469	ENSG00000047644	Eto_vs_Mock	Down
-2.6637787681581626	5.147837946076588	-7.521049589936692	1.2028548122537148e-5	4.5853427162408685e-4	3.522325886877307	ENSG00000099860	Eto_vs_Mock	Down
1.4670813391942032	3.641912170006231	7.5085225068528585	1.2216536738587364e-5	4.640513448092389e-4	3.5062275734781787	ENSG00000277586	Eto_vs_Mock	Up
-1.203714342533356	2.437747488819053	-7.468317967412887	1.2841525058623002e-5	4.762873185658145e-4	3.454428256925765	ENSG00000151503	Eto_vs_Mock	Down
1.4317260121484296	2.5688404549437576	7.462134453913495	1.2940662200300015e-5	4.765921633768572e-4	3.446443384648391	ENSG00000132517	Eto_vs_Mock	Up
1.302910330537956	2.322273182886291	7.4481784788496235	1.3167449381349818e-5	4.7875099695416956e-4	3.4284040636944857	ENSG00000069812	Eto_vs_Mock	Up
1.0491289455334494	7.074302208589211	7.445412114838169	1.3212908824955113e-5	4.7875099695416956e-4	3.4248253732214016	ENSG00000108679	Eto_vs_Mock	Up
-1.3908668032344877	4.9058350047039205	-7.445155534998395	1.3217133725944495e-5	4.7875099695416956e-4	3.424493401194833	ENSG00000165175	Eto_vs_Mock	Down
-1.0935023468404568	3.8603584279306893	-7.442285188098701	1.3264496652988537e-5	4.7875099695416956e-4	3.420779077856321	ENSG00000049541	Eto_vs_Mock	Down
-1.8276789958107305	2.6797391288515726	-7.441758537659503	1.3273206587864675e-5	4.7875099695416956e-4	3.420097461724647	ENSG00000175643	Eto_vs_Mock	Down
1.003099414231827	1.9189568134547874	7.441754740706271	1.3273269405571532e-5	4.7875099695416956e-4	3.420092547399192	ENSG00000075826	Eto_vs_Mock	Up
1.1548803995285821	4.757350493410994	7.422497846365745	1.3596010419857782e-5	4.8815264808831847e-4	3.3951452350104896	ENSG00000130005	Eto_vs_Mock	Up
-1.2208096269252104	4.747728604180738	-7.417704403969017	1.367765229682425e-5	4.89965284783276e-4	3.388928026111196	ENSG00000075188	Eto_vs_Mock	Down
-1.536800323394401	1.804693504072975	-7.393505128703477	1.4097940989315586e-5	5.01014210265651e-4	3.3574964678432453	ENSG00000120334	Eto_vs_Mock	Down
-1.864976388925689	3.9369209436105486	-7.369826190259959	1.4522660417466315e-5	5.120703088006171e-4	3.326668676334932	ENSG00000128283	Eto_vs_Mock	Down
1.339283723670163	3.962823827452154	7.36433117059807	1.4623175966428236e-5	5.144609960806497e-4	3.3195044560254052	ENSG00000185189	Eto_vs_Mock	Up
-1.4306379993351461	2.7944513065029524	-7.361131909595493	1.4682041487881996e-5	5.153789831215006e-4	3.3153315940733945	ENSG00000149150	Eto_vs_Mock	Down
1.0608536089420069	4.123249709091753	7.327948711764984	1.53078500241293e-5	5.337721717948058e-4	3.2719729553258565	ENSG00000158109	Eto_vs_Mock	Up
-1.22299581571751	4.367908842115636	-7.309269297509443	1.5672692273273193e-5	5.452848643572882e-4	3.2475036058861457	ENSG00000136518	Eto_vs_Mock	Down
-1.0126789255271	4.061919888258709	-7.295693159075781	1.594371886616616e-5	5.522707552628394e-4	3.229691271296063	ENSG00000105135	Eto_vs_Mock	Down
-1.2279052215765485	2.816971386177924	-7.2839609583468885	1.6181992914509665e-5	5.58065834591182e-4	3.2142791669274446	ENSG00000185347	Eto_vs_Mock	Down
-1.4202174632951685	6.56473564953505	-7.278342968982257	1.6297443403915804e-5	5.608174944638511e-4	3.2068927788141517	ENSG00000119986	Eto_vs_Mock	Down
1.1582808851483435	3.978113767216395	7.273704542202072	1.6393430878132023e-5	5.628888515054677e-4	3.200791232341431	ENSG00000126391	Eto_vs_Mock	Up
3.4248367605385472	3.562467134090359	7.2662162001005655	1.654967884108886e-5	5.64851866070271e-4	3.1909349604225588	ENSG00000199334	Eto_vs_Mock	Up
-1.0017430725195307	2.7525602543105876	-7.265802556047742	1.6558356241790342e-5	5.64851866070271e-4	3.1903903051022793	ENSG00000213853	Eto_vs_Mock	Down
-1.1391232308179762	1.7593112118590675	-7.262007429094751	1.6638198778493305e-5	5.663469999796228e-4	3.1853921382921557	ENSG00000080839	Eto_vs_Mock	Down
-1.1492021455847508	3.0710429849784275	-7.231937957604824	1.7285623089540875e-5	5.833341388543343e-4	3.1457250489635156	ENSG00000114405	Eto_vs_Mock	Down
-1.1008038615334295	6.032602643887369	-7.2260205830686965	1.741618884334457e-5	5.8648176820222e-4	3.1379051961926328	ENSG00000077312	Eto_vs_Mock	Down
-1.1418367643451455	1.050132303779842	-7.222011851677626	1.7505242574906555e-5	5.869668331193614e-4	3.132605053879863	ENSG00000143473	Eto_vs_Mock	Down
1.3105164914200151	1.4812902856095378	7.213513496959145	1.769565508335106e-5	5.898059757135157e-4	3.1213620752226303	ENSG00000262903	Eto_vs_Mock	Up
-1.3756462458725442	4.9633148388108514	-7.213500952362317	1.7695937794450137e-5	5.898059757135157e-4	3.1213454723129486	ENSG00000263585	Eto_vs_Mock	Down
-1.2936251448802243	3.483676771880444	-7.206103711848388	1.7863493690617502e-5	5.927576784537663e-4	3.1115515914988583	ENSG00000076003	Eto_vs_Mock	Down
1.033908853081603	6.563924772271634	7.20432219090496	1.7904101314100152e-5	5.927576784537663e-4	3.109191813288665	ENSG00000161513	Eto_vs_Mock	Up
-1.5029039398710915	4.653225737279916	-7.191360269769327	1.8202555086963176e-5	5.98856446229253e-4	3.0920102296083583	ENSG00000198860	Eto_vs_Mock	Down
-1.0607235584856878	3.9243331929386276	-7.169458029301977	1.8719076991610385e-5	6.107390140457779e-4	3.0629282559557707	ENSG00000065268	Eto_vs_Mock	Down
-1.0517230996582814	0.9093918824620041	-7.1543614061846315	1.908425583599906e-5	6.170967059682261e-4	3.0428464844975425	ENSG00000258736	Eto_vs_Mock	Down
-2.3730345707078744	7.061102353846652	-7.151724923472901	1.9148812046808177e-5	6.170967059682261e-4	3.039336345817337	ENSG00000090861	Eto_vs_Mock	Down
-1.001183387463493	3.2818000180505824	-7.122215672942674	1.9887588292063333e-5	6.36969884889996e-4	2.999986644305692	ENSG00000255135	Eto_vs_Mock	Down
1.4352820865645768	4.694253738731343	7.1081273284890045	2.0251039453655993e-5	6.436182317622073e-4	2.9811601047358574	ENSG00000291174	Eto_vs_Mock	Up
1.1156973636181469	2.6197749406552475	7.103078776457167	2.038301259388992e-5	6.462565646199857e-4	2.9744072962171684	ENSG00000136378	Eto_vs_Mock	Up
-1.4103485190856029	3.5423019013080115	-7.097402556879196	2.0532497237647608e-5	6.496862204411393e-4	2.966810946814417	ENSG00000132967	Eto_vs_Mock	Down
-1.4221573772101497	5.854897007569656	-7.078934036948118	2.1027072383938982e-5	6.589362245995241e-4	2.942065715205321	ENSG00000198517	Eto_vs_Mock	Down
-1.0580259116112671	3.7160005866648897	-7.078494252730992	2.103900433669767e-5	6.589362245995241e-4	2.9414759199812126	ENSG00000166037	Eto_vs_Mock	Down
1.0195915204737696	2.4671313197232276	7.0773523340000075	2.1070020126240104e-5	6.589362245995241e-4	2.9399443725290437	ENSG00000163071	Eto_vs_Mock	Up
1.397704545413366	7.084281200180438	7.077123620528144	2.107623813897753e-5	6.589362245995241e-4	2.9396376002133584	ENSG00000115129	Eto_vs_Mock	Up
-1.531911854233769	3.3652403836195983	-7.069914800346971	2.127323690456939e-5	6.625545713001704e-4	2.9299649197468822	ENSG00000188486	Eto_vs_Mock	Down
-1.202818961685952	5.829647078183686	-7.066942806890943	2.1355028675943935e-5	6.636940335136252e-4	2.9259751569995656	ENSG00000131016	Eto_vs_Mock	Down
-1.328224812743895	5.385524875979342	-7.0625210264681115	2.1477345296734586e-5	6.650785490340639e-4	2.920036972488904	ENSG00000293495	Eto_vs_Mock	Down
-1.5470787151397678	5.906977824255017	-7.057057584280636	2.162951649969449e-5	6.657518298234673e-4	2.9126963453982624	ENSG00000115875	Eto_vs_Mock	Down
-1.0783683012696659	2.437628021016531	-7.040805767924221	2.208905518721521e-5	6.771393408852756e-4	2.890837323944898	ENSG00000134222	Eto_vs_Mock	Down
1.1137845346991235	3.160472852109584	7.0364631163833185	2.221361544771157e-5	6.796329115383506e-4	2.884990475123341	ENSG00000167105	Eto_vs_Mock	Up
1.1008406599120768	2.5183316481332927	7.034600213037078	2.226728001896749e-5	6.799519331617141e-4	2.88248154124948	ENSG00000233133	Eto_vs_Mock	Up
-1.4423811001300824	1.3754410813412932	-7.030540661959902	2.238470601479939e-5	6.822129588928977e-4	2.8770126045769766	ENSG00000178752	Eto_vs_Mock	Down
1.902298866818704	8.633613097989777	7.025851777407123	2.2521163903982424e-5	6.850441461393184e-4	2.870693136383035	ENSG00000109971	Eto_vs_Mock	Up
-1.020160206148643	1.785994034811326	-7.0144493689042	2.2856741699645074e-5	6.939094980089159e-4	2.8553133636656147	ENSG00000183814	Eto_vs_Mock	Down
-1.033470152811521	4.426524285207253	-7.009552264320062	2.3002509655769964e-5	6.969893388181858e-4	2.848702785902028	ENSG00000171492	Eto_vs_Mock	Down
1.56285726651451	2.332986971031386	6.996752154404077	2.3388253083238527e-5	7.058904176921287e-4	2.831408994127181	ENSG00000132274	Eto_vs_Mock	Up
-1.8172488957241137	2.696072277917819	-6.986674527272371	2.369683623343734e-5	7.071279821765381e-4	2.8177781906296486	ENSG00000121621	Eto_vs_Mock	Down
-1.741898874873644	1.7317923704177476	-6.9653002647325994	2.4365887470536005e-5	7.161643738171806e-4	2.7888232024308826	ENSG00000161888	Eto_vs_Mock	Down
1.2529551302444215	1.4936297864872954	6.963247719483301	2.443119440515795e-5	7.161643738171806e-4	2.786039497403608	ENSG00000173805	Eto_vs_Mock	Up
1.5776772347803	4.326539512011669	6.940087658773506	2.5181248514481212e-5	7.306004039398888e-4	2.754590521062224	ENSG00000125657	Eto_vs_Mock	Up
-1.1317243996968362	3.699808842752545	-6.9384912416558056	2.523385207558043e-5	7.306004039398888e-4	2.752420121780088	ENSG00000184922	Eto_vs_Mock	Down
-1.5823438027020704	3.590473660743799	-6.937298908274505	2.5273217585101077e-5	7.306004039398888e-4	2.7507988707154807	ENSG00000077684	Eto_vs_Mock	Down
-1.4208284671873364	2.4153917558249534	-6.919602227921022	2.586529459935009e-5	7.436153982986829e-4	2.726713898758395	ENSG00000121775	Eto_vs_Mock	Down
-1.0509789815449202	3.820144223043449	-6.914755536022157	2.6030033933416007e-5	7.450972736345357e-4	2.7201103237979707	ENSG00000130810	Eto_vs_Mock	Down
-1.3418758136908595	4.999192214284113	-6.914130884595887	2.6051347628948663e-5	7.450972736345357e-4	2.71925901370765	ENSG00000182628	Eto_vs_Mock	Down
-1.1300207472432362	4.181180000711643	-6.913907367441221	2.605897879301759e-5	7.450972736345357e-4	2.718954379308779	ENSG00000070814	Eto_vs_Mock	Down
-1.4955395417514443	1.861521357298699	-6.882751203906314	2.714652395599468e-5	7.683063451263556e-4	2.6764259372549573	ENSG00000127528	Eto_vs_Mock	Down
-1.0778760055442573	1.8960733851308267	-6.882266416316132	2.7163826013624173e-5	7.683063451263556e-4	2.675763172226696	ENSG00000178966	Eto_vs_Mock	Down
-1.2384938231281568	3.7144626001339893	-6.857966266839797	2.8046438516036565e-5	7.887292409194479e-4	2.642501501855139	ENSG00000123066	Eto_vs_Mock	Down
-1.3005173889805606	1.5336243639631475	-6.852157008826619	2.8261962282352616e-5	7.908320620147282e-4	2.634538152951481	ENSG00000171790	Eto_vs_Mock	Down
-2.144636815850946	7.185662550613026	-6.849198728212536	2.837239667225104e-5	7.925120960352041e-4	2.6304811922060187	ENSG00000105281	Eto_vs_Mock	Down
1.3326445292755036	5.839136732508202	6.824235056211282	2.9322948217829723e-5	8.147220559604067e-4	2.5961994039644347	ENSG00000187837	Eto_vs_Mock	Up
1.116135693942982	1.135151664781266	6.814929208922076	2.9685981124120445e-5	8.20459998520067e-4	2.583398544933087	ENSG00000227693	Eto_vs_Mock	Up
-1.3277098455179634	2.088883247501258	-6.80995954640648	2.9881825679540223e-5	8.244238432218412e-4	2.5765576420998064	ENSG00000127129	Eto_vs_Mock	Down
-1.0049044585094338	4.247536411990712	-6.796515348311247	3.0418611875268144e-5	8.348395992154744e-4	2.5580345836850507	ENSG00000109534	Eto_vs_Mock	Down
1.2785781111536272	1.6043023426178917	6.790728538561441	3.0652836544208e-5	8.383417521638522e-4	2.550054167481398	ENSG00000129521	Eto_vs_Mock	Up
-1.4529550584316633	2.4022091879929626	-6.763340116415611	3.178793892547548e-5	8.589297724089819e-4	2.5122222657092967	ENSG00000140025	Eto_vs_Mock	Down
-1.1686342620052566	4.3929000475144875	-6.752665388753217	3.2242482357525274e-5	8.682282149904836e-4	2.4974496893677385	ENSG00000127191	Eto_vs_Mock	Down
-1.262916276574967	1.8282805078542699	-6.748951047842719	3.2402273676842635e-5	8.689518241641364e-4	2.492305857935201	ENSG00000123080	Eto_vs_Mock	Down
-1.0227004195434692	4.282988281025164	-6.724677310190222	3.346766173424688e-5	8.871306638958285e-4	2.458644166655934	ENSG00000140443	Eto_vs_Mock	Down
-1.2964879788953938	2.407341971569531	-6.722501610898228	3.356497170405812e-5	8.871306638958285e-4	2.4556231054899547	ENSG00000144847	Eto_vs_Mock	Down
1.3163414962744397	2.5670808231011306	6.718712920804888	3.3735148646333274e-5	8.889665265252909e-4	2.4503607967251595	ENSG00000137491	Eto_vs_Mock	Up
1.917576366720514	3.015862651071519	6.711325410825798	3.4069639651128514e-5	8.938465588249805e-4	2.4400942938662267	ENSG00000161544	Eto_vs_Mock	Up
-1.2989091867751892	5.742192882528459	-6.704982655393906	3.435966304219272e-5	8.961948005143111e-4	2.431273781808307	ENSG00000167635	Eto_vs_Mock	Down
-1.7497455301925626	5.720447795390152	-6.704678872957195	3.4373619774663026e-5	8.961948005143111e-4	2.430851191503531	ENSG00000184897	Eto_vs_Mock	Down
-1.0573221907914334	3.7969078546951742	-6.704095857563486	3.440042238162601e-5	8.961948005143111e-4	2.4300401264165847	ENSG00000079819	Eto_vs_Mock	Down
-1.2134646050064903	4.61193467420279	-6.701248398130213	3.453164911365743e-5	8.961948005143111e-4	2.426078203473865	ENSG00000184220	Eto_vs_Mock	Down
1.3439713420825594	1.4184374804400715	6.7011804673758775	3.4534786284603363e-5	8.961948005143111e-4	2.4259836719244605	ENSG00000290697	Eto_vs_Mock	Up
-1.0797051379700635	3.670693467888964	-6.679131076122303	3.5569391470391345e-5	9.139938729793698e-4	2.395266850564494	ENSG00000164167	Eto_vs_Mock	Down
-1.2721494796414143	4.695521493507242	-6.661852521005649	3.640334407870443e-5	9.278427698244827e-4	2.3711499622453784	ENSG00000123136	Eto_vs_Mock	Down
-1.524598874862976	7.501490031318031	-6.654343641661957	3.677227066450445e-5	9.31901252827127e-4	2.360656602019783	ENSG00000120129	Eto_vs_Mock	Down
-1.6367971212192303	3.8592776260781756	-6.653790397113284	3.679961070874004e-5	9.31901252827127e-4	2.3598831604107113	ENSG00000008405	Eto_vs_Mock	Down
-1.180201870173585	5.041233507924641	-6.638697345496508	3.755393904869893e-5	9.44917192767743e-4	2.338766793914222	ENSG00000273175	Eto_vs_Mock	Down
2.0770907269821297	6.287398972840926	6.618303434104668	3.8599622517970347e-5	9.604709868949393e-4	2.3101846460227824	ENSG00000214548	Eto_vs_Mock	Up
-1.117162033905975	1.858142932101747	-6.573303442894183	4.101895032423811e-5	0.0010016521937872183	2.2469154399707234	ENSG00000213707	Eto_vs_Mock	Down
-1.014142136919122	5.935275823753324	-6.571847976994681	4.109986280549216e-5	0.001002072003843674	2.244864441506224	ENSG00000134809	Eto_vs_Mock	Down
-1.092547713902266	3.127301373018554	-6.549724880175663	4.235100768505871e-5	0.001021490716035634	2.2136533948657133	ENSG00000183098	Eto_vs_Mock	Down
1.0525526786963582	1.489105495805974	6.530590267090857	4.346605636173232e-5	0.001040406700676716	2.186604159630442	ENSG00000197582	Eto_vs_Mock	Up
-1.464497372749145	5.334985189399884	-6.519359080722963	4.4135149276529096e-5	0.0010516202386707523	2.1707039408287363	ENSG00000257453	Eto_vs_Mock	Down
1.0488298760971975	4.180131892811225	6.514822430510232	4.4408537657867134e-5	0.0010548425144442032	2.1642763811010512	ENSG00000288859	Eto_vs_Mock	Up
-2.7024622013398303	2.5554159717068465	-6.512993779911904	4.451924833397809e-5	0.0010548425144442032	2.161684732497979	ENSG00000111981	Eto_vs_Mock	Down
-1.19078486209639	2.7293426936998535	-6.512673166892861	4.4538689405503685e-5	0.0010548425144442032	2.161230297292666	ENSG00000179242	Eto_vs_Mock	Down
1.0457631847161402	4.181547124416027	6.510654401802644	4.466131063320957e-5	0.001055687747495531	2.1583685844572598	ENSG00000288825	Eto_vs_Mock	Up
-1.1147494049054143	3.2907095528842882	-6.509876819499986	4.470863791377487e-5	0.001055687747495531	2.1572661678686744	ENSG00000025770	Eto_vs_Mock	Down
1.124323687010754	3.011958390085455	6.502703578446372	4.514777578517806e-5	0.0010612764155421678	2.1470923759633544	ENSG00000005469	Eto_vs_Mock	Up
1.1577113685987666	0.8881065995953028	6.461592863614754	4.7755249269861364e-5	0.0011066099785861645	2.088647990255496	ENSG00000185924	Eto_vs_Mock	Up
-2.3706008536358603	3.623111400802881	-6.449775178075077	4.853428449984434e-5	0.0011174965710754787	2.071804289837517	ENSG00000088002	Eto_vs_Mock	Down
1.077566684015924	3.5157653590708358	6.438842059867142	4.9267128757592026e-5	0.0011237597030125965	2.0562041242159994	ENSG00000172936	Eto_vs_Mock	Up
1.3013377439615468	8.448536312534873	6.432130836103694	4.972283957139319e-5	0.0011250955037406176	2.0466198529483117	ENSG00000080824	Eto_vs_Mock	Up
-1.6740471722443195	1.9222206135184718	-6.418619906470657	5.0654008848845024e-5	0.0011445185964898518	2.0273059916875455	ENSG00000128564	Eto_vs_Mock	Down
-1.227075230405183	4.182247871248924	-6.417468135463369	5.073424730316048e-5	0.0011446869054368748	2.025658363750778	ENSG00000104980	Eto_vs_Mock	Down
-1.3073277485839085	5.568979421733488	-6.413637711469566	5.100207463974025e-5	0.0011472174995200196	2.020177552006225	ENSG00000104419	Eto_vs_Mock	Down
1.0780230760486496	2.947084426412339	6.405349011917822	5.1586822300056243e-5	0.0011572815513419179	2.0083105808079216	ENSG00000145040	Eto_vs_Mock	Up
-1.1369979779988126	5.190571562146949	-6.401473993532845	5.1862652492896796e-5	0.0011592841097884774	2.0027594227774257	ENSG00000229656	Eto_vs_Mock	Down
-1.2251456305772743	4.706499653763342	-6.4009896299933855	5.189724108426097e-5	0.0011592841097884774	2.002065400958929	ENSG00000112531	Eto_vs_Mock	Down
-1.3954506703696508	5.928800890037403	-6.380903063574162	5.33535908524352e-5	0.0011784249575075784	1.9732555640973723	ENSG00000134684	Eto_vs_Mock	Down
-1.1070892782129365	2.9108754982809475	-6.371630229872951	5.404060145143843e-5	0.0011843434786600827	1.9599367428413652	ENSG00000106462	Eto_vs_Mock	Down
-1.1571019083191096	4.12774276033392	-6.3681703963762635	5.42993544521124e-5	0.0011843434786600827	1.9549642227733424	ENSG00000153015	Eto_vs_Mock	Down
3.6150128131814743	3.439312856916023	6.356737561697246	5.51638583182235e-5	0.0011982138617574348	1.9385209329274362	ENSG00000200381	Eto_vs_Mock	Up
3.6454436985630876	3.437600807335116	6.311580075654983	5.8725151680515435e-5	0.0012564785514663753	1.8733948447721316	ENSG00000199270	Eto_vs_Mock	Up
-1.4856616316600864	3.4655732429341786	-6.309534300851675	5.8892204462491694e-5	0.0012566333885714305	1.8704376854886524	ENSG00000134954	Eto_vs_Mock	Down
-2.418137930769296	3.08481324721423	-6.300091587146326	5.966988552643643e-5	0.0012640359069658752	1.8567806953995722	ENSG00000115902	Eto_vs_Mock	Down
3.774050011642884	3.4681158339091427	6.299732240816459	5.969969655605664e-5	0.0012640359069658752	1.8562607267161786	ENSG00000199910	Eto_vs_Mock	Up
-1.4804737067967233	4.4486833307158005	-6.2994707891997725	5.972139634208605e-5	0.0012640359069658752	1.855882398842776	ENSG00000258315	Eto_vs_Mock	Down
-1.2409497317764338	2.0581510733439408	-6.290609976961836	6.0461829403129086e-5	0.0012729655977487342	1.8430548980679555	ENSG00000140543	Eto_vs_Mock	Down
-3.383739834997698	6.009887299572753	-6.28790367011335	6.0689927722184747e-5	0.0012759489349720285	1.8391348777346765	ENSG00000070669	Eto_vs_Mock	Down
-1.3206556850455469	6.196770069530545	-6.283123275442663	6.109508949148063e-5	0.0012810418364573657	1.8322080858102359	ENSG00000196305	Eto_vs_Mock	Down
-1.6213641019836267	1.7743821773572075	-6.260670050255018	6.303718313780332e-5	0.001313010254337874	1.7996305337558196	ENSG00000285588	Eto_vs_Mock	Down
-1.112955308354254	4.558660495759838	-6.2548266727865895	6.355335787739454e-5	0.0013193650513643365	1.791140745637425	ENSG00000184557	Eto_vs_Mock	Down
1.2750127142498136	2.3908406493558125	6.253339026415332	6.36854894384613e-5	0.0013193650513643365	1.7889785934850169	ENSG00000255150	Eto_vs_Mock	Up
3.510114856874617	3.4209415039855173	6.253109465417723	6.370590500315098e-5	0.0013193650513643365	1.7886449208178563	ENSG00000200343	Eto_vs_Mock	Up
-1.056252593485367	1.1142049053456151	-6.252481809648988	6.376176008119647e-5	0.0013193650513643365	1.7877325696823574	ENSG00000056487	Eto_vs_Mock	Down
-1.081192235124127	2.1232357172611107	-6.240370896569288	6.484982350111088e-5	0.0013331089207561696	1.7701175031823544	ENSG00000234171	Eto_vs_Mock	Down
-1.1580864045819412	5.191320923564431	-6.234290585039403	6.540355633470789e-5	0.001339240009009917	1.7612660570576422	ENSG00000111371	Eto_vs_Mock	Down
-1.162423966095671	3.6257851323422607	-6.224517248927834	6.63042293706173e-5	0.0013559171795608943	1.7470275922692595	ENSG00000185842	Eto_vs_Mock	Down
-1.2016597937087075	0.7663078063789666	-6.204963850747806	6.814623268400299e-5	0.0013792376514654195	1.7185005789923045	ENSG00000085999	Eto_vs_Mock	Down
3.510114856874617	3.402132045217076	6.198148393838227	6.880106418731652e-5	0.0013889159632987673	1.7085446803938664	ENSG00000202521	Eto_vs_Mock	Up
-1.1545959164820627	1.5422061573872945	-6.185678861420584	7.00166106629397e-5	0.0014013630088833432	1.6903124934577596	ENSG00000263412	Eto_vs_Mock	Down
1.5163277163013502	3.7541935775891773	6.1850617063564455	7.007736469305837e-5	0.0014013630088833432	1.6894095588130265	ENSG00000124098	Eto_vs_Mock	Up
-1.980782178946837	3.4443338463603705	-6.183080896037699	7.0272740614921e-5	0.001402422739733817	1.686511153064969	ENSG00000228716	Eto_vs_Mock	Down
-1.8938169364731974	4.169203923030815	-6.179788726595371	7.059875027048112e-5	0.0014071431517789432	1.681692689084712	ENSG00000157514	Eto_vs_Mock	Down
3.469362736613734	3.4247525177102442	6.1688177418435215	7.169687771695092e-5	0.001420609921181067	1.6656243894155969	ENSG00000199352	Eto_vs_Mock	Up
1.1844173988430837	3.8038633576988774	6.168528484133886	7.172607639690749e-5	0.001420609921181067	1.665200508049776	ENSG00000090238	Eto_vs_Mock	Up
-1.3501071265295073	2.3168358704802574	-6.165096065902469	7.207352812715691e-5	0.0014242286476153527	1.6601697055687934	ENSG00000070950	Eto_vs_Mock	Down
-1.1420393208199644	3.391626429928345	-6.1617403975776535	7.241494956810267e-5	0.0014288550776762642	1.655249788685441	ENSG00000169967	Eto_vs_Mock	Down
-1.0327464900346235	2.484731527638072	-6.159904377584057	7.260248584185731e-5	0.0014289695774080701	1.6525572343234147	ENSG00000118007	Eto_vs_Mock	Down
2.0798098841377133	5.669494573875223	6.153778475084691	7.323196575609897e-5	0.0014368437955689273	1.643570057734343	ENSG00000204389	Eto_vs_Mock	Up
-1.0743614095050154	6.5826911471966465	-6.147083175975319	7.392662975681515e-5	0.0014441307906013076	1.6337414814621125	ENSG00000089248	Eto_vs_Mock	Down
-1.3345307113998133	2.8012461410301825	-6.1454256803576675	7.409968634294878e-5	0.0014441307906013076	1.6313073322557896	ENSG00000151014	Eto_vs_Mock	Down
-1.2958970982639109	3.7767952213588973	-6.144278336164116	7.421973223011758e-5	0.0014441307906013076	1.629622149485157	ENSG00000111196	Eto_vs_Mock	Down
3.483334022270151	3.4044448553920628	6.143597192152841	7.429109815569489e-5	0.0014441307906013076	1.628621618937875	ENSG00000201355	Eto_vs_Mock	Up
3.483334022270151	3.4006250642575635	6.142266931218182	7.443068587472488e-5	0.0014450579827974363	1.626667413662898	ENSG00000202526	Eto_vs_Mock	Up
2.897264607020751	2.267791269082734	6.122393577990158	7.65497421031649e-5	0.0014764587800113423	1.597442957030336	ENSG00000128510	Eto_vs_Mock	Up
1.9492202097837132	2.4723650808058766	6.1214885652431485	7.664776324549205e-5	0.0014764587800113423	1.5961107774256869	ENSG00000276851	Eto_vs_Mock	Up
-1.09934871793972	3.3924199975692617	-6.119229492520779	7.689302688727517e-5	0.0014764587800113423	1.5927849157364813	ENSG00000166965	Eto_vs_Mock	Down
-1.007756308972517	4.22658772937568	-6.10722203602462	7.82108005533197e-5	0.0014908400600018251	1.5750951525109356	ENSG00000109881	Eto_vs_Mock	Down
-1.332453612008981	3.9691627246729224	-6.10366053256694	7.860628453433605e-5	0.0014947550551232995	1.5698443176499728	ENSG00000111845	Eto_vs_Mock	Down
1.7097501021613175	2.1047146320662318	6.100898172815596	7.891449881805903e-5	0.0014988036333487879	1.5657704511606516	ENSG00000269888	Eto_vs_Mock	Up
-1.0353592470744435	2.265773284889706	-6.092730194387821	7.983342665355407e-5	0.0015093882953819595	1.5537181912660651	ENSG00000184154	Eto_vs_Mock	Down
3.424836760538547	3.3880623478632734	6.092533282164059	7.98557205747037e-5	0.0015093882953819595	1.5534275210595316	ENSG00000200370	Eto_vs_Mock	Up
3.424836760538547	3.3880623478632734	6.092533282164059	7.98557205747037e-5	0.0015093882953819595	1.5534275210595316	ENSG00000201925	Eto_vs_Mock	Up
-1.067084439948614	5.238907362831251	-6.081496555347381	8.111596276038605e-5	0.0015294391906664037	1.5371269929553089	ENSG00000103121	Eto_vs_Mock	Down
-1.0750722789224394	5.680238547872055	-6.080235246583629	8.126133337224746e-5	0.0015294391906664037	1.5352630253449506	ENSG00000136628	Eto_vs_Mock	Down
-1.054468234986528	5.319281576579432	-6.071535329135167	8.227163966254977e-5	0.0015402426253967355	1.52240012124357	ENSG00000141510	Eto_vs_Mock	Down
1.4518526733905002	2.2616315596844108	6.065993014469356	8.292224633866572e-5	0.0015458471585252731	1.5142001777321576	ENSG00000261786	Eto_vs_Mock	Up
3.424836760538547	3.382449072828981	6.064492256013255	8.309936240982383e-5	0.0015458471585252731	1.5119790337836152	ENSG00000199337	Eto_vs_Mock	Up
-1.030187514739854	2.8383815548700007	-6.0639724982406396	8.316079715836075e-5	0.0015458471585252731	1.511209710559803	ENSG00000244491	Eto_vs_Mock	Down
3.424836760538547	3.3857246173368583	6.055036214557086	8.422467382705549e-5	0.0015604024051653234	1.4979766265777146	ENSG00000201588	Eto_vs_Mock	Up
1.4088890577108426	6.018932302122391	6.052609675800111	8.451605833017548e-5	0.0015626123573744659	1.4943813929223735	ENSG00000175793	Eto_vs_Mock	Up
-1.1696765565484672	3.1022248377419324	-6.052229489757434	8.456180940005064e-5	0.0015626123573744659	1.4938180221881288	ENSG00000221829	Eto_vs_Mock	Down
-1.2020354585777735	2.3990214996751957	-6.0433334475964715	8.563992932108672e-5	0.0015751737175478478	1.4806297666687493	ENSG00000230176	Eto_vs_Mock	Down
1.1970766328715805	2.5855316982112893	6.035904665447815	8.655147398311612e-5	0.0015826842789052142	1.4696081167421235	ENSG00000228526	Eto_vs_Mock	Up
-1.0201920935975997	6.370161189831296	-6.022159599952753	8.826547641873928e-5	0.0016065542617605254	1.4491947530440177	ENSG00000096746	Eto_vs_Mock	Down
3.424836760538547	3.3933845696420777	6.012440167567041	8.94993324830162e-5	0.0016215051873593464	1.434743864379672	ENSG00000202257	Eto_vs_Mock	Up
-1.8533202339939887	8.266632670109441	-6.010241291855695	8.97810193087032e-5	0.0016228693214352487	1.431472710334643	ENSG00000103257	Eto_vs_Mock	Down
3.654698352342141	3.4547177806468468	6.007315320592626	9.015731877047338e-5	0.0016278002238627606	1.4271188307942646	ENSG00000199396	Eto_vs_Mock	Up
1.025834466460294	3.943069170014036	5.993440531248203	9.196476688498367e-5	0.0016528433417522894	1.406456454537797	ENSG00000174684	Eto_vs_Mock	Up
1.1985358534752504	2.0825324212270058	5.992277588842519	9.211800827244947e-5	0.0016537075320691103	1.4047233572383009	ENSG00000278224	Eto_vs_Mock	Up
-1.1727710697066323	0.6349218858109594	-5.990132931639963	9.240132567073322e-5	0.0016550150882664585	1.4015267374508982	ENSG00000124575	Eto_vs_Mock	Down
1.1464438444706921	5.601368813862708	5.980105992935266	9.373831368167931e-5	0.0016752043621253208	1.3865728896830225	ENSG00000257181	Eto_vs_Mock	Up
3.424836760538547	3.4114405415305784	5.969817094121201	9.513171291581431e-5	0.0016874922798313535	1.371213532516017	ENSG00000200624	Eto_vs_Mock	Up
1.2262058653394101	3.3253268475670144	5.9659789009583415	9.565715502875093e-5	0.0016883326823593009	1.3654799965156768	ENSG00000151640	Eto_vs_Mock	Up
-1.8879508764361006	5.878851030358941	-5.964207492392395	9.590070134609469e-5	0.0016896159209861753	1.3628331412251287	ENSG00000275719	Eto_vs_Mock	Down
-1.1320104322286517	1.1578873037352606	-5.953027584241355	9.745314150047531e-5	0.0017066237229804843	1.3461177387403227	ENSG00000285542	Eto_vs_Mock	Down
1.0942930723106072	2.356823981975829	5.949683541834737	9.792268703126642e-5	0.0017129390169674035	1.3411145163009257	ENSG00000240053	Eto_vs_Mock	Up
-1.3301999846169505	3.911594546945596	-5.947724283629748	9.819891223529067e-5	0.0017158623264579788	1.3381824147350168	ENSG00000258048	Eto_vs_Mock	Down
1.491534321824633	2.4279631250801925	5.943945382441495	9.873402946845313e-5	0.0017213873031273767	1.3325256109769912	ENSG00000079385	Eto_vs_Mock	Up
2.1288373379917696	5.318828270622677	5.9273713711064335	1.0111802799629767e-4	0.0017502698392837138	1.307691282383879	ENSG00000204388	Eto_vs_Mock	Up
-1.2463203710943214	4.2970560745759245	-5.923485774787494	1.0168576766526164e-4	0.001756841219364856	1.301863496851582	ENSG00000145216	Eto_vs_Mock	Down
-1.1624136610675304	2.043764171174469	-5.920339958772117	1.0214790559503777e-4	0.0017587772638505991	1.2971436940705479	ENSG00000101945	Eto_vs_Mock	Down
-1.156309360985361	5.564906978470702	-5.884797133998486	1.0752780077018012e-4	0.001816307405920357	1.2437195251565631	ENSG00000196365	Eto_vs_Mock	Down
-1.0865121784031373	1.5647592217012767	-5.862453019775651	1.1106396999662919e-4	0.0018600553697199046	1.210042267442863	ENSG00000144642	Eto_vs_Mock	Down
-1.095255840171247	4.582529740537445	-5.856960630096084	1.1195204192033437e-4	0.001870745414581785	1.2017532099131651	ENSG00000140262	Eto_vs_Mock	Down
1.2356491750267495	3.4038318416499327	5.855569912332287	1.1217810797091588e-4	0.001870745414581785	1.199653671992876	ENSG00000145284	Eto_vs_Mock	Up
1.0576965956224877	3.9854622400293542	5.840409505870365	1.1467429509995093e-4	0.0018982820681492931	1.1767484634550547	ENSG00000164543	Eto_vs_Mock	Up
-1.0624414631176662	3.6455705012143556	-5.833646319988655	1.1580690291051066e-4	0.0019099940347080814	1.1665197032963386	ENSG00000131759	Eto_vs_Mock	Down
-1.0268770825353464	3.5542462738629377	-5.829383319356834	1.1652693504230686e-4	0.0019148407319491305	1.1600689211983886	ENSG00000123268	Eto_vs_Mock	Down
-1.0052033826185482	5.217648061575205	-5.825343967448998	1.172135960972601e-4	0.0019221074162935475	1.1539541776729498	ENSG00000146648	Eto_vs_Mock	Down
-1.2672730385669264	3.655404251893856	-5.819282963995254	1.1825202569605805e-4	0.0019351002664892913	1.1447747138227529	ENSG00000113734	Eto_vs_Mock	Down
-1.7575818558432186	6.56503922539033	-5.800361227522818	1.2155744593665059e-4	0.0019727682092876855	1.1160838575649121	ENSG00000187840	Eto_vs_Mock	Down
-1.221338429805623	4.183510843284775	-5.799589405616694	1.216943476573696e-4	0.0019729539291338085	1.1149124687984804	ENSG00000049759	Eto_vs_Mock	Down
-1.039441956504546	1.4288429471330668	-5.78631997790462	1.240738804539808e-4	0.0019978801030077434	1.0947602825376785	ENSG00000278023	Eto_vs_Mock	Down
-1.3558284332292068	1.816638132753151	-5.778453722045002	1.2550785715010918e-4	0.0020140168995332825	1.0828020153818647	ENSG00000213390	Eto_vs_Mock	Down
-1.057377013600827	5.369903288040295	-5.77183978738095	1.2672720727451958e-4	0.0020273774787376345	1.0727407038424852	ENSG00000160679	Eto_vs_Mock	Down
-1.0243917890467937	6.703813256951505	-5.770351092766037	1.270034003849781e-4	0.0020276705324407773	1.0704751988055259	ENSG00000214063	Eto_vs_Mock	Down
1.0976058731558953	1.6414842032952446	5.756055947666807	1.296884151413776e-4	0.0020529906285168377	1.048704684602618	ENSG00000088340	Eto_vs_Mock	Up
-1.029035557241622	5.5532510471189545	-5.736439906860273	1.334716773958871e-4	0.0020843849043969418	1.0187834343587943	ENSG00000130826	Eto_vs_Mock	Down
1.6140659274575002	5.550037946455434	5.729067161207736	1.349238708845374e-4	0.002092901158956567	1.007523272312869	ENSG00000290032	Eto_vs_Mock	Up
-1.1469553802825336	1.6995617406973733	-5.7201664776894265	1.366994722938345e-4	0.0021034597860008233	0.9939192213320309	ENSG00000285257	Eto_vs_Mock	Down
1.0949506117617873	3.0895302401425675	5.690182413816655	1.4286642284135393e-4	0.0021762133624915786	0.9480076981977819	ENSG00000272157	Eto_vs_Mock	Up
-2.2247162093529127	6.997069889083042	-5.67477910542262	1.4614904849120445e-4	0.0022163355222494514	0.9243723947482705	ENSG00000189060	Eto_vs_Mock	Down
-1.0146125870609577	2.9184793484853815	-5.669089141795295	1.4738187420501754e-4	0.002232877990123416	0.9156329939909957	ENSG00000154678	Eto_vs_Mock	Down
1.1173337321286478	2.873915740270183	5.661884063433183	1.4895888007190834e-4	0.002250266424602143	0.9045598623088642	ENSG00000262580	Eto_vs_Mock	Up
-1.4774224541363068	2.6177302188931577	-5.657939437958496	1.498298564750083e-4	0.0022583886915750824	0.8984944287221088	ENSG00000136010	Eto_vs_Mock	Down
1.03476977761959	1.8091627972384916	5.655287152332658	1.5041852969180638e-4	0.0022590767932546265	0.8944149090510214	ENSG00000260280	Eto_vs_Mock	Up
-1.4151999954213728	4.388835626824183	-5.65368407387948	1.5077552515661843e-4	0.002260339283711136	0.8919487046515497	ENSG00000132661	Eto_vs_Mock	Down
-1.6807041800823965	3.6610434768196134	-5.652233634127323	1.5109930604547978e-4	0.0022630358922583	0.8897170069673868	ENSG00000213185	Eto_vs_Mock	Down
-1.0666202407401604	2.1277413975714374	-5.6421791984011005	1.5336419663566485e-4	0.0022925906428635603	0.8742386614283051	ENSG00000100311	Eto_vs_Mock	Down
-1.5155704316972982	3.8418878128620815	-5.626875379616292	1.5688119479319356e-4	0.002334071588758526	0.8506514995961227	ENSG00000164610	Eto_vs_Mock	Down
-1.2831841900368177	7.395930497847457	-5.616900154841689	1.5921974922406963e-4	0.002353279864941465	0.8352591349946303	ENSG00000088826	Eto_vs_Mock	Down
-1.6012890664905464	3.564070036707931	-5.611175098343103	1.605786382362334e-4	0.0023622634844742813	0.8264186348525921	ENSG00000138621	Eto_vs_Mock	Down
-1.0070384178124905	3.7158275947144643	-5.607723338862423	1.614038996817405e-4	0.0023721847910234124	0.8210862531117362	ENSG00000142409	Eto_vs_Mock	Down
1.101022427437103	11.657173885052934	5.598379293392163	1.6366063611178013e-4	0.002395382793716722	0.8066427823843867	ENSG00000085662	Eto_vs_Mock	Up
-12.016576974783437	7.9555958713326	-5.587753548196215	1.6626777763011265e-4	0.0024276152607182982	0.790203038005	ENSG00000229344	Eto_vs_Mock	Down
-1.322643363741462	4.3996638856095105	-5.585683482969838	1.6678081281282364e-4	0.0024299489567661727	0.7869984429456363	ENSG00000172183	Eto_vs_Mock	Down
-1.1625324955618597	4.393529268806929	-5.580349307266926	1.681105850672139e-4	0.0024433521818549037	0.7787379839022721	ENSG00000083896	Eto_vs_Mock	Down
-1.3162208985856463	3.7059990297776517	-5.576523082567933	1.6907137921326362e-4	0.0024537475845521407	0.7728102318431134	ENSG00000134278	Eto_vs_Mock	Down
1.0326958422435504	1.7209442952886707	5.572116198394684	1.7018522344671282e-4	0.002457605898919197	0.7659803165993821	ENSG00000205413	Eto_vs_Mock	Up
1.0252602381788976	1.7834858944103755	5.557321885103649	1.7398193449597165e-4	0.0024918396192018673	0.743031465842642	ENSG00000270069	Eto_vs_Mock	Up
-1.0489985412186535	4.4560865332785315	-5.5495800312215975	1.760045600690021e-4	0.002505396885745489	0.7310099438098137	ENSG00000158195	Eto_vs_Mock	Down
1.0410125023545236	4.583309583995644	5.540379376420036	1.7844087467564756e-4	0.002530352745851428	0.7167121212936358	ENSG00000173530	Eto_vs_Mock	Up
-1.0210226919297902	2.993446595692877	-5.530881440947052	1.8099356171823067e-4	0.002553579909614611	0.701939704028705	ENSG00000174442	Eto_vs_Mock	Down
-1.0184441501329298	6.754492324735263	-5.530661487534565	1.8105313488619426e-4	0.002553579909614611	0.7015974521759976	ENSG00000125977	Eto_vs_Mock	Down
1.041622152329757	4.814614946825112	5.512255482856638	1.8611292007310087e-4	0.002601610472061853	0.6729329941784874	ENSG00000155254	Eto_vs_Mock	Up
1.0343535559557537	6.548536192263377	5.489492962601053	1.9257906720329682e-4	0.0026745298882275125	0.6374174140579241	ENSG00000085733	Eto_vs_Mock	Up
-1.0315782460098633	3.789034102670845	-5.484895592120395	1.939137890056732e-4	0.002686773784936755	0.6302353683017063	ENSG00000096717	Eto_vs_Mock	Down
1.1925787270893435	8.639938044438685	5.483003565316807	1.9446593999758354e-4	0.002691074700461525	0.6272787591888793	ENSG00000187134	Eto_vs_Mock	Up
1.005119891495283	4.309191167479904	5.477312481894979	1.9613686564779573e-4	0.002705656446646698	0.6183824260634267	ENSG00000012822	Eto_vs_Mock	Up
-1.577285938988017	6.252076542166535	-5.472988387417403	1.9741663511784447e-4	0.0027161627330386895	0.6116199063386993	ENSG00000269893	Eto_vs_Mock	Down
-1.0365013691001606	2.7741047506445478	-5.469792616398663	1.9836816410690307e-4	0.002722109728398916	0.6066202854693001	ENSG00000101447	Eto_vs_Mock	Down
1.115936340289494	3.4598762021441325	5.461497378391289	2.0086085437787406e-4	0.002751513759535233	0.5936360508024725	ENSG00000147100	Eto_vs_Mock	Up
-1.0334273941174705	2.3082375376173223	-5.4596171325254375	2.014304753584002e-4	0.0027545179612923493	0.5906916141366807	ENSG00000137337	Eto_vs_Mock	Down
-1.6324183409415394	5.163510770312162	-5.446818503757066	2.0535371519965248e-4	0.0028020096201531817	0.570635842268052	ENSG00000120053	Eto_vs_Mock	Down
-1.3122494673171805	2.0149777425876185	-5.438744515856652	2.0787037960824656e-4	0.0028200608546613127	0.5579717632274779	ENSG00000253616	Eto_vs_Mock	Down
-1.104937864502312	3.0576413288893702	-5.437369039928362	2.0830237214733454e-4	0.0028200608546613127	0.5558134038838602	ENSG00000146049	Eto_vs_Mock	Down
-1.180746629646271	1.6787667688084873	-5.434025986491527	2.093562976805117e-4	0.00282304062781883	0.5505664587001924	ENSG00000258034	Eto_vs_Mock	Down
-1.176789168012193	3.708032315109503	-5.431094131691152	2.1028525176591792e-4	0.002826449460915235	0.5459635902014393	ENSG00000182985	Eto_vs_Mock	Down
-1.0548982049597	2.977256818178735	-5.425155175418429	2.121804453529073e-4	0.002842205863389966	0.5366359907065181	ENSG00000163510	Eto_vs_Mock	Down
1.41736911345322	5.904170251366532	5.420245494167334	2.1376088220179655e-4	0.002853760307663247	0.5289211796991182	ENSG00000179222	Eto_vs_Mock	Up
-1.1083986185088257	5.2488277086036765	-5.418195354309099	2.1442452272357195e-4	0.0028600848552594507	0.5256986898673315	ENSG00000137563	Eto_vs_Mock	Down
-1.0341062414077427	2.4117832799805767	-5.410500357922504	2.1693501771503682e-4	0.0028876496594038023	0.5135980900250772	ENSG00000154319	Eto_vs_Mock	Down
-1.162268476648035	1.2060507405642114	-5.410174662327529	2.1704196219097637e-4	0.0028876496594038023	0.513085739725943	ENSG00000183395	Eto_vs_Mock	Down
1.573360985682997	1.7826749633778856	5.407295004217123	2.1798995801264055e-4	0.0028951177220223655	0.5085551096233241	ENSG00000138356	Eto_vs_Mock	Up
-1.0633668489538661	3.9432807912227834	-5.407062403758561	2.180667227787415e-4	0.0028951177220223655	0.5081891029678678	ENSG00000173085	Eto_vs_Mock	Down
-1.350505399941003	4.226365749800066	-5.402935157591995	2.1943361582738515e-4	0.002906068286879442	0.5016934344981863	ENSG00000257698	Eto_vs_Mock	Down
-1.4583554075258771	4.806554656125635	-5.397806695349914	2.2114478814723467e-4	0.0029175528006740036	0.4936186463209449	ENSG00000080608	Eto_vs_Mock	Down
-1.4397419378457872	2.5516040051161593	-5.388219498369986	2.2438178715327865e-4	0.002945135798101902	0.4785135898458188	ENSG00000251503	Eto_vs_Mock	Down
-1.1331495693222435	3.195830064345597	-5.3847825222359225	2.2555445842934783e-4	0.002949329661190999	0.4730953185083573	ENSG00000174738	Eto_vs_Mock	Down
-1.0198115938298677	1.2933333917584513	-5.382675697651993	2.2627650708355868e-4	0.002950600622218942	0.46977315920811513	ENSG00000281207	Eto_vs_Mock	Down
-1.4314367239832433	2.3432519155851113	-5.3815913387817345	2.266490935953095e-4	0.0029530104771166837	0.4680630369075667	ENSG00000172572	Eto_vs_Mock	Down
-1.0842535451175435	4.8628255281032535	-5.34708989209177	2.3885042253222872e-4	0.0030632507214146485	0.413564809402879	ENSG00000104067	Eto_vs_Mock	Down
-11.63172025865247	7.6096370117462	-5.331151391101314	2.4472070898921947e-4	0.003109017456527975	0.3883318013391497	ENSG00000198744	Eto_vs_Mock	Down
-1.4260835475520937	2.42342185207923	-5.309054873823441	2.531135722069037e-4	0.003171684491255592	0.3532905866102318	ENSG00000185483	Eto_vs_Mock	Down
-1.0058197573076035	2.4933079142332644	-5.3075294398017565	2.5370413381573524e-4	0.003176553509861666	0.35086898081532514	ENSG00000223544	Eto_vs_Mock	Down
-1.0983438659973432	1.7650518902455419	-5.304130897502659	2.5502511946825075e-4	0.003185484534358786	0.34547266496969886	ENSG00000160957	Eto_vs_Mock	Down
-1.2414665182276958	1.4750381646252826	-5.2995251086870505	2.5682700875816363e-4	0.0031953018510529124	0.3381568534964865	ENSG00000268942	Eto_vs_Mock	Down
1.7164516930103366	2.4801422187792626	5.292574723930355	2.5957177051297916e-4	0.0032192631412358915	0.32711125612791037	ENSG00000263934	Eto_vs_Mock	Up
-14.7487498164009	9.793209898524832	-5.291534992038759	2.599850370691206e-4	0.003221847669778559	0.32545832399020735	ENSG00000278791	Eto_vs_Mock	Down
-2.0473326363543802	4.608766901788686	-5.287628086061934	2.6154418048435977e-4	0.0032309849036111873	0.31924589455403307	ENSG00000095752	Eto_vs_Mock	Down
-1.0876390762059143	3.732077480584526	-5.278928821488921	2.650515657761386e-4	0.0032640571052431917	0.30540536858595146	ENSG00000177425	Eto_vs_Mock	Down
-1.743861239773529	3.3816571481551465	-5.2493478351709255	2.7735610088423687e-4	0.0033448635295287646	0.2582626541366331	ENSG00000258186	Eto_vs_Mock	Down
-1.6045012091773474	5.571988648857699	-5.245648223035131	2.7893709214542035e-4	0.0033485226802128856	0.2523580236794096	ENSG00000110619	Eto_vs_Mock	Down
1.0267933236960598	9.736140017088974	5.230802124211114	2.8537817072666564e-4	0.00339731802637967	0.22864419721064522	ENSG00000092841	Eto_vs_Mock	Up
1.0103227900421907	2.5356696255803115	5.216358134544597	2.917962862157167e-4	0.003434584284398131	0.20554310624867433	ENSG00000272821	Eto_vs_Mock	Up
-11.982602995874169	8.094464958317916	-5.19658367398478	3.008321644262482e-4	0.0035182161767093483	0.1738694850484519	ENSG00000237973	Eto_vs_Mock	Down
-1.1298431965396274	5.292052549962099	-5.1832116093577385	3.0711022513596356e-4	0.0035695605325115763	0.1524199852693897	ENSG00000162385	Eto_vs_Mock	Down
-1.31907808598823	3.6293897402801374	-5.177452422401984	3.098567437838771e-4	0.003593515599369655	0.14317427842181019	ENSG00000146842	Eto_vs_Mock	Down
1.2834667857946434	3.144051787746046	5.171185402225203	3.128750351881419e-4	0.0036151894220196323	0.133108064676855	ENSG00000267449	Eto_vs_Mock	Up
-1.1892153953625817	5.132167457157038	-5.170168122367215	3.1336790363068563e-4	0.003618225882889987	0.13147357440101537	ENSG00000136997	Eto_vs_Mock	Down
-1.076277384701351	3.0774994445919086	-5.163569417689668	3.165849901023478e-4	0.0036356790842209177	0.12086777163379914	ENSG00000186625	Eto_vs_Mock	Down
-1.08137423171392	2.07429129643111	-5.160478859607962	3.181037524524885e-4	0.003646136742760812	0.11589837677695591	ENSG00000185697	Eto_vs_Mock	Down
-2.1639723590975577	4.538863838199119	-5.149380760538912	3.236215113843406e-4	0.0036878781797319857	0.09804250724195462	ENSG00000183696	Eto_vs_Mock	Down
-1.2572863983167175	4.057854904998982	-5.14640098303883	3.251201982856525e-4	0.0036969199119596327	0.09324539743115157	ENSG00000113742	Eto_vs_Mock	Down
-1.4172642995205889	1.3996960881138187	-5.131629531355363	3.3265884519304993e-4	0.0037497939787602343	0.06944684263929624	ENSG00000139269	Eto_vs_Mock	Down
1.0136375229676666	6.118067306371993	5.127345537657379	3.3487965576336614e-4	0.0037616553332390683	0.06253917220411154	ENSG00000110092	Eto_vs_Mock	Up
-1.970204589420744	7.027613891682017	-5.122718171407033	3.3729611699481494e-4	0.0037780047976214096	0.05507498348932227	ENSG00000065911	Eto_vs_Mock	Down
1.339224045597717	2.1225098191066367	5.108331442151466	3.449276740167704e-4	0.003844317931670964	0.031849520933938	ENSG00000268191	Eto_vs_Mock	Up
1.1112568088320172	2.305114535332699	5.1042438386932485	3.4712916892428055e-4	0.0038625578726774437	0.025245415329440135	ENSG00000249007	Eto_vs_Mock	Up
1.1408938716022037	1.9657997833467917	5.103017925335119	3.4779231512852986e-4	0.0038625578726774437	0.023264328360249387	ENSG00000280435	Eto_vs_Mock	Up
-1.18588745379073	2.695469684552955	-5.097113656369307	3.510050096589088e-4	0.00388902702056963	0.0137200741648984	ENSG00000153721	Eto_vs_Mock	Down
-1.1914199035821134	4.0094519796432015	-5.082958034653716	3.588361432654675e-4	0.003938489534280818	-0.009182058691283856	ENSG00000185238	Eto_vs_Mock	Down
-1.731365360498594	6.94294694769428	-5.068112059351849	3.6724818991644474e-4	0.0039912543432107876	-0.03323072173049191	ENSG00000106105	Eto_vs_Mock	Down
-1.0886408280519584	4.3835553737500135	-5.0627635073189925	3.7032971320424536e-4	0.0040061023073628315	-0.04190214121686431	ENSG00000086758	Eto_vs_Mock	Down
-1.0868383883799664	2.1681854347417033	-5.062288123467835	3.706049224439352e-4	0.0040061023073628315	-0.04267305437277713	ENSG00000204802	Eto_vs_Mock	Down
1.0608832020583936	4.078713933654989	5.062206236888265	3.7065235007076937e-4	0.0040061023073628315	-0.042805850070074314	ENSG00000104783	Eto_vs_Mock	Up
-1.0553120033897962	3.3933306492386244	-5.0551580687292255	3.74758718792143e-4	0.004039380131408664	-0.05423933139664161	ENSG00000187049	Eto_vs_Mock	Down
-1.5527115765216282	6.818716109122611	-5.042458620107789	3.82279580746286e-4	0.004095183029166277	-0.07485746156275663	ENSG00000135069	Eto_vs_Mock	Down
-3.018432214582819	6.471135613747113	-5.036967423442948	3.855808708707822e-4	0.004118484083694531	-0.08377950630205255	ENSG00000101255	Eto_vs_Mock	Down
-1.6420766011135257	1.566778856126861	-5.0285885690251915	3.906764528385299e-4	0.004151201281985623	-0.09740133657487782	ENSG00000100867	Eto_vs_Mock	Down
1.1039507698080921	1.6337681707619611	5.024641964534461	3.931012020587002e-4	0.004154509074983279	-0.10382080870954269	ENSG00000247095	Eto_vs_Mock	Up
-10.941005547033066	7.401220336218609	-5.023978535433544	3.93510365690211e-4	0.004154914860454856	-0.10490013875043402	ENSG00000248527	Eto_vs_Mock	Down
-1.6925980006899664	1.795882316013908	-5.017362921587562	3.976152101931424e-4	0.004193760426222238	-0.11566633964767714	ENSG00000165887	Eto_vs_Mock	Down
-9.823658484815706	6.669128660109886	-5.006192756314428	4.046491671186169e-4	0.004254413908407182	-0.1338581298542545	ENSG00000225630	Eto_vs_Mock	Down
-1.2278958245304432	1.0107139645202377	-4.997102192880795	4.10470673066766e-4	0.004306245366676426	-0.14867561152565756	ENSG00000119508	Eto_vs_Mock	Down
1.0469342145736364	4.4725020968452025	4.994222224022873	4.1233339533728377e-4	0.004322903316716083	-0.15337226239212853	ENSG00000118640	Eto_vs_Mock	Up
-1.0191087073405893	4.3718119541161204	-4.98526649931514	4.1818315207540444e-4	0.004343691049892873	-0.16798445330985068	ENSG00000107829	Eto_vs_Mock	Down
-1.0121210639636513	1.3979785598891863	-4.978557121388937	4.226230810402976e-4	0.004384017527994538	-0.17893863212329197	ENSG00000253917	Eto_vs_Mock	Down
1.2630862999005332	8.643993269923051	4.9690676581832065	4.289879980153549e-4	0.004429589794346337	-0.1944421857898666	ENSG00000124762	Eto_vs_Mock	Up
1.1284758279145106	2.65238448351789	4.94726927419154	4.43995723884824e-4	0.004545753094930171	-0.23010177280285848	ENSG00000103066	Eto_vs_Mock	Up
-1.3557744944903671	2.60971336167822	-4.946658996882922	4.444237873782648e-4	0.004547175328764212	-0.23110103831505224	ENSG00000131018	Eto_vs_Mock	Down
-1.4653466618849071	2.2699172377094676	-4.916500235503401	4.661306487566798e-4	0.004692938913154639	-0.2805453695540461	ENSG00000074935	Eto_vs_Mock	Down
-1.8037261444273462	3.1328888099740384	-4.911271024116667	4.700069585552268e-4	0.004709640003478752	-0.2891309340905117	ENSG00000171564	Eto_vs_Mock	Down
-2.024357724348534	4.201192909874801	-4.898789155300347	4.7939779169197695e-4	0.004771525108954449	-0.3096390701186946	ENSG00000232956	Eto_vs_Mock	Down
-1.249048420431536	7.4501718670955555	-4.892500460962507	4.8420401532515956e-4	0.004813269497473742	-0.31997951051771345	ENSG00000006327	Eto_vs_Mock	Down
-1.598539997798314	5.097252543771	-4.891314462339377	4.8511612039739383e-4	0.00481929002487013	-0.3219302294614419	ENSG00000121895	Eto_vs_Mock	Down
-10.509016283647403	7.170662041129858	-4.890526235768946	4.857233180002208e-4	0.0048222758199946165	-0.3232268008036634	ENSG00000240409	Eto_vs_Mock	Down
-1.223666025199106	3.143732978884619	-4.888805211156036	4.8705187217173176e-4	0.004826324979062793	-0.32605804080571943	ENSG00000141391	Eto_vs_Mock	Down
-2.3737526178356734	4.3258514774637655	-4.887832406413137	4.878045309040381e-4	0.004826959938836317	-0.3276585669793537	ENSG00000113739	Eto_vs_Mock	Down
-1.3760530918944065	6.481143587519588	-4.859335089138801	5.10406745677139e-4	0.0049817891111052105	-0.37460032435878254	ENSG00000187735	Eto_vs_Mock	Down
1.2356221328246733	2.1920116002370227	4.8470125747084225	5.205201031296161e-4	0.005040277615502386	-0.39493183498019224	ENSG00000279806	Eto_vs_Mock	Up
-1.0075104870058933	3.7672658919331976	-4.845408882219975	5.218517599008925e-4	0.005042645445900819	-0.3975793253074098	ENSG00000147852	Eto_vs_Mock	Down
1.5107427950139867	0.9380932364827193	4.844491456169065	5.226151784205746e-4	0.005042645445900819	-0.39909403109255415	ENSG00000264785	Eto_vs_Mock	Up
1.2481148690082604	0.951806209345839	4.840016731678754	5.263556643059701e-4	0.00506887273538009	-0.40648357124521084	ENSG00000165828	Eto_vs_Mock	Up
1.555732922215054	2.3975169840098527	4.833081494232247	5.32208852487077e-4	0.005084187168989127	-0.4179416262754385	ENSG00000139278	Eto_vs_Mock	Up
-1.309548689146823	3.2056505353032976	-4.832981940536147	5.322933719220646e-4	0.005084187168989127	-0.41810615024335007	ENSG00000164949	Eto_vs_Mock	Down
-1.1760240716135408	5.1718804600038935	-4.824051598004366	5.399330003533064e-4	0.00511166556238751	-0.43286989613445126	ENSG00000113645	Eto_vs_Mock	Down
-1.5681279183586287	4.421131482350773	-4.823335407050786	5.405506696076834e-4	0.00511166556238751	-0.43405436720317336	ENSG00000167767	Eto_vs_Mock	Down
-1.1195070281137385	5.080989660225526	-4.821874898321767	5.41812577010687e-4	0.005117444195837876	-0.4364700364434473	ENSG00000184575	Eto_vs_Mock	Down
-1.1719130234133575	5.410552665655006	-4.819547277869767	5.438301129074123e-4	0.005127261604065927	-0.4403204824143252	ENSG00000273173	Eto_vs_Mock	Down
-1.4987071357705033	3.9264026037880475	-4.814030147869397	5.486439755409587e-4	0.005157228500146037	-0.4494499978517599	ENSG00000167747	Eto_vs_Mock	Down
-9.291322709148947	6.382075856247416	-4.813651216456804	5.489762501109288e-4	0.005157228500146037	-0.45007718475179903	ENSG00000225972	Eto_vs_Mock	Down
1.5392107472089465	3.7843655933231215	4.809906166782458	5.522716207138686e-4	0.005172735859050802	-0.4562768056763691	ENSG00000103034	Eto_vs_Mock	Up
-1.1343509736122632	1.4146332661746477	-4.806447335949879	5.553336770511794e-4	0.005195227486797649	-0.46200425326833905	ENSG00000225976	Eto_vs_Mock	Down
-1.0302362801163865	4.720487764032875	-4.8050530166438445	5.565731089136986e-4	0.005202957491507488	-0.4643135390238955	ENSG00000171566	Eto_vs_Mock	Down
-1.8760044959137963	7.051076802382438	-4.734632025472152	6.231256139319992e-4	0.0056470074877140435	-0.5812759823554243	ENSG00000166986	Eto_vs_Mock	Down
-1.0736274857014805	3.627931624243351	-4.7330828765842305	6.246806793601202e-4	0.005652317815660098	-0.5838562135340544	ENSG00000178921	Eto_vs_Mock	Down
-1.1179512037640456	1.9410939259799989	-4.730717263182654	6.270632224210129e-4	0.0056580125997304515	-0.5877969298008372	ENSG00000259316	Eto_vs_Mock	Down
-1.4551604857289266	6.03001052201039	-4.727078253181472	6.307469862907262e-4	0.005685154406329703	-0.5938603224989336	ENSG00000163347	Eto_vs_Mock	Down
-2.15138427889316	3.414915951922163	-4.725885293158443	6.319595748049116e-4	0.005688697539461285	-0.5958484287467112	ENSG00000166803	Eto_vs_Mock	Down
-1.2156790486540507	3.823284366722615	-4.694263355071789	6.650136244815081e-4	0.005858825915179942	-0.648614152931132	ENSG00000159200	Eto_vs_Mock	Down
1.0438606445729528	3.258651498460986	4.688490924214109	6.712415283700718e-4	0.00589059390354227	-0.6582601180788199	ENSG00000104812	Eto_vs_Mock	Up
-1.142026153221551	2.300021328668656	-4.649646278876971	7.14781096503962e-4	0.006149150724081677	-0.7232814581107423	ENSG00000166833	Eto_vs_Mock	Down
-1.4936825309224901	3.9600913000868516	-4.642168508236341	7.234986101858365e-4	0.0061970256774414294	-0.7358203146204243	ENSG00000261824	Eto_vs_Mock	Down
1.0178391031354472	2.9794915490575273	4.6402126445862475	7.257971480545421e-4	0.006208098073644226	-0.7391011050468705	ENSG00000123933	Eto_vs_Mock	Up
-1.1351550718829058	1.7717997792258713	-4.637902965068671	7.285213907005379e-4	0.0062231001576081805	-0.7429760115512627	ENSG00000267379	Eto_vs_Mock	Down
-1.0535304625364872	4.068199986894436	-4.632872870264124	7.344916356360659e-4	0.006249923049372041	-0.7514172329012343	ENSG00000164855	Eto_vs_Mock	Down
-1.128244597819993	7.974329327388005	-4.615636531953775	7.553429901163123e-4	0.006362358790877947	-0.7803663898870639	ENSG00000168209	Eto_vs_Mock	Down
1.2466216020559961	1.9230717083251576	4.610618515731072	7.615297982147955e-4	0.006393656581554908	-0.788801355028701	ENSG00000258663	Eto_vs_Mock	Up
1.0852279134706886	1.2674041050372356	4.604559010878678	7.690717968253971e-4	0.0064487584307892296	-0.7989911888780394	ENSG00000180596	Eto_vs_Mock	Up
-1.0336277100404936	1.1114630258400735	-4.603593451689399	7.702808241152134e-4	0.0064536154715161675	-0.8006153235489419	ENSG00000198774	Eto_vs_Mock	Down
-1.0259266144778945	8.472433435014299	-4.6027378718277445	7.713538110046516e-4	0.006455726467194864	-0.8020545628149023	ENSG00000132475	Eto_vs_Mock	Down
-2.2763039131092633	5.559107577170587	-4.597451438088908	7.780185112896699e-4	0.006490779367926445	-0.810949318027137	ENSG00000142871	Eto_vs_Mock	Down
1.6479085509631204	0.6683991246487649	4.594659308310166	7.815630129045016e-4	0.0064962203782497245	-0.8156486546464592	ENSG00000270722	Eto_vs_Mock	Up
-1.9094907692163374	1.7520387532800872	-4.593414856871302	7.831482635067727e-4	0.0064976682689369455	-0.8177434599350475	ENSG00000128165	Eto_vs_Mock	Down
1.7155271854803176	2.344066091869527	4.582107434527211	7.977081668820617e-4	0.0065690457298484654	-0.8367862371471224	ENSG00000279882	Eto_vs_Mock	Up
-1.5724545585069731	2.355750341985281	-4.578854037277319	8.019498972937327e-4	0.00658562093203198	-0.8422682038315141	ENSG00000179094	Eto_vs_Mock	Down
-1.0015323944737613	4.735484075510055	-4.570326647457536	8.1318069791064e-4	0.006636263443353775	-0.856643045444728	ENSG00000134480	Eto_vs_Mock	Down
-1.6022636973233675	2.515755225129276	-4.5370322374415375	8.586381487065707e-4	0.006899817846990052	-0.9128539428581179	ENSG00000060982	Eto_vs_Mock	Down
-2.065199828325123	5.654433124843802	-4.51475767280771	8.905349294930949e-4	0.007069435790615048	-0.9505356407025767	ENSG00000255717	Eto_vs_Mock	Down
-1.469883599581845	5.107750449267511	-4.49642519876285	9.177198728822574e-4	0.0072120395929923704	-0.9815936045607776	ENSG00000179862	Eto_vs_Mock	Down
-1.0990808269497	2.6620523690920135	-4.477168746393538	9.472152750413131e-4	0.007369361677766107	-1.0142604291381527	ENSG00000291073	Eto_vs_Mock	Down
-1.6015049328991733	6.743181398225605	-4.437607800435407	0.0010109770959687576	0.007736557572362375	-1.081510466911058	ENSG00000171793	Eto_vs_Mock	Down
1.0905221077065654	1.3295935775488121	4.411692448829448	0.0010551744201247118	0.007954712507776794	-1.1256640801203943	ENSG00000233695	Eto_vs_Mock	Up
-1.5093319800268405	3.4815327637375915	-4.411220754268923	0.0010559973982740088	0.007954712507776794	-1.1264684615904184	ENSG00000128965	Eto_vs_Mock	Down
1.1283988781187722	3.436735070515297	4.394670793710132	0.001085302787590459	0.00810036622574635	-1.1547074618283242	ENSG00000188549	Eto_vs_Mock	Up
-1.0861994443366916	4.921364494792003	-4.344977164338967	0.0011785305120124516	0.008592290603573395	-1.2396880106059678	ENSG00000104825	Eto_vs_Mock	Down
-1.0443745221258398	6.410698279693291	-4.341692422829977	0.0011849813016488017	0.00862332991657985	-1.2453150921402294	ENSG00000143878	Eto_vs_Mock	Down
1.6126088700371768	3.42902147170862	4.34021547071939	0.001187893878406754	0.00863653219224439	-1.2478456505366697	ENSG00000232177	Eto_vs_Mock	Up
-1.865811496952958	2.8654818991003976	-4.322667932052645	0.0012230772797369098	0.00879072819979097	-1.2779297149769295	ENSG00000130600	Eto_vs_Mock	Down
1.6829458409218638	5.797664751387527	4.297030142746471	0.0012764557540014055	0.009047783555758923	-1.3219455963371223	ENSG00000289740	Eto_vs_Mock	Up
-1.1817693443086963	4.701733638362691	-4.292387393773476	0.0012863799948114418	0.009096048470505725	-1.329924197281108	ENSG00000163545	Eto_vs_Mock	Down
1.7178083946496763	9.08771821452018	4.284446331763726	0.0013035422299360877	0.009188482791562041	-1.343576455900041	ENSG00000247627	Eto_vs_Mock	Up
2.967289607533924	3.2263429792638285	4.276549248120628	0.0013208471292223802	0.009265755268969137	-1.35715994166946	ENSG00000201185	Eto_vs_Mock	Up
-1.1013403692545172	1.87832194774713	-4.276165005633633	0.0013216952276153605	0.00926659792665143	-1.3578210365413481	ENSG00000102003	Eto_vs_Mock	Down
1.1455258442176934	1.6562460739170293	4.268772926989501	0.0013381223580808022	0.009340129695152551	-1.3705423400397327	ENSG00000266680	Eto_vs_Mock	Up
-1.0990790938389199	4.428941667298585	-4.261835195710147	0.0013537341313780552	0.00940734553692059	-1.3824871269253567	ENSG00000198355	Eto_vs_Mock	Down
1.0700357037973465	3.9358000962005457	4.255905816234988	0.001367227796454884	0.009450999704197584	-1.3926999390483088	ENSG00000102287	Eto_vs_Mock	Up
1.8474864956052404	4.94218937367827	4.251691373721295	0.001376904189909651	0.009492851946742292	-1.3999612298867294	ENSG00000248923	Eto_vs_Mock	Up
-1.449356631621512	0.9792372529071356	-4.2438068370969555	0.0013951999331529828	0.00958118521780079	-1.413551039675653	ENSG00000289915	Eto_vs_Mock	Down
-2.281000705513593	2.260572108631771	-4.238495679210751	0.0014076673854395718	0.009632403838981844	-1.4227091121897653	ENSG00000106948	Eto_vs_Mock	Down
-1.0781447742576749	6.470028696270212	-4.214627750704134	0.0014651496613116292	0.009931441195597707	-1.4639017275585893	ENSG00000031698	Eto_vs_Mock	Down
1.4843261174139788	4.9394001124295315	4.208354723617127	0.0014806607103648563	0.009976379747728248	-1.4747380327264379	ENSG00000196743	Eto_vs_Mock	Up
-1.0547717724982362	4.151486360104124	-4.1755141385604295	0.0015647112396908142	0.010343274045976354	-1.5315351226884717	ENSG00000118217	Eto_vs_Mock	Down
-1.1078710243343872	2.423304819338752	-4.160088869633913	0.0016058953591433257	0.010506909170175424	-1.5582510706894661	ENSG00000230409	Eto_vs_Mock	Down
1.1461527028537137	2.6131799703890106	4.159432095750697	0.001607673805268468	0.010506909170175424	-1.5593891139725589	ENSG00000171631	Eto_vs_Mock	Up
-1.0596479630834543	2.963405179039116	-4.150827608889667	0.0016311642921134743	0.010605641696421904	-1.5743028095700247	ENSG00000164741	Eto_vs_Mock	Down
-1.6500493893750843	9.841153634613576	-4.145598663255015	0.001645614187915593	0.010642818067700302	-1.5833695073395786	ENSG00000173812	Eto_vs_Mock	Down
-1.0266242801833214	2.584166672613511	-4.142167059800333	0.0016551697730473169	0.010681551504807795	-1.5893212072078011	ENSG00000163072	Eto_vs_Mock	Down
-1.3778103356545623	1.6537262598771145	-4.12486127712565	0.0017042490394468875	0.010908026208523302	-1.6193539004182602	ENSG00000155961	Eto_vs_Mock	Down
-1.3537337071281974	4.132715163964788	-4.106114177540337	0.0017591324298934416	0.011159385474991635	-1.6519212953789228	ENSG00000184470	Eto_vs_Mock	Down
1.4214506065371186	1.388273809777948	4.100172480443021	0.0017769092733660806	0.011208854886865216	-1.6622503703417824	ENSG00000280744	Eto_vs_Mock	Up
-1.14982588837369	2.740637326742683	-4.0983160501049944	0.001782501809839165	0.011226120729487669	-1.6654783017128372	ENSG00000150457	Eto_vs_Mock	Down
-1.1177374738662609	5.50687993332878	-4.09727383214219	0.0017856495535405205	0.011228816003939497	-1.6672906401963488	ENSG00000088992	Eto_vs_Mock	Down
1.1684927852711344	3.9294369182124234	4.087873209846921	0.0018143048508655532	0.01133166421712511	-1.6836423616469771	ENSG00000041353	Eto_vs_Mock	Up
1.0113871167249897	2.1942860982624173	4.085246791056091	0.0018223961547195436	0.01137189883352455	-1.688212355070564	ENSG00000136111	Eto_vs_Mock	Up
1.2213985407196004	3.2637733214022475	4.08295763919244	0.0018294791016623096	0.01140776699157077	-1.6921960412671773	ENSG00000140511	Eto_vs_Mock	Up
-1.9483715397033872	4.871327101778232	-4.081279300575254	0.0018346903334848428	0.011423579857689253	-1.6951170817116612	ENSG00000006652	Eto_vs_Mock	Down
-1.0792120238965643	2.9832182149285833	-4.071597086083256	0.001865057095986598	0.011547199957277654	-1.7119736081922472	ENSG00000163697	Eto_vs_Mock	Down
-1.1807176345233663	3.3930656124711382	-4.054346280208956	0.0019204661898677862	0.011764366279239248	-1.7420289170321066	ENSG00000171557	Eto_vs_Mock	Down
-1.6267421315075596	6.169726169535921	-4.053454346971096	0.001923377263924755	0.011773853971382132	-1.7435836539759553	ENSG00000148926	Eto_vs_Mock	Down
-1.46419549843894	0.9474284800260466	-4.052604829279814	0.0019261541763354148	0.011786264815973047	-1.7450645252505241	ENSG00000291215	Eto_vs_Mock	Down
1.096286098458873	1.2026803424913834	4.035722534994582	0.00198221375163162	0.012021709779467355	-1.7745075239895165	ENSG00000170373	Eto_vs_Mock	Up
-2.646635920929188	6.0304011697384485	-4.023827321320476	0.0020227313762503324	0.012168888149545802	-1.7952687820219477	ENSG00000175197	Eto_vs_Mock	Down
1.2324845773312474	0.6947329834002414	4.013085835944714	0.0020600599373322196	0.012346228115276862	-1.814027488483248	ENSG00000205274	Eto_vs_Mock	Up
-3.8536325293858167	4.753838733095304	-4.012220546216605	0.0020630980080808756	0.012355018764310681	-1.8155390678962267	ENSG00000288634	Eto_vs_Mock	Down
-1.3086253068077602	2.9207093491505827	-3.9930479145282938	0.002131623580966027	0.012599659687159002	-1.849049106157178	ENSG00000109220	Eto_vs_Mock	Down
-1.824447783034426	1.9684723238151218	-3.9650566242760314	0.002235948315705023	0.013047318446299515	-1.8980308933468706	ENSG00000288534	Eto_vs_Mock	Down
-1.0064670237873803	3.091218958413026	-3.959467213899845	0.0022574085646405234	0.01312870084598257	-1.9078199395288173	ENSG00000068028	Eto_vs_Mock	Down
-3.703268711964864	1.9953711515645007	-3.953812798605785	0.0022793363215766827	0.013226879333252735	-1.9177255648406968	ENSG00000275559	Eto_vs_Mock	Down
1.0113174533490135	3.1454025713948783	3.9384334916230532	0.0023401040061911444	0.013430830511445963	-1.9446814132688557	ENSG00000169213	Eto_vs_Mock	Up
1.0934927918288735	1.049082298298206	3.9072434470889643	0.0024685678062625334	0.013944215991840732	-1.999410050797362	ENSG00000181634	Eto_vs_Mock	Up
1.0542795829050267	2.456261144636196	3.9051671505521823	0.0024773753786362035	0.01398392146605633	-2.003056132078431	ENSG00000267755	Eto_vs_Mock	Up
-1.1548604413381243	1.8491334868501181	-3.9031894281814354	0.0024857951407286608	0.014016355103298288	-2.006529437485135	ENSG00000114854	Eto_vs_Mock	Down
-1.0165888931662588	6.4129406676196465	-3.8989744618328066	0.0025038387897821732	0.014082749931371407	-2.01393287982202	ENSG00000003436	Eto_vs_Mock	Down
-1.0531118350356858	2.78013991427503	-3.8877039811127934	0.002552756858013344	0.014276614224330892	-2.033736101673866	ENSG00000166123	Eto_vs_Mock	Down
-1.335002848146046	5.545334261355639	-3.8861223283328203	0.0025597007617219466	0.014309937496921199	-2.036516015630288	ENSG00000224032	Eto_vs_Mock	Down
-1.166714156186936	4.639319724460285	-3.878123835438463	0.0025951177896972456	0.014447333859506221	-2.0505772061449177	ENSG00000135924	Eto_vs_Mock	Down
1.0504456775179736	2.7850099871292073	3.877817608001629	0.0025964838159588666	0.014448798474794458	-2.051115648162348	ENSG00000163050	Eto_vs_Mock	Up
1.1501531238134675	3.2595971434427615	3.8689432684218685	0.0026363964184817844	0.014619171395290741	-2.0667226581109404	ENSG00000198130	Eto_vs_Mock	Up
2.063067113714566	5.307195746306652	3.862879200039288	0.0026640353157559313	0.0147257010107479	-2.0773908632069826	ENSG00000249119	Eto_vs_Mock	Up
1.275439423014118	1.1831082256513283	3.8557136625802064	0.002697082238509364	0.014830460331160597	-2.090000484084565	ENSG00000240386	Eto_vs_Mock	Up
-1.0193853595816997	3.4152563219762566	-3.84882048372239	0.0027292743154050006	0.014940910733342671	-2.102134527350871	ENSG00000197822	Eto_vs_Mock	Down
1.2819722924043075	6.172874532362057	3.839817106727622	0.002771922270111281	0.015088698379982696	-2.1179885694883707	ENSG00000129226	Eto_vs_Mock	Up
-1.0073465180240735	2.7323635274585616	-3.824171360437	0.002847685104044658	0.015394532810658744	-2.1455535714129086	ENSG00000163472	Eto_vs_Mock	Down
-1.5570537729533358	5.169962588861294	-3.8171018416484994	0.0028826192340296454	0.015498143615162463	-2.1580147156462752	ENSG00000153879	Eto_vs_Mock	Down
-1.0600927413310703	3.1949391852115507	-3.8151418138624322	0.002892383134484101	0.015534705318612353	-2.1614702194672963	ENSG00000140830	Eto_vs_Mock	Down
1.0556575078559562	1.1522786123054123	3.8073780600165104	0.002931396193310519	0.015689838331958205	-2.1751603481633914	ENSG00000269729	Eto_vs_Mock	Up
1.0439284956945738	2.1188867827489624	3.766297078417717	0.0031470921246587722	0.01646960757150877	-2.2476708799052263	ENSG00000189143	Eto_vs_Mock	Up
-1.0482184033372537	2.8051162179857725	-3.7651826366009336	0.003153167274436525	0.016479464459218607	-2.2496395599549324	ENSG00000269897	Eto_vs_Mock	Down
1.2421526344899196	3.8764563034516675	3.747123867406641	0.003253319822814932	0.01676820604455918	-2.281552237579324	ENSG00000085117	Eto_vs_Mock	Up
1.6087780033580388	5.340868923171501	3.746956265738271	0.003254264584000675	0.01676820604455918	-2.2818485169595055	ENSG00000187608	Eto_vs_Mock	Up
-1.0538907577813608	1.7588894085817102	-3.7313865971973645	0.003343278954899695	0.01708690440193455	-2.309379888835485	ENSG00000151892	Eto_vs_Mock	Down
1.5136061620360164	2.9921637288814376	3.725330417787455	0.0033785796772042268	0.017177996768093656	-2.3200930435278053	ENSG00000251562	Eto_vs_Mock	Up
1.383721332499106	1.2623155459280169	3.718412435660085	0.0034193754902088844	0.017318228328188377	-2.332333524138809	ENSG00000258314	Eto_vs_Mock	Up
1.2859830620205865	1.8310470664305663	3.6892936355503583	0.003596749886166518	0.017899521743624892	-2.3838877572473978	ENSG00000293413	Eto_vs_Mock	Up
-1.1504645780618779	2.9121310726171674	-3.6784298154316573	0.0036653360217929324	0.01807825688384363	-2.403134895461714	ENSG00000105810	Eto_vs_Mock	Down
-1.5752212828273167	3.3634817304096574	-3.6744779937562084	0.0036906185434412266	0.018148426270843256	-2.410137930937707	ENSG00000185022	Eto_vs_Mock	Down
-2.658400998050456	5.908444356838665	-3.666453606431805	0.0037425113565049475	0.018300601241416917	-2.424360719351026	ENSG00000087074	Eto_vs_Mock	Down
-2.1694956848849567	2.5814394335210586	-3.6596723336259642	0.0037869518740642357	0.01845478933112308	-2.436382988112471	ENSG00000170477	Eto_vs_Mock	Down
-1.0697790944574437	3.3524023967361676	-3.657079642593095	0.0038040864136004568	0.018509611058255195	-2.4409801520399537	ENSG00000170689	Eto_vs_Mock	Down
-1.286060376663941	2.506531392719876	-3.642048509064746	0.0039050120394749665	0.018897706503272976	-2.4676394799898747	ENSG00000273090	Eto_vs_Mock	Down
1.2451108413583096	2.10252275603272	3.6381702308730164	0.003931497927338741	0.018991541685038797	-2.4745200002183525	ENSG00000289268	Eto_vs_Mock	Up
1.3332369989263138	2.1736565494286766	3.619195167345716	0.004063779385658025	0.01937981336467855	-2.5081953530666654	ENSG00000244921	Eto_vs_Mock	Up
-1.0742494913400837	4.561446374283997	-3.6114801792972075	0.00411886695539456	0.019563063044559	-2.5218925365726905	ENSG00000138035	Eto_vs_Mock	Down
-1.053241410858913	3.29363640215285	-3.5858260670980955	0.004307641631426914	0.02016730345216423	-2.5674598107085274	ENSG00000251022	Eto_vs_Mock	Down
-1.617552434413529	8.79919777971985	-3.5764815929095475	0.00437859654824112	0.020432584367252184	-2.58406535106805	ENSG00000168003	Eto_vs_Mock	Down
1.2251745888987644	4.91145530825194	3.560852399726286	0.004499973024379313	0.02082594931765423	-2.611847913654894	ENSG00000197043	Eto_vs_Mock	Up
1.0285430272548641	0.5895940306323183	3.5499089338626124	0.0045870161132793835	0.021135486492069026	-2.6313074270943453	ENSG00000274944	Eto_vs_Mock	Up
-1.0713352223391954	6.062958440714642	-3.543545972142987	0.004638420671587406	0.02129124444874009	-2.6426242731612897	ENSG00000112081	Eto_vs_Mock	Down
1.7178847722107164	5.38452548008256	3.5192564412975225	0.004840156663756531	0.02195314071979881	-2.6858394177697393	ENSG00000126803	Eto_vs_Mock	Up
-1.1262193741233975	1.821084106348134	-3.5074262446851376	0.0049416556346112105	0.022312610917454477	-2.706895521673813	ENSG00000255663	Eto_vs_Mock	Down
-1.1833905961524671	3.1447478840980057	-3.465304512579336	0.005321136536969123	0.023499071378931886	-2.781905915048691	ENSG00000072041	Eto_vs_Mock	Down
1.422664222272787	1.0366131026488716	3.4341448659359735	0.005621000856191391	0.02450246104110946	-2.8374302380081486	ENSG00000260335	Eto_vs_Mock	Up
1.4026319479121856	1.2535370013574085	3.4208324637767316	0.0057543415946525005	0.024932433700608818	-2.8611599154105187	ENSG00000270225	Eto_vs_Mock	Up
-1.1300417790668806	5.621258442347899	-3.413350928771541	0.005830696520103167	0.025113688903767806	-2.874497810478732	ENSG00000115758	Eto_vs_Mock	Down
-1.991102719822294	1.4891830572108258	-3.411186368149836	0.005852980496755907	0.025148626036061036	-2.878356975744829	ENSG00000206760	Eto_vs_Mock	Down
-1.4039000519186136	6.265964095333957	-3.408467754519906	0.005881091997496896	0.025214300096138544	-2.883204103146592	ENSG00000150938	Eto_vs_Mock	Down
1.3426448590476974	3.2387167649925366	3.4029127509265154	0.005938963443113346	0.025422861205818704	-2.8931088488806713	ENSG00000100342	Eto_vs_Mock	Up
1.0575419404346182	1.2298623581661605	3.393895381033941	0.006034149510928044	0.02572983737689461	-2.909188482455014	ENSG00000154589	Eto_vs_Mock	Up
-1.0251759967710967	1.7355234936349309	-3.390231385949665	0.006073270887257287	0.025854969673256116	-2.9157225280004297	ENSG00000132326	Eto_vs_Mock	Down
1.041889312055917	2.512779492864866	3.3814218946669587	0.006168397578382289	0.026079038592848092	-2.9314336407672537	ENSG00000266088	Eto_vs_Mock	Up
-1.3842802294822416	5.366668378862361	-3.369548516946189	0.006299025472229608	0.026390248498188724	-2.9526111594307114	ENSG00000129474	Eto_vs_Mock	Down
-1.0719474139949898	1.155990798979937	-3.3676139912060585	0.006320575116931079	0.026470669584249838	-2.956061827313376	ENSG00000262061	Eto_vs_Mock	Down
-1.6788584118783594	3.4458318558627994	-3.349702021429347	0.006523720507465738	0.02700208592483991	-2.988014562931041	ENSG00000290318	Eto_vs_Mock	Down
3.1544596225537234	1.7265575963318784	3.3225099921587193	0.006844946478112195	0.027966648042294723	-3.036529402551209	ENSG00000257411	Eto_vs_Mock	Up
-1.1477800319773432	2.431441425009295	-3.320606999954524	0.00686802289494618	0.028028342607508954	-3.0399249135712365	ENSG00000257672	Eto_vs_Mock	Down
-1.0066451182519929	8.034442982511713	-3.313304441657103	0.006957316041885299	0.028242321134405834	-3.052955143689463	ENSG00000128272	Eto_vs_Mock	Down
-1.008376193787865	5.793905591340855	-3.303267343954464	0.007081983078244816	0.028593393039403846	-3.070865316786067	ENSG00000128342	Eto_vs_Mock	Down
1.0745595291426202	2.3816490951293483	3.2891966712386105	0.00726059684485159	0.029053472260085523	-3.09597386999559	ENSG00000128578	Eto_vs_Mock	Up
1.0475451772232018	5.823677292756925	3.2860163945052827	0.007301599940256918	0.029173008297886254	-3.10164904730272	ENSG00000089127	Eto_vs_Mock	Up
1.6842742958807904	3.9449946241108065	3.2569306722858653	0.007687726252997413	0.030262123417931743	-3.1535527743713168	ENSG00000171345	Eto_vs_Mock	Up
-1.361306733261515	3.682284027884912	-3.2561062907808433	0.0076989684837574495	0.030298793387279692	-3.1550238803411945	ENSG00000006062	Eto_vs_Mock	Down
-1.3320566810756493	3.291938210157725	-3.23824058045861	0.00794676156429219	0.03108408681183672	-3.1869045845447244	ENSG00000178607	Eto_vs_Mock	Down
-1.1880792915384895	6.739841343322682	-3.237718359241598	0.007954125529853126	0.031100591268640045	-3.187836446679083	ENSG00000143256	Eto_vs_Mock	Down
1.6738050784551697	1.6464615188942648	3.2337448839857617	0.008010384356424129	0.031266146534903415	-3.194926743106835	ENSG00000229604	Eto_vs_Mock	Up
-1.205014520540841	2.1553636787523858	-3.2206591677301253	0.00819853797460463	0.03183726472388036	-3.218276201561017	ENSG00000273760	Eto_vs_Mock	Down
-1.274955539397098	3.649560939227031	-3.217283912177149	0.008247794444203623	0.03196524317347994	-3.2242986001926623	ENSG00000171560	Eto_vs_Mock	Down
-1.2696512285400012	4.01527727568167	-3.217239858476986	0.008248439323285109	0.03196524317347994	-3.2243772036049534	ENSG00000134548	Eto_vs_Mock	Down
-1.7731278177480316	5.778158226558091	-3.215911313180514	0.008267911309377844	0.0320208287697047	-3.2267476699275415	ENSG00000124882	Eto_vs_Mock	Down
1.5527993869357628	6.071753399453461	3.214525812336692	0.008288267862243	0.03207217037441767	-3.22921974144111	ENSG00000198868	Eto_vs_Mock	Up
1.5111148589128167	0.9299815907519864	3.2047663985856434	0.008433109640428276	0.03240935537765764	-3.246632351004112	ENSG00000277947	Eto_vs_Mock	Up
6.820829046245295	3.398790134138473	3.201935600206719	0.008475601644898734	0.03251703134122408	-3.251682821643216	ENSG00000264614	Eto_vs_Mock	Up
1.1016476136036064	2.745727271940593	3.198596389923757	0.008526005034168792	0.03264245931992325	-3.257640232076723	ENSG00000149591	Eto_vs_Mock	Up
-1.1731506764480266	4.563337551042748	-3.1845766090539307	0.00874097072730701	0.03324940203078613	-3.282650976475854	ENSG00000112715	Eto_vs_Mock	Down
-1.0103353561415238	2.8308420396852774	-3.1825873474236004	0.008771914993018043	0.033304474934862806	-3.2861995094303187	ENSG00000230847	Eto_vs_Mock	Down
-2.00758421644539	4.424249612709871	-3.182401813266219	0.008774806763786573	0.03330741278477134	-3.2865304703272367	ENSG00000162772	Eto_vs_Mock	Down
-1.0450826196714038	5.358021298278645	-3.1786294393587	0.008833814094179245	0.03349905002292327	-3.2932596147848496	ENSG00000100814	Eto_vs_Mock	Down
-1.0198296330213896	5.864202614539014	-3.1478351273251954	0.009330812828717632	0.03486252376916452	-3.34818073629469	ENSG00000171223	Eto_vs_Mock	Down
-1.0795528656711775	1.3428307146157406	-3.1343358214134804	0.009557535721427772	0.03540678604362147	-3.3722501986210265	ENSG00000174564	Eto_vs_Mock	Down
-1.0389073816678982	5.405057417154609	-3.125549289845721	0.00970809909481492	0.03579591239509013	-3.387914316612876	ENSG00000077150	Eto_vs_Mock	Down
1.208796463252538	7.640911227148912	3.104210719305303	0.010083832000392987	0.03673077635695671	-3.4259467049662615	ENSG00000272398	Eto_vs_Mock	Up
1.0958317979986463	2.8617050779280535	3.098773972142551	0.010181894843771378	0.03695372220474237	-3.435634630282664	ENSG00000109846	Eto_vs_Mock	Up
-2.1941506649755422	2.6683580000622715	-3.0890259109906095	0.010360143948519664	0.037419273036228294	-3.4530026632786934	ENSG00000135842	Eto_vs_Mock	Down
3.9884700810492397	3.3449491034907224	3.0681395355772443	0.010752763993122645	0.038440092420060634	-3.4902047186935854	ENSG00000200418	Eto_vs_Mock	Up
1.152625228709855	3.445750285777621	3.063362490593484	0.010844656044874177	0.03869822123024536	-3.4987111625332687	ENSG00000185813	Eto_vs_Mock	Up
-1.6186829372911413	1.4322578974149414	-3.0210965439195867	0.011693043141195403	0.040845134704228986	-3.5739325860404803	ENSG00000250509	Eto_vs_Mock	Down
1.5040086514850768	2.3348150937929004	3.001218433116014	0.012114898964604996	0.04195010376400252	-3.609281532455869	ENSG00000147003	Eto_vs_Mock	Up
-1.2769409682830428	4.39593984613532	-2.9952870298478134	0.012243723023583232	0.0422154764895571	-3.6198253626849906	ENSG00000104856	Eto_vs_Mock	Down
-1.7718527251150173	2.597539893129709	-2.993460755232365	0.012283665052795711	0.04231608250170107	-3.62307142559145	ENSG00000215182	Eto_vs_Mock	Down
1.6007648829045316	6.202093185212283	2.9868828339473805	0.012428620024937104	0.04262025667471463	-3.634761685717981	ENSG00000125730	Eto_vs_Mock	Up
1.8418616061761979	5.792428671924785	2.970430476195144	0.012798760272056472	0.043551557123793744	-3.663990208559363	ENSG00000256148	Eto_vs_Mock	Up
1.0130813100877036	3.1514656901864484	2.9495433469395973	0.013284696385567002	0.04476433155333762	-3.701074371401023	ENSG00000139190	Eto_vs_Mock	Up
1.8891169361818347	4.615229327847228	2.948577845539742	0.013307601937411302	0.04482230628994006	-3.702787924467673	ENSG00000262902	Eto_vs_Mock	Up
-1.2386544417818008	4.3920944479443085	-2.94628291713436	0.013362206253173196	0.0449580777786482	-3.706860680914691	ENSG00000021826	Eto_vs_Mock	Down
-1.0125170441321432	7.1675003502246755	-2.941598418729792	0.013474366677090625	0.04516385239153601	-3.7151731034246382	ENSG00000138166	Eto_vs_Mock	Down
-1.2798658588112826	6.884734326038107	-2.93030919164933	0.013748565420301766	0.045826608690052055	-3.7351993992109986	ENSG00000204387	Eto_vs_Mock	Down
4.111772426665187	6.201014202891555	2.923679148980497	0.013912204322715307	0.04621532006316454	-3.746956635519244	ENSG00000234604	Eto_vs_Mock	Up
2.9540296247728905	2.5213960873343018	2.90055809781241	0.014498313041800808	0.047599263234939355	-3.7879336290334003	ENSG00000277887	Eto_vs_Mock	Up
1.1170255340564619	1.474923704697867	2.894295174686229	0.014661295955266763	0.04803407087344273	-3.7990265574772546	ENSG00000285053	Eto_vs_Mock	Up
-1.2678511667932395	1.7450323340799925	-2.886577612247724	0.014864661918698095	0.04847815705795235	-3.812691851124509	ENSG00000244563	Eto_vs_Mock	Down
