logFC	AveExpr	t	P.Value	adj.P.Val	B	ENSEMBL_ID	contrast	direction	SYMBOL	ENTREZID	GENENAME
-4.031164720364019	4.587529551673607	-22.501042530125083	1.6303451045254336e-10	9.132947434148783e-7	14.417509406409394	ENSG00000131747	Merge_vs_Mock	Down	TOP2A	7153	DNA topoisomerase II alpha
-3.0686366420686078	2.2383790072136014	-22.348241933066557	1.7540185142004854e-10	9.132947434148783e-7	14.355351578701697	ENSG00000145386	Merge_vs_Mock	Down	CCNA2	890	cyclin A2
-3.7670031264910424	2.3859438960932895	-21.816176177299898	2.2712086167118493e-10	9.132947434148783e-7	14.134248659243688	ENSG00000117650	Merge_vs_Mock	Down	NEK2	4751	NIMA related kinase 2
-4.4957524545719245	3.0211101830195877	-21.491816534943567	2.6666460885415907e-10	9.132947434148783e-7	13.995803085586445	ENSG00000089685	Merge_vs_Mock	Down	BIRC5	332	baculoviral IAP repeat containing 5
-3.285240601611746	2.4531056986157465	-21.321545506638756	2.903773189033697e-10	9.132947434148783e-7	13.921986112241974	ENSG00000169679	Merge_vs_Mock	Down	BUB1	699	BUB1 mitotic checkpoint serine/threonine kinase
-3.703058566769972	3.0057316708258517	-20.04031972237716	5.633284970460561e-10	1.0717355818638936e-6	13.34003992841524	ENSG00000166851	Merge_vs_Mock	Down	PLK1	5347	polo like kinase 1
-3.4277849480707845	3.2445251877376435	-19.637203126560806	6.997537641816627e-10	1.0717355818638936e-6	13.146729453155196	ENSG00000157456	Merge_vs_Mock	Down	CCNB2	9133	cyclin B2
-3.223395724821102	1.9291604090592611	-19.40850810925291	7.928601064462041e-10	1.0717355818638936e-6	13.034763095555068	ENSG00000143228	Merge_vs_Mock	Down	NUF2	83540	NUF2 component of NDC80 kinetochore complex
-3.935546999231313	2.725880132876136	-19.379509459147556	8.055990100879654e-10	1.0717355818638936e-6	13.020444484743678	ENSG00000068489	Merge_vs_Mock	Down	PRR11	55771	proline rich 11
-3.02073839560824	2.0122176173488997	-19.274962979562865	8.534091460691543e-10	1.0717355818638936e-6	12.968593797285276	ENSG00000237649	Merge_vs_Mock	Down	KIFC1	3833	kinesin family member C1
-3.9004561605547057	2.183479108114601	-19.212539167358646	8.834234118037008e-10	1.0717355818638936e-6	12.937462246451549	ENSG00000142945	Merge_vs_Mock	Down	KIF2C	11004	kinesin family member 2C
-3.104851307425407	2.688711838039827	-19.128245447088577	9.257915768964924e-10	1.0717355818638936e-6	12.895218306090705	ENSG00000115163	Merge_vs_Mock	Down	CENPA	1058	centromere protein A
-2.421011976830879	1.374241164016085	-19.081589897947545	9.501891612289095e-10	1.0717355818638936e-6	12.871734638123772	ENSG00000118193	Merge_vs_Mock	Down	KIF14	9928	kinesin family member 14
-3.6071567826806095	2.211896659593864	-19.074218118007824	9.541077289898584e-10	1.0717355818638936e-6	12.868017428334497	ENSG00000126787	Merge_vs_Mock	Down	DLGAP5	9787	DLG associated protein 5
-3.276424101139566	2.0392476537178834	-18.915035338275377	1.04316423301685e-9	1.0936533818948657e-6	12.787301609449717	ENSG00000090889	Merge_vs_Mock	Down	KIF4A	24137	kinesin family member 4A
-2.436261178492927	3.0382578793199744	-18.579503549855044	1.2620086684575118e-9	1.2403967700101768e-6	12.614316179861742	ENSG00000138180	Merge_vs_Mock	Down	CEP55	55165	centrosomal protein 55
-2.7533937879731916	1.6529265388138636	-18.382077984967523	1.4138049507382305e-9	1.3078527444299655e-6	12.510686924484702	ENSG00000158402	Merge_vs_Mock	Down	CDC25C	995	cell division cycle 25C
-4.042156506820396	3.137024922393382	-18.149305101544748	1.6188011174176046e-9	1.3497479023512028e-6	12.386705083006795	ENSG00000168078	Merge_vs_Mock	Down	PBK	55872	PDZ binding kinase
-4.116811516005639	3.403924134663572	-18.136739632655555	1.6307522666077103e-9	1.3497479023512028e-6	12.379956188015253	ENSG00000178999	Merge_vs_Mock	Down	AURKB	9212	aurora kinase B
-3.8322217002750634	3.557952998335671	-18.020080662344533	1.7464081457250206e-9	1.3732007249835837e-6	12.317021096038449	ENSG00000170312	Merge_vs_Mock	Down	CDK1	983	cyclin dependent kinase 1
-3.3088184257849758	2.161694926916503	-17.639545073362125	2.1902208334536785e-9	1.6097218760060937e-6	12.108187191514261	ENSG00000265415	Merge_vs_Mock	Down	NA	NA	NA
-3.561268788178331	2.307541361478004	-17.593373210832546	2.251931913527538e-9	1.6097218760060937e-6	12.082473162775752	ENSG00000072571	Merge_vs_Mock	Down	HMMR	3161	hyaluronan mediated motility receptor
-2.5325010413824094	1.8921229316531736	-17.346212201421288	2.6161421570270047e-9	1.7649662128685132e-6	11.943412513255346	ENSG00000263513	Merge_vs_Mock	Down	FAM72C	554282	family with sequence similarity 72 member C
-2.9087591952842606	3.264634740284242	-17.18916426286772	2.8805981354830204e-9	1.7649662128685132e-6	11.853797956610645	ENSG00000198901	Merge_vs_Mock	Down	PRC1	9055	protein regulator of cytokinesis 1
-2.526697934511823	1.8114390135454008	-17.180725068867	2.895610222619275e-9	1.7649662128685132e-6	11.848954420199867	ENSG00000215784	Merge_vs_Mock	Down	FAM72D	728833	family with sequence similarity 72 member D
-2.97734862980376	2.2060458938590513	-17.109483505981345	3.0257852843011144e-9	1.7649662128685132e-6	11.807951919637475	ENSG00000134690	Merge_vs_Mock	Down	CDCA8	55143	cell division cycle associated 8
-2.269153593802219	1.681695973722346	-17.107086808084375	3.0302739251843985e-9	1.7649662128685132e-6	11.80656894773372	ENSG00000164109	Merge_vs_Mock	Down	MAD2L1	4085	mitotic arrest deficient 2 like 1
-2.8246793989575196	1.5288653895280615	-16.77638438424524	3.725027421842935e-9	2.0921350441393567e-6	11.613483440758355	ENSG00000024526	Merge_vs_Mock	Down	DEPDC1	55635	DEP domain containing 1
-2.642106692076723	2.5066015111241318	-16.548872554305195	4.30293286482909e-9	2.333376628700078e-6	11.477993070401716	ENSG00000100162	Merge_vs_Mock	Down	CENPM	79019	centromere protein M
-2.7215243888668765	1.7667551529854524	-16.3910911204954	4.7607379047938446e-9	2.4955788096929335e-6	11.382727974064974	ENSG00000121211	Merge_vs_Mock	Down	MND1	84057	meiotic nuclear divisions 1
-2.6993294880504273	2.9364141019036025	-16.241769170302792	5.243152521889031e-9	2.65980053416861e-6	11.291570983997836	ENSG00000187634	Merge_vs_Mock	Down	SAMD11	148398	sterile alpha motif domain containing 11
-2.746528710019757	4.248489076749907	-16.162536403123596	5.520523701204325e-9	2.7129923664106007e-6	11.242801587585664	ENSG00000100526	Merge_vs_Mock	Down	CDKN3	1033	cyclin dependent kinase inhibitor 3
-2.6533194138775786	1.7525626204310987	-16.04030861262694	5.980213545796981e-9	2.849843582460707e-6	11.167017466497732	ENSG00000129810	Merge_vs_Mock	Down	SGO1	151648	shugoshin 1
-3.0035708559007412	1.769867689340725	-15.947729223298435	6.356097347561174e-9	2.939881967286677e-6	11.109167022481358	ENSG00000112742	Merge_vs_Mock	Down	TTK	7272	TTK protein kinase
-2.7826984104816272	1.5352035878277361	-15.820285561319261	6.916196813680161e-9	3.049421836272236e-6	11.028890129714853	ENSG00000075218	Merge_vs_Mock	Down	GTSE1	51512	G2 and S-phase expressed 1
-3.047488373788063	2.0538947190586176	-15.806324506601811	6.980744379104699e-9	3.049421836272236e-6	11.020050573908929	ENSG00000117724	Merge_vs_Mock	Down	CENPF	1063	centromere protein F
-1.9927460212147383	1.3796267207749358	-15.463950864514919	8.787822174402603e-9	3.641663087243878e-6	10.800415804233392	ENSG00000135476	Merge_vs_Mock	Down	ESPL1	9700	extra spindle pole bodies like 1, separase
-2.9801989980633175	2.59101144472855	-15.428827795049754	9.000213155903225e-9	3.641663087243878e-6	10.777569227863392	ENSG00000111665	Merge_vs_Mock	Down	CDCA3	83461	cell division cycle associated 3
-2.996342927575068	4.033855833174716	-15.42377678156668	9.03121330297032e-9	3.641663087243878e-6	10.774278799748952	ENSG00000088325	Merge_vs_Mock	Down	TPX2	22974	TPX2 microtubule nucleation factor
-3.1559233006308975	2.5796841626681033	-15.227629168617728	1.0329665642608426e-8	3.947195999411665e-6	10.645542532704315	ENSG00000138160	Merge_vs_Mock	Down	KIF11	3832	kinesin family member 11
-2.73910320369475	3.9795526695719925	-15.226569071217831	1.0337212362654441e-8	3.947195999411665e-6	10.644841654324487	ENSG00000087586	Merge_vs_Mock	Down	AURKA	6790	aurora kinase A
-2.958750268420976	1.5660156184346172	-15.198130248162906	1.0541919876337908e-8	3.947195999411665e-6	10.626018783558447	ENSG00000109805	Merge_vs_Mock	Down	NCAPG	64151	non-SMC condensin I complex subunit G
-2.0708311174054144	3.55696323166514	-15.15262590757258	1.0878696172627596e-8	3.978566883970734e-6	10.595817562188607	ENSG00000137807	Merge_vs_Mock	Down	KIF23	9493	kinesin family member 23
-2.637896378305263	1.5349307723172372	-14.897130020584394	1.3000583687111202e-8	4.568502483748443e-6	10.424321732603929	ENSG00000171241	Merge_vs_Mock	Down	SHCBP1	79801	SHC binding and spindle associated 1
-2.4482614654729424	1.4373882489387135	-14.889252379901206	1.3072784673068799e-8	4.568502483748443e-6	10.418981577835378	ENSG00000169607	Merge_vs_Mock	Down	CKAP2L	150468	cytoskeleton associated protein 2 like
-3.322540474689474	1.8682613415718676	-14.725691999129786	1.4674786189592576e-8	5.016862774294192e-6	10.307385904020258	ENSG00000093009	Merge_vs_Mock	Down	CDC45	8318	cell division cycle 45
-3.5559022214103138	2.8588866085306446	-14.614869323869033	1.5880996802871502e-8	5.313713951531005e-6	10.230983663746397	ENSG00000011426	Merge_vs_Mock	Down	ANLN	54443	anillin, actin binding protein
-4.121559602251764	3.7466486627976257	-14.35049100598367	1.9216906303038705e-8	6.168899746837537e-6	10.04609349641279	ENSG00000175063	Merge_vs_Mock	Down	UBE2C	11065	ubiquitin conjugating enzyme E2 C
-1.9438303853769638	1.4146244331278262	-14.35016788773692	1.9221422332127643e-8	6.168899746837537e-6	10.045865232084282	ENSG00000142731	Merge_vs_Mock	Down	PLK4	10733	polo like kinase 4
-2.976127287246494	2.6911534251029123	-14.089526408318324	2.326957415263431e-8	7.318746462486543e-6	9.85987607704946	ENSG00000111206	Merge_vs_Mock	Down	FOXM1	2305	forkhead box M1
-1.557502875230381	1.3545796111750368	-13.958931897259731	2.563897254401441e-8	7.905852592689621e-6	9.76526755118724	ENSG00000136982	Merge_vs_Mock	Down	DSCC1	79075	DNA replication and sister chromatid cohesion 1
-3.523685586923359	3.4782730691879933	-13.706086947458738	3.100658464478309e-8	9.27254559865017e-6	9.579337480372615	ENSG00000117399	Merge_vs_Mock	Down	CDC20	991	cell division cycle 20
1.753536123392373	1.6901049144977667	13.695754308055461	3.1250471622056404e-8	9.27254559865017e-6	9.571660837236067	ENSG00000143217	Merge_vs_Mock	Up	NECTIN4	81607	nectin cell adhesion molecule 4
-1.833330033111503	3.1558289420367807	-13.588342828087608	3.391294452992605e-8	9.745852285260844e-6	9.491489043737229	ENSG00000146918	Merge_vs_Mock	Down	NCAPG2	54892	non-SMC condensin II complex subunit G2
-3.505333631585512	1.9036121961252885	-13.581716743037909	3.408507412497433e-8	9.745852285260844e-6	9.486521109765615	ENSG00000186185	Merge_vs_Mock	Down	KIF18B	146909	kinesin family member 18B
1.8157614498089962	2.6008670827287017	13.503381340444754	3.6193580711110124e-8	1.0163933040409246e-5	9.427591554286849	ENSG00000196208	Merge_vs_Mock	Up	GREB1	9687	growth regulating estrogen receptor binding 1
-2.8222317241403996	2.1582234318687936	-13.479033871779258	3.6877472783053324e-8	1.0174300648882397e-5	9.409201212297361	ENSG00000129195	Merge_vs_Mock	Down	PIMREG	54478	PICALM interacting mitotic regulator
-1.926823075529144	1.066292639286193	-13.419834282113921	3.8599602098661114e-8	1.0465816251785252e-5	9.364337925146437	ENSG00000163808	Merge_vs_Mock	Down	KIF15	56992	kinesin family member 15
-2.2538492991070753	1.778972073868566	-13.377430412906069	3.988677954658635e-8	1.0472237348011671e-5	9.33207328603567	ENSG00000152253	Merge_vs_Mock	Down	SPC25	57405	SPC25 component of NDC80 kinetochore complex
-3.5341950213043956	1.9659340329339048	-13.356086536105462	4.055225556721598e-8	1.0472237348011671e-5	9.315791818183445	ENSG00000148773	Merge_vs_Mock	Down	MKI67	4288	marker of proliferation Ki-67
-2.342341205546492	2.2775609200272764	-13.343947814954848	4.093609872818704e-8	1.0472237348011671e-5	9.306519870735954	ENSG00000121152	Merge_vs_Mock	Down	NCAPH	23397	non-SMC condensin I complex subunit H
-2.3022632044338645	2.2035133578490274	-13.329593497927776	4.1395102493717486e-8	1.0472237348011671e-5	9.295544024186409	ENSG00000188610	Merge_vs_Mock	Down	FAM72B	653820	family with sequence similarity 72 member B
-2.116117482921648	1.4951213059950008	-13.31238125881785	4.1952877586464155e-8	1.0472237348011671e-5	9.282366366223176	ENSG00000122966	Merge_vs_Mock	Down	CIT	11113	citron rho-interacting serine/threonine kinase
-2.0790077139432217	3.83062708733183	-13.261804776579599	4.3639622960619236e-8	1.0723073604354657e-5	9.243540418332902	ENSG00000137804	Merge_vs_Mock	Down	NUSAP1	51203	nucleolar and spindle associated protein 1
-2.2708682919681937	2.8578069169925766	-13.239469190137381	4.4407849160227913e-08	1.0743966706057603e-5	9.22634420205139	ENSG00000123219	Merge_vs_Mock	Down	CENPK	64105	centromere protein K
-2.098941583274553	2.0319041064807357	-13.194196696059468	4.601043260540999e-8	1.0963031259889052e-5	9.19139459132959	ENSG00000144554	Merge_vs_Mock	Down	FANCD2	2177	FA complementation group D2
-1.9643555763085665	3.576596395208095	-13.121320539056466	4.872363670572409e-8	1.1375706299216164e-5	9.134868909634807	ENSG00000161800	Merge_vs_Mock	Down	RACGAP1	29127	Rac GTPase activating protein 1
-2.8258541396753016	2.64165453893508	-13.109261713343344	4.918911537242142e-8	1.1375706299216164e-5	9.125483735796692	ENSG00000076382	Merge_vs_Mock	Down	SPAG5	10615	sperm associated antigen 5
-2.182499703744802	5.6776680271755335	-13.072056200490085	5.065597369973285e-8	1.1545157136260852e-5	9.096470039556799	ENSG00000108106	Merge_vs_Mock	Down	UBE2S	27338	ubiquitin conjugating enzyme E2 S
-3.000164603079558	4.25130654796015	-13.046530239764246	5.1689803635301883e-8	1.1577510343771022e-5	9.076514120086902	ENSG00000134057	Merge_vs_Mock	Down	CCNB1	891	cyclin B1
1.9286834342062762	1.1641012591436442	13.010569910415148	5.3185310574289836e-8	1.1577510343771022e-5	9.048331137547382	ENSG00000168824	Merge_vs_Mock	Up	NSG1	27065	neuronal vesicle trafficking associated 1
-2.110488484948946	1.3119909476213056	-13.006689174568622	5.3349489422548425e-8	1.1577510343771022e-5	9.045284832237371	ENSG00000139734	Merge_vs_Mock	Down	DIAPH3	81624	diaphanous related formin 3
-2.607628508364472	2.189407375897519	-12.99744641699982	5.374273528521459e-8	1.1577510343771022e-5	9.038025605144714	ENSG00000156970	Merge_vs_Mock	Down	BUB1B	701	BUB1 mitotic checkpoint serine/threonine kinase B
1.5207893669203614	1.8303112349437083	12.961875286659481	5.5285788050781896e-8	1.1614495506071168e-5	9.010037681314845	ENSG00000198753	Merge_vs_Mock	Up	PLXNB3	5365	plexin B3
-2.836733213471507	2.1301541930481482	-12.959477321351708	5.5391527594769015e-8	1.1614495506071168e-5	9.008148035285892	ENSG00000127564	Merge_vs_Mock	Down	PKMYT1	9088	protein kinase, membrane associated tyrosine/threonine 1
-2.632271395950964	1.5565008095371606	-12.870292756536646	5.948447425113458e-8	1.2308590027280822e-5	8.937608269283508	ENSG00000066279	Merge_vs_Mock	Down	ASPM	259266	assembly factor for spindle microtubules
-1.8154556074049544	2.6379646724068393	-12.632233859713747	7.210828351815629e-8	1.472694631956527e-5	8.746800377884943	ENSG00000073111	Merge_vs_Mock	Down	MCM2	4171	minichromosome maintenance complex component 2
-2.01818134420419	2.820830296485761	-12.604322700555285	7.376928533309423e-8	1.4873022835233844e-5	8.724185873463394	ENSG00000113368	Merge_vs_Mock	Down	LMNB1	4001	lamin B1
-2.1552914424362917	1.6792869429982247	-12.563667650868437	7.626344704712564e-8	1.5049129928657412e-5	8.691153392239302	ENSG00000231864	Merge_vs_Mock	Down	NA	NA	NA
-1.520696269988714	0.8997231288223455	-12.558982934987009	7.655668283686843e-8	1.5049129928657412e-5	8.68733996452279	ENSG00000231304	Merge_vs_Mock	Down	SGO1-AS1	100874028	SGO1 antisense RNA 1
-1.777258464755111	1.3334570189396282	-12.520896047902182	7.898663118370117e-8	1.526676157714529e-5	8.656282296643802	ENSG00000102384	Merge_vs_Mock	Down	CENPI	2491	centromere protein I
-1.8323507455231072	3.345548422887929	-12.511400612586597	7.96053954804727e-8	1.526676157714529e-5	8.648524200541516	ENSG00000140525	Merge_vs_Mock	Down	FANCI	55215	FA complementation group I
1.2771616473149714	3.8802674859463133	12.433357079400288	8.489501612049451e-8	1.60850484760349e-5	8.584530262450551	ENSG00000065357	Merge_vs_Mock	Up	DGKA	1606	diacylglycerol kinase alpha
-1.3202701716361582	1.5807459703720168	-12.355621824085011	9.05451287689461e-8	1.6951341607386266e-5	8.520379249063161	ENSG00000285600	Merge_vs_Mock	Down	NA	NA	NA
-2.3845792069735987	1.2262087369209256	-12.326807059072731	9.274211363846244e-8	1.7158382106805416e-5	8.496495177034747	ENSG00000165480	Merge_vs_Mock	Down	SKA3	221150	spindle and kinetochore associated complex subunit 3
-2.380311674578547	3.4517846191125643	-12.152000409577308	1.073747383925568e-7	1.931772240949196e-5	8.350373281920229	ENSG00000079616	Merge_vs_Mock	Down	KIF22	3835	kinesin family member 22
-1.5180502364575532	2.8912622655973577	-12.147000202383474	1.0782856073496081e-7	1.931772240949196e-5	8.346162308107308	ENSG00000100749	Merge_vs_Mock	Down	VRK1	7443	VRK serine/threonine kinase 1
-1.8871481771456966	3.101126256373159	-12.144035050720005	1.080986628535732e-7	1.931772240949196e-5	8.343664348770432	ENSG00000203760	Merge_vs_Mock	Down	CENPW	387103	centromere protein W
-1.5667696333730117	0.8678471345902297	-12.108868182692438	1.1135869245625961e-7	1.946951193036157e-5	8.31399133647293	ENSG00000140451	Merge_vs_Mock	Down	PIF1	80119	PIF1 5'-to-3' DNA helicase
-3.5381448678721803	2.637177200078729	-12.108173635469834	1.1142414305815474e-7	1.946951193036157e-5	8.313404417448716	ENSG00000101057	Merge_vs_Mock	Down	MYBL2	4605	MYB proto-oncogene like 2
-2.0447566011897833	2.682530574964302	-12.045154254162647	1.1754013728984802e-7	2.031248570351813e-5	8.260008886842597	ENSG00000198826	Merge_vs_Mock	Down	ARHGAP11A	9824	Rho GTPase activating protein 11A
-1.6284115469140767	1.381755026811826	-11.996916633388567	1.224676200095256e-7	2.0933976002932605e-5	8.21894743933293	ENSG00000183763	Merge_vs_Mock	Down	TRAIP	10293	TRAF interacting protein
-3.7468218270946267	4.119868088118659	-11.894061187719913	1.3373949183927493e-7	2.239534109335674e-5	8.130837544953165	ENSG00000167900	Merge_vs_Mock	Down	TK1	7083	thymidine kinase 1
-2.5261352474221006	3.0553866436829034	-11.892968959126502	1.3386506821668153e-7	2.239534109335674e-5	8.129897813273702	ENSG00000013810	Merge_vs_Mock	Down	TACC3	10460	transforming acidic coiled-coil containing protein 3
-2.7887020929792374	3.036691181179732	-11.866605367487788	1.3693530291217527e-7	2.266783761680914e-5	8.107188908797923	ENSG00000122952	Merge_vs_Mock	Down	ZWINT	11130	ZW10 interacting kinetochore protein
-1.7938488845728502	2.1585772984045715	-11.82423914251533	1.4203037173769836e-7	2.3067186619846114e-5	8.070590070920058	ENSG00000164087	Merge_vs_Mock	Down	POC1A	25886	POC1 centriolar protein A
-1.9854487069885873	2.4569926149750123	-11.822194710402288	1.4228138764625925e-7	2.3067186619846114e-5	8.068820645823717	ENSG00000075702	Merge_vs_Mock	Down	WDR62	284403	WD repeat domain 62
1.532806788108204	3.0860874085874275	11.809505930401611	1.4385012274249815e-7	2.308354112498496e-5	8.057831877371154	ENSG00000248583	Merge_vs_Mock	Up	NA	NA	NA
1.3793600804317256	1.759614321941346	11.79686287673751	1.4543188419640339e-7	2.3101634453258987e-5	8.04687100998024	ENSG00000185404	Merge_vs_Mock	Up	SP140L	93349	SP140 nuclear body protein like
-3.072506322685347	2.7130722451629206	-11.773104994066014	1.4845549362647695e-7	2.3346110927699765e-5	8.02624251215701	ENSG00000135451	Merge_vs_Mock	Down	TROAP	10024	trophinin associated protein
-1.7700074322234798	1.9763708294677624	-11.737267693312992	1.531461980445754e-7	2.384531792523755e-5	7.995047289217785	ENSG00000163507	Merge_vs_Mock	Down	CIP2A	57650	cellular inhibitor of PP2A
-1.450625396979803	1.1250707669852635	-11.687590325511241	1.599162894655515e-7	2.4443494586232707e-5	7.951648068498816	ENSG00000140534	Merge_vs_Mock	Down	TICRR	90381	TOPBP1 interacting checkpoint and replication regulator
-3.13025740523135	1.6447914738618508	-11.676294889371935	1.6150051914674326e-7	2.4443494586232707e-5	7.941754631461674	ENSG00000154839	Merge_vs_Mock	Down	SKA1	220134	spindle and kinetochore associated complex subunit 1
-2.969682406279337	2.684861747642075	-11.675228313216284	1.6165098797966436e-7	2.4443494586232707e-5	7.940819950200078	ENSG00000146670	Merge_vs_Mock	Down	CDCA5	113130	cell division cycle associated 5
-1.5358304466491133	1.8709700822057775	-11.613883115048411	1.705666027730681e-7	2.55460037638978e-5	7.886918260171507	ENSG00000138182	Merge_vs_Mock	Down	KIF20B	9585	kinesin family member 20B
-1.8319768751602639	3.6147872366230667	-11.59047075427635	1.7410867384130832e-7	2.5830500045551083e-5	7.866272558927559	ENSG00000123485	Merge_vs_Mock	Down	HJURP	55355	Holliday junction recognition protein
-2.230753620514162	1.6953286508925174	-11.486327760519794	1.908604768409079e-7	2.8051138867290818e-5	7.773935931024372	ENSG00000111247	Merge_vs_Mock	Down	RAD51AP1	10635	RAD51 associated protein 1
5.3805319194697	3.562467134090359	11.415466176046639	2.0325447687458646e-7	2.923724817330329e-5	7.7106367722767395	ENSG00000199334	Merge_vs_Mock	Up	RNA5S11	100169762	RNA, 5S ribosomal 11
-2.690907764563977	3.29648243876665	-11.411925663617051	2.038962086669133e-7	2.923724817330329e-5	7.707464029068861	ENSG00000100297	Merge_vs_Mock	Down	MCM5	4174	minichromosome maintenance complex component 5
1.5931929231297333	3.9605970351242092	11.408560001641241	2.0450828558205277e-7	2.923724817330329e-5	7.704447081629031	ENSG00000279208	Merge_vs_Mock	Up	NA	NA	NA
1.6337625628939438	7.934385432088855	11.360019969966817	2.1356089600633793e-7	3.0256384239600633e-5	7.66083932723191	ENSG00000233276	Merge_vs_Mock	Up	GPX1	2876	glutathione peroxidase 1
-1.4247260485652733	0.9776048686695504	-11.300191443679891	2.253212462473388e-7	3.163751712933616e-5	7.60683952496791	ENSG00000165244	Merge_vs_Mock	Down	ZNF367	195828	zinc finger protein 367
-2.2197936179538376	1.9080278464784164	-11.284965367776016	2.2842504806181305e-7	3.178948943203604e-5	7.5930524304593465	ENSG00000109674	Merge_vs_Mock	Down	NEIL3	55247	nei like DNA glycosylase 3
-1.892551318662314	1.7735976702601512	-11.252111443204653	2.3528134156768018e-7	3.2186034191619405e-5	7.563241802660205	ENSG00000163535	Merge_vs_Mock	Down	SGO2	151246	shugoshin 2
1.2295309286736913	3.86074249052628	11.251703835127435	2.3536779422842627e-7	3.2186034191619405e-5	7.562871421556322	ENSG00000164938	Merge_vs_Mock	Up	TP53INP1	94241	tumor protein p53 inducible nuclear protein 1
-3.2906483073631616	2.9492323824932716	-11.22435394585049	2.41248075235627e-7	3.258162475537472e-5	7.537989640101912	ENSG00000171848	Merge_vs_Mock	Down	RRM2	6241	ribonucleotide reductase regulatory subunit M2
-1.896228484368716	1.4109963603810696	-11.219061248939719	2.424043047423911e-7	3.258162475537472e-5	7.5331677831071335	ENSG00000138778	Merge_vs_Mock	Down	CENPE	1062	centromere protein E
-1.5035622803021478	0.8134917664589423	-11.195162038109208	2.4770060329732576e-7	3.301135328350632e-5	7.511367195267354	ENSG00000267374	Merge_vs_Mock	Down	MIR924HG	647946	MIR924 host gene
1.1675830018237408	4.027069296184514	11.17407815679024	2.5247724112535616e-7	3.336518566333908e-5	7.4920973128303565	ENSG00000124201	Merge_vs_Mock	Up	ZNFX1	57169	zinc finger NFX1-type containing 1
1.1444347355949533	0.7305606465078228	11.151662202343052	2.576654163747045e-7	3.3577713858770585e-5	7.471571397753008	ENSG00000162511	Merge_vs_Mock	Up	LAPTM5	7805	lysosomal protein transmembrane 5
-2.234853807590574	1.4356490198788687	-11.148716256037648	2.583558042039451e-7	3.3577713858770585e-5	7.468870882969661	ENSG00000171320	Merge_vs_Mock	Down	ESCO2	157570	establishment of sister chromatid cohesion N-acetyltransferase 2
1.4365769003632654	1.3652121144039904	11.118708683421737	2.655035058100998e-7	3.4223837150570735e-5	7.441324009390067	ENSG00000136842	Merge_vs_Mock	Up	TMOD1	7111	tropomodulin 1
-1.8697858265000338	2.2877211849770243	-11.099865753824277	2.7010121267379673e-7	3.453342821551323e-5	7.423989604754109	ENSG00000091651	Merge_vs_Mock	Down	ORC6	23594	origin recognition complex subunit 6
-1.5590234950934172	4.152872540492167	-11.06621432000413	2.7852837154576235e-7	3.532368686232789e-5	7.392961663663613	ENSG00000010292	Merge_vs_Mock	Down	NCAPD2	9918	non-SMC condensin I complex subunit D2
1.9057350359940273	2.322273182886291	10.894268276789077	3.262786568902544e-7	4.104846526604913e-5	7.232994927506294	ENSG00000069812	Merge_vs_Mock	Up	HES2	54626	hes family bHLH transcription factor 2
-2.4739085438848982	1.4023720137867135	-10.816898949277151	3.5059798157220973e-7	4.37579671286077e-5	7.16022850416117	ENSG00000174371	Merge_vs_Mock	Down	EXO1	9156	exonuclease 1
1.5705462147071207	3.154029894759264	10.78962798272872	3.5963249730052507e-7	4.4204556168351966e-5	7.13446210647713	ENSG00000136114	Merge_vs_Mock	Up	THSD1	55901	thrombospondin type 1 domain containing 1
-1.2682683583454972	3.6473170535346493	-10.78913538649439	3.5979798992426884e-7	4.4204556168351966e-5	7.133996119967458	ENSG00000165501	Merge_vs_Mock	Down	LRR1	122769	leucine rich repeat protein 1
-2.0764214870601	3.699133129945343	-10.774453020832814	3.6476875992724226e-7	4.4467856733455907e-5	7.120097626497758	ENSG00000077942	Merge_vs_Mock	Down	FBLN1	2192	fibulin 1
-1.4116460214724469	0.8002304324864244	-10.69875701727248	3.916048275898594e-7	4.737213475906253e-5	7.048157511149725	ENSG00000057593	Merge_vs_Mock	Down	F7	2155	coagulation factor VII
-1.7158189200300016	1.8370586828116913	-10.68340548009152	3.973040076429947e-7	4.769467804728041e-5	7.033509110126854	ENSG00000183856	Merge_vs_Mock	Down	IQGAP3	128239	IQ motif containing GTPase activating protein 3
-1.146592191189404	1.80796665904012	-10.6093318629422	4.2609564950167107e-7	5.076348624290363e-5	6.962548664808811	ENSG00000205208	Merge_vs_Mock	Down	C4orf46	201725	chromosome 4 open reading frame 46
-1.3910149238896405	6.904257728921891	-10.581496547164846	4.374926695519013e-7	5.1369645621373206e-5	6.935762888568446	ENSG00000182481	Merge_vs_Mock	Down	KPNA2	3838	karyopherin subunit alpha 2
-2.001493570760576	3.345076505329141	-10.58095733905457	4.3771668022790343e-7	5.1369645621373206e-5	6.9352433596414365	ENSG00000233966	Merge_vs_Mock	Down	NA	NA	NA
-1.8970722164495146	1.6511918272451316	-10.552017470430597	4.499237971435638e-7	5.2411123213923585e-5	6.907323257880824	ENSG00000143476	Merge_vs_Mock	Down	DTL	51514	denticleless E3 ubiquitin protein ligase homolog
-3.8676380232173693	3.1328888099740384	-10.530988095884114	4.5902539116827915e-7	5.307818604053204e-5	6.886989928167978	ENSG00000171564	Merge_vs_Mock	Down	FGB	2244	fibrinogen beta chain
1.1448384853378895	0.6801670191524822	10.491245455089125	4.7677550407448126e-7	5.4562580193404304e-5	6.848458943349652	ENSG00000182175	Merge_vs_Mock	Up	RGMA	56963	repulsive guidance molecule BMP co-receptor a
-1.118496482029764	3.8784904636944675	-10.481646106708585	4.811734017431769e-7	5.4562580193404304e-5	6.8391318431961015	ENSG00000143815	Merge_vs_Mock	Down	LBR	3930	lamin B receptor
-2.4202892805374976	1.2992210559551665	-10.477141855090714	4.832521328032236e-7	5.4562580193404304e-5	6.834752593128552	ENSG00000065328	Merge_vs_Mock	Down	MCM10	55388	minichromosome maintenance 10 replication initiation factor
-2.2022863761070406	3.0061990251393307	-10.465681463601214	4.885851397146473e-7	5.4562580193404304e-5	6.823602337518915	ENSG00000133119	Merge_vs_Mock	Down	RFC3	5983	replication factor C subunit 3
2.0077468773688065	2.5688404549437576	10.464346544817671	4.892104672052656e-7	5.4562580193404304e-5	6.822302804528601	ENSG00000132517	Merge_vs_Mock	Up	SLC52A1	55065	solute carrier family 52 member 1
-1.2612243516985338	5.735542847736197	-10.444945013721986	4.983974180152161e-7	5.519575912469922e-5	6.803398131345677	ENSG00000140859	Merge_vs_Mock	Down	KIFC3	3801	kinesin family member C3
1.3771300570502032	0.8541290674842158	10.399763343939648	5.205241287333497e-7	5.688840088332713e-5	6.759246719461689	ENSG00000091592	Merge_vs_Mock	Up	NLRP1	22861	NLR family pyrin domain containing 1
-1.1648595909974568	1.6923423521372458	-10.398981424732566	5.209162995802561e-7	5.688840088332713e-5	6.758481063758818	ENSG00000138346	Merge_vs_Mock	Down	DNA2	1763	DNA replication helicase/nuclease 2
-2.3674134105236346	3.590473660743799	-10.37919473645027	5.309475652008317e-7	5.7584009726539855e-5	6.739088141507622	ENSG00000077684	Merge_vs_Mock	Down	JADE1	79960	jade family PHD finger 1
1.3067602416030772	3.6859653030028716	10.369970611991215	5.356952471032224e-7	5.770098257496764e-5	6.730035872255279	ENSG00000105939	Merge_vs_Mock	Up	ZC3HAV1	56829	zinc finger CCCH-type containing, antiviral 1
-1.7728426089162168	3.3095467115092965	-10.360801609100594	5.404601541261225e-7	5.781820669243131e-5	6.7210303056111425	ENSG00000107249	Merge_vs_Mock	Down	GLIS3	169792	GLIS family zinc finger 3
-1.9326537607689338	4.4769626097112845	-10.339667424831866	5.516188134917694e-7	5.861322608764572e-5	6.70024471661039	ENSG00000168393	Merge_vs_Mock	Down	DTYMK	1841	deoxythymidylate kinase
-2.2162739114787158	1.484251361192825	-10.28094813565095	5.839527138553086e-7	6.131593890554472e-5	6.6422873035315835	ENSG00000080986	Merge_vs_Mock	Down	NDC80	10403	NDC80 kinetochore complex component
-1.5759281946797197	2.7851973290401033	-10.279364784640363	5.848525267602511e-7	6.131593890554472e-5	6.64072027331115	ENSG00000213186	Merge_vs_Mock	Down	TRIM59	286827	tripartite motif containing 59
-1.4282351186702167	4.810569842237443	-10.262624870945535	5.944581449582479e-7	6.156798774114135e-5	6.624139299038431	ENSG00000143401	Merge_vs_Mock	Down	ANP32E	81611	acidic nuclear phosphoprotein 32 family member E
-1.4204826764285565	5.597057735622548	-10.261539626470515	5.950867440323975e-7	6.156798774114135e-5	6.623063499409355	ENSG00000148498	Merge_vs_Mock	Down	PARD3	56288	par-3 family cell polarity regulator
-1.3478871312534864	4.4168428421042645	-10.223869585703586	6.173584660387317e-7	6.301734546140411e-5	6.5856563050839245	ENSG00000106268	Merge_vs_Mock	Down	NUDT1	4521	nudix hydrolase 1
-2.3044916980618275	2.9564228711768443	-10.222631929487674	6.181053556458791e-7	6.301734546140411e-5	6.5844251372293705	ENSG00000071539	Merge_vs_Mock	Down	TRIP13	9319	thyroid hormone receptor interactor 13
-1.5776130049908468	2.065296109875071	-10.217657495133885	6.211171656185704e-7	6.301734546140411e-5	6.579475400433285	ENSG00000092470	Merge_vs_Mock	Down	WDR76	79968	WD repeat domain 76
-1.362806583592321	1.0127479062696563	-10.189074496482915	6.387338205894729e-7	6.438928245250032e-5	6.550991392564306	ENSG00000196584	Merge_vs_Mock	Down	XRCC2	7516	X-ray repair cross complementing 2
-1.984103850869055	3.5717196959490325	-10.168622050219357	6.516711154214455e-7	6.527503159947548e-5	6.530564796691715	ENSG00000113810	Merge_vs_Mock	Down	SMC4	10051	structural maintenance of chromosomes 4
-1.2607495284730486	0.6963711561171053	-10.127690434092568	6.784227656338048e-7	6.752453425542541e-5	6.489571783426406	ENSG00000007968	Merge_vs_Mock	Down	E2F2	1870	E2F transcription factor 2
-1.8696281156514996	6.443340626816259	-10.079655028648883	7.113427859523842e-7	7.035582799929052e-5	6.441270989518507	ENSG00000173207	Merge_vs_Mock	Down	CKS1B	1163	CDC28 protein kinase regulatory subunit 1B
-1.4133856946871948	1.349779092586404	-10.056317141795097	7.279575593127636e-7	7.154912861095324e-5	6.417728441886107	ENSG00000285948	Merge_vs_Mock	Down	NA	NA	NA
-1.4209622310399033	1.451952478483845	-10.010320727219831	7.619464764670123e-7	7.44246601796288e-5	6.371182949275651	ENSG00000154920	Merge_vs_Mock	Down	EME1	146956	essential meiotic structure-specific endonuclease 1
-1.3943003865630375	1.8708604422739883	-9.990494264322564	7.771235854652644e-7	7.510802531269257e-5	6.351059951377234	ENSG00000289194	Merge_vs_Mock	Down	NA	NA	NA
-1.4583784282436962	3.6080639807674943	-9.98872376114058	7.784947301264713e-7	7.510802531269257e-5	6.349261208639026	ENSG00000104889	Merge_vs_Mock	Down	RNASEH2A	10535	ribonuclease H2 subunit A
-2.376097461154584	1.7558342779523837	-9.978438786585446	7.865117654375725e-7	7.541880501994674e-5	6.338806476963562	ENSG00000105011	Merge_vs_Mock	Down	ASF1B	55723	anti-silencing function 1B histone chaperone
-2.11605103222205	2.335379004840636	-9.951624038577044	8.078368271335058e-7	7.698380280083859e-5	6.311503238730008	ENSG00000185480	Merge_vs_Mock	Down	PARPBP	55010	PARP1 binding protein
-1.4765544365715288	1.2267182152407259	-9.945710872683415	8.126231250756204e-7	7.698380280083859e-5	6.305473405014096	ENSG00000186193	Merge_vs_Mock	Down	SAPCD2	89958	suppressor APC domain containing 2
-1.8831978762725987	1.1578873037352606	-9.903379496215717	8.4779695832298905e-07	7.983505968016363e-5	6.262212105633752	ENSG00000285542	Merge_vs_Mock	Down	NA	NA	NA
-1.4943255738961385	5.766940350703255	-9.87951851889411	8.683468226281237e-7	8.128346507529686e-5	6.237753477438277	ENSG00000147408	Merge_vs_Mock	Down	CSGALNACT1	55790	chondroitin sulfate N-acetylgalactosaminyltransferase 1
-2.1174159765075133	2.3865431812564024	-9.870474732502755	8.762759592320809e-7	8.144168101676877e-5	6.228469279631998	ENSG00000101412	Merge_vs_Mock	Down	E2F1	1869	E2F transcription factor 1
-1.5265971561049634	1.230159772881564	-9.865811966263786	8.803946186475067e-7	8.144168101676877e-5	6.2236795749567335	ENSG00000197299	Merge_vs_Mock	Down	BLM	641	BLM RecQ like helicase
-1.315453047825729	1.3410110181379769	-9.855808548910208	8.893015711036696e-7	8.178454097763923e-5	6.213396960085106	ENSG00000138376	Merge_vs_Mock	Down	BARD1	580	BRCA1 associated RING domain 1
-1.528779274851605	0.8452251308867832	-9.838317031411108	9.051110525187809e-7	8.275451402273459e-5	6.195394712153352	ENSG00000137812	Merge_vs_Mock	Down	KNL1	57082	kinetochore scaffold 1
2.1572693446872946	2.9320458855250027	9.822546563980074	9.196258856874068e-7	8.359558773595467e-5	6.179139137625635	ENSG00000138646	Merge_vs_Mock	Up	HERC5	51191	HECT and RLD domain containing E3 ubiquitin protein ligase 5
5.505219722919568	3.4247525177102442	9.788742105600752	9.515945614064011e-7	8.495897464566075e-5	6.144215923922712	ENSG00000199352	Merge_vs_Mock	Up	RNA5S1	100169751	RNA, 5S ribosomal 1
2.094714388076918	3.2552606993528674	9.781538591170872	9.585611050322824e-7	8.495897464566075e-5	6.136760065506341	ENSG00000259207	Merge_vs_Mock	Up	ITGB3	3690	integrin subunit beta 3
-1.4138816456530998	1.323849024807383	-9.779776016991297	9.602740862683525e-7	8.495897464566075e-5	6.134934999781901	ENSG00000258725	Merge_vs_Mock	Down	PRC1-AS1	100507118	PRC1 antisense RNA 1
-1.049648847988105	4.753205288561813	-9.777308991671108	9.62677262100526e-7	8.495897464566075e-5	6.13238001309375	ENSG00000157399	Merge_vs_Mock	Down	ARSL	415	arylsulfatase L
-1.0771778265769205	5.263511012475618	-9.774138285578646	9.657754667597452e-7	8.495897464566075e-5	6.129095409948441	ENSG00000184990	Merge_vs_Mock	Down	SIVA1	10572	SIVA1 apoptosis inducing factor
1.0363493820509806	1.7290198077410341	9.772395319076972	9.674831721925655e-7	8.495897464566075e-5	6.127289427693787	ENSG00000290397	Merge_vs_Mock	Up	NA	NA	NA
-1.2587206655525969	0.7592850161902377	-9.767353385027521	9.72441525894629e-7	8.495897464566075e-5	6.122063585634777	ENSG00000051341	Merge_vs_Mock	Down	POLQ	10721	DNA polymerase theta
-1.006557941360894	6.376651070346883	-9.735956213157056	1.0039436190651177e-6	8.722661521225437e-5	6.089466899459678	ENSG00000183207	Merge_vs_Mock	Down	RUVBL2	10856	RuvB like AAA ATPase 2
5.449223547759778	3.4209415039855173	9.707543124675299	1.0334046668546297e-6	8.929297687338409e-5	6.059887447923661	ENSG00000200343	Merge_vs_Mock	Up	RNA5S8	100169759	RNA, 5S ribosomal 8
-1.8358750573767169	2.5151480608337784	-9.695314865725223	1.046370650217823e-6	8.933820213878594e-5	6.04713349746412	ENSG00000276043	Merge_vs_Mock	Down	UHRF1	29128	ubiquitin like with PHD and ring finger domains 1
-2.1886386625082173	2.399404745868589	-9.691015763739701	1.0509708378275084e-6	8.933820213878594e-5	6.042646179817627	ENSG00000012048	Merge_vs_Mock	Down	BRCA1	672	BRCA1 DNA repair associated
-1.0393254718027232	1.1593251715294959	-9.667837670014562	1.076152097381196e-6	9.073311310543645e-5	6.018422836441468	ENSG00000172167	Merge_vs_Mock	Down	MTBP	27085	MDM2 binding protein
1.1409130230243605	3.0385264382590385	9.665326024118738	1.078919760315186e-6	9.073311310543645e-5	6.015794829403946	ENSG00000172667	Merge_vs_Mock	Up	ZMAT3	64393	zinc finger matrin-type 3
-2.365316545363931	2.6797391288515726	-9.630856751144794	1.1176905763671094e-6	9.250228878842872e-5	5.9796673417018535	ENSG00000175643	Merge_vs_Mock	Down	RMI2	116028	RecQ mediated genome instability 2
-1.9338045052560382	5.035602669932698	-9.630484415554546	1.118117516446325e-6	9.250228878842872e-5	5.979276469281805	ENSG00000114346	Merge_vs_Mock	Down	ECT2	1894	epithelial cell transforming 2
-1.450342274281741	2.243661784155349	-9.624889214010103	1.1245545637800947e-6	9.250228878842872e-5	5.973401097977341	ENSG00000101868	Merge_vs_Mock	Down	POLA1	5422	DNA polymerase alpha 1, catalytic subunit
5.40298501960687	3.3880623478632734	9.611513878346845	1.140105351119258e-6	9.250228878842872e-5	5.959343762602387	ENSG00000200370	Merge_vs_Mock	Up	RNA5S17	100169768	RNA, 5S ribosomal 17
5.40298501960687	3.3880623478632734	9.611513878346845	1.140105351119258e-6	9.250228878842872e-5	5.959343762602387	ENSG00000201925	Merge_vs_Mock	Up	RNA5S15	100169766	RNA, 5S ribosomal 15
3.1785392564027313	1.1831082256513283	9.608874413648953	1.1432015072431906e-6	9.250228878842872e-5	5.956567670052097	ENSG00000240386	Merge_vs_Mock	Up	LCE1F	353137	late cornified envelope 1F
-1.3040968424588102	3.1082741904152718	-9.606166645932008	1.1463872370886135e-6	9.250228878842872e-5	5.953719038430325	ENSG00000142856	Merge_vs_Mock	Down	ITGB3BP	23421	integrin subunit beta 3 binding protein
-1.8325727855859433	1.633871838203737	-9.605634651992467	1.1470142638778837e-6	9.250228878842872e-5	5.953159285620671	ENSG00000146410	Merge_vs_Mock	Down	MTFR2	113115	mitochondrial fission regulator 2
5.496497794276091	3.4114405415305784	9.580919846500688	1.1765568940873073e-6	9.427713384818437e-5	5.927124658275588	ENSG00000200624	Merge_vs_Mock	Up	RNA5S6	100169757	RNA, 5S ribosomal 6
-1.7019518812122265	2.712626987910142	-9.574031816804824	1.1849363411200492e-6	9.427713384818437e-5	5.9198582326478135	ENSG00000149929	Merge_vs_Mock	Down	HIRIP3	8479	HIRA interacting protein 3
-1.301759524944151	3.3108294967711935	-9.572337799151377	1.1870070267035804e-6	9.427713384818437e-5	5.918070447298204	ENSG00000231742	Merge_vs_Mock	Down	LINC01273	101927541	long intergenic non-protein coding RNA 1273
3.09772604525239	3.334983273957618	9.55091094306797	1.2135387145626066e-6	9.544878329355744e-5	5.895433465603368	ENSG00000271503	Merge_vs_Mock	Up	CCL5	6352	C-C motif chemokine ligand 5
-1.5984174863085272	3.1947063548825727	-9.545534464043376	1.2202963006152436e-6	9.544878329355744e-5	5.889746319636371	ENSG00000166451	Merge_vs_Mock	Down	CENPN	55839	centromere protein N
5.410017787990426	3.4044448553920628	9.541712014782256	1.2251254056104705e-6	9.544878329355744e-5	5.885701284330706	ENSG00000201355	Merge_vs_Mock	Up	RNA5S14	100169765	RNA, 5S ribosomal 14
5.39363409750121	3.3857246173368583	9.535826689533742	1.2326011057168918e-6	9.544878329355744e-5	5.879470460766285	ENSG00000201588	Merge_vs_Mock	Up	RNA5S2	100169753	RNA, 5S ribosomal 2
5.380531919469701	3.382449072828981	9.527518080518712	1.2432390327650884e-6	9.544878329355744e-5	5.870668334276536	ENSG00000199337	Merge_vs_Mock	Up	RNA5S3	100169754	RNA, 5S ribosomal 3
5.417811003174945	3.439312856916023	9.526827285502609	1.2441279522258563e-6	9.544878329355744e-5	5.869936203351115	ENSG00000200381	Merge_vs_Mock	Up	RNA5S4	100169755	RNA, 5S ribosomal 4
5.424273906722087	3.3933845696420777	9.522533363468495	1.249668836530417e-6	9.544878329355744e-5	5.86538429416767	ENSG00000202257	Merge_vs_Mock	Up	RNA5S16	100169767	RNA, 5S ribosomal 16
-1.4363073692146187	1.5673525133076418	-9.520267037934756	1.2526040615188897e-6	9.544878329355744e-5	5.862981076109897	ENSG00000100479	Merge_vs_Mock	Down	POLE2	5427	DNA polymerase epsilon 2, accessory subunit
-1.930892661025754	2.227238165906511	-9.51725130820066	1.256521442056833e-6	9.544878329355744e-5	5.859782408148833	ENSG00000112029	Merge_vs_Mock	Down	FBXO5	26271	F-box protein 5
5.394738623452429	3.4006250642575635	9.512703759544157	1.2624537024710638e-6	9.544878329355744e-5	5.854957315143279	ENSG00000202526	Merge_vs_Mock	Up	RNA5S13	100169764	RNA, 5S ribosomal 13
-1.4958730977504655	1.1611953488925144	-9.490492321542742	1.2918669441824467e-6	9.685564587701598e-5	5.831361139911586	ENSG00000137310	Merge_vs_Mock	Down	TCF19	6941	transcription factor 19
5.373985712686011	3.402132045217076	9.48936495578161	1.2933794756564515e-6	9.685564587701598e-5	5.830162198896343	ENSG00000202521	Merge_vs_Mock	Up	RNA5S7	100169758	RNA, 5S ribosomal 7
-1.016515021435385	6.991468018029214	-9.459558377691435	1.334072267319261e-6	9.942948092825924e-5	5.798417873571715	ENSG00000164032	Merge_vs_Mock	Down	H2AZ1	3015	H2A.Z variant histone 1
-1.9940822478488367	1.3635558321816472	-9.432744129640556	1.3718643061345684e-6	1.0176385885977464e-4	5.76978553517727	ENSG00000131153	Merge_vs_Mock	Down	GINS2	51659	GINS complex subunit 2
-1.868393600277018	2.204252994448181	-9.42587205294218	1.3817350902717649e-6	1.0201486398879707e-4	5.762436061807662	ENSG00000035499	Merge_vs_Mock	Down	DEPDC1B	55789	DEP domain containing 1B
-1.5460711709168597	1.4847645601367632	-9.413418401458204	1.399819263176454e-6	1.0286709220893885e-4	5.749105340855046	ENSG00000123473	Merge_vs_Mock	Down	STIL	6491	STIL centriolar assembly protein
1.870081652476283	3.251833647755674	9.400773220285744	1.4184436959655083e-6	1.0313123889974248e-4	5.73555385272401	ENSG00000107201	Merge_vs_Mock	Up	RIGI	23586	RNA sensor RIG-I
-1.1412089468157642	6.425826409694802	-9.397648026071412	1.423087806259959e-6	1.0313123889974248e-4	5.732202220626103	ENSG00000149136	Merge_vs_Mock	Down	SSRP1	6749	structure specific recognition protein 1
-1.6295333822210027	1.4819610199491164	-9.322002888733309	1.540665102455686e-6	1.1113990551017485e-4	5.6507789614348365	ENSG00000051180	Merge_vs_Mock	Down	RAD51	5888	RAD51 recombinase
5.380531919469701	3.437600807335116	9.315644642306886	1.5510159190463603e-6	1.1137569106357564e-4	5.643908940503405	ENSG00000199270	Merge_vs_Mock	Up	RNA5S12	100169763	RNA, 5S ribosomal 12
1.02283950008536	2.0272938890355467	9.306299107234642	1.5663665377122207e-6	1.1196672805482901e-4	5.633803808158474	ENSG00000187994	Merge_vs_Mock	Up	RINL	126432	Ras and Rab interactor like
-1.5559004631325437	2.012852311006932	-9.292481639998163	1.589364280884057e-6	1.1309657321802117e-4	5.618847162099016	ENSG00000167670	Merge_vs_Mock	Down	CHAF1A	10036	chromatin assembly factor 1 subunit A
3.984354521690816	5.340868923171501	9.279839796920367	1.6107252718303453e-6	1.1410029560722527e-4	5.605146204916261	ENSG00000187608	Merge_vs_Mock	Up	ISG15	9636	ISG15 ubiquitin like modifier
-1.2394941794245202	2.3919809011237567	-9.24461162922394	1.671904811743631e-6	1.1790302721740063e-4	5.566881451067864	ENSG00000129534	Merge_vs_Mock	Down	MIS18BP1	55320	MIS18 binding protein 1
-1.2705352648846522	0.887044492488088	-9.20564244469742	1.7425206080707802e-6	1.2187466265778232e-4	5.524406540341724	ENSG00000186871	Merge_vs_Mock	Down	ERCC6L	54821	ERCC excision repair 6 like, spindle assembly checkpoint helicase
-2.0595167240271	2.8065388543155407	-9.204993387938806	1.7437237121964278e-6	1.2187466265778232e-4	5.523697784821458	ENSG00000156802	Merge_vs_Mock	Down	ATAD2	29028	ATPase family AAA domain containing 2
-1.2441790373798174	4.661540991131402	-9.180720926256027	1.7893664902576636e-6	1.2400739997841845e-4	5.497161927960859	ENSG00000167325	Merge_vs_Mock	Down	RRM1	6240	ribonucleotide reductase catalytic subunit M1
-2.4412123244988324	2.3432519155851113	-9.17791676120497	1.7947221741424412e-6	1.2400739997841845e-4	5.494092396546186	ENSG00000172572	Merge_vs_Mock	Down	PDE3A	5139	phosphodiesterase 3A
-1.3889351364704758	4.146711971092724	-9.17626009164503	1.7978943911407483e-6	1.2400739997841845e-4	5.492278573435678	ENSG00000120802	Merge_vs_Mock	Down	TMPO	7112	thymopoietin
2.0741253270767164	1.5456685592405262	9.155901312567527	1.837376379520561e-6	1.2617720936393162e-4	5.469965584356624	ENSG00000157111	Merge_vs_Mock	Up	TMEM171	134285	transmembrane protein 171
-1.1058316291754047	1.2472413337191037	-9.150451086630534	1.8481043458879907e-6	1.2636212584101974e-4	5.463984986922451	ENSG00000164626	Merge_vs_Mock	Down	KCNK5	8645	potassium two pore domain channel subfamily K member 5
-2.65959801078471	3.3930656124711382	-9.132523294808752	1.8838727737887618e-6	1.2784726460891106e-4	5.444291079399122	ENSG00000171557	Merge_vs_Mock	Down	FGG	2266	fibrinogen gamma chain
1.060248779271756	1.0172868218604378	9.131426820797786	1.8860845344822184e-6	1.2784726460891106e-4	5.443085516084151	ENSG00000278041	Merge_vs_Mock	Up	NA	NA	NA
-1.4302936215652702	3.7969078546951742	-9.068972189316973	2.016817488862421e-6	1.3612219669463703e-4	5.374212392781043	ENSG00000079819	Merge_vs_Mock	Down	EPB41L2	2037	erythrocyte membrane protein band 4.1 like 2
-2.3441429566854537	1.7743821773572075	-9.051579213134122	2.0549449248424547e-6	1.381028371285147e-4	5.354960015672001	ENSG00000285588	Merge_vs_Mock	Down	NA	NA	NA
-1.982199638098061	5.906977824255017	-9.041877994122936	2.07654886491275e-6	1.3896088276433153e-4	5.3442080214599255	ENSG00000115875	Merge_vs_Mock	Down	SRSF7	6432	serine and arginine rich splicing factor 7
-1.4568943099237912	2.7728306337084017	-8.996114740939372	2.181822670193749e-6	1.453870479299445e-4	5.293355619219957	ENSG00000136824	Merge_vs_Mock	Down	SMC2	10592	structural maintenance of chromosomes 2
-3.305017160819974	3.623111400802881	-8.992073724378741	2.1913919197214263e-6	1.4540856257189513e-4	5.288854695407462	ENSG00000088002	Merge_vs_Mock	Down	SULT2B1	6820	sulfotransferase family 2B member 1
-2.190106223454978	5.1718804600038935	-8.983817323196062	2.211084572374107e-6	1.46098806660316e-4	5.279653313548451	ENSG00000113645	Merge_vs_Mock	Down	WWC1	23286	WW and C2 domain containing 1
1.0189489479562515	1.0949937191329229	8.976401462355886	2.2289354420108166e-6	1.4639790116457684e-4	5.271382578997475	ENSG00000196337	Merge_vs_Mock	Up	CGB7	94027	chorionic gonadotropin subunit beta 7
-1.7488591014131862	2.417365777545796	-8.97413242060614	2.234428354836885e-6	1.4639790116457684e-4	5.268850816681772	ENSG00000224126	Merge_vs_Mock	Down	NA	NA	NA
5.373985712686011	3.4681158339091427	8.970382202528837	2.24353899152124e-6	1.4639790116457684e-4	5.264665194629059	ENSG00000199910	Merge_vs_Mock	Up	RNA5S10	100169761	RNA, 5S ribosomal 10
-1.8492825642331807	3.925737821456946	-8.958224922328851	2.273350375244877e-6	1.4773019835165676e-4	5.251086276370049	ENSG00000160867	Merge_vs_Mock	Down	FGFR4	2264	fibroblast growth factor receptor 4
-1.6234950760309879	5.393101222366658	-8.945186963246128	2.3057974867344042e-6	1.489765586760163e-4	5.236506405796407	ENSG00000136527	Merge_vs_Mock	Down	TRA2B	6434	transformer 2 beta homolog
5.439745158937571	3.4547177806468468	8.941439561616113	2.3152158072356333e-6	1.489765586760163e-4	5.232312509505062	ENSG00000199396	Merge_vs_Mock	Up	RNA5S5	100169756	RNA, 5S ribosomal 5
-1.3688159385402083	1.2716306886083888	-8.939166143083995	2.3209498204008647e-6	1.489765586760163e-4	5.2297674962524034	ENSG00000136492	Merge_vs_Mock	Down	BRIP1	83990	BRCA1 interacting helicase 1
-1.6064272034066471	2.3633561593569476	-8.930089493640217	2.34399627552323e-6	1.4984424971088746e-4	5.219601064915951	ENSG00000136943	Merge_vs_Mock	Down	CTSV	1515	cathepsin V
1.2557647381351122	7.074302208589211	8.911855911042204	2.3910435235649304e-6	1.522329977796846e-4	5.199151966160125	ENSG00000108679	Merge_vs_Mock	Up	LGALS3BP	3959	galectin 3 binding protein
-1.257245997533037	2.48604498920674	-8.891306074915892	2.445292920683338e-6	1.546121885163572e-4	5.176062971021286	ENSG00000119969	Merge_vs_Mock	Down	HELLS	3070	helicase, lymphoid specific
-1.8270278213758697	2.6717986600973624	-8.890265344858248	2.4480754763177503e-6	1.546121885163572e-4	5.174892455466356	ENSG00000198056	Merge_vs_Mock	Down	PRIM1	5557	DNA primase subunit 1
-1.2096464345798439	4.067108531362234	-8.878677986027785	2.479288147860763e-6	1.5595714165303343e-4	5.161852308850635	ENSG00000144283	Merge_vs_Mock	Down	PKP4	8502	plakophilin 4
-1.0301363542776079	7.0616564255817575	-8.869873517056252	2.5032918983515223e-6	1.5636639749144106e-4	5.151934417247148	ENSG00000189403	Merge_vs_Mock	Down	HMGB1	3146	high mobility group box 1
-1.5300419916250865	0.7055579442626345	-8.869002365970347	2.5056805397331263e-6	1.5636639749144106e-4	5.150952650929167	ENSG00000156509	Merge_vs_Mock	Down	FBXO43	286151	F-box protein 43
-1.3730250082864466	2.611509690489951	-8.859106765170212	2.5329871109509535e-6	1.5705914921039873e-4	5.13979487264068	ENSG00000184445	Merge_vs_Mock	Down	KNTC1	9735	kinetochore associated 1
-2.023277021521151	1.495727127839908	-8.85775003651223	2.536755939173425e-6	1.5705914921039873e-4	5.138264280650878	ENSG00000165490	Merge_vs_Mock	Down	DDIAS	220042	DNA damage induced apoptosis suppressor
-1.0977296239571261	7.6025160363167155	-8.810986415569966	2.670433903533234e-6	1.646872296743672e-4	5.085387747463155	ENSG00000189159	Merge_vs_Mock	Down	JPT1	51155	Jupiter microtubule associated homolog 1
-1.3724037834760912	2.3520298048414756	-8.802085606277966	2.6967290065166633e-6	1.656592201425041e-4	5.075296899162112	ENSG00000198554	Merge_vs_Mock	Down	WDHD1	11169	WD repeat and HMG-box DNA binding protein 1
1.919676422665301	2.935862749704403	8.794293004294486	2.7199798039022687e-6	1.6643736340921043e-4	5.066455440961992	ENSG00000138496	Merge_vs_Mock	Up	PARP9	83666	poly(ADP-ribose) polymerase family member 9
-1.03419104282009	1.1640762656866297	-8.735677044149512	2.901967723484962e-6	1.757087776882915e-4	4.9997403065007635	ENSG00000233611	Merge_vs_Mock	Down	NA	NA	NA
-1.6675560494207509	1.5803802066758645	-8.729539460983245	2.9217705614710833e-6	1.757087776882915e-4	4.992733197777211	ENSG00000151725	Merge_vs_Mock	Down	CENPU	79682	centromere protein U
3.4650633011834344	3.3505703696907525	8.729479868169719	2.9219635506196023e-6	1.757087776882915e-4	4.992665142302869	ENSG00000119917	Merge_vs_Mock	Up	IFIT3	3437	interferon induced protein with tetratricopeptide repeats 3
1.4657852082166967	2.6140740725079223	8.717263087008165	2.961819261338726e-6	1.7710102548978252e-4	4.978705347197378	ENSG00000180155	Merge_vs_Mock	Up	LYNX1	66004	Ly6/neurotoxin 1
-1.2598199992115386	1.3709663612447875	-8.70589389433721	2.9994374193936784e-6	1.7867103355070072e-4	4.965699514308925	ENSG00000085840	Merge_vs_Mock	Down	ORC1	4998	origin recognition complex subunit 1
-2.5012442614148074	1.835062729925225	-8.682776283866875	3.0775288424174767e-6	1.8190666244925058e-4	4.939210673037163	ENSG00000104147	Merge_vs_Mock	Down	OIP5	11339	Opa interacting protein 5
-2.821144212444266	4.421131482350773	-8.677432886037588	3.095889393621784e-6	1.8190666244925058e-4	4.933079764946587	ENSG00000167767	Merge_vs_Mock	Down	KRT80	144501	keratin 80
-1.551468180520537	2.9184793484853815	-8.668738716821627	3.1260167908890144e-6	1.827499630242403e-4	4.923097589336484	ENSG00000154678	Merge_vs_Mock	Down	PDE1C	5137	phosphodiesterase 1C
1.1893033012154668	0.7162999019531819	8.658358439521267	3.162402063233958e-6	1.8361634126822394e-4	4.91116870071235	ENSG00000185862	Merge_vs_Mock	Up	EVI2B	2124	ecotropic viral integration site 2B
1.2425082764423632	6.563924772271634	8.65785211305303	3.1641885084375357e-6	1.8361634126822394e-4	4.910586535155433	ENSG00000161513	Merge_vs_Mock	Up	FDXR	2232	ferredoxin reductase
-1.2966331127686068	4.03389312808372	-8.637474652932255	3.2369971444459335e-6	1.8715079813807627e-4	4.8871335838983505	ENSG00000132182	Merge_vs_Mock	Down	NUP210	23225	nucleoporin 210
-1.2977598881475836	1.3083283749806396	-8.629575583124895	3.2657051048187143e-6	1.8811896878527144e-4	4.878030096897502	ENSG00000177602	Merge_vs_Mock	Down	HASPIN	83903	histone H3 associated protein kinase
-1.1563394011003094	3.5194389455269786	-8.612434838376743	3.328950102163665e-6	1.9036660883103775e-4	4.858252235259746	ENSG00000167186	Merge_vs_Mock	Down	COQ7	10229	coenzyme Q7, hydroxylase
-1.2289392131558752	3.573315277685308	-8.609420353050448	3.340208846261804e-6	1.9036660883103775e-4	4.854770628827417	ENSG00000047644	Merge_vs_Mock	Down	WWC3	55841	WWC family member 3
1.1590492460817563	3.3079699517861565	8.609198436590779	3.3410393003539625e-6	1.9036660883103775e-4	4.85451428493556	ENSG00000132109	Merge_vs_Mock	Up	TRIM21	6737	tripartite motif containing 21
-1.5177175809128003	3.10067111269429	-8.603058296563194	3.364105493432483e-6	1.909888916596362e-4	4.847419432331334	ENSG00000111445	Merge_vs_Mock	Down	RFC5	5985	replication factor C subunit 5
-1.1442002312612027	3.084481852948026	-8.586192529626118	3.4283528366645356e-6	0.00019342210342807319	4.827909877088558	ENSG00000153044	Merge_vs_Mock	Down	CENPH	64946	centromere protein H
1.2151637250978573	2.8128731885894473	8.585358669940648	3.4315634526537213e-6	0.00019342210342807319	4.826944491949272	ENSG00000174791	Merge_vs_Mock	Up	RIN1	9610	Ras and Rab interactor 1
-2.2294316653894737	2.696072277917819	-8.571370417954999	3.4859091055693927e-6	1.9578359497922953e-4	4.810738409346143	ENSG00000121621	Merge_vs_Mock	Down	KIF18A	81930	kinesin family member 18A
-1.427634622417056	3.127301373018554	-8.55854063604003	3.536571212859359e-6	1.9792213129333195e-4	4.795855447120873	ENSG00000183098	Merge_vs_Mock	Down	GPC6	10082	glypican 6
-2.0128703909909427	2.3049254333817166	-8.54536804820317	3.589414742570473e-6	1.9945984537690197e-4	4.780555848170264	ENSG00000179750	Merge_vs_Mock	Down	APOBEC3B	9582	apolipoprotein B mRNA editing enzyme catalytic subunit 3B
-1.141986030755512	5.601446867379134	-8.539389092945514	3.613680676704288e-6	1.9958036588117677e-4	4.773605105264323	ENSG00000099901	Merge_vs_Mock	Down	RANBP1	5902	RAN binding protein 1
1.899077071380247	2.274184940350177	8.538582990991246	3.6169658066981674e-6	1.9958036588117677e-4	4.77266768018281	ENSG00000137628	Merge_vs_Mock	Up	DDX60	55601	DExD/H-box helicase 60
-1.1776728014428341	1.1130432346148502	-8.521725503853952	3.6864091864302127e-6	2.0270094708322212e-4	4.753047373148425	ENSG00000132437	Merge_vs_Mock	Down	DDC	1644	dopa decarboxylase
-1.0237401443072973	0.753554916891071	-8.509054927944455	3.7395515735376014e-6	2.0486550078852253e-4	4.738279367105735	ENSG00000267698	Merge_vs_Mock	Down	NA	NA	NA
-1.3198575184371952	5.792462654109226	-8.506155263628893	3.751829087313652e-6	2.0486550078852253e-4	4.734897190205716	ENSG00000108448	Merge_vs_Mock	Down	NA	NA	NA
-1.0408755496488462	2.979100814009025	-8.487056530428411	3.833789966648998e-6	2.0742936481163175e-4	4.712596932203915	ENSG00000149636	Merge_vs_Mock	Down	DSN1	79980	DSN1 component of MIS12 kinetochore complex
1.0660866634233397	1.0485290189360774	8.486006132677169	3.838353374042022e-6	2.0742936481163175e-4	4.711369274117908	ENSG00000065320	Merge_vs_Mock	Up	NTN1	9423	netrin 1
-3.3604448150078685	3.649560939227031	-8.479907500301136	3.864964676650621e-6	2.08152172962355e-4	4.704239026877406	ENSG00000171560	Merge_vs_Mock	Down	FGA	2243	fibrinogen alpha chain
2.060966170661869	1.5981445434968362	8.472424779485683	3.8978876872421204e-6	2.092088115002375e-4	4.695484880569699	ENSG00000178685	Merge_vs_Mock	Up	PARP10	84875	poly(ADP-ribose) polymerase family member 10
-2.7122163289648937	3.4443338463603705	-8.466278194435645	3.92515824445904e-6	2.099559134434111e-4	4.688289209128175	ENSG00000228716	Merge_vs_Mock	Down	DHFR	1719	dihydrofolate reductase
2.654781191020561	6.287398972840926	8.459017820014092	3.957635792719984e-6	2.1034803721319359e-4	4.679784194544922	ENSG00000214548	Merge_vs_Mock	Up	MEG3	55384	maternally expressed 3
-1.157148614371811	2.491299845286715	-8.458660713691625	3.95924068517775e-6	2.1034803721319359e-4	4.679365717252498	ENSG00000138092	Merge_vs_Mock	Down	CENPO	79172	centromere protein O
-1.2065022882498506	1.9444794435681576	-8.423682307412669	4.119893959552165e-6	2.1814630440376208e-4	4.638306628705019	ENSG00000154914	Merge_vs_Mock	Down	USP43	124739	ubiquitin specific peptidase 43
-1.630926073144547	4.999192214284113	-8.403487280842564	4.215839560651493e-6	2.2173342117326212e-4	4.614538147971627	ENSG00000182628	Merge_vs_Mock	Down	SKA2	348235	spindle and kinetochore associated complex subunit 2
-1.0366990845185668	5.474947198640373	-8.392745720343381	4.267851822570663e-6	2.2372079253915418e-4	4.601877137913107	ENSG00000106628	Merge_vs_Mock	Down	POLD2	5425	DNA polymerase delta 2, accessory subunit
-1.1448352969008244	4.948497471335762	-8.378562475402296	4.337592238100026e-6	2.2662118118392362e-4	4.585139441031336	ENSG00000259781	Merge_vs_Mock	Down	NA	NA	NA
-1.1656195720300704	2.839026264252186	-8.373914849886193	4.360711678613878e-6	2.270746750260988e-4	4.579649805725428	ENSG00000162624	Merge_vs_Mock	Down	LHX8	431707	LIM homeobox 8
-2.578722606812131	8.266632670109441	-8.362691351134464	4.417092414361224e-6	2.2925146966417363e-4	4.566382846837936	ENSG00000103257	Merge_vs_Mock	Down	SLC7A5	8140	solute carrier family 7 member 5
-1.2784371419790692	2.437628021016531	-8.347081041400033	4.496821210727117e-6	2.3213973856925675e-4	4.547906588882013	ENSG00000134222	Merge_vs_Mock	Down	PSRC1	84722	proline and serine rich coiled-coil 1
1.0031423081337527	6.208624876005882	8.346026084279282	4.502265055552798e-6	2.3213973856925675e-4	4.546656949371988	ENSG00000197903	Merge_vs_Mock	Up	H2BC12	85236	H2B clustered histone 12
1.042178187406889	6.5355884969393125	8.305488059920517	4.716931305032317e-6	2.4241327353901376e-4	4.498541947035372	ENSG00000142669	Merge_vs_Mock	Up	SH3BGRL3	83442	SH3 domain binding glutamate rich protein like 3
-1.5560780884569567	1.2092589794268516	-8.28139602866377	4.849719022701056e-6	2.4842567215308404e-4	4.469857906586787	ENSG00000241388	Merge_vs_Mock	Down	HNF1A-AS1	283460	HNF1A antisense RNA 1
-1.7016395301473806	2.604394006702253	-8.260916986482671	4.965764418622203e-6	2.5354419236121026e-4	4.445423168811907	ENSG00000094804	Merge_vs_Mock	Down	CDC6	990	cell division cycle 6
1.1802230309122042	6.730121278956975	8.247203586669272	5.045143802452631e-6	2.559352627011938e-4	4.429033964856529	ENSG00000086061	Merge_vs_Mock	Up	DNAJA1	3301	DnaJ heat shock protein family (Hsp40) member A1
1.5820622376194766	3.8038633576988774	8.239490559629347	5.090390600826087e-6	2.5739643716571326e-4	4.419806432038014	ENSG00000090238	Merge_vs_Mock	Up	YPEL3	83719	yippee like 3
-1.0745770988987844	3.961386251125072	-8.23673144057177	5.106682461891297e-6	2.5739643716571326e-4	4.416503875918375	ENSG00000136636	Merge_vs_Mock	Down	KCTD3	51133	potassium channel tetramerization domain containing 3
-1.3779055838824732	6.492111724232936	-8.230329259774633	5.144702604548115e-6	2.576078635754221e-4	4.408837336956976	ENSG00000123975	Merge_vs_Mock	Down	CKS2	1164	CDC28 protein kinase regulatory subunit 2
-1.175025962219153	2.166975039025826	-8.228029693402664	5.158433267725143e-6	2.576078635754221e-4	4.406082477781927	ENSG00000206190	Merge_vs_Mock	Down	ATP10A	57194	ATPase phospholipid transporting 10A (putative)
-1.2347361298419184	5.7198053266663935	-8.219568510009314	5.209295964333104e-6	2.592448997946278e-4	4.395940801783031	ENSG00000064042	Merge_vs_Mock	Down	LIMCH1	22998	LIM and calponin homology domains 1
-1.3787791060743246	0.8015893108783436	-8.2053090715825	5.29624126153603e-6	2.6139471728933744e-4	4.378830542861836	ENSG00000285920	Merge_vs_Mock	Down	NA	NA	NA
-1.2212427774949992	2.607880344664726	-8.201398760468685	5.320356357888212e-6	2.6139471728933744e-4	4.374134351338229	ENSG00000184661	Merge_vs_Mock	Down	CDCA2	157313	cell division cycle associated 2
-1.2226587356417769	2.1384344378903384	-8.199510372558278	5.3320445095102445e-6	2.6139471728933744e-4	4.371865807858953	ENSG00000218336	Merge_vs_Mock	Down	TENM3	55714	teneurin transmembrane protein 3
-1.298573403748314	3.866581464599436	-8.19706924204158	5.34719489291033e-6	2.6139471728933744e-4	4.368932635713749	ENSG00000163362	Merge_vs_Mock	Down	INAVA	55765	innate immunity activator
1.9078748002673818	6.018932302122391	8.196260318094946	5.3522255479566735e-6	2.6139471728933744e-4	4.367960510294399	ENSG00000175793	Merge_vs_Mock	Up	SFN	2810	stratifin
-1.0421184094845461	6.956761930317557	-8.187671351485434	5.405955690343215e-6	2.6320142162952753e-4	4.3576340294002485	ENSG00000123416	Merge_vs_Mock	Down	TUBA1B	10376	tubulin alpha 1b
1.4676238846376366	4.556928953198984	8.180393346797544	5.451940034154473e-6	2.646210153614606e-4	4.3488770143478295	ENSG00000213928	Merge_vs_Mock	Up	IRF9	10379	interferon regulatory factor 9
-1.343650944714998	4.747728604180738	-8.164094802489759	5.556455218193228e-6	2.680393090837629e-4	4.329244018518594	ENSG00000075188	Merge_vs_Mock	Down	NUP37	79023	nucleoporin 37
-1.2283862517381046	0.6808137630124265	-8.151695359273576	5.637413398327338e-6	2.71113037009467e-4	4.314287126197607	ENSG00000129173	Merge_vs_Mock	Down	E2F8	79733	E2F transcription factor 8
-1.3304047412846067	4.651959221606646	-8.12111153773032	5.8425874986282155e-6	2.793177666774537e-4	4.277318580980904	ENSG00000034677	Merge_vs_Mock	Down	RNF19A	25897	ring finger protein 19A, RBR E3 ubiquitin protein ligase
-1.4240652153597908	2.2823692528174875	-8.120971942079983	5.8435422381331715e-6	2.793177666774537e-4	4.277149592617194	ENSG00000177084	Merge_vs_Mock	Down	POLE	5426	DNA polymerase epsilon, catalytic subunit
-1.270869669388084	1.8960733851308267	-8.114535995008072	5.887742859240078e-6	2.8057770971033174e-4	4.269356042017781	ENSG00000178966	Merge_vs_Mock	Down	RMI1	80010	RecQ mediated genome instability 1
-1.5618909634656069	2.407341971569531	-8.098659369669402	5.99832828639381e-6	2.8455205782452385e-4	4.2501096468191815	ENSG00000144847	Merge_vs_Mock	Down	IGSF11	152404	immunoglobulin superfamily member 11
-1.5786507579336	2.088883247501258	-8.09706114308263	6.009583805002916e-6	2.8455205782452385e-4	4.248170564133082	ENSG00000127129	Merge_vs_Mock	Down	EDN2	1907	endothelin 2
-1.225190457864307	2.5134536287381675	-8.09481721527481	6.025425108455198e-6	2.8455205782452385e-4	4.245447564873979	ENSG00000128298	Merge_vs_Mock	Down	BAIAP2L2	80115	BAR/IMD domain containing adaptor protein 2 like 2
-1.1997760710740537	2.9459013757597665	-8.089892943681502	6.060346617920425e-6	2.8479628379288045e-4	4.2394699057136	ENSG00000156136	Merge_vs_Mock	Down	DCK	1633	deoxycytidine kinase
-1.0103546770708958	0.7973877671037166	-8.088983996459731	6.066816423160051e-6	2.8479628379288045e-4	4.238366207609902	ENSG00000186638	Merge_vs_Mock	Down	KIF24	347240	kinesin family member 24
-1.1335692428996804	2.110097858208899	-8.050758167729501	6.345759105134994e-6	2.9524676830577787e-4	4.191862152775357	ENSG00000131351	Merge_vs_Mock	Down	HAUS8	93323	HAUS augmin like complex subunit 8
1.1667303972851706	1.9375173173694242	8.046441317152114	6.378118356614677e-6	2.958769595165853e-4	4.1865996223101565	ENSG00000138642	Merge_vs_Mock	Up	HERC6	55008	HECT and RLD domain containing E3 ubiquitin protein ligase family member 6
-1.3545357964552416	2.816971386177924	-8.035136331935705	6.4637064533103775e-6	2.989654343669382e-4	4.172807661137492	ENSG00000185347	Merge_vs_Mock	Down	TEDC1	283643	tubulin epsilon and delta complex 1
1.3426862905811996	3.5157653590708358	8.023025478832885	6.5567705942653436e-6	3.0206980451219056e-4	4.15801578967854	ENSG00000172936	Merge_vs_Mock	Up	MYD88	4615	MYD88 innate immune signal transduction adaptor
-1.2189824302750498	4.282988281025164	-8.01531253311737	6.616791499790374e-6	3.033692802498642e-4	4.148586356646247	ENSG00000140443	Merge_vs_Mock	Down	IGF1R	3480	insulin like growth factor 1 receptor
-1.2214159674877056	1.7931522719110544	-7.999928476216299	6.738283176834504e-6	3.0714852533014324e-4	4.129757579114628	ENSG00000151466	Merge_vs_Mock	Down	SCLT1	132320	sodium channel and clathrin linker 1
-1.2055549369340133	5.034966789375633	-7.989330769490849	6.8233728944681914e-6	3.1012821427285197e-4	4.116770548400586	ENSG00000117298	Merge_vs_Mock	Down	ECE1	1889	endothelin converting enzyme 1
3.4698444086637474	2.9312794748533015	7.978403879482985	6.912319147476255e-6	3.107480090038606e-4	4.103366140797448	ENSG00000135114	Merge_vs_Mock	Up	OASL	8638	2'-5'-oligoadenylate synthetase like
-1.0750780311351602	2.518361949425176	-7.977948859786748	6.916050054136539e-6	3.107480090038606e-4	4.102807643784736	ENSG00000096060	Merge_vs_Mock	Down	FKBP5	2289	FKBP prolyl isomerase 5
-1.5086981941832969	1.5336243639631475	-7.949018592962208	7.157774584228292e-6	3.201369865621469e-4	4.067247616644002	ENSG00000171790	Merge_vs_Mock	Down	SLFNL1	200172	schlafen like 1
-1.1943617259569144	4.406639583921678	-7.943321396302257	7.206441132074272e-6	3.201369865621469e-4	4.060233061133577	ENSG00000123815	Merge_vs_Mock	Down	COQ8B	79934	coenzyme Q8B
-1.2344954160847	2.741739200914556	-7.922993643656429	7.38301057580562e-6	3.2705696990174414e-4	4.0351733056633385	ENSG00000149503	Merge_vs_Mock	Down	INCENP	3619	inner centromere protein
-1.4602832115254039	2.993446595692877	-7.910356328993125	7.495125036340038e-6	3.3109083236371753e-4	4.019569263123351	ENSG00000174442	Merge_vs_Mock	Down	ZWILCH	55055	zwilch kinetochore protein
1.0957168438342497	2.1573723441689543	7.898058022966168	7.605994354277996e-6	3.350472471018929e-4	4.004365417803912	ENSG00000221963	Merge_vs_Mock	Up	APOL6	80830	apolipoprotein L6
-1.4135315367312802	3.483676771880444	-7.8740390088793095	7.827653091746414e-6	3.396688214562926e-4	3.9746193543796053	ENSG00000076003	Merge_vs_Mock	Down	MCM6	4175	minichromosome maintenance complex component 6
-1.6000864823317453	3.0576413288893702	-7.873981858841718	7.828188722485405e-6	3.396688214562926e-4	3.974548494769662	ENSG00000146049	Merge_vs_Mock	Down	KAAG1	353219	kidney associated DCDC2 antisense RNA 1
1.553568638704581	7.084281200180438	7.866324356723238	7.900315824998045e-6	3.403845662025185e-4	3.9650504942170333	ENSG00000115129	Merge_vs_Mock	Up	TP53I3	9540	tumor protein p53 inducible protein 3
-1.6482159706316204	3.026102624517027	-7.827989006769643	8.272323719469694e-6	3.554386962086896e-4	3.9173946976618677	ENSG00000022567	Merge_vs_Mock	Down	SLC45A4	57210	solute carrier family 45 member 4
1.746343060926894	2.332986971031386	7.818199291557257	8.37031790118399e-6	3.586692624360203e-4	3.905196307295814	ENSG00000132274	Merge_vs_Mock	Up	TRIM22	10346	tripartite motif containing 22
-1.9916508969269358	1.4367819333956864	-7.811864566083162	8.434393585635813e-6	3.6043280849920866e-4	3.8972967830900487	ENSG00000250799	Merge_vs_Mock	Down	PRODH2	58510	proline dehydrogenase 2
1.1403913924586573	4.08166172339968	7.802035569625583	8.534861601555176e-6	3.6363077425444527e-4	3.8850301919709125	ENSG00000033100	Merge_vs_Mock	Up	CHPF2	54480	chondroitin polymerizing factor 2
1.0299859912602507	2.3189867913914948	7.800034404847558	8.555474149443261e-6	3.6363077425444527e-4	3.8825312995144525	ENSG00000115226	Merge_vs_Mock	Up	FNDC4	64838	fibronectin type III domain containing 4
-1.2566780500231096	2.437747488819053	-7.7969256729869905	8.587601325429894e-6	3.6401244863533834e-4	3.878648401488885	ENSG00000151503	Merge_vs_Mock	Down	NCAPD3	23310	non-SMC condensin II complex subunit D3
2.6011575884775873	6.172874532362057	7.791096160743392	8.648197111532831e-6	3.646154095870383e-4	3.8713639999264036	ENSG00000129226	Merge_vs_Mock	Up	CD68	968	CD68 molecule
-1.0405257095675702	2.6809760980772124	-7.782033788087163	8.743313350425227e-6	3.6763996189515273e-4	3.8600316910121375	ENSG00000180318	Merge_vs_Mock	Down	ALX1	8092	ALX homeobox 1
1.6117659415393193	1.8584182445425959	7.75444873775698	9.039836656896829e-6	3.7808635975095616e-4	3.825475541977294	ENSG00000223573	Merge_vs_Mock	Up	TINCR	257000	TINCR ubiquitin domain containing
-3.255788629158578	4.3920944479443085	-7.744269988723786	9.151971606871138e-6	3.8176102251898016e-4	3.812701020155613	ENSG00000021826	Merge_vs_Mock	Down	CPS1	1373	carbamoyl-phosphate synthase 1
-1.2174510986981764	1.050132303779842	-7.700265517968963	9.654271850276969e-6	4.005885992545003e-4	3.7573285285935363	ENSG00000143473	Merge_vs_Mock	Down	KCNH1	3756	potassium voltage-gated channel subfamily H member 1
1.1857030115286635	3.4954884776319557	7.668790936120891	1.0031716990204307e-5	4.128563574037219e-4	3.7175768659812647	ENSG00000173193	Merge_vs_Mock	Up	PARP14	54625	poly(ADP-ribose) polymerase family member 14
-1.0648849609135076	3.7005454833033418	-7.666896212904714	1.005493990115894e-5	4.128563574037219e-4	3.7151799774572325	ENSG00000197905	Merge_vs_Mock	Down	TEAD4	7004	TEA domain transcription factor 4
-1.150631494056296	5.858810803951897	-7.652439219749014	1.0234050353135385e-5	4.185591425830104e-4	3.696876796934408	ENSG00000129116	Merge_vs_Mock	Down	PALLD	23022	palladin, cytoskeletal associated protein
1.4180552633328172	1.7209442952886707	7.651399744061455	1.0247060275623745e-5	4.185591425830104e-4	3.695559780208539	ENSG00000205413	Merge_vs_Mock	Up	SAMD9	54809	sterile alpha motif domain containing 9
2.3539385255969467	1.3180001699240171	7.635935510199557	1.044272478794816e-5	4.232533247816309e-4	3.6759507907462012	ENSG00000137965	Merge_vs_Mock	Up	IFI44	10561	interferon induced protein 44
-1.9286419040158291	3.9369209436105486	-7.621413171904261	1.0630136069703177e-5	4.286397944414158e-4	3.657509171705019	ENSG00000128283	Merge_vs_Mock	Down	CDC42EP1	11135	CDC42 effector protein 1
-1.189874009378226	1.7593112118590675	-7.585547956551319	1.1108662818666934e-5	4.4451611065230584e-4	3.6118524534667937	ENSG00000080839	Merge_vs_Mock	Down	RBL1	5933	RB transcriptional corepressor like 1
-2.0689180051485208	2.5789641799128558	-7.561888845551316	1.1436987915299968e-5	4.5296749796662917e-4	3.581646512939809	ENSG00000242574	Merge_vs_Mock	Down	HLA-DMB	3109	major histocompatibility complex, class II, DM beta
-1.7096178320714581	2.0496802948177697	-7.55155534629723	1.1583651395488731e-5	4.5655263620414984e-4	3.5684316492142987	ENSG00000170482	Merge_vs_Mock	Down	SLC23A1	9963	solute carrier family 23 member 1
-1.116093231748064	3.9243331929386276	-7.5437030862492325	1.1696451199271479e-5	4.5869923082230243e-4	3.5583809570349416	ENSG00000065268	Merge_vs_Mock	Down	WDR18	57418	WD repeat domain 18
1.2488138140391185	1.3531460478214847	7.536229224603244	1.1804913400044484e-5	4.589516494871847e-4	3.5488074354834076	ENSG00000087085	Merge_vs_Mock	Up	ACHE	43	acetylcholinesterase (Cartwright blood group)
-1.0163175507481772	4.016550334206545	-7.529032703592708	1.1910373807442819e-5	4.6133630171390583e-4	3.5395825551222018	ENSG00000293339	Merge_vs_Mock	Down	NA	NA	NA
2.0330127941415324	8.633613097989777	7.508623803733774	1.2215004007013343e-5	4.7081655150561726e-4	3.5133860102956955	ENSG00000109971	Merge_vs_Mock	Up	HSPA8	3312	heat shock protein family A (Hsp70) member 8
1.1767049108128973	2.6197749406552475	7.4914828614838065	1.2477333015348974e-5	4.7824890562732847e-4	3.49134372408038	ENSG00000136378	Merge_vs_Mock	Up	ADAMTS7	11173	ADAM metallopeptidase with thrombospondin type 1 motif 7
-1.7044527663228868	5.650438501794173	-7.4904272693760445	1.2493684914794043e-5	4.7824890562732847e-4	3.4899850834915664	ENSG00000099783	Merge_vs_Mock	Down	HNRNPM	4670	heterogeneous nuclear ribonucleoprotein M
1.06346157074818	3.865930502030134	7.483771310972386	1.2597322922614408e-5	4.79674334820906e-4	3.4814150426053327	ENSG00000100139	Merge_vs_Mock	Up	MICALL1	85377	MICAL like 1
1.6526632316715524	0.6715875708689517	7.4712077923233995	1.279547428605239e-5	4.860425812136712e-4	3.465223360491221	ENSG00000095585	Merge_vs_Mock	Up	BLNK	29760	B cell linker
1.0953978728122449	5.636780898899974	7.4461178266027686	1.3201295905830164e-5	4.99047065901647e-4	3.4328281340221505	ENSG00000256664	Merge_vs_Mock	Up	NA	NA	NA
-1.0786675587164687	1.3126570212561297	-7.42920502091795	1.3482652215530065e-5	5.084608842720043e-4	3.4109460153801976	ENSG00000172164	Merge_vs_Mock	Down	SNTB1	6641	syntrophin beta 1
-1.3319103388032465	3.3924199975692617	-7.4137213184479895	1.3745893193511523e-5	5.156876649002427e-4	3.390881101631342	ENSG00000166965	Merge_vs_Mock	Down	RCCD1	91433	RCC1 domain containing 1
-1.1306410078241003	1.6723778357077899	-7.413044713421708	1.3757521575553681e-5	5.156876649002427e-4	3.3900036134349243	ENSG00000161692	Merge_vs_Mock	Down	DBF4B	80174	DBF4 zinc finger B
-1.332115328098657	4.316675272479404	-7.412164912866581	1.377265797139145e-5	5.156876649002427e-4	3.3888625142582054	ENSG00000158089	Merge_vs_Mock	Down	GALNT14	79623	polypeptide N-acetylgalactosaminyltransferase 14
-1.337283689603944	3.7144626001339893	-7.404999735351855	1.3896598975431461e-5	5.178623589754388e-4	3.3795656347064575	ENSG00000123066	Merge_vs_Mock	Down	MED13L	23389	mediator complex subunit 13L
-1.4131470928682832	4.695521493507242	-7.400213319137612	1.3980060698593477e-5	5.185951967170946e-4	3.3733515828222522	ENSG00000123136	Merge_vs_Mock	Down	DDX39A	10212	DExD-box helicase 39A
5.133851804548675	3.2263429792638285	7.399065470037495	1.4000155994782765e-5	5.185951967170946e-4	3.3718609337451806	ENSG00000201185	Merge_vs_Mock	Up	RNA5SP202	100873463	RNA, 5S ribosomal pseudogene 202
-2.3038561982048704	4.044091476582667	-7.397520370289498	1.402725497660937e-5	5.185951967170946e-4	3.3698541322625655	ENSG00000164104	Merge_vs_Mock	Down	HMGB2	3148	high mobility group box 2
1.0648659874158932	2.4671313197232276	7.391618731718337	1.4131282057555291e-5	5.1893765258703e-4	3.362186189036038	ENSG00000163071	Merge_vs_Mock	Up	SPATA18	132671	spermatogenesis associated 18
-1.6504237234305659	1.8710286561199205	-7.386625807476643	1.4219939163480556e-5	5.1893765258703e-4	3.3556954674896744	ENSG00000167513	Merge_vs_Mock	Down	CDT1	81620	chromatin licensing and DNA replication factor 1
-1.60005312387405	3.708032315109503	-7.384533583144274	1.42572674748748e-5	5.1893765258703e-4	3.352974665402334	ENSG00000182985	Merge_vs_Mock	Down	CADM1	23705	cell adhesion molecule 1
1.0689962707744636	4.123249709091753	7.384194934412987	1.426331935790892e-5	5.1893765258703e-4	3.3525342222491616	ENSG00000158109	Merge_vs_Mock	Up	TPRG1L	127262	tumor protein p63 regulated 1 like
-1.547804556537551	2.9061710411433967	-7.383804927866652	1.4270292461974276e-5	5.1893765258703e-4	3.352026965532252	ENSG00000014138	Merge_vs_Mock	Down	POLA2	23649	DNA polymerase alpha 2, accessory subunit
-1.3847525198890511	4.083165697623127	-7.383082184102022	1.4283224416727558e-5	5.1893765258703e-4	3.3510868874373845	ENSG00000119403	Merge_vs_Mock	Down	PHF19	26147	PHD finger protein 19
1.325723359532231	3.1854664873284784	7.38279090730086	1.428843975392242e-5	5.1893765258703e-4	3.3507080027568428	ENSG00000132793	Merge_vs_Mock	Up	LPIN3	64900	lipin 3
-1.5324721842709508	1.804693504072975	-7.37268256748987	1.4470704838551774e-5	5.231409294047476e-4	3.337552658288777	ENSG00000120334	Merge_vs_Mock	Down	CENPL	91687	centromere protein L
1.0171489043586175	3.8955885521886424	7.352164298369898	1.484840496200807e-5	5.31704840400752e-4	3.3108093744041245	ENSG00000142156	Merge_vs_Mock	Up	COL6A1	1291	collagen type VI alpha 1 chain
-1.6581212699347905	4.659449601646626	-7.350652746836205	1.4876645668086662e-5	5.31704840400752e-4	3.3088371078039387	ENSG00000113448	Merge_vs_Mock	Down	PDE4D	5144	phosphodiesterase 4D
1.226218398206833	3.0615733274270385	7.348050763395659	1.4925394522028346e-5	5.319445053142193e-4	3.305441365538776	ENSG00000163840	Merge_vs_Mock	Up	DTX3L	151636	deltex E3 ubiquitin ligase 3L
-1.6990581153335769	1.6098283960029123	-7.3466875674734045	1.4951002883688474e-5	5.319445053142193e-4	3.3036619685834676	ENSG00000142484	Merge_vs_Mock	Down	TM4SF5	9032	transmembrane 4 L six family member 5
2.4347058857691324	3.8764563034516675	7.344624389439299	1.4989850657686525e-5	5.321227797805379e-4	3.3009684239234662	ENSG00000085117	Merge_vs_Mock	Up	CD82	3732	CD82 molecule
1.0563018052101008	5.831650057508791	7.318478003238157	1.5491675469517997e-5	5.45015857793378e-4	3.2667862569254407	ENSG00000135679	Merge_vs_Mock	Up	MDM2	4193	MDM2 proto-oncogene
-1.241078459216724	3.487413514115384	-7.313517968472619	1.5588894682270134e-5	5.472119593155806e-4	3.2602919237755046	ENSG00000131470	Merge_vs_Mock	Down	PSMC3IP	29893	PSMC3 interacting protein
1.5163099480159299	3.957459784856284	7.301771588099069	1.582175480009826e-5	5.529175910807672e-4	3.2448994108245195	ENSG00000170581	Merge_vs_Mock	Up	STAT2	6773	signal transducer and activator of transcription 2
-1.5974563884701007	4.655127240086109	-7.297812864018644	1.5901072499530196e-5	5.544573528328422e-4	3.2397078853562054	ENSG00000145555	Merge_vs_Mock	Down	MYO10	4651	myosin X
-1.8175225131181927	6.6506696198207695	-7.279180496104437	1.628017610392261e-5	5.643859555098269e-4	3.215246063623283	ENSG00000115414	Merge_vs_Mock	Down	FN1	2335	fibronectin 1
-1.090412189623297	2.0057323434979217	-7.278535255794515	1.6293477286116074e-5	5.643859555098269e-4	3.21439814808703	ENSG00000162063	Merge_vs_Mock	Down	CCNF	899	cyclin F
2.2717394087628575	2.5625595298647634	7.2630015883154195	1.6617243572626133e-5	5.73176131717413e-4	3.1939690298483416	ENSG00000163565	Merge_vs_Mock	Up	IFI16	3428	interferon gamma inducible protein 16
1.1055184384465253	1.101394066232649	7.251030005180083	1.6871481595632177e-5	5.780412191130972e-4	3.1782033445417888	ENSG00000178821	Merge_vs_Mock	Up	TMEM52	339456	transmembrane protein 52
-1.7005771428304932	6.126661111846975	-7.248475541854707	1.692626940097899e-5	5.786576360865121e-4	3.1748369095066433	ENSG00000075223	Merge_vs_Mock	Down	SEMA3C	10512	semaphorin 3C
-2.41029790651429	2.982047476408379	-7.241488900801126	1.7077096792234227e-5	5.813187890684684e-4	3.1656251586102044	ENSG00000120211	Merge_vs_Mock	Down	INSL4	3641	insulin like 4
-1.2122801622375308	3.227113096678116	-7.2397432477174295	1.711500695273438e-5	5.813187890684684e-4	3.1633225631366244	ENSG00000149554	Merge_vs_Mock	Down	CHEK1	1111	checkpoint kinase 1
-1.5373523491163885	0.7900298274399059	-7.226707384347669	1.7400980492985505e-5	5.884899338337421e-4	3.1461151996555046	ENSG00000291314	Merge_vs_Mock	Down	NA	NA	NA
-1.3530922205164213	2.543548825979259	-7.218122151875636	1.759211982442977e-5	5.911403341003901e-4	3.134770655415716	ENSG00000126215	Merge_vs_Mock	Down	XRCC3	7517	X-ray repair cross complementing 3
-1.0570102684130473	4.747872540112402	-7.195419491553072	1.8108519052749383e-5	6.033359547108831e-4	3.1047252387639848	ENSG00000168476	Merge_vs_Mock	Down	REEP4	80346	receptor accessory protein 4
-2.4260225818759715	1.795882316013908	-7.191451097234408	1.820044524754716e-5	6.036648122665349e-4	3.099466467046721	ENSG00000165887	Merge_vs_Mock	Down	ANKRD2	26287	ankyrin repeat domain 2
-1.0456957293382734	1.785994034811326	-7.190027315821336	1.8233548634529063e-5	6.036648122665349e-4	3.09757922468199	ENSG00000183814	Merge_vs_Mock	Down	LIN9	286826	lin-9 DREAM MuvB core complex component
1.8184565369369632	2.212293221659705	7.180923880392283	1.8446741289053845e-5	6.094400283858419e-4	3.0855062597994287	ENSG00000130589	Merge_vs_Mock	Up	HELZ2	85441	helicase with zinc finger 2
-1.7944747694445862	1.7317923704177476	-7.175534565733629	1.857421385111152e-5	6.12364962311488e-4	3.078353874825863	ENSG00000161888	Merge_vs_Mock	Down	SPC24	147841	SPC24 component of NDC80 kinetochore complex
1.313592326691556	4.309191167479904	7.158305897623251	1.8988108165593898e-5	6.208045509607685e-4	3.055463604154216	ENSG00000012822	Merge_vs_Mock	Up	CALCOCO1	57658	calcium binding and coiled-coil domain 1
-1.2365152047694297	4.3929000475144875	-7.144898705593545	1.93170492868234e-5	6.289439277113557e-4	3.037623815633051	ENSG00000127191	Merge_vs_Mock	Down	TRAF2	7186	TNF receptor associated factor 2
1.5321052317065131	3.5904655207170477	7.1356876704917545	1.954658300701996e-5	6.337929162234966e-4	3.0253538831325724	ENSG00000059122	Merge_vs_Mock	Up	FLYWCH1	84256	FLYWCH-type zinc finger 1
-1.636740469745944	5.132167457157038	-7.1158037763955795	2.0052126259415673e-5	6.461879867942026e-4	2.9988288996946615	ENSG00000136997	Merge_vs_Mock	Down	MYC	4609	MYC proto-oncogene, bHLH transcription factor
1.2101465896902002	1.4119955441992618	7.104625401954122	2.0342484725536703e-5	6.528692138648779e-4	2.9838942819755783	ENSG00000144596	Merge_vs_Mock	Up	GRIP2	80852	glutamate receptor interacting protein 2
-1.3157950179608102	1.5647592217012767	-7.099585839697785	2.047486109292517e-5	6.557793595668864e-4	2.9771559282148115	ENSG00000144642	Merge_vs_Mock	Down	RBMS3	27303	RNA binding motif single stranded interacting protein 3
1.0654470539969272	2.754363200217045	7.095821251888598	2.057435063925889e-5	6.576265003109458e-4	2.9721201567477706	ENSG00000128346	Merge_vs_Mock	Up	C22orf23	84645	chromosome 22 open reading frame 23
1.0775135530732605	1.7667595433399275	7.090782734666405	2.0708320377294842e-5	6.605660167410521e-4	2.965377378150462	ENSG00000101187	Merge_vs_Mock	Up	SLCO4A1	28231	solute carrier organic anion transporter family member 4A1
1.1188808485887036	3.160472852109584	7.068659671099558	2.130773801983285e-5	6.731198609985479e-4	2.935731778362417	ENSG00000167105	Merge_vs_Mock	Up	TMEM92	162461	transmembrane protein 92
-1.0801829897545165	2.1396685754026716	-7.067786853504713	2.133176552663473e-5	6.731198609985479e-4	2.9345608552854614	ENSG00000187741	Merge_vs_Mock	Down	FANCA	2175	FA complementation group A
-1.184657214848397	3.9938094830667583	-7.067629930370933	2.1336088496020787e-5	6.731198609985479e-4	2.934350325384383	ENSG00000127337	Merge_vs_Mock	Down	YEATS4	8089	YEATS domain containing 4
1.0452889522377968	3.2784704373144384	7.067611015090352	2.1336609643823664e-05	6.731198609985479e-4	2.9343249482050684	ENSG00000127415	Merge_vs_Mock	Up	IDUA	3425	alpha-L-iduronidase
1.0995382485151897	4.757350493410994	7.066809935411649	2.1358693287439614e-5	6.731198609985479e-4	2.9332501578816306	ENSG00000130005	Merge_vs_Mock	Up	GAMT	2593	guanidinoacetate N-methyltransferase
-1.3679870990814096	1.6051712324781675	-7.064514811958439	2.14220997410722e-5	6.737678810562029e-4	2.930170375310631	ENSG00000285077	Merge_vs_Mock	Down	ARHGAP11B	89839	Rho GTPase activating protein 11B
1.6009446557312814	1.7879824829140747	7.043206575165581	2.2020514863550664e-5	6.87092493540075e-4	2.901544120878235	ENSG00000143369	Merge_vs_Mock	Up	ECM1	1893	extracellular matrix protein 1
-1.919835694422301	5.50687993332878	-7.037513491929513	2.218341855174364e-5	6.894396050290918e-4	2.89388568993078	ENSG00000088992	Merge_vs_Mock	Down	TESC	54997	tescalcin
1.5354762798231278	3.9443053812776014	7.005732566721519	2.311689999169431e-5	7.167068211389924e-4	2.851054766999054	ENSG00000161642	Merge_vs_Mock	Up	ZNF385A	25946	zinc finger protein 385A
2.3361054272208728	1.9300031821965191	6.992455948794094	2.351927487863742e-5	7.238495290659183e-4	2.83312237503279	ENSG00000165949	Merge_vs_Mock	Up	IFI27	3429	interferon alpha inducible protein 27
3.0536025058009035	2.327378006125571	6.991491893707907	2.3548783846153582e-5	7.238495290659183e-4	2.831819340297068	ENSG00000185745	Merge_vs_Mock	Up	IFIT1	3434	interferon induced protein with tetratricopeptide repeats 1
-1.1910883226433933	1.8771104318085292	-6.984210776170795	2.377294066769774e-5	7.267941782315275e-4	2.8219740651101617	ENSG00000127586	Merge_vs_Mock	Down	CHTF18	63922	chromosome transmission fidelity factor 18
-1.5430540277036302	4.056552353451502	-6.982775991189703	2.381738151754718e-5	7.267941782315275e-4	2.820033168845457	ENSG00000170558	Merge_vs_Mock	Down	CDH2	1000	cadherin 2
-1.4737143878670143	3.075783029156628	-6.972816030824369	2.412834858614622e-5	7.311029091825346e-4	2.806552361846311	ENSG00000205476	Merge_vs_Mock	Down	CCDC85C	317762	coiled-coil domain containing 85C
1.0337435115920968	2.4968275379272526	6.968997644486937	2.4248718162808064e-5	7.333371958236915e-4	2.801380681519877	ENSG00000260912	Merge_vs_Mock	Up	NA	NA	NA
1.8834615516845092	1.7003902289106259	6.962912076059096	2.4441891610460554e-5	7.36347102425484e-4	2.7931342899790383	ENSG00000207005	Merge_vs_Mock	Up	RNU1-2	26870	RNA, U1 small nuclear 2
-1.1294677280432366	1.4572667550121927	-6.955098857847189	2.4692330354986107e-5	7.424335867072685e-4	2.7825395854255124	ENSG00000141505	Merge_vs_Mock	Down	ASGR1	432	asialoglycoprotein receptor 1
1.104258359904584	3.978113767216395	6.934457048536982	2.5367309013601175e-5	7.502817947560725e-4	2.754510244784722	ENSG00000126391	Merge_vs_Mock	Up	FRMD8	83786	FERM domain containing 8
-1.1705425035086767	4.5091545134206905	-6.93327015593159	2.5406717173580536e-5	7.502817947560725e-4	2.75289684701389	ENSG00000167775	Merge_vs_Mock	Down	CD320	51293	CD320 molecule
-1.6143955166494033	5.427076609570068	-6.933043982533462	2.541423421287185e-5	7.502817947560725e-4	2.7525893777907164	ENSG00000134871	Merge_vs_Mock	Down	COL4A2	1284	collagen type IV alpha 2 chain
-1.4293005155937197	3.327446309646493	-6.932592762039766	2.542923798836237e-5	7.502817947560725e-4	2.751975950105326	ENSG00000184363	Merge_vs_Mock	Down	PKP3	11187	plakophilin 3
1.2832723144277352	3.826705168878778	6.929594650685936	2.5529171494484096e-5	7.511718843181338e-4	2.747899371794981	ENSG00000164171	Merge_vs_Mock	Up	ITGA2	3673	integrin subunit alpha 2
-1.2964486950950806	1.8282805078542699	-6.92814633996594	2.5577597681843673e-5	7.511718843181338e-4	2.745929651840841	ENSG00000123080	Merge_vs_Mock	Down	CDKN2C	1031	cyclin dependent kinase inhibitor 2C
-1.0321787151213953	0.9121869135816298	-6.921708537500469	2.5794050037780035e-5	7.511718843181338e-4	2.737170776075251	ENSG00000092853	Merge_vs_Mock	Down	CLSPN	63967	claspin
-1.3115901252938102	2.7741047506445478	-6.921482399296495	2.580168891769404e-5	7.511718843181338e-4	2.7368630058586607	ENSG00000101447	Merge_vs_Mock	Down	FAM83D	81610	family with sequence similarity 83 member D
-1.7450647669146866	3.5036169233007084	-6.919069378385335	2.588335133286095e-5	7.511718843181338e-4	2.733578500686102	ENSG00000249835	Merge_vs_Mock	Down	VCAN-AS1	105379054	VCAN antisense RNA 1
1.2701153410344457	5.287644030208087	6.918813935745364	2.589201234243645e-5	7.511718843181338e-4	2.7332307571279895	ENSG00000087076	Merge_vs_Mock	Up	HSD17B14	51171	hydroxysteroid 17-beta dehydrogenase 14
-1.0501532898532728	3.1093109390637874	-6.916781199792794	2.5961044985587898e-5	7.511718843181338e-4	2.730463207582014	ENSG00000101665	Merge_vs_Mock	Down	SMAD7	4092	SMAD family member 7
1.3803604595967451	4.539676857251922	6.916082041061258	2.598483435514847e-5	7.511718843181338e-4	2.729511182463016	ENSG00000100196	Merge_vs_Mock	Up	KDELR3	11015	KDEL endoplasmic reticulum protein retention receptor 3
-1.018860735060711	4.426524285207253	-6.910463309504097	2.6176867051218256e-5	7.553346995366207e-4	2.7218579400090377	ENSG00000171492	Merge_vs_Mock	Down	LRRC8D	55144	leucine rich repeat containing 8 VRAC subunit D
-1.8492812400256868	2.42342185207923	-6.884544455534424	2.7082625521476775e-5	7.757766283255806e-4	2.6864993650780047	ENSG00000185483	Merge_vs_Mock	Down	ROR1	4919	receptor tyrosine kinase like orphan receptor 1
1.0164143313324305	1.3910260729400166	6.874558437898917	2.7440518721710034e-5	7.845992680320218e-4	2.6728524092051664	ENSG00000257605	Merge_vs_Mock	Up	NA	NA	NA
-3.4807560630125423	4.620921306905886	-6.8528956446825955	2.8234460550590778e-5	8.000272551686317e-4	2.6432019208877833	ENSG00000145920	Merge_vs_Mock	Down	CPLX2	10814	complexin 2
-1.078439106722151	3.399740695935108	-6.848137394380016	2.8412129636710592e-5	8.036135803361704e-4	2.6366807270269046	ENSG00000245694	Merge_vs_Mock	Down	CRNDE	643911	colorectal neoplasia differentially expressed
-1.1848621119531102	4.262088178967417	-6.84002764195919	2.871771040280327e-5	8.107984089667581e-4	2.625559278236521	ENSG00000040275	Merge_vs_Mock	Down	SPDL1	54908	spindle apparatus coiled-coil protein 1
-1.2230837540197301	3.5369966530878876	-6.832051792291165	2.9021686156735866e-5	8.129862345779805e-4	2.614612832180681	ENSG00000165304	Merge_vs_Mock	Down	MELK	9833	maternal embryonic leucine zipper kinase
-2.06543725638262	6.062958440714642	-6.8316356243643	2.9037641594494597e-5	8.129862345779805e-4	2.6140414280070807	ENSG00000112081	Merge_vs_Mock	Down	SRSF3	6428	serine and arginine rich splicing factor 3
-1.5337878243069423	1.1114630258400735	-6.831217386754994	2.9053685859902395e-5	8.129862345779805e-4	2.613467158647307	ENSG00000198774	Merge_vs_Mock	Down	RASSF9	9182	Ras association domain family member 9
-1.0995605893974405	1.754920114315761	-6.827554011385621	2.9194625839197474e-5	8.154790158920417e-4	2.608436082833924	ENSG00000140479	Merge_vs_Mock	Down	PCSK6	5046	proprotein convertase subtilisin/kexin type 6
1.1000584504577797	2.761518396966996	6.821435959533991	2.943164126226181e-5	8.191893636996978e-4	2.600029862129098	ENSG00000214900	Merge_vs_Mock	Up	LINC01599	196913	long intergenic non-protein coding RNA 1599
-1.2752280388529011	3.3674787942908417	-6.816351009762699	2.96302043314241e-5	8.211427127810677e-4	2.5930392897637713	ENSG00000168502	Merge_vs_Mock	Down	MTCL1	23255	microtubule crosslinking factor 1
1.2615050443248141	3.4799876707908775	6.809779485796546	2.9888947470238784e-5	8.232576854274215e-4	2.5839998765388614	ENSG00000225190	Merge_vs_Mock	Up	PLEKHM1	9842	pleckstrin homology and RUN domain containing M1
-2.062629888046658	4.212862668418782	-6.8097046590804124	2.989190756575465e-5	8.232576854274215e-4	2.583896915654492	ENSG00000101871	Merge_vs_Mock	Down	MID1	4281	midline 1
1.2285739146103969	1.4960161484671208	6.801166685631718	3.0231737383666323e-5	8.265125904960652e-4	2.572143782102593	ENSG00000168062	Merge_vs_Mock	Up	BATF2	116071	basic leucine zipper ATF-like transcription factor 2
1.027356923470687	2.3718573658712243	6.796670493315036	3.041235876201861e-5	8.28881722515606e-4	2.5659504966778304	ENSG00000135127	Merge_vs_Mock	Up	BICDL1	92558	BICD family like cargo adaptor 1
1.6570066039295372	1.8733845074882616	6.79466697883184	3.0493216479335618e-5	8.29647616529467e-4	2.563189874327959	ENSG00000121552	Merge_vs_Mock	Up	CSTA	1475	cystatin A
-1.4045636230885097	1.7650518902455419	-6.782929773971227	3.0971560375409926e-5	8.391276478023907e-4	2.547006407005334	ENSG00000160957	Merge_vs_Mock	Down	RECQL4	9401	RecQ like helicase 4
-1.0074372319088303	1.2111663491762883	-6.779393162981003	3.111726577669914e-5	8.391276478023907e-4	2.5421264149789273	ENSG00000172244	Merge_vs_Mock	Down	C5orf34	375444	chromosome 5 open reading frame 34
-1.3920764229972766	5.1573356362969465	-6.775235720008434	3.1289489342644996e-5	8.391276478023907e-4	2.53638760557725	ENSG00000164574	Merge_vs_Mock	Down	GALNT10	55568	polypeptide N-acetylgalactosaminyltransferase 10
1.718884032827515	8.643993269923051	6.762207029213555	3.183585969239615e-5	8.49681083960015e-4	2.518388045817554	ENSG00000124762	Merge_vs_Mock	Up	CDKN1A	1026	cyclin dependent kinase inhibitor 1A
-1.1873379912833844	1.8082233806155856	-6.750550606867263	3.2333356653364045e-5	8.533607107935872e-4	2.5022648396187144	ENSG00000278903	Merge_vs_Mock	Down	LOC124905312	124905312	uncharacterized LOC124905312
-1.119799680031334	2.706974875020445	-6.747919362296362	3.244680738956679e-5	8.533607107935872e-4	2.4986227453635674	ENSG00000101003	Merge_vs_Mock	Down	GINS1	9837	GINS complex subunit 1
2.906751068100024	1.731972177652923	6.7478439800190975	3.24500639103755e-5	8.533607107935872e-4	2.4985183895199157	ENSG00000157601	Merge_vs_Mock	Up	MX1	4599	MX dynamin like GTPase 1
-1.3910383291814643	4.113938296228958	-6.7446019186522435	3.259045335378474e-5	8.54195782402698e-4	2.4940294960557807	ENSG00000008256	Merge_vs_Mock	Down	CYTH3	9265	cytohesin 3
-1.2991930977383026	5.419342567872407	-6.741974226327167	3.270471677848412e-5	8.54342817372826e-4	2.4903901999247573	ENSG00000099812	Merge_vs_Mock	Down	MISP	126353	mitotic spindle positioning
-1.2372876825844732	2.866845541801575	-6.729700392852271	3.324415324354799e-5	8.641281882777449e-4	2.473378802910279	ENSG00000196550	Merge_vs_Mock	Down	FAM72A	729533	family with sequence similarity 72 member A
-1.4760119439735626	2.745805216918727	-6.726902054106512	3.336847082653869e-5	8.657459593742624e-4	2.469497473862223	ENSG00000180581	Merge_vs_Mock	Down	NA	NA	NA
-1.434355779619544	4.90625706960189	-6.725229333814287	3.3443020141257245e-5	8.657459593742624e-4	2.46717688313381	ENSG00000166508	Merge_vs_Mock	Down	MCM7	4176	minichromosome maintenance complex component 7
1.6851395454879439	2.4279631250801925	6.7154857073079794	3.388083512590787e-5	8.730673659549548e-4	2.4536518431424863	ENSG00000079385	Merge_vs_Mock	Up	CEACAM1	634	CEA cell adhesion molecule 1
-1.573867452043689	4.0094519796432015	-6.714595069960641	3.3921159900704395e-5	8.730673659549548e-4	2.452414913880654	ENSG00000185238	Merge_vs_Mock	Down	PRMT3	10196	protein arginine methyltransferase 3
-1.1260882395892957	1.682315475653502	-6.703697972784034	3.4418726952006805e-5	8.802843453559701e-4	2.4372721432059627	ENSG00000266969	Merge_vs_Mock	Down	NA	NA	NA
-1.7841422879425237	3.2067035706189433	-6.682470843609468	3.541057088264992e-5	8.99623001131749e-4	2.4077281969338955	ENSG00000187098	Merge_vs_Mock	Down	MITF	4286	melanocyte inducing transcription factor
-1.315580885148972	1.5471267780819096	-6.676731207972982	3.568398698792125e-5	9.036495642061991e-4	2.3997292200360985	ENSG00000136883	Merge_vs_Mock	Down	KIF12	113220	kinesin family member 12
1.3976802191264568	2.121373816243638	6.664425557345963	3.627783955377895e-5	9.149913378427071e-4	2.382564448103764	ENSG00000115267	Merge_vs_Mock	Up	IFIH1	64135	interferon induced with helicase C domain 1
-1.4279990116616	1.2060507405642114	-6.647107984035855	3.713156565187579e-5	9.313797613339798e-4	2.358373680727576	ENSG00000183395	Merge_vs_Mock	Down	PMCH	5367	pro-melanin concentrating hormone
-1.3670901661164772	3.732077480584526	-6.635263330792698	3.7727868991245376e-5	9.417594726290869e-4	2.3418043822998627	ENSG00000177425	Merge_vs_Mock	Down	PAWR	5074	pro-apoptotic WT1 regulator
-1.3873147865835902	2.07429129643111	-6.620472744610521	3.848692433183574e-5	9.561538262913883e-4	2.321087111244756	ENSG00000185697	Merge_vs_Mock	Down	MYBL1	4603	MYB proto-oncogene like 1
-1.3283331952577129	5.854897007569656	-6.611914559529358	3.893359059312249e-5	9.64204166405424e-4	2.3090859210547006	ENSG00000198517	Merge_vs_Mock	Down	MAFK	7975	MAF bZIP transcription factor K
-1.4298738742318662	3.3652403836195983	-6.599000091371243	3.96181635451094e-5	9.774972561134327e-4	2.2909568826303683	ENSG00000188486	Merge_vs_Mock	Down	H2AX	3014	H2A.X variant histone
-1.1984289167163125	5.553167679375206	-6.59827786548044	3.965682623682882e-5	9.774972561134327e-4	2.2899423627695192	ENSG00000117632	Merge_vs_Mock	Down	STMN1	3925	stathmin 1
-2.060329976552545	2.9121310726171674	-6.587581538708498	4.023418562949948e-5	9.867915282105475e-4	2.274908714969502	ENSG00000105810	Merge_vs_Mock	Down	CDK6	1021	cyclin dependent kinase 6
1.7942789030775947	1.6518776661106145	6.58729008825232	4.025004281307374e-5	9.867915282105475e-4	2.274498862588109	ENSG00000206585	Merge_vs_Mock	Up	RNVU1-7	26864	RNA, variant U1 small nuclear 7
-2.9146103092110645	2.8488603555323357	-6.58519955117952	4.0363980773008434e-5	9.87191231160701e-4	2.271558701596472	ENSG00000133636	Merge_vs_Mock	Down	NTS	4922	neurotensin
-1.3639135875848831	5.28218061943328	-6.579535256008877	4.067443446627259e-5	9.93198879987338e-4	2.2635893394528566	ENSG00000101384	Merge_vs_Mock	Down	JAG1	182	jagged canonical Notch ligand 1
-1.1110090559997485	3.8771818817596575	-6.578275166506738	4.0743845721028764e-5	9.93198879987338e-4	2.2618158610753216	ENSG00000168496	Merge_vs_Mock	Down	FEN1	2237	flap structure-specific endonuclease 1
-2.183600241671039	3.3816571481551465	-6.573044311130616	4.1033343524148734e-5	9.973575892747496e-4	2.254451503919567	ENSG00000258186	Merge_vs_Mock	Down	NA	NA	NA
-1.0732152741386365	5.281278017442804	-6.570888912510325	4.115327268289417e-5	9.987289602024596e-4	2.251415891505779	ENSG00000091483	Merge_vs_Mock	Down	FH	2271	fumarate hydratase
1.0801865967486668	2.549007123288904	6.562090067010802	4.164676020498046e-5	0.0010091478443505742	2.239017177753089	ENSG00000179630	Merge_vs_Mock	Up	LACC1	144811	laccase domain containing 1
-1.267520695948373	0.7663078063789666	-6.545047225188993	4.2620734536253946e-5	0.0010279964284005056	2.214971297985473	ENSG00000085999	Merge_vs_Mock	Down	RAD54L	8438	RAD54 like
-1.627299617971138	4.427964387247146	-6.5380425192062335	4.302809133769429e-5	0.0010330683425596645	2.2050767022887	ENSG00000113924	Merge_vs_Mock	Down	HGD	3081	homogentisate 1,2-dioxygenase
-1.2854758482320627	2.7997846662408667	-6.5357289750946395	4.3163549166476027e-5	0.0010347408143170761	2.201807187426583	ENSG00000250615	Merge_vs_Mock	Down	NA	NA	NA
-1.6406746843740516	1.1064614927015424	-6.526325393858294	4.3718846318700386e-5	0.0010417008745573974	2.1885103915142565	ENSG00000163576	Merge_vs_Mock	Down	EFHB	151651	EF-hand domain family member B
-2.3101230642132293	5.147837946076588	-6.5225199376514365	4.394573462902426e-5	0.0010455228786324289	2.183125956016198	ENSG00000099860	Merge_vs_Mock	Down	GADD45B	4616	growth arrest and DNA damage inducible beta
-1.4723842713066277	4.868756581023387	-6.518658712739725	4.4177237079964005e-5	0.0010488247839904531	2.1776605693633933	ENSG00000187079	Merge_vs_Mock	Down	TEAD1	7003	TEA domain transcription factor 1
-1.4925626216226342	3.4295835558493635	-6.517024312868489	4.4275621692304386e-5	0.0010488247839904531	2.1753465314484437	ENSG00000258749	Merge_vs_Mock	Down	NA	NA	NA
1.4154153347105243	2.305114535332699	6.501309997804697	4.523362372284068e-5	0.0010648861776428032	2.1530788544082213	ENSG00000249007	Merge_vs_Mock	Up	NA	NA	NA
1.0203249073269969	1.8629677092995534	6.488314918594571	4.604261682656711e-5	0.0010823111991249542	2.134638639379734	ENSG00000204072	Merge_vs_Mock	Up	NA	NA	NA
-1.3927805938823465	2.4022091879929626	-6.48323484563764	4.636306965694786e-5	0.0010882173633211373	2.1274235884087567	ENSG00000140025	Merge_vs_Mock	Down	EFCAB11	90141	EF-hand calcium binding domain 11
1.4721512827340226	4.326539512011669	6.47588665407391	4.683082767292027e-5	0.0010975582652523756	2.1169808879223524	ENSG00000125657	Merge_vs_Mock	Up	TNFSF9	8744	TNF superfamily member 9
-1.2712576498318138	2.043764171174469	-6.474698047923905	4.690696330168219e-5	0.0010977067036938306	2.115291027356564	ENSG00000101945	Merge_vs_Mock	Down	SUV39H1	6839	SUV39H1 histone lysine methyltransferase
-2.6606855297326932	6.265964095333957	-6.459762445779393	4.7875031312738804e-5	0.00111242085853424	2.094040161538249	ENSG00000150938	Merge_vs_Mock	Down	CRIM1	51232	cysteine rich transmembrane BMP regulator 1
1.4727483778428136	2.5600035540488792	6.445260224896453	4.883549666964865e-5	0.001127734244679728	2.0733763369644027	ENSG00000267112	Merge_vs_Mock	Up	NA	NA	NA
-1.214189309767446	3.9045723590997365	-6.4363945220668874	4.94328034632395e-5	0.0011374129574212922	2.060729464454159	ENSG00000196588	Merge_vs_Mock	Down	MRTFA	57591	myocardin related transcription factor A
-2.4075915152503313	2.1553636787523858	-6.434803526068747	4.9540818237035646e-5	0.0011374129574212922	2.0584587634218963	ENSG00000273760	Merge_vs_Mock	Down	NA	NA	NA
1.2082024371612832	4.583309583995644	6.430182010541451	4.985601385632615e-5	0.001142909145633506	2.0518608514323677	ENSG00000173530	Merge_vs_Mock	Up	TNFRSF10D	8793	TNF receptor superfamily member 10d
2.082403976670574	2.4801422187792626	6.420966402269944	5.0490959378287214e-5	0.0011524250031682798	2.038695321123953	ENSG00000263934	Merge_vs_Mock	Up	NA	NA	NA
1.0115885109309133	2.2417396382249724	6.418096425154172	5.0690460477079214e-5	0.0011541205591535245	2.034592826933281	ENSG00000095397	Merge_vs_Mock	Up	WHRN	25861	whirlin
-1.4544863101697763	4.8763659516788005	-6.417786925833037	5.0712025077901905e-5	0.0011541205591535245	2.034150344156961	ENSG00000122870	Merge_vs_Mock	Down	BICC1	80114	BicC family RNA binding protein 1
-1.0491971022519437	3.1969625125322816	-6.405733916887542	5.1559509954830925e-5	0.0011717122161122415	2.0169081254916783	ENSG00000104450	Merge_vs_Mock	Down	SPAG1	6674	sperm associated antigen 1
1.5515025860205915	0.8813519064938298	6.3941523589686735	5.2388135444003134e-5	0.0011837311376306891	2.000321293150673	ENSG00000130303	Merge_vs_Mock	Up	BST2	684	bone marrow stromal cell antigen 2
-1.3229026406349602	4.914454280876354	-6.394133805918978	5.2389474233178154e-5	0.0011837311376306891	2.0002947069356676	ENSG00000188529	Merge_vs_Mock	Down	SRSF10	10772	serine and arginine rich splicing factor 10
-1.7579054885971637	6.675312719175294	-6.390535174726541	5.2649845101126764e-5	0.001187907408981807	1.9951370214546724	ENSG00000106541	Merge_vs_Mock	Down	AGR2	10551	anterior gradient 2, protein disulphide isomerase family member
-1.1392567919175778	1.0926691837080305	-6.38744757283615	5.2874345198883695e-5	0.0011911931056572277	1.9907103238579484	ENSG00000170959	Merge_vs_Mock	Down	DCDC1	341019	doublecortin domain containing 1
1.8777660829997511	0.9278608224403838	6.384390657327623	5.309762331195317e-5	0.0011928760345768221	1.986326313284236	ENSG00000111335	Merge_vs_Mock	Up	OAS2	4939	2'-5'-oligoadenylate synthetase 2
1.0264793400525707	4.180131892811225	6.375991742258587	5.37162919621611e-5	0.001200846097026358	1.9742744846790146	ENSG00000288859	Merge_vs_Mock	Up	H2AC19	723790	H2A clustered histone 19
-1.9442496931072104	4.263507262811828	-6.37440290368029	5.383419168279171e-5	0.001200846097026358	1.971993511807982	ENSG00000137731	Merge_vs_Mock	Down	FXYD2	486	FXYD domain containing ion transport regulator 2
1.0232251412927171	4.181547124416027	6.37033830178373	5.4137067140153375e-5	0.0012058916683371842	1.9661566750279054	ENSG00000288825	Merge_vs_Mock	Up	H2AC18	8337	H2A clustered histone 18
-1.7256561130285957	4.590125969712275	-6.3653702995850505	5.4509737612890413e-5	0.001210762900706659	1.9590194117196482	ENSG00000164548	Merge_vs_Mock	Down	TRA2A	29896	transformer 2 alpha homolog
1.3881165713085437	3.0545913596694843	6.35768645407569	5.509154972749171e-5	0.0012219601001615438	1.9479736615565493	ENSG00000140464	Merge_vs_Mock	Up	PML	5371	PML nuclear body scaffold
-1.46233840837071	3.7163676886394184	-6.354135176803951	5.536268975148708e-5	0.0012252799886095119	1.942865814221575	ENSG00000112118	Merge_vs_Mock	Down	MCM3	4172	minichromosome maintenance complex component 3
-1.1031177914725196	5.319281576579432	-6.351655195387212	5.555288260705723e-5	0.0012252799886095119	1.9392977815677614	ENSG00000141510	Merge_vs_Mock	Down	TP53	7157	tumor protein p53
-1.4361325472591142	3.627931624243351	-6.331185125626887	5.7149709800022406e-5	0.0012532387881370507	1.909814002250803	ENSG00000178921	Merge_vs_Mock	Down	PFAS	5198	phosphoribosylformylglycinamidine synthase
-1.0051655592022657	2.6999198744423736	-6.330595486998915	5.719642751241738e-5	0.0012532387881370507	1.9089638570449274	ENSG00000115290	Merge_vs_Mock	Down	GRB14	2888	growth factor receptor bound protein 14
-1.0850434906343338	0.8798592263377595	-6.330311213540116	5.7218965400127326e-5	0.0012532387881370507	1.9085539721700915	ENSG00000261448	Merge_vs_Mock	Down	LOC102723692	102723692	uncharacterized LOC102723692
3.3427570293663034	5.053780765141104	6.324145463043732	5.77101454430851e-5	0.0012587375135061807	1.8996609926124552	ENSG00000126709	Merge_vs_Mock	Up	IFI6	2537	interferon alpha inducible protein 6
-1.1126070547484876	1.286590416840573	-6.317486273652464	5.8245703498042666e-5	0.0012686591872717713	1.890050345873906	ENSG00000178295	Merge_vs_Mock	Down	GEN1	348654	GEN1 Holliday junction 5' flap endonuclease
1.34180884646246	2.384830680452116	6.309698718647967	5.8878759760835626e-5	0.001280674102349794	1.8788033553836119	ENSG00000137094	Merge_vs_Mock	Up	DNAJB5	25822	DnaJ heat shock protein family (Hsp40) member B5
-1.0744166545037	3.344779702779249	-6.301048488718487	5.9590579485695496e-5	0.001294366647779071	1.8663005176827099	ENSG00000151718	Merge_vs_Mock	Down	WWC2	80014	WW and C2 domain containing 2
-3.115255729112164	5.559107577170587	-6.291882577427154	6.035488658918638e-5	0.001307356675621963	1.8530408939746206	ENSG00000142871	Merge_vs_Mock	Down	CCN1	3491	cellular communication network factor 1
1.2215930375515096	1.4064289113823307	6.2871330963725445	6.0755042905366485e-5	0.0013113289127254664	1.846165553650156	ENSG00000158125	Merge_vs_Mock	Up	XDH	7498	xanthine dehydrogenase
-1.0120334766919594	3.2842949295189174	-6.287099456807754	6.075788722403842e-5	0.0013113289127254664	1.8461168458037456	ENSG00000063180	Merge_vs_Mock	Down	CA11	770	carbonic anhydrase 11
-1.0669222734901993	5.415095622456247	-6.263029139420975	6.28300645454066e-5	0.001340818387495698	1.8112239632688159	ENSG00000164251	Merge_vs_Mock	Down	F2RL1	2150	F2R like trypsin receptor 1
-1.6356518137653433	4.212509114602773	-6.254862796451632	6.355015304906803e-5	0.0013505266308778973	1.7993673819030445	ENSG00000038427	Merge_vs_Mock	Down	VCAN	1462	versican
-1.1114053385081704	5.041233507924641	-6.25171325092006	6.38302254185188e-5	0.0013546479418780387	1.7947921063712098	ENSG00000273175	Merge_vs_Mock	Down	NA	NA	NA
1.2967890096179218	1.5586011385616791	6.239360120265958	6.494152633382085e-5	0.0013671625744654172	1.7768335390851444	ENSG00000026751	Merge_vs_Mock	Up	SLAMF7	57823	SLAM family member 7
-1.6156503216531068	3.4675188791034093	-6.238023721790937	6.506298412536338e-5	0.001367727031876016	1.7748894428870017	ENSG00000064651	Merge_vs_Mock	Down	SLC12A2	6558	solute carrier family 12 member 2
-1.9685432861716703	3.9497041119478817	-6.222155220620363	6.652388794353933e-5	0.001385635313642516	1.7517859061772185	ENSG00000140538	Merge_vs_Mock	Down	NTRK3	4916	neurotrophic receptor tyrosine kinase 3
-2.40588642955442	4.608766901788686	-6.213661830468285	6.732018585533255e-5	0.0014003667232287825	1.739405519557275	ENSG00000095752	Merge_vs_Mock	Down	IL11	3589	interleukin 11
1.0303996299947658	7.0924870878823345	6.190624678050486	6.953176213471255e-5	0.0014349822720872568	1.7057743178733702	ENSG00000128524	Merge_vs_Mock	Up	ATP6V1F	9296	ATPase H+ transporting V1 subunit F
1.1873031705618233	5.862731049730424	6.176282296890075	7.094775516161501e-5	0.0014527661428015075	1.6847985861491868	ENSG00000131981	Merge_vs_Mock	Up	LGALS3	3958	galectin 3
-1.618592985402406	2.444573176052666	-6.170377013188263	7.153969802922147e-5	0.0014602255386142295	1.676153684132471	ENSG00000251432	Merge_vs_Mock	Down	LINC02615	100507487	long intergenic non-protein coding RNA 2615
-1.3822373141451643	2.4024741141801202	-6.163464833567133	7.223928204971576e-5	0.0014715478620645466	1.6660285150655785	ENSG00000021645	Merge_vs_Mock	Down	NRXN3	9369	neurexin 3
-1.6673080801557303	5.185573058077415	-6.160872636944732	7.250352051433581e-5	0.0014750198753019986	1.6622296501801	ENSG00000164611	Merge_vs_Mock	Down	PTTG1	9232	PTTG1 regulator of sister chromatid separation, securin
-1.2956528594358105	3.7767952213588973	-6.143120318801197	7.43411055273726e-5	0.001504618050866746	1.6361881471185935	ENSG00000111196	Merge_vs_Mock	Down	MAGOHB	55110	mago homolog B, exon junction complex subunit
1.4856913059329795	4.651054432541956	6.141076930581865	7.455579314429553e-5	0.0015050890924097453	1.633187774429107	ENSG00000067066	Merge_vs_Mock	Up	SP100	6672	SP100 nuclear antigen
-1.6639476329683138	2.429489971386258	-6.129143957792832	7.582282459181338e-5	0.001524795063338692	1.615654432434921	ENSG00000112984	Merge_vs_Mock	Down	KIF20A	10112	kinesin family member 20A
1.3676305311797883	5.328313456666008	6.121447602751361	7.665220302729127e-5	0.001535582859626984	1.6043353641481453	ENSG00000188313	Merge_vs_Mock	Up	PLSCR1	5359	phospholipid scramblase 1
-1.0569569895828703	4.905119583501066	-6.105171885011435	7.843819751394205e-5	0.0015653795610460059	1.5803710166863585	ENSG00000000971	Merge_vs_Mock	Down	CFH	3075	complement factor H
-1.6716720909192706	2.60971336167822	-6.099238348256631	7.91003166607277e-5	0.0015745969364640555	1.5716251693637862	ENSG00000131018	Merge_vs_Mock	Down	SYNE1	23345	spectrin repeat containing nuclear envelope protein 1
-1.067164338490391	0.6268272706000731	-6.0908197130402	8.005000757284313e-5	0.0015841088490936312	1.5592078205334587	ENSG00000120054	Merge_vs_Mock	Down	CPN1	1369	carboxypeptidase N subunit 1
-1.1937532658872678	4.518303059760896	-6.082035752906777	8.105390294848294e-5	0.0015949470361764217	1.546240934532408	ENSG00000039068	Merge_vs_Mock	Down	CDH1	999	cadherin 1
1.0795990992883642	11.419882073027116	6.069558173606023	8.250310840051164e-5	0.001619221913860996	1.5278027526990776	ENSG00000177954	Merge_vs_Mock	Up	RPS27	6232	ribosomal protein S27
1.005594648841589	1.0457463196465526	6.059543093687258	8.368631916486022e-5	0.0016368794218738704	1.5129874711321651	ENSG00000103647	Merge_vs_Mock	Up	CORO2B	10391	coronin 2B
-1.0284325852030602	3.2455317204291667	-6.05533614185415	8.418873239077493e-5	0.0016400037789159043	1.5067599011256565	ENSG00000168453	Merge_vs_Mock	Down	HR	55806	HR lysine demethylase and nuclear receptor corepressor
1.0048747627982832	4.382792665072041	6.053747802771604	8.437925557404732e-5	0.0016400037789159043	1.5044080235282262	ENSG00000132879	Merge_vs_Mock	Up	FBXO44	93611	F-box protein 44
-1.3541737348038598	1.3938420356871892	-6.051746809267268	8.461993260764909e-5	0.0016400037789159043	1.5014446135329447	ENSG00000184845	Merge_vs_Mock	Down	DRD1	1812	dopamine receptor D1
-1.2024539290785063	3.5423019013080115	-6.051199030084015	8.468594651102466e-5	0.0016400037789159043	1.5006332704589784	ENSG00000132967	Merge_vs_Mock	Down	HMGB1P5	10354	high mobility group box 1 pseudogene 5
-1.0180964167954294	0.8441336326921901	-6.0485357264347135	8.50076906545329e-5	0.0016402833659302873	1.496687912676375	ENSG00000289357	Merge_vs_Mock	Down	NA	NA	NA
-2.4967859674469173	6.190901926751439	-6.046473202408043	8.525775330604971e-5	0.0016430924368761495	1.4936318456372373	ENSG00000213626	Merge_vs_Mock	Down	LBH	81606	LBH regulator of WNT signaling pathway
-1.1028581346979864	5.037095674921199	-6.040938169591035	8.593271603736557e-5	0.0016540733077155582	1.485427540042421	ENSG00000253729	Merge_vs_Mock	Down	PRKDC	5591	protein kinase, DNA-activated, catalytic subunit
1.61882260447402	4.21532522024303	6.0252723999549165	8.787416319134082e-5	0.001679111895925912	1.4621834027883178	ENSG00000111331	Merge_vs_Mock	Up	OAS3	4940	2'-5'-oligoadenylate synthetase 3
-1.6098009944597689	1.6572542139993671	-6.015990824500988	8.904646521169594e-5	0.0016871623035170245	1.44839541653851	ENSG00000281832	Merge_vs_Mock	Down	LINC00602	441177	long intergenic non-protein coding RNA 602
-1.1161122433392672	4.804774425590589	-6.004426191479771	9.053053206575708e-5	0.0017070541334125852	1.4311987968649706	ENSG00000180891	Merge_vs_Mock	Down	CUEDC1	404093	CUE domain containing 1
1.824768652096028	1.6101675108586107	5.991253535556007	9.22531738054481e-5	0.00173123318766644	1.4115879227791925	ENSG00000166592	Merge_vs_Mock	Up	RRAD	6236	RRAD, Ras related glycolysis inhibitor and calcium channel regulator
-1.4105580656209296	3.9107912412318275	-5.986706548780491	9.285589508316281e-5	0.001738395007235498	1.404812848581198	ENSG00000120699	Merge_vs_Mock	Down	EXOSC8	11340	exosome component 8
1.2314050086682662	1.3498667873824652	5.980811639115959	9.364355114190772e-5	0.0017510564628509403	1.3960249800156266	ENSG00000103196	Merge_vs_Mock	Up	CRISPLD2	83716	cysteine rich secretory protein LCCL domain containing 2
-1.439017644654002	1.5959180351277102	-5.978313625983898	9.39794743052851e-5	0.0017531686986060658	1.392299564638396	ENSG00000163637	Merge_vs_Mock	Down	PRICKLE2	166336	prickle planar cell polarity protein 2
2.9838586157050573	2.4767300157119063	5.9737494079219635	9.459657813432607e-5	0.0017605038908170554	1.3854904224849847	ENSG00000119922	Merge_vs_Mock	Up	IFIT2	3433	interferon induced protein with tetratricopeptide repeats 2
-1.01518598214223	3.5651541396864124	-5.966549049210723	9.557890728384029e-5	0.0017657439406668224	1.3747425294273263	ENSG00000197375	Merge_vs_Mock	Down	SLC22A5	6584	solute carrier family 22 member 5
1.012611965787785	0.8500138885356545	5.963937636555375	9.59378611470347e-5	0.0017687207554493176	1.3708426834687213	ENSG00000278591	Merge_vs_Mock	Up	LOC124904138	124904138	U2 spliceosomal RNA
1.0220389852126095	5.13961515073377	5.9564593831022	9.697377022812144e-5	0.001781553166597474	1.3596694068417463	ENSG00000107796	Merge_vs_Mock	Up	ACTA2	59	actin alpha 2, smooth muscle
-1.0784358532456233	4.61193467420279	-5.9555643438069366	9.709855093314006e-5	0.0017817640746494287	1.3583315939320517	ENSG00000184220	Merge_vs_Mock	Down	CMSS1	84319	cms1 ribosomal small subunit homolog
-1.6380554600224793	4.701733638362691	-5.949696225209962	9.792090157349727e-5	0.0017905861606335096	1.3495577119251099	ENSG00000163545	Merge_vs_Mock	Down	NUAK2	81788	NUAK family kinase 2
1.6069188928155163	1.9230717083251576	5.943174727819692	9.884354061158152e-5	0.0017970098493152958	1.339801169599225	ENSG00000258663	Merge_vs_Mock	Up	NA	NA	NA
-1.3981561549559274	3.090651800955155	-5.93296755970728	1.0030628055285952e-4	0.001817300193518743	1.324518509407751	ENSG00000144057	Merge_vs_Mock	Down	ST6GAL2	84620	ST6 beta-galactoside alpha-2,6-sialyltransferase 2
-1.5848198781721567	4.325594112046331	-5.927463161945465	1.0110465702501283e-4	0.0018252140998188382	1.3162709128239598	ENSG00000187498	Merge_vs_Mock	Down	COL4A1	1282	collagen type IV alpha 1 chain
-1.0463322316736314	3.9372379906496398	-5.9272817598039	1.0113108329869274e-4	0.0018252140998188382	1.3159990328714937	ENSG00000094916	Merge_vs_Mock	Down	CBX5	23468	chromobox 5
1.1581167220535735	3.641912170006231	5.927241551499841	1.0113694175531394e-4	0.0018252140998188382	1.3159387692679285	ENSG00000277586	Merge_vs_Mock	Up	NEFL	4747	neurofilament light chain
-1.0813489057723928	3.9925842652589725	-5.920077900086441	1.0218650442715897e-4	0.0018342858493414008	1.305198325760097	ENSG00000197766	Merge_vs_Mock	Down	CFD	1675	complement factor D
-1.0283672114427405	2.9108754982809475	-5.9185611682696075	1.0241021084330088e-4	0.0018342858493414008	1.3029233573876784	ENSG00000106462	Merge_vs_Mock	Down	EZH2	2146	enhancer of zeste 2 polycomb repressive complex 2 subunit
1.1291800104913396	2.7460375296910184	5.916869762298743	1.0266029653208748e-4	0.001834789312584193	1.3003860067168187	ENSG00000084710	Merge_vs_Mock	Up	EFR3B	22979	EFR3 homolog B
-1.212997301339234	2.0046501322067782	-5.916792982072017	1.0267166444576433e-4	0.001834789312584193	1.300270815747428	ENSG00000275857	Merge_vs_Mock	Down	NA	NA	NA
-1.3015441694101961	1.8020055059482236	-5.914997189414706	1.0293792887515265e-4	0.0018364193824418336	1.2975764050665237	ENSG00000180210	Merge_vs_Mock	Down	F2	2147	coagulation factor II, thrombin
-1.1205464703315149	1.2933333917584513	-5.914365251812768	1.0303180214990284e-4	0.0018364193824418336	1.2966281355678984	ENSG00000281207	Merge_vs_Mock	Down	SLFNL1-AS1	100507178	SLFNL1 antisense RNA 1
-1.0249747358673398	3.6682108696510607	-5.913033139871424	1.0322998436211249e-4	0.0018364193824418336	1.2946290161415668	ENSG00000244151	Merge_vs_Mock	Down	NA	NA	NA
-1.1870700920899573	3.437717798153556	-5.908078985445328	1.0397060348035795e-4	0.0018433390195401456	1.2871920302831086	ENSG00000279569	Merge_vs_Mock	Down	NA	NA	NA
-1.042276608124894	2.5526382177689366	-5.892981651401754	1.0626272942514342e-4	0.0018623847582770025	1.2645069546569818	ENSG00000141738	Merge_vs_Mock	Down	GRB7	2886	growth factor receptor bound protein 7
2.281678333052787	2.7990706522624675	5.892429677768487	1.0634754628848709e-4	0.0018623847582770025	1.2636769509094172	ENSG00000185507	Merge_vs_Mock	Up	IRF7	3665	interferon regulatory factor 7
-1.0453724829939972	4.874620689940623	-5.889530942202489	1.0679415570796983e-4	0.0018681255758215055	1.2593174051152065	ENSG00000077348	Merge_vs_Mock	Down	EXOSC5	56915	exosome component 5
-1.7235754293325172	2.806141695147635	-5.885619669544476	1.0739993953959439e-4	0.0018725929792824956	1.2534331610243292	ENSG00000259120	Merge_vs_Mock	Down	SMIM6	100130933	small integral membrane protein 6
1.0076970075083442	0.8207617153964446	5.884809698756196	1.0752584638764424e-4	0.0018725929792824956	1.252214342791957	ENSG00000274062	Merge_vs_Mock	Up	LOC124904138	124904138	U2 spliceosomal RNA
-1.0888681249923704	2.624771471868835	-5.882202846484888	1.0793214107723732e-4	0.0018775894364830023	1.2482910005411298	ENSG00000138696	Merge_vs_Mock	Down	BMPR1B	658	bone morphogenetic protein receptor type 1B
-1.0125459217324178	5.217648061575205	-5.867895372142161	1.1019139293345287e-4	0.001902162288991745	1.2267408614482829	ENSG00000146648	Merge_vs_Mock	Down	EGFR	1956	epidermal growth factor receptor
-1.1217259914163096	0.8890204023430672	-5.862091442130478	1.1112220242565779e-4	0.0019119340868117005	1.217990581606518	ENSG00000244468	Merge_vs_Mock	Down	NA	NA	NA
-1.116938507517431	4.9633148388108514	-5.856910533417492	1.1196017687343851e-4	0.0019167640323921862	1.2101755455542662	ENSG00000263585	Merge_vs_Mock	Down	NA	NA	NA
1.5227693562419176	2.987879724121709	5.848988525965957	1.1325455569700016e-4	0.0019359142857511135	1.1982183626120015	ENSG00000196954	Merge_vs_Mock	Up	CASP4	837	caspase 4
1.6572935745904571	3.9809731089304274	5.848208535167196	1.1338285849638191e-4	0.001936003075693922	1.19704059013662	ENSG00000128567	Merge_vs_Mock	Up	PODXL	5420	podocalyxin like
-1.7987482872236633	6.03001052201039	-5.843220727109779	1.1420698853762423e-4	0.001945849514347431	1.189507038020361	ENSG00000163347	Merge_vs_Mock	Down	CLDN1	9076	claudin 1
1.0779738521680677	13.287227334032591	5.840223505383203	1.1470528558127515e-4	0.0019522243734319622	1.1849783495086559	ENSG00000087086	Merge_vs_Mock	Up	FTL	2512	ferritin light chain
1.970091691219893	5.669494573875223	5.829142334516101	1.1656778025447046e-4	0.0019698207258391515	1.1682240066961374	ENSG00000204389	Merge_vs_Mock	Up	HSPA1A	3303	heat shock protein family A (Hsp70) member 1A
1.0206572880191433	0.8572382047222542	5.814711974597276	1.1904165546381693e-4	0.0020000524292991292	1.1463795786147788	ENSG00000275219	Merge_vs_Mock	Up	LOC124904138	124904138	U2 spliceosomal RNA
-1.3826333843558491	4.0440597451723015	-5.812705369277078	1.19390065816535e-4	0.00200376539491017	1.143339664208451	ENSG00000091986	Merge_vs_Mock	Down	CCDC80	151887	coiled-coil domain containing 80
1.008648440242084	0.8150591282560135	5.806284115097506	1.205123211845874e-4	0.002016145492498746	1.1336079041902511	ENSG00000277903	Merge_vs_Mock	Up	LOC124904138	124904138	U2 spliceosomal RNA
1.123023182613467	2.5356696255803115	5.7982371294062265	1.2193460356041164e-4	0.0020339927691432093	1.1214039625935133	ENSG00000272821	Merge_vs_Mock	Up	NA	NA	NA
1.2885754583807496	1.2507429798900054	5.798054239204496	1.219671360359943e-4	0.0020339927691432093	1.1211264867003088	ENSG00000135838	Merge_vs_Mock	Up	NPL	80896	N-acetylneuraminate pyruvate lyase
-1.1626082467044645	5.49913562156654	-5.792066588779004	1.2303734254850982e-4	0.0020448511307754502	1.112039557862424	ENSG00000285976	Merge_vs_Mock	Down	LOC128125822	128125822	uncharacterized LOC128125822
-2.636161210962567	3.414915951922163	-5.790781135433515	1.2326840086322822e-4	0.0020448511307754502	1.1100880723716209	ENSG00000166803	Merge_vs_Mock	Down	PCLAF	9768	PCNA clamp associated factor
1.0752115809693312	1.1443336201695948	5.781985301406694	1.248618968722709e-4	0.002057710388207848	1.096728531174815	ENSG00000177409	Merge_vs_Mock	Up	SAMD9L	219285	sterile alpha motif domain containing 9 like
1.2983420398379768	2.0013199297989823	5.777043829610578	1.2576673379745713e-4	0.002062364604482597	1.089218344500127	ENSG00000189058	Merge_vs_Mock	Up	APOD	347	apolipoprotein D
-1.156089990140754	0.8648749138588483	-5.774886687415202	1.2616391794561974e-4	0.0020645720849248868	1.0859387681028476	ENSG00000177182	Merge_vs_Mock	Down	CLVS1	157807	clavesin 1
-2.369318693727018	5.366668378862361	-5.767281884540686	1.2757484743819927e-4	0.0020768551250653433	1.074371636565603	ENSG00000129474	Merge_vs_Mock	Down	AJUBA	84962	ajuba LIM protein
-1.2572796972475713	3.9691627246729224	-5.759306288282244	1.2907264601505518e-4	0.0020968971397032623	1.0622316589864393	ENSG00000111845	Merge_vs_Mock	Down	PAK1IP1	55003	PAK1 interacting protein 1
-2.8197396147594835	2.9677960163786277	-5.754717204846188	1.2994294588281828e-4	0.0021001878385952725	1.0552423189711355	ENSG00000213412	Merge_vs_Mock	Down	HNRNPA1P33	728643	heterogeneous nuclear ribonucleoprotein A1 pseudogene 33
-1.0094943112273524	4.211365491708731	-5.746739858265846	1.3147072660240163e-4	0.002118224528775221	1.0430853849738941	ENSG00000184347	Merge_vs_Mock	Down	SLIT3	6586	slit guidance ligand 3
1.4890598540410125	1.5134416214498478	5.7460077749612655	1.31611886824902e-4	0.002118224528775221	1.0419692852140887	ENSG00000099889	Merge_vs_Mock	Up	ARVCF	421	ARVCF delta catenin family member
-1.3029734879436772	3.4090891683173656	-5.745059025722946	1.3179506476201805e-4	0.002118224528775221	1.0405227530764858	ENSG00000132031	Merge_vs_Mock	Down	MATN3	4148	matrilin 3
-1.7924390827469767	4.539432355949713	-5.741728824499277	1.32440189377432e-4	0.002125259610356628	1.0354442700117303	ENSG00000135766	Merge_vs_Mock	Down	EGLN1	54583	egl-9 family hypoxia inducible factor 1
-1.422843505595621	2.584166672613511	-5.740810551525821	1.3261866764214332e-4	0.0021259542990217594	1.0340436459429334	ENSG00000163072	Merge_vs_Mock	Down	NOSTRIN	115677	nitric oxide synthase trafficking
-1.1099880984095973	5.027875955264794	-5.73604464002857	1.3354910842652942e-4	0.002136514017411599	1.0267723616124087	ENSG00000110057	Merge_vs_Mock	Down	UNC93B1	81622	unc-93 homolog B1, TLR signaling regulator
-1.889061640986268	4.132715163964788	-5.729858646096913	1.347671706740284e-4	0.0021450896012345858	1.017329647343562	ENSG00000184470	Merge_vs_Mock	Down	TXNRD2	10587	thioredoxin reductase 2
1.0288211126334268	4.627915924810359	5.721957600230518	1.363401706653545e-4	0.0021635575417591974	1.00526102797342	ENSG00000158373	Merge_vs_Mock	Up	H2BC5	3017	H2B clustered histone 5
-1.6116725122726208	4.084874527435169	-5.720526159286963	1.3662723884487032e-4	0.0021637461813438378	1.0030735908503239	ENSG00000146038	Merge_vs_Mock	Down	DCDC2	51473	doublecortin domain containing 2
-3.3899686530668953	2.5814394335210586	-5.718460090943238	1.3704271381528396e-4	0.0021681425728965345	0.9999158412624833	ENSG00000170477	Merge_vs_Mock	Down	KRT4	3851	keratin 4
-1.1168545715556755	1.018380228407097	-5.716437900286814	1.3745066828758446e-4	0.0021702301300105956	0.9968245642984677	ENSG00000124564	Merge_vs_Mock	Down	SLC17A3	10786	solute carrier family 17 member 3
-1.0863299913676672	2.4812903454238677	-5.71288794422419	1.3816996340140333e-4	0.0021750358803307997	0.9913964167579064	ENSG00000184226	Merge_vs_Mock	Down	PCDH9	5101	protocadherin 9
1.7319782637807752	1.6793085637935874	5.708521027409737	1.390602940435058e-4	0.002178928875188295	0.9847166104939831	ENSG00000206652	Merge_vs_Mock	Up	RNU1-1	26871	RNA, U1 small nuclear 1
-1.2105130722215531	2.574013958065524	-5.697033429152292	1.4143169353787215e-4	0.0021914224346021075	0.9671317475016323	ENSG00000176894	Merge_vs_Mock	Down	PXMP2	5827	peroxisomal membrane protein 2
-1.5391214542829639	4.806554656125635	-5.696745833020037	1.4149161200942582e-4	0.0021914224346021075	0.9666912627336384	ENSG00000080608	Merge_vs_Mock	Down	PUM3	9933	pumilio RNA binding family member 3
1.1296342568479072	2.5855316982112893	5.695846442847921	1.4167916760803118e-4	0.0021914224346021075	0.9653136727201961	ENSG00000228526	Merge_vs_Mock	Up	MIR34AHG	106614088	MIR34A host gene
-1.1423272594332214	6.37030168475764	-5.687357407466656	1.4346253628360047e-4	0.0022140253636858697	0.9523053912833745	ENSG00000140307	Merge_vs_Mock	Down	GTF2A2	2958	general transcription factor IIA subunit 2
-1.5172194560027146	5.527302641123275	-5.685908836594476	1.437692302701814e-4	0.0022158725576196343	0.9500846290329967	ENSG00000129422	Merge_vs_Mock	Down	MTUS1	57509	microtubule associated scaffold protein 1
1.43481441542986	2.7568638065796685	5.685461702289899	1.438640392553508e-4	0.0022158725576196343	0.9493990798925793	ENSG00000271605	Merge_vs_Mock	Up	MILR1	284021	mast cell immunoglobulin like receptor 1
-1.4030149543817672	3.374454924837713	-5.683971746092097	1.441804457192349e-4	0.0022185730815858003	0.9471144638885267	ENSG00000160200	Merge_vs_Mock	Down	CBS	875	cystathionine beta-synthase
1.8379319703236954	1.6821893505758831	5.6824030991251995	1.4451436360972517e-4	0.002221537519185277	0.9447088458067032	ENSG00000273768	Merge_vs_Mock	Up	LOC124904613	124904613	U1 spliceosomal RNA
-1.3416333464262609	1.5379115769420215	-5.678970866304573	1.4524785775394452e-4	0.0022284564010132016	0.9394440788687213	ENSG00000224814	Merge_vs_Mock	Down	NA	NA	NA
-1.2825294935651401	6.907071370354839	-5.673285885067767	1.4647151359586306e-4	0.002236321381367517	0.9307200836823277	ENSG00000112245	Merge_vs_Mock	Down	PTP4A1	7803	protein tyrosine phosphatase 4A1
1.7436203561868089	1.737497993212864	5.6616618994011185	1.490077905794673e-4	0.002270636157609208	0.91286793544114	ENSG00000207389	Merge_vs_Mock	Up	RNU1-4	6060	RNA, U1 small nuclear 4
1.236281600544546	3.0438924057346872	5.657712746464392	1.498800745572089e-4	0.0022760870451692655	0.9067984321840648	ENSG00000088836	Merge_vs_Mock	Up	SLC4A11	83959	solute carrier family 4 member 11
1.3946105011045868	3.2264425182840974	5.656117804487787	1.502339026380324e-4	0.0022760870451692655	0.9043465153800376	ENSG00000168404	Merge_vs_Mock	Up	MLKL	197259	mixed lineage kinase domain like pseudokinase
-1.2275212009402543	1.6787667688084873	-5.649291674774416	1.517583129283441e-4	0.0022881603347182544	0.8938485557378772	ENSG00000258034	Merge_vs_Mock	Down	NA	NA	NA
-1.3879926435867525	1.0107139645202377	-5.6486396845775815	1.5190477416351196e-4	0.0022881747878308327	0.8928455072989934	ENSG00000119508	Merge_vs_Mock	Down	NR4A3	8013	nuclear receptor subfamily 4 group A member 3
-1.1199233839392302	2.7647385546818	-5.644658431131655	1.5280238176535309e-4	0.0022972946994664844	0.8867192692452921	ENSG00000118965	Merge_vs_Mock	Down	WDR35	57539	WD repeat domain 35
-1.0485574640248476	4.103011262620557	-5.621711624073925	1.5808716949761967e-4	0.0023540103001130344	0.8513653520338575	ENSG00000196730	Merge_vs_Mock	Down	DAPK1	1612	death associated protein kinase 1
1.2612314261995525	7.522733585380583	5.61658599541348	1.5929399936829842e-4	0.0023562858816602427	0.8434580949829478	ENSG00000102265	Merge_vs_Mock	Up	TIMP1	7076	TIMP metallopeptidase inhibitor 1
-1.0241323652037666	4.847323111046679	-5.615639712703255	1.5951787165033822e-4	0.0023562858816602427	0.8419978646031927	ENSG00000111859	Merge_vs_Mock	Down	NEDD9	4739	neural precursor cell expressed, developmentally down-regulated 9
-1.18460888527932	5.6687573009742716	-5.615194805194281	1.5962324387794693e-4	0.0023562858816602427	0.841311273611125	ENSG00000164889	Merge_vs_Mock	Down	SLC4A2	6522	solute carrier family 4 member 2
-1.0833989591685906	4.50654819102933	-5.6088421049121004	1.6113592716326808e-4	0.002363827976277569	0.831504571547212	ENSG00000224407	Merge_vs_Mock	Down	NA	NA	NA
-1.3780548746154695	3.8592776260781756	-5.601969952501792	1.6278948847389985e-4	0.002376998603287418	0.8208895145083659	ENSG00000008405	Merge_vs_Mock	Down	CRY1	1407	cryptochrome circadian regulator 1
1.1310246509182909	4.694253738731343	5.601315104287219	1.6294799591811657e-4	0.002377105921900094	0.8198776534033607	ENSG00000291174	Merge_vs_Mock	Up	NA	NA	NA
-1.0586817852705803	2.1277413975714374	-5.6001865691530215	1.6322154573560326e-4	0.00237888973886756	0.818133715422058	ENSG00000100311	Merge_vs_Mock	Down	PDGFB	5155	platelet derived growth factor subunit B
-1.1796920544101352	4.862544858359932	-5.5915821082679305	1.6532334358098624e-4	0.00239720798405108	0.8048311815005249	ENSG00000261236	Merge_vs_Mock	Down	BOP1	23246	BOP1 ribosomal biogenesis factor
1.0654721063181967	2.76154358265459	5.590549633072675	1.6557747260685237e-4	0.0023976715784671827	0.8032342618141808	ENSG00000179832	Merge_vs_Mock	Up	MROH1	727957	maestro heat like repeat family member 1
-2.017046328923943	6.743181398225605	-5.589030879142483	1.6595204765621234e-4	0.0024008849139297104	0.8008849434726821	ENSG00000171793	Merge_vs_Mock	Down	CTPS1	1503	CTP synthase 1
1.0716088031906266	2.1435065002843117	5.583992652748985	1.6720110952832384e-4	0.0024145129921418003	0.7930890985329109	ENSG00000250016	Merge_vs_Mock	Up	NA	NA	NA
1.2704575522743702	2.99069266563063	5.574715360937736	1.69527341810129e-4	0.0024413800158480663	0.7787245262735487	ENSG00000059378	Merge_vs_Mock	Up	PARP12	64761	poly(ADP-ribose) polymerase family member 12
-1.0747603105524408	1.3192372274117996	-5.564339520712616	1.7216986764903808e-4	0.002468134310527596	0.7626444918351414	ENSG00000232828	Merge_vs_Mock	Down	NA	NA	NA
-1.158496434877362	4.393529268806929	-5.560975544786472	1.7303598309661032e-4	0.002478291320744348	0.7574278559142256	ENSG00000083896	Merge_vs_Mock	Down	YTHDC1	91746	YTH N6-methyladenosine RNA binding protein C1
-1.3444454521553943	3.2123476626218577	-5.549777517004828	1.759526555988617e-4	0.002515483147225181	0.740051076554832	ENSG00000274276	Merge_vs_Mock	Down	LOC102724560	102724560	cystathionine beta-synthase like
-1.0567293808608804	3.60294467521764	-5.537042405130065	1.7933333744942295e-4	0.002541666365249021	0.720267410710985	ENSG00000163002	Merge_vs_Mock	Down	NUP35	129401	nucleoporin 35
1.4800514604037787	1.0947300840096896	5.537041386063565	1.7933361071939332e-4	0.002541666365249021	0.7202658266944661	ENSG00000095713	Merge_vs_Mock	Up	CRTAC1	55118	cartilage acidic protein 1
1.0425252070235906	1.8472082263967817	5.530869019242742	1.809969255130099e-4	0.0025573743491622584	0.7106689137806992	ENSG00000227568	Merge_vs_Mock	Up	NA	NA	NA
-1.0041040383489577	4.958304989653821	-5.528341511889563	1.8168275855282652e-4	0.002559143792583104	0.7067375338302133	ENSG00000119333	Merge_vs_Mock	Down	DYNC2I2	89891	dynein 2 intermediate chain 2
-1.1465277970267367	0.8320771163161347	-5.528009367984022	1.8177309018919797e-4	0.002559143792583104	0.7062208371789804	ENSG00000235269	Merge_vs_Mock	Down	LINC02331	105370503	long intergenic non-protein coding RNA 2331
-1.0865761087791368	2.8594483722405526	-5.526704916544804	1.8212831805589858e-4	0.0025613228260879684	0.704191427351522	ENSG00000197977	Merge_vs_Mock	Down	ELOVL2	54898	ELOVL fatty acid elongase 2
-1.8060758120348321	5.107750449267511	-5.524848902606805	1.8263501989933077e-4	0.0025643913597650676	0.7013035030995622	ENSG00000179862	Merge_vs_Mock	Down	CITED4	163732	Cbp/p300 interacting transactivator with Glu/Asp rich carboxy-terminal domain 4
-1.111269185844219	0.711851158694307	-5.514353073226052	1.8552878047658157e-4	0.002575695504858432	0.6849629655937992	ENSG00000233266	Merge_vs_Mock	Down	HMGB1P31	100873894	high mobility group box 1 pseudogene 31
-1.0700112225227691	2.7944513065029524	-5.505581256333221	1.879846097110303e-4	0.002593198221329528	0.6712944620744441	ENSG00000149150	Merge_vs_Mock	Down	SLC43A1	8501	solute carrier family 43 member 1
1.320944044095432	6.5561232456040175	5.50499068944782	1.8815118641681697e-4	0.002593221347581826	0.6703738304657172	ENSG00000132471	Merge_vs_Mock	Up	WBP2	23558	WW domain binding protein 2
-1.137411934576623	3.497345932307661	-5.502155408205244	1.8895310022005256e-4	0.002601473461786811	0.6659532353482334	ENSG00000152953	Merge_vs_Mock	Down	STK32B	55351	serine/threonine kinase 32B
-1.2728290559242903	1.0276392707556068	-5.495178561646247	1.9094189743839652e-4	0.0026196245365197844	0.6550705045151286	ENSG00000107159	Merge_vs_Mock	Down	CA9	768	carbonic anhydrase 9
-1.7293933994027946	1.9445703557182348	-5.494744560764793	1.9106634512197588e-4	0.0026196245365197844	0.654393306201488	ENSG00000005108	Merge_vs_Mock	Down	THSD7A	221981	thrombospondin type 1 domain containing 7A
1.0990634188160182	1.43847042804161	5.492894642357642	1.9159776804327988e-4	0.0026223381203208176	0.6515064644541235	ENSG00000224945	Merge_vs_Mock	Up	NA	NA	NA
1.9719831448492604	5.318828270622677	5.490638588719233	1.9224798765734135e-4	0.002626665381320026	0.6479851811113138	ENSG00000204388	Merge_vs_Mock	Up	HSPA1B	3304	heat shock protein family A (Hsp70) member 1B
1.0363177097397909	4.814614946825112	5.484184418234365	1.941211355116751e-4	0.002643072707408314	0.6379074200615165	ENSG00000155254	Merge_vs_Mock	Up	MARVELD1	83742	MARVEL domain containing 1
-1.461792498648708	4.892523773569355	-5.481471557391213	1.9491425063646443e-4	0.0026492839287027134	0.6336697012191337	ENSG00000055044	Merge_vs_Mock	Down	NOP58	51602	NOP58 ribonucleoprotein
1.746221306938983	5.823677292756925	5.477674822814169	1.9603002739731538e-4	0.0026552697767874087	0.6277371250529926	ENSG00000089127	Merge_vs_Mock	Up	OAS1	4938	2'-5'-oligoadenylate synthetase 1
-1.282477568321931	6.624202916316778	-5.468524565004358	1.9874707111075697e-4	0.0026690832111765706	0.6134310086533565	ENSG00000089280	Merge_vs_Mock	Down	FUS	2521	FUS RNA binding protein
-1.0899817521712225	2.9874858805934057	-5.452735677870972	2.035298929788379e-4	0.002710170276871469	0.588717683355445	ENSG00000160193	Merge_vs_Mock	Down	WDR4	10785	WD repeat domain 4
-1.4316083588008184	2.1617143102952565	-5.446462824249954	2.054638963460214e-4	0.0027184092441942436	0.5788893757841889	ENSG00000134533	Merge_vs_Mock	Down	RERG	85004	RAS like estrogen regulated growth inhibitor
1.0877309897829734	3.2523209336028893	5.4371276734792735	2.0837827585314464e-4	0.0027360492365737735	0.5642527317253343	ENSG00000130813	Merge_vs_Mock	Up	SHFL	55337	shiftless antiviral inhibitor of ribosomal frameshifting
1.1608143758522829	3.9007620254457303	5.425637360768175	2.1202589951635668e-4	0.002769368185875602	0.5462200382220006	ENSG00000119899	Merge_vs_Mock	Up	SLC17A5	26503	solute carrier family 17 member 5
1.0969853835137755	8.448536312534873	5.422077047096306	2.1316984420352778e-4	0.002775090206907846	0.5406287491238864	ENSG00000080824	Merge_vs_Mock	Up	HSP90AA1	3320	heat shock protein 90 alpha family class A member 1
-1.07027925297636	5.7886854475659995	-5.420440188145943	2.1369797230311635e-4	0.0027776024714857863	0.5380575440586925	ENSG00000138448	Merge_vs_Mock	Down	ITGAV	3685	integrin subunit alpha V
-1.0340253547789464	3.2911453637898167	-5.418379887030041	2.1436469903999856e-4	0.0027837318390611207	0.5348206496641126	ENSG00000286670	Merge_vs_Mock	Down	NA	NA	NA
1.9089666782156045	4.9394001124295315	5.412293729286824	2.163471529691665e-4	0.00280022660707252	0.5252553089483412	ENSG00000196743	Merge_vs_Mock	Up	GM2A	2760	ganglioside GM2 activator
-1.9103402489945376	2.506531392719876	-5.4099729545396	2.1710822245783715e-4	0.0028054592492785103	0.5216064704224381	ENSG00000273090	Merge_vs_Mock	Down	NA	NA	NA
-1.8134339301043036	5.406056818053583	-5.406334922511238	2.18306997630368e-4	0.0028186336984689386	0.5158850396332229	ENSG00000136450	Merge_vs_Mock	Down	SRSF1	6426	serine and arginine rich splicing factor 1
-1.301610352429244	2.0149777425876185	-5.394649677800721	2.222052059678806e-4	0.0028558765729463777	0.49749531471455644	ENSG00000253616	Merge_vs_Mock	Down	NA	NA	NA
-1.2479569987814898	1.4367802232717333	-5.3941459812361385	2.2237489258621749e-4	0.0028558765729463777	0.49670218490992113	ENSG00000099998	Merge_vs_Mock	Down	GGT5	2687	gamma-glutamyltransferase 5
-1.2234190257943367	4.068199986894436	-5.37995341864284	2.272131196529392e-4	0.0029097341365326725	0.4743395700640143	ENSG00000164855	Merge_vs_Mock	Down	TMEM184A	202915	transmembrane protein 184A
-1.6485183311759952	3.9561923740927782	-5.3755332534377605	2.2874267552857303e-4	0.0029221830344129487	0.4673690897913483	ENSG00000148120	Merge_vs_Mock	Down	AOPEP	84909	aminopeptidase O (putative)
-1.0039177215086097	2.32763432225609	-5.373779794723761	2.2935246808652952e-4	0.002924777778786008	0.464603168295203	ENSG00000132613	Merge_vs_Mock	Down	MTSS2	92154	MTSS I-BAR domain containing 2
-1.00059290139381	2.7714486321904817	-5.372137225345478	2.2992526280309373e-4	0.002925408319451013	0.462011770583473	ENSG00000101076	Merge_vs_Mock	Down	HNF4A	3172	hepatocyte nuclear factor 4 alpha
-1.6124918090516953	5.3417336418506425	-5.3700436903790525	2.3065751981947807e-4	0.0029299839714710114	0.45870835505475505	ENSG00000205213	Merge_vs_Mock	Down	LGR4	55366	leucine rich repeat containing G protein-coupled receptor 4
-1.1056159187335401	5.620097534609699	-5.368596231331363	2.3116524574109184e-4	0.002930514837865643	0.4564240289682546	ENSG00000153815	Merge_vs_Mock	Down	CMIP	80790	c-Maf inducing protein
-1.5795275908146698	3.5633866801096916	-5.3629700639846885	2.331500353024229e-4	0.002940270613605375	0.44754221045727416	ENSG00000104738	Merge_vs_Mock	Down	MCM4	4173	minichromosome maintenance complex component 4
1.1019789838119807	2.2634189514469707	5.35525165838193	2.3590240204039657e-4	0.0029607351751694145	0.43535018312897744	ENSG00000261512	Merge_vs_Mock	Up	NA	NA	NA
1.7487429137989288	1.6951563146149207	5.354688887313149	2.3610442944799957e-4	0.0029609077013550565	0.4344608985755283	ENSG00000207513	Merge_vs_Mock	Up	RNU1-3	26869	RNA, U1 small nuclear 3
-1.04813706437473	4.7726332669552445	-5.343400178823203	2.4019595332483285e-4	0.0029954968770708338	0.4166131692625461	ENSG00000144043	Merge_vs_Mock	Down	TEX261	113419	testis expressed 261
1.3812748531152064	5.504817594409669	5.342739027199633	2.4043790474033278e-4	0.002996138264616857	0.4155673148514758	ENSG00000156587	Merge_vs_Mock	Up	UBE2L6	9246	ubiquitin conjugating enzyme E2 L6
1.8882308464422564	2.390906380446295	5.335120131583794	2.4324481315922926e-4	0.0030143955332876593	0.40351078231604287	ENSG00000249992	Merge_vs_Mock	Up	TMEM158	25907	transmembrane protein 158
-1.056714355089074	5.006525363235004	-5.329568636153432	2.453119520758805e-4	0.0030328425773154845	0.39472065708022797	ENSG00000099800	Merge_vs_Mock	Down	TIMM13	26517	translocase of inner mitochondrial membrane 13
-1.4909854003745964	3.345860067749398	-5.323421275014649	2.4762273397858534e-4	0.003051814353093443	0.3849819835696824	ENSG00000166387	Merge_vs_Mock	Down	PPFIBP2	8495	PPFIA binding protein 2
-1.0781373832110033	4.8628255281032535	-5.31692751203212	2.5008883230474784e-4	0.0030773841759189863	0.3746887580287268	ENSG00000104067	Merge_vs_Mock	Down	TJP1	7082	tight junction protein 1
-1.01262745509394	3.2291039066600264	-5.313545224220567	2.513836128261569e-4	0.0030836651289423895	0.3693251619650715	ENSG00000065183	Merge_vs_Mock	Down	WDR3	10885	WD repeat domain 3
-1.0058615798853046	1.0788593038837657	-5.310121851606317	2.5270136579214514e-4	0.003092592745873365	0.3638947744094976	ENSG00000253666	Merge_vs_Mock	Down	NA	NA	NA
-1.1613513123582058	3.4019466192267394	-5.307172061993935	2.5384270149308725e-4	0.0031041448862210654	0.359214293827983	ENSG00000116120	Merge_vs_Mock	Down	FARSB	10056	phenylalanyl-tRNA synthetase subunit beta
-1.2002264297854595	5.770604293591394	-5.303616630000342	2.552256458187365e-4	0.003113792479554267	0.35357120334908565	ENSG00000124225	Merge_vs_Mock	Down	PMEPA1	56937	prostate transmembrane protein, androgen induced 1
1.0579016206719505	2.124622624323615	5.288528344087992	2.611840339132585e-4	0.003159523167169156	0.32960368493650094	ENSG00000228049	Merge_vs_Mock	Up	POLR2J2	246721	RNA polymerase II subunit J2
1.2460927268401591	3.903313693548394	5.286586521745684	2.619615137355712e-4	0.003164060495396	0.3265168050191978	ENSG00000142173	Merge_vs_Mock	Up	COL6A2	1292	collagen type VI alpha 2 chain
-1.2874956824280774	4.057854904998982	-5.270055457990398	2.686805840333281e-4	0.003225397606494746	0.3002162291174235	ENSG00000113742	Merge_vs_Mock	Down	CPEB4	80315	cytoplasmic polyadenylation element binding protein 4
1.6908468880153522	1.6970790457939016	5.266626058318143	2.700972218238079e-4	0.003239930518994053	0.29475532233072066	ENSG00000206737	Merge_vs_Mock	Up	RNVU1-18	26863	RNA, variant U1 small nuclear 18
-1.4873135238825999	1.7588894085817102	-5.26595542077736	2.703751777418156e-4	0.0032407927173535005	0.2936872197935596	ENSG00000151892	Merge_vs_Mock	Down	GFRA1	2674	GDNF family receptor alpha 1
1.0919526922101337	3.128198645489529	5.254522642696045	2.751606201805745e-4	0.0032806489105077444	0.2754689053316062	ENSG00000088899	Merge_vs_Mock	Up	LZTS3	9762	leucine zipper tumor suppressor family member 3
1.1007526839329023	6.4515162410035085	5.252867595318175	2.7586078481026555e-4	0.0032865050772168457	0.27283004277680334	ENSG00000100612	Merge_vs_Mock	Up	DHRS7	51635	dehydrogenase/reductase 7
-1.0163003264242163	3.3612735888196608	-5.249385737811985	2.7733995283315e-4	0.003298788688996527	0.26727720043476566	ENSG00000111785	Merge_vs_Mock	Down	RIC8B	55188	RIC8 guanine nucleotide exchange factor B
-1.7654579171565044	1.6391576357736541	-5.2489605919244315	2.7752113923072653e-4	0.003298788688996527	0.26659906435860936	ENSG00000136881	Merge_vs_Mock	Down	BAAT	570	bile acid-CoA:amino acid N-acyltransferase
-1.0448119125405577	1.3282221357036206	-5.247639512789536	2.780849509987539e-4	0.0033029939119383718	0.2644916933732242	ENSG00000148513	Merge_vs_Mock	Down	ANKRD30A	91074	ankyrin repeat domain 30A
-1.2120772967972373	3.8807245663609224	-5.239838074032217	2.8143931525970704e-4	0.0033353169131303717	0.2520419406873353	ENSG00000143367	Merge_vs_Mock	Down	TUFT1	7286	tuftelin 1
1.2199054840384203	2.695104677474991	5.239323871553399	2.816619072161432e-4	0.0033353169131303717	0.2512210627867839	ENSG00000168010	Merge_vs_Mock	Up	ATG16L2	89849	autophagy related 16 like 2
1.3152580826631244	9.258099524983527	5.237422799435243	2.8248648000190257e-4	0.0033376276367467466	0.24818585123143766	ENSG00000135047	Merge_vs_Mock	Up	CTSL	1514	cathepsin L
-1.782815113519507	4.801221905936487	-5.22708470194158	2.870155585275505e-4	0.0033708787702795063	0.23167141238419298	ENSG00000078401	Merge_vs_Mock	Down	EDN1	1906	endothelin 1
-1.0274285819318631	3.9432807912227834	-5.224321656609936	2.882390288388918e-4	0.0033739310626763907	0.22725509595760407	ENSG00000173085	Merge_vs_Mock	Down	COQ2	27235	coenzyme Q2, polyprenyltransferase
1.3712575077110476	1.899638697519804	5.220562754404731	2.8991234565729253e-4	0.003389711187960284	0.22124533733592866	ENSG00000059728	Merge_vs_Mock	Up	MXD1	4084	MAX dimerization protein 1
1.675619485137307	1.3967213185050857	5.20852803551055	2.9533934265096043e-4	0.0034237818384859247	0.2019908699582631	ENSG00000267026	Merge_vs_Mock	Up	LOC102724684	102724684	uncharacterized LOC102724684
1.2793111227729903	2.569488718447457	5.207831757447887	2.9565660286556567e-4	0.0034237818384859247	0.20087626885151533	ENSG00000232973	Merge_vs_Mock	Up	CYP1B1-AS1	285154	CYP1B1 antisense RNA 1
1.0561375662567065	3.439609687437056	5.201616842281197	2.985044909340973e-4	0.003444080428781815	0.19092444296545352	ENSG00000173846	Merge_vs_Mock	Up	PLK3	1263	polo like kinase 3
-1.4935275296931068	2.467128699981424	-5.199718504617644	2.9938015954056844e-4	0.003445101914050694	0.18788359648996522	ENSG00000273014	Merge_vs_Mock	Down	NA	NA	NA
-1.182852832058993	1.4386065519136684	-5.199087571129298	2.996718000670629e-4	0.003445101914050694	0.18687282629446944	ENSG00000224149	Merge_vs_Mock	Down	NA	NA	NA
-1.0865364871849774	4.653225737279916	-5.199051727994657	2.9968837710933166e-4	0.003445101914050694	0.18681540308847477	ENSG00000198860	Merge_vs_Mock	Down	TSEN15	116461	tRNA splicing endonuclease subunit 15
-1.0775536400873031	3.7672658919331976	-5.1822666325426985	3.075591036197632e-4	0.0035239245734001745	0.15990483042628512	ENSG00000147852	Merge_vs_Mock	Down	VLDLR	7436	very low density lipoprotein receptor
1.778586783100701	1.399301900004699	5.173737116157639	3.116423489440806e-4	0.003554956100872403	0.14621491433230993	ENSG00000206596	Merge_vs_Mock	Up	RNU1-27P	26865	RNA, U1 small nuclear 27, pseudogene
1.0270407128630006	1.9032850121136025	5.173084280557757	3.119572312860178e-4	0.003554956100872403	0.14516669287467376	ENSG00000130827	Merge_vs_Mock	Up	PLXNA3	55558	plexin A3
-2.0391689664542563	3.56567534940455	-5.1688990130785575	3.139839359390406e-4	0.0035677105322090698	0.1384452357219388	ENSG00000163083	Merge_vs_Mock	Down	INHBB	3625	inhibin subunit beta B
1.091222157726396	1.126287696129359	5.162981685053688	3.168732211742363e-4	0.0035901644641109795	0.1289379674640312	ENSG00000286024	Merge_vs_Mock	Up	LOC105372432	105372432	uncharacterized LOC105372432
-1.0588030411827232	4.394642189466645	-5.156760502735832	3.1994126302545e-4	0.003613683618686502	0.11893725477156636	ENSG00000102471	Merge_vs_Mock	Down	NDFIP2	54602	Nedd4 family interacting protein 2
1.1033125900246938	1.000878452013762	5.150451225450608	3.2308490615267515e-4	0.0036421743614028458	0.10878943747081582	ENSG00000186642	Merge_vs_Mock	Up	PDE2A	5138	phosphodiesterase 2A
-1.4694037991139997	3.564070036707931	-5.149027854832919	3.2379862363624343e-4	0.0036423870924918197	0.10649932975340182	ENSG00000138621	Merge_vs_Mock	Down	PPCDC	60490	phosphopantothenoylcysteine decarboxylase
-1.2423509152281906	3.496303088212644	-5.146424519500353	3.251083318015736e-4	0.0036470365962522656	0.10231001077398894	ENSG00000169288	Merge_vs_Mock	Down	MRPL1	65008	mitochondrial ribosomal protein L1
-1.1808211075537574	4.45024141270834	-5.1362686827811155	3.3027149994709233e-4	0.003683581282388634	0.08595812879457387	ENSG00000231131	Merge_vs_Mock	Down	LNCAROD	101928687	lncRNA activating regulator of DKK1
1.5648058236341933	1.2033441344355484	5.134578726361466	3.311390577394314e-4	0.003690639845506944	0.08323574760385455	ENSG00000137878	Merge_vs_Mock	Up	GCOM1	145781	GCOM1, MYZAP-POLR2M combined locus
-1.2203411193880052	1.1376649290832928	-5.132813340565386	3.320479157992802e-4	0.003698148388002465	0.0803914333020721	ENSG00000005981	Merge_vs_Mock	Down	ASB4	51666	ankyrin repeat and SOCS box containing 4
-1.3094159952402133	5.529906273007874	-5.125112067235522	3.360437016903454e-4	0.003740002302039895	0.06797842179784741	ENSG00000171992	Merge_vs_Mock	Down	SYNPO	11346	synaptopodin
-1.0702015189482235	1.1480627216943515	-5.121292013369555	3.3804458900367127e-4	0.0037441794462540353	0.061818163653159175	ENSG00000279333	Merge_vs_Mock	Down	NA	NA	NA
1.666646177522435	6.598789442953048	5.120841787478759	3.3828124026711513e-4	0.0037441794462540353	0.061091991746309304	ENSG00000100906	Merge_vs_Mock	Up	NFKBIA	4792	NFKB inhibitor alpha
-1.1668462926920804	1.7432189209738373	-5.120718687603547	3.383459755214589e-4	0.0037441794462540353	0.06089343837385375	ENSG00000135437	Merge_vs_Mock	Down	RDH5	5959	retinol dehydrogenase 5
-1.5992389883772828	4.924500385452625	-5.119959330764151	3.3874559308160444e-4	0.0037441794462540353	0.05966859093585253	ENSG00000151012	Merge_vs_Mock	Down	SLC7A11	23657	solute carrier family 7 member 11
-1.0125729972324096	2.739411201444065	-5.117738105724752	3.3991740186422307e-4	0.003753891195025823	0.05608528288247605	ENSG00000105516	Merge_vs_Mock	Down	DBP	1628	D-box binding PAR bZIP transcription factor
-1.0494348652063628	2.4153917558249534	-5.110871578829714	3.4356706166924076e-4	0.0037763836451139912	0.045003801793886744	ENSG00000121775	Merge_vs_Mock	Down	TMEM39B	55116	transmembrane protein 39B
-1.0842895339647942	4.397215048593501	-5.1088926160313735	3.4462659370054777e-4	0.0037819942864862626	0.04180886130813821	ENSG00000146963	Merge_vs_Mock	Down	LUC7L2	51631	LUC7 like 2, pre-mRNA splicing factor
-1.2985041508988204	4.050205363237835	-5.102641987070741	3.479959439519469e-4	0.0038136475362984786	0.03171396820396133	ENSG00000155465	Merge_vs_Mock	Down	SLC7A7	9056	solute carrier family 7 member 7
1.2021902784471932	2.548995591036646	5.10210509217555	3.4828697458777984e-4	0.003814178943152804	0.03084662042231301	ENSG00000246640	Merge_vs_Mock	Up	PICART1	284080	p53 inducible cancer associated RNA transcript 1
1.1861774644572276	1.8158297668565593	5.093896232062636	3.5276891923161964e-4	0.00384185874226901	0.017580343924800346	ENSG00000105499	Merge_vs_Mock	Up	PLA2G4C	8605	phospholipase A2 group IVC
1.4251545929465075	1.6190939167911307	5.090554713782335	3.54610797691085e-4	0.0038463068856923474	0.012177479867922614	ENSG00000073737	Merge_vs_Mock	Up	DHRS9	10170	dehydrogenase/reductase 9
-1.291350245751384	2.3540368787978334	-5.089973495257619	3.5493220907231694e-4	0.0038463068856923474	0.011237556884887923	ENSG00000149564	Merge_vs_Mock	Down	ESAM	90952	endothelial cell adhesion molecule
-1.426874922728247	2.740637326742683	-5.085799908002231	3.5724926108740817e-4	0.0038620633754039894	0.004486833692447512	ENSG00000150457	Merge_vs_Mock	Down	LATS2	26524	large tumor suppressor kinase 2
-1.2397100377239179	4.482090671188515	-5.085222331238768	3.575711735080891e-4	0.0038620633754039894	0.003552421722699428	ENSG00000105852	Merge_vs_Mock	Down	PON3	5446	paraoxonase 3
2.1438511325423866	3.666594163317106	5.083678203279073	3.584333017021114e-4	0.0038660645422273	0.0010540837190582408	ENSG00000176845	Merge_vs_Mock	Up	METRNL	284207	meteorin like, glial cell differentiation regulator
-1.3459056340962636	2.4394536212409115	-5.070513291186996	3.658735762159484e-4	0.0039114397413813765	-0.020259552572890804	ENSG00000153956	Merge_vs_Mock	Down	CACNA2D1	781	calcium voltage-gated channel auxiliary subunit alpha2delta 1
1.4044054758928262	4.540590616933591	5.068797650406066	3.6685515862431764e-4	0.003916608434844549	-0.02303888461763126	ENSG00000070540	Merge_vs_Mock	Up	WIPI1	55062	WD repeat domain, phosphoinositide interacting 1
-1.475422997187731	3.735790021373525	-5.0681472564990875	3.6722800147265066e-4	0.003917929139185145	-0.024092626245950655	ENSG00000139514	Merge_vs_Mock	Down	SLC7A1	6541	solute carrier family 7 member 1
2.3888066862412947	7.309388147331691	5.04121833147119	3.830226153930032e-4	0.004039848188913728	-0.06777275791737924	ENSG00000148344	Merge_vs_Mock	Up	PTGES	9536	prostaglandin E synthase
-2.0990392992448337	4.513860700000185	-5.038102104451944	3.8489624054073465e-4	0.004056888926771845	-0.07283386116327861	ENSG00000106804	Merge_vs_Mock	Down	C5	727	complement C5
1.0012249523702832	0.9824596462773424	5.034542642466197	3.8704822770119007e-4	0.0040699879373940415	-0.07861645456588207	ENSG00000135636	Merge_vs_Mock	Up	DYSF	8291	dysferlin
1.0623540127264737	1.5921969715877897	5.0305916880947175	3.8945181595617776e-4	0.004085736662926519	-0.08503708497762297	ENSG00000147437	Merge_vs_Mock	Up	GNRH1	2796	gonadotropin releasing hormone 1
-1.154628676014184	5.1280386520933705	-5.028567326859882	3.9068946135914457e-4	0.004090534267199672	-0.0883276681700691	ENSG00000175792	Merge_vs_Mock	Down	RUVBL1	8607	RuvB like AAA ATPase 1
1.1626397754007733	4.292020676090996	5.023121389206739	3.9403966955498714e-4	0.004114653282484547	-0.09718277786091356	ENSG00000149948	Merge_vs_Mock	Up	HMGA2	8091	high mobility group AT-hook 2
1.2441213987059099	1.4023901243266625	5.018103614074242	3.9715338369454974e-4	0.0041334441508805355	-0.10534528121981879	ENSG00000100918	Merge_vs_Mock	Up	REC8	9985	REC8 meiotic recombination protein
1.0640048184396087	4.465789438225399	5.007965512596323	4.0352411910830096e-4	0.004172923152886459	-0.12184759710726922	ENSG00000186577	Merge_vs_Mock	Up	SMIM29	221491	small integral membrane protein 29
-1.2919628030222863	3.4676553288999323	-5.006413061680507	4.04509173964465e-4	0.004172923152886459	-0.12437584008279234	ENSG00000183048	Merge_vs_Mock	Down	SLC25A10	1468	solute carrier family 25 member 10
-1.155953782663053	0.6626710573455069	-5.006148353453964	4.04677389141168e-4	0.004172923152886459	-0.1248069632870159	ENSG00000204584	Merge_vs_Mock	Down	NA	NA	NA
-1.7854662472777498	7.620914885217868	-5.005526503693997	4.0507284950477813e-4	0.004172923152886459	-0.12581979092121376	ENSG00000067167	Merge_vs_Mock	Down	TRAM1	23471	translocation associated membrane protein 1
1.1265948351363386	5.588294093960116	5.003187231540946	4.0656415463745404e-4	0.004178841761979479	-0.12963031421818272	ENSG00000147010	Merge_vs_Mock	Up	SH3KBP1	30011	SH3 domain containing kinase binding protein 1
1.0942500935811164	3.95527911342507	5.000323450416858	4.083977463721728e-4	0.004192208198073623	-0.1342962438088362	ENSG00000285565	Merge_vs_Mock	Up	NA	NA	NA
-1.3880053938757813	2.2542695278841416	-4.996638579447511	4.107699296963194e-4	0.004202841844114716	-0.1403016099047587	ENSG00000143942	Merge_vs_Mock	Down	CHAC2	494143	ChaC glutathione specific gamma-glutamylcyclotransferase 2
1.4022071947246442	10.69046013492004	4.989926959703838	4.1512813236365835e-4	0.004233289989067538	-0.15124452499815533	ENSG00000289901	Merge_vs_Mock	Up	NA	NA	NA
-1.066818167625048	0.8593489100980429	-4.982637544398497	4.1991695865360864e-4	0.004268658107166547	-0.16313644176368314	ENSG00000108924	Merge_vs_Mock	Down	HLF	3131	HLF transcription factor, PAR bZIP family member
-1.2782781831294505	5.469343916211286	-4.975575733612171	4.2461197925432523e-4	0.0042941787689733234	-0.1746639285711904	ENSG00000072310	Merge_vs_Mock	Down	SREBF1	6720	sterol regulatory element binding transcription factor 1
-1.5767245463916746	5.349680914469489	-4.974044098332704	4.256375852600941e-4	0.004298640501426555	-0.17716501695949116	ENSG00000135002	Merge_vs_Mock	Down	RFK	55312	riboflavin kinase
-1.0776025102435605	3.1336143106412315	-4.9551110497106	4.385339108157358e-4	0.004375878351198135	-0.2081080506072892	ENSG00000005187	Merge_vs_Mock	Down	ACSM3	6296	acyl-CoA synthetase medium chain family member 3
1.5389549158524876	5.0036668258046095	4.950111821013344	4.4200762448818166e-4	0.004394815901180566	-0.21628658521785837	ENSG00000131459	Merge_vs_Mock	Up	GFPT2	9945	glutamine-fructose-6-phosphate transaminase 2
-1.1812560118688173	1.3685420237700818	-4.948555904452445	4.430946766562317e-4	0.004394815901180566	-0.21883269062902677	ENSG00000120162	Merge_vs_Mock	Down	MOB3B	79817	MOB kinase activator 3B
1.0702162261661692	1.1699829002592388	4.948209636080888	4.4333698360343775e-4	0.004394815901180566	-0.21939936947844352	ENSG00000007516	Merge_vs_Mock	Up	BAIAP3	8938	BAI1 associated protein 3
-1.300450847488865	1.407198639947432	-4.947977241589137	4.434996839592737e-4	0.004394815901180566	-0.21977969930167074	ENSG00000115221	Merge_vs_Mock	Down	ITGB6	3694	integrin subunit beta 6
-1.170194353493411	6.102158406936728	-4.946658583988072	4.4442407714042953e-4	0.004401141711026697	-0.22193791274032648	ENSG00000101361	Merge_vs_Mock	Down	NOP56	10528	NOP56 ribonucleoprotein
-1.0160472742132391	7.307945987577453	-4.945841430992507	4.449979317141166e-4	0.004401281430274339	-0.22327544417613066	ENSG00000146674	Merge_vs_Mock	Down	IGFBP3	3486	insulin like growth factor binding protein 3
-1.2345801218903465	4.103187470231548	-4.944449988324801	4.459768898677235e-4	0.00440542246863054	-0.22555319127098272	ENSG00000171604	Merge_vs_Mock	Down	CXXC5	51523	CXXC finger protein 5
-1.0720330760209595	2.8012461410301825	-4.936641427053899	4.515130323604217e-4	0.004448931044423554	-0.23834040378669652	ENSG00000151014	Merge_vs_Mock	Down	NOCT	25819	nocturnin
1.0541932172788906	2.10391301234818	4.918447967960161	4.646954772790162e-4	0.0045277577916293735	-0.26816568282792375	ENSG00000249196	Merge_vs_Mock	Up	TMEM132D-AS1	283352	TMEM132D antisense RNA 1
-1.6071337368388283	6.252452192207225	-4.902894408891941	4.7628749126609957e-4	0.004606585602854721	-0.29369854804844664	ENSG00000147592	Merge_vs_Mock	Down	LACTB2	51110	lactamase beta 2
-1.100811034231767	5.296545015552633	-4.899857101003732	4.7858661567428984e-4	0.00461401770180386	-0.29868840795797347	ENSG00000135245	Merge_vs_Mock	Down	HILPDA	29923	hypoxia inducible lipid droplet associated
-1.2387626462302204	3.0066546553387656	-4.894857186793906	4.823969200007245e-4	0.004634193014008181	-0.30690523933458724	ENSG00000137834	Merge_vs_Mock	Down	SMAD6	4091	SMAD family member 6
-1.457910759582599	2.151015422392449	-4.888573366216309	4.872311391660614e-4	0.004669224189229422	-0.3172367804588214	ENSG00000101198	Merge_vs_Mock	Down	NKAIN4	128414	sodium/potassium transporting ATPase interacting 4
1.0095992982837387	9.057106991077607	4.8815888643274	4.926644851429538e-4	0.004701238891600784	-0.3287265414408056	ENSG00000234851	Merge_vs_Mock	Up	RPL23AP42	647099	ribosomal protein L23a pseudogene 42
1.7311050740696121	4.878806730248207	4.879682491466911	4.941585672672709e-4	0.004709780381118244	-0.33186372646507056	ENSG00000163131	Merge_vs_Mock	Up	CTSS	1520	cathepsin S
-1.2351095023925702	4.467410467854799	-4.861357654147684	5.087666946408817e-4	0.004808212163414967	-0.36204435223956555	ENSG00000090530	Merge_vs_Mock	Down	P3H2	55214	prolyl 3-hydroxylase 2
-1.3341422451410367	4.263657350386985	-4.854412706828993	5.14421551428035e-4	0.00484418761542352	-0.37349421647659664	ENSG00000047457	Merge_vs_Mock	Down	CP	1356	ceruloplasmin
-3.729308193315443	4.197502837060838	-4.844998744378368	5.221929026941158e-4	0.004896842926516199	-0.38902487671228503	ENSG00000165376	Merge_vs_Mock	Down	CLDN2	9075	claudin 2
-1.0840980482120175	1.5484083504504307	-4.844019450745162	5.230084077700096e-4	0.004901567473534668	-0.3906411389811506	ENSG00000170099	Merge_vs_Mock	Down	SERPINA6	866	serpin family A member 6
1.329413034667591	0.7871143612582095	4.837790627348696	5.282270096837481e-4	0.004933062704775327	-0.40092439332727636	ENSG00000277918	Merge_vs_Mock	Up	LOC124904616	124904616	U1 spliceosomal RNA
1.9453907109457031	2.6243850328566007	4.835272600379353	5.303522208156751e-4	0.00494504059510274	-0.4050828987281587	ENSG00000134668	Merge_vs_Mock	Up	SPOCD1	90853	SPOC domain containing 1
-1.5214948263316734	2.260276803322998	-4.813041085412995	5.495117034380546e-4	0.005071373854616694	-0.44183445925639564	ENSG00000267257	Merge_vs_Mock	Down	NA	NA	NA
-1.117529443763483	2.695469684552955	-4.803301165716549	5.58134493333335e-4	0.005109542613256482	-0.4579563289094999	ENSG00000153721	Merge_vs_Mock	Down	CNKSR3	154043	CNKSR family member 3
-1.4122198157109245	1.7252897104015823	-4.797962486747688	5.629212915050126e-4	0.005140824756218251	-0.4667983970348244	ENSG00000171408	Merge_vs_Mock	Down	PDE7B	27115	phosphodiesterase 7B
1.7560436167916984	1.3631885794835947	4.797491113953234	5.633460118097894e-4	0.005141717574997533	-0.46757927757655615	ENSG00000206588	Merge_vs_Mock	Up	RNU1-28P	26866	RNA, U1 small nuclear 28, pseudogene
1.1752727301284875	2.4101176477749164	4.793064425474073	5.673511125997212e-4	0.00515136466324666	-0.47491399356577535	ENSG00000172780	Merge_vs_Mock	Up	RAB43	339122	RAB43, member RAS oncogene family
-1.238507803057591	3.823284366722615	-4.782415063663889	5.771097664832712e-4	0.005218261740552469	-0.4925697714595403	ENSG00000159200	Merge_vs_Mock	Down	RCAN1	1827	regulator of calcineurin 1
1.3726337530197033	1.9473002940118684	4.78199820417059	5.774953413340435e-4	0.005218261740552469	-0.4932611927029429	ENSG00000277511	Merge_vs_Mock	Up	NA	NA	NA
2.507440932904431	3.3366653105646824	4.777282777155758	5.818758460869782e-4	0.005234448734103735	-0.5010839871597028	ENSG00000119514	Merge_vs_Mock	Up	GALNT12	79695	polypeptide N-acetylgalactosaminyltransferase 12
-1.0235608294996732	4.720487764032875	-4.773918514061901	5.850225616963142e-4	0.005251178541801505	-0.5066670054553377	ENSG00000171566	Merge_vs_Mock	Down	PLRG1	5356	pleiotropic regulator 1
-2.191732598437879	4.202071239627043	-4.772676081635817	5.861891851583769e-4	0.005255650584835026	-0.5087292045983363	ENSG00000104760	Merge_vs_Mock	Down	FGL1	2267	fibrinogen like 1
-1.0381439188376156	5.178789569515815	-4.764738210332899	5.937008436715533e-4	0.005301839561373564	-0.521909300492017	ENSG00000071282	Merge_vs_Mock	Down	LMCD1	29995	LIM and cysteine rich domains 1
-1.0075424190388693	3.36257950413987	-4.76316000293261	5.952063673986312e-4	0.005312267499268374	-0.5245307459237001	ENSG00000101333	Merge_vs_Mock	Down	PLCB4	5332	phospholipase C beta 4
-1.174401004968888	4.474418046463257	-4.7590688420220975	5.991278803589434e-4	0.005341204674900648	-0.5313277859663739	ENSG00000167693	Merge_vs_Mock	Down	NXN	64359	nucleoredoxin
1.3582026512759282	3.9294369182124234	4.751557135550149	6.063991763283673e-4	0.0053785862644895105	-0.5438133781493981	ENSG00000041353	Merge_vs_Mock	Up	RAB27B	5874	RAB27B, member RAS oncogene family
1.2426109389103264	1.2483699081753152	4.74511712149832	6.127071340857607e-4	0.0054070888836322524	-0.5545234923224438	ENSG00000182870	Merge_vs_Mock	Up	GALNT9	50614	polypeptide N-acetylgalactosaminyltransferase 9
-1.014502490785834	4.353365178784314	-4.735174191001546	6.225823418165299e-4	0.0054544456308672695	-0.5710697202175696	ENSG00000176974	Merge_vs_Mock	Down	SHMT1	6470	serine hydroxymethyltransferase 1
-1.144416425434923	3.2411623476215086	-4.732919902623358	6.248445133204324e-4	0.005468171851128058	-0.5748229063822716	ENSG00000143416	Merge_vs_Mock	Down	SELENBP1	8991	selenium binding protein 1
1.1733973348679898	3.144051787746046	4.727707203831119	6.30108674291932e-4	0.005499213508891178	-0.5835040945835388	ENSG00000267449	Merge_vs_Mock	Up	NA	NA	NA
1.0309770712058626	1.5453789944654577	4.726529793622048	6.313041652591043e-4	0.005503264580301925	-0.5854654304977611	ENSG00000260051	Merge_vs_Mock	Up	NA	NA	NA
-1.000996343165271	3.493159186599387	-4.723373001264368	6.345212426531969e-4	0.0055270903535019275	-0.590724914495314	ENSG00000283154	Merge_vs_Mock	Down	SCHIP1	29970	schwannomin interacting protein 1
-1.5250041401616867	4.844579142162862	-4.71933834731516	6.386581108470613e-4	0.005546134562965849	-0.5974488621326266	ENSG00000276850	Merge_vs_Mock	Down	ANXA8	653145	annexin A8
-1.1433231304170848	7.824975242354895	-4.7193066885305335	6.386906838058726e-4	0.005546134562965849	-0.5975016313411823	ENSG00000105854	Merge_vs_Mock	Down	PON2	5445	paraoxonase 2
-1.0325575184059401	2.4237279974986383	-4.717395054419806	6.406607650475333e-4	0.005557104904102321	-0.6006882033669756	ENSG00000196782	Merge_vs_Mock	Down	MAML3	55534	mastermind like transcriptional coactivator 3
-1.2586160516723304	2.5516040051161593	-4.7103577191961286	6.479686021790553e-4	0.005605035334360739	-0.6124230469431806	ENSG00000251503	Merge_vs_Mock	Down	CENPS-CORT	100526739	CENPS-CORT readthrough
1.4545663170133718	2.0156079968326615	4.708039817107897	6.503947818792745e-4	0.00561675361879927	-0.6162895722729784	ENSG00000171680	Merge_vs_Mock	Up	PLEKHG5	57449	pleckstrin homology and RhoGEF domain containing G5
-1.0952797951834057	1.6153612571277312	-4.707404070127014	6.510618977712071e-4	0.005619428871761801	-0.6173501915134674	ENSG00000139354	Merge_vs_Mock	Down	GAS2L3	283431	growth arrest specific 2 like 3
-1.1922137852953472	2.68151667320329	-4.702893995263488	6.558152499000328e-4	0.005651151024618036	-0.62487585820924	ENSG00000168140	Merge_vs_Mock	Down	VASN	114990	vasorin
1.1866807970432847	5.1394149648873695	4.6997770179845695	6.59121710716372e-4	0.0056672214449019495	-0.6300784800777786	ENSG00000110047	Merge_vs_Mock	Up	EHD1	10938	EH domain containing 1
2.5066828046608274	2.5753885894651556	4.696970352899989	6.621140191785395e-4	0.0056836272192149085	-0.6347642185632756	ENSG00000140678	Merge_vs_Mock	Up	ITGAX	3687	integrin subunit alpha X
1.5977427452486286	1.5490334603424132	4.681724752816198	6.786198582735488e-4	0.0057717554846997456	-0.6602344249375198	ENSG00000130775	Merge_vs_Mock	Up	THEMIS2	9473	thymocyte selection associated family member 2
-1.3245160116177823	8.186404226569518	-4.676700848261534	6.841535120527394e-4	0.0058031273627515536	-0.6686341636727535	ENSG00000140416	Merge_vs_Mock	Down	TPM1	7168	tropomyosin 1
1.7876262541252301	4.469793866651829	4.66799302401529	6.938577057574784e-4	0.005858121471870646	-0.6832008661213367	ENSG00000138061	Merge_vs_Mock	Up	CYP1B1	1545	cytochrome P450 family 1 subfamily B member 1
1.0748296631298366	3.8590918813571684	4.6628478769673	6.996595846789889e-4	0.005896488011072765	-0.6918123516032235	ENSG00000136840	Merge_vs_Mock	Up	ST6GALNAC4	27090	ST6 N-acetylgalactosaminide alpha-2,6-sialyltransferase 4
-1.0914998296782503	1.4750381646252826	-4.65935300596372	7.036296548020699e-4	0.005914099386112961	-0.6976636706106936	ENSG00000268942	Merge_vs_Mock	Down	NA	NA	NA
-1.383798778094357	4.639150241403262	-4.650561685950943	7.137215432496829e-4	0.005976562827020507	-0.7123894645764661	ENSG00000185630	Merge_vs_Mock	Down	PBX1	5087	PBX homeobox 1
-1.0977696081031874	4.211159039196718	-4.639055238221534	7.271609541681088e-4	0.006056850193457457	-0.7316779743640707	ENSG00000060339	Merge_vs_Mock	Down	CCAR1	55749	cell division cycle and apoptosis regulator 1
1.0824117117710568	2.61487965468086	4.636354248554925	7.303541103366904e-4	0.006080226966201584	-0.7362081244932508	ENSG00000026950	Merge_vs_Mock	Up	BTN3A1	11119	butyrophilin subfamily 3 member A1
-1.5175082270829945	5.003768195660333	-4.63108802189193	7.366224370861529e-4	0.006109402798499804	-0.7450433811506771	ENSG00000222041	Merge_vs_Mock	Down	CYTOR	112597	cytoskeleton regulator RNA
1.1979767477154755	1.1927545788008727	4.630800227310057	7.3696662271106e-4	0.006109402798499804	-0.7455263206523144	ENSG00000160886	Merge_vs_Mock	Up	LY6K	54742	lymphocyte antigen 6 family member K
-1.0845020011506958	1.7068852043491796	-4.623751216856174	7.454498725762556e-4	0.006149386284210672	-0.7573583063383404	ENSG00000214262	Merge_vs_Mock	Down	ANKRD36BP1	84832	ankyrin repeat domain 36B pseudogene 1
-1.9325080411542714	3.682284027884912	-4.622361320957465	7.471346582244305e-4	0.006151178985925959	-0.7596920271058902	ENSG00000006062	Merge_vs_Mock	Down	MAP3K14	9020	mitogen-activated protein kinase kinase kinase 14
1.7399344663084642	4.065879145660995	4.6213768668736686	7.483304040185538e-4	0.006154939295813691	-0.7613451328047294	ENSG00000159167	Merge_vs_Mock	Up	STC1	6781	stanniocalcin 1
-1.5737039221751998	3.2843148833295435	-4.594250094725045	7.82083918945041e-4	0.006331297441032767	-0.8069444112078576	ENSG00000285294	Merge_vs_Mock	Down	LINC00842	643650	long intergenic non-protein coding RNA 842
-1.0173864341435932	5.090499399724887	-4.59305580454371	7.836062723432142e-4	0.006338987777196187	-0.8089540867733742	ENSG00000125170	Merge_vs_Mock	Down	DOK4	55715	docking protein 4
1.7284748267303176	2.6554677129823334	4.588324083749152	7.896684620705668e-4	0.006371639935619156	-0.8169180689460411	ENSG00000166250	Merge_vs_Mock	Up	CLMP	79827	CXADR like membrane protein
-1.0720856836376618	1.4945567029190145	-4.5850674106480325	7.938694863826881e-4	0.00639315255401219	-0.8224010071029628	ENSG00000251169	Merge_vs_Mock	Down	LINC01843	101927934	long intergenic non-protein coding RNA 1843
1.7952157765692869	5.797664751387527	4.5836866030262176	7.95657780704143e-4	0.006396474055360565	-0.8247261335669434	ENSG00000289740	Merge_vs_Mock	Up	TALAM1	109136579	TALAM1 transcript, MALAT1 antisense RNA
-2.1783176073306714	4.066077394944472	-4.581180535448202	7.989142357055783e-4	0.006416611476356447	-0.8289466766150575	ENSG00000125966	Merge_vs_Mock	Down	MMP24	10893	matrix metallopeptidase 24
-1.773716866344457	6.7548623957915135	-4.5795960082793545	8.009804436838877e-4	0.006420090956866879	-0.8316156276679054	ENSG00000169604	Merge_vs_Mock	Down	ANTXR1	84168	ANTXR cell adhesion molecule 1
1.0407785545691501	1.7494203977884633	4.57792244542088	8.031688551801013e-4	0.00643435222443315	-0.834434886625659	ENSG00000260231	Merge_vs_Mock	Up	KDM7A-DT	100134229	KDM7A divergent transcript
-1.0397790082513838	3.3664937529958223	-4.566950914481701	8.176722022518658e-4	0.00651415026714687	-0.8529259422459559	ENSG00000115109	Merge_vs_Mock	Down	EPB41L5	57669	erythrocyte membrane protein band 4.1 like 5
-1.2317050642856102	2.6749893361923465	-4.558112904600236	8.295553634476868e-4	0.006568775249535913	-0.867832032553558	ENSG00000196136	Merge_vs_Mock	Down	SERPINA3	12	serpin family A member 3
-1.544343545430647	1.6673713958036365	-4.557510538968124	8.30371854765065e-4	0.006571931448432518	-0.8688483258262503	ENSG00000253671	Merge_vs_Mock	Down	NA	NA	NA
1.100038676792261	5.446196805461835	4.555954070286826	8.324855218635092e-4	0.006582034850088259	-0.871474559790788	ENSG00000072682	Merge_vs_Mock	Up	P4HA2	8974	prolyl 4-hydroxylase subunit alpha 2
-1.4875158573486211	1.566778856126861	-4.555271801226917	8.334138175161515e-4	0.006582972437808152	-0.8726258481576927	ENSG00000100867	Merge_vs_Mock	Down	DHRS2	10202	dehydrogenase/reductase 2
-1.520689716427417	3.4674033631973726	-4.54816626967735	8.431465230585019e-4	0.006623038072736264	-0.8846194063553359	ENSG00000196950	Merge_vs_Mock	Down	SLC39A10	57181	solute carrier family 39 member 10
-1.0737735946267288	1.1006444340554487	-4.541282886013121	8.526888954384582e-4	0.0066779808613870485	-0.8962438988745545	ENSG00000178343	Merge_vs_Mock	Down	SHISA3	152573	shisa family member 3
-3.0814576656341406	5.369228332162765	-4.539399825690617	8.553190854352788e-4	0.0066919143967936285	-0.8994249757516553	ENSG00000114638	Merge_vs_Mock	Down	UPK1B	7348	uroplakin 1B
-1.545121867025021	3.5054892901135632	-4.527894881855501	8.715750130306719e-4	0.0067636014772809675	-0.918869820062941	ENSG00000256802	Merge_vs_Mock	Down	LCIIAR	100130111	lung cancer immune cell infiltration associated lncRNA
1.2905950929628771	3.015862651071519	4.516953688421873	8.873356782383827e-4	0.006842799658360095	-0.9373768011827721	ENSG00000161544	Merge_vs_Mock	Up	CYGB	114757	cytoglobin
1.6267197207229995	2.6347610394239034	4.516432943977303	8.880932279481721e-4	0.006842799658360095	-0.9382580004587187	ENSG00000237596	Merge_vs_Mock	Up	PDE7B-AS1	644135	PDE7B antisense RNA 1
1.1430913446533912	7.83519143513106	4.505592832266153	9.040180253762484e-4	0.00691891067450581	-0.9566090000608085	ENSG00000105835	Merge_vs_Mock	Up	NAMPT	10135	nicotinamide phosphoribosyltransferase
-3.3144459532943578	4.700649760918829	-4.504611881624988	9.05473825336821e-4	0.006921042309360329	-0.9582703319630754	ENSG00000118523	Merge_vs_Mock	Down	CCN2	1490	cellular communication network factor 2
-1.4714791818400146	5.531220028734143	-4.487805577577142	9.308016499703976e-4	0.007061761083552505	-0.9867513915501291	ENSG00000187244	Merge_vs_Mock	Down	BCAM	4059	basal cell adhesion molecule (Lutheran blood group)
-1.3827538536945498	4.132709791019557	-4.484600939954468	9.357150433283285e-4	0.0070847639727401514	-0.992186032527619	ENSG00000125257	Merge_vs_Mock	Down	ABCC4	10257	ATP binding cassette subfamily C member 4
1.129016641654438	3.5427778371142473	4.4831747916621705	9.37910380903829e-4	0.00709796855153687	-0.9946049868780493	ENSG00000197019	Merge_vs_Mock	Up	SERTAD1	29950	SERTA domain containing 1
1.3944204033245127	1.2298623581661605	4.475015869458213	9.505741792967948e-4	0.007149081560794545	-1.0084483807557332	ENSG00000154589	Merge_vs_Mock	Up	LY96	23643	lymphocyte antigen 96
1.298865683404968	2.094801860197309	4.472493211282878	9.54525928060737e-4	0.007162719051978425	-1.0127302309624895	ENSG00000117226	Merge_vs_Mock	Up	GBP3	2635	guanylate binding protein 3
1.2931556532300232	2.5209557106070135	4.465267981503404	9.659399721537484e-4	0.007218065986267701	-1.0249982188159246	ENSG00000205362	Merge_vs_Mock	Up	MT1A	4489	metallothionein 1A
-1.2666179421424135	2.449311031626205	-4.463747409951524	9.683602858794369e-4	0.0072241147323244895	-1.0275808454802666	ENSG00000135617	Merge_vs_Mock	Down	PRADC1	84279	protease associated domain containing 1
1.34265505687884	4.269700186021229	4.452367738140188	9.866767240203434e-4	0.007303776070246529	-1.0469174508523427	ENSG00000225138	Merge_vs_Mock	Up	NA	NA	NA
-1.1591991012299356	1.2182728319675755	-4.444133742325242	0.0010001564220661026	0.0073566229623066096	-1.0609184079038183	ENSG00000255774	Merge_vs_Mock	Down	LINC02747	105379407	long intergenic non-protein coding RNA 2747
1.0528822646480354	9.313212350028525	4.443388821013407	0.0010013854105302988	0.007358778956074523	-1.062185455171635	ENSG00000161011	Merge_vs_Mock	Up	SQSTM1	8878	sequestosome 1
-1.8473482331911506	4.931936187311087	-4.441223332523011	0.0010049670891304969	0.007371321102456248	-1.0658691368119166	ENSG00000112414	Merge_vs_Mock	Down	ADGRG6	57211	adhesion G protein-coupled receptor G6
1.5329422929929533	2.38363900557874	4.4394089675563055	0.0010079783628001858	0.007387381264797332	-1.0689559525073085	ENSG00000185885	Merge_vs_Mock	Up	IFITM1	8519	interferon induced transmembrane protein 1
-1.2212346497839786	3.237998898838007	-4.436410889060791	0.0010129749884278086	0.00741622191248404	-1.0740574928397466	ENSG00000176697	Merge_vs_Mock	Down	BDNF	627	brain derived neurotrophic factor
1.3350570261818926	3.8347589281733323	4.4177029835939985	0.0010447463654483186	0.007567794262109746	-1.1059147428884941	ENSG00000163659	Merge_vs_Mock	Up	TIPARP	25976	TCDD inducible poly(ADP-ribose) polymerase
1.2922435642510308	3.8032453498121344	4.415711397339037	0.0010481896697973991	0.007582131356093587	-1.1093085778742697	ENSG00000077585	Merge_vs_Mock	Up	GPR137B	7107	G protein-coupled receptor 137B
-1.1413780840691103	6.009257422946721	-4.410176766809129	0.0010578212653900088	0.007602332468654188	-1.1187424922515872	ENSG00000214517	Merge_vs_Mock	Down	PPME1	51400	protein phosphatase methylesterase 1
1.0267224067248133	8.773594300318162	4.397501964390553	0.0010802297459750734	0.007679788872153709	-1.14036040860052	ENSG00000161010	Merge_vs_Mock	Up	MRNIP	51149	MRN complex interacting protein
1.0740252949815874	4.703723845545878	4.387527801974245	0.0010982132817858308	0.00777950543665044	-1.157385226297646	ENSG00000160570	Merge_vs_Mock	Up	DEDD2	162989	death effector domain containing 2
1.2361568521269897	4.539597786285961	4.380799088088875	0.0011105222823377726	0.007836288035142584	-1.1688768855327378	ENSG00000266086	Merge_vs_Mock	Up	NA	NA	NA
-1.07463081215327	2.6620523690920135	-4.37757020967878	0.0011164802059415225	0.00785061447137836	-1.1743931834671582	ENSG00000291073	Merge_vs_Mock	Down	NA	NA	NA
-1.9964419664958375	3.6723895063784027	-4.37076617846379	0.001129144926809587	0.007906025431437029	-1.186021272404548	ENSG00000267530	Merge_vs_Mock	Down	NA	NA	NA
-1.3059543635663227	1.8313825285835268	-4.367143540505543	0.0011359492698918476	0.00792192382187104	-1.1922145189243318	ENSG00000198796	Merge_vs_Mock	Down	ALPK2	115701	alpha kinase 2
2.0588042755300116	0.9299815907519864	4.366303940806996	0.0011375324005636737	0.00792944793052497	-1.1936501087355333	ENSG00000277947	Merge_vs_Mock	Up	NA	NA	NA
1.4252415180630162	2.3816490951293483	4.36262443334746	0.0011444977117494068	0.007970934904770226	-1.1999424630935964	ENSG00000128578	Merge_vs_Mock	Up	STRIP2	57464	striatin interacting protein 2
1.106634706782001	4.195493443243858	4.3566466558797385	0.0011559090749973	0.008011382156636201	-1.210168390534652	ENSG00000146112	Merge_vs_Mock	Up	PPP1R18	170954	protein phosphatase 1 regulatory subunit 18
-1.3002332513527881	2.3073934969314704	-4.354762631069096	0.00115953026463413	0.008029402440174516	-1.2133921519218998	ENSG00000187288	Merge_vs_Mock	Down	CIDEC	63924	cell death inducing DFFA like effector c
-1.2216871218723098	6.9738328720343015	-4.353580653710009	0.0011618081487803317	0.008038097205331938	-1.215414842944769	ENSG00000168615	Merge_vs_Mock	Down	ADAM9	8754	ADAM metallopeptidase domain 9
-1.0608324805517149	2.0320517219674006	-4.350770797773477	0.0011672420866253794	0.008061505952688062	-1.2202239209649104	ENSG00000100626	Merge_vs_Mock	Down	GALNT16	57452	polypeptide N-acetylgalactosaminyltransferase 16
-3.7526415348031907	5.342744593670654	-4.333175520345051	0.0012018801846356872	0.008232041717587464	-1.2503585651206288	ENSG00000148677	Merge_vs_Mock	Down	ANKRD1	27063	ankyrin repeat domain 1
1.0400281762194905	2.905547762637255	4.328210477527631	0.0012118478827202032	0.008279225940370357	-1.2588682687226918	ENSG00000197119	Merge_vs_Mock	Up	SLC25A29	123096	solute carrier family 25 member 29
-1.3439893530904947	1.8816802655850005	-4.325985264548933	0.0012163432194637882	0.008292038412035503	-1.2626830093614423	ENSG00000102271	Merge_vs_Mock	Down	KLHL4	56062	kelch like family member 4
-1.0753673320646477	3.672014250685183	-4.322536882076336	0.0012233441063731845	0.008321068086861894	-1.2685957548236706	ENSG00000171246	Merge_vs_Mock	Down	NPTX1	4884	neuronal pentraxin 1
1.7763009786593233	2.714924261148836	4.31303547553076	0.001242852921720174	0.008413734415398819	-1.2848941359327828	ENSG00000133805	Merge_vs_Mock	Up	AMPD3	272	adenosine monophosphate deaminase 3
1.0829847005044462	3.9358000962005457	4.307408499934775	0.0012545598381836494	0.008456129509624452	-1.2945511841825263	ENSG00000102287	Merge_vs_Mock	Up	GABRE	2564	gamma-aminobutyric acid type A receptor subunit epsilon
1.082767510068683	2.2395854698882425	4.306412774173387	0.0012566434353295398	0.008456129509624452	-1.2962604199878536	ENSG00000227376	Merge_vs_Mock	Up	NA	NA	NA
-1.5604935197122543	4.110284731427763	-4.302497204606853	0.0012648721155860017	0.008492901950168177	-1.3029828442120914	ENSG00000242265	Merge_vs_Mock	Down	PEG10	23089	paternally expressed 10
-1.267575751887967	3.380622205529998	-4.292557137157621	0.0012860157366162465	0.008587036267450603	-1.3200559940514163	ENSG00000167165	Merge_vs_Mock	Down	UGT1A6	54578	UDP glucuronosyltransferase family 1 member A6
1.0141138296638652	2.0531368832024985	4.283883735003642	0.0013047671671772493	0.008668681229839216	-1.3349623808934323	ENSG00000072195	Merge_vs_Mock	Up	SPEG	10290	striated muscle enriched protein kinase
-1.2671456065667819	1.8491334868501181	-4.282690062348351	0.001307370130623655	0.00868230687254544	-1.3370145100106212	ENSG00000114854	Merge_vs_Mock	Down	TNNC1	7134	troponin C1, slow skeletal and cardiac type
1.0127361986093855	0.939386491977881	4.2803192953759295	0.0013125560292443796	0.008703980156503621	-1.3410907290137164	ENSG00000136999	Merge_vs_Mock	Up	CCN3	4856	cellular communication network factor 3
-2.2725193833562307	4.782383719409514	-4.268574034193866	0.0013385672889371623	0.00882242631426061	-1.3612941811934025	ENSG00000114019	Merge_vs_Mock	Down	AMOTL2	51421	angiomotin like 2
1.6799243244692672	3.2387167649925366	4.257742370073007	0.0013630333246535205	0.008897908702159096	-1.379939387708749	ENSG00000100342	Merge_vs_Mock	Up	APOL1	8542	apolipoprotein L1
-1.053608776054514	2.1546496369190815	-4.254396291712084	0.0013706854776336464	0.008936732927556685	-1.3857017583639752	ENSG00000221909	Merge_vs_Mock	Down	FAM200A	221786	family with sequence similarity 200 member A
1.018165107065324	2.6227472426912435	4.253620313601098	0.0013724664718636449	0.00894463644282125	-1.3870382631345963	ENSG00000291117	Merge_vs_Mock	Up	PLEKHM1P1	440456	pleckstrin homology and RUN domain containing M1 pseudogene 1
-1.2243200429541528	3.04534543344964	-4.250806874843948	0.0013789440822385372	0.008968269080762297	-1.391884528238677	ENSG00000060718	Merge_vs_Mock	Down	COL11A1	1301	collagen type XI alpha 1 chain
-1.1014312296653772	6.046670261271398	-4.236580033963615	0.0014121927167364203	0.009135393938048929	-1.4164038425303085	ENSG00000204262	Merge_vs_Mock	Down	COL5A2	1290	collagen type V alpha 2 chain
-1.1663286837161377	1.1646352608299346	-4.230522591354508	0.0014266025563141702	0.009183279492671568	-1.426850124302491	ENSG00000285155	Merge_vs_Mock	Down	NA	NA	NA
-1.0141196423732226	3.3028292425919874	-4.224265017611789	0.0014416499562488385	0.00925362743345683	-1.4376456290874717	ENSG00000144677	Merge_vs_Mock	Down	CTDSPL	10217	CTD small phosphatase like
-1.1743730664177345	1.405068310341582	-4.214379267981064	0.0014657608334034385	0.009373954805247041	-1.454708859073345	ENSG00000258181	Merge_vs_Mock	Down	NA	NA	NA
1.4144018838755372	2.3268340367775444	4.202074059696184	0.0014963625979063247	0.009515486540507425	-1.4759625235501606	ENSG00000167034	Merge_vs_Mock	Up	NKX3-1	4824	NK3 homeobox 1
1.0336728412527716	1.456658169970805	4.200723799528972	0.001499760958045536	0.00952554152916967	-1.478295668787549	ENSG00000213658	Merge_vs_Mock	Up	LAT	27040	linker for activation of T cells
-1.3947962486200813	5.319387963908448	-4.196665653522857	0.001510023187711211	0.00957139244254192	-1.485308974743492	ENSG00000259627	Merge_vs_Mock	Down	NA	NA	NA
-1.2078618398612635	4.178580621159516	-4.179392909771617	0.0015545297818066726	0.009759095947581531	-1.5151789071085515	ENSG00000126790	Merge_vs_Mock	Down	L3HYPDH	112849	trans-L-3-hydroxyproline dehydratase
1.3336888854096949	1.846742534776752	4.173154414961611	0.0015709393631416853	0.009832510049160305	-1.5259747588996149	ENSG00000273300	Merge_vs_Mock	Up	NA	NA	NA
1.3653571444666837	2.5703674085290324	4.170943352061673	0.0015767986094759269	0.009851702396749474	-1.5298020090960494	ENSG00000073605	Merge_vs_Mock	Up	GSDMB	55876	gasdermin B
-1.0032051212885662	2.075745144082421	-4.166449476744077	0.0015887776534925812	0.009913414791713352	-1.5375822444848266	ENSG00000184178	Merge_vs_Mock	Down	SCFD2	152579	sec1 family domain containing 2
1.2793176455313997	1.3186259052701086	4.164675447935846	0.0015935326917149292	0.009921801500169613	-1.5406541834204752	ENSG00000137825	Merge_vs_Mock	Up	ITPKA	3706	inositol-trisphosphate 3-kinase A
-1.2787191437338234	2.5319351094231726	-4.1633409525515015	0.001597119410907371	0.009923468927668636	-1.5429652299260885	ENSG00000189410	Merge_vs_Mock	Down	SH2D5	400745	SH2 domain containing 5
1.0253789780272804	8.033397235604754	4.1602699552502465	0.0016054053674257572	0.009943522965000968	-1.5482841960198774	ENSG00000160213	Merge_vs_Mock	Up	CSTB	1476	cystatin B
-1.2848807769892332	4.066753115650363	-4.14868311262886	0.0016370744042534086	0.010091496788108372	-1.5683612084249816	ENSG00000154529	Merge_vs_Mock	Down	CNTNAP3B	728577	contactin associated protein family member 3B
-1.620676643471953	4.471099062868003	-4.14525206548146	0.001646576699469768	0.01012277762934385	-1.5743089291381356	ENSG00000018236	Merge_vs_Mock	Down	CNTN1	1272	contactin 1
-1.220804110680966	7.784264874048327	-4.142081986778496	0.0016554074000769822	0.0101611775072641	-1.5798053125975446	ENSG00000103018	Merge_vs_Mock	Down	CYB5B	80777	cytochrome b5 type B
-1.0787076129704936	3.99622401353656	-4.138808409654518	0.0016645782872147135	0.0101935974083873	-1.5854822025068236	ENSG00000144824	Merge_vs_Mock	Down	PHLDB2	90102	pleckstrin homology like domain family B member 2
-1.6320947648944517	4.01527727568167	-4.135655692207779	0.0016734607046054043	0.010236033854774246	-1.590950516543412	ENSG00000134548	Merge_vs_Mock	Down	SPX	80763	spexin hormone
1.6959100842432795	5.376429335403214	4.134583495694827	0.0016764927509506306	0.010241560496330977	-1.5928104423166403	ENSG00000011422	Merge_vs_Mock	Up	PLAUR	5329	plasminogen activator, urokinase receptor
-1.026401034904028	4.297436672652716	-4.127125812395326	0.0016977414013908375	0.01030837114991209	-1.6057503594854348	ENSG00000180340	Merge_vs_Mock	Down	FZD2	2535	frizzled class receptor 2
-1.2908625445525121	7.185662550613026	-4.122550742904315	0.0017109156872200015	0.01035238941793834	-1.6136913513493436	ENSG00000105281	Merge_vs_Mock	Down	SLC1A5	6510	solute carrier family 1 member 5
1.288079678110976	3.5554093239722007	4.116881598950118	0.0017273885209798702	0.010427989205731071	-1.623534209749657	ENSG00000110888	Merge_vs_Mock	Up	CAPRIN2	65981	caprin family member 2
-1.1697491132564126	1.5350843505587606	-4.1165113396910105	0.0017284701214699233	0.010430514631709907	-1.624177170059272	ENSG00000258457	Merge_vs_Mock	Down	NA	NA	NA
1.194062947127537	7.267740743058346	4.109839642341208	0.0017480809561135349	0.010512551095924073	-1.635764973985638	ENSG00000137575	Merge_vs_Mock	Up	SDCBP	6386	syndecan binding protein
-1.225031920849333	2.1320450125154644	-4.099682728663036	0.001778382882534703	0.0106337829698634	-1.6534144772760984	ENSG00000170624	Merge_vs_Mock	Down	SGCD	6444	sarcoglycan delta
-1.0644636899273365	3.792771181002679	-4.099023768752655	0.0017803676309528166	0.010641604471442035	-1.6545598885267543	ENSG00000168014	Merge_vs_Mock	Down	C2CD3	26005	C2 domain containing 3 centriole elongation regulator
-1.1026953699058817	3.8418878128620815	-4.09398949621336	0.0017956069788496475	0.01070687076630503	-1.663311906872103	ENSG00000164610	Merge_vs_Mock	Down	RP9	6100	RP9 pre-mRNA splicing factor
-2.954205106905058	5.1136852653861515	-4.089203965148876	0.001810219445288562	0.010766834718838096	-1.6716337664908947	ENSG00000169903	Merge_vs_Mock	Down	TM4SF4	7104	transmembrane 4 L six family member 4
-1.4713194090001522	6.40254088748918	-4.087746938624522	0.0018146930011350203	0.010776083536598827	-1.6741679202403716	ENSG00000152952	Merge_vs_Mock	Down	PLOD2	5352	procollagen-lysine,2-oxoglutarate 5-dioxygenase 2
-1.4402429154758565	4.386898156071826	-4.060207671743579	0.0019014497128942295	0.011154958830570065	-1.7221041885257282	ENSG00000092969	Merge_vs_Mock	Down	TGFB2	7042	transforming growth factor beta 2
1.2251623617484997	3.0973681641050774	4.0469039955803545	0.0019448974772440257	0.011331395961346373	-1.7452869651055023	ENSG00000144485	Merge_vs_Mock	Up	HES6	55502	hes family bHLH transcription factor 6
-1.0432742415697969	2.6159561404437626	-4.046506894491729	0.001946210129187114	0.011331395961346373	-1.7459792017862412	ENSG00000261373	Merge_vs_Mock	Down	VPS9D1-AS1	100128881	VPS9D1 antisense RNA 1
-1.0407891652166974	4.755185691812349	-4.045303070428113	0.0019501951142718525	0.011346196214220922	-1.748077828207819	ENSG00000155438	Merge_vs_Mock	Down	NIFK	84365	nucleolar protein interacting with the FHA domain of MKI67
1.0289056119571969	2.9439853333128507	4.036565852293544	0.001979373498596608	0.011456616723934582	-1.7633134558477641	ENSG00000100226	Merge_vs_Mock	Up	GTPBP1	9567	GTP binding protein 1
1.0528790274403228	5.904170251366532	4.026377286071042	0.0020139736391805736	0.01159843987583247	-1.7810887975997645	ENSG00000179222	Merge_vs_Mock	Up	MAGED1	9500	MAGE family member D1
1.1088134309586257	8.450731651123649	4.016931950290534	0.0020466122897490006	0.011733512529563537	-1.797575970866081	ENSG00000118785	Merge_vs_Mock	Up	SPP1	6696	secreted phosphoprotein 1
-1.159519418929026	5.533719283861103	-3.9924419827716844	0.002133827472073979	0.012049037998504628	-1.8403616821013635	ENSG00000172380	Merge_vs_Mock	Down	GNG12	55970	G protein subunit gamma 12
1.1426496714288037	2.4636490304066934	3.9860246206529735	0.002157314655245335	0.012138078808010067	-1.8515821319424353	ENSG00000156804	Merge_vs_Mock	Up	FBXO32	114907	F-box protein 32
-1.0171084390373908	2.963405179039116	-3.9841928046612742	0.002164068209887816	0.012163022397675409	-1.8547856427435185	ENSG00000164741	Merge_vs_Mock	Down	DLC1	10395	DLC1 Rho GTPase activating protein
-2.6500661893265116	5.465576027211976	-3.981929687917931	0.00217244226141066	0.012197010711511618	-1.8587438281648234	ENSG00000168955	Merge_vs_Mock	Down	TM4SF20	79853	transmembrane 4 L six family member 20
1.150502407066975	1.9090255848863915	3.9785448912374877	0.0021850297275078845	0.012241459741641963	-1.8646646697567322	ENSG00000254338	Merge_vs_Mock	Up	MAFA-AS1	104326051	MAFA antisense RNA 1
1.2262091266439832	6.237664486386164	3.95775670137754	0.0022640186860738024	0.012527804090107496	-1.9010502397661098	ENSG00000109046	Merge_vs_Mock	Up	WSB1	26118	WD repeat and SOCS box containing 1
-1.0277541691808927	4.442430663105334	-3.957755693117607	0.0022640225883305038	0.012527804090107496	-1.9010520054304711	ENSG00000172965	Merge_vs_Mock	Down	MIR4435-2HG	541471	MIR4435-2 host gene
1.061740459737437	7.564904775071626	3.9514758066201865	0.0022884636947827996	0.012631934034452195	-1.9120510313299084	ENSG00000108828	Merge_vs_Mock	Up	VAT1	10493	vesicle amine transport 1
1.1562658264430248	1.9515785135249988	3.9479997846159502	0.002302109994150165	0.01268055403432767	-1.9181406251710849	ENSG00000117266	Merge_vs_Mock	Up	CDK18	5129	cyclin dependent kinase 18
-1.0443052843575678	3.5618565511764024	-3.9473527391528274	0.002304659510916921	0.012685710699572802	-1.9192742885989542	ENSG00000291120	Merge_vs_Mock	Down	NA	NA	NA
-1.2347245943313834	2.6837152847521786	-3.9457152157127804	0.002311124868840546	0.01270351264850976	-1.9221434893493798	ENSG00000287856	Merge_vs_Mock	Down	NA	NA	NA
-1.7657843474194839	2.6629356074144375	-3.927745700874499	0.002383323718112755	0.01294693926589111	-1.9536438011058328	ENSG00000145287	Merge_vs_Mock	Down	PLAC8	51316	placenta associated 8
1.088058276732857	2.1188867827489624	3.9255090034501072	0.002392473007240718	0.012982757250471887	-1.95756659407777	ENSG00000189143	Merge_vs_Mock	Up	CLDN4	1364	claudin 4
1.3557880638445967	2.0420889588653917	3.9189424675538014	0.002419544990330806	0.01308901428205788	-1.9690855977467505	ENSG00000152154	Merge_vs_Mock	Up	TMEM178A	130733	transmembrane protein 178A
1.38199384928495	2.8617050779280535	3.90797801053642	0.002465459605513894	0.013252449797946651	-1.9883273445322356	ENSG00000109846	Merge_vs_Mock	Up	CRYAB	1410	crystallin alpha B
-1.3754609150850312	5.4217416442313855	-3.903527016380287	0.0024843558258974747	0.013325027188971243	-1.9961412880165996	ENSG00000241119	Merge_vs_Mock	Down	UGT1A9	54600	UDP glucuronosyltransferase family 1 member A9
-1.5508877887941495	2.8525662697973866	-3.8862864632848155	0.0025589792522406783	0.013632285813257759	-2.0264230411075	ENSG00000168079	Merge_vs_Mock	Down	SCARA5	286133	scavenger receptor class A member 5
1.0717896329571768	3.3892481485781585	3.8857318604464908	0.0025614180410129944	0.013632775474636523	-2.0273975549206957	ENSG00000197948	Merge_vs_Mock	Up	FCHSD1	89848	FCH and double SH3 domains 1
-1.1710467213829006	3.6267058115179474	-3.8764126984746583	0.0026027604363838184	0.013767578413243166	-2.043776254692723	ENSG00000155850	Merge_vs_Mock	Down	SLC26A2	1836	solute carrier family 26 member 2
1.01890856230942	3.75121099762942	3.8558261060224757	0.002696560388035062	0.014065044332417707	-2.07998188446272	ENSG00000221890	Merge_vs_Mock	Up	NPTXR	23467	neuronal pentraxin receptor
-1.9767425749332928	5.494218966565456	-3.854987198578274	0.002700456285594667	0.014080694810100042	-2.081457965163727	ENSG00000108691	Merge_vs_Mock	Down	CCL2	6347	C-C motif chemokine ligand 2
-2.0030227639445877	4.73230416541474	-3.8465383812290543	0.0027400196048156023	0.014239771416169916	-2.0963268864592886	ENSG00000259185	Merge_vs_Mock	Down	NA	NA	NA
-1.460796992891661	1.40815591623377	-3.844650791184932	0.0027489404661421384	0.01427014446108553	-2.0996495633026955	ENSG00000170290	Merge_vs_Mock	Down	SLN	6588	sarcolipin
1.8233756848668574	2.17688425834559	3.81239457759781	0.002906126216837242	0.014809378122482977	-2.15647042956469	ENSG00000108932	Merge_vs_Mock	Up	SLC16A6	9120	solute carrier family 16 member 6
-1.5289072608128889	6.169726169535921	-3.809673126689333	0.0029198070054886967	0.014864643887444235	-2.1612678877479636	ENSG00000148926	Merge_vs_Mock	Down	ADM	133	adrenomedullin
1.04889898923214	2.4895087751549507	3.8060749809848198	0.0029379974252664374	0.014908985966356886	-2.167611630269845	ENSG00000172059	Merge_vs_Mock	Up	KLF11	8462	KLF transcription factor 11
1.1244032065682783	0.6455121667319681	3.796166885152264	0.0029886968170420255	0.015073844177294064	-2.1850849723450247	ENSG00000259538	Merge_vs_Mock	Up	UBE2Q2P11	100421767	UBE2Q2 pseudogene 11
1.0636205593248207	2.1047146320662318	3.7953153029504247	0.0029930964002683872	0.015085561297746507	-2.186587098720361	ENSG00000269888	Merge_vs_Mock	Up	NA	NA	NA
1.0021534544270567	1.2202130384057537	3.790636645071991	0.003017387954349338	0.015160692574245913	-2.1948408084531765	ENSG00000108370	Merge_vs_Mock	Up	RGS9	8787	regulator of G protein signaling 9
1.3454739558854374	1.025126155450676	3.788560145796418	0.0030282344281361766	0.015195282264476551	-2.198504493250419	ENSG00000173926	Merge_vs_Mock	Up	MARCHF3	115123	membrane associated ring-CH-type finger 3
-1.6347569806810576	2.8654818991003976	-3.787366295378433	0.0030344887021306137	0.015209458816160374	-2.2006110075047154	ENSG00000130600	Merge_vs_Mock	Down	H19	283120	H19 imprinted maternally expressed transcript
-1.0236760624336432	2.5690860744820676	-3.786901877744976	0.00303692527722938	0.01521186476823503	-2.2014304857776823	ENSG00000104524	Merge_vs_Mock	Down	PYCR3	65263	pyrroline-5-carboxylate reductase 3
-1.3125569839107223	2.675516538292015	-3.784055039219756	0.0030519055863379215	0.015246789417307166	-2.206454142768176	ENSG00000137801	Merge_vs_Mock	Down	THBS1	7057	thrombospondin 1
-1.0855439909091178	6.752882093460353	-3.749753302466588	0.0032385349185262606	0.015876514339041543	-2.267028076593304	ENSG00000166347	Merge_vs_Mock	Down	CYB5A	1528	cytochrome b5 type A
1.1068828495836356	0.9394024914099284	3.7428505822669096	0.003277496903156969	0.016021733384845038	-2.2792271954639105	ENSG00000149557	Merge_vs_Mock	Up	FEZ1	9638	fasciculation and elongation protein zeta 1
-1.0395979416863406	3.1949391852115507	-3.741383581169353	0.0032858395669211993	0.016057524247794525	-2.2818202150597324	ENSG00000140830	Merge_vs_Mock	Down	TXNL4B	54957	thioredoxin like 4B
-1.3663399595395103	2.5907586817373627	-3.7255757501112097	0.003377142205161114	0.016362387775021952	-2.309770380694281	ENSG00000134508	Merge_vs_Mock	Down	CABLES1	91768	Cdk5 and Abl enzyme substrate 1
-1.0897079204691535	3.2530851658443942	-3.7220701144284045	0.0033977428750456	0.016420683605705932	-2.315970926360974	ENSG00000106714	Merge_vs_Mock	Down	CNTNAP3	79937	contactin associated protein family member 3
-1.709052298908979	2.6717758229015796	-3.7162701697839635	0.003432111535333672	0.016517305772467725	-2.3262311936646247	ENSG00000091583	Merge_vs_Mock	Down	APOH	350	apolipoprotein H
1.6770611925630075	1.8158373815067352	3.7152805321444218	0.0034380115995495016	0.01652326858971525	-2.327982100422301	ENSG00000163395	Merge_vs_Mock	Up	IGFN1	91156	immunoglobulin like and fibronectin type III domain containing 1
1.3647365361704171	2.5912070795278033	3.71477421218231	0.003441034251005815	0.01652326858971525	-2.3288779256081034	ENSG00000143479	Merge_vs_Mock	Up	DYRK3	8444	dual specificity tyrosine phosphorylation regulated kinase 3
1.045732826218721	3.215041052616665	3.7076174567905875	0.0034840538589155116	0.016652802354743194	-2.341541972264837	ENSG00000184205	Merge_vs_Mock	Up	TSPYL2	64061	TSPY like 2
1.1939964176725801	0.8568919985668368	3.7057164648780536	0.0034955739401651433	0.016678330999224143	-2.344906350979212	ENSG00000250349	Merge_vs_Mock	Up	NA	NA	NA
1.4154272621888304	0.7649136648132465	3.7020576571357355	0.003517857322786088	0.016759110650752505	-2.351382335141576	ENSG00000258892	Merge_vs_Mock	Up	NA	NA	NA
-1.29178168063582	2.671857026047865	-3.701653825995147	0.003520325766122062	0.01676475583401424	-2.3520971544320908	ENSG00000238018	Merge_vs_Mock	Down	NA	NA	NA
1.1500157199523502	0.7441057478968804	3.700361325193597	0.003528238291326394	0.016778069358753818	-2.3543850693818875	ENSG00000272573	Merge_vs_Mock	Up	MUSTN1	389125	musculoskeletal, embryonic nuclear protein 1
-1.044136326400464	10.212440682797059	-3.69132428772851	0.0035840775372064284	0.017002474615417283	-2.3703847502725877	ENSG00000074800	Merge_vs_Mock	Down	ENO1	2023	enolase 1
1.0852623667074706	2.4009915471487373	3.6867334594848913	0.003612792704320886	0.017087151298691806	-2.3785144747389184	ENSG00000213599	Merge_vs_Mock	Up	SLX1A-SULT1A3	100526830	SLX1A-SULT1A3 readthrough (NMD candidate)
1.4978430294494864	2.9921637288814376	3.6865337487614607	0.0036140472527930586	0.017087945609568143	-2.3788681631617346	ENSG00000251562	Merge_vs_Mock	Up	MALAT1	378938	metastasis associated lung adenocarcinoma transcript 1
-1.1202359153494568	2.3047769727654366	-3.6853555520649826	0.003621457641240549	0.017117836749669036	-2.380954801562905	ENSG00000108821	Merge_vs_Mock	Down	COL1A1	1277	collagen type I alpha 1 chain
1.1180806530741527	1.8673771982777525	3.6800069480421644	0.0036552959903384486	0.017246680091227855	-2.3904284375528206	ENSG00000023902	Merge_vs_Mock	Up	PLEKHO1	51177	pleckstrin homology domain containing O1
1.0508565323625942	0.9179035513059295	3.6781834202437356	0.0036669071434146864	0.017285284239508526	-2.393658715050405	ENSG00000271581	Merge_vs_Mock	Up	NA	NA	NA
1.0108703834206765	1.3827110380688474	3.670841701786469	0.0037140414121116416	0.017440135935165028	-2.406666098919052	ENSG00000272647	Merge_vs_Mock	Up	NA	NA	NA
1.0312787922276634	4.39936109981849	3.652370208595519	0.003835414917916352	0.017876625666613088	-2.4394056903576544	ENSG00000116514	Merge_vs_Mock	Up	RNF19B	127544	ring finger protein 19B
-1.117503399188097	4.169203923030815	-3.646569409763194	0.0038743696013218026	0.018010149674959113	-2.449691148464126	ENSG00000157514	Merge_vs_Mock	Down	TSC22D3	1831	TSC22 domain family member 3
-1.5106736979948665	2.5554159717068465	-3.640757082056164	0.003913811076882835	0.01811385425173106	-2.4599988766649794	ENSG00000111981	Merge_vs_Mock	Down	ULBP1	80329	UL16 binding protein 1
1.0488765119043943	1.1321474790603616	3.6402632266460033	0.003917181323726377	0.018123446159729627	-2.460874775871451	ENSG00000183578	Merge_vs_Mock	Up	TNFAIP8L3	388121	TNF alpha induced protein 8 like 3
-1.063601574778768	8.38377634024199	-3.6365477215467825	0.003942633402915209	0.018187695187516745	-2.4674649917078533	ENSG00000130402	Merge_vs_Mock	Down	ACTN4	81	actinin alpha 4
1.041674446856113	2.3984701898758267	3.6215116166087054	0.004047387798250738	0.018583714019063096	-2.494142032357474	ENSG00000232187	Merge_vs_Mock	Up	NA	NA	NA
1.6540498905635874	2.9885142412672323	3.6055743938145723	0.004161555737180671	0.018909166576972905	-2.5224304473002457	ENSG00000163814	Merge_vs_Mock	Up	CDCP1	64866	CUB domain containing protein 1
-1.0237685144032813	7.313736866414152	-3.599892157317848	0.004203058909875212	0.019048214529307658	-2.532519407919728	ENSG00000105974	Merge_vs_Mock	Down	CAV1	857	caveolin 1
-1.0675283897779684	5.163510770312162	-3.5619750408923267	0.00449114028068311	0.01992754442183372	-2.5998811841120366	ENSG00000120053	Merge_vs_Mock	Down	GOT1	2805	glutamic-oxaloacetic transaminase 1
-1.0002477287766038	4.213818928175886	-3.5590888405237826	0.004513884501216996	0.02000582290714909	-2.6050113302955857	ENSG00000149380	Merge_vs_Mock	Down	P4HA3	283208	prolyl 4-hydroxylase subunit alpha 3
1.1708586764870734	6.062799277412841	3.555337466907505	0.004543623779948772	0.020088003250906494	-2.6116798375147248	ENSG00000234975	Merge_vs_Mock	Up	FTH1P2	2497	ferritin heavy chain 1 pseudogene 2
2.409988357626661	9.257597651671269	3.5534600644987466	0.004558582614550992	0.02013322892834848	-2.6150173672015304	ENSG00000125148	Merge_vs_Mock	Up	MT2A	4502	metallothionein 2A
-1.044406481029509	1.394732699545946	-3.549166047455792	0.004592987353258031	0.02024364325037438	-2.6226515666642296	ENSG00000286134	Merge_vs_Mock	Down	NA	NA	NA
1.244558484780498	12.663373827505374	3.5463123204335707	0.004615999731432773	0.020316599993426193	-2.627725547814382	ENSG00000167996	Merge_vs_Mock	Up	FTH1	2495	ferritin heavy chain 1
-1.4949219239536302	4.246789738279875	-3.54334700118959	0.004640037619109087	0.020382466926846234	-2.6329983007747453	ENSG00000224505	Merge_vs_Mock	Down	NA	NA	NA
1.2215232789803703	2.7165193620825168	3.542953739520102	0.004643235184946217	0.020385124656187664	-2.6336976023829832	ENSG00000100558	Merge_vs_Mock	Up	PLEK2	26499	pleckstrin 2
-1.1670004661224092	1.0038588847772014	-3.532867384512592	0.004726025019136327	0.02062193935930574	-2.651635405478091	ENSG00000198829	Merge_vs_Mock	Down	SUCNR1	56670	succinate receptor 1
-1.1896183063723873	3.087420611609885	-3.5260470352108793	0.004782865746064837	0.02077772008912034	-2.663767172612163	ENSG00000173237	Merge_vs_Mock	Down	C11orf86	254439	chromosome 11 open reading frame 86
1.064878748418797	1.5135384105904417	3.524896599712472	0.0047925224951230905	0.02080817469859352	-2.665813701141178	ENSG00000027869	Merge_vs_Mock	Up	SH2D2A	9047	SH2 domain containing 2A
-1.2645421758988835	11.617932346147212	-3.500375334934517	0.005003187291659233	0.02146402283884789	-2.7094468381497627	ENSG00000165092	Merge_vs_Mock	Down	ALDH1A1	216	aldehyde dehydrogenase 1 family member A1
1.0406385558485924	5.114541918830497	3.491077550564125	0.005085531697170651	0.021761924209443714	-2.7259969881199524	ENSG00000145979	Merge_vs_Mock	Up	TBC1D7	51256	TBC1 domain family member 7
-1.0992310139590566	5.878851030358941	-3.472570145310447	0.0052536056328580044	0.02226905719200134	-2.7589490200261837	ENSG00000275719	Merge_vs_Mock	Down	NA	NA	NA
2.660997281267724	4.348066130662393	3.460448353490215	0.005366768297434732	0.022572291587445465	-2.7805375103697765	ENSG00000198417	Merge_vs_Mock	Up	MT1F	4494	metallothionein 1F
2.5622971764419447	1.1478144886124622	3.4601320852944952	0.005369754051964438	0.022578810754329614	-2.7811008327235545	ENSG00000147614	Merge_vs_Mock	Up	ATP6V0D2	245972	ATPase H+ transporting V0 subunit d2
1.1930807932601002	2.380858441015678	3.443988380504548	0.005524444613044417	0.023001698698632913	-2.8098591065164067	ENSG00000276241	Merge_vs_Mock	Up	NA	NA	NA
-1.5002590953547594	2.036340902524402	-3.442979132597657	0.005534265749952647	0.023036491049167634	-2.8116572166522245	ENSG00000235142	Merge_vs_Mock	Down	LINC02532	100422737	long intergenic non-protein coding RNA 2532
1.7584330920098972	3.1977350931609916	3.4407008157228374	0.005556502231733129	0.023122930430334792	-2.8157164447479595	ENSG00000109511	Merge_vs_Mock	Up	ANXA10	11199	annexin A10
1.1893577612565591	1.388273809777948	3.4307009611720347	0.0056551894761343695	0.023397397974661692	-2.8335346000627233	ENSG00000280744	Merge_vs_Mock	Up	LINC01173	106144537	long intergenic non-protein coding RNA 1173
-1.2144532194290338	2.9344067200308976	-3.425464274878851	0.005707584339578706	0.02356457635185475	-2.8428665697751043	ENSG00000111077	Merge_vs_Mock	Down	TNS2	23371	tensin 2
-1.4983813428041577	3.6741104849042143	-3.42310056126501	0.005731396755113026	0.023625673753842055	-2.847079018362562	ENSG00000129354	Merge_vs_Mock	Down	AP1M2	10053	adaptor related protein complex 1 subunit mu 2
1.1435373556820303	2.410637513433229	3.4193687621941633	0.005769198823604919	0.02371332410176207	-2.8537298512268654	ENSG00000131015	Merge_vs_Mock	Up	ULBP2	80328	UL16 binding protein 2
-1.3367396316968643	3.7167550483626917	-3.4131309135561083	0.005832957587132898	0.023870263150585876	-2.86484771507686	ENSG00000107738	Merge_vs_Mock	Down	VSIR	64115	V-set immunoregulatory receptor
-1.6013624730295462	5.664231112335062	-3.407415877512938	0.005892005863096846	0.024054435151365784	-2.8750345391742265	ENSG00000112576	Merge_vs_Mock	Down	CCND3	896	cyclin D3
1.4430989378102235	1.9649215400053792	3.4024476591082498	0.005943835091633589	0.024205304617097766	-2.8838907752462966	ENSG00000178726	Merge_vs_Mock	Up	THBD	7056	thrombomodulin
1.1342403570981858	8.249139152481286	3.400643518411511	0.005962771476980085	0.024255184750902433	-2.8871069272449343	ENSG00000137309	Merge_vs_Mock	Up	HMGA1	3159	high mobility group AT-hook 1
-1.3279065899189089	6.997069889083042	-3.387208012754421	0.006105747564302898	0.02465802161151548	-2.911059822424975	ENSG00000189060	Merge_vs_Mock	Down	H1-0	3005	H1.0 linker histone
1.083889927440056	3.7843655933231215	3.3870662971661285	0.00610727420684553	0.02465802161151548	-2.9113124926315246	ENSG00000103034	Merge_vs_Mock	Up	NDRG4	65009	NDRG family member 4
1.2120627896272191	4.601892830749044	3.386427495413453	0.006114160599114704	0.024663567534491046	-2.9124514417029284	ENSG00000103089	Merge_vs_Mock	Up	FA2H	79152	fatty acid 2-hydroxylase
1.0435263377284931	4.634818308158221	3.377729412735795	0.006208721805019096	0.024907744669829156	-2.9279604007735047	ENSG00000173918	Merge_vs_Mock	Up	C1QTNF1	114897	C1q and TNF related 1
1.25800719121386	2.1315305348093867	3.3757980617396366	0.006229920664715427	0.02494823844494902	-2.9314042440822003	ENSG00000266145	Merge_vs_Mock	Up	RHOT1P1	100462813	ras homolog family member T1 pseudogene 1
-1.0632786831673207	2.5474234248525094	-3.37464337975057	0.006242630007731812	0.024975360047589427	-2.933463218888904	ENSG00000134215	Merge_vs_Mock	Down	VAV3	10451	vav guanine nucleotide exchange factor 3
1.0346581762154101	1.0245155989626114	3.3745299459302083	0.006243879979564952	0.024975360047589427	-2.9336654899866232	ENSG00000136002	Merge_vs_Mock	Up	ARHGEF4	50649	Rho guanine nucleotide exchange factor 4
-1.1285868439566156	1.028399895704618	-3.3677799519589655	0.006318723445222169	0.025194788260538496	-2.9457022208911763	ENSG00000178107	Merge_vs_Mock	Down	NA	NA	NA
-1.2949443474162372	4.566503388381288	-3.3601318932810944	0.006404633897898085	0.025440584157197597	-2.959341273391633	ENSG00000166741	Merge_vs_Mock	Down	NNMT	4837	nicotinamide N-methyltransferase
1.007421932947656	1.194316678271668	3.351960618321072	0.006497741675226686	0.025701887824806074	-2.9739143453961763	ENSG00000239607	Merge_vs_Mock	Up	NA	NA	NA
-1.4752626759432461	5.755633815886248	-3.336378710890773	0.006679142094941181	0.026193563238165837	-3.0017063327651137	ENSG00000164120	Merge_vs_Mock	Down	HPGD	3248	15-hydroxyprostaglandin dehydrogenase
-1.2228111752134403	5.322041846336458	-3.325128961804415	0.0068133171977523485	0.026529772852555	-3.0217731415908293	ENSG00000290018	Merge_vs_Mock	Down	NA	NA	NA
-1.011286938002888	10.245167313561895	-3.321486411628138	0.00685734895656081	0.026626832022438346	-3.028270821402036	ENSG00000135480	Merge_vs_Mock	Down	KRT7	3855	keratin 7
-1.3701779518612698	4.201192909874801	-3.3157246916770657	0.0069275915447706464	0.026853168507040472	-3.0385489617768267	ENSG00000232956	Merge_vs_Mock	Down	SNHG15	285958	small nucleolar RNA host gene 15
1.0907972947415565	2.352245154947179	3.310242013032843	0.006995114128690282	0.027088196204822303	-3.048329564108678	ENSG00000131979	Merge_vs_Mock	Up	GCH1	2643	GTP cyclohydrolase 1
-1.0293603261358295	3.9264026037880475	-3.306430939551737	0.007042445170189297	0.027204493428247822	-3.0551282942803777	ENSG00000167747	Merge_vs_Mock	Down	C19orf48P	84798	multidrug resistance-related protein
2.4792294355455757	6.43578831321745	3.2996632007219153	0.007127302887137422	0.027417799707221892	-3.0672017521228323	ENSG00000187193	Merge_vs_Mock	Up	MT1X	4501	metallothionein 1X
-1.035855649649204	3.793910844987839	-3.2970107451157196	0.0071608447008891015	0.027499742067443714	-3.071933723728632	ENSG00000178445	Merge_vs_Mock	Down	GLDC	2731	glycine decarboxylase
-1.0511163628542803	9.614185465750438	-3.2689563311585013	0.00752561819406214	0.028395313222692526	-3.1219840278276854	ENSG00000134333	Merge_vs_Mock	Down	LDHA	3939	lactate dehydrogenase A
1.8076976216887832	1.1189054699121073	3.2566095339759724	0.007692103681679127	0.028787725487407413	-3.1440114182782173	ENSG00000268790	Merge_vs_Mock	Up	NA	NA	NA
2.632272850545556	0.8828844201944843	3.254838513495425	0.007716290057731622	0.02883706688400368	-3.147170997999945	ENSG00000285283	Merge_vs_Mock	Up	NA	NA	NA
1.2332701385756515	4.52536347610485	3.23670733216577	0.007968402005188823	0.02951992899727996	-3.1795171852703574	ENSG00000011638	Merge_vs_Mock	Up	LDAF1	57146	lipid droplet assembly factor 1
-1.3218492304967824	2.472688593938791	-3.2347611239700003	0.007995957404314871	0.02959388706525198	-3.182989142542227	ENSG00000187185	Merge_vs_Mock	Down	LOC388282	388282	uncharacterized LOC388282
-1.0865033083389077	3.7722769722344003	-3.220835074128742	0.008195979117963464	0.030134901408544506	-3.2078318969280644	ENSG00000272770	Merge_vs_Mock	Down	NA	NA	NA
-1.5659264412148604	7.410978104863821	-3.219145748438773	0.008220586814047427	0.030179328466393773	-3.210845389707574	ENSG00000107984	Merge_vs_Mock	Down	DKK1	22943	dickkopf WNT signaling pathway inhibitor 1
-1.1205648203402072	5.576408654781314	-3.203959556451691	0.008445198724101157	0.0307499872968777	-3.2379339325751735	ENSG00000136205	Merge_vs_Mock	Down	TNS3	64759	tensin 3
1.0837509611632443	4.81147875082415	3.203711461383684	0.008448919523541909	0.030756244893102698	-3.2383764543640465	ENSG00000234745	Merge_vs_Mock	Up	HLA-B	3106	major histocompatibility complex, class I, B
-1.1541490339935905	8.52215515451182	-3.192070234826509	0.00862539452102143	0.031153641303992424	-3.259139799502622	ENSG00000019186	Merge_vs_Mock	Down	CYP24A1	1591	cytochrome P450 family 24 subfamily A member 1
1.0761935058125927	3.8929074297447075	3.185314269207423	0.008729524136507388	0.03139993059714437	-3.2711889298869763	ENSG00000157150	Merge_vs_Mock	Up	TIMP4	7079	TIMP metallopeptidase inhibitor 4
1.1890376734728232	4.560535531039356	3.1625138460423585	0.009090464485595952	0.0323891520930445	-3.311847621154985	ENSG00000169297	Merge_vs_Mock	Up	NR0B1	190	nuclear receptor subfamily 0 group B member 1
1.0780036007165608	1.2546837648739855	3.160834907072146	0.00911763417747577	0.032454485078086	-3.314841207379471	ENSG00000012124	Merge_vs_Mock	Up	CD22	933	CD22 molecule
2.0203212312046674	1.8110756378703792	3.1600429698217516	0.009130478407964094	0.03249284984015464	-3.3162532302997443	ENSG00000125538	Merge_vs_Mock	Up	IL1B	3553	interleukin 1 beta
-1.307215135293518	5.7724257319920165	-3.154487581861272	0.009221097380507894	0.03276343818478697	-3.326158124841142	ENSG00000141429	Merge_vs_Mock	Down	GALNT1	2589	polypeptide N-acetylgalactosaminyltransferase 1
1.3446529428438359	4.657355485719626	3.14987025415918	0.009297108712526193	0.0329441936938231	-3.334390031632378	ENSG00000105327	Merge_vs_Mock	Up	BBC3	27113	BCL2 binding component 3
1.2985120098854095	5.503766352711395	3.147049426260933	0.009343858098792547	0.03300977037430242	-3.339418859712703	ENSG00000146278	Merge_vs_Mock	Up	PNRC1	10957	proline rich nuclear receptor coactivator 1
1.0188343216279432	1.9349388445643059	3.1464384049618497	0.00935401588192365	0.03301195102314437	-3.3405081341597684	ENSG00000259244	Merge_vs_Mock	Up	NA	NA	NA
1.0761911313384336	3.0981274095843583	3.1448799539533074	0.00937997472167387	0.033079841379228904	-3.343286364188694	ENSG00000176170	Merge_vs_Mock	Up	SPHK1	8877	sphingosine kinase 1
1.3958732643792775	5.3635204734808335	3.1412373735185217	0.009440933774615093	0.03320911612708645	-3.349779728523162	ENSG00000128016	Merge_vs_Mock	Up	ZFP36	7538	ZFP36 ring finger protein
-1.0214715130112872	3.5341383454860518	-3.136864256744118	0.009514649239524262	0.03342134776429719	-3.357574957308183	ENSG00000169047	Merge_vs_Mock	Down	IRS1	3667	insulin receptor substrate 1
-1.4784635121573846	3.938710887923301	-3.0991280497844076	0.010175479048780823	0.034908286108448344	-3.4248201111776035	ENSG00000264717	Merge_vs_Mock	Down	NPY4R2	100996758	neuropeptide Y receptor Y4-2
1.218567969882697	4.315767472249231	3.0767421544185636	0.010589262456759018	0.035974668696261036	-3.4646907767962882	ENSG00000147454	Merge_vs_Mock	Up	SLC25A37	51312	solute carrier family 25 member 37
1.4057202769882637	1.7753787224616608	3.072444712502286	0.010670623176914333	0.03618853139533207	-3.472342791933372	ENSG00000166923	Merge_vs_Mock	Up	GREM1	26585	gremlin 1, DAN family BMP antagonist
2.032274674571321	1.0323912036577192	3.0570029375382206	0.010968222084188182	0.03685603856750926	-3.4998326454932056	ENSG00000212440	Merge_vs_Mock	Up	NA	NA	NA
1.2255983709879574	2.9194926887563426	3.0484139077660086	0.011137367586597993	0.03725736515173408	-3.515118979413227	ENSG00000145107	Merge_vs_Mock	Up	TM4SF19	116211	transmembrane 4 L six family member 19
-1.231172001118527	0.7722517026608033	-3.0460782231281773	0.011183818606057742	0.03733923985229979	-3.519275388616103	ENSG00000290162	Merge_vs_Mock	Down	NA	NA	NA
1.1018484920784433	1.8033503934488626	3.045952667647269	0.011186321128659981	0.03733923985229979	-3.5194988112241035	ENSG00000258691	Merge_vs_Mock	Up	NA	NA	NA
-1.162556951753027	3.453062180131941	-3.045506921318458	0.011195210137131968	0.03734404548252404	-3.5202919994616306	ENSG00000102048	Merge_vs_Mock	Down	ASB9	140462	ankyrin repeat and SOCS box containing 9
1.0511900843138016	0.6753146602861069	3.04337809441889	0.011237761353798979	0.037426213137229075	-3.5240800475402723	ENSG00000266627	Merge_vs_Mock	Up	RN7SL202P	106479295	RNA, 7SL, cytoplasmic 202, pseudogene
2.918473051004659	1.5225422510343147	3.041794669427281	0.011269516875890237	0.03747603906061492	-3.526897478211274	ENSG00000289491	Merge_vs_Mock	Up	NA	NA	NA
1.0077561782517108	0.66862302934984	3.024965163479857	0.011612680684155515	0.0382212257092988	-3.5568358179116855	ENSG00000243650	Merge_vs_Mock	Up	RN7SL834P	106481148	RNA, 7SL, cytoplasmic 834, pseudogene
1.4789219130815647	1.2725243246843623	3.0151024430294493	0.011818667227450223	0.03867256779419106	-3.574374723600853	ENSG00000187653	Merge_vs_Mock	Up	NA	NA	NA
-1.4606763044408675	4.181397804323351	-2.953195072310508	0.013198420700998404	0.04187177001087369	-3.6843481184722635	ENSG00000204174	Merge_vs_Mock	Down	NPY4R	5540	neuropeptide Y receptor Y4
-2.7527665311642977	1.9953711515645007	-2.9390045359998482	0.013536878159996537	0.04261880799681793	-3.7095247159761433	ENSG00000275559	Merge_vs_Mock	Down	NA	NA	NA
-1.0487511687783178	5.500730477607061	-2.938298095483609	0.013553953506658598	0.04266402578977444	-3.71077773101734	ENSG00000100889	Merge_vs_Mock	Down	PCK2	5106	phosphoenolpyruvate carboxykinase 2, mitochondrial
1.815777583273797	4.268906308594485	2.9376051149673046	0.01357072453621798	0.0426911810475223	-3.7120068402044204	ENSG00000140519	Merge_vs_Mock	Up	RHCG	51458	Rh family C glycoprotein
1.0099743492342563	4.281067301187047	2.9356500447168585	0.01361815223542654	0.04278047583985573	-3.715474292123295	ENSG00000125347	Merge_vs_Mock	Up	IRF1	3659	interferon regulatory factor 1
1.4369216183992104	1.5211546215179053	2.9278125504877326	0.01380995799279634	0.04318460914589685	-3.729372069914631	ENSG00000175352	Merge_vs_Mock	Up	NRIP3	56675	nuclear receptor interacting protein 3
1.4725004096219951	2.806803941274298	2.914928296169733	0.014131185228211045	0.04393933740329021	-3.7522098461141216	ENSG00000265168	Merge_vs_Mock	Up	NA	NA	NA
-1.1132042226276293	3.08481324721423	-2.900284747413443	0.01450538850339762	0.044646275639992045	-3.778151698938316	ENSG00000115902	Merge_vs_Mock	Down	SLC1A4	6509	solute carrier family 1 member 4
-1.362183226107283	5.118679547987371	-2.8826910802273513	0.01496814400450304	0.04565392773849122	-3.809298693285593	ENSG00000004799	Merge_vs_Mock	Down	PDK4	5166	pyruvate dehydrogenase kinase 4
1.0662579165395671	5.150979142631013	2.879417594193187	0.015055863006263584	0.04580547526339739	-3.815091275095499	ENSG00000147872	Merge_vs_Mock	Up	PLIN2	123	perilipin 2
1.0256879476319403	0.6683991246487649	2.8597986661664656	0.015592482313937893	0.04692964150602628	-3.8497897632759144	ENSG00000270722	Merge_vs_Mock	Up	LOC124904619	124904619	U1 spliceosomal RNA
-1.3080955549019704	5.654433124843802	-2.859643101969886	0.015596812947536603	0.04693369315211646	-3.850064770947274	ENSG00000255717	Merge_vs_Mock	Down	SNHG1	23642	small nucleolar RNA host gene 1
1.563285978335481	1.0569798413670235	2.8586087553315305	0.015625637960716116	0.046973073559217884	-3.8518932457390376	ENSG00000275143	Merge_vs_Mock	Up	SCARNA16	677781	small Cajal body-specific RNA 16
1.2862714288290733	2.394045246282169	2.8579313678207194	0.01564454417183385	0.047012644895339344	-3.8530906542640904	ENSG00000102409	Merge_vs_Mock	Up	BEX4	56271	brain expressed X-linked 4
