ENSEMBL_ID	SYMBOL	ENTREZID	GENENAME
ENSG00000000003	TSPAN6	7105	tetraspanin 6
ENSG00000000419	DPM1	8813	dolichyl-phosphate mannosyltransferase subunit 1, catalytic
ENSG00000000457	SCYL3	57147	SCY1 like pseudokinase 3
ENSG00000000460	FIRRM	55732	FIGNL1 interacting regulator of recombination and mitosis
ENSG00000000971	CFH	3075	complement factor H
ENSG00000001036	FUCA2	2519	alpha-L-fucosidase 2
ENSG00000001084	GCLC	2729	glutamate-cysteine ligase catalytic subunit
ENSG00000001167	NFYA	4800	nuclear transcription factor Y subunit alpha
ENSG00000001460	STPG1	90529	sperm tail PG-rich repeat containing 1
ENSG00000001461	NIPAL3	57185	NIPA like domain containing 3
ENSG00000001497	LAS1L	81887	LAS1 like ribosome biogenesis factor
ENSG00000001617	SEMA3F	6405	semaphorin 3F
ENSG00000001629	ANKIB1	54467	ankyrin repeat and IBR domain containing 1
ENSG00000001630	CYP51A1	1595	cytochrome P450 family 51 subfamily A member 1
ENSG00000001631	KRIT1	889	KRIT1 ankyrin repeat containing
ENSG00000002016	RAD52	5893	RAD52 homolog, DNA repair protein
ENSG00000002330	BAD	572	BCL2 associated agonist of cell death
ENSG00000002549	LAP3	51056	leucine aminopeptidase 3
ENSG00000002586	CD99	4267	CD99 molecule (Xg blood group)
ENSG00000002746	HECW1	23072	HECT, C2 and WW domain containing E3 ubiquitin protein ligase 1
ENSG00000002822	MAD1L1	8379	mitotic arrest deficient 1 like 1
ENSG00000002834	LASP1	3927	LIM and SH3 protein 1
ENSG00000002919	SNX11	29916	sorting nexin 11
ENSG00000003056	M6PR	4074	mannose-6-phosphate receptor, cation dependent
ENSG00000003137	CYP26B1	56603	cytochrome P450 family 26 subfamily B member 1
ENSG00000003147	ICA1	3382	islet cell autoantigen 1
ENSG00000003249	DBNDD1	79007	dysbindin domain containing 1
ENSG00000003393	ALS2	57679	alsin Rho guanine nucleotide exchange factor ALS2
ENSG00000003400	CASP10	843	caspase 10
ENSG00000003402	CFLAR	8837	CASP8 and FADD like apoptosis regulator
ENSG00000003436	TFPI	7035	tissue factor pathway inhibitor
ENSG00000003509	NDUFAF7	55471	NADH:ubiquinone oxidoreductase complex assembly factor 7
ENSG00000003756	RBM5	10181	RNA binding motif protein 5
ENSG00000003987	MTMR7	9108	myotubularin related protein 7
ENSG00000003989	SLC7A2	6542	solute carrier family 7 member 2
ENSG00000004059	ARF5	381	ADP ribosylation factor 5
ENSG00000004139	SARM1	23098	sterile alpha and TIR motif containing 1
ENSG00000004142	POLDIP2	26073	DNA polymerase delta interacting protein 2
ENSG00000004399	PLXND1	23129	plexin D1
ENSG00000004455	AK2	204	adenylate kinase 2
ENSG00000004468	CD38	952	CD38 molecule
ENSG00000004478	FKBP4	2288	FKBP prolyl isomerase 4
ENSG00000004487	KDM1A	23028	lysine demethylase 1A
ENSG00000004534	RBM6	10180	RNA binding motif protein 6
ENSG00000004660	CAMKK1	84254	calcium/calmodulin dependent protein kinase kinase 1
ENSG00000004700	RECQL	5965	RecQ like helicase
ENSG00000004766	VPS50	55610	VPS50 subunit of EARP/GARPII complex
ENSG00000004777	ARHGAP33	115703	Rho GTPase activating protein 33
ENSG00000004779	NDUFAB1	4706	NADH:ubiquinone oxidoreductase subunit AB1
ENSG00000004799	PDK4	5166	pyruvate dehydrogenase kinase 4
ENSG00000004864	SLC25A13	10165	solute carrier family 25 member 13
ENSG00000004866	ST7	7982	suppression of tumorigenicity 7
ENSG00000004897	CDC27	996	cell division cycle 27
ENSG00000004961	HCCS	3052	holocytochrome c synthase
ENSG00000004975	DVL2	1856	dishevelled segment polarity protein 2
ENSG00000005007	UPF1	5976	UPF1 RNA helicase and ATPase
ENSG00000005020	SKAP2	8935	src kinase associated phosphoprotein 2
ENSG00000005022	SLC25A5	292	solute carrier family 25 member 5
ENSG00000005059	MCUB	55013	mitochondrial calcium uniporter dominant negative subunit beta
ENSG00000005075	POLR2J	5439	RNA polymerase II subunit J
ENSG00000005100	DHX33	56919	DEAH-box helicase 33
ENSG00000005108	THSD7A	221981	thrombospondin type 1 domain containing 7A
ENSG00000005156	LIG3	3980	DNA ligase 3
ENSG00000005175	RPAP3	79657	RNA polymerase II associated protein 3
ENSG00000005187	ACSM3	6296	acyl-CoA synthetase medium chain family member 3
ENSG00000005189	REXO5	81691	RNA exonuclease 5
ENSG00000005194	CIAPIN1	57019	cytokine induced apoptosis inhibitor 1
ENSG00000005206	SPPL2B	56928	signal peptide peptidase like 2B
ENSG00000005238	ATOSB	80256	atos homolog B
ENSG00000005243	COPZ2	51226	COPI coat complex subunit zeta 2
ENSG00000005249	PRKAR2B	5577	protein kinase cAMP-dependent type II regulatory subunit beta
ENSG00000005302	MSL3	10943	MSL complex subunit 3
ENSG00000005339	CREBBP	1387	CREB binding protein
ENSG00000005436	GCFC2	6936	GC-rich sequence DNA-binding factor 2
ENSG00000005448	WDR54	84058	WD repeat domain 54
ENSG00000005469	CROT	54677	carnitine O-octanoyltransferase
ENSG00000005483	KMT2E	55904	lysine methyltransferase 2E (inactive)
ENSG00000005486	RHBDD2	57414	rhomboid domain containing 2
ENSG00000005700	IBTK	25998	inhibitor of Bruton tyrosine kinase
ENSG00000005801	ZNF195	7748	zinc finger protein 195
ENSG00000005810	MYCBP2	23077	MYC binding protein 2
ENSG00000005812	FBXL3	26224	F-box and leucine rich repeat protein 3
ENSG00000005882	PDK2	5164	pyruvate dehydrogenase kinase 2
ENSG00000005884	ITGA3	3675	integrin subunit alpha 3
ENSG00000005889	ZFX	7543	zinc finger protein X-linked
ENSG00000005893	LAMP2	3920	lysosomal associated membrane protein 2
ENSG00000005961	ITGA2B	3674	integrin subunit alpha 2b
ENSG00000005981	ASB4	51666	ankyrin repeat and SOCS box containing 4
ENSG00000006007	GDE1	51573	glycerophosphodiester phosphodiesterase 1
ENSG00000006015	REX1BD	55049	required for excision 1-B domain containing
ENSG00000006016	CRLF1	9244	cytokine receptor like factor 1
ENSG00000006025	OSBPL7	114881	oxysterol binding protein like 7
ENSG00000006042	TMEM98	26022	transmembrane protein 98
ENSG00000006062	MAP3K14	9020	mitogen-activated protein kinase kinase kinase 14
ENSG00000006071	ABCC8	6833	ATP binding cassette subfamily C member 8
ENSG00000006118	TMEM132A	54972	transmembrane protein 132A
ENSG00000006125	AP2B1	163	adaptor related protein complex 2 subunit beta 1
ENSG00000006194	ZNF263	10127	zinc finger protein 263
ENSG00000006282	SPATA20	64847	spermatogenesis associated 20
ENSG00000006283	CACNA1G	8913	calcium voltage-gated channel subunit alpha1 G
ENSG00000006327	TNFRSF12A	51330	TNF receptor superfamily member 12A
ENSG00000006432	MAP3K9	4293	mitogen-activated protein kinase kinase kinase 9
ENSG00000006451	RALA	5898	RAS like proto-oncogene A
ENSG00000006453	BAIAP2L1	55971	BAR/IMD domain containing adaptor protein 2 like 1
ENSG00000006459	KDM7A	80853	lysine demethylase 7A
ENSG00000006468	ETV1	2115	ETS variant transcription factor 1
ENSG00000006530	AGK	55750	acylglycerol kinase
ENSG00000006534	ALDH3B1	221	aldehyde dehydrogenase 3 family member B1
ENSG00000006576	PHTF2	57157	putative homeodomain transcription factor 2
ENSG00000006606	CCL26	10344	C-C motif chemokine ligand 26
ENSG00000006607	FARP2	9855	FERM, ARH/RhoGEF and pleckstrin domain protein 2
ENSG00000006611	USH1C	10083	USH1 protein network component harmonin
ENSG00000006625	GGCT	79017	gamma-glutamylcyclotransferase
ENSG00000006634	DBF4	10926	DBF4 zinc finger
ENSG00000006652	IFRD1	3475	interferon related developmental regulator 1
ENSG00000006695	COX10	1352	cytochrome c oxidase assembly factor heme A:farnesyltransferase COX10
ENSG00000006704	GTF2IRD1	9569	GTF2I repeat domain containing 1
ENSG00000006712	PAF1	54623	PAF1 homolog, Paf1/RNA polymerase II complex component
ENSG00000006715	VPS41	27072	VPS41 subunit of HOPS complex
ENSG00000006740	ARHGAP44	9912	Rho GTPase activating protein 44
ENSG00000006744	ELAC2	60528	elaC ribonuclease Z 2
ENSG00000006756	ARSD	414	arylsulfatase D
ENSG00000006757	PNPLA4	8228	patatin like phospholipase domain containing 4
ENSG00000006831	ADIPOR2	79602	adiponectin receptor 2
ENSG00000006837	CDKL3	51265	cyclin dependent kinase like 3
ENSG00000007047	MARK4	57787	microtubule affinity regulating kinase 4
ENSG00000007080	CCDC124	115098	coiled-coil domain containing 124
ENSG00000007168	PAFAH1B1	5048	platelet activating factor acetylhydrolase 1b regulatory subunit 1
ENSG00000007202	BLTP2	9703	bridge-like lipid transfer protein family member 2
ENSG00000007255	TRAPPC6A	79090	trafficking protein particle complex subunit 6A
ENSG00000007312	CD79B	974	CD79b molecule
ENSG00000007341	ST7L	54879	suppression of tumorigenicity 7 like
ENSG00000007376	RPUSD1	113000	RNA pseudouridine synthase domain containing 1
ENSG00000007384	RHBDF1	64285	rhomboid 5 homolog 1
ENSG00000007392	LUC7L	55692	LUC7 like
ENSG00000007516	BAIAP3	8938	BAI1 associated protein 3
ENSG00000007520	TSR3	115939	TSR3 ribosome maturation factor
ENSG00000007541	PIGQ	9091	phosphatidylinositol glycan anchor biosynthesis class Q
ENSG00000007545	CRAMP1	57585	cramped chromatin regulator homolog 1
ENSG00000007866	TEAD3	7005	TEA domain transcription factor 3
ENSG00000007923	DNAJC11	55735	DnaJ heat shock protein family (Hsp40) member C11
ENSG00000007944	MYLIP	29116	myosin regulatory light chain interacting protein
ENSG00000007968	E2F2	1870	E2F transcription factor 2
ENSG00000008018	PSMB1	5689	proteasome 20S subunit beta 1
ENSG00000008083	JARID2	3720	jumonji and AT-rich interaction domain containing 2
ENSG00000008086	CDKL5	6792	cyclin dependent kinase like 5
ENSG00000008128	CDK11A	728642	cyclin dependent kinase 11A
ENSG00000008130	NADK	65220	NAD kinase
ENSG00000008256	CYTH3	9265	cytohesin 3
ENSG00000008282	SYPL1	6856	synaptophysin like 1
ENSG00000008283	CYB561	1534	cytochrome b561
ENSG00000008294	SPAG9	9043	sperm associated antigen 9
ENSG00000008300	CELSR3	1951	cadherin EGF LAG seven-pass G-type receptor 3
ENSG00000008323	PLEKHG6	55200	pleckstrin homology and RhoGEF domain containing G6
ENSG00000008324	SS18L2	51188	SS18 like 2
ENSG00000008382	MPND	84954	MPN domain containing
ENSG00000008394	MGST1	4257	microsomal glutathione S-transferase 1
ENSG00000008405	CRY1	1407	cryptochrome circadian regulator 1
ENSG00000008441	NFIX	4784	nuclear factor I X
ENSG00000008513	ST3GAL1	6482	ST3 beta-galactoside alpha-2,3-sialyltransferase 1
ENSG00000008517	IL32	9235	interleukin 32
ENSG00000008710	PKD1	5310	polycystin 1, transient receptor potential channel interacting
ENSG00000008735	MAPK8IP2	23542	mitogen-activated protein kinase 8 interacting protein 2
ENSG00000008838	MED24	9862	mediator complex subunit 24
ENSG00000008853	RHOBTB2	23221	Rho related BTB domain containing 2
ENSG00000008869	HEATR5B	54497	HEAT repeat containing 5B
ENSG00000008952	SEC62	7095	SEC62 homolog, preprotein translocation factor
ENSG00000008988	RPS20	6224	ribosomal protein S20
ENSG00000009307	CSDE1	7812	cold shock domain containing E1
ENSG00000009335	UBE3C	9690	ubiquitin protein ligase E3C
ENSG00000009413	REV3L	5980	REV3 like, DNA directed polymerase zeta catalytic subunit
ENSG00000009780	FAM76A	199870	family with sequence similarity 76 member A
ENSG00000009830	POMT2	29954	protein O-mannosyltransferase 2
ENSG00000009844	VTA1	51534	vesicle trafficking 1
ENSG00000009950	MLXIPL	51085	MLX interacting protein like
ENSG00000009954	BAZ1B	9031	bromodomain adjacent to zinc finger domain 1B
ENSG00000010017	RANBP9	10048	RAN binding protein 9
ENSG00000010072	SPRTN	83932	SprT-like N-terminal domain
ENSG00000010165	METTL13	51603	methyltransferase 13, eEF1A N-terminus and K55
ENSG00000010219	DYRK4	8798	dual specificity tyrosine phosphorylation regulated kinase 4
ENSG00000010244	ZNF207	7756	zinc finger protein 207
ENSG00000010256	UQCRC1	7384	ubiquinol-cytochrome c reductase core protein 1
ENSG00000010270	STARD3NL	83930	STARD3 N-terminal like
ENSG00000010278	CD9	928	CD9 molecule
ENSG00000010292	NCAPD2	9918	non-SMC condensin I complex subunit D2
ENSG00000010295	IFFO1	25900	intermediate filament family orphan 1
ENSG00000010310	GIPR	2696	gastric inhibitory polypeptide receptor
ENSG00000010318	PHF7	51533	PHD finger protein 7
ENSG00000010322	NISCH	11188	nischarin
ENSG00000010361	FUZ	80199	fuzzy planar cell polarity protein
ENSG00000010404	IDS	3423	iduronate 2-sulfatase
ENSG00000010438	PRSS3	5646	serine protease 3
ENSG00000010539	ZNF200	7752	zinc finger protein 200
ENSG00000010626	LRRC23	10233	leucine rich repeat containing 23
ENSG00000010704	HFE	3077	homeostatic iron regulator
ENSG00000010803	SCMH1	22955	Scm polycomb group protein homolog 1
ENSG00000010810	FYN	2534	FYN proto-oncogene, Src family tyrosine kinase
ENSG00000010818	HIVEP2	3097	HIVEP zinc finger 2
ENSG00000011007	ELOA	6924	elongin A
ENSG00000011009	LYPLA2	11313	lysophospholipase 2
ENSG00000011021	CLCN6	1185	chloride voltage-gated channel 6
ENSG00000011028	MRC2	9902	mannose receptor C type 2
ENSG00000011052	NME1-NME2	654364	NME1-NME2 readthrough
ENSG00000011105	TSPAN9	10867	tetraspanin 9
ENSG00000011114	BTBD7	55727	BTB domain containing 7
ENSG00000011132	APBA3	9546	amyloid beta precursor protein binding family A member 3
ENSG00000011143	MKS1	54903	MKS transition zone complex subunit 1
ENSG00000011198	ABHD5	51099	abhydrolase domain containing 5, lysophosphatidic acid acyltransferase
ENSG00000011243	AKAP8L	26993	A-kinase anchoring protein 8 like
ENSG00000011258	MBTD1	54799	mbt domain containing 1
ENSG00000011260	UTP18	51096	UTP18 small subunit processome component
ENSG00000011275	RNF216	54476	ring finger protein 216
ENSG00000011295	TTC19	54902	tetratricopeptide repeat domain 19
ENSG00000011304	PTBP1	5725	polypyrimidine tract binding protein 1
ENSG00000011332	DPF1	8193	double PHD fingers 1
ENSG00000011376	LARS2	23395	leucyl-tRNA synthetase 2, mitochondrial
ENSG00000011405	PIK3C2A	5286	phosphatidylinositol-4-phosphate 3-kinase catalytic subunit type 2 alpha
ENSG00000011422	PLAUR	5329	plasminogen activator, urokinase receptor
ENSG00000011426	ANLN	54443	anillin, actin binding protein
ENSG00000011451	WIZ	58525	WIZ zinc finger
ENSG00000011454	RABGAP1	23637	RAB GTPase activating protein 1
ENSG00000011478	QPCTL	54814	glutaminyl-peptide cyclotransferase like
ENSG00000011485	PPP5C	5536	protein phosphatase 5 catalytic subunit
ENSG00000011523	CEP68	23177	centrosomal protein 68
ENSG00000011566	MAP4K3	8491	mitogen-activated protein kinase kinase kinase kinase 3
ENSG00000011638	LDAF1	57146	lipid droplet assembly factor 1
ENSG00000012048	BRCA1	672	BRCA1 DNA repair associated
ENSG00000012061	ERCC1	2067	ERCC excision repair 1, endonuclease non-catalytic subunit
ENSG00000012124	CD22	933	CD22 molecule
ENSG00000012171	SEMA3B	7869	semaphorin 3B
ENSG00000012174	MBTPS2	51360	membrane bound transcription factor peptidase, site 2
ENSG00000012211	PRICKLE3	4007	prickle planar cell polarity protein 3
ENSG00000012232	EXTL3	2137	exostosin like glycosyltransferase 3
ENSG00000012660	ELOVL5	60481	ELOVL fatty acid elongase 5
ENSG00000012779	ALOX5	240	arachidonate 5-lipoxygenase
ENSG00000012817	KDM5D	8284	lysine demethylase 5D
ENSG00000012822	CALCOCO1	57658	calcium binding and coiled-coil domain 1
ENSG00000012963	UBR7	55148	ubiquitin protein ligase E3 component n-recognin 7
ENSG00000012983	MAP4K5	11183	mitogen-activated protein kinase kinase kinase kinase 5
ENSG00000013016	EHD3	30845	EH domain containing 3
ENSG00000013275	PSMC4	5704	proteasome 26S subunit, ATPase 4
ENSG00000013288	MAN2B2	23324	mannosidase alpha class 2B member 2
ENSG00000013306	SLC25A39	51629	solute carrier family 25 member 39
ENSG00000013364	MVP	9961	major vault protein
ENSG00000013374	NUB1	51667	negative regulator of ubiquitin like proteins 1
ENSG00000013375	PGM3	5238	phosphoglucomutase 3
ENSG00000013392	RWDD2A	112611	RWD domain containing 2A
ENSG00000013441	CLK1	1195	CDC like kinase 1
ENSG00000013503	POLR3B	55703	RNA polymerase III subunit B
ENSG00000013523	ANGEL1	23357	angel homolog 1
ENSG00000013561	RNF14	9604	ring finger protein 14
ENSG00000013563	DNASE1L1	1774	deoxyribonuclease 1 like 1
ENSG00000013573	DDX11	1663	DEAD/H-box helicase 11
ENSG00000013583	HEBP1	50865	heme binding protein 1
ENSG00000013588	GPRC5A	9052	G protein-coupled receptor class C group 5 member A
ENSG00000013619	MAMLD1	10046	mastermind like domain containing 1
ENSG00000013810	TACC3	10460	transforming acidic coiled-coil containing protein 3
ENSG00000014123	UFL1	23376	UFM1 specific ligase 1
ENSG00000014138	POLA2	23649	DNA polymerase alpha 2, accessory subunit
ENSG00000014164	ZC3H3	23144	zinc finger CCCH-type containing 3
ENSG00000014216	CAPN1	823	calpain 1
ENSG00000014641	MDH1	4190	malate dehydrogenase 1
ENSG00000014824	SLC30A9	10463	solute carrier family 30 member 9
ENSG00000014914	MTMR11	10903	myotubularin related protein 11
ENSG00000014919	COX15	1355	cytochrome c oxidase assembly homolog COX15
ENSG00000015133	CCDC88C	440193	coiled-coil domain containing 88C
ENSG00000015153	YAF2	10138	YY1 associated factor 2
ENSG00000015171	ZMYND11	10771	zinc finger MYND-type containing 11
ENSG00000015413	DPEP1	1800	dipeptidase 1
ENSG00000015475	BID	637	BH3 interacting domain death agonist
ENSG00000015479	MATR3	9782	matrin 3
ENSG00000015532	XYLT2	64132	xylosyltransferase 2
ENSG00000015568	RGPD5	84220	RANBP2 like and GRIP domain containing 5
ENSG00000015676	NUDCD3	23386	NudC domain containing 3
ENSG00000016391	CHDH	55349	choline dehydrogenase
ENSG00000016864	GLT8D1	55830	glycosyltransferase 8 domain containing 1
ENSG00000017260	ATP2C1	27032	ATPase secretory pathway Ca2+ transporting 1
ENSG00000017797	RALBP1	10928	ralA binding protein 1
ENSG00000018189	RUFY3	22902	RUN and FYVE domain containing 3
ENSG00000018236	CNTN1	1272	contactin 1
ENSG00000018408	WWTR1	25937	WW domain containing transcription regulator 1
ENSG00000018510	AGPS	8540	alkylglycerone phosphate synthase
ENSG00000018610	STEEP1	63932	STING1 ER exit protein 1
ENSG00000018699	TTC27	55622	tetratricopeptide repeat domain 27
ENSG00000019144	PHLDB1	23187	pleckstrin homology like domain family B member 1
ENSG00000019186	CYP24A1	1591	cytochrome P450 family 24 subfamily A member 1
ENSG00000019485	PRDM11	56981	PR/SET domain 11
ENSG00000019505	SYT13	57586	synaptotagmin 13
ENSG00000019995	ZRANB1	54764	zinc finger RANBP2-type containing 1
ENSG00000020129	NCDN	23154	neurochondrin
ENSG00000020181	ADGRA2	25960	adhesion G protein-coupled receptor A2
ENSG00000020256	ZFP64	55734	ZFP64 zinc finger protein
ENSG00000020426	MNAT1	4331	MNAT1 component of CDK activating kinase
ENSG00000020577	SAMD4A	23034	sterile alpha motif domain containing 4A
ENSG00000020633	RUNX3	864	RUNX family transcription factor 3
ENSG00000020922	MRE11	4361	MRE11 homolog, double strand break repair nuclease
ENSG00000021300	PLEKHB1	58473	pleckstrin homology domain containing B1
ENSG00000021355	SERPINB1	1992	serpin family B member 1
ENSG00000021574	SPAST	6683	spastin
ENSG00000021645	NRXN3	9369	neurexin 3
ENSG00000021762	OSBPL5	114879	oxysterol binding protein like 5
ENSG00000021776	AQR	9716	aquarius intron-binding spliceosomal factor
ENSG00000021826	CPS1	1373	carbamoyl-phosphate synthase 1
ENSG00000022267	FHL1	2273	four and a half LIM domains 1
ENSG00000022277	RTF2	51507	replication termination factor 2
ENSG00000022556	NLRP2	55655	NLR family pyrin domain containing 2
ENSG00000022567	SLC45A4	57210	solute carrier family 45 member 4
ENSG00000022840	RNF10	9921	ring finger protein 10
ENSG00000022976	ZNF839	55778	zinc finger protein 839
ENSG00000023041	ZDHHC6	64429	zinc finger DHHC-type palmitoyltransferase 6
ENSG00000023171	GRAMD1B	57476	GRAM domain containing 1B
ENSG00000023191	RNH1	6050	ribonuclease/angiogenin inhibitor 1
ENSG00000023228	NDUFS1	4719	NADH:ubiquinone oxidoreductase core subunit S1
ENSG00000023287	RB1CC1	9821	RB1 inducible coiled-coil 1
ENSG00000023318	ERP44	23071	endoplasmic reticulum protein 44
ENSG00000023330	ALAS1	211	5'-aminolevulinate synthase 1
ENSG00000023445	BIRC3	330	baculoviral IAP repeat containing 3
ENSG00000023516	AKAP11	11215	A-kinase anchoring protein 11
ENSG00000023572	GLRX2	51022	glutaredoxin 2
ENSG00000023608	SNAPC1	6617	small nuclear RNA activating complex polypeptide 1
ENSG00000023697	DERA	51071	deoxyribose-phosphate aldolase
ENSG00000023734	STRAP	11171	serine/threonine kinase receptor associated protein
ENSG00000023839	ABCC2	1244	ATP binding cassette subfamily C member 2
ENSG00000023902	PLEKHO1	51177	pleckstrin homology domain containing O1
ENSG00000023909	GCLM	2730	glutamate-cysteine ligase modifier subunit
ENSG00000024048	UBR2	23304	ubiquitin protein ligase E3 component n-recognin 2
ENSG00000024422	EHD2	30846	EH domain containing 2
ENSG00000024526	DEPDC1	55635	DEP domain containing 1
ENSG00000024862	CCDC28A	25901	coiled-coil domain containing 28A
ENSG00000025039	RRAGD	58528	Ras related GTP binding D
ENSG00000025156	HSF2	3298	heat shock transcription factor 2
ENSG00000025293	PHF20	51230	PHD finger protein 20
ENSG00000025423	HSD17B6	8630	hydroxysteroid 17-beta dehydrogenase 6
ENSG00000025434	NR1H3	10062	nuclear receptor subfamily 1 group H member 3
ENSG00000025708	TYMP	1890	thymidine phosphorylase
ENSG00000025770	NCAPH2	29781	non-SMC condensin II complex subunit H2
ENSG00000025772	TOMM34	10953	translocase of outer mitochondrial membrane 34
ENSG00000025796	SEC63	11231	SEC63 homolog, protein translocation regulator
ENSG00000025800	KPNA6	23633	karyopherin subunit alpha 6
ENSG00000026025	VIM	7431	vimentin
ENSG00000026103	FAS	355	Fas cell surface death receptor
ENSG00000026297	RNASET2	8635	ribonuclease T2
ENSG00000026508	CD44	960	CD44 molecule (Indian blood group)
ENSG00000026559	KCNG1	3755	potassium voltage-gated channel modifier subfamily G member 1
ENSG00000026652	AGPAT4	56895	1-acylglycerol-3-phosphate O-acyltransferase 4
ENSG00000026751	SLAMF7	57823	SLAM family member 7
ENSG00000026950	BTN3A1	11119	butyrophilin subfamily 3 member A1
ENSG00000027001	MIPEP	4285	mitochondrial intermediate peptidase
ENSG00000027075	PRKCH	5583	protein kinase C eta
ENSG00000027697	IFNGR1	3459	interferon gamma receptor 1
ENSG00000027847	B4GALT7	11285	beta-1,4-galactosyltransferase 7
ENSG00000027869	SH2D2A	9047	SH2 domain containing 2A
ENSG00000028116	VRK2	7444	VRK serine/threonine kinase 2
ENSG00000028203	VEZT	55591	vezatin, adherens junctions transmembrane protein
ENSG00000028310	BRD9	65980	bromodomain containing 9
ENSG00000028528	SNX1	6642	sorting nexin 1
ENSG00000028839	TBPL1	9519	TATA-box binding protein like 1
ENSG00000029153	BMAL2	56938	basic helix-loop-helix ARNT like 2
ENSG00000029363	BCLAF1	9774	BCL2 associated transcription factor 1
ENSG00000029364	SLC39A9	55334	solute carrier family 39 member 9
ENSG00000029534	ANK1	286	ankyrin 1
ENSG00000029639	TFB1M	51106	transcription factor B1, mitochondrial
ENSG00000029725	RABEP1	9135	rabaptin, RAB GTPase binding effector protein 1
ENSG00000029993	HMGB3	3149	high mobility group box 3
ENSG00000030066	NUP160	23279	nucleoporin 160
ENSG00000030110	BAK1	578	BCL2 antagonist/killer 1
ENSG00000030582	GRN	2896	granulin precursor
ENSG00000031003	FAM13B	51306	family with sequence similarity 13 member B
ENSG00000031081	ARHGAP31	57514	Rho GTPase activating protein 31
ENSG00000031691	CENPQ	55166	centromere protein Q
ENSG00000031698	SARS1	6301	seryl-tRNA synthetase 1
ENSG00000031823	RANBP3	8498	RAN binding protein 3
ENSG00000032219	ARID4A	5926	AT-rich interaction domain 4A
ENSG00000032389	EIPR1	7260	EARP complex and GARP complex interacting protein 1
ENSG00000032444	PNPLA6	10908	patatin like phospholipase domain containing 6
ENSG00000032742	IFT88	8100	intraflagellar transport 88
ENSG00000033011	ALG1	56052	ALG1 chitobiosyldiphosphodolichol beta-mannosyltransferase
ENSG00000033030	ZCCHC8	55596	zinc finger CCHC-type containing 8
ENSG00000033050	ABCF2	10061	ATP binding cassette subfamily F member 2
ENSG00000033100	CHPF2	54480	chondroitin polymerizing factor 2
ENSG00000033170	FUT8	2530	fucosyltransferase 8
ENSG00000033178	UBA6	55236	ubiquitin like modifier activating enzyme 6
ENSG00000033327	GAB2	9846	GRB2 associated binding protein 2
ENSG00000033627	ATP6V0A1	535	ATPase H+ transporting V0 subunit a1
ENSG00000033800	PIAS1	8554	protein inhibitor of activated STAT 1
ENSG00000033867	SLC4A7	9497	solute carrier family 4 member 7
ENSG00000034053	APBA2	321	amyloid beta precursor protein binding family A member 2
ENSG00000034152	MAP2K3	5606	mitogen-activated protein kinase kinase 3
ENSG00000034510	TMSB10	9168	thymosin beta 10
ENSG00000034533	ASTE1	28990	asteroid homolog 1
ENSG00000034677	RNF19A	25897	ring finger protein 19A, RBR E3 ubiquitin protein ligase
ENSG00000034693	PEX3	8504	peroxisomal biogenesis factor 3
ENSG00000034713	GABARAPL2	11345	GABA type A receptor associated protein like 2
ENSG00000035115	SH3YL1	26751	SH3 and SYLF domain containing 1
ENSG00000035141	FAM136A	84908	family with sequence similarity 136 member A
ENSG00000035403	VCL	7414	vinculin
ENSG00000035499	DEPDC1B	55789	DEP domain containing 1B
ENSG00000035664	DAPK2	23604	death associated protein kinase 2
ENSG00000035681	NSMAF	8439	neutral sphingomyelinase activation associated factor
ENSG00000035687	ADSS2	159	adenylosuccinate synthase 2
ENSG00000035862	TIMP2	7077	TIMP metallopeptidase inhibitor 2
ENSG00000035928	RFC1	5981	replication factor C subunit 1
ENSG00000036054	TBC1D23	55773	TBC1 domain family member 23
ENSG00000036257	CUL3	8452	cullin 3
ENSG00000036549	ZZZ3	26009	zinc finger ZZ-type containing 3
ENSG00000037042	TUBG2	27175	tubulin gamma 2
ENSG00000037241	RPL26L1	51121	ribosomal protein L26 like 1
ENSG00000037280	FLT4	2324	fms related receptor tyrosine kinase 4
ENSG00000037474	NSUN2	54888	NOP2/Sun RNA methyltransferase 2
ENSG00000037637	FBXO42	54455	F-box protein 42
ENSG00000037749	MFAP3	4238	microfibril associated protein 3
ENSG00000037757	MRI1	84245	methylthioribose-1-phosphate isomerase 1
ENSG00000037897	METTL1	4234	methyltransferase 1, tRNA methylguanosine
ENSG00000037965	HOXC8	3224	homeobox C8
ENSG00000038002	AGA	175	aspartylglucosaminidase
ENSG00000038210	PI4K2B	55300	phosphatidylinositol 4-kinase type 2 beta
ENSG00000038219	BOD1L1	259282	biorientation of chromosomes in cell division 1 like 1
ENSG00000038274	MAT2B	27430	methionine adenosyltransferase 2 non-catalytic beta subunit
ENSG00000038358	EDC4	23644	enhancer of mRNA decapping 4
ENSG00000038382	TRIO	7204	trio Rho guanine nucleotide exchange factor
ENSG00000038427	VCAN	1462	versican
ENSG00000038532	CLEC16A	23274	C-type lectin domain containing 16A
ENSG00000039068	CDH1	999	cadherin 1
ENSG00000039123	MTREX	23517	Mtr4 exosome RNA helicase
ENSG00000039319	ZFYVE16	9765	zinc finger FYVE-type containing 16
ENSG00000039523	RIPOR1	79567	RHO family interacting cell polarization regulator 1
ENSG00000039560	RAI14	26064	retinoic acid induced 14
ENSG00000039650	PNKP	11284	polynucleotide kinase 3'-phosphatase
ENSG00000040199	PHLPP2	23035	PH domain and leucine rich repeat protein phosphatase 2
ENSG00000040275	SPDL1	54908	spindle apparatus coiled-coil protein 1
ENSG00000040341	STAU2	27067	staufen double-stranded RNA binding protein 2
ENSG00000040487	SLC66A1	54896	solute carrier family 66 member 1
ENSG00000040531	CTNS	1497	cystinosin, lysosomal cystine transporter
ENSG00000040608	RTN4R	65078	reticulon 4 receptor
ENSG00000040633	PHF23	79142	PHD finger protein 23
ENSG00000040933	INPP4A	3631	inositol polyphosphate-4-phosphatase type I A
ENSG00000041353	RAB27B	5874	RAB27B, member RAS oncogene family
ENSG00000041357	PSMA4	5685	proteasome 20S subunit alpha 4
ENSG00000041802	LSG1	55341	large 60S subunit nuclear export GTPase 1
ENSG00000041880	PARP3	10039	poly(ADP-ribose) polymerase family member 3
ENSG00000041988	THAP3	90326	THAP domain containing 3
ENSG00000042088	TDP1	55775	tyrosyl-DNA phosphodiesterase 1
ENSG00000042286	AIFM2	84883	apoptosis inducing factor mitochondria associated 2
ENSG00000042317	SPATA7	55812	spermatogenesis associated 7
ENSG00000042429	MED17	9440	mediator complex subunit 17
ENSG00000042445	RETSAT	54884	retinol saturase
ENSG00000042493	CAPG	822	capping actin protein, gelsolin like
ENSG00000042753	AP2S1	1175	adaptor related protein complex 2 subunit sigma 1
ENSG00000043093	DCUN1D1	54165	defective in cullin neddylation 1 domain containing 1
ENSG00000043143	JADE2	23338	jade family PHD finger 2
ENSG00000043355	ZIC2	7546	Zic family member 2
ENSG00000043514	TRIT1	54802	tRNA isopentenyltransferase 1
ENSG00000044090	CUL7	9820	cullin 7
ENSG00000044115	CTNNA1	1495	catenin alpha 1
ENSG00000044446	PHKA2	5256	phosphorylase kinase regulatory subunit alpha 2
ENSG00000044459	CNTLN	54875	centlein
ENSG00000044574	HSPA5	3309	heat shock protein family A (Hsp70) member 5
ENSG00000046604	DSG2	1829	desmoglein 2
ENSG00000046647	GEMIN8	54960	gem nuclear organelle associated protein 8
ENSG00000046651	OFD1	8481	OFD1 centriole and centriolar satellite protein
ENSG00000047056	WDR37	22884	WD repeat domain 37
ENSG00000047188	YTHDC2	64848	YTH N6-methyladenosine RNA binding protein C2
ENSG00000047230	CTPS2	56474	CTP synthase 2
ENSG00000047249	ATP6V1H	51606	ATPase H+ transporting V1 subunit H
ENSG00000047315	POLR2B	5431	RNA polymerase II subunit B
ENSG00000047346	ATOSA	56204	atos homolog A
ENSG00000047410	TPR	7175	translocated promoter region, nuclear basket protein
ENSG00000047457	CP	1356	ceruloplasmin
ENSG00000047578	KATNIP	23247	katanin interacting protein
ENSG00000047579	DTNBP1	84062	dystrobrevin binding protein 1
ENSG00000047621	C12orf4	57102	chromosome 12 open reading frame 4
ENSG00000047634	SCML1	6322	Scm polycomb group protein like 1
ENSG00000047644	WWC3	55841	WWC family member 3
ENSG00000047849	MAP4	4134	microtubule associated protein 4
ENSG00000047932	GOPC	57120	golgi associated PDZ and coiled-coil motif containing
ENSG00000048028	USP28	57646	ubiquitin specific peptidase 28
ENSG00000048140	TSPAN17	26262	tetraspanin 17
ENSG00000048162	NOP16	51491	NOP16 nucleolar protein
ENSG00000048342	CC2D2A	57545	coiled-coil and C2 domain containing 2A
ENSG00000048392	RRM2B	50484	ribonucleotide reductase regulatory TP53 inducible subunit M2B
ENSG00000048405	ZNF800	168850	zinc finger protein 800
ENSG00000048471	SNX29	92017	sorting nexin 29
ENSG00000048544	MRPS10	55173	mitochondrial ribosomal protein S10
ENSG00000048649	RSF1	51773	remodeling and spacing factor 1
ENSG00000048707	VPS13D	55187	vacuolar protein sorting 13 homolog D
ENSG00000048828	FAM120A	23196	family with sequence similarity 120 member A
ENSG00000048991	R3HDM1	23518	R3H domain containing 1
ENSG00000049130	KITLG	4254	KIT ligand
ENSG00000049167	ERCC8	1161	ERCC excision repair 8, CSA ubiquitin ligase complex subunit
ENSG00000049239	H6PD	9563	hexose-6-phosphate dehydrogenase/glucose 1-dehydrogenase
ENSG00000049245	VAMP3	9341	vesicle associated membrane protein 3
ENSG00000049246	PER3	8863	period circadian regulator 3
ENSG00000049249	TNFRSF9	3604	TNF receptor superfamily member 9
ENSG00000049323	LTBP1	4052	latent transforming growth factor beta binding protein 1
ENSG00000049449	RCN1	5954	reticulocalbin 1
ENSG00000049541	RFC2	5982	replication factor C subunit 2
ENSG00000049618	ARID1B	57492	AT-rich interaction domain 1B
ENSG00000049656	CLPTM1L	81037	CLPTM1 like
ENSG00000049759	NEDD4L	23327	NEDD4 like E3 ubiquitin protein ligase
ENSG00000049769	PPP1R3F	89801	protein phosphatase 1 regulatory subunit 3F
ENSG00000049860	HEXB	3074	hexosaminidase subunit beta
ENSG00000049883	PTCD2	79810	pentatricopeptide repeat domain 2
ENSG00000050130	JKAMP	51528	JNK1/MAPK8 associated membrane protein
ENSG00000050165	DKK3	27122	dickkopf WNT signaling pathway inhibitor 3
ENSG00000050344	NFE2L3	9603	NFE2 like bZIP transcription factor 3
ENSG00000050393	MCUR1	63933	mitochondrial calcium uniporter regulator 1
ENSG00000050405	LIMA1	51474	LIM domain and actin binding 1
ENSG00000050426	LETMD1	25875	LETM1 domain containing 1
ENSG00000050555	LAMC3	10319	laminin subunit gamma 3
ENSG00000050748	MAPK9	5601	mitogen-activated protein kinase 9
ENSG00000050820	BCAR1	9564	BCAR1 scaffold protein, Cas family member
ENSG00000051009	FHIP1B	84067	FHF complex subunit HOOK interacting protein 1B
ENSG00000051108	HERPUD1	9709	homocysteine inducible ER protein with ubiquitin like domain 1
ENSG00000051128	HOMER3	9454	homer scaffold protein 3
ENSG00000051180	RAD51	5888	RAD51 recombinase
ENSG00000051341	POLQ	10721	DNA polymerase theta
ENSG00000051382	PIK3CB	5291	phosphatidylinositol-4,5-bisphosphate 3-kinase catalytic subunit beta
ENSG00000051523	CYBA	1535	cytochrome b-245 alpha chain
ENSG00000051596	THOC3	84321	THO complex subunit 3
ENSG00000051620	HEBP2	23593	heme binding protein 2
ENSG00000051825	MPHOSPH9	10198	M-phase phosphoprotein 9
ENSG00000052126	PLEKHA5	54477	pleckstrin homology domain containing A5
ENSG00000052723	SIKE1	80143	suppressor of IKBKE 1
ENSG00000052749	RRP12	23223	ribosomal RNA processing 12 homolog
ENSG00000052795	FNIP2	57600	folliculin interacting protein 2
ENSG00000052802	MSMO1	6307	methylsterol monooxygenase 1
ENSG00000052841	TTC17	55761	tetratricopeptide repeat domain 17
ENSG00000052850	ALX4	60529	ALX homeobox 4
ENSG00000053254	FOXN3	1112	forkhead box N3
ENSG00000053371	AKR7A2	8574	aldo-keto reductase family 7 member A2
ENSG00000053372	MRTO4	51154	MRT4 homolog, ribosome maturation factor
ENSG00000053501	USE1	55850	unconventional SNARE in the ER 1
ENSG00000053747	LAMA3	3909	laminin subunit alpha 3
ENSG00000053770	AP5M1	55745	adaptor related protein complex 5 subunit mu 1
ENSG00000053900	ANAPC4	29945	anaphase promoting complex subunit 4
ENSG00000054116	TRAPPC3	27095	trafficking protein particle complex subunit 3
ENSG00000054118	THRAP3	9967	thyroid hormone receptor associated protein 3
ENSG00000054148	PHPT1	29085	phosphohistidine phosphatase 1
ENSG00000054179	ENTPD2	954	ectonucleoside triphosphate diphosphohydrolase 2
ENSG00000054267	ARID4B	51742	AT-rich interaction domain 4B
ENSG00000054277	OPN3	23596	opsin 3
ENSG00000054282	SDCCAG8	10806	SHH signaling and ciliogenesis regulator SDCCAG8
ENSG00000054392	HHAT	55733	hedgehog acyltransferase
ENSG00000054523	KIF1B	23095	kinesin family member 1B
ENSG00000054598	FOXC1	2296	forkhead box C1
ENSG00000054611	TBC1D22A	25771	TBC1 domain family member 22A
ENSG00000054654	SYNE2	23224	spectrin repeat containing nuclear envelope protein 2
ENSG00000054690	PLEKHH1	57475	pleckstrin homology, MyTH4 and FERM domain containing H1
ENSG00000054793	ATP9A	10079	ATPase phospholipid transporting 9A (putative)
ENSG00000054965	FAM168A	23201	family with sequence similarity 168 member A
ENSG00000054967	RELT	84957	RELT TNF receptor
ENSG00000054983	GALC	2581	galactosylceramidase
ENSG00000055044	NOP58	51602	NOP58 ribonucleoprotein
ENSG00000055070	SZRD1	26099	SUZ RNA binding domain containing 1
ENSG00000055130	CUL1	8454	cullin 1
ENSG00000055147	FAM114A2	10827	family with sequence similarity 114 member A2
ENSG00000055163	CYFIP2	26999	cytoplasmic FMR1 interacting protein 2
ENSG00000055208	TAB2	23118	TGF-beta activated kinase 1 (MAP3K7) binding protein 2
ENSG00000055211	GINM1	116254	glycosylated integral membrane protein 1
ENSG00000055332	EIF2AK2	5610	eukaryotic translation initiation factor 2 alpha kinase 2
ENSG00000055483	USP36	57602	ubiquitin specific peptidase 36
ENSG00000055609	KMT2C	58508	lysine methyltransferase 2C
ENSG00000055732	MCOLN3	55283	mucolipin TRP cation channel 3
ENSG00000055917	PUM2	23369	pumilio RNA binding family member 2
ENSG00000055950	MRPL43	84545	mitochondrial ribosomal protein L43
ENSG00000056050	HPF1	54969	histone PARylation factor 1
ENSG00000056097	ZFR	51663	zinc finger RNA binding protein
ENSG00000056277	ZNF280C	55609	zinc finger protein 280C
ENSG00000056487	PHF21B	112885	PHD finger protein 21B
ENSG00000056558	TRAF1	7185	TNF receptor associated factor 1
ENSG00000056586	RC3H2	54542	ring finger and CCCH-type domains 2
ENSG00000056972	TRAF3IP2	10758	TRAF3 interacting protein 2
ENSG00000056998	GYG2	8908	glycogenin 2
ENSG00000057019	DCBLD2	131566	discoidin, CUB and LCCL domain containing 2
ENSG00000057252	SOAT1	6646	sterol O-acyltransferase 1
ENSG00000057294	PKP2	5318	plakophilin 2
ENSG00000057593	F7	2155	coagulation factor VII
ENSG00000057608	GDI2	2665	GDP dissociation inhibitor 2
ENSG00000057657	PRDM1	639	PR/SET domain 1
ENSG00000057663	ATG5	9474	autophagy related 5
ENSG00000057757	PITHD1	57095	PITH domain containing 1
ENSG00000057935	MTA3	57504	metastasis associated 1 family member 3
ENSG00000058056	USP13	8975	ubiquitin specific peptidase 13
ENSG00000058063	ATP11B	23200	ATPase phospholipid transporting 11B (putative)
ENSG00000058085	LAMC2	3918	laminin subunit gamma 2
ENSG00000058262	SEC61A1	29927	SEC61 translocon subunit alpha 1
ENSG00000058272	PPP1R12A	4659	protein phosphatase 1 regulatory subunit 12A
ENSG00000058453	CROCC	9696	ciliary rootlet coiled-coil, rootletin
ENSG00000058600	POLR3E	55718	RNA polymerase III subunit E
ENSG00000058668	ATP2B4	493	ATPase plasma membrane Ca2+ transporting 4
ENSG00000058673	ZC3H11A	9877	zinc finger CCCH-type containing 11A
ENSG00000058729	RIOK2	55781	RIO kinase 2
ENSG00000058799	YIPF1	54432	Yip1 domain family member 1
ENSG00000058804	NDC1	55706	NDC1 transmembrane nucleoporin
ENSG00000058866	DGKG	1608	diacylglycerol kinase gamma
ENSG00000059122	FLYWCH1	84256	FLYWCH-type zinc finger 1
ENSG00000059145	UNKL	64718	unk like zinc finger
ENSG00000059377	TBXAS1	6916	thromboxane A synthase 1
ENSG00000059378	PARP12	64761	poly(ADP-ribose) polymerase family member 12
ENSG00000059573	ALDH18A1	5832	aldehyde dehydrogenase 18 family member A1
ENSG00000059588	TARBP1	6894	TAR (HIV-1) RNA binding protein 1
ENSG00000059691	GATB	5188	glutamyl-tRNA amidotransferase subunit B
ENSG00000059728	MXD1	4084	MAX dimerization protein 1
ENSG00000059758	CDK17	5128	cyclin dependent kinase 17
ENSG00000059769	DNAJC25	548645	DnaJ heat shock protein family (Hsp40) member C25
ENSG00000059804	SLC2A3	6515	solute carrier family 2 member 3
ENSG00000060069	CTDP1	9150	CTD phosphatase subunit 1
ENSG00000060138	YBX3	8531	Y-box binding protein 3
ENSG00000060237	WNK1	65125	WNK lysine deficient protein kinase 1
ENSG00000060339	CCAR1	55749	cell division cycle and apoptosis regulator 1
ENSG00000060491	OGFR	11054	opioid growth factor receptor
ENSG00000060566	CREB3L3	84699	cAMP responsive element binding protein 3 like 3
ENSG00000060642	PIGV	55650	phosphatidylinositol glycan anchor biosynthesis class V
ENSG00000060656	PTPRU	10076	protein tyrosine phosphatase receptor type U
ENSG00000060688	SNRNP40	9410	small nuclear ribonucleoprotein U5 subunit 40
ENSG00000060718	COL11A1	1301	collagen type XI alpha 1 chain
ENSG00000060749	QSER1	79832	glutamine and serine rich 1
ENSG00000060762	MPC1	51660	mitochondrial pyruvate carrier 1
ENSG00000060971	ACAA1	30	acetyl-CoA acyltransferase 1
ENSG00000060982	BCAT1	586	branched chain amino acid transaminase 1
ENSG00000061273	HDAC7	51564	histone deacetylase 7
ENSG00000061656	SPAG4	6676	sperm associated antigen 4
ENSG00000061676	NCKAP1	10787	NCK associated protein 1
ENSG00000061794	MRPS35	60488	mitochondrial ribosomal protein S35
ENSG00000061936	SFSWAP	6433	splicing factor SWAP
ENSG00000061938	TNK2	10188	tyrosine kinase non receptor 2
ENSG00000061987	MON2	23041	MON2 homolog, regulator of endosome-to-Golgi trafficking
ENSG00000062194	GPBP1	65056	GC-rich promoter binding protein 1
ENSG00000062282	DGAT2	84649	diacylglycerol O-acyltransferase 2
ENSG00000062370	ZNF112	7771	zinc finger protein 112
ENSG00000062485	CS	1431	citrate synthase
ENSG00000062582	MRPS24	64951	mitochondrial ribosomal protein S24
ENSG00000062598	ELMO2	63916	engulfment and cell motility 2
ENSG00000062650	WAPL	23063	WAPL cohesin release factor
ENSG00000062716	VMP1	81671	vacuole membrane protein 1
ENSG00000062725	APPBP2	10513	amyloid beta precursor protein binding protein 2
ENSG00000062822	POLD1	5424	DNA polymerase delta 1, catalytic subunit
ENSG00000063046	EIF4B	1975	eukaryotic translation initiation factor 4B
ENSG00000063127	SLC6A16	28968	solute carrier family 6 member 16
ENSG00000063169	BICRA	29998	BRD4 interacting chromatin remodeling complex associated protein
ENSG00000063176	SPHK2	56848	sphingosine kinase 2
ENSG00000063177	RPL18	6141	ribosomal protein L18
ENSG00000063180	CA11	770	carbonic anhydrase 11
ENSG00000063241	ISOC2	79763	isochorismatase domain containing 2
ENSG00000063244	U2AF2	11338	U2 small nuclear RNA auxiliary factor 2
ENSG00000063245	EPN1	29924	epsin 1
ENSG00000063322	MED29	55588	mediator complex subunit 29
ENSG00000063438	AHRR	57491	aryl hydrocarbon receptor repressor
ENSG00000063587	ZNF275	10838	zinc finger protein 275
ENSG00000063601	MTMR1	8776	myotubularin related protein 1
ENSG00000063660	GPC1	2817	glypican 1
ENSG00000063761	ADCK1	57143	aarF domain containing kinase 1
ENSG00000063854	HAGH	3029	hydroxyacylglutathione hydrolase
ENSG00000063978	RNF4	6047	ring finger protein 4
ENSG00000064012	CASP8	841	caspase 8
ENSG00000064042	LIMCH1	22998	LIM and calponin homology domains 1
ENSG00000064102	INTS13	55726	integrator complex subunit 13
ENSG00000064115	TM7SF3	51768	transmembrane 7 superfamily member 3
ENSG00000064199	SPA17	53340	sperm autoantigenic protein 17
ENSG00000064205	CCN5	8839	cellular communication network factor 5
ENSG00000064309	CDON	50937	cell adhesion associated, oncogene regulated
ENSG00000064313	TAF2	6873	TATA-box binding protein associated factor 2
ENSG00000064393	HIPK2	28996	homeodomain interacting protein kinase 2
ENSG00000064419	TNPO3	23534	transportin 3
ENSG00000064490	RFXANK	8625	regulatory factor X associated ankyrin containing protein
ENSG00000064545	TMEM161A	54929	transmembrane protein 161A
ENSG00000064547	LPAR2	9170	lysophosphatidic acid receptor 2
ENSG00000064601	CTSA	5476	cathepsin A
ENSG00000064607	SUGP2	10147	SURP and G-patch domain containing 2
ENSG00000064651	SLC12A2	6558	solute carrier family 12 member 2
ENSG00000064652	SNX24	28966	sorting nexin 24
ENSG00000064655	EYA2	2139	EYA transcriptional coactivator and phosphatase 2
ENSG00000064666	CNN2	1265	calponin 2
ENSG00000064687	ABCA7	10347	ATP binding cassette subfamily A member 7
ENSG00000064703	DDX20	11218	DEAD-box helicase 20
ENSG00000064726	BTBD1	53339	BTB domain containing 1
ENSG00000064787	BCAS1	8537	brain enriched myelin associated protein 1
ENSG00000064932	SBNO2	22904	strawberry notch homolog 2
ENSG00000064933	PMS1	5378	PMS1 homolog 1, mismatch repair system component
ENSG00000064961	HMG20B	10362	high mobility group 20B
ENSG00000064995	TAF11	6882	TATA-box binding protein associated factor 11
ENSG00000064999	ANKS1A	23294	ankyrin repeat and sterile alpha motif domain containing 1A
ENSG00000065000	AP3D1	8943	adaptor related protein complex 3 subunit delta 1
ENSG00000065029	ZNF76	7629	zinc finger protein 76
ENSG00000065054	NHERF2	9351	NHERF family PDZ scaffold protein 2
ENSG00000065057	NTHL1	4913	nth like DNA glycosylase 1
ENSG00000065060	BLTP3A	54887	bridge-like lipid transfer protein family member 3A
ENSG00000065135	GNAI3	2773	G protein subunit alpha i3
ENSG00000065150	IPO5	3843	importin 5
ENSG00000065154	OAT	4942	ornithine aminotransferase
ENSG00000065183	WDR3	10885	WD repeat domain 3
ENSG00000065243	PKN2	5586	protein kinase N2
ENSG00000065268	WDR18	57418	WD repeat domain 18
ENSG00000065308	TRAM2	9697	translocation associated membrane protein 2
ENSG00000065320	NTN1	9423	netrin 1
ENSG00000065325	GLP2R	9340	glucagon like peptide 2 receptor
ENSG00000065328	MCM10	55388	minichromosome maintenance 10 replication initiation factor
ENSG00000065357	DGKA	1606	diacylglycerol kinase alpha
ENSG00000065361	ERBB3	2065	erb-b2 receptor tyrosine kinase 3
ENSG00000065413	ANKRD44	91526	ankyrin repeat domain 44
ENSG00000065427	KARS1	3735	lysyl-tRNA synthetase 1
ENSG00000065457	ADAT1	23536	adenosine deaminase tRNA specific 1
ENSG00000065485	PDIA5	10954	protein disulfide isomerase family A member 5
ENSG00000065491	TBC1D22B	55633	TBC1 domain family member 22B
ENSG00000065518	NDUFB4	4710	NADH:ubiquinone oxidoreductase subunit B4
ENSG00000065526	SPEN	23013	spen family transcriptional repressor
ENSG00000065534	MYLK	4638	myosin light chain kinase
ENSG00000065548	ZC3H15	55854	zinc finger CCCH-type containing 15
ENSG00000065559	MAP2K4	6416	mitogen-activated protein kinase kinase 4
ENSG00000065600	PACC1	55248	proton activated chloride channel 1
ENSG00000065613	SLK	9748	STE20 like kinase
ENSG00000065615	CYB5R4	51167	cytochrome b5 reductase 4
ENSG00000065621	GSTO2	119391	glutathione S-transferase omega 2
ENSG00000065665	SEC61A2	55176	SEC61 translocon subunit alpha 2
ENSG00000065675	PRKCQ	5588	protein kinase C theta
ENSG00000065717	TLE2	7089	TLE family member 2, transcriptional corepressor
ENSG00000065802	ASB1	51665	ankyrin repeat and SOCS box containing 1
ENSG00000065809	FAM107B	83641	family with sequence similarity 107 member B
ENSG00000065833	ME1	4199	malic enzyme 1
ENSG00000065882	TBC1D1	23216	TBC1 domain family member 1
ENSG00000065883	CDK13	8621	cyclin dependent kinase 13
ENSG00000065911	MTHFD2	10797	methylenetetrahydrofolate dehydrogenase (NADP+ dependent) 2, methenyltetrahydrofolate cyclohydrolase
ENSG00000065923	SLC9A7	84679	solute carrier family 9 member A7
ENSG00000065970	FOXJ2	55810	forkhead box J2
ENSG00000065978	YBX1	4904	Y-box binding protein 1
ENSG00000065989	PDE4A	5141	phosphodiesterase 4A
ENSG00000066027	PPP2R5A	5525	protein phosphatase 2 regulatory subunit B'alpha
ENSG00000066044	ELAVL1	1994	ELAV like RNA binding protein 1
ENSG00000066084	DIP2B	57609	disco interacting protein 2 homolog B
ENSG00000066117	SMARCD1	6602	SWI/SNF related, matrix associated, actin dependent regulator of chromatin, subfamily d, member 1
ENSG00000066135	KDM4A	9682	lysine demethylase 4A
ENSG00000066136	NFYC	4802	nuclear transcription factor Y subunit gamma
ENSG00000066230	SLC9A3	6550	solute carrier family 9 member A3
ENSG00000066248	NGEF	25791	neuronal guanine nucleotide exchange factor
ENSG00000066279	ASPM	259266	assembly factor for spindle microtubules
ENSG00000066322	ELOVL1	64834	ELOVL fatty acid elongase 1
ENSG00000066379	POLR1H	30834	RNA polymerase I subunit H
ENSG00000066422	ZBTB11	27107	zinc finger and BTB domain containing 11
ENSG00000066427	ATXN3	4287	ataxin 3
ENSG00000066455	GOLGA5	9950	golgin A5
ENSG00000066557	LRRC40	55631	leucine rich repeat containing 40
ENSG00000066583	ISOC1	51015	isochorismatase domain containing 1
ENSG00000066629	EML1	2009	EMAP like 1
ENSG00000066651	TRMT11	60487	tRNA methyltransferase 11 homolog
ENSG00000066654	THUMPD1	55623	THUMP domain containing 1
ENSG00000066697	MSANTD3	91283	Myb/SANT DNA binding domain containing 3
ENSG00000066739	ATG2B	55102	autophagy related 2B
ENSG00000066777	ARFGEF1	10565	ADP ribosylation factor guanine nucleotide exchange factor 1
ENSG00000066827	ZFAT	57623	zinc finger and AT-hook domain containing
ENSG00000066855	MTFR1	9650	mitochondrial fission regulator 1
ENSG00000066926	FECH	2235	ferrochelatase
ENSG00000066933	MYO9A	4649	myosin IXA
ENSG00000067048	DDX3Y	8653	DEAD-box helicase 3 Y-linked
ENSG00000067057	PFKP	5214	phosphofructokinase, platelet
ENSG00000067064	IDI1	3422	isopentenyl-diphosphate delta isomerase 1
ENSG00000067066	SP100	6672	SP100 nuclear antigen
ENSG00000067082	KLF6	1316	KLF transcription factor 6
ENSG00000067113	PLPP1	8611	phospholipid phosphatase 1
ENSG00000067141	NEO1	4756	neogenin 1
ENSG00000067167	TRAM1	23471	translocation associated membrane protein 1
ENSG00000067177	PHKA1	5255	phosphorylase kinase regulatory subunit alpha 1
ENSG00000067182	TNFRSF1A	7132	TNF receptor superfamily member 1A
ENSG00000067191	CACNB1	782	calcium voltage-gated channel auxiliary subunit beta 1
ENSG00000067208	EVI5	7813	ecotropic viral integration site 5
ENSG00000067221	STOML1	9399	stomatin like 1
ENSG00000067225	PKM	5315	pyruvate kinase M1/2
ENSG00000067248	DHX29	54505	DExH-box helicase 29
ENSG00000067334	DNTTIP2	30836	deoxynucleotidyltransferase terminal interacting protein 2
ENSG00000067365	METTL22	79091	methyltransferase 22, Kin17 lysine
ENSG00000067369	TP53BP1	7158	tumor protein p53 binding protein 1
ENSG00000067445	TRO	7216	trophinin
ENSG00000067533	RRP15	51018	ribosomal RNA processing 15 homolog
ENSG00000067560	RHOA	387	ras homolog family member A
ENSG00000067596	DHX8	1659	DEAH-box helicase 8
ENSG00000067606	PRKCZ	5590	protein kinase C zeta
ENSG00000067704	IARS2	55699	isoleucyl-tRNA synthetase 2, mitochondrial
ENSG00000067715	SYT1	6857	synaptotagmin 1
ENSG00000067798	NAV3	89795	neuron navigator 3
ENSG00000067829	IDH3G	3421	isocitrate dehydrogenase (NAD(+)) 3 non-catalytic subunit gamma
ENSG00000067836	ROGDI	79641	rogdi atypical leucine zipper
ENSG00000067840	PDZD4	57595	PDZ domain containing 4
ENSG00000067900	ROCK1	6093	Rho associated coiled-coil containing protein kinase 1
ENSG00000067955	CBFB	865	core-binding factor subunit beta
ENSG00000067992	PDK3	5165	pyruvate dehydrogenase kinase 3
ENSG00000068001	HYAL2	8692	hyaluronidase 2
ENSG00000068024	HDAC4	9759	histone deacetylase 4
ENSG00000068028	RASSF1	11186	Ras association domain family member 1
ENSG00000068078	FGFR3	2261	fibroblast growth factor receptor 3
ENSG00000068079	IFI35	3430	interferon induced protein 35
ENSG00000068097	HEATR6	63897	HEAT repeat containing 6
ENSG00000068120	COASY	80347	Coenzyme A synthase
ENSG00000068137	PLEKHH3	79990	pleckstrin homology, MyTH4 and FERM domain containing H3
ENSG00000068305	MEF2A	4205	myocyte enhancer factor 2A
ENSG00000068308	OTUD5	55593	OTU deubiquitinase 5
ENSG00000068323	TFE3	7030	transcription factor binding to IGHM enhancer 3
ENSG00000068354	TBC1D25	4943	TBC1 domain family member 25
ENSG00000068366	ACSL4	2182	acyl-CoA synthetase long chain family member 4
ENSG00000068383	INPP5A	3632	inositol polyphosphate-5-phosphatase A
ENSG00000068394	GPKOW	27238	G-patch domain and KOW motifs
ENSG00000068400	GRIPAP1	56850	GRIP1 associated protein 1
ENSG00000068438	FTSJ1	24140	FtsJ RNA 2'-O-methyltransferase 1
ENSG00000068489	PRR11	55771	proline rich 11
ENSG00000068650	ATP11A	23250	ATPase phospholipid transporting 11A
ENSG00000068654	POLR1A	25885	RNA polymerase I subunit A
ENSG00000068697	LAPTM4A	9741	lysosomal protein transmembrane 4 alpha
ENSG00000068724	TTC7A	57217	tetratricopeptide repeat domain 7A
ENSG00000068745	IP6K2	51447	inositol hexakisphosphate kinase 2
ENSG00000068784	SRBD1	55133	S1 RNA binding domain 1
ENSG00000068796	KIF2A	3796	kinesin family member 2A
ENSG00000068831	RASGRP2	10235	RAS guanyl releasing protein 2
ENSG00000068878	PSME4	23198	proteasome activator subunit 4
ENSG00000068885	IFT80	57560	intraflagellar transport 80
ENSG00000068903	SIRT2	22933	sirtuin 2
ENSG00000068912	ERLEC1	27248	endoplasmic reticulum lectin 1
ENSG00000068971	PPP2R5B	5526	protein phosphatase 2 regulatory subunit B'beta
ENSG00000069011	PITX1	5307	paired like homeodomain 1
ENSG00000069020	MAST4	375449	microtubule associated serine/threonine kinase family member 4
ENSG00000069188	SDK2	54549	sidekick cell adhesion molecule 2
ENSG00000069248	NUP133	55746	nucleoporin 133
ENSG00000069275	NUCKS1	64710	nuclear casein kinase and cyclin dependent kinase substrate 1
ENSG00000069329	VPS35	55737	VPS35 retromer complex component
ENSG00000069345	DNAJA2	10294	DnaJ heat shock protein family (Hsp40) member A2
ENSG00000069399	BCL3	602	BCL3 transcription coactivator
ENSG00000069424	KCNAB2	8514	potassium voltage-gated channel subfamily A regulatory beta subunit 2
ENSG00000069493	CLEC2D	29121	C-type lectin domain family 2 member D
ENSG00000069509	FUNDC1	139341	FUN14 domain containing 1
ENSG00000069702	TGFBR3	7049	transforming growth factor beta receptor 3
ENSG00000069812	HES2	54626	hes family bHLH transcription factor 2
ENSG00000069849	ATP1B3	483	ATPase Na+/K+ transporting subunit beta 3
ENSG00000069869	NEDD4	4734	NEDD4 E3 ubiquitin protein ligase
ENSG00000069943	PIGB	9488	phosphatidylinositol glycan anchor biosynthesis class B
ENSG00000069956	MAPK6	5597	mitogen-activated protein kinase 6
ENSG00000069966	GNB5	10681	G protein subunit beta 5
ENSG00000069974	RAB27A	5873	RAB27A, member RAS oncogene family
ENSG00000069998	HDHD5	27440	haloacid dehalogenase like hydrolase domain containing 5
ENSG00000070010	UFD1	7353	ubiquitin recognition factor in ER associated degradation 1
ENSG00000070018	LRP6	4040	LDL receptor related protein 6
ENSG00000070047	PHRF1	57661	PHD and ring finger domains 1
ENSG00000070061	ELP1	8518	elongator acetyltransferase complex subunit 1
ENSG00000070081	NUCB2	4925	nucleobindin 2
ENSG00000070087	PFN2	5217	profilin 2
ENSG00000070159	PTPN3	5774	protein tyrosine phosphatase non-receptor type 3
ENSG00000070182	SPTB	6710	spectrin beta, erythrocytic
ENSG00000070214	SLC44A1	23446	solute carrier family 44 member 1
ENSG00000070269	TMEM260	54916	transmembrane protein 260
ENSG00000070366	SMG6	23293	SMG6 nonsense mediated mRNA decay factor
ENSG00000070367	EXOC5	10640	exocyst complex component 5
ENSG00000070371	CLTCL1	8218	clathrin heavy chain like 1
ENSG00000070404	FSTL3	10272	follistatin like 3
ENSG00000070413	DGCR2	9993	DiGeorge syndrome critical region gene 2
ENSG00000070423	RNF126	55658	ring finger protein 126
ENSG00000070444	MNT	4335	MAX network transcriptional repressor
ENSG00000070476	ZXDC	79364	ZXD family zinc finger C
ENSG00000070495	JMJD6	23210	jumonji domain containing 6, arginine demethylase and lysine hydroxylase
ENSG00000070501	POLB	5423	DNA polymerase beta
ENSG00000070540	WIPI1	55062	WD repeat domain, phosphoinositide interacting 1
ENSG00000070610	GBA2	57704	glucosylceramidase beta 2
ENSG00000070614	NDST1	3340	N-deacetylase and N-sulfotransferase 1
ENSG00000070669	ASNS	440	asparagine synthetase (glutamine-hydrolyzing)
ENSG00000070718	AP3M2	10947	adaptor related protein complex 3 subunit mu 2
ENSG00000070756	PABPC1	26986	poly(A) binding protein cytoplasmic 1
ENSG00000070761	CFAP20	29105	cilia and flagella associated protein 20
ENSG00000070770	CSNK2A2	1459	casein kinase 2 alpha 2
ENSG00000070778	PTPN21	11099	protein tyrosine phosphatase non-receptor type 21
ENSG00000070785	EIF2B3	8891	eukaryotic translation initiation factor 2B subunit gamma
ENSG00000070814	TCOF1	6949	treacle ribosome biogenesis factor 1
ENSG00000070831	CDC42	998	cell division cycle 42
ENSG00000070882	OSBPL3	26031	oxysterol binding protein like 3
ENSG00000070950	RAD18	56852	RAD18 E3 ubiquitin protein ligase
ENSG00000070961	ATP2B1	490	ATPase plasma membrane Ca2+ transporting 1
ENSG00000071051	NCK2	8440	NCK adaptor protein 2
ENSG00000071054	MAP4K4	9448	mitogen-activated protein kinase kinase kinase kinase 4
ENSG00000071073	MGAT4A	11320	alpha-1,3-mannosyl-glycoprotein 4-beta-N-acetylglucosaminyltransferase A
ENSG00000071082	RPL31	6160	ribosomal protein L31
ENSG00000071127	WDR1	9948	WD repeat domain 1
ENSG00000071189	SNX13	23161	sorting nexin 13
ENSG00000071205	ARHGAP10	79658	Rho GTPase activating protein 10
ENSG00000071243	ING3	54556	inhibitor of growth family member 3
ENSG00000071246	VASH1	22846	vasohibin 1
ENSG00000071282	LMCD1	29995	LIM and cysteine rich domains 1
ENSG00000071462	BUD23	114049	BUD23 rRNA methyltransferase and ribosome maturation factor
ENSG00000071537	SEL1L	6400	SEL1L adaptor subunit of SYVN1 ubiquitin ligase
ENSG00000071539	TRIP13	9319	thyroid hormone receptor interactor 13
ENSG00000071553	ATP6AP1	537	ATPase H+ transporting accessory protein 1
ENSG00000071564	TCF3	6929	transcription factor 3
ENSG00000071626	DAZAP1	26528	DAZ associated protein 1
ENSG00000071655	MBD3	53615	methyl-CpG binding domain protein 3
ENSG00000071794	HLTF	6596	helicase like transcription factor
ENSG00000071859	FAM50A	9130	family with sequence similarity 50 member A
ENSG00000071889	FAM3A	60343	FAM3 metabolism regulating signaling molecule A
ENSG00000071894	CPSF1	29894	cleavage and polyadenylation specific factor 1
ENSG00000071967	CYBRD1	79901	cytochrome b reductase 1
ENSG00000071994	PDCD2	5134	programmed cell death 2
ENSG00000072041	SLC6A15	55117	solute carrier family 6 member 15
ENSG00000072042	RDH11	51109	retinol dehydrogenase 11
ENSG00000072062	PRKACA	5566	protein kinase cAMP-activated catalytic subunit alpha
ENSG00000072071	ADGRL1	22859	adhesion G protein-coupled receptor L1
ENSG00000072110	ACTN1	87	actinin alpha 1
ENSG00000072121	ZFYVE26	23503	zinc finger FYVE-type containing 26
ENSG00000072133	RPS6KA6	27330	ribosomal protein S6 kinase A6
ENSG00000072134	EPN2	22905	epsin 2
ENSG00000072135	PTPN18	26469	protein tyrosine phosphatase non-receptor type 18
ENSG00000072163	LIMS2	55679	LIM zinc finger domain containing 2
ENSG00000072195	SPEG	10290	striated muscle enriched protein kinase
ENSG00000072210	ALDH3A2	224	aldehyde dehydrogenase 3 family member A2
ENSG00000072274	TFRC	7037	transferrin receptor
ENSG00000072310	SREBF1	6720	sterol regulatory element binding transcription factor 1
ENSG00000072364	AFF4	27125	ALF transcription elongation factor 4
ENSG00000072401	UBE2D1	7321	ubiquitin conjugating enzyme E2 D1
ENSG00000072415	PALS1	64398	protein associated with LIN7 1, MAGUK p55 family member
ENSG00000072422	RHOBTB1	9886	Rho related BTB domain containing 1
ENSG00000072501	SMC1A	8243	structural maintenance of chromosomes 1A
ENSG00000072506	HSD17B10	3028	hydroxysteroid 17-beta dehydrogenase 10
ENSG00000072518	MARK2	2011	microtubule affinity regulating kinase 2
ENSG00000072571	HMMR	3161	hyaluronan mediated motility receptor
ENSG00000072609	CHFR	55743	checkpoint with forkhead and ring finger domains
ENSG00000072682	P4HA2	8974	prolyl 4-hydroxylase subunit alpha 2
ENSG00000072736	NFATC3	4775	nuclear factor of activated T cells 3
ENSG00000072756	TRNT1	51095	tRNA nucleotidyl transferase 1
ENSG00000072778	ACADVL	37	acyl-CoA dehydrogenase very long chain
ENSG00000072786	STK10	6793	serine/threonine kinase 10
ENSG00000072803	FBXW11	23291	F-box and WD repeat domain containing 11
ENSG00000072832	CRMP1	1400	collapsin response mediator protein 1
ENSG00000072840	EVC	2121	EvC ciliary complex subunit 1
ENSG00000072849	DERL2	51009	derlin 2
ENSG00000072858	SIDT1	54847	SID1 transmembrane family member 1
ENSG00000072864	NDE1	54820	nudE neurodevelopment protein 1
ENSG00000072954	TMEM38A	79041	transmembrane protein 38A
ENSG00000072958	AP1M1	8907	adaptor related protein complex 1 subunit mu 1
ENSG00000073008	PVR	5817	PVR cell adhesion molecule
ENSG00000073050	XRCC1	7515	X-ray repair cross complementing 1
ENSG00000073060	SCARB1	949	scavenger receptor class B member 1
ENSG00000073111	MCM2	4171	minichromosome maintenance complex component 2
ENSG00000073150	PANX2	56666	pannexin 2
ENSG00000073169	SELENOO	83642	selenoprotein O
ENSG00000073331	ALPK1	80216	alpha kinase 1
ENSG00000073350	LLGL2	3993	LLGL scribble cell polarity complex component 2
ENSG00000073417	PDE8A	5151	phosphodiesterase 8A
ENSG00000073464	CLCN4	1183	chloride voltage-gated channel 4
ENSG00000073536	NLE1	54475	notchless homolog 1
ENSG00000073578	SDHA	6389	succinate dehydrogenase complex flavoprotein subunit A
ENSG00000073584	SMARCE1	6605	SWI/SNF related, matrix associated, actin dependent regulator of chromatin, subfamily e, member 1
ENSG00000073605	GSDMB	55876	gasdermin B
ENSG00000073614	KDM5A	5927	lysine demethylase 5A
ENSG00000073670	ADAM11	4185	ADAM metallopeptidase domain 11
ENSG00000073711	PPP2R3A	5523	protein phosphatase 2 regulatory subunit B''alpha
ENSG00000073712	FERMT2	10979	FERM domain containing kindlin 2
ENSG00000073737	DHRS9	10170	dehydrogenase/reductase 9
ENSG00000073756	PTGS2	5743	prostaglandin-endoperoxide synthase 2
ENSG00000073792	IGF2BP2	10644	insulin like growth factor 2 mRNA binding protein 2
ENSG00000073803	MAP3K13	9175	mitogen-activated protein kinase kinase kinase 13
ENSG00000073849	ST6GAL1	6480	ST6 beta-galactoside alpha-2,6-sialyltransferase 1
ENSG00000073921	PICALM	8301	phosphatidylinositol binding clathrin assembly protein
ENSG00000073969	NSF	4905	N-ethylmaleimide sensitive factor, vesicle fusing ATPase
ENSG00000074047	GLI2	2736	GLI family zinc finger 2
ENSG00000074054	CLASP1	23332	cytoplasmic linker associated protein 1
ENSG00000074071	MRPS34	65993	mitochondrial ribosomal protein S34
ENSG00000074181	NOTCH3	4854	notch receptor 3
ENSG00000074201	CLNS1A	1207	chloride nucleotide-sensitive channel 1A
ENSG00000074211	PPP2R2C	5522	protein phosphatase 2 regulatory subunit Bgamma
ENSG00000074219	TEAD2	8463	TEA domain transcription factor 2
ENSG00000074266	EED	8726	embryonic ectoderm development
ENSG00000074319	TSG101	7251	tumor susceptibility 101
ENSG00000074356	NCBP3	55421	nuclear cap binding subunit 3
ENSG00000074370	ATP2A3	489	ATPase sarcoplasmic/endoplasmic reticulum Ca2+ transporting 3
ENSG00000074410	CA12	771	carbonic anhydrase 12
ENSG00000074416	MGLL	11343	monoglyceride lipase
ENSG00000074527	NTN4	59277	netrin 4
ENSG00000074582	BCS1L	617	BCS1 homolog, ubiquinol-cytochrome c reductase complex chaperone
ENSG00000074590	NUAK1	9891	NUAK family kinase 1
ENSG00000074603	DPP8	54878	dipeptidyl peptidase 8
ENSG00000074621	SLC24A1	9187	solute carrier family 24 member 1
ENSG00000074657	ZNF532	55205	zinc finger protein 532
ENSG00000074695	LMAN1	3998	lectin, mannose binding 1
ENSG00000074696	HACD3	51495	3-hydroxyacyl-CoA dehydratase 3
ENSG00000074755	ZZEF1	23140	zinc finger ZZ-type and EF-hand domain containing 1
ENSG00000074800	ENO1	2023	enolase 1
ENSG00000074842	MYDGF	56005	myeloid derived growth factor
ENSG00000074855	ANO8	57719	anoctamin 8
ENSG00000074935	TUBE1	51175	tubulin epsilon 1
ENSG00000074964	ARHGEF10L	55160	Rho guanine nucleotide exchange factor 10 like
ENSG00000075089	ACTR6	64431	actin related protein 6
ENSG00000075131	TIPIN	54962	TIMELESS interacting protein
ENSG00000075142	SRI	6717	sorcin
ENSG00000075151	EIF4G3	8672	eukaryotic translation initiation factor 4 gamma 3
ENSG00000075188	NUP37	79023	nucleoporin 37
ENSG00000075213	SEMA3A	10371	semaphorin 3A
ENSG00000075218	GTSE1	51512	G2 and S-phase expressed 1
ENSG00000075223	SEMA3C	10512	semaphorin 3C
ENSG00000075234	TTC38	55020	tetratricopeptide repeat domain 38
ENSG00000075239	ACAT1	38	acetyl-CoA acetyltransferase 1
ENSG00000075240	GRAMD4	23151	GRAM domain containing 4
ENSG00000075275	CELSR1	9620	cadherin EGF LAG seven-pass G-type receptor 1
ENSG00000075292	ZNF638	27332	zinc finger protein 638
ENSG00000075303	SLC25A40	55972	solute carrier family 25 member 40
ENSG00000075336	TIMM21	29090	translocase of inner mitochondrial membrane 21
ENSG00000075340	ADD2	119	adducin 2
ENSG00000075391	RASAL2	9462	RAS protein activator like 2
ENSG00000075399	VPS9D1	9605	VPS9 domain containing 1
ENSG00000075407	ZNF37A	7587	zinc finger protein 37A
ENSG00000075413	MARK3	4140	microtubule affinity regulating kinase 3
ENSG00000075415	SLC25A3	5250	solute carrier family 25 member 3
ENSG00000075420	FNDC3B	64778	fibronectin type III domain containing 3B
ENSG00000075426	FOSL2	2355	FOS like 2, AP-1 transcription factor subunit
ENSG00000075461	CACNG4	27092	calcium voltage-gated channel auxiliary subunit gamma 4
ENSG00000075539	FRYL	285527	FRY like transcription coactivator
ENSG00000075568	TMEM131	23505	transmembrane protein 131
ENSG00000075618	FSCN1	6624	fascin actin-bundling protein 1
ENSG00000075624	ACTB	60	actin beta
ENSG00000075643	MOCOS	55034	molybdenum cofactor sulfurase
ENSG00000075651	PLD1	5337	phospholipase D1
ENSG00000075702	WDR62	284403	WD repeat domain 62
ENSG00000075711	DLG1	1739	discs large MAGUK scaffold protein 1
ENSG00000075785	RAB7A	7879	RAB7A, member RAS oncogene family
ENSG00000075790	BCAP29	55973	B cell receptor associated protein 29
ENSG00000075826	SEC31B	25956	SEC31 homolog B, COPII coat complex component
ENSG00000075856	SART3	9733	spliceosome associated factor 3, U4/U6 recycling protein
ENSG00000075914	EXOSC7	23016	exosome component 7
ENSG00000075945	KIFAP3	22920	kinesin associated protein 3
ENSG00000075975	MKRN2	23609	makorin ring finger protein 2
ENSG00000076003	MCM6	4175	minichromosome maintenance complex component 6
ENSG00000076043	REXO2	25996	RNA exonuclease 2
ENSG00000076053	RBM7	10179	RNA binding motif protein 7
ENSG00000076067	RBMS2	5939	RNA binding motif single stranded interacting protein 2
ENSG00000076108	BAZ2A	11176	bromodomain adjacent to zinc finger domain 2A
ENSG00000076201	PTPN23	25930	protein tyrosine phosphatase non-receptor type 23
ENSG00000076242	MLH1	4292	mutL homolog 1
ENSG00000076248	UNG	7374	uracil DNA glycosylase
ENSG00000076321	KLHL20	27252	kelch like family member 20
ENSG00000076344	RGS11	8786	regulator of G protein signaling 11
ENSG00000076351	SLC46A1	113235	solute carrier family 46 member 1
ENSG00000076382	SPAG5	10615	sperm associated antigen 5
ENSG00000076513	ANKRD13A	88455	ankyrin repeat domain 13A
ENSG00000076554	TPD52	7163	tumor protein D52
ENSG00000076555	ACACB	32	acetyl-CoA carboxylase beta
ENSG00000076604	TRAF4	9618	TNF receptor associated factor 4
ENSG00000076650	GPATCH1	55094	G-patch domain containing 1
ENSG00000076662	ICAM3	3385	intercellular adhesion molecule 3
ENSG00000076685	NT5C2	22978	5'-nucleotidase, cytosolic II
ENSG00000076706	MCAM	4162	melanoma cell adhesion molecule
ENSG00000076826	CAMSAP3	57662	calmodulin regulated spectrin associated protein family member 3
ENSG00000076864	RAP1GAP	5909	RAP1 GTPase activating protein
ENSG00000076924	XAB2	56949	XPA binding protein 2
ENSG00000076928	ARHGEF1	9138	Rho guanine nucleotide exchange factor 1
ENSG00000076944	STXBP2	6813	syntaxin binding protein 2
ENSG00000076984	MAP2K7	5609	mitogen-activated protein kinase kinase 7
ENSG00000077044	DGKD	8527	diacylglycerol kinase delta
ENSG00000077092	RARB	5915	retinoic acid receptor beta
ENSG00000077097	TOP2B	7155	DNA topoisomerase II beta
ENSG00000077147	TM9SF3	56889	transmembrane 9 superfamily member 3
ENSG00000077150	NFKB2	4791	nuclear factor kappa B subunit 2
ENSG00000077152	UBE2T	29089	ubiquitin conjugating enzyme E2 T
ENSG00000077157	PPP1R12B	4660	protein phosphatase 1 regulatory subunit 12B
ENSG00000077232	DNAJC10	54431	DnaJ heat shock protein family (Hsp40) member C10
ENSG00000077235	GTF3C1	2975	general transcription factor IIIC subunit 1
ENSG00000077238	IL4R	3566	interleukin 4 receptor
ENSG00000077254	USP33	23032	ubiquitin specific peptidase 33
ENSG00000077312	SNRPA	6626	small nuclear ribonucleoprotein polypeptide A
ENSG00000077348	EXOSC5	56915	exosome component 5
ENSG00000077380	DYNC1I2	1781	dynein cytoplasmic 1 intermediate chain 2
ENSG00000077420	APBB1IP	54518	amyloid beta precursor protein binding family B member 1 interacting protein
ENSG00000077454	LRCH4	4034	leucine rich repeats and calponin homology domain containing 4
ENSG00000077458	FAM76B	143684	family with sequence similarity 76 member B
ENSG00000077463	SIRT6	51548	sirtuin 6
ENSG00000077514	POLD3	10714	DNA polymerase delta 3, accessory subunit
ENSG00000077549	CAPZB	832	capping actin protein of muscle Z-line subunit beta
ENSG00000077585	GPR137B	7107	G protein-coupled receptor 137B
ENSG00000077684	JADE1	79960	jade family PHD finger 1
ENSG00000077713	SLC25A43	203427	solute carrier family 25 member 43
ENSG00000077721	UBE2A	7319	ubiquitin conjugating enzyme E2 A
ENSG00000077782	FGFR1	2260	fibroblast growth factor receptor 1
ENSG00000077942	FBLN1	2192	fibulin 1
ENSG00000078018	MAP2	4133	microtubule associated protein 2
ENSG00000078043	PIAS2	9063	protein inhibitor of activated STAT 2
ENSG00000078061	ARAF	369	A-Raf proto-oncogene, serine/threonine kinase
ENSG00000078070	MCCC1	56922	methylcrotonyl-CoA carboxylase subunit 1
ENSG00000078081	LAMP3	27074	lysosomal associated membrane protein 3
ENSG00000078114	NEBL	10529	nebulette
ENSG00000078124	ACER3	55331	alkaline ceramidase 3
ENSG00000078140	UBE2K	3093	ubiquitin conjugating enzyme E2 K
ENSG00000078142	PIK3C3	5289	phosphatidylinositol 3-kinase catalytic subunit type 3
ENSG00000078177	N4BP2	55728	NEDD4 binding protein 2
ENSG00000078237	TIGAR	57103	TP53 induced glycolysis regulatory phosphatase
ENSG00000078246	TULP3	7289	TUB like protein 3
ENSG00000078269	SYNJ2	8871	synaptojanin 2
ENSG00000078304	PPP2R5C	5527	protein phosphatase 2 regulatory subunit B'gamma
ENSG00000078369	GNB1	2782	G protein subunit beta 1
ENSG00000078401	EDN1	1906	endothelin 1
ENSG00000078403	MLLT10	8028	MLLT10 histone lysine methyltransferase DOT1L cofactor
ENSG00000078487	ZCWPW1	55063	zinc finger CW-type and PWWP domain containing 1
ENSG00000078618	NRDC	4898	nardilysin convertase
ENSG00000078668	VDAC3	7419	voltage dependent anion channel 3
ENSG00000078674	PCM1	5108	pericentriolar material 1
ENSG00000078687	TNRC6C	57690	trinucleotide repeat containing adaptor 6C
ENSG00000078699	CBFA2T2	9139	CBFA2/RUNX1 partner transcriptional co-repressor 2
ENSG00000078747	ITCH	83737	itchy E3 ubiquitin protein ligase
ENSG00000078804	TP53INP2	58476	tumor protein p53 inducible nuclear protein 2
ENSG00000078808	SDF4	51150	stromal cell derived factor 4
ENSG00000078902	TOLLIP	54472	toll interacting protein
ENSG00000078967	UBE2D4	51619	ubiquitin conjugating enzyme E2 D4 (putative)
ENSG00000079112	CDH17	1015	cadherin 17
ENSG00000079134	THOC1	9984	THO complex subunit 1
ENSG00000079150	FKBP7	51661	FKBP prolyl isomerase 7
ENSG00000079156	OSBPL6	114880	oxysterol binding protein like 6
ENSG00000079246	XRCC5	7520	X-ray repair cross complementing 5
ENSG00000079257	LXN	56925	latexin
ENSG00000079277	MKNK1	8569	MAPK interacting serine/threonine kinase 1
ENSG00000079308	TNS1	7145	tensin 1
ENSG00000079313	REXO1	57455	RNA exonuclease 1 homolog
ENSG00000079332	SAR1A	56681	secretion associated Ras related GTPase 1A
ENSG00000079335	CDC14A	8556	cell division cycle 14A
ENSG00000079337	RAPGEF3	10411	Rap guanine nucleotide exchange factor 3
ENSG00000079385	CEACAM1	634	CEA cell adhesion molecule 1
ENSG00000079387	SENP1	29843	SUMO specific peptidase 1
ENSG00000079432	CIC	23152	capicua transcriptional repressor
ENSG00000079459	FDFT1	2222	farnesyl-diphosphate farnesyltransferase 1
ENSG00000079462	PAFAH1B3	5050	platelet activating factor acetylhydrolase 1b catalytic subunit 3
ENSG00000079482	OPHN1	4983	oligophrenin 1
ENSG00000079616	KIF22	3835	kinesin family member 22
ENSG00000079691	CARMIL1	55604	capping protein regulator and myosin 1 linker 1
ENSG00000079739	PGM1	5236	phosphoglucomutase 1
ENSG00000079785	DDX1	1653	DEAD-box helicase 1
ENSG00000079805	DNM2	1785	dynamin 2
ENSG00000079819	EPB41L2	2037	erythrocyte membrane protein band 4.1 like 2
ENSG00000079931	MOXD1	26002	monooxygenase DBH like 1
ENSG00000079950	STX7	8417	syntaxin 7
ENSG00000079974	RABL2B	11158	RAB, member of RAS oncogene family like 2B
ENSG00000079999	KEAP1	9817	kelch like ECH associated protein 1
ENSG00000080031	PTPRH	5794	protein tyrosine phosphatase receptor type H
ENSG00000080189	SLC35C2	51006	solute carrier family 35 member C2
ENSG00000080200	CRYBG3	131544	crystallin beta-gamma domain containing 3
ENSG00000080298	RFX3	5991	regulatory factor X3
ENSG00000080345	RIF1	55183	replication timing regulatory factor 1
ENSG00000080371	RAB21	23011	RAB21, member RAS oncogene family
ENSG00000080493	SLC4A4	8671	solute carrier family 4 member 4
ENSG00000080503	SMARCA2	6595	SWI/SNF related, matrix associated, actin dependent regulator of chromatin, subfamily a, member 2
ENSG00000080546	SESN1	27244	sestrin 1
ENSG00000080561	MID2	11043	midline 2
ENSG00000080603	SRCAP	10847	Snf2 related CREBBP activator protein
ENSG00000080608	PUM3	9933	pumilio RNA binding family member 3
ENSG00000080644	CHRNA3	1136	cholinergic receptor nicotinic alpha 3 subunit
ENSG00000080802	CNOT4	4850	CCR4-NOT transcription complex subunit 4
ENSG00000080815	PSEN1	5663	presenilin 1
ENSG00000080819	CPOX	1371	coproporphyrinogen oxidase
ENSG00000080822	CLDND1	56650	claudin domain containing 1
ENSG00000080823	MOK	5891	MOK protein kinase
ENSG00000080824	HSP90AA1	3320	heat shock protein 90 alpha family class A member 1
ENSG00000080839	RBL1	5933	RB transcriptional corepressor like 1
ENSG00000080845	DLGAP4	22839	DLG associated protein 4
ENSG00000080986	NDC80	10403	NDC80 kinetochore complex component
ENSG00000081014	AP4E1	23431	adaptor related protein complex 4 subunit epsilon 1
ENSG00000081019	RSBN1	54665	round spermatid basic protein 1
ENSG00000081026	MAGI3	260425	membrane associated guanylate kinase, WW and PDZ domain containing 3
ENSG00000081041	CXCL2	2920	C-X-C motif chemokine ligand 2
ENSG00000081052	COL4A4	1286	collagen type IV alpha 4 chain
ENSG00000081059	TCF7	6932	transcription factor 7
ENSG00000081087	OSTM1	28962	osteoclastogenesis associated transmembrane protein 1
ENSG00000081154	PCNP	57092	PEST proteolytic signal containing nuclear protein
ENSG00000081177	EXD2	55218	exonuclease 3'-5' domain containing 2
ENSG00000081307	UBA5	79876	ubiquitin like modifier activating enzyme 5
ENSG00000081320	STK17B	9262	serine/threonine kinase 17b
ENSG00000081377	CDC14B	8555	cell division cycle 14B
ENSG00000081386	ZNF510	22869	zinc finger protein 510
ENSG00000081692	JMJD4	65094	jumonji domain containing 4
ENSG00000081721	DUSP12	11266	dual specificity phosphatase 12
ENSG00000081760	AACS	65985	acetoacetyl-CoA synthetase
ENSG00000081791	DELE1	9812	DAP3 binding cell death enhancer 1
ENSG00000081870	IFT25	51668	intraflagellar transport 25
ENSG00000081913	PHLPP1	23239	PH domain and leucine rich repeat protein phosphatase 1
ENSG00000081923	ATP8B1	5205	ATPase phospholipid transporting 8B1
ENSG00000082014	SMARCD3	6604	SWI/SNF related, matrix associated, actin dependent regulator of chromatin, subfamily d, member 3
ENSG00000082068	WDR70	55100	WD repeat domain 70
ENSG00000082074	FYB1	2533	FYN binding protein 1
ENSG00000082146	STRADB	55437	STE20 related adaptor beta
ENSG00000082153	BZW1	9689	basic leucine zipper and W2 domains 1
ENSG00000082212	ME2	4200	malic enzyme 2
ENSG00000082213	C5orf22	55322	chromosome 5 open reading frame 22
ENSG00000082258	CCNT2	905	cyclin T2
ENSG00000082269	FAM135A	57579	family with sequence similarity 135 member A
ENSG00000082438	COBLL1	22837	cordon-bleu WH2 repeat protein like 1
ENSG00000082458	DLG3	1741	discs large MAGUK scaffold protein 3
ENSG00000082512	TRAF5	7188	TNF receptor associated factor 5
ENSG00000082515	MRPL22	29093	mitochondrial ribosomal protein L22
ENSG00000082516	GEMIN5	25929	gem nuclear organelle associated protein 5
ENSG00000082641	NFE2L1	4779	NFE2 like bZIP transcription factor 1
ENSG00000082701	GSK3B	2932	glycogen synthase kinase 3 beta
ENSG00000082781	ITGB5	3693	integrin subunit beta 5
ENSG00000082805	ERC1	23085	ELKS/RAB6-interacting/CAST family member 1
ENSG00000082898	XPO1	7514	exportin 1
ENSG00000082996	RNF13	11342	ring finger protein 13
ENSG00000083093	PALB2	79728	partner and localizer of BRCA2
ENSG00000083099	LYRM2	57226	LYR motif containing 2
ENSG00000083123	BCKDHB	594	branched chain keto acid dehydrogenase E1 subunit beta
ENSG00000083168	KAT6A	7994	lysine acetyltransferase 6A
ENSG00000083223	TUT7	79670	terminal uridylyl transferase 7
ENSG00000083290	ULK2	9706	unc-51 like autophagy activating kinase 2
ENSG00000083312	TNPO1	3842	transportin 1
ENSG00000083444	PLOD1	5351	procollagen-lysine,2-oxoglutarate 5-dioxygenase 1
ENSG00000083454	P2RX5	5026	purinergic receptor P2X 5
ENSG00000083457	ITGAE	3682	integrin subunit alpha E
ENSG00000083520	DIS3	22894	DIS3 homolog, exosome endoribonuclease and 3'-5' exoribonuclease
ENSG00000083535	PIBF1	10464	progesterone immunomodulatory binding factor 1
ENSG00000083544	TDRD3	81550	tudor domain containing 3
ENSG00000083635	NUFIP1	26747	nuclear FMR1 interacting protein 1
ENSG00000083642	PDS5B	23047	PDS5 cohesin associated factor B
ENSG00000083750	RRAGB	10325	Ras related GTP binding B
ENSG00000083799	CYLD	1540	CYLD lysine 63 deubiquitinase
ENSG00000083807	SLC27A5	10998	solute carrier family 27 member 5
ENSG00000083812	ZNF324	25799	zinc finger protein 324
ENSG00000083817	ZNF416	55659	zinc finger protein 416
ENSG00000083828	ZNF586	54807	zinc finger protein 586
ENSG00000083838	ZNF446	55663	zinc finger protein 446
ENSG00000083844	ZNF264	9422	zinc finger protein 264
ENSG00000083845	RPS5	6193	ribosomal protein S5
ENSG00000083857	FAT1	2195	FAT atypical cadherin 1
ENSG00000083896	YTHDC1	91746	YTH N6-methyladenosine RNA binding protein C1
ENSG00000083937	CHMP2B	25978	charged multivesicular body protein 2B
ENSG00000084070	SMAP2	64744	small ArfGAP2
ENSG00000084072	PPIE	10450	peptidylprolyl isomerase E
ENSG00000084073	ZMPSTE24	10269	zinc metallopeptidase STE24
ENSG00000084090	STARD7	56910	StAR related lipid transfer domain containing 7
ENSG00000084092	NOA1	84273	nitric oxide associated 1
ENSG00000084093	REST	5978	RE1 silencing transcription factor
ENSG00000084112	SSH1	54434	slingshot protein phosphatase 1
ENSG00000084207	GSTP1	2950	glutathione S-transferase pi 1
ENSG00000084234	APLP2	334	amyloid beta precursor like protein 2
ENSG00000084444	FAM234B	57613	family with sequence similarity 234 member B
ENSG00000084463	WBP11	51729	WW domain binding protein 11
ENSG00000084623	EIF3I	8668	eukaryotic translation initiation factor 3 subunit I
ENSG00000084636	COL16A1	1307	collagen type XVI alpha 1 chain
ENSG00000084652	TXLNA	200081	taxilin alpha
ENSG00000084676	NCOA1	8648	nuclear receptor coactivator 1
ENSG00000084693	AGBL5	60509	AGBL carboxypeptidase 5
ENSG00000084710	EFR3B	22979	EFR3 homolog B
ENSG00000084731	KIF3C	3797	kinesin family member 3C
ENSG00000084733	RAB10	10890	RAB10, member RAS oncogene family
ENSG00000084734	GCKR	2646	glucokinase regulator
ENSG00000084754	HADHA	3030	hydroxyacyl-CoA dehydrogenase trifunctional multienzyme complex subunit alpha
ENSG00000084764	MAPRE3	22924	microtubule associated protein RP/EB family member 3
ENSG00000084774	CAD	790	carbamoyl-phosphate synthetase 2, aspartate transcarbamylase, and dihydroorotase
ENSG00000085063	CD59	966	CD59 molecule (CD59 blood group)
ENSG00000085117	CD82	3732	CD82 molecule
ENSG00000085185	BCORL1	63035	BCL6 corepressor like 1
ENSG00000085224	ATRX	546	ATRX chromatin remodeler
ENSG00000085231	AK6	102157402	adenylate kinase 6
ENSG00000085274	MYNN	55892	myoneurin
ENSG00000085365	SCAMP1	9522	secretory carrier membrane protein 1
ENSG00000085377	PREP	5550	prolyl endopeptidase
ENSG00000085382	HACE1	57531	HECT domain and ankyrin repeat containing E3 ubiquitin protein ligase 1
ENSG00000085415	SEH1L	81929	SEH1 like nucleoporin
ENSG00000085433	WDR47	22911	WD repeat domain 47
ENSG00000085449	WDFY1	57590	WD repeat and FYVE domain containing 1
ENSG00000085465	OVGP1	5016	oviductal glycoprotein 1
ENSG00000085491	SLC25A24	29957	solute carrier family 25 member 24
ENSG00000085511	MAP3K4	4216	mitogen-activated protein kinase kinase kinase 4
ENSG00000085514	PILRA	29992	paired immunoglobin like type 2 receptor alpha
ENSG00000085644	ZNF213	7760	zinc finger protein 213
ENSG00000085662	AKR1B1	231	aldo-keto reductase family 1 member B
ENSG00000085719	CPNE3	8895	copine 3
ENSG00000085721	RRN3	54700	RRN3 homolog, RNA polymerase I transcription factor
ENSG00000085733	CTTN	2017	cortactin
ENSG00000085760	MTIF2	4528	mitochondrial translational initiation factor 2
ENSG00000085788	DDHD2	23259	DDHD domain containing 2
ENSG00000085831	TTC39A	22996	tetratricopeptide repeat domain 39A
ENSG00000085832	EPS15	2060	epidermal growth factor receptor pathway substrate 15
ENSG00000085840	ORC1	4998	origin recognition complex subunit 1
ENSG00000085871	MGST2	4258	microsomal glutathione S-transferase 2
ENSG00000085872	CHERP	10523	calcium homeostasis endoplasmic reticulum protein
ENSG00000085978	ATG16L1	55054	autophagy related 16 like 1
ENSG00000085982	USP40	55230	ubiquitin specific peptidase 40
ENSG00000085998	POMGNT1	55624	protein O-linked mannose N-acetylglucosaminyltransferase 1 (beta 1,2-)
ENSG00000085999	RAD54L	8438	RAD54 like
ENSG00000086015	MAST2	23139	microtubule associated serine/threonine kinase 2
ENSG00000086061	DNAJA1	3301	DnaJ heat shock protein family (Hsp40) member A1
ENSG00000086062	B4GALT1	2683	beta-1,4-galactosyltransferase 1
ENSG00000086065	CHMP5	51510	charged multivesicular body protein 5
ENSG00000086102	NFX1	4799	nuclear transcription factor, X-box binding 1
ENSG00000086189	DIMT1	27292	DIM1 rRNA methyltransferase and ribosome maturation factor
ENSG00000086200	IPO11	51194	importin 11
ENSG00000086232	EIF2AK1	27102	eukaryotic translation initiation factor 2 alpha kinase 1
ENSG00000086289	EPDR1	54749	ependymin related 1
ENSG00000086300	SNX10	29887	sorting nexin 10
ENSG00000086475	SEPHS1	22929	selenophosphate synthetase 1
ENSG00000086504	MRPL28	10573	mitochondrial ribosomal protein L28
ENSG00000086506	HBQ1	3049	hemoglobin subunit theta 1
ENSG00000086544	ITPKC	80271	inositol-trisphosphate 3-kinase C
ENSG00000086548	CEACAM6	4680	CEA cell adhesion molecule 6
ENSG00000086589	RBM22	55696	RNA binding motif protein 22
ENSG00000086598	TMED2	10959	transmembrane p24 trafficking protein 2
ENSG00000086619	ERO1B	56605	endoplasmic reticulum oxidoreductase 1 beta
ENSG00000086666	ZFAND6	54469	zinc finger AN1-type containing 6
ENSG00000086712	TXLNG	55787	taxilin gamma
ENSG00000086717	PPEF1	5475	protein phosphatase with EF-hand domain 1
ENSG00000086730	LAT2	7462	linker for activation of T cells family member 2
ENSG00000086758	HUWE1	10075	HECT, UBA and WWE domain containing E3 ubiquitin protein ligase 1
ENSG00000086827	ZW10	9183	zw10 kinetochore protein
ENSG00000086848	ALG9	79796	ALG9 alpha-1,2-mannosyltransferase
ENSG00000087008	ACOX3	8310	acyl-CoA oxidase 3, pristanoyl
ENSG00000087053	MTMR2	8898	myotubularin related protein 2
ENSG00000087074	PPP1R15A	23645	protein phosphatase 1 regulatory subunit 15A
ENSG00000087076	HSD17B14	51171	hydroxysteroid 17-beta dehydrogenase 14
ENSG00000087077	TRIP6	7205	thyroid hormone receptor interactor 6
ENSG00000087085	ACHE	43	acetylcholinesterase (Cartwright blood group)
ENSG00000087086	FTL	2512	ferritin light chain
ENSG00000087087	SRRT	51593	serrate, RNA effector molecule
ENSG00000087088	BAX	581	BCL2 associated X, apoptosis regulator
ENSG00000087095	NLK	51701	nemo like kinase
ENSG00000087111	PIGS	94005	phosphatidylinositol glycan anchor biosynthesis class S
ENSG00000087152	ATXN7L3	56970	ataxin 7 like 3
ENSG00000087157	PGS1	9489	phosphatidylglycerophosphate synthase 1
ENSG00000087191	PSMC5	5705	proteasome 26S subunit, ATPase 5
ENSG00000087206	UIMC1	51720	ubiquitin interaction motif containing 1
ENSG00000087245	MMP2	4313	matrix metallopeptidase 2
ENSG00000087253	LPCAT2	54947	lysophosphatidylcholine acyltransferase 2
ENSG00000087263	OGFOD1	55239	2-oxoglutarate and iron dependent oxygenase domain containing 1
ENSG00000087266	SH3BP2	6452	SH3 domain binding protein 2
ENSG00000087269	NOP14	8602	NOP14 nucleolar protein
ENSG00000087274	ADD1	118	adducin 1
ENSG00000087299	L2HGDH	79944	L-2-hydroxyglutarate dehydrogenase
ENSG00000087301	TXNDC16	57544	thioredoxin domain containing 16
ENSG00000087302	RTRAF	51637	RNA transcription, translation and transport factor
ENSG00000087303	NID2	22795	nidogen 2
ENSG00000087338	GMCL1	64395	germ cell-less 1, spermatogenesis associated
ENSG00000087365	SF3B2	10992	splicing factor 3b subunit 2
ENSG00000087448	KLHL42	57542	kelch like family member 42
ENSG00000087460	GNAS	2778	GNAS complex locus
ENSG00000087470	DNM1L	10059	dynamin 1 like
ENSG00000087494	PTHLH	5744	parathyroid hormone like hormone
ENSG00000087502	ERGIC2	51290	ERGIC and golgi 2
ENSG00000087510	TFAP2C	7022	transcription factor AP-2 gamma
ENSG00000087586	AURKA	6790	aurora kinase A
ENSG00000087842	PIR	8544	pirin
ENSG00000087884	AAMDC	28971	adipogenesis associated Mth938 domain containing
ENSG00000087903	RFX2	5990	regulatory factor X2
ENSG00000087995	METTL2A	339175	methyltransferase 2A, tRNA N3-cytidine
ENSG00000088002	SULT2B1	6820	sulfotransferase family 2B member 1
ENSG00000088035	ALG6	29929	ALG6 alpha-1,3-glucosyltransferase
ENSG00000088038	CNOT3	4849	CCR4-NOT transcription complex subunit 3
ENSG00000088179	PTPN4	5775	protein tyrosine phosphatase non-receptor type 4
ENSG00000088205	DDX18	8886	DEAD-box helicase 18
ENSG00000088247	KHSRP	8570	KH-type splicing regulatory protein
ENSG00000088256	GNA11	2767	G protein subunit alpha 11
ENSG00000088280	ASAP3	55616	ArfGAP with SH3 domain, ankyrin repeat and PH domain 3
ENSG00000088298	EDEM2	55741	ER degradation enhancing alpha-mannosidase like protein 2
ENSG00000088305	DNMT3B	1789	DNA methyltransferase 3 beta
ENSG00000088325	TPX2	22974	TPX2 microtubule nucleation factor
ENSG00000088340	FER1L4	80307	fer-1 like family member 4 (pseudogene)
ENSG00000088356	PDRG1	81572	p53 and DNA damage regulated 1
ENSG00000088367	EPB41L1	2036	erythrocyte membrane protein band 4.1 like 1
ENSG00000088387	DOCK9	23348	dedicator of cytokinesis 9
ENSG00000088448	ANKRD10	55608	ankyrin repeat domain 10
ENSG00000088451	TGDS	23483	TDP-glucose 4,6-dehydratase
ENSG00000088538	DOCK3	1795	dedicator of cytokinesis 3
ENSG00000088543	C3orf18	51161	chromosome 3 open reading frame 18
ENSG00000088682	COQ9	57017	coenzyme Q9
ENSG00000088727	KIF9	64147	kinesin family member 9
ENSG00000088766	CRLS1	54675	cardiolipin synthase 1
ENSG00000088808	PPP1R13B	23368	protein phosphatase 1 regulatory subunit 13B
ENSG00000088812	ATRN	8455	attractin
ENSG00000088826	SMOX	54498	spermine oxidase
ENSG00000088832	FKBP1A	2280	FKBP prolyl isomerase 1A
ENSG00000088833	NSFL1C	55968	NSFL1 cofactor
ENSG00000088836	SLC4A11	83959	solute carrier family 4 member 11
ENSG00000088854	DNAAF9	25943	dynein axonemal assembly factor 9
ENSG00000088876	ZNF343	79175	zinc finger protein 343
ENSG00000088881	EBF4	57593	EBF family member 4
ENSG00000088888	MAVS	57506	mitochondrial antiviral signaling protein
ENSG00000088899	LZTS3	9762	leucine zipper tumor suppressor family member 3
ENSG00000088930	XRN2	22803	5'-3' exoribonuclease 2
ENSG00000088970	KIZ	55857	kizuna centrosomal protein
ENSG00000088986	DYNLL1	8655	dynein light chain LC8-type 1
ENSG00000088992	TESC	54997	tescalcin
ENSG00000089006	SNX5	27131	sorting nexin 5
ENSG00000089009	RPL6	6128	ribosomal protein L6
ENSG00000089022	MAPKAPK5	8550	MAPK activated protein kinase 5
ENSG00000089048	ESF1	51575	ESF1 nucleolar pre-rRNA processing protein homolog
ENSG00000089050	RBBP9	10741	RB binding protein 9, serine hydrolase
ENSG00000089053	ANAPC5	51433	anaphase promoting complex subunit 5
ENSG00000089057	SLC23A2	9962	solute carrier family 23 member 2
ENSG00000089060	SLC8B1	80024	solute carrier family 8 member B1
ENSG00000089063	TMEM230	29058	transmembrane protein 230
ENSG00000089091	DZANK1	55184	double zinc ribbon and ankyrin repeat domains 1
ENSG00000089094	KDM2B	84678	lysine demethylase 2B
ENSG00000089123	TASP1	55617	taspase 1
ENSG00000089127	OAS1	4938	2'-5'-oligoadenylate synthetase 1
ENSG00000089154	GCN1	10985	GCN1 activator of EIF2AK4
ENSG00000089157	RPLP0	6175	ribosomal protein lateral stalk subunit P0
ENSG00000089159	PXN	5829	paxillin
ENSG00000089163	SIRT4	23409	sirtuin 4
ENSG00000089177	KIF16B	55614	kinesin family member 16B
ENSG00000089195	TRMT6	51605	tRNA methyltransferase 6 non-catalytic subunit
ENSG00000089199	CHGB	1114	chromogranin B
ENSG00000089220	PEBP1	5037	phosphatidylethanolamine binding protein 1
ENSG00000089234	BRAP	8315	BRCA1 associated protein
ENSG00000089248	ERP29	10961	endoplasmic reticulum protein 29
ENSG00000089280	FUS	2521	FUS RNA binding protein
ENSG00000089289	IGBP1	3476	immunoglobulin binding protein 1
ENSG00000089327	FXYD5	53827	FXYD domain containing ion transport regulator 5
ENSG00000089335	ZNF302	55900	zinc finger protein 302
ENSG00000089351	GRAMD1A	57655	GRAM domain containing 1A
ENSG00000089486	CDIP1	29965	cell death inducing p53 target 1
ENSG00000089505	CMTM1	113540	CKLF like MARVEL transmembrane domain containing 1
ENSG00000089597	GANAB	23193	glucosidase II alpha subunit
ENSG00000089639	GMIP	51291	GEM interacting protein
ENSG00000089682	RBM41	55285	RNA binding motif protein 41
ENSG00000089685	BIRC5	332	baculoviral IAP repeat containing 5
ENSG00000089693	MLF2	8079	myeloid leukemia factor 2
ENSG00000089723	OTUB2	78990	OTU deubiquitinase, ubiquitin aldehyde binding 2
ENSG00000089737	DDX24	57062	DEAD-box helicase 24
ENSG00000089775	ZBTB25	7597	zinc finger and BTB domain containing 25
ENSG00000089818	NECAP1	25977	NECAP endocytosis associated 1
ENSG00000089820	ARHGAP4	393	Rho GTPase activating protein 4
ENSG00000089847	ANKRD24	170961	ankyrin repeat domain 24
ENSG00000089876	DHX32	55760	DEAH-box helicase 32 (putative)
ENSG00000089902	RCOR1	23186	REST corepressor 1
ENSG00000089916	GPATCH2L	55668	G-patch domain containing 2 like
ENSG00000090006	LTBP4	8425	latent transforming growth factor beta binding protein 4
ENSG00000090013	BLVRB	645	biliverdin reductase B
ENSG00000090020	SLC9A1	6548	solute carrier family 9 member A1
ENSG00000090054	SPTLC1	10558	serine palmitoyltransferase long chain base subunit 1
ENSG00000090060	PAPOLA	10914	poly(A) polymerase alpha
ENSG00000090061	CCNK	8812	cyclin K
ENSG00000090097	PCBP4	57060	poly(rC) binding protein 4
ENSG00000090238	YPEL3	83719	yippee like 3
ENSG00000090263	MRPS33	51650	mitochondrial ribosomal protein S33
ENSG00000090266	NDUFB2	4708	NADH:ubiquinone oxidoreductase subunit B2
ENSG00000090273	NUDC	10726	nuclear distribution C, dynein complex regulator
ENSG00000090316	MAEA	10296	macrophage erythroblast attacher, E3 ubiquitin ligase
ENSG00000090339	ICAM1	3383	intercellular adhesion molecule 1
ENSG00000090372	STRN4	29888	striatin 4
ENSG00000090432	MUL1	79594	mitochondrial E3 ubiquitin protein ligase 1
ENSG00000090447	TFAP4	7023	transcription factor AP-4
ENSG00000090470	PDCD7	10081	programmed cell death 7
ENSG00000090487	SPG21	51324	SPG21 abhydrolase domain containing, maspardin
ENSG00000090520	DNAJB11	51726	DnaJ heat shock protein family (Hsp40) member B11
ENSG00000090530	P3H2	55214	prolyl 3-hydroxylase 2
ENSG00000090554	FLT3LG	2323	fms related receptor tyrosine kinase 3 ligand
ENSG00000090565	RAB11FIP3	9727	RAB11 family interacting protein 3
ENSG00000090581	GNPTG	84572	N-acetylglucosamine-1-phosphate transferase subunit gamma
ENSG00000090612	ZNF268	10795	zinc finger protein 268
ENSG00000090615	GOLGA3	2802	golgin A3
ENSG00000090621	PABPC4	8761	poly(A) binding protein cytoplasmic 4
ENSG00000090661	CERS4	79603	ceramide synthase 4
ENSG00000090674	MCOLN1	57192	mucolipin TRP cation channel 1
ENSG00000090686	USP48	84196	ubiquitin specific peptidase 48
ENSG00000090776	EFNB1	1947	ephrin B1
ENSG00000090857	PDPR	55066	pyruvate dehydrogenase phosphatase regulatory subunit
ENSG00000090861	AARS1	16	alanyl-tRNA synthetase 1
ENSG00000090863	GLG1	2734	golgi glycoprotein 1
ENSG00000090889	KIF4A	24137	kinesin family member 4A
ENSG00000090905	TNRC6A	27327	trinucleotide repeat containing adaptor 6A
ENSG00000090924	PLEKHG2	64857	pleckstrin homology and RhoGEF domain containing G2
ENSG00000090932	DLL3	10683	delta like canonical Notch ligand 3
ENSG00000090971	NAT14	57106	N-acetyltransferase 14 (putative)
ENSG00000090975	PITPNM2	57605	phosphatidylinositol transfer protein membrane associated 2
ENSG00000090989	EXOC1	55763	exocyst complex component 1
ENSG00000091009	RBM27	54439	RNA binding motif protein 27
ENSG00000091039	OSBPL8	114882	oxysterol binding protein like 8
ENSG00000091073	DTX2	113878	deltex E3 ubiquitin ligase 2
ENSG00000091127	PUS7	54517	pseudouridine synthase 7
ENSG00000091129	NRCAM	4897	neuronal cell adhesion molecule
ENSG00000091136	LAMB1	3912	laminin subunit beta 1
ENSG00000091140	DLD	1738	dihydrolipoamide dehydrogenase
ENSG00000091157	WDR7	23335	WD repeat domain 7
ENSG00000091164	TXNL1	9352	thioredoxin like 1
ENSG00000091262	ABCC6	368	ATP binding cassette subfamily C member 6
ENSG00000091317	CMTM6	54918	CKLF like MARVEL transmembrane domain containing 6
ENSG00000091409	ITGA6	3655	integrin subunit alpha 6
ENSG00000091436	MAP3K20	51776	mitogen-activated protein kinase kinase kinase 20
ENSG00000091483	FH	2271	fumarate hydratase
ENSG00000091490	SEL1L3	23231	SEL1L family member 3
ENSG00000091527	CDV3	55573	CDV3 homolog
ENSG00000091542	ALKBH5	54890	alkB homolog 5, RNA demethylase
ENSG00000091583	APOH	350	apolipoprotein H
ENSG00000091592	NLRP1	22861	NLR family pyrin domain containing 1
ENSG00000091622	PITPNM3	83394	PITPNM family member 3
ENSG00000091640	SPAG7	9552	sperm associated antigen 7
ENSG00000091651	ORC6	23594	origin recognition complex subunit 6
ENSG00000091732	ZC3HC1	51530	zinc finger C3HC-type containing 1
ENSG00000091844	RGS17	26575	regulator of G protein signaling 17
ENSG00000091947	TMEM101	84336	transmembrane protein 101
ENSG00000091986	CCDC80	151887	coiled-coil domain containing 80
ENSG00000092010	PSME1	5720	proteasome activator subunit 1
ENSG00000092020	PPP2R3C	55012	protein phosphatase 2 regulatory subunit B''gamma
ENSG00000092036	HAUS4	54930	HAUS augmin like complex subunit 4
ENSG00000092094	OSGEP	55644	O-sialoglycoprotein endopeptidase
ENSG00000092096	SLC22A17	51310	solute carrier family 22 member 17
ENSG00000092098	RNF31	55072	ring finger protein 31
ENSG00000092108	SCFD1	23256	sec1 family domain containing 1
ENSG00000092140	G2E3	55632	G2/M-phase specific E3 ubiquitin protein ligase
ENSG00000092148	HECTD1	25831	HECT domain E3 ubiquitin protein ligase 1
ENSG00000092199	HNRNPC	3183	heterogeneous nuclear ribonucleoprotein C
ENSG00000092201	SUPT16H	11198	SPT16 homolog, facilitates chromatin remodeling subunit
ENSG00000092203	TOX4	9878	TOX high mobility group box family member 4
ENSG00000092208	GEMIN2	8487	gem nuclear organelle associated protein 2
ENSG00000092330	TINF2	26277	TERF1 interacting nuclear factor 2
ENSG00000092439	TRPM7	54822	transient receptor potential cation channel subfamily M member 7
ENSG00000092445	TYRO3	7301	TYRO3 protein tyrosine kinase
ENSG00000092470	WDR76	79968	WD repeat domain 76
ENSG00000092531	SNAP23	8773	synaptosome associated protein 23
ENSG00000092621	PHGDH	26227	phosphoglycerate dehydrogenase
ENSG00000092820	EZR	7430	ezrin
ENSG00000092841	MYL6	4637	myosin light chain 6
ENSG00000092847	AGO1	26523	argonaute RISC component 1
ENSG00000092853	CLSPN	63967	claspin
ENSG00000092871	RFFL	117584	ring finger and FYVE like domain containing E3 ubiquitin protein ligase
ENSG00000092929	UNC13D	201294	unc-13 homolog D
ENSG00000092931	MFSD11	79157	major facilitator superfamily domain containing 11
ENSG00000092964	DPYSL2	1808	dihydropyrimidinase like 2
ENSG00000092969	TGFB2	7042	transforming growth factor beta 2
ENSG00000092978	GPATCH2	55105	G-patch domain containing 2
ENSG00000093000	NUP50	10762	nucleoporin 50
ENSG00000093009	CDC45	8318	cell division cycle 45
ENSG00000093010	COMT	1312	catechol-O-methyltransferase
ENSG00000093144	ECHDC1	55862	ethylmalonyl-CoA decarboxylase 1
ENSG00000093167	LRRFIP2	9209	LRR binding FLII interacting protein 2
ENSG00000093183	SEC22C	9117	SEC22 homolog C, vesicle trafficking protein
ENSG00000093217	XYLB	9942	xylulokinase
ENSG00000094631	HDAC6	10013	histone deacetylase 6
ENSG00000094804	CDC6	990	cell division cycle 6
ENSG00000094841	UPRT	139596	uracil phosphoribosyltransferase homolog
ENSG00000094880	CDC23	8697	cell division cycle 23
ENSG00000094914	AAAS	8086	aladin WD repeat nucleoporin
ENSG00000094916	CBX5	23468	chromobox 5
ENSG00000094975	SUCO	51430	SUN domain containing ossification factor
ENSG00000095002	MSH2	4436	mutS homolog 2
ENSG00000095015	MAP3K1	4214	mitogen-activated protein kinase kinase kinase 1
ENSG00000095059	DHPS	1725	deoxyhypusine synthase
ENSG00000095066	HOOK2	29911	hook microtubule tethering protein 2
ENSG00000095139	ARCN1	372	archain 1
ENSG00000095203	EPB41L4B	54566	erythrocyte membrane protein band 4.1 like 4B
ENSG00000095209	TMEM38B	55151	transmembrane protein 38B
ENSG00000095261	PSMD5	5711	proteasome 26S subunit, non-ATPase 5
ENSG00000095319	NUP188	23511	nucleoporin 188
ENSG00000095321	CRAT	1384	carnitine O-acetyltransferase
ENSG00000095380	NANS	54187	N-acetylneuraminate synthase
ENSG00000095383	TBC1D2	55357	TBC1 domain family member 2
ENSG00000095397	WHRN	25861	whirlin
ENSG00000095485	CWF19L1	55280	CWF19 like cell cycle control factor 1
ENSG00000095539	SEMA4G	57715	semaphorin 4G
ENSG00000095564	BTAF1	9044	B-TFIID TATA-box binding protein associated factor 1
ENSG00000095574	IKZF5	64376	IKAROS family zinc finger 5
ENSG00000095585	BLNK	29760	B cell linker
ENSG00000095713	CRTAC1	55118	cartilage acidic protein 1
ENSG00000095739	BAMBI	25805	BMP and activin membrane bound inhibitor
ENSG00000095752	IL11	3589	interleukin 11
ENSG00000095787	WAC	51322	WW domain containing adaptor with coiled-coil
ENSG00000095794	CREM	1390	cAMP responsive element modulator
ENSG00000095906	NUBP2	10101	NUBP iron-sulfur cluster assembly factor 2, cytosolic
ENSG00000095951	HIVEP1	3096	HIVEP zinc finger 1
ENSG00000096060	FKBP5	2289	FKBP prolyl isomerase 5
ENSG00000096063	SRPK1	6732	SRSF protein kinase 1
ENSG00000096070	BRPF3	27154	bromodomain and PHD finger containing 3
ENSG00000096080	MRPS18A	55168	mitochondrial ribosomal protein S18A
ENSG00000096092	TMEM14A	28978	transmembrane protein 14A
ENSG00000096093	EFHC1	114327	EF-hand domain containing 1
ENSG00000096384	HSP90AB1	3326	heat shock protein 90 alpha family class B member 1
ENSG00000096401	CDC5L	988	cell division cycle 5 like
ENSG00000096433	ITPR3	3710	inositol 1,4,5-trisphosphate receptor type 3
ENSG00000096654	ZNF184	7738	zinc finger protein 184
ENSG00000096696	DSP	1832	desmoplakin
ENSG00000096717	SIRT1	23411	sirtuin 1
ENSG00000096746	HNRNPH3	3189	heterogeneous nuclear ribonucleoprotein H3
ENSG00000096872	IFT74	80173	intraflagellar transport 74
ENSG00000096968	JAK2	3717	Janus kinase 2
ENSG00000097007	ABL1	25	ABL proto-oncogene 1, non-receptor tyrosine kinase
ENSG00000097021	ACOT7	11332	acyl-CoA thioesterase 7
ENSG00000097033	SH3GLB1	51100	SH3 domain containing GRB2 like, endophilin B1
ENSG00000097046	CDC7	8317	cell division cycle 7
ENSG00000099139	PCSK5	5125	proprotein convertase subtilisin/kexin type 5
ENSG00000099194	SCD	6319	stearoyl-CoA desaturase
ENSG00000099203	TMED1	11018	transmembrane p24 trafficking protein 1
ENSG00000099204	ABLIM1	3983	actin binding LIM protein 1
ENSG00000099219	ERMP1	79956	endoplasmic reticulum metallopeptidase 1
ENSG00000099246	RAB18	22931	RAB18, member RAS oncogene family
ENSG00000099250	NRP1	8829	neuropilin 1
ENSG00000099256	PRTFDC1	56952	phosphoribosyl transferase domain containing 1
ENSG00000099260	PALMD	54873	palmdelphin
ENSG00000099282	TSPAN15	23555	tetraspanin 15
ENSG00000099284	MACROH2A2	55506	macroH2A.2 histone
ENSG00000099290	WASHC2A	387680	WASH complex subunit 2A
ENSG00000099308	MAST3	23031	microtubule associated serine/threonine kinase 3
ENSG00000099326	MZF1	7593	myeloid zinc finger 1
ENSG00000099330	OCEL1	79629	occludin/ELL domain containing 1
ENSG00000099331	MYO9B	4650	myosin IXB
ENSG00000099337	KCNK6	9424	potassium two pore domain channel subfamily K member 6
ENSG00000099341	PSMD8	5714	proteasome 26S subunit, non-ATPase 8
ENSG00000099364	FBXL19	54620	F-box and leucine rich repeat protein 19
ENSG00000099365	STX1B	112755	syntaxin 1B
ENSG00000099377	HSD3B7	80270	hydroxy-delta-5-steroid dehydrogenase, 3 beta- and steroid delta-isomerase 7
ENSG00000099381	SETD1A	9739	SET domain containing 1A, histone lysine methyltransferase
ENSG00000099385	BCL7C	9274	BAF chromatin remodeling complex subunit BCL7C
ENSG00000099622	CIRBP	1153	cold inducible RNA binding protein
ENSG00000099624	ATP5F1D	513	ATP synthase F1 subunit delta
ENSG00000099625	CBARP	255057	CACN subunit beta associated regulatory protein
ENSG00000099783	HNRNPM	4670	heterogeneous nuclear ribonucleoprotein M
ENSG00000099785	MARCHF2	51257	membrane associated ring-CH-type finger 2
ENSG00000099795	NDUFB7	4713	NADH:ubiquinone oxidoreductase subunit B7
ENSG00000099797	TECR	9524	trans-2,3-enoyl-CoA reductase
ENSG00000099800	TIMM13	26517	translocase of inner mitochondrial membrane 13
ENSG00000099804	CDC34	997	cell division cycle 34, ubiqiutin conjugating enzyme
ENSG00000099812	MISP	126353	mitotic spindle positioning
ENSG00000099814	CEP170B	283638	centrosomal protein 170B
ENSG00000099817	POLR2E	5434	RNA polymerase II, I and III subunit E
ENSG00000099821	POLRMT	5442	RNA polymerase mitochondrial
ENSG00000099822	HCN2	610	hyperpolarization activated cyclic nucleotide gated potassium and sodium channel 2
ENSG00000099840	IZUMO4	113177	IZUMO family member 4
ENSG00000099849	RASSF7	8045	Ras association domain family member 7
ENSG00000099860	GADD45B	4616	growth arrest and DNA damage inducible beta
ENSG00000099864	PALM	5064	paralemmin
ENSG00000099875	MKNK2	2872	MAPK interacting serine/threonine kinase 2
ENSG00000099889	ARVCF	421	ARVCF delta catenin family member
ENSG00000099899	TRMT2A	27037	tRNA methyltransferase 2 homolog A
ENSG00000099901	RANBP1	5902	RAN binding protein 1
ENSG00000099904	ZDHHC8	29801	zinc finger DHHC-type palmitoyltransferase 8
ENSG00000099910	KLHL22	84861	kelch like family member 22
ENSG00000099917	MED15	51586	mediator complex subunit 15
ENSG00000099940	SNAP29	9342	synaptosome associated protein 29
ENSG00000099942	CRKL	1399	CRK like proto-oncogene, adaptor protein
ENSG00000099949	LZTR1	8216	leucine zipper like post translational regulator 1
ENSG00000099956	SMARCB1	6598	SWI/SNF related, matrix associated, actin dependent regulator of chromatin, subfamily b, member 1
ENSG00000099957	P2RX6	9127	purinergic receptor P2X 6
ENSG00000099968	BCL2L13	23786	BCL2 like 13
ENSG00000099974	DDTL	100037417	D-dopachrome tautomerase like
ENSG00000099977	DDT	1652	D-dopachrome tautomerase
ENSG00000099991	CABIN1	23523	calcineurin binding protein 1
ENSG00000099992	TBC1D10A	83874	TBC1 domain family member 10A
ENSG00000099994	SUSD2	56241	sushi domain containing 2
ENSG00000099995	SF3A1	10291	splicing factor 3a subunit 1
ENSG00000099998	GGT5	2687	gamma-glutamyltransferase 5
ENSG00000099999	RNF215	200312	ring finger protein 215
ENSG00000100003	SEC14L2	23541	SEC14 like lipid binding 2
ENSG00000100014	SPECC1L	23384	sperm antigen with calponin homology and coiled-coil domains 1 like
ENSG00000100023	PPIL2	23759	peptidylprolyl isomerase like 2
ENSG00000100027	YPEL1	29799	yippee like 1
ENSG00000100028	SNRPD3	6634	small nuclear ribonucleoprotein D3 polypeptide
ENSG00000100029	PES1	23481	pescadillo ribosomal biogenesis factor 1
ENSG00000100030	MAPK1	5594	mitogen-activated protein kinase 1
ENSG00000100031	GGT1	2678	gamma-glutamyltransferase 1
ENSG00000100033	PRODH	5625	proline dehydrogenase 1
ENSG00000100034	PPM1F	9647	protein phosphatase, Mg2+/Mn2+ dependent 1F
ENSG00000100036	SLC35E4	339665	solute carrier family 35 member E4
ENSG00000100038	TOP3B	8940	DNA topoisomerase III beta
ENSG00000100056	ESS2	8220	ess-2 splicing factor homolog
ENSG00000100065	CARD10	29775	caspase recruitment domain family member 10
ENSG00000100075	SLC25A1	6576	solute carrier family 25 member 1
ENSG00000100077	GRK3	157	G protein-coupled receptor kinase 3
ENSG00000100083	GGA1	26088	golgi associated, gamma adaptin ear containing, ARF binding protein 1
ENSG00000100084	HIRA	7290	histone cell cycle regulator
ENSG00000100092	SH3BP1	23616	SH3 domain binding protein 1
ENSG00000100097	LGALS1	3956	galectin 1
ENSG00000100099	HPS4	89781	HPS4 biogenesis of lysosomal organelles complex 3 subunit 2
ENSG00000100100	PIK3IP1	113791	phosphoinositide-3-kinase interacting protein 1
ENSG00000100104	SRRD	402055	SRR1 domain containing
ENSG00000100105	PATZ1	23598	POZ/BTB and AT hook containing zinc finger 1
ENSG00000100106	TRIOBP	11078	TRIO and F-actin binding protein
ENSG00000100109	TFIP11	24144	tuftelin interacting protein 11
ENSG00000100116	GCAT	23464	glycine C-acetyltransferase
ENSG00000100121	GGTLC2	91227	gamma-glutamyltransferase light chain 2
ENSG00000100124	ANKRD54	129138	ankyrin repeat domain 54
ENSG00000100129	EIF3L	51386	eukaryotic translation initiation factor 3 subunit L
ENSG00000100138	SNU13	4809	small nuclear ribonucleoprotein 13
ENSG00000100139	MICALL1	85377	MICAL like 1
ENSG00000100142	POLR2F	5435	RNA polymerase II, I and III subunit F
ENSG00000100147	CCDC134	79879	coiled-coil domain containing 134
ENSG00000100150	DEPDC5	9681	DEP domain containing 5, GATOR1 subcomplex subunit
ENSG00000100151	PICK1	9463	protein interacting with PRKCA 1
ENSG00000100154	TTC28	23331	tetratricopeptide repeat domain 28
ENSG00000100162	CENPM	79019	centromere protein M
ENSG00000100167	SEPTIN3	55964	septin 3
ENSG00000100196	KDELR3	11015	KDEL endoplasmic reticulum protein retention receptor 3
ENSG00000100201	DDX17	10521	DEAD-box helicase 17
ENSG00000100207	TCF20	6942	transcription factor 20
ENSG00000100209	HSCB	150274	HscB mitochondrial iron-sulfur cluster cochaperone
ENSG00000100211	CBY1	25776	chibby 1, beta catenin antagonist
ENSG00000100216	TOMM22	56993	translocase of outer mitochondrial membrane 22
ENSG00000100218	RSPH14	27156	radial spoke head 14 homolog
ENSG00000100219	XBP1	7494	X-box binding protein 1
ENSG00000100220	RTCB	51493	RNA 2',3'-cyclic phosphate and 5'-OH ligase
ENSG00000100221	JOSD1	9929	Josephin domain containing 1
ENSG00000100225	FBXO7	25793	F-box protein 7
ENSG00000100226	GTPBP1	9567	GTP binding protein 1
ENSG00000100227	POLDIP3	84271	DNA polymerase delta interacting protein 3
ENSG00000100228	RAB36	9609	RAB36, member RAS oncogene family
ENSG00000100234	TIMP3	7078	TIMP metallopeptidase inhibitor 3
ENSG00000100239	PPP6R2	9701	protein phosphatase 6 regulatory subunit 2
ENSG00000100241	SBF1	6305	SET binding factor 1
ENSG00000100242	SUN2	25777	Sad1 and UNC84 domain containing 2
ENSG00000100243	CYB5R3	1727	cytochrome b5 reductase 3
ENSG00000100246	DNAL4	10126	dynein axonemal light chain 4
ENSG00000100258	LMF2	91289	lipase maturation factor 2
ENSG00000100263	RHBDD3	25807	rhomboid domain containing 3
ENSG00000100266	PACSIN2	11252	protein kinase C and casein kinase substrate in neurons 2
ENSG00000100271	TTLL1	25809	TTL family tubulin polyglutamylase complex subunit L1
ENSG00000100280	AP1B1	162	adaptor related protein complex 1 subunit beta 1
ENSG00000100281	HMGXB4	10042	HMG-box containing 4
ENSG00000100284	TOM1	10043	target of myb1 membrane trafficking protein
ENSG00000100288	CHKB	1120	choline kinase beta
ENSG00000100290	BIK	638	BCL2 interacting killer
ENSG00000100292	HMOX1	3162	heme oxygenase 1
ENSG00000100294	MCAT	27349	malonyl-CoA-acyl carrier protein transacylase
ENSG00000100296	THOC5	8563	THO complex subunit 5
ENSG00000100297	MCM5	4174	minichromosome maintenance complex component 5
ENSG00000100298	APOBEC3H	164668	apolipoprotein B mRNA editing enzyme catalytic subunit 3H
ENSG00000100299	ARSA	410	arylsulfatase A
ENSG00000100300	TSPO	706	translocator protein
ENSG00000100302	RASD2	23551	RASD family member 2
ENSG00000100304	TTLL12	23170	tubulin tyrosine ligase like 12
ENSG00000100307	CBX7	23492	chromobox 7
ENSG00000100311	PDGFB	5155	platelet derived growth factor subunit B
ENSG00000100316	RPL3	6122	ribosomal protein L3
ENSG00000100319	ZMAT5	55954	zinc finger matrin-type 5
ENSG00000100320	RBFOX2	23543	RNA binding fox-1 homolog 2
ENSG00000100321	SYNGR1	9145	synaptogyrin 1
ENSG00000100324	TAB1	10454	TGF-beta activated kinase 1 (MAP3K7) binding protein 1
ENSG00000100325	ASCC2	84164	activating signal cointegrator 1 complex subunit 2
ENSG00000100330	MTMR3	8897	myotubularin related protein 3
ENSG00000100335	MIEF1	54471	mitochondrial elongation factor 1
ENSG00000100342	APOL1	8542	apolipoprotein L1
ENSG00000100344	PNPLA3	80339	patatin like phospholipase domain containing 3
ENSG00000100345	MYH9	4627	myosin heavy chain 9
ENSG00000100347	SAMM50	25813	SAMM50 sorting and assembly machinery component
ENSG00000100348	TXN2	25828	thioredoxin 2
ENSG00000100350	FOXRED2	80020	FAD dependent oxidoreductase domain containing 2
ENSG00000100353	EIF3D	8664	eukaryotic translation initiation factor 3 subunit D
ENSG00000100354	TNRC6B	23112	trinucleotide repeat containing adaptor 6B
ENSG00000100359	SGSM3	27352	small G protein signaling modulator 3
ENSG00000100360	IFT27	11020	intraflagellar transport 27
ENSG00000100364	KIAA0930	23313	KIAA0930
ENSG00000100372	SLC25A17	10478	solute carrier family 25 member 17
ENSG00000100376	FAM118A	55007	family with sequence similarity 118 member A
ENSG00000100379	KCTD17	79734	potassium channel tetramerization domain containing 17
ENSG00000100380	ST13	6767	ST13 Hsp70 interacting protein
ENSG00000100387	RBX1	9978	ring-box 1
ENSG00000100393	EP300	2033	E1A binding protein p300
ENSG00000100395	L3MBTL2	83746	L3MBTL histone methyl-lysine binding protein 2
ENSG00000100401	RANGAP1	5905	Ran GTPase activating protein 1
ENSG00000100403	ZC3H7B	23264	zinc finger CCCH-type containing 7B
ENSG00000100410	PHF5A	84844	PHD finger protein 5A
ENSG00000100412	ACO2	50	aconitase 2
ENSG00000100413	POLR3H	171568	RNA polymerase III subunit H
ENSG00000100416	TRMU	55687	tRNA mitochondrial 2-thiouridylase
ENSG00000100417	PMM1	5372	phosphomannomutase 1
ENSG00000100418	DESI1	27351	desumoylating isopeptidase 1
ENSG00000100422	CERK	64781	ceramide kinase
ENSG00000100425	BRD1	23774	bromodomain containing 1
ENSG00000100426	ZBED4	9889	zinc finger BED-type containing 4
ENSG00000100429	HDAC10	83933	histone deacetylase 10
ENSG00000100439	ABHD4	63874	abhydrolase domain containing 4, N-acyl phospholipase B
ENSG00000100441	KHNYN	23351	KH and NYN domain containing
ENSG00000100442	FKBP3	2287	FKBP prolyl isomerase 3
ENSG00000100445	SDR39U1	56948	short chain dehydrogenase/reductase family 39U member 1
ENSG00000100461	RBM23	55147	RNA binding motif protein 23
ENSG00000100462	PRMT5	10419	protein arginine methyltransferase 5
ENSG00000100473	COCH	1690	cochlin
ENSG00000100478	AP4S1	11154	adaptor related protein complex 4 subunit sigma 1
ENSG00000100479	POLE2	5427	DNA polymerase epsilon 2, accessory subunit
ENSG00000100483	VCPKMT	79609	valosin containing protein lysine methyltransferase
ENSG00000100485	SOS2	6655	SOS Ras/Rho guanine nucleotide exchange factor 2
ENSG00000100490	CDKL1	8814	cyclin dependent kinase like 1
ENSG00000100503	NIN	51199	ninein
ENSG00000100504	PYGL	5836	glycogen phosphorylase L
ENSG00000100505	TRIM9	114088	tripartite motif containing 9
ENSG00000100519	PSMC6	5706	proteasome 26S subunit, ATPase 6
ENSG00000100522	GNPNAT1	64841	glucosamine-phosphate N-acetyltransferase 1
ENSG00000100523	DDHD1	80821	DDHD domain containing 1
ENSG00000100526	CDKN3	1033	cyclin dependent kinase inhibitor 3
ENSG00000100528	CNIH1	10175	cornichon family AMPA receptor auxiliary protein 1
ENSG00000100532	CGRRF1	10668	cell growth regulator with ring finger domain 1
ENSG00000100554	ATP6V1D	51382	ATPase H+ transporting V1 subunit D
ENSG00000100557	CCDC198	55195	coiled-coil domain containing 198
ENSG00000100558	PLEK2	26499	pleckstrin 2
ENSG00000100564	PIGH	5283	phosphatidylinositol glycan anchor biosynthesis class H
ENSG00000100567	PSMA3	5684	proteasome 20S subunit alpha 3
ENSG00000100568	VTI1B	10490	vesicle transport through interaction with t-SNAREs 1B
ENSG00000100575	TIMM9	26520	translocase of inner mitochondrial membrane 9
ENSG00000100577	GSTZ1	2954	glutathione S-transferase zeta 1
ENSG00000100578	KIAA0586	9786	KIAA0586
ENSG00000100580	TMED8	283578	transmembrane p24 trafficking protein family member 8
ENSG00000100591	AHSA1	10598	activator of HSP90 ATPase activity 1
ENSG00000100592	DAAM1	23002	dishevelled associated activator of morphogenesis 1
ENSG00000100596	SPTLC2	9517	serine palmitoyltransferase long chain base subunit 2
ENSG00000100599	RIN3	79890	Ras and Rab interactor 3
ENSG00000100600	LGMN	5641	legumain
ENSG00000100601	ALKBH1	8846	alkB homolog 1, histone H2A dioxygenase
ENSG00000100603	SNW1	22938	SNW domain containing 1
ENSG00000100605	ITPK1	3705	inositol-tetrakisphosphate 1-kinase
ENSG00000100612	DHRS7	51635	dehydrogenase/reductase 7
ENSG00000100614	PPM1A	5494	protein phosphatase, Mg2+/Mn2+ dependent 1A
ENSG00000100625	SIX4	51804	SIX homeobox 4
ENSG00000100626	GALNT16	57452	polypeptide N-acetylgalactosaminyltransferase 16
ENSG00000100629	CEP128	145508	centrosomal protein 128
ENSG00000100632	ERH	2079	ERH mRNA splicing and mitosis factor
ENSG00000100644	HIF1A	3091	hypoxia inducible factor 1 subunit alpha
ENSG00000100647	SUSD6	9766	sushi domain containing 6
ENSG00000100650	SRSF5	6430	serine and arginine rich splicing factor 5
ENSG00000100664	EIF5	1983	eukaryotic translation initiation factor 5
ENSG00000100697	DICER1	23405	dicer 1, ribonuclease III
ENSG00000100711	ZFYVE21	79038	zinc finger FYVE-type containing 21
ENSG00000100714	MTHFD1	4522	methylenetetrahydrofolate dehydrogenase, cyclohydrolase and formyltetrahydrofolate synthetase 1
ENSG00000100722	ZC3H14	79882	zinc finger CCCH-type containing 14
ENSG00000100726	TELO2	9894	telomere maintenance 2
ENSG00000100731	PCNX1	22990	pecanex 1
ENSG00000100739	BDKRB1	623	bradykinin receptor B1
ENSG00000100744	GSKIP	51527	GSK3B interacting protein
ENSG00000100749	VRK1	7443	VRK serine/threonine kinase 1
ENSG00000100764	PSMC1	5700	proteasome 26S subunit, ATPase 1
ENSG00000100767	PAPLN	89932	papilin, proteoglycan like sulfated glycoprotein
ENSG00000100784	RPS6KA5	9252	ribosomal protein S6 kinase A5
ENSG00000100796	PPP4R3A	55671	protein phosphatase 4 regulatory subunit 3A
ENSG00000100802	C14orf93	60686	chromosome 14 open reading frame 93
ENSG00000100804	PSMB5	5693	proteasome 20S subunit beta 5
ENSG00000100811	YY1	7528	YY1 transcription factor
ENSG00000100813	ACIN1	22985	apoptotic chromatin condensation inducer 1
ENSG00000100814	CCNB1IP1	57820	cyclin B1 interacting protein 1
ENSG00000100815	TRIP11	9321	thyroid hormone receptor interactor 11
ENSG00000100823	APEX1	328	apurinic/apyrimidinic endodeoxyribonuclease 1
ENSG00000100836	PABPN1	8106	poly(A) binding protein nuclear 1
ENSG00000100852	ARHGAP5	394	Rho GTPase activating protein 5
ENSG00000100865	CINP	51550	cyclin dependent kinase 2 interacting protein
ENSG00000100867	DHRS2	10202	dehydrogenase/reductase 2
ENSG00000100883	SRP54	6729	signal recognition particle 54
ENSG00000100888	CHD8	57680	chromodomain helicase DNA binding protein 8
ENSG00000100889	PCK2	5106	phosphoenolpyruvate carboxykinase 2, mitochondrial
ENSG00000100890	PRORP	9692	protein only RNase P catalytic subunit
ENSG00000100897	DCAF11	80344	DDB1 and CUL4 associated factor 11
ENSG00000100902	PSMA6	5687	proteasome 20S subunit alpha 6
ENSG00000100906	NFKBIA	4792	NFKB inhibitor alpha
ENSG00000100908	EMC9	51016	ER membrane protein complex subunit 9
ENSG00000100911	PSME2	5721	proteasome activator subunit 2
ENSG00000100916	BRMS1L	84312	BRMS1 like transcriptional repressor
ENSG00000100918	REC8	9985	REC8 meiotic recombination protein
ENSG00000100926	TM9SF1	10548	transmembrane 9 superfamily member 1
ENSG00000100934	SEC23A	10484	SEC23 homolog A, COPII coat complex component
ENSG00000100938	GMPR2	51292	guanosine monophosphate reductase 2
ENSG00000100941	PNN	5411	pinin, desmosome associated protein
ENSG00000100949	RABGGTA	5875	Rab geranylgeranyltransferase subunit alpha
ENSG00000100979	PLTP	5360	phospholipid transfer protein
ENSG00000100982	PCIF1	63935	phosphorylated CTD interacting factor 1
ENSG00000100983	GSS	2937	glutathione synthetase
ENSG00000100991	TRPC4AP	26133	transient receptor potential cation channel subfamily C member 4 associated protein
ENSG00000100994	PYGB	5834	glycogen phosphorylase B
ENSG00000100997	ABHD12	26090	abhydrolase domain containing 12, lysophospholipase
ENSG00000101000	PROCR	10544	protein C receptor
ENSG00000101003	GINS1	9837	GINS complex subunit 1
ENSG00000101004	NINL	22981	ninein like
ENSG00000101017	CD40	958	CD40 molecule
ENSG00000101019	UQCC1	55245	ubiquinol-cytochrome c reductase complex assembly factor 1
ENSG00000101040	ZMYND8	23613	zinc finger MYND-type containing 8
ENSG00000101049	SGK2	10110	serum/glucocorticoid regulated kinase 2
ENSG00000101052	IFT52	51098	intraflagellar transport 52
ENSG00000101057	MYBL2	4605	MYB proto-oncogene like 2
ENSG00000101076	HNF4A	3172	hepatocyte nuclear factor 4 alpha
ENSG00000101079	NDRG3	57446	NDRG family member 3
ENSG00000101082	SLA2	84174	Src like adaptor 2
ENSG00000101084	RAB5IF	55969	RAB5 interacting factor
ENSG00000101098	RIMS4	140730	regulating synaptic membrane exocytosis 4
ENSG00000101104	PABPC1L	80336	poly(A) binding protein cytoplasmic 1 like
ENSG00000101109	STK4	6789	serine/threonine kinase 4
ENSG00000101115	SALL4	57167	spalt like transcription factor 4
ENSG00000101126	ADNP	23394	activity dependent neuroprotector homeobox
ENSG00000101132	PFDN4	5203	prefoldin subunit 4
ENSG00000101138	CSTF1	1477	cleavage stimulation factor subunit 1
ENSG00000101146	RAE1	8480	ribonucleic acid export 1
ENSG00000101150	TPD52L2	7165	TPD52 like 2
ENSG00000101152	DNAJC5	80331	DnaJ heat shock protein family (Hsp40) member C5
ENSG00000101158	NELFCD	51497	negative elongation factor complex member C/D
ENSG00000101160	CTSZ	1522	cathepsin Z
ENSG00000101161	PRPF6	24148	pre-mRNA processing factor 6
ENSG00000101166	PRELID3B	51012	PRELI domain containing 3B
ENSG00000101181	MTG2	26164	mitochondrial ribosome associated GTPase 2
ENSG00000101182	PSMA7	5688	proteasome 20S subunit alpha 7
ENSG00000101187	SLCO4A1	28231	solute carrier organic anion transporter family member 4A1
ENSG00000101189	MRGBP	55257	MRG domain binding protein
ENSG00000101190	TCFL5	10732	transcription factor like 5
ENSG00000101191	DIDO1	11083	death inducer-obliterator 1
ENSG00000101193	GID8	54994	GID complex subunit 8 homolog
ENSG00000101197	BIRC7	79444	baculoviral IAP repeat containing 7
ENSG00000101198	NKAIN4	128414	sodium/potassium transporting ATPase interacting 4
ENSG00000101199	ARFGAP1	55738	ADP ribosylation factor GTPase activating protein 1
ENSG00000101210	EEF1A2	1917	eukaryotic translation elongation factor 1 alpha 2
ENSG00000101213	PTK6	5753	protein tyrosine kinase 6
ENSG00000101216	GMEB2	26205	glucocorticoid modulatory element binding protein 2
ENSG00000101220	ADISSP	54976	adipose secreted signaling protein
ENSG00000101224	CDC25B	994	cell division cycle 25B
ENSG00000101236	RNF24	11237	ring finger protein 24
ENSG00000101246	ARFRP1	10139	ADP ribosylation factor related protein 1
ENSG00000101247	NDUFAF5	79133	NADH:ubiquinone oxidoreductase complex assembly factor 5
ENSG00000101255	TRIB3	57761	tribbles pseudokinase 3
ENSG00000101265	RASSF2	9770	Ras association domain family member 2
ENSG00000101266	CSNK2A1	1457	casein kinase 2 alpha 1
ENSG00000101276	SLC52A3	113278	solute carrier family 52 member 3
ENSG00000101290	CDS2	8760	CDP-diacylglycerol synthase 2
ENSG00000101294	HM13	81502	histocompatibility minor 13
ENSG00000101298	SNPH	9751	syntaphilin
ENSG00000101307	SIRPB1	10326	signal regulatory protein beta 1
ENSG00000101310	SEC23B	10483	SEC23 homolog B, COPII coat complex component
ENSG00000101311	FERMT1	55612	FERM domain containing kindlin 1
ENSG00000101333	PLCB4	5332	phospholipase C beta 4
ENSG00000101335	MYL9	10398	myosin light chain 9
ENSG00000101337	TM9SF4	9777	transmembrane 9 superfamily member 4
ENSG00000101343	CRNKL1	51340	crooked neck pre-mRNA splicing factor 1
ENSG00000101346	POFUT1	23509	protein O-fucosyltransferase 1
ENSG00000101347	SAMHD1	25939	SAM and HD domain containing deoxynucleoside triphosphate triphosphohydrolase 1
ENSG00000101350	KIF3B	9371	kinesin family member 3B
ENSG00000101361	NOP56	10528	NOP56 ribonucleoprotein
ENSG00000101363	MANBAL	63905	mannosidase beta like
ENSG00000101365	IDH3B	3420	isocitrate dehydrogenase (NAD(+)) 3 non-catalytic subunit beta
ENSG00000101367	MAPRE1	22919	microtubule associated protein RP/EB family member 1
ENSG00000101384	JAG1	182	jagged canonical Notch ligand 1
ENSG00000101391	CDK5RAP1	51654	CDK5 regulatory subunit associated protein 1
ENSG00000101400	SNTA1	6640	syntrophin alpha 1
ENSG00000101407	TTI1	9675	TELO2 interacting protein 1
ENSG00000101412	E2F1	1869	E2F transcription factor 1
ENSG00000101413	RPRD1B	58490	regulation of nuclear pre-mRNA domain containing 1B
ENSG00000101417	PXMP4	11264	peroxisomal membrane protein 4
ENSG00000101421	CHMP4B	128866	charged multivesicular body protein 4B
ENSG00000101439	CST3	1471	cystatin C
ENSG00000101442	ACTR5	79913	actin related protein 5
ENSG00000101444	AHCY	191	adenosylhomocysteinase
ENSG00000101447	FAM83D	81610	family with sequence similarity 83 member D
ENSG00000101452	DHX35	60625	DEAH-box helicase 35
ENSG00000101457	DNTTIP1	116092	deoxynucleotidyltransferase terminal interacting protein 1
ENSG00000101460	MAP1LC3A	84557	microtubule associated protein 1 light chain 3 alpha
ENSG00000101463	SYNDIG1	79953	synapse differentiation inducing 1
ENSG00000101464	PIGU	128869	phosphatidylinositol glycan anchor biosynthesis class U
ENSG00000101473	ACOT8	10005	acyl-CoA thioesterase 8
ENSG00000101474	APMAP	57136	adipocyte plasma membrane associated protein
ENSG00000101493	ZNF516	9658	zinc finger protein 516
ENSG00000101544	ADNP2	22850	ADNP homeobox 2
ENSG00000101546	RBFA	79863	ribosome binding factor A
ENSG00000101557	USP14	9097	ubiquitin specific peptidase 14
ENSG00000101558	VAPA	9218	VAMP associated protein A
ENSG00000101574	METTL4	64863	methyltransferase 4, N6-adenosine
ENSG00000101577	LPIN2	9663	lipin 2
ENSG00000101596	SMCHD1	23347	structural maintenance of chromosomes flexible hinge domain containing 1
ENSG00000101608	MYL12A	10627	myosin light chain 12A
ENSG00000101624	CEP76	79959	centrosomal protein 76
ENSG00000101639	CEP192	55125	centrosomal protein 192
ENSG00000101654	RNMT	8731	RNA guanine-7 methyltransferase
ENSG00000101665	SMAD7	4092	SMAD family member 7
ENSG00000101745	ANKRD12	23253	ankyrin repeat domain 12
ENSG00000101751	POLI	11201	DNA polymerase iota
ENSG00000101752	MIB1	57534	MIB E3 ubiquitin protein ligase 1
ENSG00000101773	RBBP8	5932	RB binding protein 8, endonuclease
ENSG00000101782	RIOK3	8780	RIO kinase 3
ENSG00000101811	CSTF2	1478	cleavage stimulation factor subunit 2
ENSG00000101843	PSMD10	5716	proteasome 26S subunit, non-ATPase 10
ENSG00000101844	ATG4A	115201	autophagy related 4A cysteine peptidase
ENSG00000101846	STS	412	steroid sulfatase
ENSG00000101849	TBL1X	6907	transducin beta like 1 X-linked
ENSG00000101856	PGRMC1	10857	progesterone receptor membrane component 1
ENSG00000101868	POLA1	5422	DNA polymerase alpha 1, catalytic subunit
ENSG00000101871	MID1	4281	midline 1
ENSG00000101882	NKAP	79576	NFKB activating protein
ENSG00000101888	NXT2	55916	nuclear transport factor 2 like export factor 2
ENSG00000101901	ALG13	79868	ALG13 UDP-N-acetylglucosaminyltransferase subunit
ENSG00000101911	PRPS2	5634	phosphoribosyl pyrophosphate synthetase 2
ENSG00000101928	MOSPD1	56180	motile sperm domain containing 1
ENSG00000101935	AMMECR1	9949	AMMECR nuclear protein 1
ENSG00000101940	WDR13	64743	WD repeat domain 13
ENSG00000101945	SUV39H1	6839	SUV39H1 histone lysine methyltransferase
ENSG00000101955	SRPX	8406	sushi repeat containing protein X-linked
ENSG00000101966	XIAP	331	X-linked inhibitor of apoptosis
ENSG00000101972	STAG2	10735	STAG2 cohesin complex component
ENSG00000101974	ATP11C	286410	ATPase phospholipid transporting 11C
ENSG00000101986	ABCD1	215	ATP binding cassette subfamily D member 1
ENSG00000101997	CCDC22	28952	coiled-coil domain containing 22
ENSG00000102003	SYP	6855	synaptophysin
ENSG00000102007	PLP2	5355	proteolipid protein 2
ENSG00000102024	PLS3	5358	plastin 3
ENSG00000102030	NAA10	8260	N-alpha-acetyltransferase 10, NatA catalytic subunit
ENSG00000102034	ELF4	2000	E74 like ETS transcription factor 4
ENSG00000102038	SMARCA1	6594	SWI/SNF related, matrix associated, actin dependent regulator of chromatin, subfamily a, member 1
ENSG00000102048	ASB9	140462	ankyrin repeat and SOCS box containing 9
ENSG00000102054	RBBP7	5931	RB binding protein 7, chromatin remodeling factor
ENSG00000102057	KCND1	3750	potassium voltage-gated channel subfamily D member 1
ENSG00000102078	SLC25A14	9016	solute carrier family 25 member 14
ENSG00000102081	FMR1	2332	fragile X messenger ribonucleoprotein 1
ENSG00000102096	PIM2	11040	Pim-2 proto-oncogene, serine/threonine kinase
ENSG00000102098	SCML2	10389	Scm polycomb group protein like 2
ENSG00000102100	SLC35A2	7355	solute carrier family 35 member A2
ENSG00000102103	PQBP1	10084	polyglutamine binding protein 1
ENSG00000102109	PCSK1N	27344	proprotein convertase subtilisin/kexin type 1 inhibitor
ENSG00000102119	EMD	2010	emerin
ENSG00000102125	TAFAZZIN	6901	tafazzin, phospholipid-lysophospholipid transacylase
ENSG00000102144	PGK1	5230	phosphoglycerate kinase 1
ENSG00000102158	MAGT1	84061	magnesium transporter 1
ENSG00000102172	SMS	6611	spermine synthase
ENSG00000102178	UBL4A	8266	ubiquitin like 4A
ENSG00000102181	CD99L2	83692	CD99 molecule like 2
ENSG00000102189	EEA1	8411	early endosome antigen 1
ENSG00000102218	RP2	6102	RP2 activator of ARL3 GTPase
ENSG00000102221	JADE3	9767	jade family PHD finger 3
ENSG00000102225	CDK16	5127	cyclin dependent kinase 16
ENSG00000102226	USP11	8237	ubiquitin specific peptidase 11
ENSG00000102241	HTATSF1	27336	HIV-1 Tat specific factor 1
ENSG00000102265	TIMP1	7076	TIMP metallopeptidase inhibitor 1
ENSG00000102271	KLHL4	56062	kelch like family member 4
ENSG00000102287	GABRE	2564	gamma-aminobutyric acid type A receptor subunit epsilon
ENSG00000102302	FGD1	2245	FYVE, RhoGEF and PH domain containing 1
ENSG00000102309	PIN4	5303	peptidylprolyl cis/trans isomerase, NIMA-interacting 4
ENSG00000102312	PORCN	64840	porcupine O-acyltransferase
ENSG00000102316	MAGED2	10916	MAGE family member D2
ENSG00000102317	RBM3	5935	RNA binding motif protein 3
ENSG00000102359	SRPX2	27286	sushi repeat containing protein X-linked 2
ENSG00000102362	SYTL4	94121	synaptotagmin like 4
ENSG00000102384	CENPI	2491	centromere protein I
ENSG00000102390	PBDC1	51260	polysaccharide biosynthesis domain containing 1
ENSG00000102393	GLA	2717	galactosidase alpha
ENSG00000102401	ARMCX3	51566	armadillo repeat containing X-linked 3
ENSG00000102409	BEX4	56271	brain expressed X-linked 4
ENSG00000102452	NALCN	259232	sodium leak channel, non-selective
ENSG00000102471	NDFIP2	54602	Nedd4 family interacting protein 2
ENSG00000102531	FNDC3A	22862	fibronectin type III domain containing 3A
ENSG00000102543	CDADC1	81602	cytidine and dCMP deaminase domain containing 1
ENSG00000102547	CAB39L	81617	calcium binding protein 39 like
ENSG00000102554	KLF5	688	KLF transcription factor 5
ENSG00000102572	STK24	8428	serine/threonine kinase 24
ENSG00000102580	DNAJC3	5611	DnaJ heat shock protein family (Hsp40) member C3
ENSG00000102595	UGGT2	55757	UDP-glucose glycoprotein glucosyltransferase 2
ENSG00000102606	ARHGEF7	8874	Rho guanine nucleotide exchange factor 7
ENSG00000102699	PARP4	143	poly(ADP-ribose) polymerase family member 4
ENSG00000102710	SUPT20H	55578	SPT20 homolog, SAGA complex component
ENSG00000102738	MRPS31	10240	mitochondrial ribosomal protein S31
ENSG00000102743	SLC25A15	10166	solute carrier family 25 member 15
ENSG00000102753	KPNA3	3839	karyopherin subunit alpha 3
ENSG00000102760	RGCC	28984	regulator of cell cycle
ENSG00000102763	VWA8	23078	von Willebrand factor A domain containing 8
ENSG00000102780	DGKH	160851	diacylglycerol kinase eta
ENSG00000102781	KATNAL1	84056	katanin catalytic subunit A1 like 1
ENSG00000102786	INTS6	26512	integrator complex subunit 6
ENSG00000102796	DHRS12	79758	dehydrogenase/reductase 12
ENSG00000102804	TSC22D1	8848	TSC22 domain family member 1
ENSG00000102805	CLN5	1203	CLN5 intracellular trafficking protein
ENSG00000102854	MSLN	10232	mesothelin
ENSG00000102858	MGRN1	23295	mahogunin ring finger 1
ENSG00000102870	ZNF629	23361	zinc finger protein 629
ENSG00000102871	TRADD	8717	TNFRSF1A associated via death domain
ENSG00000102878	HSF4	3299	heat shock transcription factor 4
ENSG00000102879	CORO1A	11151	coronin 1A
ENSG00000102882	MAPK3	5595	mitogen-activated protein kinase 3
ENSG00000102886	GDPD3	79153	glycerophosphodiester phosphodiesterase domain containing 3
ENSG00000102893	PHKB	5257	phosphorylase kinase regulatory subunit beta
ENSG00000102897	LYRM1	57149	LYR motif containing 1
ENSG00000102898	NUTF2	10204	nuclear transport factor 2
ENSG00000102900	NUP93	9688	nucleoporin 93
ENSG00000102901	CENPT	80152	centromere protein T
ENSG00000102908	NFAT5	10725	nuclear factor of activated T cells 5
ENSG00000102910	LONP2	83752	lon peptidase 2, peroxisomal
ENSG00000102921	N4BP1	9683	NEDD4 binding protein 1
ENSG00000102931	ARL2BP	23568	ADP ribosylation factor like GTPase 2 binding protein
ENSG00000102934	PLLP	51090	plasmolipin
ENSG00000102967	DHODH	1723	dihydroorotate dehydrogenase (quinone)
ENSG00000102974	CTCF	10664	CCCTC-binding factor
ENSG00000102977	ACD	65057	ACD shelterin complex subunit and telomerase recruitment factor
ENSG00000102978	POLR2C	5432	RNA polymerase II subunit C
ENSG00000102981	PARD6A	50855	par-6 family cell polarity regulator alpha
ENSG00000102984	ZNF821	55565	zinc finger protein 821
ENSG00000102996	MMP15	4324	matrix metallopeptidase 15
ENSG00000103005	USB1	79650	U6 snRNA biogenesis phosphodiesterase 1
ENSG00000103018	CYB5B	80777	cytochrome b5 type B
ENSG00000103021	CCDC113	29070	coiled-coil domain containing 113
ENSG00000103023	PRSS54	221191	serine protease 54
ENSG00000103024	NME3	4832	NME/NM23 nucleoside diphosphate kinase 3
ENSG00000103034	NDRG4	65009	NDRG family member 4
ENSG00000103035	PSMD7	5713	proteasome 26S subunit, non-ATPase 7
ENSG00000103037	SETD6	79918	SET domain containing 6, protein lysine methyltransferase
ENSG00000103042	SLC38A7	55238	solute carrier family 38 member 7
ENSG00000103043	VAC14	55697	VAC14 component of PIKFYVE complex
ENSG00000103044	HAS3	3038	hyaluronan synthase 3
ENSG00000103047	TANGO6	79613	transport and golgi organization 6 homolog
ENSG00000103051	COG4	25839	component of oligomeric golgi complex 4
ENSG00000103061	SLC7A6OS	84138	solute carrier family 7 member 6 opposite strand
ENSG00000103064	SLC7A6	9057	solute carrier family 7 member 6
ENSG00000103066	PLA2G15	23659	phospholipase A2 group XV
ENSG00000103089	FA2H	79152	fatty acid 2-hydroxylase
ENSG00000103091	WDR59	79726	WD repeat domain 59
ENSG00000103111	MON1B	22879	MON1 homolog B, secretory trafficking associated
ENSG00000103121	CMC2	56942	C-X9-C motif containing 2
ENSG00000103126	AXIN1	8312	axin 1
ENSG00000103145	HCFC1R1	54985	host cell factor C1 regulator 1
ENSG00000103148	NPRL3	8131	NPR3 like, GATOR1 complex subunit
ENSG00000103152	MPG	4350	N-methylpurine DNA glycosylase
ENSG00000103154	NECAB2	54550	N-terminal EF-hand calcium binding protein 2
ENSG00000103160	HSDL1	83693	hydroxysteroid dehydrogenase like 1
ENSG00000103168	TAF1C	9013	TATA-box binding protein associated factor, RNA polymerase I subunit C
ENSG00000103174	NAGPA	51172	N-acetylglucosamine-1-phosphodiester alpha-N-acetylglucosaminidase
ENSG00000103187	COTL1	23406	coactosin like F-actin binding protein 1
ENSG00000103194	USP10	9100	ubiquitin specific peptidase 10
ENSG00000103196	CRISPLD2	83716	cysteine rich secretory protein LCCL domain containing 2
ENSG00000103197	TSC2	7249	TSC complex subunit 2
ENSG00000103199	ZNF500	26048	zinc finger protein 500
ENSG00000103202	NME4	4833	NME/NM23 nucleoside diphosphate kinase 4
ENSG00000103222	ABCC1	4363	ATP binding cassette subfamily C member 1
ENSG00000103226	NOMO3	408050	NODAL modulator 3
ENSG00000103227	LMF1	64788	lipase maturation factor 1
ENSG00000103245	CIAO3	64428	cytosolic iron-sulfur assembly component 3
ENSG00000103248	MTHFSD	64779	methenyltetrahydrofolate synthetase domain containing
ENSG00000103249	CLCN7	1186	chloride voltage-gated channel 7
ENSG00000103253	HAGHL	84264	hydroxyacylglutathione hydrolase like
ENSG00000103254	ANTKMT	65990	adenine nucleotide translocase lysine methyltransferase
ENSG00000103257	SLC7A5	8140	solute carrier family 7 member 5
ENSG00000103260	METRN	79006	meteorin, glial cell differentiation regulator
ENSG00000103264	FBXO31	79791	F-box protein 31
ENSG00000103266	STUB1	10273	STIP1 homology and U-box containing protein 1
ENSG00000103269	RHBDL1	9028	rhomboid like 1
ENSG00000103274	NUBP1	4682	NUBP iron-sulfur cluster assembly factor 1, cytosolic
ENSG00000103275	UBE2I	7329	ubiquitin conjugating enzyme E2 I
ENSG00000103316	CRYM	1428	crystallin mu
ENSG00000103319	EEF2K	29904	eukaryotic elongation factor 2 kinase
ENSG00000103326	CAPN15	6650	calpain 15
ENSG00000103335	PIEZO1	9780	piezo type mechanosensitive ion channel component 1
ENSG00000103342	GSPT1	2935	G1 to S phase transition 1
ENSG00000103343	ZNF174	7727	zinc finger protein 174
ENSG00000103351	CLUAP1	23059	clusterin associated protein 1
ENSG00000103353	UBFD1	56061	ubiquitin family domain containing 1
ENSG00000103356	EARS2	124454	glutamyl-tRNA synthetase 2, mitochondrial
ENSG00000103363	ELOB	6923	elongin B
ENSG00000103365	GGA2	23062	golgi associated, gamma adaptin ear containing, ARF binding protein 2
ENSG00000103381	CPPED1	55313	calcineurin like phosphoesterase domain containing 1
ENSG00000103404	USP31	57478	ubiquitin specific peptidase 31
ENSG00000103415	HMOX2	3163	heme oxygenase 2
ENSG00000103423	DNAJA3	9093	DnaJ heat shock protein family (Hsp40) member A3
ENSG00000103429	BFAR	51283	bifunctional apoptosis regulator
ENSG00000103479	RBL2	5934	RB transcriptional corepressor like 2
ENSG00000103485	QPRT	23475	quinolinate phosphoribosyltransferase
ENSG00000103490	PYCARD	29108	PYD and CARD domain containing
ENSG00000103494	RPGRIP1L	23322	RPGRIP1 like
ENSG00000103495	MAZ	4150	MYC associated zinc finger protein
ENSG00000103496	STX4	6810	syntaxin 4
ENSG00000103502	CDIPT	10423	CDP-diacylglycerol--inositol 3-phosphatidyltransferase
ENSG00000103507	BCKDK	10295	branched chain keto acid dehydrogenase kinase
ENSG00000103510	KAT8	84148	lysine acetyltransferase 8
ENSG00000103512	NOMO1	23420	NODAL modulator 1
ENSG00000103528	SYT17	51760	synaptotagmin 17
ENSG00000103534	TMC5	79838	transmembrane channel like 5
ENSG00000103540	CCP110	9738	centriolar coiled-coil protein 110
ENSG00000103544	VPS35L	57020	VPS35 endosomal protein sorting factor like
ENSG00000103549	RNF40	9810	ring finger protein 40
ENSG00000103550	KNOP1	400506	lysine rich nucleolar protein 1
ENSG00000103591	AAGAB	79719	alpha and gamma adaptin binding protein
ENSG00000103599	IQCH	64799	IQ motif containing H
ENSG00000103642	LACTB	114294	lactamase beta
ENSG00000103647	CORO2B	10391	coronin 2B
ENSG00000103653	CSK	1445	C-terminal Src kinase
ENSG00000103657	HERC1	8925	HECT and RLD domain containing E3 ubiquitin protein ligase family member 1
ENSG00000103671	TRIP4	9325	thyroid hormone receptor interactor 4
ENSG00000103707	MTFMT	123263	mitochondrial methionyl-tRNA formyltransferase
ENSG00000103740	ACSBG1	23205	acyl-CoA synthetase bubblegum family member 1
ENSG00000103742	IGDCC4	57722	immunoglobulin superfamily DCC subclass member 4
ENSG00000103769	RAB11A	8766	RAB11A, member RAS oncogene family
ENSG00000103811	CTSH	1512	cathepsin H
ENSG00000103852	TTC23	64927	tetratricopeptide repeat domain 23
ENSG00000103855	CD276	80381	CD276 molecule
ENSG00000103876	FAH	2184	fumarylacetoacetate hydrolase
ENSG00000103888	CEMIP	57214	cell migration inducing hyaluronidase 1
ENSG00000103932	RPAP1	26015	RNA polymerase II associated protein 1
ENSG00000103942	HOMER2	9455	homer scaffold protein 2
ENSG00000103966	EHD4	30844	EH domain containing 4
ENSG00000103978	TMEM87A	25963	transmembrane protein 87A
ENSG00000103994	ZNF106	64397	zinc finger protein 106
ENSG00000103995	CEP152	22995	centrosomal protein 152
ENSG00000104047	DTWD1	56986	DTW domain containing 1
ENSG00000104064	GABPB1	2553	GA binding protein transcription factor subunit beta 1
ENSG00000104067	TJP1	7082	tight junction protein 1
ENSG00000104081	BMF	90427	Bcl2 modifying factor
ENSG00000104093	DMXL2	23312	Dmx like 2
ENSG00000104129	DNAJC17	55192	DnaJ heat shock protein family (Hsp40) member C17
ENSG00000104131	EIF3J	8669	eukaryotic translation initiation factor 3 subunit J
ENSG00000104133	SPG11	80208	SPG11 vesicle trafficking associated, spatacsin
ENSG00000104140	RHOV	171177	ras homolog family member V
ENSG00000104142	VPS18	57617	VPS18 core subunit of CORVET and HOPS complexes
ENSG00000104147	OIP5	11339	Opa interacting protein 5
ENSG00000104154	SLC30A4	7782	solute carrier family 30 member 4
ENSG00000104164	BLOC1S6	26258	biogenesis of lysosomal organelles complex 1 subunit 6
ENSG00000104177	MYEF2	50804	myelin expression factor 2
ENSG00000104205	SGK3	23678	serum/glucocorticoid regulated kinase family member 3
ENSG00000104213	PDGFRL	5157	platelet derived growth factor receptor like
ENSG00000104218	CSPP1	79848	centrosome and spindle pole associated protein 1
ENSG00000104219	ZDHHC2	51201	zinc finger DHHC-type palmitoyltransferase 2
ENSG00000104221	BRF2	55290	BRF2 RNA polymerase III transcription initiation factor subunit
ENSG00000104228	TRIM35	23087	tripartite motif containing 35
ENSG00000104231	ZFAND1	79752	zinc finger AN1-type containing 1
ENSG00000104290	FZD3	7976	frizzled class receptor 3
ENSG00000104299	INTS9	55756	integrator complex subunit 9
ENSG00000104312	RIPK2	8767	receptor interacting serine/threonine kinase 2
ENSG00000104320	NBN	4683	nibrin
ENSG00000104321	TRPA1	8989	transient receptor potential cation channel subfamily A member 1
ENSG00000104324	CPQ	10404	carboxypeptidase Q
ENSG00000104325	DECR1	1666	2,4-dienoyl-CoA reductase 1
ENSG00000104331	BPNT2	54928	3'(2'), 5'-bisphosphate nucleotidase 2
ENSG00000104332	SFRP1	6422	secreted frizzled related protein 1
ENSG00000104341	LAPTM4B	55353	lysosomal protein transmembrane 4 beta
ENSG00000104343	UBE2W	55284	ubiquitin conjugating enzyme E2 W
ENSG00000104356	POP1	10940	POP1 homolog, ribonuclease P/MRP subunit
ENSG00000104361	NIPAL2	79815	NIPA like domain containing 2
ENSG00000104365	IKBKB	3551	inhibitor of nuclear factor kappa B kinase subunit beta
ENSG00000104368	PLAT	5327	plasminogen activator, tissue type
ENSG00000104375	STK3	6788	serine/threonine kinase 3
ENSG00000104381	GDAP1	54332	ganglioside induced differentiation associated protein 1
ENSG00000104388	RAB2A	5862	RAB2A, member RAS oncogene family
ENSG00000104408	EIF3E	3646	eukaryotic translation initiation factor 3 subunit E
ENSG00000104412	EMC2	9694	ER membrane protein complex subunit 2
ENSG00000104419	NDRG1	10397	N-myc downstream regulated 1
ENSG00000104427	ZC2HC1A	51101	zinc finger C2HC-type containing 1A
ENSG00000104442	ARMC1	55156	armadillo repeat containing 1
ENSG00000104450	SPAG1	6674	sperm associated antigen 1
ENSG00000104472	CHRAC1	54108	chromatin accessibility complex subunit 1
ENSG00000104497	SNX16	64089	sorting nexin 16
ENSG00000104517	UBR5	51366	ubiquitin protein ligase E3 component n-recognin 5
ENSG00000104518	GSDMD	79792	gasdermin D
ENSG00000104522	GFUS	7264	GDP-L-fucose synthase
ENSG00000104524	PYCR3	65263	pyrroline-5-carboxylate reductase 3
ENSG00000104529	EEF1D	1936	eukaryotic translation elongation factor 1 delta
ENSG00000104537	ANXA13	312	annexin A13
ENSG00000104549	SQLE	6713	squalene epoxidase
ENSG00000104611	SH2D4A	63898	SH2 domain containing 4A
ENSG00000104613	INTS10	55174	integrator complex subunit 10
ENSG00000104626	ERI1	90459	exoribonuclease 1
ENSG00000104635	SLC39A14	23516	solute carrier family 39 member 14
ENSG00000104643	MTMR9	66036	myotubularin related protein 9
ENSG00000104660	LEPROTL1	23484	leptin receptor overlapping transcript like 1
ENSG00000104671	DCTN6	10671	dynactin subunit 6
ENSG00000104679	R3HCC1	203069	R3H domain and coiled-coil containing 1
ENSG00000104687	GSR	2936	glutathione-disulfide reductase
ENSG00000104689	TNFRSF10A	8797	TNF receptor superfamily member 10a
ENSG00000104691	UBXN8	7993	UBX domain protein 8
ENSG00000104695	PPP2CB	5516	protein phosphatase 2 catalytic subunit beta
ENSG00000104714	ERICH1	157697	glutamate rich 1
ENSG00000104723	TUSC3	7991	tumor suppressor candidate 3
ENSG00000104728	ARHGEF10	9639	Rho guanine nucleotide exchange factor 10
ENSG00000104731	KLHDC4	54758	kelch domain containing 4
ENSG00000104738	MCM4	4173	minichromosome maintenance complex component 4
ENSG00000104756	KCTD9	54793	potassium channel tetramerization domain containing 9
ENSG00000104760	FGL1	2267	fibrinogen like 1
ENSG00000104763	ASAH1	427	N-acylsphingosine amidohydrolase 1
ENSG00000104765	BNIP3L	665	BCL2 interacting protein 3 like
ENSG00000104774	MAN2B1	4125	mannosidase alpha class 2B member 1
ENSG00000104783	KCNN4	3783	potassium calcium-activated channel subfamily N member 4
ENSG00000104805	NUCB1	4924	nucleobindin 1
ENSG00000104808	DHDH	27294	dihydrodiol dehydrogenase
ENSG00000104812	GYS1	2997	glycogen synthase 1
ENSG00000104823	ECH1	1891	enoyl-CoA hydratase 1
ENSG00000104824	HNRNPL	3191	heterogeneous nuclear ribonucleoprotein L
ENSG00000104825	NFKBIB	4793	NFKB inhibitor beta
ENSG00000104833	TUBB4A	10382	tubulin beta 4A class IVa
ENSG00000104835	SARS2	54938	seryl-tRNA synthetase 2, mitochondrial
ENSG00000104852	SNRNP70	6625	small nuclear ribonucleoprotein U1 subunit 70
ENSG00000104853	CLPTM1	1209	CLPTM1 regulator of GABA type A receptor forward trafficking
ENSG00000104856	RELB	5971	RELB proto-oncogene, NF-kB subunit
ENSG00000104859	CLASRP	11129	CLK4 associating serine/arginine rich protein
ENSG00000104863	LIN7B	64130	lin-7 homolog B, crumbs cell polarity complex component
ENSG00000104866	PPP1R37	284352	protein phosphatase 1 regulatory subunit 37
ENSG00000104870	FCGRT	2217	Fc gamma receptor and transporter
ENSG00000104872	PIH1D1	55011	PIH1 domain containing 1
ENSG00000104880	ARHGEF18	23370	Rho/Rac guanine nucleotide exchange factor 18
ENSG00000104881	PPP1R13L	10848	protein phosphatase 1 regulatory subunit 13 like
ENSG00000104883	PEX11G	92960	peroxisomal biogenesis factor 11 gamma
ENSG00000104884	ERCC2	2068	ERCC excision repair 2, TFIIH core complex helicase subunit
ENSG00000104885	DOT1L	84444	DOT1 like histone lysine methyltransferase
ENSG00000104886	PLEKHJ1	55111	pleckstrin homology domain containing J1
ENSG00000104888	SLC17A7	57030	solute carrier family 17 member 7
ENSG00000104889	RNASEH2A	10535	ribonuclease H2 subunit A
ENSG00000104892	KLC3	147700	kinesin light chain 3
ENSG00000104897	SF3A2	8175	splicing factor 3a subunit 2
ENSG00000104899	AMH	268	anti-Mullerian hormone
ENSG00000104901	DKKL1	27120	dickkopf like acrosomal protein 1
ENSG00000104904	OAZ1	4946	ornithine decarboxylase antizyme 1
ENSG00000104907	TRMT1	55621	tRNA methyltransferase 1
ENSG00000104915	STX10	8677	syntaxin 10
ENSG00000104936	DMPK	1760	DM1 protein kinase
ENSG00000104946	TBC1D17	79735	TBC1 domain family member 17
ENSG00000104953	TLE6	79816	TLE family member 6, subcortical maternal complex member
ENSG00000104957	YJU2B	81576	YJU2 splicing factor homolog B
ENSG00000104960	PTOV1	53635	PTOV1 extended AT-hook containing adaptor protein
ENSG00000104964	TLE5	166	TLE family member 5, transcriptional modulator
ENSG00000104969	SGTA	6449	small glutamine rich tetratricopeptide repeat co-chaperone alpha
ENSG00000104973	MED25	81857	mediator complex subunit 25
ENSG00000104976	SNAPC2	6618	small nuclear RNA activating complex polypeptide 2
ENSG00000104979	C19orf53	28974	chromosome 19 open reading frame 53
ENSG00000104980	TIMM44	10469	translocase of inner mitochondrial membrane 44
ENSG00000104983	CCDC61	729440	coiled-coil domain containing 61
ENSG00000104998	IL27RA	9466	interleukin 27 receptor subunit alpha
ENSG00000105011	ASF1B	55723	anti-silencing function 1B histone chaperone
ENSG00000105048	TNNT1	7138	troponin T1, slow skeletal type
ENSG00000105053	VRK3	51231	VRK serine/threonine kinase 3
ENSG00000105058	FAM32A	26017	family with sequence similarity 32 member A
ENSG00000105063	PPP6R1	22870	protein phosphatase 6 regulatory subunit 1
ENSG00000105072	C19orf44	84167	chromosome 19 open reading frame 44
ENSG00000105085	MED26	9441	mediator complex subunit 26
ENSG00000105088	OLFM2	93145	olfactomedin 2
ENSG00000105127	AKAP8	10270	A-kinase anchoring protein 8
ENSG00000105135	ILVBL	10994	ilvB acetolactate synthase like
ENSG00000105136	ZNF419	79744	zinc finger protein 419
ENSG00000105137	SYDE1	85360	synapse defective Rho GTPase homolog 1
ENSG00000105171	POP4	10775	POP4 homolog, ribonuclease P/MRP subunit
ENSG00000105173	CCNE1	898	cyclin E1
ENSG00000105176	URI1	8725	URI1 prefoldin like chaperone
ENSG00000105185	PDCD5	9141	programmed cell death 5
ENSG00000105186	ANKRD27	84079	ankyrin repeat domain 27
ENSG00000105193	RPS16	6217	ribosomal protein S16
ENSG00000105197	TIMM50	92609	translocase of inner mitochondrial membrane 50
ENSG00000105202	FBL	2091	fibrillarin
ENSG00000105204	DYRK1B	9149	dual specificity tyrosine phosphorylation regulated kinase 1B
ENSG00000105220	GPI	2821	glucose-6-phosphate isomerase
ENSG00000105221	AKT2	208	AKT serine/threonine kinase 2
ENSG00000105223	PLD3	23646	phospholipase D family member 3
ENSG00000105227	PRX	57716	periaxin
ENSG00000105229	PIAS4	51588	protein inhibitor of activated STAT 4
ENSG00000105245	NUMBL	9253	NUMB like endocytic adaptor protein
ENSG00000105246	EBI3	10148	Epstein-Barr virus induced 3
ENSG00000105248	YJU2	55702	YJU2 splicing factor homolog
ENSG00000105254	TBCB	1155	tubulin folding cofactor B
ENSG00000105255	FSD1	79187	fibronectin type III and SPRY domain containing 1
ENSG00000105258	POLR2I	5438	RNA polymerase II subunit I
ENSG00000105270	CLIP3	25999	CAP-Gly domain containing linker protein 3
ENSG00000105281	SLC1A5	6510	solute carrier family 1 member 5
ENSG00000105287	PRKD2	25865	protein kinase D2
ENSG00000105289	TJP3	27134	tight junction protein 3
ENSG00000105290	APLP1	333	amyloid beta precursor like protein 1
ENSG00000105298	CACTIN	58509	cactin, spliceosome C complex subunit
ENSG00000105321	CCDC9	26093	coiled-coil domain containing 9
ENSG00000105323	HNRNPUL1	11100	heterogeneous nuclear ribonucleoprotein U like 1
ENSG00000105325	FZR1	51343	fizzy and cell division cycle 20 related 1
ENSG00000105327	BBC3	27113	BCL2 binding component 3
ENSG00000105329	TGFB1	7040	transforming growth factor beta 1
ENSG00000105339	DENND3	22898	DENN domain containing 3
ENSG00000105341	DMAC2	55101	distal membrane arm assembly component 2
ENSG00000105355	PLIN3	10226	perilipin 3
ENSG00000105357	MYH14	79784	myosin heavy chain 14
ENSG00000105364	MRPL4	51073	mitochondrial ribosomal protein L4
ENSG00000105372	RPS19	6223	ribosomal protein S19
ENSG00000105373	NOP53	29997	NOP53 ribosome biogenesis factor
ENSG00000105379	ETFB	2109	electron transfer flavoprotein subunit beta
ENSG00000105393	BABAM1	29086	BRISC and BRCA1 A complex member 1
ENSG00000105397	TYK2	7297	tyrosine kinase 2
ENSG00000105401	CDC37	11140	cell division cycle 37, HSP90 cochaperone
ENSG00000105402	NAPA	8775	NSF attachment protein alpha
ENSG00000105404	RABAC1	10567	Rab acceptor 1
ENSG00000105409	ATP1A3	478	ATPase Na+/K+ transporting subunit alpha 3
ENSG00000105419	MEIS3	56917	Meis homeobox 3
ENSG00000105426	PTPRS	5802	protein tyrosine phosphatase receptor type S
ENSG00000105427	CNFN	84518	cornifelin
ENSG00000105429	MEGF8	1954	multiple EGF like domains 8
ENSG00000105438	KDELR1	10945	KDEL endoplasmic reticulum protein retention receptor 1
ENSG00000105443	CYTH2	9266	cytohesin 2
ENSG00000105447	GRWD1	83743	glutamate rich WD repeat containing 1
ENSG00000105464	GRIN2D	2906	glutamate ionotropic receptor NMDA type subunit 2D
ENSG00000105472	CLEC11A	6320	C-type lectin domain containing 11A
ENSG00000105483	CARD8	22900	caspase recruitment domain family member 8
ENSG00000105486	LIG1	3978	DNA ligase 1
ENSG00000105497	ZNF175	7728	zinc finger protein 175
ENSG00000105499	PLA2G4C	8605	phospholipase A2 group IVC
ENSG00000105514	RAB3D	9545	RAB3D, member RAS oncogene family
ENSG00000105516	DBP	1628	D-box binding PAR bZIP transcription factor
ENSG00000105518	TMEM205	374882	transmembrane protein 205
ENSG00000105519	CAPS	828	calcyphosine
ENSG00000105520	PLPPR2	64748	phospholipid phosphatase related 2
ENSG00000105552	BCAT2	587	branched chain amino acid transaminase 2
ENSG00000105556	MIER2	54531	MIER family member 2
ENSG00000105559	PLEKHA4	57664	pleckstrin homology domain containing A4
ENSG00000105568	PPP2R1A	5518	protein phosphatase 2 scaffold subunit Aalpha
ENSG00000105576	TNPO2	30000	transportin 2
ENSG00000105583	WDR83OS	51398	WD repeat domain 83 opposite strand
ENSG00000105605	CACNG7	59284	calcium voltage-gated channel auxiliary subunit gamma 7
ENSG00000105607	GCDH	2639	glutaryl-CoA dehydrogenase
ENSG00000105612	DNASE2	1777	deoxyribonuclease 2, lysosomal
ENSG00000105613	MAST1	22983	microtubule associated serine/threonine kinase 1
ENSG00000105617	LENG1	79165	leukocyte receptor cluster member 1
ENSG00000105618	PRPF31	26121	pre-mRNA processing factor 31
ENSG00000105619	TFPT	29844	TCF3 fusion partner
ENSG00000105639	JAK3	3718	Janus kinase 3
ENSG00000105640	RPL18A	6142	ribosomal protein L18a
ENSG00000105643	ARRDC2	27106	arrestin domain containing 2
ENSG00000105647	PIK3R2	5296	phosphoinositide-3-kinase regulatory subunit 2
ENSG00000105649	RAB3A	5864	RAB3A, member RAS oncogene family
ENSG00000105650	PDE4C	5143	phosphodiesterase 4C
ENSG00000105655	ISYNA1	51477	inositol-3-phosphate synthase 1
ENSG00000105656	ELL	8178	elongation factor for RNA polymerase II
ENSG00000105662	CRTC1	23373	CREB regulated transcription coactivator 1
ENSG00000105668	UPK1A	11045	uroplakin 1A
ENSG00000105669	COPE	11316	COPI coat complex subunit epsilon
ENSG00000105671	DDX49	54555	DEAD-box helicase 49
ENSG00000105676	ARMC6	93436	armadillo repeat containing 6
ENSG00000105677	TMEM147	10430	transmembrane protein 147
ENSG00000105696	TMEM59L	25789	transmembrane protein 59 like
ENSG00000105698	USF2	7392	upstream transcription factor 2, c-fos interacting
ENSG00000105699	LSR	51599	lipolysis stimulated lipoprotein receptor
ENSG00000105700	KXD1	79036	KxDL motif containing 1
ENSG00000105701	FKBP8	23770	FKBP prolyl isomerase 8
ENSG00000105705	SUGP1	57794	SURP and G-patch domain containing 1
ENSG00000105708	ZNF14	7561	zinc finger protein 14
ENSG00000105711	SCN1B	6324	sodium voltage-gated channel beta subunit 1
ENSG00000105722	ERF	2077	ETS2 repressor factor
ENSG00000105723	GSK3A	2931	glycogen synthase kinase 3 alpha
ENSG00000105726	ATP13A1	57130	ATPase 13A1
ENSG00000105732	ZNF574	64763	zinc finger protein 574
ENSG00000105738	SIPA1L3	23094	signal induced proliferation associated 1 like 3
ENSG00000105755	ETHE1	23474	ETHE1 persulfide dioxygenase
ENSG00000105767	CADM4	199731	cell adhesion molecule 4
ENSG00000105771	SMG9	56006	SMG9 nonsense mediated mRNA decay factor
ENSG00000105778	AVL9	23080	AVL9 cell migration associated
ENSG00000105793	GTPBP10	85865	GTP binding protein 10
ENSG00000105808	RASA4	10156	RAS p21 protein activator 4
ENSG00000105810	CDK6	1021	cyclin dependent kinase 6
ENSG00000105819	PMPCB	9512	peptidase, mitochondrial processing subunit beta
ENSG00000105821	DNAJC2	27000	DnaJ heat shock protein family (Hsp40) member C2
ENSG00000105825	TFPI2	7980	tissue factor pathway inhibitor 2
ENSG00000105829	BET1	10282	Bet1 golgi vesicular membrane trafficking protein
ENSG00000105835	NAMPT	10135	nicotinamide phosphoribosyltransferase
ENSG00000105849	POLR1F	221830	RNA polymerase I subunit F
ENSG00000105852	PON3	5446	paraoxonase 3
ENSG00000105854	PON2	5445	paraoxonase 2
ENSG00000105856	HBP1	26959	HMG-box transcription factor 1
ENSG00000105865	DUS4L	11062	dihydrouridine synthase 4 like
ENSG00000105866	SP4	6671	Sp4 transcription factor
ENSG00000105875	WDR91	29062	WD repeat domain 91
ENSG00000105879	CBLL1	79872	Cbl proto-oncogene like 1
ENSG00000105887	MTPN	136319	myotrophin
ENSG00000105926	PALS2	51678	protein associated with LIN7 2, MAGUK p55 family member
ENSG00000105928	GSDME	1687	gasdermin E
ENSG00000105939	ZC3HAV1	56829	zinc finger CCCH-type containing, antiviral 1
ENSG00000105948	IFT56	79989	intraflagellar transport 56
ENSG00000105953	OGDH	4967	oxoglutarate dehydrogenase
ENSG00000105963	ADAP1	11033	ArfGAP with dual PH domains 1
ENSG00000105968	H2AZ2	94239	H2A.Z variant histone 2
ENSG00000105971	CAV2	858	caveolin 2
ENSG00000105974	CAV1	857	caveolin 1
ENSG00000105976	MET	4233	MET proto-oncogene, receptor tyrosine kinase
ENSG00000105982	RNF32	140545	ring finger protein 32
ENSG00000105983	LMBR1	64327	limb development membrane protein 1
ENSG00000105991	HOXA1	3198	homeobox A1
ENSG00000105993	DNAJB6	10049	DnaJ heat shock protein family (Hsp40) member B6
ENSG00000105997	HOXA3	3200	homeobox A3
ENSG00000106003	LFNG	3955	LFNG O-fucosylpeptide 3-beta-N-acetylglucosaminyltransferase
ENSG00000106004	HOXA5	3202	homeobox A5
ENSG00000106009	BRAT1	221927	BRCA1 associated ATM activator 1
ENSG00000106012	IQCE	23288	IQ motif containing E
ENSG00000106028	SSBP1	6742	single stranded DNA binding protein 1
ENSG00000106031	HOXA13	3209	homeobox A13
ENSG00000106049	HIBADH	11112	3-hydroxyisobutyrate dehydrogenase
ENSG00000106052	TAX1BP1	8887	Tax1 binding protein 1
ENSG00000106070	GRB10	2887	growth factor receptor bound protein 10
ENSG00000106077	ABHD11	83451	abhydrolase domain containing 11
ENSG00000106078	COBL	23242	cordon-bleu WH2 repeat protein
ENSG00000106080	FKBP14	55033	FKBP prolyl isomerase 14
ENSG00000106086	PLEKHA8	84725	pleckstrin homology domain containing A8
ENSG00000106089	STX1A	6804	syntaxin 1A
ENSG00000106100	NOD1	10392	nucleotide binding oligomerization domain containing 1
ENSG00000106105	GARS1	2617	glycyl-tRNA synthetase 1
ENSG00000106125	MINDY4	84182	MINDY lysine 48 deubiquitinase 4
ENSG00000106144	CASP2	835	caspase 2
ENSG00000106153	CHCHD2	51142	coiled-coil-helix-coiled-coil-helix domain containing 2
ENSG00000106211	HSPB1	3315	heat shock protein family B (small) member 1
ENSG00000106244	PDAP1	11333	PDGFA associated protein 1
ENSG00000106245	BUD31	8896	BUD31 homolog
ENSG00000106246	PTCD1	26024	pentatricopeptide repeat domain 1
ENSG00000106258	CYP3A5	1577	cytochrome P450 family 3 subfamily A member 5
ENSG00000106261	ZKSCAN1	7586	zinc finger with KRAB and SCAN domains 1
ENSG00000106263	EIF3B	8662	eukaryotic translation initiation factor 3 subunit B
ENSG00000106266	SNX8	29886	sorting nexin 8
ENSG00000106268	NUDT1	4521	nudix hydrolase 1
ENSG00000106290	TAF6	6878	TATA-box binding protein associated factor 6
ENSG00000106299	WASL	8976	WASP like actin nucleation promoting factor
ENSG00000106305	AIMP2	7965	aminoacyl tRNA synthetase complex interacting multifunctional protein 2
ENSG00000106330	MOSPD3	64598	motile sperm domain containing 3
ENSG00000106333	PCOLCE	5118	procollagen C-endopeptidase enhancer
ENSG00000106344	RBM28	55131	RNA binding motif protein 28
ENSG00000106346	USP42	84132	ubiquitin specific peptidase 42
ENSG00000106348	IMPDH1	3614	inosine monophosphate dehydrogenase 1
ENSG00000106351	AGFG2	3268	ArfGAP with FG repeats 2
ENSG00000106355	LSM5	23658	LSM5 homolog, U6 small nuclear RNA and mRNA degradation associated
ENSG00000106366	SERPINE1	5054	serpin family E member 1
ENSG00000106367	AP1S1	1174	adaptor related protein complex 1 subunit sigma 1
ENSG00000106392	C1GALT1	56913	core 1 synthase, glycoprotein-N-acetylgalactosamine 3-beta-galactosyltransferase 1
ENSG00000106397	PLOD3	8985	procollagen-lysine,2-oxoglutarate 5-dioxygenase 3
ENSG00000106399	RPA3	6119	replication protein A3
ENSG00000106400	ZNHIT1	10467	zinc finger HIT-type containing 1
ENSG00000106404	CLDN15	24146	claudin 15
ENSG00000106443	PHF14	9678	PHD finger protein 14
ENSG00000106459	NRF1	4899	nuclear respiratory factor 1
ENSG00000106460	TMEM106B	54664	transmembrane protein 106B
ENSG00000106462	EZH2	2146	enhancer of zeste 2 polycomb repressive complex 2 subunit
ENSG00000106477	CEP41	95681	centrosomal protein 41
ENSG00000106479	ZNF862	643641	zinc finger protein 862
ENSG00000106483	SFRP4	6424	secreted frizzled related protein 4
ENSG00000106484	MEST	4232	mesoderm specific transcript
ENSG00000106524	ANKMY2	57037	ankyrin repeat and MYND domain containing 2
ENSG00000106526	ACTR3C	653857	actin related protein 3C
ENSG00000106537	TSPAN13	27075	tetraspanin 13
ENSG00000106541	AGR2	10551	anterior gradient 2, protein disulphide isomerase family member
ENSG00000106546	AHR	196	aryl hydrocarbon receptor
ENSG00000106554	CHCHD3	54927	coiled-coil-helix-coiled-coil-helix domain containing 3
ENSG00000106588	PSMA2	5683	proteasome 20S subunit alpha 2
ENSG00000106591	MRPL32	64983	mitochondrial ribosomal protein L32
ENSG00000106603	COA1	55744	cytochrome c oxidase assembly factor 1
ENSG00000106605	BLVRA	644	biliverdin reductase A
ENSG00000106608	URGCP	55665	upregulator of cell proliferation
ENSG00000106609	TMEM248	55069	transmembrane protein 248
ENSG00000106615	RHEB	6009	Ras homolog, mTORC1 binding
ENSG00000106617	PRKAG2	51422	protein kinase AMP-activated non-catalytic subunit gamma 2
ENSG00000106628	POLD2	5425	DNA polymerase delta 2, accessory subunit
ENSG00000106635	BCL7B	9275	BAF chromatin remodeling complex subunit BCL7B
ENSG00000106636	YKT6	10652	YKT6 v-SNARE homolog
ENSG00000106638	TBL2	26608	transducin beta like 2
ENSG00000106665	CLIP2	7461	CAP-Gly domain containing linker protein 2
ENSG00000106682	EIF4H	7458	eukaryotic translation initiation factor 4H
ENSG00000106683	LIMK1	3984	LIM domain kinase 1
ENSG00000106686	SPATA6L	55064	spermatogenesis associated 6 like
ENSG00000106688	SLC1A1	6505	solute carrier family 1 member 1
ENSG00000106689	LHX2	9355	LIM homeobox 2
ENSG00000106692	FKTN	2218	fukutin
ENSG00000106701	FSD1L	83856	fibronectin type III and SPRY domain containing 1 like
ENSG00000106714	CNTNAP3	79937	contactin associated protein family member 3
ENSG00000106723	SPIN1	10927	spindlin 1
ENSG00000106733	NMRK1	54981	nicotinamide riboside kinase 1
ENSG00000106771	TMEM245	23731	transmembrane protein 245
ENSG00000106780	MEGF9	1955	multiple EGF like domains 9
ENSG00000106785	TRIM14	9830	tripartite motif containing 14
ENSG00000106789	CORO2A	7464	coronin 2A
ENSG00000106799	TGFBR1	7046	transforming growth factor beta receptor 1
ENSG00000106803	SEC61B	10952	SEC61 translocon subunit beta
ENSG00000106804	C5	727	complement C5
ENSG00000106829	TLE4	7091	TLE family member 4, transcriptional corepressor
ENSG00000106853	PTGR1	22949	prostaglandin reductase 1
ENSG00000106868	SUSD1	64420	sushi domain containing 1
ENSG00000106927	AMBP	259	alpha-1-microglobulin/bikunin precursor
ENSG00000106948	AKNA	80709	AT-hook transcription factor
ENSG00000106976	DNM1	1759	dynamin 1
ENSG00000106992	AK1	203	adenylate kinase 1
ENSG00000106993	CDC37L1	55664	cell division cycle 37 like 1, HSP90 cochaperone
ENSG00000107020	PLGRKT	55848	plasminogen receptor with a C-terminal lysine
ENSG00000107021	TBC1D13	54662	TBC1 domain family member 13
ENSG00000107036	RIC1	57589	RIC1 homolog, RAB6A GEF complex partner 1
ENSG00000107077	KDM4C	23081	lysine demethylase 4C
ENSG00000107099	DOCK8	81704	dedicator of cytokinesis 8
ENSG00000107104	KANK1	23189	KN motif and ankyrin repeat domains 1
ENSG00000107130	NCS1	23413	neuronal calcium sensor 1
ENSG00000107140	TESK1	7016	testis associated actin remodelling kinase 1
ENSG00000107159	CA9	768	carbonic anhydrase 9
ENSG00000107164	FUBP3	8939	far upstream element binding protein 3
ENSG00000107175	CREB3	10488	cAMP responsive element binding protein 3
ENSG00000107185	RGP1	9827	RGP1 homolog, RAB6A GEF complex partner 1
ENSG00000107186	MPDZ	8777	multiple PDZ domain crumbs cell polarity complex component
ENSG00000107201	RIGI	23586	RNA sensor RIG-I
ENSG00000107223	EDF1	8721	endothelial differentiation related factor 1
ENSG00000107249	GLIS3	169792	GLIS family zinc finger 3
ENSG00000107262	BAG1	573	BAG cochaperone 1
ENSG00000107263	RAPGEF1	2889	Rap guanine nucleotide exchange factor 1
ENSG00000107281	NPDC1	56654	neural proliferation, differentiation and control 1
ENSG00000107290	SETX	23064	senataxin
ENSG00000107331	ABCA2	20	ATP binding cassette subfamily A member 2
ENSG00000107338	SHB	6461	SH2 domain containing adaptor protein B
ENSG00000107341	UBE2R2	54926	ubiquitin conjugating enzyme E2 R2
ENSG00000107362	ABHD17B	51104	abhydrolase domain containing 17B, depalmitoylase
ENSG00000107371	EXOSC3	51010	exosome component 3
ENSG00000107372	ZFAND5	7763	zinc finger AN1-type containing 5
ENSG00000107404	DVL1	1855	dishevelled segment polarity protein 1
ENSG00000107438	PDLIM1	9124	PDZ and LIM domain 1
ENSG00000107443	CCNJ	54619	cyclin J
ENSG00000107485	GATA3	2625	GATA binding protein 3
ENSG00000107521	HPS1	3257	HPS1 biogenesis of lysosomal organelles complex 3 subunit 1
ENSG00000107537	PHYH	5264	phytanoyl-CoA 2-hydroxylase
ENSG00000107551	RASSF4	83937	Ras association domain family member 4
ENSG00000107554	DNMBP	23268	dynamin binding protein
ENSG00000107560	RAB11FIP2	22841	RAB11 family interacting protein 2
ENSG00000107566	ERLIN1	10613	ER lipid raft associated 1
ENSG00000107581	EIF3A	8661	eukaryotic translation initiation factor 3 subunit A
ENSG00000107614	TRDMT1	1787	tRNA aspartic acid methyltransferase 1
ENSG00000107625	DDX50	79009	DExD-box helicase 50
ENSG00000107643	MAPK8	5599	mitogen-activated protein kinase 8
ENSG00000107651	SEC23IP	11196	SEC23 interacting protein
ENSG00000107669	ATE1	11101	arginyltransferase 1
ENSG00000107672	NSMCE4A	54780	NSE4 homolog A, SMC5-SMC6 complex component
ENSG00000107679	PLEKHA1	59338	pleckstrin homology domain containing A1
ENSG00000107719	PALD1	27143	phosphatase domain containing paladin 1
ENSG00000107731	UNC5B	219699	unc-5 netrin receptor B
ENSG00000107736	CDH23	64072	cadherin related 23
ENSG00000107738	VSIR	64115	V-set immunoregulatory receptor
ENSG00000107745	MICU1	10367	mitochondrial calcium uptake 1
ENSG00000107758	PPP3CB	5532	protein phosphatase 3 catalytic subunit beta
ENSG00000107771	CCSER2	54462	coiled-coil serine rich protein 2
ENSG00000107779	BMPR1A	657	bone morphogenetic protein receptor type 1A
ENSG00000107789	MINPP1	9562	multiple inositol-polyphosphate phosphatase 1
ENSG00000107796	ACTA2	59	actin alpha 2, smooth muscle
ENSG00000107798	LIPA	3988	lipase A, lysosomal acid type
ENSG00000107815	TWNK	56652	twinkle mtDNA helicase
ENSG00000107816	LZTS2	84445	leucine zipper tumor suppressor 2
ENSG00000107819	SFXN3	81855	sideroflexin 3
ENSG00000107821	KAZALD1	81621	Kazal type serine peptidase inhibitor domain 1
ENSG00000107829	FBXW4	6468	F-box and WD repeat domain containing 4
ENSG00000107833	NPM3	10360	nucleophosmin/nucleoplasmin 3
ENSG00000107854	TNKS2	80351	tankyrase 2
ENSG00000107862	GBF1	8729	golgi brefeldin A resistant guanine nucleotide exchange factor 1
ENSG00000107863	ARHGAP21	57584	Rho GTPase activating protein 21
ENSG00000107872	FBXL15	79176	F-box and leucine rich repeat protein 15
ENSG00000107874	CUEDC2	79004	CUE domain containing 2
ENSG00000107882	SUFU	51684	SUFU negative regulator of hedgehog signaling
ENSG00000107890	ANKRD26	22852	ankyrin repeat domain containing 26
ENSG00000107897	ACBD5	91452	acyl-CoA binding domain containing 5
ENSG00000107902	LHPP	64077	phospholysine phosphohistidine inorganic pyrophosphate phosphatase
ENSG00000107929	LARP4B	23185	La ribonucleoprotein 4B
ENSG00000107937	GTPBP4	23560	GTP binding protein 4
ENSG00000107938	EDRF1	26098	erythroid differentiation regulatory factor 1
ENSG00000107949	BCCIP	56647	BRCA2 and CDKN1A interacting protein
ENSG00000107951	MTPAP	55149	mitochondrial poly(A) polymerase
ENSG00000107957	SH3PXD2A	9644	SH3 and PX domains 2A
ENSG00000107959	PITRM1	10531	pitrilysin metallopeptidase 1
ENSG00000107960	STN1	79991	STN1 subunit of CST complex
ENSG00000107968	MAP3K8	1326	mitogen-activated protein kinase kinase kinase 8
ENSG00000107984	DKK1	22943	dickkopf WNT signaling pathway inhibitor 1
ENSG00000108010	GLRX3	10539	glutaredoxin 3
ENSG00000108021	TASOR2	54906	transcription activation suppressor family member 2
ENSG00000108039	XPNPEP1	7511	X-prolyl aminopeptidase 1
ENSG00000108055	SMC3	9126	structural maintenance of chromosomes 3
ENSG00000108061	SHOC2	8036	SHOC2 leucine rich repeat scaffold protein
ENSG00000108064	TFAM	7019	transcription factor A, mitochondrial
ENSG00000108091	CCDC6	8030	coiled-coil domain containing 6
ENSG00000108094	CUL2	8453	cullin 2
ENSG00000108100	CCNY	219771	cyclin Y
ENSG00000108106	UBE2S	27338	ubiquitin conjugating enzyme E2 S
ENSG00000108107	RPL28	6158	ribosomal protein L28
ENSG00000108175	ZMIZ1	57178	zinc finger MIZ-type containing 1
ENSG00000108176	DNAJC12	56521	DnaJ heat shock protein family (Hsp40) member C12
ENSG00000108179	PPIF	10105	peptidylprolyl isomerase F
ENSG00000108187	PBLD	64081	phenazine biosynthesis like protein domain containing
ENSG00000108219	TSPAN14	81619	tetraspanin 14
ENSG00000108239	TBC1D12	23232	TBC1 domain family member 12
ENSG00000108256	NUFIP2	57532	nuclear FMR1 interacting protein 2
ENSG00000108262	GIT1	28964	GIT ArfGAP 1
ENSG00000108298	RPL19	6143	ribosomal protein L19
ENSG00000108306	FBXL20	84961	F-box and leucine rich repeat protein 20
ENSG00000108312	UBTF	7343	upstream binding transcription factor
ENSG00000108342	CSF3	1440	colony stimulating factor 3
ENSG00000108344	PSMD3	5709	proteasome 26S subunit, non-ATPase 3
ENSG00000108349	CASC3	22794	CASC3 exon junction complex subunit
ENSG00000108352	RAPGEFL1	51195	Rap guanine nucleotide exchange factor like 1
ENSG00000108370	RGS9	8787	regulator of G protein signaling 9
ENSG00000108375	RNF43	54894	ring finger protein 43
ENSG00000108379	WNT3	7473	Wnt family member 3
ENSG00000108384	RAD51C	5889	RAD51 paralog C
ENSG00000108387	SEPTIN4	5414	septin 4
ENSG00000108389	MTMR4	9110	myotubularin related protein 4
ENSG00000108395	TRIM37	4591	tripartite motif containing 37
ENSG00000108406	DHX40	79665	DEAH-box helicase 40
ENSG00000108423	TUBD1	51174	tubulin delta 1
ENSG00000108424	KPNB1	3837	karyopherin subunit beta 1
ENSG00000108433	GOSR2	9570	golgi SNAP receptor complex member 2
ENSG00000108439	PNPO	55163	pyridoxamine 5'-phosphate oxidase
ENSG00000108443	RPS6KB1	6198	ribosomal protein S6 kinase B1
ENSG00000108465	CDK5RAP3	80279	CDK5 regulatory subunit associated protein 3
ENSG00000108468	CBX1	10951	chromobox 1
ENSG00000108469	RECQL5	9400	RecQ like helicase 5
ENSG00000108474	PIGL	9487	phosphatidylinositol glycan anchor biosynthesis class L
ENSG00000108479	GALK1	2584	galactokinase 1
ENSG00000108506	INTS2	57508	integrator complex subunit 2
ENSG00000108509	CAMTA2	23125	calmodulin binding transcription activator 2
ENSG00000108510	MED13	9969	mediator complex subunit 13
ENSG00000108511	HOXB6	3216	homeobox B6
ENSG00000108515	ENO3	2027	enolase 3
ENSG00000108518	PFN1	5216	profilin 1
ENSG00000108523	RNF167	26001	ring finger protein 167
ENSG00000108528	SLC25A11	8402	solute carrier family 25 member 11
ENSG00000108556	CHRNE	1145	cholinergic receptor nicotinic epsilon subunit
ENSG00000108557	RAI1	10743	retinoic acid induced 1
ENSG00000108559	NUP88	4927	nucleoporin 88
ENSG00000108561	C1QBP	708	complement C1q binding protein
ENSG00000108578	BLMH	642	bleomycin hydrolase
ENSG00000108582	CPD	1362	carboxypeptidase D
ENSG00000108587	GOSR1	9527	golgi SNAP receptor complex member 1
ENSG00000108588	CCDC47	57003	coiled-coil domain containing 47
ENSG00000108590	MED31	51003	mediator complex subunit 31
ENSG00000108591	DRG2	1819	developmentally regulated GTP binding protein 2
ENSG00000108592	FTSJ3	117246	FtsJ RNA 2'-O-methyltransferase 3
ENSG00000108599	AKAP10	11216	A-kinase anchoring protein 10
ENSG00000108602	ALDH3A1	218	aldehyde dehydrogenase 3 family member A1
ENSG00000108604	SMARCD2	6603	SWI/SNF related, matrix associated, actin dependent regulator of chromatin, subfamily d, member 2
ENSG00000108639	SYNGR2	9144	synaptogyrin 2
ENSG00000108641	B9D1	27077	B9 domain containing 1
ENSG00000108651	UTP6	55813	UTP6 small subunit processome component
ENSG00000108654	DDX5	1655	DEAD-box helicase 5
ENSG00000108666	C17orf75	64149	chromosome 17 open reading frame 75
ENSG00000108669	CYTH1	9267	cytohesin 1
ENSG00000108671	PSMD11	5717	proteasome 26S subunit, non-ATPase 11
ENSG00000108679	LGALS3BP	3959	galectin 3 binding protein
ENSG00000108691	CCL2	6347	C-C motif chemokine ligand 2
ENSG00000108733	PEX12	5193	peroxisomal biogenesis factor 12
ENSG00000108773	KAT2A	2648	lysine acetyltransferase 2A
ENSG00000108774	RAB5C	5878	RAB5C, member RAS oncogene family
ENSG00000108784	NAGLU	4669	N-acetyl-alpha-glucosaminidase
ENSG00000108786	HSD17B1	3292	hydroxysteroid 17-beta dehydrogenase 1
ENSG00000108788	MLX	6945	MAX dimerization protein MLX
ENSG00000108797	CNTNAP1	8506	contactin associated protein 1
ENSG00000108799	EZH1	2145	enhancer of zeste 1 polycomb repressive complex 2 subunit
ENSG00000108813	DLX4	1748	distal-less homeobox 4
ENSG00000108819	PPP1R9B	84687	protein phosphatase 1 regulatory subunit 9B
ENSG00000108821	COL1A1	1277	collagen type I alpha 1 chain
ENSG00000108826	MRPL27	51264	mitochondrial ribosomal protein L27
ENSG00000108828	VAT1	10493	vesicle amine transport 1
ENSG00000108829	LRRC59	55379	leucine rich repeat containing 59
ENSG00000108840	HDAC5	10014	histone deacetylase 5
ENSG00000108846	ABCC3	8714	ATP binding cassette subfamily C member 3
ENSG00000108848	LUC7L3	51747	LUC7 like 3 pre-mRNA splicing factor
ENSG00000108852	MPP2	4355	MAGUK p55 scaffold protein 2
ENSG00000108854	SMURF2	64750	SMAD specific E3 ubiquitin protein ligase 2
ENSG00000108861	DUSP3	1845	dual specificity phosphatase 3
ENSG00000108883	EFTUD2	9343	elongation factor Tu GTP binding domain containing 2
ENSG00000108924	HLF	3131	HLF transcription factor, PAR bZIP family member
ENSG00000108932	SLC16A6	9120	solute carrier family 16 member 6
ENSG00000108946	PRKAR1A	5573	protein kinase cAMP-dependent type I regulatory subunit alpha
ENSG00000108947	EFNB3	1949	ephrin B3
ENSG00000108953	YWHAE	7531	tyrosine 3-monooxygenase/tryptophan 5-monooxygenase activation protein epsilon
ENSG00000108960	MMD	23531	monocyte to macrophage differentiation associated
ENSG00000108961	RANGRF	29098	RAN guanine nucleotide release factor
ENSG00000108963	DPH1	1801	diphthamide biosynthesis 1
ENSG00000108984	MAP2K6	5608	mitogen-activated protein kinase kinase 6
ENSG00000109016	DHRS7B	25979	dehydrogenase/reductase 7B
ENSG00000109046	WSB1	26118	WD repeat and SOCS box containing 1
ENSG00000109062	NHERF1	9368	NHERF family PDZ scaffold protein 1
ENSG00000109065	NAT9	26151	N-acetyltransferase 9 (putative)
ENSG00000109066	TMEM104	54868	transmembrane protein 104
ENSG00000109072	VTN	7448	vitronectin
ENSG00000109079	TNFAIP1	7126	TNF alpha induced protein 1
ENSG00000109083	IFT20	90410	intraflagellar transport 20
ENSG00000109084	TMEM97	27346	transmembrane protein 97
ENSG00000109089	CDR2L	30850	cerebellar degeneration related protein 2 like
ENSG00000109099	PMP22	5376	peripheral myelin protein 22
ENSG00000109103	UNC119	9094	unc-119 lipid binding chaperone
ENSG00000109107	ALDOC	230	aldolase, fructose-bisphosphate C
ENSG00000109111	SUPT6H	6830	SPT6 homolog, histone chaperone and transcription elongation factor
ENSG00000109113	RAB34	83871	RAB34, member RAS oncogene family
ENSG00000109118	PHF12	57649	PHD finger protein 12
ENSG00000109133	TMEM33	55161	transmembrane protein 33
ENSG00000109171	SLAIN2	57606	SLAIN motif family member 2
ENSG00000109180	OCIAD1	54940	OCIA domain containing 1
ENSG00000109184	DCUN1D4	23142	defective in cullin neddylation 1 domain containing 4
ENSG00000109189	USP46	64854	ubiquitin specific peptidase 46
ENSG00000109220	CHIC2	26511	cysteine rich hydrophobic domain 2
ENSG00000109265	CRACD	57482	capping protein inhibiting regulator of actin dynamics
ENSG00000109270	LAMTOR3	8649	late endosomal/lysosomal adaptor, MAPK and MTOR activator 3
ENSG00000109320	NFKB1	4790	nuclear factor kappa B subunit 1
ENSG00000109321	AREG	374	amphiregulin
ENSG00000109323	MANBA	4126	mannosidase beta
ENSG00000109332	UBE2D3	7323	ubiquitin conjugating enzyme E2 D3
ENSG00000109339	MAPK10	5602	mitogen-activated protein kinase 10
ENSG00000109381	ELF2	1998	E74 like ETS transcription factor 2
ENSG00000109390	NDUFC1	4717	NADH:ubiquinone oxidoreductase subunit C1
ENSG00000109436	TBC1D9	23158	TBC1 domain family member 9
ENSG00000109445	ZNF330	27309	zinc finger protein 330
ENSG00000109452	INPP4B	8821	inositol polyphosphate-4-phosphatase type II B
ENSG00000109458	GAB1	2549	GRB2 associated binding protein 1
ENSG00000109466	KLHL2	11275	kelch like family member 2
ENSG00000109472	CPE	1363	carboxypeptidase E
ENSG00000109475	RPL34	6164	ribosomal protein L34
ENSG00000109501	WFS1	7466	wolframin ER transmembrane glycoprotein
ENSG00000109511	ANXA10	11199	annexin A10
ENSG00000109519	GRPEL1	80273	GrpE like 1, mitochondrial
ENSG00000109534	GAR1	54433	GAR1 ribonucleoprotein
ENSG00000109536	FRG1	2483	FSHD region gene 1
ENSG00000109572	CLCN3	1182	chloride voltage-gated channel 3
ENSG00000109576	AADAT	51166	aminoadipate aminotransferase
ENSG00000109586	GALNT7	51809	polypeptide N-acetylgalactosaminyltransferase 7
ENSG00000109606	DHX15	1665	DEAH-box helicase 15
ENSG00000109618	SEPSECS	51091	Sep (O-phosphoserine) tRNA:Sec (selenocysteine) tRNA synthase
ENSG00000109670	FBXW7	55294	F-box and WD repeat domain containing 7
ENSG00000109674	NEIL3	55247	nei like DNA glycosylase 3
ENSG00000109680	TBC1D19	55296	TBC1 domain family member 19
ENSG00000109685	NSD2	7468	nuclear receptor binding SET domain protein 2
ENSG00000109686	SH3D19	152503	SH3 domain containing 19
ENSG00000109689	STIM2	57620	stromal interaction molecule 2
ENSG00000109736	MFSD10	10227	major facilitator superfamily domain containing 10
ENSG00000109738	GLRB	2743	glycine receptor beta
ENSG00000109743	BST1	683	bone marrow stromal cell antigen 1
ENSG00000109756	RAPGEF2	9693	Rap guanine nucleotide exchange factor 2
ENSG00000109762	SNX25	83891	sorting nexin 25
ENSG00000109775	UFSP2	55325	UFM1 specific peptidase 2
ENSG00000109787	KLF3	51274	KLF transcription factor 3
ENSG00000109790	KLHL5	51088	kelch like family member 5
ENSG00000109794	FAM149A	25854	family with sequence similarity 149 member A
ENSG00000109805	NCAPG	64151	non-SMC condensin I complex subunit G
ENSG00000109814	UGDH	7358	UDP-glucose 6-dehydrogenase
ENSG00000109846	CRYAB	1410	crystallin alpha B
ENSG00000109854	HTATIP2	10553	HIV-1 Tat interactive protein 2
ENSG00000109861	CTSC	1075	cathepsin C
ENSG00000109881	CCDC34	91057	coiled-coil domain containing 34
ENSG00000109911	ELP4	26610	elongator acetyltransferase complex subunit 4
ENSG00000109917	ZPR1	8882	ZPR1 zinc finger
ENSG00000109919	MTCH2	23788	mitochondrial carrier 2
ENSG00000109920	FNBP4	23360	formin binding protein 4
ENSG00000109929	SC5D	6309	sterol-C5-desaturase
ENSG00000109944	JHY	79864	junctional cadherin complex regulator
ENSG00000109971	HSPA8	3312	heat shock protein family A (Hsp70) member 8
ENSG00000109991	P2RX3	5024	purinergic receptor P2X 3
ENSG00000110011	DNAJC4	3338	DnaJ heat shock protein family (Hsp40) member C4
ENSG00000110013	SIAE	54414	sialic acid acetylesterase
ENSG00000110025	SNX15	29907	sorting nexin 15
ENSG00000110031	LPXN	9404	leupaxin
ENSG00000110042	DTX4	23220	deltex E3 ubiquitin ligase 4
ENSG00000110046	ATG2A	23130	autophagy related 2A
ENSG00000110047	EHD1	10938	EH domain containing 1
ENSG00000110048	OSBP	5007	oxysterol binding protein
ENSG00000110057	UNC93B1	81622	unc-93 homolog B1, TLR signaling regulator
ENSG00000110060	PUS3	83480	pseudouridine synthase 3
ENSG00000110063	DCPS	28960	decapping enzyme, scavenger
ENSG00000110066	KMT5B	51111	lysine methyltransferase 5B
ENSG00000110074	FOXRED1	55572	FAD dependent oxidoreductase domain containing 1
ENSG00000110075	PPP6R3	55291	protein phosphatase 6 regulatory subunit 3
ENSG00000110080	ST3GAL4	6484	ST3 beta-galactoside alpha-2,3-sialyltransferase 4
ENSG00000110090	CPT1A	1374	carnitine palmitoyltransferase 1A
ENSG00000110092	CCND1	595	cyclin D1
ENSG00000110104	CCDC86	79080	coiled-coil domain containing 86
ENSG00000110107	PRPF19	27339	pre-mRNA processing factor 19
ENSG00000110108	TMEM109	79073	transmembrane protein 109
ENSG00000110171	TRIM3	10612	tripartite motif containing 3
ENSG00000110172	CHORDC1	26973	cysteine and histidine rich domain containing 1
ENSG00000110200	ANAPC15	25906	anaphase promoting complex subunit 15
ENSG00000110218	PANX1	24145	pannexin 1
ENSG00000110237	ARHGEF17	9828	Rho guanine nucleotide exchange factor 17
ENSG00000110274	CEP164	22897	centrosomal protein 164
ENSG00000110315	RNF141	50862	ring finger protein 141
ENSG00000110318	CEP126	57562	centrosomal protein 126
ENSG00000110321	EIF4G2	1982	eukaryotic translation initiation factor 4 gamma 2
ENSG00000110328	GALNT18	374378	polypeptide N-acetylgalactosaminyltransferase 18
ENSG00000110330	BIRC2	329	baculoviral IAP repeat containing 2
ENSG00000110344	UBE4A	9354	ubiquitination factor E4A
ENSG00000110367	DDX6	1656	DEAD-box helicase 6
ENSG00000110375	UPK2	7379	uroplakin 2
ENSG00000110395	CBL	867	Cbl proto-oncogene
ENSG00000110400	NECTIN1	5818	nectin cell adhesion molecule 1
ENSG00000110422	HIPK3	10114	homeodomain interacting protein kinase 3
ENSG00000110427	KIAA1549L	25758	KIAA1549 like
ENSG00000110429	FBXO3	26273	F-box protein 3
ENSG00000110435	PDHX	8050	pyruvate dehydrogenase complex component X
ENSG00000110442	COMMD9	29099	COMM domain containing 9
ENSG00000110455	ACCS	84680	1-aminocyclopropane-1-carboxylate synthase homolog (inactive)
ENSG00000110492	MDK	4192	midkine
ENSG00000110497	AMBRA1	55626	autophagy and beclin 1 regulator 1
ENSG00000110514	MADD	8567	MAP kinase activating death domain
ENSG00000110536	PTPMT1	114971	protein tyrosine phosphatase mitochondrial 1
ENSG00000110583	NAA40	79829	N-alpha-acetyltransferase 40, NatD catalytic subunit
ENSG00000110619	CARS1	833	cysteinyl-tRNA synthetase 1
ENSG00000110628	SLC22A18	5002	solute carrier family 22 member 18
ENSG00000110651	CD81	975	CD81 molecule
ENSG00000110660	SLC35F2	54733	solute carrier family 35 member F2
ENSG00000110696	C11orf58	10944	chromosome 11 open reading frame 58
ENSG00000110697	PITPNM1	9600	phosphatidylinositol transfer protein membrane associated 1
ENSG00000110700	RPS13	6207	ribosomal protein S13
ENSG00000110711	AIP	9049	aryl hydrocarbon receptor interacting protein
ENSG00000110713	NUP98	4928	nucleoporin 98 and 96 precursor
ENSG00000110717	NDUFS8	4728	NADH:ubiquinone oxidoreductase core subunit S8
ENSG00000110719	TCIRG1	10312	T cell immune regulator 1, ATPase H+ transporting V0 subunit a3
ENSG00000110721	CHKA	1119	choline kinase alpha
ENSG00000110756	HPS5	11234	HPS5 biogenesis of lysosomal organelles complex 2 subunit 2
ENSG00000110768	GTF2H1	2965	general transcription factor IIH subunit 1
ENSG00000110801	PSMD9	5715	proteasome 26S subunit, non-ATPase 9
ENSG00000110811	P3H3	10536	prolyl 3-hydroxylase 3
ENSG00000110841	PPFIBP1	8496	PPFIA binding protein 1
ENSG00000110844	PRPF40B	25766	pre-mRNA processing factor 40 homolog B
ENSG00000110851	PRDM4	11108	PR/SET domain 4
ENSG00000110852	CLEC2B	9976	C-type lectin domain family 2 member B
ENSG00000110871	COQ5	84274	coenzyme Q5, methyltransferase
ENSG00000110880	CORO1C	23603	coronin 1C
ENSG00000110881	ASIC1	41	acid sensing ion channel subunit 1
ENSG00000110888	CAPRIN2	65981	caprin family member 2
ENSG00000110906	KCTD10	83892	potassium channel tetramerization domain containing 10
ENSG00000110911	SLC11A2	4891	solute carrier family 11 member 2
ENSG00000110917	MLEC	9761	malectin
ENSG00000110921	MVK	4598	mevalonate kinase
ENSG00000110925	CSRNP2	81566	cysteine and serine rich nuclear protein 2
ENSG00000110931	CAMKK2	10645	calcium/calmodulin dependent protein kinase kinase 2
ENSG00000110955	ATP5F1B	506	ATP synthase F1 subunit beta
ENSG00000110958	PTGES3	10728	prostaglandin E synthase 3
ENSG00000110987	BCL7A	605	BAF chromatin remodeling complex subunit BCL7A
ENSG00000111011	RSRC2	65117	arginine and serine rich coiled-coil 2
ENSG00000111052	LIN7A	8825	lin-7 homolog A, crumbs cell polarity complex component
ENSG00000111057	KRT18	3875	keratin 18
ENSG00000111077	TNS2	23371	tensin 2
ENSG00000111087	GLI1	2735	GLI family zinc finger 1
ENSG00000111110	PPM1H	57460	protein phosphatase, Mg2+/Mn2+ dependent 1H
ENSG00000111142	METAP2	10988	methionyl aminopeptidase 2
ENSG00000111144	LTA4H	4048	leukotriene A4 hydrolase
ENSG00000111145	ELK3	2004	ETS transcription factor ELK3
ENSG00000111196	MAGOHB	55110	mago homolog B, exon junction complex subunit
ENSG00000111203	ITFG2	55846	integrin alpha FG-GAP repeat containing 2
ENSG00000111206	FOXM1	2305	forkhead box M1
ENSG00000111215	PRH1	5554	proline rich protein HaeIII subfamily 1
ENSG00000111224	PARP11	57097	poly(ADP-ribose) polymerase family member 11
ENSG00000111229	ARPC3	10094	actin related protein 2/3 complex subunit 3
ENSG00000111231	GPN3	51184	GPN-loop GTPase 3
ENSG00000111237	VPS29	51699	VPS29 retromer complex component
ENSG00000111247	RAD51AP1	10635	RAD51 associated protein 1
ENSG00000111252	SH2B3	10019	SH2B adaptor protein 3
ENSG00000111261	MANSC1	54682	MANSC domain containing 1
ENSG00000111266	DUSP16	80824	dual specificity phosphatase 16
ENSG00000111269	CREBL2	1389	cAMP responsive element binding protein like 2
ENSG00000111271	ACAD10	80724	acyl-CoA dehydrogenase family member 10
ENSG00000111275	ALDH2	217	aldehyde dehydrogenase 2 family member
ENSG00000111276	CDKN1B	1027	cyclin dependent kinase inhibitor 1B
ENSG00000111300	NAA25	80018	N-alpha-acetyltransferase 25, NatB auxiliary subunit
ENSG00000111319	SCNN1A	6337	sodium channel epithelial 1 subunit alpha
ENSG00000111321	LTBR	4055	lymphotoxin beta receptor
ENSG00000111325	OGFOD2	79676	2-oxoglutarate and iron dependent oxygenase domain containing 2
ENSG00000111328	CDK2AP1	8099	cyclin dependent kinase 2 associated protein 1
ENSG00000111331	OAS3	4940	2'-5'-oligoadenylate synthetase 3
ENSG00000111335	OAS2	4939	2'-5'-oligoadenylate synthetase 2
ENSG00000111348	ARHGDIB	397	Rho GDP dissociation inhibitor beta
ENSG00000111358	GTF2H3	2967	general transcription factor IIH subunit 3
ENSG00000111361	EIF2B1	1967	eukaryotic translation initiation factor 2B subunit alpha
ENSG00000111364	DDX55	57696	DEAD-box helicase 55
ENSG00000111371	SLC38A1	81539	solute carrier family 38 member 1
ENSG00000111412	SPRING1	79794	SREBF pathway regulator in golgi 1
ENSG00000111424	VDR	7421	vitamin D receptor
ENSG00000111445	RFC5	5985	replication factor C subunit 5
ENSG00000111450	STX2	2054	syntaxin 2
ENSG00000111481	COPZ1	22818	COPI coat complex subunit zeta 1
ENSG00000111530	CAND1	55832	cullin associated and neddylation dissociated 1
ENSG00000111540	RAB5B	5869	RAB5B, member RAS oncogene family
ENSG00000111554	MDM1	56890	Mdm1 nuclear protein
ENSG00000111581	NUP107	57122	nucleoporin 107
ENSG00000111596	CNOT2	4848	CCR4-NOT transcription complex subunit 2
ENSG00000111602	TIMELESS	8914	timeless circadian regulator
ENSG00000111605	CPSF6	11052	cleavage and polyadenylation specific factor 6
ENSG00000111615	KRR1	11103	KRR1 small subunit processome component homolog
ENSG00000111639	MRPL51	51258	mitochondrial ribosomal protein L51
ENSG00000111640	GAPDH	2597	glyceraldehyde-3-phosphate dehydrogenase
ENSG00000111641	NOP2	4839	NOP2 nucleolar protein
ENSG00000111642	CHD4	1108	chromodomain helicase DNA binding protein 4
ENSG00000111647	BLTP3B	23074	bridge-like lipid transfer protein family member 3B
ENSG00000111652	COPS7A	50813	COP9 signalosome subunit 7A
ENSG00000111653	ING4	51147	inhibitor of growth family member 4
ENSG00000111665	CDCA3	83461	cell division cycle associated 3
ENSG00000111666	CHPT1	56994	choline phosphotransferase 1
ENSG00000111667	USP5	8078	ubiquitin specific peptidase 5
ENSG00000111669	TPI1	7167	triosephosphate isomerase 1
ENSG00000111670	GNPTAB	79158	N-acetylglucosamine-1-phosphate transferase subunits alpha and beta
ENSG00000111671	SPSB2	84727	splA/ryanodine receptor domain and SOCS box containing 2
ENSG00000111674	ENO2	2026	enolase 2
ENSG00000111676	ATN1	1822	atrophin 1
ENSG00000111678	C12orf57	113246	chromosome 12 open reading frame 57
ENSG00000111679	PTPN6	5777	protein tyrosine phosphatase non-receptor type 6
ENSG00000111684	LPCAT3	10162	lysophosphatidylcholine acyltransferase 3
ENSG00000111696	NT5DC3	51559	5'-nucleotidase domain containing 3
ENSG00000111700	SLCO1B3	28234	solute carrier organic anion transporter family member 1B3
ENSG00000111707	SUDS3	64426	SDS3 homolog, SIN3A corepressor complex component
ENSG00000111711	GOLT1B	51026	golgi transport 1B
ENSG00000111716	LDHB	3945	lactate dehydrogenase B
ENSG00000111725	PRKAB1	5564	protein kinase AMP-activated non-catalytic subunit beta 1
ENSG00000111726	CMAS	55907	cytidine monophosphate N-acetylneuraminic acid synthetase
ENSG00000111727	HCFC2	29915	host cell factor C2
ENSG00000111731	C2CD5	9847	C2 calcium dependent domain containing 5
ENSG00000111737	RAB35	11021	RAB35, member RAS oncogene family
ENSG00000111752	PHC1	1911	polyhomeotic homolog 1
ENSG00000111775	COX6A1	1337	cytochrome c oxidase subunit 6A1
ENSG00000111785	RIC8B	55188	RIC8 guanine nucleotide exchange factor B
ENSG00000111786	SRSF9	8683	serine and arginine rich splicing factor 9
ENSG00000111790	FGFR1OP2	26127	FGFR1 oncogene partner 2
ENSG00000111799	COL12A1	1303	collagen type XII alpha 1 chain
ENSG00000111801	BTN3A3	10384	butyrophilin subfamily 3 member A3
ENSG00000111802	TDP2	51567	tyrosyl-DNA phosphodiesterase 2
ENSG00000111816	FRK	2444	fyn related Src family tyrosine kinase
ENSG00000111817	DSE	29940	dermatan sulfate epimerase
ENSG00000111832	RWDD1	51389	RWD domain containing 1
ENSG00000111843	TMEM14C	51522	transmembrane protein 14C
ENSG00000111845	PAK1IP1	55003	PAK1 interacting protein 1
ENSG00000111846	GCNT2	2651	glucosaminyl (N-acetyl) transferase 2 (I blood group)
ENSG00000111850	SMIM8	57150	small integral membrane protein 8
ENSG00000111859	NEDD9	4739	neural precursor cell expressed, developmentally down-regulated 9
ENSG00000111860	CEP85L	387119	centrosomal protein 85 like
ENSG00000111875	ASF1A	25842	anti-silencing function 1A histone chaperone
ENSG00000111877	MCM9	254394	minichromosome maintenance 9 homologous recombination repair factor
ENSG00000111880	RNGTT	8732	RNA guanylyltransferase and 5'-phosphatase
ENSG00000111897	SERINC1	57515	serine incorporator 1
ENSG00000111906	HDDC2	51020	HD domain containing 2
ENSG00000111907	TPD52L1	7164	TPD52 like 1
ENSG00000111911	HINT3	135114	histidine triad nucleotide binding protein 3
ENSG00000111912	NCOA7	135112	nuclear receptor coactivator 7
ENSG00000111961	SASH1	23328	SAM and SH3 domain containing 1
ENSG00000111962	UST	10090	uronyl 2-sulfotransferase
ENSG00000111981	ULBP1	80329	UL16 binding protein 1
ENSG00000112029	FBXO5	26271	F-box protein 5
ENSG00000112031	MTRF1L	54516	mitochondrial translation release factor 1 like
ENSG00000112033	PPARD	5467	peroxisome proliferator activated receptor delta
ENSG00000112039	FANCE	2178	FA complementation group E
ENSG00000112062	MAPK14	1432	mitogen-activated protein kinase 14
ENSG00000112078	KCTD20	222658	potassium channel tetramerization domain containing 20
ENSG00000112079	STK38	11329	serine/threonine kinase 38
ENSG00000112081	SRSF3	6428	serine and arginine rich splicing factor 3
ENSG00000112110	MRPL18	29074	mitochondrial ribosomal protein L18
ENSG00000112118	MCM3	4172	minichromosome maintenance complex component 3
ENSG00000112130	RNF8	9025	ring finger protein 8
ENSG00000112139	MDGA1	266727	MAM domain containing glycosylphosphatidylinositol anchor 1
ENSG00000112144	CILK1	22858	ciliogenesis associated kinase 1
ENSG00000112146	FBXO9	26268	F-box protein 9
ENSG00000112159	MDN1	23195	midasin AAA ATPase 1
ENSG00000112167	SAYSD1	55776	SAYSVFN motif domain containing 1
ENSG00000112183	RBM24	221662	RNA binding motif protein 24
ENSG00000112186	CAP2	10486	cyclase associated actin cytoskeleton regulatory protein 2
ENSG00000112200	ZNF451	26036	zinc finger protein 451
ENSG00000112208	BAG2	9532	BAG cochaperone 2
ENSG00000112210	RAB23	51715	RAB23, member RAS oncogene family
ENSG00000112234	FBXL4	26235	F-box and leucine rich repeat protein 4
ENSG00000112237	CCNC	892	cyclin C
ENSG00000112242	E2F3	1871	E2F transcription factor 3
ENSG00000112245	PTP4A1	7803	protein tyrosine phosphatase 4A1
ENSG00000112249	ASCC3	10973	activating signal cointegrator 1 complex subunit 3
ENSG00000112276	BVES	11149	blood vessel epicardial substance
ENSG00000112282	MED23	9439	mediator complex subunit 23
ENSG00000112290	WASF1	8936	WASP family member 1
ENSG00000112294	ALDH5A1	7915	aldehyde dehydrogenase 5 family member A1
ENSG00000112304	ACOT13	55856	acyl-CoA thioesterase 13
ENSG00000112305	SMAP1	60682	small ArfGAP 1
ENSG00000112306	RPS12	6206	ribosomal protein S12
ENSG00000112308	C6orf62	81688	chromosome 6 open reading frame 62
ENSG00000112309	B3GAT2	135152	beta-1,3-glucuronyltransferase 2
ENSG00000112312	GMNN	51053	geminin DNA replication inhibitor
ENSG00000112319	EYA4	2070	EYA transcriptional coactivator and phosphatase 4
ENSG00000112335	SNX3	8724	sorting nexin 3
ENSG00000112339	HBS1L	10767	HBS1 like translational GTPase
ENSG00000112343	TRIM38	10475	tripartite motif containing 38
ENSG00000112357	PEX7	5191	peroxisomal biogenesis factor 7
ENSG00000112365	ZBTB24	9841	zinc finger and BTB domain containing 24
ENSG00000112367	FIG4	9896	FIG4 phosphoinositide 5-phosphatase
ENSG00000112378	PERP	64065	p53 apoptosis effector related to PMP22
ENSG00000112379	ARFGEF3	57221	ARFGEF family member 3
ENSG00000112406	HECA	51696	hdc homolog, cell cycle regulator
ENSG00000112414	ADGRG6	57211	adhesion G protein-coupled receptor G6
ENSG00000112419	PHACTR2	9749	phosphatase and actin regulator 2
ENSG00000112425	EPM2A	7957	EPM2A glucan phosphatase, laforin
ENSG00000112473	SLC39A7	7922	solute carrier family 39 member 7
ENSG00000112511	PHF1	5252	PHD finger protein 1
ENSG00000112514	CUTA	51596	cutA divalent cation tolerance homolog
ENSG00000112531	QKI	9444	QKI, KH domain containing RNA binding
ENSG00000112541	PDE10A	10846	phosphodiesterase 10A
ENSG00000112561	TFEB	7942	transcription factor EB
ENSG00000112576	CCND3	896	cyclin D3
ENSG00000112578	BYSL	705	bystin like
ENSG00000112584	FAM120B	84498	family with sequence similarity 120 member B
ENSG00000112592	TBP	6908	TATA-box binding protein
ENSG00000112599	GUCA1B	2979	guanylate cyclase activator 1B
ENSG00000112624	BICRAL	23506	BICRA like chromatin remodeling complex associated protein
ENSG00000112640	PPP2R5D	5528	protein phosphatase 2 regulatory subunit B'delta
ENSG00000112651	MRPL2	51069	mitochondrial ribosomal protein L2
ENSG00000112655	PTK7	5754	protein tyrosine kinase 7 (inactive)
ENSG00000112658	SRF	6722	serum response factor
ENSG00000112659	CUL9	23113	cullin 9
ENSG00000112667	DNPH1	10591	2'-deoxynucleoside 5'-phosphate N-hydrolase 1
ENSG00000112679	DUSP22	56940	dual specificity phosphatase 22
ENSG00000112685	EXOC2	55770	exocyst complex component 2
ENSG00000112695	COX7A2	1347	cytochrome c oxidase subunit 7A2
ENSG00000112697	TMEM30A	55754	transmembrane protein 30A
ENSG00000112699	GMDS	2762	GDP-mannose 4,6-dehydratase
ENSG00000112701	SENP6	26054	SUMO specific peptidase 6
ENSG00000112715	VEGFA	7422	vascular endothelial growth factor A
ENSG00000112739	PRPF4B	8899	pre-mRNA processing factor 4B
ENSG00000112742	TTK	7272	TTK protein kinase
ENSG00000112759	SLC29A1	2030	solute carrier family 29 member 1 (Augustine blood group)
ENSG00000112763	BTN2A1	11120	butyrophilin subfamily 2 member A1
ENSG00000112773	TENT5A	55603	terminal nucleotidyltransferase 5A
ENSG00000112787	FBRSL1	57666	fibrosin like 1
ENSG00000112812	PRSS16	10279	serine protease 16
ENSG00000112837	TBX18	9096	T-box transcription factor 18
ENSG00000112851	ERBIN	55914	erbb2 interacting protein
ENSG00000112852	PCDHB2	56133	protocadherin beta 2
ENSG00000112855	HARS2	23438	histidyl-tRNA synthetase 2, mitochondrial
ENSG00000112874	NUDT12	83594	nudix hydrolase 12
ENSG00000112877	CEP72	55722	centrosomal protein 72
ENSG00000112893	MAN2A1	4124	mannosidase alpha class 2A member 1
ENSG00000112941	TENT4A	11044	terminal nucleotidyltransferase 4A
ENSG00000112972	HMGCS1	3157	3-hydroxy-3-methylglutaryl-CoA synthase 1
ENSG00000112977	DAP	1611	death associated protein
ENSG00000112983	BRD8	10902	bromodomain containing 8
ENSG00000112984	KIF20A	10112	kinesin family member 20A
ENSG00000112992	NNT	23530	nicotinamide nucleotide transhydrogenase
ENSG00000112996	MRPS30	10884	mitochondrial ribosomal protein S30
ENSG00000113013	HSPA9	3313	heat shock protein family A (Hsp70) member 9
ENSG00000113048	MRPS27	23107	mitochondrial ribosomal protein S27
ENSG00000113068	PFDN1	5201	prefoldin subunit 1
ENSG00000113070	HBEGF	1839	heparin binding EGF like growth factor
ENSG00000113108	APBB3	10307	amyloid beta precursor protein binding family B member 3
ENSG00000113119	TMCO6	55374	transmembrane and coiled-coil domains 6
ENSG00000113140	SPARC	6678	secreted protein acidic and cysteine rich
ENSG00000113141	IK	3550	IK cytokine
ENSG00000113161	HMGCR	3156	3-hydroxy-3-methylglutaryl-CoA reductase
ENSG00000113163	CERT1	10087	ceramide transporter 1
ENSG00000113194	FAF2	23197	Fas associated factor family member 2
ENSG00000113231	PDE8B	8622	phosphodiesterase 8B
ENSG00000113240	CLK4	57396	CDC like kinase 4
ENSG00000113249	HAVCR1	26762	hepatitis A virus cellular receptor 1
ENSG00000113269	RNF130	55819	ring finger protein 130
ENSG00000113272	THG1L	54974	tRNA-histidine guanylyltransferase 1 like
ENSG00000113273	ARSB	411	arylsulfatase B
ENSG00000113282	CLINT1	9685	clathrin interactor 1
ENSG00000113300	CNOT6	57472	CCR4-NOT transcription complex subunit 6
ENSG00000113312	TTC1	7265	tetratricopeptide repeat domain 1
ENSG00000113318	MSH3	4437	mutS homolog 3
ENSG00000113319	RASGRF2	5924	Ras protein specific guanine nucleotide releasing factor 2
ENSG00000113328	CCNG1	900	cyclin G1
ENSG00000113356	POLR3G	10622	RNA polymerase III subunit G
ENSG00000113360	DROSHA	29102	drosha ribonuclease III
ENSG00000113368	LMNB1	4001	lamin B1
ENSG00000113369	ARRDC3	57561	arrestin domain containing 3
ENSG00000113384	GOLPH3	64083	golgi phosphoprotein 3
ENSG00000113387	SUB1	10923	SUB1 regulator of transcription
ENSG00000113389	NPR3	4883	natriuretic peptide receptor 3
ENSG00000113391	ARB2A	83989	ARB2 cotranscriptional regulator A
ENSG00000113407	TARS1	6897	threonyl-tRNA synthetase 1
ENSG00000113441	LNPEP	4012	leucyl and cystinyl aminopeptidase
ENSG00000113448	PDE4D	5144	phosphodiesterase 4D
ENSG00000113456	RAD1	5810	RAD1 checkpoint DNA exonuclease
ENSG00000113460	BRIX1	55299	biogenesis of ribosomes BRX1
ENSG00000113504	SLC12A7	10723	solute carrier family 12 member 7
ENSG00000113522	RAD50	10111	RAD50 double strand break repair protein
ENSG00000113532	ST8SIA4	7903	ST8 alpha-N-acetyl-neuraminide alpha-2,8-sialyltransferase 4
ENSG00000113552	GNPDA1	10007	glucosamine-6-phosphate deaminase 1
ENSG00000113558	SKP1	6500	S-phase kinase associated protein 1
ENSG00000113569	NUP155	9631	nucleoporin 155
ENSG00000113575	PPP2CA	5515	protein phosphatase 2 catalytic subunit alpha
ENSG00000113580	NR3C1	2908	nuclear receptor subfamily 3 group C member 1
ENSG00000113583	C5orf15	56951	chromosome 5 open reading frame 15
ENSG00000113593	PPWD1	23398	peptidylprolyl isomerase domain and WD repeat containing 1
ENSG00000113594	LIFR	3977	LIF receptor subunit alpha
ENSG00000113595	TRIM23	373	tripartite motif containing 23
ENSG00000113597	TRAPPC13	80006	trafficking protein particle complex subunit 13
ENSG00000113615	SEC24A	10802	SEC24 homolog A, COPII coat complex component
ENSG00000113621	TXNDC15	79770	thioredoxin domain containing 15
ENSG00000113638	TTC33	23548	tetratricopeptide repeat domain 33
ENSG00000113643	RARS1	5917	arginyl-tRNA synthetase 1
ENSG00000113645	WWC1	23286	WW and C2 domain containing 1
ENSG00000113648	MACROH2A1	9555	macroH2A.1 histone
ENSG00000113649	TCERG1	10915	transcription elongation regulator 1
ENSG00000113657	DPYSL3	1809	dihydropyrimidinase like 3
ENSG00000113658	SMAD5	4090	SMAD family member 5
ENSG00000113712	CSNK1A1	1452	casein kinase 1 alpha 1
ENSG00000113716	HMGXB3	22993	HMG-box containing 3
ENSG00000113719	ERGIC1	57222	endoplasmic reticulum-golgi intermediate compartment 1
ENSG00000113732	ATP6V0E1	8992	ATPase H+ transporting V0 subunit e1
ENSG00000113734	BNIP1	662	BCL2 interacting protein 1
ENSG00000113739	STC2	8614	stanniocalcin 2
ENSG00000113742	CPEB4	80315	cytoplasmic polyadenylation element binding protein 4
ENSG00000113758	DBN1	1627	drebrin 1
ENSG00000113761	ZNF346	23567	zinc finger protein 346
ENSG00000113790	EHHADH	1962	enoyl-CoA hydratase and 3-hydroxyacyl CoA dehydrogenase
ENSG00000113810	SMC4	10051	structural maintenance of chromosomes 4
ENSG00000113811	SELENOK	58515	selenoprotein K
ENSG00000113812	ACTR8	93973	actin related protein 8
ENSG00000113838	TBCCD1	55171	TBCC domain containing 1
ENSG00000113845	TIMMDC1	51300	translocase of inner mitochondrial membrane domain containing 1
ENSG00000113851	CRBN	51185	cereblon
ENSG00000113916	BCL6	604	BCL6 transcription repressor
ENSG00000113924	HGD	3081	homogentisate 1,2-dioxygenase
ENSG00000113966	ARL6	84100	ADP ribosylation factor like GTPase 6
ENSG00000113971	NPHP3	27031	nephrocystin 3
ENSG00000114019	AMOTL2	51421	angiomotin like 2
ENSG00000114021	NIT2	56954	nitrilase family member 2
ENSG00000114023	FAM162A	26355	family with sequence similarity 162 member A
ENSG00000114026	OGG1	4968	8-oxoguanine DNA glycosylase
ENSG00000114030	KPNA1	3836	karyopherin subunit alpha 1
ENSG00000114054	PCCB	5096	propionyl-CoA carboxylase subunit beta
ENSG00000114062	UBE3A	7337	ubiquitin protein ligase E3A
ENSG00000114098	ARMC8	25852	armadillo repeat containing 8
ENSG00000114107	CEP70	80321	centrosomal protein 70
ENSG00000114120	SLC25A36	55186	solute carrier family 25 member 36
ENSG00000114125	RNF7	9616	ring finger protein 7
ENSG00000114126	TFDP2	7029	transcription factor Dp-2
ENSG00000114127	XRN1	54464	5'-3' exoribonuclease 1
ENSG00000114166	KAT2B	8850	lysine acetyltransferase 2B
ENSG00000114209	PDCD10	11235	programmed cell death 10
ENSG00000114268	PFKFB4	5210	6-phosphofructo-2-kinase/fructose-2,6-biphosphatase 4
ENSG00000114270	COL7A1	1294	collagen type VII alpha 1 chain
ENSG00000114302	PRKAR2A	5576	protein kinase cAMP-dependent type II regulatory subunit alpha
ENSG00000114315	HES1	3280	hes family bHLH transcription factor 1
ENSG00000114316	USP4	7375	ubiquitin specific peptidase 4
ENSG00000114331	ACAP2	23527	ArfGAP with coiled-coil, ankyrin repeat and PH domains 2
ENSG00000114346	ECT2	1894	epithelial cell transforming 2
ENSG00000114353	GNAI2	2771	G protein subunit alpha i2
ENSG00000114354	TFG	10342	trafficking from ER to golgi regulator
ENSG00000114374	USP9Y	8287	ubiquitin specific peptidase 9 Y-linked
ENSG00000114378	HYAL1	3373	hyaluronidase 1
ENSG00000114383	TUSC2	11334	tumor suppressor 2, mitochondrial calcium regulator
ENSG00000114388	NPRL2	10641	NPR2 like, GATOR1 complex subunit
ENSG00000114391	RPL24	6152	ribosomal protein L24
ENSG00000114395	CYB561D2	11068	cytochrome b561 family member D2
ENSG00000114405	CEP15	57415	centrosomal protein 15
ENSG00000114416	FXR1	8087	FMR1 autosomal homolog 1
ENSG00000114423	CBLB	868	Cbl proto-oncogene B
ENSG00000114439	BBX	56987	BBX high mobility group box domain containing
ENSG00000114446	IFT57	55081	intraflagellar transport 57
ENSG00000114450	GNB4	59345	G protein subunit beta 4
ENSG00000114473	IQCG	84223	IQ motif containing G
ENSG00000114480	GBE1	2632	1,4-alpha-glucan branching enzyme 1
ENSG00000114491	UMPS	7372	uridine monophosphate synthetase
ENSG00000114503	NCBP2	22916	nuclear cap binding protein subunit 2
ENSG00000114520	SNX4	8723	sorting nexin 4
ENSG00000114529	C3orf52	79669	chromosome 3 open reading frame 52
ENSG00000114541	FRMD4B	23150	FERM domain containing 4B
ENSG00000114544	SLC41A3	54946	solute carrier family 41 member 3
ENSG00000114554	PLXNA1	5361	plexin A1
ENSG00000114573	ATP6V1A	523	ATPase H+ transporting V1 subunit A
ENSG00000114626	ABTB1	80325	ankyrin repeat and BTB domain containing 1
ENSG00000114631	PODXL2	50512	podocalyxin like 2
ENSG00000114638	UPK1B	7348	uroplakin 1B
ENSG00000114646	CSPG5	10675	chondroitin sulfate proteoglycan 5
ENSG00000114648	KLHL18	23276	kelch like family member 18
ENSG00000114650	SCAP	22937	SREBF chaperone
ENSG00000114670	NEK11	79858	NIMA related kinase 11
ENSG00000114686	MRPL3	11222	mitochondrial ribosomal protein L3
ENSG00000114698	PLSCR4	57088	phospholipid scramblase 4
ENSG00000114735	HEMK1	51409	HemK methyltransferase family member 1
ENSG00000114737	CISH	1154	cytokine inducible SH2 containing protein
ENSG00000114738	MAPKAPK3	7867	MAPK activated protein kinase 3
ENSG00000114739	ACVR2B	93	activin A receptor type 2B
ENSG00000114742	WDR48	57599	WD repeat domain 48
ENSG00000114744	COMMD2	51122	COMM domain containing 2
ENSG00000114745	GORASP1	64689	golgi reassembly stacking protein 1
ENSG00000114767	RRP9	9136	ribosomal RNA processing 9, U3 small nucleolar RNA binding protein
ENSG00000114770	ABCC5	10057	ATP binding cassette subfamily C member 5
ENSG00000114771	AADAC	13	arylacetamide deacetylase
ENSG00000114779	ABHD14B	84836	abhydrolase domain containing 14B
ENSG00000114784	EIF1B	10289	eukaryotic translation initiation factor 1B
ENSG00000114790	ARHGEF26	26084	Rho guanine nucleotide exchange factor 26
ENSG00000114796	KLHL24	54800	kelch like family member 24
ENSG00000114805	PLCH1	23007	phospholipase C eta 1
ENSG00000114850	SSR3	6747	signal sequence receptor subunit 3
ENSG00000114853	ZBTB47	92999	zinc finger and BTB domain containing 47
ENSG00000114854	TNNC1	7134	troponin C1, slow skeletal and cardiac type
ENSG00000114857	NKTR	4820	natural killer cell triggering receptor
ENSG00000114859	CLCN2	1181	chloride voltage-gated channel 2
ENSG00000114861	FOXP1	27086	forkhead box P1
ENSG00000114867	EIF4G1	1981	eukaryotic translation initiation factor 4 gamma 1
ENSG00000114902	SPCS1	28972	signal peptidase complex subunit 1
ENSG00000114904	NEK4	6787	NIMA related kinase 4
ENSG00000114923	SLC4A3	6508	solute carrier family 4 member 3
ENSG00000114933	INO80D	54891	INO80 complex subunit D
ENSG00000114942	EEF1B2	1933	eukaryotic translation elongation factor 1 beta 2
ENSG00000114948	ADAM23	8745	ADAM metallopeptidase domain 23
ENSG00000114956	DGUOK	1716	deoxyguanosine kinase
ENSG00000114978	MOB1A	55233	MOB kinase activator 1A
ENSG00000114982	KANSL3	55683	KAT8 regulatory NSL complex subunit 3
ENSG00000114988	LMAN2L	81562	lectin, mannose binding 2 like
ENSG00000114993	RTKN	6242	rhotekin
ENSG00000114999	TTL	150465	tubulin tyrosine ligase
ENSG00000115008	IL1A	3552	interleukin 1 alpha
ENSG00000115009	CCL20	6364	C-C motif chemokine ligand 20
ENSG00000115020	PIKFYVE	200576	phosphoinositide kinase, FYVE-type zinc finger containing
ENSG00000115042	FAHD2A	51011	fumarylacetoacetate hydrolase domain containing 2A
ENSG00000115053	NCL	4691	nucleolin
ENSG00000115073	ACTR1B	10120	actin related protein 1B
ENSG00000115084	SLC35F5	80255	solute carrier family 35 member F5
ENSG00000115091	ACTR3	10096	actin related protein 3
ENSG00000115107	STEAP3	55240	STEAP3 metalloreductase
ENSG00000115109	EPB41L5	57669	erythrocyte membrane protein band 4.1 like 5
ENSG00000115112	TFCP2L1	29842	transcription factor CP2 like 1
ENSG00000115128	SF3B6	51639	splicing factor 3b subunit 6
ENSG00000115129	TP53I3	9540	tumor protein p53 inducible protein 3
ENSG00000115137	DNAJC27	51277	DnaJ heat shock protein family (Hsp40) member C27
ENSG00000115145	STAM2	10254	signal transducing adaptor molecule 2
ENSG00000115159	GPD2	2820	glycerol-3-phosphate dehydrogenase 2
ENSG00000115163	CENPA	1058	centromere protein A
ENSG00000115170	ACVR1	90	activin A receptor type 1
ENSG00000115183	TANC1	85461	tetratricopeptide repeat, ankyrin repeat and coiled-coil containing 1
ENSG00000115194	SLC30A3	7781	solute carrier family 30 member 3
ENSG00000115204	MPV17	4358	mitochondrial inner membrane protein MPV17
ENSG00000115207	GTF3C2	2976	general transcription factor IIIC subunit 2
ENSG00000115211	EIF2B4	8890	eukaryotic translation initiation factor 2B subunit delta
ENSG00000115216	NRBP1	29959	nuclear receptor binding protein 1
ENSG00000115221	ITGB6	3694	integrin subunit beta 6
ENSG00000115226	FNDC4	64838	fibronectin type III domain containing 4
ENSG00000115233	PSMD14	10213	proteasome 26S subunit, non-ATPase 14
ENSG00000115234	SNX17	9784	sorting nexin 17
ENSG00000115239	ASB3	51130	ankyrin repeat and SOCS box containing 3
ENSG00000115241	PPM1G	5496	protein phosphatase, Mg2+/Mn2+ dependent 1G
ENSG00000115255	REEP6	92840	receptor accessory protein 6
ENSG00000115257	PCSK4	54760	proprotein convertase subtilisin/kexin type 4
ENSG00000115267	IFIH1	64135	interferon induced with helicase C domain 1
ENSG00000115268	RPS15	6209	ribosomal protein S15
ENSG00000115271	GCA	25801	grancalcin
ENSG00000115274	INO80B	83444	INO80 complex subunit B
ENSG00000115275	MOGS	7841	mannosyl-oligosaccharide glucosidase
ENSG00000115282	TTC31	64427	tetratricopeptide repeat domain 31
ENSG00000115286	NDUFS7	374291	NADH:ubiquinone oxidoreductase core subunit S7
ENSG00000115289	PCGF1	84759	polycomb group ring finger 1
ENSG00000115290	GRB14	2888	growth factor receptor bound protein 14
ENSG00000115295	CLIP4	79745	CAP-Gly domain containing linker protein family member 4
ENSG00000115306	SPTBN1	6711	spectrin beta, non-erythrocytic 1
ENSG00000115307	AUP1	550	AUP1 lipid droplet regulating VLDL assembly factor
ENSG00000115310	RTN4	57142	reticulon 4
ENSG00000115317	HTRA2	27429	HtrA serine peptidase 2
ENSG00000115318	LOXL3	84695	lysyl oxidase like 3
ENSG00000115325	DOK1	1796	docking protein 1
ENSG00000115350	POLE4	56655	DNA polymerase epsilon 4, accessory subunit
ENSG00000115355	CCDC88A	55704	coiled-coil domain containing 88A
ENSG00000115363	EVA1A	84141	eva-1 homolog A, regulator of programmed cell death
ENSG00000115364	MRPL19	9801	mitochondrial ribosomal protein L19
ENSG00000115365	LANCL1	10314	LanC like glutathione S-transferase 1
ENSG00000115368	WDR75	84128	WD repeat domain 75
ENSG00000115380	EFEMP1	2202	EGF containing fibulin extracellular matrix protein 1
ENSG00000115392	FANCL	55120	FA complementation group L
ENSG00000115414	FN1	2335	fibronectin 1
ENSG00000115415	STAT1	6772	signal transducer and activator of transcription 1
ENSG00000115419	GLS	2744	glutaminase
ENSG00000115421	PAPOLG	64895	poly(A) polymerase gamma
ENSG00000115425	PECR	55825	peroxisomal trans-2-enoyl-CoA reductase
ENSG00000115446	UNC50	25972	unc-50 inner nuclear membrane RNA binding protein
ENSG00000115457	IGFBP2	3485	insulin like growth factor binding protein 2
ENSG00000115459	ELMOD3	84173	ELMO domain containing 3
ENSG00000115464	USP34	9736	ubiquitin specific peptidase 34
ENSG00000115468	EFHD1	80303	EF-hand domain family member D1
ENSG00000115484	CCT4	10575	chaperonin containing TCP1 subunit 4
ENSG00000115486	GGCX	2677	gamma-glutamyl carboxylase
ENSG00000115504	EHBP1	23301	EH domain binding protein 1
ENSG00000115507	OTX1	5013	orthodenticle homeobox 1
ENSG00000115514	TXNDC9	10190	thioredoxin domain containing 9
ENSG00000115520	COQ10B	80219	coenzyme Q10B
ENSG00000115524	SF3B1	23451	splicing factor 3b subunit 1
ENSG00000115525	ST3GAL5	8869	ST3 beta-galactoside alpha-2,3-sialyltransferase 5
ENSG00000115526	CHST10	9486	carbohydrate sulfotransferase 10
ENSG00000115539	PDCL3	79031	phosducin like 3
ENSG00000115540	MOB4	25843	MOB family member 4, phocein
ENSG00000115541	HSPE1	3336	heat shock protein family E (Hsp10) member 1
ENSG00000115548	KDM3A	55818	lysine demethylase 3A
ENSG00000115556	PLCD4	84812	phospholipase C delta 4
ENSG00000115561	CHMP3	51652	charged multivesicular body protein 3
ENSG00000115568	ZNF142	7701	zinc finger protein 142
ENSG00000115594	IL1R1	3554	interleukin 1 receptor type 1
ENSG00000115602	IL1RL1	9173	interleukin 1 receptor like 1
ENSG00000115604	IL18R1	8809	interleukin 18 receptor 1
ENSG00000115616	SLC9A2	6549	solute carrier family 9 member A2
ENSG00000115641	FHL2	2274	four and a half LIM domains 2
ENSG00000115648	MLPH	79083	melanophilin
ENSG00000115649	CNPPD1	27013	cyclin Pas1/PHO80 domain containing 1
ENSG00000115652	UXS1	80146	UDP-glucuronate decarboxylase 1
ENSG00000115657	ABCB6	10058	ATP binding cassette subfamily B member 6 (Langereis blood group)
ENSG00000115661	STK16	8576	serine/threonine kinase 16
ENSG00000115677	HDLBP	3069	high density lipoprotein binding protein
ENSG00000115685	PPP1R7	5510	protein phosphatase 1 regulatory subunit 7
ENSG00000115687	PASK	23178	PAS domain containing serine/threonine kinase
ENSG00000115694	STK25	10494	serine/threonine kinase 25
ENSG00000115718	PROC	5624	protein C, inactivator of coagulation factors Va and VIIIa
ENSG00000115738	ID2	3398	inhibitor of DNA binding 2
ENSG00000115750	TAF1B	9014	TATA-box binding protein associated factor, RNA polymerase I subunit B
ENSG00000115756	HPCAL1	3241	hippocalcin like 1
ENSG00000115758	ODC1	4953	ornithine decarboxylase 1
ENSG00000115760	BIRC6	57448	baculoviral IAP repeat containing 6
ENSG00000115761	NOL10	79954	nucleolar protein 10
ENSG00000115762	PLEKHB2	55041	pleckstrin homology domain containing B2
ENSG00000115806	GORASP2	26003	golgi reassembly stacking protein 2
ENSG00000115808	STRN	6801	striatin
ENSG00000115816	CEBPZ	10153	CCAAT enhancer binding protein zeta
ENSG00000115825	PRKD3	23683	protein kinase D3
ENSG00000115827	DCAF17	80067	DDB1 and CUL4 associated factor 17
ENSG00000115828	QPCT	25797	glutaminyl-peptide cyclotransferase
ENSG00000115839	RAB3GAP1	22930	RAB3 GTPase activating protein catalytic subunit 1
ENSG00000115840	SLC25A12	8604	solute carrier family 25 member 12
ENSG00000115841	RMDN2	151393	regulator of microtubule dynamics 2
ENSG00000115866	DARS1	1615	aspartyl-tRNA synthetase 1
ENSG00000115875	SRSF7	6432	serine and arginine rich splicing factor 7
ENSG00000115884	SDC1	6382	syndecan 1
ENSG00000115902	SLC1A4	6509	solute carrier family 1 member 4
ENSG00000115904	SOS1	6654	SOS Ras/Rac guanine nucleotide exchange factor 1
ENSG00000115919	KYNU	8942	kynureninase
ENSG00000115935	WIPF1	7456	WAS/WASL interacting protein family member 1
ENSG00000115942	ORC2	4999	origin recognition complex subunit 2
ENSG00000115944	COX7A2L	9167	cytochrome c oxidase subunit 7A2 like
ENSG00000115946	PNO1	56902	partner of NOB1 homolog
ENSG00000115947	ORC4	5000	origin recognition complex subunit 4
ENSG00000115963	RND3	390	Rho family GTPase 3
ENSG00000115966	ATF2	1386	activating transcription factor 2
ENSG00000115970	THADA	63892	THADA armadillo repeat containing
ENSG00000115977	AAK1	22848	AP2 associated kinase 1
ENSG00000115993	TRAK2	66008	trafficking kinesin protein 2
ENSG00000115998	C2orf42	54980	chromosome 2 open reading frame 42
ENSG00000116001	TIA1	7072	TIA1 cytotoxic granule associated RNA binding protein
ENSG00000116005	PCYOX1	51449	prenylcysteine oxidase 1
ENSG00000116016	EPAS1	2034	endothelial PAS domain protein 1
ENSG00000116017	ARID3A	1820	AT-rich interaction domain 3A
ENSG00000116030	SUMO1	7341	small ubiquitin like modifier 1
ENSG00000116032	GRIN3B	116444	glutamate ionotropic receptor NMDA type subunit 3B
ENSG00000116035	VAX2	25806	ventral anterior homeobox 2
ENSG00000116039	ATP6V1B1	525	ATPase H+ transporting V1 subunit B1
ENSG00000116044	NFE2L2	4780	NFE2 like bZIP transcription factor 2
ENSG00000116062	MSH6	2956	mutS homolog 6
ENSG00000116095	PLEKHA3	65977	pleckstrin homology domain containing A3
ENSG00000116096	SPR	6697	sepiapterin reductase
ENSG00000116106	EPHA4	2043	EPH receptor A4
ENSG00000116117	PARD3B	117583	par-3 family cell polarity regulator beta
ENSG00000116120	FARSB	10056	phenylalanyl-tRNA synthetase subunit beta
ENSG00000116127	ALMS1	7840	ALMS1 centrosome and basal body associated protein
ENSG00000116128	BCL9	607	BCL9 transcription coactivator
ENSG00000116133	DHCR24	1718	24-dehydrocholesterol reductase
ENSG00000116138	DNAJC16	23341	DnaJ heat shock protein family (Hsp40) member C16
ENSG00000116151	MORN1	79906	MORN repeat containing 1
ENSG00000116161	CACYBP	27101	calcyclin binding protein
ENSG00000116171	SCP2	6342	sterol carrier protein 2
ENSG00000116191	RALGPS2	55103	Ral GEF with PH domain and SH3 binding motif 2
ENSG00000116198	CEP104	9731	centrosomal protein 104
ENSG00000116199	FAM20B	9917	FAM20B glycosaminoglycan xylosylkinase
ENSG00000116205	TCEANC2	127428	transcription elongation factor A N-terminal and central domain containing 2
ENSG00000116209	TMEM59	9528	transmembrane protein 59
ENSG00000116212	LRRC42	115353	leucine rich repeat containing 42
ENSG00000116213	WRAP73	49856	WD repeat containing, antisense to TP73
ENSG00000116221	MRPL37	51253	mitochondrial ribosomal protein L37
ENSG00000116237	ICMT	23463	isoprenylcysteine carboxyl methyltransferase
ENSG00000116251	RPL22	6146	ribosomal protein L22
ENSG00000116260	QSOX1	5768	quiescin sulfhydryl oxidase 1
ENSG00000116266	STXBP3	6814	syntaxin binding protein 3
ENSG00000116273	PHF13	148479	PHD finger protein 13
ENSG00000116285	ERRFI1	54206	ERBB receptor feedback inhibitor 1
ENSG00000116288	PARK7	11315	Parkinsonism associated deglycase
ENSG00000116337	AMPD2	271	adenosine monophosphate deaminase 2
ENSG00000116350	SRSF4	6429	serine and arginine rich splicing factor 4
ENSG00000116353	MECR	51102	mitochondrial trans-2-enoyl-CoA reductase
ENSG00000116396	KCNC4	3749	potassium voltage-gated channel subfamily C member 4
ENSG00000116406	EDEM3	80267	ER degradation enhancing alpha-mannosidase like protein 3
ENSG00000116455	WDR77	79084	WD repeat domain 77
ENSG00000116459	ATP5PB	515	ATP synthase peripheral stalk-membrane subunit b
ENSG00000116473	RAP1A	5906	RAP1A, member of RAS oncogene family
ENSG00000116478	HDAC1	3065	histone deacetylase 1
ENSG00000116489	CAPZA1	829	capping actin protein of muscle Z-line subunit alpha 1
ENSG00000116497	S100PBP	64766	S100P binding protein
ENSG00000116514	RNF19B	127544	ring finger protein 19B
ENSG00000116521	SCAMP3	10067	secretory carrier membrane protein 3
ENSG00000116525	TRIM62	55223	tripartite motif containing 62
ENSG00000116539	ASH1L	55870	ASH1 like histone lysine methyltransferase
ENSG00000116560	SFPQ	6421	splicing factor proline and glutamine rich
ENSG00000116574	RHOU	58480	ras homolog family member U
ENSG00000116580	GON4L	54856	gon-4 like
ENSG00000116584	ARHGEF2	9181	Rho/Rac guanine nucleotide exchange factor 2
ENSG00000116586	LAMTOR2	28956	late endosomal/lysosomal adaptor, MAPK and MTOR activator 2
ENSG00000116604	MEF2D	4209	myocyte enhancer factor 2D
ENSG00000116641	DOCK7	85440	dedicator of cytokinesis 7
ENSG00000116649	SRM	6723	spermidine synthase
ENSG00000116661	FBXO2	26232	F-box protein 2
ENSG00000116663	FBXO6	26270	F-box protein 6
ENSG00000116667	C1orf21	81563	chromosome 1 open reading frame 21
ENSG00000116668	SWT1	54823	SWT1 RNA endoribonuclease homolog
ENSG00000116670	MAD2L2	10459	mitotic arrest deficient 2 like 2
ENSG00000116675	DNAJC6	9829	DnaJ heat shock protein family (Hsp40) member C6
ENSG00000116678	LEPR	3953	leptin receptor
ENSG00000116679	IVNS1ABP	10625	influenza virus NS1A binding protein
ENSG00000116685	KIAA2013	90231	KIAA2013
ENSG00000116688	MFN2	9927	mitofusin 2
ENSG00000116691	MIIP	60672	migration and invasion inhibitory protein
ENSG00000116698	SMG7	9887	SMG7 nonsense mediated mRNA decay factor
ENSG00000116701	NCF2	4688	neutrophil cytosolic factor 2
ENSG00000116704	SLC35D1	23169	solute carrier family 35 member D1
ENSG00000116711	PLA2G4A	5321	phospholipase A2 group IVA
ENSG00000116717	GADD45A	1647	growth arrest and DNA damage inducible alpha
ENSG00000116729	WLS	79971	Wnt ligand secretion mediator
ENSG00000116731	PRDM2	7799	PR/SET domain 2
ENSG00000116741	RGS2	5997	regulator of G protein signaling 2
ENSG00000116747	RO60	6738	Ro60, Y RNA binding protein
ENSG00000116750	UCHL5	51377	ubiquitin C-terminal hydrolase L5
ENSG00000116752	BCAS2	10286	BCAS2 pre-mRNA processing factor
ENSG00000116754	SRSF11	9295	serine and arginine rich splicing factor 11
ENSG00000116761	CTH	1491	cystathionine gamma-lyase
ENSG00000116771	AGMAT	79814	agmatinase
ENSG00000116774	OLFML3	56944	olfactomedin like 3
ENSG00000116786	PLEKHM2	23207	pleckstrin homology and RUN domain containing M2
ENSG00000116791	CRYZ	1429	crystallin zeta
ENSG00000116793	PHTF1	10745	putative homeodomain transcription factor 1
ENSG00000116809	ZBTB17	7709	zinc finger and BTB domain containing 17
ENSG00000116815	CD58	965	CD58 molecule
ENSG00000116830	TTF2	8458	transcription termination factor 2
ENSG00000116833	NR5A2	2494	nuclear receptor subfamily 5 group A member 2
ENSG00000116852	KIF21B	23046	kinesin family member 21B
ENSG00000116857	TMEM9	252839	transmembrane protein 9
ENSG00000116863	ADPRS	54936	ADP-ribosylserine hydrolase
ENSG00000116871	MAP7D1	55700	MAP7 domain containing 1
ENSG00000116874	WARS2	10352	tryptophanyl tRNA synthetase 2, mitochondrial
ENSG00000116885	OSCP1	127700	organic solute carrier partner 1
ENSG00000116898	MRPS15	64960	mitochondrial ribosomal protein S15
ENSG00000116903	EXOC8	149371	exocyst complex component 8
ENSG00000116906	GNPAT	8443	glyceronephosphate O-acyltransferase
ENSG00000116918	TSNAX	7257	translin associated factor X
ENSG00000116922	AIRIM	54955	AFG2 interacting ribosome maturation factor
ENSG00000116954	RRAGC	64121	Ras related GTP binding C
ENSG00000116962	NID1	4811	nidogen 1
ENSG00000116977	LGALS8	3964	galectin 8
ENSG00000116984	MTR	4548	5-methyltetrahydrofolate-homocysteine methyltransferase
ENSG00000116985	BMP8B	656	bone morphogenetic protein 8b
ENSG00000116990	MYCL	4610	MYCL proto-oncogene, bHLH transcription factor
ENSG00000116991	SIPA1L2	57568	signal induced proliferation associated 1 like 2
ENSG00000117000	RLF	6018	RLF zinc finger
ENSG00000117010	ZNF684	127396	zinc finger protein 684
ENSG00000117016	RIMS3	9783	regulating synaptic membrane exocytosis 3
ENSG00000117020	AKT3	10000	AKT serine/threonine kinase 3
ENSG00000117036	ETV3	2117	ETS variant transcription factor 3
ENSG00000117054	ACADM	34	acyl-CoA dehydrogenase medium chain
ENSG00000117114	ADGRL2	23266	adhesion G protein-coupled receptor L2
ENSG00000117115	PADI2	11240	peptidyl arginine deiminase 2
ENSG00000117118	SDHB	6390	succinate dehydrogenase complex iron sulfur subunit B
ENSG00000117133	RPF1	80135	ribosome production factor 1 homolog
ENSG00000117139	KDM5B	10765	lysine demethylase 5B
ENSG00000117143	UAP1	6675	UDP-N-acetylglucosamine pyrophosphorylase 1
ENSG00000117151	CTBS	1486	chitobiase
ENSG00000117153	KLHL12	59349	kelch like family member 12
ENSG00000117155	SSX2IP	117178	SSX family member 2 interacting protein
ENSG00000117174	ZNHIT6	54680	zinc finger HIT-type containing 6
ENSG00000117222	RBBP5	5929	RB binding protein 5, histone lysine methyltransferase complex subunit
ENSG00000117226	GBP3	2635	guanylate binding protein 3
ENSG00000117242	PINK1-AS	100861548	PINK1 antisense RNA
ENSG00000117262	GPR89A	653519	G protein-coupled receptor 89A
ENSG00000117266	CDK18	5129	cyclin dependent kinase 18
ENSG00000117280	RAB29	8934	RAB29, member RAS oncogene family
ENSG00000117298	ECE1	1889	endothelin converting enzyme 1
ENSG00000117305	HMGCL	3155	3-hydroxy-3-methylglutaryl-CoA lyase
ENSG00000117308	GALE	2582	UDP-galactose-4-epimerase
ENSG00000117318	ID3	3399	inhibitor of DNA binding 3
ENSG00000117335	CD46	4179	CD46 molecule
ENSG00000117360	PRPF3	9129	pre-mRNA processing factor 3
ENSG00000117362	APH1A	51107	aph-1 homolog A, gamma-secretase subunit
ENSG00000117385	P3H1	64175	prolyl 3-hydroxylase 1
ENSG00000117394	SLC2A1	6513	solute carrier family 2 member 1
ENSG00000117395	EBNA1BP2	10969	EBNA1 binding protein 2
ENSG00000117399	CDC20	991	cell division cycle 20
ENSG00000117408	IPO13	9670	importin 13
ENSG00000117410	ATP6V0B	533	ATPase H+ transporting V0 subunit b
ENSG00000117411	B4GALT2	8704	beta-1,4-galactosyltransferase 2
ENSG00000117419	ERI3	79033	ERI1 exoribonuclease family member 3
ENSG00000117448	AKR1A1	10327	aldo-keto reductase family 1 member A1
ENSG00000117450	PRDX1	5052	peroxiredoxin 1
ENSG00000117461	PIK3R3	8503	phosphoinositide-3-kinase regulatory subunit 3
ENSG00000117472	TSPAN1	10103	tetraspanin 1
ENSG00000117475	BLZF1	8548	basic leucine zipper nuclear factor 1
ENSG00000117479	SLC19A2	10560	solute carrier family 19 member 2
ENSG00000117481	NSUN4	387338	NOP2/Sun RNA methyltransferase 4
ENSG00000117500	TMED5	50999	transmembrane p24 trafficking protein 5
ENSG00000117505	DR1	1810	down-regulator of transcription 1
ENSG00000117519	CNN3	1266	calponin 3
ENSG00000117523	PRRC2C	23215	proline rich coiled-coil 2C
ENSG00000117525	F3	2152	coagulation factor III, tissue factor
ENSG00000117528	ABCD3	5825	ATP binding cassette subfamily D member 3
ENSG00000117533	VAMP4	8674	vesicle associated membrane protein 4
ENSG00000117543	DPH5	51611	diphthamide biosynthesis 5
ENSG00000117569	PTBP2	58155	polypyrimidine tract binding protein 2
ENSG00000117592	PRDX6	9588	peroxiredoxin 6
ENSG00000117593	DARS2	55157	aspartyl-tRNA synthetase 2, mitochondrial
ENSG00000117597	UTP25	27042	UTP25 small subunit processome component
ENSG00000117602	RCAN3	11123	RCAN family member 3
ENSG00000117614	SYF2	25949	SYF2 pre-mRNA splicing factor
ENSG00000117616	RSRP1	57035	arginine and serine rich protein 1
ENSG00000117620	SLC35A3	23443	solute carrier family 35 member A3
ENSG00000117625	RCOR3	55758	REST corepressor 3
ENSG00000117632	STMN1	3925	stathmin 1
ENSG00000117640	MTFR1L	56181	mitochondrial fission regulator 1 like
ENSG00000117650	NEK2	4751	NIMA related kinase 2
ENSG00000117676	RPS6KA1	6195	ribosomal protein S6 kinase A1
ENSG00000117682	DHDDS	79947	dehydrodolichyl diphosphate synthase subunit
ENSG00000117691	NENF	29937	neudesin neurotrophic factor
ENSG00000117697	NSL1	25936	NSL1 component of MIS12 kinetochore complex
ENSG00000117713	ARID1A	8289	AT-rich interaction domain 1A
ENSG00000117724	CENPF	1063	centromere protein F
ENSG00000117748	RPA2	6118	replication protein A2
ENSG00000117751	PPP1R8	5511	protein phosphatase 1 regulatory subunit 8
ENSG00000117758	STX12	23673	syntaxin 12
ENSG00000117791	MTARC2	54996	mitochondrial amidoxime reducing component 2
ENSG00000117859	OSBPL9	114883	oxysterol binding protein like 9
ENSG00000117862	TXNDC12	51060	thioredoxin domain containing 12
ENSG00000117868	ESYT2	57488	extended synaptotagmin 2
ENSG00000117877	POLR1G	10849	RNA polymerase I subunit G
ENSG00000117899	MESD	23184	mesoderm development LRP chaperone
ENSG00000117906	RCN2	5955	reticulocalbin 2
ENSG00000117971	CHRNB4	1143	cholinergic receptor nicotinic beta 4 subunit
ENSG00000117984	CTSD	1509	cathepsin D
ENSG00000118007	STAG1	10274	STAG1 cohesin complex component
ENSG00000118046	STK11	6794	serine/threonine kinase 11
ENSG00000118058	KMT2A	4297	lysine methyltransferase 2A
ENSG00000118094	TREH	11181	trehalase
ENSG00000118096	IFT46	56912	intraflagellar transport 46
ENSG00000118162	KPTN	11133	kaptin, actin binding protein
ENSG00000118181	RPS25	6230	ribosomal protein S25
ENSG00000118193	KIF14	9928	kinesin family member 14
ENSG00000118197	DDX59	83479	DEAD-box helicase 59
ENSG00000118200	CAMSAP2	23271	calmodulin regulated spectrin associated protein family member 2
ENSG00000118217	ATF6	22926	activating transcription factor 6
ENSG00000118242	MREG	55686	melanoregulin
ENSG00000118246	FASTKD2	22868	FAST kinase domains 2
ENSG00000118257	NRP2	8828	neuropilin 2
ENSG00000118260	CREB1	1385	cAMP responsive element binding protein 1
ENSG00000118263	KLF7	8609	KLF transcription factor 7
ENSG00000118276	B4GALT6	9331	beta-1,4-galactosyltransferase 6
ENSG00000118292	C1orf54	79630	chromosome 1 open reading frame 54
ENSG00000118363	SPCS2	9789	signal peptidase complex subunit 2
ENSG00000118369	USP35	57558	ubiquitin specific peptidase 35
ENSG00000118402	ELOVL4	6785	ELOVL fatty acid elongase 4
ENSG00000118412	CASP8AP2	9994	caspase 8 associated protein 2
ENSG00000118418	HMGN3	9324	high mobility group nucleosomal binding domain 3
ENSG00000118420	UBE3D	90025	ubiquitin protein ligase E3D
ENSG00000118454	ANKRD13C	81573	ankyrin repeat domain 13C
ENSG00000118482	PHF3	23469	PHD finger protein 3
ENSG00000118495	PLAGL1	5325	PLAG1 like zinc finger 1
ENSG00000118496	FBXO30	84085	F-box protein 30
ENSG00000118503	TNFAIP3	7128	TNF alpha induced protein 3
ENSG00000118507	AKAP7	9465	A-kinase anchoring protein 7
ENSG00000118508	RAB32	10981	RAB32, member RAS oncogene family
ENSG00000118515	SGK1	6446	serum/glucocorticoid regulated kinase 1
ENSG00000118518	RNF146	81847	ring finger protein 146
ENSG00000118523	CCN2	1490	cellular communication network factor 2
ENSG00000118526	TCF21	6943	transcription factor 21
ENSG00000118557	PMFBP1	83449	polyamine modulated factor 1 binding protein 1
ENSG00000118564	FBXL5	26234	F-box and leucine rich repeat protein 5
ENSG00000118579	MED28	80306	mediator complex subunit 28
ENSG00000118600	RXYLT1	10329	ribitol xylosyltransferase 1
ENSG00000118620	ZNF430	80264	zinc finger protein 430
ENSG00000118640	VAMP8	8673	vesicle associated membrane protein 8
ENSG00000118655	DCLRE1B	64858	DNA cross-link repair 1B
ENSG00000118680	MYL12B	103910	myosin light chain 12B
ENSG00000118689	FOXO3	2309	forkhead box O3
ENSG00000118705	RPN2	6185	ribophorin II
ENSG00000118707	TGIF2	60436	TGFB induced factor homeobox 2
ENSG00000118762	PKD2	5311	polycystin 2, transient receptor potential cation channel
ENSG00000118777	ABCG2	9429	ATP binding cassette subfamily G member 2 (Junior blood group)
ENSG00000118785	SPP1	6696	secreted phosphoprotein 1
ENSG00000118804	STBD1	8987	starch binding domain 1
ENSG00000118816	CCNI	10983	cyclin I
ENSG00000118849	RARRES1	5918	retinoic acid receptor responder 1
ENSG00000118855	MFSD1	64747	major facilitator superfamily domain containing 1
ENSG00000118873	RAB3GAP2	25782	RAB3 GTPase activating non-catalytic protein subunit 2
ENSG00000118894	EEF2KMT	196483	eukaryotic elongation factor 2 lysine methyltransferase
ENSG00000118898	PPL	5493	periplakin
ENSG00000118900	UBN1	29855	ubinuclein 1
ENSG00000118922	KLF12	11278	KLF transcription factor 12
ENSG00000118939	UCHL3	7347	ubiquitin C-terminal hydrolase L3
ENSG00000118960	HS1BP3	64342	HCLS1 binding protein 3
ENSG00000118961	LDAH	60526	lipid droplet associated hydrolase
ENSG00000118965	WDR35	57539	WD repeat domain 35
ENSG00000118985	ELL2	22936	elongation factor for RNA polymerase II 2
ENSG00000119004	CYP20A1	57404	cytochrome P450 family 20 subfamily A member 1
ENSG00000119013	NDUFB3	4709	NADH:ubiquinone oxidoreductase subunit B3
ENSG00000119041	GTF3C3	9330	general transcription factor IIIC subunit 3
ENSG00000119042	SATB2	23314	SATB homeobox 2
ENSG00000119048	UBE2B	7320	ubiquitin conjugating enzyme E2 B
ENSG00000119138	KLF9	687	KLF transcription factor 9
ENSG00000119139	TJP2	9414	tight junction protein 2
ENSG00000119185	ITGB1BP1	9270	integrin subunit beta 1 binding protein 1
ENSG00000119203	CPSF3	51692	cleavage and polyadenylation specific factor 3
ENSG00000119227	PIGZ	80235	phosphatidylinositol glycan anchor biosynthesis class Z
ENSG00000119231	SENP5	205564	SUMO specific peptidase 5
ENSG00000119242	CCDC92	80212	coiled-coil domain containing 92
ENSG00000119280	C1orf198	84886	chromosome 1 open reading frame 198
ENSG00000119283	TRIM67	440730	tripartite motif containing 67
ENSG00000119285	HEATR1	55127	HEAT repeat containing 1
ENSG00000119314	PTBP3	9991	polypyrimidine tract binding protein 3
ENSG00000119318	RAD23B	5887	RAD23 homolog B, nucleotide excision repair protein
ENSG00000119321	FKBP15	23307	FKBP prolyl isomerase family member 15
ENSG00000119326	CTNNAL1	8727	catenin alpha like 1
ENSG00000119328	ABITRAM	54942	actin binding transcription modulator
ENSG00000119333	DYNC2I2	89891	dynein 2 intermediate chain 2
ENSG00000119335	SET	6418	SET nuclear proto-oncogene
ENSG00000119383	PTPA	5524	protein phosphatase 2 phosphatase activator
ENSG00000119392	GLE1	2733	GLE1 RNA export mediator
ENSG00000119396	RAB14	51552	RAB14, member RAS oncogene family
ENSG00000119397	CNTRL	11064	centriolin
ENSG00000119401	TRIM32	22954	tripartite motif containing 32
ENSG00000119402	FBXW2	26190	F-box and WD repeat domain containing 2
ENSG00000119403	PHF19	26147	PHD finger protein 19
ENSG00000119408	NEK6	10783	NIMA related kinase 6
ENSG00000119414	PPP6C	5537	protein phosphatase 6 catalytic subunit
ENSG00000119421	NDUFA8	4702	NADH:ubiquinone oxidoreductase subunit A8
ENSG00000119431	HDHD3	81932	haloacid dehalogenase like hydrolase domain containing 3
ENSG00000119446	RBM18	92400	RNA binding motif protein 18
ENSG00000119471	HSDL2	84263	hydroxysteroid dehydrogenase like 2
ENSG00000119487	MAPKAP1	79109	MAPK associated protein 1
ENSG00000119508	NR4A3	8013	nuclear receptor subfamily 4 group A member 3
ENSG00000119509	INVS	27130	inversin
ENSG00000119514	GALNT12	79695	polypeptide N-acetylgalactosaminyltransferase 12
ENSG00000119522	DENND1A	57706	DENN domain containing 1A
ENSG00000119523	ALG2	85365	ALG2 alpha-1,3/1,6-mannosyltransferase
ENSG00000119537	KDSR	2531	3-ketodihydrosphingosine reductase
ENSG00000119541	VPS4B	9525	vacuolar protein sorting 4 homolog B
ENSG00000119559	C19orf25	148223	chromosome 19 open reading frame 25
ENSG00000119574	ZBTB45	84878	zinc finger and BTB domain containing 45
ENSG00000119596	YLPM1	56252	YLP motif containing 1
ENSG00000119599	DCAF4	26094	DDB1 and CUL4 associated factor 4
ENSG00000119616	FCF1	51077	FCF1 rRNA-processing protein
ENSG00000119630	PGF	5228	placental growth factor
ENSG00000119632	IFI27L2	83982	interferon alpha inducible protein 27 like 2
ENSG00000119636	BBOF1	80127	basal body orientation factor 1
ENSG00000119638	NEK9	91754	NIMA related kinase 9
ENSG00000119640	ACYP1	97	acylphosphatase 1
ENSG00000119650	IFT43	112752	intraflagellar transport 43
ENSG00000119655	NPC2	10577	NPC intracellular cholesterol transporter 2
ENSG00000119661	DNAL1	83544	dynein axonemal light chain 1
ENSG00000119669	IRF2BPL	64207	interferon regulatory factor 2 binding protein like
ENSG00000119673	ACOT2	10965	acyl-CoA thioesterase 2
ENSG00000119681	LTBP2	4053	latent transforming growth factor beta binding protein 2
ENSG00000119682	AREL1	9870	apoptosis resistant E3 ubiquitin protein ligase 1
ENSG00000119684	MLH3	27030	mutL homolog 3
ENSG00000119685	TTLL5	23093	tubulin tyrosine ligase like 5
ENSG00000119686	FLVCR2	55640	FLVCR choline and putative heme transporter 2
ENSG00000119688	ABCD4	5826	ATP binding cassette subfamily D member 4
ENSG00000119689	DLST	1743	dihydrolipoamide S-succinyltransferase
ENSG00000119703	ZC2HC1C	79696	zinc finger C2HC-type containing 1C
ENSG00000119705	SLIRP	81892	SRA stem-loop interacting RNA binding protein
ENSG00000119707	RBM25	58517	RNA binding motif protein 25
ENSG00000119711	ALDH6A1	4329	aldehyde dehydrogenase 6 family member A1
ENSG00000119718	EIF2B2	8892	eukaryotic translation initiation factor 2B subunit beta
ENSG00000119720	NRDE2	55051	NRDE-2, necessary for RNA interference, domain containing
ENSG00000119723	COQ6	51004	coenzyme Q6, monooxygenase
ENSG00000119725	ZNF410	57862	zinc finger protein 410
ENSG00000119729	RHOQ	23433	ras homolog family member Q
ENSG00000119760	SUPT7L	9913	SPT7 like, STAGA complex subunit gamma
ENSG00000119771	KLHL29	114818	kelch like family member 29
ENSG00000119772	DNMT3A	1788	DNA methyltransferase 3 alpha
ENSG00000119777	TMEM214	54867	transmembrane protein 214
ENSG00000119778	ATAD2B	54454	ATPase family AAA domain containing 2B
ENSG00000119782	FKBP1B	2281	FKBP prolyl isomerase 1B
ENSG00000119787	ATL2	64225	atlastin GTPase 2
ENSG00000119801	YPEL5	51646	yippee like 5
ENSG00000119812	FAM98A	25940	family with sequence similarity 98 member A
ENSG00000119820	YIPF4	84272	Yip1 domain family member 4
ENSG00000119844	AFTPH	54812	aftiphilin
ENSG00000119862	LGALSL	29094	galectin like
ENSG00000119865	CNRIP1	25927	cannabinoid receptor interacting protein 1
ENSG00000119878	CRIPT	9419	CXXC repeat containing interactor of PDZ3 domain
ENSG00000119888	EPCAM	4072	epithelial cell adhesion molecule
ENSG00000119899	SLC17A5	26503	solute carrier family 17 member 5
ENSG00000119900	OGFRL1	79627	opioid growth factor receptor like 1
ENSG00000119906	SLF2	55719	SMC5-SMC6 complex localization factor 2
ENSG00000119912	IDE	3416	insulin degrading enzyme
ENSG00000119915	ELOVL3	83401	ELOVL fatty acid elongase 3
ENSG00000119917	IFIT3	3437	interferon induced protein with tetratricopeptide repeats 3
ENSG00000119922	IFIT2	3433	interferon induced protein with tetratricopeptide repeats 2
ENSG00000119927	GPAM	57678	glycerol-3-phosphate acyltransferase, mitochondrial
ENSG00000119929	CUTC	51076	cutC copper transporter
ENSG00000119938	PPP1R3C	5507	protein phosphatase 1 regulatory subunit 3C
ENSG00000119943	PYROXD2	84795	pyridine nucleotide-disulphide oxidoreductase domain 2
ENSG00000119946	CNNM1	26507	cyclin and CBS domain divalent metal cation transport mediator 1
ENSG00000119950	MXI1	4601	MAX interactor 1, dimerization protein
ENSG00000119953	SMNDC1	10285	survival motor neuron domain containing 1
ENSG00000119965	C10orf88	80007	chromosome 10 open reading frame 88
ENSG00000119969	HELLS	3070	helicase, lymphoid specific
ENSG00000119977	TCTN3	26123	tectonic family member 3
ENSG00000119979	DENND10	404636	DENN domain containing 10
ENSG00000119986	AVPI1	60370	arginine vasopressin induced 1
ENSG00000120008	WDR11	55717	WD repeat domain 11
ENSG00000120029	ARMH3	79591	armadillo like helical domain containing 3
ENSG00000120053	GOT1	2805	glutamic-oxaloacetic transaminase 1
ENSG00000120054	CPN1	1369	carboxypeptidase N subunit 1
ENSG00000120063	GNA13	10672	G protein subunit alpha 13
ENSG00000120068	HOXB8	3218	homeobox B8
ENSG00000120071	KANSL1	284058	KAT8 regulatory NSL complex subunit 1
ENSG00000120075	HOXB5	3215	homeobox B5
ENSG00000120093	HOXB3	3213	homeobox B3
ENSG00000120129	DUSP1	1843	dual specificity phosphatase 1
ENSG00000120137	PANK3	79646	pantothenate kinase 3
ENSG00000120149	MSX2	4488	msh homeobox 2
ENSG00000120158	RCL1	10171	RNA terminal phosphate cyclase like 1
ENSG00000120159	CAAP1	79886	caspase activity and apoptosis inhibitor 1
ENSG00000120162	MOB3B	79817	MOB kinase activator 3B
ENSG00000120211	INSL4	3641	insulin like 4
ENSG00000120217	CD274	29126	CD274 molecule
ENSG00000120253	NUP43	348995	nucleoporin 43
ENSG00000120254	MTHFD1L	25902	methylenetetrahydrofolate dehydrogenase (NADP+ dependent) 1 like
ENSG00000120256	LRP11	84918	LDL receptor related protein 11
ENSG00000120265	PCMT1	5110	protein-L-isoaspartate (D-aspartate) O-methyltransferase
ENSG00000120306	CYSTM1	84418	cysteine rich transmembrane module containing 1
ENSG00000120314	WDR55	54853	WD repeat domain 55
ENSG00000120318	ARAP3	64411	ArfGAP with RhoGAP domain, ankyrin repeat and PH domain 3
ENSG00000120333	MRPS14	63931	mitochondrial ribosomal protein S14
ENSG00000120334	CENPL	91687	centromere protein L
ENSG00000120341	SEC16B	89866	SEC16 homolog B, endoplasmic reticulum export factor
ENSG00000120370	GORAB	92344	golgin, RAB6 interacting
ENSG00000120437	ACAT2	39	acetyl-CoA acetyltransferase 2
ENSG00000120438	TCP1	6950	t-complex 1
ENSG00000120451	SNX19	399979	sorting nexin 19
ENSG00000120458	MSANTD2	79684	Myb/SANT DNA binding domain containing 2
ENSG00000120509	PDZD11	51248	PDZ domain containing 11
ENSG00000120519	SLC10A7	84068	solute carrier family 10 member 7
ENSG00000120526	NUDCD1	84955	NudC domain containing 1
ENSG00000120533	ENY2	56943	ENY2 transcription and export complex 2 subunit
ENSG00000120539	MASTL	84930	microtubule associated serine/threonine kinase like
ENSG00000120549	KIAA1217	56243	KIAA1217
ENSG00000120616	EPC1	80314	enhancer of polycomb homolog 1
ENSG00000120647	CCDC77	84318	coiled-coil domain containing 77
ENSG00000120656	TAF12	6883	TATA-box binding protein associated factor 12
ENSG00000120662	MTRF1	9617	mitochondrial translation release factor 1
ENSG00000120685	PROSER1	80209	proline and serine rich 1
ENSG00000120686	UFM1	51569	ubiquitin fold modifier 1
ENSG00000120688	WBP4	11193	WW domain binding protein 4
ENSG00000120690	ELF1	1997	E74 like ETS transcription factor 1
ENSG00000120694	HSPH1	10808	heat shock protein family H (Hsp110) member 1
ENSG00000120696	KBTBD7	84078	kelch repeat and BTB domain containing 7
ENSG00000120697	ALG5	29880	ALG5 dolichyl-phosphate beta-glucosyltransferase
ENSG00000120699	EXOSC8	11340	exosome component 8
ENSG00000120705	ETF1	2107	eukaryotic translation termination factor 1
ENSG00000120708	TGFBI	7045	transforming growth factor beta induced
ENSG00000120709	FAM53C	51307	family with sequence similarity 53 member C
ENSG00000120725	SIL1	64374	SIL1 nucleotide exchange factor
ENSG00000120727	PAIP2	51247	poly(A) binding protein interacting protein 2
ENSG00000120733	KDM3B	51780	lysine demethylase 3B
ENSG00000120738	EGR1	1958	early growth response 1
ENSG00000120742	SERP1	27230	stress associated endoplasmic reticulum protein 1
ENSG00000120756	PLS1	5357	plastin 1
ENSG00000120784	ZFP30	22835	ZFP30 zinc finger protein
ENSG00000120798	NR2C1	7181	nuclear receptor subfamily 2 group C member 1
ENSG00000120800	UTP20	27340	UTP20 small subunit processome component
ENSG00000120802	TMPO	7112	thymopoietin
ENSG00000120805	ARL1	400	ADP ribosylation factor like GTPase 1
ENSG00000120832	MTERF2	80298	mitochondrial transcription termination factor 2
ENSG00000120833	SOCS2	8835	suppressor of cytokine signaling 2
ENSG00000120837	NFYB	4801	nuclear transcription factor Y subunit beta
ENSG00000120860	WASHC3	51019	WASH complex subunit 3
ENSG00000120868	APAF1	317	apoptotic peptidase activating factor 1
ENSG00000120875	DUSP4	1846	dual specificity phosphatase 4
ENSG00000120885	CLU	1191	clusterin
ENSG00000120889	TNFRSF10B	8795	TNF receptor superfamily member 10b
ENSG00000120896	SORBS3	10174	sorbin and SH3 domain containing 3
ENSG00000120899	PTK2B	2185	protein tyrosine kinase 2 beta
ENSG00000120910	PPP3CC	5533	protein phosphatase 3 catalytic subunit gamma
ENSG00000120913	PDLIM2	64236	PDZ and LIM domain 2
ENSG00000120915	EPHX2	2053	epoxide hydrolase 2
ENSG00000120925	RNF170	81790	ring finger protein 170
ENSG00000120942	UBIAD1	29914	UbiA prenyltransferase domain containing 1
ENSG00000120948	TARDBP	23435	TAR DNA binding protein
ENSG00000120963	ZNF706	51123	zinc finger protein 706
ENSG00000120992	LYPLA1	10434	lysophospholipase 1
ENSG00000121022	COPS5	10987	COP9 signalosome subunit 5
ENSG00000121039	RDH10	157506	retinol dehydrogenase 10
ENSG00000121057	AKAP1	8165	A-kinase anchoring protein 1
ENSG00000121058	COIL	8161	coilin
ENSG00000121060	TRIM25	7706	tripartite motif containing 25
ENSG00000121064	SCPEP1	59342	serine carboxypeptidase 1
ENSG00000121067	SPOP	8405	speckle type BTB/POZ protein
ENSG00000121068	TBX2	6909	T-box transcription factor 2
ENSG00000121073	SLC35B1	10237	solute carrier family 35 member B1
ENSG00000121104	FAM117A	81558	family with sequence similarity 117 member A
ENSG00000121152	NCAPH	23397	non-SMC condensin I complex subunit H
ENSG00000121210	TMEM131L	23240	transmembrane 131 like
ENSG00000121211	MND1	84057	meiotic nuclear divisions 1
ENSG00000121236	TRIM6	117854	tripartite motif containing 6
ENSG00000121274	TENT4B	64282	terminal nucleotidyltransferase 4B
ENSG00000121281	ADCY7	113	adenylate cyclase 7
ENSG00000121289	CEP89	84902	centrosomal protein 89
ENSG00000121297	TSHZ3	57616	teashirt zinc finger homeobox 3
ENSG00000121310	ECHDC2	55268	enoyl-CoA hydratase domain containing 2
ENSG00000121350	PYROXD1	79912	pyridine nucleotide-disulphide oxidoreductase domain 1
ENSG00000121390	PSPC1	55269	paraspeckle component 1
ENSG00000121406	ZNF549	256051	zinc finger protein 549
ENSG00000121413	ZSCAN18	65982	zinc finger and SCAN domain containing 18
ENSG00000121417	ZNF211	10520	zinc finger protein 211
ENSG00000121481	RNF2	6045	ring finger protein 2
ENSG00000121486	TRMT1L	81627	tRNA methyltransferase 1 like
ENSG00000121542	SEC22A	26984	SEC22 homolog A, vesicle trafficking protein
ENSG00000121552	CSTA	1475	cystatin A
ENSG00000121578	B4GALT4	8702	beta-1,4-galactosyltransferase 4
ENSG00000121579	NAA50	80218	N-alpha-acetyltransferase 50, NatE catalytic subunit
ENSG00000121621	KIF18A	81930	kinesin family member 18A
ENSG00000121644	DESI2	51029	desumoylating isopeptidase 2
ENSG00000121653	MAPK8IP1	9479	mitogen-activated protein kinase 8 interacting protein 1
ENSG00000121671	CRY2	1408	cryptochrome circadian regulator 2
ENSG00000121680	PEX16	9409	peroxisomal biogenesis factor 16
ENSG00000121690	DEPDC7	91614	DEP domain containing 7
ENSG00000121691	CAT	847	catalase
ENSG00000121716	PILRB	29990	paired immunoglobin like type 2 receptor beta
ENSG00000121741	ZMYM2	7750	zinc finger MYM-type containing 2
ENSG00000121749	TBC1D15	64786	TBC1 domain family member 15
ENSG00000121753	ADGRB2	576	adhesion G protein-coupled receptor B2
ENSG00000121766	ZCCHC17	51538	zinc finger CCHC-type containing 17
ENSG00000121774	KHDRBS1	10657	KH RNA binding domain containing, signal transduction associated 1
ENSG00000121775	TMEM39B	55116	transmembrane protein 39B
ENSG00000121851	POLR3GL	84265	RNA polymerase III subunit GL
ENSG00000121864	ZNF639	51193	zinc finger protein 639
ENSG00000121879	PIK3CA	5290	phosphatidylinositol-4,5-bisphosphate 3-kinase catalytic subunit alpha
ENSG00000121892	PDS5A	23244	PDS5 cohesin associated factor A
ENSG00000121895	TMEM156	80008	transmembrane protein 156
ENSG00000121897	LIAS	11019	lipoic acid synthetase
ENSG00000121900	TMEM54	113452	transmembrane protein 54
ENSG00000121931	LRIF1	55791	ligand dependent nuclear receptor interacting factor 1
ENSG00000121940	CLCC1	23155	chloride channel CLIC like 1
ENSG00000121957	GPSM2	29899	G protein signaling modulator 2
ENSG00000121964	GTDC1	79712	glycosyltransferase like domain containing 1
ENSG00000121988	ZRANB3	84083	zinc finger RANBP2-type containing 3
ENSG00000121989	ACVR2A	92	activin A receptor type 2A
ENSG00000122008	POLK	51426	DNA polymerase kappa
ENSG00000122026	RPL21	6144	ribosomal protein L21
ENSG00000122033	MTIF3	219402	mitochondrial translational initiation factor 3
ENSG00000122034	GTF3A	2971	general transcription factor IIIA
ENSG00000122035	RASL11A	387496	RAS like family 11 member A
ENSG00000122042	UBL3	5412	ubiquitin like 3
ENSG00000122068	FYTTD1	84248	forty-two-three domain containing 1
ENSG00000122085	MTERF4	130916	mitochondrial transcription termination factor 4
ENSG00000122126	OCRL	4952	OCRL inositol polyphosphate-5-phosphatase
ENSG00000122140	MRPS2	51116	mitochondrial ribosomal protein S2
ENSG00000122203	KIAA1191	57179	KIAA1191
ENSG00000122218	COPA	1314	COPI coat complex subunit alpha
ENSG00000122257	RBBP6	5930	RB binding protein 6, ubiquitin ligase
ENSG00000122299	ZC3H7A	29066	zinc finger CCCH-type containing 7A
ENSG00000122335	SERAC1	84947	serine active site containing 1
ENSG00000122359	ANXA11	311	annexin A11
ENSG00000122376	SHLD2	54537	shieldin complex subunit 2
ENSG00000122378	PRXL2A	84293	peroxiredoxin like 2A
ENSG00000122386	ZNF205	7755	zinc finger protein 205
ENSG00000122390	NAA60	79903	N-alpha-acetyltransferase 60, NatF catalytic subunit
ENSG00000122406	RPL5	6125	ribosomal protein L5
ENSG00000122417	ODF2L	57489	outer dense fiber of sperm tails 2 like
ENSG00000122435	TRMT13	54482	tRNA methyltransferase 13 homolog
ENSG00000122481	RWDD3	25950	RWD domain containing 3
ENSG00000122482	ZNF644	84146	zinc finger protein 644
ENSG00000122483	CCDC18	343099	coiled-coil domain containing 18
ENSG00000122484	RPAP2	79871	RNA polymerase II associated protein 2
ENSG00000122490	SLC66A2	80148	solute carrier family 66 member 2
ENSG00000122507	BBS9	27241	Bardet-Biedl syndrome 9
ENSG00000122512	PMS2	5395	PMS1 homolog 2, mismatch repair system component
ENSG00000122515	ZMIZ2	83637	zinc finger MIZ-type containing 2
ENSG00000122545	SEPTIN7	989	septin 7
ENSG00000122547	EEPD1	80820	endonuclease/exonuclease/phosphatase family domain containing 1
ENSG00000122550	KLHL7	55975	kelch like family member 7
ENSG00000122557	HERPUD2	64224	HERPUD family member 2
ENSG00000122565	CBX3	11335	chromobox 3
ENSG00000122566	HNRNPA2B1	3181	heterogeneous nuclear ribonucleoprotein A2/B1
ENSG00000122591	HYCC1	84668	hyccin PI4KA lipid kinase complex subunit 1
ENSG00000122592	HOXA7	3204	homeobox A7
ENSG00000122642	FKBP9	11328	FKBP prolyl isomerase 9
ENSG00000122643	NT5C3A	51251	5'-nucleotidase, cytosolic IIIA
ENSG00000122644	ARL4A	10124	ADP ribosylation factor like GTPase 4A
ENSG00000122674	CCZ1	51622	CCZ1 homolog, vacuolar protein trafficking and biogenesis associated
ENSG00000122678	POLM	27434	DNA polymerase mu
ENSG00000122687	MRM2	29960	mitochondrial rRNA methyltransferase 2
ENSG00000122691	TWIST1	7291	twist family bHLH transcription factor 1
ENSG00000122692	SMU1	55234	SMU1 DNA replication regulator and spliceosomal factor
ENSG00000122694	GLIPR2	152007	GLI pathogenesis related 2
ENSG00000122696	SLC25A51	92014	solute carrier family 25 member 51
ENSG00000122705	CLTA	1211	clathrin light chain A
ENSG00000122707	RECK	8434	reversion inducing cysteine rich protein with kazal motifs
ENSG00000122729	ACO1	48	aconitase 1
ENSG00000122741	DCAF10	79269	DDB1 and CUL4 associated factor 10
ENSG00000122778	KIAA1549	57670	KIAA1549
ENSG00000122779	TRIM24	8805	tripartite motif containing 24
ENSG00000122783	CYREN	78996	cell cycle regulator of NHEJ
ENSG00000122786	CALD1	800	caldesmon 1
ENSG00000122861	PLAU	5328	plasminogen activator, urokinase
ENSG00000122862	SRGN	5552	serglycin
ENSG00000122863	CHST3	9469	carbohydrate sulfotransferase 3
ENSG00000122870	BICC1	80114	BicC family RNA binding protein 1
ENSG00000122873	CISD1	55847	CDGSH iron sulfur domain 1
ENSG00000122882	ECD	11319	ecdysoneless cell cycle regulator
ENSG00000122884	P4HA1	5033	prolyl 4-hydroxylase subunit alpha 1
ENSG00000122912	SLC25A16	8034	solute carrier family 25 member 16
ENSG00000122952	ZWINT	11130	ZW10 interacting kinetochore protein
ENSG00000122958	VPS26A	9559	VPS26 retromer complex component A
ENSG00000122965	RBM19	9904	RNA binding motif protein 19
ENSG00000122966	CIT	11113	citron rho-interacting serine/threonine kinase
ENSG00000122970	IFT81	28981	intraflagellar transport 81
ENSG00000122971	ACADS	35	acyl-CoA dehydrogenase short chain
ENSG00000122986	HVCN1	84329	hydrogen voltage gated channel 1
ENSG00000123064	DDX54	79039	DEAD-box helicase 54
ENSG00000123066	MED13L	23389	mediator complex subunit 13L
ENSG00000123080	CDKN2C	1031	cyclin dependent kinase inhibitor 2C
ENSG00000123091	RNF11	26994	ring finger protein 11
ENSG00000123094	RASSF8	11228	Ras association domain family member 8
ENSG00000123104	ITPR2	3709	inositol 1,4,5-trisphosphate receptor type 2
ENSG00000123106	CCDC91	55297	coiled-coil domain containing 91
ENSG00000123124	WWP1	11059	WW domain containing E3 ubiquitin protein ligase 1
ENSG00000123130	ACOT9	23597	acyl-CoA thioesterase 9
ENSG00000123131	PRDX4	10549	peroxiredoxin 4
ENSG00000123136	DDX39A	10212	DExD-box helicase 39A
ENSG00000123143	PKN1	5585	protein kinase N1
ENSG00000123144	TRIR	79002	telomerase RNA component interacting RNase
ENSG00000123146	ADGRE5	976	adhesion G protein-coupled receptor E5
ENSG00000123154	WDR83	84292	WD repeat domain 83
ENSG00000123159	GIPC1	10755	GIPC PDZ domain containing family member 1
ENSG00000123178	SPRYD7	57213	SPRY domain containing 7
ENSG00000123179	EBPL	84650	EBP like
ENSG00000123191	ATP7B	540	ATPase copper transporting beta
ENSG00000123200	ZC3H13	23091	zinc finger CCCH-type containing 13
ENSG00000123213	NLN	57486	neurolysin
ENSG00000123219	CENPK	64105	centromere protein K
ENSG00000123240	OPTN	10133	optineurin
ENSG00000123243	ITIH5	80760	inter-alpha-trypsin inhibitor heavy chain 5
ENSG00000123268	ATF1	466	activating transcription factor 1
ENSG00000123297	TSFM	10102	Ts translation elongation factor, mitochondrial
ENSG00000123342	MMP19	4327	matrix metallopeptidase 19
ENSG00000123349	PFDN5	5204	prefoldin subunit 5
ENSG00000123352	SPATS2	65244	spermatogenesis associated serine rich 2
ENSG00000123353	ORMDL2	29095	ORMDL sphingolipid biosynthesis regulator 2
ENSG00000123358	NR4A1	3164	nuclear receptor subfamily 4 group A member 1
ENSG00000123364	HOXC13	3229	homeobox C13
ENSG00000123374	CDK2	1017	cyclin dependent kinase 2
ENSG00000123384	LRP1	4035	LDL receptor related protein 1
ENSG00000123395	ATG101	60673	autophagy related 101
ENSG00000123411	IKZF4	64375	IKAROS family zinc finger 4
ENSG00000123415	SMUG1	23583	single-strand-selective monofunctional uracil-DNA glycosylase 1
ENSG00000123416	TUBA1B	10376	tubulin alpha 1b
ENSG00000123427	EEF1AKMT3	25895	EEF1A lysine methyltransferase 3
ENSG00000123444	KBTBD4	55709	kelch repeat and BTB domain containing 4
ENSG00000123472	ATPAF1	64756	ATP synthase mitochondrial F1 complex assembly factor 1
ENSG00000123473	STIL	6491	STIL centriolar assembly protein
ENSG00000123485	HJURP	55355	Holliday junction recognition protein
ENSG00000123505	AMD1	262	adenosylmethionine decarboxylase 1
ENSG00000123545	NDUFAF4	29078	NADH:ubiquinone oxidoreductase complex assembly factor 4
ENSG00000123552	USP45	85015	ubiquitin specific peptidase 45
ENSG00000123562	MORF4L2	9643	mortality factor 4 like 2
ENSG00000123575	FAM199X	139231	family with sequence similarity 199, X-linked
ENSG00000123595	RAB9A	9367	RAB9A, member RAS oncogene family
ENSG00000123600	METTL8	79828	methyltransferase 8, tRNA N3-cytidine
ENSG00000123607	TTC21B	79809	tetratricopeptide repeat domain 21B
ENSG00000123609	NMI	9111	N-myc and STAT interactor
ENSG00000123610	TNFAIP6	7130	TNF alpha induced protein 6
ENSG00000123636	BAZ2B	29994	bromodomain adjacent to zinc finger domain 2B
ENSG00000123643	SLC36A1	206358	solute carrier family 36 member 1
ENSG00000123684	LPGAT1	9926	lysophosphatidylglycerol acyltransferase 1
ENSG00000123685	BATF3	55509	basic leucine zipper ATF-like transcription factor 3
ENSG00000123689	G0S2	50486	G0/G1 switch 2
ENSG00000123728	RAP2C	57826	RAP2C, member of RAS oncogene family
ENSG00000123737	EXOSC9	5393	exosome component 9
ENSG00000123739	PLA2G12A	81579	phospholipase A2 group XIIA
ENSG00000123810	B9D2	80776	B9 domain containing 2
ENSG00000123815	COQ8B	79934	coenzyme Q8B
ENSG00000123836	PFKFB2	5208	6-phosphofructo-2-kinase/fructose-2,6-biphosphatase 2
ENSG00000123908	AGO2	27161	argonaute RISC catalytic component 2
ENSG00000123933	MXD4	10608	MAX dimerization protein 4
ENSG00000123975	CKS2	1164	CDC28 protein kinase regulatory subunit 2
ENSG00000123977	DAW1	164781	dynein assembly factor with WD repeats 1
ENSG00000123983	ACSL3	2181	acyl-CoA synthetase long chain family member 3
ENSG00000123989	CHPF	79586	chondroitin polymerizing factor
ENSG00000123992	DNPEP	23549	aspartyl aminopeptidase
ENSG00000123999	INHA	3623	inhibin subunit alpha
ENSG00000124006	OBSL1	23363	obscurin like cytoskeletal adaptor 1
ENSG00000124067	SLC12A4	6560	solute carrier family 12 member 4
ENSG00000124074	ENKD1	84080	enkurin domain containing 1
ENSG00000124098	FAM210B	116151	family with sequence similarity 210 member B
ENSG00000124102	PI3	5266	peptidase inhibitor 3
ENSG00000124104	SNX21	90203	sorting nexin family member 21
ENSG00000124107	SLPI	6590	secretory leukocyte peptidase inhibitor
ENSG00000124120	TTPAL	79183	alpha tocopherol transfer protein like
ENSG00000124126	PREX1	57580	phosphatidylinositol-3,4,5-trisphosphate dependent Rac exchange factor 1
ENSG00000124140	SLC12A5	57468	solute carrier family 12 member 5
ENSG00000124145	SDC4	6385	syndecan 4
ENSG00000124151	NCOA3	8202	nuclear receptor coactivator 3
ENSG00000124155	PIGT	51604	phosphatidylinositol glycan anchor biosynthesis class T
ENSG00000124160	NCOA5	57727	nuclear receptor coactivator 5
ENSG00000124164	VAPB	9217	VAMP associated protein B and C
ENSG00000124171	PARD6B	84612	par-6 family cell polarity regulator beta
ENSG00000124172	ATP5F1E	514	ATP synthase F1 subunit epsilon
ENSG00000124177	CHD6	84181	chromodomain helicase DNA binding protein 6
ENSG00000124181	PLCG1	5335	phospholipase C gamma 1
ENSG00000124191	TOX2	84969	TOX high mobility group box family member 2
ENSG00000124193	SRSF6	6431	serine and arginine rich splicing factor 6
ENSG00000124198	ARFGEF2	10564	ADP ribosylation factor guanine nucleotide exchange factor 2
ENSG00000124201	ZNFX1	57169	zinc finger NFX1-type containing 1
ENSG00000124207	CSE1L	1434	chromosome segregation 1 like
ENSG00000124208	PEDS1-UBE2V1	387522	PEDS1-UBE2V1 readthrough
ENSG00000124209	RAB22A	57403	RAB22A, member RAS oncogene family
ENSG00000124214	STAU1	6780	staufen double-stranded RNA binding protein 1
ENSG00000124216	SNAI1	6615	snail family transcriptional repressor 1
ENSG00000124217	MOCS3	27304	molybdenum cofactor synthesis 3
ENSG00000124222	STX16	8675	syntaxin 16
ENSG00000124225	PMEPA1	56937	prostate transmembrane protein, androgen induced 1
ENSG00000124226	RNF114	55905	ring finger protein 114
ENSG00000124228	DDX27	55661	DEAD-box helicase 27
ENSG00000124243	BCAS4	55653	breast carcinoma amplified sequence 4
ENSG00000124275	MTRR	4552	5-methyltetrahydrofolate-homocysteine methyltransferase reductase
ENSG00000124279	FASTKD3	79072	FAST kinase domains 3
ENSG00000124299	PEPD	5184	peptidase D
ENSG00000124313	IQSEC2	23096	IQ motif and Sec7 domain ArfGEF 2
ENSG00000124333	VAMP7	6845	vesicle associated membrane protein 7
ENSG00000124356	STAMBP	10617	STAM binding protein
ENSG00000124357	NAGK	55577	N-acetylglucosamine kinase
ENSG00000124370	MCEE	84693	methylmalonyl-CoA epimerase
ENSG00000124380	SNRNP27	11017	small nuclear ribonucleoprotein U4/U6.U5 subunit 27
ENSG00000124383	MPHOSPH10	10199	M-phase phosphoprotein 10
ENSG00000124422	USP22	23326	ubiquitin specific peptidase 22
ENSG00000124429	POF1B	79983	POF1B actin binding protein
ENSG00000124444	ZNF576	79177	zinc finger protein 576
ENSG00000124459	ZNF45	7596	zinc finger protein 45
ENSG00000124486	USP9X	8239	ubiquitin specific peptidase 9 X-linked
ENSG00000124496	TRERF1	55809	transcriptional regulating factor 1
ENSG00000124508	BTN2A2	10385	butyrophilin subfamily 2 member A2
ENSG00000124523	SIRT5	23408	sirtuin 5
ENSG00000124532	MRS2	57380	magnesium transporter MRS2
ENSG00000124535	WRNIP1	56897	WRN helicase interacting protein 1
ENSG00000124541	RRP36	88745	ribosomal RNA processing 36
ENSG00000124562	SNRPC	6631	small nuclear ribonucleoprotein polypeptide C
ENSG00000124564	SLC17A3	10786	solute carrier family 17 member 3
ENSG00000124570	SERPINB6	5269	serpin family B member 6
ENSG00000124571	XPO5	57510	exportin 5
ENSG00000124574	ABCC10	89845	ATP binding cassette subfamily C member 10
ENSG00000124575	H1-3	3007	H1.3 linker histone, cluster member
ENSG00000124587	PEX6	5190	peroxisomal biogenesis factor 6
ENSG00000124588	NQO2	4835	N-ribosyldihydronicotinamide:quinone dehydrogenase 2
ENSG00000124596	OARD1	221443	O-acyl-ADP-ribose deacylase 1
ENSG00000124602	UNC5CL	222643	unc-5 family C-terminal like
ENSG00000124608	AARS2	57505	alanyl-tRNA synthetase 2, mitochondrial
ENSG00000124614	RPS10	6204	ribosomal protein S10
ENSG00000124635	H2BC11	8970	H2B clustered histone 11
ENSG00000124641	MED20	9477	mediator complex subunit 20
ENSG00000124659	TBCC	6903	tubulin folding cofactor C
ENSG00000124664	SPDEF	25803	SAM pointed domain containing ETS transcription factor
ENSG00000124688	MAD2L1BP	9587	MAD2L1 binding protein
ENSG00000124702	KLHDC3	116138	kelch domain containing 3
ENSG00000124733	MEA1	4201	male-enhanced antigen 1
ENSG00000124749	COL21A1	81578	collagen type XXI alpha 1 chain
ENSG00000124762	CDKN1A	1026	cyclin dependent kinase inhibitor 1A
ENSG00000124766	SOX4	6659	SRY-box transcription factor 4
ENSG00000124767	GLO1	2739	glyoxalase I
ENSG00000124782	RREB1	6239	ras responsive element binding protein 1
ENSG00000124783	SSR1	6745	signal sequence receptor subunit 1
ENSG00000124784	RIOK1	83732	RIO kinase 1
ENSG00000124786	SLC35B3	51000	solute carrier family 35 member B3
ENSG00000124787	RPP40	10799	ribonuclease P/MRP subunit p40
ENSG00000124788	ATXN1	6310	ataxin 1
ENSG00000124789	NUP153	9972	nucleoporin 153
ENSG00000124795	DEK	7913	DEK proto-oncogene
ENSG00000124802	EEF1E1	9521	eukaryotic translation elongation factor 1 epsilon 1
ENSG00000124813	RUNX2	860	RUNX family transcription factor 2
ENSG00000124831	LRRFIP1	9208	LRR binding FLII interacting protein 1
ENSG00000124882	EREG	2069	epiregulin
ENSG00000124920	MYRF	745	myelin regulatory factor
ENSG00000124942	AHNAK	79026	AHNAK nucleoprotein
ENSG00000125037	EMC3	55831	ER membrane protein complex subunit 3
ENSG00000125089	SH3TC1	54436	SH3 domain and tetratricopeptide repeats 1
ENSG00000125107	CNOT1	23019	CCR4-NOT transcription complex subunit 1
ENSG00000125124	BBS2	583	Bardet-Biedl syndrome 2
ENSG00000125148	MT2A	4502	metallothionein 2A
ENSG00000125149	PHAF1	80262	phagosome assembly factor 1
ENSG00000125166	GOT2	2806	glutamic-oxaloacetic transaminase 2
ENSG00000125170	DOK4	55715	docking protein 4
ENSG00000125246	CLYBL	171425	citramalyl-CoA lyase
ENSG00000125247	TMTC4	84899	transmembrane O-mannosyltransferase targeting cadherins 4
ENSG00000125249	RAP2A	5911	RAP2A, member of RAS oncogene family
ENSG00000125257	ABCC4	10257	ATP binding cassette subfamily C member 4
ENSG00000125304	TM9SF2	9375	transmembrane 9 superfamily member 2
ENSG00000125319	HROB	78995	homologous recombination factor with OB-fold
ENSG00000125347	IRF1	3659	interferon regulatory factor 1
ENSG00000125351	UPF3B	65109	UPF3B regulator of nonsense mediated mRNA decay
ENSG00000125352	RNF113A	7737	ring finger protein 113A
ENSG00000125354	SEPTIN6	23157	septin 6
ENSG00000125356	NDUFA1	4694	NADH:ubiquinone oxidoreductase subunit A1
ENSG00000125375	DMAC2L	27109	distal membrane arm assembly component 2 like
ENSG00000125378	BMP4	652	bone morphogenetic protein 4
ENSG00000125386	FAM193A	8603	family with sequence similarity 193 member A
ENSG00000125398	SOX9	6662	SRY-box transcription factor 9
ENSG00000125434	SLC25A35	399512	solute carrier family 25 member 35
ENSG00000125445	MRPS7	51081	mitochondrial ribosomal protein S7
ENSG00000125447	GGA3	23163	golgi associated, gamma adaptin ear containing, ARF binding protein 3
ENSG00000125449	ARMC7	79637	armadillo repeat containing 7
ENSG00000125450	NUP85	79902	nucleoporin 85
ENSG00000125454	SLC25A19	60386	solute carrier family 25 member 19
ENSG00000125457	MIF4GD	57409	MIF4G domain containing
ENSG00000125458	NT5C	30833	5', 3'-nucleotidase, cytosolic
ENSG00000125459	MSTO1	55154	misato mitochondrial distribution and morphology regulator 1
ENSG00000125462	MIR9-1HG	10485	MIR9-1 host gene
ENSG00000125482	TTF1	7270	transcription termination factor 1
ENSG00000125484	GTF3C4	9329	general transcription factor IIIC subunit 4
ENSG00000125485	DDX31	64794	DEAD-box helicase 31
ENSG00000125503	PPP1R12C	54776	protein phosphatase 1 regulatory subunit 12C
ENSG00000125505	MBOAT7	79143	membrane bound O-acyltransferase domain containing 7
ENSG00000125520	SLC2A4RG	56731	SLC2A4 regulator
ENSG00000125534	PPDPF	79144	pancreatic progenitor cell differentiation and proliferation factor
ENSG00000125538	IL1B	3553	interleukin 1 beta
ENSG00000125611	CHCHD5	84269	coiled-coil-helix-coiled-coil-helix domain containing 5
ENSG00000125618	PAX8	7849	paired box 8
ENSG00000125629	INSIG2	51141	insulin induced gene 2
ENSG00000125630	POLR1B	84172	RNA polymerase I subunit B
ENSG00000125633	CCDC93	54520	coiled-coil domain containing 93
ENSG00000125637	PSD4	23550	pleckstrin and Sec7 domain containing 4
ENSG00000125648	SLC25A23	79085	solute carrier family 25 member 23
ENSG00000125651	GTF2F1	2962	general transcription factor IIF subunit 1
ENSG00000125652	ALKBH7	84266	alkB homolog 7
ENSG00000125656	CLPP	8192	caseinolytic mitochondrial matrix peptidase proteolytic subunit
ENSG00000125657	TNFSF9	8744	TNF superfamily member 9
ENSG00000125676	THOC2	57187	THO complex subunit 2
ENSG00000125686	MED1	5469	mediator complex subunit 1
ENSG00000125691	RPL23	9349	ribosomal protein L23
ENSG00000125703	ATG4C	84938	autophagy related 4C cysteine peptidase
ENSG00000125726	CD70	970	CD70 molecule
ENSG00000125730	C3	718	complement C3
ENSG00000125731	SH2D3A	10045	SH2 domain containing 3A
ENSG00000125733	TRIP10	9322	thyroid hormone receptor interactor 10
ENSG00000125734	GPR108	56927	G protein-coupled receptor 108
ENSG00000125741	OPA3	80207	outer mitochondrial membrane lipid metabolism regulator OPA3
ENSG00000125743	SNRPD2	6633	small nuclear ribonucleoprotein D2 polypeptide
ENSG00000125744	RTN2	6253	reticulon 2
ENSG00000125746	EML2	24139	EMAP like 2
ENSG00000125753	VASP	7408	vasodilator stimulated phosphoprotein
ENSG00000125755	SYMPK	8189	symplekin scaffold protein
ENSG00000125772	GPCPD1	56261	glycerophosphocholine phosphodiesterase 1
ENSG00000125775	SDCBP2	27111	syndecan binding protein 2
ENSG00000125779	PANK2	80025	pantothenate kinase 2
ENSG00000125798	FOXA2	3170	forkhead box A2
ENSG00000125812	GZF1	64412	GDNF inducible zinc finger protein 1
ENSG00000125814	NAPB	63908	NSF attachment protein beta
ENSG00000125817	CENPB	1059	centromere protein B
ENSG00000125818	PSMF1	9491	proteasome inhibitor subunit 1
ENSG00000125821	DTD1	92675	D-aminoacyl-tRNA deacylase 1
ENSG00000125826	RBCK1	10616	RANBP2-type and C3HC4-type zinc finger containing 1
ENSG00000125827	TMX4	56255	thioredoxin related transmembrane protein 4
ENSG00000125834	STK35	140901	serine/threonine kinase 35
ENSG00000125835	SNRPB	6628	small nuclear ribonucleoprotein polypeptides B and B1
ENSG00000125841	NRSN2	80023	neurensin 2
ENSG00000125843	AP5S1	55317	adaptor related protein complex 5 subunit sigma 1
ENSG00000125844	RRBP1	6238	ribosome binding protein 1
ENSG00000125846	ZNF133	7692	zinc finger protein 133
ENSG00000125848	FLRT3	23767	fibronectin leucine rich transmembrane protein 3
ENSG00000125863	MKKS	8195	MKKS centrosomal shuttling protein
ENSG00000125864	BFSP1	631	beaded filament structural protein 1
ENSG00000125868	DSTN	11034	destrin, actin depolymerizing factor
ENSG00000125870	SNRPB2	6629	small nuclear ribonucleoprotein polypeptide B2
ENSG00000125871	MGME1	92667	mitochondrial genome maintenance exonuclease 1
ENSG00000125875	TBC1D20	128637	TBC1 domain family member 20
ENSG00000125877	ITPA	3704	inosine triphosphatase
ENSG00000125885	MCM8	84515	minichromosome maintenance 8 homologous recombination repair factor
ENSG00000125895	TMEM74B	55321	transmembrane protein 74B
ENSG00000125898	FAM110A	83541	family with sequence similarity 110 member A
ENSG00000125901	MRPS26	64949	mitochondrial ribosomal protein S26
ENSG00000125912	NCLN	56926	nicalin
ENSG00000125944	HNRNPR	10236	heterogeneous nuclear ribonucleoprotein R
ENSG00000125945	ZNF436	80818	zinc finger protein 436
ENSG00000125952	MAX	4149	MYC associated factor X
ENSG00000125962	ARMCX5	64860	armadillo repeat containing X-linked 5
ENSG00000125966	MMP24	10893	matrix metallopeptidase 24
ENSG00000125967	NECAB3	63941	N-terminal EF-hand calcium binding protein 3
ENSG00000125968	ID1	3397	inhibitor of DNA binding 1
ENSG00000125970	RALY	22913	RALY heterogeneous nuclear ribonucleoprotein
ENSG00000125971	DYNLRB1	83658	dynein light chain roadblock-type 1
ENSG00000125977	EIF2S2	8894	eukaryotic translation initiation factor 2 subunit beta
ENSG00000125991	ERGIC3	51614	ERGIC and golgi 3
ENSG00000125995	ROMO1	140823	reactive oxygen species modulator 1
ENSG00000126001	CEP250	11190	centrosomal protein 250
ENSG00000126003	PLAGL2	5326	PLAG1 like zinc finger 2
ENSG00000126005	MMP24OS	101410538	MMP24 opposite strand
ENSG00000126012	KDM5C	8242	lysine demethylase 5C
ENSG00000126062	TMEM115	11070	transmembrane protein 115
ENSG00000126067	PSMB2	5690	proteasome 20S subunit beta 2
ENSG00000126070	AGO3	192669	argonaute RISC catalytic component 3
ENSG00000126088	UROD	7389	uroporphyrinogen decarboxylase
ENSG00000126091	ST3GAL3	6487	ST3 beta-galactoside alpha-2,3-sialyltransferase 3
ENSG00000126106	TMEM53	79639	transmembrane protein 53
ENSG00000126107	HECTD3	79654	HECT domain E3 ubiquitin protein ligase 3
ENSG00000126214	KLC1	3831	kinesin light chain 1
ENSG00000126215	XRCC3	7517	X-ray repair cross complementing 3
ENSG00000126216	TUBGCP3	10426	tubulin gamma complex component 3
ENSG00000126226	PCID2	55795	PCI domain containing 2
ENSG00000126243	LRFN3	79414	leucine rich repeat and fibronectin type III domain containing 3
ENSG00000126246	IGFLR1	79713	IGF like family receptor 1
ENSG00000126247	CAPNS1	826	calpain small subunit 1
ENSG00000126249	PDCD2L	84306	programmed cell death 2 like
ENSG00000126254	RBM42	79171	RNA binding motif protein 42
ENSG00000126259	KIRREL2	84063	kirre like nephrin family adhesion molecule 2
ENSG00000126261	UBA2	10054	ubiquitin like modifier activating enzyme 2
ENSG00000126267	COX6B1	1340	cytochrome c oxidase subunit 6B1
ENSG00000126351	THRA	7067	thyroid hormone receptor alpha
ENSG00000126353	CCR7	1236	C-C motif chemokine receptor 7
ENSG00000126368	NR1D1	9572	nuclear receptor subfamily 1 group D member 1
ENSG00000126391	FRMD8	83786	FERM domain containing 8
ENSG00000126432	PRDX5	25824	peroxiredoxin 5
ENSG00000126453	BCL2L12	83596	BCL2 like 12
ENSG00000126456	IRF3	3661	interferon regulatory factor 3
ENSG00000126457	PRMT1	3276	protein arginine methyltransferase 1
ENSG00000126458	RRAS	6237	RAS related
ENSG00000126461	SCAF1	58506	SR-related CTD associated factor 1
ENSG00000126464	PRR12	57479	proline rich 12
ENSG00000126522	ASL	435	argininosuccinate lyase
ENSG00000126524	SBDS	51119	SBDS ribosome maturation factor
ENSG00000126561	STAT5A	6776	signal transducer and activator of transcription 5A
ENSG00000126562	WNK4	65266	WNK lysine deficient protein kinase 4
ENSG00000126581	BECN1	8678	beclin 1
ENSG00000126583	PRKCG	5582	protein kinase C gamma
ENSG00000126602	TRAP1	10131	TNF receptor associated protein 1
ENSG00000126603	GLIS2	84662	GLIS family zinc finger 2
ENSG00000126653	NSRP1	84081	nuclear speckle splicing regulatory protein 1
ENSG00000126698	DNAJC8	22826	DnaJ heat shock protein family (Hsp40) member C8
ENSG00000126705	AHDC1	27245	AT-hook DNA binding motif containing 1
ENSG00000126709	IFI6	2537	interferon alpha inducible protein 6
ENSG00000126746	ZNF384	171017	zinc finger protein 384
ENSG00000126749	EMG1	10436	EMG1 N1-specific pseudouridine methyltransferase
ENSG00000126756	UXT	8409	ubiquitously expressed prefoldin like chaperone
ENSG00000126767	ELK1	2002	ETS transcription factor ELK1
ENSG00000126768	TIMM17B	10245	translocase of inner mitochondrial membrane 17B
ENSG00000126773	PCNX4	64430	pecanex 4
ENSG00000126775	ATG14	22863	autophagy related 14
ENSG00000126777	KTN1	3895	kinectin 1
ENSG00000126778	SIX1	6495	SIX homeobox 1
ENSG00000126787	DLGAP5	9787	DLG associated protein 5
ENSG00000126790	L3HYPDH	112849	trans-L-3-hydroxyproline dehydratase
ENSG00000126803	HSPA2	3306	heat shock protein family A (Hsp70) member 2
ENSG00000126804	ZBTB1	22890	zinc finger and BTB domain containing 1
ENSG00000126814	TRMT5	57570	tRNA methyltransferase 5
ENSG00000126821	SGPP1	81537	sphingosine-1-phosphate phosphatase 1
ENSG00000126822	PLEKHG3	26030	pleckstrin homology and RhoGEF domain containing G3
ENSG00000126858	RHOT1	55288	ras homolog family member T1
ENSG00000126870	DYNC2I1	55112	dynein 2 intermediate chain 1
ENSG00000126878	AIF1L	83543	allograft inflammatory factor 1 like
ENSG00000126883	NUP214	8021	nucleoporin 214
ENSG00000126903	SLC10A3	8273	solute carrier family 10 member 3
ENSG00000126934	MAP2K2	5605	mitogen-activated protein kinase kinase 2
ENSG00000126945	HNRNPH2	3188	heterogeneous nuclear ribonucleoprotein H2
ENSG00000126953	TIMM8A	1678	translocase of inner mitochondrial membrane 8A
ENSG00000126970	ZC4H2	55906	zinc finger C4H2-type containing
ENSG00000127022	CANX	821	calnexin
ENSG00000127054	INTS11	54973	integrator complex subunit 11
ENSG00000127080	IPPK	64768	inositol-pentakisphosphate 2-kinase
ENSG00000127081	ZNF484	83744	zinc finger protein 484
ENSG00000127125	PPCS	79717	phosphopantothenoylcysteine synthetase
ENSG00000127129	EDN2	1907	endothelin 2
ENSG00000127184	COX7C	1350	cytochrome c oxidase subunit 7C
ENSG00000127191	TRAF2	7186	TNF receptor associated factor 2
ENSG00000127220	ABHD8	79575	abhydrolase domain containing 8
ENSG00000127311	HELB	92797	DNA helicase B
ENSG00000127314	RAP1B	5908	RAP1B, member of RAS oncogene family
ENSG00000127328	RAB3IP	117177	RAB3A interacting protein
ENSG00000127334	DYRK2	8445	dual specificity tyrosine phosphorylation regulated kinase 2
ENSG00000127337	YEATS4	8089	YEATS domain containing 4
ENSG00000127415	IDUA	3425	alpha-L-iduronidase
ENSG00000127418	FGFRL1	53834	fibroblast growth factor receptor like 1
ENSG00000127419	TMEM175	84286	transmembrane protein 175
ENSG00000127423	AUNIP	79000	aurora kinase A and ninein interacting protein
ENSG00000127445	PIN1	5300	peptidylprolyl cis/trans isomerase, NIMA-interacting 1
ENSG00000127452	FBXL12	54850	F-box and leucine rich repeat protein 12
ENSG00000127463	EMC1	23065	ER membrane protein complex subunit 1
ENSG00000127481	UBR4	23352	ubiquitin protein ligase E3 component n-recognin 4
ENSG00000127483	HP1BP3	50809	heterochromatin protein 1 binding protein 3
ENSG00000127507	ADGRE2	30817	adhesion G protein-coupled receptor E2
ENSG00000127511	SIN3B	23309	SIN3 transcription regulator family member B
ENSG00000127526	SLC35E1	79939	solute carrier family 35 member E1
ENSG00000127527	EPS15L1	58513	epidermal growth factor receptor pathway substrate 15 like 1
ENSG00000127528	KLF2	10365	KLF transcription factor 2
ENSG00000127540	UQCR11	10975	ubiquinol-cytochrome c reductase, complex III subunit XI
ENSG00000127554	GFER	2671	growth factor, augmenter of liver regeneration
ENSG00000127561	SYNGR3	9143	synaptogyrin 3
ENSG00000127564	PKMYT1	9088	protein kinase, membrane associated tyrosine/threonine 1
ENSG00000127580	WDR24	84219	WD repeat domain 24
ENSG00000127585	FBXL16	146330	F-box and leucine rich repeat protein 16
ENSG00000127586	CHTF18	63922	chromosome transmission fidelity factor 18
ENSG00000127589	TUBBP1	92755	tubulin beta pseudogene 1
ENSG00000127603	MACF1	23499	microtubule actin crosslinking factor 1
ENSG00000127616	SMARCA4	6597	SWI/SNF related, matrix associated, actin dependent regulator of chromatin, subfamily a, member 4
ENSG00000127663	KDM4B	23030	lysine demethylase 4B
ENSG00000127666	TICAM1	148022	TIR domain containing adaptor molecule 1
ENSG00000127720	METTL25	84190	methyltransferase like 25
ENSG00000127774	EMC6	83460	ER membrane protein complex subunit 6
ENSG00000127804	METTL16	79066	methyltransferase 16, RNA N6-adenosine
ENSG00000127824	TUBA4A	7277	tubulin alpha 4a
ENSG00000127831	VIL1	7429	villin 1
ENSG00000127837	AAMP	14	angio associated migratory cell protein
ENSG00000127838	PNKD	25953	PNKD metallo-beta-lactamase domain containing
ENSG00000127870	RNF6	6049	ring finger protein 6
ENSG00000127884	ECHS1	1892	enoyl-CoA hydratase, short chain 1
ENSG00000127914	AKAP9	10142	A-kinase anchoring protein 9
ENSG00000127920	GNG11	2791	G protein subunit gamma 11
ENSG00000127922	SEM1	7979	SEM1 26S proteasome subunit
ENSG00000127946	HIP1	3092	huntingtin interacting protein 1
ENSG00000127947	PTPN12	5782	protein tyrosine phosphatase non-receptor type 12
ENSG00000127948	POR	5447	cytochrome p450 oxidoreductase
ENSG00000127952	STYXL1	51657	serine/threonine/tyrosine interacting like 1
ENSG00000127955	GNAI1	2770	G protein subunit alpha i1
ENSG00000127980	PEX1	5189	peroxisomal biogenesis factor 1
ENSG00000127989	MTERF1	7978	mitochondrial transcription termination factor 1
ENSG00000127990	SGCE	8910	sarcoglycan epsilon
ENSG00000127993	RBM48	84060	RNA binding motif protein 48
ENSG00000127995	CASD1	64921	CAS1 domain containing 1
ENSG00000128000	ZNF780B	163131	zinc finger protein 780B
ENSG00000128011	LRFN1	57622	leucine rich repeat and fibronectin type III domain containing 1
ENSG00000128016	ZFP36	7538	ZFP36 ring finger protein
ENSG00000128039	SRD5A3	79644	steroid 5 alpha-reductase 3
ENSG00000128050	PAICS	10606	phosphoribosylaminoimidazole carboxylase and phosphoribosylaminoimidazolesuccinocarboxamide synthase
ENSG00000128059	PPAT	5471	phosphoribosyl pyrophosphate amidotransferase
ENSG00000128159	TUBGCP6	85378	tubulin gamma complex component 6
ENSG00000128165	ADM2	79924	adrenomedullin 2
ENSG00000128185	DGCR6L	85359	DiGeorge syndrome critical region gene 6 like
ENSG00000128191	DGCR8	54487	DGCR8 microprocessor complex subunit
ENSG00000128203	ASPHD2	57168	aspartate beta-hydroxylase domain containing 2
ENSG00000128218	VPREB3	29802	V-set pre-B cell surrogate light chain 3
ENSG00000128228	SDF2L1	23753	stromal cell derived factor 2 like 1
ENSG00000128242	GAL3ST1	9514	galactose-3-O-sulfotransferase 1
ENSG00000128245	YWHAH	7533	tyrosine 3-monooxygenase/tryptophan 5-monooxygenase activation protein eta
ENSG00000128266	GNAZ	2781	G protein subunit alpha z
ENSG00000128271	ADORA2A	135	adenosine A2a receptor
ENSG00000128272	ATF4	468	activating transcription factor 4
ENSG00000128274	A4GALT	53947	alpha 1,4-galactosyltransferase (P blood group)
ENSG00000128283	CDC42EP1	11135	CDC42 effector protein 1
ENSG00000128294	TPST2	8459	tyrosylprotein sulfotransferase 2
ENSG00000128298	BAIAP2L2	80115	BAR/IMD domain containing adaptor protein 2 like 2
ENSG00000128309	MPST	4357	mercaptopyruvate sulfurtransferase
ENSG00000128311	TST	7263	thiosulfate sulfurtransferase
ENSG00000128335	APOL2	23780	apolipoprotein L2
ENSG00000128342	LIF	3976	LIF interleukin 6 family cytokine
ENSG00000128346	C22orf23	84645	chromosome 22 open reading frame 23
ENSG00000128394	APOBEC3F	200316	apolipoprotein B mRNA editing enzyme catalytic subunit 3F
ENSG00000128463	EMC4	51234	ER membrane protein complex subunit 4
ENSG00000128487	SPECC1	92521	sperm antigen with calponin homology and coiled-coil domains 1
ENSG00000128510	CPA4	51200	carboxypeptidase A4
ENSG00000128512	DOCK4	9732	dedicator of cytokinesis 4
ENSG00000128513	POT1	25913	protection of telomeres 1
ENSG00000128524	ATP6V1F	9296	ATPase H+ transporting V1 subunit F
ENSG00000128534	LSM8	51691	LSM8 homolog, U6 small nuclear RNA associated
ENSG00000128563	PRKRIP1	79706	PRKR interacting protein 1
ENSG00000128564	VGF	7425	VGF nerve growth factor inducible
ENSG00000128567	PODXL	5420	podocalyxin like
ENSG00000128578	STRIP2	57464	striatin interacting protein 2
ENSG00000128581	IFT22	64792	intraflagellar transport 22
ENSG00000128585	MKLN1	4289	muskelin 1
ENSG00000128590	DNAJB9	4189	DnaJ heat shock protein family (Hsp40) member B9
ENSG00000128595	CALU	813	calumenin
ENSG00000128596	CCDC136	64753	coiled-coil domain containing 136
ENSG00000128602	SMO	6608	smoothened, frizzled class receptor
ENSG00000128604	IRF5	3663	interferon regulatory factor 5
ENSG00000128607	KLHDC10	23008	kelch domain containing 10
ENSG00000128609	NDUFA5	4698	NADH:ubiquinone oxidoreductase subunit A5
ENSG00000128626	MRPS12	6183	mitochondrial ribosomal protein S12
ENSG00000128641	MYO1B	4430	myosin IB
ENSG00000128654	MTX2	10651	metaxin 2
ENSG00000128656	CHN1	1123	chimerin 1
ENSG00000128694	OSGEPL1	64172	O-sialoglycoprotein endopeptidase like 1
ENSG00000128699	ORMDL1	94101	ORMDL sphingolipid biosynthesis regulator 1
ENSG00000128708	HAT1	8520	histone acetyltransferase 1
ENSG00000128731	HERC2	8924	HECT and RLD domain containing E3 ubiquitin protein ligase 2
ENSG00000128739	SNRPN	6638	small nuclear ribonucleoprotein polypeptide N
ENSG00000128789	PSMG2	56984	proteasome assembly chaperone 2
ENSG00000128791	TWSG1	57045	twisted gastrulation BMP signaling modulator 1
ENSG00000128805	ARHGAP22	58504	Rho GTPase activating protein 22
ENSG00000128829	EIF2AK4	440275	eukaryotic translation initiation factor 2 alpha kinase 4
ENSG00000128833	MYO5C	55930	myosin VC
ENSG00000128849	CGNL1	84952	cingulin like 1
ENSG00000128872	TMOD2	29767	tropomodulin 2
ENSG00000128881	TTBK2	146057	tau tubulin kinase 2
ENSG00000128886	ELL3	80237	elongation factor for RNA polymerase II 3
ENSG00000128891	CCDC32	90416	coiled-coil domain containing 32
ENSG00000128908	INO80	54617	INO80 complex ATPase subunit
ENSG00000128915	ICE2	79664	interactor of little elongation complex ELL subunit 2
ENSG00000128923	MINDY2	54629	MINDY lysine 48 deubiquitinase 2
ENSG00000128928	IVD	3712	isovaleryl-CoA dehydrogenase
ENSG00000128944	KNSTRN	90417	kinetochore localized astrin (SPAG5) binding protein
ENSG00000128951	DUT	1854	deoxyuridine triphosphatase
ENSG00000128965	CHAC1	79094	ChaC glutathione specific gamma-glutamylcyclotransferase 1
ENSG00000128973	CLN6	54982	CLN6 transmembrane ER protein
ENSG00000128989	ARPP19	10776	cAMP regulated phosphoprotein 19
ENSG00000129003	VPS13C	54832	vacuolar protein sorting 13 homolog C
ENSG00000129007	CALML4	91860	calmodulin like 4
ENSG00000129028	THAP10	56906	THAP domain containing 10
ENSG00000129055	ANAPC13	25847	anaphase promoting complex subunit 13
ENSG00000129071	MBD4	8930	methyl-CpG binding domain 4, DNA glycosylase
ENSG00000129083	COPB1	1315	COPI coat complex subunit beta 1
ENSG00000129084	PSMA1	5682	proteasome 20S subunit alpha 1
ENSG00000129103	SUMF2	25870	sulfatase modifying factor 2
ENSG00000129116	PALLD	23022	palladin, cytoskeletal associated protein
ENSG00000129128	SPCS3	60559	signal peptidase complex subunit 3
ENSG00000129158	SERGEF	26297	secretion regulating guanine nucleotide exchange factor
ENSG00000129173	E2F8	79733	E2F transcription factor 8
ENSG00000129187	DCTD	1635	dCMP deaminase
ENSG00000129195	PIMREG	54478	PICALM interacting mitotic regulator
ENSG00000129197	RPAIN	84268	RPA interacting protein
ENSG00000129214	SHBG	6462	sex hormone binding globulin
ENSG00000129219	PLD2	5338	phospholipase D2
ENSG00000129226	CD68	968	CD68 molecule
ENSG00000129235	TXNDC17	84817	thioredoxin domain containing 17
ENSG00000129245	FXR2	9513	FMR1 autosomal homolog 2
ENSG00000129250	KIF1C	10749	kinesin family member 1C
ENSG00000129255	MPDU1	9526	mannose-P-dolichol utilization defect 1
ENSG00000129292	PHF20L1	51105	PHD finger protein 20 like 1
ENSG00000129315	CCNT1	904	cyclin T1
ENSG00000129317	PUS7L	83448	pseudouridine synthase 7 like
ENSG00000129347	KRI1	65095	KRI1 homolog
ENSG00000129351	ILF3	3609	interleukin enhancer binding factor 3
ENSG00000129353	SLC44A2	57153	solute carrier family 44 member 2
ENSG00000129354	AP1M2	10053	adaptor related protein complex 1 subunit mu 2
ENSG00000129355	CDKN2D	1032	cyclin dependent kinase inhibitor 2D
ENSG00000129422	MTUS1	57509	microtubule associated scaffold protein 1
ENSG00000129460	NGDN	25983	neuroguidin
ENSG00000129472	RAB2B	84932	RAB2B, member RAS oncogene family
ENSG00000129473	BCL2L2	599	BCL2 like 2
ENSG00000129474	AJUBA	84962	ajuba LIM protein
ENSG00000129480	DTD2	112487	D-aminoacyl-tRNA deacylase 2
ENSG00000129484	PARP2	10038	poly(ADP-ribose) polymerase 2
ENSG00000129493	HEATR5A	25938	HEAT repeat containing 5A
ENSG00000129514	FOXA1	3169	forkhead box A1
ENSG00000129515	SNX6	58533	sorting nexin 6
ENSG00000129518	EAPP	55837	E2F associated phosphoprotein
ENSG00000129521	EGLN3	112399	egl-9 family hypoxia inducible factor 3
ENSG00000129534	MIS18BP1	55320	MIS18 binding protein 1
ENSG00000129559	NEDD8	4738	NEDD8 ubiquitin like modifier
ENSG00000129562	DAD1	1603	defender against cell death 1
ENSG00000129566	TEP1	7011	telomerase associated protein 1
ENSG00000129625	REEP5	7905	receptor accessory protein 5
ENSG00000129636	ITFG1	81533	integrin alpha FG-GAP repeat containing 1
ENSG00000129657	SEC14L1	6397	SEC14 like lipid binding 1
ENSG00000129667	RHBDF2	79651	rhomboid 5 homolog 2
ENSG00000129680	MAP7D3	79649	MAP7 domain containing 3
ENSG00000129691	ASH2L	9070	ASH2 like, histone lysine methyltransferase complex subunit
ENSG00000129696	TTI2	80185	TELO2 interacting protein 2
ENSG00000129757	CDKN1C	1028	cyclin dependent kinase inhibitor 1C
ENSG00000129810	SGO1	151648	shugoshin 1
ENSG00000129824	RPS4Y1	6192	ribosomal protein S4 Y-linked 1
ENSG00000129911	KLF16	83855	KLF transcription factor 16
ENSG00000129925	PGAP6	58986	post-GPI attachment to proteins 6
ENSG00000129932	DOHH	83475	deoxyhypusine hydroxylase
ENSG00000129933	MAU2	23383	MAU2 sister chromatid cohesion factor
ENSG00000129946	SHC2	25759	SHC adaptor protein 2
ENSG00000129951	PLPPR3	79948	phospholipid phosphatase related 3
ENSG00000129968	ABHD17A	81926	abhydrolase domain containing 17A, depalmitoylase
ENSG00000129988	LBP	3929	lipopolysaccharide binding protein
ENSG00000129991	TNNI3	7137	troponin I3, cardiac type
ENSG00000130005	GAMT	2593	guanidinoacetate N-methyltransferase
ENSG00000130021	PUDP	8226	pseudouridine 5'-phosphatase
ENSG00000130023	ERMARD	55780	ER membrane associated RNA degradation
ENSG00000130024	PHF10	55274	PHD finger protein 10
ENSG00000130045	NXNL2	158046	nucleoredoxin like 2
ENSG00000130052	STARD8	9754	StAR related lipid transfer domain containing 8
ENSG00000130054	NALF2	27112	NALCN channel auxiliary factor 2
ENSG00000130066	SAT1	6303	spermidine/spermine N1-acetyltransferase 1
ENSG00000130119	GNL3L	54552	G protein nucleolar 3 like
ENSG00000130147	SH3BP4	23677	SH3 domain binding protein 4
ENSG00000130150	MOSPD2	158747	motile sperm domain containing 2
ENSG00000130158	DOCK6	57572	dedicator of cytokinesis 6
ENSG00000130159	ECSIT	51295	ECSIT signaling integrator
ENSG00000130164	LDLR	3949	low density lipoprotein receptor
ENSG00000130165	ELOF1	84337	elongation factor 1
ENSG00000130175	PRKCSH	5589	protein kinase C substrate 80K-H
ENSG00000130177	CDC16	8881	cell division cycle 16
ENSG00000130193	THEM6	51337	thioesterase superfamily member 6
ENSG00000130202	NECTIN2	5819	nectin cell adhesion molecule 2
ENSG00000130203	APOE	348	apolipoprotein E
ENSG00000130204	TOMM40	10452	translocase of outer mitochondrial membrane 40
ENSG00000130208	APOC1	341	apolipoprotein C1
ENSG00000130227	XPO7	23039	exportin 7
ENSG00000130244	FAM98C	147965	family with sequence similarity 98 member C
ENSG00000130254	SAFB2	9667	scaffold attachment factor B2
ENSG00000130255	RPL36	25873	ribosomal protein L36
ENSG00000130270	ATP8B3	148229	ATPase phospholipid transporting 8B3
ENSG00000130299	GTPBP3	84705	GTP binding protein 3, mitochondrial
ENSG00000130303	BST2	684	bone marrow stromal cell antigen 2
ENSG00000130304	SLC27A1	376497	solute carrier family 27 member 1
ENSG00000130305	NSUN5	55695	NOP2/Sun RNA methyltransferase 5
ENSG00000130309	COLGALT1	79709	collagen beta(1-O)galactosyltransferase 1
ENSG00000130311	DDA1	79016	DET1 and DDB1 associated 1
ENSG00000130312	MRPL34	64981	mitochondrial ribosomal protein L34
ENSG00000130313	PGLS	25796	6-phosphogluconolactonase
ENSG00000130332	LSM7	51690	LSM7 homolog, U6 small nuclear RNA and mRNA degradation associated
ENSG00000130338	TULP4	56995	TUB like protein 4
ENSG00000130340	SNX9	51429	sorting nexin 9
ENSG00000130347	RTN4IP1	84816	reticulon 4 interacting protein 1
ENSG00000130348	QRSL1	55278	glutaminyl-tRNA amidotransferase subunit QRSL1
ENSG00000130349	MTRES1	51250	mitochondrial transcription rescue factor 1
ENSG00000130363	RSPH3	83861	radial spoke head 3
ENSG00000130382	MLLT1	4298	MLLT1 super elongation complex subunit
ENSG00000130396	AFDN	4301	afadin, adherens junction formation factor
ENSG00000130402	ACTN4	81	actinin alpha 4
ENSG00000130413	STK33	65975	serine/threonine kinase 33
ENSG00000130414	NDUFA10	4705	NADH:ubiquinone oxidoreductase subunit A10
ENSG00000130429	ARPC1B	10095	actin related protein 2/3 complex subunit 1B
ENSG00000130433	CACNG6	59285	calcium voltage-gated channel auxiliary subunit gamma 6
ENSG00000130449	ZSWIM6	57688	zinc finger SWIM-type containing 6
ENSG00000130475	FCHO1	23149	FCH and mu domain containing endocytic adaptor 1
ENSG00000130477	UNC13A	23025	unc-13 homolog A
ENSG00000130479	MAP1S	55201	microtubule associated protein 1S
ENSG00000130508	PXDN	7837	peroxidasin
ENSG00000130511	SSBP4	170463	single stranded DNA binding protein 4
ENSG00000130513	GDF15	9518	growth differentiation factor 15
ENSG00000130517	PGPEP1	54858	pyroglutamyl-peptidase I
ENSG00000130520	LSM4	25804	LSM4 homolog, U6 small nuclear RNA and mRNA degradation associated
ENSG00000130522	JUND	3727	JunD proto-oncogene, AP-1 transcription factor subunit
ENSG00000130529	TRPM4	54795	transient receptor potential cation channel subfamily M member 4
ENSG00000130544	ZNF557	79230	zinc finger protein 557
ENSG00000130545	CRB3	92359	crumbs cell polarity complex component 3
ENSG00000130558	OLFM1	10439	olfactomedin 1
ENSG00000130559	CAMSAP1	157922	calmodulin regulated spectrin associated protein 1
ENSG00000130560	UBAC1	10422	UBA domain containing 1
ENSG00000130584	ZBTB46	140685	zinc finger and BTB domain containing 46
ENSG00000130589	HELZ2	85441	helicase with zinc finger 2
ENSG00000130600	H19	283120	H19 imprinted maternally expressed transcript
ENSG00000130635	COL5A1	1289	collagen type V alpha 1 chain
ENSG00000130638	ATXN10	25814	ataxin 10
ENSG00000130640	TUBGCP2	10844	tubulin gamma complex component 2
ENSG00000130653	PNPLA7	375775	patatin like phospholipase domain containing 7
ENSG00000130669	PAK4	10298	p21 (RAC1) activated kinase 4
ENSG00000130675	MNX1	3110	motor neuron and pancreas homeobox 1
ENSG00000130684	ZNF337	26152	zinc finger protein 337
ENSG00000130695	CEP85	64793	centrosomal protein 85
ENSG00000130699	TAF4	6874	TATA-box binding protein associated factor 4
ENSG00000130702	LAMA5	3911	laminin subunit alpha 5
ENSG00000130703	OSBPL2	9885	oxysterol binding protein like 2
ENSG00000130706	ADRM1	11047	ADRM1 26S proteasome ubiquitin receptor
ENSG00000130707	ASS1	445	argininosuccinate synthase 1
ENSG00000130713	EXOSC2	23404	exosome component 2
ENSG00000130714	POMT1	10585	protein O-mannosyltransferase 1
ENSG00000130717	UCK1	83549	uridine-cytidine kinase 1
ENSG00000130720	FIBCD1	84929	fibrinogen C domain containing 1
ENSG00000130724	CHMP2A	27243	charged multivesicular body protein 2A
ENSG00000130725	UBE2M	9040	ubiquitin conjugating enzyme E2 M
ENSG00000130726	TRIM28	10155	tripartite motif containing 28
ENSG00000130731	METTL26	84326	methyltransferase like 26
ENSG00000130733	YIPF2	78992	Yip1 domain family member 2
ENSG00000130734	ATG4D	84971	autophagy related 4D cysteine peptidase
ENSG00000130741	EIF2S3	1968	eukaryotic translation initiation factor 2 subunit gamma
ENSG00000130748	TMEM160	54958	transmembrane protein 160
ENSG00000130749	ZC3H4	23211	zinc finger CCCH-type containing 4
ENSG00000130751	NPAS1	4861	neuronal PAS domain protein 1
ENSG00000130758	MAP3K10	4294	mitogen-activated protein kinase kinase kinase 10
ENSG00000130762	ARHGEF16	27237	Rho guanine nucleotide exchange factor 16
ENSG00000130764	LRRC47	57470	leucine rich repeat containing 47
ENSG00000130766	SESN2	83667	sestrin 2
ENSG00000130768	SMPDL3B	27293	sphingomyelin phosphodiesterase acid like 3B
ENSG00000130770	ATP5IF1	93974	ATP synthase inhibitory factor subunit 1
ENSG00000130772	MED18	54797	mediator complex subunit 18
ENSG00000130775	THEMIS2	9473	thymocyte selection associated family member 2
ENSG00000130779	CLIP1	6249	CAP-Gly domain containing linker protein 1
ENSG00000130787	HIP1R	9026	huntingtin interacting protein 1 related
ENSG00000130803	ZNF317	57693	zinc finger protein 317
ENSG00000130810	PPAN	56342	peter pan homolog
ENSG00000130811	EIF3G	8666	eukaryotic translation initiation factor 3 subunit G
ENSG00000130812	ANGPTL6	83854	angiopoietin like 6
ENSG00000130813	SHFL	55337	shiftless antiviral inhibitor of ribosomal frameshifting
ENSG00000130816	DNMT1	1786	DNA methyltransferase 1
ENSG00000130818	ZNF426	79088	zinc finger protein 426
ENSG00000130821	SLC6A8	6535	solute carrier family 6 member 8
ENSG00000130826	DKC1	1736	dyskerin pseudouridine synthase 1
ENSG00000130827	PLXNA3	55558	plexin A3
ENSG00000130829	DUSP9	1852	dual specificity phosphatase 9
ENSG00000130830	MPP1	4354	MAGUK p55 scaffold protein 1
ENSG00000130844	ZNF331	55422	zinc finger protein 331
ENSG00000130856	ZNF236	7776	zinc finger protein 236
ENSG00000130881	LRP3	4037	LDL receptor related protein 3
ENSG00000130921	MTRFR	91574	mitochondrial translation release factor in rescue
ENSG00000130935	NOL11	25926	nucleolar protein 11
ENSG00000130939	UBE4B	10277	ubiquitination factor E4B
ENSG00000130956	HABP4	22927	hyaluronan binding protein 4
ENSG00000130958	SLC35D2	11046	solute carrier family 35 member D2
ENSG00000130962	PRRG1	5638	proline rich and Gla domain 1
ENSG00000130985	UBA1	7317	ubiquitin like modifier activating enzyme 1
ENSG00000131013	PPIL4	85313	peptidylprolyl isomerase like 4
ENSG00000131015	ULBP2	80328	UL16 binding protein 2
ENSG00000131016	AKAP12	9590	A-kinase anchoring protein 12
ENSG00000131018	SYNE1	23345	spectrin repeat containing nuclear envelope protein 1
ENSG00000131019	ULBP3	79465	UL16 binding protein 3
ENSG00000131023	LATS1	9113	large tumor suppressor kinase 1
ENSG00000131037	EPS8L1	54869	EPS8 like 1
ENSG00000131043	AAR2	25980	AAR2 splicing factor
ENSG00000131051	RBM39	9584	RNA binding motif protein 39
ENSG00000131061	ZNF341	84905	zinc finger protein 341
ENSG00000131067	GGT7	2686	gamma-glutamyltransferase 7
ENSG00000131069	ACSS2	55902	acyl-CoA synthetase short chain family member 2
ENSG00000131080	EDA2R	60401	ectodysplasin A2 receptor
ENSG00000131089	ARHGEF9	23229	Cdc42 guanine nucleotide exchange factor 9
ENSG00000131094	C1QL1	10882	complement C1q like 1
ENSG00000131095	GFAP	2670	glial fibrillary acidic protein
ENSG00000131100	ATP6V1E1	529	ATPase H+ transporting V1 subunit E1
ENSG00000131115	ZNF227	7770	zinc finger protein 227
ENSG00000131116	ZNF428	126299	zinc finger protein 428
ENSG00000131143	COX4I1	1327	cytochrome c oxidase subunit 4I1
ENSG00000131148	EMC8	10328	ER membrane protein complex subunit 8
ENSG00000131149	GSE1	23199	Gse1 coiled-coil protein
ENSG00000131153	GINS2	51659	GINS complex subunit 2
ENSG00000131165	CHMP1A	5119	charged multivesicular body protein 1A
ENSG00000131171	SH3BGRL	6451	SH3 domain binding glutamate rich protein like
ENSG00000131174	COX7B	1349	cytochrome c oxidase subunit 7B
ENSG00000131187	F12	2161	coagulation factor XII
ENSG00000131188	PRR7	80758	proline rich 7, synaptic
ENSG00000131196	NFATC1	4772	nuclear factor of activated T cells 1
ENSG00000131236	CAP1	10487	cyclase associated actin cytoskeleton regulatory protein 1
ENSG00000131238	PPT1	5538	palmitoyl-protein thioesterase 1
ENSG00000131242	RAB11FIP4	84440	RAB11 family interacting protein 4
ENSG00000131263	RLIM	51132	ring finger protein, LIM domain interacting
ENSG00000131269	ABCB7	22	ATP binding cassette subfamily B member 7
ENSG00000131323	TRAF3	7187	TNF receptor associated factor 3
ENSG00000131351	HAUS8	93323	HAUS augmin like complex subunit 8
ENSG00000131368	MRPS25	64432	mitochondrial ribosomal protein S25
ENSG00000131370	SH3BP5	9467	SH3 domain binding protein 5
ENSG00000131373	HACL1	26061	2-hydroxyacyl-CoA lyase 1
ENSG00000131374	TBC1D5	9779	TBC1 domain family member 5
ENSG00000131375	CAPN7	23473	calpain 7
ENSG00000131378	RFTN1	23180	raftlin, lipid raft linker 1
ENSG00000131381	RBSN	64145	rabenosyn, RAB effector
ENSG00000131389	SLC6A6	6533	solute carrier family 6 member 6
ENSG00000131400	NAPSA	9476	napsin A aspartic peptidase
ENSG00000131408	NR1H2	7376	nuclear receptor subfamily 1 group H member 2
ENSG00000131409	LRRC4B	94030	leucine rich repeat containing 4B
ENSG00000131437	KIF3A	11127	kinesin family member 3A
ENSG00000131446	MGAT1	4245	alpha-1,3-mannosyl-glycoprotein 2-beta-N-acetylglucosaminyltransferase
ENSG00000131459	GFPT2	9945	glutamine-fructose-6-phosphate transaminase 2
ENSG00000131462	TUBG1	7283	tubulin gamma 1
ENSG00000131467	PSME3	10197	proteasome activator subunit 3
ENSG00000131469	RPL27	6155	ribosomal protein L27
ENSG00000131470	PSMC3IP	29893	PSMC3 interacting protein
ENSG00000131471	AOC3	8639	amine oxidase copper containing 3
ENSG00000131473	ACLY	47	ATP citrate lyase
ENSG00000131475	VPS25	84313	vacuolar protein sorting 25 homolog
ENSG00000131480	AOC2	314	amine oxidase copper containing 2
ENSG00000131495	NDUFA2	4695	NADH:ubiquinone oxidoreductase subunit A2
ENSG00000131503	ANKHD1	54882	ankyrin repeat and KH domain containing 1
ENSG00000131504	DIAPH1	1729	diaphanous related formin 1
ENSG00000131507	NDFIP1	80762	Nedd4 family interacting protein 1
ENSG00000131508	UBE2D2	7322	ubiquitin conjugating enzyme E2 D2
ENSG00000131558	EXOC4	60412	exocyst complex component 4
ENSG00000131584	ACAP3	116983	ArfGAP with coiled-coil, ankyrin repeat and PH domains 3
ENSG00000131591	C1orf159	54991	chromosome 1 open reading frame 159
ENSG00000131626	PPFIA1	8500	PTPRF interacting protein alpha 1
ENSG00000131650	KREMEN2	79412	kringle containing transmembrane protein 2
ENSG00000131652	THOC6	79228	THO complex subunit 6
ENSG00000131653	TRAF7	84231	TNF receptor associated factor 7
ENSG00000131668	BARX1	56033	BARX homeobox 1
ENSG00000131669	NINJ1	4814	ninjurin 1
ENSG00000131697	NPHP4	261734	nephrocystin 4
ENSG00000131711	MAP1B	4131	microtubule associated protein 1B
ENSG00000131724	IL13RA1	3597	interleukin 13 receptor subunit alpha 1
ENSG00000131725	WDR44	54521	WD repeat domain 44
ENSG00000131732	ZCCHC9	84240	zinc finger CCHC-type containing 9
ENSG00000131746	TNS4	84951	tensin 4
ENSG00000131747	TOP2A	7153	DNA topoisomerase II alpha
ENSG00000131748	STARD3	10948	StAR related lipid transfer domain containing 3
ENSG00000131759	RARA	5914	retinoic acid receptor alpha
ENSG00000131773	KHDRBS3	10656	KH RNA binding domain containing, signal transduction associated 3
ENSG00000131778	CHD1L	9557	chromodomain helicase DNA binding protein 1 like
ENSG00000131779	PEX11B	8799	peroxisomal biogenesis factor 11 beta
ENSG00000131781	FMO5	2330	flavin containing dimethylaniline monoxygenase 5
ENSG00000131788	PIAS3	10401	protein inhibitor of activated STAT 3
ENSG00000131791	PRKAB2	5565	protein kinase AMP-activated non-catalytic subunit beta 2
ENSG00000131828	PDHA1	5160	pyruvate dehydrogenase E1 subunit alpha 1
ENSG00000131844	MCCC2	64087	methylcrotonyl-CoA carboxylase subunit 2
ENSG00000131845	ZNF304	57343	zinc finger protein 304
ENSG00000131848	ZSCAN5A	79149	zinc finger and SCAN domain containing 5A
ENSG00000131871	SELENOS	55829	selenoprotein S
ENSG00000131873	CHSY1	22856	chondroitin sulfate synthase 1
ENSG00000131876	SNRPA1	6627	small nuclear ribonucleoprotein polypeptide A'
ENSG00000131899	LLGL1	3996	LLGL scribble cell polarity complex component 1
ENSG00000131931	THAP1	55145	THAP domain containing 1
ENSG00000131941	RHPN2	85415	rhophilin Rho GTPase binding protein 2
ENSG00000131943	C19orf12	83636	chromosome 19 open reading frame 12
ENSG00000131944	FAAP24	91442	FA core complex associated protein 24
ENSG00000131966	ACTR10	55860	actin related protein 10
ENSG00000131979	GCH1	2643	GTP cyclohydrolase 1
ENSG00000131981	LGALS3	3958	galectin 3
ENSG00000132002	DNAJB1	3337	DnaJ heat shock protein family (Hsp40) member B1
ENSG00000132003	ZSWIM4	65249	zinc finger SWIM-type containing 4
ENSG00000132004	FBXW9	84261	F-box and WD repeat domain containing 9
ENSG00000132005	RFX1	5989	regulatory factor X1
ENSG00000132017	DCAF15	90379	DDB1 and CUL4 associated factor 15
ENSG00000132024	CC2D1A	54862	coiled-coil and C2 domain containing 1A
ENSG00000132031	MATN3	4148	matrilin 3
ENSG00000132109	TRIM21	6737	tripartite motif containing 21
ENSG00000132122	SPATA6	54558	spermatogenesis associated 6
ENSG00000132128	LRRC41	10489	leucine rich repeat containing 41
ENSG00000132141	CCT6B	10693	chaperonin containing TCP1 subunit 6B
ENSG00000132153	DHX30	22907	DExH-box helicase 30
ENSG00000132155	RAF1	5894	Raf-1 proto-oncogene, serine/threonine kinase
ENSG00000132170	PPARG	5468	peroxisome proliferator activated receptor gamma
ENSG00000132182	NUP210	23225	nucleoporin 210
ENSG00000132196	HSD17B7	51478	hydroxysteroid 17-beta dehydrogenase 7
ENSG00000132199	ENOSF1	55556	enolase superfamily member 1
ENSG00000132207	SLX1A	548593	SLX1 homolog A, structure-specific endonuclease subunit
ENSG00000132254	ARFIP2	23647	ADP ribosylation factor interacting protein 2
ENSG00000132256	TRIM5	85363	tripartite motif containing 5
ENSG00000132274	TRIM22	10346	tripartite motif containing 22
ENSG00000132275	RRP8	23378	ribosomal RNA processing 8
ENSG00000132286	TIMM10B	26515	translocase of inner mitochondrial membrane 10B
ENSG00000132294	EFR3A	23167	EFR3 homolog A
ENSG00000132300	PTCD3	55037	pentatricopeptide repeat domain 3
ENSG00000132305	IMMT	10989	inner membrane mitochondrial protein
ENSG00000132313	MRPL35	51318	mitochondrial ribosomal protein L35
ENSG00000132323	ILKAP	80895	ILK associated serine/threonine phosphatase
ENSG00000132326	PER2	8864	period circadian regulator 2
ENSG00000132330	SCLY	51540	selenocysteine lyase
ENSG00000132341	RAN	5901	RAN, member RAS oncogene family
ENSG00000132356	PRKAA1	5562	protein kinase AMP-activated catalytic subunit alpha 1
ENSG00000132357	CARD6	84674	caspase recruitment domain family member 6
ENSG00000132359	RAP1GAP2	23108	RAP1 GTPase activating protein 2
ENSG00000132361	CLUH	23277	clustered mitochondria homolog
ENSG00000132376	INPP5K	51763	inositol polyphosphate-5-phosphatase K
ENSG00000132382	MYBBP1A	10514	MYB binding protein 1a
ENSG00000132383	RPA1	6117	replication protein A1
ENSG00000132386	SERPINF1	5176	serpin family F member 1
ENSG00000132388	UBE2G1	7326	ubiquitin conjugating enzyme E2 G1
ENSG00000132394	EEFSEC	60678	eukaryotic elongation factor, selenocysteine-tRNA specific
ENSG00000132405	TBC1D14	57533	TBC1 domain family member 14
ENSG00000132406	TMEM128	85013	transmembrane protein 128
ENSG00000132423	COQ3	51805	coenzyme Q3, methyltransferase
ENSG00000132424	PNISR	25957	PNN interacting serine and arginine rich protein
ENSG00000132429	POPDC3	64208	popeye domain containing 3
ENSG00000132432	SEC61G	23480	SEC61 translocon subunit gamma
ENSG00000132434	LANCL2	55915	LanC like glutathione S-transferase 2
ENSG00000132436	FIGNL1	63979	fidgetin like 1
ENSG00000132437	DDC	1644	dopa decarboxylase
ENSG00000132463	GRSF1	2926	G-rich RNA sequence binding factor 1
ENSG00000132466	ANKRD17	26057	ankyrin repeat domain 17
ENSG00000132467	UTP3	57050	UTP3 small subunit processome component
ENSG00000132470	ITGB4	3691	integrin subunit beta 4
ENSG00000132471	WBP2	23558	WW domain binding protein 2
ENSG00000132475	H3-3B	3021	H3.3 histone B
ENSG00000132478	UNK	85451	unk zinc finger
ENSG00000132481	TRIM47	91107	tripartite motif containing 47
ENSG00000132485	ZRANB2	9406	zinc finger RANBP2-type containing 2
ENSG00000132507	EIF5A	1984	eukaryotic translation initiation factor 5A
ENSG00000132510	KDM6B	23135	lysine demethylase 6B
ENSG00000132517	SLC52A1	55065	solute carrier family 52 member 1
ENSG00000132522	GPS2	2874	G protein pathway suppressor 2
ENSG00000132535	DLG4	1742	discs large MAGUK scaffold protein 4
ENSG00000132541	RIDA	10247	reactive intermediate imine deaminase A homolog
ENSG00000132549	VPS13B	157680	vacuolar protein sorting 13 homolog B
ENSG00000132561	MATN2	4147	matrilin 2
ENSG00000132563	REEP2	51308	receptor accessory protein 2
ENSG00000132570	PCBD2	84105	pterin-4 alpha-carbinolamine dehydratase 2
ENSG00000132581	SDF2	6388	stromal cell derived factor 2
ENSG00000132589	FLOT2	2319	flotillin 2
ENSG00000132591	ERAL1	26284	Era like 12S mitochondrial rRNA chaperone 1
ENSG00000132600	PRMT7	54496	protein arginine methyltransferase 7
ENSG00000132603	NIP7	51388	nucleolar pre-rRNA processing protein NIP7
ENSG00000132604	TERF2	7014	telomeric repeat binding factor 2
ENSG00000132612	VPS4A	27183	vacuolar protein sorting 4 homolog A
ENSG00000132613	MTSS2	92154	MTSS I-BAR domain containing 2
ENSG00000132622	HSPA12B	116835	heat shock protein family A (Hsp70) member 12B
ENSG00000132623	ANKEF1	63926	ankyrin repeat and EF-hand domain containing 1
ENSG00000132635	PCED1A	64773	PC-esterase domain containing 1A
ENSG00000132639	SNAP25	6616	synaptosome associated protein 25
ENSG00000132640	BTBD3	22903	BTB domain containing 3
ENSG00000132646	PCNA	5111	proliferating cell nuclear antigen
ENSG00000132661	NXT1	29107	nuclear transport factor 2 like export factor 1
ENSG00000132664	POLR3F	10621	RNA polymerase III subunit F
ENSG00000132669	RIN2	54453	Ras and Rab interactor 2
ENSG00000132670	PTPRA	5786	protein tyrosine phosphatase receptor type A
ENSG00000132676	DAP3	7818	death associated protein 3
ENSG00000132680	KHDC4	22889	KH domain containing 4, pre-mRNA splicing factor
ENSG00000132688	NES	10763	nestin
ENSG00000132694	ARHGEF11	9826	Rho guanine nucleotide exchange factor 11
ENSG00000132716	DCAF8	50717	DDB1 and CUL4 associated factor 8
ENSG00000132718	SYT11	23208	synaptotagmin 11
ENSG00000132740	IGHMBP2	3508	immunoglobulin mu DNA binding protein 2
ENSG00000132744	ACY3	91703	aminoacylase 3
ENSG00000132749	TESMIN	9633	testis expressed metallothionein like protein
ENSG00000132763	MMACHC	25974	metabolism of cobalamin associated C
ENSG00000132768	DPH2	1802	diphthamide biosynthesis 2
ENSG00000132773	TOE1	114034	target of EGR1, exonuclease
ENSG00000132780	NASP	4678	nuclear autoantigenic sperm protein
ENSG00000132781	MUTYH	4595	mutY DNA glycosylase
ENSG00000132792	CTNNBL1	56259	catenin beta like 1
ENSG00000132793	LPIN3	64900	lipin 3
ENSG00000132819	RBM38	55544	RNA binding motif protein 38
ENSG00000132821	VSTM2L	128434	V-set and transmembrane domain containing 2 like
ENSG00000132823	OSER1	51526	oxidative stress responsive serine rich 1
ENSG00000132824	SERINC3	10955	serine incorporator 3
ENSG00000132825	PPP1R3D	5509	protein phosphatase 1 regulatory subunit 3D
ENSG00000132842	AP3B1	8546	adaptor related protein complex 3 subunit beta 1
ENSG00000132846	ZBED3	84327	zinc finger BED-type containing 3
ENSG00000132849	PATJ	10207	PATJ crumbs cell polarity complex component
ENSG00000132879	FBXO44	93611	F-box protein 44
ENSG00000132881	CPLANE2	79363	ciliogenesis and planar polarity effector complex subunit 2
ENSG00000132906	CASP9	842	caspase 9
ENSG00000132912	DCTN4	51164	dynactin subunit 4
ENSG00000132950	ZMYM5	9205	zinc finger MYM-type containing 5
ENSG00000132952	USPL1	10208	ubiquitin specific peptidase like 1
ENSG00000132953	XPO4	64328	exportin 4
ENSG00000132963	POMP	51371	proteasome maturation protein
ENSG00000132964	CDK8	1024	cyclin dependent kinase 8
ENSG00000132965	ALOX5AP	241	arachidonate 5-lipoxygenase activating protein
ENSG00000132967	HMGB1P5	10354	high mobility group box 1 pseudogene 5
ENSG00000133026	MYH10	4628	myosin heavy chain 10
ENSG00000133027	PEMT	10400	phosphatidylethanolamine N-methyltransferase
ENSG00000133028	SCO1	6341	synthesis of cytochrome C oxidase 1
ENSG00000133030	MPRIP	23164	myosin phosphatase Rho interacting protein
ENSG00000133056	PIK3C2B	5287	phosphatidylinositol-4-phosphate 3-kinase catalytic subunit type 2 beta
ENSG00000133059	DSTYK	25778	dual serine/threonine and tyrosine protein kinase
ENSG00000133065	SLC41A1	254428	solute carrier family 41 member 1
ENSG00000133069	TMCC2	9911	transmembrane and coiled-coil domain family 2
ENSG00000133103	COG6	57511	component of oligomeric golgi complex 6
ENSG00000133104	SPART	23111	spartin
ENSG00000133110	POSTN	10631	periostin
ENSG00000133111	RFXAP	5994	regulatory factor X associated protein
ENSG00000133112	TPT1	7178	tumor protein, translationally-controlled 1
ENSG00000133114	GPALPP1	55425	GPALPP motifs containing 1
ENSG00000133119	RFC3	5983	replication factor C subunit 3
ENSG00000133121	STARD13	90627	StAR related lipid transfer domain containing 13
ENSG00000133131	MORC4	79710	MORC family CW-type zinc finger 4
ENSG00000133134	BEX2	84707	brain expressed X-linked 2
ENSG00000133135	RNF128	79589	ring finger protein 128
ENSG00000133138	TBC1D8B	54885	TBC1 domain family member 8B
ENSG00000133142	TCEAL4	79921	transcription elongation factor A like 4
ENSG00000133193	VCF1	84923	VCP nuclear cofactor family member 1
ENSG00000133195	SLC39A11	201266	solute carrier family 39 member 11
ENSG00000133216	EPHB2	2048	EPH receptor B2
ENSG00000133226	SRRM1	10250	serine and arginine repetitive matrix 1
ENSG00000133243	BTBD2	55643	BTB domain containing 2
ENSG00000133247	KMT5C	84787	lysine methyltransferase 5C
ENSG00000133250	ZNF414	84330	zinc finger protein 414
ENSG00000133265	HSPBP1	23640	HSPA (Hsp70) binding protein 1
ENSG00000133275	CSNK1G2	1455	casein kinase 1 gamma 2
ENSG00000133302	SLF1	84250	SMC5-SMC6 complex localization factor 1
ENSG00000133313	CNDP2	55748	carnosine dipeptidase 2
ENSG00000133315	MACROD1	28992	mono-ADP ribosylhydrolase 1
ENSG00000133316	WDR74	54663	WD repeat domain 74
ENSG00000133318	RTN3	10313	reticulon 3
ENSG00000133321	PLAAT4	5920	phospholipase A and acyltransferase 4
ENSG00000133393	CEP20	123811	centrosomal protein 20
ENSG00000133398	MED10	84246	mediator complex subunit 10
ENSG00000133422	MORC2	22880	MORC family CW-type zinc finger 2
ENSG00000133424	LARGE1	9215	LARGE xylosyl- and glucuronyltransferase 1
ENSG00000133460	SLC2A11	66035	solute carrier family 2 member 11
ENSG00000133466	C1QTNF6	114904	C1q and TNF related 6
ENSG00000133488	SEC14L4	284904	SEC14 like lipid binding 4
ENSG00000133597	ADCK2	90956	aarF domain containing kinase 2
ENSG00000133606	MKRN1	23608	makorin ring finger protein 1
ENSG00000133612	AGAP3	116988	ArfGAP with GTPase domain, ankyrin repeat and PH domain 3
ENSG00000133619	KRBA1	84626	KRAB-A domain containing 1
ENSG00000133627	ACTR3B	57180	actin related protein 3B
ENSG00000133636	NTS	4922	neurotensin
ENSG00000133639	BTG1	694	BTG anti-proliferation factor 1
ENSG00000133641	RLIG1	91298	RNA 5'-phosphate and 3'-OH ligase 1
ENSG00000133657	ATP13A3	79572	ATPase 13A3
ENSG00000133678	TMEM254	80195	transmembrane protein 254
ENSG00000133703	KRAS	3845	KRAS proto-oncogene, GTPase
ENSG00000133704	IPO8	10526	importin 8
ENSG00000133706	LARS1	51520	leucyl-tRNA synthetase 1
ENSG00000133731	IMPA1	3612	inositol monophosphatase 1
ENSG00000133740	E2F5	1875	E2F transcription factor 5
ENSG00000133773	CCDC59	29080	coiled-coil domain containing 59
ENSG00000133789	SWAP70	23075	switching B cell complex subunit SWAP70
ENSG00000133794	BMAL1	406	basic helix-loop-helix ARNT like 1
ENSG00000133805	AMPD3	272	adenosine monophosphate deaminase 3
ENSG00000133812	SBF2	81846	SET binding factor 2
ENSG00000133816	MICAL2	9645	microtubule associated monooxygenase, calponin and LIM domain containing 2
ENSG00000133818	RRAS2	22800	RAS related 2
ENSG00000133835	HSD17B4	3295	hydroxysteroid 17-beta dehydrogenase 4
ENSG00000133858	ZFC3H1	196441	zinc finger C3H1-type containing
ENSG00000133872	SARAF	51669	store-operated calcium entry associated regulatory factor
ENSG00000133874	RNF122	79845	ring finger protein 122
ENSG00000133884	DPF2	5977	double PHD fingers 2
ENSG00000133895	MEN1	4221	menin 1
ENSG00000133935	ERG28	11161	ergosterol biosynthesis 28 homolog
ENSG00000133943	DGLUCY	80017	D-glutamate cyclase
ENSG00000133961	NUMB	8650	NUMB endocytic adaptor protein
ENSG00000133983	COX16	51241	cytochrome c oxidase assembly factor COX16
ENSG00000133985	TTC9	23508	tetratricopeptide repeat domain 9
ENSG00000133997	MED6	10001	mediator complex subunit 6
ENSG00000134001	EIF2S1	1965	eukaryotic translation initiation factor 2 subunit alpha
ENSG00000134013	LOXL2	4017	lysyl oxidase like 2
ENSG00000134014	ELP3	55140	elongator acetyltransferase complex subunit 3
ENSG00000134030	CTIF	9811	cap binding complex dependent translation initiation factor
ENSG00000134046	MBD2	8932	methyl-CpG binding domain protein 2
ENSG00000134049	IER3IP1	51124	immediate early response 3 interacting protein 1
ENSG00000134056	MRPS36	92259	mitochondrial ribosomal protein S36
ENSG00000134057	CCNB1	891	cyclin B1
ENSG00000134058	CDK7	1022	cyclin dependent kinase 7
ENSG00000134070	IRAK2	3656	interleukin 1 receptor associated kinase 2
ENSG00000134072	CAMK1	8536	calcium/calmodulin dependent protein kinase I
ENSG00000134077	THUMPD3	25917	THUMP domain containing 3
ENSG00000134086	VHL	7428	von Hippel-Lindau tumor suppressor
ENSG00000134107	BHLHE40	8553	basic helix-loop-helix family member e40
ENSG00000134108	ARL8B	55207	ADP ribosylation factor like GTPase 8B
ENSG00000134109	EDEM1	9695	ER degradation enhancing alpha-mannosidase like protein 1
ENSG00000134138	MEIS2	4212	Meis homeobox 2
ENSG00000134146	DPH6	89978	diphthamine biosynthesis 6
ENSG00000134152	KATNBL1	79768	katanin regulatory subunit B1 like 1
ENSG00000134153	EMC7	56851	ER membrane protein complex subunit 7
ENSG00000134186	PRPF38B	55119	pre-mRNA processing factor 38B
ENSG00000134202	GSTM3	2947	glutathione S-transferase mu 3
ENSG00000134215	VAV3	10451	vav guanine nucleotide exchange factor 3
ENSG00000134222	PSRC1	84722	proline and serine rich coiled-coil 1
ENSG00000134243	SORT1	6272	sortilin 1
ENSG00000134247	PTGFRN	5738	prostaglandin F2 receptor inhibitor
ENSG00000134248	LAMTOR5	10542	late endosomal/lysosomal adaptor, MAPK and MTOR activator 5
ENSG00000134250	NOTCH2	4853	notch receptor 2
ENSG00000134253	TRIM45	80263	tripartite motif containing 45
ENSG00000134255	CEPT1	10390	choline/ethanolamine phosphotransferase 1
ENSG00000134262	AP4B1	10717	adaptor related protein complex 4 subunit beta 1
ENSG00000134265	NAPG	8774	NSF attachment protein gamma
ENSG00000134278	SPIRE1	56907	spire type actin nucleation factor 1
ENSG00000134283	PPHLN1	51535	periphilin 1
ENSG00000134285	FKBP11	51303	FKBP prolyl isomerase 11
ENSG00000134287	ARF3	377	ADP ribosylation factor 3
ENSG00000134291	TMEM106C	79022	transmembrane protein 106C
ENSG00000134294	SLC38A2	54407	solute carrier family 38 member 2
ENSG00000134297	PLEKHA8P1	51054	pleckstrin homology domain containing A8 pseudogene 1
ENSG00000134308	YWHAQ	10971	tyrosine 3-monooxygenase/tryptophan 5-monooxygenase activation protein theta
ENSG00000134313	KIDINS220	57498	kinase D interacting substrate 220
ENSG00000134317	GRHL1	29841	grainyhead like transcription factor 1
ENSG00000134318	ROCK2	9475	Rho associated coiled-coil containing protein kinase 2
ENSG00000134324	LPIN1	23175	lipin 1
ENSG00000134330	IAH1	285148	isoamyl acetate hydrolyzing esterase 1 (putative)
ENSG00000134333	LDHA	3939	lactate dehydrogenase A
ENSG00000134339	SAA2	6289	serum amyloid A2
ENSG00000134352	IL6ST	3572	interleukin 6 cytokine family signal transducer
ENSG00000134363	FST	10468	follistatin
ENSG00000134369	NAV1	89796	neuron navigator 1
ENSG00000134371	CDC73	79577	cell division cycle 73
ENSG00000134375	TIMM17A	10440	translocase of inner mitochondrial membrane 17A
ENSG00000134419	RPS15A	6210	ribosomal protein S15a
ENSG00000134440	NARS1	4677	asparaginyl-tRNA synthetase 1
ENSG00000134444	RELCH	57614	RAB11 binding and LisH domain, coiled-coil and HEAT repeat containing
ENSG00000134452	FBH1	84893	F-box DNA helicase 1
ENSG00000134453	RBM17	84991	RNA binding motif protein 17
ENSG00000134461	ANKRD16	54522	ankyrin repeat domain 16
ENSG00000134463	ECHDC3	79746	enoyl-CoA hydratase domain containing 3
ENSG00000134470	IL15RA	3601	interleukin 15 receptor subunit alpha
ENSG00000134480	CCNH	902	cyclin H
ENSG00000134490	TMEM241	85019	transmembrane protein 241
ENSG00000134504	KCTD1	284252	potassium channel tetramerization domain containing 1
ENSG00000134508	CABLES1	91768	Cdk5 and Abl enzyme substrate 1
ENSG00000134516	DOCK2	1794	dedicator of cytokinesis 2
ENSG00000134531	EMP1	2012	epithelial membrane protein 1
ENSG00000134533	RERG	85004	RAS like estrogen regulated growth inhibitor
ENSG00000134538	SLCO1B1	10599	solute carrier organic anion transporter family member 1B1
ENSG00000134548	SPX	80763	spexin hormone
ENSG00000134569	LRP4	4038	LDL receptor related protein 4
ENSG00000134574	DDB2	1643	damage specific DNA binding protein 2
ENSG00000134575	ACP2	53	acid phosphatase 2, lysosomal
ENSG00000134590	RTL8C	8933	retrotransposon Gag like 8C
ENSG00000134597	RBMX2	51634	RNA binding motif protein X-linked 2
ENSG00000134602	STK26	51765	serine/threonine kinase 26
ENSG00000134644	PUM1	9698	pumilio RNA binding family member 1
ENSG00000134668	SPOCD1	90853	SPOC domain containing 1
ENSG00000134684	YARS1	8565	tyrosyl-tRNA synthetase 1
ENSG00000134686	PHC2	1912	polyhomeotic homolog 2
ENSG00000134690	CDCA8	55143	cell division cycle associated 8
ENSG00000134697	GNL2	29889	G protein nucleolar 2
ENSG00000134698	AGO4	192670	argonaute RISC component 4
ENSG00000134717	BTF3L4	91408	basic transcription factor 3 like 4
ENSG00000134744	TUT4	23318	terminal uridylyl transferase 4
ENSG00000134748	PRPF38A	84950	pre-mRNA processing factor 38A
ENSG00000134755	DSC2	1824	desmocollin 2
ENSG00000134758	RNF138	51444	ring finger protein 138
ENSG00000134759	ELP2	55250	elongator acetyltransferase complex subunit 2
ENSG00000134762	DSC3	1825	desmocollin 3
ENSG00000134775	FHOD3	80206	formin homology 2 domain containing 3
ENSG00000134779	TPGS2	25941	tubulin polyglutamylase complex subunit 2
ENSG00000134780	DAGLA	747	diacylglycerol lipase alpha
ENSG00000134802	SLC43A3	29015	solute carrier family 43 member 3
ENSG00000134809	TIMM10	26519	translocase of inner mitochondrial membrane 10
ENSG00000134815	DHX34	9704	DExH-box helicase 34
ENSG00000134824	FADS2	9415	fatty acid desaturase 2
ENSG00000134825	TMEM258	746	transmembrane protein 258
ENSG00000134851	TMEM165	55858	transmembrane protein 165
ENSG00000134852	CLOCK	9575	clock circadian regulator
ENSG00000134864	GGACT	87769	gamma-glutamylamine cyclotransferase
ENSG00000134871	COL4A2	1284	collagen type IV alpha 2 chain
ENSG00000134874	DZIP1	22873	DAZ interacting zinc finger protein 1
ENSG00000134882	UBAC2	337867	UBA domain containing 2
ENSG00000134884	ARGLU1	55082	arginine and glutamate rich 1
ENSG00000134897	BIVM	54841	basic, immunoglobulin-like variable motif containing
ENSG00000134899	ERCC5	2073	ERCC excision repair 5, endonuclease
ENSG00000134900	TPP2	7174	tripeptidyl peptidase 2
ENSG00000134901	POGLUT2	79070	protein O-glucosyltransferase 2
ENSG00000134905	CARS2	79587	cysteinyl-tRNA synthetase 2, mitochondrial
ENSG00000134909	ARHGAP32	9743	Rho GTPase activating protein 32
ENSG00000134910	STT3A	3703	STT3 oligosaccharyltransferase complex catalytic subunit A
ENSG00000134954	ETS1	2113	ETS proto-oncogene 1, transcription factor
ENSG00000134962	KLB	152831	klotho beta
ENSG00000134970	TMED7	51014	transmembrane p24 trafficking protein 7
ENSG00000134982	APC	324	APC regulator of WNT signaling pathway
ENSG00000134986	NREP	9315	neuronal regeneration related protein
ENSG00000134987	WDR36	134430	WD repeat domain 36
ENSG00000134996	OSTF1	26578	osteoclast stimulating factor 1
ENSG00000135002	RFK	55312	riboflavin kinase
ENSG00000135018	UBQLN1	29979	ubiquilin 1
ENSG00000135040	NAA35	60560	N-alpha-acetyltransferase 35, NatC auxiliary subunit
ENSG00000135045	C9orf40	55071	chromosome 9 open reading frame 40
ENSG00000135046	ANXA1	301	annexin A1
ENSG00000135047	CTSL	1514	cathepsin L
ENSG00000135048	CEMIP2	23670	cell migration inducing hyaluronidase 2
ENSG00000135049	AGTPBP1	23287	ATP/GTP binding carboxypeptidase 1
ENSG00000135052	GOLM1	51280	golgi membrane protein 1
ENSG00000135069	PSAT1	29968	phosphoserine aminotransferase 1
ENSG00000135070	ISCA1	81689	iron-sulfur cluster assembly 1
ENSG00000135074	ADAM19	8728	ADAM metallopeptidase domain 19
ENSG00000135083	CCNJL	79616	cyclin J like
ENSG00000135090	TAOK3	51347	TAO kinase 3
ENSG00000135093	USP30	84749	ubiquitin specific peptidase 30
ENSG00000135094	SDS	10993	serine dehydratase
ENSG00000135100	HNF1A	6927	HNF1 homeobox A
ENSG00000135108	FBXO21	23014	F-box protein 21
ENSG00000135111	TBX3	6926	T-box transcription factor 3
ENSG00000135114	OASL	8638	2'-5'-oligoadenylate synthetase like
ENSG00000135119	RNFT2	84900	ring finger protein, transmembrane 2
ENSG00000135124	P2RX4	5025	purinergic receptor P2X 4
ENSG00000135127	BICDL1	92558	BICD family like cargo adaptor 1
ENSG00000135148	TRAFD1	10906	TRAF-type zinc finger domain containing 1
ENSG00000135164	DMTF1	9988	cyclin D binding myb like transcription factor 1
ENSG00000135185	TMEM243	79161	transmembrane protein 243
ENSG00000135205	CCDC146	57639	coiled-coil domain containing 146
ENSG00000135211	TMEM60	85025	transmembrane protein 60
ENSG00000135241	PNPLA8	50640	patatin like phospholipase domain containing 8
ENSG00000135245	HILPDA	29923	hypoxia inducible lipid droplet associated
ENSG00000135249	RINT1	60561	RAD50 interactor 1
ENSG00000135250	SRPK2	6733	SRSF protein kinase 2
ENSG00000135269	TES	26136	testin LIM domain protein
ENSG00000135272	MDFIC	29969	MyoD family inhibitor domain containing
ENSG00000135297	MTO1	25821	mitochondrial tRNA translation optimization 1
ENSG00000135299	ANKRD6	22881	ankyrin repeat domain 6
ENSG00000135314	KHDC1	80759	KH domain containing 1
ENSG00000135316	SYNCRIP	10492	synaptotagmin binding cytoplasmic RNA interacting protein
ENSG00000135317	SNX14	57231	sorting nexin 14
ENSG00000135318	NT5E	4907	5'-nucleotidase ecto
ENSG00000135333	EPHA7	2045	EPH receptor A7
ENSG00000135334	AKIRIN2	55122	akirin 2
ENSG00000135336	ORC3	23595	origin recognition complex subunit 3
ENSG00000135338	LCA5	167691	lebercilin LCA5
ENSG00000135341	MAP3K7	6885	mitogen-activated protein kinase kinase kinase 7
ENSG00000135362	PRR5L	79899	proline rich 5 like
ENSG00000135365	PHF21A	51317	PHD finger protein 21A
ENSG00000135372	NAT10	55226	N-acetyltransferase 10
ENSG00000135373	EHF	26298	ETS homologous factor
ENSG00000135387	CAPRIN1	4076	cell cycle associated protein 1
ENSG00000135390	ATP5MC2	517	ATP synthase membrane subunit c locus 2
ENSG00000135392	DNAJC14	85406	DnaJ heat shock protein family (Hsp40) member C14
ENSG00000135404	CD63	967	CD63 molecule
ENSG00000135406	PRPH	5630	peripherin
ENSG00000135414	GDF11	10220	growth differentiation factor 11
ENSG00000135424	ITGA7	3679	integrin subunit alpha 7
ENSG00000135437	RDH5	5959	retinol dehydrogenase 5
ENSG00000135439	AGAP2	116986	ArfGAP with GTPase domain, ankyrin repeat and PH domain 2
ENSG00000135441	BLOC1S1	2647	biogenesis of lysosomal organelles complex 1 subunit 1
ENSG00000135443	KRT85	3891	keratin 85
ENSG00000135446	CDK4	1019	cyclin dependent kinase 4
ENSG00000135451	TROAP	10024	trophinin associated protein
ENSG00000135452	TSPAN31	6302	tetraspanin 31
ENSG00000135454	B4GALNT1	2583	beta-1,4-N-acetyl-galactosaminyltransferase 1
ENSG00000135457	TFCP2	7024	transcription factor CP2
ENSG00000135469	COQ10A	93058	coenzyme Q10A
ENSG00000135473	PAN2	9924	poly(A) specific ribonuclease subunit PAN2
ENSG00000135476	ESPL1	9700	extra spindle pole bodies like 1, separase
ENSG00000135477	KRT87P	85349	keratin 87, pseudogene
ENSG00000135480	KRT7	3855	keratin 7
ENSG00000135482	ZC3H10	84872	zinc finger CCCH-type containing 10
ENSG00000135486	HNRNPA1	3178	heterogeneous nuclear ribonucleoprotein A1
ENSG00000135503	ACVR1B	91	activin A receptor type 1B
ENSG00000135506	OS9	10956	OS9 endoplasmic reticulum lectin
ENSG00000135519	KCNH3	23416	potassium voltage-gated channel subfamily H member 3
ENSG00000135521	LTV1	84946	LTV1 ribosome biogenesis factor
ENSG00000135525	MAP7	9053	microtubule associated protein 7
ENSG00000135535	CD164	8763	CD164 molecule
ENSG00000135540	NHSL1	57224	NHS like 1
ENSG00000135541	AHI1	54806	Abelson helper integration site 1
ENSG00000135549	PKIB	5570	cAMP-dependent protein kinase inhibitor beta
ENSG00000135587	SMPD2	6610	sphingomyelin phosphodiesterase 2
ENSG00000135596	MICAL1	64780	microtubule associated monooxygenase, calponin and LIM domain containing 1
ENSG00000135597	REPS1	85021	RALBP1 associated Eps domain containing 1
ENSG00000135604	STX11	8676	syntaxin 11
ENSG00000135605	TEC	7006	tec protein tyrosine kinase
ENSG00000135617	PRADC1	84279	protease associated domain containing 1
ENSG00000135622	SEMA4F	10505	ssemaphorin 4F
ENSG00000135624	CCT7	10574	chaperonin containing TCP1 subunit 7
ENSG00000135631	RAB11FIP5	26056	RAB11 family interacting protein 5
ENSG00000135632	SMYD5	10322	SMYD family member 5
ENSG00000135636	DYSF	8291	dysferlin
ENSG00000135637	CCDC142	84865	coiled-coil domain containing 142
ENSG00000135655	USP15	9958	ubiquitin specific peptidase 15
ENSG00000135677	GNS	2799	glucosamine (N-acetyl)-6-sulfatase
ENSG00000135678	CPM	1368	carboxypeptidase M
ENSG00000135679	MDM2	4193	MDM2 proto-oncogene
ENSG00000135686	KLHL36	79786	kelch like family member 36
ENSG00000135697	BCO1	53630	beta-carotene oxygenase 1
ENSG00000135698	MPHOSPH6	10200	M-phase phosphoprotein 6
ENSG00000135709	KIAA0513	9764	KIAA0513
ENSG00000135720	DYNC1LI2	1783	dynein cytoplasmic 1 light intermediate chain 2
ENSG00000135722	FBXL8	55336	F-box and leucine rich repeat protein 8
ENSG00000135723	FHOD1	29109	formin homology 2 domain containing 1
ENSG00000135736	CCDC102A	92922	coiled-coil domain containing 102A
ENSG00000135740	SLC9A5	6553	solute carrier family 9 member A5
ENSG00000135744	AGT	183	angiotensinogen
ENSG00000135749	PCNX2	80003	pecanex 2
ENSG00000135750	KCNK1	3775	potassium two pore domain channel subfamily K member 1
ENSG00000135763	URB2	9816	URB2 ribosome biogenesis homolog
ENSG00000135766	EGLN1	54583	egl-9 family hypoxia inducible factor 1
ENSG00000135775	COG2	22796	component of oligomeric golgi complex 2
ENSG00000135776	ABCB10	23456	ATP binding cassette subfamily B member 10
ENSG00000135778	NTPCR	84284	nucleoside-triphosphatase, cancer-related
ENSG00000135801	TAF5L	27097	TATA-box binding protein associated factor 5 like
ENSG00000135821	GLUL	2752	glutamate-ammonia ligase
ENSG00000135823	STX6	10228	syntaxin 6
ENSG00000135828	RNASEL	6041	ribonuclease L
ENSG00000135829	DHX9	1660	DExH-box helicase 9
ENSG00000135837	CEP350	9857	centrosomal protein 350
ENSG00000135838	NPL	80896	N-acetylneuraminate pyruvate lyase
ENSG00000135842	NIBAN1	116496	niban apoptosis regulator 1
ENSG00000135845	PIGC	5279	phosphatidylinositol glycan anchor biosynthesis class C
ENSG00000135862	LAMC1	3915	laminin subunit gamma 1
ENSG00000135870	RC3H1	149041	ring finger and CCCH-type domains 1
ENSG00000135899	SP110	3431	SP110 nuclear body protein
ENSG00000135900	MRPL44	65080	mitochondrial ribosomal protein L44
ENSG00000135905	DOCK10	55619	dedicator of cytokinesis 10
ENSG00000135912	TTLL4	9654	tubulin tyrosine ligase like 4
ENSG00000135913	USP37	57695	ubiquitin specific peptidase 37
ENSG00000135914	HTR2B	3357	5-hydroxytryptamine receptor 2B
ENSG00000135916	ITM2C	81618	integral membrane protein 2C
ENSG00000135917	SLC19A3	80704	solute carrier family 19 member 3
ENSG00000135919	SERPINE2	5270	serpin family E member 2
ENSG00000135924	DNAJB2	3300	DnaJ heat shock protein family (Hsp40) member B2
ENSG00000135926	TMBIM1	64114	transmembrane BAX inhibitor motif containing 1
ENSG00000135930	EIF4E2	9470	eukaryotic translation initiation factor 4E family member 2
ENSG00000135931	ARMC9	80210	armadillo repeat containing 9
ENSG00000135932	CAB39	51719	calcium binding protein 39
ENSG00000135940	COX5B	1329	cytochrome c oxidase subunit 5B
ENSG00000135945	REV1	51455	REV1 DNA directed polymerase
ENSG00000135953	MFSD9	84804	major facilitator superfamily domain containing 9
ENSG00000135956	TMEM127	55654	transmembrane protein 127
ENSG00000135966	TGFBRAP1	9392	transforming growth factor beta receptor associated protein 1
ENSG00000135968	GCC2	9648	GRIP and coiled-coil domain containing 2
ENSG00000135972	MRPS9	64965	mitochondrial ribosomal protein S9
ENSG00000135974	C2orf49	79074	chromosome 2 open reading frame 49
ENSG00000135976	ANKRD36	375248	ankyrin repeat domain 36
ENSG00000135999	EPC2	26122	enhancer of polycomb homolog 2
ENSG00000136002	ARHGEF4	50649	Rho guanine nucleotide exchange factor 4
ENSG00000136003	ISCU	23479	iron-sulfur cluster assembly enzyme
ENSG00000136010	ALDH1L2	160428	aldehyde dehydrogenase 1 family member L2
ENSG00000136021	SCYL2	55681	SCY1 like pseudokinase 2
ENSG00000136026	CKAP4	10970	cytoskeleton associated protein 4
ENSG00000136044	APPL2	55198	adaptor protein, phosphotyrosine interacting with PH domain and leucine zipper 2
ENSG00000136045	PWP1	11137	PWP1 homolog, endonuclein
ENSG00000136048	DRAM1	55332	DNA damage regulated autophagy modulator 1
ENSG00000136051	WASHC4	23325	WASH complex subunit 4
ENSG00000136052	SLC41A2	84102	solute carrier family 41 member 2
ENSG00000136068	FLNB	2317	filamin B
ENSG00000136098	NEK3	4752	NIMA related kinase 3
ENSG00000136100	VPS36	51028	vacuolar protein sorting 36 homolog
ENSG00000136104	RNASEH2B	79621	ribonuclease H2 subunit B
ENSG00000136108	CKAP2	26586	cytoskeleton associated protein 2
ENSG00000136111	TBC1D4	9882	TBC1 domain family member 4
ENSG00000136114	THSD1	55901	thrombospondin type 1 domain containing 1
ENSG00000136122	BORA	79866	BORA aurora kinase A activator
ENSG00000136141	LRCH1	23143	leucine rich repeats and calponin homology domain containing 1
ENSG00000136143	SUCLA2	8803	succinate-CoA ligase ADP-forming subunit beta
ENSG00000136144	RCBTB1	55213	RCC1 and BTB domain containing protein 1
ENSG00000136146	MED4	29079	mediator complex subunit 4
ENSG00000136147	PHF11	51131	PHD finger protein 11
ENSG00000136149	RPL13AP25	100287887	ribosomal protein L13a pseudogene 25
ENSG00000136152	COG3	83548	component of oligomeric golgi complex 3
ENSG00000136153	LMO7	4008	LIM domain 7
ENSG00000136156	ITM2B	9445	integral membrane protein 2B
ENSG00000136158	SPRY2	10253	sprouty RTK signaling antagonist 2
ENSG00000136159	NUDT15	55270	nudix hydrolase 15
ENSG00000136169	SETDB2	83852	SET domain bifurcated histone lysine methyltransferase 2
ENSG00000136193	SCRN1	9805	secernin 1
ENSG00000136197	C7orf25	79020	chromosome 7 open reading frame 25
ENSG00000136205	TNS3	64759	tensin 3
ENSG00000136213	CHST12	55501	carbohydrate sulfotransferase 12
ENSG00000136231	IGF2BP3	10643	insulin like growth factor 2 mRNA binding protein 3
ENSG00000136235	GPNMB	10457	glycoprotein nmb
ENSG00000136238	RAC1	5879	Rac family small GTPase 1
ENSG00000136240	KDELR2	11014	KDEL endoplasmic reticulum protein retention receptor 2
ENSG00000136243	NUP42	11097	nucleoporin 42
ENSG00000136244	IL6	3569	interleukin 6
ENSG00000136247	ZDHHC4	55146	zinc finger DHHC-type palmitoyltransferase 4
ENSG00000136261	BZW2	28969	basic leucine zipper and W2 domains 2
ENSG00000136270	TBRG4	9238	transforming growth factor beta regulator 4
ENSG00000136271	DDX56	54606	DEAD-box helicase 56
ENSG00000136273	HUS1	3364	HUS1 checkpoint clamp component
ENSG00000136279	DBNL	28988	drebrin like
ENSG00000136280	CCM2	83605	CCM2 scaffold protein
ENSG00000136295	TTYH3	80727	tweety family member 3
ENSG00000136305	CIDEB	27141	cell death inducing DFFA like effector b
ENSG00000136319	TTC5	91875	tetratricopeptide repeat domain 5
ENSG00000136371	MTHFS	10588	methenyltetrahydrofolate synthetase
ENSG00000136378	ADAMTS7	11173	ADAM metallopeptidase with thrombospondin type 1 motif 7
ENSG00000136379	ABHD17C	58489	abhydrolase domain containing 17C, depalmitoylase
ENSG00000136381	IREB2	3658	iron responsive element binding protein 2
ENSG00000136404	TM6SF1	53346	transmembrane 6 superfamily member 1
ENSG00000136425	CIB2	10518	calcium and integrin binding family member 2
ENSG00000136436	CALCOCO2	10241	calcium binding and coiled-coil domain 2
ENSG00000136444	RSAD1	55316	radical S-adenosyl methionine domain containing 1
ENSG00000136448	NMT1	4836	N-myristoyltransferase 1
ENSG00000136449	MYCBPAP	84073	MYCBP associated protein
ENSG00000136450	SRSF1	6426	serine and arginine rich splicing factor 1
ENSG00000136451	VEZF1	7716	vascular endothelial zinc finger 1
ENSG00000136463	TACO1	51204	translational activator of cytochrome c oxidase I
ENSG00000136478	TEX2	55852	testis expressed 2
ENSG00000136485	DCAF7	10238	DDB1 and CUL4 associated factor 7
ENSG00000136490	LIMD2	80774	LIM domain containing 2
ENSG00000136492	BRIP1	83990	BRCA1 interacting helicase 1
ENSG00000136504	KAT7	11143	lysine acetyltransferase 7
ENSG00000136518	ACTL6A	86	actin like 6A
ENSG00000136521	NDUFB5	4711	NADH:ubiquinone oxidoreductase subunit B5
ENSG00000136522	MRPL47	57129	mitochondrial ribosomal protein L47
ENSG00000136527	TRA2B	6434	transformer 2 beta homolog
ENSG00000136536	MARCHF7	64844	membrane associated ring-CH-type finger 7
ENSG00000136542	GALNT5	11227	polypeptide N-acetylgalactosaminyltransferase 5
ENSG00000136560	TANK	10010	TRAF family member associated NFKB activator
ENSG00000136574	GATA4	2626	GATA binding protein 4
ENSG00000136603	SKIL	6498	SKI like proto-oncogene
ENSG00000136628	EPRS1	2058	glutamyl-prolyl-tRNA synthetase 1
ENSG00000136630	HLX	3142	H2.0 like homeobox
ENSG00000136631	VPS45	11311	vacuolar protein sorting 45 homolog
ENSG00000136636	KCTD3	51133	potassium channel tetramerization domain containing 3
ENSG00000136643	RPS6KC1	26750	ribosomal protein S6 kinase C1
ENSG00000136682	ZNG1B	150472	Zn regulated GTPase metalloprotein activator 1B
ENSG00000136699	SMPD4	55627	sphingomyelin phosphodiesterase 4
ENSG00000136709	WDR33	55339	WD repeat domain 33
ENSG00000136710	CCDC115	84317	coiled-coil domain containing 115
ENSG00000136715	SAP130	79595	Sin3A associated protein 130
ENSG00000136717	BIN1	274	bridging integrator 1
ENSG00000136718	IMP4	92856	IMP U3 small nucleolar ribonucleoprotein 4
ENSG00000136720	HS6ST1	9394	heparan sulfate 6-O-sulfotransferase 1
ENSG00000136731	UGGT1	56886	UDP-glucose glycoprotein glucosyltransferase 1
ENSG00000136738	STAM	8027	signal transducing adaptor molecule
ENSG00000136754	ABI1	10006	abl interactor 1
ENSG00000136758	YME1L1	10730	YME1 like 1 ATPase
ENSG00000136770	DNAJC1	64215	DnaJ heat shock protein family (Hsp40) member C1
ENSG00000136783	NIPSNAP3A	25934	nipsnap homolog 3A
ENSG00000136802	LRRC8A	56262	leucine rich repeat containing 8 VRAC subunit A
ENSG00000136807	CDK9	1025	cyclin dependent kinase 9
ENSG00000136810	TXN	7295	thioredoxin
ENSG00000136811	ODF2	4957	outer dense fiber of sperm tails 2
ENSG00000136813	ECPAS	23392	Ecm29 proteasome adaptor and scaffold
ENSG00000136816	TOR1B	27348	torsin family 1 member B
ENSG00000136819	C9orf78	51759	chromosome 9 open reading frame 78
ENSG00000136824	SMC2	10592	structural maintenance of chromosomes 2
ENSG00000136826	KLF4	9314	KLF transcription factor 4
ENSG00000136827	TOR1A	1861	torsin family 1 member A
ENSG00000136828	RALGPS1	9649	Ral GEF with PH domain and SH3 binding motif 1
ENSG00000136830	NIBAN2	64855	niban apoptosis regulator 2
ENSG00000136840	ST6GALNAC4	27090	ST6 N-acetylgalactosaminide alpha-2,6-sialyltransferase 4
ENSG00000136842	TMOD1	7111	tropomodulin 1
ENSG00000136848	DAB2IP	153090	DAB2 interacting protein
ENSG00000136854	STXBP1	6812	syntaxin binding protein 1
ENSG00000136856	SLC2A8	29988	solute carrier family 2 member 8
ENSG00000136861	CDK5RAP2	55755	CDK5 regulatory subunit associated protein 2
ENSG00000136866	ZFP37	7539	ZFP37 zinc finger protein
ENSG00000136868	SLC31A1	1317	solute carrier family 31 member 1
ENSG00000136870	ZNF189	7743	zinc finger protein 189
ENSG00000136874	STX17	55014	syntaxin 17
ENSG00000136875	PRPF4	9128	pre-mRNA processing factor 4
ENSG00000136877	FPGS	2356	folylpolyglutamate synthase
ENSG00000136878	USP20	10868	ubiquitin specific peptidase 20
ENSG00000136881	BAAT	570	bile acid-CoA:amino acid N-acyltransferase
ENSG00000136883	KIF12	113220	kinesin family member 12
ENSG00000136888	ATP6V1G1	9550	ATPase H+ transporting V1 subunit G1
ENSG00000136891	TEX10	54881	testis expressed 10
ENSG00000136895	GARNL3	84253	GTPase activating Rap/RanGAP domain like 3
ENSG00000136897	MRPL50	54534	mitochondrial ribosomal protein L50
ENSG00000136908	DPM2	8818	dolichyl-phosphate mannosyltransferase subunit 2, regulatory
ENSG00000136925	TSTD2	158427	thiosulfate sulfurtransferase like domain containing 2
ENSG00000136930	PSMB7	5695	proteasome 20S subunit beta 7
ENSG00000136932	TRMO	51531	tRNA methyltransferase O
ENSG00000136933	RABEPK	10244	Rab9 effector protein with kelch motifs
ENSG00000136935	GOLGA1	2800	golgin A1
ENSG00000136936	XPA	7507	XPA, DNA damage recognition and repair factor
ENSG00000136937	NCBP1	4686	nuclear cap binding protein subunit 1
ENSG00000136938	ANP32B	10541	acidic nuclear phosphoprotein 32 family member B
ENSG00000136940	PDCL	5082	phosducin like
ENSG00000136942	RPL35	11224	ribosomal protein L35
ENSG00000136943	CTSV	1515	cathepsin V
ENSG00000136944	LMX1B	4010	LIM homeobox transcription factor 1 beta
ENSG00000136950	ARPC5L	81873	actin related protein 2/3 complex subunit 5 like
ENSG00000136982	DSCC1	79075	DNA replication and sister chromatid cohesion 1
ENSG00000136986	DERL1	79139	derlin 1
ENSG00000136997	MYC	4609	MYC proto-oncogene, bHLH transcription factor
ENSG00000136999	CCN3	4856	cellular communication network factor 3
ENSG00000137033	IL33	90865	interleukin 33
ENSG00000137038	DMAC1	90871	distal membrane arm assembly component 1
ENSG00000137040	RANBP6	26953	RAN binding protein 6
ENSG00000137054	POLR1E	64425	RNA polymerase I subunit E
ENSG00000137055	PLAA	9373	phospholipase A2 activating protein
ENSG00000137070	IL11RA	3590	interleukin 11 receptor subunit alpha
ENSG00000137073	UBAP2	55833	ubiquitin associated protein 2
ENSG00000137074	APTX	54840	aprataxin
ENSG00000137075	RNF38	152006	ring finger protein 38
ENSG00000137076	TLN1	7094	talin 1
ENSG00000137094	DNAJB5	25822	DnaJ heat shock protein family (Hsp40) member B5
ENSG00000137100	DCTN3	11258	dynactin subunit 3
ENSG00000137103	TMEM8B	51754	transmembrane protein 8B
ENSG00000137106	GRHPR	9380	glyoxylate and hydroxypyruvate reductase
ENSG00000137124	ALDH1B1	219	aldehyde dehydrogenase 1 family member B1
ENSG00000137133	HINT2	84681	histidine triad nucleotide binding protein 2
ENSG00000137135	ARHGEF39	84904	Rho guanine nucleotide exchange factor 39
ENSG00000137142	IGFBPL1	347252	insulin like growth factor binding protein like 1
ENSG00000137145	DENND4C	55667	DENN domain containing 4C
ENSG00000137154	RPS6	6194	ribosomal protein S6
ENSG00000137161	CNPY3	10695	canopy FGF signaling regulator 3
ENSG00000137166	FOXP4	116113	forkhead box P4
ENSG00000137168	PPIL1	51645	peptidylprolyl isomerase like 1
ENSG00000137171	KLC4	89953	kinesin light chain 4
ENSG00000137177	KIF13A	63971	kinesin family member 13A
ENSG00000137185	ZSCAN9	7746	zinc finger and SCAN domain containing 9
ENSG00000137193	PIM1	5292	Pim-1 proto-oncogene, serine/threonine kinase
ENSG00000137200	CMTR1	23070	cap methyltransferase 1
ENSG00000137203	TFAP2A	7020	transcription factor AP-2 alpha
ENSG00000137207	YIPF3	25844	Yip1 domain family member 3
ENSG00000137210	TMEM14B	81853	transmembrane protein 14B
ENSG00000137216	TMEM63B	55362	transmembrane protein 63B
ENSG00000137218	FRS3	10817	fibroblast growth factor receptor substrate 3
ENSG00000137221	TJAP1	93643	tight junction associated protein 1
ENSG00000137261	KIAA0319	9856	KIAA0319
ENSG00000137266	SLC22A23	63027	solute carrier family 22 member 23
ENSG00000137267	TUBB2A	7280	tubulin beta 2A class IIa
ENSG00000137269	LRRC1	55227	leucine rich repeat containing 1
ENSG00000137273	FOXF2	2295	forkhead box F2
ENSG00000137274	BPHL	670	biphenyl hydrolase like
ENSG00000137275	RIPK1	8737	receptor interacting serine/threonine kinase 1
ENSG00000137285	TUBB2B	347733	tubulin beta 2B class IIb
ENSG00000137288	UQCC2	84300	ubiquinol-cytochrome c reductase complex assembly factor 2
ENSG00000137309	HMGA1	3159	high mobility group AT-hook 1
ENSG00000137310	TCF19	6941	transcription factor 19
ENSG00000137312	FLOT1	10211	flotillin 1
ENSG00000137331	IER3	8870	immediate early response 3
ENSG00000137337	MDC1	9656	mediator of DNA damage checkpoint 1
ENSG00000137338	PGBD1	84547	piggyBac transposable element derived 1
ENSG00000137343	ATAT1	79969	alpha tubulin acetyltransferase 1
ENSG00000137364	TPMT	7172	thiopurine S-methyltransferase
ENSG00000137404	NRM	11270	nurim
ENSG00000137409	MTCH1	23787	mitochondrial carrier 1
ENSG00000137411	VARS2	57176	valyl-tRNA synthetase 2, mitochondrial
ENSG00000137413	TAF8	129685	TATA-box binding protein associated factor 8
ENSG00000137414	FAM8A1	51439	family with sequence similarity 8 member A1
ENSG00000137434	C6orf52	347744	chromosome 6 open reading frame 52
ENSG00000137440	FGFBP1	9982	fibroblast growth factor binding protein 1
ENSG00000137449	CPEB2	132864	cytoplasmic polyadenylation element binding protein 2
ENSG00000137463	MGARP	84709	mitochondria localized glutamic acid rich protein
ENSG00000137474	MYO7A	4647	myosin VIIA
ENSG00000137478	FCHSD2	9873	FCH and double SH3 domains 2
ENSG00000137486	ARRB1	408	arrestin beta 1
ENSG00000137491	SLCO2B1	11309	solute carrier organic anion transporter family member 2B1
ENSG00000137492	THAP12	5612	THAP domain containing 12
ENSG00000137494	ANKRD42	338699	ankyrin repeat domain 42
ENSG00000137496	IL18BP	10068	interleukin 18 binding protein
ENSG00000137497	NUMA1	4926	nuclear mitotic apparatus protein 1
ENSG00000137500	CCDC90B	60492	coiled-coil domain containing 90B
ENSG00000137501	SYTL2	54843	synaptotagmin like 2
ENSG00000137502	RAB30	27314	RAB30, member RAS oncogene family
ENSG00000137504	CREBZF	58487	CREB/ATF bZIP transcription factor
ENSG00000137507	LRRC32	2615	leucine rich repeat containing 32
ENSG00000137509	PRCP	5547	prolylcarboxypeptidase
ENSG00000137513	NARS2	79731	asparaginyl-tRNA synthetase 2, mitochondrial
ENSG00000137522	RNF121	55298	ring finger protein 121
ENSG00000137547	MRPL15	29088	mitochondrial ribosomal protein L15
ENSG00000137563	GGH	8836	gamma-glutamyl hydrolase
ENSG00000137574	TGS1	96764	trimethylguanosine synthase 1
ENSG00000137575	SDCBP	6386	syndecan binding protein
ENSG00000137601	NEK1	4750	NIMA related kinase 1
ENSG00000137628	DDX60	55601	DExD/H-box helicase 60
ENSG00000137642	SORL1	6653	sortilin related receptor 1
ENSG00000137656	BUD13	84811	BUD13 homolog
ENSG00000137673	MMP7	4316	matrix metallopeptidase 7
ENSG00000137691	CFAP300	85016	cilia and flagella associated protein 300
ENSG00000137692	DCUN1D5	84259	defective in cullin neddylation 1 domain containing 5
ENSG00000137693	YAP1	10413	Yes1 associated transcriptional regulator
ENSG00000137700	SLC37A4	2542	solute carrier family 37 member 4
ENSG00000137710	RDX	5962	radixin
ENSG00000137713	PPP2R1B	5519	protein phosphatase 2 scaffold subunit Abeta
ENSG00000137714	FDX1	2230	ferredoxin 1
ENSG00000137720	CFAP68	64776	cilia and flagella associated protein 68
ENSG00000137731	FXYD2	486	FXYD domain containing ion transport regulator 2
ENSG00000137752	CASP1	834	caspase 1
ENSG00000137760	ALKBH8	91801	alkB homolog 8, tRNA methyltransferase
ENSG00000137764	MAP2K5	5607	mitogen-activated protein kinase kinase 5
ENSG00000137767	SQOR	58472	sulfide quinone oxidoreductase
ENSG00000137770	CTDSPL2	51496	CTD small phosphatase like 2
ENSG00000137776	SLTM	79811	SAFB like transcription modulator
ENSG00000137801	THBS1	7057	thrombospondin 1
ENSG00000137802	MAPKBP1	23005	mitogen-activated protein kinase binding protein 1
ENSG00000137804	NUSAP1	51203	nucleolar and spindle associated protein 1
ENSG00000137806	NDUFAF1	51103	NADH:ubiquinone oxidoreductase complex assembly factor 1
ENSG00000137807	KIF23	9493	kinesin family member 23
ENSG00000137812	KNL1	57082	kinetochore scaffold 1
ENSG00000137814	HAUS2	55142	HAUS augmin like complex subunit 2
ENSG00000137815	RTF1	23168	RTF1 homolog, Paf1/RNA polymerase II complex component
ENSG00000137817	PARP6	56965	poly(ADP-ribose) polymerase family member 6
ENSG00000137818	RPLP1	6176	ribosomal protein lateral stalk subunit P1
ENSG00000137819	PAQR5	54852	progestin and adipoQ receptor family member 5
ENSG00000137821	LRRC49	54839	leucine rich repeat containing 49
ENSG00000137822	TUBGCP4	27229	tubulin gamma complex component 4
ENSG00000137824	RMDN3	55177	regulator of microtubule dynamics 3
ENSG00000137825	ITPKA	3706	inositol-trisphosphate 3-kinase A
ENSG00000137831	UACA	55075	uveal autoantigen with coiled-coil domains and ankyrin repeats
ENSG00000137834	SMAD6	4091	SMAD family member 6
ENSG00000137842	TMEM62	80021	transmembrane protein 62
ENSG00000137845	ADAM10	102	ADAM metallopeptidase domain 10
ENSG00000137868	STRA6	64220	signaling receptor and transporter of retinol STRA6
ENSG00000137871	ZNF280D	54816	zinc finger protein 280D
ENSG00000137876	RSL24D1	51187	ribosomal L24 domain containing 1
ENSG00000137878	GCOM1	145781	GCOM1, MYZAP-POLR2M combined locus
ENSG00000137880	GCHFR	2644	GTP cyclohydrolase I feedback regulator
ENSG00000137936	BCAR3	8412	BCAR3 adaptor protein, NSP family member
ENSG00000137941	TTLL7	79739	tubulin tyrosine ligase like 7
ENSG00000137942	FNBP1L	54874	formin binding protein 1 like
ENSG00000137944	KYAT3	56267	kynurenine aminotransferase 3
ENSG00000137947	GTF2B	2959	general transcription factor IIB
ENSG00000137955	RABGGTB	5876	Rab geranylgeranyltransferase subunit beta
ENSG00000137962	ARHGAP29	9411	Rho GTPase activating protein 29
ENSG00000137965	IFI44	10561	interferon induced protein 44
ENSG00000137970	RPL7P9	653702	ribosomal protein L7 pseudogene 9
ENSG00000137992	DBT	1629	dihydrolipoamide branched chain transacylase E2
ENSG00000137996	RTCA	8634	RNA 3'-terminal phosphate cyclase
ENSG00000138002	IFT172	26160	intraflagellar transport 172
ENSG00000138018	SELENOI	85465	selenoprotein I
ENSG00000138028	CGREF1	10669	cell growth regulator with EF-hand domain 1
ENSG00000138029	HADHB	3032	hydroxyacyl-CoA dehydrogenase trifunctional multienzyme complex subunit beta
ENSG00000138030	KHK	3795	ketohexokinase
ENSG00000138031	ADCY3	109	adenylate cyclase 3
ENSG00000138032	PPM1B	5495	protein phosphatase, Mg2+/Mn2+ dependent 1B
ENSG00000138035	PNPT1	87178	polyribonucleotide nucleotidyltransferase 1
ENSG00000138036	DYNC2LI1	51626	dynein cytoplasmic 2 light intermediate chain 1
ENSG00000138050	THUMPD2	80745	THUMP domain containing 2
ENSG00000138061	CYP1B1	1545	cytochrome P450 family 1 subfamily B member 1
ENSG00000138069	RAB1A	5861	RAB1A, member RAS oncogene family
ENSG00000138071	ACTR2	10097	actin related protein 2
ENSG00000138073	PREB	10113	prolactin regulatory element binding
ENSG00000138074	SLC5A6	8884	solute carrier family 5 member 6
ENSG00000138078	PREPL	9581	prolyl endopeptidase like
ENSG00000138079	SLC3A1	6519	solute carrier family 3 member 1
ENSG00000138081	FBXO11	80204	F-box protein 11
ENSG00000138085	ATRAID	51374	all-trans retinoic acid induced differentiation factor
ENSG00000138092	CENPO	79172	centromere protein O
ENSG00000138095	LRPPRC	10128	leucine rich pentatricopeptide repeat containing
ENSG00000138101	DTNB	1838	dystrobrevin beta
ENSG00000138107	ACTR1A	10121	actin related protein 1A
ENSG00000138111	MFSD13A	79847	major facilitator superfamily domain containing 13A
ENSG00000138119	MYOF	26509	myoferlin
ENSG00000138131	LOXL4	84171	lysyl oxidase like 4
ENSG00000138134	STAMBPL1	57559	STAM binding protein like 1
ENSG00000138138	ATAD1	84896	ATPase family AAA domain containing 1
ENSG00000138160	KIF11	3832	kinesin family member 11
ENSG00000138162	TACC2	10579	transforming acidic coiled-coil containing protein 2
ENSG00000138166	DUSP5	1847	dual specificity phosphatase 5
ENSG00000138175	ARL3	403	ADP ribosylation factor like GTPase 3
ENSG00000138180	CEP55	55165	centrosomal protein 55
ENSG00000138182	KIF20B	9585	kinesin family member 20B
ENSG00000138190	EXOC6	54536	exocyst complex component 6
ENSG00000138193	PLCE1	51196	phospholipase C epsilon 1
ENSG00000138207	RBP4	5950	retinol binding protein 4
ENSG00000138231	DBR1	51163	debranching RNA lariats 1
ENSG00000138246	DNAJC13	23317	DnaJ heat shock protein family (Hsp40) member C13
ENSG00000138279	ANXA7	310	annexin A7
ENSG00000138286	FAM149B1	317662	family with sequence similarity 149 member B1
ENSG00000138303	ASCC1	51008	activating signal cointegrator 1 complex subunit 1
ENSG00000138326	RPS24	6229	ribosomal protein S24
ENSG00000138346	DNA2	1763	DNA replication helicase/nuclease 2
ENSG00000138347	MYPN	84665	myopalladin
ENSG00000138356	AOX1	316	aldehyde oxidase 1
ENSG00000138363	ATIC	471	5-aminoimidazole-4-carboxamide ribonucleotide formyltransferase/IMP cyclohydrolase
ENSG00000138375	SMARCAL1	50485	SWI/SNF related, matrix associated, actin dependent regulator of chromatin, subfamily a like 1
ENSG00000138376	BARD1	580	BRCA1 associated RING domain 1
ENSG00000138378	STAT4	6775	signal transducer and activator of transcription 4
ENSG00000138380	CARF	79800	calcium responsive transcription factor
ENSG00000138381	ASNSD1	54529	asparagine synthetase domain containing 1
ENSG00000138382	METTL5	29081	methyltransferase 5, N6-adenosine
ENSG00000138385	SSB	6741	small RNA binding exonuclease protection factor La
ENSG00000138386	NAB1	4664	NGFI-A binding protein 1
ENSG00000138398	PPIG	9360	peptidylprolyl isomerase G
ENSG00000138399	FASTKD1	79675	FAST kinase domains 1
ENSG00000138400	MDH1B	130752	malate dehydrogenase 1B
ENSG00000138411	HECW2	57520	HECT, C2 and WW domain containing E3 ubiquitin protein ligase 2
ENSG00000138413	IDH1	3417	isocitrate dehydrogenase (NADP(+)) 1
ENSG00000138430	OLA1	29789	Obg like ATPase 1
ENSG00000138433	CIR1	9541	corepressor interacting with RBPJ, CIR1
ENSG00000138434	ITPRID2	6744	ITPR interacting domain containing 2
ENSG00000138439	FAM117B	150864	family with sequence similarity 117 member B
ENSG00000138442	WDR12	55759	WD repeat domain 12
ENSG00000138443	ABI2	10152	abl interactor 2
ENSG00000138448	ITGAV	3685	integrin subunit alpha V
ENSG00000138449	SLC40A1	30061	solute carrier family 40 member 1
ENSG00000138459	SLC35A5	55032	solute carrier family 35 member A5
ENSG00000138463	SLC49A4	84925	solute carrier family 49 member 4
ENSG00000138468	SENP7	57337	SUMO specific peptidase 7
ENSG00000138495	COX17	10063	cytochrome c oxidase copper chaperone COX17
ENSG00000138496	PARP9	83666	poly(ADP-ribose) polymerase family member 9
ENSG00000138587	MNS1	55329	meiosis specific nuclear structural 1
ENSG00000138592	USP8	9101	ubiquitin specific peptidase 8
ENSG00000138593	SECISBP2L	9728	SECIS binding protein 2 like
ENSG00000138594	TMOD3	29766	tropomodulin 3
ENSG00000138600	SPPL2A	84888	signal peptide peptidase like 2A
ENSG00000138604	GLCE	26035	glucuronic acid epimerase
ENSG00000138606	SHF	90525	Src homology 2 domain containing F
ENSG00000138613	APH1B	83464	aph-1 homolog B, gamma-secretase subunit
ENSG00000138614	INTS14	81556	integrator complex subunit 14
ENSG00000138617	PARP16	54956	poly(ADP-ribose) polymerase family member 16
ENSG00000138621	PPCDC	60490	phosphopantothenoylcysteine decarboxylase
ENSG00000138623	SEMA7A	8482	semaphorin 7A (John Milton Hagen blood group)
ENSG00000138629	UBL7	84993	ubiquitin like 7
ENSG00000138639	ARHGAP24	83478	Rho GTPase activating protein 24
ENSG00000138640	FAM13A	10144	family with sequence similarity 13 member A
ENSG00000138641	HERC3	8916	HECT and RLD domain containing E3 ubiquitin protein ligase 3
ENSG00000138642	HERC6	55008	HECT and RLD domain containing E3 ubiquitin protein ligase family member 6
ENSG00000138646	HERC5	51191	HECT and RLD domain containing E3 ubiquitin protein ligase 5
ENSG00000138660	AP1AR	55435	adaptor related protein complex 1 associated regulatory protein
ENSG00000138663	COPS4	51138	COP9 signalosome subunit 4
ENSG00000138668	HNRNPD	3184	heterogeneous nuclear ribonucleoprotein D
ENSG00000138669	PRKG2	5593	protein kinase cGMP-dependent 2
ENSG00000138674	SEC31A	22872	SEC31 homolog A, COPII coat complex component
ENSG00000138678	GPAT3	84803	glycerol-3-phosphate acyltransferase 3
ENSG00000138685	FGF2	2247	fibroblast growth factor 2
ENSG00000138686	BBS7	55212	Bardet-Biedl syndrome 7
ENSG00000138688	BLTP1	84162	bridge-like lipid transfer protein family member 1
ENSG00000138696	BMPR1B	658	bone morphogenetic protein receptor type 1B
ENSG00000138698	RAP1GDS1	5910	Rap1 GTPase-GDP dissociation stimulator 1
ENSG00000138709	LARP1B	55132	La ribonucleoprotein 1B
ENSG00000138738	PRDM5	11107	PR/SET domain 5
ENSG00000138744	NAAA	27163	N-acylethanolamine acid amidase
ENSG00000138750	NUP54	53371	nucleoporin 54
ENSG00000138756	BMP2K	55589	BMP2 inducible kinase
ENSG00000138757	G3BP2	9908	G3BP stress granule assembly factor 2
ENSG00000138758	SEPTIN11	55752	septin 11
ENSG00000138759	FRAS1	80144	Fraser extracellular matrix complex subunit 1
ENSG00000138760	SCARB2	950	scavenger receptor class B member 2
ENSG00000138764	CCNG2	901	cyclin G2
ENSG00000138767	CNOT6L	246175	CCR4-NOT transcription complex subunit 6 like
ENSG00000138768	USO1	8615	USO1 vesicle transport factor
ENSG00000138769	CDKL2	8999	cyclin dependent kinase like 2
ENSG00000138772	ANXA3	306	annexin A3
ENSG00000138777	PPA2	27068	inorganic pyrophosphatase 2
ENSG00000138778	CENPE	1062	centromere protein E
ENSG00000138780	GSTCD	79807	glutathione S-transferase C-terminal domain containing
ENSG00000138785	INTS12	57117	integrator complex subunit 12
ENSG00000138794	CASP6	839	caspase 6
ENSG00000138796	HADH	3033	hydroxyacyl-CoA dehydrogenase
ENSG00000138801	PAPSS1	9061	3'-phosphoadenosine 5'-phosphosulfate synthase 1
ENSG00000138802	SEC24B	10427	SEC24 homolog B, COPII coat complex component
ENSG00000138814	PPP3CA	5530	protein phosphatase 3 catalytic subunit alpha
ENSG00000138821	SLC39A8	64116	solute carrier family 39 member 8
ENSG00000138829	FBN2	2201	fibrillin 2
ENSG00000138834	MAPK8IP3	23162	mitogen-activated protein kinase 8 interacting protein 3
ENSG00000138835	RGS3	5998	regulator of G protein signaling 3
ENSG00000138867	GUCD1	83606	guanylyl cyclase domain containing 1
ENSG00000138942	RNF185	91445	ring finger protein 185
ENSG00000139083	ETV6	2120	ETS variant transcription factor 6
ENSG00000139112	GABARAPL1	23710	GABA type A receptor associated protein like 1
ENSG00000139116	KIF21A	55605	kinesin family member 21A
ENSG00000139117	CPNE8	144402	copine 8
ENSG00000139131	YARS2	51067	tyrosyl-tRNA synthetase 2
ENSG00000139132	FGD4	121512	FYVE, RhoGEF and PH domain containing 4
ENSG00000139133	ALG10	84920	ALG10 alpha-1,2-glucosyltransferase
ENSG00000139146	SINHCAF	58516	SIN3-HDAC complex associated factor
ENSG00000139154	AEBP2	121536	AE binding protein 2
ENSG00000139160	ETFBKMT	254013	electron transfer flavoprotein subunit beta lysine methyltransferase
ENSG00000139163	ETNK1	55500	ethanolamine kinase 1
ENSG00000139168	ZCRB1	85437	zinc finger CCHC-type and RNA binding motif containing 1
ENSG00000139173	TMEM117	84216	transmembrane protein 117
ENSG00000139178	C1RL	51279	complement C1r subcomponent like
ENSG00000139180	NDUFA9	4704	NADH:ubiquinone oxidoreductase subunit A9
ENSG00000139182	CLSTN3	9746	calsyntenin 3
ENSG00000139187	KLRG1	10219	killer cell lectin like receptor G1
ENSG00000139190	VAMP1	6843	vesicle associated membrane protein 1
ENSG00000139192	TAPBPL	55080	TAP binding protein like
ENSG00000139194	RBP5	83758	retinol binding protein 5
ENSG00000139197	PEX5	5830	peroxisomal biogenesis factor 5
ENSG00000139211	AMIGO2	347902	adhesion molecule with Ig like domain 2
ENSG00000139218	SCAF11	9169	SR-related CTD associated factor 11
ENSG00000139233	LLPH	84298	LLP homolog, long-term synaptic facilitation factor
ENSG00000139239	RPL14P1	144581	ribosomal protein L14 pseudogene 1
ENSG00000139263	LRIG3	121227	leucine rich repeats and immunoglobulin like domains 3
ENSG00000139266	MARCHF9	92979	membrane associated ring-CH-type finger 9
ENSG00000139269	INHBE	83729	inhibin subunit beta E
ENSG00000139278	GLIPR1	11010	GLI pathogenesis related 1
ENSG00000139289	PHLDA1	22822	pleckstrin homology like domain family A member 1
ENSG00000139291	TMEM19	55266	transmembrane protein 19
ENSG00000139318	DUSP6	1848	dual specificity phosphatase 6
ENSG00000139323	POC1B	282809	POC1 centriolar protein B
ENSG00000139324	TMTC3	160418	transmembrane O-mannosyltransferase targeting cadherins 3
ENSG00000139343	SNRPF	6636	small nuclear ribonucleoprotein polypeptide F
ENSG00000139344	AMDHD1	144193	amidohydrolase domain containing 1
ENSG00000139350	NEDD1	121441	NEDD1 gamma-tubulin ring complex targeting factor
ENSG00000139354	GAS2L3	283431	growth arrest specific 2 like 3
ENSG00000139370	SLC15A4	121260	solute carrier family 15 member 4
ENSG00000139372	TDG	6996	thymine DNA glycosylase
ENSG00000139405	RITA1	84934	RBPJ interacting and tubulin associated 1
ENSG00000139410	SDSL	113675	serine dehydratase like
ENSG00000139428	MMAB	326625	metabolism of cobalamin associated B
ENSG00000139433	GLTP	51228	glycolipid transfer protein
ENSG00000139436	GIT2	9815	GIT ArfGAP 2
ENSG00000139437	TCHP	84260	trichoplein keratin filament binding
ENSG00000139496	NUP58	9818	nucleoporin 58
ENSG00000139505	MTMR6	9107	myotubularin related protein 6
ENSG00000139508	SLC46A3	283537	solute carrier family 46 member 3
ENSG00000139514	SLC7A1	6541	solute carrier family 7 member 1
ENSG00000139517	LNX2	222484	ligand of numb-protein X 2
ENSG00000139531	SUOX	6821	sulfite oxidase
ENSG00000139546	TARBP2	6895	TARBP2 subunit of RISC loading complex
ENSG00000139579	NABP2	79035	nucleic acid binding protein 2
ENSG00000139597	N4BP2L1	90634	NEDD4 binding protein 2 like 1
ENSG00000139613	SMARCC2	6601	SWI/SNF related, matrix associated, actin dependent regulator of chromatin subfamily c member 2
ENSG00000139620	KANSL2	54934	KAT8 regulatory NSL complex subunit 2
ENSG00000139624	CERS5	91012	ceramide synthase 5
ENSG00000139625	MAP3K12	7786	mitogen-activated protein kinase kinase kinase 12
ENSG00000139629	GALNT6	11226	polypeptide N-acetylgalactosaminyltransferase 6
ENSG00000139631	CSAD	51380	cysteine sulfinic acid decarboxylase
ENSG00000139636	LMBR1L	55716	limb development membrane protein 1 like
ENSG00000139637	MYG1	60314	MYG1 exonuclease
ENSG00000139641	ESYT1	23344	extended synaptotagmin 1
ENSG00000139644	TMBIM6	7009	transmembrane BAX inhibitor motif containing 6
ENSG00000139645	ANKRD52	283373	ankyrin repeat domain 52
ENSG00000139651	ZNF740	283337	zinc finger protein 740
ENSG00000139668	WDFY2	115825	WD repeat and FYVE domain containing 2
ENSG00000139675	HNRNPA1L2	144983	heterogeneous nuclear ribonucleoprotein A1 like 2
ENSG00000139679	LPAR6	10161	lysophosphatidic acid receptor 6
ENSG00000139684	ESD	2098	esterase D
ENSG00000139687	RB1	5925	RB transcriptional corepressor 1
ENSG00000139697	SBNO1	55206	strawberry notch homolog 1
ENSG00000139718	SETD1B	23067	SET domain containing 1B, histone lysine methyltransferase
ENSG00000139719	VPS33A	65082	VPS33A core subunit of CORVET and HOPS complexes
ENSG00000139722	VPS37B	79720	VPS37B subunit of ESCRT-I
ENSG00000139725	RHOF	54509	ras homolog family member F, filopodia associated
ENSG00000139726	DENR	8562	density regulated re-initiation and release factor
ENSG00000139734	DIAPH3	81624	diaphanous related formin 3
ENSG00000139746	RBM26	64062	RNA binding motif protein 26
ENSG00000139793	MBNL2	10150	muscleblind like splicing regulator 2
ENSG00000139800	ZIC5	85416	Zic family member 5
ENSG00000139826	ABHD13	84945	abhydrolase domain containing 13
ENSG00000139832	RAB20	55647	RAB20, member RAS oncogene family
ENSG00000139835	GRTP1	79774	growth hormone regulated TBC protein 1
ENSG00000139842	CUL4A	8451	cullin 4A
ENSG00000139880	CDH24	64403	cadherin 24
ENSG00000139899	CBLN3	643866	cerebellin 3 precursor
ENSG00000139910	NOVA1	4857	NOVA alternative splicing regulator 1
ENSG00000139921	TMX1	81542	thioredoxin related transmembrane protein 1
ENSG00000139926	FRMD6	122786	FERM domain containing 6
ENSG00000139946	PELI2	57161	pellino E3 ubiquitin protein ligase family member 2
ENSG00000139974	SLC38A6	145389	solute carrier family 38 member 6
ENSG00000139977	NAA30	122830	N-alpha-acetyltransferase 30, NatC catalytic subunit
ENSG00000139990	DCAF5	8816	DDB1 and CUL4 associated factor 5
ENSG00000139998	RAB15	376267	RAB15, member RAS oncogene family
ENSG00000140006	WDR89	112840	WD repeat domain 89
ENSG00000140025	EFCAB11	90141	EF-hand calcium binding domain 11
ENSG00000140043	PTGR2	145482	prostaglandin reductase 2
ENSG00000140044	JDP2	122953	Jun dimerization protein 2
ENSG00000140057	AK7	122481	adenylate kinase 7
ENSG00000140092	FBLN5	10516	fibulin 5
ENSG00000140104	CLBA1	122616	clathrin binding box of aftiphilin containing 1
ENSG00000140105	WARS1	7453	tryptophanyl-tRNA synthetase 1
ENSG00000140153	WDR20	91833	WD repeat domain 20
ENSG00000140157	NIPA2	81614	NIPA magnesium transporter 2
ENSG00000140199	SLC12A6	9990	solute carrier family 12 member 6
ENSG00000140259	MFAP1	4236	microfibril associated protein 1
ENSG00000140262	TCF12	6938	transcription factor 12
ENSG00000140263	SORD	6652	sorbitol dehydrogenase
ENSG00000140264	SERF2	10169	small EDRK-rich factor 2
ENSG00000140265	ZSCAN29	146050	zinc finger and SCAN domain containing 29
ENSG00000140280	LYSMD2	256586	LysM domain containing 2
ENSG00000140284	SLC27A2	11001	solute carrier family 27 member 2
ENSG00000140297	GCNT3	9245	glucosaminyl (N-acetyl) transferase 3, mucin type
ENSG00000140299	BNIP2	663	BCL2 interacting protein 2
ENSG00000140307	GTF2A2	2958	general transcription factor IIA subunit 2
ENSG00000140319	SRP14	6727	signal recognition particle 14
ENSG00000140320	BAHD1	22893	bromo adjacent homology domain containing 1
ENSG00000140326	CDAN1	146059	codanin 1
ENSG00000140332	TLE3	7090	TLE family member 3, transcriptional corepressor
ENSG00000140350	ANP32A	8125	acidic nuclear phosphoprotein 32 family member A
ENSG00000140365	COMMD4	54939	COMM domain containing 4
ENSG00000140367	UBE2Q2	92912	ubiquitin conjugating enzyme E2 Q2
ENSG00000140374	ETFA	2108	electron transfer flavoprotein subunit alpha
ENSG00000140379	BCL2A1	597	BCL2 related protein A1
ENSG00000140382	HMG20A	10363	high mobility group 20A
ENSG00000140386	SCAPER	49855	S-phase cyclin A associated protein in the ER
ENSG00000140391	TSPAN3	10099	tetraspanin 3
ENSG00000140395	SKIC8	80349	SKI8 subunit of superkiller complex
ENSG00000140396	NCOA2	10499	nuclear receptor coactivator 2
ENSG00000140398	NEIL1	79661	nei like DNA glycosylase 1
ENSG00000140400	MAN2C1	4123	mannosidase alpha class 2C member 1
ENSG00000140406	TLNRD1	59274	talin rod domain containing 1
ENSG00000140416	TPM1	7168	tropomyosin 1
ENSG00000140443	IGF1R	3480	insulin like growth factor 1 receptor
ENSG00000140451	PIF1	80119	PIF1 5'-to-3' DNA helicase
ENSG00000140455	USP3	9960	ubiquitin specific peptidase 3
ENSG00000140463	BBS4	585	Bardet-Biedl syndrome 4
ENSG00000140464	PML	5371	PML nuclear body scaffold
ENSG00000140471	LINS1	55180	lines homolog 1
ENSG00000140474	ULK3	25989	unc-51 like kinase 3
ENSG00000140479	PCSK6	5046	proprotein convertase subtilisin/kexin type 6
ENSG00000140497	SCAMP2	10066	secretory carrier membrane protein 2
ENSG00000140511	HAPLN3	145864	hyaluronan and proteoglycan link protein 3
ENSG00000140519	RHCG	51458	Rh family C glycoprotein
ENSG00000140521	POLG	5428	DNA polymerase gamma, catalytic subunit
ENSG00000140525	FANCI	55215	FA complementation group I
ENSG00000140526	ABHD2	11057	abhydrolase domain containing 2, acylglycerol lipase
ENSG00000140534	TICRR	90381	TOPBP1 interacting checkpoint and replication regulator
ENSG00000140538	NTRK3	4916	neurotrophic receptor tyrosine kinase 3
ENSG00000140543	DET1	55070	DET1 partner of COP1 E3 ubiquitin ligase
ENSG00000140545	MFGE8	4240	milk fat globule EGF and factor V/VIII domain containing
ENSG00000140548	ZNF710	374655	zinc finger protein 710
ENSG00000140553	UNC45A	55898	unc-45 myosin chaperone A
ENSG00000140564	FURIN	5045	furin, paired basic amino acid cleaving enzyme
ENSG00000140575	IQGAP1	8826	IQ motif containing GTPase activating protein 1
ENSG00000140577	CRTC3	64784	CREB regulated transcription coactivator 3
ENSG00000140598	EFL1	79631	elongation factor like GTPase 1
ENSG00000140612	SEC11A	23478	SEC11 homolog A, signal peptidase complex subunit
ENSG00000140632	GLYR1	84656	glyoxylate reductase 1 homolog
ENSG00000140650	PMM2	5373	phosphomannomutase 2
ENSG00000140678	ITGAX	3687	integrin subunit alpha X
ENSG00000140682	TGFB1I1	7041	transforming growth factor beta 1 induced transcript 1
ENSG00000140688	RUSF1	64755	RUS family member 1
ENSG00000140691	ARMC5	79798	armadillo repeat containing 5
ENSG00000140694	PARN	5073	poly(A)-specific ribonuclease
ENSG00000140718	FTO	79068	FTO alpha-ketoglutarate dependent dioxygenase
ENSG00000140740	UQCRC2	7385	ubiquinol-cytochrome c reductase core protein 2
ENSG00000140743	CDR2	1039	cerebellar degeneration related protein 2
ENSG00000140750	ARHGAP17	55114	Rho GTPase activating protein 17
ENSG00000140829	DHX38	9785	DEAH-box helicase 38
ENSG00000140830	TXNL4B	54957	thioredoxin like 4B
ENSG00000140836	ZFHX3	463	zinc finger homeobox 3
ENSG00000140848	CPNE2	221184	copine 2
ENSG00000140853	NLRC5	84166	NLR family CARD domain containing 5
ENSG00000140854	KATNB1	10300	katanin regulatory subunit B1
ENSG00000140859	KIFC3	3801	kinesin family member C3
ENSG00000140876	NUDT7	283927	nudix hydrolase 7
ENSG00000140905	GCSH	2653	glycine cleavage system protein H
ENSG00000140931	CMTM3	123920	CKLF like MARVEL transmembrane domain containing 3
ENSG00000140939	NOL3	8996	nucleolar protein 3
ENSG00000140941	MAP1LC3B	81631	microtubule associated protein 1 light chain 3 beta
ENSG00000140943	MBTPS1	8720	membrane bound transcription factor peptidase, site 1
ENSG00000140948	ZCCHC14	23174	zinc finger CCHC-type containing 14
ENSG00000140950	MEAK7	57707	MTOR associated protein, eak-7 homolog
ENSG00000140961	OSGIN1	29948	oxidative stress induced growth inhibitor 1
ENSG00000140983	RHOT2	89941	ras homolog family member T2
ENSG00000140987	ZSCAN32	54925	zinc finger and SCAN domain containing 32
ENSG00000140988	RPS2	6187	ribosomal protein S2
ENSG00000140990	NDUFB10	4716	NADH:ubiquinone oxidoreductase subunit B10
ENSG00000140992	PDPK1	5170	3-phosphoinositide dependent protein kinase 1
ENSG00000140993	TIGD7	91151	tigger transposable element derived 7
ENSG00000140995	DEF8	54849	differentially expressed in FDCP 8 homolog
ENSG00000141002	TCF25	22980	transcription factor 25
ENSG00000141012	GALNS	2588	galactosamine (N-acetyl)-6-sulfatase
ENSG00000141013	GAS8	2622	growth arrest specific 8
ENSG00000141026	MED9	55090	mediator complex subunit 9
ENSG00000141027	NCOR1	9611	nuclear receptor corepressor 1
ENSG00000141030	COPS3	8533	COP9 signalosome subunit 3
ENSG00000141034	GID4	79018	GID complex subunit 4 homolog
ENSG00000141040	ZNF287	57336	zinc finger protein 287
ENSG00000141052	MYOCD	93649	myocardin
ENSG00000141068	KSR1	8844	kinase suppressor of ras 1
ENSG00000141076	UTP4	84916	UTP4 small subunit processome component
ENSG00000141084	RANBP10	57610	RAN binding protein 10
ENSG00000141098	GFOD2	81577	Gfo/Idh/MocA-like oxidoreductase domain containing 2
ENSG00000141101	NOB1	28987	NIN1 (RPN12) binding protein 1 homolog
ENSG00000141127	PRPSAP2	5636	phosphoribosyl pyrophosphate synthetase associated protein 2
ENSG00000141179	PCTP	58488	phosphatidylcholine transfer protein
ENSG00000141198	TOM1L1	10040	target of myb1 like 1 membrane trafficking protein
ENSG00000141219	C17orf80	55028	chromosome 17 open reading frame 80
ENSG00000141232	TOB1	10140	transducer of ERBB2, 1
ENSG00000141252	VPS53	55275	VPS53 subunit of GARP complex
ENSG00000141258	SGSM2	9905	small G protein signaling modulator 2
ENSG00000141279	NPEPPS	9520	aminopeptidase puromycin sensitive
ENSG00000141295	SCRN2	90507	secernin 2
ENSG00000141298	SSH2	85464	slingshot protein phosphatase 2
ENSG00000141314	RHBDL3	162494	rhomboid like 3
ENSG00000141337	ARSG	22901	arylsulfatase G
ENSG00000141349	G6PC3	92579	glucose-6-phosphatase catalytic subunit 3
ENSG00000141367	CLTC	1213	clathrin heavy chain
ENSG00000141376	BCAS3	54828	BCAS3 microtubule associated cell migration factor
ENSG00000141378	PTRH2	51651	peptidyl-tRNA hydrolase 2
ENSG00000141380	SS18	6760	SS18 subunit of BAF chromatin remodeling complex
ENSG00000141384	TAF4B	6875	TATA-box binding protein associated factor 4b
ENSG00000141385	AFG3L2	10939	AFG3 like matrix AAA peptidase subunit 2
ENSG00000141391	PRELID3A	10650	PRELI domain containing 3A
ENSG00000141401	IMPA2	3613	inositol monophosphatase 2
ENSG00000141404	GNAL	2774	G protein subunit alpha L
ENSG00000141424	SLC39A6	25800	solute carrier family 39 member 6
ENSG00000141425	RPRD1A	55197	regulation of nuclear pre-mRNA domain containing 1A
ENSG00000141428	C18orf21	83608	chromosome 18 open reading frame 21
ENSG00000141429	GALNT1	2589	polypeptide N-acetylgalactosaminyltransferase 1
ENSG00000141441	GAREM1	64762	GRB2 associated regulator of MAPK1 subtype 1
ENSG00000141446	ESCO1	114799	establishment of sister chromatid cohesion N-acetyltransferase 1
ENSG00000141447	OSBPL1A	114876	oxysterol binding protein like 1A
ENSG00000141448	GATA6	2627	GATA binding protein 6
ENSG00000141452	RMC1	29919	regulator of MON1-CCZ1
ENSG00000141456	PELP1	27043	proline, glutamate and leucine rich protein 1
ENSG00000141458	NPC1	4864	NPC intracellular cholesterol transporter 1
ENSG00000141469	SLC14A1	6563	solute carrier family 14 member 1 (Kidd blood group)
ENSG00000141480	ARRB2	409	arrestin beta 2
ENSG00000141499	WRAP53	55135	WD repeat containing antisense to TP53
ENSG00000141503	MINK1	50488	misshapen like kinase 1
ENSG00000141504	SAT2	112483	spermidine/spermine N1-acetyltransferase family member 2
ENSG00000141505	ASGR1	432	asialoglycoprotein receptor 1
ENSG00000141510	TP53	7157	tumor protein p53
ENSG00000141519	CCDC40	55036	coiled-coil domain containing 40
ENSG00000141522	ARHGDIA	396	Rho GDP dissociation inhibitor alpha
ENSG00000141524	TMC6	11322	transmembrane channel like 6
ENSG00000141526	SLC16A3	9123	solute carrier family 16 member 3
ENSG00000141540	TTYH2	94015	tweety family member 2
ENSG00000141542	RAB40B	10966	RAB40B, member RAS oncogene family
ENSG00000141543	EIF4A3	9775	eukaryotic translation initiation factor 4A3
ENSG00000141551	CSNK1D	1453	casein kinase 1 delta
ENSG00000141552	ANAPC11	51529	anaphase promoting complex subunit 11
ENSG00000141556	TBCD	6904	tubulin folding cofactor D
ENSG00000141560	FN3KRP	79672	fructosamine 3 kinase related protein
ENSG00000141562	NARF	26502	nuclear prelamin A recognition factor
ENSG00000141564	RPTOR	57521	regulatory associated protein of MTOR complex 1
ENSG00000141568	FOXK2	3607	forkhead box K2
ENSG00000141569	TRIM65	201292	tripartite motif containing 65
ENSG00000141570	CBX8	57332	chromobox 8
ENSG00000141576	RNF157	114804	ring finger protein 157
ENSG00000141577	CEP131	22994	centrosomal protein 131
ENSG00000141580	WDR45B	56270	WD repeat domain 45B
ENSG00000141582	CBX4	8535	chromobox 4
ENSG00000141627	DYM	54808	dymeclin
ENSG00000141642	ELAC1	55520	elaC ribonuclease Z 1
ENSG00000141644	MBD1	4152	methyl-CpG binding domain protein 1
ENSG00000141646	SMAD4	4089	SMAD family member 4
ENSG00000141655	TNFRSF11A	8792	TNF receptor superfamily member 11a
ENSG00000141664	ZCCHC2	54877	zinc finger CCHC-type containing 2
ENSG00000141665	FBXO15	201456	F-box protein 15
ENSG00000141682	PMAIP1	5366	phorbol-12-myristate-13-acetate-induced protein 1
ENSG00000141696	P3H4	10609	prolyl 3-hydroxylase family member 4 (inactive)
ENSG00000141698	NT5C3B	115024	5'-nucleotidase, cytosolic IIIB
ENSG00000141699	RETREG3	162427	reticulophagy regulator family member 3
ENSG00000141736	ERBB2	2064	erb-b2 receptor tyrosine kinase 2
ENSG00000141738	GRB7	2886	growth factor receptor bound protein 7
ENSG00000141741	MIEN1	84299	migration and invasion enhancer 1
ENSG00000141753	IGFBP4	3487	insulin like growth factor binding protein 4
ENSG00000141756	FKBP10	60681	FKBP prolyl isomerase 10
ENSG00000141759	TXNL4A	10907	thioredoxin like 4A
ENSG00000141854	MISP3	113230	MISP family member 3
ENSG00000141858	SAMD1	90378	sterile alpha motif domain containing 1
ENSG00000141867	BRD4	23476	bromodomain containing 4
ENSG00000141873	SLC39A3	29985	solute carrier family 39 member 3
ENSG00000141905	NFIC	4782	nuclear factor I C
ENSG00000141933	TPGS1	91978	tubulin polyglutamylase complex subunit 1
ENSG00000141934	PLPP2	8612	phospholipid phosphatase 2
ENSG00000141956	PRDM15	63977	PR/SET domain 15
ENSG00000141959	PFKL	5211	phosphofructokinase, liver type
ENSG00000141968	VAV1	7409	vav guanine nucleotide exchange factor 1
ENSG00000141971	MVB12A	93343	multivesicular body subunit 12A
ENSG00000141985	SH3GL1	6455	SH3 domain containing GRB2 like 1, endophilin A2
ENSG00000141994	DUS3L	56931	dihydrouridine synthase 3 like
ENSG00000142002	DPP9	91039	dipeptidyl peptidase 9
ENSG00000142039	CCDC97	90324	coiled-coil domain containing 97
ENSG00000142046	TMEM91	641649	transmembrane protein 91
ENSG00000142065	ZFP14	57677	ZFP14 zinc finger protein
ENSG00000142082	SIRT3	23410	sirtuin 3
ENSG00000142089	IFITM3	10410	interferon induced transmembrane protein 3
ENSG00000142102	PGGHG	80162	protein-glucosylgalactosylhydroxylysine glucosidase
ENSG00000142156	COL6A1	1291	collagen type VI alpha 1 chain
ENSG00000142166	IFNAR1	3454	interferon alpha and beta receptor subunit 1
ENSG00000142168	SOD1	6647	superoxide dismutase 1
ENSG00000142173	COL6A2	1292	collagen type VI alpha 2 chain
ENSG00000142178	SIK1	150094	salt inducible kinase 1
ENSG00000142186	SCYL1	57410	SCY1 like pseudokinase 1
ENSG00000142188	TMEM50B	757	transmembrane protein 50B
ENSG00000142192	APP	351	amyloid beta precursor protein
ENSG00000142197	DOP1B	9980	DOP1 leucine zipper like protein B
ENSG00000142207	URB1	9875	URB1 ribosome biogenesis homolog
ENSG00000142208	AKT1	207	AKT serine/threonine kinase 1
ENSG00000142227	EMP3	2014	epithelial membrane protein 3
ENSG00000142230	SAE1	10055	SUMO1 activating enzyme subunit 1
ENSG00000142235	LMTK3	114783	lemur tyrosine kinase 3
ENSG00000142252	GEMIN7	79760	gem nuclear organelle associated protein 7
ENSG00000142279	WTIP	126374	WT1 interacting protein
ENSG00000142303	ADAMTS10	81794	ADAM metallopeptidase with thrombospondin type 1 motif 10
ENSG00000142327	RNPEPL1	57140	arginyl aminopeptidase like 1
ENSG00000142330	CAPN10	11132	calpain 10
ENSG00000142396	ERVK3-1	105372481	endogenous retrovirus group K3 member 1
ENSG00000142408	CACNG8	59283	calcium voltage-gated channel auxiliary subunit gamma 8
ENSG00000142409	ZNF787	126208	zinc finger protein 787
ENSG00000142444	TIMM29	90580	translocase of inner mitochondrial membrane 29
ENSG00000142453	CARM1	10498	coactivator associated arginine methyltransferase 1
ENSG00000142459	EVI5L	115704	ecotropic viral integration site 5 like
ENSG00000142484	TM4SF5	9032	transmembrane 4 L six family member 5
ENSG00000142494	SLC47A1	55244	solute carrier family 47 member 1
ENSG00000142507	PSMB6	5694	proteasome 20S subunit beta 6
ENSG00000142528	ZNF473	25888	zinc finger protein 473
ENSG00000142530	GARIN5A	112703	golgi associated RAB2 interactor 5A
ENSG00000142534	RPS11	6205	ribosomal protein S11
ENSG00000142541	RPL13A	23521	ribosomal protein L13a
ENSG00000142544	CTU1	90353	cytosolic thiouridylase subunit 1
ENSG00000142546	NOSIP	51070	nitric oxide synthase interacting protein
ENSG00000142552	RCN3	57333	reticulocalbin 3
ENSG00000142556	ZNF614	80110	zinc finger protein 614
ENSG00000142599	RERE	473	arginine-glutamic acid dipeptide repeats
ENSG00000142619	PADI3	51702	peptidyl arginine deiminase 3
ENSG00000142627	EPHA2	1969	EPH receptor A2
ENSG00000142632	ARHGEF19	128272	Rho guanine nucleotide exchange factor 19
ENSG00000142634	EFHD2	79180	EF-hand domain family member D2
ENSG00000142655	PEX14	5195	peroxisomal biogenesis factor 14
ENSG00000142657	PGD	5226	phosphogluconate dehydrogenase
ENSG00000142661	MYOM3	127294	myomesin 3
ENSG00000142669	SH3BGRL3	83442	SH3 domain binding glutamate rich protein like 3
ENSG00000142676	RPL11	6135	ribosomal protein L11
ENSG00000142677	IL22RA1	58985	interleukin 22 receptor subunit alpha 1
ENSG00000142684	ZNF593	51042	zinc finger protein 593
ENSG00000142686	C1orf216	127703	chromosome 1 open reading frame 216
ENSG00000142687	KIAA0319L	79932	KIAA0319 like
ENSG00000142694	EVA1B	55194	eva-1 homolog B
ENSG00000142731	PLK4	10733	polo like kinase 4
ENSG00000142733	MAP3K6	9064	mitogen-activated protein kinase kinase kinase 6
ENSG00000142751	GPN2	54707	GPN-loop GTPase 2
ENSG00000142784	WDTC1	23038	WD and tetratricopeptide repeats 1
ENSG00000142794	NBPF3	84224	NBPF member 3
ENSG00000142798	HSPG2	3339	heparan sulfate proteoglycan 2
ENSG00000142856	ITGB3BP	23421	integrin subunit beta 3 binding protein
ENSG00000142864	SERBP1	26135	SERPINE1 mRNA binding protein 1
ENSG00000142867	BCL10	8915	BCL10 immune signaling adaptor
ENSG00000142871	CCN1	3491	cellular communication network factor 1
ENSG00000142875	PRKACB	5567	protein kinase cAMP-activated catalytic subunit beta
ENSG00000142892	PIGK	10026	phosphatidylinositol glycan anchor biosynthesis class K
ENSG00000142920	AZIN2	113451	antizyme inhibitor 2
ENSG00000142937	RPS8	6202	ribosomal protein S8
ENSG00000142945	KIF2C	11004	kinesin family member 2C
ENSG00000142949	PTPRF	5792	protein tyrosine phosphatase receptor type F
ENSG00000142961	MOB3C	148932	MOB kinase activator 3C
ENSG00000143013	LMO4	8543	LIM domain only 4
ENSG00000143033	MTF2	22823	metal response element binding transcription factor 2
ENSG00000143036	SLC44A3	126969	solute carrier family 44 member 3
ENSG00000143061	IGSF3	3321	immunoglobulin superfamily member 3
ENSG00000143067	ZNF697	90874	zinc finger protein 697
ENSG00000143079	CTTNBP2NL	55917	CTTNBP2 N-terminal like
ENSG00000143093	STRIP1	85369	striatin interacting protein 1
ENSG00000143106	PSMA5	5686	proteasome 20S subunit alpha 5
ENSG00000143126	CELSR2	1952	cadherin EGF LAG seven-pass G-type receptor 2
ENSG00000143127	ITGA10	8515	integrin subunit alpha 10
ENSG00000143147	GPR161	23432	G protein-coupled receptor 161
ENSG00000143149	ALDH9A1	223	aldehyde dehydrogenase 9 family member A1
ENSG00000143153	ATP1B1	481	ATPase Na+/K+ transporting subunit beta 1
ENSG00000143155	TIPRL	261726	TOR signaling pathway regulator
ENSG00000143156	NME7	29922	NME/NM23 family member 7
ENSG00000143157	POGK	57645	pogo transposable element derived with KRAB domain
ENSG00000143158	MPC2	25874	mitochondrial pyruvate carrier 2
ENSG00000143162	CREG1	8804	cellular repressor of E1A stimulated genes 1
ENSG00000143164	DCAF6	55827	DDB1 and CUL4 associated factor 6
ENSG00000143178	TBX19	9095	T-box transcription factor 19
ENSG00000143179	UCK2	7371	uridine-cytidine kinase 2
ENSG00000143183	TMCO1	54499	transmembrane and coiled-coil domains 1
ENSG00000143190	POU2F1	5451	POU class 2 homeobox 1
ENSG00000143198	MGST3	4259	microsomal glutathione S-transferase 3
ENSG00000143207	COP1	64326	COP1 E3 ubiquitin ligase
ENSG00000143217	NECTIN4	81607	nectin cell adhesion molecule 4
ENSG00000143222	UFC1	51506	ubiquitin-fold modifier conjugating enzyme 1
ENSG00000143224	PPOX	5498	protoporphyrinogen oxidase
ENSG00000143228	NUF2	83540	NUF2 component of NDC80 kinetochore complex
ENSG00000143248	RGS5	8490	regulator of G protein signaling 5
ENSG00000143252	SDHC	6391	succinate dehydrogenase complex subunit C
ENSG00000143256	PFDN2	5202	prefoldin subunit 2
ENSG00000143257	NR1I3	9970	nuclear receptor subfamily 1 group I member 3
ENSG00000143258	USP21	27005	ubiquitin specific peptidase 21
ENSG00000143294	PRCC	5546	proline rich mitotic checkpoint control factor
ENSG00000143303	METTL25B	51093	methyltransferase like 25B
ENSG00000143314	MRPL24	79590	mitochondrial ribosomal protein L24
ENSG00000143315	PIGM	93183	phosphatidylinositol glycan anchor biosynthesis class M
ENSG00000143319	ISG20L2	81875	interferon stimulated exonuclease gene 20 like 2
ENSG00000143320	CRABP2	1382	cellular retinoic acid binding protein 2
ENSG00000143321	HDGF	3068	heparin binding growth factor
ENSG00000143322	ABL2	27	ABL proto-oncogene 2, non-receptor tyrosine kinase
ENSG00000143324	XPR1	9213	xenotropic and polytropic retrovirus receptor 1
ENSG00000143337	TOR1AIP1	26092	torsin 1A interacting protein 1
ENSG00000143344	RGL1	23179	ral guanine nucleotide dissociation stimulator like 1
ENSG00000143353	LYPLAL1	127018	lysophospholipase like 1
ENSG00000143363	PRUNE1	58497	prune exopolyphosphatase 1
ENSG00000143367	TUFT1	7286	tuftelin 1
ENSG00000143368	SF3B4	10262	splicing factor 3b subunit 4
ENSG00000143369	ECM1	1893	extracellular matrix protein 1
ENSG00000143373	ZNF687	57592	zinc finger protein 687
ENSG00000143374	TARS2	80222	threonyl-tRNA synthetase 2, mitochondrial
ENSG00000143375	CGN	57530	cingulin
ENSG00000143376	SNX27	81609	sorting nexin 27
ENSG00000143379	SETDB1	9869	SET domain bifurcated histone lysine methyltransferase 1
ENSG00000143382	ADAMTSL4	54507	ADAMTS like 4
ENSG00000143384	MCL1	4170	MCL1 apoptosis regulator, BCL2 family member
ENSG00000143387	CTSK	1513	cathepsin K
ENSG00000143390	RFX5	5993	regulatory factor X5
ENSG00000143393	PI4KB	5298	phosphatidylinositol 4-kinase beta
ENSG00000143398	PIP5K1A	8394	phosphatidylinositol-4-phosphate 5-kinase type 1 alpha
ENSG00000143401	ANP32E	81611	acidic nuclear phosphoprotein 32 family member E
ENSG00000143409	MINDY1	55793	MINDY lysine 48 deubiquitinase 1
ENSG00000143412	ANXA9	8416	annexin A9
ENSG00000143416	SELENBP1	8991	selenium binding protein 1
ENSG00000143418	CERS2	29956	ceramide synthase 2
ENSG00000143420	ENSA	2029	endosulfine alpha
ENSG00000143429	LSP1P4	654342	LSP1 pseudogene 4
ENSG00000143434	SEMA6C	10500	semaphorin 6C
ENSG00000143436	MRPL9	65005	mitochondrial ribosomal protein L9
ENSG00000143437	ARNT	405	aryl hydrocarbon receptor nuclear translocator
ENSG00000143442	POGZ	23126	pogo transposable element derived with ZNF domain
ENSG00000143443	C1orf56	54964	chromosome 1 open reading frame 56
ENSG00000143450	OAZ3	51686	ornithine decarboxylase antizyme 3
ENSG00000143452	HORMAD1	84072	HORMA domain containing 1
ENSG00000143457	GOLPH3L	55204	golgi phosphoprotein 3 like
ENSG00000143458	GABPB2	126626	GA binding protein transcription factor subunit beta 2
ENSG00000143473	KCNH1	3756	potassium voltage-gated channel subfamily H member 1
ENSG00000143476	DTL	51514	denticleless E3 ubiquitin protein ligase homolog
ENSG00000143479	DYRK3	8444	dual specificity tyrosine phosphorylation regulated kinase 3
ENSG00000143486	EIF2D	1939	eukaryotic translation initiation factor 2D
ENSG00000143493	INTS7	25896	integrator complex subunit 7
ENSG00000143494	VASH2	79805	vasohibin 2
ENSG00000143498	TAF1A	9015	TATA-box binding protein associated factor, RNA polymerase I subunit A
ENSG00000143499	SMYD2	56950	SET and MYND domain containing 2
ENSG00000143507	DUSP10	11221	dual specificity phosphatase 10
ENSG00000143512	HHIPL2	79802	HHIP like 2
ENSG00000143514	TP53BP2	7159	tumor protein p53 binding protein 2
ENSG00000143515	ATP8B2	57198	ATPase phospholipid transporting 8B2
ENSG00000143537	ADAM15	8751	ADAM metallopeptidase domain 15
ENSG00000143543	JTB	10899	jumping translocation breakpoint
ENSG00000143545	RAB13	5872	RAB13, member RAS oncogene family
ENSG00000143549	TPM3	7170	tropomyosin 3
ENSG00000143553	SNAPIN	23557	SNAP associated protein
ENSG00000143554	SLC27A3	11000	solute carrier family 27 member 3
ENSG00000143569	UBAP2L	9898	ubiquitin associated protein 2 like
ENSG00000143570	SLC39A1	27173	solute carrier family 39 member 1
ENSG00000143575	HAX1	10456	HCLS1 associated protein X-1
ENSG00000143578	CREB3L4	148327	cAMP responsive element binding protein 3 like 4
ENSG00000143590	EFNA3	1944	ephrin A3
ENSG00000143612	C1orf43	25912	chromosome 1 open reading frame 43
ENSG00000143614	GATAD2B	57459	GATA zinc finger domain containing 2B
ENSG00000143621	ILF2	3608	interleukin enhancer binding factor 2
ENSG00000143622	RIT1	6016	Ras like without CAAX 1
ENSG00000143624	INTS3	65123	integrator complex subunit 3
ENSG00000143630	HCN3	57657	hyperpolarization activated cyclic nucleotide gated potassium channel 3
ENSG00000143633	C1orf131	128061	chromosome 1 open reading frame 131
ENSG00000143641	GALNT2	2590	polypeptide N-acetylgalactosaminyltransferase 2
ENSG00000143643	TTC13	79573	tetratricopeptide repeat domain 13
ENSG00000143653	SCCPDH	51097	saccharopine dehydrogenase (putative)
ENSG00000143669	LYST	1130	lysosomal trafficking regulator
ENSG00000143674	MAP3K21	84451	mitogen-activated protein kinase kinase kinase 21
ENSG00000143702	CEP170	9859	centrosomal protein 170
ENSG00000143727	ACP1	52	acid phosphatase 1
ENSG00000143740	SNAP47	116841	synaptosome associated protein 47
ENSG00000143742	SRP9	6726	signal recognition particle 9
ENSG00000143748	NVL	4931	nuclear VCP like
ENSG00000143751	SDE2	163859	SDE2 telomere maintenance homolog
ENSG00000143753	DEGS1	8560	delta 4-desaturase, sphingolipid 1
ENSG00000143756	FBXO28	23219	F-box protein 28
ENSG00000143761	ARF1	375	ADP ribosylation factor 1
ENSG00000143771	CNIH4	29097	cornichon family AMPA receptor auxiliary protein 4
ENSG00000143774	GUK1	2987	guanylate kinase 1
ENSG00000143776	CDC42BPA	8476	CDC42 binding protein kinase alpha
ENSG00000143786	CNIH3	149111	cornichon family AMPA receptor auxiliary protein 3
ENSG00000143793	C1orf35	79169	chromosome 1 open reading frame 35
ENSG00000143797	MBOAT2	129642	membrane bound O-acyltransferase domain containing 2
ENSG00000143799	PARP1	142	poly(ADP-ribose) polymerase 1
ENSG00000143801	PSEN2	5664	presenilin 2
ENSG00000143811	PYCR2	29920	pyrroline-5-carboxylate reductase 2
ENSG00000143815	LBR	3930	lamin B receptor
ENSG00000143816	WNT9A	7483	Wnt family member 9A
ENSG00000143819	EPHX1	2052	epoxide hydrolase 1
ENSG00000143842	SOX13	9580	SRY-box transcription factor 13
ENSG00000143845	ETNK2	55224	ethanolamine kinase 2
ENSG00000143850	PLEKHA6	22874	pleckstrin homology domain containing A6
ENSG00000143862	ARL8A	127829	ADP ribosylation factor like GTPase 8A
ENSG00000143867	OSR1	130497	odd-skipped related transcription factor 1
ENSG00000143870	PDIA6	10130	protein disulfide isomerase family A member 6
ENSG00000143878	RHOB	388	ras homolog family member B
ENSG00000143889	HNRNPLL	92906	heterogeneous nuclear ribonucleoprotein L like
ENSG00000143891	GALM	130589	galactose mutarotase
ENSG00000143919	CAMKMT	79823	calmodulin-lysine N-methyltransferase
ENSG00000143924	EML4	27436	EMAP like 4
ENSG00000143933	CALM2	805	calmodulin 2
ENSG00000143942	CHAC2	494143	ChaC glutathione specific gamma-glutamylcyclotransferase 2
ENSG00000143947	RPS27A	6233	ribosomal protein S27a
ENSG00000143951	WDPCP	51057	WD repeat containing planar cell polarity effector
ENSG00000143952	VPS54	51542	VPS54 subunit of GARP complex
ENSG00000143970	ASXL2	55252	ASXL transcriptional regulator 2
ENSG00000143971	ETAA1	54465	ETAA1 activator of ATR kinase
ENSG00000143977	SNRPG	6637	small nuclear ribonucleoprotein polypeptide G
ENSG00000143994	ABHD1	84696	abhydrolase domain containing 1
ENSG00000144021	CIAO1	9391	cytosolic iron-sulfur assembly component 1
ENSG00000144026	ZNF514	84874	zinc finger protein 514
ENSG00000144028	SNRNP200	23020	small nuclear ribonucleoprotein U5 subunit 200
ENSG00000144029	MRPS5	64969	mitochondrial ribosomal protein S5
ENSG00000144034	TPRKB	51002	TP53RK binding protein
ENSG00000144036	EXOC6B	23233	exocyst complex component 6B
ENSG00000144040	SFXN5	94097	sideroflexin 5
ENSG00000144043	TEX261	113419	testis expressed 261
ENSG00000144048	DUSP11	8446	dual specificity phosphatase 11
ENSG00000144057	ST6GAL2	84620	ST6 beta-galactoside alpha-2,6-sialyltransferase 2
ENSG00000144061	NPHP1	4867	nephrocystin 1
ENSG00000144063	MALL	7851	mal, T cell differentiation protein like
ENSG00000144118	RALB	5899	RAS like proto-oncogene B
ENSG00000144120	TMEM177	80775	transmembrane protein 177
ENSG00000144134	RABL2A	11159	RAB, member of RAS oncogene family like 2A
ENSG00000144136	SLC20A1	6574	solute carrier family 20 member 1
ENSG00000144161	ZC3H8	84524	zinc finger CCCH-type containing 8
ENSG00000144182	LIPT1	51601	lipoyltransferase 1
ENSG00000144199	FAHD2B	151313	fumarylacetoacetate hydrolase domain containing 2B
ENSG00000144214	LYG1	129530	lysozyme g1
ENSG00000144224	UBXN4	23190	UBX domain protein 4
ENSG00000144228	SPOPL	339745	speckle type BTB/POZ protein like
ENSG00000144231	POLR2D	5433	RNA polymerase II subunit D
ENSG00000144233	AMMECR1L	83607	AMMECR1 like
ENSG00000144278	GALNT13	114805	polypeptide N-acetylgalactosaminyltransferase 13
ENSG00000144283	PKP4	8502	plakophilin 4
ENSG00000144306	SCRN3	79634	secernin 3
ENSG00000144320	LNPK	80856	lunapark, ER junction formation factor
ENSG00000144354	CDCA7	83879	cell division cycle associated 7
ENSG00000144357	UBR3	130507	ubiquitin protein ligase E3 component n-recognin 3
ENSG00000144362	PHOSPHO2	493911	phosphatase, orphan 2
ENSG00000144366	GULP1	51454	GULP PTB domain containing engulfment adaptor 1
ENSG00000144369	FAM171B	165215	family with sequence similarity 171 member B
ENSG00000144381	HSPD1	3329	heat shock protein family D (Hsp60) member 1
ENSG00000144395	CCDC150	284992	coiled-coil domain containing 150
ENSG00000144401	METTL21A	151194	methyltransferase 21A, HSPA lysine
ENSG00000144426	NBEAL1	65065	neurobeachin like 1
ENSG00000144445	KANSL1L	151050	KAT8 regulatory NSL complex subunit 1 like
ENSG00000144451	SPAG16	79582	sperm associated antigen 16
ENSG00000144452	ABCA12	26154	ATP binding cassette subfamily A member 12
ENSG00000144455	SUMF1	285362	sulfatase modifying factor 1
ENSG00000144468	RHBDD1	84236	rhomboid domain containing 1
ENSG00000144476	ACKR3	57007	atypical chemokine receptor 3
ENSG00000144485	HES6	55502	hes family bHLH transcription factor 6
ENSG00000144504	ANKMY1	51281	ankyrin repeat and MYND domain containing 1
ENSG00000144524	COPS7B	64708	COP9 signalosome subunit 7B
ENSG00000144535	DIS3L2	129563	DIS3 like 3'-5' exoribonuclease 2
ENSG00000144554	FANCD2	2177	FA complementation group D2
ENSG00000144559	TAMM41	132001	TAM41 mitochondrial translocator assembly and maintenance homolog
ENSG00000144560	VGLL4	9686	vestigial like family member 4
ENSG00000144566	RAB5A	5868	RAB5A, member RAS oncogene family
ENSG00000144567	RETREG2	79137	reticulophagy regulator family member 2
ENSG00000144579	CTDSP1	58190	CTD small phosphatase 1
ENSG00000144580	CNOT9	9125	CCR4-NOT transcription complex subunit 9
ENSG00000144583	MARCHF4	57574	membrane associated ring-CH-type finger 4
ENSG00000144589	STK11IP	114790	serine/threonine kinase 11 interacting protein
ENSG00000144591	GMPPA	29926	GDP-mannose pyrophosphorylase A
ENSG00000144596	GRIP2	80852	glutamate receptor interacting protein 2
ENSG00000144597	EAF1	85403	ELL associated factor 1
ENSG00000144635	DYNC1LI1	51143	dynein cytoplasmic 1 light intermediate chain 1
ENSG00000144642	RBMS3	27303	RNA binding motif single stranded interacting protein 3
ENSG00000144645	OSBPL10	114884	oxysterol binding protein like 10
ENSG00000144647	POMGNT2	84892	protein O-linked mannose N-acetylglucosaminyltransferase 2 (beta 1,4-)
ENSG00000144655	CSRNP1	64651	cysteine and serine rich nuclear protein 1
ENSG00000144659	SLC25A38	54977	solute carrier family 25 member 38
ENSG00000144674	GOLGA4	2803	golgin A4
ENSG00000144677	CTDSPL	10217	CTD small phosphatase like
ENSG00000144681	STAC	6769	SH3 and cysteine rich domain
ENSG00000144711	IQSEC1	9922	IQ motif and Sec7 domain ArfGEF 1
ENSG00000144713	RPL32	6161	ribosomal protein L32
ENSG00000144724	PTPRG	5793	protein tyrosine phosphatase receptor type G
ENSG00000144730	IL17RD	54756	interleukin 17 receptor D
ENSG00000144736	SHQ1	55164	SHQ1, H/ACA ribonucleoprotein assembly factor
ENSG00000144741	SLC25A26	115286	solute carrier family 25 member 26
ENSG00000144744	UBA3	9039	ubiquitin like modifier activating enzyme 3
ENSG00000144746	ARL6IP5	10550	ADP ribosylation factor like GTPase 6 interacting protein 5
ENSG00000144747	TMF1	7110	TATA element modulatory factor 1
ENSG00000144749	LRIG1	26018	leucine rich repeats and immunoglobulin like domains 1
ENSG00000144791	LIMD1	8994	LIM domain containing 1
ENSG00000144802	NFKBIZ	64332	NFKB inhibitor zeta
ENSG00000144815	NXPE3	91775	neurexophilin and PC-esterase domain family member 3
ENSG00000144824	PHLDB2	90102	pleckstrin homology like domain family B member 2
ENSG00000144827	ABHD10	55347	abhydrolase domain containing 10, depalmitoylase
ENSG00000144837	PLA1A	51365	phospholipase A1 member A
ENSG00000144840	RABL3	285282	RAB, member of RAS oncogene family like 3
ENSG00000144847	IGSF11	152404	immunoglobulin superfamily member 11
ENSG00000144848	ATG3	64422	autophagy related 3
ENSG00000144857	BOC	91653	BOC cell adhesion associated, oncogene regulated
ENSG00000144867	SRPRB	58477	SRP receptor subunit beta
ENSG00000144895	EIF2A	83939	eukaryotic translation initiation factor 2A
ENSG00000144909	OSBPL11	114885	oxysterol binding protein like 11
ENSG00000144935	TRPC1	7220	transient receptor potential cation channel subfamily C member 1
ENSG00000144959	NCEH1	57552	neutral cholesterol ester hydrolase 1
ENSG00000145012	LPP	4026	LIM domain containing preferred translocation partner in lipoma
ENSG00000145014	TMEM44	93109	transmembrane protein 44
ENSG00000145016	RUBCN	9711	rubicon autophagy regulator
ENSG00000145020	AMT	275	aminomethyltransferase
ENSG00000145022	TCTA	6988	T cell leukemia translocation altered
ENSG00000145029	NICN1	84276	nicolin 1, tubulin polyglutamylase complex subunit
ENSG00000145040	UCN2	90226	urocortin 2
ENSG00000145041	DCAF1	9730	DDB1 and CUL4 associated factor 1
ENSG00000145050	MANF	7873	mesencephalic astrocyte derived neurotrophic factor
ENSG00000145088	EAF2	55840	ELL associated factor 2
ENSG00000145107	TM4SF19	116211	transmembrane 4 L six family member 19
ENSG00000145191	EIF2B5	8893	eukaryotic translation initiation factor 2B subunit epsilon
ENSG00000145214	DGKQ	1609	diacylglycerol kinase theta
ENSG00000145216	FIP1L1	81608	factor interacting with PAPOLA and CPSF1
ENSG00000145220	LYAR	55646	Ly1 antibody reactive
ENSG00000145241	CENPC	1060	centromere protein C
ENSG00000145246	ATP10D	57205	ATPase phospholipid transporting 10D (putative)
ENSG00000145247	OCIAD2	132299	OCIA domain containing 2
ENSG00000145248	SLC10A4	201780	solute carrier family 10 member 4
ENSG00000145284	SCD5	79966	stearoyl-CoA desaturase 5
ENSG00000145287	PLAC8	51316	placenta associated 8
ENSG00000145293	ENOPH1	58478	enolase-phosphatase 1
ENSG00000145331	TRMT10A	93587	tRNA methyltransferase 10A
ENSG00000145332	KLHL8	57563	kelch like family member 8
ENSG00000145335	SNCA	6622	synuclein alpha
ENSG00000145337	PYURF	100996939	PIGY upstream open reading frame
ENSG00000145348	TBCK	93627	TBC1 domain containing kinase
ENSG00000145349	CAMK2D	817	calcium/calmodulin dependent protein kinase II delta
ENSG00000145354	CISD2	493856	CDGSH iron sulfur domain 2
ENSG00000145362	ANK2	287	ankyrin 2
ENSG00000145365	TIFA	92610	TRAF interacting protein with forkhead associated domain
ENSG00000145375	AFG2A	166378	AFG2 AAA ATPase homolog A
ENSG00000145386	CCNA2	890	cyclin A2
ENSG00000145388	METTL14	57721	methyltransferase 14, N6-adenosine-methyltransferase subunit
ENSG00000145390	USP53	54532	ubiquitin specific peptidase 53
ENSG00000145391	SETD7	80854	SET domain containing 7, histone lysine methyltransferase
ENSG00000145414	NAF1	92345	nuclear assembly factor 1 ribonucleoprotein
ENSG00000145425	RPS3A	6189	ribosomal protein S3A
ENSG00000145431	PDGFC	56034	platelet derived growth factor C
ENSG00000145439	CBR4	84869	carbonyl reductase 4
ENSG00000145476	CYP4V2	285440	cytochrome P450 family 4 subfamily V member 2
ENSG00000145491	ROPN1L	83853	rhophilin associated tail protein 1 like
ENSG00000145494	NDUFS6	4726	NADH:ubiquinone oxidoreductase subunit S6
ENSG00000145495	MARCHF6	10299	membrane associated ring-CH-type finger 6
ENSG00000145506	NKD2	85409	NKD inhibitor of WNT signaling pathway 2
ENSG00000145545	SRD5A1	6715	steroid 5 alpha-reductase 1
ENSG00000145555	MYO10	4651	myosin X
ENSG00000145569	OTULINL	54491	OTU deubiquitinase with linear linkage specificity like
ENSG00000145592	RPL37	6167	ribosomal protein L37
ENSG00000145604	SKP2	6502	S-phase kinase associated protein 2
ENSG00000145623	OSMR	9180	oncostatin M receptor
ENSG00000145632	PLK2	10769	polo like kinase 2
ENSG00000145675	PIK3R1	5295	phosphoinositide-3-kinase regulatory subunit 1
ENSG00000145685	LHFPL2	10184	LHFPL tetraspan subfamily member 2
ENSG00000145687	SSBP2	23635	single stranded DNA binding protein 2
ENSG00000145703	IQGAP2	10788	IQ motif containing GTPase activating protein 2
ENSG00000145715	RASA1	5921	RAS p21 protein activator 1
ENSG00000145723	GIN1	54826	gypsy retrotransposon integrase 1
ENSG00000145725	PPIP5K2	23262	diphosphoinositol pentakisphosphate kinase 2
ENSG00000145730	PAM	5066	peptidylglycine alpha-amidating monooxygenase
ENSG00000145734	BDP1	55814	B double prime 1, subunit of RNA polymerase III transcription initiation factor IIIB
ENSG00000145736	GTF2H2	2966	general transcription factor IIH subunit 2
ENSG00000145740	SLC30A5	64924	solute carrier family 30 member 5
ENSG00000145741	BTF3	689	basic transcription factor 3
ENSG00000145743	FBXL17	64839	F-box and leucine rich repeat protein 17
ENSG00000145779	TNFAIP8	25816	TNF alpha induced protein 8
ENSG00000145780	FEM1C	56929	fem-1 homolog C
ENSG00000145781	COMMD10	51397	COMM domain containing 10
ENSG00000145782	ATG12	9140	autophagy related 12
ENSG00000145817	YIPF5	81555	Yip1 domain family member 5
ENSG00000145819	ARHGAP26	23092	Rho GTPase activating protein 26
ENSG00000145833	DDX46	9879	DEAD-box helicase 46
ENSG00000145850	TIMD4	91937	T cell immunoglobulin and mucin domain containing 4
ENSG00000145860	RNF145	153830	ring finger protein 145
ENSG00000145868	FBXO38	81545	F-box protein 38
ENSG00000145882	PCYOX1L	78991	prenylcysteine oxidase 1 like
ENSG00000145901	TNIP1	10318	TNFAIP3 interacting protein 1
ENSG00000145907	G3BP1	10146	G3BP stress granule assembly factor 1
ENSG00000145908	ZNF300	91975	zinc finger protein 300
ENSG00000145911	N4BP3	23138	NEDD4 binding protein 3
ENSG00000145912	NHP2	55651	NHP2 ribonucleoprotein
ENSG00000145916	RMND5B	64777	required for meiotic nuclear division 5 homolog B
ENSG00000145919	BOD1	91272	biorientation of chromosomes in cell division 1
ENSG00000145920	CPLX2	10814	complexin 2
ENSG00000145945	FAM50B	26240	family with sequence similarity 50 member B
ENSG00000145979	TBC1D7	51256	TBC1 domain family member 7
ENSG00000145982	FARS2	10667	phenylalanyl-tRNA synthetase 2, mitochondrial
ENSG00000145990	GFOD1	54438	Gfo/Idh/MocA-like oxidoreductase domain containing 1
ENSG00000145996	CDKAL1	54901	CDK5 regulatory subunit associated protein 1 like 1
ENSG00000146007	ZMAT2	153527	zinc finger matrin-type 2
ENSG00000146038	DCDC2	51473	doublecortin domain containing 2
ENSG00000146049	KAAG1	353219	kidney associated DCDC2 antisense RNA 1
ENSG00000146054	TRIM7	81786	tripartite motif containing 7
ENSG00000146063	TRIM41	90933	tripartite motif containing 41
ENSG00000146066	HIGD2A	192286	HIG1 hypoxia inducible domain family member 2A
ENSG00000146067	FAM193B	54540	family with sequence similarity 193 member B
ENSG00000146072	TNFRSF21	27242	TNF receptor superfamily member 21
ENSG00000146083	RNF44	22838	ring finger protein 44
ENSG00000146085	MMUT	4594	methylmalonyl-CoA mutase
ENSG00000146109	ABT1	29777	activator of basal transcription 1
ENSG00000146112	PPP1R18	170954	protein phosphatase 1 regulatory subunit 18
ENSG00000146143	PRIM2	5558	DNA primase subunit 2
ENSG00000146151	HMGCLL1	54511	3-hydroxy-3-methylglutaryl-CoA lyase like 1
ENSG00000146166	LGSN	51557	lengsin, lens protein with glutamine synthetase domain
ENSG00000146223	RPL7L1	285855	ribosomal protein L7 like 1
ENSG00000146232	NFKBIE	4794	NFKB inhibitor epsilon
ENSG00000146242	TPBG	7162	trophoblast glycoprotein
ENSG00000146247	PHIP	55023	pleckstrin homology domain interacting protein
ENSG00000146250	PRSS35	167681	serine protease 35
ENSG00000146263	MMS22L	253714	MMS22 like, DNA repair protein
ENSG00000146267	FAXC	84553	failed axon connections homolog, metaxin like GST domain containing
ENSG00000146278	PNRC1	10957	proline rich nuclear receptor coactivator 1
ENSG00000146281	PM20D2	135293	peptidase M20 domain containing 2
ENSG00000146282	RARS2	57038	arginyl-tRNA synthetase 2, mitochondrial
ENSG00000146373	RNF217	154214	ring finger protein 217
ENSG00000146374	RSPO3	84870	R-spondin 3
ENSG00000146376	ARHGAP18	93663	Rho GTPase activating protein 18
ENSG00000146386	ABRACL	58527	ABRA C-terminal like
ENSG00000146409	SLC18B1	116843	solute carrier family 18 member B1
ENSG00000146410	MTFR2	113115	mitochondrial fission regulator 2
ENSG00000146411	SLC2A12	154091	solute carrier family 2 member 12
ENSG00000146414	SHPRH	257218	SNF2 histone linker PHD RING helicase
ENSG00000146416	AIG1	51390	androgen induced 1
ENSG00000146425	DYNLT1	6993	dynein light chain Tctex-type 1
ENSG00000146433	TMEM181	57583	transmembrane protein 181
ENSG00000146457	WTAP	9589	WT1 associated protein
ENSG00000146463	ZMYM4	9202	zinc finger MYM-type containing 4
ENSG00000146476	ARMT1	79624	acidic residue methyltransferase 1
ENSG00000146477	SLC22A3	6581	solute carrier family 22 member 3
ENSG00000146535	GNA12	2768	G protein subunit alpha 12
ENSG00000146540	C7orf50	84310	chromosome 7 open reading frame 50
ENSG00000146574	CCZ1B	221960	CCZ1 homolog B, vacuolar protein trafficking and biogenesis associated
ENSG00000146576	INTS15	79034	integrator complex subunit 15
ENSG00000146587	RBAK	57786	RB associated KRAB zinc finger
ENSG00000146592	CREB5	9586	cAMP responsive element binding protein 5
ENSG00000146648	EGFR	1956	epidermal growth factor receptor
ENSG00000146670	CDCA5	113130	cell division cycle associated 5
ENSG00000146674	IGFBP3	3486	insulin like growth factor binding protein 3
ENSG00000146676	PURB	5814	purine rich element binding protein B
ENSG00000146678	IGFBP1	3484	insulin like growth factor binding protein 1
ENSG00000146701	MDH2	4191	malate dehydrogenase 2
ENSG00000146707	POMZP3	22932	POM121 and ZP3 fusion
ENSG00000146729	NIPSNAP2	2631	nipsnap homolog 2
ENSG00000146731	CCT6A	908	chaperonin containing TCP1 subunit 6A
ENSG00000146733	PSPH	5723	phosphoserine phosphatase
ENSG00000146757	ZNF92	168374	zinc finger protein 92
ENSG00000146776	ATXN7L1	222255	ataxin 7 like 1
ENSG00000146802	TMEM168	64418	transmembrane protein 168
ENSG00000146826	TRAPPC14	55262	trafficking protein particle complex subunit 14
ENSG00000146828	SLC12A9	56996	solute carrier family 12 member 9
ENSG00000146830	GIGYF1	64599	GRB10 interacting GYF protein 1
ENSG00000146833	TRIM4	89122	tripartite motif containing 4
ENSG00000146834	MEPCE	56257	methylphosphate capping enzyme
ENSG00000146842	TMEM209	84928	transmembrane protein 209
ENSG00000146858	ZC3HAV1L	92092	zinc finger CCCH-type containing, antiviral 1 like
ENSG00000146859	TMEM140	55281	transmembrane protein 140
ENSG00000146872	TLK2	11011	tousled like kinase 2
ENSG00000146909	NOM1	64434	nucleolar protein with MIF4G domain 1
ENSG00000146918	NCAPG2	54892	non-SMC condensin II complex subunit G2
ENSG00000146963	LUC7L2	51631	LUC7 like 2, pre-mRNA splicing factor
ENSG00000147003	CLTRN	57393	collectrin, amino acid transport regulator
ENSG00000147010	SH3KBP1	30011	SH3 domain containing kinase binding protein 1
ENSG00000147027	TMEM47	83604	transmembrane protein 47
ENSG00000147044	CASK	8573	calcium/calmodulin dependent serine protein kinase
ENSG00000147050	KDM6A	7403	lysine demethylase 6A
ENSG00000147059	SPIN2A	54466	spindlin family member 2A
ENSG00000147065	MSN	4478	moesin
ENSG00000147099	HDAC8	55869	histone deacetylase 8
ENSG00000147100	SLC16A2	6567	solute carrier family 16 member 2
ENSG00000147118	ZNF182	7569	zinc finger protein 182
ENSG00000147119	CHST7	56548	carbohydrate sulfotransferase 7
ENSG00000147121	KRBOX4	55634	KRAB box domain containing 4
ENSG00000147123	NDUFB11	54539	NADH:ubiquinone oxidoreductase subunit B11
ENSG00000147124	ZNF41	7592	zinc finger protein 41
ENSG00000147130	ZMYM3	9203	zinc finger MYM-type containing 3
ENSG00000147133	TAF1	6872	TATA-box binding protein associated factor 1
ENSG00000147140	NONO	4841	non-POU domain containing octamer binding
ENSG00000147144	CCDC120	90060	coiled-coil domain containing 120
ENSG00000147155	EBP	10682	EBP cholestenol delta-isomerase
ENSG00000147162	OGT	8473	O-linked N-acetylglucosamine (GlcNAc) transferase
ENSG00000147164	SNX12	29934	sorting nexin 12
ENSG00000147180	ZNF711	7552	zinc finger protein 711
ENSG00000147202	DIAPH2	1730	diaphanous related formin 2
ENSG00000147224	PRPS1	5631	phosphoribosyl pyrophosphate synthetase 1
ENSG00000147251	DOCK11	139818	dedicator of cytokinesis 11
ENSG00000147274	RBMX	27316	RNA binding motif protein X-linked
ENSG00000147316	MCPH1	79648	microcephalin 1
ENSG00000147324	MFHAS1	9258	multifunctional ROCO family signaling regulator 1
ENSG00000147364	FBXO25	26260	F-box protein 25
ENSG00000147383	NSDHL	50814	NAD(P) dependent steroid dehydrogenase-like
ENSG00000147394	ZNF185	7739	zinc finger protein 185 with LIM domain
ENSG00000147400	CETN2	1069	centrin 2
ENSG00000147403	RPL10	6134	ribosomal protein L10
ENSG00000147408	CSGALNACT1	55790	chondroitin sulfate N-acetylgalactosaminyltransferase 1
ENSG00000147416	ATP6V1B2	526	ATPase H+ transporting V1 subunit B2
ENSG00000147419	CCDC25	55246	coiled-coil domain containing 25
ENSG00000147421	HMBOX1	79618	homeobox containing 1
ENSG00000147437	GNRH1	2796	gonadotropin releasing hormone 1
ENSG00000147439	BIN3	55909	bridging integrator 3
ENSG00000147454	SLC25A37	51312	solute carrier family 25 member 37
ENSG00000147457	CHMP7	91782	charged multivesicular body protein 7
ENSG00000147459	DOCK5	80005	dedicator of cytokinesis 5
ENSG00000147471	PLPBP	11212	pyridoxal phosphate binding protein
ENSG00000147475	ERLIN2	11160	ER lipid raft associated 2
ENSG00000147509	RGS20	8601	regulator of G protein signaling 20
ENSG00000147526	TACC1	6867	transforming acidic coiled-coil containing protein 1
ENSG00000147533	GOLGA7	51125	golgin A7
ENSG00000147535	PLPP5	84513	phospholipid phosphatase 5
ENSG00000147536	GINS4	84296	GINS complex subunit 4
ENSG00000147548	NSD3	54904	nuclear receptor binding SET domain protein 3
ENSG00000147576	ADHFE1	137872	alcohol dehydrogenase iron containing 1
ENSG00000147586	MRPS28	28957	mitochondrial ribosomal protein S28
ENSG00000147592	LACTB2	51110	lactamase beta 2
ENSG00000147601	TERF1	7013	telomeric repeat binding factor 1
ENSG00000147604	RPL7	6129	ribosomal protein L7
ENSG00000147614	ATP6V0D2	245972	ATPase H+ transporting V0 subunit d2
ENSG00000147642	SYBU	55638	syntabulin
ENSG00000147649	MTDH	92140	metadherin
ENSG00000147650	LRP12	29967	LDL receptor related protein 12
ENSG00000147654	EBAG9	9166	estrogen receptor binding site associated antigen 9
ENSG00000147669	POLR2K	5440	RNA polymerase II, I and III subunit K
ENSG00000147677	EIF3H	8667	eukaryotic translation initiation factor 3 subunit H
ENSG00000147679	UTP23	84294	UTP23 small subunit processome component
ENSG00000147684	NDUFB9	4715	NADH:ubiquinone oxidoreductase subunit B9
ENSG00000147687	TATDN1	83940	TatD DNase domain containing 1
ENSG00000147789	ZNF7	7553	zinc finger protein 7
ENSG00000147799	ARHGAP39	80728	Rho GTPase activating protein 39
ENSG00000147804	SLC39A4	55630	solute carrier family 39 member 4
ENSG00000147813	NAPRT	93100	nicotinate phosphoribosyltransferase
ENSG00000147852	VLDLR	7436	very low density lipoprotein receptor
ENSG00000147853	AK3	50808	adenylate kinase 3
ENSG00000147854	UHRF2	115426	ubiquitin like with PHD and ring finger domains 2
ENSG00000147862	NFIB	4781	nuclear factor I B
ENSG00000147872	PLIN2	123	perilipin 2
ENSG00000147874	HAUS6	54801	HAUS augmin like complex subunit 6
ENSG00000147894	C9orf72	203228	C9orf72-SMCR8 complex subunit
ENSG00000147905	ZCCHC7	84186	zinc finger CCHC-type containing 7
ENSG00000147912	FBXO10	26267	F-box protein 10
ENSG00000147955	SIGMAR1	10280	sigma non-opioid intracellular receptor 1
ENSG00000147996	ZNG1E	220869	Zn regulated GTPase metalloprotein activator 1E
ENSG00000148019	CEP78	84131	centrosomal protein 78
ENSG00000148057	IDNK	414328	IDNK gluconokinase
ENSG00000148090	AUH	549	AU RNA binding methylglutaconyl-CoA hydratase
ENSG00000148110	MFSD14B	84641	major facilitator superfamily domain containing 14B
ENSG00000148120	AOPEP	84909	aminopeptidase O (putative)
ENSG00000148143	ZNF462	58499	zinc finger protein 462
ENSG00000148153	INIP	58493	INTS3 and NABP interacting protein
ENSG00000148154	UGCG	7357	UDP-glucose ceramide glucosyltransferase
ENSG00000148158	SNX30	401548	sorting nexin family member 30
ENSG00000148175	STOM	2040	stomatin
ENSG00000148180	GSN	2934	gelsolin
ENSG00000148187	MRRF	92399	mitochondrial ribosome recycling factor
ENSG00000148218	ALAD	210	aminolevulinate dehydratase
ENSG00000148219	ASTN2	23245	astrotactin 2
ENSG00000148225	WDR31	114987	WD repeat domain 31
ENSG00000148229	POLE3	54107	DNA polymerase epsilon 3, accessory subunit
ENSG00000148248	SURF4	6836	surfeit 4
ENSG00000148288	GBGT1	26301	globoside alpha-1,3-N-acetylgalactosaminyltransferase 1 (FORS blood group)
ENSG00000148290	SURF1	6834	SURF1 cytochrome c oxidase assembly factor
ENSG00000148291	SURF2	6835	surfeit 2
ENSG00000148296	SURF6	6838	surfeit 6
ENSG00000148297	MED22	6837	mediator complex subunit 22
ENSG00000148300	REXO4	57109	REX4 homolog, 3'-5' exonuclease
ENSG00000148303	RPL7A	6130	ribosomal protein L7a
ENSG00000148308	GTF3C5	9328	general transcription factor IIIC subunit 5
ENSG00000148331	ASB6	140459	ankyrin repeat and SOCS box containing 6
ENSG00000148334	PTGES2	80142	prostaglandin E synthase 2
ENSG00000148335	NTMT1	28989	N-terminal Xaa-Pro-Lys N-methyltransferase 1
ENSG00000148337	CIZ1	25792	CDKN1A interacting zinc finger protein 1
ENSG00000148339	SLC25A25	114789	solute carrier family 25 member 25
ENSG00000148341	SH3GLB2	56904	SH3 domain containing GRB2 like, endophilin B2
ENSG00000148343	MIGA2	84895	mitoguardin 2
ENSG00000148344	PTGES	9536	prostaglandin E synthase
ENSG00000148346	LCN2	3934	lipocalin 2
ENSG00000148356	LRSAM1	90678	leucine rich repeat and sterile alpha motif containing 1
ENSG00000148358	GPR107	57720	G protein-coupled receptor 107
ENSG00000148362	PAXX	286257	PAXX non-homologous end joining factor
ENSG00000148377	IDI2	91734	isopentenyl-diphosphate delta isomerase 2
ENSG00000148384	INPP5E	56623	inositol polyphosphate-5-phosphatase E
ENSG00000148396	SEC16A	9919	SEC16 homolog A, endoplasmic reticulum export factor
ENSG00000148399	DPH7	92715	diphthamide biosynthesis 7
ENSG00000148400	NOTCH1	4851	notch receptor 1
ENSG00000148411	NACC2	138151	NACC family member 2
ENSG00000148426	PROSER2	254427	proline and serine rich 2
ENSG00000148429	USP6NL	9712	USP6 N-terminal like
ENSG00000148444	COMMD3	23412	COMM domain containing 3
ENSG00000148450	MSRB2	22921	methionine sulfoxide reductase B2
ENSG00000148459	PDSS1	23590	decaprenyl diphosphate synthase subunit 1
ENSG00000148468	FAM171A1	221061	family with sequence similarity 171 member A1
ENSG00000148481	MINDY3	80013	MINDY lysine 48 deubiquitinase 3
ENSG00000148484	RSU1	6251	Ras suppressor protein 1
ENSG00000148498	PARD3	56288	par-3 family cell polarity regulator
ENSG00000148513	ANKRD30A	91074	ankyrin repeat domain 30A
ENSG00000148516	ZEB1	6935	zinc finger E-box binding homeobox 1
ENSG00000148572	NRBF2	29982	nuclear receptor binding factor 2
ENSG00000148584	A1CF	29974	APOBEC1 complementation factor
ENSG00000148606	POLR3A	11128	RNA polymerase III subunit A
ENSG00000148634	HERC4	26091	HECT and RLD domain containing E3 ubiquitin protein ligase 4
ENSG00000148655	LRMDA	83938	leucine rich melanocyte differentiation associated
ENSG00000148660	CAMK2G	818	calcium/calmodulin dependent protein kinase II gamma
ENSG00000148671	ADIRF	10974	adipogenesis regulatory factor
ENSG00000148672	GLUD1	2746	glutamate dehydrogenase 1
ENSG00000148677	ANKRD1	27063	ankyrin repeat domain 1
ENSG00000148688	RPP30	10556	ribonuclease P/MRP subunit p30
ENSG00000148690	FRA10AC1	118924	FRA10A associated CGG repeat 1
ENSG00000148700	ADD3	120	adducin 3
ENSG00000148719	DNAJB12	54788	DnaJ heat shock protein family (Hsp40) member B12
ENSG00000148730	EIF4EBP2	1979	eukaryotic translation initiation factor 4E binding protein 2
ENSG00000148737	TCF7L2	6934	transcription factor 7 like 2
ENSG00000148773	MKI67	4288	marker of proliferation Ki-67
ENSG00000148798	INA	9118	internexin neuronal intermediate filament protein alpha
ENSG00000148803	FUOM	282969	fucose mutarotase
ENSG00000148814	LRRC27	80313	leucine rich repeat containing 27
ENSG00000148824	MTG1	92170	mitochondrial ribosome associated GTPase 1
ENSG00000148832	PAOX	196743	polyamine oxidase
ENSG00000148834	GSTO1	9446	glutathione S-transferase omega 1
ENSG00000148835	TAF5	6877	TATA-box binding protein associated factor 5
ENSG00000148840	PPRC1	23082	PPARG related coactivator 1
ENSG00000148841	ITPRIP	85450	inositol 1,4,5-trisphosphate receptor interacting protein
ENSG00000148842	CNNM2	54805	cyclin and CBS domain divalent metal cation transport mediator 2
ENSG00000148843	PDCD11	22984	programmed cell death 11
ENSG00000148848	ADAM12	8038	ADAM metallopeptidase domain 12
ENSG00000148908	RGS10	6001	regulator of G protein signaling 10
ENSG00000148925	BTBD10	84280	BTB domain containing 10
ENSG00000148926	ADM	133	adrenomedullin
ENSG00000148943	LIN7C	55327	lin-7 homolog C, crumbs cell polarity complex component
ENSG00000148950	IMMP1L	196294	inner mitochondrial membrane peptidase subunit 1
ENSG00000148985	PGAP2	27315	post-GPI attachment to proteins 2
ENSG00000149016	TUT1	64852	terminal uridylyl transferase 1, U6 snRNA-specific
ENSG00000149084	HSD17B12	51144	hydroxysteroid 17-beta dehydrogenase 12
ENSG00000149089	APIP	51074	APAF1 interacting protein
ENSG00000149091	DGKZ	8525	diacylglycerol kinase zeta
ENSG00000149100	EIF3M	10480	eukaryotic translation initiation factor 3 subunit M
ENSG00000149115	TNKS1BP1	85456	tankyrase 1 binding protein 1
ENSG00000149136	SSRP1	6749	structure specific recognition protein 1
ENSG00000149150	SLC43A1	8501	solute carrier family 43 member 1
ENSG00000149177	PTPRJ	5795	protein tyrosine phosphatase receptor type J
ENSG00000149179	CSTPP1	79096	centriolar satellite-associated tubulin polyglutamylase complex regulator 1
ENSG00000149182	ARFGAP2	84364	ADP ribosylation factor GTPase activating protein 2
ENSG00000149187	CELF1	10658	CUGBP Elav-like family member 1
ENSG00000149196	HIKESHI	51501	heat shock protein nuclear import factor hikeshi
ENSG00000149218	ENDOD1	23052	endonuclease domain containing 1
ENSG00000149231	CCDC82	79780	coiled-coil domain containing 82
ENSG00000149257	SERPINH1	871	serpin family H member 1
ENSG00000149260	CAPN5	726	calpain 5
ENSG00000149262	INTS4	92105	integrator complex subunit 4
ENSG00000149269	PAK1	5058	p21 (RAC1) activated kinase 1
ENSG00000149273	RPS3	6188	ribosomal protein S3
ENSG00000149289	ZC3H12C	85463	zinc finger CCCH-type containing 12C
ENSG00000149292	TTC12	54970	tetratricopeptide repeat domain 12
ENSG00000149308	NPAT	4863	nuclear protein, coactivator of histone transcription
ENSG00000149311	ATM	472	ATM serine/threonine kinase
ENSG00000149313	AASDHPPT	60496	aminoadipate-semialdehyde dehydrogenase-phosphopantetheinyl transferase
ENSG00000149328	GLB1L2	89944	galactosidase beta 1 like 2
ENSG00000149346	SLX4IP	128710	SLX4 interacting protein
ENSG00000149357	LAMTOR1	55004	late endosomal/lysosomal adaptor, MAPK and MTOR activator 1
ENSG00000149380	P4HA3	283208	prolyl 4-hydroxylase subunit alpha 3
ENSG00000149428	HYOU1	10525	hypoxia up-regulated 1
ENSG00000149474	KAT14	57325	lysine acetyltransferase 14
ENSG00000149476	TKFC	26007	triokinase and FMN cyclase
ENSG00000149480	MTA2	9219	metastasis associated 1 family member 2
ENSG00000149483	TMEM138	51524	transmembrane protein 138
ENSG00000149485	FADS1	3992	fatty acid desaturase 1
ENSG00000149489	ROM1	6094	retinal outer segment membrane protein 1
ENSG00000149499	EML3	256364	EMAP like 3
ENSG00000149503	INCENP	3619	inner centromere protein
ENSG00000149532	CPSF7	79869	cleavage and polyadenylation specific factor 7
ENSG00000149541	B3GAT3	26229	beta-1,3-glucuronyltransferase 3
ENSG00000149547	EI24	9538	EI24 autophagy associated transmembrane protein
ENSG00000149554	CHEK1	1111	checkpoint kinase 1
ENSG00000149557	FEZ1	9638	fasciculation and elongation protein zeta 1
ENSG00000149564	ESAM	90952	endothelial cell adhesion molecule
ENSG00000149571	KIRREL3	84623	kirre like nephrin family adhesion molecule 3
ENSG00000149577	SIDT2	51092	SID1 transmembrane family member 2
ENSG00000149591	TAGLN	6876	transgelin
ENSG00000149599	DUSP15	128853	dual specificity phosphatase 15
ENSG00000149600	COMMD7	149951	COMM domain containing 7
ENSG00000149634	SPATA25	128497	spermatogenesis associated 25
ENSG00000149636	DSN1	79980	DSN1 component of MIS12 kinetochore complex
ENSG00000149639	MTCL2	140710	microtubule crosslinking factor 2
ENSG00000149657	LSM14B	149986	LSM family member 14B
ENSG00000149658	YTHDF1	54915	YTH N6-methyladenosine RNA binding protein F1
ENSG00000149679	CABLES2	81928	Cdk5 and Abl enzyme substrate 2
ENSG00000149716	LTO1	220064	LTO1 maturation factor of ABCE1
ENSG00000149743	TRPT1	83707	tRNA phosphotransferase 1
ENSG00000149761	NUDT22	84304	nudix hydrolase 22
ENSG00000149782	PLCB3	5331	phospholipase C beta 3
ENSG00000149792	MRPL49	740	mitochondrial ribosomal protein L49
ENSG00000149798	CDC42EP2	10435	CDC42 effector protein 2
ENSG00000149806	FAU	2197	FAU ubiquitin like and ribosomal protein S30 fusion
ENSG00000149809	TM7SF2	7108	transmembrane 7 superfamily member 2
ENSG00000149823	VPS51	738	VPS51 subunit of GARP complex
ENSG00000149922	TBX6	6911	T-box transcription factor 6
ENSG00000149923	PPP4C	5531	protein phosphatase 4 catalytic subunit
ENSG00000149925	ALDOA	226	aldolase, fructose-bisphosphate A
ENSG00000149927	DOC2A	8448	double C2 domain alpha
ENSG00000149929	HIRIP3	8479	HIRA interacting protein 3
ENSG00000149930	TAOK2	9344	TAO kinase 2
ENSG00000149932	TMEM219	124446	transmembrane protein 219
ENSG00000149948	HMGA2	8091	high mobility group AT-hook 2
ENSG00000149970	CNKSR2	22866	connector enhancer of kinase suppressor of Ras 2
ENSG00000150093	ITGB1	3688	integrin subunit beta 1
ENSG00000150316	CWC15	51503	CWC15 spliceosome associated protein homolog
ENSG00000150347	ARID5B	84159	AT-rich interaction domain 5B
ENSG00000150401	DCUN1D2	55208	defective in cullin neddylation 1 domain containing 2
ENSG00000150403	TMCO3	55002	transmembrane and coiled-coil domains 3
ENSG00000150433	TMEM218	219854	transmembrane protein 218
ENSG00000150455	TIRAP	114609	TIR domain containing adaptor protein
ENSG00000150456	EEF1AKMT1	221143	EEF1A lysine methyltransferase 1
ENSG00000150457	LATS2	26524	large tumor suppressor kinase 2
ENSG00000150459	SAP18	10284	Sin3A associated protein 18
ENSG00000150477	KIAA1328	57536	KIAA1328
ENSG00000150527	MIA2	4253	MIA SH3 domain ER export factor 2
ENSG00000150540	HNMT	3176	histamine N-methyltransferase
ENSG00000150551	LYPD1	116372	LY6/PLAUR domain containing 1
ENSG00000150593	PDCD4	27250	programmed cell death 4
ENSG00000150627	WDR17	116966	WD repeat domain 17
ENSG00000150630	VEGFC	7424	vascular endothelial growth factor C
ENSG00000150672	DLG2	1740	discs large MAGUK scaffold protein 2
ENSG00000150687	PRSS23	11098	serine protease 23
ENSG00000150712	MTMR12	54545	myotubularin related protein 12
ENSG00000150753	CCT5	22948	chaperonin containing TCP1 subunit 5
ENSG00000150756	ATPSCKMT	134145	ATP synthase c subunit lysine N-methyltransferase
ENSG00000150760	DOCK1	1793	dedicator of cytokinesis 1
ENSG00000150764	DIXDC1	85458	DIX domain containing 1
ENSG00000150768	DLAT	1737	dihydrolipoamide S-acetyltransferase
ENSG00000150773	PIH1D2	120379	PIH1 domain containing 2
ENSG00000150776	NKAPD1	55216	NKAP domain containing 1
ENSG00000150779	TIMM8B	26521	translocase of inner mitochondrial membrane 8 homolog B
ENSG00000150782	IL18	3606	interleukin 18
ENSG00000150787	PTS	5805	6-pyruvoyltetrahydropterin synthase
ENSG00000150867	PIP4K2A	5305	phosphatidylinositol-5-phosphate 4-kinase type 2 alpha
ENSG00000150907	FOXO1	2308	forkhead box O1
ENSG00000150938	CRIM1	51232	cysteine rich transmembrane BMP regulator 1
ENSG00000150961	SEC24D	9871	SEC24 homolog D, COPII coat complex component
ENSG00000150967	ABCB9	23457	ATP binding cassette subfamily B member 9
ENSG00000150977	RILPL2	196383	Rab interacting lysosomal protein like 2
ENSG00000150990	DHX37	57647	DEAH-box helicase 37
ENSG00000150991	UBC	7316	ubiquitin C
ENSG00000150995	ITPR1	3708	inositol 1,4,5-trisphosphate receptor type 1
ENSG00000151012	SLC7A11	23657	solute carrier family 7 member 11
ENSG00000151014	NOCT	25819	nocturnin
ENSG00000151065	DCP1B	196513	decapping mRNA 1B
ENSG00000151090	THRB	7068	thyroid hormone receptor beta
ENSG00000151092	NGLY1	55768	N-glycanase 1
ENSG00000151093	OXSM	54995	3-oxoacyl-ACP synthase, mitochondrial
ENSG00000151116	UEVLD	55293	UEV and lactate/malate dehyrogenase domains
ENSG00000151131	NOPCHAP1	121053	NOP protein chaperone 1
ENSG00000151135	TMEM263	90488	transmembrane protein 263
ENSG00000151136	ABTB3	121551	ankyrin repeat and BTB domain containing 3
ENSG00000151148	UBE3B	89910	ubiquitin protein ligase E3B
ENSG00000151150	ANK3	288	ankyrin 3
ENSG00000151151	IPMK	253430	inositol polyphosphate multikinase
ENSG00000151176	PLBD2	196463	phospholipase B domain containing 2
ENSG00000151208	DLG5	9231	discs large MAGUK scaffold protein 5
ENSG00000151229	SLC2A13	114134	solute carrier family 2 member 13
ENSG00000151233	GXYLT1	283464	glucoside xylosyltransferase 1
ENSG00000151239	TWF1	5756	twinfilin actin binding protein 1
ENSG00000151240	DIP2C	22982	disco interacting protein 2 homolog C
ENSG00000151247	EIF4E	1977	eukaryotic translation initiation factor 4E
ENSG00000151276	MAGI1	9223	membrane associated guanylate kinase, WW and PDZ domain containing 1
ENSG00000151287	TEX30	93081	testis expressed 30
ENSG00000151292	CSNK1G3	1456	casein kinase 1 gamma 3
ENSG00000151304	SRFBP1	153443	serum response factor binding protein 1
ENSG00000151327	FAM177A1	283635	family with sequence similarity 177 member A1
ENSG00000151332	MBIP	51562	MAP3K12 binding inhibitory protein 1
ENSG00000151338	MIPOL1	145282	mirror-image polydactyly 1
ENSG00000151348	EXT2	2132	exostosin glycosyltransferase 2
ENSG00000151353	TMEM18	129787	transmembrane protein 18
ENSG00000151366	NDUFC2	4718	NADH:ubiquinone oxidoreductase subunit C2
ENSG00000151376	ME3	10873	malic enzyme 3
ENSG00000151388	ADAMTS12	81792	ADAM metallopeptidase with thrombospondin type 1 motif 12
ENSG00000151413	NUBPL	80224	NUBP iron-sulfur cluster assembly factor, mitochondrial
ENSG00000151414	NEK7	140609	NIMA related kinase 7
ENSG00000151422	FER	2241	FER tyrosine kinase
ENSG00000151445	VIPAS39	63894	VPS33B interacting protein, apical-basolateral polarity regulator, spe-39 homolog
ENSG00000151458	ANKRD50	57182	ankyrin repeat domain containing 50
ENSG00000151461	UPF2	26019	UPF2 regulator of nonsense mediated mRNA decay
ENSG00000151465	CDC123	8872	cell division cycle 123
ENSG00000151466	SCLT1	132320	sodium channel and clathrin linker 1
ENSG00000151470	C4orf33	132321	chromosome 4 open reading frame 33
ENSG00000151474	FRMD4A	55691	FERM domain containing 4A
ENSG00000151491	EPS8	2059	epidermal growth factor receptor pathway substrate 8
ENSG00000151498	ACAD8	27034	acyl-CoA dehydrogenase family member 8
ENSG00000151500	THYN1	29087	thymocyte nuclear protein 1
ENSG00000151502	VPS26B	112936	VPS26 retromer complex component B
ENSG00000151503	NCAPD3	23310	non-SMC condensin II complex subunit D3
ENSG00000151532	VTI1A	143187	vesicle transport through interaction with t-SNAREs 1A
ENSG00000151552	QDPR	5860	quinoid dihydropteridine reductase
ENSG00000151553	FHIP2A	57700	FHF complex subunit HOOK interacting protein 2A
ENSG00000151575	TEX9	374618	testis expressed 9
ENSG00000151576	QTRT2	79691	queuine tRNA-ribosyltransferase accessory subunit 2
ENSG00000151611	MMAA	166785	metabolism of cobalamin associated A
ENSG00000151612	ZNF827	152485	zinc finger protein 827
ENSG00000151632	AKR1C2	1646	aldo-keto reductase family 1 member C2
ENSG00000151640	DPYSL4	10570	dihydropyrimidinase like 4
ENSG00000151651	ADAM8	101	ADAM metallopeptidase domain 8
ENSG00000151655	ITIH2	3698	inter-alpha-trypsin inhibitor heavy chain 2
ENSG00000151657	KIN	22944	Kin17 DNA and RNA binding protein
ENSG00000151665	PIGF	5281	phosphatidylinositol glycan anchor biosynthesis class F
ENSG00000151689	INPP1	3628	inositol polyphosphate-1-phosphatase
ENSG00000151690	MFSD6	54842	major facilitator superfamily domain containing 6
ENSG00000151692	RNF144A	9781	ring finger protein 144A
ENSG00000151693	ASAP2	8853	ArfGAP with SH3 domain, ankyrin repeat and PH domain 2
ENSG00000151694	ADAM17	6868	ADAM metallopeptidase domain 17
ENSG00000151718	WWC2	80014	WW and C2 domain containing 2
ENSG00000151725	CENPU	79682	centromere protein U
ENSG00000151726	ACSL1	2180	acyl-CoA synthetase long chain family member 1
ENSG00000151729	SLC25A4	291	solute carrier family 25 member 4
ENSG00000151743	AMN1	196394	antagonist of mitotic exit network 1 homolog
ENSG00000151746	BICD1	636	BICD cargo adaptor 1
ENSG00000151748	SAV1	60485	salvador family WW domain containing protein 1
ENSG00000151773	CCDC122	160857	coiled-coil domain containing 122
ENSG00000151779	NBAS	51594	NBAS subunit of NRZ tethering complex
ENSG00000151790	TDO2	6999	tryptophan 2,3-dioxygenase
ENSG00000151806	GUF1	60558	GTP binding elongation factor GUF1
ENSG00000151835	SACS	26278	sacsin molecular chaperone
ENSG00000151849	CENPJ	55835	centromere protein J
ENSG00000151876	FBXO4	26272	F-box protein 4
ENSG00000151881	TMEM267	64417	transmembrane protein 267
ENSG00000151892	GFRA1	2674	GDNF family receptor alpha 1
ENSG00000151893	CACUL1	143384	CDK2 associated cullin domain 1
ENSG00000151914	DST	667	dystonin
ENSG00000151923	TIAL1	7073	TIA1 cytotoxic granule associated RNA binding protein like 1
ENSG00000151929	BAG3	9531	BAG cochaperone 3
ENSG00000152056	AP1S3	130340	adaptor related protein complex 1 subunit sigma 3
ENSG00000152061	RABGAP1L	9910	RAB GTPase activating protein 1 like
ENSG00000152076	CCDC74B	91409	coiled-coil domain containing 74B
ENSG00000152078	TLCD4	148534	TLC domain containing 4
ENSG00000152082	MZT2B	80097	mitotic spindle organizing protein 2B
ENSG00000152102	FAM168B	130074	family with sequence similarity 168 member B
ENSG00000152104	PTPN14	5784	protein tyrosine phosphatase non-receptor type 14
ENSG00000152127	MGAT5	4249	alpha-1,6-mannosylglycoprotein 6-beta-N-acetylglucosaminyltransferase
ENSG00000152133	GPATCH11	253635	G-patch domain containing 11
ENSG00000152137	HSPB8	26353	heat shock protein family B (small) member 8
ENSG00000152147	GEMIN6	79833	gem nuclear organelle associated protein 6
ENSG00000152154	TMEM178A	130733	transmembrane protein 178A
ENSG00000152193	OBI1	79596	ORC ubiquitin ligase 1
ENSG00000152219	ARL14EP	120534	ADP ribosylation factor like GTPase 14 effector protein
ENSG00000152223	EPG5	57724	ectopic P-granules 5 autophagy tethering factor
ENSG00000152234	ATP5F1A	498	ATP synthase F1 subunit alpha
ENSG00000152240	HAUS1	115106	HAUS augmin like complex subunit 1
ENSG00000152242	ARK2N	147339	arkadia (RNF111) N-terminal like PKA signaling regulator 2N
ENSG00000152253	SPC25	57405	SPC25 component of NDC80 kinetochore complex
ENSG00000152256	PDK1	5163	pyruvate dehydrogenase kinase 1
ENSG00000152270	PDE3B	5140	phosphodiesterase 3B
ENSG00000152284	TCF7L1	83439	transcription factor 7 like 1
ENSG00000152291	TGOLN2	10618	trans-golgi network protein 2
ENSG00000152332	UHMK1	127933	U2AF homology motif kinase 1
ENSG00000152348	ATG10	83734	autophagy related 10
ENSG00000152359	POC5	134359	POC5 centriolar protein
ENSG00000152377	SPOCK1	6695	SPARC (osteonectin), cwcv and kazal like domains proteoglycan 1
ENSG00000152382	TADA1	117143	transcriptional adaptor 1
ENSG00000152404	CWF19L2	143884	CWF19 like cell cycle control factor 2
ENSG00000152409	JMY	133746	junction mediating and regulatory protein, p53 cofactor
ENSG00000152413	HOMER1	9456	homer scaffold protein 1
ENSG00000152422	XRCC4	7518	X-ray repair cross complementing 4
ENSG00000152439	ZNF773	374928	zinc finger protein 773
ENSG00000152443	ZNF776	284309	zinc finger protein 776
ENSG00000152455	SUV39H2	79723	SUV39H2 histone lysine methyltransferase
ENSG00000152457	DCLRE1C	64421	DNA cross-link repair 1C
ENSG00000152464	RPP38	10557	ribonuclease P/MRP subunit p38
ENSG00000152465	NMT2	9397	N-myristoyltransferase 2
ENSG00000152484	USP12	219333	ubiquitin specific peptidase 12
ENSG00000152492	CCDC50	152137	coiled-coil domain containing 50
ENSG00000152503	TRIM36	55521	tripartite motif containing 36
ENSG00000152518	ZFP36L2	678	ZFP36 ring finger protein like 2
ENSG00000152520	PAN3	255967	poly(A) specific ribonuclease subunit PAN3
ENSG00000152527	PLEKHH2	130271	pleckstrin homology, MyTH4 and FERM domain containing H2
ENSG00000152556	PFKM	5213	phosphofructokinase, muscle
ENSG00000152558	TMEM123	114908	transmembrane protein 123
ENSG00000152582	SPEF2	79925	sperm flagellar 2
ENSG00000152601	MBNL1	4154	muscleblind like splicing regulator 1
ENSG00000152620	NADK2	133686	NAD kinase 2, mitochondrial
ENSG00000152642	GPD1L	23171	glycerol-3-phosphate dehydrogenase 1 like
ENSG00000152661	GJA1	2697	gap junction protein alpha 1
ENSG00000152669	CCNO	10309	cyclin O
ENSG00000152683	SLC30A6	55676	solute carrier family 30 member 6
ENSG00000152684	PELO	53918	pelota mRNA surveillance and ribosome rescue factor
ENSG00000152689	RASGRP3	25780	RAS guanyl releasing protein 3
ENSG00000152700	SAR1B	51128	secretion associated Ras related GTPase 1B
ENSG00000152749	GPR180	160897	G protein-coupled receptor 180
ENSG00000152767	FARP1	10160	FERM, ARH/RhoGEF and pleckstrin domain protein 1
ENSG00000152778	IFIT5	24138	interferon induced protein with tetratricopeptide repeats 5
ENSG00000152782	PANK1	53354	pantothenate kinase 1
ENSG00000152795	HNRNPDL	9987	heterogeneous nuclear ribonucleoprotein D like
ENSG00000152804	HHEX	3087	hematopoietically expressed homeobox
ENSG00000152818	UTRN	7402	utrophin
ENSG00000152894	PTPRK	5796	protein tyrosine phosphatase receptor type K
ENSG00000152904	GGPS1	9453	geranylgeranyl diphosphate synthase 1
ENSG00000152939	MARVELD2	153562	MARVEL domain containing 2
ENSG00000152942	RAD17	5884	RAD17 checkpoint clamp loader component
ENSG00000152944	MED21	9412	mediator complex subunit 21
ENSG00000152952	PLOD2	5352	procollagen-lysine,2-oxoglutarate 5-dioxygenase 2
ENSG00000152953	STK32B	55351	serine/threonine kinase 32B
ENSG00000152990	ADGRA3	166647	adhesion G protein-coupled receptor A3
ENSG00000153006	SREK1IP1	285672	SREK1 interacting protein 1
ENSG00000153015	CWC27	10283	CWC27 spliceosome associated cyclophilin
ENSG00000153029	MR1	3140	major histocompatibility complex, class I-related
ENSG00000153037	SRP19	6728	signal recognition particle 19
ENSG00000153044	CENPH	64946	centromere protein H
ENSG00000153046	CDYL	9425	chromodomain Y like
ENSG00000153048	CARHSP1	23589	calcium regulated heat stable protein 1
ENSG00000153064	BANK1	55024	B cell scaffold protein with ankyrin repeats 1
ENSG00000153066	TXNDC11	51061	thioredoxin domain containing 11
ENSG00000153071	DAB2	1601	DAB adaptor protein 2
ENSG00000153094	BCL2L11	10018	BCL2 like 11
ENSG00000153107	ANAPC1	64682	anaphase promoting complex subunit 1
ENSG00000153113	CAST	831	calpastatin
ENSG00000153130	SCOC	60592	short coiled-coil protein
ENSG00000153132	CLGN	1047	calmegin
ENSG00000153140	CETN3	1070	centrin 3
ENSG00000153147	SMARCA5	8467	SWI/SNF related, matrix associated, actin dependent regulator of chromatin, subfamily a, member 5
ENSG00000153157	SYCP2L	221711	synaptonemal complex protein 2 like
ENSG00000153162	BMP6	654	bone morphogenetic protein 6
ENSG00000153165	RGPD3	653489	RANBP2 like and GRIP domain containing 3
ENSG00000153179	RASSF3	283349	Ras association domain family member 3
ENSG00000153187	HNRNPU	3192	heterogeneous nuclear ribonucleoprotein U
ENSG00000153201	RANBP2	5903	RAN binding protein 2
ENSG00000153207	AHCTF1	25909	AT-hook containing transcription factor 1
ENSG00000153208	MERTK	10461	MER proto-oncogene, tyrosine kinase
ENSG00000153214	TMEM87B	84910	transmembrane protein 87B
ENSG00000153234	NR4A2	4929	nuclear receptor subfamily 4 group A member 2
ENSG00000153237	CCDC148	130940	coiled-coil domain containing 148
ENSG00000153246	PLA2R1	22925	phospholipase A2 receptor 1
ENSG00000153250	RBMS1	5937	RNA binding motif single stranded interacting protein 1
ENSG00000153294	ADGRF4	221393	adhesion G protein-coupled receptor F4
ENSG00000153310	CYRIB	51571	CYFIP related Rac1 interactor B
ENSG00000153317	ASAP1	50807	ArfGAP with SH3 domain, ankyrin repeat and PH domain 1
ENSG00000153339	TRAPPC8	22878	trafficking protein particle complex subunit 8
ENSG00000153363	LINC00467	84791	long intergenic non-protein coding RNA 467
ENSG00000153391	INO80C	125476	INO80 complex subunit C
ENSG00000153395	LPCAT1	79888	lysophosphatidylcholine acyltransferase 1
ENSG00000153406	NMRAL1	57407	NmrA like redox sensor 1
ENSG00000153443	UBALD1	124402	UBA like domain containing 1
ENSG00000153485	LYSET	26175	lysosomal enzyme trafficking factor
ENSG00000153487	ING1	3621	inhibitor of growth family member 1
ENSG00000153531	ADPRHL1	113622	ADP-ribosylhydrolase like 1
ENSG00000153551	CMTM7	112616	CKLF like MARVEL transmembrane domain containing 7
ENSG00000153558	FBXL2	25827	F-box and leucine rich repeat protein 2
ENSG00000153560	UBP1	7342	upstream binding protein 1
ENSG00000153561	RMND5A	64795	required for meiotic nuclear division 5 homolog A
ENSG00000153574	RPIA	22934	ribose 5-phosphate isomerase A
ENSG00000153707	PTPRD	5789	protein tyrosine phosphatase receptor type D
ENSG00000153714	LURAP1L	286343	leucine rich adaptor protein 1 like
ENSG00000153721	CNKSR3	154043	CNKSR family member 3
ENSG00000153767	GTF2E1	2960	general transcription factor IIE subunit 1
ENSG00000153774	CFDP1	10428	craniofacial development protein 1
ENSG00000153786	ZDHHC7	55625	zinc finger DHHC-type palmitoyltransferase 7
ENSG00000153790	SPMIP4	136895	sperm microtubule inner protein 4
ENSG00000153814	JAZF1	221895	JAZF zinc finger 1
ENSG00000153815	CMIP	80790	c-Maf inducing protein
ENSG00000153822	KCNJ16	3773	potassium inwardly rectifying channel subfamily J member 16
ENSG00000153823	PID1	55022	phosphotyrosine interaction domain containing 1
ENSG00000153827	TRIP12	9320	thyroid hormone receptor interactor 12
ENSG00000153832	FBXO36	130888	F-box protein 36
ENSG00000153879	CEBPG	1054	CCAAT enhancer binding protein gamma
ENSG00000153885	KCTD15	79047	potassium channel tetramerization domain containing 15
ENSG00000153896	ZNF599	148103	zinc finger protein 599
ENSG00000153898	MCOLN2	255231	mucolipin TRP cation channel 2
ENSG00000153904	DDAH1	23576	dimethylarginine dimethylaminohydrolase 1
ENSG00000153914	SREK1	140890	splicing regulatory glutamic acid and lysine rich protein 1
ENSG00000153922	CHD1	1105	chromodomain helicase DNA binding protein 1
ENSG00000153933	DGKE	8526	diacylglycerol kinase epsilon
ENSG00000153936	HS2ST1	9653	heparan sulfate 2-O-sulfotransferase 1
ENSG00000153944	MSI2	124540	musashi RNA binding protein 2
ENSG00000153956	CACNA2D1	781	calcium voltage-gated channel auxiliary subunit alpha2delta 1
ENSG00000153975	ZUP1	221302	zinc finger containing ubiquitin peptidase 1
ENSG00000153982	GDPD1	284161	glycerophosphodiester phosphodiesterase domain containing 1
ENSG00000153989	NUS1	116150	NUS1 dehydrodolichyl diphosphate synthase subunit
ENSG00000154001	PPP2R5E	5529	protein phosphatase 2 regulatory subunit B'epsilon
ENSG00000154027	AK5	26289	adenylate kinase 5
ENSG00000154040	CABYR	26256	calcium binding tyrosine phosphorylation regulated
ENSG00000154059	IMPACT	55364	impact RWD domain protein
ENSG00000154065	ANKRD29	147463	ankyrin repeat domain 29
ENSG00000154079	SDHAF4	135154	succinate dehydrogenase complex assembly factor 4
ENSG00000154096	THY1	7070	Thy-1 cell surface antigen
ENSG00000154102	C16orf74	404550	chromosome 16 open reading frame 74
ENSG00000154114	TBCEL	219899	tubulin folding cofactor E like
ENSG00000154118	JPH3	57338	junctophilin 3
ENSG00000154122	ANKH	56172	ANKH inorganic pyrophosphate transport regulator
ENSG00000154124	OTULIN	90268	OTU deubiquitinase with linear linkage specificity
ENSG00000154127	UBASH3B	84959	ubiquitin associated and SH3 domain containing B
ENSG00000154134	ROBO3	64221	roundabout guidance receptor 3
ENSG00000154144	TBRG1	84897	transforming growth factor beta regulator 1
ENSG00000154146	NRGN	4900	neurogranin
ENSG00000154153	RETREG1	54463	reticulophagy regulator 1
ENSG00000154174	TOMM70	9868	translocase of outer mitochondrial membrane 70
ENSG00000154175	ABI3BP	25890	ABI family member 3 binding protein
ENSG00000154188	ANGPT1	284	angiopoietin 1
ENSG00000154217	PITPNC1	26207	phosphatidylinositol transfer protein cytoplasmic 1
ENSG00000154222	CC2D1B	200014	coiled-coil and C2 domain containing 1B
ENSG00000154229	PRKCA	5578	protein kinase C alpha
ENSG00000154237	LRRK1	79705	leucine rich repeat kinase 1
ENSG00000154240	CEP112	201134	centrosomal protein 112
ENSG00000154265	ABCA5	23461	ATP binding cassette subfamily A member 5
ENSG00000154277	UCHL1	7345	ubiquitin C-terminal hydrolase L1
ENSG00000154305	MIA3	375056	MIA SH3 domain ER export factor 3
ENSG00000154309	DISP1	84976	dispatched RND transporter family member 1
ENSG00000154310	TNIK	23043	TRAF2 and NCK interacting kinase
ENSG00000154319	FAM167A	83648	family with sequence similarity 167 member A
ENSG00000154328	NEIL2	252969	nei like DNA glycosylase 2
ENSG00000154358	OBSCN	84033	obscurin, cytoskeletal calmodulin and titin-interacting RhoGEF
ENSG00000154359	LONRF1	91694	LON peptidase N-terminal domain and ring finger 1
ENSG00000154370	TRIM11	81559	tripartite motif containing 11
ENSG00000154380	ENAH	55740	ENAH actin regulator
ENSG00000154429	CCSAP	126731	centriole, cilia and spindle associated protein
ENSG00000154447	SH3RF1	57630	SH3 domain containing ring finger 1
ENSG00000154473	BUB3	9184	BUB3 mitotic checkpoint protein
ENSG00000154493	C10orf90	118611	chromosome 10 open reading frame 90
ENSG00000154511	DIPK1A	388650	divergent protein kinase domain 1A
ENSG00000154518	ATP5MC3	518	ATP synthase membrane subunit c locus 3
ENSG00000154529	CNTNAP3B	728577	contactin associated protein family member 3B
ENSG00000154545	MAGED4	728239	MAGE family member D4
ENSG00000154548	SRSF12	135295	serine and arginine rich splicing factor 12
ENSG00000154582	ELOC	6921	elongin C
ENSG00000154589	LY96	23643	lymphocyte antigen 96
ENSG00000154639	CXADR	1525	CXADR Ig-like cell adhesion molecule
ENSG00000154640	BTG3	10950	BTG anti-proliferation factor 3
ENSG00000154642	C21orf91	54149	chromosome 21 open reading frame 91
ENSG00000154678	PDE1C	5137	phosphodiesterase 1C
ENSG00000154710	RABGEF1	27342	RAB guanine nucleotide exchange factor 1
ENSG00000154719	MRPL39	54148	mitochondrial ribosomal protein L39
ENSG00000154723	ATP5PF	522	ATP synthase peripheral stalk subunit F6
ENSG00000154727	GABPA	2551	GA binding protein transcription factor subunit alpha
ENSG00000154743	TSEN2	80746	tRNA splicing endonuclease subunit 2
ENSG00000154760	SLFN13	146857	schlafen family member 13
ENSG00000154767	XPC	7508	XPC complex subunit, DNA damage recognition and repair factor
ENSG00000154781	CCDC174	51244	coiled-coil domain containing 174
ENSG00000154803	FLCN	201163	folliculin
ENSG00000154813	DPH3	285381	diphthamide biosynthesis 3
ENSG00000154814	OXNAD1	92106	oxidoreductase NAD binding domain containing 1
ENSG00000154822	PLCL2	23228	phospholipase C like 2
ENSG00000154832	CXXC1	30827	CXXC finger protein 1
ENSG00000154839	SKA1	220134	spindle and kinetochore associated complex subunit 1
ENSG00000154845	PPP4R1	9989	protein phosphatase 4 regulatory subunit 1
ENSG00000154889	MPPE1	65258	metallophosphoesterase 1
ENSG00000154914	USP43	124739	ubiquitin specific peptidase 43
ENSG00000154917	RAB6B	51560	RAB6B, member RAS oncogene family
ENSG00000154920	EME1	146956	essential meiotic structure-specific endonuclease 1
ENSG00000154930	ACSS1	84532	acyl-CoA synthetase short chain family member 1
ENSG00000154945	ANKRD40	91369	ankyrin repeat domain 40
ENSG00000154957	ZNF18	7566	zinc finger protein 18
ENSG00000154978	VOPP1	81552	VOPP1 WW domain binding protein
ENSG00000155008	APOOL	139322	apolipoprotein O like
ENSG00000155016	CYP2U1	113612	cytochrome P450 family 2 subfamily U member 1
ENSG00000155026	RSPH10B	222967	radial spoke head 10 homolog B
ENSG00000155034	FBXL18	80028	F-box and leucine rich repeat protein 18
ENSG00000155085	AK9	221264	adenylate kinase 9
ENSG00000155090	KLF10	7071	KLF transcription factor 10
ENSG00000155093	PTPRN2	5799	protein tyrosine phosphatase receptor type N2
ENSG00000155096	AZIN1	51582	antizyme inhibitor 1
ENSG00000155097	ATP6V1C1	528	ATPase H+ transporting V1 subunit C1
ENSG00000155099	PIP4P2	55529	phosphatidylinositol-4,5-bisphosphate 4-phosphatase 2
ENSG00000155100	OTUD6B	51633	OTU deubiquitinase 6B
ENSG00000155111	CDK19	23097	cyclin dependent kinase 19
ENSG00000155115	GTF3C6	112495	general transcription factor IIIC subunit 6
ENSG00000155158	TTC39B	158219	tetratricopeptide repeat domain 39B
ENSG00000155189	AGPAT5	55326	1-acylglycerol-3-phosphate O-acyltransferase 5
ENSG00000155229	MMS19	64210	MMS19 homolog, cytosolic iron-sulfur assembly component
ENSG00000155252	PI4K2A	55361	phosphatidylinositol 4-kinase type 2 alpha
ENSG00000155254	MARVELD1	83742	MARVEL domain containing 1
ENSG00000155256	ZFYVE27	118813	zinc finger FYVE-type containing 27
ENSG00000155265	GOLGA7B	401647	golgin A7 family member B
ENSG00000155275	TRMT44	152992	tRNA methyltransferase 44 homolog
ENSG00000155287	SLC25A28	81894	solute carrier family 25 member 28
ENSG00000155304	HSPA13	6782	heat shock protein family A (Hsp70) member 13
ENSG00000155313	USP25	29761	ubiquitin specific peptidase 25
ENSG00000155329	ZCCHC10	54819	zinc finger CCHC-type containing 10
ENSG00000155330	C16orf87	388272	chromosome 16 open reading frame 87
ENSG00000155363	MOV10	4343	Mov10 RISC complex RNA helicase
ENSG00000155366	RHOC	389	ras homolog family member C
ENSG00000155367	PPM1J	333926	protein phosphatase, Mg2+/Mn2+ dependent 1J
ENSG00000155368	DBI	1622	diazepam binding inhibitor, acyl-CoA binding protein
ENSG00000155380	SLC16A1	6566	solute carrier family 16 member 1
ENSG00000155393	HEATR3	55027	HEAT repeat containing 3
ENSG00000155428	TRIM74	378108	tripartite motif containing 74
ENSG00000155438	NIFK	84365	nucleolar protein interacting with the FHA domain of MKI67
ENSG00000155463	OXA1L	5018	OXA1L mitochondrial inner membrane protein
ENSG00000155465	SLC7A7	9056	solute carrier family 7 member 7
ENSG00000155506	LARP1	23367	La ribonucleoprotein 1, translational regulator
ENSG00000155508	CNOT8	9337	CCR4-NOT transcription complex subunit 8
ENSG00000155542	SETD9	133383	SET domain containing 9
ENSG00000155545	MIER3	166968	MIER family member 3
ENSG00000155561	NUP205	23165	nucleoporin 205
ENSG00000155592	ZKSCAN2	342357	zinc finger with KRAB and SCAN domains 2
ENSG00000155621	C9orf85	138241	chromosome 9 open reading frame 85
ENSG00000155629	PIK3AP1	118788	phosphoinositide-3-kinase adaptor protein 1
ENSG00000155636	RBM45	129831	RNA binding motif protein 45
ENSG00000155660	PDIA4	9601	protein disulfide isomerase family A member 4
ENSG00000155729	KCTD18	130535	potassium channel tetramerization domain containing 18
ENSG00000155744	HYCC2	285172	hyccin PI4KA lipid kinase complex subunit 2
ENSG00000155755	TMEM237	65062	transmembrane protein 237
ENSG00000155760	FZD7	8324	frizzled class receptor 7
ENSG00000155792	DEPTOR	64798	DEP domain containing MTOR interacting protein
ENSG00000155816	FMN2	56776	formin 2
ENSG00000155827	RNF20	56254	ring finger protein 20
ENSG00000155849	ELMO1	9844	engulfment and cell motility 1
ENSG00000155850	SLC26A2	1836	solute carrier family 26 member 2
ENSG00000155858	LSM11	134353	LSM11, U7 small nuclear RNA associated
ENSG00000155868	MED7	9443	mediator complex subunit 7
ENSG00000155876	RRAGA	10670	Ras related GTP binding A
ENSG00000155893	PXYLP1	92370	2-phosphoxylose phosphatase 1
ENSG00000155903	RASA2	5922	RAS p21 protein activator 2
ENSG00000155906	RMND1	55005	required for meiotic nuclear division 1 homolog
ENSG00000155957	TMBIM4	51643	transmembrane BAX inhibitor motif containing 4
ENSG00000155959	VBP1	7411	VHL binding protein 1
ENSG00000155961	RAB39B	116442	RAB39B, member RAS oncogene family
ENSG00000155970	MICU3	286097	mitochondrial calcium uptake family member 3
ENSG00000155975	VPS37A	137492	VPS37A subunit of ESCRT-I
ENSG00000156011	PSD3	23362	pleckstrin and Sec7 domain containing 3
ENSG00000156017	CARNMT1	138199	carnosine N-methyltransferase 1
ENSG00000156026	MCU	90550	mitochondrial calcium uniporter
ENSG00000156030	MIDEAS	91748	mitotic deacetylase associated SANT domain protein
ENSG00000156050	FAM161B	145483	FAM161 centrosomal protein B
ENSG00000156052	GNAQ	2776	G protein subunit alpha q
ENSG00000156110	ADK	132	adenosine kinase
ENSG00000156113	KCNMA1	3778	potassium calcium-activated channel subfamily M alpha 1
ENSG00000156136	DCK	1633	deoxycytidine kinase
ENSG00000156150	ALX3	257	ALX homeobox 3
ENSG00000156162	DPY19L4	286148	dpy-19 like 4
ENSG00000156170	NDUFAF6	137682	NADH:ubiquinone oxidoreductase complex assembly factor 6
ENSG00000156171	DRAM2	128338	DNA damage regulated autophagy modulator 2
ENSG00000156172	CFAP418	157657	cilia and flagella associated protein 418
ENSG00000156232	WHAMM	123720	WASP homolog associated with actin, golgi membranes and microtubules
ENSG00000156239	N6AMT1	29104	N-6 adenine-specific DNA methyltransferase 1
ENSG00000156253	RWDD2B	10069	RWD domain containing 2B
ENSG00000156256	USP16	10600	ubiquitin specific peptidase 16
ENSG00000156261	CCT8	10694	chaperonin containing TCP1 subunit 8
ENSG00000156265	MAP3K7CL	56911	MAP3K7 C-terminal like
ENSG00000156273	BACH1	571	BTB domain and CNC homolog 1
ENSG00000156298	TSPAN7	7102	tetraspanin 7
ENSG00000156304	SCAF4	57466	SR-related CTD associated factor 4
ENSG00000156313	RPGR	6103	retinitis pigmentosa GTPase regulator
ENSG00000156345	CDK20	23552	cyclin dependent kinase 20
ENSG00000156374	PCGF6	84108	polycomb group ring finger 6
ENSG00000156381	ANKRD9	122416	ankyrin repeat domain 9
ENSG00000156384	SFR1	119392	SWI5 dependent homologous recombination repair protein 1
ENSG00000156411	ATP5MJ	9556	ATP synthase membrane subunit j
ENSG00000156453	PCDH1	5097	protocadherin 1
ENSG00000156463	SH3RF2	153769	SH3 domain containing ring finger 2
ENSG00000156467	UQCRB	7381	ubiquinol-cytochrome c reductase binding protein
ENSG00000156469	MTERF3	51001	mitochondrial transcription termination factor 3
ENSG00000156471	PTDSS1	9791	phosphatidylserine synthase 1
ENSG00000156482	RPL30	6156	ribosomal protein L30
ENSG00000156500	PABIR3	159091	PABIR family member 3
ENSG00000156502	SUPV3L1	6832	Suv3 like RNA helicase
ENSG00000156504	PABIR2	159090	PABIR family member 2
ENSG00000156508	EEF1A1	1915	eukaryotic translation elongation factor 1 alpha 1
ENSG00000156509	FBXO43	286151	F-box protein 43
ENSG00000156510	HKDC1	80201	hexokinase domain containing 1
ENSG00000156515	HK1	3098	hexokinase 1
ENSG00000156521	TYSND1	219743	trypsin like peroxisomal matrix peptidase 1
ENSG00000156531	PHF6	84295	PHD finger protein 6
ENSG00000156535	CD109	135228	CD109 molecule
ENSG00000156587	UBE2L6	9246	ubiquitin conjugating enzyme E2 L6
ENSG00000156599	ZDHHC5	25921	zinc finger DHHC-type palmitoyltransferase 5
ENSG00000156603	MED19	219541	mediator complex subunit 19
ENSG00000156639	ZFAND3	60685	zinc finger AN1-type containing 3
ENSG00000156642	NPTN	27020	neuroplastin
ENSG00000156650	KAT6B	23522	lysine acetyltransferase 6B
ENSG00000156671	SAMD8	142891	sterile alpha motif domain containing 8
ENSG00000156675	RAB11FIP1	80223	RAB11 family interacting protein 1
ENSG00000156697	UTP14A	10813	UTP14A small subunit processome component
ENSG00000156709	AIFM1	9131	apoptosis inducing factor mitochondria associated 1
ENSG00000156735	BAG4	9530	BAG cochaperone 4
ENSG00000156787	TBC1D31	93594	TBC1 domain family member 31
ENSG00000156795	NTAQ1	55093	N-terminal glutamine amidase 1
ENSG00000156802	ATAD2	29028	ATPase family AAA domain containing 2
ENSG00000156804	FBXO32	114907	F-box protein 32
ENSG00000156831	NSMCE2	286053	NSE2 (MMS21) homolog, SMC5-SMC6 complex SUMO ligase
ENSG00000156853	ZNF689	115509	zinc finger protein 689
ENSG00000156858	PRR14	78994	proline rich 14
ENSG00000156860	FBRS	64319	fibrosin
ENSG00000156869	FRRS1	391059	ferric chelate reductase 1
ENSG00000156873	PHKG2	5261	phosphorylase kinase catalytic subunit gamma 2
ENSG00000156875	MFSD14A	64645	major facilitator superfamily domain containing 14A
ENSG00000156876	SASS6	163786	SAS-6 centriolar assembly protein
ENSG00000156928	MALSU1	115416	mitochondrial assembly of ribosomal large subunit 1
ENSG00000156931	VPS8	23355	VPS8 subunit of CORVET complex
ENSG00000156958	GALK2	2585	galactokinase 2
ENSG00000156968	MPV17L	255027	MPV17 mitochondrial inner membrane protein like
ENSG00000156970	BUB1B	701	BUB1 mitotic checkpoint serine/threonine kinase B
ENSG00000156973	PDE6D	5147	phosphodiesterase 6D
ENSG00000156976	EIF4A2	1974	eukaryotic translation initiation factor 4A2
ENSG00000156983	BRPF1	7862	bromodomain and PHD finger containing 1
ENSG00000156990	RPUSD3	285367	RNA pseudouridine synthase D3
ENSG00000157014	TATDN2	9797	TatD DNase domain containing 2
ENSG00000157020	SEC13	6396	SEC13 homolog, nuclear pore and COPII coat complex component
ENSG00000157036	EXOG	9941	exo/endonuclease G
ENSG00000157045	NTAN1	123803	N-terminal asparagine amidase
ENSG00000157064	NMNAT2	23057	nicotinamide nucleotide adenylyltransferase 2
ENSG00000157077	ZFYVE9	9372	zinc finger FYVE-type containing 9
ENSG00000157106	SMG1	23049	SMG1 nonsense mediated mRNA decay associated PI3K related kinase
ENSG00000157107	FCHO2	115548	FCH and mu domain containing endocytic adaptor 2
ENSG00000157110	RBPMS	11030	RNA binding protein, mRNA processing factor
ENSG00000157111	TMEM171	134285	transmembrane protein 171
ENSG00000157150	TIMP4	7079	TIMP metallopeptidase inhibitor 4
ENSG00000157168	NRG1	3084	neuregulin 1
ENSG00000157181	ODR4	54953	odr-4 GPCR localization factor homolog
ENSG00000157184	CPT2	1376	carnitine palmitoyltransferase 2
ENSG00000157191	NECAP2	55707	NECAP endocytosis associated 2
ENSG00000157193	LRP8	7804	LDL receptor related protein 8
ENSG00000157212	PAXIP1	22976	PAX interacting protein 1
ENSG00000157214	STEAP2	261729	STEAP2 metalloreductase
ENSG00000157216	SSBP3	23648	single stranded DNA binding protein 3
ENSG00000157224	CLDN12	9069	claudin 12
ENSG00000157227	MMP14	4323	matrix metallopeptidase 14
ENSG00000157259	GATAD1	57798	GATA zinc finger domain containing 1
ENSG00000157326	DHRS4	10901	dehydrogenase/reductase 4
ENSG00000157343	ARMC12	221481	armadillo repeat containing 12
ENSG00000157349	DDX19B	11269	DEAD-box helicase 19B
ENSG00000157350	ST3GAL2	6483	ST3 beta-galactoside alpha-2,3-sialyltransferase 2
ENSG00000157353	FCSK	197258	fucose kinase
ENSG00000157379	DHRS1	115817	dehydrogenase/reductase 1
ENSG00000157388	CACNA1D	776	calcium voltage-gated channel subunit alpha1 D
ENSG00000157399	ARSL	415	arylsulfatase L
ENSG00000157426	AASDH	132949	aminoadipate-semialdehyde dehydrogenase
ENSG00000157429	ZNF19	7567	zinc finger protein 19
ENSG00000157450	RNF111	54778	ring finger protein 111
ENSG00000157456	CCNB2	9133	cyclin B2
ENSG00000157470	FAM81A	145773	family with sequence similarity 81 member A
ENSG00000157483	MYO1E	4643	myosin IE
ENSG00000157500	APPL1	26060	adaptor protein, phosphotyrosine interacting with PH domain and leucine zipper 1
ENSG00000157510	AFAP1L1	134265	actin filament associated protein 1 like 1
ENSG00000157514	TSC22D3	1831	TSC22 domain family member 3
ENSG00000157538	VPS26C	10311	VPS26 endosomal protein sorting factor C
ENSG00000157540	DYRK1A	1859	dual specificity tyrosine phosphorylation regulated kinase 1A
ENSG00000157557	ETS2	2114	ETS proto-oncogene 2, transcription factor
ENSG00000157570	TSPAN18	90139	tetraspanin 18
ENSG00000157593	SLC35B2	347734	solute carrier family 35 member B2
ENSG00000157600	TMEM164	84187	transmembrane protein 164
ENSG00000157601	MX1	4599	MX dynamin like GTPase 1
ENSG00000157617	C2CD2	25966	C2 calcium dependent domain containing 2
ENSG00000157625	TAB3	257397	TGF-beta activated kinase 1 (MAP3K7) binding protein 3
ENSG00000157637	SLC38A10	124565	solute carrier family 38 member 10
ENSG00000157654	PALM2AKAP2	445815	PALM2 and AKAP2 fusion
ENSG00000157657	ZNF618	114991	zinc finger protein 618
ENSG00000157693	TMEM268	203197	transmembrane protein 268
ENSG00000157734	SNX22	79856	sorting nexin 22
ENSG00000157741	UBN2	254048	ubinuclein 2
ENSG00000157764	BRAF	673	B-Raf proto-oncogene, serine/threonine kinase
ENSG00000157778	PSMG3	84262	proteasome assembly chaperone 3
ENSG00000157796	WDR19	57728	WD repeat domain 19
ENSG00000157800	SLC37A3	84255	solute carrier family 37 member 3
ENSG00000157823	AP3S2	10239	adaptor related protein complex 3 subunit sigma 2
ENSG00000157827	FMNL2	114793	formin like 2
ENSG00000157833	GAREM2	150946	GRB2 associated regulator of MAPK1 subtype 2
ENSG00000157837	SPPL3	121665	signal peptide peptidase like 3
ENSG00000157851	DPYSL5	56896	dihydropyrimidinase like 5
ENSG00000157869	RAB28	9364	RAB28, member RAS oncogene family
ENSG00000157870	PRXL2B	127281	peroxiredoxin like 2B
ENSG00000157881	PANK4	55229	pantothenate kinase 4 (inactive)
ENSG00000157895	C12orf43	64897	chromosome 12 open reading frame 43
ENSG00000157911	PEX10	5192	peroxisomal biogenesis factor 10
ENSG00000157916	RER1	11079	retention in endoplasmic reticulum sorting receptor 1
ENSG00000157933	SKI	6497	SKI proto-oncogene
ENSG00000157954	WIPI2	26100	WD repeat domain, phosphoinositide interacting 2
ENSG00000157978	LDLRAP1	26119	low density lipoprotein receptor adaptor protein 1
ENSG00000157985	AGAP1	116987	ArfGAP with GTPase domain, ankyrin repeat and PH domain 1
ENSG00000158006	PAFAH2	5051	platelet activating factor acetylhydrolase 2
ENSG00000158019	BABAM2	9577	BRISC and BRCA1 A complex member 2
ENSG00000158042	MRPL17	63875	mitochondrial ribosomal protein L17
ENSG00000158055	GRHL3	57822	grainyhead like transcription factor 3
ENSG00000158062	UBXN11	91544	UBX domain protein 11
ENSG00000158079	PTPDC1	138639	protein tyrosine phosphatase domain containing 1
ENSG00000158089	GALNT14	79623	polypeptide N-acetylgalactosaminyltransferase 14
ENSG00000158092	NCK1	4690	NCK adaptor protein 1
ENSG00000158104	HPD	3242	4-hydroxyphenylpyruvate dioxygenase
ENSG00000158106	RHPN1	114822	rhophilin Rho GTPase binding protein 1
ENSG00000158109	TPRG1L	127262	tumor protein p63 regulated 1 like
ENSG00000158122	PRXL2C	195827	peroxiredoxin like 2C
ENSG00000158125	XDH	7498	xanthine dehydrogenase
ENSG00000158156	XKR8	55113	XK related 8
ENSG00000158158	CNNM4	26504	cyclin and CBS domain divalent metal cation transport mediator 4
ENSG00000158161	EYA3	2140	EYA transcriptional coactivator and phosphatase 3
ENSG00000158163	DZIP1L	199221	DAZ interacting zinc finger protein 1 like
ENSG00000158169	FANCC	2176	FA complementation group C
ENSG00000158186	MRAS	22808	muscle RAS oncogene homolog
ENSG00000158195	WASF2	10163	WASP family member 2
ENSG00000158201	ABHD3	171586	abhydrolase domain containing 3, phospholipase
ENSG00000158234	FAIM	55179	Fas apoptotic inhibitory molecule
ENSG00000158286	RNF207	388591	ring finger protein 207
ENSG00000158290	CUL4B	8450	cullin 4B
ENSG00000158292	GPR153	387509	G protein-coupled receptor 153
ENSG00000158301	GPRASP2	114928	G protein-coupled receptor associated sorting protein 2
ENSG00000158315	RHBDL2	54933	rhomboid like 2
ENSG00000158321	AUTS2	26053	activator of transcription and developmental regulator AUTS2
ENSG00000158373	H2BC5	3017	H2B clustered histone 5
ENSG00000158402	CDC25C	995	cell division cycle 25C
ENSG00000158406	H4C8	8365	H4 clustered histone 8
ENSG00000158411	MITD1	129531	microtubule interacting and trafficking domain containing 1
ENSG00000158417	EIF5B	9669	eukaryotic translation initiation factor 5B
ENSG00000158423	RIBC1	158787	RIB43A domain with coiled-coils 1
ENSG00000158427	TMSB15B	286527	thymosin beta 15B
ENSG00000158435	CNOT11	55571	CCR4-NOT transcription complex subunit 11
ENSG00000158457	TSPAN33	340348	tetraspanin 33
ENSG00000158458	NRG2	9542	neuregulin 2
ENSG00000158467	AHCYL2	23382	adenosylhomocysteinase like 2
ENSG00000158470	B4GALT5	9334	beta-1,4-galactosyltransferase 5
ENSG00000158480	SPATA2	9825	spermatogenesis associated 2
ENSG00000158526	TSR2	90121	TSR2 ribosome maturation factor
ENSG00000158528	PPP1R9A	55607	protein phosphatase 1 regulatory subunit 9A
ENSG00000158545	ZC3H18	124245	zinc finger CCCH-type containing 18
ENSG00000158552	ZFAND2B	130617	zinc finger AN1-type containing 2B
ENSG00000158555	GDPD5	81544	glycerophosphodiester phosphodiesterase domain containing 5
ENSG00000158604	TMED4	222068	transmembrane p24 trafficking protein 4
ENSG00000158615	PPP1R15B	84919	protein phosphatase 1 regulatory subunit 15B
ENSG00000158623	COPG2	26958	COPI coat complex subunit gamma 2
ENSG00000158636	EMSY	56946	EMSY transcriptional repressor, BRCA2 interacting
ENSG00000158669	GPAT4	137964	glycerol-3-phosphate acyltransferase 4
ENSG00000158691	ZSCAN12	9753	zinc finger and SCAN domain containing 12
ENSG00000158710	TAGLN2	8407	transgelin 2
ENSG00000158711	ELK4	2005	ETS transcription factor ELK4
ENSG00000158715	SLC45A3	85414	solute carrier family 45 member 3
ENSG00000158716	DUSP23	54935	dual specificity phosphatase 23
ENSG00000158717	RNF166	115992	ring finger protein 166
ENSG00000158747	NBL1	4681	NBL1, DAN family BMP antagonist
ENSG00000158769	F11R	50848	F11 receptor
ENSG00000158773	USF1	7391	upstream transcription factor 1
ENSG00000158792	SPATA2L	124044	spermatogenesis associated 2 like
ENSG00000158793	NIT1	4817	nitrilase 1
ENSG00000158796	DEDD	9191	death effector domain containing
ENSG00000158805	ZNF276	92822	zinc finger protein 276
ENSG00000158825	CDA	978	cytidine deaminase
ENSG00000158828	PINK1	65018	PTEN induced kinase 1
ENSG00000158850	B4GALT3	8703	beta-1,4-galactosyltransferase 3
ENSG00000158856	DMTN	2039	dematin actin binding protein
ENSG00000158863	FHIP2B	64760	FHF complex subunit HOOK interacting protein 2B
ENSG00000158864	NDUFS2	4720	NADH:ubiquinone oxidoreductase core subunit S2
ENSG00000158865	SLC5A11	115584	solute carrier family 5 member 11
ENSG00000158882	TOMM40L	84134	translocase of outer mitochondrial membrane 40 like
ENSG00000158941	CCAR2	57805	cell cycle and apoptosis regulator 2
ENSG00000158966	CACHD1	57685	cache domain containing 1
ENSG00000158985	CDC42SE2	56990	CDC42 small effector 2
ENSG00000158987	RAPGEF6	51735	Rap guanine nucleotide exchange factor 6
ENSG00000159023	EPB41	2035	erythrocyte membrane protein band 4.1
ENSG00000159055	MIS18A	54069	MIS18 kinetochore protein A
ENSG00000159063	ALG8	79053	ALG8 alpha-1,3-glucosyltransferase
ENSG00000159069	FBXW5	54461	F-box and WD repeat domain containing 5
ENSG00000159079	CFAP298	56683	cilia and flagella associated protein 298
ENSG00000159082	SYNJ1	8867	synaptojanin 1
ENSG00000159086	PAXBP1	94104	PAX3 and PAX7 binding protein 1
ENSG00000159110	IFNAR2	3455	interferon alpha and beta receptor subunit 2
ENSG00000159111	MRPL10	124995	mitochondrial ribosomal protein L10
ENSG00000159128	IFNGR2	3460	interferon gamma receptor 2
ENSG00000159131	GART	2618	phosphoribosylglycinamide formyltransferase, phosphoribosylglycinamide synthetase, phosphoribosylaminoimidazole synthetase
ENSG00000159140	SON	6651	SON DNA and RNA binding protein
ENSG00000159147	DONSON	29980	DNA replication fork stabilization factor DONSON
ENSG00000159167	STC1	6781	stanniocalcin 1
ENSG00000159176	CSRP1	1465	cysteine and glycine rich protein 1
ENSG00000159184	HOXB13	10481	homeobox B13
ENSG00000159199	ATP5MC1	516	ATP synthase membrane subunit c locus 1
ENSG00000159200	RCAN1	1827	regulator of calcineurin 1
ENSG00000159202	UBE2Z	65264	ubiquitin conjugating enzyme E2 Z
ENSG00000159210	SNF8	11267	SNF8 subunit of ESCRT-II
ENSG00000159214	CCDC24	149473	coiled-coil domain containing 24
ENSG00000159216	RUNX1	861	RUNX family transcription factor 1
ENSG00000159217	IGF2BP1	10642	insulin like growth factor 2 mRNA binding protein 1
ENSG00000159224	GIP	2695	gastric inhibitory polypeptide
ENSG00000159228	CBR1	873	carbonyl reductase 1
ENSG00000159231	CBR3	874	carbonyl reductase 3
ENSG00000159256	MORC3	23515	MORC family CW-type zinc finger 3
ENSG00000159259	CHAF1B	8208	chromatin assembly factor 1 subunit B
ENSG00000159263	SIM2	6493	SIM bHLH transcription factor 2
ENSG00000159267	HLCS	3141	holocarboxylase synthetase
ENSG00000159314	ARHGAP27	201176	Rho GTPase activating protein 27
ENSG00000159322	ADPGK	83440	ADP dependent glucokinase
ENSG00000159335	PTMS	5763	parathymosin
ENSG00000159346	ADIPOR1	51094	adiponectin receptor 1
ENSG00000159348	CYB5R1	51706	cytochrome b5 reductase 1
ENSG00000159352	PSMD4	5710	proteasome 26S subunit ubiquitin receptor, non-ATPase 4
ENSG00000159363	ATP13A2	23400	ATPase cation transporting 13A2
ENSG00000159377	PSMB4	5692	proteasome 20S subunit beta 4
ENSG00000159388	BTG2	7832	BTG anti-proliferation factor 2
ENSG00000159403	C1R	715	complement C1r
ENSG00000159423	ALDH4A1	8659	aldehyde dehydrogenase 4 family member A1
ENSG00000159445	THEM4	117145	thioesterase superfamily member 4
ENSG00000159459	UBR1	197131	ubiquitin protein ligase E3 component n-recognin 1
ENSG00000159461	AMFR	267	autocrine motility factor receptor
ENSG00000159479	MED8	112950	mediator complex subunit 8
ENSG00000159556	ISL2	64843	ISL LIM homeobox 2
ENSG00000159579	RSPRY1	89970	ring finger and SPRY domain containing 1
ENSG00000159592	GPBP1L1	60313	GC-rich promoter binding protein 1 like 1
ENSG00000159593	NAE1	8883	NEDD8 activating enzyme E1 subunit 1
ENSG00000159596	TMEM69	51249	transmembrane protein 69
ENSG00000159658	EFCAB14	9813	EF-hand calcium binding domain 14
ENSG00000159685	CHCHD6	84303	coiled-coil-helix-coiled-coil-helix domain containing 6
ENSG00000159692	CTBP1	1487	C-terminal binding protein 1
ENSG00000159713	TPPP3	51673	tubulin polymerization promoting protein family member 3
ENSG00000159714	ZDHHC1	29800	zinc finger DHHC-type containing 1
ENSG00000159720	ATP6V0D1	9114	ATPase H+ transporting V0 subunit d1
ENSG00000159733	ZFYVE28	57732	zinc finger FYVE-type containing 28
ENSG00000159763	PIP	5304	prolactin induced protein
ENSG00000159788	RGS12	6002	regulator of G protein signaling 12
ENSG00000159792	PSKH1	5681	protein serine kinase H1
ENSG00000159840	ZYX	7791	zyxin
ENSG00000159842	ABR	29	ABR activator of RhoGEF and GTPase
ENSG00000159873	CCDC117	150275	coiled-coil domain containing 117
ENSG00000159882	ZNF230	7773	zinc finger protein 230
ENSG00000159884	CCDC107	203260	coiled-coil domain containing 107
ENSG00000159885	ZNF222	7673	zinc finger protein 222
ENSG00000159899	NPR2	4882	natriuretic peptide receptor 2
ENSG00000159917	ZNF235	9310	zinc finger protein 235
ENSG00000159921	GNE	10020	glucosamine (UDP-N-acetyl)-2-epimerase/N-acetylmannosamine kinase
ENSG00000160007	ARHGAP35	2909	Rho GTPase activating protein 35
ENSG00000160014	CALM3	808	calmodulin 3
ENSG00000160049	DFFA	1676	DNA fragmentation factor subunit alpha
ENSG00000160050	CCDC28B	79140	coiled-coil domain containing 28B
ENSG00000160051	IQCC	55721	IQ motif containing C
ENSG00000160055	TMEM234	56063	transmembrane protein 234
ENSG00000160058	BSDC1	55108	BSD domain containing 1
ENSG00000160062	ZBTB8A	653121	zinc finger and BTB domain containing 8A
ENSG00000160075	SSU72	29101	SSU72 homolog, RNA polymerase II CTD phosphatase
ENSG00000160087	UBE2J2	118424	ubiquitin conjugating enzyme E2 J2
ENSG00000160094	ZNF362	149076	zinc finger protein 362
ENSG00000160113	NR2F6	2063	nuclear receptor subfamily 2 group F member 6
ENSG00000160124	MIX23	131076	mitochondrial matrix import factor 23
ENSG00000160131	VMA21	203547	vacuolar ATPase assembly factor VMA21
ENSG00000160145	KALRN	8997	kalirin RhoGEF kinase
ENSG00000160179	ABCG1	9619	ATP binding cassette subfamily G member 1
ENSG00000160182	TFF1	7031	trefoil factor 1
ENSG00000160188	RSPH1	89765	radial spoke head component 1
ENSG00000160190	SLC37A1	54020	solute carrier family 37 member 1
ENSG00000160191	PDE9A	5152	phosphodiesterase 9A
ENSG00000160193	WDR4	10785	WD repeat domain 4
ENSG00000160194	NDUFV3	4731	NADH:ubiquinone oxidoreductase subunit V3
ENSG00000160199	PKNOX1	5316	PBX/knotted 1 homeobox 1
ENSG00000160200	CBS	875	cystathionine beta-synthase
ENSG00000160201	U2AF1	7307	U2 small nuclear RNA auxiliary factor 1
ENSG00000160207	HSF2BP	11077	heat shock transcription factor 2 binding protein
ENSG00000160208	RRP1B	23076	ribosomal RNA processing 1B
ENSG00000160209	PDXK	8566	pyridoxal kinase
ENSG00000160211	G6PD	2539	glucose-6-phosphate dehydrogenase
ENSG00000160213	CSTB	1476	cystatin B
ENSG00000160214	RRP1	8568	ribosomal RNA processing 1
ENSG00000160216	AGPAT3	56894	1-acylglycerol-3-phosphate O-acyltransferase 3
ENSG00000160218	TRAPPC10	7109	trafficking protein particle complex subunit 10
ENSG00000160221	GATD3	8209	glutamine amidotransferase class 1 domain containing 3
ENSG00000160226	CFAP410	755	cilia and flagella associated protein 410
ENSG00000160256	SLX9	85395	SLX9 ribosome biogenesis factor
ENSG00000160271	RALGDS	5900	ral guanine nucleotide dissociation stimulator
ENSG00000160285	LSS	4047	lanosterol synthase
ENSG00000160293	VAV2	7410	vav guanine nucleotide exchange factor 2
ENSG00000160294	MCM3AP	8888	minichromosome maintenance complex component 3 associated protein
ENSG00000160298	C21orf58	54058	chromosome 21 open reading frame 58
ENSG00000160299	PCNT	5116	pericentrin
ENSG00000160305	DIP2A	23181	disco interacting protein 2 homolog A
ENSG00000160310	PRMT2	3275	protein arginine methyltransferase 2
ENSG00000160318	CLDND2	125875	claudin domain containing 2
ENSG00000160323	ADAMTS13	11093	ADAM metallopeptidase with thrombospondin type 1 motif 13
ENSG00000160325	CACFD1	11094	calcium channel flower domain containing 1
ENSG00000160326	SLC2A6	11182	solute carrier family 2 member 6
ENSG00000160336	ZNF761	388561	zinc finger protein 761
ENSG00000160345	PIERCE1	138162	piercer of microtubule wall 1
ENSG00000160352	ZNF714	148206	zinc finger protein 714
ENSG00000160360	GPSM1	26086	G protein signaling modulator 1
ENSG00000160392	C19orf47	126526	chromosome 19 open reading frame 47
ENSG00000160404	TOR2A	27433	torsin family 2 member A
ENSG00000160408	ST6GALNAC6	30815	ST6 N-acetylgalactosaminide alpha-2,6-sialyltransferase 6
ENSG00000160410	SHKBP1	92799	SH3KBP1 binding protein 1
ENSG00000160439	RDH13	112724	retinol dehydrogenase 13
ENSG00000160445	ZER1	10444	zyg-11 related cell cycle regulator
ENSG00000160446	ZDHHC12	84885	zinc finger DHHC-type palmitoyltransferase 12
ENSG00000160447	PKN3	29941	protein kinase N3
ENSG00000160460	SPTBN4	57731	spectrin beta, non-erythrocytic 4
ENSG00000160469	BRSK1	84446	BR serine/threonine kinase 1
ENSG00000160471	COX6B2	125965	cytochrome c oxidase subunit 6B2
ENSG00000160472	TMEM190	147744	transmembrane protein 190
ENSG00000160551	TAOK1	57551	TAO kinase 1
ENSG00000160563	MED27	9442	mediator complex subunit 27
ENSG00000160570	DEDD2	162989	death effector domain containing 2
ENSG00000160584	SIK3	23387	SIK family kinase 3
ENSG00000160602	NEK8	284086	NIMA related kinase 8
ENSG00000160606	TLCD1	116238	TLC domain containing 1
ENSG00000160613	PCSK7	9159	proprotein convertase subtilisin/kexin type 7
ENSG00000160633	SAFB	6294	scaffold attachment factor B
ENSG00000160678	S100A1	6271	S100 calcium binding protein A1
ENSG00000160679	CHTOP	26097	chromatin target of PRMT1
ENSG00000160685	ZBTB7B	51043	zinc finger and BTB domain containing 7B
ENSG00000160688	FLAD1	80308	flavin adenine dinucleotide synthetase 1
ENSG00000160691	SHC1	6464	SHC adaptor protein 1
ENSG00000160695	VPS11	55823	VPS11 core subunit of CORVET and HOPS complexes
ENSG00000160703	NLRX1	79671	NLR family member X1
ENSG00000160710	ADAR	103	adenosine deaminase RNA specific
ENSG00000160712	IL6R	3570	interleukin 6 receptor
ENSG00000160714	UBE2Q1	55585	ubiquitin conjugating enzyme E2 Q1
ENSG00000160741	CRTC2	200186	CREB regulated transcription coactivator 2
ENSG00000160746	ANO10	55129	anoctamin 10
ENSG00000160752	FDPS	2224	farnesyl diphosphate synthase
ENSG00000160753	RUSC1	23623	RUN and SH3 domain containing 1
ENSG00000160767	ENTREP3	10712	endosomal transmembrane epsin interactor 3
ENSG00000160781	PAQR6	79957	progestin and adipoQ receptor family member 6
ENSG00000160783	PMF1	11243	polyamine modulated factor 1
ENSG00000160785	SLC25A44	9673	solute carrier family 25 member 44
ENSG00000160789	LMNA	4000	lamin A/C
ENSG00000160796	NBEAL2	23218	neurobeachin like 2
ENSG00000160799	CCDC12	151903	coiled-coil domain containing 12
ENSG00000160803	UBQLN4	56893	ubiquilin 4
ENSG00000160813	PPP1R35	221908	protein phosphatase 1 regulatory subunit 35
ENSG00000160818	GPATCH4	54865	G-patch domain containing 4 (gene/pseudogene)
ENSG00000160867	FGFR4	2264	fibroblast growth factor receptor 4
ENSG00000160877	NACC1	112939	nucleus accumbens associated 1
ENSG00000160886	LY6K	54742	lymphocyte antigen 6 family member K
ENSG00000160888	IER2	9592	immediate early response 2
ENSG00000160908	ZNF394	84124	zinc finger protein 394
ENSG00000160917	CPSF4	10898	cleavage and polyadenylation specific factor 4
ENSG00000160932	LY6E	4061	lymphocyte antigen 6 family member E
ENSG00000160948	VPS28	51160	VPS28 subunit of ESCRT-I
ENSG00000160949	TONSL	4796	tonsoku like, DNA repair protein
ENSG00000160953	PWWP3A	84939	PWWP domain containing 3A, DNA repair factor
ENSG00000160957	RECQL4	9401	RecQ like helicase 4
ENSG00000160959	LRRC14	9684	leucine rich repeat containing 14
ENSG00000160961	ZNF333	84449	zinc finger protein 333
ENSG00000160972	PPP1R16A	84988	protein phosphatase 1 regulatory subunit 16A
ENSG00000160973	FOXH1	8928	forkhead box H1
ENSG00000160991	ORAI2	80228	ORAI calcium release-activated calcium modulator 2
ENSG00000160993	ALKBH4	54784	alkB homolog 4, lysine demethylase
ENSG00000160999	SH2B2	10603	SH2B adaptor protein 2
ENSG00000161010	MRNIP	51149	MRN complex interacting protein
ENSG00000161011	SQSTM1	8878	sequestosome 1
ENSG00000161013	MGAT4B	11282	alpha-1,3-mannosyl-glycoprotein 4-beta-N-acetylglucosaminyltransferase B
ENSG00000161016	RPL8	6132	ribosomal protein L8
ENSG00000161021	MAML1	9794	mastermind like transcriptional coactivator 1
ENSG00000161036	LRWD1	222229	leucine rich repeats and WD repeat domain containing 1
ENSG00000161048	NAPEPLD	222236	N-acyl phosphatidylethanolamine phospholipase D
ENSG00000161057	PSMC2	5701	proteasome 26S subunit, ATPase 2
ENSG00000161091	MFSD12	126321	major facilitator superfamily domain containing 12
ENSG00000161133	USP41P	373856	ubiquitin specific peptidase 41, pseudogene
ENSG00000161179	YDJC	150223	YdjC chitooligosaccharide deacetylase homolog
ENSG00000161202	DVL3	1857	dishevelled segment polarity protein 3
ENSG00000161203	AP2M1	1173	adaptor related protein complex 2 subunit mu 1
ENSG00000161204	ABCF3	55324	ATP binding cassette subfamily F member 3
ENSG00000161217	PCYT1A	5130	phosphate cytidylyltransferase 1A, choline
ENSG00000161243	FBXO27	126433	F-box protein 27
ENSG00000161249	DMKN	93099	dermokine
ENSG00000161265	U2AF1L4	199746	U2 small nuclear RNA auxiliary factor 1 like 4
ENSG00000161267	BDH1	622	3-hydroxybutyrate dehydrogenase 1
ENSG00000161270	NPHS1	4868	NPHS1 adhesion molecule, nephrin
ENSG00000161277	THAP8	199745	THAP domain containing 8
ENSG00000161328	LRRC56	115399	leucine rich repeat containing 56
ENSG00000161395	PGAP3	93210	post-GPI attachment to proteins phospholipase 3
ENSG00000161509	GRIN2C	2905	glutamate ionotropic receptor NMDA type subunit 2C
ENSG00000161513	FDXR	2232	ferredoxin reductase
ENSG00000161526	SAP30BP	29115	SAP30 binding protein
ENSG00000161533	ACOX1	51	acyl-CoA oxidase 1
ENSG00000161542	PRPSAP1	5635	phosphoribosyl pyrophosphate synthetase associated protein 1
ENSG00000161544	CYGB	114757	cytoglobin
ENSG00000161547	SRSF2	6427	serine and arginine rich splicing factor 2
ENSG00000161558	TMEM143	55260	transmembrane protein 143
ENSG00000161618	ALDH16A1	126133	aldehyde dehydrogenase 16 family member A1
ENSG00000161638	ITGA5	3678	integrin subunit alpha 5
ENSG00000161642	ZNF385A	25946	zinc finger protein 385A
ENSG00000161647	MPP3	4356	MAGUK p55 scaffold protein 3
ENSG00000161654	LSM12	124801	LSM12 homolog
ENSG00000161664	ASB16	92591	ankyrin repeat and SOCS box containing 16
ENSG00000161671	EMC10	284361	ER membrane protein complex subunit 10
ENSG00000161677	JOSD2	126119	Josephin domain containing 2
ENSG00000161682	FAM171A2	284069	family with sequence similarity 171 member A2
ENSG00000161692	DBF4B	80174	DBF4 zinc finger B
ENSG00000161714	PLCD3	113026	phospholipase C delta 3
ENSG00000161791	FMNL3	91010	formin like 3
ENSG00000161800	RACGAP1	29127	Rac GTPase activating protein 1
ENSG00000161813	LARP4	113251	La ribonucleoprotein 4
ENSG00000161847	RAVER1	125950	ribonucleoprotein, PTB binding 1
ENSG00000161888	SPC24	147841	SPC24 component of NDC80 kinetochore complex
ENSG00000161904	LEMD2	221496	LEM domain nuclear envelope protein 2
ENSG00000161914	ZNF653	115950	zinc finger protein 653
ENSG00000161920	MED11	400569	mediator complex subunit 11
ENSG00000161921	CXCL16	58191	C-X-C motif chemokine ligand 16
ENSG00000161939	RNASEK-C17orf49	100529209	RNASEK-C17orf49 readthrough
ENSG00000161955	TNFSF13	8741	TNF superfamily member 13
ENSG00000161956	SENP3	26168	SUMO specific peptidase 3
ENSG00000161958	FGF11	2256	fibroblast growth factor 11
ENSG00000161960	EIF4A1	1973	eukaryotic translation initiation factor 4A1
ENSG00000161970	RPL26	6154	ribosomal protein L26
ENSG00000161980	POLR3K	51728	RNA polymerase III subunit K
ENSG00000161981	SNRNP25	79622	small nuclear ribonucleoprotein U11/U12 subunit 25
ENSG00000161996	WDR90	197335	WD repeat domain 90
ENSG00000161999	JMJD8	339123	jumonji domain containing 8
ENSG00000162004	CCDC78	124093	coiled-coil domain containing 78
ENSG00000162032	SPSB3	90864	splA/ryanodine receptor domain and SOCS box containing 3
ENSG00000162039	MEIOB	254528	meiosis specific with OB-fold
ENSG00000162040	HS3ST6	64711	heparan sulfate-glucosamine 3-sulfotransferase 6
ENSG00000162062	TEDC2	80178	tubulin epsilon and delta complex 2
ENSG00000162063	CCNF	899	cyclin F
ENSG00000162065	TBC1D24	57465	TBC1 domain family member 24
ENSG00000162066	AMDHD2	51005	amidohydrolase domain containing 2
ENSG00000162073	PAQR4	124222	progestin and adipoQ receptor family member 4
ENSG00000162076	FLYWCH2	114984	FLYWCH family member 2
ENSG00000162078	ZG16B	124220	zymogen granule protein 16B
ENSG00000162086	ZNF75A	7627	zinc finger protein 75A
ENSG00000162104	ADCY9	115	adenylate cyclase 9
ENSG00000162105	SHANK2	22941	SH3 and multiple ankyrin repeat domains 2
ENSG00000162129	CLPB	81570	ClpB family mitochondrial disaggregase
ENSG00000162139	NEU3	10825	neuraminidase 3
ENSG00000162144	CYB561A3	220002	cytochrome b561 family member A3
ENSG00000162148	SAXO4	220004	stabilizer of axonemal microtubules 4
ENSG00000162174	ASRGL1	80150	asparaginase and isoaspartyl peptidase 1
ENSG00000162191	UBXN1	51035	UBX domain protein 1
ENSG00000162194	LBHD1	79081	LBH domain containing 1
ENSG00000162222	TTC9C	283237	tetratricopeptide repeat domain 9C
ENSG00000162227	TAF6L	10629	TATA-box binding protein associated factor 6 like
ENSG00000162231	NXF1	10482	nuclear RNA export factor 1
ENSG00000162236	STX5	6811	syntaxin 5
ENSG00000162241	SLC25A45	283130	solute carrier family 25 member 45
ENSG00000162244	RPL29	6159	ribosomal protein L29
ENSG00000162298	SYVN1	84447	synoviolin 1
ENSG00000162300	ZFPL1	7542	zinc finger protein like 1
ENSG00000162302	RPS6KA4	8986	ribosomal protein S6 kinase A4
ENSG00000162337	LRP5	4041	LDL receptor related protein 5
ENSG00000162341	TPCN2	219931	two pore segment channel 2
ENSG00000162366	PDZK1IP1	10158	PDZK1 interacting protein 1
ENSG00000162368	CMPK1	51727	cytidine/uridine monophosphate kinase 1
ENSG00000162377	COA7	65260	cytochrome c oxidase assembly factor 7
ENSG00000162378	ZYG11B	79699	zyg-11 family member B, cell cycle regulator
ENSG00000162384	CZIB	54987	CXXC motif containing zinc binding protein
ENSG00000162385	MAGOH	4116	mago homolog, exon junction complex subunit
ENSG00000162396	PARS2	25973	prolyl-tRNA synthetase 2, mitochondrial
ENSG00000162402	USP24	23358	ubiquitin specific peptidase 24
ENSG00000162407	PLPP3	8613	phospholipid phosphatase 3
ENSG00000162408	NOL9	79707	nucleolar protein 9
ENSG00000162409	PRKAA2	5563	protein kinase AMP-activated catalytic subunit alpha 2
ENSG00000162413	KLHL21	9903	kelch like family member 21
ENSG00000162419	GMEB1	10691	glucocorticoid modulatory element binding protein 1
ENSG00000162426	SLC45A1	50651	solute carrier family 45 member 1
ENSG00000162430	SELENON	57190	selenoprotein N
ENSG00000162433	AK4	205	adenylate kinase 4
ENSG00000162434	JAK1	3716	Janus kinase 1
ENSG00000162437	RAVER2	55225	ribonucleoprotein, PTB binding 2
ENSG00000162441	LZIC	84328	leucine zipper and CTNNBIP1 domain containing
ENSG00000162444	RBP7	116362	retinol binding protein 7
ENSG00000162458	FBLIM1	54751	filamin binding LIM protein 1
ENSG00000162496	DHRS3	9249	dehydrogenase/reductase 3
ENSG00000162511	LAPTM5	7805	lysosomal protein transmembrane 5
ENSG00000162512	SDC3	9672	syndecan 3
ENSG00000162517	PEF1	553115	penta-EF-hand domain containing 1
ENSG00000162520	SYNC	81493	syncoilin, intermediate filament protein
ENSG00000162521	RBBP4	5928	RB binding protein 4, chromatin remodeling factor
ENSG00000162522	NHSL3	57648	NHS like 3
ENSG00000162526	TSSK3	81629	testis specific serine kinase 3
ENSG00000162542	TMCO4	255104	transmembrane and coiled-coil domains 4
ENSG00000162545	CAMK2N1	55450	calcium/calmodulin dependent protein kinase II inhibitor 1
ENSG00000162572	SCNN1D	6339	sodium channel epithelial 1 subunit delta
ENSG00000162585	FAAP20	199990	FA core complex associated protein 20
ENSG00000162591	MEGF6	1953	multiple EGF like domains 6
ENSG00000162599	NFIA	4774	nuclear factor I A
ENSG00000162600	OMA1	115209	OMA1 zinc metallopeptidase
ENSG00000162601	MYSM1	114803	Myb like, SWIRM and MPN domains 1
ENSG00000162604	TM2D1	83941	TM2 domain containing 1
ENSG00000162607	USP1	7398	ubiquitin specific peptidase 1
ENSG00000162613	FUBP1	8880	far upstream element binding protein 1
ENSG00000162614	NEXN	91624	nexilin F-actin binding protein
ENSG00000162616	DNAJB4	11080	DnaJ heat shock protein family (Hsp40) member B4
ENSG00000162620	LRRIQ3	127255	leucine rich repeats and IQ motif containing 3
ENSG00000162623	TYW3	127253	tRNA-yW synthesizing protein 3 homolog
ENSG00000162624	LHX8	431707	LIM homeobox 8
ENSG00000162627	SNX7	51375	sorting nexin 7
ENSG00000162636	EEIG2	284611	EEIG family member 2
ENSG00000162639	HENMT1	113802	HEN methyltransferase 1
ENSG00000162642	C1orf52	148423	chromosome 1 open reading frame 52
ENSG00000162643	DNAI3	126820	dynein axonemal intermediate chain 3
ENSG00000162645	GBP2	2634	guanylate binding protein 2
ENSG00000162664	ZNF326	284695	zinc finger protein 326
ENSG00000162688	AGL	178	amylo-alpha-1, 6-glucosidase, 4-alpha-glucanotransferase
ENSG00000162694	EXTL2	2135	exostosin like glycosyltransferase 2
ENSG00000162695	SLC30A7	148867	solute carrier family 30 member 7
ENSG00000162702	ZNF281	23528	zinc finger protein 281
ENSG00000162704	ARPC5	10092	actin related protein 2/3 complex subunit 5
ENSG00000162714	ZNF496	84838	zinc finger protein 496
ENSG00000162729	IGSF8	93185	immunoglobulin superfamily member 8
ENSG00000162734	PEA15	8682	proliferation and apoptosis adaptor protein 15
ENSG00000162735	PEX19	5824	peroxisomal biogenesis factor 19
ENSG00000162736	NCSTN	23385	nicastrin
ENSG00000162738	VANGL2	57216	VANGL planar cell polarity protein 2
ENSG00000162755	KLHDC9	126823	kelch domain containing 9
ENSG00000162757	C1orf74	148304	chromosome 1 open reading frame 74
ENSG00000162769	FLVCR1	28982	FLVCR choline and heme transporter 1
ENSG00000162772	ATF3	467	activating transcription factor 3
ENSG00000162775	RBM15	64783	RNA binding motif protein 15
ENSG00000162783	IER5	51278	immediate early response 5
ENSG00000162813	BPNT1	10380	3'(2'), 5'-bisphosphate nucleotidase 1
ENSG00000162817	C1orf115	79762	chromosome 1 open reading frame 115
ENSG00000162819	BROX	148362	BRO1 domain and CAAX motif containing
ENSG00000162825	NBPF20	100288142	NBPF member 20
ENSG00000162836	ACP6	51205	acid phosphatase 6, lysophosphatidic
ENSG00000162851	TFB2M	64216	transcription factor B2, mitochondrial
ENSG00000162852	CNST	163882	consortin, connexin sorting protein
ENSG00000162869	PPP1R21	129285	protein phosphatase 1 regulatory subunit 21
ENSG00000162878	PKDCC	91461	protein kinase domain containing, cytoplasmic
ENSG00000162885	B3GALNT2	148789	beta-1,3-N-acetylgalactosaminyltransferase 2
ENSG00000162889	MAPKAPK2	9261	MAPK activated protein kinase 2
ENSG00000162909	CAPN2	824	calpain 2
ENSG00000162910	MRPL55	128308	mitochondrial ribosomal protein L55
ENSG00000162913	OBSCN-AS1	574407	OBSCN antisense RNA 1
ENSG00000162923	WDR26	80232	WD repeat domain 26
ENSG00000162924	REL	5966	REL proto-oncogene, NF-kB subunit
ENSG00000162927	PUS10	150962	pseudouridine synthase 10
ENSG00000162928	PEX13	5194	peroxisomal biogenesis factor 13
ENSG00000162929	SANBR	84542	SANT and BTB domain regulator of CSR
ENSG00000162959	MEMO1	51072	mediator of cell motility 1
ENSG00000162961	DPY30	84661	dpy-30 histone methyltransferase complex regulatory subunit
ENSG00000162971	TYW5	129450	tRNA-yW synthesizing protein 5
ENSG00000162972	MAIP1	79568	matrix AAA peptidase interacting protein 1
ENSG00000162975	KCNF1	3754	potassium voltage-gated channel modifier subfamily F member 1
ENSG00000162976	SLC66A3	130814	solute carrier family 66 member 3
ENSG00000162980	ARL5A	26225	ADP ribosylation factor like GTPase 5A
ENSG00000162994	CLHC1	130162	clathrin heavy chain linker domain containing 1
ENSG00000163001	CFAP36	112942	cilia and flagella associated protein 36
ENSG00000163002	NUP35	129401	nucleoporin 35
ENSG00000163006	CCDC138	165055	coiled-coil domain containing 138
ENSG00000163013	FBXO41	150726	F-box protein 41
ENSG00000163026	WDCP	80304	WD repeat and coiled coil containing
ENSG00000163029	SMC6	79677	structural maintenance of chromosomes 6
ENSG00000163040	CCDC74A	90557	coiled-coil domain containing 74A
ENSG00000163041	H3-3A	3020	H3.3 histone A
ENSG00000163050	COQ8A	56997	coenzyme Q8A
ENSG00000163069	SGCB	6443	sarcoglycan beta
ENSG00000163071	SPATA18	132671	spermatogenesis associated 18
ENSG00000163072	NOSTRIN	115677	nitric oxide synthase trafficking
ENSG00000163083	INHBB	3625	inhibin subunit beta B
ENSG00000163093	BBS5	129880	Bardet-Biedl syndrome 5
ENSG00000163104	SMARCAD1	56916	SWI/SNF-related, matrix-associated actin-dependent regulator of chromatin, subfamily a, containing DEAD/H box 1
ENSG00000163110	PDLIM5	10611	PDZ and LIM domain 5
ENSG00000163121	NEURL3	93082	neuralized E3 ubiquitin protein ligase 3
ENSG00000163125	RPRD2	23248	regulation of nuclear pre-mRNA domain containing 2
ENSG00000163126	ANKRD23	200539	ankyrin repeat domain 23
ENSG00000163131	CTSS	1520	cathepsin S
ENSG00000163132	MSX1	4487	msh homeobox 1
ENSG00000163138	PACRGL	133015	parkin coregulated like
ENSG00000163155	LYSMD1	388695	LysM domain containing 1
ENSG00000163156	SCNM1	79005	sodium channel modifier 1
ENSG00000163159	VPS72	6944	vacuolar protein sorting 72 homolog
ENSG00000163161	ERCC3	2071	ERCC excision repair 3, TFIIH core complex helicase subunit
ENSG00000163162	RNF149	284996	ring finger protein 149
ENSG00000163166	IWS1	55677	interacts with SUPT6H, CTD assembly factor 1
ENSG00000163170	BOLA3	388962	bolA family member 3
ENSG00000163171	CDC42EP3	10602	CDC42 effector protein 3
ENSG00000163191	S100A11	6282	S100 calcium binding protein A11
ENSG00000163214	DHX57	90957	DExH-box helicase 57
ENSG00000163220	S100A9	6280	S100 calcium binding protein A9
ENSG00000163235	TGFA	7039	transforming growth factor alpha
ENSG00000163249	CCNYL1	151195	cyclin Y like 1
ENSG00000163251	FZD5	7855	frizzled class receptor 5
ENSG00000163257	DCAF16	54876	DDB1 and CUL4 associated factor 16
ENSG00000163281	GNPDA2	132789	glucosamine-6-phosphate deaminase 2
ENSG00000163291	PAQR3	152559	progestin and adipoQ receptor family member 3
ENSG00000163297	ANTXR2	118429	ANTXR cell adhesion molecule 2
ENSG00000163312	HELQ	113510	helicase, POLQ like
ENSG00000163319	MRPS18C	51023	mitochondrial ribosomal protein S18C
ENSG00000163320	CGGBP1	8545	CGG triplet repeat binding protein 1
ENSG00000163322	ABRAXAS1	84142	abraxas 1, BRCA1 A complex subunit
ENSG00000163328	GPR155	151556	G protein-coupled receptor 155
ENSG00000163344	PMVK	10654	phosphomevalonate kinase
ENSG00000163346	PBXIP1	57326	PBX homeobox interacting protein 1
ENSG00000163347	CLDN1	9076	claudin 1
ENSG00000163348	PYGO2	90780	pygopus family PHD finger 2
ENSG00000163349	HIPK1	204851	homeodomain interacting protein kinase 1
ENSG00000163362	INAVA	55765	innate immunity activator
ENSG00000163364	LINC01116	375295	long intergenic non-protein coding RNA 1116
ENSG00000163374	YY1AP1	55249	YY1 associated protein 1
ENSG00000163378	EOGT	285203	EGF domain specific O-linked N-acetylglucosamine transferase
ENSG00000163382	NAXE	128240	NAD(P)HX epimerase
ENSG00000163389	POGLUT1	56983	protein O-glucosyltransferase 1
ENSG00000163395	IGFN1	91156	immunoglobulin like and fibronectin type III domain containing 1
ENSG00000163399	ATP1A1	476	ATPase Na+/K+ transporting subunit alpha 1
ENSG00000163412	EIF4E3	317649	eukaryotic translation initiation factor 4E family member 3
ENSG00000163428	LRRC58	116064	leucine rich repeat containing 58
ENSG00000163430	FSTL1	11167	follistatin like 1
ENSG00000163435	ELF3	1999	E74 like ETS transcription factor 3
ENSG00000163444	TMEM183A	92703	transmembrane protein 183A
ENSG00000163449	TMEM169	92691	transmembrane protein 169
ENSG00000163453	IGFBP7	3490	insulin like growth factor binding protein 7
ENSG00000163462	TRIM46	80128	tripartite motif containing 46
ENSG00000163463	KRTCAP2	200185	keratinocyte associated protein 2
ENSG00000163466	ARPC2	10109	actin related protein 2/3 complex subunit 2
ENSG00000163467	TSACC	128229	TSSK6 activating cochaperone
ENSG00000163468	CCT3	7203	chaperonin containing TCP1 subunit 3
ENSG00000163472	TMEM79	84283	transmembrane protein 79
ENSG00000163479	SSR2	6746	signal sequence receptor subunit 2
ENSG00000163481	RNF25	64320	ring finger protein 25
ENSG00000163482	STK36	27148	serine/threonine kinase 36
ENSG00000163507	CIP2A	57650	cellular inhibitor of PP2A
ENSG00000163510	CWC22	57703	CWC22 spliceosome associated protein homolog
ENSG00000163512	AZI2	64343	5-azacytidine induced 2
ENSG00000163513	TGFBR2	7048	transforming growth factor beta receptor 2
ENSG00000163516	ANKZF1	55139	ankyrin repeat and zinc finger peptidyl tRNA hydrolase 1
ENSG00000163517	HDAC11	79885	histone deacetylase 11
ENSG00000163521	GLB1L	79411	galactosidase beta 1 like
ENSG00000163527	STT3B	201595	STT3 oligosaccharyltransferase complex catalytic subunit B
ENSG00000163528	CHCHD4	131474	coiled-coil-helix-coiled-coil-helix domain containing 4
ENSG00000163535	SGO2	151246	shugoshin 2
ENSG00000163536	SERPINI1	5274	serpin family I member 1
ENSG00000163539	CLASP2	23122	cytoplasmic linker associated protein 2
ENSG00000163541	SUCLG1	8802	succinate-CoA ligase GDP/ADP-forming subunit alpha
ENSG00000163545	NUAK2	81788	NUAK family kinase 2
ENSG00000163558	PRKCI	5584	protein kinase C iota
ENSG00000163565	IFI16	3428	interferon gamma inducible protein 16
ENSG00000163576	EFHB	151651	EF-hand domain family member B
ENSG00000163577	EIF5A2	56648	eukaryotic translation initiation factor 5A2
ENSG00000163584	RPL22L1	200916	ribosomal protein L22 like 1
ENSG00000163596	ICA1L	130026	islet cell autoantigen 1 like
ENSG00000163597	SNHG16	100507246	small nucleolar RNA host gene 16
ENSG00000163602	RYBP	23429	RING1 and YY1 binding protein
ENSG00000163605	PPP4R2	151987	protein phosphatase 4 regulatory subunit 2
ENSG00000163607	GTPBP8	29083	GTP binding protein 8 (putative)
ENSG00000163608	NEPRO	25871	nucleolus and neural progenitor protein
ENSG00000163611	SPICE1	152185	spindle and centriole associated protein 1
ENSG00000163617	CCDC191	57577	coiled-coil domain containing 191
ENSG00000163624	CDS1	1040	CDP-diacylglycerol synthase 1
ENSG00000163625	WDFY3	23001	WD repeat and FYVE domain containing 3
ENSG00000163626	COX18	285521	cytochrome c oxidase assembly factor COX18
ENSG00000163629	PTPN13	5783	protein tyrosine phosphatase non-receptor type 13
ENSG00000163634	THOC7	80145	THO complex subunit 7
ENSG00000163635	ATXN7	6314	ataxin 7
ENSG00000163636	PSMD6	9861	proteasome 26S subunit, non-ATPase 6
ENSG00000163637	PRICKLE2	166336	prickle planar cell polarity protein 2
ENSG00000163638	ADAMTS9	56999	ADAM metallopeptidase with thrombospondin type 1 motif 9
ENSG00000163644	PPM1K	152926	protein phosphatase, Mg2+/Mn2+ dependent 1K
ENSG00000163655	GMPS	8833	guanine monophosphate synthase
ENSG00000163659	TIPARP	25976	TCDD inducible poly(ADP-ribose) polymerase
ENSG00000163660	CCNL1	57018	cyclin L1
ENSG00000163661	PTX3	5806	pentraxin 3
ENSG00000163681	SLMAP	7871	sarcolemma associated protein
ENSG00000163682	RPL9	6133	ribosomal protein L9
ENSG00000163683	SMIM14	201895	small integral membrane protein 14
ENSG00000163684	RPP14	11102	ribonuclease P/MRP subunit p14
ENSG00000163686	ABHD6	57406	abhydrolase domain containing 6, acylglycerol lipase
ENSG00000163689	CFAP20DC	200844	CFAP20 domain containing
ENSG00000163694	RBM47	54502	RNA binding motif protein 47
ENSG00000163697	APBB2	323	amyloid beta precursor protein binding family B member 2
ENSG00000163702	IL17RC	84818	interleukin 17 receptor C
ENSG00000163703	CRELD1	78987	cysteine rich with EGF like domains 1
ENSG00000163710	PCOLCE2	26577	procollagen C-endopeptidase enhancer 2
ENSG00000163714	U2SURP	23350	U2 snRNP associated SURP domain containing
ENSG00000163719	MTMR14	64419	myotubularin related protein 14
ENSG00000163728	TTC14	151613	tetratricopeptide repeat domain 14
ENSG00000163734	CXCL3	2921	C-X-C motif chemokine ligand 3
ENSG00000163735	CXCL5	6374	C-X-C motif chemokine ligand 5
ENSG00000163738	MTHFD2L	441024	methylenetetrahydrofolate dehydrogenase (NADP+ dependent) 2 like
ENSG00000163739	CXCL1	2919	C-X-C motif chemokine ligand 1
ENSG00000163743	RCHY1	25898	ring finger and CHY zinc finger domain containing 1
ENSG00000163754	GYG1	2992	glycogenin 1
ENSG00000163755	HPS3	84343	HPS3 biogenesis of lysosomal organelles complex 2 subunit 1
ENSG00000163762	TM4SF18	116441	transmembrane 4 L six family member 18
ENSG00000163781	TOPBP1	11073	DNA topoisomerase II binding protein 1
ENSG00000163785	RYK	6259	receptor like tyrosine kinase
ENSG00000163788	SNRK	54861	SNF related kinase
ENSG00000163794	UCN	7349	urocortin
ENSG00000163795	ZNF513	130557	zinc finger protein 513
ENSG00000163798	SLC4A1AP	22950	solute carrier family 4 member 1 adaptor protein
ENSG00000163807	KIAA1143	57456	KIAA1143
ENSG00000163808	KIF15	56992	kinesin family member 15
ENSG00000163811	WDR43	23160	WD repeat domain 43
ENSG00000163812	ZDHHC3	51304	zinc finger DHHC-type palmitoyltransferase 3
ENSG00000163814	CDCP1	64866	CUB domain containing protein 1
ENSG00000163818	LZTFL1	54585	leucine zipper transcription factor like 1
ENSG00000163820	FYCO1	79443	FYVE and coiled-coil domain autophagy adaptor 1
ENSG00000163832	ELP6	54859	elongator acetyltransferase complex subunit 6
ENSG00000163840	DTX3L	151636	deltex E3 ubiquitin ligase 3L
ENSG00000163848	ZNF148	7707	zinc finger protein 148
ENSG00000163864	NMNAT3	349565	nicotinamide nucleotide adenylyltransferase 3
ENSG00000163866	SMIM12	113444	small integral membrane protein 12
ENSG00000163867	ZMYM6	9204	zinc finger MYM-type containing 6
ENSG00000163870	TPRA1	131601	transmembrane protein adipocyte associated 1
ENSG00000163872	YEATS2	55689	YEATS domain containing 2
ENSG00000163874	ZC3H12A	80149	zinc finger CCCH-type containing 12A
ENSG00000163875	MEAF6	64769	MYST/Esa1 associated factor 6
ENSG00000163877	SNIP1	79753	Smad nuclear interacting protein 1
ENSG00000163882	POLR2H	5437	RNA polymerase II, I and III subunit H
ENSG00000163898	LIPH	200879	lipase H
ENSG00000163900	TMEM41A	90407	transmembrane protein 41A
ENSG00000163902	RPN1	6184	ribophorin I
ENSG00000163904	SENP2	59343	SUMO specific peptidase 2
ENSG00000163909	HEYL	26508	hes related family bHLH transcription factor with YRPW motif like
ENSG00000163913	IFT122	55764	intraflagellar transport 122
ENSG00000163918	RFC4	5984	replication factor C subunit 4
ENSG00000163923	RPL39L	116832	ribosomal protein L39 like
ENSG00000163930	BAP1	8314	BRCA1 associated protein 1
ENSG00000163931	TKT	7086	transketolase
ENSG00000163932	PRKCD	5580	protein kinase C delta
ENSG00000163933	RFT1	91869	RFT1 homolog
ENSG00000163935	SFMBT1	51460	Scm like with four mbt domains 1
ENSG00000163938	GNL3	26354	G protein nucleolar 3
ENSG00000163939	PBRM1	55193	polybromo 1
ENSG00000163945	UVSSA	57654	UV stimulated scaffold protein A
ENSG00000163946	TASOR	23272	transcription activation suppressor
ENSG00000163947	ARHGEF3	50650	Rho guanine nucleotide exchange factor 3
ENSG00000163950	SLBP	7884	stem-loop histone mRNA binding protein
ENSG00000163956	LRPAP1	4043	LDL receptor related protein associated protein 1
ENSG00000163960	UBXN7	26043	UBX domain protein 7
ENSG00000163961	RNF168	165918	ring finger protein 168
ENSG00000163964	PIGX	54965	phosphatidylinositol glycan anchor biosynthesis class X
ENSG00000163975	MELTF	4241	melanotransferrin
ENSG00000163993	S100P	6286	S100 calcium binding protein P
ENSG00000164010	ERMAP	114625	erythroblast membrane associated protein (Scianna blood group)
ENSG00000164011	ZNF691	51058	zinc finger protein 691
ENSG00000164022	AIMP1	9255	aminoacyl tRNA synthetase complex interacting multifunctional protein 1
ENSG00000164023	SGMS2	166929	sphingomyelin synthase 2
ENSG00000164024	METAP1	23173	methionyl aminopeptidase 1
ENSG00000164031	DNAJB14	79982	DnaJ heat shock protein family (Hsp40) member B14
ENSG00000164032	H2AZ1	3015	H2A.Z variant histone 1
ENSG00000164038	SLC9B2	133308	solute carrier family 9 member B2
ENSG00000164039	BDH2	56898	3-hydroxybutyrate dehydrogenase 2
ENSG00000164040	PGRMC2	10424	progesterone receptor membrane component 2
ENSG00000164045	CDC25A	993	cell division cycle 25A
ENSG00000164048	ZNF589	51385	zinc finger protein 589
ENSG00000164050	PLXNB1	5364	plexin B1
ENSG00000164051	CCDC51	79714	coiled-coil domain containing 51
ENSG00000164053	ATRIP	84126	ATR interacting protein
ENSG00000164054	SHISA5	51246	shisa family member 5
ENSG00000164056	SPRY1	10252	sprouty RTK signaling antagonist 1
ENSG00000164062	APEH	327	acylaminoacyl-peptide hydrolase
ENSG00000164068	RNF123	63891	ring finger protein 123
ENSG00000164070	HSPA4L	22824	heat shock protein family A (Hsp70) member 4 like
ENSG00000164073	MFSD8	256471	major facilitator superfamily domain containing 8
ENSG00000164074	ABHD18	80167	abhydrolase domain containing 18
ENSG00000164077	MON1A	84315	MON1 homolog A, secretory trafficking associated
ENSG00000164078	MST1R	4486	macrophage stimulating 1 receptor
ENSG00000164080	RAD54L2	23132	RAD54 like 2
ENSG00000164081	TEX264	51368	testis expressed 264, ER-phagy receptor
ENSG00000164086	DUSP7	1849	dual specificity phosphatase 7
ENSG00000164087	POC1A	25886	POC1 centriolar protein A
ENSG00000164088	PPM1M	132160	protein phosphatase, Mg2+/Mn2+ dependent 1M
ENSG00000164091	WDR82	80335	WD repeat domain 82
ENSG00000164096	C4orf3	401152	chromosome 4 open reading frame 3
ENSG00000164104	HMGB2	3148	high mobility group box 2
ENSG00000164105	SAP30	8819	Sin3A associated protein 30
ENSG00000164109	MAD2L1	4085	mitotic arrest deficient 2 like 1
ENSG00000164111	ANXA5	308	annexin A5
ENSG00000164114	MAP9	79884	microtubule associated protein 9
ENSG00000164117	FBXO8	26269	F-box protein 8
ENSG00000164118	CEP44	80817	centrosomal protein 44
ENSG00000164120	HPGD	3248	15-hydroxyprostaglandin dehydrogenase
ENSG00000164124	TMEM144	55314	transmembrane protein 144
ENSG00000164125	GASK1B	51313	golgi associated kinase 1B
ENSG00000164134	NAA15	80155	N-alpha-acetyltransferase 15, NatA auxiliary subunit
ENSG00000164136	IL15	3600	interleukin 15
ENSG00000164144	ARFIP1	27236	ADP ribosylation factor interacting protein 1
ENSG00000164151	ICE1	23379	interactor of little elongation complex ELL subunit 1
ENSG00000164161	HHIP	64399	hedgehog interacting protein
ENSG00000164162	ANAPC10	10393	anaphase promoting complex subunit 10
ENSG00000164163	ABCE1	6059	ATP binding cassette subfamily E member 1
ENSG00000164164	OTUD4	54726	OTU deubiquitinase 4
ENSG00000164167	LSM6	11157	LSM6 homolog, U6 small nuclear RNA and mRNA degradation associated
ENSG00000164168	TMEM184C	55751	transmembrane protein 184C
ENSG00000164169	PRMT9	90826	protein arginine methyltransferase 9
ENSG00000164171	ITGA2	3673	integrin subunit alpha 2
ENSG00000164172	MOCS2	4338	molybdenum cofactor synthesis 2
ENSG00000164176	EDIL3	10085	EGF like repeats and discoidin domains 3
ENSG00000164180	TMEM161B	153396	transmembrane protein 161B
ENSG00000164181	ELOVL7	79993	ELOVL fatty acid elongase 7
ENSG00000164182	NDUFAF2	91942	NADH:ubiquinone oxidoreductase complex assembly factor 2
ENSG00000164187	LMBRD2	92255	LMBR1 domain containing 2
ENSG00000164190	NIPBL	25836	NIPBL cohesin loading factor
ENSG00000164199	ADGRV1	84059	adhesion G protein-coupled receptor V1
ENSG00000164209	SLC25A46	91137	solute carrier family 25 member 46
ENSG00000164211	STARD4	134429	StAR related lipid transfer domain containing 4
ENSG00000164219	PGGT1B	5229	protein geranylgeranyltransferase type I subunit beta
ENSG00000164220	F2RL2	2151	coagulation factor II thrombin receptor like 2
ENSG00000164221	CCDC112	153733	coiled-coil domain containing 112
ENSG00000164236	ANKRD33B	651746	ankyrin repeat domain 33B
ENSG00000164237	CMBL	134147	carboxymethylenebutenolidase homolog
ENSG00000164241	C5orf63	401207	chromosome 5 open reading frame 63
ENSG00000164244	PRRC1	133619	proline rich coiled-coil 1
ENSG00000164251	F2RL1	2150	F2R like trypsin receptor 1
ENSG00000164252	AGGF1	55109	angiogenic factor with G-patch and FHA domains 1
ENSG00000164253	WDR41	55255	WD repeat domain 41
ENSG00000164258	NDUFS4	4724	NADH:ubiquinone oxidoreductase subunit S4
ENSG00000164284	GRPEL2	134266	GrpE like 2, mitochondrial
ENSG00000164291	ARSK	153642	arylsulfatase family member K
ENSG00000164292	RHOBTB3	22836	Rho related BTB domain containing 3
ENSG00000164294	GPX8	493869	glutathione peroxidase 8 (putative)
ENSG00000164296	TIGD6	81789	tigger transposable element derived 6
ENSG00000164300	SERINC5	256987	serine incorporator 5
ENSG00000164305	CASP3	836	caspase 3
ENSG00000164306	PRIMPOL	201973	primase and DNA directed polymerase
ENSG00000164307	ERAP1	51752	endoplasmic reticulum aminopeptidase 1
ENSG00000164308	ERAP2	64167	endoplasmic reticulum aminopeptidase 2
ENSG00000164323	CFAP97	57587	cilia and flagella associated protein 97
ENSG00000164327	RICTOR	253260	RPTOR independent companion of MTOR complex 2
ENSG00000164329	TENT2	167153	terminal nucleotidyltransferase 2
ENSG00000164330	EBF1	1879	EBF transcription factor 1
ENSG00000164331	ANKRA2	57763	ankyrin repeat family A member 2
ENSG00000164332	UBLCP1	134510	ubiquitin like domain containing CTD phosphatase 1
ENSG00000164338	UTP15	84135	UTP15 small subunit processome component
ENSG00000164346	NSA2	10412	NSA2 ribosome biogenesis factor
ENSG00000164347	GFM2	84340	GTP dependent ribosome recycling factor mitochondrial 2
ENSG00000164366	CCDC127	133957	coiled-coil domain containing 127
ENSG00000164379	FOXQ1	94234	forkhead box Q1
ENSG00000164400	CSF2	1437	colony stimulating factor 2
ENSG00000164402	SEPTIN8	23176	septin 8
ENSG00000164403	SHROOM1	134549	shroom family member 1
ENSG00000164405	UQCRQ	27089	ubiquinol-cytochrome c reductase complex III subunit VII
ENSG00000164414	SLC35A1	10559	solute carrier family 35 member A1
ENSG00000164430	CGAS	115004	cyclic GMP-AMP synthase
ENSG00000164442	CITED2	10370	Cbp/p300 interacting transactivator with Glu/Asp rich carboxy-terminal domain 2
ENSG00000164463	CREBRF	153222	CREB3 regulatory factor
ENSG00000164465	DCBLD1	285761	discoidin, CUB and LCCL domain containing 1
ENSG00000164466	SFXN1	94081	sideroflexin 1
ENSG00000164494	PDSS2	57107	decaprenyl diphosphate synthase subunit 2
ENSG00000164506	STXBP5	134957	syntaxin binding protein 5
ENSG00000164509	IL31RA	133396	interleukin 31 receptor A
ENSG00000164520	RAET1E	135250	retinoic acid early transcript 1E
ENSG00000164535	DAGLB	221955	diacylglycerol lipase beta
ENSG00000164542	MATCAP2	23366	microtubule associated tyrosine carboxypeptidase 2
ENSG00000164543	STK17A	9263	serine/threonine kinase 17a
ENSG00000164548	TRA2A	29896	transformer 2 alpha homolog
ENSG00000164574	GALNT10	55568	polypeptide N-acetylgalactosaminyltransferase 10
ENSG00000164576	SAP30L	79685	SAP30 like
ENSG00000164587	RPS14	6208	ribosomal protein S14
ENSG00000164597	COG5	10466	component of oligomeric golgi complex 5
ENSG00000164603	BMT2	154743	base methyltransferase of 25S rRNA 2 homolog
ENSG00000164609	SLU7	10569	SLU7 homolog, splicing factor
ENSG00000164610	RP9	6100	RP9 pre-mRNA splicing factor
ENSG00000164611	PTTG1	9232	PTTG1 regulator of sister chromatid separation, securin
ENSG00000164615	CAMLG	819	calcium modulating ligand
ENSG00000164619	BMPER	168667	BMP binding endothelial regulator
ENSG00000164620	RELL2	285613	RELT like 2
ENSG00000164626	KCNK5	8645	potassium two pore domain channel subfamily K member 5
ENSG00000164631	ZNF12	7559	zinc finger protein 12
ENSG00000164638	SLC29A4	222962	solute carrier family 29 member 4
ENSG00000164647	STEAP1	26872	STEAP family member 1
ENSG00000164649	CDCA7L	55536	cell division cycle associated 7 like
ENSG00000164654	MIOS	54468	meiosis regulator for oocyte development
ENSG00000164663	USP49	25862	ubiquitin specific peptidase 49
ENSG00000164687	FABP5	2171	fatty acid binding protein 5
ENSG00000164690	SHH	6469	sonic hedgehog signaling molecule
ENSG00000164695	CHMP4C	92421	charged multivesicular body protein 4C
ENSG00000164713	BRI3	25798	brain protein I3
ENSG00000164715	LMTK2	22853	lemur tyrosine kinase 2
ENSG00000164733	CTSB	1508	cathepsin B
ENSG00000164741	DLC1	10395	DLC1 Rho GTPase activating protein
ENSG00000164751	PEX2	5828	peroxisomal biogenesis factor 2
ENSG00000164754	RAD21	5885	RAD21 cohesin complex component
ENSG00000164758	MED30	90390	mediator complex subunit 30
ENSG00000164776	PHKG1	5260	phosphorylase kinase catalytic subunit gamma 1
ENSG00000164808	SPIDR	23514	scaffold protein involved in DNA repair
ENSG00000164815	ORC5	5001	origin recognition complex subunit 5
ENSG00000164818	DNAAF5	54919	dynein axonemal assembly factor 5
ENSG00000164823	OSGIN2	734	oxidative stress induced growth inhibitor family member 2
ENSG00000164825	DEFB1	1672	defensin beta 1
ENSG00000164828	SUN1	23353	Sad1 and UNC84 domain containing 1
ENSG00000164830	OXR1	55074	oxidation resistance 1
ENSG00000164855	TMEM184A	202915	transmembrane protein 184A
ENSG00000164877	MICALL2	79778	MICAL like 2
ENSG00000164880	INTS1	26173	integrator complex subunit 1
ENSG00000164885	CDK5	1020	cyclin dependent kinase 5
ENSG00000164889	SLC4A2	6522	solute carrier family 4 member 2
ENSG00000164896	FASTK	10922	Fas activated serine/threonine kinase
ENSG00000164897	TMUB1	83590	transmembrane and ubiquitin like domain containing 1
ENSG00000164898	FMC1	154791	formation of mitochondrial complex V assembly factor 1 homolog
ENSG00000164902	PHAX	51808	phosphorylated adaptor for RNA export
ENSG00000164904	ALDH7A1	501	aldehyde dehydrogenase 7 family member A1
ENSG00000164916	FOXK1	221937	forkhead box K1
ENSG00000164919	COX6C	1345	cytochrome c oxidase subunit 6C
ENSG00000164920	OSR2	116039	odd-skipped related transciption factor 2
ENSG00000164924	YWHAZ	7534	tyrosine 3-monooxygenase/tryptophan 5-monooxygenase activation protein zeta
ENSG00000164930	FZD6	8323	frizzled class receptor 6
ENSG00000164933	SLC25A32	81034	solute carrier family 25 member 32
ENSG00000164934	DCAF13	25879	DDB1 and CUL4 associated factor 13
ENSG00000164938	TP53INP1	94241	tumor protein p53 inducible nuclear protein 1
ENSG00000164941	INTS8	55656	integrator complex subunit 8
ENSG00000164944	VIRMA	25962	vir like m6A methyltransferase associated
ENSG00000164949	GEM	2669	GTP binding protein overexpressed in skeletal muscle
ENSG00000164951	PDP1	54704	pyruvate dehydrogenase phosphatase catalytic subunit 1
ENSG00000164953	TMEM67	91147	transmembrane protein 67
ENSG00000164961	WASHC5	9897	WASH complex subunit 5
ENSG00000164967	RPP25L	138716	ribonuclease P/MRP subunit p25 like
ENSG00000164970	FAM219A	203259	family with sequence similarity 219 member A
ENSG00000164975	SNAPC3	6619	small nuclear RNA activating complex polypeptide 3
ENSG00000164976	MYORG	57462	myogenesis regulating glycosidase (putative)
ENSG00000164978	NUDT2	318	nudix hydrolase 2
ENSG00000164983	TMEM65	157378	transmembrane protein 65
ENSG00000164985	PSIP1	11168	PC4 and SRSF1 interacting protein 1
ENSG00000165006	UBAP1	51271	ubiquitin associated protein 1
ENSG00000165029	ABCA1	19	ATP binding cassette subfamily A member 1
ENSG00000165030	NFIL3	4783	nuclear factor, interleukin 3 regulated
ENSG00000165046	LETM2	137994	leucine zipper and EF-hand containing transmembrane protein 2
ENSG00000165055	METTL2B	55798	methyltransferase 2B, tRNA N3-cytidine
ENSG00000165060	FXN	2395	frataxin
ENSG00000165061	ZMAT4	79698	zinc finger matrin-type 4
ENSG00000165092	ALDH1A1	216	aldehyde dehydrogenase 1 family member A1
ENSG00000165097	KDM1B	221656	lysine demethylase 1B
ENSG00000165102	HGSNAT	138050	heparan-alpha-glucosaminide N-acetyltransferase
ENSG00000165105	RASEF	158158	RAS and EF-hand domain containing
ENSG00000165113	GKAP1	80318	G kinase anchoring protein 1
ENSG00000165115	KIF27	55582	kinesin family member 27
ENSG00000165118	QNG1	84267	Q-nucleotide N-glycosylase 1
ENSG00000165119	HNRNPK	3190	heterogeneous nuclear ribonucleoprotein K
ENSG00000165124	SVEP1	79987	sushi, von Willebrand factor type A, EGF and pentraxin domain containing 1
ENSG00000165138	ANKS6	203286	ankyrin repeat and sterile alpha motif domain containing 6
ENSG00000165152	PGAP4	84302	post-GPI attachment to proteins GalNAc transferase 4
ENSG00000165156	ZHX1	11244	zinc fingers and homeoboxes 1
ENSG00000165169	DYNLT3	6990	dynein light chain Tctex-type 3
ENSG00000165171	METTL27	155368	methyltransferase like 27
ENSG00000165175	MID1IP1	58526	MID1 interacting protein 1
ENSG00000165185	KIAA1958	158405	KIAA1958
ENSG00000165195	PIGA	5277	phosphatidylinositol glycan anchor biosynthesis class A
ENSG00000165209	STRBP	55342	spermatid perinuclear RNA binding protein
ENSG00000165215	CLDN3	1365	claudin 3
ENSG00000165219	GAPVD1	26130	GTPase activating protein and VPS9 domains 1
ENSG00000165233	CARD19	84270	caspase recruitment domain family member 19
ENSG00000165238	WNK2	65268	WNK lysine deficient protein kinase 2
ENSG00000165240	ATP7A	538	ATPase copper transporting alpha
ENSG00000165244	ZNF367	195828	zinc finger protein 367
ENSG00000165264	NDUFB6	4712	NADH:ubiquinone oxidoreductase subunit B6
ENSG00000165269	AQP7	364	aquaporin 7
ENSG00000165271	NOL6	65083	nucleolar protein 6
ENSG00000165272	AQP3	360	aquaporin 3 (Gill blood group)
ENSG00000165275	TRMT10B	158234	tRNA methyltransferase 10B
ENSG00000165280	VCP	7415	valosin containing protein
ENSG00000165282	PIGO	84720	phosphatidylinositol glycan anchor biosynthesis class O
ENSG00000165283	STOML2	30968	stomatin like 2
ENSG00000165288	BRWD3	254065	bromodomain and WD repeat domain containing 3
ENSG00000165300	SLITRK5	26050	SLIT and NTRK like family member 5
ENSG00000165304	MELK	9833	maternal embryonic leucine zipper kinase
ENSG00000165312	OTUD1	220213	OTU deubiquitinase 1
ENSG00000165322	ARHGAP12	94134	Rho GTPase activating protein 12
ENSG00000165338	HECTD2	143279	HECT domain E3 ubiquitin protein ligase 2
ENSG00000165355	FBXO33	254170	F-box protein 33
ENSG00000165376	CLDN2	9075	claudin 2
ENSG00000165389	SPTSSA	171546	serine palmitoyltransferase small subunit A
ENSG00000165392	WRN	7486	WRN RecQ like helicase
ENSG00000165406	MARCHF8	220972	membrane associated ring-CH-type finger 8
ENSG00000165410	CFL2	1073	cofilin 2
ENSG00000165416	SUGT1	10910	SGT1 homolog, MIS12 kinetochore complex assembly cochaperone
ENSG00000165417	GTF2A1	2957	general transcription factor IIA subunit 1
ENSG00000165424	ZCCHC24	219654	zinc finger CCHC-type containing 24
ENSG00000165434	PGM2L1	283209	phosphoglucomutase 2 like 1
ENSG00000165458	INPPL1	3636	inositol polyphosphate phosphatase like 1
ENSG00000165474	GJB2	2706	gap junction protein beta 2
ENSG00000165475	CRYL1	51084	crystallin lambda 1
ENSG00000165476	REEP3	221035	receptor accessory protein 3
ENSG00000165480	SKA3	221150	spindle and kinetochore associated complex subunit 3
ENSG00000165487	MICU2	221154	mitochondrial calcium uptake 2
ENSG00000165490	DDIAS	220042	DNA damage induced apoptosis suppressor
ENSG00000165494	PCF11	51585	PCF11 cleavage and polyadenylation factor subunit
ENSG00000165501	LRR1	122769	leucine rich repeat protein 1
ENSG00000165502	RPL36AL	6166	ribosomal protein L36a like
ENSG00000165506	DNAAF2	55172	dynein axonemal assembly factor 2
ENSG00000165507	DEPP1	11067	DEPP autophagy regulator 1
ENSG00000165512	ZNF22	7570	zinc finger protein 22
ENSG00000165516	KLHDC2	23588	kelch domain containing 2
ENSG00000165521	EML5	161436	EMAP like 5
ENSG00000165525	NEMF	9147	nuclear export mediator factor
ENSG00000165526	RPUSD4	84881	RNA pseudouridine synthase D4
ENSG00000165527	ARF6	382	ADP ribosylation factor 6
ENSG00000165533	TTC8	123016	tetratricopeptide repeat domain 8
ENSG00000165568	AKR1E2	83592	aldo-keto reductase family 1 member E2
ENSG00000165572	KBTBD6	89890	kelch repeat and BTB domain containing 6
ENSG00000165609	NUDT5	11164	nudix hydrolase 5
ENSG00000165626	BEND7	222389	BEN domain containing 7
ENSG00000165629	ATP5F1C	509	ATP synthase F1 subunit gamma
ENSG00000165630	PRPF18	8559	pre-mRNA processing factor 18
ENSG00000165632	TAF3	83860	TATA-box binding protein associated factor 3
ENSG00000165637	VDAC2	7417	voltage dependent anion channel 2
ENSG00000165644	COMTD1	118881	catechol-O-methyltransferase domain containing 1
ENSG00000165650	PDZD8	118987	PDZ domain containing 8
ENSG00000165655	ZNF503	84858	zinc finger protein 503
ENSG00000165660	ABRAXAS2	23172	abraxas 2, BRISC complex subunit
ENSG00000165661	QSOX2	169714	quiescin sulfhydryl oxidase 2
ENSG00000165669	FAM204A	63877	family with sequence similarity 204 member A
ENSG00000165671	NSD1	64324	nuclear receptor binding SET domain protein 1
ENSG00000165672	PRDX3	10935	peroxiredoxin 3
ENSG00000165675	ENOX2	10495	ecto-NOX disulfide-thiol exchanger 2
ENSG00000165678	GHITM	27069	growth hormone inducible transmembrane protein
ENSG00000165684	SNAPC4	6621	small nuclear RNA activating complex polypeptide 4
ENSG00000165688	PMPCA	23203	peptidase, mitochondrial processing subunit alpha
ENSG00000165689	ENTR1	10807	endosome associated trafficking regulator 1
ENSG00000165695	AK8	158067	adenylate kinase 8
ENSG00000165698	SPACA9	11092	sperm acrosome associated 9
ENSG00000165699	TSC1	7248	TSC complex subunit 1
ENSG00000165704	HPRT1	3251	hypoxanthine phosphoribosyltransferase 1
ENSG00000165714	BORCS5	118426	BLOC-1 related complex subunit 5
ENSG00000165716	DIPK1B	138311	divergent protein kinase domain 1B
ENSG00000165724	ZMYND19	116225	zinc finger MYND-type containing 19
ENSG00000165732	DDX21	9188	DExD-box helicase 21
ENSG00000165733	BMS1	9790	BMS1 ribosome biogenesis factor
ENSG00000165752	STK32C	282974	serine/threonine kinase 32C
ENSG00000165757	JCAD	57608	junctional cadherin 5 associated
ENSG00000165775	FUNDC2	65991	FUN14 domain containing 2
ENSG00000165782	PIP4P1	90809	phosphatidylinositol-4,5-bisphosphate 4-phosphatase 1
ENSG00000165792	METTL17	64745	methyltransferase like 17
ENSG00000165795	NDRG2	57447	NDRG family member 2
ENSG00000165801	ARHGEF40	55701	Rho guanine nucleotide exchange factor 40
ENSG00000165802	NSMF	26012	NMDA receptor synaptonuclear signaling and neuronal migration factor
ENSG00000165804	ZNF219	51222	zinc finger protein 219
ENSG00000165806	CASP7	840	caspase 7
ENSG00000165810	BTNL9	153579	butyrophilin like 9
ENSG00000165813	CCDC186	55088	coiled-coil domain containing 186
ENSG00000165819	METTL3	56339	methyltransferase 3, N6-adenosine-methyltransferase complex catalytic subunit
ENSG00000165821	SALL2	6297	spalt like transcription factor 2
ENSG00000165828	PRAP1	118471	proline rich acidic protein 1
ENSG00000165832	TRUB1	142940	TruB pseudouridine synthase family member 1
ENSG00000165861	ZFYVE1	53349	zinc finger FYVE-type containing 1
ENSG00000165868	HSPA12A	259217	heat shock protein family A (Hsp70) member 12A
ENSG00000165874	SHLD2P1	414241	shieldin complex subunit 2 pseudogene 1
ENSG00000165879	FRAT1	10023	FRAT regulator of WNT signaling pathway 1
ENSG00000165886	UBTD1	80019	ubiquitin domain containing 1
ENSG00000165887	ANKRD2	26287	ankyrin repeat domain 2
ENSG00000165891	E2F7	144455	E2F transcription factor 7
ENSG00000165895	ARHGAP42	143872	Rho GTPase activating protein 42
ENSG00000165898	ISCA2	122961	iron-sulfur cluster assembly 2
ENSG00000165912	PACSIN3	29763	protein kinase C and casein kinase substrate in neurons 3
ENSG00000165914	TTC7B	145567	tetratricopeptide repeat domain 7B
ENSG00000165915	SLC39A13	91252	solute carrier family 39 member 13
ENSG00000165916	PSMC3	5702	proteasome 26S subunit, ATPase 3
ENSG00000165923	AGBL2	79841	AGBL carboxypeptidase 2
ENSG00000165929	TC2N	123036	tandem C2 domains, nuclear
ENSG00000165934	CPSF2	53981	cleavage and polyadenylation specific factor 2
ENSG00000165943	MOAP1	64112	modulator of apoptosis 1
ENSG00000165948	IFI27L1	122509	interferon alpha inducible protein 27 like 1
ENSG00000165949	IFI27	3429	interferon alpha inducible protein 27
ENSG00000165959	CLMN	79789	calmin
ENSG00000165983	PTER	9317	phosphotriesterase related
ENSG00000165996	HACD1	9200	3-hydroxyacyl-CoA dehydratase 1
ENSG00000165997	ARL5B	221079	ADP ribosylation factor like GTPase 5B
ENSG00000166002	SMCO4	56935	single-pass membrane protein with coiled-coil domains 4
ENSG00000166004	CEP295	85459	centrosomal protein 295
ENSG00000166012	TAF1D	79101	TATA-box binding protein associated factor, RNA polymerase I subunit D
ENSG00000166016	ABTB2	25841	ankyrin repeat and BTB domain containing 2
ENSG00000166024	R3HCC1L	27291	R3H domain and coiled-coil containing 1 like
ENSG00000166025	AMOTL1	154810	angiomotin like 1
ENSG00000166033	HTRA1	5654	HtrA serine peptidase 1
ENSG00000166037	CEP57	9702	centrosomal protein 57
ENSG00000166046	TCP11L2	255394	t-complex 11 like 2
ENSG00000166068	SPRED1	161742	sprouty related EVH1 domain containing 1
ENSG00000166073	GPR176	11245	G protein-coupled receptor 176
ENSG00000166086	JAM3	83700	junctional adhesion molecule 3
ENSG00000166106	ADAMTS15	170689	ADAM metallopeptidase with thrombospondin type 1 motif 15
ENSG00000166123	GPT2	84706	glutamic--pyruvic transaminase 2
ENSG00000166128	RAB8B	51762	RAB8B, member RAS oncogene family
ENSG00000166130	IKBIP	121457	IKBKB interacting protein
ENSG00000166133	RPUSD2	27079	RNA pseudouridine synthase domain containing 2
ENSG00000166135	HIF1AN	55662	hypoxia inducible factor 1 subunit alpha inhibitor
ENSG00000166136	NDUFB8	4714	NADH:ubiquinone oxidoreductase subunit B8
ENSG00000166140	ZFYVE19	84936	zinc finger FYVE-type containing 19
ENSG00000166143	PPP1R14D	54866	protein phosphatase 1 regulatory inhibitor subunit 14D
ENSG00000166147	FBN1	2200	fibrillin 1
ENSG00000166164	BRD7	29117	bromodomain containing 7
ENSG00000166165	CKB	1152	creatine kinase B
ENSG00000166166	TRMT61A	115708	tRNA methyltransferase 61A
ENSG00000166167	BTRC	8945	beta-transducin repeat containing E3 ubiquitin protein ligase
ENSG00000166169	POLL	27343	DNA polymerase lambda
ENSG00000166170	BAG5	9529	BAG cochaperone 5
ENSG00000166171	DPCD	25911	deleted in primary ciliary dyskinesia homolog (mouse)
ENSG00000166173	LARP6	55323	La ribonucleoprotein 6, translational regulator
ENSG00000166181	API5	8539	apoptosis inhibitor 5
ENSG00000166188	ZNF319	57567	zinc finger protein 319
ENSG00000166189	HPS6	79803	HPS6 biogenesis of lysosomal organelles complex 2 subunit 3
ENSG00000166192	SENP8	123228	SUMO peptidase family member, NEDD8 specific
ENSG00000166197	NOLC1	9221	nucleolar and coiled-body phosphoprotein 1
ENSG00000166199	ALKBH3	221120	alkB homolog 3, alpha-ketoglutarate dependent dioxygenase
ENSG00000166200	COPS2	9318	COP9 signalosome subunit 2
ENSG00000166206	GABRB3	2562	gamma-aminobutyric acid type A receptor subunit beta3
ENSG00000166224	SGPL1	8879	sphingosine-1-phosphate lyase 1
ENSG00000166225	FRS2	10818	fibroblast growth factor receptor substrate 2
ENSG00000166226	CCT2	10576	chaperonin containing TCP1 subunit 2
ENSG00000166228	PCBD1	5092	pterin-4 alpha-carbinolamine dehydratase 1
ENSG00000166233	ARIH1	25820	ariadne RBR E3 ubiquitin protein ligase 1
ENSG00000166250	CLMP	79827	CXADR like membrane protein
ENSG00000166260	COX11	1353	cytochrome c oxidase copper chaperone COX11
ENSG00000166261	ZNF202	7753	zinc finger protein 202
ENSG00000166262	FAM227B	196951	family with sequence similarity 227 member B
ENSG00000166263	STXBP4	252983	syntaxin binding protein 4
ENSG00000166266	CUL5	8065	cullin 5
ENSG00000166272	WBP1L	54838	WW domain binding protein 1 like
ENSG00000166275	BORCS7	119032	BLOC-1 related complex subunit 7
ENSG00000166289	PLEKHF1	79156	pleckstrin homology and FYVE domain containing 1
ENSG00000166295	ANAPC16	119504	anaphase promoting complex subunit 16
ENSG00000166311	SMPD1	6609	sphingomyelin phosphodiesterase 1
ENSG00000166313	APBB1	322	amyloid beta precursor protein binding family B member 1
ENSG00000166321	NUDT13	25961	nudix hydrolase 13
ENSG00000166326	TRIM44	54765	tripartite motif containing 44
ENSG00000166333	ILK	3611	integrin linked kinase
ENSG00000166337	TAF10	6881	TATA-box binding protein associated factor 10
ENSG00000166340	TPP1	1200	tripeptidyl peptidase 1
ENSG00000166347	CYB5A	1528	cytochrome b5 type A
ENSG00000166348	USP54	159195	ubiquitin specific peptidase 54
ENSG00000166352	IFTAP	119710	intraflagellar transport associated protein
ENSG00000166377	ATP9B	374868	ATPase phospholipid transporting 9B (putative)
ENSG00000166387	PPFIBP2	8495	PPFIA binding protein 2
ENSG00000166394	CYB5R2	51700	cytochrome b5 reductase 2
ENSG00000166396	SERPINB7	8710	serpin family B member 7
ENSG00000166398	GARRE1	9710	granule associated Rac and RHOG effector 1
ENSG00000166401	SERPINB8	5271	serpin family B member 8
ENSG00000166402	TUB	7275	TUB bipartite transcription factor
ENSG00000166405	RIC3	79608	RIC3 acetylcholine receptor chaperone
ENSG00000166411	IDH3A	3419	isocitrate dehydrogenase (NAD(+)) 3 catalytic subunit alpha
ENSG00000166415	WDR72	256764	WD repeat domain 72
ENSG00000166435	XRRA1	143570	X-ray radiation resistance associated 1
ENSG00000166436	TRIM66	9866	tripartite motif containing 66
ENSG00000166439	RNF169	254225	ring finger protein 169
ENSG00000166441	RPL27A	6157	ribosomal protein L27a
ENSG00000166444	DENND2B	6764	DENN domain containing 2B
ENSG00000166448	TMEM130	222865	transmembrane protein 130
ENSG00000166450	PRTG	283659	protogenin
ENSG00000166451	CENPN	55839	centromere protein N
ENSG00000166452	AKIP1	56672	A-kinase interacting protein 1
ENSG00000166454	ATMIN	23300	ATM interactor
ENSG00000166455	C16orf46	123775	chromosome 16 open reading frame 46
ENSG00000166471	TMEM41B	440026	transmembrane protein 41B
ENSG00000166473	PKD1L2	114780	polycystin 1 like 2 (gene/pseudogene)
ENSG00000166477	LEO1	123169	LEO1 homolog, Paf1/RNA polymerase II complex component
ENSG00000166478	ZNF143	7702	zinc finger protein 143
ENSG00000166479	TMX3	54495	thioredoxin related transmembrane protein 3
ENSG00000166483	WEE1	7465	WEE1 G2 checkpoint kinase
ENSG00000166484	MAPK7	5598	mitogen-activated protein kinase 7
ENSG00000166503	HDGFL3	50810	HDGF like 3
ENSG00000166507	NDST2	8509	N-deacetylase and N-sulfotransferase 2
ENSG00000166508	MCM7	4176	minichromosome maintenance complex component 7
ENSG00000166510	CCDC68	80323	coiled-coil domain containing 68
ENSG00000166523	CLEC4E	26253	C-type lectin domain family 4 member E
ENSG00000166526	ZNF3	7551	zinc finger protein 3
ENSG00000166529	ZSCAN21	7589	zinc finger and SCAN domain containing 21
ENSG00000166532	RIMKLB	57494	ribosomal modification protein rimK like family member B
ENSG00000166546	BEAN1	146227	brain expressed associated with NEDD4 1
ENSG00000166548	TK2	7084	thymidine kinase 2
ENSG00000166557	TMED3	23423	transmembrane p24 trafficking protein 3
ENSG00000166562	SEC11C	90701	SEC11 homolog C, signal peptidase complex subunit
ENSG00000166575	TMEM135	65084	transmembrane protein 135
ENSG00000166578	IQCD	115811	IQ motif containing D
ENSG00000166579	NDEL1	81565	nudE neurodevelopment protein 1 like 1
ENSG00000166582	CENPV	201161	centromere protein V
ENSG00000166589	CDH16	1014	cadherin 16
ENSG00000166592	RRAD	6236	RRAD, Ras related glycolysis inhibitor and calcium channel regulator
ENSG00000166595	CIAO2B	51647	cytosolic iron-sulfur assembly component 2B
ENSG00000166598	HSP90B1	7184	heat shock protein 90 beta family member 1
ENSG00000166619	BLCAP	10904	BLCAP apoptosis inducing factor
ENSG00000166664	CHRFAM7A	89832	CHRNA7 (exons 5-10) and FAM7A (exons A-E) fusion
ENSG00000166669	ATF7IP2	80063	activating transcription factor 7 interacting protein 2
ENSG00000166681	BEX3	27018	brain expressed X-linked 3
ENSG00000166685	COG1	9382	component of oligomeric golgi complex 1
ENSG00000166689	PLEKHA7	144100	pleckstrin homology domain containing A7
ENSG00000166704	ZNF606	80095	zinc finger protein 606
ENSG00000166710	B2M	567	beta-2-microglobulin
ENSG00000166716	ZNF592	9640	zinc finger protein 592
ENSG00000166734	GOLM2	113201	golgi membrane protein 2
ENSG00000166741	NNMT	4837	nicotinamide N-methyltransferase
ENSG00000166747	AP1G1	164	adaptor related protein complex 1 subunit gamma 1
ENSG00000166750	SLFN5	162394	schlafen family member 5
ENSG00000166780	BMERB1	89927	bMERB domain containing 1
ENSG00000166783	MARF1	9665	meiosis regulator and mRNA stability factor 1
ENSG00000166788	SAAL1	113174	serum amyloid A like 1
ENSG00000166794	PPIB	5479	peptidylprolyl isomerase B
ENSG00000166797	CIAO2A	84191	cytosolic iron-sulfur assembly component 2A
ENSG00000166801	FAM111A	63901	FAM111 trypsin like peptidase A
ENSG00000166803	PCLAF	9768	PCNA clamp associated factor
ENSG00000166813	KIF7	374654	kinesin family member 7
ENSG00000166816	LDHD	197257	lactate dehydrogenase D
ENSG00000166821	PEX11A	8800	peroxisomal biogenesis factor 11 alpha
ENSG00000166822	TMEM170A	124491	transmembrane protein 170A
ENSG00000166823	MESP1	55897	mesoderm posterior bHLH transcription factor 1
ENSG00000166825	ANPEP	290	alanyl aminopeptidase, membrane
ENSG00000166831	RBPMS2	348093	RNA binding protein, mRNA processing factor 2
ENSG00000166833	NAV2	89797	neuron navigator 2
ENSG00000166839	ANKDD1A	348094	ankyrin repeat and death domain containing 1A
ENSG00000166845	C18orf54	162681	chromosome 18 open reading frame 54
ENSG00000166847	DCTN5	84516	dynactin subunit 5
ENSG00000166848	TERF2IP	54386	TERF2 interacting protein
ENSG00000166851	PLK1	5347	polo like kinase 1
ENSG00000166855	CLPX	10845	caseinolytic mitochondrial matrix peptidase chaperone subunit X
ENSG00000166860	ZBTB39	9880	zinc finger and BTB domain containing 39
ENSG00000166881	NEMP1	23306	nuclear envelope integral membrane protein 1
ENSG00000166886	NAB2	4665	NGFI-A binding protein 2
ENSG00000166887	VPS39	23339	VPS39 subunit of HOPS complex
ENSG00000166888	STAT6	6778	signal transducer and activator of transcription 6
ENSG00000166889	PATL1	219988	PAT1 homolog 1, processing body mRNA decay factor
ENSG00000166896	ATP23	91419	ATP23 metallopeptidase and ATP synthase assembly factor homolog
ENSG00000166897	ELFN2	114794	extracellular leucine rich repeat and fibronectin type III domain containing 2
ENSG00000166900	STX3	6809	syntaxin 3
ENSG00000166902	MRPL16	54948	mitochondrial ribosomal protein L16
ENSG00000166908	PIP4K2C	79837	phosphatidylinositol-5-phosphate 4-kinase type 2 gamma
ENSG00000166912	MTMR10	54893	myotubularin related protein 10
ENSG00000166913	YWHAB	7529	tyrosine 3-monooxygenase/tryptophan 5-monooxygenase activation protein beta
ENSG00000166920	C15orf48	84419	chromosome 15 open reading frame 48
ENSG00000166922	SCG5	6447	secretogranin V
ENSG00000166923	GREM1	26585	gremlin 1, DAN family BMP antagonist
ENSG00000166924	NYAP1	222950	neuronal tyrosine phosphorylated phosphoinositide-3-kinase adaptor 1
ENSG00000166925	TSC22D4	81628	TSC22 domain family member 4
ENSG00000166938	DIS3L	115752	DIS3 like exosome 3'-5' exoribonuclease
ENSG00000166946	CCNDBP1	23582	cyclin D1 binding protein 1
ENSG00000166949	SMAD3	4088	SMAD family member 3
ENSG00000166965	RCCD1	91433	RCC1 domain containing 1
ENSG00000166971	AKTIP	64400	AKT interacting protein
ENSG00000166974	MAPRE2	10982	microtubule associated protein RP/EB family member 2
ENSG00000166979	EVA1C	59271	eva-1 homolog C
ENSG00000166986	MARS1	4141	methionyl-tRNA synthetase 1
ENSG00000166987	MBD6	114785	methyl-CpG binding domain protein 6
ENSG00000166997	CNPY4	245812	canopy FGF signaling regulator 4
ENSG00000167004	PDIA3	2923	protein disulfide isomerase family A member 3
ENSG00000167005	NUDT21	11051	nudix hydrolase 21
ENSG00000167034	NKX3-1	4824	NK3 homeobox 1
ENSG00000167065	DUSP18	150290	dual specificity phosphatase 18
ENSG00000167074	TEF	7008	TEF transcription factor, PAR bZIP family member
ENSG00000167081	PBX3	5090	PBX homeobox 3
ENSG00000167085	PHB1	5245	prohibitin 1
ENSG00000167088	SNRPD1	6632	small nuclear ribonucleoprotein D1 polypeptide
ENSG00000167100	SAMD14	201191	sterile alpha motif domain containing 14
ENSG00000167103	PIP5KL1	138429	phosphatidylinositol-4-phosphate 5-kinase like 1
ENSG00000167105	TMEM92	162461	transmembrane protein 92
ENSG00000167106	EEIG1	399665	estrogen-induced osteoclastogenesis regulator 1
ENSG00000167107	ACSF2	80221	acyl-CoA synthetase family member 2
ENSG00000167110	GOLGA2	2801	golgin A2
ENSG00000167112	TRUB2	26995	TruB pseudouridine synthase family member 2
ENSG00000167113	COQ4	51117	coenzyme Q4
ENSG00000167114	SLC27A4	10999	solute carrier family 27 member 4
ENSG00000167118	URM1	81605	ubiquitin related modifier 1
ENSG00000167123	CERCAM	51148	cerebral endothelial cell adhesion molecule
ENSG00000167130	DOLPP1	57171	dolichyldiphosphatase 1
ENSG00000167131	CCDC103	388389	coiled-coil domain containing 103
ENSG00000167136	ENDOG	2021	endonuclease G
ENSG00000167157	PRRX2	51450	paired related homeobox 2
ENSG00000167165	UGT1A6	54578	UDP glucuronosyltransferase family 1 member A6
ENSG00000167173	C15orf39	56905	chromosome 15 open reading frame 39
ENSG00000167182	SP2	6668	Sp2 transcription factor
ENSG00000167183	PRR15L	79170	proline rich 15 like
ENSG00000167186	COQ7	10229	coenzyme Q7, hydroxylase
ENSG00000167191	GPRC5B	51704	G protein-coupled receptor class C group 5 member B
ENSG00000167193	CRK	1398	CRK proto-oncogene, adaptor protein
ENSG00000167196	FBXO22	26263	F-box protein 22
ENSG00000167202	TBC1D2B	23102	TBC1 domain family member 2B
ENSG00000167216	KATNAL2	83473	katanin catalytic subunit A1 like 2
ENSG00000167220	HDHD2	84064	haloacid dehalogenase like hydrolase domain containing 2
ENSG00000167244	IGF2	3481	insulin like growth factor 2
ENSG00000167257	RNF214	257160	ring finger protein 214
ENSG00000167258	CDK12	51755	cyclin dependent kinase 12
ENSG00000167264	DUS2	54920	dihydrouridine synthase 2
ENSG00000167272	POP5	51367	POP5 homolog, ribonuclease P/MRP subunit
ENSG00000167280	ENGASE	64772	endo-beta-N-acetylglucosaminidase
ENSG00000167281	RBFOX3	146713	RNA binding fox-1 homolog 3
ENSG00000167283	ATP5MG	10632	ATP synthase membrane subunit g
ENSG00000167291	TBC1D16	125058	TBC1 domain family member 16
ENSG00000167302	TEPSIN	146705	TEPSIN adaptor related protein complex 4 accessory protein
ENSG00000167306	MYO5B	4645	myosin VB
ENSG00000167315	ACAA2	10449	acetyl-CoA acyltransferase 2
ENSG00000167323	STIM1	6786	stromal interaction molecule 1
ENSG00000167325	RRM1	6240	ribonucleotide reductase catalytic subunit M1
ENSG00000167333	TRIM68	55128	tripartite motif containing 68
ENSG00000167363	FN3K	64122	fructosamine 3 kinase
ENSG00000167371	PRRT2	112476	proline rich transmembrane protein 2
ENSG00000167377	ZNF23	7571	zinc finger protein 23
ENSG00000167378	IRGQ	126298	immunity related GTPase Q
ENSG00000167380	ZNF226	7769	zinc finger protein 226
ENSG00000167384	ZNF180	7733	zinc finger protein 180
ENSG00000167393	PPP2R3B	28227	protein phosphatase 2 regulatory subunit B''beta
ENSG00000167394	ZNF668	79759	zinc finger protein 668
ENSG00000167395	ZNF646	9726	zinc finger protein 646
ENSG00000167397	VKORC1	79001	vitamin K epoxide reductase complex subunit 1
ENSG00000167447	SMG8	55181	SMG8 nonsense mediated mRNA decay factor
ENSG00000167460	TPM4	7171	tropomyosin 4
ENSG00000167461	RAB8A	4218	RAB8A, member RAS oncogene family
ENSG00000167468	GPX4	2879	glutathione peroxidase 4
ENSG00000167470	MIDN	90007	midnolin
ENSG00000167487	KLHL26	55295	kelch like family member 26
ENSG00000167491	GATAD2A	54815	GATA zinc finger domain containing 2A
ENSG00000167508	MVD	4597	mevalonate diphosphate decarboxylase
ENSG00000167513	CDT1	81620	chromatin licensing and DNA replication factor 1
ENSG00000167515	TRAPPC2L	51693	trafficking protein particle complex subunit 2L
ENSG00000167522	ANKRD11	29123	ankyrin repeat domain containing 11
ENSG00000167523	SPATA33	124045	spermatogenesis associated 33
ENSG00000167524	RSKR	124923	ribosomal protein S6 kinase related
ENSG00000167525	PROCA1	147011	protein interacting with cyclin A1
ENSG00000167526	RPL13	6137	ribosomal protein L13
ENSG00000167528	ZNF641	121274	zinc finger protein 641
ENSG00000167535	CACNB3	784	calcium voltage-gated channel auxiliary subunit beta 3
ENSG00000167536	DHRS13	147015	dehydrogenase/reductase 13
ENSG00000167543	TP53I13	90313	tumor protein p53 inducible protein 13
ENSG00000167548	KMT2D	8085	lysine methyltransferase 2D
ENSG00000167549	CORO6	84940	coronin 6
ENSG00000167550	RHEBL1	121268	RHEB like 1
ENSG00000167552	TUBA1A	7846	tubulin alpha 1a
ENSG00000167553	TUBA1C	84790	tubulin alpha 1c
ENSG00000167565	SERTAD3	29946	SERTA domain containing 3
ENSG00000167566	NCKAP5L	57701	NCK associated protein 5 like
ENSG00000167578	RAB4B	53916	RAB4B, member RAS oncogene family
ENSG00000167595	PROSER3	148137	proline and serine rich 3
ENSG00000167600	CYP2S1	29785	cytochrome P450 family 2 subfamily S member 1
ENSG00000167601	AXL	558	AXL receptor tyrosine kinase
ENSG00000167604	NFKBID	84807	NFKB inhibitor delta
ENSG00000167608	TMC4	147798	transmembrane channel like 4
ENSG00000167615	LENG8	114823	leukocyte receptor cluster member 8
ENSG00000167619	TMEM145	284339	transmembrane protein 145
ENSG00000167625	ZNF526	116115	zinc finger protein 526
ENSG00000167632	TRAPPC9	83696	trafficking protein particle complex subunit 9
ENSG00000167635	ZNF146	7705	zinc finger protein 146
ENSG00000167637	ZNF283	284349	zinc finger protein 283
ENSG00000167641	PPP1R14A	94274	protein phosphatase 1 regulatory inhibitor subunit 14A
ENSG00000167642	SPINT2	10653	serine peptidase inhibitor, Kunitz type 2
ENSG00000167644	C19orf33	64073	chromosome 19 open reading frame 33
ENSG00000167645	YIF1B	90522	Yip1 interacting factor homolog B, membrane trafficking protein
ENSG00000167646	DNAAF3	352909	dynein axonemal assembly factor 3
ENSG00000167653	PSCA	8000	prostate stem cell antigen
ENSG00000167657	DAPK3	1613	death associated protein kinase 3
ENSG00000167658	EEF2	1938	eukaryotic translation elongation factor 2
ENSG00000167670	CHAF1A	10036	chromatin assembly factor 1 subunit A
ENSG00000167671	UBXN6	80700	UBX domain protein 6
ENSG00000167674	HDGFL2	84717	HDGF like 2
ENSG00000167680	SEMA6B	10501	semaphorin 6B
ENSG00000167685	ZNF444	55311	zinc finger protein 444
ENSG00000167693	NXN	64359	nucleoredoxin
ENSG00000167695	TLCD3A	79850	TLC domain containing 3A
ENSG00000167699	GLOD4	51031	glyoxalase domain containing 4
ENSG00000167700	MFSD3	113655	major facilitator superfamily domain containing 3
ENSG00000167702	KIFC2	90990	kinesin family member C2
ENSG00000167703	SLC43A2	124935	solute carrier family 43 member 2
ENSG00000167705	RILP	83547	Rab interacting lysosomal protein
ENSG00000167711	SERPINF2	5345	serpin family F member 2
ENSG00000167716	WDR81	124997	WD repeat domain 81
ENSG00000167720	SRR	63826	serine racemase
ENSG00000167721	TSR1	55720	TSR1 ribosome maturation factor
ENSG00000167733	HSD11B1L	374875	hydroxysteroid 11-beta dehydrogenase 1 like
ENSG00000167740	CYB5D2	124936	cytochrome b5 domain containing 2
ENSG00000167747	C19orf48P	84798	multidrug resistance-related protein
ENSG00000167767	KRT80	144501	keratin 80
ENSG00000167770	OTUB1	55611	OTU deubiquitinase, ubiquitin aldehyde binding 1
ENSG00000167771	RCOR2	283248	REST corepressor 2
ENSG00000167772	ANGPTL4	51129	angiopoietin like 4
ENSG00000167775	CD320	51293	CD320 molecule
ENSG00000167778	SPRYD3	84926	SPRY domain containing 3
ENSG00000167779	IGFBP6	3489	insulin like growth factor binding protein 6
ENSG00000167785	ZNF558	148156	zinc finger protein 558
ENSG00000167792	NDUFV1	4723	NADH:ubiquinone oxidoreductase core subunit V1
ENSG00000167797	CDK2AP2	10263	cyclin dependent kinase 2 associated protein 2
ENSG00000167799	NUDT8	254552	nudix hydrolase 8
ENSG00000167840	ZNF232	7775	zinc finger protein 232
ENSG00000167842	MIS12	79003	MIS12 kinetochore complex component
ENSG00000167861	HID1	283987	HID1 domain containing
ENSG00000167862	MRPL58	3396	mitochondrial ribosomal protein L58
ENSG00000167863	ATP5PD	10476	ATP synthase peripheral stalk subunit d
ENSG00000167880	EVPL	2125	envoplakin
ENSG00000167881	SRP68	6730	signal recognition particle 68
ENSG00000167889	MGAT5B	146664	alpha-1,6-mannosylglycoprotein 6-beta-N-acetylglucosaminyltransferase B
ENSG00000167900	TK1	7083	thymidine kinase 1
ENSG00000167904	TMEM68	137695	transmembrane protein 68
ENSG00000167920	KRT10-AS1	147184	KRT10 antisense RNA 1
ENSG00000167925	GHDC	84514	GH3 domain containing
ENSG00000167930	FAM234A	83986	family with sequence similarity 234 member A
ENSG00000167962	ZNF598	90850	zinc finger protein 598, E3 ubiquitin ligase
ENSG00000167964	RAB26	25837	RAB26, member RAS oncogene family
ENSG00000167965	MLST8	64223	MTOR associated protein, LST8 homolog
ENSG00000167967	E4F1	1877	E4F transcription factor 1
ENSG00000167968	DNASE1L2	1775	deoxyribonuclease 1 like 2
ENSG00000167969	ECI1	1632	enoyl-CoA delta isomerase 1
ENSG00000167971	CASKIN1	57524	CASK interacting protein 1
ENSG00000167972	ABCA3	21	ATP binding cassette subfamily A member 3
ENSG00000167977	KCTD5	54442	potassium channel tetramerization domain containing 5
ENSG00000167978	SRRM2	23524	serine/arginine repetitive matrix 2
ENSG00000167985	SDHAF2	54949	succinate dehydrogenase complex assembly factor 2
ENSG00000167986	DDB1	1642	damage specific DNA binding protein 1
ENSG00000167987	VPS37C	55048	VPS37C subunit of ESCRT-I
ENSG00000167992	VWCE	220001	von Willebrand factor C and EGF domains
ENSG00000167994	RAB3IL1	5866	RAB3A interacting protein like 1
ENSG00000167995	BEST1	7439	bestrophin 1
ENSG00000167996	FTH1	2495	ferritin heavy chain 1
ENSG00000168000	BSCL2	26580	BSCL2 lipid droplet biogenesis associated, seipin
ENSG00000168002	POLR2G	5436	RNA polymerase II subunit G
ENSG00000168003	SLC3A2	6520	solute carrier family 3 member 2
ENSG00000168005	SPINDOC	144097	spindlin interactor and repressor of chromatin binding
ENSG00000168010	ATG16L2	89849	autophagy related 16 like 2
ENSG00000168014	C2CD3	26005	C2 domain containing 3 centriole elongation regulator
ENSG00000168016	TRANK1	9881	tetratricopeptide repeat and ankyrin repeat containing 1
ENSG00000168026	TTC21A	199223	tetratricopeptide repeat domain 21A
ENSG00000168028	RPSA	3921	ribosomal protein SA
ENSG00000168036	CTNNB1	1499	catenin beta 1
ENSG00000168038	ULK4	54986	unc-51 like kinase 4
ENSG00000168040	FADD	8772	Fas associated via death domain
ENSG00000168056	LTBP3	4054	latent transforming growth factor beta binding protein 3
ENSG00000168061	SAC3D1	29901	SAC3 domain containing 1
ENSG00000168062	BATF2	116071	basic leucine zipper ATF-like transcription factor 2
ENSG00000168066	SF1	7536	splicing factor 1
ENSG00000168067	MAP4K2	5871	mitogen-activated protein kinase kinase kinase kinase 2
ENSG00000168071	CCDC88B	283234	coiled-coil domain containing 88B
ENSG00000168077	SCARA3	51435	scavenger receptor class A member 3
ENSG00000168078	PBK	55872	PDZ binding kinase
ENSG00000168079	SCARA5	286133	scavenger receptor class A member 5
ENSG00000168090	COPS6	10980	COP9 signalosome subunit 6
ENSG00000168092	PAFAH1B2	5049	platelet activating factor acetylhydrolase 1b catalytic subunit 2
ENSG00000168096	ANKS3	124401	ankyrin repeat and sterile alpha motif domain containing 3
ENSG00000168101	NUDT16L1	84309	nudix hydrolase 16 like 1
ENSG00000168116	KIAA1586	57691	KIAA1586
ENSG00000168118	RAB4A	5867	RAB4A, member RAS oncogene family
ENSG00000168137	SETD5	55209	SET domain containing 5
ENSG00000168140	VASN	114990	vasorin
ENSG00000168152	THAP9	79725	THAP domain containing 9
ENSG00000168159	RNF187	149603	ring finger protein 187
ENSG00000168172	HOOK3	84376	hook microtubule tethering protein 3
ENSG00000168175	MAPK1IP1L	93487	mitogen-activated protein kinase 1 interacting protein 1 like
ENSG00000168209	DDIT4	54541	DNA damage inducible transcript 4
ENSG00000168214	RBPJ	3516	recombination signal binding protein for immunoglobulin kappa J region
ENSG00000168216	LMBRD1	55788	LMBR1 domain containing 1
ENSG00000168228	ZCCHC4	29063	zinc finger CCHC-type containing 4
ENSG00000168234	TTC39C	125488	tetratricopeptide repeat domain 39C
ENSG00000168237	GLYCTK	132158	glycerate kinase
ENSG00000168243	GNG4	2786	G protein subunit gamma 4
ENSG00000168246	UBTD2	92181	ubiquitin domain containing 2
ENSG00000168255	POLR2J3-UPK3BL2	123258399	POLR2J3-UPK3BL2 readthrough
ENSG00000168256	NKIRAS2	28511	NFKB inhibitor interacting Ras like 2
ENSG00000168259	DNAJC7	7266	DnaJ heat shock protein family (Hsp40) member C7
ENSG00000168264	IRF2BP2	359948	interferon regulatory factor 2 binding protein 2
ENSG00000168268	NT5DC2	64943	5'-nucleotidase domain containing 2
ENSG00000168273	UQCC5	440957	ubiquinol-cytochrome c reductase complex assembly factor 5
ENSG00000168275	COA6	388753	cytochrome c oxidase assembly factor 6
ENSG00000168283	BMI1	648	BMI1 proto-oncogene, polycomb ring finger
ENSG00000168286	THAP11	57215	THAP domain containing 11
ENSG00000168288	MMADHC	27249	metabolism of cobalamin associated D
ENSG00000168291	PDHB	5162	pyruvate dehydrogenase E1 subunit beta
ENSG00000168297	PXK	54899	PX domain containing serine/threonine kinase like
ENSG00000168300	PCMTD1	115294	protein-L-isoaspartate (D-aspartate) O-methyltransferase domain containing 1
ENSG00000168301	KCTD6	200845	potassium channel tetramerization domain containing 6
ENSG00000168303	MPLKIP	136647	M-phase specific PLK1 interacting protein
ENSG00000168306	ACOX2	8309	acyl-CoA oxidase 2
ENSG00000168310	IRF2	3660	interferon regulatory factor 2
ENSG00000168350	DEGS2	123099	delta 4-desaturase, sphingolipid 2
ENSG00000168374	ARF4	378	ADP ribosylation factor 4
ENSG00000168385	SEPTIN2	4735	septin 2
ENSG00000168386	FILIP1L	11259	filamin A interacting protein 1 like
ENSG00000168389	MFSD2A	84879	MFSD2 lysolipid transporter A, lysophospholipid
ENSG00000168393	DTYMK	1841	deoxythymidylate kinase
ENSG00000168394	TAP1	6890	transporter 1, ATP binding cassette subfamily B member
ENSG00000168395	ING5	84289	inhibitor of growth family member 5
ENSG00000168397	ATG4B	23192	autophagy related 4B cysteine peptidase
ENSG00000168398	BDKRB2	624	bradykinin receptor B2
ENSG00000168404	MLKL	197259	mixed lineage kinase domain like pseudokinase
ENSG00000168411	RFWD3	55159	ring finger and WD repeat domain 3
ENSG00000168434	COG7	91949	component of oligomeric golgi complex 7
ENSG00000168438	CDC40	51362	cell division cycle 40
ENSG00000168439	STIP1	10963	stress induced phosphoprotein 1
ENSG00000168453	HR	55806	HR lysine demethylase and nuclear receptor corepressor
ENSG00000168461	RAB31	11031	RAB31, member RAS oncogene family
ENSG00000168476	REEP4	80346	receptor accessory protein 4
ENSG00000168481	LGI3	203190	leucine rich repeat LGI family member 3
ENSG00000168487	BMP1	649	bone morphogenetic protein 1
ENSG00000168488	ATXN2L	11273	ataxin 2 like
ENSG00000168495	POLR3D	661	RNA polymerase III subunit D
ENSG00000168496	FEN1	2237	flap structure-specific endonuclease 1
ENSG00000168497	CAVIN2	8436	caveolae associated protein 2
ENSG00000168502	MTCL1	23255	microtubule crosslinking factor 1
ENSG00000168517	HEXIM2	124790	HEXIM P-TEFb complex subunit 2
ENSG00000168522	FNTA	2339	farnesyltransferase, CAAX box, alpha
ENSG00000168528	SERINC2	347735	serine incorporator 2
ENSG00000168538	TRAPPC11	60684	trafficking protein particle complex subunit 11
ENSG00000168556	ING2	3622	inhibitor of growth family member 2
ENSG00000168564	CDKN2AIP	55602	CDKN2A interacting protein
ENSG00000168566	SNRNP48	154007	small nuclear ribonucleoprotein U11/U12 subunit 48
ENSG00000168569	TMEM223	79064	transmembrane protein 223
ENSG00000168575	SLC20A2	6575	solute carrier family 20 member 2
ENSG00000168591	TMUB2	79089	transmembrane and ubiquitin like domain containing 2
ENSG00000168610	STAT3	6774	signal transducer and activator of transcription 3
ENSG00000168612	ZSWIM1	90204	zinc finger SWIM-type containing 1
ENSG00000168615	ADAM9	8754	ADAM metallopeptidase domain 9
ENSG00000168646	AXIN2	8313	axin 2
ENSG00000168653	NDUFS5	4725	NADH:ubiquinone oxidoreductase subunit S5
ENSG00000168661	ZNF30	90075	zinc finger protein 30
ENSG00000168672	LRATD2	157638	LRAT domain containing 2
ENSG00000168679	SLC16A4	9122	solute carrier family 16 member 4
ENSG00000168701	TMEM208	29100	transmembrane protein 208
ENSG00000168710	AHCYL1	10768	adenosylhomocysteinase like 1
ENSG00000168724	DNAJC21	134218	DnaJ heat shock protein family (Hsp40) member C21
ENSG00000168734	PKIG	11142	cAMP-dependent protein kinase inhibitor gamma
ENSG00000168758	SEMA4C	54910	semaphorin 4C
ENSG00000168763	CNNM3	26505	cyclin and CBS domain divalent metal cation transport mediator 3
ENSG00000168765	GSTM4	2948	glutathione S-transferase mu 4
ENSG00000168769	TET2	54790	tet methylcytosine dioxygenase 2
ENSG00000168778	TCTN2	79867	tectonic family member 2
ENSG00000168779	SHOX2	6474	SHOX homeobox 2
ENSG00000168781	PPIP5K1	9677	diphosphoinositol pentakisphosphate kinase 1
ENSG00000168785	TSPAN5	10098	tetraspanin 5
ENSG00000168792	ABHD15	116236	abhydrolase domain containing 15
ENSG00000168795	ZBTB5	9925	zinc finger and BTB domain containing 5
ENSG00000168802	CHTF8	54921	chromosome transmission fidelity factor 8
ENSG00000168803	ADAL	161823	adenosine deaminase like
ENSG00000168806	LCMT2	9836	leucine carboxyl methyltransferase 2
ENSG00000168807	SNTB2	6645	syntrophin beta 2
ENSG00000168811	IL12A	3592	interleukin 12A
ENSG00000168813	ZNF507	22847	zinc finger protein 507
ENSG00000168818	STX18	53407	syntaxin 18
ENSG00000168824	NSG1	27065	neuronal vesicle trafficking associated 1
ENSG00000168826	ZBTB49	166793	zinc finger and BTB domain containing 49
ENSG00000168827	GFM1	85476	G elongation factor mitochondrial 1
ENSG00000168872	DDX19A	55308	DEAD-box helicase 19A
ENSG00000168874	ATOH8	84913	atonal bHLH transcription factor 8
ENSG00000168876	ANKRD49	54851	ankyrin repeat domain 49
ENSG00000168883	USP39	10713	ubiquitin specific peptidase 39
ENSG00000168884	TNIP2	79155	TNFAIP3 interacting protein 2
ENSG00000168887	C2orf68	388969	chromosome 2 open reading frame 68
ENSG00000168890	TMEM150A	129303	transmembrane protein 150A
ENSG00000168894	RNF181	51255	ring finger protein 181
ENSG00000168904	LRRC28	123355	leucine rich repeat containing 28
ENSG00000168906	MAT2A	4144	methionine adenosyltransferase 2A
ENSG00000168913	ENHO	375704	energy homeostasis associated
ENSG00000168917	SLC35G2	80723	solute carrier family 35 member G2
ENSG00000168924	LETM1	3954	leucine zipper and EF-hand containing transmembrane protein 1
ENSG00000168936	TMEM129	92305	transmembrane protein 129, E3 ubiquitin ligase
ENSG00000168938	PPIC	5480	peptidylprolyl isomerase C
ENSG00000168944	CEP120	153241	centrosomal protein 120
ENSG00000168952	STXBP6	29091	syntaxin binding protein 6
ENSG00000168955	TM4SF20	79853	transmembrane 4 L six family member 20
ENSG00000168958	MFF	56947	mitochondrial fission factor
ENSG00000168961	LGALS9	3965	galectin 9
ENSG00000168994	PXDC1	221749	PX domain containing 1
ENSG00000169016	E2F6	1876	E2F transcription factor 6
ENSG00000169018	FEM1B	10116	fem-1 homolog B
ENSG00000169019	COMMD8	54951	COMM domain containing 8
ENSG00000169020	ATP5ME	521	ATP synthase membrane subunit e
ENSG00000169021	UQCRFS1	7386	ubiquinol-cytochrome c reductase, Rieske iron-sulfur polypeptide 1
ENSG00000169031	COL4A3	1285	collagen type IV alpha 3 chain
ENSG00000169032	MAP2K1	5604	mitogen-activated protein kinase kinase 1
ENSG00000169045	HNRNPH1	3187	heterogeneous nuclear ribonucleoprotein H1
ENSG00000169047	IRS1	3667	insulin receptor substrate 1
ENSG00000169057	MECP2	4204	methyl-CpG binding protein 2
ENSG00000169062	UPF3A	65110	UPF3A regulator of nonsense mediated mRNA decay
ENSG00000169083	AR	367	androgen receptor
ENSG00000169084	DHRSX	207063	dehydrogenase/reductase X-linked
ENSG00000169087	HSPBAP1	79663	HSPB1 associated protein 1
ENSG00000169093	ASMTL	8623	acetylserotonin O-methyltransferase like
ENSG00000169100	SLC25A6	293	solute carrier family 25 member 6
ENSG00000169105	CHST14	113189	carbohydrate sulfotransferase 14
ENSG00000169116	PARM1	25849	prostate androgen-regulated mucin-like protein 1
ENSG00000169118	CSNK1G1	53944	casein kinase 1 gamma 1
ENSG00000169122	FAM110B	90362	family with sequence similarity 110 member B
ENSG00000169129	AFAP1L2	84632	actin filament associated protein 1 like 2
ENSG00000169131	ZNF354A	6940	zinc finger protein 354A
ENSG00000169136	ATF5	22809	activating transcription factor 5
ENSG00000169139	UBE2V2	7336	ubiquitin conjugating enzyme E2 V2
ENSG00000169155	ZBTB43	23099	zinc finger and BTB domain containing 43
ENSG00000169169	CPT1C	126129	carnitine palmitoyltransferase 1C
ENSG00000169174	PCSK9	255738	proprotein convertase subtilisin/kexin type 9
ENSG00000169180	XPO6	23214	exportin 6
ENSG00000169184	MN1	4330	MN1 proto-oncogene, transcriptional regulator
ENSG00000169188	APEX2	27301	apurinic/apyrimidinic endodeoxyribonuclease 2
ENSG00000169189	NSMCE1	197370	NSE1 homolog, SMC5-SMC6 complex component
ENSG00000169193	CCDC126	90693	coiled-coil domain containing 126
ENSG00000169203	NPIPB12	440353	nuclear pore complex interacting protein family member B12
ENSG00000169213	RAB3B	5865	RAB3B, member RAS oncogene family
ENSG00000169217	CD2BP2	10421	CD2 cytoplasmic tail binding protein 2
ENSG00000169220	RGS14	10636	regulator of G protein signaling 14
ENSG00000169221	TBC1D10B	26000	TBC1 domain family member 10B
ENSG00000169223	LMAN2	10960	lectin, mannose binding 2
ENSG00000169228	RAB24	53917	RAB24, member RAS oncogene family
ENSG00000169230	PRELID1	27166	PRELI domain containing 1
ENSG00000169231	THBS3	7059	thrombospondin 3
ENSG00000169239	CA5B	11238	carbonic anhydrase 5B
ENSG00000169241	SLC50A1	55974	solute carrier family 50 member 1
ENSG00000169242	EFNA1	1942	ephrin A1
ENSG00000169246	NPIPB3	23117	nuclear pore complex interacting protein family member B3
ENSG00000169249	ZRSR2	8233	zinc finger CCCH-type, RNA binding motif and serine/arginine rich 2
ENSG00000169251	NMD3	51068	NMD3 ribosome export adaptor
ENSG00000169252	ADRB2	154	adrenoceptor beta 2
ENSG00000169258	GPRIN1	114787	G protein regulated inducer of neurite outgrowth 1
ENSG00000169288	MRPL1	65008	mitochondrial ribosomal protein L1
ENSG00000169297	NR0B1	190	nuclear receptor subfamily 0 group B member 1
ENSG00000169299	PGM2	55276	phosphoglucomutase 2
ENSG00000169359	SLC33A1	9197	solute carrier family 33 member 1
ENSG00000169371	SNUPN	10073	snurportin 1
ENSG00000169372	CRADD	8738	CASP2 and RIPK1 domain containing adaptor with death domain
ENSG00000169375	SIN3A	25942	SIN3 transcription regulator family member A
ENSG00000169379	ARL13B	200894	ADP ribosylation factor like GTPase 13B
ENSG00000169398	PTK2	5747	protein tyrosine kinase 2
ENSG00000169403	PTAFR	5724	platelet activating factor receptor
ENSG00000169410	PTPN9	5780	protein tyrosine phosphatase non-receptor type 9
ENSG00000169418	NPR1	4881	natriuretic peptide receptor 1
ENSG00000169429	CXCL8	3576	C-X-C motif chemokine ligand 8
ENSG00000169432	SCN9A	6335	sodium voltage-gated channel alpha subunit 9
ENSG00000169435	RASSF6	166824	Ras association domain family member 6
ENSG00000169446	MMGT1	93380	membrane magnesium transporter 1
ENSG00000169490	TM2D2	83877	TM2 domain containing 2
ENSG00000169499	PLEKHA2	59339	pleckstrin homology domain containing A2
ENSG00000169504	CLIC4	25932	chloride intracellular channel 4
ENSG00000169519	METTL15	196074	methyltransferase 15, mitochondrial 12S rRNA N4-cytidine
ENSG00000169548	ZNF280A	129025	zinc finger protein 280A
ENSG00000169554	ZEB2	9839	zinc finger E-box binding homeobox 2
ENSG00000169564	PCBP1	5093	poly(rC) binding protein 1
ENSG00000169567	HINT1	3094	histidine triad nucleotide binding protein 1
ENSG00000169570	DTWD2	285605	DTW domain containing 2
ENSG00000169583	CLIC3	9022	chloride intracellular channel 3
ENSG00000169592	INO80E	283899	INO80 complex subunit E
ENSG00000169598	DFFB	1677	DNA fragmentation factor subunit beta
ENSG00000169599	NFU1	27247	NFU1 iron-sulfur cluster scaffold
ENSG00000169604	ANTXR1	84168	ANTXR cell adhesion molecule 1
ENSG00000169607	CKAP2L	150468	cytoskeleton associated protein 2 like
ENSG00000169609	C15orf40	123207	chromosome 15 open reading frame 40
ENSG00000169612	RAMAC	83640	RNA guanine-7 methyltransferase activating subunit
ENSG00000169621	APLF	200558	aprataxin and PNKP like factor
ENSG00000169627	BOLA2	552900	bolA family member 2
ENSG00000169629	RGPD8	727851	RANBP2 like and GRIP domain containing 8
ENSG00000169635	HIC2	23119	HIC ZBTB transcriptional repressor 2
ENSG00000169641	LUZP1	7798	leucine zipper protein 1
ENSG00000169660	HEXD	284004	hexosaminidase D
ENSG00000169679	BUB1	699	BUB1 mitotic checkpoint serine/threonine kinase
ENSG00000169682	SPNS1	83985	SPNS lysolipid transporter 1, lysophospholipid
ENSG00000169683	LRRC45	201255	leucine rich repeat containing 45
ENSG00000169684	CHRNA5	1138	cholinergic receptor nicotinic alpha 5 subunit
ENSG00000169689	CENPX	201254	centromere protein X
ENSG00000169692	AGPAT2	10555	1-acylglycerol-3-phosphate O-acyltransferase 2
ENSG00000169696	ASPSCR1	79058	ASPSCR1 tether for SLC2A4, UBX domain containing
ENSG00000169710	FASN	2194	fatty acid synthase
ENSG00000169714	CNBP	7555	CCHC-type zinc finger nucleic acid binding protein
ENSG00000169718	DUS1L	64118	dihydrouridine synthase 1 like
ENSG00000169727	GPS1	2873	G protein pathway suppressor 1
ENSG00000169733	RFNG	5986	RFNG O-fucosylpeptide 3-beta-N-acetylglucosaminyltransferase
ENSG00000169738	DCXR	51181	dicarbonyl and L-xylulose reductase
ENSG00000169740	ZNF32	7580	zinc finger protein 32
ENSG00000169750	RAC3	5881	Rac family small GTPase 3
ENSG00000169752	NRG4	145957	neuregulin 4
ENSG00000169756	LIMS1	3987	LIM zinc finger domain containing 1
ENSG00000169762	TAPT1	202018	transmembrane anterior posterior transformation 1
ENSG00000169764	UGP2	7360	UDP-glucose pyrophosphorylase 2
ENSG00000169783	LINGO1	84894	leucine rich repeat and Ig domain containing 1
ENSG00000169813	HNRNPF	3185	heterogeneous nuclear ribonucleoprotein F
ENSG00000169814	BTD	686	biotinidase
ENSG00000169826	CSGALNACT2	55454	chondroitin sulfate N-acetylgalactosaminyltransferase 2
ENSG00000169855	ROBO1	6091	roundabout guidance receptor 1
ENSG00000169857	AVEN	57099	apoptosis and caspase activation inhibitor
ENSG00000169871	TRIM56	81844	tripartite motif containing 56
ENSG00000169884	WNT10B	7480	Wnt family member 10B
ENSG00000169885	CALML6	163688	calmodulin like 6
ENSG00000169895	SYAP1	94056	synapse associated protein 1
ENSG00000169902	TPST1	8460	tyrosylprotein sulfotransferase 1
ENSG00000169903	TM4SF4	7104	transmembrane 4 L six family member 4
ENSG00000169905	TOR1AIP2	163590	torsin 1A interacting protein 2
ENSG00000169908	TM4SF1	4071	transmembrane 4 L six family member 1
ENSG00000169914	OTUD3	23252	OTU deubiquitinase 3
ENSG00000169919	GUSB	2990	glucuronidase beta
ENSG00000169925	BRD3	8019	bromodomain containing 3
ENSG00000169926	KLF13	51621	KLF transcription factor 13
ENSG00000169951	ZNF764	92595	zinc finger protein 764
ENSG00000169955	ZNF747	65988	zinc finger protein 747
ENSG00000169957	ZNF768	79724	zinc finger protein 768
ENSG00000169964	TMEM42	131616	transmembrane protein 42
ENSG00000169967	MAP3K2	10746	mitogen-activated protein kinase kinase kinase 2
ENSG00000169972	PUSL1	126789	pseudouridine synthase like 1
ENSG00000169976	SF3B5	83443	splicing factor 3b subunit 5
ENSG00000169981	ZNF35	7584	zinc finger protein 35
ENSG00000169991	IFFO2	126917	intermediate filament family orphan 2
ENSG00000169992	NLGN2	57555	neuroligin 2
ENSG00000170004	CHD3	1107	chromodomain helicase DNA binding protein 3
ENSG00000170017	ALCAM	214	activated leukocyte cell adhesion molecule
ENSG00000170027	YWHAG	7532	tyrosine 3-monooxygenase/tryptophan 5-monooxygenase activation protein gamma
ENSG00000170035	UBE2E3	10477	ubiquitin conjugating enzyme E2 E3
ENSG00000170037	CNTROB	116840	centrobin, centriole duplication and spindle assembly protein
ENSG00000170043	TRAPPC1	58485	trafficking protein particle complex subunit 1
ENSG00000170085	SIMC1	375484	SUMO interacting motifs containing 1
ENSG00000170088	TMEM192	201931	transmembrane protein 192
ENSG00000170099	SERPINA6	866	serpin family A member 6
ENSG00000170100	ZNF778	197320	zinc finger protein 778
ENSG00000170113	NIPA1	123606	NIPA magnesium transporter 1
ENSG00000170142	UBE2E1	7324	ubiquitin conjugating enzyme E2 E1
ENSG00000170144	HNRNPA3	220988	heterogeneous nuclear ribonucleoprotein A3
ENSG00000170145	SIK2	23235	salt inducible kinase 2
ENSG00000170161	FAM88B	728673	family with sequence similarity 88 member B
ENSG00000170175	CHRNB1	1140	cholinergic receptor nicotinic beta 1 subunit
ENSG00000170185	USP38	84640	ubiquitin specific peptidase 38
ENSG00000170190	SLC16A5	9121	solute carrier family 16 member 5
ENSG00000170191	NANP	140838	N-acetylneuraminic acid phosphatase
ENSG00000170214	ADRA1B	147	adrenoceptor alpha 1B
ENSG00000170222	ADPRM	56985	ADP-ribose/CDP-alcohol diphosphatase, manganese dependent
ENSG00000170234	PWWP2A	114825	PWWP domain containing 2A
ENSG00000170242	USP47	55031	ubiquitin specific peptidase 47
ENSG00000170248	PDCD6IP	10015	programmed cell death 6 interacting protein
ENSG00000170260	ZNF212	7988	zinc finger protein 212
ENSG00000170264	FAM161A	84140	FAM161 centrosomal protein A
ENSG00000170265	ZNF282	8427	zinc finger protein 282
ENSG00000170266	GLB1	2720	galactosidase beta 1
ENSG00000170270	GON7	84520	GON7 subunit of KEOPS complex
ENSG00000170275	CRTAP	10491	cartilage associated protein
ENSG00000170290	SLN	6588	sarcolipin
ENSG00000170291	ELP5	23587	elongator acetyltransferase complex subunit 5
ENSG00000170293	CMTM8	152189	CKLF like MARVEL transmembrane domain containing 8
ENSG00000170296	GABARAP	11337	GABA type A receptor-associated protein
ENSG00000170310	STX8	9482	syntaxin 8
ENSG00000170312	CDK1	983	cyclin dependent kinase 1
ENSG00000170315	UBB	7314	ubiquitin B
ENSG00000170322	NFRKB	4798	nuclear factor related to kappaB binding protein
ENSG00000170325	PRDM10	56980	PR/SET domain 10
ENSG00000170340	B3GNT2	10678	UDP-GlcNAc:betaGal beta-1,3-N-acetylglucosaminyltransferase 2
ENSG00000170345	FOS	2353	Fos proto-oncogene, AP-1 transcription factor subunit
ENSG00000170348	TMED10	10972	transmembrane p24 trafficking protein 10
ENSG00000170364	SETMAR	6419	SET domain and mariner transposase fusion gene
ENSG00000170365	SMAD1	4086	SMAD family member 1
ENSG00000170373	CST1	1469	cystatin SN
ENSG00000170381	SEMA3E	9723	semaphorin 3E
ENSG00000170382	LRRN2	10446	leucine rich repeat neuronal 2
ENSG00000170385	SLC30A1	7779	solute carrier family 30 member 1
ENSG00000170390	DCLK2	166614	doublecortin like kinase 2
ENSG00000170412	GPRC5C	55890	G protein-coupled receptor class C group 5 member C
ENSG00000170417	TMEM182	130827	transmembrane protein 182
ENSG00000170421	KRT8	3856	keratin 8
ENSG00000170425	ADORA2B	136	adenosine A2b receptor
ENSG00000170430	MGMT	4255	O-6-methylguanine-DNA methyltransferase
ENSG00000170439	TMT1B	196410	thiol methyltransferase 1B
ENSG00000170442	KRT86	3892	keratin 86
ENSG00000170445	HARS1	3035	histidyl-tRNA synthetase 1
ENSG00000170448	NFXL1	152518	nuclear transcription factor, X-box binding like 1
ENSG00000170456	DENND5B	160518	DENN domain containing 5B
ENSG00000170458	CD14	929	CD14 molecule
ENSG00000170464	DNAJC18	202052	DnaJ heat shock protein family (Hsp40) member C18
ENSG00000170468	RIOX1	79697	ribosomal oxygenase 1
ENSG00000170469	SPATA24	202051	spermatogenesis associated 24
ENSG00000170471	RALGAPB	57148	Ral GTPase activating protein non-catalytic subunit beta
ENSG00000170473	PYM1	84305	PYM homolog 1, exon junction complex associated factor
ENSG00000170477	KRT4	3851	keratin 4
ENSG00000170482	SLC23A1	9963	solute carrier family 23 member 1
ENSG00000170485	NPAS2	4862	neuronal PAS domain protein 2
ENSG00000170500	LONRF2	164832	LON peptidase N-terminal domain and ring finger 2
ENSG00000170502	NUDT9	53343	nudix hydrolase 9
ENSG00000170515	PA2G4	5036	proliferation-associated 2G4
ENSG00000170522	ELOVL6	79071	ELOVL fatty acid elongase 6
ENSG00000170523	KRT83	3889	keratin 83
ENSG00000170525	PFKFB3	5209	6-phosphofructo-2-kinase/fructose-2,6-biphosphatase 3
ENSG00000170537	TMC7	79905	transmembrane channel like 7
ENSG00000170540	ARL6IP1	23204	ADP ribosylation factor like GTPase 6 interacting protein 1
ENSG00000170542	SERPINB9	5272	serpin family B member 9
ENSG00000170545	SMAGP	57228	small cell adhesion glycoprotein
ENSG00000170558	CDH2	1000	cadherin 2
ENSG00000170571	EMB	133418	embigin
ENSG00000170581	STAT2	6773	signal transducer and activator of transcription 2
ENSG00000170584	NUDCD2	134492	NudC domain containing 2
ENSG00000170604	IRF2BP1	26145	interferon regulatory factor 2 binding protein 1
ENSG00000170606	HSPA4	3308	heat shock protein family A (Hsp70) member 4
ENSG00000170619	COMMD5	28991	COMM domain containing 5
ENSG00000170624	SGCD	6444	sarcoglycan delta
ENSG00000170631	ZNF16	7564	zinc finger protein 16
ENSG00000170632	ARMC10	83787	armadillo repeat containing 10
ENSG00000170633	RNF34	80196	ring finger protein 34
ENSG00000170634	ACYP2	98	acylphosphatase 2
ENSG00000170638	TRABD	80305	TraB domain containing
ENSG00000170653	ATF7	11016	activating transcription factor 7
ENSG00000170667	RASA4	10156	RAS p21 protein activator 4
ENSG00000170677	SOCS6	9306	suppressor of cytokine signaling 6
ENSG00000170684	ZNF296	162979	zinc finger protein 296
ENSG00000170689	HOXB9	3219	homeobox B9
ENSG00000170703	TTLL6	284076	tubulin tyrosine ligase like 6
ENSG00000170734	POLH	5429	DNA polymerase eta
ENSG00000170745	KCNS3	3790	potassium voltage-gated channel modifier subfamily S member 3
ENSG00000170759	KIF5B	3799	kinesin family member 5B
ENSG00000170775	GPR37	2861	G protein-coupled receptor 37
ENSG00000170776	AKAP13	11214	A-kinase anchoring protein 13
ENSG00000170779	CDCA4	55038	cell division cycle associated 4
ENSG00000170791	CHCHD7	79145	coiled-coil-helix-coiled-coil-helix domain containing 7
ENSG00000170802	FOXN2	3344	forkhead box N2
ENSG00000170832	USP32	84669	ubiquitin specific peptidase 32
ENSG00000170836	PPM1D	8493	protein phosphatase, Mg2+/Mn2+ dependent 1D
ENSG00000170846	MRFAP1L2	93622	Morf4 family associated protein 1 like 2
ENSG00000170852	KBTBD2	25948	kelch repeat and BTB domain containing 2
ENSG00000170854	RIOX2	84864	ribosomal oxygenase 2
ENSG00000170855	TRIAP1	51499	TP53 regulated inhibitor of apoptosis 1
ENSG00000170860	LSM3	27258	LSM3 homolog, U6 small nuclear RNA and mRNA degradation associated
ENSG00000170871	KIAA0232	9778	KIAA0232
ENSG00000170876	TMEM43	79188	transmembrane protein 43
ENSG00000170881	RNF139	11236	ring finger protein 139
ENSG00000170889	RPS9	6203	ribosomal protein S9
ENSG00000170892	TSEN34	79042	tRNA splicing endonuclease subunit 34
ENSG00000170899	GSTA4	2941	glutathione S-transferase alpha 4
ENSG00000170903	MSANTD4	84437	Myb/SANT DNA binding domain containing 4 with coiled-coils
ENSG00000170906	NDUFA3	4696	NADH:ubiquinone oxidoreductase subunit A3
ENSG00000170915	PAQR8	85315	progestin and adipoQ receptor family member 8
ENSG00000170917	NUDT6	11162	nudix hydrolase 6
ENSG00000170921	TANC2	26115	tetratricopeptide repeat, ankyrin repeat and coiled-coil containing 2
ENSG00000170946	DNAJC24	120526	DnaJ heat shock protein family (Hsp40) member C24
ENSG00000170949	ZNF160	90338	zinc finger protein 160
ENSG00000170959	DCDC1	341019	doublecortin domain containing 1
ENSG00000170961	HAS2	3037	hyaluronan synthase 2
ENSG00000170962	PDGFD	80310	platelet derived growth factor D
ENSG00000170965	PLAC1	10761	placenta enriched 1
ENSG00000171016	PYGO1	26108	pygopus family PHD finger 1
ENSG00000171045	TSNARE1	203062	t-SNARE domain containing 1
ENSG00000171055	FEZ2	9637	fasciculation and elongation protein zeta 2
ENSG00000171067	C11orf24	53838	chromosome 11 open reading frame 24
ENSG00000171097	KYAT1	883	kynurenine aminotransferase 1
ENSG00000171100	MTM1	4534	myotubularin 1
ENSG00000171103	TRMT61B	55006	tRNA methyltransferase 61B
ENSG00000171105	INSR	3643	insulin receptor
ENSG00000171109	MFN1	55669	mitofusin 1
ENSG00000171121	KCNMB3	27094	potassium calcium-activated channel subfamily M regulatory beta subunit 3
ENSG00000171130	ATP6V0E2	155066	ATPase H+ transporting V0 subunit e2
ENSG00000171132	PRKCE	5581	protein kinase C epsilon
ENSG00000171135	JAGN1	84522	jagunal homolog 1
ENSG00000171148	TADA3	10474	transcriptional adaptor 3
ENSG00000171150	SOCS5	9655	suppressor of cytokine signaling 5
ENSG00000171155	C1GALT1C1	29071	C1GALT1 specific chaperone 1
ENSG00000171159	BBLN	79095	bublin coiled coil protein
ENSG00000171160	MORN4	118812	MORN repeat containing 4
ENSG00000171161	ZNF672	79894	zinc finger protein 672
ENSG00000171163	ZNF692	55657	zinc finger protein 692
ENSG00000171169	NAIF1	203245	nuclear apoptosis inducing factor 1
ENSG00000171174	RBKS	64080	ribokinase
ENSG00000171202	TMEM126A	84233	transmembrane protein 126A
ENSG00000171204	TMEM126B	55863	transmembrane protein 126B
ENSG00000171206	TRIM8	81603	tripartite motif containing 8
ENSG00000171208	NETO2	81831	neuropilin and tolloid like 2
ENSG00000171219	CDC42BPG	55561	CDC42 binding protein kinase gamma
ENSG00000171222	SCAND1	51282	SCAN domain containing 1
ENSG00000171223	JUNB	3726	JunB proto-oncogene, AP-1 transcription factor subunit
ENSG00000171224	FAM241B	219738	family with sequence similarity 241 member B
ENSG00000171227	TMEM37	140738	transmembrane protein 37
ENSG00000171241	SHCBP1	79801	SHC binding and spindle associated 1
ENSG00000171246	NPTX1	4884	neuronal pentraxin 1
ENSG00000171262	FAM98B	283742	family with sequence similarity 98 member B
ENSG00000171298	GAA	2548	alpha glucosidase
ENSG00000171302	CANT1	124583	calcium activated nucleotidase 1
ENSG00000171303	KCNK3	3777	potassium two pore domain channel subfamily K member 3
ENSG00000171307	ZDHHC16	84287	zinc finger DHHC-type palmitoyltransferase 16
ENSG00000171310	CHST11	50515	carbohydrate sulfotransferase 11
ENSG00000171311	EXOSC1	51013	exosome component 1
ENSG00000171314	PGAM1	5223	phosphoglycerate mutase 1
ENSG00000171316	CHD7	55636	chromodomain helicase DNA binding protein 7
ENSG00000171320	ESCO2	157570	establishment of sister chromatid cohesion N-acetyltransferase 2
ENSG00000171345	KRT19	3880	keratin 19
ENSG00000171346	KRT15	3866	keratin 15
ENSG00000171365	CLCN5	1184	chloride voltage-gated channel 5
ENSG00000171368	TPPP	11076	tubulin polymerization promoting protein
ENSG00000171408	PDE7B	27115	phosphodiesterase 7B
ENSG00000171421	MRPL36	64979	mitochondrial ribosomal protein L36
ENSG00000171425	ZNF581	51545	zinc finger protein 581
ENSG00000171428	NAT1	9	N-acetyltransferase 1
ENSG00000171443	ZNF524	147807	zinc finger protein 524
ENSG00000171448	ZBTB26	57684	zinc finger and BTB domain containing 26
ENSG00000171450	CDK5R2	8941	cyclin dependent kinase 5 regulatory subunit 2
ENSG00000171453	POLR1C	9533	RNA polymerase I and III subunit C
ENSG00000171456	ASXL1	171023	ASXL transcriptional regulator 1
ENSG00000171462	DLK2	65989	delta like non-canonical Notch ligand 2
ENSG00000171466	ZNF562	54811	zinc finger protein 562
ENSG00000171467	ZNF318	24149	zinc finger protein 318
ENSG00000171469	ZNF561	93134	zinc finger protein 561
ENSG00000171475	WIPF2	147179	WAS/WASL interacting protein family member 2
ENSG00000171488	LRRC8C	84230	leucine rich repeat containing 8 VRAC subunit C
ENSG00000171490	RSL1D1	26156	ribosomal L1 domain containing 1
ENSG00000171492	LRRC8D	55144	leucine rich repeat containing 8 VRAC subunit D
ENSG00000171497	PPID	5481	peptidylprolyl isomerase D
ENSG00000171503	ETFDH	2110	electron transfer flavoprotein dehydrogenase
ENSG00000171530	TBCA	6902	tubulin folding cofactor A
ENSG00000171552	BCL2L1	598	BCL2 like 1
ENSG00000171557	FGG	2266	fibrinogen gamma chain
ENSG00000171560	FGA	2243	fibrinogen alpha chain
ENSG00000171564	FGB	2244	fibrinogen beta chain
ENSG00000171566	PLRG1	5356	pleiotropic regulator 1
ENSG00000171574	ZNF584	201514	zinc finger protein 584
ENSG00000171603	CLSTN1	22883	calsyntenin 1
ENSG00000171604	CXXC5	51523	CXXC finger protein 5
ENSG00000171606	ZNF274	10782	zinc finger protein 274
ENSG00000171608	PIK3CD	5293	phosphatidylinositol-4,5-bisphosphate 3-kinase catalytic subunit delta
ENSG00000171612	SLC25A33	84275	solute carrier family 25 member 33
ENSG00000171617	ENC1	8507	ectodermal-neural cortex 1
ENSG00000171621	SPSB1	80176	splA/ryanodine receptor domain and SOCS box containing 1
ENSG00000171631	P2RY6	5031	pyrimidinergic receptor P2Y6
ENSG00000171634	BPTF	2186	bromodomain PHD finger transcription factor
ENSG00000171680	PLEKHG5	57449	pleckstrin homology and RhoGEF domain containing G5
ENSG00000171681	ATF7IP	55729	activating transcription factor 7 interacting protein
ENSG00000171700	RGS19	10287	regulator of G protein signaling 19
ENSG00000171703	TCEA2	6919	transcription elongation factor A2
ENSG00000171714	ANO5	203859	anoctamin 5
ENSG00000171720	HDAC3	8841	histone deacetylase 3
ENSG00000171723	GPHN	10243	gephyrin
ENSG00000171729	TMEM51	55092	transmembrane protein 51
ENSG00000171735	CAMTA1	23261	calmodulin binding transcription activator 1
ENSG00000171747	LGALS4	3960	galectin 4
ENSG00000171763	AFG2B	79029	AFG2 AAA ATPase homolog B
ENSG00000171766	GATM	2628	glycine amidinotransferase
ENSG00000171790	SLFNL1	200172	schlafen like 1
ENSG00000171792	RHNO1	83695	RAD9-HUS1-RAD1 interacting nuclear orphan 1
ENSG00000171793	CTPS1	1503	CTP synthase 1
ENSG00000171798	KNDC1	85442	kinase non-catalytic C-lobe domain containing 1
ENSG00000171806	METTL18	92342	methyltransferase 18, RPL3 N3(tau)-histidine
ENSG00000171813	PWWP2B	170394	PWWP domain containing 2B
ENSG00000171823	FBXL14	144699	F-box and leucine rich repeat protein 14
ENSG00000171824	EXOSC10	5394	exosome component 10
ENSG00000171827	ZNF570	148268	zinc finger protein 570
ENSG00000171840	NINJ2	4815	ninjurin 2
ENSG00000171843	MLLT3	4300	MLLT3 super elongation complex subunit
ENSG00000171848	RRM2	6241	ribonucleotide reductase regulatory subunit M2
ENSG00000171853	TRAPPC12	51112	trafficking protein particle complex subunit 12
ENSG00000171858	RPS21	6227	ribosomal protein S21
ENSG00000171861	MRM3	55178	mitochondrial rRNA methyltransferase 3
ENSG00000171862	PTEN	5728	phosphatase and tensin homolog
ENSG00000171863	RPS7	6201	ribosomal protein S7
ENSG00000171865	RNASEH1	246243	ribonuclease H1
ENSG00000171867	PRNP	5621	prion protein
ENSG00000171873	ADRA1D	146	adrenoceptor alpha 1D
ENSG00000171877	FRMD5	84978	FERM domain containing 5
ENSG00000171889	MIR31HG	554202	MIR31 host gene
ENSG00000171903	CYP4F11	57834	cytochrome P450 family 4 subfamily F member 11
ENSG00000171914	TLN2	83660	talin 2
ENSG00000171928	TVP23B	51030	trans-golgi network vesicle protein 23 homolog B
ENSG00000171931	FBXW10	10517	F-box and WD repeat domain containing 10
ENSG00000171940	ZNF217	7764	zinc finger protein 217
ENSG00000171943	SRGAP2C	653464	SLIT-ROBO Rho GTPase activating protein 2C
ENSG00000171951	SCG2	7857	secretogranin II
ENSG00000171953	ATPAF2	91647	ATP synthase mitochondrial F1 complex assembly factor 2
ENSG00000171960	PPIH	10465	peptidylprolyl isomerase H
ENSG00000171984	SHLD1	149840	shieldin complex subunit 1
ENSG00000171988	JMJD1C	221037	jumonji domain containing 1C
ENSG00000171992	SYNPO	11346	synaptopodin
ENSG00000172007	RAB33B	83452	RAB33B, member RAS oncogene family
ENSG00000172009	THOP1	7064	thimet oligopeptidase 1
ENSG00000172037	LAMB2	3913	laminin subunit beta 2
ENSG00000172046	USP19	10869	ubiquitin specific peptidase 19
ENSG00000172053	QARS1	5859	glutaminyl-tRNA synthetase 1
ENSG00000172057	ORMDL3	94103	ORMDL sphingolipid biosynthesis regulator 3
ENSG00000172058	SERF1A	8293	small EDRK-rich factor 1A
ENSG00000172059	KLF11	8462	KLF transcription factor 11
ENSG00000172062	SMN1	6606	survival of motor neuron 1, telomeric
ENSG00000172071	EIF2AK3	9451	eukaryotic translation initiation factor 2 alpha kinase 3
ENSG00000172081	MOB3A	126308	MOB kinase activator 3A
ENSG00000172086	KRCC1	51315	lysine rich coiled-coil 1
ENSG00000172113	NME6	10201	NME/NM23 nucleoside diphosphate kinase 6
ENSG00000172115	CYCS	54205	cytochrome c, somatic
ENSG00000172137	CALB2	794	calbindin 2
ENSG00000172159	FRMD3	257019	FERM domain containing 3
ENSG00000172164	SNTB1	6641	syntrophin beta 1
ENSG00000172167	MTBP	27085	MDM2 binding protein
ENSG00000172171	TEFM	79736	transcription elongation factor, mitochondrial
ENSG00000172172	MRPL13	28998	mitochondrial ribosomal protein L13
ENSG00000172175	MALT1	10892	MALT1 paracaspase
ENSG00000172183	ISG20	3669	interferon stimulated exonuclease gene 20
ENSG00000172197	MBOAT1	154141	membrane bound O-acyltransferase domain containing 1
ENSG00000172216	CEBPB	1051	CCAAT enhancer binding protein beta
ENSG00000172232	AZU1	566	azurocidin 1
ENSG00000172239	PAIP1	10605	poly(A) binding protein interacting protein 1
ENSG00000172244	C5orf34	375444	chromosome 5 open reading frame 34
ENSG00000172262	ZNF131	7690	zinc finger protein 131
ENSG00000172269	DPAGT1	1798	dolichyl-phosphate N-acetylglucosaminephosphotransferase 1
ENSG00000172270	BSG	682	basigin (Ok blood group)
ENSG00000172273	HINFP	25988	histone H4 transcription factor
ENSG00000172292	CERS6	253782	ceramide synthase 6
ENSG00000172301	COPRS	55352	coordinator of PRMT5 and differentiation stimulator
ENSG00000172315	TP53RK	112858	TP53 regulating kinase
ENSG00000172331	BPGM	669	bisphosphoglycerate mutase
ENSG00000172336	POP7	10248	POP7 homolog, ribonuclease P/MRP subunit
ENSG00000172340	SUCLG2	8801	succinate-CoA ligase GDP-forming subunit beta
ENSG00000172354	GNB2	2783	G protein subunit beta 2
ENSG00000172366	MCRIP2	84331	MAPK regulated corepressor interacting protein 2
ENSG00000172375	C2CD2L	9854	C2CD2 like
ENSG00000172379	ARNT2	9915	aryl hydrocarbon receptor nuclear translocator 2
ENSG00000172380	GNG12	55970	G protein subunit gamma 12
ENSG00000172382	PRSS27	83886	serine protease 27
ENSG00000172403	SYNPO2	171024	synaptopodin 2
ENSG00000172409	CLP1	10978	cleavage factor polyribonucleotide kinase subunit 1
ENSG00000172428	COPS9	150678	COP9 signalosome subunit 9
ENSG00000172432	GTPBP2	54676	GTP binding protein 2
ENSG00000172456	FGGY	55277	FGGY carbohydrate kinase domain containing
ENSG00000172465	TCEAL1	9338	transcription elongation factor A like 1
ENSG00000172466	ZNF24	7572	zinc finger protein 24
ENSG00000172469	MANEA	79694	mannosidase endo-alpha
ENSG00000172493	AFF1	4299	ALF transcription elongation factor 1
ENSG00000172500	FIBP	9158	FGF1 intracellular binding protein
ENSG00000172530	BANP	54971	BTG3 associated nuclear protein
ENSG00000172531	PPP1CA	5499	protein phosphatase 1 catalytic subunit alpha
ENSG00000172534	HCFC1	3054	host cell factor C1
ENSG00000172548	NIPAL4	348938	NIPA like domain containing 4
ENSG00000172572	PDE3A	5139	phosphodiesterase 3A
ENSG00000172586	CHCHD1	118487	coiled-coil-helix-coiled-coil-helix domain containing 1
ENSG00000172590	MRPL52	122704	mitochondrial ribosomal protein L52
ENSG00000172594	SMPDL3A	10924	sphingomyelin phosphodiesterase acid like 3A
ENSG00000172602	RND1	27289	Rho family GTPase 1
ENSG00000172613	RAD9A	5883	RAD9 checkpoint clamp component A
ENSG00000172638	EFEMP2	30008	EGF containing fibulin extracellular matrix protein 2
ENSG00000172650	AGAP5	729092	ArfGAP with GTPase domain, ankyrin repeat and PH domain 5
ENSG00000172661	WASHC2C	253725	WASH complex subunit 2C
ENSG00000172663	TMEM134	80194	transmembrane protein 134
ENSG00000172667	ZMAT3	64393	zinc finger matrin-type 3
ENSG00000172671	ZFAND4	93550	zinc finger AN1-type containing 4
ENSG00000172716	SLFN11	91607	schlafen family member 11
ENSG00000172725	CORO1B	57175	coronin 1B
ENSG00000172728	FUT10	84750	fucosyltransferase 10
ENSG00000172731	LRRC20	55222	leucine rich repeat containing 20
ENSG00000172732	MUS81	80198	MUS81 structure-specific endonuclease subunit
ENSG00000172738	TMEM217	221468	transmembrane protein 217
ENSG00000172757	CFL1	1072	cofilin 1
ENSG00000172765	TMCC1	23023	transmembrane and coiled-coil domain family 1
ENSG00000172766	NAA16	79612	N-alpha-acetyltransferase 16, NatA auxiliary subunit
ENSG00000172775	PSME3IP1	80011	proteasome activator subunit 3 interacting protein 1
ENSG00000172780	RAB43	339122	RAB43, member RAS oncogene family
ENSG00000172785	ZNG1A	55871	Zn regulated GTPase metalloprotein activator 1A
ENSG00000172794	RAB37	326624	RAB37, member RAS oncogene family
ENSG00000172795	DCP2	167227	decapping mRNA 2
ENSG00000172809	RPL38	6169	ribosomal protein L38
ENSG00000172819	RARG	5916	retinoic acid receptor gamma
ENSG00000172828	CES3	23491	carboxylesterase 3
ENSG00000172830	SSH3	54961	slingshot protein phosphatase 3
ENSG00000172831	CES2	8824	carboxylesterase 2
ENSG00000172840	PDP2	57546	pyruvate dehydrogenase phosphatase catalytic subunit 2
ENSG00000172845	SP3	6670	Sp3 transcription factor
ENSG00000172869	DMXL1	1657	Dmx like 1
ENSG00000172878	METAP1D	254042	methionyl aminopeptidase type 1D, mitochondrial
ENSG00000172888	ZNF621	285268	zinc finger protein 621
ENSG00000172889	EGFL7	51162	EGF like domain multiple 7
ENSG00000172890	NADSYN1	55191	NAD synthetase 1
ENSG00000172893	DHCR7	1717	7-dehydrocholesterol reductase
ENSG00000172915	NBEA	26960	neurobeachin
ENSG00000172922	RNASEH2C	84153	ribonuclease H2 subunit C
ENSG00000172927	MYEOV	26579	myeloma overexpressed
ENSG00000172932	ANKRD13D	338692	ankyrin repeat domain 13D
ENSG00000172936	MYD88	4615	MYD88 innate immune signal transduction adaptor
ENSG00000172939	OXSR1	9943	oxidative stress responsive kinase 1
ENSG00000172943	PHF8	23133	PHD finger protein 8
ENSG00000172954	LCLAT1	253558	lysocardiolipin acyltransferase 1
ENSG00000172965	MIR4435-2HG	541471	MIR4435-2 host gene
ENSG00000172977	KAT5	10524	lysine acetyltransferase 5
ENSG00000172986	GXYLT2	727936	glucoside xylosyltransferase 2
ENSG00000172992	DCAKD	79877	dephospho-CoA kinase domain containing
ENSG00000173011	TADA2B	93624	transcriptional adaptor 2B
ENSG00000173020	GRK2	156	G protein-coupled receptor kinase 2
ENSG00000173039	RELA	5970	RELA proto-oncogene, NF-kB subunit
ENSG00000173040	EVC2	132884	EvC ciliary complex subunit 2
ENSG00000173041	ZNF680	340252	zinc finger protein 680
ENSG00000173064	HECTD4	283450	HECT domain E3 ubiquitin protein ligase 4
ENSG00000173065	FAM222B	55731	family with sequence similarity 222 member B
ENSG00000173068	BNC2	54796	basonuclin zinc finger protein 2
ENSG00000173083	HPSE	10855	heparanase
ENSG00000173085	COQ2	27235	coenzyme Q2, polyprenyltransferase
ENSG00000173113	TRMT112	51504	tRNA methyltransferase activator subunit 11-2
ENSG00000173120	KDM2A	22992	lysine demethylase 2A
ENSG00000173137	ADCK5	203054	aarF domain containing kinase 5
ENSG00000173141	MRPL57	78988	mitochondrial ribosomal protein L57
ENSG00000173145	NOC3L	64318	NOC3 like DNA replication regulator
ENSG00000173153	ESRRA	2101	estrogen related receptor alpha
ENSG00000173156	RHOD	29984	ras homolog family member D
ENSG00000173163	COMMD1	150684	copper metabolism domain containing 1
ENSG00000173166	RAPH1	65059	Ras association (RalGDS/AF-6) and pleckstrin homology domains 1
ENSG00000173171	MTX1	4580	metaxin 1
ENSG00000173193	PARP14	54625	poly(ADP-ribose) polymerase family member 14
ENSG00000173207	CKS1B	1163	CDC28 protein kinase regulatory subunit 1B
ENSG00000173209	AHSA2P	130872	activator of HSP90 ATPase homolog 2, pseudogene
ENSG00000173210	ABLIM3	22885	actin binding LIM protein family member 3
ENSG00000173212	MAB21L3	126868	mab-21 like 3
ENSG00000173214	MFSD4B	91749	major facilitator superfamily domain containing 4B
ENSG00000173218	VANGL1	81839	VANGL planar cell polarity protein 1
ENSG00000173221	GLRX	2745	glutaredoxin
ENSG00000173226	IQCB1	9657	IQ motif containing B1
ENSG00000173227	SYT12	91683	synaptotagmin 12
ENSG00000173230	GOLGB1	2804	golgin B1
ENSG00000173237	C11orf86	254439	chromosome 11 open reading frame 86
ENSG00000173258	ZNF483	158399	zinc finger protein 483
ENSG00000173264	GPR137	56834	G protein-coupled receptor 137
ENSG00000173267	SNCG	6623	synuclein gamma
ENSG00000173272	MZT2A	653784	mitotic spindle organizing protein 2A
ENSG00000173273	TNKS	8658	tankyrase
ENSG00000173275	ZNF449	203523	zinc finger protein 449
ENSG00000173276	ZBTB21	49854	zinc finger and BTB domain containing 21
ENSG00000173281	PPP1R3B	79660	protein phosphatase 1 regulatory subunit 3B
ENSG00000173320	STOX2	56977	storkhead box 2
ENSG00000173327	MAP3K11	4296	mitogen-activated protein kinase kinase kinase 11
ENSG00000173334	TRIB1	10221	tribbles pseudokinase 1
ENSG00000173349	SFT2D3	84826	SFT2 domain containing 3
ENSG00000173391	OLR1	4973	oxidized low density lipoprotein receptor 1
ENSG00000173402	DAG1	1605	dystroglycan 1
ENSG00000173409	ARV1	64801	ARV1 homolog, fatty acid homeostasis modulator
ENSG00000173418	NAA20	51126	N-alpha-acetyltransferase 20, NatB catalytic subunit
ENSG00000173432	SAA1	6288	serum amyloid A1
ENSG00000173436	MICOS10	440574	mitochondrial contact site and cristae organizing system subunit 10
ENSG00000173442	EHBP1L1	254102	EH domain binding protein 1 like 1
ENSG00000173451	THAP2	83591	THAP domain containing 2
ENSG00000173456	RNF26	79102	ring finger protein 26
ENSG00000173457	PPP1R14B	26472	protein phosphatase 1 regulatory inhibitor subunit 14B
ENSG00000173465	ZNRD2	10534	zinc ribbon domain containing 2
ENSG00000173473	SMARCC1	6599	SWI/SNF related, matrix associated, actin dependent regulator of chromatin subfamily c member 1
ENSG00000173480	ZNF417	147687	zinc finger protein 417
ENSG00000173482	PTPRM	5797	protein tyrosine phosphatase receptor type M
ENSG00000173486	FKBP2	2286	FKBP prolyl isomerase 2
ENSG00000173511	VEGFB	7423	vascular endothelial growth factor B
ENSG00000173517	PEAK1	79834	pseudopodium enriched atypical kinase 1
ENSG00000173530	TNFRSF10D	8793	TNF receptor superfamily member 10d
ENSG00000173531	MST1	4485	macrophage stimulating 1
ENSG00000173535	TNFRSF10C	8794	TNF receptor superfamily member 10c
ENSG00000173540	GMPPB	29925	GDP-mannose pyrophosphorylase B
ENSG00000173542	MOB1B	92597	MOB kinase activator 1B
ENSG00000173545	ZNF622	90441	zinc finger protein 622
ENSG00000173548	SNX33	257364	sorting nexin 33
ENSG00000173559	NABP1	64859	nucleic acid binding protein 1
ENSG00000173575	CHD2	1106	chromodomain helicase DNA binding protein 2
ENSG00000173581	CCDC106	29903	coiled-coil domain containing 106
ENSG00000173588	CEP83	51134	centrosomal protein 83
ENSG00000173598	NUDT4	11163	nudix hydrolase 4
ENSG00000173599	PC	5091	pyruvate carboxylase
ENSG00000173611	SCAI	286205	suppressor of cancer cell invasion
ENSG00000173614	NMNAT1	64802	nicotinamide nucleotide adenylyltransferase 1
ENSG00000173621	LRFN4	78999	leucine rich repeat and fibronectin type III domain containing 4
ENSG00000173638	SLC19A1	6573	solute carrier family 19 member 1
ENSG00000173653	RCE1	9986	Ras converting CAAX endopeptidase 1
ENSG00000173660	UQCRH	7388	ubiquinol-cytochrome c reductase hinge protein
ENSG00000173674	EIF1AX	1964	eukaryotic translation initiation factor 1A X-linked
ENSG00000173681	BCLAF3	256643	BCLAF1 and THRAP3 family member 3
ENSG00000173692	PSMD1	5707	proteasome 26S subunit, non-ATPase 1
ENSG00000173698	ADGRG2	10149	adhesion G protein-coupled receptor G2
ENSG00000173702	MUC13	56667	mucin 13, cell surface associated
ENSG00000173705	SUSD5	26032	sushi domain containing 5
ENSG00000173706	HEG1	57493	heart development protein with EGF like domains 1
ENSG00000173715	TOP6BL	79703	TOP6B like initiator of meiotic double strand breaks
ENSG00000173726	TOMM20	9804	translocase of outer mitochondrial membrane 20
ENSG00000173744	AGFG1	3267	ArfGAP with FG repeats 1
ENSG00000173757	STAT5B	6777	signal transducer and activator of transcription 5B
ENSG00000173786	CNP	1267	2',3'-cyclic nucleotide 3' phosphodiesterase
ENSG00000173801	JUP	3728	junction plakoglobin
ENSG00000173805	HAP1	9001	huntingtin associated protein 1
ENSG00000173812	EIF1	10209	eukaryotic translation initiation factor 1
ENSG00000173818	ENDOV	284131	endonuclease V
ENSG00000173821	RNF213	57674	ring finger protein 213
ENSG00000173825	TIGD3	220359	tigger transposable element derived 3
ENSG00000173846	PLK3	1263	polo like kinase 3
ENSG00000173848	NET1	10276	neuroepithelial cell transforming 1
ENSG00000173852	DPY19L1	23333	dpy-19 like C-mannosyltransferase 1
ENSG00000173868	PHOSPHO1	162466	phosphoethanolamine/phosphocholine phosphatase 1
ENSG00000173875	ZNF791	163049	zinc finger protein 791
ENSG00000173889	PHC3	80012	polyhomeotic homolog 3
ENSG00000173890	GPR160	26996	G protein-coupled receptor 160
ENSG00000173894	CBX2	84733	chromobox 2
ENSG00000173898	SPTBN2	6712	spectrin beta, non-erythrocytic 2
ENSG00000173905	GOLIM4	27333	golgi integral membrane protein 4
ENSG00000173914	RBM4B	83759	RNA binding motif protein 4B
ENSG00000173915	ATP5MK	84833	ATP synthase membrane subunit k
ENSG00000173917	HOXB2	3212	homeobox B2
ENSG00000173918	C1QTNF1	114897	C1q and TNF related 1
ENSG00000173926	MARCHF3	115123	membrane associated ring-CH-type finger 3
ENSG00000173928	SWSAP1	126074	SWIM-type zinc finger 7 associated protein 1
ENSG00000173933	RBM4	5936	RNA binding motif protein 4
ENSG00000173947	CIMAP3	128344	ciliary microtubule associated protein 3
ENSG00000173950	XXYLT1	152002	xyloside xylosyltransferase 1
ENSG00000173960	UBXN2A	165324	UBX domain protein 2A
ENSG00000173991	TCAP	8557	titin-cap
ENSG00000173992	CCS	9973	copper chaperone for superoxide dismutase
ENSG00000174007	CEP19	84984	centrosomal protein 19
ENSG00000174010	KLHL15	80311	kelch like family member 15
ENSG00000174013	FBXO45	200933	F-box protein 45
ENSG00000174021	GNG5	2787	G protein subunit gamma 5
ENSG00000174032	SLC25A30	253512	solute carrier family 25 member 30
ENSG00000174080	CTSF	8722	cathepsin F
ENSG00000174099	MSRB3	253827	methionine sulfoxide reductase B3
ENSG00000174106	LEMD3	23592	LEM domain containing 3
ENSG00000174109	UQCC4	283951	ubiquinol-cytochrome c reductase complex assembly factor 4
ENSG00000174125	TLR1	7096	toll like receptor 1
ENSG00000174130	TLR6	10333	toll like receptor 6
ENSG00000174132	FAM174A	345757	family with sequence similarity 174 member A
ENSG00000174136	RGMB	285704	repulsive guidance molecule BMP co-receptor b
ENSG00000174137	FAM53A	152877	family with sequence similarity 53 member A
ENSG00000174151	CYB561D1	284613	cytochrome b561 family member D1
ENSG00000174165	ZDHHC24	254359	zinc finger DHHC-type containing 24
ENSG00000174173	TRMT10C	54931	tRNA methyltransferase 10C, mitochondrial RNase P subunit
ENSG00000174177	CTU2	348180	cytosolic thiouridylase subunit 2
ENSG00000174197	MGA	23269	MAX dimerization protein MGA
ENSG00000174206	KICS2	144577	KICSTOR subunit 2
ENSG00000174227	PIGG	54872	phosphatidylinositol glycan anchor biosynthesis class G
ENSG00000174231	PRPF8	10594	pre-mRNA processing factor 8
ENSG00000174233	ADCY6	112	adenylate cyclase 6
ENSG00000174238	PITPNA	5306	phosphatidylinositol transfer protein alpha
ENSG00000174243	DDX23	9416	DEAD-box helicase 23
ENSG00000174276	ZNHIT2	741	zinc finger HIT-type containing 2
ENSG00000174282	ZBTB4	57659	zinc finger and BTB domain containing 4
ENSG00000174306	ZHX3	23051	zinc fingers and homeoboxes 3
ENSG00000174307	PHLDA3	23612	pleckstrin homology like domain family A member 3
ENSG00000174327	SLC16A13	201232	solute carrier family 16 member 13
ENSG00000174365	SNHG11	128439	small nucleolar RNA host gene 11
ENSG00000174370	KCNJ5-AS1	219833	KCNJ5 antisense RNA 1
ENSG00000174371	EXO1	9156	exonuclease 1
ENSG00000174373	RALGAPA1	253959	Ral GTPase activating protein catalytic subunit alpha 1
ENSG00000174405	LIG4	3981	DNA ligase 4
ENSG00000174428	GTF2IRD2B	389524	GTF2I repeat domain containing 2B
ENSG00000174437	ATP2A2	488	ATPase sarcoplasmic/endoplasmic reticulum Ca2+ transporting 2
ENSG00000174442	ZWILCH	55055	zwilch kinetochore protein
ENSG00000174444	RPL4	6124	ribosomal protein L4
ENSG00000174446	SNAPC5	10302	small nuclear RNA activating complex polypeptide 5
ENSG00000174456	C12orf76	400073	chromosome 12 open reading frame 76
ENSG00000174483	BBS1	582	Bardet-Biedl syndrome 1
ENSG00000174485	DENND4A	10260	DENN domain containing 4A
ENSG00000174501	ANKRD36C	400986	ankyrin repeat domain 36C
ENSG00000174516	PELI3	246330	pellino E3 ubiquitin protein ligase family member 3
ENSG00000174529	TMEM81	388730	transmembrane protein 81
ENSG00000174547	MRPL11	65003	mitochondrial ribosomal protein L11
ENSG00000174564	IL20RB	53833	interleukin 20 receptor subunit beta
ENSG00000174567	GOLT1A	127845	golgi transport 1A
ENSG00000174574	AKIRIN1	79647	akirin 1
ENSG00000174579	MSL2	55167	MSL complex subunit 2
ENSG00000174586	ZNF497	162968	zinc finger protein 497
ENSG00000174606	ANGEL2	90806	angel homolog 2
ENSG00000174628	IQCK	124152	IQ motif containing K
ENSG00000174652	ZNF266	10781	zinc finger protein 266
ENSG00000174669	SLC29A2	3177	solute carrier family 29 member 2
ENSG00000174672	BRSK2	9024	BR serine/threonine kinase 2
ENSG00000174684	B4GAT1	11041	beta-1,4-glucuronyltransferase 1
ENSG00000174695	TMEM167A	153339	transmembrane protein 167A
ENSG00000174705	SH3PXD2B	285590	SH3 and PX domains 2B
ENSG00000174718	RESF1	55196	retroelement silencing factor 1
ENSG00000174720	LARP7	51574	La ribonucleoprotein 7, transcriptional regulator
ENSG00000174721	FGFBP3	143282	fibroblast growth factor binding protein 3
ENSG00000174738	NR1D2	9975	nuclear receptor subfamily 1 group D member 2
ENSG00000174744	BRMS1	25855	BRMS1 transcriptional repressor and anoikis regulator
ENSG00000174748	RPL15	6138	ribosomal protein L15
ENSG00000174749	FAM241A	132720	family with sequence similarity 241 member A
ENSG00000174775	HRAS	3265	HRas proto-oncogene, GTPase
ENSG00000174780	SRP72	6731	signal recognition particle 72
ENSG00000174791	RIN1	9610	Ras and Rab interactor 1
ENSG00000174796	THAP6	152815	THAP domain containing 6
ENSG00000174799	CEP135	9662	centrosomal protein 135
ENSG00000174804	FZD4	8322	frizzled class receptor 4
ENSG00000174808	BTC	685	betacellulin
ENSG00000174827	PDZK1	5174	PDZ domain containing 1
ENSG00000174837	ADGRE1	2015	adhesion G protein-coupled receptor E1
ENSG00000174839	DENND6A	201627	DENN domain containing 6A
ENSG00000174840	PDE12	201626	phosphodiesterase 12
ENSG00000174842	GLMN	11146	glomulin, FKBP associated protein
ENSG00000174851	YIF1A	10897	Yip1 interacting factor homolog A, membrane trafficking protein
ENSG00000174886	NDUFA11	126328	NADH:ubiquinone oxidoreductase subunit A11
ENSG00000174891	RSRC1	51319	arginine and serine rich coiled-coil 1
ENSG00000174903	RAB1B	81876	RAB1B, member RAS oncogene family
ENSG00000174915	PTDSS2	81490	phosphatidylserine synthase 2
ENSG00000174917	MICOS13	125988	mitochondrial contact site and cristae organizing system subunit 13
ENSG00000174928	C3orf33	285315	chromosome 3 open reading frame 33
ENSG00000174938	SEZ6L2	26470	seizure related 6 homolog like 2
ENSG00000174939	ASPHD1	253982	aspartate beta-hydroxylase domain containing 1
ENSG00000174943	KCTD13	253980	potassium channel tetramerization domain containing 13
ENSG00000174953	DHX36	170506	DEAH-box helicase 36
ENSG00000174989	FBXW8	26259	F-box and WD repeat domain containing 8
ENSG00000174996	KLC2	64837	kinesin light chain 2
ENSG00000175029	CTBP2	1488	C-terminal binding protein 2
ENSG00000175048	ZDHHC14	79683	zinc finger DHHC-type palmitoyltransferase 14
ENSG00000175054	ATR	545	ATR serine/threonine kinase
ENSG00000175061	SNHG29	125144	small nucleolar RNA host gene 29
ENSG00000175063	UBE2C	11065	ubiquitin conjugating enzyme E2 C
ENSG00000175066	GK5	256356	glycerol kinase 5
ENSG00000175073	VCPIP1	80124	valosin containing protein interacting protein 1
ENSG00000175087	PDIK1L	149420	PDLIM1 interacting kinase 1 like
ENSG00000175104	TRAF6	7189	TNF receptor associated factor 6
ENSG00000175105	ZNF654	55279	zinc finger protein 654
ENSG00000175106	TVP23C	201158	trans-golgi network vesicle protein 23 homolog C
ENSG00000175110	MRPS22	56945	mitochondrial ribosomal protein S22
ENSG00000175115	PACS1	55690	phosphofurin acidic cluster sorting protein 1
ENSG00000175130	MARCKSL1	65108	MARCKS like 1
ENSG00000175137	SH3BP5L	80851	SH3 binding domain protein 5 like
ENSG00000175155	YPEL2	388403	yippee like 2
ENSG00000175161	CADM2	253559	cell adhesion molecule 2
ENSG00000175166	PSMD2	5708	proteasome 26S subunit ubiquitin receptor, non-ATPase 2
ENSG00000175182	FAM131A	131408	family with sequence similarity 131 member A
ENSG00000175183	CSRP2	1466	cysteine and glycine rich protein 2
ENSG00000175193	PARL	55486	presenilin associated rhomboid like
ENSG00000175197	DDIT3	1649	DNA damage inducible transcript 3
ENSG00000175198	PCCA	5095	propionyl-CoA carboxylase subunit alpha
ENSG00000175203	DCTN2	10540	dynactin subunit 2
ENSG00000175213	ZNF408	79797	zinc finger protein 408
ENSG00000175215	CTDSP2	10106	CTD small phosphatase 2
ENSG00000175216	CKAP5	9793	cytoskeleton associated protein 5
ENSG00000175220	ARHGAP1	392	Rho GTPase activating protein 1
ENSG00000175221	MED16	10025	mediator complex subunit 16
ENSG00000175224	ATG13	9776	autophagy related 13
ENSG00000175265	GOLGA8A	23015	golgin A8 family member A
ENSG00000175274	TP53I11	9537	tumor protein p53 inducible protein 11
ENSG00000175279	CENPS	378708	centromere protein S
ENSG00000175283	DOLK	22845	dolichol kinase
ENSG00000175309	PHYKPL	85007	5-phosphohydroxy-L-lysine phospho-lyase
ENSG00000175324	LSM1	27257	LSM1 homolog, mRNA degradation associated
ENSG00000175334	BANF1	8815	BAF nuclear assembly factor 1
ENSG00000175344	CHRNA7	1139	cholinergic receptor nicotinic alpha 7 subunit
ENSG00000175348	TMEM9B	56674	TMEM9 domain family member B
ENSG00000175352	NRIP3	56675	nuclear receptor interacting protein 3
ENSG00000175354	PTPN2	5771	protein tyrosine phosphatase non-receptor type 2
ENSG00000175376	EIF1AD	84285	eukaryotic translation initiation factor 1A domain containing
ENSG00000175387	SMAD2	4087	SMAD family member 2
ENSG00000175390	EIF3F	8665	eukaryotic translation initiation factor 3 subunit F
ENSG00000175395	ZNF25	219749	zinc finger protein 25
ENSG00000175416	CLTB	1212	clathrin light chain B
ENSG00000175449	RFESD	317671	Rieske Fe-S domain containing
ENSG00000175455	CCDC14	64770	coiled-coil domain containing 14
ENSG00000175467	SART1	9092	spliceosome associated factor 1, recruiter of U4/U6.U5 tri-snRNP
ENSG00000175470	PPP2R2D	55844	protein phosphatase 2 regulatory subunit Bdelta
ENSG00000175471	MCTP1	79772	multiple C2 and transmembrane domain containing 1
ENSG00000175482	POLD4	57804	DNA polymerase delta 4, accessory subunit
ENSG00000175505	CLCF1	23529	cardiotrophin like cytokine factor 1
ENSG00000175536	LIPT2	387787	lipoyl(octanoyl) transferase 2
ENSG00000175548	ALG10B	144245	ALG10 alpha-1,2-glucosyltransferase B
ENSG00000175550	DRAP1	10589	DR1 associated protein 1
ENSG00000175556	LONRF3	79836	LON peptidase N-terminal domain and ring finger 3
ENSG00000175567	UCP2	7351	uncoupling protein 2
ENSG00000175573	C11orf68	83638	chromosome 11 open reading frame 68
ENSG00000175575	PAAF1	80227	proteasomal ATPase associated factor 1
ENSG00000175581	MRPL48	51642	mitochondrial ribosomal protein L48
ENSG00000175582	RAB6A	5870	RAB6A, member RAS oncogene family
ENSG00000175591	P2RY2	5029	purinergic receptor P2Y2
ENSG00000175592	FOSL1	8061	FOS like 1, AP-1 transcription factor subunit
ENSG00000175595	ERCC4	2072	ERCC excision repair 4, endonuclease catalytic subunit
ENSG00000175600	SUGCT	79783	succinyl-CoA:glutarate-CoA transferase
ENSG00000175602	CCDC85B	11007	coiled-coil domain containing 85B
ENSG00000175606	TMEM70	54968	transmembrane protein 70
ENSG00000175634	RPS6KB2	6199	ribosomal protein S6 kinase B2
ENSG00000175643	RMI2	116028	RecQ mediated genome instability 2
ENSG00000175662	TOM1L2	146691	target of myb1 like 2 membrane trafficking protein
ENSG00000175691	ZNF77	58492	zinc finger protein 77
ENSG00000175701	MTLN	205251	mitoregulin
ENSG00000175711	B3GNTL1	146712	UDP-GlcNAc:betaGal beta-1,3-N-acetylglucosaminyltransferase like 1
ENSG00000175727	MLXIP	22877	MLX interacting protein
ENSG00000175745	NR2F1	7025	nuclear receptor subfamily 2 group F member 1
ENSG00000175756	AURKAIP1	54998	aurora kinase A interacting protein 1
ENSG00000175768	TOMM5	401505	translocase of outer mitochondrial membrane 5
ENSG00000175782	SLC35E3	55508	solute carrier family 35 member E3
ENSG00000175787	ZNF169	169841	zinc finger protein 169
ENSG00000175792	RUVBL1	8607	RuvB like AAA ATPase 1
ENSG00000175793	SFN	2810	stratifin
ENSG00000175806	MSRA	4482	methionine sulfoxide reductase A
ENSG00000175826	CTDNEP1	23399	CTD nuclear envelope phosphatase 1
ENSG00000175832	ETV4	2118	ETS variant transcription factor 4
ENSG00000175854	SWI5	375757	SWI5 homologous recombination repair protein
ENSG00000175866	BAIAP2	10458	BAR/IMD domain containing adaptor protein 2
ENSG00000175879	HOXD8	3234	homeobox D8
ENSG00000175886	RPL7AP66	388474	ribosomal protein L7a pseudogene 66
ENSG00000175893	ZDHHC21	340481	zinc finger DHHC-type palmitoyltransferase 21
ENSG00000175895	PLEKHF2	79666	pleckstrin homology and FYVE domain containing 2
ENSG00000175906	ARL4D	379	ADP ribosylation factor like GTPase 4D
ENSG00000175931	UBE2O	63893	ubiquitin conjugating enzyme E2 O
ENSG00000175938	ORAI3	93129	ORAI calcium release-activated calcium modulator 3
ENSG00000175970	UNC119B	84747	unc-119 lipid binding chaperone B
ENSG00000176014	TUBB6	84617	tubulin beta 6 class V
ENSG00000176018	LYSMD3	116068	LysM domain containing 3
ENSG00000176022	B3GALT6	126792	beta-1,3-galactosyltransferase 6
ENSG00000176024	ZNF613	79898	zinc finger protein 613
ENSG00000176046	NUPR1	26471	nuclear protein 1, transcriptional regulator
ENSG00000176054	RPL23P2	54028	ribosomal protein L23 pseudogene 2
ENSG00000176055	MBLAC2	153364	metallo-beta-lactamase domain containing 2
ENSG00000176058	TPRN	286262	taperin
ENSG00000176087	SLC35A4	113829	solute carrier family 35 member A4
ENSG00000176092	CRYBG2	55057	crystallin beta-gamma domain containing 2
ENSG00000176095	IP6K1	9807	inositol hexakisphosphate kinase 1
ENSG00000176101	SSNA1	8636	SS nuclear autoantigen 1
ENSG00000176102	CSTF3	1479	cleavage stimulation factor subunit 3
ENSG00000176105	YES1	7525	YES proto-oncogene 1, Src family tyrosine kinase
ENSG00000176108	CHMP6	79643	charged multivesicular body protein 6
ENSG00000176124	DLEU1	10301	deleted in lymphocytic leukemia 1
ENSG00000176125	UFSP1	402682	UFM1 specific peptidase 1 (inactive)
ENSG00000176142	TMEM39A	55254	transmembrane protein 39A
ENSG00000176148	TCP11L1	55346	t-complex 11 like 1
ENSG00000176153	GPX2	2877	glutathione peroxidase 2
ENSG00000176155	CCDC57	284001	coiled-coil domain containing 57
ENSG00000176170	SPHK1	8877	sphingosine kinase 1
ENSG00000176171	BNIP3	664	BCL2 interacting protein 3
ENSG00000176182	MYPOP	339344	Myb related transcription factor, partner of profilin
ENSG00000176208	ATAD5	79915	ATPase family AAA domain containing 5
ENSG00000176209	SMIM19	114926	small integral membrane protein 19
ENSG00000176225	RTTN	25914	rotatin
ENSG00000176248	ANAPC2	29882	anaphase promoting complex subunit 2
ENSG00000176261	ZBTB8OS	339487	zinc finger and BTB domain containing 8 opposite strand
ENSG00000176273	SLC35G1	159371	solute carrier family 35 member G1
ENSG00000176340	COX8A	1351	cytochrome c oxidase subunit 8A
ENSG00000176371	ZSCAN2	54993	zinc finger and SCAN domain containing 2
ENSG00000176386	CDC26	246184	cell division cycle 26
ENSG00000176390	CRLF3	51379	cytokine receptor like factor 3
ENSG00000176393	RNPEP	6051	arginyl aminopeptidase
ENSG00000176396	EID2	163126	EP300 interacting inhibitor of differentiation 2
ENSG00000176399	DMRTA1	63951	DMRT like family A1
ENSG00000176401	EID2B	126272	EP300 interacting inhibitor of differentiation 2B
ENSG00000176407	KCMF1	56888	potassium channel modulatory factor 1
ENSG00000176410	DNAJC30	84277	DnaJ heat shock protein family (Hsp40) member C30
ENSG00000176422	SPRYD4	283377	SPRY domain containing 4
ENSG00000176428	VPS37D	155382	VPS37D subunit of ESCRT-I
ENSG00000176444	CLK2	1196	CDC like kinase 2
ENSG00000176454	LPCAT4	254531	lysophosphatidylcholine acyltransferase 4
ENSG00000176463	SLCO3A1	28232	solute carrier organic anion transporter family member 3A1
ENSG00000176472	ZNF575	284346	zinc finger protein 575
ENSG00000176473	WDR25	79446	WD repeat domain 25
ENSG00000176476	SGF29	112869	SAGA complex associated factor 29
ENSG00000176485	PLAAT3	11145	phospholipase A and acyltransferase 3
ENSG00000176490	DIRAS1	148252	DIRAS family GTPase 1
ENSG00000176531	PHLDB3	653583	pleckstrin homology like domain family B member 3
ENSG00000176532	PRR15	222171	proline rich 15
ENSG00000176542	USF3	205717	upstream transcription factor family member 3
ENSG00000176595	KBTBD11	9920	kelch repeat and BTB domain containing 11
ENSG00000176597	B3GNT5	84002	UDP-GlcNAc:betaGal beta-1,3-N-acetylglucosaminyltransferase 5
ENSG00000176619	LMNB2	84823	lamin B2
ENSG00000176623	RMDN1	51115	regulator of microtubule dynamics 1
ENSG00000176624	MEX3C	51320	mex-3 RNA binding family member C
ENSG00000176658	MYO1D	4642	myosin ID
ENSG00000176678	FOXL1	2300	forkhead box L1
ENSG00000176681	LRRC37A	9884	leucine rich repeat containing 37A
ENSG00000176697	BDNF	627	brain derived neurotrophic factor
ENSG00000176714	CCDC121	79635	coiled-coil domain containing 121
ENSG00000176715	ACSF3	197322	acyl-CoA synthetase family member 3
ENSG00000176720	BOK	666	BCL2 family apoptosis regulator BOK
ENSG00000176731	RBIS	401466	ribosomal biogenesis factor
ENSG00000176732	PFN4	375189	profilin family member 4
ENSG00000176749	CDK5R1	8851	cyclin dependent kinase 5 regulatory subunit 1
ENSG00000176771	NCKAP5	344148	NCK associated protein 5
ENSG00000176783	RUFY1	80230	RUN and FYVE domain containing 1
ENSG00000176788	BASP1	10409	brain abundant membrane attached signal protein 1
ENSG00000176809	LRRC37A3	374819	leucine rich repeat containing 37 member A3
ENSG00000176834	VSIG10	54621	V-set and immunoglobulin domain containing 10
ENSG00000176845	METRNL	284207	meteorin like, glial cell differentiation regulator
ENSG00000176853	FAM91A1	157769	family with sequence similarity 91 member A1
ENSG00000176871	WSB2	55884	WD repeat and SOCS box containing 2
ENSG00000176890	TYMS	7298	thymidylate synthetase
ENSG00000176894	PXMP2	5827	peroxisomal membrane protein 2
ENSG00000176896	TCEANC	170082	transcription elongation factor A N-terminal and central domain containing
ENSG00000176903	PNMA1	9240	PNMA family member 1
ENSG00000176907	TCIM	56892	transcriptional and immune response regulator
ENSG00000176909	MAMSTR	284358	MEF2 activating motif and SAP domain containing transcriptional regulator
ENSG00000176915	ANKLE2	23141	ankyrin repeat and LEM domain containing 2
ENSG00000176946	THAP4	51078	THAP domain containing 4
ENSG00000176953	NFATC2IP	84901	nuclear factor of activated T cells 2 interacting protein
ENSG00000176973	FAM89B	23625	family with sequence similarity 89 member B
ENSG00000176974	SHMT1	6470	serine hydroxymethyltransferase 1
ENSG00000176978	DPP7	29952	dipeptidyl peptidase 7
ENSG00000176986	SEC24C	9632	SEC24 homolog C, COPII coat complex component
ENSG00000176994	SMCR8	140775	SMCR8-C9orf72 complex subunit
ENSG00000177000	MTHFR	4524	methylenetetrahydrofolate reductase
ENSG00000177030	DEAF1	10522	DEAF1 transcription factor
ENSG00000177034	MTX3	345778	metaxin 3
ENSG00000177042	TMEM80	283232	transmembrane protein 80
ENSG00000177045	SIX5	147912	SIX homeobox 5
ENSG00000177051	FBXO46	23403	F-box protein 46
ENSG00000177054	ZDHHC13	54503	zinc finger DHHC-type palmitoyltransferase 13
ENSG00000177058	SLC38A9	153129	solute carrier family 38 member 9
ENSG00000177076	ACER2	340485	alkaline ceramidase 2
ENSG00000177082	WDR73	84942	WD repeat domain 73
ENSG00000177084	POLE	5426	DNA polymerase epsilon, catalytic subunit
ENSG00000177105	RHOG	391	ras homolog family member G
ENSG00000177106	EPS8L2	64787	EPS8 like 2
ENSG00000177119	ANO6	196527	anoctamin 6
ENSG00000177125	ZBTB34	403341	zinc finger and BTB domain containing 34
ENSG00000177144	NUDT4B	440672	nudix hydrolase 4B
ENSG00000177150	FAM210A	125228	family with sequence similarity 210 member A
ENSG00000177156	TALDO1	6888	transaldolase 1
ENSG00000177169	ULK1	8408	unc-51 like autophagy activating kinase 1
ENSG00000177182	CLVS1	157807	clavesin 1
ENSG00000177189	RPS6KA3	6197	ribosomal protein S6 kinase A3
ENSG00000177192	PUS1	80324	pseudouridine synthase 1
ENSG00000177200	CHD9	80205	chromodomain helicase DNA binding protein 9
ENSG00000177225	GATD1	347862	glutamine amidotransferase class 1 domain containing 1
ENSG00000177239	MAN1B1	11253	mannosidase alpha class 1B member 1
ENSG00000177283	FZD8	8325	frizzled class receptor 8
ENSG00000177302	TOP3A	7156	DNA topoisomerase III alpha
ENSG00000177303	CASKIN2	57513	CASK interacting protein 2
ENSG00000177311	ZBTB38	253461	zinc finger and BTB domain containing 38
ENSG00000177352	CCDC71	64925	coiled-coil domain containing 71
ENSG00000177370	TIMM22	29928	translocase of inner mitochondrial membrane 22
ENSG00000177380	PPFIA3	8541	PTPRF interacting protein alpha 3
ENSG00000177383	MAGEF1	64110	MAGE family member F1
ENSG00000177406	NINJ2-AS1	100049716	NINJ2 antisense RNA 1
ENSG00000177409	SAMD9L	219285	sterile alpha motif domain containing 9 like
ENSG00000177410	ZFAS1	441951	ZNFX1 antisense RNA 1
ENSG00000177425	PAWR	5074	pro-apoptotic WT1 regulator
ENSG00000177426	TGIF1	7050	TGFB induced factor homeobox 1
ENSG00000177427	MIEF2	125170	mitochondrial elongation factor 2
ENSG00000177432	NAP1L5	266812	nucleosome assembly protein 1 like 5
ENSG00000177459	ERICH5	203111	glutamate rich 5
ENSG00000177463	NR2C2	7182	nuclear receptor subfamily 2 group C member 2
ENSG00000177469	CAVIN1	284119	caveolae associated protein 1
ENSG00000177479	ARIH2	10425	ariadne RBR E3 ubiquitin protein ligase 2
ENSG00000177485	ZBTB33	10009	zinc finger and BTB domain containing 33
ENSG00000177508	IRX3	79191	iroquois homeobox 3
ENSG00000177542	SLC25A22	79751	solute carrier family 25 member 22
ENSG00000177548	RABEP2	79874	rabaptin, RAB GTPase binding effector protein 2
ENSG00000177556	ATOX1	475	antioxidant 1 copper chaperone
ENSG00000177565	TBL1XR1	79718	TBL1X/Y related 1
ENSG00000177576	C18orf32	497661	chromosome 18 open reading frame 32
ENSG00000177595	PIDD1	55367	p53-induced death domain protein 1
ENSG00000177600	RPLP2	6181	ribosomal protein lateral stalk subunit P2
ENSG00000177602	HASPIN	83903	histone H3 associated protein kinase
ENSG00000177606	JUN	3725	Jun proto-oncogene, AP-1 transcription factor subunit
ENSG00000177613	CSTF2T	23283	cleavage stimulation factor subunit 2 tau variant
ENSG00000177628	GBA1	2629	glucosylceramidase beta 1
ENSG00000177646	ACAD9	28976	acyl-CoA dehydrogenase family member 9
ENSG00000177663	IL17RA	23765	interleukin 17 receptor A
ENSG00000177666	PNPLA2	57104	patatin like phospholipase domain containing 2
ENSG00000177674	AGTRAP	57085	angiotensin II receptor associated protein
ENSG00000177679	SRRM3	222183	serine/arginine repetitive matrix 3
ENSG00000177683	THAP5	168451	THAP domain containing 5
ENSG00000177685	CRACR2B	283229	calcium release activated channel regulator 2B
ENSG00000177697	CD151	977	CD151 molecule (Raph blood group)
ENSG00000177700	POLR2L	5441	RNA polymerase II, I and III subunit L
ENSG00000177706	FAM20C	56975	FAM20C golgi associated secretory pathway kinase
ENSG00000177707	NECTIN3	25945	nectin cell adhesion molecule 3
ENSG00000177721	ANXA2R	389289	annexin A2 receptor
ENSG00000177728	TMEM94	9772	transmembrane protein 94
ENSG00000177731	FLII	2314	FLII actin remodeling protein
ENSG00000177732	SOX12	6666	SRY-box transcription factor 12
ENSG00000177733	HNRNPA0	10949	heterogeneous nuclear ribonucleoprotein A0
ENSG00000177738	ANXA2R-OT1	648987	ANXA2R overlapping transcript 1
ENSG00000177788	RAB4A-AS1	105373159	RAB4A antisense RNA 1
ENSG00000177830	CHID1	66005	chitinase domain containing 1
ENSG00000177842	ZNF620	253639	zinc finger protein 620
ENSG00000177853	ZNF518A	9849	zinc finger protein 518A
ENSG00000177854	TMEM187	8269	transmembrane protein 187
ENSG00000177868	SVBP	374969	small vasohibin binding protein
ENSG00000177873	ZNF619	285267	zinc finger protein 619
ENSG00000177875	CCDC184	387856	coiled-coil domain containing 184
ENSG00000177879	AP3S1	1176	adaptor related protein complex 3 subunit sigma 1
ENSG00000177885	GRB2	2885	growth factor receptor bound protein 2
ENSG00000177888	ZBTB41	360023	zinc finger and BTB domain containing 41
ENSG00000177889	UBE2N	7334	ubiquitin conjugating enzyme E2 N
ENSG00000177917	ARL6IP6	151188	ADP ribosylation factor like GTPase 6 interacting protein 6
ENSG00000177943	MAMDC4	158056	MAM domain containing 4
ENSG00000177946	CENPBD1P	92806	CENPB DNA-binding domain containing 1, pseudogene
ENSG00000177951	BET1L	51272	Bet1 golgi vesicular membrane trafficking protein like
ENSG00000177954	RPS27	6232	ribosomal protein S27
ENSG00000177963	RIC8A	60626	RIC8 guanine nucleotide exchange factor A
ENSG00000177971	IMP3	55272	IMP U3 small nucleolar ribonucleoprotein 3
ENSG00000177981	ASB8	140461	ankyrin repeat and SOCS box containing 8
ENSG00000177989	CIMAP1B	440836	ciliary microtubule associated protein 1B
ENSG00000178026	LRRC75B	388886	leucine rich repeat containing 75B
ENSG00000178028	DMAP1	55929	DNA methyltransferase 1 associated protein 1
ENSG00000178035	IMPDH2	3615	inosine monophosphate dehydrogenase 2
ENSG00000178038	ALS2CL	259173	ALS2 C-terminal like
ENSG00000178053	MLF1	4291	myeloid leukemia factor 1
ENSG00000178057	NDUFAF3	25915	NADH:ubiquinone oxidoreductase complex assembly factor 3
ENSG00000178074	C2orf69	205327	chromosome 2 open reading frame 69
ENSG00000178093	TSSK6	83983	testis specific serine kinase 6
ENSG00000178096	BOLA1	51027	bolA family member 1
ENSG00000178104	PDE4DIP	9659	phosphodiesterase 4D interacting protein
ENSG00000178105	DDX10	1662	DEAD-box helicase 10
ENSG00000178115	GOLGA8Q	727909	golgin A8 family member Q
ENSG00000178127	NDUFV2	4729	NADH:ubiquinone oxidoreductase core subunit V2
ENSG00000178149	DALRD3	55152	DALR anticodon binding domain containing 3
ENSG00000178150	ZNF114	163071	zinc finger protein 114
ENSG00000178163	ZNF518B	85460	zinc finger protein 518B
ENSG00000178172	SPINK6	404203	serine peptidase inhibitor Kazal type 6
ENSG00000178177	LCORL	254251	ligand dependent nuclear receptor corepressor like
ENSG00000178184	PARD6G	84552	par-6 family cell polarity regulator gamma
ENSG00000178188	SH2B1	25970	SH2B adaptor protein 1
ENSG00000178202	POGLUT3	143888	protein O-glucosyltransferase 3
ENSG00000178209	PLEC	5339	plectin
ENSG00000178222	RNF212	285498	ring finger protein 212
ENSG00000178229	ZNF543	125919	zinc finger protein 543
ENSG00000178234	GALNT11	63917	polypeptide N-acetylgalactosaminyltransferase 11
ENSG00000178252	WDR6	11180	WD repeat domain 6
ENSG00000178295	GEN1	348654	GEN1 Holliday junction 5' flap endonuclease
ENSG00000178301	AQP11	282679	aquaporin 11
ENSG00000178307	TMEM11	8834	transmembrane protein 11
ENSG00000178338	ZNF354B	117608	zinc finger protein 354B
ENSG00000178343	SHISA3	152573	shisa family member 3
ENSG00000178381	ZFAND2A	90637	zinc finger AN1-type containing 2A
ENSG00000178385	PLEKHM3	389072	pleckstrin homology domain containing M3
ENSG00000178386	ZNF223	7766	zinc finger protein 223
ENSG00000178397	FAM220A	84792	family with sequence similarity 220 member A
ENSG00000178401	DNAJC22	79962	DnaJ heat shock protein family (Hsp40) member C22
ENSG00000178425	NT5DC1	221294	5'-nucleotidase domain containing 1
ENSG00000178429	RPS3AP5	439992	RPS3A pseudogene 5
ENSG00000178440	TIMM23B-AGAP6	113218477	TIMM23B-AGAP6 readthrough (NMD candidate)
ENSG00000178445	GLDC	2731	glycine decarboxylase
ENSG00000178449	COX14	84987	cytochrome c oxidase assembly factor COX14
ENSG00000178462	TUBAL3	79861	tubulin alpha like 3
ENSG00000178464	RPL10P16	284393	ribosomal protein L10 pseudogene 16
ENSG00000178467	P4HTM	54681	prolyl 4-hydroxylase, transmembrane
ENSG00000178498	DTX3	196403	deltex E3 ubiquitin ligase 3
ENSG00000178502	KLHL11	55175	kelch like family member 11
ENSG00000178531	CTXN1	404217	cortexin 1
ENSG00000178537	SLC25A20	788	solute carrier family 25 member 20
ENSG00000178538	CA8	767	carbonic anhydrase 8
ENSG00000178567	EPM2AIP1	9852	EPM2A interacting protein 1
ENSG00000178585	CTNNBIP1	56998	catenin beta interacting protein 1
ENSG00000178605	GTPBP6	8225	GTP binding protein 6 (putative)
ENSG00000178607	ERN1	2081	endoplasmic reticulum to nucleus signaling 1
ENSG00000178623	GPR35	2859	G protein-coupled receptor 35
ENSG00000178685	PARP10	84875	poly(ADP-ribose) polymerase family member 10
ENSG00000178691	SUZ12	23512	SUZ12 polycomb repressive complex 2 subunit
ENSG00000178694	NSUN3	63899	NOP2/Sun RNA methyltransferase 3
ENSG00000178700	DHFR2	200895	dihydrofolate reductase 2
ENSG00000178718	RPP25	54913	ribonuclease P and MRP subunit p25
ENSG00000178719	GRINA	2907	glutamate ionotropic receptor NMDA type subunit associated protein 1
ENSG00000178726	THBD	7056	thrombomodulin
ENSG00000178741	COX5A	9377	cytochrome c oxidase subunit 5A
ENSG00000178752	ERFE	151176	erythroferrone
ENSG00000178761	FAM219B	57184	family with sequence similarity 219 member B
ENSG00000178764	ZHX2	22882	zinc fingers and homeoboxes 2
ENSG00000178773	CPNE7	27132	copine 7
ENSG00000178802	MPI	4351	mannose phosphate isomerase
ENSG00000178809	TRIM73	375593	tripartite motif containing 73
ENSG00000178814	OPLAH	26873	5-oxoprolinase, ATP-hydrolysing
ENSG00000178821	TMEM52	339456	transmembrane protein 52
ENSG00000178826	TMEM139	135932	transmembrane protein 139
ENSG00000178852	EFCAB13	124989	EF-hand calcium binding domain 13
ENSG00000178860	MSC	9242	musculin
ENSG00000178896	EXOSC4	54512	exosome component 4
ENSG00000178904	DPY19L3	147991	dpy-19 like C-mannosyltransferase 3
ENSG00000178913	TAF7	6879	TATA-box binding protein associated factor 7
ENSG00000178917	ZNF852	285346	zinc finger protein 852
ENSG00000178919	FOXE1	2304	forkhead box E1
ENSG00000178921	PFAS	5198	phosphoribosylformylglycinamidine synthase
ENSG00000178922	HYI	81888	hydroxypyruvate isomerase (putative)
ENSG00000178927	CYBC1	79415	cytochrome b-245 chaperone 1
ENSG00000178935	ZNF552	79818	zinc finger protein 552
ENSG00000178947	SMIM10L2A	399668	small integral membrane protein 10 like 2A
ENSG00000178950	GAK	2580	cyclin G associated kinase
ENSG00000178951	ZBTB7A	51341	zinc finger and BTB domain containing 7A
ENSG00000178952	TUFM	7284	Tu translation elongation factor, mitochondrial
ENSG00000178966	RMI1	80010	RecQ mediated genome instability 1
ENSG00000178971	CTC1	80169	CST telomere replication complex component 1
ENSG00000178974	FBXO34	55030	F-box protein 34
ENSG00000178977	LINC00324	284029	long intergenic non-protein coding RNA 324
ENSG00000178980	SELENOW	6415	selenoprotein W
ENSG00000178982	EIF3K	27335	eukaryotic translation initiation factor 3 subunit K
ENSG00000178988	MRFAP1L1	114932	Morf4 family associated protein 1 like 1
ENSG00000178996	SNX18	112574	sorting nexin 18
ENSG00000178999	AURKB	9212	aurora kinase B
ENSG00000179010	MRFAP1	93621	Morf4 family associated protein 1
ENSG00000179021	C3orf38	285237	chromosome 3 open reading frame 38
ENSG00000179023	KLHDC7A	127707	kelch domain containing 7A
ENSG00000179029	TMEM107	84314	transmembrane protein 107
ENSG00000179041	RRS1	23212	ribosome biogenesis regulator 1 homolog
ENSG00000179046	TRIML2	205860	tripartite motif family like 2
ENSG00000179051	RCC2	55920	regulator of chromosome condensation 2
ENSG00000179085	DPM3	54344	dolichyl-phosphate mannosyltransferase subunit 3, regulatory
ENSG00000179091	CYC1	1537	cytochrome c1
ENSG00000179094	PER1	5187	period circadian regulator 1
ENSG00000179104	TMTC2	160335	transmembrane O-mannosyltransferase targeting cadherins 2
ENSG00000179111	HES7	84667	hes family bHLH transcription factor 7
ENSG00000179115	FARSA	2193	phenylalanyl-tRNA synthetase subunit alpha
ENSG00000179119	SPTY2D1	144108	SPT2 chromatin protein domain containing 1
ENSG00000179134	SAMD4B	55095	sterile alpha motif domain containing 4B
ENSG00000179151	EDC3	80153	enhancer of mRNA decapping 3
ENSG00000179152	TCAIM	285343	T cell activation inhibitor, mitochondrial
ENSG00000179163	FUCA1	2517	alpha-L-fucosidase 1
ENSG00000179195	ZNF664	144348	zinc finger protein 664
ENSG00000179218	CALR	811	calreticulin
ENSG00000179222	MAGED1	9500	MAGE family member D1
ENSG00000179240	GVQW3	100506127	GVQW motif containing 3
ENSG00000179241	LDLRAD3	143458	low density lipoprotein receptor class A domain containing 3
ENSG00000179242	CDH4	1002	cadherin 4
ENSG00000179262	RAD23A	5886	RAD23 homolog A, nucleotide excision repair protein
ENSG00000179271	GADD45GIP1	90480	GADD45G interacting protein 1
ENSG00000179292	TMEM151A	256472	transmembrane protein 151A
ENSG00000179295	PTPN11	5781	protein tyrosine phosphatase non-receptor type 11
ENSG00000179304	FAM156B	727866	family with sequence similarity 156 member B
ENSG00000179314	WSCD1	23302	WSC domain containing 1
ENSG00000179335	CLK3	1198	CDC like kinase 3
ENSG00000179348	GATA2	2624	GATA binding protein 2
ENSG00000179361	ARID3B	10620	AT-rich interaction domain 3B
ENSG00000179364	PACS2	23241	phosphofurin acidic cluster sorting protein 2
ENSG00000179387	ELMOD2	255520	ELMO domain containing 2
ENSG00000179403	VWA1	64856	von Willebrand factor A domain containing 1
ENSG00000179406	LINC00174	285908	long intergenic non-protein coding RNA 174
ENSG00000179409	GEMIN4	50628	gem nuclear organelle associated protein 4
ENSG00000179431	FJX1	24147	four-jointed box kinase 1
ENSG00000179454	KLHL28	54813	kelch like family member 28
ENSG00000179455	MKRN3	7681	makorin ring finger protein 3
ENSG00000179456	ZBTB18	10472	zinc finger and BTB domain containing 18
ENSG00000179476	C14orf28	122525	chromosome 14 open reading frame 28
ENSG00000179523	EIF3J-DT	645212	EIF3J divergent transcript
ENSG00000179526	SHARPIN	81858	SHANK associated RH domain interactor
ENSG00000179528	LBX2	85474	ladybird homeobox 2
ENSG00000179532	DNHD1	144132	dynein heavy chain domain 1
ENSG00000179546	HTR1D	3352	5-hydroxytryptamine receptor 1D
ENSG00000179562	GCC1	79571	GRIP and coiled-coil domain containing 1
ENSG00000179588	ZFPM1	161882	zinc finger protein, FOG family member 1
ENSG00000179598	PLD6	201164	phospholipase D family member 6
ENSG00000179604	CDC42EP4	23580	CDC42 effector protein 4
ENSG00000179627	ZBTB42	100128927	zinc finger and BTB domain containing 42
ENSG00000179630	LACC1	144811	laccase domain containing 1
ENSG00000179632	MAF1	84232	MAF1 homolog, negative regulator of RNA polymerase III
ENSG00000179715	PCED1B	91523	PC-esterase domain containing 1B
ENSG00000179743	SPEN-AS1	729614	SPEN antisense RNA 1
ENSG00000179750	APOBEC3B	9582	apolipoprotein B mRNA editing enzyme catalytic subunit 3B
ENSG00000179772	FOXS1	2307	forkhead box S1
ENSG00000179818	PCBP1-AS1	400960	PCBP1 antisense RNA 1
ENSG00000179820	MYADM	91663	myeloid associated differentiation marker
ENSG00000179832	MROH1	727957	maestro heat like repeat family member 1
ENSG00000179833	SERTAD2	9792	SERTA domain containing 2
ENSG00000179859	RNF227	284023	ring finger protein 227
ENSG00000179862	CITED4	163732	Cbp/p300 interacting transactivator with Glu/Asp rich carboxy-terminal domain 4
ENSG00000179886	TIGD5	84948	tigger transposable element derived 5
ENSG00000179889	PDXDC1	23042	pyridoxal dependent decarboxylase domain containing 1
ENSG00000179912	R3HDM2	22864	R3H domain containing 2
ENSG00000179913	B3GNT3	10331	UDP-GlcNAc:betaGal beta-1,3-N-acetylglucosaminyltransferase 3
ENSG00000179918	SEPHS2	22928	selenophosphate synthetase 2
ENSG00000179922	ZNF784	147808	zinc finger protein 784
ENSG00000179933	C14orf119	55017	chromosome 14 open reading frame 119
ENSG00000179941	BBS10	79738	Bardet-Biedl syndrome 10
ENSG00000179943	FIZ1	84922	FLT3 interacting zinc finger 1
ENSG00000179950	PUF60	22827	poly(U) binding splicing factor 60
ENSG00000179958	DCTPP1	79077	dCTP pyrophosphatase 1
ENSG00000179965	ZNF771	51333	zinc finger protein 771
ENSG00000179981	TSHZ1	10194	teashirt zinc finger homeobox 1
ENSG00000179988	PSTK	118672	phosphoseryl-tRNA kinase
ENSG00000180008	SOCS4	122809	suppressor of cytokine signaling 4
ENSG00000180011	PTGR3	284273	prostaglandin reductase 3
ENSG00000180035	ZNF48	197407	zinc finger protein 48
ENSG00000180044	C3orf80	401097	chromosome 3 open reading frame 80
ENSG00000180071	ANKRD18A	253650	ankyrin repeat domain 18A
ENSG00000180089	TMEM86B	255043	transmembrane protein 86B
ENSG00000180096	SEPTIN1	1731	septin 1
ENSG00000180098	TRNAU1AP	54952	tRNA selenocysteine 1 associated protein 1
ENSG00000180104	EXOC3	11336	exocyst complex component 3
ENSG00000180155	LYNX1	66004	Ly6/neurotoxin 1
ENSG00000180182	MED14	9282	mediator complex subunit 14
ENSG00000180185	FAHD1	81889	fumarylacetoacetate hydrolase domain containing 1
ENSG00000180190	TDRP	157695	testis development related protein
ENSG00000180198	RCC1	1104	regulator of chromosome condensation 1
ENSG00000180210	F2	2147	coagulation factor II, thrombin
ENSG00000180228	PRKRA	8575	protein activator of interferon induced protein kinase EIF2AK2
ENSG00000180233	ZNRF2	223082	zinc and ring finger 2
ENSG00000180263	FGD6	55785	FYVE, RhoGEF and PH domain containing 6
ENSG00000180287	PLD5	200150	phospholipase D family member 5
ENSG00000180304	OAZ2	4947	ornithine decarboxylase antizyme 2
ENSG00000180318	ALX1	8092	ALX homeobox 1
ENSG00000180329	CCDC43	124808	coiled-coil domain containing 43
ENSG00000180336	MEIOC	284071	meiosis specific with coiled-coil domain
ENSG00000180340	FZD2	2535	frizzled class receptor 2
ENSG00000180346	TIGD2	166815	tigger transposable element derived 2
ENSG00000180354	MTURN	222166	maturin, neural progenitor differentiation regulator homolog
ENSG00000180357	ZNF609	23060	zinc finger protein 609
ENSG00000180370	PAK2	5062	p21 (RAC1) activated kinase 2
ENSG00000180376	CCDC66	285331	coiled-coil domain containing 66
ENSG00000180398	MCFD2	90411	multiple coagulation factor deficiency 2, ER cargo receptor complex subunit
ENSG00000180422	LINC00304	283860	long intergenic non-protein coding RNA 304
ENSG00000180423	HARBI1	283254	harbinger transposase derived 1
ENSG00000180425	C11orf71	54494	chromosome 11 open reading frame 71
ENSG00000180448	ARHGAP45	23526	Rho GTPase activating protein 45
ENSG00000180488	MIGA1	374986	mitoguardin 1
ENSG00000180530	NRIP1	8204	nuclear receptor interacting protein 1
ENSG00000180537	RNF182	221687	ring finger protein 182
ENSG00000180543	TSPYL5	85453	TSPY like 5
ENSG00000180573	H2AC6	8334	H2A clustered histone 6
ENSG00000180592	SKIDA1	387640	SKI/DACH domain containing 1
ENSG00000180596	H2BC4	8347	H2B clustered histone 4
ENSG00000180611	MB21D2	151963	Mab-21 domain containing 2
ENSG00000180626	ZNF594	84622	zinc finger protein 594
ENSG00000180628	PCGF5	84333	polycomb group ring finger 5
ENSG00000180667	YOD1	55432	YOD1 deubiquitinase
ENSG00000180694	TMEM64	169200	transmembrane protein 64
ENSG00000180739	S1PR5	53637	sphingosine-1-phosphate receptor 5
ENSG00000180747	SMG1P3	100271836	SMG1 pseudogene 3
ENSG00000180758	GPR157	80045	G protein-coupled receptor 157
ENSG00000180773	SLC36A4	120103	solute carrier family 36 member 4
ENSG00000180776	ZDHHC20	253832	zinc finger DHHC-type palmitoyltransferase 20
ENSG00000180801	ARSJ	79642	arylsulfatase family member J
ENSG00000180806	HOXC9	3225	homeobox C9
ENSG00000180815	MAP3K15	389840	mitogen-activated protein kinase kinase kinase 15
ENSG00000180817	PPA1	5464	inorganic pyrophosphatase 1
ENSG00000180818	HOXC10	3226	homeobox C10
ENSG00000180822	PSMG4	389362	proteasome assembly chaperone 4
ENSG00000180879	SSR4	6748	signal sequence receptor subunit 4
ENSG00000180884	ZNF792	126375	zinc finger protein 792
ENSG00000180891	CUEDC1	404093	CUE domain containing 1
ENSG00000180900	SCRIB	23513	scribble planar cell polarity protein
ENSG00000180901	KCTD2	23510	potassium channel tetramerization domain containing 2
ENSG00000180902	D2HGDH	728294	D-2-hydroxyglutarate dehydrogenase
ENSG00000180914	OXTR	5021	oxytocin receptor
ENSG00000180917	CMTR2	55783	cap methyltransferase 2
ENSG00000180921	FAM83H	286077	family with sequence similarity 83 member H
ENSG00000180953	ST20	400410	suppressor of tumorigenicity 20
ENSG00000180957	PITPNB	23760	phosphatidylinositol transfer protein beta
ENSG00000180964	TCEAL8	90843	transcription elongation factor A like 8
ENSG00000180979	LRRC57	255252	leucine rich repeat containing 57
ENSG00000180992	MRPL14	64928	mitochondrial ribosomal protein L14
ENSG00000181004	BBS12	166379	Bardet-Biedl syndrome 12
ENSG00000181019	NQO1	1728	NAD(P)H quinone dehydrogenase 1
ENSG00000181026	AEN	64782	apoptosis enhancing nuclease
ENSG00000181027	FKRP	79147	fukutin related protein
ENSG00000181029	TRAPPC5	126003	trafficking protein particle complex subunit 5
ENSG00000181031	RPH3AL	9501	rabphilin 3A like (without C2 domains)
ENSG00000181035	SLC25A42	284439	solute carrier family 25 member 42
ENSG00000181038	METTL23	124512	methyltransferase 23, arginine
ENSG00000181045	SLC26A11	284129	solute carrier family 26 member 11
ENSG00000181061	HIGD1A	25994	HIG1 hypoxia inducible domain family member 1A
ENSG00000181090	EHMT1	79813	euchromatic histone lysine methyltransferase 1
ENSG00000181104	F2R	2149	coagulation factor II thrombin receptor
ENSG00000181135	ZNF707	286075	zinc finger protein 707
ENSG00000181163	NPM1	4869	nucleophosmin 1
ENSG00000181191	PJA1	64219	praja ring finger ubiquitin ligase 1
ENSG00000181192	DHTKD1	55526	dehydrogenase E1 and transketolase domain containing 1
ENSG00000181218	H2AC25	92815	H2A clustered histone 25
ENSG00000181220	ZNF746	155061	zinc finger protein 746
ENSG00000181222	POLR2A	5430	RNA polymerase II subunit A
ENSG00000181264	TLCD5	219902	TLC domain containing 5
ENSG00000181274	FRAT2	23401	FRAT regulator of WNT signaling pathway 2
ENSG00000181284	TMEM102	284114	transmembrane protein 102
ENSG00000181315	ZNF322	79692	zinc finger protein 322
ENSG00000181350	LRRC75A	388341	leucine rich repeat containing 75A
ENSG00000181381	DDX60L	91351	DExD/H-box 60 like
ENSG00000181396	OGFOD3	79701	2-oxoglutarate and iron dependent oxygenase domain containing 3
ENSG00000181404	WASHC1	100287171	WASH complex subunit 1
ENSG00000181444	ZNF467	168544	zinc finger protein 467
ENSG00000181450	ZNF678	339500	zinc finger protein 678
ENSG00000181458	TMEM45A	55076	transmembrane protein 45A
ENSG00000181467	RAP2B	5912	RAP2B, member of RAS oncogene family
ENSG00000181472	ZBTB2	57621	zinc finger and BTB domain containing 2
ENSG00000181481	RNF135	84282	ring finger protein 135
ENSG00000181513	ACBD4	79777	acyl-CoA binding domain containing 4
ENSG00000181523	SGSH	6448	N-sulfoglucosamine sulfohydrolase
ENSG00000181555	SETD2	29072	SET domain containing 2, histone lysine methyltransferase
ENSG00000181588	MEX3D	399664	mex-3 RNA binding family member D
ENSG00000181610	MRPS23	51649	mitochondrial ribosomal protein S23
ENSG00000181625	SLX1B	79008	SLX1 homolog B, structure-specific endonuclease subunit
ENSG00000181634	TNFSF15	9966	TNF superfamily member 15
ENSG00000181638	ZFP41	286128	ZFP41 zinc finger protein
ENSG00000181649	PHLDA2	7262	pleckstrin homology like domain family A member 2
ENSG00000181666	ZNF875	284459	zinc finger protein 875
ENSG00000181704	YIPF6	286451	Yip1 domain family member 6
ENSG00000181744	DIPK2A	205428	divergent protein kinase domain 2A
ENSG00000181751	MACIR	90355	macrophage immunometabolism regulator
ENSG00000181773	GPR3	2827	G protein-coupled receptor 3
ENSG00000181788	SIAH2	6478	siah E3 ubiquitin protein ligase 2
ENSG00000181789	COPG1	22820	COPI coat complex subunit gamma 1
ENSG00000181798	LINC00471	151477	long intergenic non-protein coding RNA 471
ENSG00000181817	LSM10	84967	LSM10, U7 small nuclear RNA associated
ENSG00000181826	RELL1	768211	RELT like 1
ENSG00000181827	RFX7	64864	regulatory factor X7
ENSG00000181830	SLC35C1	55343	solute carrier family 35 member C1
ENSG00000181852	RNF41	10193	ring finger protein 41
ENSG00000181885	CLDN7	1366	claudin 7
ENSG00000181894	ZNF329	79673	zinc finger protein 329
ENSG00000181896	ZNF101	94039	zinc finger protein 101
ENSG00000181904	C5orf24	134553	chromosome 5 open reading frame 24
ENSG00000181915	ADO	84890	2-aminoethanethiol dioxygenase
ENSG00000181924	COA4	51287	cytochrome c oxidase assembly factor 4 homolog
ENSG00000181929	PRKAG1	5571	protein kinase AMP-activated non-catalytic subunit gamma 1
ENSG00000181938	GINS3	64785	GINS complex subunit 3
ENSG00000181982	CCDC149	91050	coiled-coil domain containing 149
ENSG00000181991	MRPS11	64963	mitochondrial ribosomal protein S11
ENSG00000182004	SNRPE	6635	small nuclear ribonucleoprotein polypeptide E
ENSG00000182010	RTKN2	219790	rhotekin 2
ENSG00000182013	PNMA8A	55228	PNMA family member 8A
ENSG00000182022	CHST15	51363	carbohydrate sulfotransferase 15
ENSG00000182054	IDH2	3418	isocitrate dehydrogenase (NADP(+)) 2
ENSG00000182087	TMEM259	91304	transmembrane protein 259
ENSG00000182093	GET1	7485	guided entry of tail-anchored proteins factor 1
ENSG00000182095	TNRC18	84629	trinucleotide repeat containing 18
ENSG00000182108	DEXI	28955	Dexi homolog
ENSG00000182117	NOP10	55505	NOP10 ribonucleoprotein
ENSG00000182118	FAM89A	375061	family with sequence similarity 89 member A
ENSG00000182134	TDRKH	11022	tudor and KH domain containing
ENSG00000182149	IST1	9798	IST1 factor associated with ESCRT-III
ENSG00000182150	ERCC6L2	375748	ERCC excision repair 6 like 2
ENSG00000182154	MRPL41	64975	mitochondrial ribosomal protein L41
ENSG00000182158	CREB3L2	64764	cAMP responsive element binding protein 3 like 2
ENSG00000182165	TP53TG1	11257	TP53 target 1
ENSG00000182173	TSEN54	283989	tRNA splicing endonuclease subunit 54
ENSG00000182175	RGMA	56963	repulsive guidance molecule BMP co-receptor a
ENSG00000182180	MRPS16	51021	mitochondrial ribosomal protein S16
ENSG00000182185	RAD51B	5890	RAD51 paralog B
ENSG00000182195	LDOC1	23641	LDOC1 regulator of NFKB signaling
ENSG00000182196	ARL6IP4	51329	ADP ribosylation factor like GTPase 6 interacting protein 4
ENSG00000182197	EXT1	2131	exostosin glycosyltransferase 1
ENSG00000182199	SHMT2	6472	serine hydroxymethyltransferase 2
ENSG00000182208	MOB2	81532	MOB kinase activator 2
ENSG00000182220	ATP6AP2	10159	ATPase H+ transporting accessory protein 2
ENSG00000182224	CYB5D1	124637	cytochrome b5 domain containing 1
ENSG00000182240	BACE2	25825	beta-secretase 2
ENSG00000182247	UBE2E2	7325	ubiquitin conjugating enzyme E2 E2
ENSG00000182253	SYNM	23336	synemin
ENSG00000182263	FIGN	55137	fidgetin, microtubule severing factor
ENSG00000182272	B4GALNT4	338707	beta-1,4-N-acetyl-galactosaminyltransferase 4
ENSG00000182287	AP1S2	8905	adaptor related protein complex 1 subunit sigma 2
ENSG00000182307	C8orf33	65265	chromosome 8 open reading frame 33
ENSG00000182310	SPACA6	147650	sperm acrosome associated 6
ENSG00000182318	ZSCAN22	342945	zinc finger and SCAN domain containing 22
ENSG00000182324	KCNJ14	3770	potassium inwardly rectifying channel subfamily J member 14
ENSG00000182325	FBXL6	26233	F-box and leucine rich repeat protein 6
ENSG00000182326	C1S	716	complement C1s
ENSG00000182362	YBEY	54059	ybeY metalloendoribonuclease
ENSG00000182372	CLN8	2055	CLN8 transmembrane ER and ERGIC protein
ENSG00000182378	PLCXD1	55344	phosphatidylinositol specific phospholipase C X domain containing 1
ENSG00000182379	NXPH4	11247	neurexophilin 4
ENSG00000182400	TRAPPC6B	122553	trafficking protein particle complex subunit 6B
ENSG00000182405	PGBD4	161779	piggyBac transposable element derived 4
ENSG00000182446	NPLOC4	55666	NPL4 homolog, ubiquitin recognition factor
ENSG00000182472	CAPN12	147968	calpain 12
ENSG00000182473	EXOC7	23265	exocyst complex component 7
ENSG00000182481	KPNA2	3838	karyopherin subunit alpha 2
ENSG00000182484	WASH6P	653440	WASP family homolog 6, pseudogene
ENSG00000182504	CEP97	79598	centrosomal protein 97
ENSG00000182511	FES	2242	FES proto-oncogene, tyrosine kinase
ENSG00000182512	GLRX5	51218	glutaredoxin 5
ENSG00000182518	VCF2	90736	VCP nuclear cofactor family member 2
ENSG00000182534	MXRA7	439921	matrix remodeling associated 7
ENSG00000182541	LIMK2	3985	LIM domain kinase 2
ENSG00000182544	MFSD5	84975	major facilitator superfamily domain containing 5
ENSG00000182545	RNASE10	338879	ribonuclease A family member 10 (inactive)
ENSG00000182551	ADI1	55256	acireductone dioxygenase 1
ENSG00000182552	RWDD4	201965	RWD domain containing 4
ENSG00000182600	SNORC	389084	secondary ossification center associated regulator of chondrocyte maturation
ENSG00000182606	TRAK1	22906	trafficking kinesin protein 1
ENSG00000182612	TSPAN10	83882	tetraspanin 10
ENSG00000182621	PLCB1	23236	phospholipase C beta 1
ENSG00000182628	SKA2	348235	spindle and kinetochore associated complex subunit 2
ENSG00000182648	RNF32-DT	100506380	RNF32 divergent transcript
ENSG00000182670	TTC3	7267	tetratricopeptide repeat domain 3
ENSG00000182685	BRICD5	283870	BRICHOS domain containing 5
ENSG00000182700	IGIP	492311	IgA inducing protein
ENSG00000182704	TSKU	25987	tsukushi, small leucine rich proteoglycan
ENSG00000182712	CMC4	100272147	C-X9-C motif containing 4
ENSG00000182718	ANXA2	302	annexin A2
ENSG00000182749	PAQR7	164091	progestin and adipoQ receptor family member 7
ENSG00000182752	PAPPA	5069	pappalysin 1
ENSG00000182768	NGRN	51335	neugrin, neurite outgrowth associated
ENSG00000182774	RPS17	6218	ribosomal protein S17
ENSG00000182795	C1orf116	79098	chromosome 1 open reading frame 116
ENSG00000182796	TMEM198B	440104	transmembrane protein 198B (pseudogene)
ENSG00000182809	CRIP2	1397	cysteine rich protein 2
ENSG00000182810	DDX28	55794	DEAD-box helicase 28
ENSG00000182824	FAM230E	642643	family with sequence similarity 230 member E
ENSG00000182827	ACBD3	64746	acyl-CoA binding domain containing 3
ENSG00000182831	HAPSTR1	29035	HUWE1 associated protein modifying stress responses
ENSG00000182853	VMO1	284013	vitelline membrane outer layer 1 homolog
ENSG00000182858	ALG12	79087	ALG12 alpha-1,6-mannosyltransferase
ENSG00000182870	GALNT9	50614	polypeptide N-acetylgalactosaminyltransferase 9
ENSG00000182871	COL18A1	80781	collagen type XVIII alpha 1 chain
ENSG00000182872	RBM10	8241	RNA binding motif protein 10
ENSG00000182873	PRKCZ-AS1	100506504	PRKCZ antisense RNA 1
ENSG00000182890	GLUD2	2747	glutamate dehydrogenase 2
ENSG00000182899	RPL35A	6165	ribosomal protein L35a
ENSG00000182903	ZNF721	170960	zinc finger protein 721
ENSG00000182919	C11orf54	28970	chromosome 11 open reading frame 54
ENSG00000182923	CEP63	80254	centrosomal protein 63
ENSG00000182934	SRPRA	6734	SRP receptor subunit alpha
ENSG00000182944	EWSR1	2130	EWS RNA binding protein 1
ENSG00000182952	HMGN4	10473	high mobility group nucleosomal binding domain 4
ENSG00000182957	SPATA13	221178	spermatogenesis associated 13
ENSG00000182963	GJC1	10052	gap junction protein gamma 1
ENSG00000182973	CNOT10	25904	CCR4-NOT transcription complex subunit 10
ENSG00000182979	MTA1	9112	metastasis associated 1
ENSG00000182985	CADM1	23705	cell adhesion molecule 1
ENSG00000182993	C12orf60	144608	chromosome 12 open reading frame 60
ENSG00000183010	PYCR1	5831	pyrroline-5-carboxylate reductase 1
ENSG00000183011	NAA38	84316	N-alpha-acetyltransferase 38, NatC auxiliary subunit
ENSG00000183020	AP2A2	161	adaptor related protein complex 2 subunit alpha 2
ENSG00000183023	SLC8A1	6546	solute carrier family 8 member A1
ENSG00000183032	SLC25A21	89874	solute carrier family 25 member 21
ENSG00000183048	SLC25A10	1468	solute carrier family 25 member 10
ENSG00000183049	CAMK1D	57118	calcium/calmodulin dependent protein kinase ID
ENSG00000183054	RGPD6	729540	RANBP2 like and GRIP domain containing 6
ENSG00000183060	LYSMD4	145748	LysM domain containing 4
ENSG00000183072	NKX2-5	1482	NK2 homeobox 5
ENSG00000183077	AFMID	125061	arylformamidase
ENSG00000183087	GAS6	2621	growth arrest specific 6
ENSG00000183092	BEGAIN	57596	brain enriched guanylate kinase associated
ENSG00000183098	GPC6	10082	glypican 6
ENSG00000183111	ARHGEF37	389337	Rho guanine nucleotide exchange factor 37
ENSG00000183114	FAM43B	163933	family with sequence similarity 43 member B
ENSG00000183137	CEP57L1	285753	centrosomal protein 57 like 1
ENSG00000183155	RABIF	5877	RAB interacting factor
ENSG00000183161	FANCF	2188	FA complementation group F
ENSG00000183172	SMDT1	91689	single-pass membrane protein with aspartate rich tail 1
ENSG00000183199	HSP90AB3P	3327	heat shock protein 90 alpha family class B member 3, pseudogene
ENSG00000183207	RUVBL2	10856	RuvB like AAA ATPase 2
ENSG00000183208	GDPGP1	390637	GDP-D-glucose phosphorylase 1
ENSG00000183250	LINC01547	84536	long intergenic non-protein coding RNA 1547
ENSG00000183255	PTTG1IP	754	PTTG1 interacting protein
ENSG00000183258	DDX41	51428	DEAD-box helicase 41
ENSG00000183260	ABHD16B	140701	abhydrolase domain containing 16B
ENSG00000183281	PLGLB1	5343	plasminogen like B1
ENSG00000183283	DAZAP2	9802	DAZ associated protein 2
ENSG00000183287	CCBE1	147372	collagen and calcium binding EGF domains 1
ENSG00000183291	SELENOF	9403	selenoprotein F
ENSG00000183298	RPSAP19	730029	ribosomal protein SA pseudogene 19
ENSG00000183309	ZNF623	9831	zinc finger protein 623
ENSG00000183323	CCDC125	202243	coiled-coil domain containing 125
ENSG00000183336	BOLA2	552900	bolA family member 2
ENSG00000183337	BCOR	54880	BCL6 corepressor
ENSG00000183340	JRKL	8690	JRK like
ENSG00000183346	CABCOCO1	219621	ciliary associated calcium binding coiled-coil 1
ENSG00000183354	KIAA2026	158358	KIAA2026
ENSG00000183386	FHL3	2275	four and a half LIM domains 3
ENSG00000183395	PMCH	5367	pro-melanin concentrating hormone
ENSG00000183397	TEKTIP1	100128569	tektin bundle interacting protein 1
ENSG00000183401	CCDC159	126075	coiled-coil domain containing 159
ENSG00000183421	RIPK4	54101	receptor interacting serine/threonine kinase 4
ENSG00000183426	NPIPA1	9284	nuclear pore complex interacting protein family member A1
ENSG00000183431	SF3A3	10946	splicing factor 3a subunit 3
ENSG00000183444	OR7E38P	389537	olfactory receptor family 7 subfamily E member 38 pseudogene
ENSG00000183458	PKD1P3	339039	polycystin 1, transient receptor potential channel interacting pseudogene 3
ENSG00000183474	GTF2H2C	728340	GTF2H2 family member C
ENSG00000183475	ASB7	140460	ankyrin repeat and SOCS box containing 7
ENSG00000183495	EP400	57634	E1A binding protein p400
ENSG00000183496	MEX3B	84206	mex-3 RNA binding family member B
ENSG00000183506	PI4KAP2	375133	phosphatidylinositol 4-kinase alpha pseudogene 2
ENSG00000183513	COA5	493753	cytochrome c oxidase assembly factor 5
ENSG00000183520	UTP11	51118	UTP11 small subunit processome component
ENSG00000183527	PSMG1	8624	proteasome assembly chaperone 1
ENSG00000183530	PRR14L	253143	proline rich 14 like
ENSG00000183570	PCBP3	54039	poly(rC) binding protein 3
ENSG00000183576	SETD3	84193	SET domain containing 3, actin N3(tau)-histidine methyltransferase
ENSG00000183578	TNFAIP8L3	388121	TNF alpha induced protein 8 like 3
ENSG00000183579	ZNRF3	84133	zinc and ring finger 3
ENSG00000183597	TANGO2	128989	transport and golgi organization 2 homolog
ENSG00000183605	SFXN4	119559	sideroflexin 4
ENSG00000183607	GKN2	200504	gastrokine 2
ENSG00000183615	FAM167B	84734	family with sequence similarity 167 member B
ENSG00000183617	MRPL54	116541	mitochondrial ribosomal protein L54
ENSG00000183621	ZNF438	220929	zinc finger protein 438
ENSG00000183624	HMCES	56941	5-hydroxymethylcytosine binding, ES cell specific
ENSG00000183628	DGCR6	8214	DiGeorge syndrome critical region gene 6
ENSG00000183647	ZNF530	348327	zinc finger protein 530
ENSG00000183648	NDUFB1	4707	NADH:ubiquinone oxidoreductase subunit B1
ENSG00000183655	KLHL25	64410	kelch like family member 25
ENSG00000183665	TRMT12	55039	tRNA methyltransferase 12 homolog
ENSG00000183684	ALYREF	10189	Aly/REF export factor
ENSG00000183688	RFLNB	359845	refilin B
ENSG00000183696	UPP1	7378	uridine phosphorylase 1
ENSG00000183718	TRIM52	84851	tripartite motif containing 52
ENSG00000183722	LHFPL6	10186	LHFPL tetraspan subfamily member 6
ENSG00000183723	CMTM4	146223	CKLF like MARVEL transmembrane domain containing 4
ENSG00000183726	TMEM50A	23585	transmembrane protein 50A
ENSG00000183735	TBK1	29110	TANK binding kinase 1
ENSG00000183741	CBX6	23466	chromobox 6
ENSG00000183751	TBL3	10607	transducin beta like 3
ENSG00000183762	KREMEN1	83999	kringle containing transmembrane protein 1
ENSG00000183763	TRAIP	10293	TRAF interacting protein
ENSG00000183765	CHEK2	11200	checkpoint kinase 2
ENSG00000183773	AIFM3	150209	apoptosis inducing factor mitochondria associated 3
ENSG00000183779	ZNF703	80139	zinc finger protein 703
ENSG00000183780	SLC35F3	148641	solute carrier family 35 member F3
ENSG00000183793	NPIPA5	100288332	nuclear pore complex interacting protein family member A5
ENSG00000183798	EMILIN3	90187	elastin microfibril interfacer 3
ENSG00000183808	RBM12B	389677	RNA binding motif protein 12B
ENSG00000183814	LIN9	286826	lin-9 DREAM MuvB core complex component
ENSG00000183826	BTBD9	114781	BTB domain containing 9
ENSG00000183828	NUDT14	256281	nudix hydrolase 14
ENSG00000183840	GPR39	2863	G protein-coupled receptor 39
ENSG00000183853	KIRREL1	55243	kirre like nephrin family adhesion molecule 1
ENSG00000183856	IQGAP3	128239	IQ motif containing GTPase activating protein 3
ENSG00000183864	TOB2	10766	transducer of ERBB2, 2
ENSG00000183876	ARSI	340075	arylsulfatase family member I
ENSG00000183878	UTY	7404	ubiquitously transcribed tetratricopeptide repeat containing, Y-linked
ENSG00000183889	NPIPA9	105376752	nuclear pore complex interacting protein family, member A9
ENSG00000183891	TTC32	130502	tetratricopeptide repeat domain 32
ENSG00000183943	PRKX	5613	protein kinase cAMP-dependent X-linked catalytic subunit
ENSG00000183955	KMT5A	387893	lysine methyltransferase 5A
ENSG00000183963	SMTN	6525	smoothelin
ENSG00000183978	COA3	28958	cytochrome c oxidase assembly factor 3
ENSG00000184007	PTP4A2	8073	protein tyrosine phosphatase 4A2
ENSG00000184009	ACTG1	71	actin gamma 1
ENSG00000184014	DENND5A	23258	DENN domain containing 5A
ENSG00000184047	DIABLO	56616	diablo IAP-binding mitochondrial protein
ENSG00000184056	VPS33B	26276	VPS33B late endosome and lysosome associated
ENSG00000184058	TBX1	6899	T-box transcription factor 1
ENSG00000184060	ADAP2	55803	ArfGAP with dual PH domains 2
ENSG00000184076	UQCR10	29796	ubiquinol-cytochrome c reductase, complex III subunit X
ENSG00000184083	FAM120C	54954	family with sequence similarity 120 member C
ENSG00000184110	EIF3C	8663	eukaryotic translation initiation factor 3 subunit C
ENSG00000184117	NIPSNAP1	8508	nipsnap homolog 1
ENSG00000184154	LRRC51	120356739	leucine rich repeat containing 51
ENSG00000184160	ADRA2C	152	adrenoceptor alpha 2C
ENSG00000184162	NR2C2AP	126382	nuclear receptor 2C2 associated protein
ENSG00000184164	CRELD2	79174	cysteine rich with EGF like domains 2
ENSG00000184178	SCFD2	152579	sec1 family domain containing 2
ENSG00000184182	UBE2F	140739	ubiquitin conjugating enzyme E2 F (putative)
ENSG00000184203	PPP1R2	5504	protein phosphatase 1 regulatory inhibitor subunit 2
ENSG00000184205	TSPYL2	64061	TSPY like 2
ENSG00000184206	GOLGA6L4	643707	golgin A6 family like 4
ENSG00000184207	PGP	283871	phosphoglycolate phosphatase
ENSG00000184208	C22orf46P	79640	CTA-216E10.6
ENSG00000184209	SNRNP35	11066	small nuclear ribonucleoprotein U11/U12 subunit 35
ENSG00000184216	IRAK1	3654	interleukin 1 receptor associated kinase 1
ENSG00000184220	CMSS1	84319	cms1 ribosomal small subunit homolog
ENSG00000184224	NDUFV1-DT	100505621	NDUFV1 divergent transcript
ENSG00000184226	PCDH9	5101	protocadherin 9
ENSG00000184227	ACOT1	641371	acyl-CoA thioesterase 1
ENSG00000184232	OAF	220323	out at first homolog
ENSG00000184254	ALDH1A3	220	aldehyde dehydrogenase 1 family member A3
ENSG00000184260	H2AC20	8338	H2A clustered histone 20
ENSG00000184271	POU6F1	5463	POU class 6 homeobox 1
ENSG00000184277	TM2D3	80213	TM2 domain containing 3
ENSG00000184281	TSSC4	10078	tumor suppressing subtransferable candidate 4
ENSG00000184304	PRKD1	5587	protein kinase D1
ENSG00000184307	ZDHHC23	254887	zinc finger DHHC-type palmitoyltransferase 23
ENSG00000184347	SLIT3	6586	slit guidance ligand 3
ENSG00000184349	EFNA5	1946	ephrin A5
ENSG00000184363	PKP3	11187	plakophilin 3
ENSG00000184368	MAP7D2	256714	MAP7 domain containing 2
ENSG00000184371	CSF1	1435	colony stimulating factor 1
ENSG00000184381	PLA2G6	8398	phospholipase A2 group VI
ENSG00000184384	MAML2	84441	mastermind like transcriptional coactivator 2
ENSG00000184402	SS18L1	26039	SS18L1 subunit of BAF chromatin remodeling complex
ENSG00000184428	TOP1MT	116447	DNA topoisomerase I mitochondrial
ENSG00000184432	COPB2	9276	COPI coat complex subunit beta 2
ENSG00000184436	THAP7	80764	THAP domain containing 7
ENSG00000184445	KNTC1	9735	kinetochore associated 1
ENSG00000184465	WDR27	253769	WD repeat domain 27
ENSG00000184470	TXNRD2	10587	thioredoxin reductase 2
ENSG00000184481	FOXO4	4303	forkhead box O4
ENSG00000184489	PTP4A3	11156	protein tyrosine phosphatase 4A3
ENSG00000184497	TMEM255B	348013	transmembrane protein 255B
ENSG00000184500	PROS1	5627	protein S
ENSG00000184508	HDDC3	374659	HD domain containing 3
ENSG00000184517	ZFP1	162239	ZFP1 zinc finger protein
ENSG00000184524	CEND1	51286	cell cycle exit and neuronal differentiation 1
ENSG00000184545	DUSP8	1850	dual specificity phosphatase 8
ENSG00000184557	SOCS3	9021	suppressor of cytokine signaling 3
ENSG00000184575	XPOT	11260	exportin for tRNA
ENSG00000184584	STING1	340061	stimulator of interferon response cGAMP interactor 1
ENSG00000184588	PDE4B	5142	phosphodiesterase 4B
ENSG00000184602	SNN	8303	stannin
ENSG00000184634	MED12	9968	mediator complex subunit 12
ENSG00000184640	SEPTIN9	10801	septin 9
ENSG00000184661	CDCA2	157313	cell division cycle associated 2
ENSG00000184669	OR7E14P	10819	olfactory receptor family 7 subfamily E member 14 pseudogene
ENSG00000184675	AMER1	139285	APC membrane recruitment protein 1
ENSG00000184677	ZBTB40	9923	zinc finger and BTB domain containing 40
ENSG00000184678	H2BC21	8349	H2B clustered histone 21
ENSG00000184702	SEPTIN5	5413	septin 5
ENSG00000184708	EIF4ENIF1	56478	eukaryotic translation initiation factor 4E nuclear import factor 1
ENSG00000184716	SERINC4	619189	serine incorporator 4
ENSG00000184719	RNLS	55328	renalase, FAD dependent amine oxidase
ENSG00000184743	ATL3	25923	atlastin GTPase 3
ENSG00000184752	NDUFA12	55967	NADH:ubiquinone oxidoreductase subunit A12
ENSG00000184787	UBE2G2	7327	ubiquitin conjugating enzyme E2 G2
ENSG00000184792	OSBP2	23762	oxysterol binding protein 2
ENSG00000184831	APOO	79135	apolipoprotein O
ENSG00000184840	TMED9	54732	transmembrane p24 trafficking protein 9
ENSG00000184845	DRD1	1812	dopamine receptor D1
ENSG00000184857	TMEM186	25880	transmembrane protein 186
ENSG00000184863	RBM33	155435	RNA binding motif protein 33
ENSG00000184887	BTBD6	90135	BTB domain containing 6
ENSG00000184897	H1-10	8971	H1.10 linker histone
ENSG00000184898	RBM43	375287	RNA binding motif protein 43
ENSG00000184900	SUMO3	6612	small ubiquitin like modifier 3
ENSG00000184903	IMMP2L	83943	inner mitochondrial membrane peptidase subunit 2
ENSG00000184916	JAG2	3714	jagged canonical Notch ligand 2
ENSG00000184922	FMNL1	752	formin like 1
ENSG00000184924	PTRHD1	391356	peptidyl-tRNA hydrolase domain containing 1
ENSG00000184937	WT1	7490	WT1 transcription factor
ENSG00000184939	ZFP90	146198	ZFP90 zinc finger protein
ENSG00000184967	NOC4L	79050	nucleolar complex associated 4 homolog
ENSG00000184979	USP18	11274	ubiquitin specific peptidase 18
ENSG00000184983	NDUFA6	4700	NADH:ubiquinone oxidoreductase subunit A6
ENSG00000184985	SORCS2	57537	sortilin related VPS10 domain containing receptor 2
ENSG00000184986	TMEM121	80757	transmembrane protein 121
ENSG00000184988	TMEM106A	113277	transmembrane protein 106A
ENSG00000184990	SIVA1	10572	SIVA1 apoptosis inducing factor
ENSG00000184992	BRI3BP	140707	BRI3 binding protein
ENSG00000184995	IFNE	338376	interferon epsilon
ENSG00000185000	DGAT1	8694	diacylglycerol O-acyltransferase 1
ENSG00000185009	AP3M1	26985	adaptor related protein complex 3 subunit mu 1
ENSG00000185010	F8	2157	coagulation factor VIII
ENSG00000185019	UBOX5	22888	U-box domain containing 5
ENSG00000185022	MAFF	23764	MAF bZIP transcription factor F
ENSG00000185024	BRF1	2972	BRF1 RNA polymerase III transcription initiation factor subunit
ENSG00000185033	SEMA4B	10509	semaphorin 4B
ENSG00000185043	CIB1	10519	calcium and integrin binding 1
ENSG00000185046	ANKS1B	56899	ankyrin repeat and sterile alpha motif domain containing 1B
ENSG00000185049	NELFA	7469	negative elongation factor complex member A
ENSG00000185055	EFCAB10	100130771	EF-hand calcium binding domain 10
ENSG00000185085	INTS5	80789	integrator complex subunit 5
ENSG00000185088	RPS27L	51065	ribosomal protein S27 like
ENSG00000185090	MANEAL	149175	mannosidase endo-alpha like
ENSG00000185100	ADSS1	122622	adenylosuccinate synthase 1
ENSG00000185101	ANO9	338440	anoctamin 9
ENSG00000185104	FAF1	11124	Fas associated factor 1
ENSG00000185112	FAM43A	131583	family with sequence similarity 43 member A
ENSG00000185115	NSMCE3	56160	NSE3 homolog, SMC5-SMC6 complex component
ENSG00000185122	HSF1	3297	heat shock transcription factor 1
ENSG00000185127	C6orf120	387263	chromosome 6 open reading frame 120
ENSG00000185129	PURA	5813	purine rich element binding protein A
ENSG00000185133	INPP5J	27124	inositol polyphosphate-5-phosphatase J
ENSG00000185158	LRRC37B	114659	leucine rich repeat containing 37B
ENSG00000185163	DDX51	317781	DEAD-box helicase 51
ENSG00000185164	NOMO2	283820	NODAL modulator 2
ENSG00000185186	LINC00313	114038	long intergenic non-protein coding RNA 313
ENSG00000185187	SIGIRR	59307	single Ig and TIR domain containing
ENSG00000185189	NRBP2	340371	nuclear receptor binding protein 2
ENSG00000185201	IFITM2	10581	interferon induced transmembrane protein 2
ENSG00000185215	TNFAIP2	7127	TNF alpha induced protein 2
ENSG00000185219	ZNF445	353274	zinc finger protein 445
ENSG00000185220	PGBD2	267002	piggyBac transposable element derived 2
ENSG00000185222	TCEAL9	51186	transcription elongation factor A like 9
ENSG00000185236	RAB11B	9230	RAB11B, member RAS oncogene family
ENSG00000185238	PRMT3	10196	protein arginine methyltransferase 3
ENSG00000185245	GP1BA	2811	glycoprotein Ib platelet subunit alpha
ENSG00000185246	PRPF39	55015	pre-mRNA processing factor 39
ENSG00000185250	PPIL6	285755	peptidylprolyl isomerase like 6
ENSG00000185252	ZNF74	7625	zinc finger protein 74
ENSG00000185262	UBALD2	283991	UBA like domain containing 2
ENSG00000185267	CDNF	441549	cerebral dopamine neurotrophic factor
ENSG00000185298	CCDC137	339230	coiled-coil domain containing 137
ENSG00000185305	ARL15	54622	ADP ribosylation factor like GTPase 15
ENSG00000185324	CDK10	8558	cyclin dependent kinase 10
ENSG00000185339	TCN2	6948	transcobalamin 2
ENSG00000185340	GAS2L1	10634	growth arrest specific 2 like 1
ENSG00000185344	ATP6V0A2	23545	ATPase H+ transporting V0 subunit a2
ENSG00000185347	TEDC1	283643	tubulin epsilon and delta complex 1
ENSG00000185359	HGS	9146	hepatocyte growth factor-regulated tyrosine kinase substrate
ENSG00000185361	TNFAIP8L1	126282	TNF alpha induced protein 8 like 1
ENSG00000185379	RAD51D	5892	RAD51 paralog D
ENSG00000185386	MAPK11	5600	mitogen-activated protein kinase 11
ENSG00000185404	SP140L	93349	SP140 nuclear body protein like
ENSG00000185414	MRPL30	51263	mitochondrial ribosomal protein L30
ENSG00000185418	TARS3	123283	threonyl-tRNA synthetase 3
ENSG00000185420	SMYD3	64754	SET and MYND domain containing 3
ENSG00000185436	IFNLR1	163702	interferon lambda receptor 1
ENSG00000185437	SH3BGR	6450	SH3 domain binding glutamate rich protein
ENSG00000185442	FAM174B	400451	family with sequence similarity 174 member B
ENSG00000185453	ZSWIM9	374920	zinc finger SWIM-type containing 9
ENSG00000185475	TMEM179B	374395	transmembrane protein 179B
ENSG00000185477	GPRIN3	285513	GPRIN family member 3
ENSG00000185480	PARPBP	55010	PARP1 binding protein
ENSG00000185483	ROR1	4919	receptor tyrosine kinase like orphan receptor 1
ENSG00000185499	MUC1	4582	mucin 1, cell surface associated
ENSG00000185504	FAAP100	80233	FA core complex associated protein 100
ENSG00000185507	IRF7	3665	interferon regulatory factor 7
ENSG00000185513	L3MBTL1	26013	L3MBTL histone methyl-lysine binding protein 1
ENSG00000185515	BRCC3	79184	BRCA1/BRCA2-containing complex subunit 3
ENSG00000185519	FAM131C	348487	family with sequence similarity 131 member C
ENSG00000185522	LMNTD2	256329	lamin tail domain containing 2
ENSG00000185527	PDE6G	5148	phosphodiesterase 6G
ENSG00000185551	NR2F2	7026	nuclear receptor subfamily 2 group F member 2
ENSG00000185561	TLCD2	727910	TLC domain containing 2
ENSG00000185567	AHNAK2	113146	AHNAK nucleoprotein 2
ENSG00000185585	OLFML2A	169611	olfactomedin like 2A
ENSG00000185591	SP1	6667	Sp1 transcription factor
ENSG00000185608	MRPL40	64976	mitochondrial ribosomal protein L40
ENSG00000185619	PCGF3	10336	polycomb group ring finger 3
ENSG00000185621	LMLN	89782	leishmanolysin like peptidase
ENSG00000185624	P4HB	5034	prolyl 4-hydroxylase subunit beta
ENSG00000185627	PSMD13	5719	proteasome 26S subunit, non-ATPase 13
ENSG00000185630	PBX1	5087	PBX homeobox 1
ENSG00000185633	NDUFA4L2	56901	NDUFA4 mitochondrial complex associated like 2
ENSG00000185650	ZFP36L1	677	ZFP36 ring finger protein like 1
ENSG00000185651	UBE2L3	7332	ubiquitin conjugating enzyme E2 L3
ENSG00000185658	BRWD1	54014	bromodomain and WD repeat domain containing 1
ENSG00000185664	PMEL	6490	premelanosome protein
ENSG00000185670	ZBTB3	79842	zinc finger and BTB domain containing 3
ENSG00000185686	PRAME	23532	PRAME nuclear receptor transcriptional regulator
ENSG00000185697	MYBL1	4603	MYB proto-oncogene like 1
ENSG00000185710	SMG1P4	100507526	SMG1 pseudogene 4
ENSG00000185716	MOSMO	730094	modulator of smoothened
ENSG00000185721	DRG1	4733	developmentally regulated GTP binding protein 1
ENSG00000185722	ANKFY1	51479	ankyrin repeat and FYVE domain containing 1
ENSG00000185728	YTHDF3	253943	YTH N6-methyladenosine RNA binding protein F3
ENSG00000185730	ZNF696	79943	zinc finger protein 696
ENSG00000185745	IFIT1	3434	interferon induced protein with tetratricopeptide repeats 1
ENSG00000185753	CXorf38	159013	chromosome X open reading frame 38
ENSG00000185760	KCNQ5	56479	potassium voltage-gated channel subfamily Q member 5
ENSG00000185761	ADAMTSL5	339366	ADAMTS like 5
ENSG00000185787	MORF4L1	10933	mortality factor 4 like 1
ENSG00000185798	WDR53	348793	WD repeat domain 53
ENSG00000185800	DMWD	1762	DM1 locus, WD repeat containing
ENSG00000185803	SLC52A2	79581	solute carrier family 52 member 2
ENSG00000185808	PIGP	51227	phosphatidylinositol glycan anchor biosynthesis class P
ENSG00000185813	PCYT2	5833	phosphate cytidylyltransferase 2, ethanolamine
ENSG00000185818	NAT8L	339983	N-acetyltransferase 8 like
ENSG00000185825	BCAP31	10134	B cell receptor associated protein 31
ENSG00000185829	ARL17A	51326	ADP ribosylation factor like GTPase 17A
ENSG00000185838	GNB1L	54584	G protein subunit beta 1 like
ENSG00000185839	AK2P1	266920	adenylate kinase 2 pseudogene 1
ENSG00000185842	DNAH14	127602	dynein axonemal heavy chain 14
ENSG00000185862	EVI2B	2124	ecotropic viral integration site 2B
ENSG00000185864	NPIPB4	440345	nuclear pore complex interacting protein family member B4
ENSG00000185875	THNSL1	79896	threonine synthase like 1
ENSG00000185880	TRIM69	140691	tripartite motif containing 69
ENSG00000185883	ATP6V0C	527	ATPase H+ transporting V0 subunit c
ENSG00000185885	IFITM1	8519	interferon induced transmembrane protein 1
ENSG00000185896	LAMP1	3916	lysosomal associated membrane protein 1
ENSG00000185900	POMK	84197	protein O-mannose kinase
ENSG00000185909	KLHDC8B	200942	kelch domain containing 8B
ENSG00000185917	SETD4	54093	SET domain containing 4
ENSG00000185920	PTCH1	5727	patched 1
ENSG00000185924	RTN4RL1	146760	reticulon 4 receptor like 1
ENSG00000185946	RNPC3	55599	RNA binding region (RNP1, RRM) containing 3
ENSG00000185947	ZNF267	10308	zinc finger protein 267
ENSG00000185950	IRS2	8660	insulin receptor substrate 2
ENSG00000185963	BICD2	23299	BICD cargo adaptor 2
ENSG00000185973	TMLHE	55217	trimethyllysine hydroxylase, epsilon
ENSG00000185989	RASA3	22821	RAS p21 protein activator 3
ENSG00000186001	LRCH3	84859	leucine rich repeats and calponin homology domain containing 3
ENSG00000186010	NDUFA13	51079	NADH:ubiquinone oxidoreductase subunit A13
ENSG00000186017	ZNF566	84924	zinc finger protein 566
ENSG00000186019	ZNF225-AS1	100379224	ZNF225 and ZNF224 antisense RNA 1
ENSG00000186020	ZNF529	57711	zinc finger protein 529
ENSG00000186026	ZNF284	342909	zinc finger protein 284
ENSG00000186056	MATN1-AS1	100129196	MATN1 antisense RNA 1
ENSG00000186063	AIDA	64853	axin interactor, dorsalization associated
ENSG00000186073	CDIN1	84529	CDAN1 interacting nuclease 1
ENSG00000186088	GSAP	54103	gamma-secretase activating protein
ENSG00000186104	CYP2R1	120227	cytochrome P450 family 2 subfamily R member 1
ENSG00000186106	ANKRD46	157567	ankyrin repeat domain 46
ENSG00000186111	PIP5K1C	23396	phosphatidylinositol-4-phosphate 5-kinase type 1 gamma
ENSG00000186130	ZBTB6	10773	zinc finger and BTB domain containing 6
ENSG00000186132	C2orf76	130355	chromosome 2 open reading frame 76
ENSG00000186141	POLR3C	10623	RNA polymerase III subunit C
ENSG00000186153	WWOX	51741	WW domain containing oxidoreductase
ENSG00000186162	CIDECP1	152302	CIDEC pseudogene 1
ENSG00000186166	CENATAC	338657	centrosomal AT-AC splicing factor
ENSG00000186174	BCL9L	283149	BCL9 like
ENSG00000186184	POLR1D	51082	RNA polymerase I and III subunit D
ENSG00000186185	KIF18B	146909	kinesin family member 18B
ENSG00000186187	ZNRF1	84937	zinc and ring finger 1
ENSG00000186193	SAPCD2	89958	suppressor APC domain containing 2
ENSG00000186197	EDARADD	128178	EDAR associated via death domain
ENSG00000186198	SLC51B	123264	solute carrier family 51 subunit beta
ENSG00000186204	CYP4F12	66002	cytochrome P450 family 4 subfamily F member 12
ENSG00000186205	MTARC1	64757	mitochondrial amidoxime reducing component 1
ENSG00000186222	BLOC1S4	55330	biogenesis of lysosomal organelles complex 1 subunit 4
ENSG00000186230	ZNF749	388567	zinc finger protein 749
ENSG00000186260	MRTFB	57496	myocardin related transcription factor B
ENSG00000186272	ZNF17	7565	zinc finger protein 17
ENSG00000186283	TOR3A	64222	torsin family 3 member A
ENSG00000186297	GABRA5	2558	gamma-aminobutyric acid type A receptor subunit alpha5
ENSG00000186298	PPP1CC	5501	protein phosphatase 1 catalytic subunit gamma
ENSG00000186300	ZNF555	148254	zinc finger protein 555
ENSG00000186314	PRELID2	153768	PRELI domain containing 2
ENSG00000186318	BACE1	23621	beta-secretase 1
ENSG00000186350	RXRA	6256	retinoid X receptor alpha
ENSG00000186364	NUDT17	200035	nudix hydrolase 17
ENSG00000186376	ZNF75D	7626	zinc finger protein 75D
ENSG00000186395	KRT10	3858	keratin 10
ENSG00000186399	GOLGA8R	101059918	golgin A8 family member R
ENSG00000186416	NKRF	55922	NFKB repressing factor
ENSG00000186432	KPNA4	3840	karyopherin subunit alpha 4
ENSG00000186448	ZNF197	10168	zinc finger protein 197
ENSG00000186462	NAP1L2	4674	nucleosome assembly protein 1 like 2
ENSG00000186468	RPS23	6228	ribosomal protein S23
ENSG00000186469	GNG2	54331	G protein subunit gamma 2
ENSG00000186470	BTN3A2	11118	butyrophilin subfamily 3 member A2
ENSG00000186480	INSIG1	3638	insulin induced gene 1
ENSG00000186501	TMEM222	84065	transmembrane protein 222
ENSG00000186522	SEPTIN10	151011	septin 10
ENSG00000186523	FAM86B1	85002	family with sequence similarity 86 member B1
ENSG00000186529	CYP4F3	4051	cytochrome P450 family 4 subfamily F member 3
ENSG00000186532	SMYD4	114826	SET and MYND domain containing 4
ENSG00000186566	GPATCH8	23131	G-patch domain containing 8
ENSG00000186567	CEACAM19	56971	CEA cell adhesion molecule 19
ENSG00000186575	NF2	4771	NF2, moesin-ezrin-radixin like (MERLIN) tumor suppressor
ENSG00000186577	SMIM29	221491	small integral membrane protein 29
ENSG00000186591	UBE2H	7328	ubiquitin conjugating enzyme E2 H
ENSG00000186594	MIR22HG	84981	MIR22 host gene
ENSG00000186615	KTN1-AS1	100129075	KTN1 antisense RNA 1
ENSG00000186625	KATNA1	11104	katanin catalytic subunit A1
ENSG00000186635	ARAP1	116985	ArfGAP with RhoGAP domain, ankyrin repeat and PH domain 1
ENSG00000186638	KIF24	347240	kinesin family member 24
ENSG00000186642	PDE2A	5138	phosphodiesterase 2A
ENSG00000186654	PRR5	55615	proline rich 5
ENSG00000186660	ZFP91	80829	ZFP91 zinc finger protein, atypical E3 ubiquitin ligase
ENSG00000186665	C17orf58	284018	chromosome 17 open reading frame 58
ENSG00000186666	BCDIN3D	144233	BCDIN3 domain containing RNA methyltransferase
ENSG00000186687	LYRM7	90624	LYR motif containing 7
ENSG00000186715	MST1L	11223	macrophage stimulating 1 like (pseudogene)
ENSG00000186716	BCR	613	BCR activator of RhoGEF and GTPase
ENSG00000186765	FSCN2	25794	fascin actin-bundling protein 2, retinal
ENSG00000186767	SPIN4	139886	spindlin family member 4
ENSG00000186787	SPIN2B	474343	spindlin family member 2B
ENSG00000186792	HYAL3	8372	hyaluronidase 3
ENSG00000186806	VSIG10L	147645	V-set and immunoglobulin domain containing 10 like
ENSG00000186812	ZNF397	84307	zinc finger protein 397
ENSG00000186814	ZSCAN30	100101467	zinc finger and SCAN domain containing 30
ENSG00000186815	TPCN1	53373	two pore segment channel 1
ENSG00000186834	HEXIM1	10614	HEXIM P-TEFb complex subunit 1
ENSG00000186854	TRABD2A	129293	TraB domain containing 2A
ENSG00000186866	POFUT2	23275	protein O-fucosyltransferase 2
ENSG00000186868	MAPT	4137	microtubule associated protein tau
ENSG00000186871	ERCC6L	54821	ERCC excision repair 6 like, spindle assembly checkpoint helicase
ENSG00000186889	TMEM17	200728	transmembrane protein 17
ENSG00000186897	C1QL4	338761	complement C1q like 4
ENSG00000186907	RTN4RL2	349667	reticulon 4 receptor like 2
ENSG00000186908	ZDHHC17	23390	zinc finger DHHC-type palmitoyltransferase 17
ENSG00000186918	ZNF395	55893	zinc finger protein 395
ENSG00000186951	PPARA	5465	peroxisome proliferator activated receptor alpha
ENSG00000186960	LINC01551	387978	long intergenic non-protein coding RNA 1551
ENSG00000186994	KANK3	256949	KN motif and ankyrin repeat domains 3
ENSG00000187024	PTRH1	138428	peptidyl-tRNA hydrolase 1 homolog
ENSG00000187049	TMEM216	51259	transmembrane protein 216
ENSG00000187051	RPS19BP1	91582	ribosomal protein S19 binding protein 1
ENSG00000187079	TEAD1	7003	TEA domain transcription factor 1
ENSG00000187091	PLCD1	5333	phospholipase C delta 1
ENSG00000187097	ENTPD5	957	ectonucleoside triphosphate diphosphohydrolase 5 (inactive)
ENSG00000187098	MITF	4286	melanocyte inducing transcription factor
ENSG00000187109	NAP1L1	4673	nucleosome assembly protein 1 like 1
ENSG00000187118	CMC1	152100	C-X9-C motif containing 1
ENSG00000187134	AKR1C1	1645	aldo-keto reductase family 1 member C1
ENSG00000187147	RNF220	55182	ring finger protein 220
ENSG00000187164	SHTN1	57698	shootin 1
ENSG00000187185	LOC388282	388282	uncharacterized LOC388282
ENSG00000187186	LOC730098	730098	uncharacterized LOC730098
ENSG00000187187	ZNF546	339327	zinc finger protein 546
ENSG00000187189	TSPYL4	23270	TSPY like 4
ENSG00000187193	MT1X	4501	metallothionein 1X
ENSG00000187231	SESTD1	91404	SEC14 and spectrin domain containing 1
ENSG00000187239	FNBP1	23048	formin binding protein 1
ENSG00000187240	DYNC2H1	79659	dynein cytoplasmic 2 heavy chain 1
ENSG00000187243	MAGED4B	81557	MAGE family member D4B
ENSG00000187244	BCAM	4059	basal cell adhesion molecule (Lutheran blood group)
ENSG00000187257	RSBN1L	222194	round spermatid basic protein 1 like
ENSG00000187266	EPOR	2057	erythropoietin receptor
ENSG00000187288	CIDEC	63924	cell death inducing DFFA like effector c
ENSG00000187325	TAF9B	51616	TATA-box binding protein associated factor 9b
ENSG00000187446	CHP1	11261	calcineurin like EF-hand protein 1
ENSG00000187486	KCNJ11	3767	potassium inwardly rectifying channel subfamily J member 11
ENSG00000187498	COL4A1	1282	collagen type IV alpha 1 chain
ENSG00000187514	PTMA	5757	prothymosin alpha
ENSG00000187522	HSPA14	51182	heat shock protein family A (Hsp70) member 14
ENSG00000187531	SIRT7	51547	sirtuin 7
ENSG00000187535	IFT140	9742	intraflagellar transport 140
ENSG00000187546	AGMO	392636	alkylglycerol monooxygenase
ENSG00000187550	SBK2	646643	SH3 domain binding kinase family member 2
ENSG00000187555	USP7	7874	ubiquitin specific peptidase 7
ENSG00000187566	NHLRC1	378884	NHL repeat containing E3 ubiquitin protein ligase 1
ENSG00000187583	PLEKHN1	84069	pleckstrin homology domain containing N1
ENSG00000187601	MAGEH1	28986	MAGE family member H1
ENSG00000187605	TET3	200424	tet methylcytosine dioxygenase 3
ENSG00000187607	ZNF286A	57335	zinc finger protein 286A
ENSG00000187608	ISG15	9636	ISG15 ubiquitin like modifier
ENSG00000187609	EXD3	54932	exonuclease 3'-5' domain containing 3
ENSG00000187624	LIAT1	400566	ligand of ATE1
ENSG00000187630	DHRS4L2	317749	dehydrogenase/reductase 4 like 2
ENSG00000187634	SAMD11	148398	sterile alpha motif domain containing 11
ENSG00000187650	VMAC	400673	vimentin type intermediate filament associated coiled-coil protein
ENSG00000187676	B3GLCT	145173	beta 3-glucosyltransferase
ENSG00000187678	SPRY4	81848	sprouty RTK signaling antagonist 4
ENSG00000187699	C2orf88	84281	chromosome 2 open reading frame 88
ENSG00000187713	TMEM203	94107	transmembrane protein 203
ENSG00000187720	THSD4	79875	thrombospondin type 1 domain containing 4
ENSG00000187726	DNAJB13	374407	DnaJ heat shock protein family (Hsp40) member B13
ENSG00000187730	GABRD	2563	gamma-aminobutyric acid type A receptor subunit delta
ENSG00000187735	TCEA1	6917	transcription elongation factor A1
ENSG00000187736	NHEJ1	79840	non-homologous end joining factor 1
ENSG00000187741	FANCA	2175	FA complementation group A
ENSG00000187742	SECISBP2	79048	SECIS binding protein 2
ENSG00000187764	SEMA4D	10507	semaphorin 4D
ENSG00000187772	LIN28B	389421	lin-28 homolog B
ENSG00000187778	MCRS1	10445	microspherule protein 1
ENSG00000187790	FANCM	57697	FA complementation group M
ENSG00000187800	PEAR1	375033	platelet endothelial aggregation receptor 1
ENSG00000187801	ZFP69B	65243	ZFP69 zinc finger protein B
ENSG00000187824	TMEM220	388335	transmembrane protein 220
ENSG00000187837	H1-2	3006	H1.2 linker histone, cluster member
ENSG00000187838	PLSCR3	57048	phospholipid scramblase 3
ENSG00000187840	EIF4EBP1	1978	eukaryotic translation initiation factor 4E binding protein 1
ENSG00000187860	CCDC157	550631	coiled-coil domain containing 157
ENSG00000187866	PABIR1	116224	PP2A Aalpha (PPP2R1A) and B55A (PPP2R2A) interacting phosphatase regulator 1
ENSG00000187867	PALM3	342979	paralemmin 3
ENSG00000187951	LOC100288637	100288637	OTU deubiquitinase 7A pseudogene
ENSG00000187953	PMS2CL	441194	PMS2 C-terminal like (pseudogene)
ENSG00000187954	ZFTRAF1	50626	zinc finger TRAF-type containing 1
ENSG00000187957	DNER	92737	delta/notch like EGF repeat containing
ENSG00000187961	KLHL17	339451	kelch like family member 17
ENSG00000187994	RINL	126432	Ras and Rab interactor like
ENSG00000188004	SNHG28	284677	small nucleolar RNA host gene 28
ENSG00000188010	MORN2	729967	MORN repeat containing 2
ENSG00000188015	S100A3	6274	S100 calcium binding protein A3
ENSG00000188021	UBQLN2	29978	ubiquilin 2
ENSG00000188026	RILPL1	353116	Rab interacting lysosomal protein like 1
ENSG00000188042	ARL4C	10123	ADP ribosylation factor like GTPase 4C
ENSG00000188064	WNT7B	7477	Wnt family member 7B
ENSG00000188070	ZFTA	65998	zinc finger translocation associated
ENSG00000188092	GPR89B	51463	G protein-coupled receptor 89B
ENSG00000188112	C6orf132	647024	chromosome 6 open reading frame 132
ENSG00000188130	MAPK12	6300	mitogen-activated protein kinase 12
ENSG00000188153	COL4A5	1287	collagen type IV alpha 5 chain
ENSG00000188157	AGRN	375790	agrin
ENSG00000188158	NHS	4810	NHS actin remodeling regulator
ENSG00000188177	ZC3H6	376940	zinc finger CCCH-type containing 6
ENSG00000188186	LAMTOR4	389541	late endosomal/lysosomal adaptor, MAPK and MTOR activator 4
ENSG00000188191	PRKAR1B	5575	protein kinase cAMP-dependent type I regulatory subunit beta
ENSG00000188211	NCR3LG1	374383	natural killer cell cytotoxicity receptor 3 ligand 1
ENSG00000188215	DCUN1D3	123879	defective in cullin neddylation 1 domain containing 3
ENSG00000188229	TUBB4B	10383	tubulin beta 4B class IVb
ENSG00000188234	AGAP4	119016	ArfGAP with GTPase domain, ankyrin repeat and PH domain 4
ENSG00000188242	SLC9A3-OT1	25845	SLC9A3 3' UTR overlapping transcript 1
ENSG00000188243	COMMD6	170622	COMM domain containing 6
ENSG00000188266	HYKK	123688	hydroxylysine kinase
ENSG00000188283	ZNF383	163087	zinc finger protein 383
ENSG00000188290	HES4	57801	hes family bHLH transcription factor 4
ENSG00000188295	ZNF669	79862	zinc finger protein 669
ENSG00000188313	PLSCR1	5359	phospholipid scramblase 1
ENSG00000188315	C3orf62	375341	chromosome 3 open reading frame 62
ENSG00000188321	ZNF559	84527	zinc finger protein 559
ENSG00000188322	SBK1	388228	SH3 domain binding kinase 1
ENSG00000188342	GTF2F2	2963	general transcription factor IIF subunit 2
ENSG00000188343	CIBAR1	137392	CBY1 interacting BAR domain containing 1
ENSG00000188352	FOCAD	54914	focadhesin
ENSG00000188368	PRR19	284338	proline rich 19
ENSG00000188372	ZP3	7784	zona pellucida glycoprotein 3
ENSG00000188385	JAKMIP3	282973	Janus kinase and microtubule interacting protein 3
ENSG00000188388	GOLGA6L3P	100133220	golgin A6 family like 3, pseudogene
ENSG00000188419	CHM	1121	CHM Rab escort protein
ENSG00000188428	BLOC1S5	63915	biogenesis of lysosomal organelles complex 1 subunit 5
ENSG00000188483	IER5L	389792	immediate early response 5 like
ENSG00000188486	H2AX	3014	H2A.X variant histone
ENSG00000188493	ACTMAP	284325	actin maturation protease
ENSG00000188522	FAM83G	644815	family with sequence similarity 83 member G
ENSG00000188529	SRSF10	10772	serine and arginine rich splicing factor 10
ENSG00000188542	DUSP28	285193	dual specificity phosphatase 28
ENSG00000188549	CCDC9B	388115	coiled-coil domain containing 9B
ENSG00000188554	NBR1	4077	NBR1 autophagy cargo receptor
ENSG00000188559	RALGAPA2	57186	Ral GTPase activating protein catalytic subunit alpha 2
ENSG00000188566	NDOR1	27158	NADPH dependent diflavin oxidoreductase 1
ENSG00000188599	NPIPP1	100874381	nuclear pore complex interacting protein pseudogene 1
ENSG00000188603	CLN3	1201	CLN3 lysosomal/endosomal transmembrane protein, battenin
ENSG00000188610	FAM72B	653820	family with sequence similarity 72 member B
ENSG00000188612	SUMO2	6613	small ubiquitin like modifier 2
ENSG00000188613	NANOS1	340719	nanos C2HC-type zinc finger 1
ENSG00000188624	IGFL3	388555	IGF like family member 3
ENSG00000188636	RTL6	84247	retrotransposon Gag like 6
ENSG00000188641	DPYD	1806	dihydropyrimidine dehydrogenase
ENSG00000188643	S100A16	140576	S100 calcium binding protein A16
ENSG00000188647	PTAR1	375743	protein prenyltransferase alpha subunit repeat containing 1
ENSG00000188659	SAXO2	283726	stabilizer of axonemal microtubules 2
ENSG00000188677	PARVB	29780	parvin beta
ENSG00000188687	SLC4A5	57835	solute carrier family 4 member 5
ENSG00000188690	UROS	7390	uroporphyrinogen III synthase
ENSG00000188706	ZDHHC9	51114	zinc finger DHHC-type palmitoyltransferase 9
ENSG00000188725	SMIM15	643155	small integral membrane protein 15
ENSG00000188732	FAM221A	340277	family with sequence similarity 221 member A
ENSG00000188735	TMEM120B	144404	transmembrane protein 120B
ENSG00000188739	RBM34	23029	RNA binding motif protein 34
ENSG00000188747	NOXA1	10811	NADPH oxidase activator 1
ENSG00000188761	BCL2L15	440603	BCL2 like 15
ENSG00000188763	FZD9	8326	frizzled class receptor 9
ENSG00000188766	SPRED3	399473	sprouty related EVH1 domain containing 3
ENSG00000188785	ZNF548	147694	zinc finger protein 548
ENSG00000188786	MTF1	4520	metal regulatory transcription factor 1
ENSG00000188807	TMEM201	199953	transmembrane protein 201
ENSG00000188811	NHLRC3	387921	NHL repeat containing 3
ENSG00000188818	ZDHHC11	79844	zinc finger DHHC-type containing 11
ENSG00000188825	LINC00910	100130581	long intergenic non-protein coding RNA 910
ENSG00000188827	SLX4	84464	SLX4 structure-specific endonuclease subunit
ENSG00000188846	RPL14	9045	ribosomal protein L14
ENSG00000188856	RPSAP47	389672	ribosomal protein SA pseudogene 47
ENSG00000188878	FBF1	85302	Fas binding factor 1
ENSG00000188895	MSL1	339287	MSL complex subunit 1
ENSG00000188906	LRRK2	120892	leucine rich repeat kinase 2
ENSG00000188917	TRMT2B	79979	tRNA methyltransferase 2 homolog B
ENSG00000188931	CFAP126	257177	cilia and flagella associated protein 126
ENSG00000188938	FAM120AOS	158293	family with sequence similarity 120 member A opposite strand
ENSG00000188976	NOC2L	26155	NOC2 like nucleolar associated transcriptional repressor
ENSG00000188986	NELFB	25920	negative elongation factor complex member B
ENSG00000188994	ZNF292	23036	zinc finger protein 292
ENSG00000188997	KCTD21	283219	potassium channel tetramerization domain containing 21
ENSG00000189001	SBSN	374897	suprabasin
ENSG00000189007	ADAT2	134637	adenosine deaminase tRNA specific 2
ENSG00000189042	ZNF567	163081	zinc finger protein 567
ENSG00000189043	NDUFA4	4697	NDUFA4 mitochondrial complex associated
ENSG00000189046	ALKBH2	121642	alkB homolog 2, alpha-ketoglutarate dependent dioxygenase
ENSG00000189050	RNFT1	51136	ring finger protein, transmembrane 1
ENSG00000189058	APOD	347	apolipoprotein D
ENSG00000189060	H1-0	3005	H1.0 linker histone
ENSG00000189067	LITAF	9516	lipopolysaccharide induced TNF factor
ENSG00000189077	TMEM120A	83862	transmembrane protein 120A
ENSG00000189079	ARID2	196528	AT-rich interaction domain 2
ENSG00000189091	SF3B3	23450	splicing factor 3b subunit 3
ENSG00000189114	BLOC1S3	388552	biogenesis of lysosomal organelles complex 1 subunit 3
ENSG00000189120	SP6	80320	Sp6 transcription factor
ENSG00000189143	CLDN4	1364	claudin 4
ENSG00000189159	JPT1	51155	Jupiter microtubule associated homolog 1
ENSG00000189164	ZNF527	84503	zinc finger protein 527
ENSG00000189171	S100A13	6284	S100 calcium binding protein A13
ENSG00000189180	ZNF33A	7581	zinc finger protein 33A
ENSG00000189195	BTBD8	284697	BTB domain containing 8
ENSG00000189223	PAX8-AS1	654433	PAX8 antisense RNA 1
ENSG00000189227	C15orf61	145853	chromosome 15 open reading frame 61
ENSG00000189241	TSPYL1	7259	TSPY like 1
ENSG00000189266	PNRC2	55629	proline rich nuclear receptor coactivator 2
ENSG00000189283	FHIT	2272	fragile histidine triad diadenosine triphosphatase
ENSG00000189298	ZKSCAN3	80317	zinc finger with KRAB and SCAN domains 3
ENSG00000189306	RRP7A	27341	ribosomal RNA processing 7 homolog A
ENSG00000189308	LIN54	132660	lin-54 DREAM MuvB core complex component
ENSG00000189319	FAM53B	9679	family with sequence similarity 53 member B
ENSG00000189337	KAZN	23254	kazrin, periplakin interacting protein
ENSG00000189339	SLC35E2B	728661	solute carrier family 35 member E2B
ENSG00000189343	RPS2P46	125208	ribosomal protein S2 pseudogene 46
ENSG00000189362	NEMP2	100131211	nuclear envelope integral membrane protein 2
ENSG00000189369	GSPT2	23708	G1 to S phase transition 2
ENSG00000189376	C8orf76	84933	chromosome 8 open reading frame 76
ENSG00000189403	HMGB1	3146	high mobility group box 1
ENSG00000189410	SH2D5	400745	SH2 domain containing 5
ENSG00000189431	RASSF10	644943	Ras association domain family member 10
ENSG00000196072	BLOC1S2	282991	biogenesis of lysosomal organelles complex 1 subunit 2
ENSG00000196083	IL1RAP	3556	interleukin 1 receptor accessory protein
ENSG00000196110	ZNF699	374879	zinc finger protein 699
ENSG00000196116	TDRD7	23424	tudor domain containing 7
ENSG00000196118	CFAP119	90835	cilia and flagella associated protein 119
ENSG00000196123	MATCAP1	653319	microtubule associated tyrosine carboxypeptidase 1
ENSG00000196136	SERPINA3	12	serpin family A member 3
ENSG00000196139	AKR1C3	8644	aldo-keto reductase family 1 member C3
ENSG00000196141	SPATS2L	26010	spermatogenesis associated serine rich 2 like
ENSG00000196150	ZNF250	58500	zinc finger protein 250
ENSG00000196151	WDSUB1	151525	WD repeat, sterile alpha motif and U-box domain containing 1
ENSG00000196152	ZNF79	7633	zinc finger protein 79
ENSG00000196154	S100A4	6275	S100 calcium binding protein A4
ENSG00000196155	PLEKHG4	25894	pleckstrin homology and RhoGEF domain containing G4
ENSG00000196177	ACADSB	36	acyl-CoA dehydrogenase short/branched chain
ENSG00000196182	STK40	83931	serine/threonine kinase 40
ENSG00000196187	TMEM63A	9725	transmembrane protein 63A
ENSG00000196199	MPHOSPH8	54737	M-phase phosphoprotein 8
ENSG00000196204	RNF216P1	441191	ring finger protein 216 pseudogene 1
ENSG00000196208	GREB1	9687	growth regulating estrogen receptor binding 1
ENSG00000196214	ZNF766	90321	zinc finger protein 766
ENSG00000196227	FAM217B	63939	family with sequence similarity 217 member B
ENSG00000196230	TUBB	203068	tubulin beta class I
ENSG00000196233	LCOR	84458	ligand dependent nuclear receptor corepressor
ENSG00000196235	SUPT5H	6829	SPT5 homolog, DSIF elongation factor subunit
ENSG00000196236	XPNPEP3	63929	X-prolyl aminopeptidase 3
ENSG00000196262	PPIA	5478	peptidylprolyl isomerase A
ENSG00000196275	GTF2IRD2	84163	GTF2I repeat domain containing 2
ENSG00000196284	SUPT3H	8464	SPT3 homolog, SAGA and STAGA complex component
ENSG00000196290	NIF3L1	60491	NGG1 interacting factor 3 like 1
ENSG00000196296	ATP2A1	487	ATPase sarcoplasmic/endoplasmic reticulum Ca2+ transporting 1
ENSG00000196305	IARS1	3376	isoleucyl-tRNA synthetase 1
ENSG00000196313	POM121	9883	POM121 transmembrane nucleoporin
ENSG00000196323	ZBTB44	29068	zinc finger and BTB domain containing 44
ENSG00000196337	CGB7	94027	chorionic gonadotropin subunit beta 7
ENSG00000196338	NLGN3	54413	neuroligin 3
ENSG00000196352	CD55	1604	CD55 molecule (Cromer blood group)
ENSG00000196353	CPNE4	131034	copine 4
ENSG00000196357	ZNF565	147929	zinc finger protein 565
ENSG00000196358	NTNG2	84628	netrin G2
ENSG00000196363	WDR5	11091	WD repeat domain 5
ENSG00000196365	LONP1	9361	lon peptidase 1, mitochondrial
ENSG00000196367	TRRAP	8295	transformation/transcription domain associated protein
ENSG00000196368	NUDT11	55190	nudix hydrolase 11
ENSG00000196369	SRGAP2B	647135	SLIT-ROBO Rho GTPase activating protein 2B
ENSG00000196372	ASB13	79754	ankyrin repeat and SOCS box containing 13
ENSG00000196378	ZNF34	80778	zinc finger protein 34
ENSG00000196387	ZNF140	7699	zinc finger protein 140
ENSG00000196388	INCA1	388324	inhibitor of CDK, cyclin A1 interacting protein 1
ENSG00000196391	ZNF774	342132	zinc finger protein 774
ENSG00000196396	PTPN1	5770	protein tyrosine phosphatase non-receptor type 1
ENSG00000196405	EVL	51466	Enah/Vasp-like
ENSG00000196411	EPHB4	2050	EPH receptor B4
ENSG00000196415	PRTN3	5657	proteinase 3
ENSG00000196417	ZNF765	91661	zinc finger protein 765
ENSG00000196418	ZNF124	7678	zinc finger protein 124
ENSG00000196419	XRCC6	2547	X-ray repair cross complementing 6
ENSG00000196422	PPP1R26	9858	protein phosphatase 1 regulatory subunit 26
ENSG00000196428	TSC22D2	9819	TSC22 domain family member 2
ENSG00000196436	NPIPB15	440348	nuclear pore complex interacting protein family member B15
ENSG00000196437	ZNF569	148266	zinc finger protein 569
ENSG00000196449	YRDC	79693	yrdC N6-threonylcarbamoyltransferase domain containing
ENSG00000196453	ZNF777	27153	zinc finger protein 777
ENSG00000196455	PIK3R4	30849	phosphoinositide-3-kinase regulatory subunit 4
ENSG00000196456	ZNF775	285971	zinc finger protein 775
ENSG00000196458	ZNF605	100289635	zinc finger protein 605
ENSG00000196459	TRAPPC2	6399	trafficking protein particle complex subunit 2
ENSG00000196465	MYL6B	140465	myosin light chain 6B
ENSG00000196470	SIAH1	6477	siah E3 ubiquitin protein ligase 1
ENSG00000196476	C20orf96	140680	chromosome 20 open reading frame 96
ENSG00000196497	IPO4	79711	importin 4
ENSG00000196498	NCOR2	9612	nuclear receptor corepressor 2
ENSG00000196502	SULT1A1	6817	sulfotransferase family 1A member 1
ENSG00000196504	PRPF40A	55660	pre-mRNA processing factor 40 homolog A
ENSG00000196505	GDAP2	54834	ganglioside induced differentiation associated protein 2
ENSG00000196507	TCEAL3	85012	transcription elongation factor A like 3
ENSG00000196510	ANAPC7	51434	anaphase promoting complex subunit 7
ENSG00000196511	TPK1	27010	thiamin pyrophosphokinase 1
ENSG00000196517	SLC6A9	6536	solute carrier family 6 member 9
ENSG00000196526	AFAP1	60312	actin filament associated protein 1
ENSG00000196531	NACA	4666	nascent polypeptide associated complex subunit alpha
ENSG00000196535	MYO18A	399687	myosin XVIIIA
ENSG00000196544	BORCS6	54785	BLOC-1 related complex subunit 6
ENSG00000196547	MAN2A2	4122	mannosidase alpha class 2A member 2
ENSG00000196550	FAM72A	729533	family with sequence similarity 72 member A
ENSG00000196557	CACNA1H	8912	calcium voltage-gated channel subunit alpha1 H
ENSG00000196562	SULF2	55959	sulfatase 2
ENSG00000196576	PLXNB2	23654	plexin B2
ENSG00000196584	XRCC2	7516	X-ray repair cross complementing 2
ENSG00000196586	MYO6	4646	myosin VI
ENSG00000196588	MRTFA	57591	myocardin related transcription factor A
ENSG00000196591	HDAC2	3066	histone deacetylase 2
ENSG00000196636	SDHAF3	57001	succinate dehydrogenase complex assembly factor 3
ENSG00000196639	HRH1	3269	histamine receptor H1
ENSG00000196642	RABL6	55684	RAB, member RAS oncogene family like 6
ENSG00000196652	ZKSCAN5	23660	zinc finger with KRAB and SCAN domains 5
ENSG00000196653	ZNF502	91392	zinc finger protein 502
ENSG00000196655	TRAPPC4	51399	trafficking protein particle complex subunit 4
ENSG00000196659	IFT70B	150737	intraflagellar transport 70B
ENSG00000196663	TECPR2	9895	tectonin beta-propeller repeat containing 2
ENSG00000196668	LINC00173	100287569	long intergenic non-protein coding RNA 173
ENSG00000196670	ZFP62	643836	ZFP62 zinc finger protein
ENSG00000196678	ERI2	112479	ERI1 exoribonuclease family member 2
ENSG00000196683	TOMM7	54543	translocase of outer mitochondrial membrane 7
ENSG00000196689	TRPV1	7442	transient receptor potential cation channel subfamily V member 1
ENSG00000196693	ZNF33B	7582	zinc finger protein 33B
ENSG00000196696	PDXDC2P-NPIPB14P	283970	PDXDC2P-NPIPB14P readthrough, transcribed pseudogene
ENSG00000196700	ZNF512B	57473	zinc finger protein 512B
ENSG00000196704	AMZ2	51321	archaelysin family metallopeptidase 2
ENSG00000196705	ZNF431	170959	zinc finger protein 431
ENSG00000196712	NF1	4763	neurofibromin 1
ENSG00000196715	VKORC1L1	154807	vitamin K epoxide reductase complex subunit 1 like 1
ENSG00000196730	DAPK1	1612	death associated protein kinase 1
ENSG00000196739	COL27A1	85301	collagen type XXVII alpha 1 chain
ENSG00000196743	GM2A	2760	ganglioside GM2 activator
ENSG00000196747	H2AC13	8329	H2A clustered histone 13
ENSG00000196748	CLPSL2	389383	colipase like 2
ENSG00000196754	S100A2	6273	S100 calcium binding protein A2
ENSG00000196756	SNHG17	388796	small nucleolar RNA host gene 17
ENSG00000196776	CD47	961	CD47 molecule
ENSG00000196781	TLE1	7088	TLE family member 1, transcriptional corepressor
ENSG00000196782	MAML3	55534	mastermind like transcriptional coactivator 3
ENSG00000196787	H2AC11	8969	H2A clustered histone 11
ENSG00000196792	STRN3	29966	striatin 3
ENSG00000196793	ZNF239	8187	zinc finger protein 239
ENSG00000196810	CTBP1-DT	92070	CTBP1 divergent transcript
ENSG00000196812	ZSCAN16	80345	zinc finger and SCAN domain containing 16
ENSG00000196814	MVB12B	89853	multivesicular body subunit 12B
ENSG00000196821	ILRUN	64771	inflammation and lipid regulator with UBA-like and NBR1-like domains
ENSG00000196839	ADA	100	adenosine deaminase
ENSG00000196843	ARID5A	10865	AT-rich interaction domain 5A
ENSG00000196850	PPTC7	160760	protein phosphatase targeting COQ7
ENSG00000196862	RGPD4	285190	RANBP2 like and GRIP domain containing 4
ENSG00000196865	NHLRC2	374354	NHL repeat containing 2
ENSG00000196867	ZFP28	140612	ZFP28 zinc finger protein
ENSG00000196873	ZNG1C	445571	Zn regulated GTPase metalloprotein activator 1C
ENSG00000196876	SCN8A	6334	sodium voltage-gated channel alpha subunit 8
ENSG00000196878	LAMB3	3914	laminin subunit beta 3
ENSG00000196911	KPNA5	3841	karyopherin subunit alpha 5
ENSG00000196912	ANKRD36B	57730	ankyrin repeat domain 36B
ENSG00000196914	ARHGEF12	23365	Rho guanine nucleotide exchange factor 12
ENSG00000196923	PDLIM7	9260	PDZ and LIM domain 7
ENSG00000196924	FLNA	2316	filamin A
ENSG00000196935	SRGAP1	57522	SLIT-ROBO Rho GTPase activating protein 1
ENSG00000196937	FAM3C	10447	FAM3 metabolism regulating signaling molecule C
ENSG00000196943	NOP9	161424	NOP9 nucleolar protein
ENSG00000196950	SLC39A10	57181	solute carrier family 39 member 10
ENSG00000196951	SCOC-AS1	100129858	SCOC antisense RNA 1
ENSG00000196954	CASP4	837	caspase 4
ENSG00000196961	AP2A1	160	adaptor related protein complex 2 subunit alpha 1
ENSG00000196967	ZNF585A	199704	zinc finger protein 585A
ENSG00000196968	FUT11	170384	fucosyltransferase 11
ENSG00000196975	ANXA4	307	annexin A4
ENSG00000196976	LAGE3	8270	L antigen family member 3
ENSG00000196981	WDR5B	54554	WD repeat domain 5B
ENSG00000196993	NPIPB9	100507607	nuclear pore complex interacting protein family member B9
ENSG00000196998	WDR45	11152	WD repeat domain 45
ENSG00000197006	METTL9	51108	methyltransferase 9, His-X-His N1(pi)-histidine
ENSG00000197008	ZNF138	7697	zinc finger protein 138
ENSG00000197016	ZNF470	388566	zinc finger protein 470
ENSG00000197019	SERTAD1	29950	SERTA domain containing 1
ENSG00000197021	EOLA2	541578	endothelium and lymphocyte associated ASCH domain 2
ENSG00000197024	ZNF398	57541	zinc finger protein 398
ENSG00000197037	ZSCAN25	221785	zinc finger and SCAN domain containing 25
ENSG00000197043	ANXA6	309	annexin A6
ENSG00000197045	GMFB	2764	glia maturation factor beta
ENSG00000197056	ZMYM1	79830	zinc finger MYM-type containing 1
ENSG00000197062	ZSCAN26	7741	zinc finger and SCAN domain containing 26
ENSG00000197063	MAFG	4097	MAF bZIP transcription factor G
ENSG00000197070	ARRDC1	92714	arrestin domain containing 1
ENSG00000197077	KIAA1671	85379	KIAA1671
ENSG00000197081	IGF2R	3482	insulin like growth factor 2 receptor
ENSG00000197102	DYNC1H1	1778	dynein cytoplasmic 1 heavy chain 1
ENSG00000197106	SLC6A17	388662	solute carrier family 6 member 17
ENSG00000197111	PCBP2	5094	poly(rC) binding protein 2
ENSG00000197114	ZGPAT	84619	zinc finger CCCH-type and G-patch domain containing
ENSG00000197119	SLC25A29	123096	solute carrier family 25 member 29
ENSG00000197121	PGAP1	80055	post-GPI attachment to proteins inositol deacylase 1
ENSG00000197122	SRC	6714	SRC proto-oncogene, non-receptor tyrosine kinase
ENSG00000197136	PCNX3	399909	pecanex 3
ENSG00000197147	LRRC8B	23507	leucine rich repeat containing 8 VRAC subunit B
ENSG00000197150	ABCB8	11194	ATP binding cassette subfamily B member 8
ENSG00000197157	SND1	27044	staphylococcal nuclease and tudor domain containing 1
ENSG00000197170	PSMD12	5718	proteasome 26S subunit, non-ATPase 12
ENSG00000197172	MAGEA6	4105	MAGE family member A6
ENSG00000197180	ATP6AP1-DT	158960	ATP6AP1 divergent transcript
ENSG00000197182	MIRLET7BHG	400931	MIRLET7B host gene
ENSG00000197183	NOL4L	140688	nucleolar protein 4 like
ENSG00000197191	CYSRT1	375791	cysteine rich tail 1
ENSG00000197208	SLC22A4	6583	solute carrier family 22 member 4
ENSG00000197217	ENTPD4	9583	ectonucleoside triphosphate diphosphohydrolase 4
ENSG00000197223	C1D	10438	C1D nuclear receptor corepressor
ENSG00000197226	TBC1D9B	23061	TBC1 domain family member 9B
ENSG00000197238	H4C11	8363	H4 clustered histone 11
ENSG00000197249	SERPINA1	5265	serpin family A member 1
ENSG00000197256	KANK2	25959	KN motif and ankyrin repeat domains 2
ENSG00000197261	C6orf141	135398	chromosome 6 open reading frame 141
ENSG00000197265	GTF2E2	2961	general transcription factor IIE subunit 2
ENSG00000197275	RAD54B	25788	RAD54 homolog B
ENSG00000197283	SYNGAP1	8831	synaptic Ras GTPase activating protein 1
ENSG00000197296	FITM2	128486	fat storage inducing transmembrane protein 2
ENSG00000197299	BLM	641	BLM RecQ like helicase
ENSG00000197302	KRBOX5	124411	KRAB box domain containing 5
ENSG00000197312	DDI2	84301	DNA damage inducible 1 homolog 2
ENSG00000197321	SVIL	6840	supervillin
ENSG00000197323	TRIM33	51592	tripartite motif containing 33
ENSG00000197324	LRP10	26020	LDL receptor related protein 10
ENSG00000197329	PELI1	57162	pellino E3 ubiquitin protein ligase 1
ENSG00000197343	ZNF655	79027	zinc finger protein 655
ENSG00000197345	MRPL21	219927	mitochondrial ribosomal protein L21
ENSG00000197355	UAP1L1	91373	UDP-N-acetylglucosamine pyrophosphorylase 1 like 1
ENSG00000197362	ZNF786	136051	zinc finger protein 786
ENSG00000197363	ZNF517	340385	zinc finger protein 517
ENSG00000197372	ZNF675	171392	zinc finger protein 675
ENSG00000197375	SLC22A5	6584	solute carrier family 22 member 5
ENSG00000197381	ADARB1	104	adenosine deaminase RNA specific B1
ENSG00000197386	HTT	3064	huntingtin
ENSG00000197405	C5AR1	728	complement C5a receptor 1
ENSG00000197417	SHPK	23729	sedoheptulokinase
ENSG00000197429	IPP	3652	intracisternal A particle-promoted polypeptide
ENSG00000197442	MAP3K5	4217	mitogen-activated protein kinase kinase kinase 5
ENSG00000197448	GSTK1	373156	glutathione S-transferase kappa 1
ENSG00000197451	HNRNPAB	3182	heterogeneous nuclear ribonucleoprotein A/B
ENSG00000197457	STMN3	50861	stathmin 3
ENSG00000197461	PDGFA	5154	platelet derived growth factor subunit A
ENSG00000197483	ZNF628	89887	zinc finger protein 628
ENSG00000197498	RPF2	84154	ribosome production factor 2 homolog
ENSG00000197530	MIB2	142678	MIB E3 ubiquitin protein ligase 2
ENSG00000197535	MYO5A	4644	myosin VA
ENSG00000197548	ATG7	10533	autophagy related 7
ENSG00000197555	SIPA1L1	26037	signal induced proliferation associated 1 like 1
ENSG00000197557	IFT70A	92104	intraflagellar transport 70A
ENSG00000197562	RAB40C	57799	RAB40C, member RAS oncogene family
ENSG00000197563	PIGN	23556	phosphatidylinositol glycan anchor biosynthesis class N
ENSG00000197565	COL4A6	1288	collagen type IV alpha 6 chain
ENSG00000197566	ZNF624	57547	zinc finger protein 624
ENSG00000197568	ANKRD13C-DT	11147	ANKRD13C divergent transcript
ENSG00000197576	HOXA4	3201	homeobox A4
ENSG00000197579	TOPORS	10210	TOP1 binding arginine/serine rich protein, E3 ubiquitin ligase
ENSG00000197580	BCO2	83875	beta-carotene oxygenase 2
ENSG00000197586	ENTPD6	955	ectonucleoside triphosphate diphosphohydrolase 6
ENSG00000197594	ENPP1	5167	ectonucleotide pyrophosphatase/phosphodiesterase 1
ENSG00000197601	FAR1	84188	fatty acyl-CoA reductase 1
ENSG00000197603	CPLANE1	65250	ciliogenesis and planar polarity effector complex subunit 1
ENSG00000197608	ZNF841	284371	zinc finger protein 841
ENSG00000197619	ZNF615	284370	zinc finger protein 615
ENSG00000197620	EOLA1	91966	endothelium and lymphocyte associated ASCH domain 1
ENSG00000197622	CDC42SE1	56882	CDC42 small effector 1
ENSG00000197694	SPTAN1	6709	spectrin alpha, non-erythrocytic 1
ENSG00000197696	NMB	4828	neuromedin B
ENSG00000197702	PARVA	55742	parvin alpha
ENSG00000197712	FAM114A1	92689	family with sequence similarity 114 member A1
ENSG00000197713	RPE	6120	ribulose-5-phosphate-3-epimerase
ENSG00000197724	PHF2	5253	PHD finger protein 2
ENSG00000197728	RPS26	6231	ribosomal protein S26
ENSG00000197746	PSAP	5660	prosaposin
ENSG00000197747	S100A10	6281	S100 calcium binding protein A10
ENSG00000197756	RPL37A	6168	ribosomal protein L37a
ENSG00000197757	HOXC6	3223	homeobox C6
ENSG00000197763	TXNRD3	114112	thioredoxin reductase 3
ENSG00000197766	CFD	1675	complement factor D
ENSG00000197769	MAP1LC3C	440738	microtubule associated protein 1 light chain 3 gamma
ENSG00000197771	MCMBP	79892	minichromosome maintenance complex binding protein
ENSG00000197774	EME2	197342	essential meiotic structure-specific endonuclease subunit 2
ENSG00000197776	KLHDC1	122773	kelch domain containing 1
ENSG00000197779	ZNF81	347344	zinc finger protein 81
ENSG00000197780	TAF13	6884	TATA-box binding protein associated factor 13
ENSG00000197782	ZNF780A	284323	zinc finger protein 780A
ENSG00000197785	ATAD3A	55210	ATPase family AAA domain containing 3A
ENSG00000197798	FAM118B	79607	family with sequence similarity 118 member B
ENSG00000197808	ZNF461	92283	zinc finger protein 461
ENSG00000197818	SLC9A8	23315	solute carrier family 9 member A8
ENSG00000197822	OCLN	100506658	occludin
ENSG00000197837	H4C16	121504	H4 histone 16
ENSG00000197841	ZNF181	339318	zinc finger protein 181
ENSG00000197852	INKA2	55924	inka box actin regulator 2
ENSG00000197858	GPAA1	8733	glycosylphosphatidylinositol anchor attachment 1
ENSG00000197860	SGTB	54557	small glutamine rich tetratricopeptide repeat co-chaperone beta
ENSG00000197879	MYO1C	4641	myosin IC
ENSG00000197885	NKIRAS1	28512	NFKB inhibitor interacting Ras like 1
ENSG00000197892	KIF13B	23303	kinesin family member 13B
ENSG00000197894	ADH5	128	alcohol dehydrogenase 5 (class III), chi polypeptide
ENSG00000197903	H2BC12	85236	H2B clustered histone 12
ENSG00000197905	TEAD4	7004	TEA domain transcription factor 4
ENSG00000197912	SPG7	6687	SPG7 matrix AAA peptidase subunit, paraplegin
ENSG00000197930	ERO1A	30001	endoplasmic reticulum oxidoreductase 1 alpha
ENSG00000197933	ZNF823	55552	zinc finger protein 823
ENSG00000197943	PLCG2	5336	phospholipase C gamma 2
ENSG00000197948	FCHSD1	89848	FCH and double SH3 domains 1
ENSG00000197951	ZNF71	58491	zinc finger protein 71
ENSG00000197956	S100A6	6277	S100 calcium binding protein A6
ENSG00000197958	RPL12	6136	ribosomal protein L12
ENSG00000197961	ZNF121	7675	zinc finger protein 121
ENSG00000197965	MPZL1	9019	myelin protein zero like 1
ENSG00000197969	VPS13A	23230	vacuolar protein sorting 13 homolog A
ENSG00000197971	MBP	4155	myelin basic protein
ENSG00000197976	AKAP17A	8227	A-kinase anchoring protein 17A
ENSG00000197977	ELOVL2	54898	ELOVL fatty acid elongase 2
ENSG00000197978	GOLGA6L9	440295	golgin A6 family like 9
ENSG00000197982	C1orf122	127687	chromosome 1 open reading frame 122
ENSG00000197989	SNHG12	85028	small nucleolar RNA host gene 12
ENSG00000198000	NOL8	55035	nucleolar protein 8
ENSG00000198001	IRAK4	51135	interleukin 1 receptor associated kinase 4
ENSG00000198015	MRPL42	28977	mitochondrial ribosomal protein L42
ENSG00000198018	ENTPD7	57089	ectonucleoside triphosphate diphosphohydrolase 7
ENSG00000198026	ZNF335	63925	zinc finger protein 335
ENSG00000198034	RPS4X	6191	ribosomal protein S4 X-linked
ENSG00000198040	ZNF84	7637	zinc finger protein 84
ENSG00000198042	MAK16	84549	MAK16 homolog
ENSG00000198053	SIRPA	140885	signal regulatory protein alpha
ENSG00000198055	GRK6	2870	G protein-coupled receptor kinase 6
ENSG00000198056	PRIM1	5557	DNA primase subunit 1
ENSG00000198060	MARCHF5	54708	membrane associated ring-CH-type finger 5
ENSG00000198064	NPIPB13	613037	nuclear pore complex interacting protein family, member B13
ENSG00000198074	AKR1B10	57016	aldo-keto reductase family 1 member B10
ENSG00000198081	ZBTB14	7541	zinc finger and BTB domain containing 14
ENSG00000198087	CD2AP	23607	CD2 associated protein
ENSG00000198088	NUP62CL	54830	nucleoporin 62 C-terminal like
ENSG00000198089	SFI1	9814	SFI1 centrin binding protein
ENSG00000198105	ZNF248	57209	zinc finger protein 248
ENSG00000198113	TOR4A	54863	torsin family 4 member A
ENSG00000198121	LPAR1	1902	lysophosphatidic acid receptor 1
ENSG00000198125	MB	4151	myoglobin
ENSG00000198130	HIBCH	26275	3-hydroxyisobutyryl-CoA hydrolase
ENSG00000198131	ZNF544	27300	zinc finger protein 544
ENSG00000198142	SOWAHC	65124	sosondowah ankyrin repeat domain family member C
ENSG00000198146	ZNF770	54989	zinc finger protein 770
ENSG00000198156	NPIPB6	728741	nuclear pore complex interacting protein family member B6
ENSG00000198157	HMGN5	79366	high mobility group nucleosome binding domain 5
ENSG00000198160	MIER1	57708	MIER1 transcriptional regulator
ENSG00000198162	MAN1A2	10905	mannosidase alpha class 1A member 2
ENSG00000198168	SVIP	258010	small VCP interacting protein
ENSG00000198169	ZNF251	90987	zinc finger protein 251
ENSG00000198171	DDRGK1	65992	DDRGK domain containing 1
ENSG00000198176	TFDP1	7027	transcription factor Dp-1
ENSG00000198182	ZNF607	84775	zinc finger protein 607
ENSG00000198189	HSD17B11	51170	hydroxysteroid 17-beta dehydrogenase 11
ENSG00000198198	SZT2	23334	SZT2 subunit of KICSTOR complex
ENSG00000198203	SULT1C2	6819	sulfotransferase family 1C member 2
ENSG00000198205	ZXDA	7789	zinc finger X-linked duplicated A
ENSG00000198218	QRICH1	54870	glutamine rich 1
ENSG00000198223	CSF2RA	1438	colony stimulating factor 2 receptor subunit alpha
ENSG00000198225	FKBP1C	642489	FKBP prolyl isomerase family member 1C
ENSG00000198231	DDX42	11325	DEAD-box helicase 42
ENSG00000198242	RPL23A	6147	ribosomal protein L23a
ENSG00000198246	SLC29A3	55315	solute carrier family 29 member 3
ENSG00000198252	STYX	6815	serine/threonine/tyrosine interacting protein
ENSG00000198258	UBL5	59286	ubiquitin like 5
ENSG00000198265	HELZ	9931	helicase with zinc finger
ENSG00000198270	TMEM116	89894	transmembrane protein 116
ENSG00000198276	UCKL1	54963	uridine-cytidine kinase 1 like 1
ENSG00000198298	ZNF485	220992	zinc finger protein 485
ENSG00000198301	SDAD1	55153	SDA1 domain containing 1
ENSG00000198315	ZKSCAN8	7745	zinc finger with KRAB and SCAN domains 8
ENSG00000198324	PHETA1	144717	PH domain containing endocytic trafficking adaptor 1
ENSG00000198331	HYLS1	219844	HYLS1 centriolar and ciliogenesis associated
ENSG00000198353	HOXC4	3221	homeobox C4
ENSG00000198355	PIM3	415116	Pim-3 proto-oncogene, serine/threonine kinase
ENSG00000198356	GET3	439	guided entry of tail-anchored proteins factor 3, ATPase
ENSG00000198363	ASPH	444	aspartate beta-hydroxylase
ENSG00000198369	SPRED2	200734	sprouty related EVH1 domain containing 2
ENSG00000198373	WWP2	11060	WW domain containing E3 ubiquitin protein ligase 2
ENSG00000198380	GFPT1	2673	glutamine--fructose-6-phosphate transaminase 1
ENSG00000198382	UVRAG	7405	UV radiation resistance associated
ENSG00000198399	ITSN2	50618	intersectin 2
ENSG00000198408	OGA	10724	O-GlcNAcase
ENSG00000198417	MT1F	4494	metallothionein 1F
ENSG00000198420	TCAF1	9747	TRPM8 channel associated factor 1
ENSG00000198431	TXNRD1	7296	thioredoxin reductase 1
ENSG00000198435	NRARP	441478	NOTCH regulated ankyrin repeat protein
ENSG00000198455	ZXDB	158586	zinc finger X-linked duplicated B
ENSG00000198464	ZNF480	147657	zinc finger protein 480
ENSG00000198466	ZNF587	84914	zinc finger protein 587
ENSG00000198467	TPM2	7169	tropomyosin 2
ENSG00000198468	FLVCR1-DT	642946	FLVCR1 divergent transcript
ENSG00000198478	SH3BGRL2	83699	SH3 domain binding glutamate rich protein like 2
ENSG00000198492	YTHDF2	51441	YTH N6-methyladenosine RNA binding protein F2
ENSG00000198496	NBR2	10230	neighbor of BRCA1 lncRNA 2
ENSG00000198498	TMA16	55319	translation machinery associated 16 homolog
ENSG00000198513	ATL1	51062	atlastin GTPase 1
ENSG00000198517	MAFK	7975	MAF bZIP transcription factor K
ENSG00000198520	ARMH1	339541	armadillo like helical domain containing 1
ENSG00000198522	GPN1	11321	GPN-loop GTPase 1
ENSG00000198542	ITGBL1	9358	integrin subunit beta like 1
ENSG00000198546	ZNF511	118472	zinc finger protein 511
ENSG00000198551	ZNF627	199692	zinc finger protein 627
ENSG00000198554	WDHD1	11169	WD repeat and HMG-box DNA binding protein 1
ENSG00000198556	ZNF789	285989	zinc finger protein 789
ENSG00000198561	CTNND1	1500	catenin delta 1
ENSG00000198563	DDX39B	7919	DExD-box helicase 39B
ENSG00000198585	NUDT16	131870	nudix hydrolase 16
ENSG00000198586	TLK1	9874	tousled like kinase 1
ENSG00000198589	LRBA	987	LPS responsive beige-like anchor protein
ENSG00000198598	MMP17	4326	matrix metallopeptidase 17
ENSG00000198604	BAZ1A	11177	bromodomain adjacent to zinc finger domain 1A
ENSG00000198610	AKR1C4	1109	aldo-keto reductase family 1 member C4
ENSG00000198612	COPS8	10920	COP9 signalosome subunit 8
ENSG00000198624	CCDC69	26112	coiled-coil domain containing 69
ENSG00000198625	MDM4	4194	MDM4 regulator of p53
ENSG00000198642	KLHL9	55958	kelch like family member 9
ENSG00000198646	NCOA6	23054	nuclear receptor coactivator 6
ENSG00000198648	STK39	27347	serine/threonine kinase 39
ENSG00000198663	C6orf89	221477	chromosome 6 open reading frame 89
ENSG00000198668	CALM1	801	calmodulin 1
ENSG00000198677	SKIC3	9652	SKI3 subunit of superkiller complex
ENSG00000198680	TUSC1	286319	tumor suppressor candidate 1
ENSG00000198682	PAPSS2	9060	3'-phosphoadenosine 5'-phosphosulfate synthase 2
ENSG00000198689	SLC9A6	10479	solute carrier family 9 member A6
ENSG00000198690	FAN1	22909	FANCD2 and FANCI associated nuclease 1
ENSG00000198692	EIF1AY	9086	eukaryotic translation initiation factor 1A Y-linked
ENSG00000198700	IPO9	55705	importin 9
ENSG00000198707	CEP290	80184	centrosomal protein 290
ENSG00000198715	GLMP	112770	glycosylated lysosomal membrane protein
ENSG00000198718	TOGARAM1	23116	TOG array regulator of axonemal microtubules 1
ENSG00000198720	ANKRD13B	124930	ankyrin repeat domain 13B
ENSG00000198721	ECI2	10455	enoyl-CoA delta isomerase 2
ENSG00000198722	UNC13B	10497	unc-13 homolog B
ENSG00000198728	LDB1	8861	LIM domain binding 1
ENSG00000198730	CTR9	9646	CTR9 homolog, Paf1/RNA polymerase II complex component
ENSG00000198732	SMOC1	64093	SPARC related modular calcium binding 1
ENSG00000198736	MSRB1	51734	methionine sulfoxide reductase B1
ENSG00000198740	ZNF652	22834	zinc finger protein 652
ENSG00000198742	SMURF1	57154	SMAD specific E3 ubiquitin protein ligase 1
ENSG00000198743	SLC5A3	6526	solute carrier family 5 member 3
ENSG00000198744	MTCO3P12	107075270	MT-CO3 pseudogene 12
ENSG00000198746	GPATCH3	63906	G-patch domain containing 3
ENSG00000198752	CDC42BPB	9578	CDC42 binding protein kinase beta
ENSG00000198753	PLXNB3	5365	plexin B3
ENSG00000198755	RPL10A	4736	ribosomal protein L10a
ENSG00000198758	EPS8L3	79574	EPS8 like 3
ENSG00000198774	RASSF9	9182	Ras association domain family member 9
ENSG00000198780	FAM169A	26049	family with sequence similarity 169 member A
ENSG00000198783	ZNF830	91603	zinc finger protein 830
ENSG00000198791	CNOT7	29883	CCR4-NOT transcription complex subunit 7
ENSG00000198792	TMEM184B	25829	transmembrane protein 184B
ENSG00000198793	MTOR	2475	mechanistic target of rapamycin kinase
ENSG00000198794	SCAMP5	192683	secretory carrier membrane protein 5
ENSG00000198796	ALPK2	115701	alpha kinase 2
ENSG00000198799	LRIG2	9860	leucine rich repeats and immunoglobulin like domains 2
ENSG00000198805	PNP	4860	purine nucleoside phosphorylase
ENSG00000198807	PAX9	5083	paired box 9
ENSG00000198814	GK	2710	glycerol kinase
ENSG00000198815	FOXJ3	22887	forkhead box J3
ENSG00000198816	ZNF358	140467	zinc finger protein 358
ENSG00000198818	SFT2D1	113402	SFT2 domain containing 1
ENSG00000198821	CD247	919	CD247 molecule
ENSG00000198824	CHAMP1	283489	chromosome alignment maintaining phosphoprotein 1
ENSG00000198825	INPP5F	22876	inositol polyphosphate-5-phosphatase F
ENSG00000198826	ARHGAP11A	9824	Rho GTPase activating protein 11A
ENSG00000198829	SUCNR1	56670	succinate receptor 1
ENSG00000198830	HMGN2	3151	high mobility group nucleosomal binding domain 2
ENSG00000198832	SELENOM	140606	selenoprotein M
ENSG00000198833	UBE2J1	51465	ubiquitin conjugating enzyme E2 J1
ENSG00000198836	OPA1	4976	OPA1 mitochondrial dynamin like GTPase
ENSG00000198837	DENND4B	9909	DENN domain containing 4B
ENSG00000198839	ZNF277	11179	zinc finger protein 277
ENSG00000198841	KTI12	112970	KTI12 chromatin associated homolog
ENSG00000198843	SELENOT	51714	selenoprotein T
ENSG00000198848	CES1	1066	carboxylesterase 1
ENSG00000198853	RUSC2	9853	RUN and SH3 domain containing 2
ENSG00000198855	FICD	11153	FIC domain protein adenylyltransferase
ENSG00000198856	OSTC	58505	oligosaccharyltransferase complex non-catalytic subunit
ENSG00000198858	R3HDM4	91300	R3H domain containing 4
ENSG00000198860	TSEN15	116461	tRNA splicing endonuclease subunit 15
ENSG00000198862	LTN1	26046	listerin E3 ubiquitin protein ligase 1
ENSG00000198863	RUNDC1	146923	RUN domain containing 1
ENSG00000198868	MTND4LP30	107075244	MT-ND4L pseudogene 30
ENSG00000198873	GRK5	2869	G protein-coupled receptor kinase 5
ENSG00000198874	TYW1	55253	tRNA-yW synthesizing protein 1 homolog
ENSG00000198876	DCAF12	25853	DDB1 and CUL4 associated factor 12
ENSG00000198879	SFMBT2	57713	Scm like with four mbt domains 2
ENSG00000198887	SMC5	23137	structural maintenance of chromosomes 5
ENSG00000198892	SHISA4	149345	shisa family member 4
ENSG00000198894	CIPC	85457	CLOCK interacting pacemaker
ENSG00000198898	CAPZA2	830	capping actin protein of muscle Z-line subunit alpha 2
ENSG00000198900	TOP1	7150	DNA topoisomerase I
ENSG00000198901	PRC1	9055	protein regulator of cytokinesis 1
ENSG00000198908	GPRASP3	80823	G protein-coupled receptor associated sorting protein family member 3
ENSG00000198909	MAP3K3	4215	mitogen-activated protein kinase kinase kinase 3
ENSG00000198910	L1CAM	3897	L1 cell adhesion molecule
ENSG00000198911	SREBF2	6721	sterol regulatory element binding transcription factor 2
ENSG00000198912	C1orf174	339448	chromosome 1 open reading frame 174
ENSG00000198915	RASGEF1A	221002	RasGEF domain family member 1A
ENSG00000198917	SPOUT1	51490	SPOUT domain containing methyltransferase 1
ENSG00000198918	RPL39	6170	ribosomal protein L39
ENSG00000198919	DZIP3	9666	DAZ interacting zinc finger protein 3
ENSG00000198920	KIAA0753	9851	KIAA0753
ENSG00000198924	DCLRE1A	9937	DNA cross-link repair 1A
ENSG00000198925	ATG9A	79065	autophagy related 9A
ENSG00000198931	APRT	353	adenine phosphoribosyltransferase
ENSG00000198933	TBKBP1	9755	TBK1 binding protein 1
ENSG00000198934	MAGEE1	57692	MAGE family member E1
ENSG00000198937	CCDC167	154467	coiled-coil domain containing 167
ENSG00000198945	L3MBTL3	84456	L3MBTL histone methyl-lysine binding protein 3
ENSG00000198948	MFAP3L	9848	microfibril associated protein 3 like
ENSG00000198951	NAGA	4668	alpha-N-acetylgalactosaminidase
ENSG00000198952	SMG5	23381	SMG5 nonsense mediated mRNA decay factor
ENSG00000198954	KIFBP	26128	kinesin family binding protein
ENSG00000198959	TGM2	7052	transglutaminase 2
ENSG00000198960	ARMCX6	54470	armadillo repeat containing X-linked 6
ENSG00000198961	PJA2	9867	praja ring finger ubiquitin ligase 2
ENSG00000198964	SGMS1	259230	sphingomyelin synthase 1
ENSG00000199270	RNA5S12	100169763	RNA, 5S ribosomal 12
ENSG00000199293	SNORA21	619505	small nucleolar RNA, H/ACA box 21
ENSG00000199334	RNA5S11	100169762	RNA, 5S ribosomal 11
ENSG00000199337	RNA5S3	100169754	RNA, 5S ribosomal 3
ENSG00000199352	RNA5S1	100169751	RNA, 5S ribosomal 1
ENSG00000199396	RNA5S5	100169756	RNA, 5S ribosomal 5
ENSG00000199477	SNORA31	677814	small nucleolar RNA, H/ACA box 31
ENSG00000199562	RNU6-37P	106478920	RNA, U6 small nuclear 37, pseudogene
ENSG00000199785	SNORA52	619565	small nucleolar RNA, H/ACA box 52
ENSG00000199836	RNU1-47P	106480161	RNA, U1 small nuclear 47, pseudogene
ENSG00000199910	RNA5S10	100169761	RNA, 5S ribosomal 10
ENSG00000200087	SNORA73B	26768	small nucleolar RNA, H/ACA box 73B
ENSG00000200278	RNA5SP352	100873612	RNA, 5S ribosomal pseudogene 352
ENSG00000200320	SNORA63	6043	small nucleolar RNA, H/ACA box 63
ENSG00000200343	RNA5S8	100169759	RNA, 5S ribosomal 8
ENSG00000200370	RNA5S17	100169768	RNA, 5S ribosomal 17
ENSG00000200381	RNA5S4	100169755	RNA, 5S ribosomal 4
ENSG00000200418	SNORA63B	109617006	small nucleolar RNA, H/ACA box 63B
ENSG00000200534	SNORA33	594839	small nucleolar RNA, H/ACA box 33
ENSG00000200624	RNA5S6	100169757	RNA, 5S ribosomal 6
ENSG00000200693	LOC124903437	124903437	uncharacterized LOC124903437
ENSG00000200795	RNU4-1	26835	RNA, U4 small nuclear 1
ENSG00000200972	RNU5A-8P	100873838	RNA, U5A small nuclear 8, pseudogene
ENSG00000201104	RNU6-11P	106478915	RNA, U6 small nuclear 11, pseudogene
ENSG00000201129	SNORA58B	109617023	small nucleolar RNA, H/ACA box 58B
ENSG00000201185	RNA5SP202	100873463	RNA, 5S ribosomal pseudogene 202
ENSG00000201302	SNORA65	26783	small nucleolar RNA, H/ACA box 65
ENSG00000201355	RNA5S14	100169765	RNA, 5S ribosomal 14
ENSG00000201588	RNA5S2	100169753	RNA, 5S ribosomal 2
ENSG00000201643	SNORA14A	677801	small nucleolar RNA, H/ACA box 14A
ENSG00000201654	RNU6-7	101954275	RNA, U6 small nuclear 7
ENSG00000201772	SNORA5C	677796	small nucleolar RNA, H/ACA box 5C
ENSG00000201925	RNA5S15	100169766	RNA, 5S ribosomal 15
ENSG00000202000	RNU1-36P	106481783	RNA, U1 small nuclear 36, pseudogene
ENSG00000202257	RNA5S16	100169767	RNA, 5S ribosomal 16
ENSG00000202337	RNU6-8	101954278	RNA, U6 small nuclear 8
ENSG00000202363	SNORA62	6044	small nucleolar RNA, H/ACA box 62
ENSG00000202521	RNA5S7	100169758	RNA, 5S ribosomal 7
ENSG00000202526	RNA5S13	100169764	RNA, 5S ribosomal 13
ENSG00000202532	RNU6-395P	106479740	RNA, U6 small nuclear 395, pseudogene
ENSG00000203288	TDRKH-AS1	109729141	TDRKH antisense RNA 1
ENSG00000203485	INF2	64423	inverted formin 2
ENSG00000203499	IQANK1	642574	IQ motif and ankyrin repeat containing 1
ENSG00000203666	EFCAB2	84288	EF-hand calcium binding domain 2
ENSG00000203667	COX20	116228	cytochrome c oxidase assembly factor COX20
ENSG00000203668	CHML	1122	CHM like Rab escort protein
ENSG00000203705	TATDN3	128387	TatD DNase domain containing 3
ENSG00000203711	LINC02901	100130967	long intergenic non-protein coding RNA 2901
ENSG00000203721	LINC00862	554279	long intergenic non-protein coding RNA 862
ENSG00000203722	RAET1G	353091	retinoic acid early transcript 1G
ENSG00000203724	C1orf53	388722	chromosome 1 open reading frame 53
ENSG00000203727	SAMD5	389432	sterile alpha motif domain containing 5
ENSG00000203760	CENPW	387103	centromere protein W
ENSG00000203772	SPRN	503542	shadow of prion protein
ENSG00000203778	FAM229B	619208	family with sequence similarity 229 member B
ENSG00000203780	FANK1	92565	fibronectin type III and ankyrin repeat domains 1
ENSG00000203791	EEF1AKMT2	399818	EEF1A lysine methyltransferase 2
ENSG00000203814	H2BC18	440689	H2B clustered histone 18
ENSG00000203865	ATP1A1-AS1	84852	ATP1A1 antisense RNA 1
ENSG00000203867	RBM20	282996	RNA binding motif protein 20
ENSG00000203875	SNHG5	387066	small nucleolar RNA host gene 5
ENSG00000203879	GDI1	2664	GDP dissociation inhibitor 1
ENSG00000203880	PCMTD2	55251	protein-L-isoaspartate (D-aspartate) O-methyltransferase domain containing 2
ENSG00000203896	LIME1	54923	Lck interacting transmembrane adaptor 1
ENSG00000203930	LINC00632	286411	long intergenic non-protein coding RNA 632
ENSG00000203943	SAMD13	148418	sterile alpha motif domain containing 13
ENSG00000203950	RTL8A	26071	retrotransposon Gag like 8A
ENSG00000203965	EFCAB7	84455	EF-hand calcium binding domain 7
ENSG00000203993	ARRDC1-AS1	85026	ARRDC1 antisense RNA 1
ENSG00000203995	ZYG11A	440590	zyg-11 family member A, cell cycle regulator
ENSG00000203999	LINC01270	284751	long intergenic non-protein coding RNA 1270
ENSG00000204054	LOC124900275	124900275	extensin-like
ENSG00000204070	SYS1	90196	SYS1 golgi trafficking protein
ENSG00000204084	INPP5B	3633	inositol polyphosphate-5-phosphatase B
ENSG00000204104	TRAF3IP1	26146	TRAF3 interacting protein 1
ENSG00000204116	CHIC1	53344	cysteine rich hydrophobic domain 1
ENSG00000204120	GIGYF2	26058	GRB10 interacting GYF protein 2
ENSG00000204128	C2orf72	257407	chromosome 2 open reading frame 72
ENSG00000204130	RUFY2	55680	RUN and FYVE domain containing 2
ENSG00000204138	PHACTR4	65979	phosphatase and actin regulator 4
ENSG00000204147	ASAH2B	653308	N-acylsphingosine amidohydrolase 2B
ENSG00000204149	AGAP6	414189	ArfGAP with GTPase domain, ankyrin repeat and PH domain 6
ENSG00000204152	TIMM23B	100652748	translocase of inner mitochondrial membrane 23 homolog B
ENSG00000204160	ZDHHC18	84243	zinc finger DHHC-type palmitoyltransferase 18
ENSG00000204172	AGAP9	642517	ArfGAP with GTPase domain, ankyrin repeat and PH domain 9
ENSG00000204174	NPY4R	5540	neuropeptide Y receptor Y4
ENSG00000204175	GPRIN2	9721	G protein regulated inducer of neurite outgrowth 2
ENSG00000204176	SYT15	83849	synaptotagmin 15
ENSG00000204178	MACO1	55219	macoilin 1
ENSG00000204179	PTPN20	26095	protein tyrosine phosphatase non-receptor type 20
ENSG00000204186	ZDBF2	57683	zinc finger DBF-type containing 2
ENSG00000204209	DAXX	1616	death domain associated protein
ENSG00000204217	BMPR2	659	bone morphogenetic protein receptor type 2
ENSG00000204219	TCEA3	6920	transcription elongation factor A3
ENSG00000204220	PFDN6	10471	prefoldin subunit 6
ENSG00000204227	RING1	6015	ring finger protein 1
ENSG00000204228	HSD17B8	7923	hydroxysteroid 17-beta dehydrogenase 8
ENSG00000204231	RXRB	6257	retinoid X receptor beta
ENSG00000204237	OXLD1	339229	oxidoreductase like domain containing 1
ENSG00000204256	BRD2	6046	bromodomain containing 2
ENSG00000204257	HLA-DMA	3108	major histocompatibility complex, class II, DM alpha
ENSG00000204262	COL5A2	1290	collagen type V alpha 2 chain
ENSG00000204264	PSMB8	5696	proteasome 20S subunit beta 8
ENSG00000204267	TAP2	6891	transporter 2, ATP binding cassette subfamily B member
ENSG00000204271	SPIN3	169981	spindlin family member 3
ENSG00000204272	NBDY	550643	negative regulator of P-body association
ENSG00000204304	PBX2	5089	PBX homeobox 2
ENSG00000204305	AGER	177	advanced glycosylation end-product specific receptor
ENSG00000204308	RNF5	6048	ring finger protein 5
ENSG00000204310	AGPAT1	10554	1-acylglycerol-3-phosphate O-acyltransferase 1
ENSG00000204311	PJVK	494513	pejvakin
ENSG00000204314	PRRT1	80863	proline rich transmembrane protein 1
ENSG00000204315	FKBPL	63943	FKBP prolyl isomerase like
ENSG00000204316	MRPL38	64978	mitochondrial ribosomal protein L38
ENSG00000204344	STK19	8859	serine/threonine kinase 19
ENSG00000204348	DXO	1797	decapping exoribonuclease
ENSG00000204351	SKIC2	6499	SKI2 subunit of superkiller complex
ENSG00000204356	NELFE	7936	negative elongation factor complex member E
ENSG00000204366	ZBTB12	221527	zinc finger and BTB domain containing 12
ENSG00000204370	SDHD	6392	succinate dehydrogenase complex subunit D
ENSG00000204371	EHMT2	10919	euchromatic histone lysine methyltransferase 2
ENSG00000204379	XAGE1A	653220	X antigen family member 1A
ENSG00000204381	LAYN	143903	layilin
ENSG00000204382	XAGE1B	653067	X antigen family member 1B
ENSG00000204386	NEU1	4758	neuraminidase 1
ENSG00000204387	SNHG32	50854	small nucleolar RNA host gene 32
ENSG00000204388	HSPA1B	3304	heat shock protein family A (Hsp70) member 1B
ENSG00000204389	HSPA1A	3303	heat shock protein family A (Hsp70) member 1A
ENSG00000204390	HSPA1L	3305	heat shock protein family A (Hsp70) member 1 like
ENSG00000204392	LSM2	57819	LSM2 homolog, U6 small nuclear RNA and mRNA degradation associated
ENSG00000204394	VARS1	7407	valyl-tRNA synthetase 1
ENSG00000204396	VWA7	80737	von Willebrand factor A domain containing 7
ENSG00000204406	MBD5	55777	methyl-CpG binding domain protein 5
ENSG00000204410	MSH5	4439	mutS homolog 5
ENSG00000204427	ABHD16A	7920	abhydrolase domain containing 16A, phospholipase
ENSG00000204435	CSNK2B	1460	casein kinase 2 beta
ENSG00000204438	GPANK1	7918	G-patch domain and ankyrin repeats 1
ENSG00000204439	C6orf47	57827	chromosome 6 open reading frame 47
ENSG00000204444	APOM	55937	apolipoprotein M
ENSG00000204463	BAG6	7917	BAG cochaperone 6
ENSG00000204469	PRRC2A	7916	proline rich coiled-coil 2A
ENSG00000204498	NFKBIL1	4795	NFKB inhibitor like 1
ENSG00000204514	ZNF814	730051	zinc finger protein 814
ENSG00000204516	MICB	4277	MHC class I polypeptide-related sequence B
ENSG00000204519	ZNF551	90233	zinc finger protein 551
ENSG00000204520	MICA	100507436	MHC class I polypeptide-related sequence A
ENSG00000204524	ZNF805	390980	zinc finger protein 805
ENSG00000204525	HLA-C	3107	major histocompatibility complex, class I, C
ENSG00000204531	POU5F1	5460	POU class 5 homeobox 1
ENSG00000204536	CCHCR1	54535	coiled-coil alpha-helical rod protein 1
ENSG00000204540	PSORS1C1	170679	psoriasis susceptibility 1 candidate 1
ENSG00000204560	DHX16	8449	DEAH-box helicase 16
ENSG00000204564	C6orf136	221545	chromosome 6 open reading frame 136
ENSG00000204568	MRPS18B	28973	mitochondrial ribosomal protein S18B
ENSG00000204569	PPP1R10	5514	protein phosphatase 1 regulatory subunit 10
ENSG00000204574	ABCF1	23	ATP binding cassette subfamily F member 1
ENSG00000204576	PRR3	80742	proline rich 3
ENSG00000204580	DDR1	780	discoidin domain receptor tyrosine kinase 1
ENSG00000204588	LINC01123	440894	long intergenic non-protein coding RNA 1123
ENSG00000204590	GNL1	2794	G protein nucleolar 1 (putative)
ENSG00000204592	HLA-E	3133	major histocompatibility complex, class I, E
ENSG00000204599	TRIM39	56658	tripartite motif containing 39
ENSG00000204611	ZNF616	90317	zinc finger protein 616
ENSG00000204616	TRIM31	11074	tripartite motif containing 31
ENSG00000204618	RNF39	80352	ring finger protein 39
ENSG00000204619	PPP1R11	6992	protein phosphatase 1 regulatory inhibitor subunit 11
ENSG00000204628	RACK1	10399	receptor for activated C kinase 1
ENSG00000204632	HLA-G	3135	major histocompatibility complex, class I, G
ENSG00000204634	TBC1D8	11138	TBC1 domain family member 8
ENSG00000204642	HLA-F	3134	major histocompatibility complex, class I, F
ENSG00000204673	AKT1S1	84335	AKT1 substrate 1
ENSG00000204681	GABBR1	2550	gamma-aminobutyric acid type B receptor subunit 1
ENSG00000204682	MIR1915HG	399726	MIR1915 host gene
ENSG00000204713	TRIM27	5987	tripartite motif containing 27
ENSG00000204745	LOC102724642	102724642	anaphase-promoting complex subunit 1-like
ENSG00000204758	RPL26L1-AS1	100268168	RPL26L1 antisense RNA 1
ENSG00000204764	RANBP17	64901	RAN binding protein 17
ENSG00000204778	ZNG1DP	653510	Zn regulated GTPase metalloprotein activator 1D, pseudogene
ENSG00000204790	LOC728877	728877	COBW domain containing 3 pseudogene
ENSG00000204802	FAM88C	102724238	family with sequence similarity 88 member C
ENSG00000204815	ODAD4	83538	outer dynein arm docking complex subunit 4
ENSG00000204822	MRPL53	116540	mitochondrial ribosomal protein L53
ENSG00000204839	MROH6	642475	maestro heat like repeat family member 6
ENSG00000204842	ATXN2	6311	ataxin 2
ENSG00000204843	DCTN1	1639	dynactin subunit 1
ENSG00000204852	TCTN1	79600	tectonic family member 1
ENSG00000204856	FAM216A	29902	family with sequence similarity 216 member A
ENSG00000204859	ZBTB48	3104	zinc finger and BTB domain containing 48
ENSG00000204869	IGFL4	444882	IGF like family member 4
ENSG00000204882	GPR20	2843	G protein-coupled receptor 20
ENSG00000204899	MZT1	440145	mitotic spindle organizing protein 1
ENSG00000204920	ZNF155	7711	zinc finger protein 155
ENSG00000204922	UQCC3	790955	ubiquinol-cytochrome c reductase complex assembly factor 3
ENSG00000204923	FBXO48	554251	F-box protein 48
ENSG00000204946	ZNF783	100289678	zinc finger protein 783
ENSG00000204947	ZNF425	155054	zinc finger protein 425
ENSG00000204954	UQCC6	728568	ubiquinol-cytochrome c reductase complex assembly factor 6
ENSG00000204967	PCDHA4	56144	protocadherin alpha 4
ENSG00000204977	TRIM13	10206	tripartite motif containing 13
ENSG00000204991	SPIRE2	84501	spire type actin nucleation factor 2
ENSG00000205060	SLC35B4	84912	solute carrier family 35 member B4
ENSG00000205078	SYCE1L	100130958	synaptonemal complex central element protein 1 like
ENSG00000205084	TMEM231	79583	transmembrane protein 231
ENSG00000205133	TRIQK	286144	triple QxxK/R motif containing
ENSG00000205138	SDHAF1	644096	succinate dehydrogenase complex assembly factor 1
ENSG00000205155	PSENEN	55851	presenilin enhancer, gamma-secretase subunit
ENSG00000205189	ZBTB10	65986	zinc finger and BTB domain containing 10
ENSG00000205208	C4orf46	201725	chromosome 4 open reading frame 46
ENSG00000205213	LGR4	55366	leucine rich repeat containing G protein-coupled receptor 4
ENSG00000205220	PSMB10	5699	proteasome 20S subunit beta 10
ENSG00000205250	E2F4	1874	E2F transcription factor 4
ENSG00000205268	PDE7A	5150	phosphodiesterase 7A
ENSG00000205269	TMEM170B	100113407	transmembrane protein 170B
ENSG00000205274	TRBV20OR9-2	6962	T cell receptor beta variable 20/OR9-2 (non-functional)
ENSG00000205302	SNX2	6643	sorting nexin 2
ENSG00000205309	NT5M	56953	5',3'-nucleotidase, mitochondrial
ENSG00000205323	SARNP	84324	SAP domain containing ribonucleoprotein
ENSG00000205336	ADGRG1	9289	adhesion G protein-coupled receptor G1
ENSG00000205339	IPO7	10527	importin 7
ENSG00000205352	PRR13	54458	proline rich 13
ENSG00000205356	TECPR1	25851	tectonin beta-propeller repeat containing 1
ENSG00000205362	MT1A	4489	metallothionein 1A
ENSG00000205413	SAMD9	54809	sterile alpha motif domain containing 9
ENSG00000205423	CNEP1R1	255919	CTD nuclear envelope phosphatase 1 regulatory subunit 1
ENSG00000205426	KRT81	3887	keratin 81
ENSG00000205436	EXOC3L4	91828	exocyst complex component 3 like 4
ENSG00000205456	TP53TG3D	729264	TP53 target 3D
ENSG00000205476	CCDC85C	317762	coiled-coil domain containing 85C
ENSG00000205517	RGL3	57139	ral guanine nucleotide dissociation stimulator like 3
ENSG00000205531	NAP1L4	4676	nucleosome assembly protein 1 like 4
ENSG00000205542	TMSB4X	7114	thymosin beta 4 X-linked
ENSG00000205544	TMEM256	254863	transmembrane protein 256
ENSG00000205560	CPT1B	1375	carnitine palmitoyltransferase 1B
ENSG00000205571	SMN1	6606	survival of motor neuron 1, telomeric
ENSG00000205572	SERF1A	8293	small EDRK-rich factor 1A
ENSG00000205581	HMGN1	3150	high mobility group nucleosome binding domain 1
ENSG00000205593	DENND6B	414918	DENN domain containing 6B
ENSG00000205609	EIF3CL	728689	eukaryotic translation initiation factor 3 subunit C like
ENSG00000205629	LCMT1	51451	leucine carboxyl methyltransferase 1
ENSG00000205643	CDPF1	150383	cysteine rich DPF motif domain containing 1
ENSG00000205659	LIN52	91750	lin-52 DREAM MuvB core complex component
ENSG00000205670	SMIM11	54065	small integral membrane protein 11
ENSG00000205707	ETFRF1	144363	electron transfer flavoprotein regulatory factor 1
ENSG00000205726	ITSN1	6453	intersectin 1
ENSG00000205730	ITPRIPL2	162073	ITPRIP like 2
ENSG00000205744	DENND1C	79958	DENN domain containing 1C
ENSG00000205746	PKD1P4	353512	polycystin 1, transient receptor potential channel interacting pseudogene 4
ENSG00000205758	CRYZL1	9946	crystallin zeta like 1
ENSG00000205765	RIMOC1	285636	RAB7A interacting MON1-CCZ1 complex subunit 1
ENSG00000205795	CYS1	192668	cystin 1
ENSG00000205808	PLPP6	403313	phospholipid phosphatase 6
ENSG00000205871	RPS3AP47	146053	RPS3A pseudogene 47
ENSG00000205885	C1RL-AS1	283314	C1RL antisense RNA 1
ENSG00000205903	ZNF316	100131017	zinc finger protein 316
ENSG00000205913	SRRM2-AS1	100128788	SRRM2 antisense RNA 1
ENSG00000205918	PDPK2P	653650	3-phosphoinositide dependent protein kinase 2, pseudogene
ENSG00000205923	CEMP1	752014	cementum protein 1
ENSG00000205937	RNPS1	10921	RNA binding protein with serine rich domain 1
ENSG00000205981	DNAJC19	131118	DnaJ heat shock protein family (Hsp40) member C19
ENSG00000206053	JPT2	90861	Jupiter microtubule associated homolog 2
ENSG00000206077	ZDHHC11B	653082	zinc finger DHHC-type containing 11B
ENSG00000206127	GOLGA8O	728047	golgin A8 family member O
ENSG00000206190	ATP10A	57194	ATPase phospholipid transporting 10A (putative)
ENSG00000206195	DUXAP8	503637	double homeobox A pseudogene 8
ENSG00000206418	RAB12	201475	RAB12, member RAS oncogene family
ENSG00000206503	HLA-A	3105	major histocompatibility complex, class I, A
ENSG00000206527	HACD2	201562	3-hydroxyacyl-CoA dehydratase 2
ENSG00000206538	VGLL3	389136	vestigial like family member 3
ENSG00000206560	ANKRD28	23243	ankyrin repeat domain 28
ENSG00000206562	METTL6	131965	methyltransferase 6, tRNA N3-cytidine
ENSG00000206573	THUMPD3-AS1	440944	THUMPD3 antisense RNA 1
ENSG00000206585	RNVU1-7	26864	RNA, variant U1 small nuclear 7
ENSG00000206588	RNU1-28P	26866	RNA, U1 small nuclear 28, pseudogene
ENSG00000206596	RNU1-27P	26865	RNA, U1 small nuclear 27, pseudogene
ENSG00000206597	SNORA57	692158	small nucleolar RNA, H/ACA box 57
ENSG00000206612	SNORA2A	677793	small nucleolar RNA, H/ACA box 2A
ENSG00000206625	RNU6-1	26827	RNA, U6 small nuclear 1
ENSG00000206634	SNORA22	677807	small nucleolar RNA, H/ACA box 22
ENSG00000206652	RNU1-1	26871	RNA, U1 small nuclear 1
ENSG00000206712	RNU6-26P	100873741	RNA, U6 small nuclear 26, pseudogene
ENSG00000206737	RNVU1-18	26863	RNA, variant U1 small nuclear 18
ENSG00000206760	SNORA6	574040	small nucleolar RNA, H/ACA box 6
ENSG00000206811	SNORA10	574042	small nucleolar RNA, H/ACA box 10
ENSG00000206838	SNORA5A	654319	small nucleolar RNA, H/ACA box 5A
ENSG00000206870	RNU6-398P	106479742	RNA, U6 small nuclear 398, pseudogene
ENSG00000206885	SNORA75	654321	small nucleolar RNA, H/ACA box 75
ENSG00000206892	RNU6-42P	100302742	RNA, U6 small nuclear 42, pseudogene
ENSG00000206899	RNU6-36P	100873757	RNA, U6 small nuclear 36, pseudogene
ENSG00000206910	SNORA29	677812	small nucleolar RNA, H/ACA box 29
ENSG00000206913	LOC124902824	124902824	small nucleolar RNA SNORA7
ENSG00000206932	RNU6-4P	106478914	RNA, U6 small nuclear 4, pseudogene
ENSG00000206948	SNORA36A	677817	small nucleolar RNA, H/ACA box 36A
ENSG00000206965	RNU6-5P	106478913	RNA, U6 small nuclear 5, pseudogene
ENSG00000207005	RNU1-2	26870	RNA, U1 small nuclear 2
ENSG00000207041	RNU6-3P	106478919	RNA, U6 small nuclear 3, pseudogene
ENSG00000207051	SNORA27	619499	small nucleolar RNA, H/ACA box 27
ENSG00000207062	SNORA15B-1	109616962	small nucleolar RNA, H/ACA box 15B-1
ENSG00000207067	SNORA72	26775	small nucleolar RNA, H/ACA box 72
ENSG00000207088	SNORA7B	677797	small nucleolar RNA, H/ACA box 7B
ENSG00000207112	SNORA25	684959	small nucleolar RNA, H/ACA box 25
ENSG00000207113	RNU6-16P	100873753	RNA, U6 small nuclear 16, pseudogene
ENSG00000207145	SNORA18	677805	small nucleolar RNA, H/ACA box 18
ENSG00000207165	SNORA70	26778	small nucleolar RNA, H/ACA box 70
ENSG00000207166	SNORA68	26780	small nucleolar RNA, H/ACA box 68
ENSG00000207168	SNORA15	677803	small nucleolar RNA, H/ACA box 15
ENSG00000207171	LOC124900181	124900181	small nucleolar RNA SNORA51
ENSG00000207181	SNORA14B	677802	small nucleolar RNA, H/ACA box 14B
ENSG00000207187	SNORA10B	109616960	small nucleolar RNA, H/ACA box 10B
ENSG00000207205	RNVU1-15	101954267	RNA, variant U1 small nuclear 15
ENSG00000207264	RNU6-15P	100302741	RNA, U6 small nuclear 15, pseudogene
ENSG00000207304	SNORA8	654320	small nucleolar RNA, H/ACA box 8
ENSG00000207313	SNORA2B	677794	small nucleolar RNA, H/ACA box 2B
ENSG00000207357	RNU6-2	103625684	RNA, U6 small nuclear 2
ENSG00000207389	RNU1-4	6060	RNA, U1 small nuclear 4
ENSG00000207405	SNORA64	26784	small nucleolar RNA, H/ACA box 64
ENSG00000207445	SNORD15B	114599	small nucleolar RNA, C/D box 15B
ENSG00000207507	RNU6-9	101954271	RNA, U6 small nuclear 9
ENSG00000207513	RNU1-3	26869	RNA, U1 small nuclear 3
ENSG00000207524	RNU6-33P	100873748	RNA, U6 small nuclear 33, pseudogene
ENSG00000208772	SNORD94	692225	small nucleolar RNA, C/D box 94
ENSG00000209582	SNORA48	652965	small nucleolar RNA, H/ACA box 48
ENSG00000210825	SNORA40	677822	small nucleolar RNA, H/ACA box 40
ENSG00000211445	GPX3	2878	glutathione peroxidase 3
ENSG00000211448	DIO2	1734	iodothyronine deiodinase 2
ENSG00000211450	SELENOH	280636	selenoprotein H
ENSG00000211455	STK38L	23012	serine/threonine kinase 38 like
ENSG00000211456	SACM1L	22908	SAC1 like phosphatidylinositide phosphatase
ENSG00000211460	TSN	7247	translin
ENSG00000211584	SLC48A1	55652	solute carrier family 48 member 1
ENSG00000211798	TRAV18	28665	T cell receptor alpha variable 18
ENSG00000212232	SNORD17	692086	small nucleolar RNA, C/D box 17
ENSG00000212664	RPL17P39	645296	ribosomal protein L17 pseudogene 39
ENSG00000212694	LINC01089	338799	long intergenic non-protein coding RNA 1089
ENSG00000212719	LINC02693	339263	long intergenic non-protein coding RNA 2693
ENSG00000212747	RTL8B	441518	retrotransposon Gag like 8B
ENSG00000212802	RPL15P3	653232	ribosomal protein L15 pseudogene 3
ENSG00000212864	RNF208	727800	ring finger protein 208
ENSG00000212932	RPL23AP4	54029	ribosomal protein L23a pseudogene 4
ENSG00000212978	C2orf74-DT	339803	C2orf74 divergent transcript
ENSG00000213015	ZNF580	51157	zinc finger protein 580
ENSG00000213024	NUP62	23636	nucleoporin 62
ENSG00000213030	CGB8	94115	chorionic gonadotropin subunit beta 8
ENSG00000213047	DENND1B	163486	DENN domain containing 1B
ENSG00000213064	SFT2D2	375035	SFT2 domain containing 2
ENSG00000213066	CEP43	11116	centrosomal protein 43
ENSG00000213079	SCAF8	22828	SR-related CTD associated factor 8
ENSG00000213096	ZNF254	9534	zinc finger protein 254
ENSG00000213123	DYNLT2B	255758	dynein light chain Tctex-type 2B
ENSG00000213145	CRIP1	1396	cysteine rich protein 1
ENSG00000213160	KLHL23	151230	kelch like family member 23
ENSG00000213185	FAM24B	196792	family with sequence similarity 24 member B
ENSG00000213186	TRIM59	286827	tripartite motif containing 59
ENSG00000213190	MLLT11	10962	MLLT11 transcription factor 7 cofactor
ENSG00000213199	ASIC3	9311	acid sensing ion channel subunit 3
ENSG00000213221	DNLZ	728489	DNL-type zinc finger
ENSG00000213246	SUPT4H1	6827	SPT4 homolog, DSIF elongation factor subunit
ENSG00000213261	EEF1B2P6	647030	eukaryotic translation elongation factor 1 beta 2 pseudogene 6
ENSG00000213280	RPS10P15	654029	ribosomal protein S10 pseudogene 15
ENSG00000213281	NRAS	4893	NRAS proto-oncogene, GTPase
ENSG00000213285	RPL23AP45	729764	ribosomal protein L23a pseudogene 45
ENSG00000213326	RPS7P11	644315	ribosomal protein S7 pseudogene 11
ENSG00000213337	ANKRD39	51239	ankyrin repeat domain 39
ENSG00000213339	QTRT1	81890	queuine tRNA-ribosyltransferase catalytic subunit 1
ENSG00000213341	CHUK	1147	component of inhibitor of nuclear factor kappa B kinase complex
ENSG00000213347	MXD3	83463	MAX dimerization protein 3
ENSG00000213366	GSTM2	2946	glutathione S-transferase mu 2
ENSG00000213380	COG8	84342	component of oligomeric golgi complex 8
ENSG00000213385	RPL7AP39	646476	ribosomal protein L7a pseudogene 39
ENSG00000213390	ARHGAP19	84986	Rho GTPase activating protein 19
ENSG00000213397	HAUS7	55559	HAUS augmin like complex subunit 7
ENSG00000213398	LCAT	3931	lecithin-cholesterol acyltransferase
ENSG00000213412	HNRNPA1P33	728643	heterogeneous nuclear ribonucleoprotein A1 pseudogene 33
ENSG00000213420	GPC2	221914	glypican 2
ENSG00000213442	RPL18AP3	390354	ribosomal protein L18a pseudogene 3
ENSG00000213445	SIPA1	6494	signal-induced proliferation-associated 1
ENSG00000213462	ERV3-1	2086	endogenous retrovirus group 3 member 1, envelope
ENSG00000213463	SYNJ2BP	55333	synaptojanin 2 binding protein
ENSG00000213465	ARL2	402	ADP ribosylation factor like GTPase 2
ENSG00000213516	RBMXL1	494115	RBMX like 1
ENSG00000213523	SRA1	10011	steroid receptor RNA activator 1
ENSG00000213533	STIMATE	375346	STIM activating enhancer
ENSG00000213551	DNAJC9	23234	DnaJ heat shock protein family (Hsp40) member C9
ENSG00000213553	RPLP0P6	220717	ribosomal protein lateral stalk subunit P0 pseudogene 6
ENSG00000213563	C8orf82	414919	chromosome 8 open reading frame 82
ENSG00000213585	VDAC1	7416	voltage dependent anion channel 1
ENSG00000213588	ZBTB9	221504	zinc finger and BTB domain containing 9
ENSG00000213593	TMX2	51075	thioredoxin related transmembrane protein 2
ENSG00000213598	RPL31P4	729646	ribosomal protein L31 pseudogene 4
ENSG00000213599	SLX1A-SULT1A3	100526830	SLX1A-SULT1A3 readthrough (NMD candidate)
ENSG00000213614	HEXA	3073	hexosaminidase subunit alpha
ENSG00000213619	NDUFS3	4722	NADH:ubiquinone oxidoreductase core subunit S3
ENSG00000213621	RPSAP54	642641	ribosomal protein SA pseudogene 54
ENSG00000213625	LEPROT	54741	leptin receptor overlapping transcript
ENSG00000213626	LBH	81606	LBH regulator of WNT signaling pathway
ENSG00000213639	PPP1CB	5500	protein phosphatase 1 catalytic subunit beta
ENSG00000213648	SULT1A4	445329	sulfotransferase family 1A member 4
ENSG00000213658	LAT	27040	linker for activation of T cells
ENSG00000213672	NCKIPSD	51517	NCK interacting protein with SH3 domain
ENSG00000213676	ATF6B	1388	activating transcription factor 6 beta
ENSG00000213689	TREX1	11277	three prime repair exonuclease 1
ENSG00000213694	S1PR3	1903	sphingosine-1-phosphate receptor 3
ENSG00000213699	SLC35F6	54978	solute carrier family 35 member F6
ENSG00000213719	CLIC1	1192	chloride intracellular channel 1
ENSG00000213722	DDAH2	23564	DDAH family member 2, ADMA-independent
ENSG00000213741	RPS29	6235	ribosomal protein S29
ENSG00000213742	ZNF337-AS1	102724826	ZNF337 antisense RNA 1
ENSG00000213753	CENPBD2P	65996	CENPB DNA-binding domains containing 2, pseudogene
ENSG00000213760	ATP6V1G2	534	ATPase H+ transporting V1 subunit G2
ENSG00000213762	ZNF134	7693	zinc finger protein 134
ENSG00000213780	GTF2H4	2968	general transcription factor IIH subunit 4
ENSG00000213782	DDX47	51202	DEAD-box helicase 47
ENSG00000213799	ZNF845	91664	zinc finger protein 845
ENSG00000213853	EMP2	2013	epithelial membrane protein 2
ENSG00000213859	KCTD11	147040	potassium channel tetramerization domain containing 11
ENSG00000213860	RPL21P75	728501	ribosomal protein L21 pseudogene 75
ENSG00000213886	UBD	10537	ubiquitin D
ENSG00000213889	PPM1N	147699	protein phosphatase, Mg2+/Mn2+ dependent 1N (putative)
ENSG00000213903	LTB4R	1241	leukotriene B4 receptor
ENSG00000213904	LIPE-AS1	100996307	LIPE antisense RNA 1
ENSG00000213906	LTB4R2	56413	leukotriene B4 receptor 2
ENSG00000213918	DNASE1	1773	deoxyribonuclease 1
ENSG00000213920	MDP1	145553	magnesium dependent phosphatase 1
ENSG00000213923	CSNK1E	1454	casein kinase 1 epsilon
ENSG00000213928	IRF9	10379	interferon regulatory factor 9
ENSG00000213930	GALT	2592	galactose-1-phosphate uridylyltransferase
ENSG00000213949	ITGA1	3672	integrin subunit alpha 1
ENSG00000213963	LOC100130691	100130691	Putative uncharacterized protein FLJ44553
ENSG00000213965	NUDT19	390916	nudix hydrolase 19
ENSG00000213977	TAX1BP3	30851	Tax1 binding protein 3
ENSG00000213983	AP1G2	8906	adaptor related protein complex 1 subunit gamma 2
ENSG00000213995	NAXD	55739	NAD(P)HX dehydratase
ENSG00000213999	BORCS8-MEF2B	4207	BORCS8-MEF2B readthrough
ENSG00000214013	GANC	2595	glucosidase alpha, neutral C
ENSG00000214021	TTLL3	26140	tubulin tyrosine ligase like 3
ENSG00000214022	REPIN1	29803	replication initiator 1
ENSG00000214026	MRPL23	6150	mitochondrial ribosomal protein L23
ENSG00000214029	ZNF891	101060200	zinc finger protein 891
ENSG00000214046	SMIM7	79086	small integral membrane protein 7
ENSG00000214050	FBXO16	157574	F-box protein 16
ENSG00000214063	TSPAN4	7106	tetraspanin 4
ENSG00000214078	CPNE1	8904	copine 1
ENSG00000214087	ARL16	339231	ADP ribosylation factor like GTPase 16
ENSG00000214113	LYRM4	57128	LYR motif containing 4
ENSG00000214114	MYCBP	26292	MYC binding protein
ENSG00000214145	LINC00887	100131551	long intergenic non-protein coding RNA 887
ENSG00000214160	ALG3	10195	ALG3 alpha-1,3- mannosyltransferase
ENSG00000214184	GCC2-AS1	644903	GCC2 antisense RNA 1
ENSG00000214193	SH3D21	79729	SH3 domain containing 21
ENSG00000214194	SMIM30	401397	small integral membrane protein 30
ENSG00000214226	C17orf67	339210	chromosome 17 open reading frame 67
ENSG00000214253	FIS1	51024	fission, mitochondrial 1
ENSG00000214262	ANKRD36BP1	84832	ankyrin repeat domain 36B pseudogene 1
ENSG00000214274	ANG	283	angiogenin
ENSG00000214290	POU2AF3	120376	POU class 2 homeobox associating factor 3
ENSG00000214293	APTR	100505854	Alu-mediated CDKN1A/p21 transcriptional regulator
ENSG00000214309	MBLAC1	255374	metallo-beta-lactamase domain containing 1
ENSG00000214357	NEURL1B	54492	neuralized E3 ubiquitin protein ligase 1B
ENSG00000214367	HAUS3	79441	HAUS augmin like complex subunit 3
ENSG00000214389	RPS3AP26	644972	RPS3A pseudogene 26
ENSG00000214391	TUBAP2	399942	tubulin alpha pseudogene 2
ENSG00000214401	KANSL1-AS1	644246	KANSL1 antisense RNA 1
ENSG00000214413	BBIP1	92482	BBSome interacting protein 1
ENSG00000214435	AS3MT	57412	arsenite methyltransferase
ENSG00000214485	RPL7P1	6174	ribosomal protein L7 pseudogene 1
ENSG00000214517	PPME1	51400	protein phosphatase methylesterase 1
ENSG00000214530	STARD10	10809	StAR related lipid transfer domain containing 10
ENSG00000214544	GTF2IRD2P1	401375	GTF2I repeat domain containing 2 pseudogene 1
ENSG00000214548	MEG3	55384	maternally expressed 3
ENSG00000214558	ZC3H11C	441155	zinc finger CCCH-type containing 11C
ENSG00000214575	CPEB1	64506	cytoplasmic polyadenylation element binding protein 1
ENSG00000214653	HNRNPA3P3	643689	heterogeneous nuclear ribonucleoprotein A3 pseudogene 3
ENSG00000214654	B3GALT9	100288842	beta-1,3-galactosyltransferase 9
ENSG00000214655	ZSWIM8	23053	zinc finger SWIM-type containing 8
ENSG00000214706	IFRD2	7866	interferon related developmental regulator 2
ENSG00000214717	ZBED1	9189	zinc finger BED-type containing 1
ENSG00000214736	TOMM6	100188893	translocase of outer mitochondrial membrane 6
ENSG00000214753	HNRNPUL2	221092	heterogeneous nuclear ribonucleoprotein U like 2
ENSG00000214756	CSKMT	751071	citrate synthase lysine methyltransferase
ENSG00000214783	POLR2J4	84820	RNA polymerase II subunit J4 (pseudogene)
ENSG00000214784	RPS3AP21	402287	RPS3A pseudogene 21
ENSG00000214787	MS4A4E	643680	membrane spanning 4-domains A4E
ENSG00000214827	MTCP1	4515	mature T cell proliferation 1
ENSG00000214900	LINC01599	196913	long intergenic non-protein coding RNA 1599
ENSG00000214940	NPIPA8	101059953	nuclear pore complex interacting protein family member A8
ENSG00000214941	ZSWIM7	125150	zinc finger SWIM-type containing 7
ENSG00000214944	ARHGEF28	64283	Rho guanine nucleotide exchange factor 28
ENSG00000214967	NPIPA7	101059938	nuclear pore complex interacting protein family member A7
ENSG00000215012	RTL10	79680	retrotransposon Gag like 10
ENSG00000215021	PHB2	11331	prohibitin 2
ENSG00000215030	RPL13P12	388344	ribosomal protein L13 pseudogene 12
ENSG00000215039	CD27-AS1	678655	CD27 antisense RNA 1
ENSG00000215041	NEURL4	84461	neuralized E3 ubiquitin protein ligase 4
ENSG00000215067	ALOX12-AS1	100506713	ALOX12 antisense RNA 1
ENSG00000215068	ANXA2R-AS1	153684	ANXA2R antisense RNA 1
ENSG00000215114	UBXN2B	137886	UBX domain protein 2B
ENSG00000215126	ZNG1F	644019	Zn regulated GTPase metalloprotein activator 1F
ENSG00000215182	MUC5AC	4586	mucin 5AC, oligomeric mucus/gel-forming
ENSG00000215183	MSMP	692094	microseminoprotein, prostate associated
ENSG00000215193	PEX26	55670	peroxisomal biogenesis factor 26
ENSG00000215251	FASTKD5	60493	FAST kinase domains 5
ENSG00000215252	GOLGA8B	440270	golgin A8 family member B
ENSG00000215256	DHRS4-AS1	55449	DHRS4 antisense RNA 1
ENSG00000215301	DDX3X	1654	DEAD-box helicase 3 X-linked
ENSG00000215305	VPS16	64601	VPS16 core subunit of CORVET and HOPS complexes
ENSG00000215375	MYL5	4636	myosin light chain 5
ENSG00000215386	MIR99AHG	388815	mir-99a-let-7c cluster host gene
ENSG00000215421	ZNF407	55628	zinc finger protein 407
ENSG00000215424	MCM3AP-AS1	114044	MCM3AP antisense RNA 1
ENSG00000215440	NPEPL1	79716	aminopeptidase like 1
ENSG00000215472	RPL17-C18orf32	100526842	RPL17-C18orf32 readthrough
ENSG00000215630	GUSBP9	118126072	GUSB pseudogene 9
ENSG00000215712	TMEM242	729515	transmembrane protein 242
ENSG00000215717	TMEM167B	56900	transmembrane protein 167B
ENSG00000215769	ARHGAP27P1-BPTFP1-KPNA2P3	109286553	ARHGAP27P1-BPTFP1-KPNA2P3 readthrough, transcribed pseudogene
ENSG00000215784	FAM72D	728833	family with sequence similarity 72 member D
ENSG00000215788	TNFRSF25	8718	TNF receptor superfamily member 25
ENSG00000215808	LINC01139	339535	long intergenic non-protein coding RNA 1139
ENSG00000215817	ZC3H11B	643136	zinc finger CCCH-type containing 11B
ENSG00000215883	CYB5RL	606495	cytochrome b5 reductase like
ENSG00000216191	MIR8485	103504737	microRNA 8485
ENSG00000216490	IFI30	10437	IFI30 lysosomal thiol reductase
ENSG00000216819	TUBB2BP1	100132153	tubulin beta 2B class IIb pseudogene 1
ENSG00000216866	RPS2P55	286444	ribosomal protein S2 pseudogene 55
ENSG00000216895	RBM33-DT	100506302	RBM33 divergent transcript
ENSG00000217128	FNIP1	96459	folliculin interacting protein 1
ENSG00000217130	RPS10P13	646785	ribosomal protein S10 pseudogene 13
ENSG00000217165	ANKRD18EP	100131031	ankyrin repeat domain 18E, pseudogene
ENSG00000217236	SP9	100131390	Sp9 transcription factor
ENSG00000217442	SYCE3	644186	synaptonemal complex central element protein 3
ENSG00000217555	CKLF	51192	chemokine like factor
ENSG00000217716	RPS10P3	158104	ribosomal protein S10 pseudogene 3
ENSG00000217930	PAM16	51025	presequence translocase associated motor 16
ENSG00000218336	TENM3	55714	teneurin transmembrane protein 3
ENSG00000218426	RPL27AP6	389435	ribosomal protein L27a pseudogene 6
ENSG00000218510	LINC00339	29092	long intergenic non-protein coding RNA 339
ENSG00000218739	CEBPZOS	100505876	CEBPZ opposite strand
ENSG00000218891	ZNF579	163033	zinc finger protein 579
ENSG00000219133	RPL21P19	641293	ribosomal protein L21 pseudogene 19
ENSG00000219200	RNASEK	440400	ribonuclease K
ENSG00000219438	TAFA5	25817	TAFA chemokine like family member 5
ENSG00000219481	NBPF1	55672	NBPF member 1
ENSG00000219545	UMAD1	729852	UBAP1-MVB12-associated (UMA) domain containing 1
ENSG00000219626	FAM228B	375190	family with sequence similarity 228 member B
ENSG00000219814	RPL23AP47	729277	ribosomal protein L23a pseudogene 47
ENSG00000220161	LINC02076	400579	long intergenic non-protein coding RNA 2076
ENSG00000220201	ZGLP1	100125288	zinc finger GATA like protein 1
ENSG00000220205	VAMP2	6844	vesicle associated membrane protein 2
ENSG00000220323	H2BC19P	337874	H2B clustered histone 19, pseudogene
ENSG00000220749	RPL21P28	100131205	ribosomal protein L21 pseudogene 28
ENSG00000220793	RPL21P119	653737	ribosomal protein L21 pseudogene 119
ENSG00000220842	RPL21P16	729402	ribosomal protein L21 pseudogene 16
ENSG00000221164	SNORA11F	109617000	small nucleolar RNA, H/ACA box 11F
ENSG00000221190	MIR1184-2	100422985	microRNA 1184-2
ENSG00000221420	SNORA81	677847	small nucleolar RNA, H/ACA box 81
ENSG00000221475	SNORA11D	100124541	small nucleolar RNA, H/ACA box 11D
ENSG00000221496	LOC124904153	124904153	uncharacterized LOC124904153
ENSG00000221533	MIR1184-1	100302111	microRNA 1184-1
ENSG00000221603	MIR1184-3	100422977	microRNA 1184-3
ENSG00000221676	RNU6ATAC	100151684	RNA, U6atac small nuclear
ENSG00000221705	SNORA11E	101340250	small nucleolar RNA, H/ACA box 11E
ENSG00000221792	MIR1282	100302254	microRNA 1282
ENSG00000221817	PPP3CB-AS1	101929145	PPP3CB antisense RNA 1 (head to head)
ENSG00000221821	C6orf226	441150	chromosome 6 open reading frame 226
ENSG00000221823	PPP3R1	5534	protein phosphatase 3 regulatory subunit B, alpha
ENSG00000221829	FANCG	2189	FA complementation group G
ENSG00000221838	AP4M1	9179	adaptor related protein complex 4 subunit mu 1
ENSG00000221867	MAGEA3	4102	MAGE family member A3
ENSG00000221869	CEBPD	1052	CCAAT enhancer binding protein delta
ENSG00000221886	FAM200C	63920	family with sequence similarity 200 member C
ENSG00000221887	HMSD	284293	histocompatibility minor serpin domain containing
ENSG00000221890	NPTXR	23467	neuronal pentraxin receptor
ENSG00000221909	FAM200A	221786	family with sequence similarity 200 member A
ENSG00000221914	PPP2R2A	5520	protein phosphatase 2 regulatory subunit Balpha
ENSG00000221916	C19orf73	55150	chromosome 19 open reading frame 73
ENSG00000221923	ZNF880	400713	zinc finger protein 880
ENSG00000221926	TRIM16	10626	tripartite motif containing 16
ENSG00000221944	TIGD1	200765	tigger transposable element derived 1
ENSG00000221955	SLC12A8	84561	solute carrier family 12 member 8
ENSG00000221963	APOL6	80830	apolipoprotein L6
ENSG00000221968	FADS3	3995	fatty acid desaturase 3
ENSG00000221978	CCNL2	81669	cyclin L2
ENSG00000221983	UBA52	7311	ubiquitin A-52 residue ribosomal protein fusion product 1
ENSG00000221988	PPT2	9374	palmitoyl-protein thioesterase 2
ENSG00000222009	BTBD19	149478	BTB domain containing 19
ENSG00000222011	FAM185A	222234	family with sequence similarity 185 member A
ENSG00000222020	HDAC4-AS1	101928111	HDAC4 antisense RNA 1
ENSG00000222041	CYTOR	112597	cytoskeleton regulator RNA
ENSG00000222047	C10orf55	414236	chromosome 10 putative open reading frame 55
ENSG00000222108	RNA5SP317	106479006	RNA, 5S ribosomal pseudogene 317
ENSG00000222489	SNORA79B	109616976	small nucleolar RNA, H/ACA box 79B
ENSG00000222898	RN7SKP97	106480463	RN7SK pseudogene 97
ENSG00000223403	MIR381HG	378881	MIR381 host gene
ENSG00000223442	TH2LCRR	101927761	T helper type 2 locus control region associated RNA
ENSG00000223459	TCAF1P1	653199	TRPM8 channel associated factor 1 pseudogene 1
ENSG00000223478	ZDHHC12-DT	100506100	ZDHHC12 divergent transcript
ENSG00000223482	NUTM2A-AS1	728190	NUTM2A antisense RNA 1
ENSG00000223496	EXOSC6	118460	exosome component 6
ENSG00000223501	VPS52	6293	VPS52 subunit of GARP complex
ENSG00000223551	TMSB4XP4	7118	TMSB4X pseudogene 4
ENSG00000223572	CKMT1A	548596	creatine kinase, mitochondrial 1A
ENSG00000223573	TINCR	257000	TINCR ubiquitin domain containing
ENSG00000223658	C1GALT1C1L	728819	C1GALT1 specific chaperone 1 like
ENSG00000223705	NSUN5P1	155400	NSUN5 pseudogene 1
ENSG00000223764	LINC02593	100130417	long intergenic non-protein coding RNA 2593
ENSG00000223768	LINC00205	642852	long intergenic non-protein coding RNA 205
ENSG00000223802	CERS1	10715	ceramide synthase 1
ENSG00000223855	PDGFA-DT	441307	PDGFA divergent transcript
ENSG00000223891	OSER1-DT	100505783	OSER1 divergent transcript
ENSG00000223960	CHROMR	101927027	cholesterol induced regulator of metabolism RNA
ENSG00000224020	MIR181A2HG	100379345	MIR181A2 host gene
ENSG00000224034	LINC02561	110806285	long intergenic non-protein coding RNA 2561
ENSG00000224046	DMTF1-AS1	101927420	DMTF1 antisense RNA 1
ENSG00000224051	CPTP	80772	ceramide-1-phosphate transfer protein
ENSG00000224114	RPS14P1	100271063	ribosomal protein S14 pseudogene 1
ENSG00000224186	PITX1-AS1	100996485	PITX1 antisense RNA 1
ENSG00000224328	MDC1-AS1	106478956	MDC1 antisense RNA 1
ENSG00000224383	PRR29	92340	proline rich 29
ENSG00000224420	ADM5	199800	adrenomedullin 5 (putative)
ENSG00000224470	ATXN1L	342371	ataxin 1 like
ENSG00000224531	SMIM13	221710	small integral membrane protein 13
ENSG00000224536	CSRP1-AS1	107985246	CSRP1 antisense RNA 1
ENSG00000224546	EIF4BP3	100128771	eukaryotic translation initiation factor 4B pseudogene 3
ENSG00000224578	HNRNPA1L3	642659	heterogeneous nuclear ribonucleoprotein A1 like 3
ENSG00000224596	ZMIZ1-AS1	283050	ZMIZ1 antisense RNA 1
ENSG00000224631	RPS27AP16	643358	RPS27A pseudogene 16
ENSG00000224699	LAMTOR5-AS1	101410535	LAMTOR5 and SLC16A4 antisense RNA 1
ENSG00000224712	NPIPA3	642778	nuclear pore complex interacting protein family member A3
ENSG00000224831	TMEM183BP	653659	transmembrane protein 183B, pseudogene
ENSG00000224870	MRPL20-AS1	148413	MRPL20 antisense RNA 1
ENSG00000224877	NDUFAF8	284184	NADH:ubiquinone oxidoreductase complex assembly factor 8
ENSG00000224891	ARL14EPP1	107985793	ARL14EP pseudogene 1
ENSG00000224914	LINC00863	439994	long intergenic non-protein coding RNA 863
ENSG00000224934	GOT1-DT	101927300	GOT1 divergent transcript
ENSG00000224975	INE1	8552	inactivation escape 1
ENSG00000225016	LINC00328-2P	100874404	long intergenic non-protein coding RNA 328-2, pseudogene
ENSG00000225062	CATIP-AS1	101928513	CATIP antisense RNA 1
ENSG00000225159	NPM1P39	440577	nucleophosmin 1 pseudogene 39
ENSG00000225177	LOC124900217	124900217	collagen alpha-1(III) chain
ENSG00000225190	PLEKHM1	9842	pleckstrin homology and RUN domain containing M1
ENSG00000225206	MIR137HG	400765	MIR137 host gene
ENSG00000225265	TAF1A-AS1	100506161	TAF1A antisense RNA 1
ENSG00000225377	NRSN2-AS1	100507459	NRSN2 antisense RNA 1
ENSG00000225434	LINC01504	100507540	long intergenic non-protein coding RNA 1504
ENSG00000225439	BOLA3-DT	100507171	BOLA3 divergent transcript
ENSG00000225470	JPX	554203	JPX transcript, XIST activator
ENSG00000225484	NUTM2B-AS1	101060691	NUTM2B antisense RNA 1
ENSG00000225614	ZNF469	84627	zinc finger protein 469
ENSG00000225630	MTND2P28	100652939	MT-ND2 pseudogene 28
ENSG00000225663	MCRIP1	348262	MAPK regulated corepressor interacting protein 1
ENSG00000225697	SLC26A6	65010	solute carrier family 26 member 6
ENSG00000225733	FGD5-AS1	100505641	FGD5 antisense RNA 1
ENSG00000225764	P3H2-AS1	101929152	P3H2 antisense RNA 1
ENSG00000225791	TRAM2-AS1	401264	TRAM2 antisense RNA 1 (head to head)
ENSG00000225828	FAM229A	100128071	family with sequence similarity 229 member A
ENSG00000225830	ERCC6	2074	ERCC excision repair 6, chromatin remodeling factor
ENSG00000225855	RUSC1-AS1	284618	RUSC1 antisense RNA 1
ENSG00000225914	HCG23	414764	HLA complex group 23
ENSG00000225921	NOL7	51406	nucleolar protein 7
ENSG00000225950	NTF4	4909	neurotrophin 4
ENSG00000225953	SATB2-AS1	150538	SATB2 antisense RNA 1
ENSG00000225972	MTND1P23	100887749	MT-ND1 pseudogene 23
ENSG00000225973	PIGBOS1	101928527	PIGB opposite strand 1
ENSG00000225975	ZNF567-DT	101927621	ZNF567 divergent transcript
ENSG00000226084	RPL17P6	645441	ribosomal protein L17 pseudogene 6
ENSG00000226124	FTCDNL1	348751	formiminotransferase cyclodeaminase N-terminal like
ENSG00000226137	BAIAP2-DT	440465	BAIAP2 divergent transcript
ENSG00000226210	WASH8P	100288778	WAS protein family homolog 8, pseudogene
ENSG00000226221	RPL26P19	441073	ribosomal protein L26 pseudogene 19
ENSG00000226232	NPIPB14P	109729168	nuclear pore complex interacting protein family member B14, pseudogene
ENSG00000226245	ZNF32-AS1	414197	ZNF32 antisense RNA 1
ENSG00000226278	PSPHP1	8781	phosphoserine phosphatase pseudogene 1
ENSG00000226312	CFLAR-AS1	65072	CFLAR antisense RNA 1
ENSG00000226328	NUP50-DT	100506714	NUP50 divergent transcript
ENSG00000226386	PARD3-DT	100505601	PARD3 divergent transcript
ENSG00000226419	SLC16A1-AS1	100506392	SLC16A1 antisense RNA 1
ENSG00000226479	TMEM185B	79134	transmembrane protein 185B
ENSG00000226562	CYP4F26P	106478958	cytochrome P450 family 4 subfamily F member 26, pseudogene
ENSG00000226674	TEX41	401014	testis expressed 41
ENSG00000226688	ENTPD1-AS1	728558	ENTPD1 antisense RNA 1
ENSG00000226696	LENG8-AS1	104355426	LENG8 antisense RNA 1
ENSG00000226706	LOC101928525	101928525	uncharacterized LOC101928525
ENSG00000226711	FAM66C	440078	family with sequence similarity 66 member C
ENSG00000226742	HSBP1L1	440498	heat shock factor binding protein 1 like 1
ENSG00000226784	PGAM4	441531	phosphoglycerate mutase family member 4
ENSG00000226944	RNF207-AS1	102724450	RNF207 antisense RNA 1
ENSG00000226950	DANCR	57291	differentiation antagonizing non-protein coding RNA
ENSG00000226953	NCKAP5-AS2	101928161	NCKAP5 antisense RNA 2
ENSG00000227036	LINC00511	400619	long intergenic non-protein coding RNA 511
ENSG00000227051	C14orf132	56967	chromosome 14 open reading frame 132
ENSG00000227053	MUC12-AS1	102724094	MUC12 antisense RNA 1
ENSG00000227057	WDR46	9277	WD repeat domain 46
ENSG00000227110	LMCD1-AS1	100288428	LMCD1 antisense RNA 1
ENSG00000227124	ZNF717	100131827	zinc finger protein 717
ENSG00000227218	LOC124902280	124902280	uncharacterized LOC124902280
ENSG00000227234	SPANXB1	728695	SPANX family member B1
ENSG00000227345	PARG	8505	poly(ADP-ribose) glycohydrolase
ENSG00000227409	ZMYM4-AS1	100861513	ZMYM4 antisense RNA 1
ENSG00000227471	AKR1B15	441282	aldo-keto reductase family 1 member B15
ENSG00000227496	LOC102723834	102723834	uncharacterized LOC102723834
ENSG00000227500	SCAMP4	113178	secretory carrier membrane protein 4
ENSG00000227507	LTB	4050	lymphotoxin beta
ENSG00000227540	DNAJC9-AS1	414245	DNAJC9 and MRPS16 antisense RNA 1
ENSG00000227617	CERS6-AS1	100861402	CERS6 antisense RNA 1
ENSG00000227693	GSTM3P1	170523	glutathione S-transferase mu 3 pseudogene 1
ENSG00000227694	RPL23AP74	729617	ribosomal protein L23a pseudogene 74
ENSG00000227827	PKD1P2	283955	polycystin 1, transient receptor potential channel interacting pseudogene 2
ENSG00000227879	PSPC1P1	642395	paraspeckle component 1 pseudogene 1
ENSG00000227939	RPL3P2	116935	ribosomal protein L3 pseudogene 2
ENSG00000227954	TARID	100507308	TCF21 antisense RNA inducing promoter demethylation
ENSG00000228049	POLR2J2	246721	RNA polymerase II subunit J2
ENSG00000228109	MELTF-AS1	100507057	MELTF antisense RNA 1
ENSG00000228223	HCG11	493812	HLA complex group 11
ENSG00000228288	PCAT6	100506696	prostate cancer associated transcript 6
ENSG00000228300	FAM174C	55009	family with sequence similarity 174 member C
ENSG00000228436	RRAGC-DT	105378663	RRAGC divergent transcript
ENSG00000228463	RPL23AP21	728481	ribosomal protein L23a pseudogene 21
ENSG00000228474	OST4	100128731	oligosaccharyltransferase complex subunit 4, non-catalytic
ENSG00000228526	MIR34AHG	106614088	MIR34A host gene
ENSG00000228546	PMS2P12	392713	PMS1 homolog 2, mismatch repair system component pseudogene 12
ENSG00000228594	FNDC10	643988	fibronectin type III domain containing 10
ENSG00000228649	SNHG26	109729180	small nucleolar RNA host gene 26
ENSG00000228661	STIM1-AS1	105376527	STIM1 antisense RNA 1
ENSG00000228696	ARL17A	51326	ADP ribosylation factor like GTPase 17A
ENSG00000228716	DHFR	1719	dihydrofolate reductase
ENSG00000228727	SAPCD1	401251	suppressor APC domain containing 1
ENSG00000228742	LINC02577	111216280	long intergenic non-protein coding RNA 2577
ENSG00000228794	LINC01128	643837	long intergenic non-protein coding RNA 1128
ENSG00000228889	UBAC2-AS1	100289373	UBAC2 antisense RNA 1
ENSG00000228919	LOC389199	389199	uncharacterized LOC389199
ENSG00000228929	RPS13P2	729236	ribosomal protein S13 pseudogene 2
ENSG00000229043	ZFAND2A-DT	101927021	ZFAND2A divergent transcript
ENSG00000229111	MED4-AS1	100873965	MED4 antisense RNA 1
ENSG00000229117	RPL41	6171	ribosomal protein L41
ENSG00000229132	EIF4A1P10	100421533	eukaryotic translation initiation factor 4A1 pseudogene 10
ENSG00000229320	KRT8P12	90133	keratin 8 pseudogene 12
ENSG00000229344	MTCO2P12	107075310	MT-CO2 pseudogene 12
ENSG00000229372	SZT2-AS1	100873952	SZT2 antisense RNA 1
ENSG00000229404	LINC00858	170425	long intergenic non-protein coding RNA 858
ENSG00000229425	LOC101927745	101927745	uncharacterized LOC101927745
ENSG00000229503	RPL21P37	100129141	ribosomal protein L21 pseudogene 37
ENSG00000229604	MTATP8P2	106479042	MT-ATP8 pseudogene 2
ENSG00000229605	RPL21P93	653665	ribosomal protein L21 pseudogene 93
ENSG00000229638	RPL4P4	647276	ribosomal protein L4 pseudogene 4
ENSG00000229644	NAMPTP1	646309	nicotinamide phosphoribosyltransferase pseudogene 1
ENSG00000229656	ITGB1-DT	101929475	ITGB1 divergent transcript
ENSG00000229719	MIR194-2HG	105369343	MIR194-2 host gene
ENSG00000229809	ZNF688	146542	zinc finger protein 688
ENSG00000229833	PET100	100131801	PET100 cytochrome c oxidase chaperone
ENSG00000229851	ARSD-AS1	100506356	ARSD antisense RNA 1
ENSG00000229867	STEAP3-AS1	100874111	STEAP3 antisense RNA 1
ENSG00000230076	RPL10P6	285176	ribosomal protein L10 pseudogene 6
ENSG00000230082	PRRT3-AS1	100874032	PRRT3 antisense RNA 1
ENSG00000230109	LINC02643	105376444	long intergenic non-protein coding RNA 2643
ENSG00000230124	ACBD6	84320	acyl-CoA binding domain containing 6
ENSG00000230148	HOXB-AS1	100874362	HOXB cluster antisense RNA 1
ENSG00000230176	LINC01433	728228	long intergenic non-protein coding RNA 1433
ENSG00000230207	RPL4P5	158345	ribosomal protein L4 pseudogene 5
ENSG00000230262	LINC02603	158257	long intergenic non-protein coding RNA 2603
ENSG00000230368	FAM41C	284593	family with sequence similarity 41 member C
ENSG00000230373	GOLGA6L17P	642402	golgin A6 family like 17, pseudogene
ENSG00000230383	RPL6P19	646483	ribosomal protein L6 pseudogene 19
ENSG00000230395	ANAPC1P3	100420889	ANAPC1 pseudogene 3
ENSG00000230453	ANKRD18B	441459	ankyrin repeat domain 18B
ENSG00000230487	PSMG3-AS1	114796	PSMG3 antisense RNA 1 (head to head)
ENSG00000230590	FTX	100302692	FTX transcript, XIST regulator
ENSG00000230613	HM13-AS1	100874042	HM13 antisense RNA 1
ENSG00000230615	LOC107984948	107984948	uncharacterized LOC107984948
ENSG00000230629	RPS23P8	653658	ribosomal protein S23 pseudogene 8
ENSG00000230650	LOC442041	442041	zinc finger protein 532 pseudogene
ENSG00000230679	ENO1-AS1	100505975	ENO1 antisense RNA 1
ENSG00000230712	GGTLC4P	729838	gamma-glutamyltransferase light chain 4 pseudogene
ENSG00000230797	YY2	404281	YY2 transcription factor
ENSG00000230798	FOXD3-AS1	100996301	FOXD3 antisense RNA 1
ENSG00000230844	ZNF674-AS1	401588	ZNF674 antisense RNA 1 (head to head)
ENSG00000230979	RPL18AP6	285053	ribosomal protein L18a pseudogene 6
ENSG00000230989	HSBP1	3281	heat shock factor binding protein 1
ENSG00000231006	RPL7P32	100130892	ribosomal protein L7 pseudogene 32
ENSG00000231074	HCG18	414777	HLA complex group 18
ENSG00000231131	LNCAROD	101928687	lncRNA activating regulator of DKK1
ENSG00000231187	LOC102724593	102724593	uncharacterized LOC102724593
ENSG00000231274	SBK3	100130827	SH3 domain binding kinase family member 3
ENSG00000231298	MANCR	100216001	mitotically associated long non coding RNA
ENSG00000231304	SGO1-AS1	100874028	SGO1 antisense RNA 1
ENSG00000231312	MAP4K3-DT	728730	MAP4K3 divergent transcript
ENSG00000231327	LINC01816	100133985	long intergenic non-protein coding RNA 1816
ENSG00000231365	WARS2-AS1	101929147	WARS2 antisense RNA 1
ENSG00000231500	RPS18	6222	ribosomal protein S18
ENSG00000231501	MTND4LP1	106478909	MT-ND4L pseudogene 1
ENSG00000231527	FAM27C	100132948	family with sequence similarity 27 member C
ENSG00000231663	COA6-AS1	101927765	COA6 antisense RNA 1
ENSG00000231683	KILH	101927136	KRT19 interacting long noncoding RNA in hepatocellular carcinoma
ENSG00000231721	LINC-PINT	378805	long intergenic non-protein coding RNA, p53 induced transcript
ENSG00000231742	LINC01273	101927541	long intergenic non-protein coding RNA 1273
ENSG00000231789	PIK3CD-AS2	101929074	PIK3CD antisense RNA 2
ENSG00000231851	MRPS9-AS1	101927492	MRPS9 antisense RNA 1
ENSG00000231889	TRAF3IP2-AS1	643749	TRAF3IP2 antisense RNA 1
ENSG00000231908	IDH1-AS1	100507475	IDH1 antisense RNA 1
ENSG00000231925	TAPBP	6892	TAP binding protein
ENSG00000231995	RPL7AP76	643630	ribosomal protein L7a pseudogene 76
ENSG00000231999	LRRC8C-DT	400761	LRRC8C divergent transcript
ENSG00000232070	TMEM253	643382	transmembrane protein 253
ENSG00000232112	TMA7	51372	translation machinery associated 7 homolog
ENSG00000232119	MCTS1	28985	MCTS1 re-initiation and release factor
ENSG00000232133	IMPDH1P10	100874399	inosine monophosphate dehydrogenase 1 pseudogene 10
ENSG00000232139	LINC00867	100506126	long intergenic non-protein coding RNA 867
ENSG00000232149	FERP1	553112	FER tyrosine kinase pseudogene 1
ENSG00000232164	LINC01873	729348	long intergenic non-protein coding RNA 1873
ENSG00000232177	MTND4P24	100873254	MT-ND4 pseudogene 24
ENSG00000232179	MTATP6P29	107075315	MT-ATP6 pseudogene 29
ENSG00000232233	LINC02043	102724699	long intergenic non-protein coding RNA 2043
ENSG00000232385	RPS3AP25	645968	RPS3A pseudogene 25
ENSG00000232388	SMIM26	388789	small integral membrane protein 26
ENSG00000232434	AJM1	389813	apical junction component 1 homolog
ENSG00000232442	MHENCR	100505771	melanoma highly expressed competing endogenous lncRNA for miR-425 and miR-489
ENSG00000232456	FAM131C2P	440568	family with sequence similarity 131 member C pseudogene
ENSG00000232527	LINC02802	100996732	long intergenic non-protein coding RNA 2802
ENSG00000232573	RPL3P4	326307	ribosomal protein L3 pseudogene 4
ENSG00000232645	LINC01431	100505683	long intergenic non-protein coding RNA 1431
ENSG00000232653	GOLGA8N	643699	golgin A8 family member N
ENSG00000232656	IDI2-AS1	55853	IDI2 antisense RNA 1
ENSG00000232671	ZNF687-AS1	100507670	ZNF687 antisense RNA 1
ENSG00000232729	GTF2I-AS1	101926943	GTF2I antisense RNA 1
ENSG00000232838	PET117	100303755	PET117 cytochrome c oxidase chaperone
ENSG00000232859	LYRM9	201229	LYR motif containing 9
ENSG00000232888	RPS11P5	727826	ribosomal protein S11 pseudogene 5
ENSG00000232938	RPL23AP87	388574	ribosomal protein L23a pseudogene 87
ENSG00000232956	SNHG15	285958	small nucleolar RNA host gene 15
ENSG00000232973	CYP1B1-AS1	285154	CYP1B1 antisense RNA 1
ENSG00000232995	LOC127814295	127814295	uncharacterized LOC127814295
ENSG00000233006	MIR3936HG	553103	MIR3936 host gene
ENSG00000233016	SNHG7	84973	small nucleolar RNA host gene 7
ENSG00000233024	NPIPA9	105376752	nuclear pore complex interacting protein family, member A9
ENSG00000233077	LINC01271	101927586	long intergenic non-protein coding RNA 1271
ENSG00000233084	RPL23AP25	653789	ribosomal protein L23a pseudogene 25
ENSG00000233101	HOXB-AS3	404266	HOXB cluster antisense RNA 3
ENSG00000233178	LOC105376070	105376070	uncharacterized LOC105376070
ENSG00000233184	DPH5-DT	102606465	DPH5 divergent transcript
ENSG00000233223	MPDU1-AS1	100996842	MPDU1 antisense RNA 1
ENSG00000233232	NPIPB7	440350	nuclear pore complex interacting protein family member B7
ENSG00000233251	LOC100129434	100129434	uncharacterized LOC100129434
ENSG00000233266	HMGB1P31	100873894	high mobility group box 1 pseudogene 31
ENSG00000233276	GPX1	2876	glutathione peroxidase 1
ENSG00000233369	GTF2IP4	100093631	general transcription factor IIi pseudogene 4
ENSG00000233426	EIF3FP3	339799	eukaryotic translation initiation factor 3 subunit F pseudogene 3
ENSG00000233429	HOTAIRM1	100506311	HOXA transcript antisense RNA, myeloid-specific 1
ENSG00000233461	LOC122526782	122526782	uncharacterized LOC122526782
ENSG00000233493	TMEM238	388564	transmembrane protein 238
ENSG00000233527	ZNF529-AS1	101927599	ZNF529 antisense RNA 1
ENSG00000233593	LINC02609	105378853	long intergenic non-protein coding RNA 2609
ENSG00000233608	TWIST2	117581	twist family bHLH transcription factor 2
ENSG00000233621	LITATS1	728431	lncRNA induced by TGF-beta and antagonizes TGF-beta signaling 1
ENSG00000233762	RPS15P4	401019	ribosomal protein S15 pseudogene 4
ENSG00000233822	H2BC15	8341	H2B clustered histone 15
ENSG00000233901	LINC01503	100506119	long intergenic non-protein coding RNA 1503
ENSG00000233913	RPL10P9	389342	ribosomal protein L10 pseudogene 9
ENSG00000233927	RPS28	6234	ribosomal protein S28
ENSG00000233937	CTC-338M12.4	101928649	uncharacterized LOC101928649
ENSG00000233994	GDI2P2	100420259	GDP dissociation inhibitor 2 pseudogene 2
ENSG00000234028	EIF2AK3-DT	101928403	EIF2AK3 divergent transcript
ENSG00000234127	TRIM26	7726	tripartite motif containing 26
ENSG00000234171	RNASEH1-DT	100506054	RNASEH1 divergent transcript
ENSG00000234222	LIX1L-AS1	105371260	LIX1L antisense RNA 1
ENSG00000234231	ANAPC1P4	730268	ANAPC1 pseudogene 4
ENSG00000234289	H2BC12L	54145	H2B clustered histone 12 like
ENSG00000234327	ZNF232-AS1	101928000	ZNF232 antisense RNA 1
ENSG00000234362	LINC01914	101929723	long intergenic non-protein coding RNA 1914
ENSG00000234456	MAGI2-AS3	100505881	MAGI2 antisense RNA 3
ENSG00000234478	ACBD3-AS1	107985353	ACBD3 antisense RNA 1
ENSG00000234494	SP2-AS1	100506325	SP2 antisense RNA 1
ENSG00000234498	RPL13AP20	387841	ribosomal protein L13a pseudogene 20
ENSG00000234523	NDUFB1P2	100380272	NADH:ubiquinone oxidoreductase subunit B1 pseudogene 2
ENSG00000234545	FAM133B	257415	family with sequence similarity 133 member B
ENSG00000234546	LNCTAM34A	102724571	long non coding transcriptional activator of miR34a
ENSG00000234608	MAPKAPK5-AS1	51275	MAPKAPK5 antisense RNA 1
ENSG00000234616	JRK	8629	Jrk helix-turn-helix protein
ENSG00000234684	SDCBP2-AS1	100507495	SDCBP2 antisense RNA 1
ENSG00000234690	EPCAM-DT	101927043	EPCAM divergent transcript
ENSG00000234694	CDC20-DT	105378687	CDC20 divergent transcript
ENSG00000234719	NPIPB2	729978	nuclear pore complex interacting protein family member B2
ENSG00000234741	GAS5	60674	growth arrest specific 5
ENSG00000234745	HLA-B	3106	major histocompatibility complex, class I, B
ENSG00000234753	FOXP4-AS1	101060264	FOXP4 antisense RNA 1
ENSG00000234779	BNC2-AS1	111216284	BNC2 antisense RNA 1
ENSG00000234797	RPS3AP6	145767	RPS3A pseudogene 6
ENSG00000234851	RPL23AP42	647099	ribosomal protein L23a pseudogene 42
ENSG00000234857	HNRNPUL2-BSCL2	100534595	HNRNPUL2-BSCL2 readthrough (NMD candidate)
ENSG00000234912	SNHG20	654434	small nucleolar RNA host gene 20
ENSG00000234975	FTH1P2	2497	ferritin heavy chain 1 pseudogene 2
ENSG00000235027	PRADX	126568849	PRC2 and DDX5 associated lncRNA
ENSG00000235034	C19orf81	342918	chromosome 19 open reading frame 81
ENSG00000235106	BRD3OS	266655	BRD3 opposite strand
ENSG00000235109	ZSCAN31	64288	zinc finger and SCAN domain containing 31
ENSG00000235142	LINC02532	100422737	long intergenic non-protein coding RNA 2532
ENSG00000235162	C12orf75	387882	chromosome 12 open reading frame 75
ENSG00000235169	SMIM1	388588	small integral membrane protein 1 (Vel blood group)
ENSG00000235173	HGH1	51236	HGH1 homolog
ENSG00000235194	PPP1R3E	90673	protein phosphatase 1 regulatory subunit 3E
ENSG00000235241	LOC107985101	107985101	uncharacterized LOC107985101
ENSG00000235269	LINC02331	105370503	long intergenic non-protein coding RNA 2331
ENSG00000235272	RAMACL	353267	RNA guanine-7 methyltransferase activating subunit like
ENSG00000235378	MRPS10P1	359753	mitochondrial ribosomal protein S10 pseudogene 1
ENSG00000235437	LINC01278	92249	long intergenic non-protein coding RNA 1278
ENSG00000235453	SMIM27	100129250	small integral membrane protein 27
ENSG00000235459	RPS26P31	645979	ribosomal protein S26 pseudogene 31
ENSG00000235508	RPS2P7	86781	ribosomal protein S2 pseudogene 7
ENSG00000235531	MSC-AS1	100132891	MSC antisense RNA 1
ENSG00000235552	RPL6P27	645387	ribosomal protein L6 pseudogene 27
ENSG00000235703	EOLA2-DT	100272228	EOLA2 divergent transcript
ENSG00000235706	DICER1-AS1	400242	DICER1 antisense RNA 1
ENSG00000235823	OLMALINC	90271	oligodendrocyte maturation-associated long intergenic non-coding RNA
ENSG00000235863	B3GALT4	8705	beta-1,3-galactosyltransferase 4
ENSG00000235890	TSPEAR-AS1	54082	TSPEAR antisense RNA 1
ENSG00000235899	LINC01564	101927171	long intergenic non-protein coding RNA 1564
ENSG00000235919	ASH1L-AS1	645676	ASH1L antisense RNA 1
ENSG00000235954	TTC28-AS1	284900	TTC28 antisense RNA 1
ENSG00000235961	PNMA6A	84968	PNMA family member 6A
ENSG00000236088	COX10-DT	100874058	COX10 divergent transcript
ENSG00000236104	ZBTB22	9278	zinc finger and BTB domain containing 22
ENSG00000236144	TMEM147-AS1	100506469	TMEM147 antisense RNA 1
ENSG00000236204	LINC01376	400945	long intergenic non-protein coding RNA 1376
ENSG00000236287	ZBED5	58486	zinc finger BED-type containing 5
ENSG00000236305	SLC12A9-AS1	105375430	SLC12A9 antisense RNA 1
ENSG00000236317	RPS28P2	100271120	ribosomal protein S28 pseudogene 2
ENSG00000236534	H3P36	100287087	H3 histone pseudogene 36
ENSG00000236552	RPL13AP5	728658	ribosomal protein L13a pseudogene 5
ENSG00000236609	ZNF853	54753	zinc finger protein 853
ENSG00000236617	CHFR-DT	101928530	CHFR divergent transcript
ENSG00000236618	PITPNA-AS1	100306951	PITPNA antisense RNA 1
ENSG00000236675	MTX1LP	4581	metaxin 1 like, pseudogene
ENSG00000236679	RPL23AP24	728517	ribosomal protein L23a pseudogene 24
ENSG00000236753	MKLN1-AS	100506881	MKLN1 antisense RNA
ENSG00000236778	INTS6-AS1	100507398	INTS6 antisense RNA 1
ENSG00000236810	ELOA-AS1	100506963	ELOA antisense RNA 1
ENSG00000236824	BCYRN1	618	brain cytoplasmic RNA 1
ENSG00000236859	NIFK-AS1	254128	NIFK antisense RNA 1
ENSG00000236871	LINC00106	751580	long intergenic non-protein coding RNA 106
ENSG00000236915	CLCA4-AS1	105378828	CLCA4 antisense RNA 1
ENSG00000236991	EDRF1-AS1	101927983	EDRF1 antisense RNA 1
ENSG00000237036	ZEB1-AS1	220930	ZEB1 antisense RNA 1
ENSG00000237149	ZNF503-AS2	100131213	ZNF503 antisense RNA 2
ENSG00000237172	B3GNT9	84752	UDP-GlcNAc:betaGal beta-1,3-N-acetylglucosaminyltransferase 9
ENSG00000237187	NR2F1-AS1	441094	NR2F1 antisense RNA 1
ENSG00000237190	CDKN2AIPNL	91368	CDKN2A interacting protein N-terminal like
ENSG00000237289	CKMT1B	1159	creatine kinase, mitochondrial 1B
ENSG00000237296	SMG1P1	641298	SMG1 pseudogene 1
ENSG00000237298	TTN-AS1	100506866	TTN antisense RNA 1
ENSG00000237310	LINC03011	100289098	long intergenic non-protein coding RNA 3011
ENSG00000237424	FOXD2-AS1	84793	FOXD2 adjacent opposite strand RNA 1
ENSG00000237441	RGL2	5863	ral guanine nucleotide dissociation stimulator like 2
ENSG00000237476	LINC01637	101928891	long intergenic non-protein coding RNA 1637
ENSG00000237489	C10orf143	387723	chromosome 10 open reading frame 143
ENSG00000237506	RPSAP15	220885	ribosomal protein SA pseudogene 15
ENSG00000237523	LINC00857	439990	long intergenic non-protein coding RNA 857
ENSG00000237550	RPL9P8	254948	ribosomal protein L9 pseudogene 8
ENSG00000237595	LINC01275	101927512	long intergenic non-protein coding RNA 1275
ENSG00000237596	PDE7B-AS1	644135	PDE7B antisense RNA 1
ENSG00000237638	LINC02245	400958	long intergenic non-protein coding RNA 2245
ENSG00000237649	KIFC1	3833	kinesin family member C1
ENSG00000237651	C2orf74	339804	chromosome 2 open reading frame 74
ENSG00000237686	SCIRT	101929705	stem cell inhibitory RNA transcript
ENSG00000237765	FAM200B	285550	family with sequence similarity 200 member B
ENSG00000237943	PRKCQ-AS1	439949	PRKCQ antisense RNA 1
ENSG00000237973	MTCO1P12	107075141	MT-CO1 pseudogene 12
ENSG00000238005	LNCATV	101927851	lncRNA negative regulator of antiviral signaling
ENSG00000238045	MVP-DT	112268170	MVP divergent transcript
ENSG00000238083	LRRC37A2	474170	leucine rich repeat containing 37 member A2
ENSG00000238103	RPL9P7	6126	ribosomal protein L9 pseudogene 7
ENSG00000238120	LINC01589	100506737	long intergenic non-protein coding RNA 1589
ENSG00000238142	LOC105376805	105376805	uncharacterized LOC105376805
ENSG00000238227	TMEM250	90120	transmembrane protein 250
ENSG00000238266	LINC00707	100507127	long intergenic non-protein coding RNA 707
ENSG00000238271	IFNWP19	3474	interferon omega 1 pseudogene 19
ENSG00000238390	LOC124900469	124900469	small nucleolar RNA SNORA81
ENSG00000238405	RNA5SP311	106480358	RNA, 5S ribosomal pseudogene 311
ENSG00000238622	SNORD97	692223	small nucleolar RNA, C/D box 97
ENSG00000238741	SCARNA7	677767	small Cajal body-specific RNA 7
ENSG00000238795	SCARNA12	677777	small Cajal body-specific RNA 12
ENSG00000238832	LOC124901856	124901856	uncharacterized LOC124901856
ENSG00000238917	SNORD10	652966	small nucleolar RNA, C/D box 10
ENSG00000238961	SNORA47	677828	small nucleolar RNA, H/ACA box 47
ENSG00000239093	LOC124905594	124905594	small nucleolar RNA U13
ENSG00000239149	SNORA59B	677882	small nucleolar RNA, H/ACA box 59B
ENSG00000239183	SNORA84	100124534	small nucleolar RNA, H/ACA box 84
ENSG00000239246	RPS10P26	100271548	ribosomal protein S10 pseudogene 26
ENSG00000239264	TXNDC5	81567	thioredoxin domain containing 5
ENSG00000239282	CASTOR1	652968	cytosolic arginine sensor for mTORC1 subunit 1
ENSG00000239305	RNF103	7844	ring finger protein 103
ENSG00000239306	RBM14	10432	RNA binding motif protein 14
ENSG00000239335	LLPH-DT	103625681	LLPH divergent transcript
ENSG00000239382	ALKBH6	84964	alkB homolog 6
ENSG00000239523	MYLK-AS1	100506826	MYLK antisense RNA 1
ENSG00000239617	RPL32P27	100271306	ribosomal protein L32 pseudogene 27
ENSG00000239672	NME1	4830	NME/NM23 nucleoside diphosphate kinase 1
ENSG00000239697	TNFSF12	8742	TNF superfamily member 12
ENSG00000239718	HLTF-AS1	100873945	HLTF antisense RNA 1
ENSG00000239779	WBP1	23559	WW domain binding protein 1
ENSG00000239789	MRPS17	51373	mitochondrial ribosomal protein S17
ENSG00000239797	RPL21P39	389156	ribosomal protein L21 pseudogene 39
ENSG00000239857	GET4	51608	guided entry of tail-anchored proteins factor 4
ENSG00000239884	RN7SL608P	106480521	RNA, 7SL, cytoplasmic 608, pseudogene
ENSG00000239900	ADSL	158	adenylosuccinate lyase
ENSG00000240038	AMY2B	280	amylase alpha 2B
ENSG00000240053	LY6G5B	58496	lymphocyte antigen 6 family member G5B
ENSG00000240065	PSMB9	5698	proteasome 20S subunit beta 9
ENSG00000240087	RPSAP12	387867	ribosomal protein SA pseudogene 12
ENSG00000240137	ERICH6-AS1	101928085	ERICH6 antisense RNA 1
ENSG00000240184	PCDHGC3	5098	protocadherin gamma subfamily C, 3
ENSG00000240204	SMKR1	100287482	small lysine rich protein 1
ENSG00000240230	COX19	90639	cytochrome c oxidase assembly factor COX19
ENSG00000240303	ACAD11	84129	acyl-CoA dehydrogenase family member 11
ENSG00000240342	RPS2P5	100130562	ribosomal protein S2 pseudogene 5
ENSG00000240344	PPIL3	53938	peptidylprolyl isomerase like 3
ENSG00000240370	RPL13P5	283345	ribosomal protein L13 pseudogene 5
ENSG00000240386	LCE1F	353137	late cornified envelope 1F
ENSG00000240409	MTATP8P1	106480795	MT-ATP8 pseudogene 1
ENSG00000240445	FOXO3B	2310	forkhead box O3B
ENSG00000240476	LINC00973	105374003	long intergenic non-protein coding RNA 973
ENSG00000240494	RPS12P28	100271553	ribosomal protein S12 pseudogene 28
ENSG00000240509	RPL34P18	100271003	ribosomal protein L34 pseudogene 18
ENSG00000240541	TM4SF1-AS1	100874091	TM4SF1 antisense RNA 1
ENSG00000240682	ISY1	57461	ISY1 splicing factor homolog
ENSG00000240694	PNMA2	10687	PNMA family member 2
ENSG00000240771	ARHGEF25	115557	Rho guanine nucleotide exchange factor 25
ENSG00000240849	PEDS1	387521	plasmanylethanolamine desaturase 1
ENSG00000240857	RDH14	57665	retinol dehydrogenase 14
ENSG00000240875	LINC00886	730091	long intergenic non-protein coding RNA 886
ENSG00000240891	PLCXD2	257068	phosphatidylinositol specific phospholipase C X domain containing 2
ENSG00000240898	RPL21P125	100129685	ribosomal protein L21 pseudogene 125
ENSG00000240972	MIF	4282	macrophage migration inhibitory factor
ENSG00000241015	TPM3P9	147804	tropomyosin 3 pseudogene 9
ENSG00000241020	RPL32P24	100271489	ribosomal protein L32 pseudogene 24
ENSG00000241058	NSUN6	221078	NOP2/Sun RNA methyltransferase 6
ENSG00000241081	RPL22P2	326292	ribosomal protein L22 pseudogene 2
ENSG00000241119	UGT1A9	54600	UDP glucuronosyltransferase family 1 member A9
ENSG00000241127	YAE1	57002	YAE1 maturation factor of ABCE1
ENSG00000241258	CRCP	27297	CGRP receptor component
ENSG00000241288	LINC02614	101927056	long intergenic non-protein coding RNA 2614
ENSG00000241313	WWTR1-AS1	100128025	WWTR1 antisense RNA 1
ENSG00000241316	SUCLG2-DT	101927111	SUCLG2 divergent transcript
ENSG00000241322	FBXW10B	374286	F-box and WD repeat domain containing 10B
ENSG00000241343	RPL36A	6173	ribosomal protein L36a
ENSG00000241360	PDXP	57026	pyridoxal phosphatase
ENSG00000241370	RPP21	79897	ribonuclease P/MRP subunit p21
ENSG00000241388	HNF1A-AS1	283460	HNF1A antisense RNA 1
ENSG00000241399	CD302	9936	CD302 molecule
ENSG00000241404	EGFL8	80864	EGF like domain multiple 8
ENSG00000241458	RPL7P19	100270853	ribosomal protein L7 pseudogene 19
ENSG00000241468	ATP5MF	9551	ATP synthase membrane subunit f
ENSG00000241484	ARHGAP8	23779	Rho GTPase activating protein 8
ENSG00000241506	PSMC1P1	151645	proteasome 26S subunit, ATPase 1 pseudogene 1
ENSG00000241553	ARPC4	10093	actin related protein 2/3 complex subunit 4
ENSG00000241570	PAQR9-AS1	101927832	PAQR9 antisense RNA 1
ENSG00000241635	UGT1A1	54658	UDP glucuronosyltransferase family 1 member A1
ENSG00000241685	ARPC1A	10552	actin related protein 2/3 complex subunit 1A
ENSG00000241769	EOLA1-DT	100131434	EOLA1 divergent transcript
ENSG00000241837	ATP5PO	539	ATP synthase peripheral stalk subunit OSCP
ENSG00000241839	PLEKHO2	80301	pleckstrin homology domain containing O2
ENSG00000241852	C8orf58	541565	chromosome 8 open reading frame 58
ENSG00000241878	PISD	23761	phosphatidylserine decarboxylase
ENSG00000241935	HOGA1	112817	4-hydroxy-2-oxoglutarate aldolase 1
ENSG00000241945	PWP2	5822	PWP2 small subunit processome component
ENSG00000241973	PI4KA	5297	phosphatidylinositol 4-kinase alpha
ENSG00000242028	HYPK	25764	huntingtin interacting protein K
ENSG00000242071	RPL7AP6	326310	ribosomal protein L7a pseudogene 6
ENSG00000242086	SDHAP2	727956	SDHA pseudogene 2
ENSG00000242110	AMACR	23600	alpha-methylacyl-CoA racemase
ENSG00000242114	MTFP1	51537	mitochondrial fission process 1
ENSG00000242125	SNHG3	8420	small nucleolar RNA host gene 3
ENSG00000242173	ARHGDIG	398	Rho GDP dissociation inhibitor gamma
ENSG00000242247	ARFGAP3	26286	ADP ribosylation factor GTPase activating protein 3
ENSG00000242259	C22orf39	128977	chromosome 22 open reading frame 39
ENSG00000242261	LOC100418961	100418961	aurora kinase A pseudogene
ENSG00000242265	PEG10	23089	paternally expressed 10
ENSG00000242296	LOC124905442	124905442	beta-defensin 109
ENSG00000242299	RPS18P5	100131863	ribosomal protein S18 pseudogene 5
ENSG00000242366	UGT1A8	54576	UDP glucuronosyltransferase family 1 member A8
ENSG00000242372	EIF6	3692	eukaryotic translation initiation factor 6
ENSG00000242435	UPK3BP1	107080637	uroplakin 3B pseudogene 1
ENSG00000242485	MRPL20	55052	mitochondrial ribosomal protein L20
ENSG00000242498	ARPIN	348110	actin related protein 2/3 complex inhibitor
ENSG00000242574	HLA-DMB	3109	major histocompatibility complex, class II, DM beta
ENSG00000242612	DECR2	26063	2,4-dienoyl-CoA reductase 2
ENSG00000242616	GNG10	2790	G protein subunit gamma 10
ENSG00000242732	RTL5	340526	retrotransposon Gag like 5
ENSG00000242802	AP5Z1	9907	adaptor related protein complex 5 subunit zeta 1
ENSG00000243056	EIF4EBP3	8637	eukaryotic translation initiation factor 4E binding protein 3
ENSG00000243137	PSG4	5672	pregnancy specific beta-1-glycoprotein 4
ENSG00000243147	MRPL33	9553	mitochondrial ribosomal protein L33
ENSG00000243150	MLF1-DT	100996447	MLF1 divergent transcript
ENSG00000243156	MICAL3	57553	microtubule associated monooxygenase, calponin and LIM domain containing 3
ENSG00000243199	RPL6P10	642828	ribosomal protein L6 pseudogene 10
ENSG00000243232	PCDHAC2	56134	protocadherin alpha subfamily C, 2
ENSG00000243244	STON1	11037	stonin 1
ENSG00000243279	PRAF2	11230	PRA1 domain family member 2
ENSG00000243317	STMP1	647087	short transmembrane mitochondrial protein 1
ENSG00000243335	KCTD7	154881	potassium channel tetramerization domain containing 7
ENSG00000243339	RN7SL738P	106480695	RNA, 7SL, cytoplasmic 738, pseudogene
ENSG00000243364	EFNA4	1945	ephrin A4
ENSG00000243449	NICOL1	401115	NELL2 interacting cell ontogeny regulator 1
ENSG00000243477	NAA80	24142	N-alpha-acetyltransferase 80, NatH catalytic subunit
ENSG00000243479	MNX1-AS1	645249	MNX1 antisense RNA 1 (head to head)
ENSG00000243554	CCZ1P1	110440226	CCZ1 pseudogene 1
ENSG00000243566	UPK3B	105375355	uroplakin 3B
ENSG00000243646	IL10RB	3588	interleukin 10 receptor subunit beta
ENSG00000243649	CFB	629	complement factor B
ENSG00000243650	RN7SL834P	106481148	RNA, 7SL, cytoplasmic 834, pseudogene
ENSG00000243660	ZNF487	642819	zinc finger protein 487
ENSG00000243667	DNAAF10	116143	dynein axonemal assembly factor 10
ENSG00000243678	NME2	4831	NME/NM23 nucleoside diphosphate kinase 2
ENSG00000243701	DUBR	344595	DPPA2 upstream binding RNA
ENSG00000243708	PLA2G4B	100137049	phospholipase A2 group IVB
ENSG00000243716	NPIPB5	100132247	nuclear pore complex interacting protein family member B5
ENSG00000243725	TTC4	7268	tetratricopeptide repeat domain 4
ENSG00000243749	TMEM35B	100506144	transmembrane protein 35B
ENSG00000243789	JMJD7	100137047	jumonji domain containing 7
ENSG00000243811	APOBEC3D	140564	apolipoprotein B mRNA editing enzyme catalytic subunit 3D
ENSG00000243927	MRPS6	64968	mitochondrial ribosomal protein S6
ENSG00000243943	ZNF512	84450	zinc finger protein 512
ENSG00000243989	ACY1	95	aminoacylase 1
ENSG00000244005	NFS1	9054	NFS1 cysteine desulfurase
ENSG00000244021	RPL21P53	653156	ribosomal protein L21 pseudogene 53
ENSG00000244038	DDOST	1650	dolichyl-diphosphooligosaccharide--protein glycosyltransferase non-catalytic subunit
ENSG00000244041	LINC01011	401232	long intergenic non-protein coding RNA 1011
ENSG00000244045	TMEM199	147007	transmembrane protein 199
ENSG00000244056	RN7SL417P	107080636	RNA, 7SL, cytoplasmic 417, pseudogene
ENSG00000244115	DNAJC25-GNG10	552891	DNAJC25-GNG10 readthrough
ENSG00000244122	UGT1A7	54577	UDP glucuronosyltransferase family 1 member A7
ENSG00000244161	FLNB-AS1	105377105	FLNB antisense RNA 1
ENSG00000244165	P2RY11	5032	purinergic receptor P2Y11
ENSG00000244184	PELP1-DT	101559451	PELP1 divergent transcript
ENSG00000244187	TMEM141	85014	transmembrane protein 141
ENSG00000244219	TMEM225B	100289187	transmembrane protein 225B
ENSG00000244242	IFITM10	402778	interferon induced transmembrane protein 10
ENSG00000244270	RPL32P29	729215	ribosomal protein L32 pseudogene 29
ENSG00000244274	DBNDD2	55861	dysbindin domain containing 2
ENSG00000244363	RPL7P23	648000	ribosomal protein L7 pseudogene 23
ENSG00000244398	RPL36AP37	729362	ribosomal protein L36a pseudogene 37
ENSG00000244405	ETV5	2119	ETS variant transcription factor 5
ENSG00000244414	CFHR1	3078	complement factor H related 1
ENSG00000244457	ENO1P1	2025	enolase 1 pseudogene 1
ENSG00000244462	RBM12	10137	RNA binding motif protein 12
ENSG00000244509	APOBEC3C	27350	apolipoprotein B mRNA editing enzyme catalytic subunit 3C
ENSG00000244563	RPS26P19	100271110	ribosomal protein S26 pseudogene 19
ENSG00000244687	UBE2V1	7335	ubiquitin conjugating enzyme E2 V1
ENSG00000244716	RPL17P7	100132742	ribosomal protein L17 pseudogene 7
ENSG00000244754	N4BP2L2	10443	NEDD4 binding protein 2 like 2
ENSG00000244921	MTCYBP18	107075130	MT-CYB pseudogene 18
ENSG00000245060	LINC00847	729678	long intergenic non-protein coding RNA 847
ENSG00000245112	SMARCA5-AS1	100128055	SMARCA5 antisense RNA 1
ENSG00000245205	EEF1A1P4	100421854	eukaryotic translation elongation factor 1 alpha 1 pseudogene 4
ENSG00000245213	GALNT7-DT	101930370	GALNT7 divergent transcript
ENSG00000245275	SAP30L-AS1	386627	SAP30L antisense RNA 1 (head to head)
ENSG00000245317	MRNIP-DT	100996419	MRNIP divergent transcript
ENSG00000245522	LINC02709	440028	long intergenic non-protein coding RNA 2709
ENSG00000245532	NEAT1	283131	nuclear paraspeckle assembly transcript 1
ENSG00000245534	RORA-AS1	101928784	RORA antisense RNA 1
ENSG00000245556	SCAMP1-AS1	728769	SCAMP1 antisense RNA 1
ENSG00000245571	FAM111A-DT	101927204	FAM111A divergent transcript
ENSG00000245680	ZNF585B	92285	zinc finger protein 585B
ENSG00000245694	CRNDE	643911	colorectal neoplasia differentially expressed
ENSG00000245748	LOC100129931	100129931	uncharacterized LOC100129931
ENSG00000245848	CEBPA	1050	CCAAT enhancer binding protein alpha
ENSG00000245849	RAD51-AS1	100505648	RAD51 antisense RNA 1
ENSG00000245937	SLC12A2-DT	644873	SLC12A2 divergent transcript
ENSG00000246089	MCPH1-DT	100287015	MCPH1 divergent transcript
ENSG00000246273	SBF2-AS1	283104	SBF2 antisense RNA 1
ENSG00000246582	TNFRSF10A-DT	389641	TNFRSF10A divergent transcript
ENSG00000246640	PICART1	284080	p53 inducible cancer associated RNA transcript 1
ENSG00000246705	H2AJ	55766	H2A.J histone
ENSG00000246731	MGC16275	85001	uncharacterized protein MGC16275
ENSG00000246985	SOCS2-AS1	144481	SOCS2 antisense RNA 1
ENSG00000247077	PGAM5	192111	PGAM family member 5, mitochondrial serine/threonine protein phosphatase
ENSG00000247092	SNHG10	283596	small nucleolar RNA host gene 10
ENSG00000247095	MIR210HG	100506211	MIR210 host gene
ENSG00000247134	LOC105379362	105379362	uncharacterized LOC105379362
ENSG00000247137	ANKRD42-DT	100506282	ANKRD42 divergent transcript
ENSG00000247199	FBXO38-DT	102546294	FBXO38 divergent transcript
ENSG00000247228	LOC400541	400541	uncharacterized LOC400541
ENSG00000247240	UBL7-DT	440288	UBL7 divergent transcript
ENSG00000247271	ZBED5-AS1	729013	ZBED5 antisense RNA 1
ENSG00000247315	ZCCHC3	85364	zinc finger CCHC-type containing 3
ENSG00000247498	GPRC5D-AS1	100506314	GPRC5D and HEBP1 antisense RNA 1
ENSG00000247556	OIP5-AS1	729082	OIP5 antisense RNA 1
ENSG00000247572	CKMT2-AS1	100131067	CKMT2 antisense RNA 1
ENSG00000247596	TWF2	11344	twinfilin actin binding protein 2
ENSG00000247626	MARS2	92935	methionyl-tRNA synthetase 2, mitochondrial
ENSG00000247627	MTND4P12	100293090	MT-ND4 pseudogene 12
ENSG00000247675	LRP4-AS1	100507401	LRP4 antisense RNA 1
ENSG00000247774	PCED1B-AS1	100233209	PCED1B antisense RNA 1
ENSG00000247796	MOCS2-DT	257396	MOCS2 divergent transcript
ENSG00000247809	NR2F2-AS1	644192	NR2F2 antisense RNA 1
ENSG00000247828	TMEM161B-DT	100505894	TMEM161B divergent transcript
ENSG00000248008	NRAV	100506668	negative regulator of antiviral response
ENSG00000248049	UBA6-DT	550112	UBA6 divergent transcript
ENSG00000248098	BCKDHA	593	branched chain keto acid dehydrogenase E1 subunit alpha
ENSG00000248099	INSL3	3640	insulin like 3
ENSG00000248187	LOC124900778	124900778	uncharacterized LOC124900778
ENSG00000248256	OCIAD1-AS1	100861517	OCIAD1 antisense RNA 1
ENSG00000248275	TRIM52-AS1	100507602	TRIM52 antisense RNA 1 (head to head)
ENSG00000248323	LUCAT1	100505994	lung cancer associated transcript 1
ENSG00000248333	CDK11B	984	cyclin dependent kinase 11B
ENSG00000248360	LINC00504	201853	long intergenic non-protein coding RNA 504
ENSG00000248367	LOC124901151	124901151	uncharacterized LOC124901151
ENSG00000248487	ABHD14A	25864	abhydrolase domain containing 14A
ENSG00000248489	LOC100289230	100289230	uncharacterized LOC100289230
ENSG00000248508	SRP14-DT	100131089	SRP14 divergent transcript
ENSG00000248527	MTATP6P1	106480796	MT-ATP6 pseudogene 1
ENSG00000248690	LOC124906789	124906789	uncharacterized LOC124906789
ENSG00000248866	USP46-DT	643783	USP46 divergent transcript
ENSG00000248890	HHIP-AS1	646576	HHIP antisense RNA 1
ENSG00000248919	ATP5MF-PTCD1	100526740	ATP5MF-PTCD1 readthrough
ENSG00000248923	MTND5P11	100506169	MT-ND5 pseudogene 11
ENSG00000249087	ZNF436-AS1	148898	ZNF436 antisense RNA 1
ENSG00000249115	HAUS5	23354	HAUS augmin like complex subunit 5
ENSG00000249119	MTND6P4	106478943	MT-ND6 pseudogene 4
ENSG00000249156	TAF11L12	112488739	TATA-box binding protein associated factor 11 like 12
ENSG00000249192	MTND3P25	107075297	MT-ND3 pseudogene 25
ENSG00000249196	TMEM132D-AS1	283352	TMEM132D antisense RNA 1
ENSG00000249242	TMEM150C	441027	transmembrane protein 150C
ENSG00000249279	LINC02057	105378992	long intergenic non-protein coding RNA 2057
ENSG00000249348	UGDH-AS1	100885776	UGDH antisense RNA 1
ENSG00000249395	CASC9	101805492	cancer susceptibility 9
ENSG00000249396	LINC02212	101929412	long intergenic non-protein coding RNA 2212
ENSG00000249471	ZNF324B	388569	zinc finger protein 324B
ENSG00000249532	MIR302CHG	109864269	miR-302/367 cluster host gene
ENSG00000249550	LINC01234	100506465	long intergenic non-protein coding RNA 1234
ENSG00000249592	PCGF3-AS1	100129917	PCGF3 antisense RNA 1
ENSG00000249624	IFNAR2-IL10RB	127882475	IFNAR2-IL10RB readthrough
ENSG00000249709	ZNF564	163050	zinc finger protein 564
ENSG00000249740	LINC01265	101926904	long intergenic non-protein coding RNA 1265
ENSG00000249784	SCARNA22	677770	small Cajal body-specific RNA 22
ENSG00000249835	VCAN-AS1	105379054	VCAN antisense RNA 1
ENSG00000249855	EEF1A1P19	100421796	eukaryotic translation elongation factor 1 alpha 1 pseudogene 19
ENSG00000249859	PVT1	5820	Pvt1 oncogene
ENSG00000249884	RNF103-CHMP3	100526767	RNF103-CHMP3 readthrough
ENSG00000249908	BRD9P2	109729114	bromodomain containing 9 pseudogene 2
ENSG00000249915	PDCD6	10016	programmed cell death 6
ENSG00000249992	TMEM158	25907	transmembrane protein 158
ENSG00000250021	ARPIN-AP3S2	100526783	ARPIN-AP3S2 readthrough
ENSG00000250041	LOC124902629	124902629	uncharacterized LOC124902629
ENSG00000250067	YJEFN3	374887	YjeF N-terminal domain containing 3
ENSG00000250073	ESAM-AS1	101929340	ESAM antisense RNA 1
ENSG00000250251	PKD1P6	353511	polycystin 1, transient receptor potential channel interacting pseudogene 6
ENSG00000250273	PSMC1P5	106480732	proteasome 26S subunit, ATPase 1 pseudogene 5
ENSG00000250286	LOC105371824	105371824	uncharacterized LOC105371824
ENSG00000250303	LINC02762	283140	long intergenic non-protein coding RNA 2762
ENSG00000250317	SMIM20	389203	small integral membrane protein 20
ENSG00000250318	RPL13AP26	729212	ribosomal protein L13a pseudogene 26
ENSG00000250337	PURPL	643401	p53 upregulated regulator of p53 levels
ENSG00000250451	HOXC-AS1	100874363	HOXC cluster antisense RNA 1
ENSG00000250479	CHCHD10	400916	coiled-coil-helix-coiled-coil-helix domain containing 10
ENSG00000250506	CDK3	1018	cyclin dependent kinase 3
ENSG00000250510	GPR162	27239	G protein-coupled receptor 162
ENSG00000250565	ATP6V1E2	90423	ATPase H+ transporting V1 subunit E2
ENSG00000250571	GLI4	2738	GLI family zinc finger 4
ENSG00000250746	LOC100288073	100288073	heat shock protein family A (Hsp70) member 5 pseudogene
ENSG00000250799	PRODH2	58510	proline dehydrogenase 2
ENSG00000250902	SMAD1-AS1	104326058	SMAD1 antisense RNA 1
ENSG00000250903	GMDS-DT	100508120	GMDS divergent transcript
ENSG00000250988	SNHG21	100505616	small nucleolar RNA host gene 21
ENSG00000251022	THAP9-AS1	100499177	THAP9 antisense RNA 1
ENSG00000251136	PARAIL	101929709	palmitic acid regulated anti-inflammatory lncRNA
ENSG00000251138	LINC02882	100507377	long intergenic non-protein coding RNA 2882
ENSG00000251143	LOC100128494	100128494	uncharacterized LOC100128494
ENSG00000251169	LINC01843	101927934	long intergenic non-protein coding RNA 1843
ENSG00000251192	ZNF674	641339	zinc finger protein 674
ENSG00000251201	TMED7-TICAM2	100302736	TMED7-TICAM2 readthrough
ENSG00000251239	LOC101927253	101927253	uncharacterized LOC101927253
ENSG00000251322	SHANK3	85358	SH3 and multiple ankyrin repeat domains 3
ENSG00000251349	MSANTD3-TMEFF1	100526694	MSANTD3-TMEFF1 readthrough
ENSG00000251365	LINC02236	109729133	long intergenic non-protein coding RNA 2236
ENSG00000251369	ZNF550	162972	zinc finger protein 550
ENSG00000251432	LINC02615	100507487	long intergenic non-protein coding RNA 2615
ENSG00000251493	FOXD1	2297	forkhead box D1
ENSG00000251503	CENPS-CORT	100526739	CENPS-CORT readthrough
ENSG00000251562	MALAT1	378938	metastasis associated lung adenocarcinoma transcript 1
ENSG00000251580	LINC02482	105374366	long intergenic non-protein coding RNA 2482
ENSG00000251602	MTA1-DT	100507437	MTA1 divergent transcript
ENSG00000251664	PCDHA12	56137	protocadherin alpha 12
ENSG00000251733	SCARNA8	677776	small Cajal body-specific RNA 8
ENSG00000251920	RNA5SP216	100873476	RNA, 5S ribosomal pseudogene 216
ENSG00000252149	RNA5SP315	106479005	RNA, 5S ribosomal pseudogene 315
ENSG00000252311	RNU1-103P	106481623	RNA, U1 small nuclear 103, pseudogene
ENSG00000252699	SNORA21B	109617002	small nucleolar RNA, H/ACA box 21B
ENSG00000252774	LOC124900364	124900364	small nucleolar RNA SNORA48
ENSG00000252877	RNA5SP312	106480439	RNA, 5S ribosomal pseudogene 312
ENSG00000253092	LOC124900564	124900564	small nucleolar RNA SNORA81
ENSG00000253167	WASHC5-AS1	106479020	WASHC5 antisense RNA 1
ENSG00000253210	DENND3-AS1	101927963	DENND3 antisense RNA 1
ENSG00000253250	C8orf88	100127983	chromosome 8 open reading frame 88
ENSG00000253251	SHLD3	112441434	shieldin complex subunit 3
ENSG00000253276	CCDC71L	168455	coiled-coil domain containing 71 like
ENSG00000253293	HOXA10	3206	homeobox A10
ENSG00000253352	TUG1	55000	taurine up-regulated 1
ENSG00000253368	TRNP1	388610	TMF1 regulated nuclear protein 1
ENSG00000253404	CTNNA1-AS1	105379194	CTNNA1 antisense RNA 1
ENSG00000253428	LINC01942	105377736	long intergenic non-protein coding RNA 1942
ENSG00000253626	EIF5AL1	143244	eukaryotic translation initiation factor 5A like 1
ENSG00000253710	ALG11	440138	ALG11 alpha-1,2-mannosyltransferase
ENSG00000253716	MINCR	100507316	MYC-induced long non-coding RNA
ENSG00000253719	ATXN7L3B	552889	ataxin 7 like 3B
ENSG00000253729	PRKDC	5591	protein kinase, DNA-activated, catalytic subunit
ENSG00000253738	OTUD6B-AS1	100506365	OTUD6B antisense RNA 1 (head to head)
ENSG00000253741	LNCOC1	100288181	lncRNA associated with ovarian cancer 1
ENSG00000253833	DSTNP3	100287016	DSTN pseudogene 3
ENSG00000253958	CLDN23	137075	claudin 23
ENSG00000253978	TENM2-AS1	101927862	TENM2 antisense RNA 2
ENSG00000253982	CLN8-AS1	101927752	CLN8 antisense RNA 1
ENSG00000254004	ZNF260	339324	zinc finger protein 260
ENSG00000254064	PIWIL2-DT	100507071	PIWIL2 divergent transcript
ENSG00000254087	LYN	4067	LYN proto-oncogene, Src family tyrosine kinase
ENSG00000254093	PINX1	54984	PIN2 (TERF1) interacting telomerase inhibitor 1
ENSG00000254109	RBPMS-AS1	100128750	RBPMS antisense RNA 1
ENSG00000254206	NPIPB11	728888	nuclear pore complex interacting protein family member B11
ENSG00000254285	KRT8P3	728638	keratin 8 pseudogene 3
ENSG00000254338	MAFA-AS1	104326051	MAFA antisense RNA 1
ENSG00000254398	LOC100419574	100419574	HECT and RLD domain containing E3 ubiquitin protein ligase 2 pseudogene
ENSG00000254402	LRRC24	441381	leucine rich repeat containing 24
ENSG00000254413	CHKB-CPT1B	386593	CHKB-CPT1B readthrough (NMD candidate)
ENSG00000254453	NAV2-AS2	100874014	NAV2 antisense RNA 2
ENSG00000254469	XNDC1N	100133315	XRCC1 N-terminal domain containing 1, N-terminal like
ENSG00000254470	AP5B1	91056	adaptor related protein complex 5 subunit beta 1
ENSG00000254473	UBQLN1-AS1	105376114	UBQLN1 antisense RNA 1
ENSG00000254505	CHMP4A	29082	charged multivesicular body protein 4A
ENSG00000254531	FLJ20021	90024	uncharacterized LOC90024
ENSG00000254598	CSNK2A3	283106	casein kinase 2 alpha 3
ENSG00000254614	CAPN1-AS1	728975	CAPN1 antisense RNA 1
ENSG00000254634	SMG1P6	100422558	SMG1 pseudogene 6
ENSG00000254681	PKD1P5	348156	polycystin 1, transient receptor potential channel interacting pseudogene 5
ENSG00000254685	FPGT	8790	fucose-1-phosphate guanylyltransferase
ENSG00000254726	MEX3A	92312	mex-3 RNA binding family member A
ENSG00000254772	EEF1G	1937	eukaryotic translation elongation factor 1 gamma
ENSG00000254788	CKLF-CMTM1	100529251	CKLF-CMTM1 readthrough
ENSG00000254815	LMNTD2-AS1	692247	LMNTD2 antisense RNA 1
ENSG00000254827	SLC22A18AS	5003	SLC22A18 antisense RNA
ENSG00000254837	LIPT2-AS1	100287896	LIPT2 antisense RNA 1
ENSG00000254852	NPIPA2	642799	nuclear pore complex interacting protein family member A2
ENSG00000254858	MPV17L2	84769	MPV17 mitochondrial inner membrane protein like 2
ENSG00000254860	TMEM9B-AS1	493900	TMEM9B antisense RNA 1
ENSG00000254870	ATP6V1G2-DDX39B	100532737	ATP6V1G2-DDX39B readthrough (NMD candidate)
ENSG00000254901	BORCS8	729991	BLOC-1 related complex subunit 8
ENSG00000254911	SCARNA9	619383	small Cajal body-specific RNA 9
ENSG00000254986	DPP3	10072	dipeptidyl peptidase 3
ENSG00000254996	ANKHD1-EIF4EBP3	404734	ANKHD1-EIF4EBP3 readthrough
ENSG00000254999	BRK1	55845	BRICK1 subunit of SCAR/WAVE actin nucleating complex
ENSG00000255100	TSKU-AS1	101928837	TSKU antisense RNA 1
ENSG00000255112	CHMP1B	57132	charged multivesicular body protein 1B
ENSG00000255135	EMSY-DT	124902718	EMSY divergent transcript
ENSG00000255150	EID3	493861	EP300 interacting inhibitor of differentiation 3
ENSG00000255152	MSH5-SAPCD1	100532732	MSH5-SAPCD1 readthrough (NMD candidate)
ENSG00000255153	TOLLIP-DT	255512	TOLLIP divergent transcript
ENSG00000255154	HTD2	109703458	hydroxyacyl-thioester dehydratase type 2
ENSG00000255248	MIR100HG	399959	mir-100-let-7a-2-mir-125b-1 cluster host gene
ENSG00000255284	GATD1-DT	171391	GATD1 divergent transcript
ENSG00000255302	EID1	23741	EP300 interacting inhibitor of differentiation 1
ENSG00000255320	LOC124902694	124902694	uncharacterized LOC124902694
ENSG00000255517	DPP3-DT	101928069	DPP3 divergent transcript
ENSG00000255524	NPIPB8	728734	nuclear pore complex interacting protein family member B8
ENSG00000255529	POLR2M	81488	RNA polymerase II subunit M
ENSG00000255539	LOC105369373	105369373	uncharacterized LOC105369373
ENSG00000255717	SNHG1	23642	small nucleolar RNA host gene 1
ENSG00000255737	AGAP2-AS1	100130776	AGAP2 antisense RNA 1
ENSG00000255774	LINC02747	105379407	long intergenic non-protein coding RNA 2747
ENSG00000255836	LOC100419928	100419928	M-phase phosphoprotein 8 pseudogene
ENSG00000255850	RXYLT1-AS1	104169670	RXYLT1 antisense RNA 1
ENSG00000255857	PXN-AS1	100506649	PXN antisense RNA 1
ENSG00000256040	PAPPA-AS1	493913	PAPPA antisense RNA 1
ENSG00000256043	CTSO	1519	cathepsin O
ENSG00000256053	COA8	84334	cytochrome c oxidase assembly factor 8
ENSG00000256060	TRAPPC2B	10597	trafficking protein particle complex subunit 2B
ENSG00000256061	DNAAF4	161582	dynein axonemal assembly factor 4
ENSG00000256073	URB1-AS1	84996	URB1 antisense RNA 1 (head to head)
ENSG00000256087	ZNF432	9668	zinc finger protein 432
ENSG00000256092	SBNO1-AS1	112268105	SBNO1 antisense RNA 1
ENSG00000256235	SMIM3	85027	small integral membrane protein 3
ENSG00000256269	HMBS	3145	hydroxymethylbilane synthase
ENSG00000256294	ZNF225	7768	zinc finger protein 225
ENSG00000256338	RPL41P2	22970	ribosomal protein L41 pseudogene 2
ENSG00000256453	DND1	373863	DND microRNA-mediated repression inhibitor 1
ENSG00000256525	POLG2	11232	DNA polymerase gamma 2, accessory subunit
ENSG00000256537	SMIM10L1	100129361	small integral membrane protein 10 like 1
ENSG00000256546	LINC02985	100506691	long intergenic non-protein coding RNA 2985
ENSG00000256628	ZBTB11-AS1	100009676	ZBTB11 antisense RNA 1
ENSG00000256671	LIMS4	100288695	LIM zinc finger domain containing 4
ENSG00000256683	ZNF350	59348	zinc finger protein 350
ENSG00000256802	LCIIAR	100130111	lung cancer immune cell infiltration associated lncRNA
ENSG00000256806	C17orf100	388327	chromosome 17 open reading frame 100
ENSG00000256813	CCDC86-AS1	127138859	CCDC86 antisense RNA 1
ENSG00000256940	PPP1R14B-AS1	105369340	PPP1R14B antisense RNA 1
ENSG00000256977	LIMS3	96626	LIM zinc finger domain containing 3
ENSG00000257093	DENND11	57189	DENN domain containing 11
ENSG00000257103	LSM14A	26065	LSM14A mRNA processing body assembly factor
ENSG00000257167	TMPO-AS1	100128191	TMPO antisense RNA 1
ENSG00000257218	GATC	283459	glutamyl-tRNA amidotransferase subunit C
ENSG00000257267	ZNF271P	10778	zinc finger protein 271, pseudogene
ENSG00000257285	PRMT5-DT	101926933	PRMT5 divergent transcript
ENSG00000257315	ZBED6	100381270	zinc finger BED-type containing 6
ENSG00000257337	TNS2-AS1	283335	TNS2 antisense RNA 1
ENSG00000257354	MIRLET7IHG	120766144	MIRLET7I host gene
ENSG00000257365	FNTB	2342	farnesyltransferase, CAAX box, beta
ENSG00000257529	RPL36A-HNRNPH2	100529097	RPL36A-HNRNPH2 readthrough
ENSG00000257550	LOC100652999	100652999	uncharacterized LOC100652999
ENSG00000257594	GALNT4	8693	polypeptide N-acetylgalactosaminyltransferase 4
ENSG00000257599	OVCH1-AS1	101055625	OVCH1 antisense RNA 1
ENSG00000257621	PSMA3-AS1	379025	PSMA3 antisense RNA 1
ENSG00000257671	KRT7-AS	109729127	KRT7 antisense RNA 1
ENSG00000257698	GIHCG	100506844	GIHCG inhibitor of miR-200b/200a/429 expression
ENSG00000257702	LBX2-AS1	151534	LBX2 antisense RNA 1
ENSG00000257704	INAFM1	255783	InaF motif containing 1
ENSG00000257718	CPNE8-AS1	107984504	CPNE8 antisense RNA 1
ENSG00000257727	CNPY2	10330	canopy FGF signaling regulator 2
ENSG00000257732	LOC124903002	124903002	uncharacterized LOC124903002
ENSG00000257815	PRANCR	101928062	progenitor renewal associated non-coding RNA
ENSG00000257923	CUX1	1523	cut like homeobox 1
ENSG00000257949	TEN1	100134934	TEN1 subunit of CST complex
ENSG00000258056	CD63-AS1	105369779	CD63 antisense RNA 1
ENSG00000258057	BCDIN3D-AS1	100286844	BCDIN3D antisense RNA 1
ENSG00000258102	MAP1LC3B2	643246	microtubule associated protein 1 light chain 3 beta 2
ENSG00000258289	CHURC1	91612	churchill domain containing 1
ENSG00000258301	VASH1-AS1	100506603	VASH1 antisense RNA 1
ENSG00000258315	C17orf49	124944	chromosome 17 open reading frame 49
ENSG00000258325	ITFG2-AS1	283440	ITFG2 antisense RNA 1
ENSG00000258343	SNRPF-DT	105369921	SNRPF divergent transcript
ENSG00000258366	RTEL1	51750	regulator of telomere elongation helicase 1
ENSG00000258429	PDF	64146	peptide deformylase, mitochondrial
ENSG00000258441	LINC00641	283624	long intergenic non-protein coding RNA 641
ENSG00000258451	EGILA	116435281	EGFR interacting lncRNA
ENSG00000258471	LOC101929718	101929718	uncharacterized LOC101929718
ENSG00000258474	LINC02313	105370439	long intergenic non-protein coding RNA 2313
ENSG00000258498	DIO3OS	64150	DIO3 opposite strand upstream RNA
ENSG00000258525	LOC100506071	100506071	uncharacterized LOC100506071
ENSG00000258537	FRMD6-AS1	145438	FRMD6 antisense RNA 1
ENSG00000258609	LINC-ROR	100885779	long intergenic non-protein coding RNA, regulator of reprogramming
ENSG00000258643	BCL2L2-PABPN1	100529063	BCL2L2-PABPN1 readthrough
ENSG00000258644	SYNJ2BP-COX16	100529257	SYNJ2BP-COX16 readthrough
ENSG00000258659	TRIM34	53840	tripartite motif containing 34
ENSG00000258667	HIF1A-AS3	105370526	HIF1A antisense RNA 3
ENSG00000258708	SLC25A21-AS1	100129794	SLC25A21 antisense RNA 1
ENSG00000258725	PRC1-AS1	100507118	PRC1 antisense RNA 1
ENSG00000258727	AP1G2-AS1	102724814	AP1G2 antisense RNA 1
ENSG00000258738	BAZ1A-AS1	112268124	BAZ1A antisense RNA 1
ENSG00000258790	PRORP	9692	protein only RNase P catalytic subunit
ENSG00000258818	RNASE4	6038	ribonuclease A family member 4
ENSG00000258839	MC1R	4157	melanocortin 1 receptor
ENSG00000258890	CEP95	90799	centrosomal protein 95
ENSG00000258920	FOXN3-AS1	400236	FOXN3 antisense RNA 1
ENSG00000258947	TUBB3	10381	tubulin beta 3 class III
ENSG00000259024	TVP23C-CDRT4	100533496	TVP23C-CDRT4 readthrough
ENSG00000259040	BLOC1S5-TXNDC5	100526836	BLOC1S5-TXNDC5 readthrough (NMD candidate)
ENSG00000259112	NDUFC2-KCTD14	100532726	NDUFC2-KCTD14 readthrough
ENSG00000259120	SMIM6	100130933	small integral membrane protein 6
ENSG00000259153	MAP3K9-DT	100506411	MAP3K9 divergent transcript
ENSG00000259169	GNRHR2P1	404718	GNRHR2 pseudogene 1
ENSG00000259207	ITGB3	3690	integrin subunit beta 3
ENSG00000259291	ZNF710-AS1	109729181	ZNF710 antisense RNA 1
ENSG00000259305	ZHX1-C8orf76	100533106	ZHX1-C8orf76 readthrough
ENSG00000259330	INAFM2	100505573	InaF motif containing 2
ENSG00000259332	ST20-MTHFS	100528021	ST20-MTHFS readthrough
ENSG00000259374	NDUFB4P11	107075247	NADH:ubiquinone oxidoreductase subunit B4 pseudogene 11
ENSG00000259399	TGIF2-RAB5IF	100527943	TGIF2-RAB5IF readthrough
ENSG00000259426	KIF23-AS1	145694	KIF23 and PAQR5 antisense RNA 1
ENSG00000259431	THTPA	79178	thiamine triphosphatase
ENSG00000259439	LINC01833	107985879	long intergenic non-protein coding RNA 1833
ENSG00000259494	MRPL46	26589	mitochondrial ribosomal protein L46
ENSG00000259495	ARNT2-DT	101929560	ARNT2 divergent transcript
ENSG00000259538	UBE2Q2P11	100421767	UBE2Q2 pseudogene 11
ENSG00000259583	ALDH1A3-AS1	101927751	ALDH1A3 antisense RNA 1
ENSG00000259674	RPL7AP75	100132644	ribosomal protein L7a pseudogene 75
ENSG00000259768	ZFHX3-AS1	101927978	ZFHX3 antisense RNA 1
ENSG00000259772	LINC03034	283710	long intergenic non-protein coding RNA 3034
ENSG00000259774	LOC103171574	103171574	uncharacterized LOC103171574
ENSG00000259803	SLC22A31	146429	solute carrier family 22 member 31
ENSG00000259884	NR4A1AS	115409980	NR4A1 antisense RNA
ENSG00000259948	LOC124903574	124903574	vesicle-associated membrane protein-associated protein A-like
ENSG00000259956	RBM15B	29890	RNA binding motif protein 15B
ENSG00000259974	LINC00261	140828	long intergenic non-protein coding RNA 261
ENSG00000260027	HOXB7	3217	homeobox B7
ENSG00000260032	NORAD	647979	non-coding RNA activated by DNA damage
ENSG00000260075	LRRC37A2	474170	leucine rich repeat containing 37 member A2
ENSG00000260219	CD2BP2-DT	101928707	CD2BP2 divergent transcript
ENSG00000260231	KDM7A-DT	100134229	KDM7A divergent transcript
ENSG00000260238	PMF1-BGLAP	100527963	PMF1-BGLAP readthrough
ENSG00000260260	SNHG19	100507303	small nucleolar RNA host gene 19
ENSG00000260280	SLX1B-SULT1A4	100526831	SLX1B-SULT1A4 readthrough (NMD candidate)
ENSG00000260287	TBC1D3G	101060321	TBC1 domain family member 3G
ENSG00000260428	SCX	642658	scleraxis bHLH transcription factor
ENSG00000260442	ATP2A1-AS1	100289092	ATP2A1 antisense RNA 1
ENSG00000260456	C16orf95	100506581	chromosome 16 open reading frame 95
ENSG00000260552	COSMOC	101927809	cell fate and sterol metabolism associated divergent transcript of MOCOS
ENSG00000260630	SNAI3-AS1	197187	SNAI3 antisense RNA 1
ENSG00000260778	MIR3677HG	106660606	MIR3677 and MIR940 host gene
ENSG00000260793	ATXN7L3-AS1	101926967	ATXN7L3 antisense RNA 1
ENSG00000260804	LINC01963	150967	long intergenic non-protein coding RNA 1963
ENSG00000260852	FBXL19-AS1	283932	FBXL19 antisense RNA 1
ENSG00000260916	CCPG1	9236	cell cycle progression 1
ENSG00000260917	LOC103344931	103344931	uncharacterized LOC103344931
ENSG00000261040	WFDC21P	645638	WAP four-disulfide core domain 21, pseudogene
ENSG00000261052	SULT1A3	6818	sulfotransferase family 1A member 3
ENSG00000261087	ZNNT1	115830329	ZNF706 neighboring transcript 1
ENSG00000261188	TFIP11-DT	100507599	TFIP11 divergent transcript
ENSG00000261189	DSP-AS1	101928076	DSP antisense RNA 1
ENSG00000261221	ZNF865	100507290	zinc finger protein 865
ENSG00000261236	BOP1	23246	BOP1 ribosomal biogenesis factor
ENSG00000261247	GOLGA8T	653075	golgin A8 family member T
ENSG00000261373	VPS9D1-AS1	100128881	VPS9D1 antisense RNA 1
ENSG00000261448	LOC102723692	102723692	uncharacterized LOC102723692
ENSG00000261455	LINC01003	100128822	long intergenic non-protein coding RNA 1003
ENSG00000261465	COQ7-DT	102723385	COQ7 divergent transcript
ENSG00000261488	TBILA	112806053	TGF-beta induced lncRNA
ENSG00000261609	GAN	8139	gigaxonin
ENSG00000261652	PIERCE2	145788	piercer of microtubule wall 2
ENSG00000261740	BOLA2-SMG1P6	107282092	BOLA2-SMG1P6 readthrough
ENSG00000261780	LINC02582	100505817	long intergenic non-protein coding RNA 2582
ENSG00000261794	GOLGA8H	728498	golgin A8 family member H
ENSG00000261796	ISY1-RAB43	100534599	ISY1-RAB43 readthrough
ENSG00000261824	LINC00662	148189	long intergenic non-protein coding RNA 662
ENSG00000261914	RPL23AP84	102723981	ribosomal protein L23a pseudogene 84
ENSG00000261971	LOC124900372	124900372	sialidase-like
ENSG00000262061	RPH3AL-AS1	100506388	RPH3AL antisense RNA 1
ENSG00000262165	C17orf114	119139905	chromosome 17 open reading frame 114
ENSG00000262188	LINC01978	101928738	long intergenic non-protein coding RNA 1978
ENSG00000262246	CORO7	79585	coronin 7
ENSG00000262454	MIR193BHG	100129781	MIR193b-365a host gene
ENSG00000262664	OVCA2	124641	OVCA2 serine hydrolase domain containing
ENSG00000262814	MRPL12	6182	mitochondrial ribosomal protein L12
ENSG00000262902	MTCO1P40	107075172	MT-CO1 pseudogene 40
ENSG00000262919	CCNQ	92002	cyclin Q
ENSG00000263001	GTF2I	2969	general transcription factor IIi
ENSG00000263002	ZNF234	10780	zinc finger protein 234
ENSG00000263069	RNF213-AS1	100294362	RNF213 antisense RNA 1
ENSG00000263142	LRRC37A17P	644397	leucine rich repeat containing 37 member A17, pseudogene
ENSG00000263155	MYZAP	100820829	myocardial zonula adherens protein
ENSG00000263266	RPS7P1	388363	ribosomal protein S7 pseudogene 1
ENSG00000263280	LOC101929566	101929566	uncharacterized LOC101929566
ENSG00000263293	EFCAB13-DT	102724508	EFCAB13 divergent transcript
ENSG00000263412	NFE2L1-DT	116435298	NFE2L1 divergent transcript
ENSG00000263432	RN7SL689P	106481111	RNA, 7SL, cytoplasmic 689, pseudogene
ENSG00000263465	SRSF8	10929	serine and arginine rich splicing factor 8
ENSG00000263513	FAM72C	554282	family with sequence similarity 72 member C
ENSG00000263528	IKBKE	9641	inhibitor of nuclear factor kappa B kinase subunit epsilon
ENSG00000263647	BPTFP1	109286551	bromodomain PHD finger transcription factor pseudogene 1
ENSG00000263711	LINC02864	400655	long intergenic non-protein coding RNA 2864
ENSG00000263740	RN7SL4P	6030	RNA, 7SL, cytoplasmic 4, pseudogene
ENSG00000263753	LINC00667	339290	long intergenic non-protein coding RNA 667
ENSG00000263766	KPNB1-DT	112268184	KPNB1 divergent transcript
ENSG00000263776	SNORA4	619568	small nucleolar RNA, H/ACA box 4
ENSG00000263956	NBPF11	200030	NBPF member 11
ENSG00000263968	RN7SL381P	106479362	RNA, 7SL, cytoplasmic 381, pseudogene
ENSG00000264230	ANXA8L1	728113	annexin A8 like 1
ENSG00000264247	ZNF407-AS1	400657	ZNF407 antisense RNA 1
ENSG00000264343	NOTCH2NLA	388677	notch 2 N-terminal like A
ENSG00000264346	SNORA77B	109617010	small nucleolar RNA, H/ACA box 77B
ENSG00000264352	RN7SL602P	106479441	RNA, 7SL, cytoplasmic 602, pseudogene
ENSG00000264364	DYNLL2	140735	dynein light chain LC8-type 2
ENSG00000264423	RN7SL718P	106479485	RNA, 7SL, cytoplasmic 718, pseudogene
ENSG00000264462	MIR3648-2	103504731	microRNA 3648-2
ENSG00000264522	OTUD7B	56957	OTU deubiquitinase 7B
ENSG00000264614	MIR5588	100847054	microRNA 5588
ENSG00000264717	NPY4R2	100996758	neuropeptide Y receptor Y4-2
ENSG00000264920	SP2-DT	102724532	SP2 divergent transcript
ENSG00000265190	ANXA8	653145	annexin A8
ENSG00000265241	RBM8A	9939	RNA binding motif protein 8A
ENSG00000265354	TIMM23	100287932	translocase of inner mitochondrial membrane 23
ENSG00000265458	NARF-AS2	105371941	NARF antisense RNA 2
ENSG00000265479	DTX2P1-UPK3BP1-PMS2P11	441263	DTX2P1-UPK3BP1-PMS2P11 readthrough, transcribed pseudogene
ENSG00000265491	RNF115	27246	ring finger protein 115
ENSG00000265666	RARA-AS1	101929693	RARA antisense RNA 1
ENSG00000265681	RPL17	6139	ribosomal protein L17
ENSG00000265688	MILIP	92659	MYC inducible lncRNA inactivating p53
ENSG00000265763	ZNF488	118738	zinc finger protein 488
ENSG00000265778	ZNF516-AS1	101927989	ZNF516 antisense RNA 1
ENSG00000265808	SEC22B	9554	SEC22 homolog B, vesicle trafficking protein
ENSG00000265817	FSBP	100861412	fibrinogen silencer binding protein
ENSG00000265962	GACAT2	100287082	gastric cancer associated transcript 2
ENSG00000265992	ESRG	790952	embryonic stem cell related
ENSG00000266028	SRGAP2	23380	SLIT-ROBO Rho GTPase activating protein 2
ENSG00000266053	NDUFV2-AS1	101927275	NDUFV2 antisense RNA 1
ENSG00000266074	BAHCC1	57597	BAH domain and coiled-coil containing 1
ENSG00000266094	RASSF5	83593	Ras association domain family member 5
ENSG00000266129	SRP68P1	252841	signal recognition particle 68 pseudogene 1
ENSG00000266145	RHOT1P1	100462813	ras homolog family member T1 pseudogene 1
ENSG00000266173	STRADA	92335	STE20 related adaptor alpha
ENSG00000266274	RN7SL138P	106480489	RNA, 7SL, cytoplasmic 138, pseudogene
ENSG00000266338	NBPF15	284565	NBPF member 15
ENSG00000266401	LOC105371967	105371967	uncharacterized LOC105371967
ENSG00000266402	SNHG25	105376843	small nucleolar RNA host gene 25
ENSG00000266412	NCOA4	8031	nuclear receptor coactivator 4
ENSG00000266472	MRPS21	54460	mitochondrial ribosomal protein S21
ENSG00000266627	RN7SL202P	106479295	RNA, 7SL, cytoplasmic 202, pseudogene
ENSG00000266655	MIR3908	100500909	microRNA 3908
ENSG00000266714	MYO15B	80022	myosin XVB
ENSG00000266751	MIR3661	100500905	microRNA 3661
ENSG00000266754	RN7SL524P	106481066	RNA, 7SL, cytoplasmic 524, pseudogene
ENSG00000266835	GAPLINC	100505592	gastric adenocarcinoma associated, positive CD44 regulator, long intergenic non-coding RNA
ENSG00000266921	ZNF230-DT	101928063	ZNF230 divergent transcript
ENSG00000266962	HSD17B1-AS1	108783654	HSD17B1 antisense RNA 1
ENSG00000266967	AARSD1	80755	alanyl-tRNA synthetase domain containing 1
ENSG00000266970	SOCS3-DT	101928674	SOCS3 divergent transcript
ENSG00000266992	DHX40P1	107133522	DEAH-box helicase 40 pseudogene 1
ENSG00000267015	LOC124904332	124904332	uncharacterized LOC124904332
ENSG00000267026	LOC102724684	102724684	uncharacterized LOC102724684
ENSG00000267040	ATP8B1-AS1	100505549	ATP8B1 antisense RNA 1
ENSG00000267056	LOC729654	729654	inositol polyphosphate multikinase pseudogene
ENSG00000267080	ASB16-AS1	339201	ASB16 antisense RNA 1
ENSG00000267100	ILF3-DT	147727	ILF3 divergent transcript
ENSG00000267106	ZNF561-AS1	284385	ZNF561 antisense RNA 1 (head to head)
ENSG00000267107	PCAT19	100505495	prostate cancer associated transcript 19
ENSG00000267121	FMNL1-DT	339192	FMNL1 divergent transcript
ENSG00000267147	LINC01842	101928845	long intergenic non-protein coding RNA 1842
ENSG00000267213	DPY19L3-DT	400684	DPY19L3 divergent transcript
ENSG00000267221	C17orf113	110806298	chromosome 17 open reading frame 113
ENSG00000267248	LOC100996660	100996660	uncharacterized LOC100996660
ENSG00000267280	TBX2-AS1	103689912	TBX2 antisense RNA 1
ENSG00000267288	LOC105371795	105371795	uncharacterized LOC105371795
ENSG00000267296	CEBPA-DT	80054	CEBPA divergent transcript
ENSG00000267302	RNFT1-DT	101927755	RNFT1 divergent transcript
ENSG00000267309	ZNF566-AS1	728752	ZNF566 antisense RNA 1
ENSG00000267323	SLC25A1P5	642290	solute carrier family 25 member 1 pseudogene 5
ENSG00000267368	UPK3BL1	100134938	uroplakin 3B like 1
ENSG00000267374	MIR924HG	647946	MIR924 host gene
ENSG00000267493	CIRBP-AS1	148046	CIRBP antisense RNA 1
ENSG00000267508	ZNF285	26974	zinc finger protein 285
ENSG00000267532	MIR497HG	100506755	mir-497-195 cluster host gene
ENSG00000267534	S1PR2	9294	sphingosine-1-phosphate receptor 2
ENSG00000267541	MTCO2P2	100873202	MT-CO2 pseudogene 2
ENSG00000267575	LINC02987	101927151	long intergenic non-protein coding RNA 2987
ENSG00000267673	FDX2	112812	ferredoxin 2
ENSG00000267680	ZNF224	7767	zinc finger protein 224
ENSG00000267751	BSG-AS1	105372233	BSG antisense RNA 1
ENSG00000267757	EML2-AS1	100287177	EML2 antisense RNA 1
ENSG00000267796	LIN37	55957	lin-37 DREAM MuvB core complex component
ENSG00000267855	NDUFA7	4701	NADH:ubiquinone oxidoreductase subunit A7
ENSG00000267858	MZF1-AS1	100131691	MZF1 antisense RNA 1
ENSG00000267871	ZNF460-AS1	105372476	ZNF460 antisense RNA 1
ENSG00000268006	PTOV1-AS1	100506033	PTOV1 antisense RNA 1
ENSG00000268043	NBPF12	149013	NBPF member 12
ENSG00000268129	LOC100289361	100289361	uncharacterized LOC100289361
ENSG00000268350	FAM156A	29057	family with sequence similarity 156 member A
ENSG00000268403	LOC644656	644656	uncharacterized LOC644656
ENSG00000268592	RAET1E-AS1	100652739	RAET1E antisense RNA 1
ENSG00000268621	IGFL2-AS1	645553	IGFL2 antisense RNA 1
ENSG00000268812	LIF-AS2	91370	LIF antisense RNA 2
ENSG00000268858	LOC112268269	112268269	uncharacterized LOC112268269
ENSG00000268895	A1BG-AS1	503538	A1BG antisense RNA 1
ENSG00000268996	MAN1B1-DT	100289341	MAN1B1 divergent transcript
ENSG00000269190	FBXO17	115290	F-box protein 17
ENSG00000269194	LOC105372435	105372435	uncharacterized LOC105372435
ENSG00000269335	IKBKG	8517	inhibitor of nuclear factor kappa B kinase regulatory subunit gamma
ENSG00000269343	ZNF587B	100293516	zinc finger protein 587B
ENSG00000269374	LOC732229	732229	AN1-type zinc finger protein 5-like
ENSG00000269386	RAB11B-AS1	100507567	RAB11B antisense RNA 1
ENSG00000269439	PGLS-DT	100507551	PGLS divergent transcript
ENSG00000269556	TMEM185A	84548	transmembrane protein 185A
ENSG00000269609	C10orf95-AS1	100505761	C10orf95 antisense RNA 1
ENSG00000269713	NBPF9	400818	NBPF member 9
ENSG00000269858	EGLN2	112398	egl-9 family hypoxia inducible factor 2
ENSG00000269893	SNHG8	100093630	small nucleolar RNA host gene 8
ENSG00000269897	COMMD3-BMI1	100532731	COMMD3-BMI1 readthrough
ENSG00000269929	MIRLET7A1HG	112903833	miRlet-7a-1/let-7f-1/let-7d cluster host gene
ENSG00000269955	FMC1-LUC7L2	100996928	FMC1-LUC7L2 readthrough
ENSG00000270006	C16orf95-DT	101928659	C16orf95 divergent transcript
ENSG00000270049	ATP6V0D1-DT	101927837	ATP6V0D1 divergent transcript
ENSG00000270170	NCBP2AS2	152217	NCBP2 antisense 2 (head to head)
ENSG00000270194	GOLGA4-AS1	152048	GOLGA4 antisense RNA 1
ENSG00000270225	MTCO2P22	100289404	MT-CO2 pseudogene 22
ENSG00000270231	NBPF8	728841	NBPF member 8
ENSG00000270276	H4C15	554313	H4 clustered histone 15
ENSG00000270580	PKD1P6-NPIPP1	105369154	PKD1P6-NPIPP1 readthrough
ENSG00000270629	NBPF14	25832	NBPF member 14
ENSG00000270647	TAF15	8148	TATA-box binding protein associated factor 15
ENSG00000270673	YTHDF3-DT	101410533	YTHDF3 divergent transcript
ENSG00000270722	LOC124904619	124904619	U1 spliceosomal RNA
ENSG00000270757	HSPE1-MOB4	100529241	HSPE1-MOB4 readthrough
ENSG00000270800	RPS10-NUDT3	100529239	RPS10-NUDT3 readthrough
ENSG00000270882	H4C14	8370	H4 clustered histone 14
ENSG00000271092	TLCD4-RWDD3	100527978	TLCD4-RWDD3 readthrough
ENSG00000271122	HERPUD2-AS1	101930085	HERPUD2 antisense RNA 1
ENSG00000271270	TMCC1-DT	100507032	TMCC1 divergent transcript
ENSG00000271303	SRXN1	140809	sulfiredoxin 1
ENSG00000271383	NBPF19	101060226	NBPF member 19
ENSG00000271425	NBPF10	100132406	NBPF member 10
ENSG00000271447	MMP28	79148	matrix metallopeptidase 28
ENSG00000271503	CCL5	6352	C-C motif chemokine ligand 5
ENSG00000271601	LIX1L	128077	limb and CNS expressed 1 like
ENSG00000271605	MILR1	284021	mast cell immunoglobulin like receptor 1
ENSG00000271643	PDCD6IP-DT	105377023	PDCD6IP divergent transcript
ENSG00000271798	SNORA51	677831	small nucleolar RNA, H/ACA box 51
ENSG00000271816	BMS1P4	729096	BMS1 pseudogene 4
ENSG00000271853	S100A13	6284	S100 calcium binding protein A13
ENSG00000271974	RDM1P4	112577467	RDM1 pseudogene 4
ENSG00000272047	GTF2H5	404672	general transcription factor IIH subunit 5
ENSG00000272055	RNU6-6P	26826	RNA, U6 small nuclear 6, pseudogene
ENSG00000272138	LINC01607	101927067	long intergenic non-protein coding RNA 1607
ENSG00000272142	LYRM4-AS1	100129461	LYRM4 antisense RNA 1
ENSG00000272146	ARF4-AS1	106144532	ARF4 antisense RNA 1
ENSG00000272269	NUP153-AS1	105374952	NUP153 antisense RNA 1
ENSG00000272288	ILRUN-AS1	101929243	ILRUN antisense RNA 1
ENSG00000272323	TTC23L-AS1	101929704	TTC23L antisense RNA 1
ENSG00000272325	NUDT3	11165	nudix hydrolase 3
ENSG00000272333	KMT2B	9757	lysine methyltransferase 2B
ENSG00000272337	RNU6-90P	106481205	RNA, U6 small nuclear 90, pseudogene
ENSG00000272391	POM121C	100101267	POM121 transmembrane nucleoporin C
ENSG00000272398	CD24	100133941	CD24 molecule
ENSG00000272447	LOC642361	642361	uncharacterized LOC642361
ENSG00000272573	MUSTN1	389125	musculoskeletal, embryonic nuclear protein 1
ENSG00000272589	ZSWIM8-AS1	100507331	ZSWIM8 antisense RNA 1
ENSG00000272601	EFCAB3P1	125775236	EFCAB3 pseudogene 1
ENSG00000272602	ZNF595	152687	zinc finger protein 595
ENSG00000272636	DOC2B	8447	double C2 domain beta
ENSG00000272686	WASL-DT	116435299	WASL divergent transcript
ENSG00000272752	STAG3L5P-PVRIG2P-PILRB	101752399	STAG3L5P-PVRIG2P-PILRB readthrough
ENSG00000272758	WDR5B-DT	102723582	WDR5B divergent transcript
ENSG00000272767	JMJD1C-AS1	84989	JMJD1C antisense RNA 1
ENSG00000272808	GCAWKR	105369201	gastric cancer associated WDR5 and KAT2A binding lncRNA
ENSG00000272886	DCP1A	55802	decapping mRNA 1A
ENSG00000272968	RBAK-RBAKDN	100533952	RBAK-RBAKDN readthrough
ENSG00000273002	ARHGEF2-AS2	107985209	ARHGEF2 antisense RNA 2
ENSG00000273018	FAM106A	80039	family with sequence similarity 106 member A
ENSG00000273032	DGCR5	26220	DiGeorge syndrome critical region gene 5
ENSG00000273033	LINC02035	100129550	long intergenic non-protein coding RNA 2035
ENSG00000273036	CYP4F33P	107133499	cytochrome P450 family 4 subfamily F member 33, pseudogene
ENSG00000273061	CDC37L1-DT	101929351	CDC37L1 divergent transcript
ENSG00000273102	LOC124905013	124905013	uncharacterized LOC124905013
ENSG00000273132	LOC124901427	124901427	uncharacterized LOC124901427
ENSG00000273136	NBPF26	101060684	NBPF member 26
ENSG00000273145	LOC124905134	124905134	uncharacterized LOC124905134
ENSG00000273148	LCDR	100270804	lysosome cell death regulator
ENSG00000273173	SNURF	8926	SNRPN upstream open reading frame
ENSG00000273213	H3-7	440686	H3.7 histone (putative)
ENSG00000273297	LINC03060	105375519	long intergenic non-protein coding RNA 3060
ENSG00000273344	PAXIP1-DT	202781	PAXIP1 divergent transcript
ENSG00000273513	TBC1D3K	101060351	TBC1 domain family member 3K
ENSG00000273542	H4C12	8362	H4 clustered histone 12
ENSG00000273544	SNORA44	677825	small nucleolar RNA, H/ACA box 44
ENSG00000273559	CWC25	54883	CWC25 spliceosome associated protein homolog
ENSG00000273590	LOC102723553	102723553	small integral membrane protein 11B
ENSG00000273604	EPOP	100170841	elongin BC and polycomb repressive complex 2 associated protein
ENSG00000273611	ZNHIT3	9326	zinc finger HIT-type containing 3
ENSG00000273709	LOC124904136	124904136	U2 spliceosomal RNA
ENSG00000273723	SUGT1-DT	116435302	SUGT1 divergent transcript
ENSG00000273749	CYFIP1	23191	cytoplasmic FMR1 interacting protein 1
ENSG00000273768	LOC124904613	124904613	U1 spliceosomal RNA
ENSG00000273820	USP27X	389856	ubiquitin specific peptidase 27 X-linked
ENSG00000273841	TAF9	6880	TATA-box binding protein associated factor 9
ENSG00000273899	NOL12	79159	nucleolar protein 12
ENSG00000274012	RN7SL2	378706	RNA component of signal recognition particle 7SL2
ENSG00000274020	LINC01138	388685	long intergenic non-protein coding RNA 1138
ENSG00000274026	FAM27E3	100131997	family with sequence similarity 27 member E3
ENSG00000274062	LOC124904138	124904138	U2 spliceosomal RNA
ENSG00000274070	CASTOR2	729438	cytosolic arginine sensor for mTORC1 subunit 2
ENSG00000274180	NATD1	256302	N-acetyltransferase domain containing 1
ENSG00000274211	SOCS7	30837	suppressor of cytokine signaling 7
ENSG00000274226	TBC1D3H	729877	TBC1 domain family member 3H
ENSG00000274259	SYNGAP1-AS1	112390310	SYNGAP1 antisense RNA 1
ENSG00000274266	SNORA73A	6080	small nucleolar RNA, H/ACA box 73A
ENSG00000274276	LOC102724560	102724560	cystathionine beta-synthase like
ENSG00000274333	LINC03104	102724219	long intergenic non-protein coding RNA 3104
ENSG00000274349	ZNF658	26149	zinc finger protein 658
ENSG00000274419	TBC1D3D	101060389	TBC1 domain family member 3D
ENSG00000274432	LOC124904137	124904137	U2 spliceosomal RNA
ENSG00000274452	LOC124904145	124904145	U2 spliceosomal RNA
ENSG00000274512	TBC1D3	729873	TBC1 domain family member 3
ENSG00000274523	RCC1L	81554	RCC1 like
ENSG00000274559	LOC102724334	102724334	histone H2B type F-S-like
ENSG00000274585	RNU2-1	6066	RNA, U2 small nuclear 1
ENSG00000274605	PCCA-DT	105370333	PCCA divergent transcript
ENSG00000274611	TBC1D3	729873	TBC1 domain family member 3
ENSG00000274615	NPEPPSP1	440434	NPEPPS pseudogene 1
ENSG00000274641	H2BC17	8348	H2B clustered histone 17
ENSG00000274750	H3C6	8353	H3 clustered histone 6
ENSG00000274810	NPHP3-ACAD11	100532724	NPHP3-ACAD11 readthrough (NMD candidate)
ENSG00000274862	LOC124904138	124904138	U2 spliceosomal RNA
ENSG00000274933	TBC1D3I	102724862	TBC1 domain family member 3I
ENSG00000275004	ZNF280B	140883	zinc finger protein 280B
ENSG00000275022	MIR6753	102465451	microRNA 6753
ENSG00000275023	MLLT6	4302	MLLT6, PHD finger containing
ENSG00000275052	PPP4R3B	57223	protein phosphatase 4 regulatory subunit 3B
ENSG00000275066	SYNRG	11276	synergin gamma
ENSG00000275074	NUDT18	79873	nudix hydrolase 18
ENSG00000275111	ZNF2	7549	zinc finger protein 2
ENSG00000275143	SCARNA16	677781	small Cajal body-specific RNA 16
ENSG00000275160	RPL7AP45	100132678	ribosomal protein L7a pseudogene 45
ENSG00000275183	LENG9	94059	leukocyte receptor cluster member 9
ENSG00000275219	LOC124904138	124904138	U2 spliceosomal RNA
ENSG00000275221	H2AC15	8330	H2A clustered histone 15
ENSG00000275325	PDCD6IPP1	100861430	PDCD6IP pseudogene 1
ENSG00000275342	PRAG1	157285	PEAK1 related, kinase-activating pseudokinase 1
ENSG00000275395	FCGBP	8857	Fc gamma binding protein
ENSG00000275410	HNF1B	6928	HNF1 homeobox B
ENSG00000275464	LOC102724159	102724159	periodic tryptophan protein 2 homolog
ENSG00000275491	LINC01730	101929125	long intergenic non-protein coding RNA 1730
ENSG00000275496	LOC102723360	102723360	uncharacterized LOC102723360
ENSG00000275558	RN7SKP175	106479173	RN7SK pseudogene 175
ENSG00000275616	LOC124904135	124904135	U2 spliceosomal RNA
ENSG00000275700	AATF	26574	apoptosis antagonizing transcription factor
ENSG00000275708	MIR3648-1	100500862	microRNA 3648-1
ENSG00000275740	LOC127814297	127814297	RBM27-POU4F3
ENSG00000275765	LOC100652758	100652758	uncharacterized LOC100652758
ENSG00000275778	PRH1-PRR4	100533464	PRH1-PRR4 readthrough
ENSG00000275832	ARHGAP23	57636	Rho GTPase activating protein 23
ENSG00000275835	TUBGCP5	114791	tubulin gamma complex component 5
ENSG00000275882	IKBKGP1	246210	inhibitor of nuclear factor kappa B kinase subunit gamma pseudogene 1
ENSG00000275895	LOC102724594	102724594	U2 small nuclear RNA auxiliary factor 1 like 5
ENSG00000275954	TBC1D3F	84218	TBC1 domain family member 3F
ENSG00000275993	LOC102724428	102724428	salt inducible kinase 1B (putative)
ENSG00000275994	SNORA24	677809	small nucleolar RNA, H/ACA box 24
ENSG00000276023	DUSP14	11072	dual specificity phosphatase 14
ENSG00000276043	UHRF1	29128	ubiquitin like with PHD and ring finger domains 1
ENSG00000276045	ORAI1	84876	ORAI calcium release-activated calcium modulator 1
ENSG00000276077	LINC03105	102724951	long intergenic non-protein coding RNA 3105
ENSG00000276160	GGTLC5P	653590	gamma-glutamyltransferase light chain 5 pseudogene
ENSG00000276168	RN7SL1	6029	RNA component of signal recognition particle 7SL1
ENSG00000276234	TADA2A	6871	transcriptional adaptor 2A
ENSG00000276293	PIP4K2B	8396	phosphatidylinositol-5-phosphate 4-kinase type 2 beta
ENSG00000276476	LINC00540	100506622	long intergenic non-protein coding RNA 540
ENSG00000276547	PCDHGB5	56101	protocadherin gamma subfamily B, 5
ENSG00000276596	LOC124904138	124904138	U2 spliceosomal RNA
ENSG00000276850	ANXA8	653145	annexin A8
ENSG00000276966	H4C5	8367	H4 clustered histone 5
ENSG00000277027	RMRP	6023	RNA component of mitochondrial RNA processing endoribonuclease
ENSG00000277067	LOC102724843	102724843	uncharacterized LOC102724843
ENSG00000277125	PMS2P14	122149300	PMS1 homolog 2, mismatch repair system component pseudogene 14
ENSG00000277149	TYW1B	441250	tRNA-yW synthesizing protein 1 homolog B
ENSG00000277150	F8A3	474384	coagulation factor VIII associated 3
ENSG00000277161	PIGW	284098	phosphatidylinositol glycan anchor biosynthesis class W
ENSG00000277182	LOC100287808	100287808	uncharacterized LOC100287808
ENSG00000277209	RPPH1	85495	ribonuclease P RNA component H1
ENSG00000277258	PCGF2	7703	polycomb group ring finger 2
ENSG00000277268	LHX1-DT	102723471	LHX1 divergent transcript
ENSG00000277283	RAB35-AS1	127138862	RAB35 antisense RNA 1
ENSG00000277363	SRCIN1	80725	SRC kinase signaling inhibitor 1
ENSG00000277443	MARCKS	4082	myristoylated alanine rich protein kinase C substrate
ENSG00000277586	NEFL	4747	neurofilament light chain
ENSG00000277739	RNA5-8SP10	109910384	RNA, 5.8S ribosomal pseudogene 10
ENSG00000277758	SYT15B	102724488	synaptotagmin 15B
ENSG00000277791	PSMB3	5691	proteasome 20S subunit beta 3
ENSG00000277887	SNORA50C	677842	small nucleolar RNA, H/ACA box 50C
ENSG00000277903	LOC124904138	124904138	U2 spliceosomal RNA
ENSG00000277918	LOC124904616	124904616	U1 spliceosomal RNA
ENSG00000277942	MIR8075	102465874	microRNA 8075
ENSG00000277972	CISD3	284106	CDGSH iron sulfur domain 3
ENSG00000277998	EIF3EP3	100462836	EIF3E pseudogene 3
ENSG00000278023	RDM1	201299	RAD52 motif containing 1
ENSG00000278048	LOC124904138	124904138	U2 spliceosomal RNA
ENSG00000278053	DDX52	11056	DExD-box helicase 52
ENSG00000278129	ZNF8	7554	zinc finger protein 8
ENSG00000278175	GLIDR	389741	glioblastoma down-regulated RNA
ENSG00000278224	PRICKLE4	29964	prickle planar cell polarity protein 4
ENSG00000278233	RNA5-8SN2	109864281	RNA, 5.8S ribosomal N2
ENSG00000278259	MYO19	80179	myosin XIX
ENSG00000278274	SNORA61	677838	small nucleolar RNA, H/ACA box 61
ENSG00000278299	TBC1D3C	414060	TBC1 domain family member 3C
ENSG00000278311	GGNBP2	79893	gametogenetin binding protein 2
ENSG00000278318	ZNF229	7772	zinc finger protein 229
ENSG00000278520	MIR7851	102467003	microRNA 7851
ENSG00000278535	DHRS11	79154	dehydrogenase/reductase 11
ENSG00000278540	ACACA	31	acetyl-CoA carboxylase alpha
ENSG00000278591	LOC124904138	124904138	U2 spliceosomal RNA
ENSG00000278599	TBC1D3E	102723859	TBC1 domain family member 3E
ENSG00000278615	C11orf98	102288414	chromosome 11 open reading frame 98
ENSG00000278619	MRM1	79922	mitochondrial rRNA methyltransferase 1
ENSG00000278662	GOLGA6L4	643707	golgin A6 family like 4
ENSG00000278709	NKILA	105416157	NF-kappaB interacting lncRNA
ENSG00000278771	RN7SL3	378707	RNA component of signal recognition particle 7SL3
ENSG00000278774	LOC124904146	124904146	U2 spliceosomal RNA
ENSG00000278828	H3C10	8357	H3 clustered histone 10
ENSG00000278845	MRPL45	84311	mitochondrial ribosomal protein L45
ENSG00000278903	LOC124905312	124905312	uncharacterized LOC124905312
ENSG00000278932	LOC105379428	105379428	uncharacterized LOC105379428
ENSG00000278970	ZFP62	643836	ZFP62 zinc finger protein
ENSG00000279170	TSTD3	100130890	thiosulfate sulfurtransferase like domain containing 3
ENSG00000279192	PWAR5	8123	Prader Willi/Angelman region RNA 5
ENSG00000279516	FAM230C	26080	family with sequence similarity 230 member C
ENSG00000279800	BCLAF1P2	731605	BCL2 associated transcription factor 1 pseudogene 2
ENSG00000280018	LOC105379499	105379499	uncharacterized LOC105379499
ENSG00000280071	LOC102724023	102724023	glutamine amidotransferase class 1 domain containing 3B
ENSG00000280145	LOC102724701	102724701	uncharacterized LOC102724701
ENSG00000280191	LOC102724354	102724354	long intergenic non-protein coding RNA 1669
ENSG00000280433	LOC102724200	102724200	trafficking protein particle complex subunit 10-like
ENSG00000280634	THRIL	102659353	TNF and HNRNPL related immunoregulatory long non-coding RNA
ENSG00000280670	CCDC163	126661	CCDC163 homolog
ENSG00000280739	EIF1B-AS1	440952	EIF1B antisense RNA 1
ENSG00000280744	LINC01173	106144537	long intergenic non-protein coding RNA 1173
ENSG00000280789	PAGR1	79447	PAXIP1 associated glutamate rich protein 1
ENSG00000280798	LINC00294	283267	long intergenic non-protein coding RNA 294
ENSG00000280987	MATR3	9782	matrin 3
ENSG00000281000	SNORD3D	780854	small nucleolar RNA, C/D box 3D
ENSG00000281207	SLFNL1-AS1	100507178	SLFNL1 antisense RNA 1
ENSG00000281376	ABALON	103021294	apoptotic BCL2L1-antisense long non-coding RNA
ENSG00000281398	SNHG4	724102	small nucleolar RNA host gene 4
ENSG00000281453	TGFB2-OT1	103611157	TGFB2 overlapping transcript 1
ENSG00000281591	DBET	100419743	D4Z4 binding element transcript
ENSG00000281649	EBLN3P	100506710	endogenous Bornavirus like nucleoprotein 3, pseudogene
ENSG00000281691	RBM5-AS1	100775107	RBM5 antisense RNA 1
ENSG00000281706	LINC01012	100507173	long intergenic non-protein coding RNA 1012
ENSG00000281832	LINC00602	441177	long intergenic non-protein coding RNA 602
ENSG00000281991	TMEM265	100862671	transmembrane protein 265
ENSG00000282826	FRG1CP	100289097	FSHD region gene 1 family member C, pseudogene
ENSG00000283041	LOC729998	729998	eukaryotic translation elongation factor 1 gamma pseudogene
ENSG00000283154	SCHIP1	29970	schwannomin interacting protein 1
ENSG00000283293	RN7SK	125050	RNA component of 7SK nuclear ribonucleoprotein
ENSG00000283352	LINC00680-GUSBP4	106660613	LINC00680-GUSBP4 readthrough, transcribed pseudogene
ENSG00000283378	CNTNAP3	79937	contactin associated protein family member 3
ENSG00000283429	MIR1244-3	100422872	microRNA 1244-3
ENSG00000283475	MIR1244-4	103504734	microRNA 1244-4
ENSG00000283498	MIR1244-2	100422885	microRNA 1244-2
ENSG00000283526	PRRT1B	642515	proline rich transmembrane protein 1B
ENSG00000283541	LOC101930090	101930090	contactin associated protein family member 3B pseudogene
ENSG00000283740	TAF11L11	112488746	TATA-box binding protein associated factor 11 like 11
ENSG00000283813	MIR4485	100616263	microRNA 4485
ENSG00000283900	TPTEP2-CSNK1E	102800317	TPTEP2-CSNK1E readthrough
ENSG00000283926	MIR192	406967	microRNA 192
ENSG00000283958	MIR1248	100302143	microRNA 1248
ENSG00000283959	LOC101927245	101927245	uncharacterized LOC101927245
ENSG00000284024	MSANTD7	100421372	Myb/SANT DNA binding domain containing 7
ENSG00000284179	MIR7-1	407043	microRNA 7-1
ENSG00000284194	SCO2	9997	synthesis of cytochrome C oxidase 2
ENSG00000284308	C2orf81	388963	chromosome 2 open reading frame 81
ENSG00000284368	MIR5047	100616408	microRNA 5047
ENSG00000284419	MIR663A	724033	microRNA 663a
ENSG00000284505	LYNX1-SLURP2	111188157	LYNX1-SLURP2 readthrough
ENSG00000284526	LOC122455342	122455342	testis-specific serine/proline-rich protein
ENSG00000284691	LOC728743	728743	zinc finger domain-containing protein LOC728743
ENSG00000284753	EEF1AKMT4	110599564	EEF1A lysine methyltransferase 4
ENSG00000284770	TBCE	6905	tubulin folding cofactor E
ENSG00000284948	LOC254896	254896	uncharacterized LOC254896
ENSG00000284954	LOC100507547	100507547	uncharacterized LOC100507547
ENSG00000284976	LOC122513141	122513141	ring finger protein-like
ENSG00000284981	UPK3BL2	107983993	uroplakin 3B like 2
ENSG00000285043	LOC112694756	112694756	uncharaterized LOC112694756
ENSG00000285077	ARHGAP11B	89839	Rho GTPase activating protein 11B
ENSG00000285122	PIGY-DT	101929134	PIGY divergent transcript
ENSG00000285230	RALY-AS1	101926888	RALY antisense RNA 1
ENSG00000285292	ABCF2-H2BK1	114483834	ABCF2-H2BK1 readthrough
ENSG00000285294	LINC00842	643650	long intergenic non-protein coding RNA 842
ENSG00000285331	TCF12-DT	145783	TCF12 divergent transcript
ENSG00000285410	GABPB1-IT1	55056	GABPB1 intronic transcript
ENSG00000285437	POLR2J3	548644	RNA polymerase II subunit J3
ENSG00000285533	RELA-DT	105369347	RELA divergent transcript
ENSG00000285723	MKKS	8195	MKKS centrosomal shuttling protein
ENSG00000285756	LOC389906	389906	zinc finger protein 839 pseudogene
ENSG00000285793	ANAPC1P2	285074	ANAPC1 pseudogene 2
ENSG00000285815	GET1-SH3BGR	106865373	GET1-SH3BGR readthrough
ENSG00000285906	LOC102723663	102723663	uncharacterized LOC102723663
ENSG00000285967	NIPBL-DT	646719	NIPBL divergent transcript
ENSG00000285976	LOC128125822	128125822	uncharacterized LOC128125822
ENSG00000285990	NBEAP6	100418904	neurobeachin pseudogene 6
ENSG00000286024	LOC105372432	105372432	uncharacterized LOC105372432
ENSG00000286053	ASDURF	110599588	ASNSD1 upstream open reading frame
ENSG00000286140	DERPC	113455421	DERPC proline and glycine rich nuclear protein
ENSG00000286172	RNVU1-8	101447996	RNA, variant U1 small nuclear 8
ENSG00000286177	LOC105372401	105372401	uncharacterized LOC105372401
ENSG00000286190	LOC728392	728392	uncharacterized LOC728392
ENSG00000286219	NOTCH2NLC	100996717	notch 2 N-terminal like C
ENSG00000286264	LOC114841035	114841035	Uncharacterized protein LOC114841035
ENSG00000286369	LOC105369363	105369363	uncharacterized LOC105369363
ENSG00000286522	H3C2	8358	H3 clustered histone 2
ENSG00000286532	PARTICL	100630918	promoter of MAT2A antisense radiation-induced circulating long non-coding RNA
ENSG00000286790	LOC124903658	124903658	uncharacterized LOC124903658
ENSG00000287126	LOC124907726	124907726	uncharacterized LOC124907726
ENSG00000287151	C2orf27A	29798	chromosome 2 open reading frame 27A
ENSG00000287200	LOC124902947	124902947	uncharacterized LOC124902947
ENSG00000287260	LOC101928868	101928868	uncharacterized LOC101928868
ENSG00000287263	FLJ32255	643977	uncharacterized LOC643977
ENSG00000287664	LOC102723851	102723851	uncharacterized LOC102723851
ENSG00000288018	LOC101929174	101929174	uncharacterized LOC101929174
ENSG00000288534	TMX2-CTNND1	100528016	TMX2-CTNND1 readthrough (NMD candidate)
ENSG00000288558	DUS4L-BCAP29	115253422	DUS4L-BCAP29 readthrough
ENSG00000288596	C8orf44	56260	chromosome 8 putative open reading frame 44
ENSG00000288601	RNA5SP424	100873675	RNA, 5S ribosomal pseudogene 424
ENSG00000288634	LOC128031837	128031837	uncharacterized LOC128031837
ENSG00000288661	LOC128031833	128031833	uncharacterized LOC128031833
ENSG00000288701	PRRC2B	84726	proline rich coiled-coil 2B
ENSG00000288709	F8A2	474383	coagulation factor VIII associated 2
ENSG00000288722	F8A1	8263	coagulation factor VIII associated 1
ENSG00000288743	LOC105370203	105370203	uncharacterized LOC105370203
ENSG00000288767	LOC107984551	107984551	uncharacterized LOC107984551
ENSG00000288811	FAM247A	105372935	family with sequence similarity 247 member A
ENSG00000288825	H2AC18	8337	H2A clustered histone 18
ENSG00000288859	H2AC19	723790	H2A clustered histone 19
ENSG00000288864	ARHGAP11A-SCG5	114118903	ARHGAP11A-SCG5 readthrough
ENSG00000288880	LOC112268239	112268239	uncharacterized LOC112268239
ENSG00000288905	LSP1P5	645166	LSP1 pseudogene 5
ENSG00000288920	RPSA2	388524	ribosomal protein SA 2
ENSG00000288930	LOC124906471	124906471	uncharacterized LOC124906471
ENSG00000288961	LOC124904009	124904009	uncharacterized LOC124904009
ENSG00000289007	LINC03112	101928092	long intergenic non-protein coding RNA 3112
ENSG00000289019	LOC124900711	124900711	uncharacterized LOC124900711
ENSG00000289047	LOC100294145	100294145	uncharacterized LOC100294145
ENSG00000289083	LINC02256	100996255	long intergenic non-protein coding RNA 2256
ENSG00000289132	LOC124905202	124905202	uncharacterized LOC124905202
ENSG00000289161	LOC100310756	100310756	uncharacterized LOC100310756
ENSG00000289189	LOC105375170	105375170	uncharacterized LOC105375170
ENSG00000289234	ZNF496-DT	107985115	ZNF496 divergent transcript
ENSG00000289460	LOC124909362	124909362	uncharacterized LOC124909362
ENSG00000289609	LOC124901321	124901321	uncharacterized LOC124901321
ENSG00000289720	ITCH	83737	itchy E3 ubiquitin protein ligase
ENSG00000289740	TALAM1	109136579	TALAM1 transcript, MALAT1 antisense RNA
ENSG00000290292	HOMEZ	57594	homeobox and leucine zipper encoding
ENSG00000290374	FAM86EP	348926	family with sequence similarity 86, member A pseudogene
ENSG00000290376	HERC2P3	283755	HERC2 pseudogene 3
ENSG00000290387	SORD2P	653381	sorbitol dehydrogenase 2, pseudogene
ENSG00000290425	PI4KAP1	728233	phosphatidylinositol 4-kinase alpha pseudogene 1
ENSG00000290439	HSD17B7P2	158160	hydroxysteroid 17-beta dehydrogenase 7 pseudogene 2
ENSG00000290462	CYP4F35P	284233	cytochrome P450 family 4 subfamily F member 35, pseudogene
ENSG00000290541	CYP4F29P	54055	cytochrome P450 family 4 subfamily F member 29, pseudogene
ENSG00000290555	LINC00680	106660612	long intergenic non-protein coding RNA 680
ENSG00000290571	GOLGA2P5	55592	GOLGA2 pseudogene 5
ENSG00000290600	LOC155060	155060	AI894139 pseudogene
ENSG00000290682	STAG3L5P	101735302	STAG3 cohesin complex component like 5, pseudogene
ENSG00000290687	ZNF286B	729288	zinc finger protein 286B (pseudogene)
ENSG00000290688	UBE2Q2P16	100505679	UBE2Q2 pseudogene 16
ENSG00000290689	GOLGA2P7	388152	GOLGA2 pseudogene 7
ENSG00000290692	LOC613038	613038	SAGA complex associated factor 29 pseudogene
ENSG00000290696	POM121L9P	29774	POM121 transmembrane nucleoporin like 9, pseudogene
ENSG00000290712	DSTNP2	171220	DSTN pseudogene 2
ENSG00000290723	ULK4P2	100288380	ULK4 pseudogene 2
ENSG00000290738	URAHP	100130015	urate (hydroxyiso-) hydrolase, pseudogene
ENSG00000290746	CA5BP1	340591	carbonic anhydrase 5B pseudogene 1
ENSG00000290760	UBE2Q2P13	100128108	UBE2Q2 pseudogene 13
ENSG00000290763	SDHAP1	255812	SDHA pseudogene 1
ENSG00000290770	MFSD14CP	84278	major facilitator superfamily domain containing 14C, pseudogene
ENSG00000290782	CFL1P1	142913	cofilin 1 pseudogene 1
ENSG00000290796	LRP5L	91355	LDL receptor related protein 5 like (pseudogene)
ENSG00000290801	LINC00993	101929520	long intergenic non-protein coding RNA 993
ENSG00000290831	NSUN5P2	260294	NSUN5 pseudogene 2
ENSG00000290840	XGY2	100132596	XG Y-linked 2 (pseudogene)
ENSG00000290846	LOC107985911	107985911	lymphocyte specific protein 1 pseudogene
ENSG00000290860	CCT6P3	643180	chaperonin containing TCP1 subunit 6 pseudogene 3
ENSG00000290862	NMRAL2P	344887	NmrA like redox sensor 2, pseudogene
ENSG00000290871	GTF2IP1	2970	general transcription factor IIi pseudogene 1
ENSG00000290873	LINC03009	100133091	long intergenic non-protein coding RNA 3009
ENSG00000290877	ROCK1P1	727758	Rho associated coiled-coil containing protein kinase 1 pseudogene 1
ENSG00000290883	LOC107987091	107987091	uncharacterized LOC107987091
ENSG00000290912	HERC2P7	100132101	HERC2 pseudogene 7
ENSG00000290920	ZDHHC8BP	150244	ZDHHC8B, pseudogene
ENSG00000290927	CLUHP3	100132341	clustered mitochondria homolog pseudogene 3
ENSG00000290943	ABCC6P2	730013	ATP binding cassette subfamily C member 6 pseudogene 2
ENSG00000290945	UBE2Q2P2	100134869	UBE2Q2 pseudogene 2
ENSG00000290951	STAG3L1	54441	STAG3 cohesin complex component like 1 (pseudogene)
ENSG00000290976	USP32P1	162632	ubiquitin specific peptidase 32 pseudogene 1
ENSG00000290993	RPL32P3	132241	ribosomal protein L32 pseudogene 3
ENSG00000290994	FAM86C2P	645332	family with sequence similarity 86, member A pseudogene
ENSG00000290997	ULK4P3	89837	ULK4 pseudogene 3
ENSG00000291003	HERC2P2	400322	HERC2 pseudogene 2
ENSG00000291005	NBPF25P	101929780	NBPF member 25, pseudogene
ENSG00000291006	LOC730101	730101	uncharacterized LOC730101
ENSG00000291010	MRPS31P5	100887750	mitochondrial ribosomal protein S31 pseudogene 5
ENSG00000291011	FGF7P6	387628	fibroblast growth factor 7 pseudogene 6
ENSG00000291023	ULK4P1	89838	ULK4 pseudogene 1
ENSG00000291027	UBE2Q2P1	388165	UBE2Q2 pseudogene 1
ENSG00000291029	FKBP9P1	360132	FKBP prolyl isomerase 9 pseudogene 1
ENSG00000291033	TXLNGY	246126	taxilin gamma Y-linked (pseudogene)
ENSG00000291035	RRP7BP	91695	ribosomal RNA processing 7 homolog B, pseudogene
ENSG00000291040	CD99P1	401577	CD99 molecule pseudogene 1
ENSG00000291043	GLUD1P3	2749	glutamate dehydrogenase 1 pseudogene 3
ENSG00000291044	BCRP2	400892	BCR pseudogene 2
ENSG00000291048	ALG1L13P	106479038	ALG1 like 13, pseudogene
ENSG00000291049	FAM86B3P	286042	family with sequence similarity 86, member A pseudogene
ENSG00000291050	TEKT4P2	100132288	tektin 4 pseudogene 2
ENSG00000291053	CATSPER2P1	440278	CATSPER2 pseudogene 1
ENSG00000291055	SDHAP3	728609	SDHA pseudogene 3
ENSG00000291063	LOC107984974	107984974	SMAD specific E3 ubiquitin protein ligase 2 (SMURF2) pseudogene
ENSG00000291064	RPL23AP7	118433	ribosomal protein L23a pseudogene 7
ENSG00000291069	BMS1P1	399761	BMS1 pseudogene 1
ENSG00000291071	FAM86JP	100125556	family with sequence similarity 86, member A pseudogene
ENSG00000291072	CROCCP2	84809	CROCC pseudogene 2
ENSG00000291076	AADACP1	201651	arylacetamide deacetylase pseudogene 1
ENSG00000291080	ZNF252P	286101	zinc finger protein 252, pseudogene
ENSG00000291081	FAM86HP	729375	family with sequence similarity 86, member A pseudogene
ENSG00000291082	HERC2P9	440248	HERC2 pseudogene 9
ENSG00000291085	TMEM191A	84222	transmembrane protein 191A (pseudogene)
ENSG00000291087	CRYBB2P1	1416	crystallin beta B2 pseudogene 1
ENSG00000291088	NPEPPSP1	440434	NPEPPS pseudogene 1
ENSG00000291091	SDHAP4	220729	SDHA pseudogene 4
ENSG00000291092	PMS2P3	5387	PMS1 homolog 2, mismatch repair system component pseudogene 3
ENSG00000291093	SVIL-AS1	102724316	SVIL antisense RNA 1
ENSG00000291095	MT1DP	326343	metallothionein 1D, pseudogene
ENSG00000291096	ALG1L1P	200810	ALG1 like 1, pseudogene
ENSG00000291102	GUSBP1	728411	GUSB pseudogene 1
ENSG00000291106	SNHG33	100505687	small nucleolar RNA host gene 33
ENSG00000291107	LOC374443	374443	C-type lectin domain family 2 member D pseudogene
ENSG00000291109	CES1P1	51716	carboxylesterase 1 pseudogene 1
ENSG00000291110	TRIM16L	147166	tripartite motif containing 16 like (pseudogene)
ENSG00000291113	LOC728554	728554	THO complex 3 pseudogene
ENSG00000291117	PLEKHM1P1	440456	pleckstrin homology and RUN domain containing M1 pseudogene 1
ENSG00000291118	ZNF767P	79970	zinc finger family member 767, pseudogene
ENSG00000291122	CASTOR3P	352954	CASTOR family member 3, pseudogene
ENSG00000291124	CCT6P1	643253	chaperonin containing TCP1 subunit 6 pseudogene 1
ENSG00000291129	PPIEL	728448	peptidylprolyl isomerase E like (pseudogene)
ENSG00000291136	RABGEF1P1	493754	RABGEF1 pseudogene 1
ENSG00000291137	GBA1LP	2630	glucosylceramidase beta 1 like, pseudogene
ENSG00000291139	DPY19L2P2	349152	DPY19L2 pseudogene 2
ENSG00000291140	AMZ2P1	201283	AMZ2 pseudogene 1
ENSG00000291146	RP9P	441212	RP9 pseudogene
ENSG00000291150	LSP1P5	645166	LSP1 pseudogene 5
ENSG00000291151	NSUN5P1	155400	NSUN5 pseudogene 1
ENSG00000291152	SBDSP1	155370	SBDS pseudogene 1
ENSG00000291153	STAG3L4	64940	STAG3 cohesin complex component like 4 (pseudogene)
ENSG00000291154	PMS2P2	5380	PMS1 homolog 2, mismatch repair system component pseudogene 2
ENSG00000291156	LOC100288175	100288175	uncharacterized LOC100288175
ENSG00000291171	EP400P1	347918	EP400 pseudogene 1
ENSG00000291179	LOC554206	554206	leucine carboxyl methyltransferase 1 pseudogene
ENSG00000291202	GTF2IP12	101926918	general transcription factor IIi pseudogene 12
ENSG00000291205	BMS1P17	101101776	BMS1 pseudogene 17
ENSG00000291206	GTF2IRD1P1	729156	GTF2I repeat domain containing 1 pseudogene 1
ENSG00000291207	SEPTIN7P2	641977	septin 7 pseudogene 2
ENSG00000291213	DPY19L2P3	442524	DPY19L2 pseudogene 3
ENSG00000291217	LINC01347	731275	long intergenic non-protein coding RNA 1347
ENSG00000291223	FAM86DP	692099	family with sequence similarity 86 member D, pseudogene
ENSG00000291228	LOC652276	652276	potassium channel tetramerization domain containing 5 pseudogene
ENSG00000291237	SOD2	6648	superoxide dismutase 2
ENSG00000291263	SMG1P7	100506060	SMG1 pseudogene 7
ENSG00000291266	SMG1P5	595101	SMG1 pseudogene 5
ENSG00000291316	TMEM276-ZFTRAF1	157542	TMEM276-ZFTRAF1 readthrough
ENSG00000291317	TMEM276	84773	transmembrane protein 276
ENSG00000292327	PPP2R3B	28227	protein phosphatase 2 regulatory subunit B''beta
ENSG00000292334	SLC25A6	293	solute carrier family 25 member 6
ENSG00000292338	DHRSX	207063	dehydrogenase/reductase X-linked
ENSG00000292339	ASMTL	8623	acetylserotonin O-methyltransferase like
ENSG00000292341	LINC00106	751580	long intergenic non-protein coding RNA 106
ENSG00000292343	AKAP17A	8227	A-kinase anchoring protein 17A
ENSG00000292344	PLCXD1	55344	phosphatidylinositol specific phospholipase C X domain containing 1
ENSG00000292345	ZBED1	9189	zinc finger BED-type containing 1
ENSG00000292348	CD99	4267	CD99 molecule (Xg blood group)
ENSG00000292357	CSF2RA	1438	colony stimulating factor 2 receptor subunit alpha
ENSG00000292358	GTPBP6	8225	GTP binding protein 6 (putative)
ENSG00000292360	LINC03112	101928092	long intergenic non-protein coding RNA 3112
ENSG00000292362	CD99P1	401577	CD99 molecule pseudogene 1
ENSG00000292366	VAMP7	6845	vesicle associated membrane protein 7
ENSG00000292372	WASH6P	653440	WASP family homolog 6, pseudogene
