entrez_final	symbol	ensgene	log2FoldChange	padj	description
7455	ZAN	ENSG00000146839	-2.918391423178259	6.225460099291483e-56	zonadhesin
6896	TARBP2P1	NA	-2.332557953869623	1.9550285660064757e-48	TARBP2 pseudogene 1
6433	SFSWAP	ENSG00000061936	-2.9215243035803398	2.3226645731360555e-48	splicing factor SWAP
2208	FCER2	ENSG00000104921	-2.072167469840179	1.846580887603162e-38	Fc epsilon receptor II
8916	HERC3	ENSG00000138641	-3.9443133101955468	2.6133038385104195e-38	HECT and RLD domain containing E3 ubiquitin protein ligase 3
2268	FGR	ENSG00000000938	-1.2353763844850751	2.6840812447634096e-36	FGR proto-oncogene, Src family tyrosine kinase
8129	HBHR	NA	-1.9693698080166813	2.8701631309418747e-35	alpha-thalassemia/mental retardation syndrome, type 1
3030	HADHA	ENSG00000084754	-1.525107642131407	1.4203955884790753e-34	hydroxyacyl-CoA dehydrogenase trifunctional multienzyme complex subunit alpha
11138	TBC1D8	ENSG00000204634	-2.830895069279623	1.6680124654977198e-34	TBC1 domain family member 8
1298	COL9A2	ENSG00000049089	-1.915878936626615	1.977893272602316e-34	collagen type IX alpha 2 chain
2299	FOXI1	ENSG00000168269	-1.6312624206413044	2.4337003733646884e-34	forkhead box I1
5572	NA	NA	-1.8367160100073765	6.63212062286355e-32	NA
10848	PPP1R13L	ENSG00000104881	-2.5878408278075917	1.5981123030160851e-31	protein phosphatase 1 regulatory subunit 13 like
6573	SLC19A1	ENSG00000173638	-1.8362374395933898	4.471296749722032e-31	solute carrier family 19 member 1
6949	TCOF1	ENSG00000070814	-3.0710751559494547	2.8846729880197863e-30	treacle ribosome biogenesis factor 1
4298	MLLT1	ENSG00000130382	-1.741746216185325	4.007999102644241e-30	MLLT1 super elongation complex subunit
3942	NA	NA	-2.3708156960390108	1.2373456012442332e-28	NA
1545	CYP1B1	ENSG00000138061	-1.1312609258519717	2.5981531343983553e-28	cytochrome P450 family 1 subfamily B member 1
454	ASS1P9	ENSG00000217791	-2.098031670840347	3.0913142670478723e-28	argininosuccinate synthetase 1 pseudogene 9
2650	GCNT1	ENSG00000187210	-1.2884606093686768	6.182491097695405e-27	glucosaminyl (N-acetyl) transferase 1
601	BAK1P2	NA	-1.3895169887369736	2.3040676945255565e-26	BCL2 antagonist/killer 1 pseudogene 2
6358	CCL14	ENSG00000276409	-2.548953717062921	7.673242242517938e-26	C-C motif chemokine ligand 14
2250	FGF5	ENSG00000138675	-3.1716811342701186	1.8839276737916585e-25	fibroblast growth factor 5
2407	FRA6G	NA	-1.6465091811213675	7.48534308508211e-25	fragile site, aphidicolin type, common, fra(6)(q15)
2869	GRK5	ENSG00000198873	-1.4912094490477434	3.686456353719566e-23	G protein-coupled receptor kinase 5
9574	NA	NA	-2.854653431260888	5.2876418703506306e-23	NA
9776	ATG13	ENSG00000175224	-2.548663459832632	6.408665883430771e-23	autophagy related 13
11720	NA	NA	-2.181392993352488	8.177903240159482e-23	NA
10684	NA	NA	-3.672439633484933	1.9588378725382879e-22	NA
6982	TRGV8	ENSG00000211696	-2.9552048661616763	4.505544806526619e-22	T cell receptor gamma variable 8
806	CALM2P2	NA	-2.2489537448039156	1.5740181326222914e-21	calmodulin 2 pseudogene 2
9789	SPCS2	ENSG00000118363	-2.6828596080724596	4.832719000255603e-21	signal peptidase complex subunit 2
5622	NA	NA	-1.2310446469918979	7.822270628619598e-21	NA
9806	SPOCK2	ENSG00000107742	-1.6192516508935118	1.170246005859827e-20	SPARC (osteonectin), cwcv and kazal like domains proteoglycan 2
1780	DYNC1I1	ENSG00000158560	-1.0010293857590884	1.8938560331326127e-20	dynein cytoplasmic 1 intermediate chain 1
359	AQP2	ENSG00000167580	-1.5640794392605757	2.784020972761743e-20	aquaporin 2
1490	CCN2	ENSG00000118523	-1.0413034431364623	3.144126198801466e-20	cellular communication network factor 2
1508	CTSB	ENSG00000164733	-2.1687333761994343	4.0200395583496774e-20	cathepsin B
11257	TP53TG1	ENSG00000182165	-3.5783004315185787	4.351410378070952e-20	TP53 target 1
10720	UGT2B11	ENSG00000213759	-2.0323353886702664	4.680856064389744e-20	UDP glucuronosyltransferase family 2 member B11
4333	NA	NA	-1.7423189536671635	1.32822533739142e-19	NA
2608	NA	NA	-1.1946293451949985	1.443732156044851e-19	NA
7736	NA	NA	-1.688548441786948	1.488735218431022e-19	NA
7898	NA	NA	-2.6041095376104515	1.5721003267831268e-19	NA
5410	NA	NA	-1.4086220530433233	1.8041759288510954e-19	NA
177	AGER	ENSG00000204305	-1.0813682300281744	2.0147765171776053e-19	advanced glycosylation end-product specific receptor
9204	ZMYM6	ENSG00000163867	-1.8195408698238762	2.0357586796785346e-19	zinc finger MYM-type containing 6
4360	MRC1	ENSG00000260314	-1.847052798245694	3.1834392876705984e-19	mannose receptor C-type 1
1383	NA	NA	-1.101800779221549	1.5096606405016186e-18	NA
8990	NA	NA	-1.2873354199785656	1.6796035626310476e-18	NA
7331	NA	NA	-1.21739877110919	3.515749945391459e-18	NA
730	C7	ENSG00000112936	-1.1914679748700487	3.679462490981162e-18	complement C7
11147	ANKRD13C-DT	ENSG00000197568	-2.242515153178099	4.553395838582278e-18	ANKRD13C divergent transcript
632	BGLAP	ENSG00000242252	-1.120956301395735	5.6981967132738355e-18	bone gamma-carboxyglutamate protein
6056	RNR5	NA	-1.2416046852138407	6.858249270402328e-18	RNA, ribosomal 45S cluster 5
8523	NA	NA	-1.858640642054971	8.202871843825667e-18	NA
5666	NA	NA	-2.082479050242559	9.01446091944208e-18	NA
9775	EIF4A3	ENSG00000141543	-3.3646288531254855	9.514933385313952e-18	eukaryotic translation initiation factor 4A3
5797	PTPRM	ENSG00000173482	-2.3553816568971855	1.0054352930762613e-17	protein tyrosine phosphatase receptor type M
9296	ATP6V1F	ENSG00000128524	-1.4849970541805737	1.0408752357550441e-17	ATPase H+ transporting V1 subunit F
3838	KPNA2	ENSG00000182481	-1.0449796752079352	1.9317062762790535e-17	karyopherin subunit alpha 2
813	CALU	ENSG00000128595	-2.658400973204416	1.9823869100150914e-17	calumenin
4366	NA	NA	-1.6470411350007372	2.1162901335253218e-17	NA
4538	ND4	ENSG00000198886	-1.6849813717087332	3.231034430886324e-17	NADH dehydrogenase subunit 4
5300	PIN1	ENSG00000127445	-1.432249895520064	3.491992021152948e-17	peptidylprolyl cis/trans isomerase, NIMA-interacting 1
9906	SLC35E2A	NA	-1.6770008550821989	3.526122132196883e-17	solute carrier family 35 member E2A (pseudogene)
6963	NA	NA	-1.433316332835518	9.010609348976252e-17	NA
8999	CDKL2	ENSG00000138769	-1.2819192012454577	1.3322682752239594e-16	cyclin dependent kinase like 2
225	ABCD2	ENSG00000173208	-1.0121559544999723	1.6317263065504396e-16	ATP binding cassette subfamily D member 2
1403	NA	NA	-1.9994345665776474	1.7035381675677743e-16	NA
7633	ZNF79	ENSG00000196152	-3.0654182304527415	1.8730472647896386e-16	zinc finger protein 79
9117	SEC22C	ENSG00000093183	-1.5179981007158871	9.874537670526427e-16	SEC22 homolog C, vesicle trafficking protein
7758	NA	NA	-1.5339621752249575	1.001177524408553e-15	NA
2826	CCR10	ENSG00000184451	-1.1931139183655228	1.0840976572094454e-15	C-C motif chemokine receptor 10
6895	TARBP2	ENSG00000139546	-1.761306469487198	1.255449660347694e-15	TARBP2 subunit of RISC loading complex
5252	PHF1	ENSG00000112511	-1.9097351279336012	1.3548631941510286e-15	PHD finger protein 1
9453	GGPS1	ENSG00000152904	-2.0080074030741035	1.513373562376982e-15	geranylgeranyl diphosphate synthase 1
11439	NA	NA	-1.521989372968128	2.0489261006962544e-15	NA
10481	HOXB13	ENSG00000159184	-2.512663630675592	2.5237651099009475e-15	homeobox B13
442	ASNSP2	NA	-1.1406296946314582	2.594220523082192e-15	ASNS pseudogene 2
6822	SULT2A1	ENSG00000105398	-1.588239610136161	2.7298636443968155e-15	sulfotransferase family 2A member 1
3197	HOXA@	NA	-1.137843089847417	2.73264188362045e-15	homeobox A cluster
10277	UBE4B	ENSG00000130939	-2.8077450396694354	2.7754780485182035e-15	ubiquitination factor E4B
8678	BECN1	ENSG00000126581	-1.0145899757921892	2.8665982080535295e-15	beclin 1
10753	CAPN9	ENSG00000135773	-2.2232789979024243	3.1685135198705156e-15	calpain 9
12544	NA	NA	-2.916090369277088	4.188119400128384e-15	NA
5553	PRG2	ENSG00000186652	-1.1150785636841245	4.489716956568522e-15	proteoglycan 2, pro eosinophil major basic protein
7773	ZNF230	ENSG00000159882	-2.156559388655812	5.195635188988388e-15	zinc finger protein 230
4439	MSH5	ENSG00000204410	-1.1199522717596428	5.3546939706610594e-15	mutS homolog 5
5055	SERPINB2	ENSG00000197632	-1.441500396928287	6.435101050015609e-15	serpin family B member 2
5842	NA	NA	-1.745253329240488	7.0661889790088396e-15	NA
8983	NA	NA	-1.6082486141728212	7.633497828651525e-15	NA
10402	ST3GAL6	ENSG00000064225	-1.7896185067401134	9.131836313650768e-15	ST3 beta-galactoside alpha-2,3-sialyltransferase 6
9609	RAB36	ENSG00000100228	-2.2403852196751823	1.248139473964802e-14	RAB36, member RAS oncogene family
8544	PIR	ENSG00000087842	-1.3961637213848355	1.45645089825896e-14	pirin
4792	NFKBIA	ENSG00000100906	-1.0868256674185366	1.5069254519735824e-14	NFKB inhibitor alpha
284	ANGPT1	ENSG00000154188	-1.365038186405981	2.0386963425861214e-14	angiopoietin 1
11112	HIBADH	ENSG00000106049	-1.7077723172854948	2.2893963035757112e-14	3-hydroxyisobutyrate dehydrogenase
11689	NA	NA	-2.1475628346712488	2.3728091092942554e-14	NA
7618	ZNF726P1	NA	-1.350759796541675	2.4042773539331715e-14	zinc finger protein 726 pseudogene 1
12822	NA	NA	-2.918914059102594	2.513045100491471e-14	NA
5702	PSMC3	ENSG00000165916	-1.5487010696666628	2.5773020228919716e-14	proteasome 26S subunit, ATPase 3
7402	UTRN	ENSG00000152818	-1.2647342066907747	3.560306399323273e-14	utrophin
10386	MHW1	NA	-2.0577245805641913	3.76523440924729e-14	Mental health wellness 1
4133	MAP2	ENSG00000078018	-1.0003758912070555	3.972879291722576e-14	microtubule associated protein 2
9794	MAML1	ENSG00000161021	-3.8850441888853355	5.0985884978381344e-14	mastermind like transcriptional coactivator 1
12809	NA	NA	-2.972955859703398	5.162455860212008e-14	NA
9373	PLAA	ENSG00000137055	-1.864821483450313	5.3572607544207916e-14	phospholipase A2 activating protein
7224	TRPC5	ENSG00000072315	-1.5412567896425273	5.4669924109970255e-14	transient receptor potential cation channel subfamily C member 5
3899	AFF3	ENSG00000144218	-1.0792978112544993	5.767714839363176e-14	ALF transcription elongation factor 3
9466	IL27RA	ENSG00000104998	-3.2796642147764765	6.430389197643832e-14	interleukin 27 receptor subunit alpha
10185	NA	NA	-1.4204399988471803	6.441267948148348e-14	NA
12	SERPINA3	ENSG00000196136	-1.081265997501076	7.84621051364595e-14	serpin family A member 3
8495	PPFIBP2	ENSG00000166387	-1.2480549352560368	8.416715146036207e-14	PPFIA binding protein 2
3762	KCNJ5	ENSG00000120457	-3.519196594953795	1.1553705412078967e-13	potassium inwardly rectifying channel subfamily J member 5
10849	POLR1G	ENSG00000117877	-3.448115810258669	1.3550277287054076e-13	RNA polymerase I subunit G
6585	SLIT1	ENSG00000187122	-1.2012186047398754	1.4271083619401357e-13	slit guidance ligand 1
2084	NA	NA	-1.1835771941066302	1.4495330674377679e-13	NA
9135	RABEP1	ENSG00000029725	-2.006723796781409	1.4635844744633884e-13	rabaptin, RAB GTPase binding effector protein 1
8133	NA	NA	-2.7102837375526936	1.6701762647306796e-13	NA
7395	NA	NA	-2.0705826591600354	1.970611888621358e-13	NA
6704	SPRR2E	ENSG00000203785	-1.2900698517167206	2.4721097090878284e-13	small proline rich protein 2E
7781	SLC30A3	ENSG00000115194	-2.7031216218030414	3.392091565182178e-13	solute carrier family 30 member 3
5495	PPM1B	ENSG00000138032	-1.529579946825497	3.6961528378709233e-13	protein phosphatase, Mg2+/Mn2+ dependent 1B
5780	PTPN9	ENSG00000169410	-1.0781537868775612	4.790970222985381e-13	protein tyrosine phosphatase non-receptor type 9
12014	NA	NA	-2.447243990375922	4.853468237391978e-13	NA
8784	TNFRSF18	ENSG00000186891	-2.1283499046900216	4.928900735235555e-13	TNF receptor superfamily member 18
5401	NA	NA	-2.307120251954673	5.106891217543172e-13	NA
8	NA	NA	-1.0103327006393734	5.351091495033024e-13	NA
5411	PNN	ENSG00000100941	-1.2757647097104106	5.471571657821577e-13	pinin, desmosome associated protein
4004	LMO1	ENSG00000166407	-1.906788345118904	7.953535825937439e-13	LIM domain only 1
13228	NA	NA	-3.5235762433232876	9.138694375569526e-13	NA
8297	NA	NA	-1.1301226185074502	9.432387475919985e-13	NA
7448	VTN	ENSG00000109072	-1.3126670581284678	1.0076398754391322e-12	vitronectin
9075	CLDN2	ENSG00000165376	-1.1379130758745395	1.0316567246851039e-12	claudin 2
7240	TRV-CAC1-2	NA	-2.1356651998207377	1.3994114231080003e-12	tRNA-Val (anticodon CAC) 1-2
6652	SORD	ENSG00000140263	-2.70921728094703	1.4357758550479493e-12	sorbitol dehydrogenase
9	NAT1	ENSG00000171428	-1.3075915035380994	1.4417878119668225e-12	N-acetyltransferase 1
5506	PPP1R3A	ENSG00000154415	-1.1469494619082934	1.5129244834854844e-12	protein phosphatase 1 regulatory subunit 3A
5648	MASP1	ENSG00000127241	-1.276772832210926	1.8834454188559975e-12	MBL associated serine protease 1
3041	HBAP1	ENSG00000225323	-1.436167505017831	2.0147753976182802e-12	hemoglobin subunit alpha pseudogene 1
10863	ADAM28	ENSG00000042980	-2.347340614968867	2.549847107798887e-12	ADAM metallopeptidase domain 28
6686	NA	NA	-1.3050058100025377	3.696508902329981e-12	NA
12429	NA	NA	-2.220108158269011	3.915660502519857e-12	NA
10881	ACTL7A	ENSG00000187003	-1.6287811401141408	3.99464513028816e-12	actin like 7A
7639	ZNF85	ENSG00000105750	-1.7677492529954675	4.391302777277362e-12	zinc finger protein 85
11993	NA	NA	-1.9292997108059051	4.7460165291682496e-12	NA
9001	HAP1	ENSG00000173805	-1.3648546485364075	5.713859863511534e-12	huntingtin associated protein 1
7398	USP1	ENSG00000162607	-1.8033805807936127	6.872008806584825e-12	ubiquitin specific peptidase 1
3799	KIF5B	ENSG00000170759	-1.2886635007589071	7.151718829018856e-12	kinesin family member 5B
2560	GABRB1	ENSG00000163288	-1.894103720582358	8.995426267465865e-12	gamma-aminobutyric acid type A receptor subunit beta1
3621	ING1	ENSG00000153487	-1.429141211201863	1.0184164424806793e-11	inhibitor of growth family member 1
11590	NA	NA	-3.0829201870736713	1.2214397129338446e-11	NA
2771	GNAI2	ENSG00000114353	-2.151591773594222	1.27302043782511e-11	G protein subunit alpha i2
13870	NA	NA	-2.729915832817111	1.533619020898689e-11	NA
11267	SNF8	ENSG00000159210	-2.024939052609327	2.1334689109374578e-11	SNF8 subunit of ESCRT-II
10467	ZNHIT1	ENSG00000106400	-1.4696278684504496	2.4747729684854788e-11	zinc finger HIT-type containing 1
12407	NA	NA	-1.852924818561277	2.7111865822912252e-11	NA
8938	BAIAP3	ENSG00000007516	-1.6323909501464733	2.8350267910129703e-11	BAI1 associated protein 3
8837	CFLAR	ENSG00000003402	-1.67459417427739	3.484667452662252e-11	CASP8 and FADD like apoptosis regulator
9435	CHST2	ENSG00000175040	-2.0510075147051956	3.595784809657578e-11	carbohydrate sulfotransferase 2
7561	ZNF14	ENSG00000105708	-2.2468448825490364	3.6873042030544054e-11	zinc finger protein 14
11917	NA	NA	-2.684196546668283	4.070688896330331e-11	NA
324	APC	ENSG00000134982	-1.7125682367670636	4.2515199300460646e-11	APC regulator of WNT signaling pathway
11	NATP	NA	-3.104211956955119	4.5032132607218865e-11	N-acetyltransferase pseudogene
6200	NA	NA	-2.2195772216590806	4.630654713908992e-11	NA
8502	PKP4	ENSG00000144283	-2.1985286954931933	5.2374538397455875e-11	plakophilin 4
10267	RAMP1	ENSG00000132329	-1.3012812335224486	6.108255639556786e-11	receptor activity modifying protein 1
5028	P2RY1	ENSG00000169860	-1.3141743817217	6.781648166282551e-11	purinergic receptor P2Y1
7469	NELFA	ENSG00000185049	-2.5631993746908854	8.299484295819061e-11	negative elongation factor complex member A
8074	FGF23	ENSG00000118972	-1.2992332687012405	9.416009670173384e-11	fibroblast growth factor 23
5910	RAP1GDS1	ENSG00000138698	-1.082379992479317	9.676738925856432e-11	Rap1 GTPase-GDP dissociation stimulator 1
3578	IL9	ENSG00000145839	-1.3003673344282176	1.0909141202195226e-10	interleukin 9
2280	FKBP1A	ENSG00000088832	-1.1069329543697304	1.0979627503996633e-10	FKBP prolyl isomerase 1A
14195	NA	NA	-3.352521813140455	1.1682642250986732e-10	NA
3742	KCNA6	ENSG00000151079	-1.2709194366144199	1.3193413621953522e-10	potassium voltage-gated channel subfamily A member 6
8617	NA	NA	-1.9113501798066421	1.4076623145620135e-10	NA
13005	NA	NA	-2.9619616214470526	1.475004358922545e-10	NA
689	BTF3	ENSG00000145741	-1.0231709672527074	1.6235858413904633e-10	basic transcription factor 3
6201	RPS7	ENSG00000171863	-3.370866121255854	1.8043949913571002e-10	ribosomal protein S7
8542	APOL1	ENSG00000100342	-1.6690341241369564	1.854063677184482e-10	apolipoprotein L1
10799	RPP40	ENSG00000124787	-2.096582726425879	2.184017035210377e-10	ribonuclease P/MRP subunit p40
4148	MATN3	ENSG00000132031	-1.1715587500461537	2.2820906510631804e-10	matrilin 3
9010	NA	NA	-2.7498822763876793	2.359517472930182e-10	NA
9605	VPS9D1	ENSG00000075399	-1.1376974636151764	2.540981821630654e-10	VPS9 domain containing 1
8278	NA	NA	-1.4038501526772211	2.814791839445007e-10	NA
7913	DEK	ENSG00000124795	-1.5300202459661871	3.138411283711174e-10	DEK proto-oncogene
8488	RPL3P1	ENSG00000228149	-1.145454815851217	3.318288264677477e-10	ribosomal protein L3 pseudogene 1
2256	FGF11	ENSG00000161958	-1.8599857444796457	3.4704383808162497e-10	fibroblast growth factor 11
6367	CCL22	ENSG00000102962	-1.0483057354115892	3.5249164159677106e-10	C-C motif chemokine ligand 22
9542	NRG2	ENSG00000158458	-2.0581580591146253	3.8145573132735357e-10	neuregulin 2
10764	NA	NA	-1.3489633973405462	4.637016170486937e-10	NA
6641	SNTB1	ENSG00000172164	-1.1090706858976198	4.68421340912733e-10	syntrophin beta 1
6786	STIM1	ENSG00000167323	-1.86595174200345	4.777903319621388e-10	stromal interaction molecule 1
2934	GSN	ENSG00000148180	-1.7557637190913113	4.918732050408915e-10	gelsolin
6108	NA	NA	-1.4560768290301391	5.140063469873735e-10	NA
12043	NA	NA	-2.9494683085659914	5.270283836274538e-10	NA
8996	NOL3	ENSG00000140939	-1.4256674514577503	5.300584658485477e-10	nucleolar protein 3
8622	PDE8B	ENSG00000113231	-1.8859198553585363	6.086419495099828e-10	phosphodiesterase 8B
6486	NA	NA	-2.549944026158625	7.045450235025761e-10	NA
11892	NA	NA	-1.7557635801632774	7.81759536995569e-10	NA
8545	CGGBP1	ENSG00000163320	-1.8672546042226639	8.681469460641128e-10	CGG triplet repeat binding protein 1
7341	SUMO1	ENSG00000116030	-2.238590317006036	8.925850958762484e-10	small ubiquitin like modifier 1
1239	NA	NA	-1.1273696678647998	9.138079210354157e-10	NA
8275	NA	NA	-1.1797261031451056	9.524676958632323e-10	NA
7032	TFF2	ENSG00000160181	-2.0629308005599576	9.86488759153118e-10	trefoil factor 2
10169	SERF2	ENSG00000140264	-1.5952051955652469	1.0769578599082755e-9	small EDRK-rich factor 2
141	ADPRH	ENSG00000144843	-1.3070940347136009	1.1329855634602666e-9	ADP-ribosylarginine hydrolase
11653	NA	NA	-1.4084020868404648	1.1329855634602666e-9	NA
12220	NA	NA	-1.9825954608726197	1.1785364257408168e-9	NA
10556	RPP30	ENSG00000148688	-1.6359722576459372	1.2393033613044728e-9	ribonuclease P/MRP subunit p30
5811	NA	NA	-1.8480579043167376	1.2679472314022176e-9	NA
7585	NA	NA	-1.9638994757030652	1.317281866052804e-9	NA
11529	NA	NA	-2.0840688079841088	1.3632611165467818e-9	NA
12445	NA	NA	-3.4229139358910436	1.4164431423146648e-9	NA
1888	EBVS1	NA	-1.2272754341270735	1.6972233507187574e-9	Epstein Barr virus integration site 1
11648	NA	NA	-1.1717878680144993	1.7128735146827526e-9	NA
9493	KIF23	ENSG00000137807	-2.328628429727282	1.7161691782706893e-9	kinesin family member 23
8934	RAB29	ENSG00000117280	-1.397616173618805	1.7552372350087262e-9	RAB29, member RAS oncogene family
6683	SPAST	ENSG00000021574	-1.6252288144473463	1.7964378625266917e-9	spastin
8920	NA	NA	-1.807002481075885	1.7964378625266917e-9	NA
2836	NA	NA	-2.4661381483544815	1.91362374413516e-9	NA
1399	CRKL	ENSG00000099942	-1.344275751659175	2.0842253529451535e-9	CRK like proto-oncogene, adaptor protein
13916	NA	NA	-3.7674328587928483	2.154399710095229e-9	NA
4280	MICE	NA	-1.5903314726196902	2.280997392901424e-9	MHC class I polypeptide-related sequence E (pseudogene)
3679	ITGA7	ENSG00000135424	-1.4726684021800105	2.604087771073575e-9	integrin subunit alpha 7
10877	CFHR4	ENSG00000134365	-3.141826789732226	2.696934983619036e-9	complement factor H related 4
11102	RPP14	ENSG00000163684	-1.9484647922976785	2.696934983619036e-9	ribonuclease P/MRP subunit p14
11404	NA	NA	-2.0007586171147356	2.8925796367402905e-9	NA
11292	NA	NA	-1.463695863483239	2.906254335317277e-9	NA
8141	NA	NA	-1.283223004479149	2.925949160159478e-9	NA
10878	CFHR3	ENSG00000116785	-1.3317796349260862	3.17221099183082e-9	complement factor H related 3
11393	NA	NA	-1.5805959158979321	3.375492143433644e-9	NA
7133	TNFRSF1B	ENSG00000028137	-1.1396158534977885	3.379062486021518e-9	TNF receptor superfamily member 1B
10234	LRRC17	ENSG00000128606	-1.584092482310927	3.533349782517008e-9	leucine rich repeat containing 17
9229	DLGAP1	ENSG00000170579	-1.364409285107481	3.741631417719224e-9	DLG associated protein 1
10568	SLC34A2	ENSG00000157765	-2.8902662584772014	3.741631417719224e-9	solute carrier family 34 member 2
13819	NA	NA	-2.661707654612831	3.775461259598468e-9	NA
8638	OASL	ENSG00000135114	-1.329850038836251	3.8615766719739595e-9	2'-5'-oligoadenylate synthetase like
7845	PAFAH1B1P1	NA	-1.1476692077141766	4.0114849395463414e-9	platelet activating factor acetylhydrolase 1b regulatory subunit 1 pseudogene 1
13708	NA	NA	-2.595012005253615	4.097419019263201e-9	NA
7729	NA	NA	-1.9548481319485784	4.2408239176326806e-9	NA
9459	ARHGEF6	ENSG00000129675	-2.9471046262153067	4.4140134466018205e-9	Rac/Cdc42 guanine nucleotide exchange factor 6
11416	NA	NA	-1.744209074208807	4.641271391552545e-9	NA
13399	NA	NA	-2.8500370414042746	4.728192340328097e-9	NA
10313	RTN3	ENSG00000133318	-1.4225859881359124	4.827001484603319e-9	reticulon 3
11777	NA	NA	-1.6970982631775162	4.8564735665643325e-9	NA
823	CAPN1	ENSG00000014216	-1.0382650676084522	4.928342069615641e-9	calpain 1
9272	NA	NA	-1.2603649501418552	4.928342069615641e-9	NA
12515	NA	NA	-2.150078854016848	4.942706786343979e-9	NA
6955	TRA	NA	-1.2556026204849342	4.955896881140465e-9	T cell receptor alpha locus
9874	TLK1	ENSG00000198586	-1.0436962628961972	5.116763581237719e-9	tousled like kinase 1
10940	POP1	ENSG00000104356	-3.7621933358792257	5.5081613783331054e-9	POP1 homolog, ribonuclease P/MRP subunit
9209	LRRFIP2	ENSG00000093167	-1.7363221013714152	5.7353491122185075e-9	LRR binding FLII interacting protein 2
5606	MAP2K3	ENSG00000034152	-1.0028112651884726	5.7824666620780065e-9	mitogen-activated protein kinase kinase 3
10601	NA	NA	-1.253142370164589	5.799360730350606e-9	NA
7836	NA	NA	-1.6594297478998172	5.946978439884802e-9	NA
8620	NPFF	ENSG00000139574	-1.7517188293837136	5.946978439884802e-9	neuropeptide FF-amide peptide precursor
3237	HOXD11	ENSG00000128713	-1.4144889944484573	6.426583530124365e-9	homeobox D11
7839	LEPQTL1	NA	-1.6344892245984657	6.426583530124365e-9	Leptin, serum levels of
4031	NA	NA	-1.0664489296952122	6.58960872327026e-9	NA
786	CACNG1	ENSG00000108878	-1.0296303899806132	6.59011612529674e-9	calcium voltage-gated channel auxiliary subunit gamma 1
1585	CYP11B2	ENSG00000179142	-1.5065131739033801	6.704891562045176e-9	cytochrome P450 family 11 subfamily B member 2
9554	SEC22B	ENSG00000265808	-1.2311369567690353	6.704891562045176e-9	SEC22 homolog B, vesicle trafficking protein
10324	KLHL41	ENSG00000239474	-3.448118471350632	6.704891562045176e-9	kelch like family member 41
5298	PI4KB	ENSG00000143393	-2.4443226966210716	6.781602355153991e-9	phosphatidylinositol 4-kinase beta
9682	KDM4A	ENSG00000066135	-1.0880693463959665	6.843585882609923e-9	lysine demethylase 4A
13818	NA	NA	-1.9749472482935226	7.028599096481329e-9	NA
12186	NA	NA	-3.1601843340493514	7.357307286230289e-9	NA
4372	NA	NA	-1.3032010367189215	7.976461091894913e-9	NA
12881	NA	NA	-2.5019821074810755	8.299150515228976e-9	NA
11997	NA	NA	-2.4511091250042276	8.83042712077839e-9	NA
9725	TMEM63A	ENSG00000196187	-1.4771758603472207	9.36086331192172e-9	transmembrane protein 63A
862	RUNX1T1	ENSG00000079102	-1.0709546596970547	9.703966347398969e-9	RUNX1 partner transcriptional co-repressor 1
9870	AREL1	ENSG00000119682	-2.1648942824719373	9.922465058789189e-9	apoptosis resistant E3 ubiquitin protein ligase 1
5247	NA	NA	-1.2149145628159146	1.0193641517578953e-8	NA
8905	AP1S2	ENSG00000182287	-1.0605134028406795	1.1802696009558165e-8	adaptor related protein complex 1 subunit sigma 2
9345	NA	NA	-1.0517645720464044	1.2296521357216198e-8	NA
8118	NA	NA	-1.251369835903891	1.23011646632022e-8	NA
11232	POLG2	ENSG00000256525	-1.9082346079493178	1.2668911874048281e-8	DNA polymerase gamma 2, accessory subunit
6841	NA	NA	-1.8527708213516136	1.4365036573591663e-8	NA
5812	NA	NA	-1.0134556974865219	1.4697426038698754e-8	NA
11571	NA	NA	-2.7843442157917484	1.7023383131348485e-8	NA
8760	CDS2	ENSG00000101290	-1.5574221493727167	1.780742091794866e-8	CDP-diacylglycerol synthase 2
8640	NA	NA	-1.8105088950194455	1.8057737628522707e-8	NA
9558	NA	NA	-1.7048410379204886	1.817025753332007e-8	NA
10997	NA	NA	-1.9491695798081392	1.817025753332007e-8	NA
3761	KCNJ4	ENSG00000168135	-1.6393196845034739	1.86480450054637e-8	potassium inwardly rectifying channel subfamily J member 4
10013	HDAC6	ENSG00000094631	-1.546592289967795	1.983939485444011e-8	histone deacetylase 6
11920	NA	NA	-2.4287796312807295	1.983939485444011e-8	NA
3518	NA	NA	-1.5883039003721098	1.9976515980754384e-8	NA
4820	NKTR	ENSG00000114857	-1.6865279767212815	2.0353490480701475e-8	natural killer cell triggering receptor
869	CBLN1	ENSG00000102924	-1.9299704485419393	2.2436626919634865e-8	cerebellin 1 precursor
7648	NA	NA	-1.169000505799408	2.327283375510221e-8	NA
6788	STK3	ENSG00000104375	-1.1379626767059634	2.4135656312754476e-8	serine/threonine kinase 3
14236	NA	NA	-3.4138429661497582	2.4231232695230606e-8	NA
6743	NA	NA	-1.3736971287512452	2.5069001200919935e-8	NA
4800	NFYA	ENSG00000001167	-1.1149080291972575	2.5296315807528682e-8	nuclear transcription factor Y subunit alpha
12402	NA	NA	-1.3697965427813537	2.611728403302067e-8	NA
6439	SFTPB	ENSG00000168878	-1.1550194387965698	2.7893586514949573e-8	surfactant protein B
6270	NA	NA	-1.1678974813361125	3.305473483606169e-8	NA
12456	NA	NA	-1.8751442502644706	3.31689729302543e-8	NA
12841	NA	NA	-2.3285696555731867	3.3420638078963835e-8	NA
10847	SRCAP	ENSG00000080603	-1.544428486715936	3.374096442670945e-8	Snf2 related CREBBP activator protein
9051	PSTPIP1	ENSG00000140368	-2.267004874176678	3.5657050360976056e-8	proline-serine-threonine phosphatase interacting protein 1
11357	NA	NA	-1.2621960493877253	3.679080415025699e-8	NA
8111	GPR68	ENSG00000119714	-1.7781381397081346	3.760299982061882e-8	G protein-coupled receptor 68
6300	MAPK12	ENSG00000188130	-1.0658238418022483	3.783240684879215e-8	mitogen-activated protein kinase 12
11231	SEC63	ENSG00000025796	-2.5297054634202167	3.9327655331961416e-8	SEC63 homolog, protein translocation regulator
11661	NA	NA	-2.7821597161881986	3.949073204774218e-8	NA
8840	CCN4	ENSG00000104415	-1.279815420428114	3.98952546981424e-8	cellular communication network factor 4
7881	KCNAB1	ENSG00000169282	-1.1881707862241282	4.0906927821116654e-8	potassium voltage-gated channel subfamily A regulatory beta subunit 1
1133	CHRM5	ENSG00000184984	-1.4136850168771	4.465847484371266e-8	cholinergic receptor muscarinic 5
14972	NA	NA	-5.098210335026181	4.579767806696863e-8	NA
8844	KSR1	ENSG00000141068	-1.9433940362547961	4.859151881661288e-8	kinase suppressor of ras 1
10296	MAEA	ENSG00000090316	-2.065468278591659	4.919988541278018e-8	macrophage erythroblast attacher, E3 ubiquitin ligase
11580	NA	NA	-1.333757257576113	4.9322899084025015e-8	NA
13139	NA	NA	-2.643080987883366	4.933132172582479e-8	NA
9593	NA	NA	-1.0243398948520523	4.985845090170104e-8	NA
6352	CCL5	ENSG00000271503	-1.8830801451906705	5.493729134064082e-8	C-C motif chemokine ligand 5
9760	TOX	ENSG00000198846	-2.5110095925536027	5.616126880711936e-8	thymocyte selection associated high mobility group box
7106	TSPAN4	ENSG00000214063	-1.23253120403881	5.7230042389763286e-8	tetraspanin 4
12393	NA	NA	-1.7717691172089507	5.7316463000613186e-8	NA
10114	HIPK3	ENSG00000110422	-2.4409689763957885	6.263079560562719e-8	homeodomain interacting protein kinase 3
6853	SYN1	ENSG00000008056	-1.1028747054981756	6.483086813817558e-8	synapsin I
11692	NA	NA	-1.6669998820329714	6.487880448417042e-8	NA
8293	SERF1A	ENSG00000172058	-1.2003649439285098	6.526530303648732e-8	small EDRK-rich factor 1A
2476	NA	NA	-1.5836996370673153	6.543969889421353e-8	NA
4892	NRAP	ENSG00000197893	-1.4932795127301912	6.934803471836863e-8	nebulin related anchoring protein
11340	EXOSC8	ENSG00000120699	-1.7883895979908904	7.005107754948386e-8	exosome component 8
12893	NA	NA	-2.4929716577092176	7.144816855606432e-8	NA
585	BBS4	ENSG00000140463	-1.0924667351749784	7.504543252309809e-8	Bardet-Biedl syndrome 4
13085	NA	NA	-2.8642282019895977	8.351510384098835e-8	NA
11562	NA	NA	-1.5928173937696855	8.780751271137433e-8	NA
11137	PWP1	ENSG00000136045	-1.5183693979687936	9.31070862663781e-8	PWP1 homolog, endonuclein
937	CD24P3	NA	-1.6197403575355125	9.447952612423595e-8	CD24 molecule pseudogene 3
3842	TNPO1	ENSG00000083312	-1.041941948949627	9.70311391844771e-8	transportin 1
3785	KCNQ2	ENSG00000075043	-1.5611277496414921	9.856142619409677e-8	potassium voltage-gated channel subfamily Q member 2
10440	TIMM17A	ENSG00000134375	-1.3673095767899108	1.0343238250413976e-7	translocase of inner mitochondrial membrane 17A
10515	NA	NA	-1.8403952762514764	1.0496657228394974e-7	NA
6916	TBXAS1	ENSG00000059377	-2.637241263699939	1.0696557383286502e-7	thromboxane A synthase 1
9224	NA	NA	-1.5750421477090126	1.0918721987171378e-7	NA
11125	NA	NA	-3.3034765375292614	1.0988773728458535e-7	NA
5423	POLB	ENSG00000070501	-1.3703422254648294	1.151429804615822e-7	DNA polymerase beta
6189	RPS3A	ENSG00000145425	-1.6684583618173763	1.20331898088292e-7	ribosomal protein S3A
7445	NA	NA	-2.166324892863926	1.2288695808532252e-7	NA
11467	NA	NA	-2.5862827493558918	1.2288695808532252e-7	NA
9531	BAG3	ENSG00000151929	-2.040649395042419	1.2300223437756206e-7	BAG cochaperone 3
9311	ASIC3	ENSG00000213199	-1.562559591298868	1.2476872562382635e-7	acid sensing ion channel subunit 3
7679	NA	NA	-1.687520815258905	1.2888896894893474e-7	NA
3668	NA	NA	-1.0659513269373109	1.3006642008770744e-7	NA
9194	SLC16A7	ENSG00000118596	-2.7694435285334436	1.3349008649021008e-7	solute carrier family 16 member 7
2532	ACKR1	ENSG00000213088	-2.1424229730066244	1.3779744467446287e-7	atypical chemokine receptor 1 (Duffy blood group)
7382	NA	NA	-1.0135674502614533	1.3790219343805614e-7	NA
11621	NA	NA	-1.4451683761320935	1.3795587270456027e-7	NA
1059	CENPB	ENSG00000125817	-1.2874619030857344	1.4078493521728248e-7	centromere protein B
7198	TRG-GCC3-1	NA	-1.0977323106500858	1.4840040709066053e-7	tRNA-Gly (anticodon GCC) 3-1
6696	SPP1	ENSG00000118785	-2.135232103123642	1.5256214392839001e-7	secreted phosphoprotein 1
12054	NA	NA	-2.999395145332211	1.562676703023063e-7	NA
5482	NA	NA	-1.2087236145326898	1.5678843410129876e-7	NA
13344	NA	NA	-3.2498310580143444	1.579988355439641e-7	NA
6617	SNAPC1	ENSG00000023608	-1.04912640365679	1.582051493239252e-7	small nuclear RNA activating complex polypeptide 1
9845	NA	NA	-1.1958082400893433	1.6162616637735827e-7	NA
14751	NA	NA	-2.908651575336338	1.6282009478156502e-7	NA
7983	NA	NA	-1.9091471952200705	1.6406228144767908e-7	NA
2767	GNA11	ENSG00000088256	-1.7917595357097158	1.8114216965330007e-7	G protein subunit alpha 11
11087	NA	NA	-1.689582415229007	1.8531067973019956e-7	NA
7778	NA	NA	-1.233642510116007	1.908615574653261e-7	NA
9111	NMI	ENSG00000123609	-2.065509694208109	2.0714201178829339e-7	N-myc and STAT interactor
14209	NA	NA	-3.7160529459674483	2.0844243587941393e-7	NA
7788	NA	NA	-1.5764008258382134	2.1022119067686415e-7	NA
14899	NA	NA	-2.3482987599426077	2.177474398227507e-7	NA
14450	NA	NA	-2.7070531546925776	2.1795691555259244e-7	NA
2912	GRM2	ENSG00000164082	-1.181345324369668	2.1821380784264038e-7	glutamate metabotropic receptor 2
6555	SLC10A2	ENSG00000125255	-1.4360019843889897	2.2199572680395363e-7	solute carrier family 10 member 2
4393	NA	NA	-1.0323362042802087	2.2486258671348198e-7	NA
10722	NA	NA	-1.668102687311122	2.288848666299399e-7	NA
5522	PPP2R2C	ENSG00000074211	-1.5434145756510262	2.356163353029138e-7	protein phosphatase 2 regulatory subunit Bgamma
6861	SYT5	ENSG00000129990	-1.3363011400474867	2.70845305742533e-7	synaptotagmin 5
11283	CYP4F8	ENSG00000186526	-1.714144460008065	2.752892325165588e-7	cytochrome P450 family 4 subfamily F member 8
10095	ARPC1B	ENSG00000130429	-1.9690518716996819	2.947967401105269e-7	actin related protein 2/3 complex subunit 1B
11694	NA	NA	-1.7548866194588493	3.07037743806979e-7	NA
2625	GATA3	ENSG00000107485	-1.10098448478738	3.079828881358065e-7	GATA binding protein 3
12506	NA	NA	-1.6202283343164385	3.1681281804721303e-7	NA
13177	NA	NA	-1.9651197664182332	3.254465659477025e-7	NA
3060	HCRT	ENSG00000161610	-1.7757838039483185	3.4580935226680117e-7	hypocretin neuropeptide precursor
13222	NA	NA	-3.2690337842257122	3.621315579940546e-7	NA
8717	TRADD	ENSG00000102871	-1.7857832174155488	3.6784439136214426e-7	TNFRSF1A associated via death domain
12602	NA	NA	-2.7030631253369104	3.7455056004853287e-7	NA
4899	NRF1	ENSG00000106459	-1.2702962902734605	3.841438575867407e-7	nuclear respiratory factor 1
1385	CREB1	ENSG00000118260	-1.6676216360922567	3.842604197924209e-7	cAMP responsive element binding protein 1
2733	GLE1	ENSG00000119392	-2.8375520733068056	3.879653854440543e-7	GLE1 RNA export mediator
3957	LGALS2	ENSG00000100079	-2.364712579269137	3.879653854440543e-7	galectin 2
9826	ARHGEF11	ENSG00000132694	-2.2349511269289337	3.946986818275014e-7	Rho guanine nucleotide exchange factor 11
8025	NA	NA	-1.5148591188399192	3.9912543800942755e-7	NA
9828	ARHGEF17	ENSG00000110237	-1.0544614915856103	3.9961927171063526e-7	Rho guanine nucleotide exchange factor 17
6776	STAT5A	ENSG00000126561	-1.4592079274611685	4.0030498049638674e-7	signal transducer and activator of transcription 5A
12098	NA	NA	-1.5402137211515996	4.0151725835557513e-7	NA
6330	SCN4B	ENSG00000177098	-1.3689388813454668	4.036743221683108e-7	sodium voltage-gated channel beta subunit 4
10761	PLAC1	ENSG00000170965	-1.5196425521145864	4.0669270850930246e-7	placenta enriched 1
14081	NA	NA	-2.3873968206150056	4.147952450669627e-7	NA
11210	NA	NA	-1.5865054440354573	4.205809939119078e-7	NA
12626	NA	NA	-1.4498154416386317	4.2070087887813717e-7	NA
7715	NA	NA	-1.0230660910093734	4.364003391987919e-7	NA
14378	NA	NA	-3.0101400029047465	4.371458932095512e-7	NA
10804	GJB6	ENSG00000121742	-2.7811993928104193	4.3899360739117485e-7	gap junction protein beta 6
8395	PIP5K1B	ENSG00000107242	-1.0580639714843227	4.401845508566439e-7	phosphatidylinositol-4-phosphate 5-kinase type 1 beta
5372	PMM1	ENSG00000100417	-1.8529987260596192	4.41815910642644e-7	phosphomannomutase 1
8480	RAE1	ENSG00000101146	-1.390539344920949	4.5735686092482806e-7	ribonucleic acid export 1
7327	UBE2G2	ENSG00000184787	-3.6465336986143257	4.6214352195927577e-7	ubiquitin conjugating enzyme E2 G2
13723	NA	NA	-2.9559698219447967	4.892748606070333e-7	NA
5042	PABPC3	ENSG00000151846	-1.6043074696015145	4.976203252732711e-7	poly(A) binding protein cytoplasmic 3
3834	KIF25	ENSG00000125337	-1.3730029773043062	5.000911122442191e-7	kinesin family member 25
12370	NA	NA	-1.2414671379271016	5.000911122442191e-7	NA
8932	MBD2	ENSG00000134046	-1.4901579383314787	5.160028557752091e-7	methyl-CpG binding domain protein 2
11664	NA	NA	-1.5994193060593147	5.262348660132088e-7	NA
10898	CPSF4	ENSG00000160917	-1.2026243163257224	5.321219720716337e-7	cleavage and polyadenylation specific factor 4
11334	TUSC2	ENSG00000114383	-1.7167998625565444	5.376605078541281e-7	tumor suppressor 2, mitochondrial calcium regulator
4145	MATK	ENSG00000007264	-1.288039459301458	5.376724921781607e-7	megakaryocyte-associated tyrosine kinase
11049	NUS1P3	NA	-1.4559448747677997	5.706732800845768e-7	NUS1 pseudogene 3
12813	NA	NA	-2.1238363289779416	5.801110983176386e-7	NA
9225	NA	NA	-1.4549163912619199	5.869368932991343e-7	NA
8067	NA	NA	-1.7003373780284832	6.205007146789243e-7	NA
12763	NA	NA	-1.2863187044418367	6.276298945560505e-7	NA
11457	NA	NA	-2.3403708050540395	6.31648351013047e-7	NA
16636	NA	NA	-4.675246638845643	6.337368223417166e-7	NA
14828	NA	NA	-2.165602197976949	6.428356783446362e-7	NA
11199	ANXA10	ENSG00000109511	-2.3705552571700212	6.439822890804406e-7	annexin A10
10027	NA	NA	-1.2521648349277081	6.587079915507839e-7	NA
7459	WBSCR2	NA	-1.7022244120231302	6.637333532123302e-7	Williams-Beuren syndrome chromosome region 2
13889	NA	NA	-4.101819062634822	6.722454488527785e-7	NA
5746	PTH2R	ENSG00000144407	-1.7461566257606111	6.765375063720806e-7	parathyroid hormone 2 receptor
7371	UCK2	ENSG00000143179	-1.5350344405123848	6.777457380162684e-7	uridine-cytidine kinase 2
6460	NA	NA	-1.0539453158802181	7.036172877121832e-7	NA
8347	H2BC4	ENSG00000180596	-1.3021392788357804	7.111543038128808e-7	H2B clustered histone 4
13838	NA	NA	-2.31057320842332	7.111543038128808e-7	NA
9781	RNF144A	ENSG00000151692	-1.695773938625274	7.231465985606133e-7	ring finger protein 144A
10039	PARP3	ENSG00000041880	-1.9513284546498886	8.127183274731283e-7	poly(ADP-ribose) polymerase family member 3
15540	NA	NA	-5.038101289465352	8.216511600231434e-7	NA
11445	NA	NA	-2.1806192101695667	8.326902856647556e-7	NA
8064	NA	NA	-1.558844727108213	8.440502764057813e-7	NA
8893	EIF2B5	ENSG00000145191	-1.1153274673794058	8.681292212970381e-7	eukaryotic translation initiation factor 2B subunit epsilon
9797	TATDN2	ENSG00000157014	-2.3808885777240736	8.766689371865233e-7	TatD DNase domain containing 2
12743	NA	NA	-2.0529507778334133	8.823060179988917e-7	NA
10778	ZNF271P	ENSG00000257267	-1.3602562004863978	8.88876149123604e-7	zinc finger protein 271, pseudogene
9074	CLDN6	ENSG00000184697	-1.9946345027905723	9.013104917579809e-7	claudin 6
11517	NA	NA	-1.3900550357509527	9.013104917579809e-7	NA
9606	NA	NA	-2.574591130857202	9.176657800952746e-7	NA
9765	ZFYVE16	ENSG00000039319	-1.4946353474515153	9.734154546709833e-7	zinc finger FYVE-type containing 16
13175	NA	NA	-1.466389998554811	9.756624940000035e-7	NA
8901	NA	NA	-2.186297013346155	1.019386930415839e-6	NA
5860	QDPR	ENSG00000151552	-1.083348438879831	1.0484878970792853e-6	quinoid dihydropteridine reductase
7021	TFAP2B	ENSG00000008196	-1.4142732670164848	1.04849349073209e-6	transcription factor AP-2 beta
889	KRIT1	ENSG00000001631	-2.9191026369608437	1.054947348146424e-6	KRIT1 ankyrin repeat containing
13039	NA	NA	-2.789137512952751	1.0692279635276987e-6	NA
12616	NA	NA	-1.864925204004138	1.0870404753005496e-6	NA
7003	TEAD1	ENSG00000187079	-1.0253237825817267	1.0974769080428454e-6	TEA domain transcription factor 1
5307	PITX1	ENSG00000069011	-1.3049072688922478	1.1229738604401458e-6	paired like homeodomain 1
13424	NA	NA	-2.3864747282588046	1.1278368187794465e-6	NA
13741	NA	NA	-2.98381680953824	1.15763647229066e-6	NA
12767	NA	NA	-3.868804482928775	1.1643013265177694e-6	NA
13417	NA	NA	-3.7099266406318936	1.1658668113209708e-6	NA
9787	DLGAP5	ENSG00000126787	-1.941170409454752	1.1695002050287519e-6	DLG associated protein 5
7462	LAT2	ENSG00000086730	-2.0361275930410545	1.1717641312262992e-6	linker for activation of T cells family member 2
11396	NA	NA	-1.7200266643452309	1.1947596813413686e-6	NA
12080	NA	NA	-1.7112207602254947	1.1949083540500542e-6	NA
12978	NA	NA	-2.4336732018868314	1.1989247313250304e-6	NA
11718	NA	NA	-1.392251467624985	1.236796597881913e-6	NA
11619	NA	NA	-1.6373557834582788	1.2416303063271802e-6	NA
5720	PSME1	ENSG00000092010	-1.090667282941237	1.257289794154588e-6	proteasome activator subunit 1
9206	RAD17P2	NA	-1.7892868521031065	1.2598176759356938e-6	RAD17 pseudogene 2
9702	CEP57	ENSG00000166037	-1.7008409458393545	1.2893992542688118e-6	centrosomal protein 57
12730	NA	NA	-1.7519377814756407	1.3327334643667615e-6	NA
10699	CORIN	ENSG00000145244	-1.203995474021918	1.370473183986148e-6	corin, serine peptidase
4573	TRNR	NA	-1.224624731075022	1.3930461565161617e-6	tRNA-Arg
10611	PDLIM5	ENSG00000163110	-1.7589540946511717	1.409938672757057e-6	PDZ and LIM domain 5
1718	DHCR24	ENSG00000116133	-1.1988480590928667	1.4962157284636104e-6	24-dehydrocholesterol reductase
2889	RAPGEF1	ENSG00000107263	-1.100321475244772	1.5225332842566805e-6	Rap guanine nucleotide exchange factor 1
13809	NA	NA	-3.3142821814431715	1.5531839316508693e-6	NA
1265	CNN2	ENSG00000064666	-1.213628515265235	1.5826448447639788e-6	calponin 2
10695	CNPY3	ENSG00000137161	-1.2837343232362781	1.721719126138176e-6	canopy FGF signaling regulator 3
12658	NA	NA	-1.4297260846838689	1.7541913133739413e-6	NA
16023	NA	NA	-2.4076013062722827	1.7580604312842758e-6	NA
1785	DNM2	ENSG00000079805	-1.0251970698671484	1.7802312641252254e-6	dynamin 2
10834	NPM1P13	NA	-1.905930914265134	1.7817611338522572e-6	nucleophosmin 1 pseudogene 13
8596	OR4A1P	ENSG00000254408	-1.5099207704941908	1.7857957756803618e-6	olfactory receptor family 4 subfamily A member 1 pseudogene
1926	NA	NA	-1.2154785090491027	1.9041031284002324e-6	NA
9731	CEP104	ENSG00000116198	-1.4017827983060462	1.9047163012457574e-6	centrosomal protein 104
11421	NA	NA	-1.6340454461431695	1.91947094669058e-6	NA
6971	TRGJP1	ENSG00000211692	-1.6795319077727386	2.0296520440284352e-6	T cell receptor gamma joining P1
9113	LATS1	ENSG00000131023	-1.6194610554780275	2.0880914862411556e-6	large tumor suppressor kinase 1
12784	NA	NA	-2.313657493176884	2.106622996248517e-6	NA
11800	NA	NA	-2.087456219278096	2.1808290954062668e-6	NA
13396	NA	NA	-2.142953412641841	2.182281346284677e-6	NA
52	ACP1	ENSG00000143727	-1.3635172329540053	2.196077572983704e-6	acid phosphatase 1
5296	PIK3R2	ENSG00000105647	-1.5276589992728695	2.1999589348841e-6	phosphoinositide-3-kinase regulatory subunit 2
6454	NA	NA	-1.1484845550538487	2.2597278957513544e-6	NA
7949	NA	NA	-2.4128318271661335	2.2610087599271794e-6	NA
6670	SP3	ENSG00000172845	-1.5714277834060277	2.27134634228528e-6	Sp3 transcription factor
9106	NA	NA	-1.2907234646042884	2.289145715785475e-6	NA
4506	NA	NA	-1.3998108885275644	2.408433745253435e-6	NA
11165	NUDT3	ENSG00000272325	-1.601827460162328	2.4117839247415516e-6	nudix hydrolase 3
14225	NA	NA	-2.1183335440158633	2.482378713910997e-6	NA
3001	GZMA	ENSG00000145649	-1.4211918614481622	2.483248386449272e-6	granzyme A
10681	GNB5	ENSG00000069966	-1.088622517232009	2.6616973478024473e-6	G protein subunit beta 5
9110	MTMR4	ENSG00000108389	-2.4287054086125237	2.6623232867991115e-6	myotubularin related protein 4
2067	ERCC1	ENSG00000012061	-1.1000449520409048	2.6997230125947436e-6	ERCC excision repair 1, endonuclease non-catalytic subunit
9984	THOC1	ENSG00000079134	-2.946585116749632	2.7008124179970557e-6	THO complex subunit 1
10727	NA	NA	-1.7644751790740036	2.7615681418305445e-6	NA
10642	IGF2BP1	ENSG00000159217	-2.745732137408325	2.8191624836115065e-6	insulin like growth factor 2 mRNA binding protein 1
3585	NA	NA	-1.0840864938446406	2.8301229134121876e-6	NA
10688	CRSP5	NA	-1.9027244829087766	2.910942688267581e-6	cofactor required for Sp1 transcriptional activation subunit 5
10752	CHL1	ENSG00000134121	-1.0209803688115342	3.089906552159445e-6	cell adhesion molecule L1 like
14810	NA	NA	-2.721904063427634	3.217335847229966e-6	NA
16136	NA	NA	-3.980197592970157	3.217335847229966e-6	NA
7218	TRP-AGG2-6	NA	-1.6795524375879627	3.227062341460789e-6	tRNA-Pro (anticodon AGG) 2-6
7409	VAV1	ENSG00000141968	-1.584598172718394	3.3483794366527714e-6	vav guanine nucleotide exchange factor 1
8231	CND	NA	-2.0792531398150325	3.3948919945761186e-6	Corneal dermoids
9048	ARTN	ENSG00000117407	-2.189561583046481	3.5489003437806926e-6	artemin
10868	USP20	ENSG00000136878	-1.2565676716733247	3.6063967104863545e-6	ubiquitin specific peptidase 20
3266	ERAS	ENSG00000187682	-1.1313610395020344	3.6782407381355443e-6	ES cell expressed Ras
7871	SLMAP	ENSG00000163681	-1.6368966884921619	3.7160560766871582e-6	sarcolemma associated protein
6393	NA	NA	-1.9707449211564223	3.816174526882275e-6	NA
12588	NA	NA	-2.162244963618592	3.975130615333703e-6	NA
12013	NA	NA	-2.7661579084265644	4.0374806757559136e-6	NA
8342	H2BC14	ENSG00000273703	-1.606185810233838	4.096425580067676e-6	H2B clustered histone 14
10604	NA	NA	-1.5144067732462407	4.132886545318585e-6	NA
9003	NA	NA	-1.7531763263972662	4.136582720355391e-6	NA
9678	PHF14	ENSG00000106443	-1.2244317346322813	4.267053759420006e-6	PHD finger protein 14
17073	NA	NA	-5.0228799937508635	4.539006443649913e-6	NA
13513	NA	NA	-2.54939205457329	4.673064835622817e-6	NA
12161	NA	NA	-2.634435418471174	4.768681554003588e-6	NA
9675	TTI1	ENSG00000101407	-2.2789487948424836	4.768740971141109e-6	TELO2 interacting protein 1
13080	NA	NA	-4.446619117837439	4.786195912628304e-6	NA
5388	NA	NA	-1.1948303741799646	4.837064182812231e-6	NA
9376	SLC22A8	ENSG00000149452	-1.4181372875720837	4.855337684062569e-6	solute carrier family 22 member 8
5940	RBMY1A1	ENSG00000234414	-1.217218194155971	4.963402919117989e-6	RNA binding motif protein Y-linked family 1 member A1
11163	NUDT4	ENSG00000173598	-1.4264229608945984	4.996747445928489e-6	nudix hydrolase 4
3104	ZBTB48	ENSG00000204859	-1.0369965770143954	5.042382069426474e-6	zinc finger and BTB domain containing 48
1974	EIF4A2	ENSG00000156976	-1.1946444341024058	5.062095487912357e-6	eukaryotic translation initiation factor 4A2
6513	SLC2A1	ENSG00000117394	-1.2636355162389745	5.145259038112602e-6	solute carrier family 2 member 1
11406	NA	NA	-1.8070107688564954	5.145259038112602e-6	NA
9737	GPRASP1	ENSG00000198932	-1.6215556223301113	5.191789665825768e-6	G protein-coupled receptor associated sorting protein 1
8375	NA	NA	-1.7207060990790393	5.24254346378774e-6	NA
10988	METAP2	ENSG00000111142	-1.689371154658568	5.2562144731350705e-6	methionyl aminopeptidase 2
10941	UGT2A1	ENSG00000173610	-1.2565847272801856	5.316534927474336e-6	UDP glucuronosyltransferase family 2 member A1 complex locus
2	A2M	ENSG00000175899	-1.3450180831113017	5.366655228531276e-6	alpha-2-macroglobulin
1481	CSTP2	ENSG00000277975	-1.6092716700741447	5.460246674665195e-6	cystatin pseudogene 2
15041	NA	NA	-2.9409742638429335	5.473004642496946e-6	NA
1909	EDNRA	ENSG00000151617	-1.033064925986551	5.480543608955512e-6	endothelin receptor type A
4165	NA	NA	-1.5905237802823293	5.6470728249881116e-6	NA
9038	TAAR5	ENSG00000135569	-1.298419992306562	5.6470728249881116e-6	trace amine associated receptor 5
10633	RASL10A	ENSG00000100276	-1.3600648864703166	5.784475945326085e-6	RAS like family 10 member A
13921	NA	NA	-1.7310747564726605	5.836068783956688e-6	NA
9711	RUBCN	ENSG00000145016	-1.8934884981502502	5.84590222898438e-6	rubicon autophagy regulator
10150	MBNL2	ENSG00000139793	-1.8150734557033263	5.959941895412003e-6	muscleblind like splicing regulator 2
5854	NA	NA	-1.0582754708625053	6.0749602574340896e-6	NA
9736	USP34	ENSG00000115464	-1.4047712396510756	6.086335097760266e-6	ubiquitin specific peptidase 34
5535	PPP3R2	ENSG00000188386	-1.4051306319872865	6.098042043673058e-6	protein phosphatase 3 regulatory subunit B, beta
8469	NA	NA	-1.2931901387360285	6.152618717164589e-6	NA
11510	NA	NA	-1.1976472349164466	6.237865874509758e-6	NA
17362	NA	NA	-4.864470576526569	6.474220048408427e-6	NA
9342	SNAP29	ENSG00000099940	-1.0880984950760169	6.5984251125982965e-6	synaptosome associated protein 29
11995	NA	NA	-1.4112336920293678	6.735629940777409e-6	NA
12542	NA	NA	-1.8844122736069124	6.735629940777409e-6	NA
6934	TCF7L2	ENSG00000148737	-1.0262055851231946	6.775837217130857e-6	transcription factor 7 like 2
11432	NA	NA	-2.7022055916921497	6.924842042190105e-6	NA
6914	TBXA1R	NA	-1.468016129808171	7.1708147775961525e-6	thromboxane A1 receptor
14048	NA	NA	-1.6621578476203103	7.222220820866655e-6	NA
10239	AP3S2	ENSG00000157823	-1.386248211232997	7.445029795884085e-6	adaptor related protein complex 3 subunit sigma 2
11082	ESM1	ENSG00000164283	-2.567037056240444	7.5328257978400335e-6	endothelial cell specific molecule 1
10765	KDM5B	ENSG00000117139	-1.3403125995981746	7.615436557567553e-6	lysine demethylase 5B
14283	NA	NA	-2.835468268263488	7.684996841251347e-6	NA
4568	TRNL2	NA	-1.0394244056364637	7.899943391387885e-6	tRNA-Leu
13867	NA	NA	-3.019185399759666	7.902539554354288e-6	NA
14618	NA	NA	-4.864852179043917	8.188749641803645e-6	NA
4851	NOTCH1	ENSG00000148400	-1.3200087893500472	8.204537792651254e-6	notch receptor 1
6731	SRP72	ENSG00000174780	-1.8074476336552527	8.294554079468029e-6	signal recognition particle 72
12206	NA	NA	-2.7348380568100255	8.391884149769096e-6	NA
7515	XRCC1	ENSG00000073050	-1.0531139128761047	8.409361584789701e-6	X-ray repair cross complementing 1
13090	NA	NA	-1.1938900769402316	8.412494537231932e-6	NA
13720	NA	NA	-1.6587763412002359	8.439482029849653e-6	NA
12410	NA	NA	-3.1552020547184787	8.44330960517635e-6	NA
11772	NA	NA	-2.308383091142874	8.4629744387054e-6	NA
10788	IQGAP2	ENSG00000145703	-1.6455721427739973	8.733364133234014e-6	IQ motif containing GTPase activating protein 2
11793	NA	NA	-2.6732451091871945	8.782225256020679e-6	NA
9782	MATR3	ENSG00000015479	-1.2415598556570049	8.824071964839443e-6	matrin 3
851	NA	NA	-1.06509378487872	8.85882407471103e-6	NA
11104	KATNA1	ENSG00000186625	-1.7438096961949647	8.959994620127392e-6	katanin catalytic subunit A1
7794	NA	NA	-1.623676210362821	8.968654228195572e-6	NA
10862	NA	NA	-1.4675670870400974	8.986200716826438e-6	NA
4757	NA	NA	-1.1036473819993113	9.077361047829915e-6	NA
15576	NA	NA	-3.9272400762896487	9.109478478935032e-6	NA
13066	NA	NA	-1.5033764664791287	9.209172348464555e-6	NA
8691	IDDM17	NA	-1.771221264553724	9.599993480829722e-6	insulin dependent diabetes mellitus 17
5342	PLGLB2	ENSG00000125551	-1.17527368480505	9.757886587170265e-6	plasminogen like B2
10934	MORF4	NA	-2.2477352296014077	9.811876309626539e-6	mortality factor 4 (pseudogene)
6893	TAPVR1	NA	-1.3917252352474827	9.983207689923311e-6	total anomalous pulmonary venous return 1
9520	NPEPPS	ENSG00000141279	-1.8773965496920788	9.991904067232228e-6	aminopeptidase puromycin sensitive
13665	NA	NA	-1.7670613750351216	1.0255240780859244e-5	NA
8096	NA	NA	-1.5175430520471582	1.0775808385490083e-5	NA
15617	NA	NA	-3.120443892688758	1.08191023579988e-5	NA
10366	NA	NA	-1.1798823701437824	1.1195216228938724e-5	NA
8871	SYNJ2	ENSG00000078269	-1.149571911707131	1.1235132975360508e-5	synaptojanin 2
7396	USH1E	NA	-1.6550174254922958	1.1259097501065713e-5	Usher syndrome 1E (autosomal recessive, severe)
11072	DUSP14	ENSG00000276023	-1.6237702401962906	1.1318025642128851e-5	dual specificity phosphatase 14
13869	NA	NA	-1.5615351613888417	1.1459433574873436e-5	NA
6354	CCL7	ENSG00000108688	-1.2798625155708057	1.1495712045450231e-5	C-C motif chemokine ligand 7
5809	NA	NA	-1.6213833448037245	1.1892669821423239e-5	NA
14391	NA	NA	-2.527315180462248	1.2085576946708008e-5	NA
8336	H2AC17	ENSG00000278677	-1.5238961562848339	1.2229860047201577e-5	H2A clustered histone 17
197	AHSG	ENSG00000145192	-1.0859824801480347	1.2264283178781983e-5	alpha 2-HS glycoprotein
14876	NA	NA	-1.961799813810684	1.243488256084579e-5	NA
5942	RBMY1C	NA	-1.2452149462907136	1.3025299836856996e-5	RNA binding motif protein Y-linked family 1 member C
11729	NA	NA	-1.2013960773779107	1.3032535330530242e-5	NA
10098	TSPAN5	ENSG00000168785	-1.9885671800994122	1.3286553135437247e-5	tetraspanin 5
9161	NA	NA	-1.500201628868348	1.3415600215375251e-5	NA
4560	NA	NA	-1.1102807587547645	1.3427760217727226e-5	NA
4542	MYO1F	ENSG00000142347	-1.4548287740422343	1.3714473835879958e-5	myosin IF
10268	RAMP3	ENSG00000122679	-1.920264594566494	1.3747662146282175e-5	receptor activity modifying protein 3
11235	PDCD10	ENSG00000114209	-1.8445042370441849	1.3849499593648685e-5	programmed cell death 10
9730	DCAF1	ENSG00000145041	-1.3792123324199463	1.4044449812741367e-5	DDB1 and CUL4 associated factor 1
14666	NA	NA	-1.9504367946121264	1.4278808905971593e-5	NA
12569	NA	NA	-2.3154880756840726	1.4358026959120524e-5	NA
7855	FZD5	ENSG00000163251	-1.3966464611738576	1.507260721055764e-5	frizzled class receptor 5
9597	SMAD5-AS1	ENSG00000164621	-1.1705831889910308	1.550436816304148e-5	SMAD5 antisense RNA 1
4875	NPM1P6	NA	-1.1647302535663686	1.609106168999987e-5	nucleophosmin 1 pseudogene 6
3507	IGHM	ENSG00000211899	-1.0325224127894863	1.6295241027383316e-5	immunoglobulin heavy constant mu
8796	SCEL	ENSG00000136155	-1.8763927854908438	1.6349282981212795e-5	sciellin
2176	FANCC	ENSG00000158169	-1.3266175559683127	1.6465189806552415e-5	FA complementation group C
10612	TRIM3	ENSG00000110171	-1.756322333689149	1.6664104700800955e-5	tripartite motif containing 3
8460	TPST1	ENSG00000169902	-1.7574491093533309	1.6785001650408054e-5	tyrosylprotein sulfotransferase 1
8569	MKNK1	ENSG00000079277	-1.7510270604340532	1.6915590092410556e-5	MAPK interacting serine/threonine kinase 1
7829	NA	NA	-1.0579312086183306	1.703186164928049e-5	NA
8798	DYRK4	ENSG00000010219	-2.1475646315692427	1.7119293636681373e-5	dual specificity tyrosine phosphorylation regulated kinase 4
5851	NA	NA	-1.0986832614045972	1.7654757774284647e-5	NA
4462	NA	NA	-1.6551503027915841	1.7778347908242866e-5	NA
14727	NA	NA	-2.682151707584792	1.790183818313385e-5	NA
1254	CMTX3	NA	-2.129577204547069	1.8013307166288907e-5	Charcot-Marie-Tooth neuropathy, X-linked 3 (dominant)
9836	LCMT2	ENSG00000168806	-1.8683008368533196	1.8013307166288907e-5	leucine carboxyl methyltransferase 2
8587	OR7E2P	ENSG00000255203	-1.0248402038218882	1.821966655959293e-5	olfactory receptor family 7 subfamily E member 2 pseudogene
10692	RRH	ENSG00000180245	-1.1220566476953653	1.8408018500189608e-5	retinal pigment epithelium-derived rhodopsin homolog
15021	NA	NA	-1.544862134020102	1.8653409018361074e-5	NA
9169	SCAF11	ENSG00000139218	-1.6785467742550981	1.8949386989155508e-5	SR-related CTD associated factor 11
13516	NA	NA	-1.8305430473993651	1.908435952968855e-5	NA
13841	NA	NA	-1.7978934337082841	1.9161933225240942e-5	NA
9858	PPP1R26	ENSG00000196422	-1.706676297801198	1.9196267986111808e-5	protein phosphatase 1 regulatory subunit 26
9089	NA	NA	-1.0820983714612606	1.946275738504556e-5	NA
10339	NA	NA	-2.158925558826969	1.9620512489164433e-5	NA
10245	TIMM17B	ENSG00000126768	-1.9465115589278827	2.0100881134781652e-5	translocase of inner mitochondrial membrane 17B
13562	NA	NA	-1.5411873577958763	2.049382832306972e-5	NA
9751	SNPH	ENSG00000101298	-1.0614743061921637	2.0501458786457835e-5	syntaphilin
11528	NA	NA	-1.2773973490319277	2.061257514270242e-5	NA
13622	NA	NA	-1.8355564959667139	2.0809098482059273e-5	NA
14737	NA	NA	-4.109093441216662	2.110151652546644e-5	NA
13007	NA	NA	-1.999839190188111	2.1172589682812176e-5	NA
2155	F7	ENSG00000057593	-1.1334400431181502	2.1356205122554383e-5	coagulation factor VII
9582	APOBEC3B	ENSG00000179750	-1.4933824678048084	2.1423658785459183e-5	apolipoprotein B mRNA editing enzyme catalytic subunit 3B
13896	NA	NA	-2.3380427332208993	2.1581198256103136e-5	NA
7998	NA	NA	-1.0072910548972482	2.1614267441457377e-5	NA
3196	TLX2	ENSG00000115297	-1.1253970986071218	2.183152056669373e-5	T cell leukemia homeobox 2
8816	DCAF5	ENSG00000139990	-1.5452594452558943	2.1931565822666702e-5	DDB1 and CUL4 associated factor 5
13359	NA	NA	-1.9843594005146972	2.2464262406556706e-5	NA
9568	GABBR2	ENSG00000136928	-1.5949246589480013	2.2544405628750718e-5	gamma-aminobutyric acid type B receptor subunit 2
7467	WHCR	NA	-1.2984413978512133	2.2631921430305592e-5	Wolf-Hirschhorn syndrome
7506	XM	NA	-1.5785911749713815	2.2789058029394405e-5	Xm(a) antigen
5018	OXA1L	ENSG00000155463	-1.1229795341059112	2.2797989891750064e-5	OXA1L mitochondrial inner membrane protein
8703	B4GALT3	ENSG00000158850	-1.29747656214432	2.2797989891750064e-5	beta-1,4-galactosyltransferase 3
5155	PDGFB	ENSG00000100311	-1.069363360958732	2.2890287807793124e-5	platelet derived growth factor subunit B
6757	SSX2	ENSG00000241476	-1.0482376621835376	2.3009373105188644e-5	SSX family member 2
14318	NA	NA	-2.835223209243561	2.337375005272705e-5	NA
15171	NA	NA	-3.7461170963463446	2.379733673727917e-5	NA
13565	NA	NA	-2.301578260109155	2.4022849514610568e-5	NA
10286	BCAS2	ENSG00000116752	-1.0940548527824778	2.4060377651204518e-5	BCAS2 pre-mRNA processing factor
10186	LHFPL6	ENSG00000183722	-1.1850404176390004	2.4379007284770756e-5	LHFPL tetraspan subfamily member 6
10334	NA	NA	-1.5781926584224455	2.4494148756654943e-5	NA
3281	HSBP1	ENSG00000230989	-1.2852377301581728	2.6381383809791302e-5	heat shock factor binding protein 1
7431	VIM	ENSG00000026025	-1.5876422811866369	2.6381383809791302e-5	vimentin
9896	FIG4	ENSG00000112367	-2.268199025366861	2.647382491911896e-5	FIG4 phosphoinositide 5-phosphatase
3854	KRT6B	ENSG00000185479	-1.2822793262223182	2.658803151233336e-5	keratin 6B
8424	BBOX1	ENSG00000129151	-1.4453252490510018	2.672408104915609e-5	gamma-butyrobetaine hydroxylase 1
10679	NA	NA	-1.2998775370912508	2.7020299054766165e-5	NA
10563	CXCL13	ENSG00000156234	-1.1011151290819337	2.799436441637309e-5	C-X-C motif chemokine ligand 13
13017	NA	NA	-1.9742801337219569	2.8605833947444888e-5	NA
2861	GPR37	ENSG00000170775	-1.7316713479461279	2.9198600239297787e-5	G protein-coupled receptor 37
8943	AP3D1	ENSG00000065000	-1.77230287383844	2.9198600239297787e-5	adaptor related protein complex 3 subunit delta 1
336	APOA2	ENSG00000158874	-1.2089989048622118	2.923801875807199e-5	apolipoprotein A2
8156	NA	NA	-1.6663739008796863	2.9408418458953568e-5	NA
1183	CLCN4	ENSG00000073464	-1.3746351687411946	2.986832038918839e-5	chloride voltage-gated channel 4
9077	DIRAS3	ENSG00000162595	-1.3701408645042825	3.017041113090895e-5	DIRAS family GTPase 3
321	APBA2	ENSG00000034053	-1.166062261299678	3.100545783493171e-5	amyloid beta precursor protein binding family A member 2
7952	TNDM	NA	-1.7179822307436703	3.114874427837675e-5	diabetes mellitus, transient neonatal
12303	NA	NA	-1.2661388056659746	3.1276905976426675e-5	NA
11022	TDRKH	ENSG00000182134	-1.5627344249386625	3.1291614256603036e-5	tudor and KH domain containing
4566	TRNK	NA	-1.0539585891437855	3.14645540715116e-5	tRNA-Lys
15180	NA	NA	-2.928106082332415	3.14645540715116e-5	NA
9532	BAG2	ENSG00000112208	-1.6169592372645374	3.1763039729900414e-5	BAG cochaperone 2
9573	GDF3	ENSG00000184344	-2.0883529875083884	3.182179132256233e-5	growth differentiation factor 3
13101	NA	NA	-2.545724541024708	3.199019365079504e-5	NA
13456	NA	NA	-1.6909692170765607	3.2844781962214455e-5	NA
3031	HADHAP1	ENSG00000251596	-1.097147912901503	3.298284773373064e-5	HADHA pseudogene 1
10079	ATP9A	ENSG00000054793	-1.1757651547301342	3.316298965401295e-5	ATPase phospholipid transporting 9A (putative)
8774	NAPG	ENSG00000134265	-1.3361870754721692	3.3345473059739845e-5	NSF attachment protein gamma
9301	SNORD27	ENSG00000275996	-1.8701934376101663	3.387964134561149e-5	small nucleolar RNA, C/D box 27
9147	NEMF	ENSG00000165525	-1.2161217136969613	3.430714542884124e-5	nuclear export mediator factor
12935	NA	NA	-2.1539711245126614	3.456335313412316e-5	NA
13566	NA	NA	-1.4525619177853917	3.4728517673488376e-5	NA
13275	NA	NA	-2.9729321055091398	3.595683399677299e-5	NA
4609	MYC	ENSG00000136997	-1.7772405027922262	3.607402396402557e-5	MYC proto-oncogene, bHLH transcription factor
9008	NA	NA	-1.270676545873331	3.701942559434199e-5	NA
11909	NA	NA	-1.5594729848651014	3.724297789909864e-5	NA
6286	S100P	ENSG00000163993	-1.1271300806711941	3.7967029504415395e-5	S100 calcium binding protein P
10279	PRSS16	ENSG00000112812	-1.9575797090458336	3.812314297481048e-5	serine protease 16
4073	NA	NA	-1.2737397667505368	3.8223799992321536e-5	NA
5243	ABCB1	ENSG00000085563	-1.9791128394707207	3.844016571443743e-5	ATP binding cassette subfamily B member 1
12342	NA	NA	-2.163153784188664	3.891541216214634e-5	NA
12442	NA	NA	-2.208076568146223	3.9006456963598673e-5	NA
10759	NA	NA	-2.111508002524216	3.902799908585801e-5	NA
5753	PTK6	ENSG00000101213	-1.6129260347761774	3.912734291707759e-5	protein tyrosine kinase 6
10570	DPYSL4	ENSG00000151640	-1.3686716129945347	3.955744679423671e-5	dihydropyrimidinase like 4
9257	NA	NA	-1.788325567988018	3.963638956559901e-5	NA
12543	NA	NA	-1.500752557489769	4.0039058075966495e-5	NA
11483	NA	NA	-1.3605013418106024	4.0707936547686146e-5	NA
10815	CPLX1	ENSG00000168993	-2.6514251675564853	4.095825446635133e-5	complexin 1
11480	NA	NA	-1.7377445811929297	4.1073094622538115e-5	NA
12056	NA	NA	-2.4335960087903783	4.126783098889353e-5	NA
6663	SOX10	ENSG00000100146	-1.2337764082684113	4.1509150291956816e-5	SRY-box transcription factor 10
3375	IAPP	ENSG00000121351	-1.250105732321265	4.1608509678436105e-5	islet amyloid polypeptide
11518	NA	NA	-1.6457266730075049	4.16115030902768e-5	NA
14071	NA	NA	-2.9298119202351156	4.1992505072887946e-5	NA
13376	NA	NA	-1.5901524096832282	4.292337428766614e-5	NA
16440	NA	NA	-6.350105438704918	4.3622608270547e-5	NA
14045	NA	NA	-2.4875512081925857	4.400328807761553e-5	NA
5242	NA	NA	-1.103819174282223	4.5323983024772375e-5	NA
12345	NA	NA	-1.1535947662121562	4.628075845931637e-5	NA
14384	NA	NA	-2.529886807821341	4.6669171071579344e-5	NA
11951	NA	NA	-1.4254694711875697	4.7296240741616735e-5	NA
1763	DNA2	ENSG00000138346	-1.1112312499481027	4.854967125405678e-5	DNA replication helicase/nuclease 2
16858	NA	NA	-3.7570145085407782	4.897592717601179e-5	NA
13057	NA	NA	-1.7769743110030147	4.9661856517477004e-5	NA
11758	NA	NA	-1.6815455972336302	5.1157140943307e-5	NA
9109	NA	NA	-1.0149212198734816	5.194854272256317e-5	NA
4783	NFIL3	ENSG00000165030	-1.2615322388992252	5.376227902917189e-5	nuclear factor, interleukin 3 regulated
4474	NA	NA	-1.2611358330934974	5.4057038475289904e-5	NA
12059	NA	NA	-1.3933371495944225	5.41438172332904e-5	NA
8147	NA	NA	-1.0782596735367382	5.476922364768537e-5	NA
11424	NA	NA	-1.361532630714042	5.543500296781913e-5	NA
12829	NA	NA	-1.4096151457973736	5.546525235204767e-5	NA
15059	NA	NA	-4.210755768972393	5.584503971827061e-5	NA
1524	CX3CR1	ENSG00000168329	-1.0774558861085939	5.590718094809034e-5	C-X3-C motif chemokine receptor 1
2674	GFRA1	ENSG00000151892	-1.2518477241305328	5.612924702969363e-5	GDNF family receptor alpha 1
15353	NA	NA	-2.53925144320934	5.626292857243246e-5	NA
13450	NA	NA	-1.9999257187051582	5.690612860035953e-5	NA
15046	NA	NA	-4.559160480042732	5.751740641593538e-5	NA
10272	FSTL3	ENSG00000070404	-1.3681547662496865	5.825068498423656e-5	follistatin like 3
11379	NA	NA	-1.4267917406066009	5.838988085777603e-5	NA
15144	NA	NA	-2.0479567491650377	5.871795333702924e-5	NA
4144	MAT2A	ENSG00000168906	-1.091860235286288	5.910073039321713e-5	methionine adenosyltransferase 2A
10682	EBP	ENSG00000147155	-1.5887797167111817	5.932683861580376e-5	EBP cholestenol delta-isomerase
9925	ZBTB5	ENSG00000168795	-3.17458506015179	6.103758702567527e-5	zinc finger and BTB domain containing 5
13897	NA	NA	-1.405586313891107	6.103758702567527e-5	NA
11716	NA	NA	-2.00659328335129	6.129152626418487e-5	NA
15745	NA	NA	-3.932251531203376	6.179685663334002e-5	NA
8483	CILP	ENSG00000138615	-1.0370507491418828	6.250249276496196e-5	cartilage intermediate layer protein
10152	ABI2	ENSG00000138443	-1.4464357769157488	6.257557943727959e-5	abl interactor 2
16357	NA	NA	-2.367096529728384	6.28989306768494e-5	NA
11014	KDELR2	ENSG00000136240	-1.5680917037624538	6.331771170893382e-5	KDEL endoplasmic reticulum protein retention receptor 2
11525	NA	NA	-1.312249938923391	6.714046371884904e-5	NA
8273	SLC10A3	ENSG00000126903	-1.1101021437733547	6.798356925207007e-5	solute carrier family 10 member 3
13791	NA	NA	-2.0420646548245207	6.954820919720827e-5	NA
13328	NA	NA	-1.7877303834511966	6.97636776833995e-5	NA
15458	NA	NA	-3.1366202709653352	7.026004427439285e-5	NA
5329	PLAUR	ENSG00000011422	-1.697044195925705	7.034824576933773e-5	plasminogen activator, urokinase receptor
13410	NA	NA	-2.010903142258489	7.12069308679906e-5	NA
8516	ITGA8	ENSG00000077943	-1.2184106029603998	7.15466539935493e-5	integrin subunit alpha 8
15134	NA	NA	-4.523673022292912	7.193759645594541e-5	NA
12781	NA	NA	-1.5850818812157494	7.347126829610854e-5	NA
346	APOC4	ENSG00000267467	-1.3552368058165796	7.375506313097472e-5	apolipoprotein C4
15135	NA	NA	-1.8468948212740397	7.480082066527703e-5	NA
10552	ARPC1A	ENSG00000241685	-1.4518466582360612	7.48928848130057e-5	actin related protein 2/3 complex subunit 1A
8845	NA	NA	-1.9162684275724573	7.528282099009938e-5	NA
15453	NA	NA	-1.7866714705435731	7.562608293643949e-5	NA
14672	NA	NA	-2.641696128160382	7.562642909336087e-5	NA
3512	JCHAIN	ENSG00000132465	-1.6496633072680857	7.596910141881262e-5	joining chain of multimeric IgA and IgM
8791	NA	NA	-1.3740126045030734	7.613723052148335e-5	NA
11506	NA	NA	-1.23589430210752	7.669478044282429e-5	NA
14852	NA	NA	-2.1111051680905555	7.705061544189767e-5	NA
4911	NTF6B	NA	-1.040475750234657	7.746402120061126e-5	neurotrophin 6 beta (pseudogene)
12148	NA	NA	-1.1371563152310749	7.804250104222517e-5	NA
10591	DNPH1	ENSG00000112667	-1.363565105318804	7.867095102994755e-5	2'-deoxynucleoside 5'-phosphate N-hydrolase 1
15087	NA	NA	-2.7453415691308583	7.991183958286326e-5	NA
11504	NA	NA	-1.972923545251849	8.146249608522932e-5	NA
8872	CDC123	ENSG00000151465	-1.050772169550394	8.225014842746976e-5	cell division cycle 123
15383	NA	NA	-3.2939178631288066	8.27779823845765e-5	NA
11820	NA	NA	-1.1099200775056086	8.380716788256639e-5	NA
11599	NA	NA	-1.0698482444067672	8.490275950273532e-5	NA
11048	NA	NA	-1.304262301682901	8.557136714928826e-5	NA
9816	URB2	ENSG00000135763	-1.2651918235441906	8.569096904978154e-5	URB2 ribosome biogenesis homolog
4258	MGST2	ENSG00000085871	-1.0401169228518554	8.582672477464875e-5	microsomal glutathione S-transferase 2
7946	NA	NA	-1.530907533034823	8.606542224336648e-5	NA
11205	NA	NA	-1.8734448073114667	8.606542224336648e-5	NA
12529	NA	NA	-2.3145865078704073	8.629935799652568e-5	NA
6255	NA	NA	-1.5517375476958704	8.655475058414715e-5	NA
14900	NA	NA	-2.604108297598244	8.65705742424965e-5	NA
11355	NA	NA	-1.6162081896358516	8.728988034939921e-5	NA
10075	HUWE1	ENSG00000086758	-1.5108619589021395	8.757416769305207e-5	HECT, UBA and WWE domain containing E3 ubiquitin protein ligase 1
9643	MORF4L2	ENSG00000123562	-1.065220870608856	8.842430653434557e-5	mortality factor 4 like 2
12617	NA	NA	-1.209858697104252	8.870505005578109e-5	NA
8806	SCZD8	NA	-1.5536662440893627	8.993997213645167e-5	schizophrenia disorder 8
12585	NA	NA	-1.7160660290424286	9.064992350609109e-5	NA
11522	NA	NA	-1.4966586145288128	9.093699503731619e-5	NA
19609	NA	NA	-6.322768594659891	9.416866185012471e-5	NA
13651	NA	NA	-3.0259413328724167	9.60963453700627e-5	NA
14003	NA	NA	-2.3104908602328025	9.86435289082315e-5	NA
18026	NA	NA	-4.708061526652494	1.0025110526580244e-4	NA
13110	NA	NA	-2.006935872358742	1.0412403172407802e-4	NA
6796	NA	NA	-1.0346531649061748	1.0438299459650603e-4	NA
3345	NA	NA	-1.0739451475727935	1.0462556389436636e-4	NA
15866	NA	NA	-2.04841597741339	1.0731184114660935e-4	NA
7399	USH2A	ENSG00000042781	-1.6059524343710374	1.0852262152246011e-4	usherin
10406	WFDC2	ENSG00000101443	-1.62046958726755	1.0915144628581078e-4	WAP four-disulfide core domain 2
11640	NA	NA	-1.728160053814847	1.0915144628581078e-4	NA
4945	OATP1	NA	-1.247406487453962	1.0966005719737236e-4	ornithine aminotransferase pseudogene 1
13657	NA	NA	-1.970210870066815	1.099732702853617e-4	NA
2016	EMX1	ENSG00000135638	-1.1066420354333926	1.102167656125266e-4	empty spiracles homeobox 1
2808	NA	NA	-1.4253106238239521	1.102167656125266e-4	NA
5507	PPP1R3C	ENSG00000119938	-1.4677698406774577	1.1057966351630798e-4	protein phosphatase 1 regulatory subunit 3C
49	ACR	ENSG00000100312	-1.276321161298806	1.1097731119264906e-4	acrosin
9920	KBTBD11	ENSG00000176595	-1.2545928911338862	1.1107943646906762e-4	kelch repeat and BTB domain containing 11
5924	RASGRF2	ENSG00000113319	-1.7268012149976355	1.1137015911875723e-4	Ras protein specific guanine nucleotide releasing factor 2
7347	UCHL3	ENSG00000118939	-1.0216942016432304	1.1144201308981109e-4	ubiquitin C-terminal hydrolase L3
14646	NA	NA	-1.950791005891623	1.1146689787245701e-4	NA
12929	NA	NA	-2.890083803111447	1.1184210809028316e-4	NA
12615	NA	NA	-2.349960007417263	1.1210595595304334e-4	NA
11925	NA	NA	-1.226195046555728	1.1238385718014223e-4	NA
15850	NA	NA	-4.287984855241101	1.1339299151326532e-4	NA
11441	NA	NA	-1.0594771660093047	1.1454206541688036e-4	NA
78	ACTG1P6	NA	-1.2107699299208845	1.1465931702144783e-4	actin gamma 1 pseudogene 6
12796	NA	NA	-1.4394029670302144	1.1481295625060493e-4	NA
1992	SERPINB1	ENSG00000021355	-1.6366787719535698	1.1524450939622287e-4	serpin family B member 1
9486	CHST10	ENSG00000115526	-1.3372930560832972	1.1705484114551231e-4	carbohydrate sulfotransferase 10
9905	SGSM2	ENSG00000141258	-1.2020981227328495	1.1773079595578576e-4	small G protein signaling modulator 2
9850	NA	NA	-1.0563031748881722	1.2007683155100245e-4	NA
10618	TGOLN2	ENSG00000152291	-1.5661296573296444	1.2140778964754786e-4	trans-golgi network protein 2
15223	NA	NA	-3.9978451503480836	1.242564889820185e-4	NA
1421	CRYGD	ENSG00000118231	-1.0313439624796847	1.2426308245755996e-4	crystallin gamma D
6942	TCF20	ENSG00000100207	-1.6384202333737634	1.2437370167766464e-4	transcription factor 20
2377	FRA2E	NA	-1.0302294186906007	1.2484294693395438e-4	fragile site, aphidicolin type, common, fra(2)(p13)
3753	KCNE1	ENSG00000180509	-1.5613894766111671	1.2651613189107238e-4	potassium voltage-gated channel subfamily E regulatory subunit 1
9732	DOCK4	ENSG00000128512	-2.8959210156496638	1.275335063145791e-4	dedicator of cytokinesis 4
6794	STK11	ENSG00000118046	-1.3441884741295695	1.2786645778018233e-4	serine/threonine kinase 11
13030	NA	NA	-1.3268857810841939	1.2786645778018233e-4	NA
12397	NA	NA	-1.7277646909289435	1.2819836865719241e-4	NA
12462	NA	NA	-2.1971556720206276	1.2870612772761695e-4	NA
646	BNC1	ENSG00000169594	-1.1846022261918203	1.3367319906620707e-4	basonuclin zinc finger protein 1
5898	RALA	ENSG00000006451	-1.1711697309228604	1.3367319906620707e-4	RAS like proto-oncogene A
15221	NA	NA	-4.429882606475944	1.3443379607407782e-4	NA
11373	NA	NA	-1.4353011539685292	1.3487312547331645e-4	NA
11826	NA	NA	-1.3281252305714697	1.3487312547331645e-4	NA
16404	NA	NA	-2.4549366577073193	1.3487312547331645e-4	NA
6261	RYR1	ENSG00000196218	-1.269983079867467	1.3587614431666574e-4	ryanodine receptor 1
12488	NA	NA	-1.9750217028376151	1.3750598341896918e-4	NA
10867	TSPAN9	ENSG00000011105	-1.2391845981983436	1.3888048346901452e-4	tetraspanin 9
7697	ZNF138	ENSG00000197008	-1.1057392947729072	1.3905338399201506e-4	zinc finger protein 138
16021	NA	NA	-2.5607975154173426	1.412905630915043e-4	NA
11075	STMN2	ENSG00000104435	-1.3783302403541013	1.435395223826614e-4	stathmin 2
2350	FOLR2	ENSG00000165457	-1.101157781647838	1.4417663948335392e-4	folate receptor beta
14973	NA	NA	-3.309901470769326	1.4443474739724734e-4	NA
12995	NA	NA	-1.684155994900842	1.4507267453817894e-4	NA
10805	NA	NA	-1.7463587385328978	1.4575208511812088e-4	NA
1755	DMBT1	ENSG00000187908	-1.2810651658591883	1.4745417139929814e-4	deleted in malignant brain tumors 1
7874	USP7	ENSG00000187555	-1.2166242654108022	1.483493292099688e-4	ubiquitin specific peptidase 7
14741	NA	NA	-3.2483370053486764	1.483764998580952e-4	NA
12096	NA	NA	-1.0285796485927357	1.5101223711401734e-4	NA
13625	NA	NA	-1.7172892153318073	1.5157522813053065e-4	NA
4384	MRX20	NA	-1.6616753292157245	1.517260639684555e-4	mental retardation, X-linked 20
12287	NA	NA	-1.325170039281724	1.5209765810619754e-4	NA
14007	NA	NA	-1.533726643882174	1.525608938554465e-4	NA
9890	PLPPR4	ENSG00000117600	-1.4067681588591987	1.5386108178911756e-4	phospholipid phosphatase related 4
9799	NA	NA	-1.5332624084282949	1.5491835812534983e-4	NA
7830	PHA2A	NA	-1.186902201875059	1.5522937062465052e-4	Pseudohypoaldosteronism type II (gene A)
11879	NA	NA	-1.457797074819723	1.552424838788715e-4	NA
9136	RRP9	ENSG00000114767	-1.4999010548546323	1.5553965146290232e-4	ribosomal RNA processing 9, U3 small nucleolar RNA binding protein
9173	IL1RL1	ENSG00000115602	-1.9784623273006319	1.5557811977905266e-4	interleukin 1 receptor like 1
14819	NA	NA	-2.3272985813219758	1.564907743776606e-4	NA
11795	NA	NA	-1.001809415553195	1.5811403244513647e-4	NA
10544	PROCR	ENSG00000101000	-1.3033963256594185	1.592610336790891e-4	protein C receptor
10858	CYP46A1	ENSG00000036530	-1.1555783509265802	1.6146973168867067e-4	cytochrome P450 family 46 subfamily A member 1
10793	ZNF273	ENSG00000198039	-1.5866226893095237	1.6199763833770335e-4	zinc finger protein 273
3268	AGFG2	ENSG00000106351	-1.1046226859969774	1.6261775773471592e-4	ArfGAP with FG repeats 2
4863	NPAT	ENSG00000149308	-1.0678393512613213	1.62701515826184e-4	nuclear protein, coactivator of histone transcription
10864	SLC22A7	ENSG00000137204	-1.1133275403482357	1.6344788571106796e-4	solute carrier family 22 member 7
8948	NA	NA	-1.8341014354955205	1.6509279293112238e-4	NA
8795	TNFRSF10B	ENSG00000120889	-1.5519687608483903	1.6732951148666614e-4	TNF receptor superfamily member 10b
17747	NA	NA	-4.555734275660635	1.720503237054714e-4	NA
11714	NA	NA	-1.5465408514268684	1.7500795583795626e-4	NA
12169	NA	NA	-1.0193428752082252	1.7630446270024044e-4	NA
3991	LIPE	ENSG00000079435	-1.1218660083837027	1.8139763656485836e-4	lipase E, hormone sensitive type
4121	MAN1A1	ENSG00000111885	-1.1559880450496978	1.8139763656485836e-4	mannosidase alpha class 1A member 1
1693	NA	NA	-1.2608032195129162	1.8182510485145482e-4	NA
13245	NA	NA	-1.8809165014273541	1.8551124912801837e-4	NA
12768	NA	NA	-2.845288747949099	1.8598717133757857e-4	NA
17224	NA	NA	-3.211583303227271	1.8625956793776543e-4	NA
9030	ERDA1	NA	-1.5593534741559705	1.8643027439002352e-4	expanded repeat domain, CAG/CTG 1
11840	NA	NA	-1.7627330083311148	1.8750831657879141e-4	NA
4605	MYBL2	ENSG00000101057	-1.1483962747343697	1.8779392347295222e-4	MYB proto-oncogene like 2
11824	NA	NA	-1.1175289406195112	1.8797491045765863e-4	NA
6285	S100B	ENSG00000160307	-1.2909504141815182	1.880915135908205e-4	S100 calcium binding protein B
15470	NA	NA	-2.1509862472836025	1.8975581382194817e-4	NA
12278	NA	NA	-1.6302566331896498	1.8981986683696671e-4	NA
9788	MTSS1	ENSG00000170873	-1.2602256916969938	1.901656807566097e-4	MTSS I-BAR domain containing 1
16510	NA	NA	-2.6230032220659054	1.930280081338906e-4	NA
4321	MMP12	ENSG00000262406	-1.172632943183255	1.9453226742479032e-4	matrix metallopeptidase 12
13508	NA	NA	-1.6254637524628337	1.947512459708293e-4	NA
5525	PPP2R5A	ENSG00000066027	-1.5087726842062226	1.9716129378390823e-4	protein phosphatase 2 regulatory subunit B'alpha
1337	COX6A1	ENSG00000111775	-1.1491045668143163	1.9780880152649817e-4	cytochrome c oxidase subunit 6A1
6987	TRGVB	NA	-1.639980262849299	1.978951520504183e-4	T cell receptor gamma variable B (pseudogene)
11376	NA	NA	-1.1322261015893134	1.9848909420203727e-4	NA
1804	DPP6	ENSG00000130226	-1.169704498482302	1.9996741270175299e-4	dipeptidyl peptidase like 6
9266	CYTH2	ENSG00000105443	-1.3828069916894756	2.0435626030637532e-4	cytohesin 2
7584	ZNF35	ENSG00000169981	-1.1744240557400432	2.0541848256367155e-4	zinc finger protein 35
12819	NA	NA	-1.2295703016004988	2.1475586270820092e-4	NA
17151	NA	NA	-3.885505962278787	2.1538730149516563e-4	NA
14056	NA	NA	-1.5780994808241644	2.1616060280720974e-4	NA
11184	MAP4K1	ENSG00000104814	-1.9284968030055545	2.1717720261364462e-4	mitogen-activated protein kinase kinase kinase kinase 1
9276	COPB2	ENSG00000184432	-1.885510749455939	2.1854191553806728e-4	COPI coat complex subunit beta 2
12567	NA	NA	-1.546142671606997	2.186712913697971e-4	NA
15370	NA	NA	-3.571582379524799	2.192330839256644e-4	NA
878	CCA1	NA	-1.764512660916835	2.2090758742233723e-4	cataract, congenital, cerulean type, 1
11086	ADAM29	ENSG00000168594	-1.3347621514982257	2.2220783634919748e-4	ADAM metallopeptidase domain 29
12566	NA	NA	-1.5403461533014542	2.2228779397110484e-4	NA
11466	NA	NA	-1.4595233342526055	2.230468251634991e-4	NA
5362	PLXNA2	ENSG00000076356	-1.0851670704694145	2.2442372708799397e-4	plexin A2
17007	NA	NA	-4.406879237141857	2.2500246877586798e-4	NA
5513	NA	NA	-1.2405378068125248	2.2597836485833145e-4	NA
8406	SRPX	ENSG00000101955	-1.369841522259578	2.26128911755555e-4	sushi repeat containing protein X-linked
10415	SNAI1P1	NA	-1.5109903139056011	2.2830945096720311e-4	snail family zinc finger 1 pseudogene 1
10977	NA	NA	-2.4481354076792607	2.2852203746904994e-4	NA
8570	KHSRP	ENSG00000088247	-1.3566200906261023	2.297878794527907e-4	KH-type splicing regulatory protein
8449	DHX16	ENSG00000204560	-2.6932641025209345	2.343738629675202e-4	DEAH-box helicase 16
13594	NA	NA	-1.5046139112466763	2.3711285809785649e-4	NA
13928	NA	NA	-1.7895879293408814	2.382272808525744e-4	NA
13590	NA	NA	-2.429932634052175	2.391653893559283e-4	NA
14478	NA	NA	-2.1798593114599387	2.3957292361477154e-4	NA
13887	NA	NA	-2.8417932575693294	2.4260347264731108e-4	NA
16616	NA	NA	-2.447240597330815	2.4271262582466194e-4	NA
13413	NA	NA	-1.3337131426031528	2.4351253722499218e-4	NA
10258	NA	NA	-1.9610054481424044	2.447669898342952e-4	NA
14459	NA	NA	-1.8719300266573433	2.4487918752477586e-4	NA
15876	NA	NA	-3.453950499254363	2.4487918752477586e-4	NA
13393	NA	NA	-1.9993798623999954	2.454684901667901e-4	NA
17293	NA	NA	-2.8516318411281802	2.456475042253177e-4	NA
15795	NA	NA	-4.195501107815501	2.4786812794290783e-4	NA
11984	NA	NA	-1.3375573401767897	2.4832987419468093e-4	NA
16121	NA	NA	-2.2674863461621246	2.4834559737695646e-4	NA
7350	UCP1	ENSG00000109424	-1.1550827377508497	2.4834813932856037e-4	uncoupling protein 1
8937	NA	NA	-1.3750026479073507	2.487767158855346e-4	NA
8094	NA	NA	-1.0117974577629958	2.507086852981446e-4	NA
10810	WASF3	ENSG00000132970	-2.04786671460518	2.537564611741436e-4	WASP family member 3
15624	NA	NA	-2.1518937446519755	2.5469788578416793e-4	NA
14538	NA	NA	-1.994456520901091	2.551606391262064e-4	NA
5556	NA	NA	-1.2606183246514533	2.5878238250536944e-4	NA
11982	NA	NA	-1.406311948613101	2.593492959374656e-4	NA
3740	NA	NA	-1.2879901002358183	2.62466687643358e-4	NA
10838	ZNF275	ENSG00000063587	-1.4894064632955644	2.644347896591264e-4	zinc finger protein 275
13663	NA	NA	-1.733250469992121	0.00026694040172646185	NA
9528	TMEM59	ENSG00000116209	-1.913136152855341	2.6749782195244475e-4	transmembrane protein 59
13471	NA	NA	-1.7873799065519818	2.683886316098753e-4	NA
6153	NA	NA	-1.2809246913266095	2.703549130360737e-4	NA
8722	CTSF	ENSG00000174080	-1.5010926954279447	2.7343831991493464e-4	cathepsin F
3610	NA	NA	-1.1599781218765675	2.751687486991243e-4	NA
7740	NA	NA	-1.6573053366148338	2.840511036615075e-4	NA
10648	SCGB1D1	ENSG00000168515	-1.2378430367487867	2.8514367925853366e-4	secretoglobin family 1D member 1
11667	NA	NA	-1.8851869403233465	2.8543713545926933e-4	NA
12707	NA	NA	-1.4013072739550483	2.877985364792967e-4	NA
3900	NA	NA	-1.1193541162281784	2.9042563489528644e-4	NA
7531	YWHAE	ENSG00000108953	-1.0232901863611388	2.9047166566901724e-4	tyrosine 3-monooxygenase/tryptophan 5-monooxygenase activation protein epsilon
9133	CCNB2	ENSG00000157456	-1.3591804461590244	2.926656063999884e-4	cyclin B2
8365	H4C8	ENSG00000158406	-1.438402647051182	2.938976896366508e-4	H4 clustered histone 8
5823	NA	NA	-1.021880197220967	3.0035695993020693e-4	NA
13753	NA	NA	-2.4142574725776855	3.0039535404311683e-4	NA
11992	NA	NA	-1.661670406280268	3.043332273971548e-4	NA
2913	GRM3	ENSG00000198822	-1.1020961720085394	3.0691933259482354e-4	glutamate metabotropic receptor 3
14989	NA	NA	-3.756629227422642	3.0732330239798445e-4	NA
11677	NA	NA	-1.5939899337768972	3.1026665764005457e-4	NA
3908	LAMA2	ENSG00000196569	-1.1372868688506843	3.10530868187399e-4	laminin subunit alpha 2
14297	NA	NA	-1.7174811314012701	3.124324866602926e-4	NA
8165	AKAP1	ENSG00000121057	-1.0022861841791664	3.173477700812067e-4	A-kinase anchoring protein 1
13058	NA	NA	-1.4054170306983218	3.1764482819403414e-4	NA
15192	NA	NA	-2.666166504582187	3.2059370385326217e-4	NA
5169	ENPP3	ENSG00000154269	-1.3931647217355625	3.213913247050069e-4	ectonucleotide pyrophosphatase/phosphodiesterase 3
12359	NA	NA	-1.4066262533357132	3.213913247050069e-4	NA
8727	CTNNAL1	ENSG00000119326	-1.1692289148648365	3.2443148486743437e-4	catenin alpha like 1
16187	NA	NA	-1.7867157630870925	3.2833808147849774e-4	NA
9029	NA	NA	-1.0805060599981746	3.339162241673389e-4	NA
15042	NA	NA	-2.5507134286141033	3.3400698311863113e-4	NA
9449	NA	NA	-1.7166336610729864	3.35881583780367e-4	NA
13993	NA	NA	-1.2493205836642987	3.447453702062663e-4	NA
10436	EMG1	ENSG00000126749	-1.818598394693154	3.4621594982277374e-4	EMG1 N1-specific pseudouridine methyltransferase
15417	NA	NA	-1.6982914152552269	3.4856180656056026e-4	NA
526	ATP6V1B2	ENSG00000147416	-1.7287024329567326	3.5332390886682653e-4	ATPase H+ transporting V1 subunit B2
9619	ABCG1	ENSG00000160179	-1.2506641684758752	3.533501583112769e-4	ATP binding cassette subfamily G member 1
8428	STK24	ENSG00000102572	-1.1372610821943192	3.561907510745961e-4	serine/threonine kinase 24
14968	NA	NA	-2.886702314137654	3.5641993048966564e-4	NA
5727	PTCH1	ENSG00000185920	-1.2916169921326721	3.649097687562051e-4	patched 1
3293	HSD17B3	ENSG00000130948	-1.1098617887685138	3.720700638157985e-4	hydroxysteroid 17-beta dehydrogenase 3
11902	NA	NA	-1.3860381001286242	3.737586139920891e-4	NA
17849	NA	NA	-3.398837690201948	3.740312050925274e-4	NA
1377	NA	NA	-1.1886303183890299	3.7510130290254286e-4	NA
4657	MYP1	NA	-1.2727606511703633	3.7626476296781486e-4	myopia 1 (X-linked)
10827	FAM114A2	ENSG00000055147	-1.2637479139751555	3.797030042992534e-4	family with sequence similarity 114 member A2
13754	NA	NA	-2.952597995772391	3.841895826476105e-4	NA
14836	NA	NA	-2.0371410382706956	3.8874037997315683e-4	NA
7695	ZNF136	ENSG00000196646	-1.1635021861766912	3.8952776298481283e-4	zinc finger protein 136
15865	NA	NA	-4.042287408046564	3.8988153161759675e-4	NA
10130	PDIA6	ENSG00000143870	-1.359050717971345	3.9008584442764833e-4	protein disulfide isomerase family A member 6
16194	NA	NA	-2.18908869060745	3.907082990296583e-4	NA
11672	NA	NA	-1.9957935592415168	3.9116457408622484e-4	NA
7439	BEST1	ENSG00000167995	-1.2644528931588535	3.9271877958437315e-4	bestrophin 1
14299	NA	NA	-1.5754521456630495	3.9675393217276765e-4	NA
8676	STX11	ENSG00000135604	-1.4615132365489356	4.0415350049628686e-4	syntaxin 11
2149	F2R	ENSG00000181104	-1.2250227068495128	4.058337116635516e-4	coagulation factor II thrombin receptor
9382	COG1	ENSG00000166685	-1.1648007529855084	4.117537817371378e-4	component of oligomeric golgi complex 1
13769	NA	NA	-1.9542056014786502	4.1638583404215264e-4	NA
13122	NA	NA	-1.7079664524120641	4.1803208552313977e-4	NA
16635	NA	NA	-2.882354524728211	4.188314468403942e-4	NA
15755	NA	NA	-2.3459486722280416	4.189780835500001e-4	NA
9990	SLC12A6	ENSG00000140199	-1.2139031883947227	4.193203592544602e-4	solute carrier family 12 member 6
10069	RWDD2B	ENSG00000156253	-1.1588548085027337	4.1987797877687273e-4	RWD domain containing 2B
13666	NA	NA	-1.2554754663842018	4.2166916415181373e-4	NA
5109	NA	NA	-1.1607391083924592	4.2262946879052956e-4	NA
10388	SYCP2	ENSG00000196074	-1.219289786276229	4.271710081444714e-4	synaptonemal complex protein 2
6544	NA	NA	-1.185501466552805	4.305439518067131e-4	NA
13044	NA	NA	-2.456876657633576	4.316432975901237e-4	NA
8947	NA	NA	-1.1367217691065952	4.346381385871803e-4	NA
12770	NA	NA	-1.1729237914930712	4.347445072993125e-4	NA
5004	ORM1	ENSG00000229314	-1.2540561157780874	4.352992862531648e-4	orosomucoid 1
10410	IFITM3	ENSG00000142089	-1.5021741593127669	4.368358082683261e-4	interferon induced transmembrane protein 3
5286	PIK3C2A	ENSG00000011405	-1.1557409840094135	4.388830061057835e-4	phosphatidylinositol-4-phosphate 3-kinase catalytic subunit type 2 alpha
11803	NA	NA	-1.3590208593765234	4.4139516899457856e-4	NA
3708	ITPR1	ENSG00000150995	-1.5018304640452558	4.4380839723046555e-4	inositol 1,4,5-trisphosphate receptor type 1
2614	NA	NA	-1.1721036066996309	4.4428608329649135e-4	NA
9025	RNF8	ENSG00000112130	-1.2063926436517103	4.4611984607460613e-4	ring finger protein 8
4070	TACSTD2	ENSG00000184292	-1.4656160107978558	4.4841288407992464e-4	tumor associated calcium signal transducer 2
11668	NA	NA	-1.1539292691767153	4.4932696283904385e-4	NA
3547	IGSF1	ENSG00000147255	-1.3950763771824537	4.5292882332268635e-4	immunoglobulin superfamily member 1
18861	NA	NA	-4.193601888971979	4.5404952869744177e-4	NA
9244	CRLF1	ENSG00000006016	-1.3157957763797514	4.6981039343790636e-4	cytokine receptor like factor 1
17343	NA	NA	-4.345409214156023	4.710775290263253e-4	NA
1063	CENPF	ENSG00000117724	-1.042466169707316	4.733104589453885e-4	centromere protein F
13675	NA	NA	-1.591183071920072	4.8126857828911926e-4	NA
3073	HEXA	ENSG00000213614	-1.2815083094121948	4.8596984520634095e-4	hexosaminidase subunit alpha
4764	NF1P3	NA	-1.490690480298227	5.002761376765691e-4	neurofibromin 1 pseudogene 3
14993	NA	NA	-1.9652594284747658	5.00429896008319e-4	NA
15557	NA	NA	-2.1234118490427876	5.062706271534833e-4	NA
13998	NA	NA	-2.9694317136603186	5.097707382629375e-4	NA
14351	NA	NA	-3.7766440950748112	5.238338306361781e-4	NA
10321	CRISP3	ENSG00000096006	-1.400514032126417	5.271134907987321e-4	cysteine rich secretory protein 3
7775	ZNF232	ENSG00000167840	-1.799122836919321	5.324094070386218e-4	zinc finger protein 232
12110	NA	NA	-1.382698723256778	5.424458250485431e-4	NA
10240	MRPS31	ENSG00000102738	-1.7779657530286845	5.633038607750444e-4	mitochondrial ribosomal protein S31
11193	WBP4	ENSG00000120688	-1.2296602069123395	5.66544780857915e-4	WW domain binding protein 4
13351	NA	NA	-1.3332945691531815	5.66544780857915e-4	NA
15524	NA	NA	-2.6516878757842632	5.694070217348317e-4	NA
7521	NA	NA	-2.2465601681380143	5.722310649166041e-4	NA
11050	NA	NA	-1.2926373313229074	5.722310649166041e-4	NA
12666	NA	NA	-1.5559104013390832	5.722310649166041e-4	NA
10264	NA	NA	-1.253512038109589	5.722657438788932e-4	NA
14173	NA	NA	-2.476769624655758	5.749208242095076e-4	NA
2903	GRIN2A	ENSG00000183454	-1.043922511984415	5.804413263959823e-4	glutamate ionotropic receptor NMDA type subunit 2A
11615	NA	NA	-1.057386098962505	5.957350565982338e-4	NA
11969	NA	NA	-1.7638710620398987	6.001329183367702e-4	NA
13443	NA	NA	-1.3440949977669643	6.087282651511185e-4	NA
16880	NA	NA	-2.1449462667371644	6.087282651511185e-4	NA
9610	RIN1	ENSG00000174791	-1.1707463726456608	6.092307718284612e-4	Ras and Rab interactor 1
15943	NA	NA	-2.7200980459483906	6.122650948869165e-4	NA
9594	NA	NA	-1.3313478846044229	6.174839136365468e-4	NA
12619	NA	NA	-1.847272743758694	6.189588394376001e-4	NA
11886	NA	NA	-1.154680973096619	6.215848813897411e-4	NA
7806	NA	NA	-1.6977975705992672	6.223857166802664e-4	NA
10762	NUP50	ENSG00000093000	-2.550930835657961	6.269137045791813e-4	nucleoporin 50
5708	PSMD2	ENSG00000175166	-1.2985887408722476	6.30882292840732e-4	proteasome 26S subunit ubiquitin receptor, non-ATPase 2
14415	NA	NA	-1.3697897714227807	6.321441827023276e-4	NA
12460	NA	NA	-1.955507659630411	6.351151954234492e-4	NA
15523	NA	NA	-1.4981699117183784	6.371089408941063e-4	NA
15247	NA	NA	-1.900543754736577	6.389668764757332e-4	NA
6602	SMARCD1	ENSG00000066117	-1.0502049824233501	6.413012594571848e-4	SWI/SNF related, matrix associated, actin dependent regulator of chromatin, subfamily d, member 1
10345	TRDN	ENSG00000186439	-1.7811149078654738	6.48844956137831e-4	triadin
3521	NA	NA	-1.2074391403009188	6.51020059240229e-4	NA
14634	NA	NA	-1.6981206034109533	6.522218635772595e-4	NA
127	ADH4	ENSG00000198099	-1.2772266769536218	6.525174188902692e-4	alcohol dehydrogenase 4 (class II), pi polypeptide
10042	HMGXB4	ENSG00000100281	-1.6019157993524868	6.658740870634393e-4	HMG-box containing 4
4549	RNR1	NA	-1.247257604035046	6.668036287813422e-4	s-rRNA
10638	NA	NA	-1.4128452347686677	6.668036287813422e-4	NA
6099	NA	NA	-1.199232964873177	6.704611990929622e-4	NA
9303	SNORD25	ENSG00000275043	-1.327817204122415	6.721290606570781e-4	small nucleolar RNA, C/D box 25
6274	S100A3	ENSG00000188015	-1.0824913137278087	6.724097673864296e-4	S100 calcium binding protein A3
5162	PDHB	ENSG00000168291	-1.244631094333994	6.727773064960509e-4	pyruvate dehydrogenase E1 subunit beta
13121	NA	NA	-1.8994980809121227	6.845598636129669e-4	NA
15304	NA	NA	-1.6664168321140236	6.855373415382593e-4	NA
7953	NA	NA	-1.1194913447198689	6.859411344661249e-4	NA
11839	NA	NA	-1.0293708715178949	6.864061046475634e-4	NA
13011	NA	NA	-1.6977836192590179	6.893183660518985e-4	NA
6256	RXRA	ENSG00000186350	-1.7113462858960804	6.90838944161736e-4	retinoid X receptor alpha
7877	NA	NA	-1.198829666308471	6.91351867315871e-4	NA
6528	SLC5A5	ENSG00000105641	-1.3469067023977748	6.922302094867228e-4	solute carrier family 5 member 5
8574	AKR7A2	ENSG00000053371	-1.3861007525487017	7.001925756118705e-4	aldo-keto reductase family 7 member A2
4531	MTL3P	NA	-1.161008214803309	7.012458128138999e-4	metallothionein-like 3, pseudogene
13511	NA	NA	-1.8066915829287662	7.097399086497622e-4	NA
8477	GPR65	ENSG00000140030	-1.1433115008321668	7.147416492373872e-4	G protein-coupled receptor 65
12553	NA	NA	-1.599424436721057	7.148768005109484e-4	NA
12178	NA	NA	-1.3290665765263778	7.279530694320423e-4	NA
16228	NA	NA	-3.0414382364639763	7.305779857118333e-4	NA
16764	NA	NA	-3.0865997545395865	7.357324795968836e-4	NA
13817	NA	NA	-1.4433091496013175	7.445159890524118e-4	NA
9251	NA	NA	-1.584526523711409	7.706054628372223e-4	NA
11907	NA	NA	-1.6917248477345503	7.80761392313875e-4	NA
14219	NA	NA	-1.6835395566198554	7.810703035020138e-4	NA
9987	HNRNPDL	ENSG00000152795	-1.5229505697233348	7.969751025461223e-4	heterogeneous nuclear ribonucleoprotein D like
18567	NA	NA	-4.295371401655275	7.969751025461223e-4	NA
4324	MMP15	ENSG00000102996	-1.5706231982969074	8.013743111071396e-4	matrix metallopeptidase 15
18198	NA	NA	-3.7313863823609634	8.065976350650439e-4	NA
10372	NA	NA	-1.2066801095466444	8.099148204137426e-4	NA
12077	NA	NA	-1.7801851372093425	8.168610264231382e-4	NA
13249	NA	NA	-1.5887578242122435	8.170576474488528e-4	NA
11703	NA	NA	-1.5305706856441033	8.198339061201766e-4	NA
13123	NA	NA	-1.9194627324480271	8.200024905039813e-4	NA
9602	NA	NA	-1.3205400684566757	8.384585097879497e-4	NA
11853	NA	NA	-1.5415594269759074	8.3919158494732e-4	NA
13156	NA	NA	-1.8685482480309847	8.421992489717332e-4	NA
6087	RNY4P1	NA	-1.0924151890907752	8.444957017316642e-4	RNY4 pseudogene 1
1279	COL1AR	NA	-1.2006613751720343	8.472533167983448e-4	collagen type I alpha receptor
7908	EOS	NA	-1.4444500943061096	8.479402043531843e-4	eosinophilia, familial
10288	LILRB2	ENSG00000131042	-1.5207488844277695	8.58874867033778e-4	leukocyte immunoglobulin like receptor B2
16421	NA	NA	-3.3603237744415253	8.629748049404287e-4	NA
14174	NA	NA	-1.4929182265311993	8.630193837220826e-4	NA
6163	RPL32P1	ENSG00000224796	-1.3813693943840626	8.683863143882423e-4	ribosomal protein L32 pseudogene 1
12078	NA	NA	-1.1170790461427762	8.739199548328291e-4	NA
14761	NA	NA	-1.7194672394375843	8.774033359066936e-4	NA
12493	NA	NA	-1.6895519955698837	8.817868107600062e-4	NA
16689	NA	NA	-2.034451287358802	8.82991247535308e-4	NA
1521	CTSW	ENSG00000172543	-1.139191042777649	8.921110323619479e-4	cathepsin W
10562	OLFM4	ENSG00000102837	-1.0103916753376254	9.201404932258008e-4	olfactomedin 4
4374	NA	NA	-1.4377638477277033	9.21655621728441e-4	NA
16003	NA	NA	-2.341444018743833	9.21655621728441e-4	NA
14226	NA	NA	-1.7077646618461677	9.289982385395923e-4	NA
8673	VAMP8	ENSG00000118640	-1.194992925838754	9.34692704839154e-4	vesicle associated membrane protein 8
9696	CROCC	ENSG00000058453	-1.0598344596042224	9.353678817733441e-4	ciliary rootlet coiled-coil, rootletin
10368	CACNG3	ENSG00000006116	-1.3527027906527496	9.41019652182631e-4	calcium voltage-gated channel auxiliary subunit gamma 3
8009	LALL	NA	-1.2567195699208866	9.445531444417831e-4	Lymphomatous acute lymphoblastic leukemia
14636	NA	NA	-1.43115019654411	9.509462366904592e-4	NA
14546	NA	NA	-1.5765054585927212	9.510157813390955e-4	NA
15437	NA	NA	-3.6875386097698994	9.535991396816908e-4	NA
11815	NA	NA	-1.1408094219402265	9.562559812777176e-4	NA
15498	NA	NA	-3.075316941025455	9.600446225091377e-4	NA
5048	PAFAH1B1	ENSG00000007168	-1.0300717092991403	9.612171597738504e-4	platelet activating factor acetylhydrolase 1b regulatory subunit 1
14793	NA	NA	-2.3491702826534695	9.663898103260158e-4	NA
1781	DYNC1I2	ENSG00000077380	-1.1913412560182925	9.67818124601455e-4	dynein cytoplasmic 1 intermediate chain 2
13524	NA	NA	-1.4049884686441794	9.755864228398419e-4	NA
14262	NA	NA	-1.7332857039533085	9.92592080970786e-4	NA
13866	NA	NA	-2.318981372043993	0.0010019664404681992	NA
6906	SERPINA7	ENSG00000123561	-1.1005915180641397	0.00100253248571647	serpin family A member 7
15933	NA	NA	-1.669486170867748	0.0010071537803923018	NA
6047	RNF4	ENSG00000063978	-1.1197476990937862	0.0010114230579662963	ring finger protein 4
15279	NA	NA	-1.9120705305010006	0.0010137032091681586	NA
16624	NA	NA	-2.9843180367648423	0.0010296504343368148	NA
6724	NA	NA	-1.2918277556260296	0.0010326245140527058	NA
15118	NA	NA	-1.8807006998663116	0.0010326245140527058	NA
117	ADCYAP1R1	ENSG00000078549	-1.0593732816438872	0.0010339325588205428	ADCYAP receptor type I
478	ATP1A3	ENSG00000105409	-1.1478549864452616	0.001035341858243577	ATPase Na+/K+ transporting subunit alpha 3
14643	NA	NA	-1.5596251073490177	0.001041800988841302	NA
10665	TSBP1	ENSG00000204296	-1.098259121324945	0.0010447076750344365	testis expressed basic protein 1
9753	ZSCAN12	ENSG00000158691	-1.4038719070187935	0.0010554179168850094	zinc finger and SCAN domain containing 12
4612	NA	NA	-1.2736184165030047	0.0010656852551083882	NA
14926	NA	NA	-1.8955567727212341	0.0010741808290162895	NA
4426	NA	NA	-1.4345077429711508	0.0010822768008720935	NA
15728	NA	NA	-1.5102809655268503	0.0010993586499128925	NA
15862	NA	NA	-3.9031922618346337	0.001114604288022901	NA
4852	NPY	ENSG00000122585	-1.550853555911054	0.0011269228681392435	neuropeptide Y
4136	NA	NA	-1.305898799259723	0.0011320666981560071	NA
6665	SOX15	ENSG00000129194	-1.4035846520581468	0.0011322651554241294	SRY-box transcription factor 15
9590	AKAP12	ENSG00000131016	-1.0335554021668727	0.0011339864225867453	A-kinase anchoring protein 12
13709	NA	NA	-1.3953551181039752	0.0011434274014883595	NA
13959	NA	NA	-1.3683665162733827	0.0011462690633650835	NA
7583	NA	NA	-2.7082556584977966	0.0011515332003281713	NA
7087	ICAM5	ENSG00000105376	-1.0468277355780509	0.0011515449493526093	intercellular adhesion molecule 5
18895	NA	NA	-5.839916052719786	0.0011515449493526093	NA
20690	NA	NA	-5.307590153154507	0.0011515449493526093	NA
14416	NA	NA	-1.4245034669575114	0.001152542609567474	NA
3504	NA	NA	-1.5844769349893328	0.0011662116384842391	NA
11732	NA	NA	-1.1070187026811988	0.001168038133905045	NA
14597	NA	NA	-2.2663415960518836	0.001177023208082273	NA
12486	NA	NA	-1.0145992672268742	0.0011854192289539273	NA
12467	NA	NA	-1.2976173945012532	0.001189516357532353	NA
12887	NA	NA	-1.6970606527607834	0.0011934629346257704	NA
13606	NA	NA	-1.723566963033046	0.0011934629346257704	NA
17492	NA	NA	-2.409023277755624	0.0011979042343206047	NA
14958	NA	NA	-1.7853533711101972	0.0011994697890750077	NA
18634	NA	NA	-3.31986530866319	0.0012009937368727235	NA
1043	CD52	ENSG00000169442	-1.0051962775936727	0.0012265467278994395	CD52 molecule
14755	NA	NA	-2.769141161039614	0.001231023709426551	NA
7458	EIF4H	ENSG00000106682	-1.4125084107467714	0.0012333199067510834	eukaryotic translation initiation factor 4H
8359	H4C1	ENSG00000278637	-1.003350904563996	0.0012333199067510834	H4 clustered histone 1
17051	NA	NA	-3.2712382051145856	0.0012333199067510834	NA
5470	PPEF2	ENSG00000156194	-1.4227284346457354	0.0012381411271342201	protein phosphatase with EF-hand domain 2
16447	NA	NA	-2.3026743918370194	0.0012406587063496903	NA
13051	NA	NA	-1.7386466400343088	0.0012509257523568584	NA
21794	NA	NA	-5.1914157169396535	0.001254365717226262	NA
16810	NA	NA	-3.173310582967078	0.0012756734795296178	NA
2993	GYPA	ENSG00000170180	-1.077380615272843	0.0012796190541783372	glycophorin A (MNS blood group)
7635	NA	NA	-1.2515330001406648	0.001301723507734959	NA
16096	NA	NA	-3.381188694011207	0.0013044179613128867	NA
10394	PRG3	ENSG00000156575	-1.4437443969317099	0.0013060761090588266	proteoglycan 3, pro eosinophil major basic protein 2
15258	NA	NA	-1.8922415354014441	0.0013174689648870299	NA
6576	SLC25A1	ENSG00000100075	-1.5810574822487162	0.0013423574124076226	solute carrier family 25 member 1
7707	ZNF148	ENSG00000163848	-1.0239046372601799	0.0013464642494765825	zinc finger protein 148
14767	NA	NA	-1.958613488908555	0.0013629921344378894	NA
19447	NA	NA	-3.96535847786527	0.0013690199804364722	NA
15914	NA	NA	-2.577677002095463	0.0013757219024366392	NA
18512	NA	NA	-2.6044762952437877	0.001376994645854335	NA
9039	UBA3	ENSG00000144744	-1.0379670134194334	0.0013866750521008963	ubiquitin like modifier activating enzyme 3
16006	NA	NA	-2.915549191268026	0.0013866750521008963	NA
626	NA	NA	-1.1956350010926922	0.001396912603139877	NA
1904	NA	NA	-1.0913356435213353	0.001425801670478137	NA
17818	NA	NA	-3.540196330240796	0.001425801670478137	NA
5784	PTPN14	ENSG00000152104	-1.2138947645585934	0.0014298318779464346	protein tyrosine phosphatase non-receptor type 14
15386	NA	NA	-2.1044356142810217	0.0014322304698121513	NA
14456	NA	NA	-2.1656420593722623	0.001441268861745289	NA
5046	PCSK6	ENSG00000140479	-1.0102131174706577	0.0014579834349283901	proprotein convertase subtilisin/kexin type 6
13596	NA	NA	-1.5239640577091125	0.0014663566701785841	NA
13482	NA	NA	-1.58559825548392	0.0014702715627822897	NA
11885	NA	NA	-1.1396107081796618	0.0014813322381615403	NA
6976	TRGV3	ENSG00000211699	-1.1614186302457836	0.0014984603107657663	T cell receptor gamma variable 3
9031	BAZ1B	ENSG00000009954	-1.6975824539021065	0.0015411578582507056	bromodomain adjacent to zinc finger domain 1B
3320	HSP90AA1	ENSG00000080824	-1.211268861836303	0.0015418020750237024	heat shock protein 90 alpha family class A member 1
17227	NA	NA	-3.596003754407287	0.0015546463813095664	NA
1224	NA	NA	-1.5077394215014326	0.0015614794497222494	NA
7627	ZNF75A	ENSG00000162086	-1.2118351358001243	0.001568364566535939	zinc finger protein 75A
9783	RIMS3	ENSG00000117016	-1.706209647039152	0.001568992786700533	regulating synaptic membrane exocytosis 3
15063	NA	NA	-2.4492285603213486	0.001568992786700533	NA
12017	NA	NA	-1.4023585081605774	0.0015703975136927605	NA
12919	NA	NA	-1.9058126651698932	0.0015750902949277714	NA
19634	NA	NA	-5.08336471699699	0.0015947559886434523	NA
11069	RAPGEF4	ENSG00000091428	-1.6541657105164222	0.0016025393499536139	Rap guanine nucleotide exchange factor 4
16758	NA	NA	-3.6295096076035063	0.001604915728747946	NA
4613	MYCN	ENSG00000134323	-1.2884214733484527	0.0016118845823560673	MYCN proto-oncogene, bHLH transcription factor
10229	COQ7	ENSG00000167186	-1.1122979834173634	0.0016150799640118755	coenzyme Q7, hydroxylase
14238	NA	NA	-1.735337591947331	0.0016150799640118755	NA
18686	NA	NA	-2.8240949373053614	0.0016175087237255462	NA
10201	NME6	ENSG00000172113	-1.3004035433069854	0.0016229098953684106	NME/NM23 nucleoside diphosphate kinase 6
11607	NA	NA	-1.8311919176606957	0.0016229439072377708	NA
6902	TBCA	ENSG00000171530	-1.3880951764306801	0.0016235670473739913	tubulin folding cofactor A
7323	UBE2D3	ENSG00000109332	-1.3455551040425906	0.001624502291963695	ubiquitin conjugating enzyme E2 D3
12946	NA	NA	-1.2561896802842842	0.0016472652912377828	NA
11864	NA	NA	-1.2423018086976905	0.0016484867274112118	NA
12379	NA	NA	-1.4184445822822085	0.0016541875890235338	NA
11034	DSTN	ENSG00000125868	-1.209351897231709	0.001659539730663363	destrin, actin depolymerizing factor
1106	CHD2	ENSG00000173575	-1.3578805245510903	0.0016772843774065173	chromodomain helicase DNA binding protein 2
15798	NA	NA	-1.7816655722796222	0.0017138615885954503	NA
14118	NA	NA	-1.7339206262838671	0.001715049166910481	NA
6929	TCF3	ENSG00000071564	-1.111398495367538	0.001716877647768359	transcription factor 3
16065	NA	NA	-2.516133309692763	0.001718268486777283	NA
13782	NA	NA	-2.248261972276921	0.0017201656747518135	NA
8302	KLRC4	ENSG00000183542	-1.0316460438221133	0.0017238858235116069	killer cell lectin like receptor C4
11331	PHB2	ENSG00000215021	-1.6343057929626719	0.0017389087874853254	prohibitin 2
11279	KLF8	ENSG00000102349	-1.1395126374181257	0.0017505566836908443	KLF transcription factor 8
12244	NA	NA	-1.08733473427683	0.0017505566836908443	NA
9394	HS6ST1	ENSG00000136720	-1.5358588086625713	0.0017687423090650646	heparan sulfate 6-O-sulfotransferase 1
13961	NA	NA	-1.6239287128468725	0.0017791410034637253	NA
16242	NA	NA	-2.2627045042018348	0.0017829911022834834	NA
9263	STK17A	ENSG00000164543	-1.6132963180446485	0.0018124380711248545	serine/threonine kinase 17a
15724	NA	NA	-1.9286302625286804	0.0018293990446711062	NA
11042	GUSBP15	NA	-1.480766786909352	0.0018683956609852814	GUSB pseudogene 15
2331	FMOD	ENSG00000122176	-1.1697212268855355	0.0018706638287405244	fibromodulin
16500	NA	NA	-2.333673889831648	0.0018830691949876157	NA
13738	NA	NA	-1.5963531998717209	0.001886623609130903	NA
6807	NA	NA	-1.4802732445898654	0.0018948712066945588	NA
17316	NA	NA	-2.5016957693836037	0.0018987217504279042	NA
12398	NA	NA	-1.439077704733236	0.0019033025692549593	NA
12678	NA	NA	-1.2158530684827198	0.0019138265296370638	NA
1505	NA	NA	-1.13489477387735	0.0019161408627852282	NA
15826	NA	NA	-2.180155829878064	0.0019252986659483624	NA
14018	NA	NA	-2.0618833418514737	0.0019343895535199433	NA
17126	NA	NA	-2.775977029529668	0.001937435447329686	NA
4906	NA	NA	-1.1503862096486652	0.001940409614755153	NA
13069	NA	NA	-1.6546918387794176	0.0019456631197545904	NA
9134	CCNE2	ENSG00000175305	-1.3465977183126472	0.001963133106009539	cyclin E2
11872	NA	NA	-1.4816510988588365	0.0019681825343565293	NA
16408	NA	NA	-3.5700196824712958	0.0019811165323519423	NA
10117	ENAM	ENSG00000132464	-1.010791747939065	0.0019872606415285076	enamelin
11543	NA	NA	-2.757517136269729	0.0019922163259455928	NA
18218	NA	NA	-2.849089830101149	0.0019976075508723735	NA
11934	NA	NA	-1.6436287189866616	0.0019983051271773083	NA
16261	NA	NA	-3.027447202970617	0.002013051593199104	NA
9865	TRIL	ENSG00000255690	-1.040425218930506	0.002013734962081358	TLR4 interactor with leucine rich repeats
14146	NA	NA	-1.0879951818199238	0.00201917100090374	NA
12254	NA	NA	-1.5184473277399675	0.00205313179777511	NA
11012	KLK11	ENSG00000167757	-1.321503006479674	0.0020966537890023617	kallikrein related peptidase 11
9357	NA	NA	-1.3766943986483147	0.0021069922846903375	NA
9585	KIF20B	ENSG00000138182	-1.225304507982062	0.002127541474035254	kinesin family member 20B
7247	TSN	ENSG00000211460	-1.1066420419889624	0.002140084589773771	translin
7851	MALL	ENSG00000144063	-1.478954964484355	0.0021481369323487704	mal, T cell differentiation protein like
15897	NA	NA	-3.810066024336633	0.002155339734706376	NA
12360	NA	NA	-1.4390407280874808	0.0021560500923290776	NA
12532	NA	NA	-1.9216819052801606	0.002186315185476614	NA
16133	NA	NA	-2.668565462632171	0.002191689852335054	NA
12329	NA	NA	-1.2161805159288042	0.0022053888548645216	NA
14422	NA	NA	-1.323660200684056	0.00221411344832778	NA
18412	NA	NA	-2.5989577667362727	0.00221411344832778	NA
14208	NA	NA	-1.4467385017650356	0.0022151776640090613	NA
7427	NA	NA	-1.131315884806527	0.0022319583372732996	NA
11089	NA	NA	-1.223631595043647	0.002236455243680535	NA
16431	NA	NA	-2.252648908297448	0.0022610452363254095	NA
9344	TAOK2	ENSG00000149930	-1.4926319788690687	0.0022897433683226475	TAO kinase 2
15414	NA	NA	-1.6147176311761735	0.00229057543750479	NA
8857	FCGBP	ENSG00000275395	-1.1272571180555673	0.002295450299108909	Fc gamma binding protein
15890	NA	NA	-1.7373054815800495	0.0023114667324207246	NA
20543	NA	NA	-3.6404464436997834	0.002347188616489874	NA
6674	SPAG1	ENSG00000104450	-1.0696317082899949	0.0023544631970413036	sperm associated antigen 1
15849	NA	NA	-1.7130503803516173	0.002358979068874599	NA
14376	NA	NA	-2.199832451029597	0.0023731162062580096	NA
12453	NA	NA	-1.3104047138673938	0.002385042620290487	NA
14429	NA	NA	-1.5410096141780132	0.002388287642501512	NA
14432	NA	NA	-1.079949951689405	0.0023890874848842155	NA
14170	NA	NA	-1.6070573495326532	0.0024136810267407554	NA
6508	SLC4A3	ENSG00000114923	-1.1585868403529112	0.00243217455872655	solute carrier family 4 member 3
11238	CA5B	ENSG00000169239	-1.3207765420983753	0.002434124515625115	carbonic anhydrase 5B
13492	NA	NA	-1.1813633230799516	0.002443200403927128	NA
10327	AKR1A1	ENSG00000117448	-1.045512836323681	0.0024564409779019147	aldo-keto reductase family 1 member A1
14020	NA	NA	-2.406366891568722	0.0024590656621733373	NA
14147	NA	NA	-1.8724680807665621	0.0024723965619529637	NA
10282	BET1	ENSG00000105829	-1.8376871904886511	0.0024783205380073175	Bet1 golgi vesicular membrane trafficking protein
4259	MGST3	ENSG00000143198	-1.1064842132907877	0.00249654184246326	microsomal glutathione S-transferase 3
17308	NA	NA	-2.366190421048272	0.002519455079529562	NA
11158	RABL2B	ENSG00000079974	-1.9034172390769855	0.0025197417802787694	RAB, member of RAS oncogene family like 2B
14446	NA	NA	-1.9222752588689545	0.0025220385965197107	NA
14675	NA	NA	-1.4978147544429745	0.0025220385965197107	NA
18751	NA	NA	-3.473645810582184	0.002526330036669519	NA
11651	NA	NA	-1.1082108307294947	0.0025290210852899437	NA
13648	NA	NA	-1.66470470938282	0.002564681910832478	NA
10814	CPLX2	ENSG00000145920	-1.0144901622733153	0.0025672588106222935	complexin 2
15743	NA	NA	-1.7649634211284462	0.0025690275236278284	NA
8056	ECB2	NA	-1.534229272348767	0.00260223356722312	erythrocytosis, autosomal recessive benign 2
5632	NA	NA	-1.2657124009420797	0.0026535836246365926	NA
17178	NA	NA	-2.301419904473485	0.002658726296516653	NA
6362	CCL18	ENSG00000275385	-1.3019769337843927	0.002665301978702864	C-C motif chemokine ligand 18
15968	NA	NA	-2.729956745965341	0.002679683419712288	NA
7195	TRG-CCC1-1	NA	-1.1744646693684353	0.002702404382746846	tRNA-Gly (anticodon CCC) 1-1
8902	NA	NA	-1.1942295507233778	0.0027061924023719514	NA
19695	NA	NA	-4.958935728443753	0.002710190757575648	NA
12302	NA	NA	-1.275413967113257	0.0027286947717595285	NA
7288	TULP2	ENSG00000104804	-1.3732453406144411	0.0027613339502880517	TUB like protein 2
11419	NA	NA	-1.1127586364352176	0.0027662389374394658	NA
7884	SLBP	ENSG00000163950	-1.3475135725796479	0.0027749140308988554	stem-loop histone mRNA binding protein
8888	MCM3AP	ENSG00000160294	-1.3324224278381849	0.002778034378100028	minichromosome maintenance complex component 3 associated protein
5954	RCN1	ENSG00000049449	-1.2625721152662541	0.0028111655490884527	reticulocalbin 1
6845	VAMP7	ENSG00000124333	-1.2911967686353478	0.0028119141250452498	vesicle associated membrane protein 7
11605	NA	NA	-1.1939668317595649	0.002832109980501083	NA
8489	RPL23AP3	ENSG00000214914	-1.1069011276666245	0.0028609714955839614	ribosomal protein L23a pseudogene 3
9233	NA	NA	-1.0759792682095466	0.0028733328845041324	NA
10235	RASGRP2	ENSG00000068831	-1.1607787255264572	0.0028900413263071066	RAS guanyl releasing protein 2
14215	NA	NA	-2.3600544071049345	0.0029238943120861844	NA
6579	SLCO1A2	ENSG00000084453	-1.0102754377502936	0.002946398663607806	solute carrier organic anion transporter family member 1A2
14938	NA	NA	-1.3696232454209067	0.0029467202938669793	NA
12346	NA	NA	-1.7468191796243544	0.002961551683739139	NA
12258	NA	NA	-1.086873879052104	0.0029662912153279146	NA
8105	BRCD1	NA	-1.5347357013171659	0.0029882507956093267	cancer, familial, with in vitro radioresistance
18047	NA	NA	-5.111037784531075	0.003007474588349343	NA
6451	SH3BGRL	ENSG00000131171	-1.7045389103713273	0.003071028776345048	SH3 domain binding glutamate rich protein like
13931	NA	NA	-1.1244449353238624	0.003071028776345048	NA
15823	NA	NA	-1.995678740281347	0.003086196905528998	NA
6682	NA	NA	-1.0269524528558807	0.003114913601937397	NA
14766	NA	NA	-1.4528306448535413	0.0031256097960740354	NA
11875	NA	NA	-1.2506503543797396	0.0031321617656757885	NA
11271	NA	NA	-1.3420405639561148	0.003158323817531304	NA
9766	SUSD6	ENSG00000100647	-1.2159006892288808	0.0031618705367355395	sushi domain containing 6
9042	NA	NA	-1.0438303630736518	0.0031635868253416214	NA
15080	NA	NA	-1.3935157579082975	0.003223442627064047	NA
3305	HSPA1L	ENSG00000204390	-1.1954234099522565	0.003232212593449983	heat shock protein family A (Hsp70) member 1 like
11950	NA	NA	-1.5582283262634962	0.0032414371348438733	NA
14043	NA	NA	-1.830075723319832	0.0032502696458573998	NA
6506	SLC1A2	ENSG00000110436	-1.029756016511938	0.0033014375874566046	solute carrier family 1 member 2
12775	NA	NA	-1.7467079478733407	0.003304574623128489	NA
7901	NA	NA	-1.6730131384281952	0.0033061882735647328	NA
11202	KLK8	ENSG00000129455	-1.3273528751520485	0.00330979185862156	kallikrein related peptidase 8
14035	NA	NA	-1.4970254921910189	0.0033117228793181582	NA
12902	NA	NA	-1.529757188698797	0.003449462505978222	NA
13364	NA	NA	-1.1771545441210918	0.0034516522160690693	NA
12574	NA	NA	-1.1952683140568257	0.0034529009983601216	NA
10754	NA	NA	-1.0750490302803104	0.0034787271828561864	NA
15564	NA	NA	-3.066160358616466	0.003479423655845454	NA
16606	NA	NA	-1.8336392143795257	0.003479423655845454	NA
5017	OVOL1	ENSG00000172818	-1.4573965472778305	0.003501407366251107	ovo like transcriptional repressor 1
14175	NA	NA	-1.2300086343044914	0.003510344654032309	NA
14752	NA	NA	-2.1737573695324586	0.0035488911543881665	NA
12646	NA	NA	-1.514485593456145	0.003558373648304927	NA
1576	CYP3A4	ENSG00000160868	-1.095949981447551	0.003562703632234554	cytochrome P450 family 3 subfamily A member 4
11827	NA	NA	-1.7396550585325337	0.003567697828729732	NA
12104	NA	NA	-1.2953636206928725	0.0035822574870465794	NA
15028	NA	NA	-1.6442300682255102	0.0035823735571382763	NA
12364	NA	NA	-1.8305949993327135	0.0036332210919031486	NA
12490	NA	NA	-2.178307096971401	0.0036332210919031486	NA
16973	NA	NA	-2.394880463613309	0.0036770233366473183	NA
15201	NA	NA	-1.698874064448714	0.003681289310933206	NA
17562	NA	NA	-2.381915425708266	0.0037004711320665065	NA
10577	NPC2	ENSG00000119655	-1.2558270664226838	0.003715995226475476	NPC intracellular cholesterol transporter 2
18502	NA	NA	-2.514976050797012	0.0037395638048154365	NA
15741	NA	NA	-2.31236608107631	0.003748034311415197	NA
4744	NEFH	ENSG00000100285	-1.1277500740164081	0.0037619430886475062	neurofilament heavy chain
10850	CCL27	ENSG00000213927	-1.3507809022372028	0.003769065583641737	C-C motif chemokine ligand 27
12992	NA	NA	-1.292533849842666	0.0037760409353000722	NA
9329	GTF3C4	ENSG00000125484	-1.2654520358384806	0.003797187258919626	general transcription factor IIIC subunit 4
16750	NA	NA	-1.4594329816567468	0.0038034315321309135	NA
8870	IER3	ENSG00000137331	-1.338627574649807	0.003808119972412193	immediate early response 3
10615	SPAG5	ENSG00000076382	-1.1269185114618816	0.003830505385010761	sperm associated antigen 5
10082	GPC6	ENSG00000183098	-1.0682705739533127	0.00383095380471867	glypican 6
16467	NA	NA	-3.0299750080071877	0.0038429355202689343	NA
18619	NA	NA	-2.558393968186181	0.0038466870331614208	NA
335	APOA1	ENSG00000118137	-1.2403087585097168	0.0038723266272218016	apolipoprotein A1
20436	NA	NA	-3.605167896896912	0.003874258269007566	NA
11213	IRAK3	ENSG00000090376	-1.0123167990476487	0.003909593811536389	interleukin 1 receptor associated kinase 3
918	NA	NA	-1.1955537715396567	0.00392242153436832	NA
14731	NA	NA	-2.7155097845880984	0.003929455671088913	NA
13652	NA	NA	-1.5278410154419075	0.004025609167548228	NA
14747	NA	NA	-1.9524483490557676	0.004069935975595914	NA
12152	NA	NA	-1.0822000700915735	0.004113102996656873	NA
12907	NA	NA	-1.4766406911003593	0.004119352966882403	NA
1182	CLCN3	ENSG00000109572	-1.7809000734515252	0.004137034258469415	chloride voltage-gated channel 3
15612	NA	NA	-1.7707036317914993	0.004139723237853766	NA
16243	NA	NA	-2.2131186582566067	0.004177091721548601	NA
15274	NA	NA	-1.8887055120512215	0.004181771975788416	NA
10045	SH2D3A	ENSG00000125731	-1.0118577628648382	0.0041977638137874	SH2 domain containing 3A
17064	NA	NA	-2.1493410789442025	0.004203370235294391	NA
17570	NA	NA	-2.3237264147833776	0.0042340632193829195	NA
19472	NA	NA	-3.110344934459471	0.0042340632193829195	NA
13475	NA	NA	-1.4783691498586546	0.004235789706355474	NA
21739	NA	NA	-4.551345010405244	0.004278373937497202	NA
15315	NA	NA	-1.709424124642106	0.004303394360162841	NA
18352	NA	NA	-2.8601115978631593	0.004319099241366836	NA
4698	NDUFA5	ENSG00000128609	-1.016828518894401	0.0043352334918337655	NADH:ubiquinone oxidoreductase subunit A5
13427	NA	NA	-2.0386169640581833	0.004344740407085298	NA
9300	SNORD28	ENSG00000274544	-1.1989094227525545	0.004346995918825995	small nucleolar RNA, C/D box 28
11739	NA	NA	-1.1219421817419706	0.004362737224535406	NA
10455	ECI2	ENSG00000198721	-1.1952596885724818	0.004369242016112508	enoyl-CoA delta isomerase 2
7702	ZNF143	ENSG00000166478	-1.199827505748649	0.004384637778702841	zinc finger protein 143
16690	NA	NA	-5.133688227428098	0.004388571465844634	NA
11557	NA	NA	-1.0957647236678196	0.004403668324476222	NA
13219	NA	NA	-1.587063696928231	0.0044160087057394945	NA
355	FAS	ENSG00000026103	-1.0019075293393302	0.0044187700791451364	Fas cell surface death receptor
19206	NA	NA	-2.8090114804371362	0.004423835421443413	NA
13459	NA	NA	-1.5225863171775635	0.00442804144874483	NA
13305	NA	NA	-1.0932368317775683	0.004505394632290755	NA
14370	NA	NA	-1.2771999952333275	0.004523689211523046	NA
12780	NA	NA	-1.618682211696173	0.004536926629326646	NA
10883	NA	NA	-1.1471716465219097	0.004582161732334381	NA
17734	NA	NA	-2.179143435922578	0.004595761210555769	NA
14356	NA	NA	-1.5647578894658103	0.004595874595788746	NA
16432	NA	NA	-2.4239590348017925	0.004595874595788746	NA
9275	BCL7B	ENSG00000106635	-1.5867692938582303	0.004601450956919086	BAF chromatin remodeling complex subunit BCL7B
3139	HLA-L	ENSG00000291097	-1.2414145712014473	0.004606438002646893	major histocompatibility complex, class I, L (pseudogene)
1875	E2F5	ENSG00000133740	-1.359484010240138	0.004609878902337083	E2F transcription factor 5
13444	NA	NA	-1.8732940558501896	0.004626824381567173	NA
14139	NA	NA	-1.465905320990525	0.004637428143752476	NA
19173	NA	NA	-2.7681056907984276	0.004688098331220365	NA
6932	TCF7	ENSG00000081059	-1.0778983098863086	0.004695935326078412	transcription factor 7
14764	NA	NA	-1.8121208651167087	0.004696593989885285	NA
6389	SDHA	ENSG00000073578	-1.1815484835359333	0.004703005338144118	succinate dehydrogenase complex flavoprotein subunit A
12650	NA	NA	-1.4110945890610276	0.00474844578597794	NA
5500	PPP1CB	ENSG00000213639	-1.186411054458419	0.0047503565102958905	protein phosphatase 1 catalytic subunit beta
12771	NA	NA	-1.3941974811491324	0.004753723455470392	NA
16371	NA	NA	-1.6399177907033275	0.0047620449610390235	NA
9589	WTAP	ENSG00000146457	-1.1149209488651732	0.0047707329576713794	WT1 associated protein
1407	CRY1	ENSG00000008405	-1.003668602943842	0.004816819884469647	cryptochrome circadian regulator 1
16938	NA	NA	-2.373685307791966	0.004855411782144284	NA
14075	NA	NA	-1.3787975135920578	0.00485920942826238	NA
10547	PSORS4	NA	-1.1248637738333116	0.00490821958838692	psoriasis susceptibility 4
7440	NA	NA	-1.386055850741782	0.004910698007629886	NA
15732	NA	NA	-2.0935273336369145	0.0049371269641234165	NA
13808	NA	NA	-1.5378992626627837	0.005097368154749503	NA
19014	NA	NA	-3.2859982771101643	0.005097368154749503	NA
11566	NA	NA	-1.1705679744503386	0.005140426239553497	NA
11802	NA	NA	-1.0693373843969691	0.005162892257650937	NA
8761	PABPC4	ENSG00000090621	-1.1040102899801223	0.005189178609513162	poly(A) binding protein cytoplasmic 4
12895	NA	NA	-1.674683917188919	0.005225189764915131	NA
14428	NA	NA	-2.3883199997855304	0.005243327046271267	NA
6673	NA	NA	-1.130665488212813	0.0052704949209398996	NA
13803	NA	NA	-2.7181373220703886	0.00527449459737012	NA
15674	NA	NA	-2.5038602173123174	0.005349491680594255	NA
9690	UBE3C	ENSG00000009335	-1.1255281040458562	0.00536624210824864	ubiquitin protein ligase E3C
12105	NA	NA	-1.4409170006018726	0.005597225309018331	NA
14530	NA	NA	-2.3867701248516284	0.005597225309018331	NA
11122	PTPRT	ENSG00000196090	-1.269296248556306	0.005610617815871058	protein tyrosine phosphatase receptor type T
16823	NA	NA	-2.0672188990881497	0.005629210660259136	NA
7792	CCV	NA	-1.9752353537814207	0.005666808111243744	cataract, congenital, Volkmann type
9469	CHST3	ENSG00000122863	-1.2853887951984866	0.005666988765770199	carbohydrate sulfotransferase 3
6322	SCML1	ENSG00000047634	-1.2753732287498776	0.005703143941453907	Scm polycomb group protein like 1
15972	NA	NA	-2.140204727723042	0.005763379129803526	NA
9964	MYCLP3	NA	-1.1149335622085732	0.005789967240482625	MYCL pseudogene 3
11691	NA	NA	-1.0056723015742972	0.005796836727440814	NA
13603	NA	NA	-1.2506955390168444	0.00580550288209574	NA
9728	SECISBP2L	ENSG00000138593	-1.1228900210166135	0.0058210616571957785	SECIS binding protein 2 like
15109	NA	NA	-1.5383905758490037	0.005823987508395229	NA
11553	NA	NA	-1.133643944729871	0.005853307282849201	NA
10504	NA	NA	-1.2735982581556007	0.005856184780377325	NA
14222	NA	NA	-1.446829037843177	0.005875898434497581	NA
17854	NA	NA	-1.9713521249214232	0.00588772165443576	NA
21840	NA	NA	-4.370270450299985	0.00588801501030446	NA
14479	NA	NA	-1.6077856845065073	0.005960160864576878	NA
12642	NA	NA	-1.1372541073499725	0.005969922076361079	NA
16569	NA	NA	-1.894252480252713	0.005989972135030176	NA
14004	NA	NA	-1.2879021601109792	0.005995160129304358	NA
10933	MORF4L1	ENSG00000185787	-1.3591307484748956	0.006135675871160454	mortality factor 4 like 1
6864	NA	NA	-1.2388607711556257	0.0061651458190384424	NA
15158	NA	NA	-1.3574625328056473	0.006187472988887807	NA
14154	NA	NA	-1.2070904324765546	0.006251420365599292	NA
12776	NA	NA	-1.267716778889964	0.006263047625326028	NA
10660	LBX1	ENSG00000138136	-1.117379374170527	0.006274832075167341	ladybird homeobox 1
6489	ST8SIA1	ENSG00000111728	-1.224076789359578	0.006318924300407177	ST8 alpha-N-acetyl-neuraminide alpha-2,8-sialyltransferase 1
16315	NA	NA	-1.6131208717292982	0.006336630301097784	NA
13018	NA	NA	-1.2883203106143168	0.0063503613793402655	NA
18637	NA	NA	-4.602083200022986	0.006354212617151922	NA
14708	NA	NA	-1.2151651044640779	0.006361103620165323	NA
16274	NA	NA	-2.1843767635067124	0.006382346545293565	NA
11814	NA	NA	-1.1104407459414896	0.006388302167280646	NA
14437	NA	NA	-1.3149505535797268	0.006388302167280646	NA
16532	NA	NA	-2.736256064058644	0.006406371499043079	NA
14028	NA	NA	-1.1653669260093593	0.006422225360976291	NA
14971	NA	NA	-1.5720826497612561	0.006460481636819284	NA
16835	NA	NA	-2.0175710535513782	0.006507558911556067	NA
5810	RAD1	ENSG00000113456	-1.282388744762194	0.006520973838901984	RAD1 checkpoint DNA exonuclease
11177	BAZ1A	ENSG00000198604	-1.382268321306027	0.006560043803908175	bromodomain adjacent to zinc finger domain 1A
12242	NA	NA	-1.1381016966079414	0.006560043803908175	NA
16361	NA	NA	-1.788759848126856	0.006562481438052678	NA
12505	NA	NA	-1.5657371412464784	0.0065931183628080555	NA
18543	NA	NA	-2.717440549920907	0.0065931183628080555	NA
15056	NA	NA	-1.3865310991860684	0.006642785689287977	NA
14581	NA	NA	-1.2355586959460516	0.0066438332232618726	NA
12580	NA	NA	-1.2785297380793101	0.00665813901537096	NA
17949	NA	NA	-2.9153954064665055	0.00665813901537096	NA
15272	NA	NA	-1.9554343383278274	0.006713031168331081	NA
13239	NA	NA	-1.6959921366098885	0.006735947185756537	NA
16470	NA	NA	-1.9725787857525394	0.006738278961022718	NA
15874	NA	NA	-1.3485824214312634	0.006794158174867513	NA
13581	NA	NA	-1.3127892609854932	0.006800951865375966	NA
14879	NA	NA	-1.6420652304474688	0.00680904850157076	NA
14098	NA	NA	-1.059293556459873	0.006816910248198449	NA
15961	NA	NA	-1.861793457836209	0.0068396339702529564	NA
16493	NA	NA	-1.6514327934363207	0.006842819896373544	NA
18134	NA	NA	-2.3166424880756713	0.006877968201673085	NA
17136	NA	NA	-2.0456154367613553	0.006881442752185911	NA
13499	NA	NA	-1.2184074767147766	0.006892968023910197	NA
5730	PTGDS	ENSG00000107317	-1.0430591193026306	0.006928799389938602	prostaglandin D2 synthase
13588	NA	NA	-2.247132787661628	0.006933868986417515	NA
15147	NA	NA	-1.3889907594775233	0.006938024692149711	NA
15580	NA	NA	-2.4393140200942374	0.006999572251247339	NA
17915	NA	NA	-2.665793664128589	0.007061470527558703	NA
17688	NA	NA	-1.9675630844878524	0.0070773168164121455	NA
2258	FGF13	ENSG00000129682	-1.0194204360940389	0.0070785286700872935	fibroblast growth factor 13
8651	SOCS1	ENSG00000185338	-1.1345360233985429	0.007147634074233236	suppressor of cytokine signaling 1
19019	NA	NA	-5.365998941871461	0.007150825608429851	NA
12430	NA	NA	-1.4269731770233058	0.007170829023517955	NA
19804	NA	NA	-2.495101592194856	0.007180530587851997	NA
7498	XDH	ENSG00000158125	-1.0673519435769878	0.007211524749418922	xanthine dehydrogenase
13989	NA	NA	-1.8608573009769716	0.00723016575739863	NA
14259	NA	NA	-1.2110871885376535	0.007245530206542945	NA
19708	NA	NA	-3.111024829335477	0.007304709446876468	NA
13209	NA	NA	-1.1154646963932282	0.007335740992479978	NA
17932	NA	NA	-2.3984913286600524	0.007335740992479978	NA
14777	NA	NA	-1.4584108558313926	0.0074118263998812816	NA
13751	NA	NA	-1.3757525494897171	0.007439953495051714	NA
16879	NA	NA	-1.7591826899898286	0.007528629961655387	NA
9817	KEAP1	ENSG00000079999	-1.1578400938582456	0.007549218803501292	kelch like ECH associated protein 1
15179	NA	NA	-1.266763288613549	0.007576265990481491	NA
9849	ZNF518A	ENSG00000177853	-1.0307148422832477	0.007589924957427425	zinc finger protein 518A
12007	NA	NA	-1.4788733180192193	0.007765640618639859	NA
11652	NA	NA	-1.4588765432229112	0.007783945718070976	NA
15248	NA	NA	-1.8690255850188868	0.007827528694342946	NA
19360	NA	NA	-2.547989928534324	0.007829144907994906	NA
11627	NA	NA	-1.1141584171637262	0.007902362466807382	NA
13519	NA	NA	-1.0035692614891256	0.007970945804786054	NA
16562	NA	NA	-2.4403133730598854	0.007986744169252179	NA
11305	NA	NA	-1.5231613768962298	0.008037892201131977	NA
16090	NA	NA	-3.061018602625909	0.008037892201131977	NA
7237	TRT-TGT3-1	NA	-1.150767176251937	0.008051658508938743	tRNA-Thr (anticodon TGT) 3-1
10994	ILVBL	ENSG00000105135	-1.4325852046726788	0.008143180847387748	ilvB acetolactate synthase like
19654	NA	NA	-3.119009715922841	0.008156258065837484	NA
18379	NA	NA	-2.654727380176474	0.008195070032555707	NA
12799	NA	NA	-1.4499621562516802	0.008201991880169988	NA
12948	NA	NA	-1.139886179790718	0.008205347706573893	NA
15924	NA	NA	-1.9599850843159394	0.008207075339075194	NA
14212	NA	NA	-1.461885277505776	0.008224020117253556	NA
13169	NA	NA	-3.3972724986582308	0.008239552260875025	NA
11860	NA	NA	-1.1114106309600569	0.008324224830075472	NA
13823	NA	NA	-1.2907588553578768	0.008409656297850874	NA
17026	NA	NA	-1.6917861153245013	0.008441139471653427	NA
18068	NA	NA	-3.234827589325706	0.008445462993858592	NA
17137	NA	NA	-2.6884477574684937	0.008451773658693786	NA
12174	NA	NA	-1.8995367811703256	0.008547338775033572	NA
13919	NA	NA	-2.85867247093534	0.008554733847547513	NA
16160	NA	NA	-1.8682494524340019	0.008565416427774494	NA
16355	NA	NA	-1.7114315422372772	0.008565416427774494	NA
5179	PENK	ENSG00000181195	-1.1653784415633877	0.008582311397146637	proenkephalin
17390	NA	NA	-2.359156141587498	0.008584471056454542	NA
14046	NA	NA	-1.5515416973567795	0.008595205416273495	NA
19037	NA	NA	-2.3642651725039907	0.008626163978013792	NA
13906	NA	NA	-1.1142561291805047	0.008660359253484164	NA
6458	SH3GL1P1	NA	-1.3365252405854207	0.008664881086793861	SH3 domain containing GRB2 like 1, endophilin A2 pseudogene 1
11792	NA	NA	-1.2198065337323516	0.008694911578317772	NA
18307	NA	NA	-2.5809991809453625	0.00870070326925596	NA
11028	NA	NA	-1.0246076212220097	0.008782635317169992	NA
13612	NA	NA	-1.6971179793826852	0.008807126967715392	NA
15292	NA	NA	-1.4241553311475799	0.008835239318143348	NA
15322	NA	NA	-1.8024896708923752	0.008854573873097637	NA
9921	RNF10	ENSG00000022840	-1.3818972036181894	0.008858561475856331	ring finger protein 10
23114	NFASC	ENSG00000163531	-4.076958263997665	0.008891191423170998	neurofascin
5208	PFKFB2	ENSG00000123836	-1.1277344881533584	0.008901596589975407	6-phosphofructo-2-kinase/fructose-2,6-biphosphatase 2
5889	RAD51C	ENSG00000108384	-1.2318095422293132	0.008909692910485477	RAD51 paralog C
6754	SSTR4	ENSG00000132671	-1.0828035430033722	0.008926721179433526	somatostatin receptor 4
13063	NA	NA	-1.3061974865982837	0.008952557282933721	NA
15545	NA	NA	-1.182552957149508	0.00897510932548761	NA
16062	NA	NA	-1.5188366124349186	0.008980779633616022	NA
14026	NA	NA	-1.7050817453224423	0.009011289740432589	NA
16126	NA	NA	-1.3311692714483037	0.009057634373010052	NA
6350	NA	NA	-1.168991165606854	0.009087648791080864	NA
15805	NA	NA	-1.551251479678077	0.009090666065339748	NA
11960	NA	NA	-1.3528259299671914	0.009130338018711064	NA
22795	NID2	ENSG00000087303	-4.197214886991026	0.009145235701486577	nidogen 2
11391	NA	NA	-1.2174866267840447	0.009174142228667973	NA
13958	NA	NA	-4.780314978323742	0.009198704318014327	NA
15927	NA	NA	-1.479626742038891	0.009244553559279415	NA
13770	NA	NA	-1.323625340109657	0.00925071936439976	NA
12367	NA	NA	-1.2193317158374317	0.00926833242125935	NA
9735	KNTC1	ENSG00000184445	-1.5563843179525199	0.009279634204478741	kinetochore associated 1
6069	RNU4-7P	NA	-1.2427383094715352	0.009283036162115173	RNA, U4 small nuclear 7, pseudogene
19912	NA	NA	-2.9070560988632557	0.009296958853139567	NA
11037	STON1	ENSG00000243244	-1.2785871841952938	0.009311110186869125	stonin 1
12598	NA	NA	-1.1745216381903691	0.009330550549635773	NA
20548	NA	NA	-2.755408145239697	0.009330550549635773	NA
12509	NA	NA	-1.5566632169815455	0.009340041680367771	NA
10651	MTX2	ENSG00000128654	-1.0596459177394044	0.009357685669178481	metaxin 2
17521	NA	NA	-1.5804232871080564	0.009363953653405296	NA
18605	NA	NA	-2.7589443018571136	0.009371581952645529	NA
19216	NA	NA	-2.9549612433419217	0.00937653506198401	NA
12213	NA	NA	-1.0623720692952452	0.00940411650442922	NA
5167	ENPP1	ENSG00000197594	-1.361072757061337	0.009419863344870239	ectonucleotide pyrophosphatase/phosphodiesterase 1
13207	NA	NA	-1.2732521594001875	0.009451595655323216	NA
3915	LAMC1	ENSG00000135862	-1.1716260856663512	0.00946574941353078	laminin subunit gamma 1
9999	NA	NA	-1.1353961375266008	0.00948086533959972	NA
16729	NA	NA	-2.5358132065138195	0.00950772225944357	NA
14574	NA	NA	-1.4667736035875658	0.009570606603453337	NA
13434	NA	NA	-1.366137078660187	0.009590637663281835	NA
9443	MED7	ENSG00000155868	-1.081173206196455	0.00959150947269736	mediator complex subunit 7
8066	ANC	NA	-1.0729703886978277	0.009611828106027114	Anal canal carcinoma
14103	NA	NA	-1.3431999247511706	0.009626344030785279	NA
17707	NA	NA	-2.0141510268721916	0.009631758838237334	NA
13357	NA	NA	-1.5232688899584066	0.00968335109370569	NA
7008	TEF	ENSG00000167074	-1.430292566452658	0.009687395918143962	TEF transcription factor, PAR bZIP family member
15894	NA	NA	-1.864829023860604	0.009698888615541926	NA
10449	ACAA2	ENSG00000167315	-1.1462385221865237	0.009706674323277409	acetyl-CoA acyltransferase 2
16135	NA	NA	-1.7090695389008617	0.009759810312215842	NA
18960	NA	NA	-4.177593966318098	0.009947459698617211	NA
12890	NA	NA	-1.5697581127431024	0.009958242585713076	NA
12413	NA	NA	-1.3378495770027115	0.00996514889085835	NA
16628	NA	NA	-1.6465583284813015	0.00996514889085835	NA
15390	NA	NA	-1.804306663227466	0.00999883790499551	NA
13698	NA	NA	-1.0780056712268458	0.010078308694482497	NA
14017	NA	NA	-1.2771562934634455	0.01009930442830599	NA
12609	NA	NA	-1.177868840630841	0.010122966946125784	NA
12570	NA	NA	-1.2055499501765916	0.010226561493810139	NA
16064	NA	NA	-1.609079786309756	0.010250911403730568	NA
22856	CHSY1	ENSG00000131873	-4.190109495718901	0.01027374177258828	chondroitin sulfate synthase 1
17134	NA	NA	-1.5824997093203264	0.010276667475666358	NA
13510	NA	NA	-1.1228276308558303	0.010313591943768113	NA
14137	NA	NA	-1.6701937970091842	0.010334935541712392	NA
16747	NA	NA	-2.1593571881746882	0.010350303425108825	NA
16678	NA	NA	-5.28202556576715	0.010391849525555748	NA
13882	NA	NA	-1.282486444523693	0.010467539898650223	NA
15539	NA	NA	-2.3033372949262456	0.01063374310686099	NA
8530	CST7	ENSG00000077984	-1.3280278037161906	0.010662592913312776	cystatin F
12787	NA	NA	-1.1123473938506188	0.010681678533475642	NA
7936	NELFE	ENSG00000204356	-1.0383266318984359	0.010705800009898387	negative elongation factor complex member E
17769	NA	NA	-2.434974654624299	0.010719388634423262	NA
12065	NA	NA	-1.0005530543326986	0.010721503244019387	NA
16705	NA	NA	-2.3301807499535916	0.010727906270416605	NA
15672	NA	NA	-1.2539046376117031	0.010747985474188974	NA
15937	NA	NA	-1.7281556808042344	0.01083711257559968	NA
15768	NA	NA	-1.3434273611170169	0.010862317958978913	NA
13486	NA	NA	-1.509862173606424	0.010905561407475723	NA
12215	NA	NA	-1.3568009234795142	0.010982538276678057	NA
12286	NA	NA	-1.3711457507760751	0.010989331298792572	NA
8964	NA	NA	-1.132023163440172	0.011075329900510265	NA
12558	NA	NA	-1.1106012358380075	0.01108007330410713	NA
11314	CD300A	ENSG00000167851	-1.5007053453459047	0.011083998551779444	CD300a molecule
13844	NA	NA	-1.439986236215729	0.011116807880471266	NA
18633	NA	NA	-1.8384740308436938	0.01114584489113862	NA
14575	NA	NA	-1.5480133993032286	0.011167277965729184	NA
15510	NA	NA	-1.5798041969605734	0.011211297772148583	NA
11397	NA	NA	-1.0968537922174117	0.011233585840547303	NA
3750	KCND1	ENSG00000102057	-1.1297614591686582	0.011235310992340247	potassium voltage-gated channel subfamily D member 1
14088	NA	NA	-1.5431006887064076	0.011239346357763767	NA
15721	NA	NA	-1.5823763499502803	0.011402194963601947	NA
16811	NA	NA	-1.6886567351658783	0.011465112538280718	NA
9852	EPM2AIP1	ENSG00000178567	-1.0090263020178154	0.01146636069184747	EPM2A interacting protein 1
14091	NA	NA	-1.5046887692994837	0.011466633692586626	NA
2722	GLC1B	NA	-1.230349270555351	0.011517121865685678	glaucoma 1, open angle, B (adult-onset)
21706	NA	NA	-4.154661337825966	0.011520996389143138	NA
19955	NA	NA	-4.019905788991108	0.011569621373623851	NA
12924	NA	NA	-1.2824236046287865	0.011707771248151186	NA
11450	NA	NA	-1.32612600256208	0.011741194032306747	NA
13735	NA	NA	-1.5019148579453891	0.01182539682665731	NA
8922	NA	NA	-1.2741670069463042	0.011877063656341409	NA
8338	H2AC20	ENSG00000184260	-1.1404448422453841	0.011935798081247532	H2A clustered histone 20
12371	NA	NA	-4.025916550797867	0.012017736553494425	NA
18231	NA	NA	-2.348176322519766	0.012075055614615193	NA
6477	SIAH1	ENSG00000196470	-1.2239243097695782	0.01209285164829797	siah E3 ubiquitin protein ligase 1
13620	NA	NA	-1.048794944818263	0.012104105163257902	NA
9871	SEC24D	ENSG00000150961	-1.1790515106921726	0.012119050789300003	SEC24 homolog D, COPII coat complex component
12436	NA	NA	-1.516340654447504	0.01216812242680117	NA
12203	NA	NA	-1.0230079591024377	0.012180316875445109	NA
14759	NA	NA	-1.30933561450883	0.012263786895828127	NA
10188	TNK2	ENSG00000061938	-1.2910884464056023	0.012264983086086154	tyrosine kinase non receptor 2
18210	NA	NA	-3.0944402317997666	0.012386163269015893	NA
16162	NA	NA	-1.7488431173932688	0.01241833763613089	NA
13143	NA	NA	-1.1736219374560755	0.012441736759554902	NA
16098	NA	NA	-2.265322107033966	0.012624206392538678	NA
17715	NA	NA	-1.5037101537924804	0.012650256592398965	NA
12288	NA	NA	-1.160017691578694	0.01266677323708185	NA
11490	NA	NA	-1.2398645687219683	0.012679173177280676	NA
7654	NA	NA	-1.0219809828948538	0.012704577761112558	NA
13218	NA	NA	-1.011729199850479	0.012742891583207268	NA
10126	DNAL4	ENSG00000100246	-1.0913416114225836	0.012773323374216529	dynein axonemal light chain 4
18862	NA	NA	-1.8900709504953368	0.012821702331100648	NA
15947	NA	NA	-1.5081816285835556	0.012898341053593602	NA
12581	NA	NA	-1.0714111673688786	0.012931331816006855	NA
16492	NA	NA	-1.9145543714132938	0.012949640984880896	NA
15967	NA	NA	-1.5665985570430414	0.012955107947512368	NA
8529	CYP4F2	ENSG00000186115	-1.475294391406677	0.012956478821818222	cytochrome P450 family 4 subfamily F member 2
14049	NA	NA	-1.3144580287251424	0.012978345708714008	NA
21377	NA	NA	-2.811410299923016	0.01301959192430764	NA
14499	NA	NA	-1.5832012126068302	0.013061322728844249	NA
17608	NA	NA	-1.608218667601705	0.013118548490675204	NA
18380	NA	NA	-1.7018913863813865	0.013144353687213398	NA
8471	IRS4	ENSG00000133124	-1.328703545943876	0.013154580426042643	insulin receptor substrate 4
6007	RHD	ENSG00000187010	-1.1135124096595017	0.013214513560527769	Rh blood group D antigen
12816	NA	NA	-1.0526434302733667	0.013215113598864101	NA
20065	NA	NA	-2.6148564281013305	0.013273298194707885	NA
11534	NA	NA	-1.0168943816714018	0.013291780397285909	NA
15532	NA	NA	-1.3016215004632272	0.013361417483554761	NA
15364	NA	NA	-1.19785668272043	0.01341382917801563	NA
6331	SCN5A	ENSG00000183873	-1.1313542999658113	0.013437738571326992	sodium voltage-gated channel alpha subunit 5
14686	NA	NA	-1.2845687892636761	0.013443349285520136	NA
16859	NA	NA	-3.03418415136438	0.013443349285520136	NA
16081	NA	NA	-1.4267556699519623	0.013477331473389855	NA
6462	SHBG	ENSG00000129214	-1.0731530398706939	0.013581413426046405	sex hormone binding globulin
15700	NA	NA	-1.70388446106692	0.013581413426046405	NA
19757	NA	NA	-2.719958285582564	0.013587494355241737	NA
17445	NA	NA	-2.081337866434584	0.013617283588875803	NA
18461	NA	NA	-1.882175779218503	0.013617283588875803	NA
15699	NA	NA	-1.4469673641903262	0.013678522418870817	NA
5356	PLRG1	ENSG00000171566	-1.0859275069394547	0.013716957352305952	pleiotropic regulator 1
22423	NA	NA	-3.994866727810445	0.013716957352305952	NA
10167	CFM1	NA	-1.4777307122333823	0.013718879555424864	cystic fibrosis modifier 1
9517	SPTLC2	ENSG00000100596	-1.824703718959323	0.013720685702331922	serine palmitoyltransferase long chain base subunit 2
14519	NA	NA	-2.0529053335405125	0.013722380403364653	NA
10038	PARP2	ENSG00000129484	-1.172195937230701	0.01379485992588304	poly(ADP-ribose) polymerase 2
15598	NA	NA	-1.1960920278992002	0.013910133702873168	NA
11327	NA	NA	-1.0327060489308137	0.013910577784296324	NA
14325	NA	NA	-1.6412000991025542	0.013969770934234302	NA
18106	NA	NA	-1.9713759568055425	0.014056868007180614	NA
17019	NA	NA	-1.5974663849308146	0.01427711666358521	NA
18356	NA	NA	-1.9820950841318248	0.01427711666358521	NA
18208	NA	NA	-1.6288956837575672	0.014343643281679095	NA
19094	NA	NA	-2.4017923419571314	0.014353713766164304	NA
16472	NA	NA	-2.269692671699277	0.01437447613290399	NA
11882	NA	NA	-1.1877710807423423	0.014533867195236848	NA
16344	NA	NA	-1.5223493000763182	0.014573252925453022	NA
20144	NA	NA	-3.0344353288639643	0.014614678861510235	NA
18556	NA	NA	-1.4973416849700987	0.014673939820972402	NA
16478	NA	NA	-2.1431374870455158	0.014712358023292143	NA
7365	UGT2B10	ENSG00000109181	-1.0603681521009434	0.014748178238813848	UDP glucuronosyltransferase family 2 member B10
7078	TIMP3	ENSG00000100234	-1.018808241407856	0.014827285557181363	TIMP metallopeptidase inhibitor 3
11880	NA	NA	-1.0330823625994454	0.014852137099155952	NA
16660	NA	NA	-2.987488670221012	0.01496145864157636	NA
14121	NA	NA	-1.4513141925296178	0.014994242537133317	NA
15860	NA	NA	-1.256414644571862	0.014994242537133317	NA
14381	NA	NA	-1.2366501392925406	0.015028403845810868	NA
13087	NA	NA	-1.0297805837867853	0.015121890569299773	NA
15335	NA	NA	-1.3682748229383297	0.015141304340807663	NA
13604	NA	NA	-1.0242527515215505	0.015201298707065847	NA
16617	NA	NA	-1.7346414616440204	0.015218896303247362	NA
16002	NA	NA	-1.394592256724555	0.015265617364226478	NA
17500	NA	NA	-1.6581428823659734	0.015386142119863746	NA
15460	NA	NA	-1.5892839245004238	0.015437630019100248	NA
10468	FST	ENSG00000134363	-1.0350353069459721	0.015452003759312051	follistatin
18867	NA	NA	-2.1064333423093258	0.015576871232817842	NA
16047	NA	NA	-2.0536691004265073	0.015587372494964356	NA
18690	NA	NA	-2.9092463247729863	0.015729292853554285	NA
8301	PICALM	ENSG00000073921	-1.2595392308892028	0.015746322276699337	phosphatidylinositol binding clathrin assembly protein
14743	NA	NA	-1.1215849962104172	0.015857270123235782	NA
11884	NA	NA	-1.0957447633689692	0.01592637022099576	NA
18841	NA	NA	-2.093864516220699	0.016014385770610685	NA
16132	NA	NA	-1.3126939148865953	0.016128645708583463	NA
11572	NA	NA	-1.0762190072713815	0.01619441875575751	NA
12458	NA	NA	-1.239849103503219	0.016254988583183718	NA
8486	NA	NA	-1.0094478117397785	0.01639610189842932	NA
14335	NA	NA	-2.1263555854909857	0.016732091695007088	NA
19839	NA	NA	-2.0512776429080177	0.016786049473691916	NA
21262	NA	NA	-2.6340070592287015	0.016845835358867415	NA
18534	NA	NA	-1.6998562251555016	0.016901484459375376	NA
11275	KLHL2	ENSG00000109466	-1.0732989843976688	0.016907704085309522	kelch like family member 2
11687	NA	NA	-1.003282436657265	0.016944431131114095	NA
13204	NA	NA	-1.2829455881597411	0.0170291659784599	NA
17105	NA	NA	-1.5388349475671363	0.017138743681529348	NA
9144	SYNGR2	ENSG00000108639	-1.1750965309822068	0.0172056132701943	synaptogyrin 2
17612	NA	NA	-1.7328966247659268	0.017491082363194913	NA
17382	NA	NA	-1.5981952422449852	0.017501254522219106	NA
16610	NA	NA	-2.2546502181126953	0.017574343767652652	NA
15833	NA	NA	-1.408482473836722	0.017662895813881127	NA
16420	NA	NA	-1.9147306476171735	0.017662895813881127	NA
11033	ADAP1	ENSG00000105963	-1.2979086673221023	0.017674155423422724	ArfGAP with dual PH domains 1
18375	NA	NA	-2.2078893414188734	0.017824914496929967	NA
18111	NA	NA	-1.3327849658093822	0.017919024719884626	NA
18055	NA	NA	-1.6664875090267297	0.018036334864673494	NA
13116	NA	NA	-1.1504364782872656	0.018128396743656742	NA
2855	GPR32P1	NA	-1.0101849522561834	0.0181746388703283	GPR32 pseudogene 1
18614	NA	NA	-2.025767869121906	0.01822095922750585	NA
18777	NA	NA	-1.8100499895559607	0.018229925158001644	NA
16950	NA	NA	-1.5021416402154384	0.018262958191801817	NA
17529	NA	NA	-1.5829783115145495	0.018262958191801817	NA
4078	NA	NA	-1.0071423836637234	0.018302189689393473	NA
17303	NA	NA	-1.9399632338937494	0.018321727950186814	NA
10463	SLC30A9	ENSG00000014824	-1.5569036435709784	0.018344134837869456	solute carrier family 30 member 9
15267	NA	NA	-1.5861096589271089	0.018404640893729417	NA
14095	NA	NA	-1.2662255612827042	0.018506319455614	NA
14524	NA	NA	-1.403535023078512	0.01855106818469674	NA
15164	NA	NA	-1.3984135331413203	0.01855106818469674	NA
22475	NA	NA	-2.4177900634381158	0.01855745719328668	NA
4884	NPTX1	ENSG00000171246	-1.048252249991099	0.018665802283925035	neuronal pentraxin 1
13630	NA	NA	-1.2072690362396499	0.01867258390825317	NA
16579	NA	NA	-2.019958491505706	0.01867258390825317	NA
7864	SCLC1	NA	-1.204220261843429	0.01875904751483082	small cell cancer of the lung
17962	NA	NA	-1.694477745454356	0.018841409703791924	NA
18905	NA	NA	-1.917170636823571	0.01891482007202706	NA
14305	NA	NA	-1.1985390188988054	0.019037954868293756	NA
14264	NA	NA	-1.0787616126986588	0.019230298736728695	NA
21617	NA	NA	-3.7898474264858	0.019230298736728695	NA
2815	GP9	ENSG00000169704	-1.047093557532406	0.019236664744436433	glycoprotein IX platelet
16721	NA	NA	-2.2333596638569446	0.019251978240576905	NA
11494	NA	NA	-1.1502282734367106	0.019372636487865153	NA
17413	NA	NA	-1.3332650551120906	0.019372636487865153	NA
8150	NA	NA	-1.0961520665453408	0.019608708510544158	NA
17472	NA	NA	-1.6805455022761204	0.019618754692471888	NA
13712	NA	NA	-1.0928595900616027	0.019671388523255944	NA
18323	NA	NA	-2.0430919530209546	0.019685443811637896	NA
22193	NA	NA	-2.4135610284678353	0.019712553726844276	NA
21667	NA	NA	-2.2098372572652436	0.019828805497430747	NA
16210	NA	NA	-1.9382428894399908	0.019873882754261916	NA
15645	NA	NA	-1.5346068072218646	0.019879842479887645	NA
13677	NA	NA	-1.0632065073051522	0.019898677084998095	NA
13151	NA	NA	-1.1260270848503666	0.019941478965524326	NA
8832	CD84	ENSG00000066294	-1.1321899169993705	0.020066890237467622	CD84 molecule
4415	NA	NA	-1.083214614346157	0.020076598210471416	NA
15103	NA	NA	-1.0739100977284821	0.020396545255827743	NA
21114	NA	NA	-2.3219868330392726	0.020470264129257083	NA
1811	SLC26A3	ENSG00000091138	-1.0392881668639464	0.020552484253841163	solute carrier family 26 member 3
8085	KMT2D	ENSG00000167548	-1.6127856689252527	0.020584870638711044	lysine methyltransferase 2D
16634	NA	NA	-1.7704403226228393	0.020584870638711044	NA
13452	NA	NA	-1.1919744126417948	0.020622156544691284	NA
14946	NA	NA	-1.9349542987429384	0.020685764093881055	NA
15929	NA	NA	-1.9430044260059727	0.020685764093881055	NA
18223	NA	NA	-2.208648755528674	0.02077103283722033	NA
14300	NA	NA	-1.1622479776586874	0.020944900244515743	NA
19276	NA	NA	-1.9243118695234651	0.02099708703722644	NA
15821	NA	NA	-1.8815412230141875	0.02118149994066535	NA
14198	NA	NA	-1.3751527999152793	0.02120065185236699	NA
8028	MLLT10	ENSG00000078403	-1.058887345466544	0.021310721008001993	MLLT10 histone lysine methyltransferase DOT1L cofactor
16929	NA	NA	-1.4536098719029946	0.021331395549505958	NA
14710	NA	NA	-1.102478484303657	0.021334463566323902	NA
13442	NA	NA	-1.2323224369509904	0.021389037544565368	NA
17619	NA	NA	-1.3127154713780602	0.021389037544565368	NA
16245	NA	NA	-1.4916772628042991	0.021468188007120925	NA
11854	NA	NA	-1.8330271683136226	0.021481038239255536	NA
16916	NA	NA	-1.575774758373111	0.021504600543791455	NA
17643	NA	NA	-1.642445519653625	0.021529799814582758	NA
13927	NA	NA	-1.1030186676574356	0.02156743535073383	NA
19180	NA	NA	-4.728270065163412	0.021657366047484354	NA
13384	NA	NA	-1.9413049501281021	0.021670391579490574	NA
17174	NA	NA	-1.4344042876254925	0.02171282149226865	NA
15480	NA	NA	-1.3817789187586849	0.02174128536628439	NA
11711	NA	NA	-1.0615595336131687	0.021770354298791355	NA
15691	NA	NA	-1.543920818721067	0.021785897686487893	NA
12118	NA	NA	-1.4677603542643634	0.021876911673439376	NA
11160	ERLIN2	ENSG00000147475	-1.0220752399455966	0.02199492229907564	ER lipid raft associated 2
13172	NA	NA	-1.199607746917685	0.022136946352201908	NA
17398	NA	NA	-2.404994469147729	0.022162252889602576	NA
15117	NA	NA	-1.4091436886871715	0.022171176836555857	NA
17047	NA	NA	-1.921415178077038	0.02218126285487215	NA
15718	NA	NA	-1.5698711122923121	0.02242923577865725	NA
12640	NA	NA	-1.7812380058119917	0.02269728817602739	NA
21043	NA	NA	-2.0176403849130558	0.02269728817602739	NA
16303	NA	NA	-1.3542557431322915	0.02271350690447733	NA
17453	NA	NA	-1.3515323428556365	0.02271350690447733	NA
11043	MID2	ENSG00000080561	-1.0334605647871487	0.022808896415248733	midline 2
14589	NA	NA	-1.190035709568883	0.02283292803881152	NA
16707	NA	NA	-1.8894950257789909	0.022883864267556214	NA
9639	ARHGEF10	ENSG00000104728	-1.2596733268679114	0.022968934822984143	Rho guanine nucleotide exchange factor 10
11948	NA	NA	-1.1759686862632697	0.022988217561482862	NA
15895	NA	NA	-1.7470232615918908	0.02308341067550394	NA
18140	NA	NA	-1.5205313057950933	0.023122251707267057	NA
6745	SSR1	ENSG00000124783	-1.0244081262147875	0.023250929339774667	signal sequence receptor subunit 1
15873	NA	NA	-1.57795160620731	0.023371778650003276	NA
16169	NA	NA	-1.505895219849132	0.023410680308759983	NA
7453	WARS1	ENSG00000140105	-1.185531635762707	0.023442580213627606	tryptophanyl-tRNA synthetase 1
15291	NA	NA	-1.2747548519551408	0.023602777867196636	NA
14738	NA	NA	-1.103121515261977	0.023615310005731846	NA
9583	ENTPD4	ENSG00000197217	-1.0060348010086313	0.023697516611678307	ectonucleoside triphosphate diphosphohydrolase 4
3058	NA	NA	-1.0258546388838625	0.023879127601743776	NA
14399	NA	NA	-1.0732526183798403	0.024063360806964612	NA
14506	NA	NA	-2.1911662598900254	0.024160135399515614	NA
14604	NA	NA	-1.1487644676724922	0.024168362783794993	NA
11531	NA	NA	-1.144500871721071	0.024169709114092105	NA
17022	NA	NA	-1.398871718035059	0.0243717084050984	NA
15522	NA	NA	-2.326034810416057	0.024392529892804087	NA
12480	NA	NA	-1.136412925334541	0.024617553496713313	NA
13932	NA	NA	-1.1739899973382057	0.024711245519890807	NA
12612	NA	NA	-1.0344268296383152	0.02471299740848121	NA
20567	NA	NA	-2.1925769524341643	0.02480787153927755	NA
20540	NA	NA	-2.1268697042489833	0.024847987141682334	NA
17469	NA	NA	-3.462376419670165	0.02485379089902174	NA
18288	NA	NA	-1.8856550053204915	0.025161683664528523	NA
11947	NA	NA	-1.0753426896568263	0.02548888963767619	NA
15868	NA	NA	-1.7550296892020203	0.025595374367356233	NA
20546	NA	NA	-2.3029247265841186	0.025749957919663093	NA
19784	NA	NA	-1.8171645752272394	0.02578940505560262	NA
16031	NA	NA	-1.3395116668266858	0.02601588373221295	NA
20609	NA	NA	-1.8413867578193446	0.026072151672264506	NA
14799	NA	NA	-1.0700200267344258	0.026100712162637218	NA
12424	NA	NA	-1.0050547134100911	0.026181127232843025	NA
17168	NA	NA	-1.332927011894317	0.026190884472687734	NA
18588	NA	NA	-2.2620709179532796	0.026213483633759978	NA
19509	NA	NA	-1.7673752352545862	0.02625810431157141	NA
14135	NA	NA	-1.2437018775623125	0.02626149562360011	NA
16439	NA	NA	-1.4661770149098088	0.026277293293635037	NA
15502	NA	NA	-1.3974900139607636	0.026509476026836416	NA
17852	NA	NA	-1.687489779101629	0.026597547603968673	NA
9642	NA	NA	-1.2517555688921427	0.026656199522955133	NA
19171	NA	NA	-1.6706361370645668	0.02672789344432559	NA
13795	NA	NA	-1.2934264976559267	0.026748085893664682	NA
15838	NA	NA	-1.2251916349007952	0.02694180764197061	NA
11240	PADI2	ENSG00000117115	-1.1181443152624801	0.026995960295770508	peptidyl arginine deiminase 2
16871	NA	NA	-1.591604031549807	0.02700089032180827	NA
19267	NA	NA	-1.92781641507004	0.027101959791064577	NA
17930	NA	NA	-1.5846445158141023	0.027255564536210704	NA
14364	NA	NA	-1.0878252243489888	0.027561408961211738	NA
15344	NA	NA	-1.3162185087673237	0.027660454528443103	NA
13342	NA	NA	-1.3799041134950503	0.027839347374120974	NA
13460	NA	NA	-1.0090601503618912	0.02787758536531856	NA
15319	NA	NA	-1.1322557489288105	0.02798424218900703	NA
17532	NA	NA	-2.199477206904768	0.028036798775737944	NA
16407	NA	NA	-1.3289468070193493	0.028073044292871305	NA
21448	NA	NA	-1.944838121302346	0.028077588679573277	NA
17668	NA	NA	-1.273232515295836	0.02809262559527451	NA
15677	NA	NA	-1.2221333231806197	0.02821555684803511	NA
17864	NA	NA	-1.7679754799864895	0.028382842645192585	NA
14518	NA	NA	-2.1980929779465965	0.028394461761920956	NA
15840	NA	NA	-1.2622857978129827	0.02847419361067501	NA
13266	NA	NA	-1.1424072133727095	0.028512913765199686	NA
19152	NA	NA	-1.5249502067374014	0.02852112697752052	NA
19595	NA	NA	-1.4681327932825767	0.028609772861906368	NA
12004	NA	NA	-1.0669734201224923	0.028699147199710586	NA
16293	NA	NA	-1.7908073534719566	0.028822487804810278	NA
16779	NA	NA	-1.4784567176591112	0.028825070152365254	NA
11742	NA	NA	-1.1493242687485383	0.0288724019802116	NA
19011	NA	NA	-1.5767248038560773	0.02888498120081181	NA
15082	NA	NA	-1.5274465803747732	0.02896838001962906	NA
12144	NA	NA	-1.4068727800558687	0.029000544633596543	NA
16183	NA	NA	-1.0238279505883237	0.029022815584682032	NA
13405	NA	NA	-1.5790860961643454	0.029160789669282573	NA
14539	NA	NA	-1.0498662706028756	0.029211149404052103	NA
9332	CD163	ENSG00000177575	-1.2873982089150906	0.02922999747914438	CD163 molecule
17029	NA	NA	-1.3550468078116147	0.029291508554431214	NA
16474	NA	NA	-1.5812975441436519	0.02931548068784136	NA
21287	NA	NA	-2.114513372731565	0.02933397690646025	NA
13470	NA	NA	-1.2414019652584098	0.029422468680069102	NA
13297	NA	NA	-1.1635669688907941	0.029548780313897353	NA
15723	NA	NA	-1.4054398675960977	0.029622889127384627	NA
16661	NA	NA	-1.4302693278355494	0.02973773506756672	NA
11399	NA	NA	-1.1739228606859282	0.029800142917482425	NA
16484	NA	NA	-1.3501936374926498	0.02989840109844498	NA
16503	NA	NA	-2.1289275366564757	0.030052657580640036	NA
16970	NA	NA	-1.5775067281561608	0.03007051055805929	NA
18363	NA	NA	-1.3867725032110867	0.03009517538274877	NA
15930	NA	NA	-1.2072304630999824	0.030115177071918336	NA
19935	NA	NA	-2.5397025618898974	0.030161204718563334	NA
14434	NA	NA	-1.351373193163588	0.03030883922904279	NA
13420	NA	NA	-1.0930095100454713	0.030328179958622522	NA
19653	NA	NA	-1.861309185826004	0.03036721538584518	NA
17621	NA	NA	-1.6879124688593743	0.030494185257449142	NA
12965	NA	NA	-1.0318219663427806	0.03073094377042306	NA
14435	NA	NA	-1.686714148316111	0.030797382434825094	NA
18976	NA	NA	-1.6613820147350806	0.031039837135099998	NA
18882	NA	NA	-2.1182203408580986	0.03118888783585787	NA
13523	NA	NA	-1.4460937507027476	0.0312617169768953	NA
20491	NA	NA	-1.7651808442697674	0.031395432384530145	NA
17486	NA	NA	-1.156534736502629	0.031480961864845794	NA
18657	NA	NA	-1.8060273692091247	0.03148347162282079	NA
19517	NA	NA	-1.5250342009436981	0.031497450241007835	NA
22110	NA	NA	-2.1688544411123027	0.031700327394786995	NA
22285	NA	NA	-2.078443433499638	0.031820165660078725	NA
12387	NA	NA	-2.2290848235618066	0.03183296920936663	NA
16044	NA	NA	-1.3329998229612574	0.03183296920936663	NA
14550	NA	NA	-1.0031632609635528	0.03195136732109928	NA
12850	NA	NA	-1.2473481137717601	0.03204585905820372	NA
14292	NA	NA	-1.1067939619340805	0.032081233119824665	NA
17167	NA	NA	-1.8664912105492975	0.03222596508107805	NA
20078	NA	NA	-1.8654687325804842	0.03235912755417849	NA
11574	NA	NA	-1.0872120961510314	0.03240505906551965	NA
14177	NA	NA	-1.096043385520043	0.03265004886981964	NA
18295	NA	NA	-1.3251520032036714	0.032855431985336477	NA
16317	NA	NA	-1.211418887068802	0.03291053807190247	NA
17188	NA	NA	-1.3249038202014947	0.03309224296142798	NA
17081	NA	NA	-1.4918306847910434	0.03315023479619685	NA
17575	NA	NA	-1.1786681651449378	0.033192706000206844	NA
17409	NA	NA	-2.4839859046080304	0.03328553217429775	NA
17344	NA	NA	-1.446853254942554	0.033384954871096356	NA
15016	NA	NA	-1.302088565653346	0.033605392542389534	NA
12632	NA	NA	-1.0719897106864371	0.034004801628653235	NA
18145	NA	NA	-1.4816487235918891	0.03415806132896423	NA
17175	NA	NA	-1.567738183011324	0.034215593226144474	NA
18851	NA	NA	-3.661112536335187	0.0342714960849614	NA
14804	NA	NA	-1.1412816271249582	0.03428954200273928	NA
13535	NA	NA	-1.0175934444688395	0.03435206995927931	NA
17304	NA	NA	-1.1454249637367748	0.03455931064122664	NA
15177	NA	NA	-1.1772974926064559	0.034640067440913594	NA
13617	NA	NA	-1.114929373579782	0.034658926661008546	NA
16130	NA	NA	-1.2458254111187685	0.034733900484049264	NA
17313	NA	NA	-1.059384146701348	0.034788473715345665	NA
15647	NA	NA	-1.6791219487746851	0.03488316325412623	NA
14868	NA	NA	-1.1415927992577366	0.03520517036103824	NA
14161	NA	NA	-1.2088230181969823	0.03552628813056905	NA
12783	NA	NA	-1.107616186806802	0.03553156090929274	NA
19373	NA	NA	-1.5027036650732026	0.0355996764051908	NA
17615	NA	NA	-2.2485062039035255	0.03568826884641913	NA
13718	NA	NA	-1.1561611807549126	0.035719878142529166	NA
12817	NA	NA	-1.0093755575084868	0.036003451120325394	NA
18278	NA	NA	-2.358034159616568	0.036003451120325394	NA
18192	NA	NA	-1.5792250078542083	0.03606331770608964	NA
17626	NA	NA	-1.3352305595136102	0.036155308825122606	NA
17651	NA	NA	-1.8327476110427836	0.03617178714556728	NA
18554	NA	NA	-1.9890098820809035	0.03649069711063147	NA
12641	NA	NA	-1.4075846134925827	0.036868108798663556	NA
18437	NA	NA	-1.7028606101553208	0.03692696633306692	NA
19388	NA	NA	-2.1637656454133083	0.03704921205139485	NA
17332	NA	NA	-1.147980186429268	0.037186247579459854	NA
15019	NA	NA	-1.072088517125565	0.03719715557316563	NA
15976	NA	NA	-1.2031030802615184	0.037243278438575625	NA
14324	NA	NA	-1.253871812533258	0.037266982819606324	NA
23865	NA	NA	-2.2570701105295674	0.03737489784375092	NA
15759	NA	NA	-1.4010639081152694	0.03753320419259084	NA
18484	NA	NA	-2.6671159170971084	0.037747260063205265	NA
16159	NA	NA	-1.8087590371828313	0.03802686348258224	NA
16120	NA	NA	-1.2384815566680742	0.03808959140932702	NA
19633	NA	NA	-1.9405243250284177	0.03808959140932702	NA
14898	NA	NA	-1.122871231927102	0.03809454905092027	NA
16986	NA	NA	-1.2836285994119359	0.03811911973197956	NA
17477	NA	NA	-1.369579136602439	0.038150346193360093	NA
4267	CD99	ENSG00000002586	-1.0759139661870016	0.03818703179922488	CD99 molecule (Xg blood group)
9096	TBX18	ENSG00000112837	-1.1322343998709787	0.03830098910685866	T-box transcription factor 18
12687	NA	NA	-1.1108972262844925	0.03830098910685866	NA
16445	NA	NA	-1.2846757598967633	0.03851376199896868	NA
13788	NA	NA	-1.1294574244335942	0.0385673226357851	NA
13956	NA	NA	-1.090845388147013	0.03860474249167334	NA
22129	NA	NA	-2.7488503909076454	0.03873346208632701	NA
16465	NA	NA	-1.0403926392769078	0.039136702579328525	NA
15729	NA	NA	-1.2090521065235966	0.03915077491392065	NA
14935	NA	NA	-1.0430950134737074	0.0392295823701744	NA
15121	NA	NA	-1.1123514748350278	0.03948184362382301	NA
15198	NA	NA	-1.0989195134767225	0.03948184362382301	NA
18910	NA	NA	-1.4364856613910877	0.039490111266591334	NA
21910	NA	NA	-2.1366294796515093	0.039496403272443636	NA
17238	NA	NA	-1.1602139735759671	0.0395495587714324	NA
14698	NA	NA	-1.673280957222504	0.039583365340427945	NA
13313	NA	NA	-1.1553529001918947	0.0402139100924521	NA
13860	NA	NA	-1.1852741767342414	0.0402525854952279	NA
18069	NA	NA	-1.1182497986412683	0.04025920360470459	NA
14220	NA	NA	-1.106242440171837	0.04048429728091542	NA
18325	NA	NA	-2.252493923124455	0.04057295952721302	NA
11053	NA	NA	-1.0801027419121767	0.04059497471556673	NA
21357	NA	NA	-1.7528741429048196	0.040985627190516856	NA
16708	NA	NA	-1.1050254443718828	0.04106918390312249	NA
12991	NA	NA	-1.1961746520847492	0.04109597596194871	NA
18562	NA	NA	-1.3386896573419036	0.04138717356232646	NA
16418	NA	NA	-1.3749702330311349	0.04148846408233453	NA
18595	NA	NA	-1.2564536785967684	0.04158068992337469	NA
16147	NA	NA	-1.2156202055578667	0.04161574277832358	NA
16659	NA	NA	-1.6973787294924254	0.04200277222836677	NA
16609	NA	NA	-1.3031957081794279	0.04204453314460256	NA
20988	NA	NA	-2.0600443250849816	0.04204453314460256	NA
17913	NA	NA	-1.449522435693404	0.04209584807996198	NA
19449	NA	NA	-1.875916560922855	0.042235759803330226	NA
19182	NA	NA	-1.3858088573776597	0.04239031738710183	NA
15905	NA	NA	-1.1783842258357082	0.04239712800496734	NA
18003	NA	NA	-1.5537249355758327	0.04241255013931291	NA
15398	NA	NA	-1.1081129357025477	0.042431094983957314	NA
12846	NA	NA	-1.0606625042387179	0.042431920727951836	NA
15550	NA	NA	-1.2200230635971583	0.04256797033012457	NA
15578	NA	NA	-1.2048060988178115	0.04256797033012457	NA
16033	NA	NA	-1.0663235126100363	0.04330819383481044	NA
16568	NA	NA	-1.2240770626658888	0.043466659210708115	NA
10957	PNRC1	ENSG00000146278	-1.273105571344253	0.04358088171848643	proline rich nuclear receptor coactivator 1
14858	NA	NA	-1.0912345275615816	0.0436444348006309	NA
14599	NA	NA	-1.058893754644799	0.043732020234829215	NA
18173	NA	NA	-1.4646926865228134	0.04378935268005946	NA
22387	NA	NA	-1.9938574567640663	0.04388009623686252	NA
13047	NA	NA	-1.0259836757942904	0.04390170715606398	NA
12299	NA	NA	-1.088466691734448	0.044160677258741524	NA
15716	NA	NA	-1.4144557171086944	0.044273612319502116	NA
14078	NA	NA	-1.0157400956731415	0.04433065613773989	NA
15825	NA	NA	-1.207885500661258	0.04444301236555154	NA
11361	NA	NA	-1.0732856524084513	0.04476538758671069	NA
19326	NA	NA	-1.3637168511796296	0.04488482953619987	NA
17474	NA	NA	-1.4256379258813885	0.044959621327184424	NA
16043	NA	NA	-1.0178658011319826	0.04501748618491944	NA
19602	NA	NA	-1.5218843039066314	0.04504337864618641	NA
16894	NA	NA	-1.4103902154063976	0.045074543942285605	NA
16630	NA	NA	-1.3156034662898846	0.0451535548193843	NA
20863	NA	NA	-1.609912659711818	0.04546175236405073	NA
14445	NA	NA	-1.0515733532181961	0.04554521276835395	NA
17857	NA	NA	-1.3417385910652393	0.0456896032340321	NA
17596	NA	NA	-1.717494872135441	0.04581166935337621	NA
18544	NA	NA	-1.412287415308734	0.04581470107632189	NA
20086	NA	NA	-1.4686981370352254	0.04584129539115467	NA
18351	NA	NA	-1.5812165452093427	0.04601395459861252	NA
18975	NA	NA	-1.3854932447644266	0.046313878078826254	NA
15149	NA	NA	-1.1015934212183336	0.046742300796191884	NA
19879	NA	NA	-1.9594956514564916	0.047188030441147326	NA
12891	NA	NA	-1.0355178372969145	0.04742605564883991	NA
17553	NA	NA	-1.281098259986642	0.04747715995012083	NA
16384	NA	NA	-1.3020642283631794	0.047882360767032665	NA
15793	NA	NA	-1.6382203154442654	0.04788520923291839	NA
17605	NA	NA	-1.2673540095192726	0.0480644109066471	NA
13043	NA	NA	-1.0988409399243282	0.04819306980377259	NA
17592	NA	NA	-1.2505751969028522	0.04824071614202992	NA
21490	NA	NA	-1.5543592116913665	0.048262421232978664	NA
13704	NA	NA	-1.013087280386559	0.04828639639050195	NA
17848	NA	NA	-1.2302512221928856	0.04858110810636647	NA
16331	NA	NA	-1.4250456357805725	0.04867567154715218	NA
18739	NA	NA	-1.741653256182275	0.048945622900726266	NA
18328	NA	NA	-1.2541135783327524	0.04898721122190403	NA
19496	NA	NA	-1.7805225225739971	0.048989889245172905	NA
18732	NA	NA	-1.4554096837139099	0.04969769016268657	NA
14440	NA	NA	-1.082384592907006	0.04978181305113909	NA
14392	NA	NA	-1.090553350925192	0.049899180861900976	NA
20809	NA	NA	-1.5708938730322828	0.04997517115179401	NA
