8526	14.69261124289039
2986	12.0243004253303
2049	11.448029105656905
9552	10.666258391991134
99	8.886231362952936
10668	8.824912154073903
12700	8.779117109359266
16675	8.542125943350557
8193	8.378198438299377
8677	8.35652868153846
15607	8.277502456352094
11336	8.164619082939453
13960	7.882673892552941
11211	7.628975792491096
16258	7.628149792838777
11837	7.625902260997263
12625	7.563072192474868
8515	7.461868042426839
18010	7.3733703239135995
9646	7.234285519151639
15	7.208542158632403
19290	7.1361235429328405
1896	6.891020355643191
554	6.8652954866444125
18308	6.7550824935345695
14250	6.724797096593346
19234	6.712003776825035
8423	6.6973855696622495
12416	6.497632279898055
18045	6.469184163855096
18452	6.454621625611121
12131	6.398870453229987
16440	-6.350105438704918
19609	-6.322768594659891
10340	6.3226948585392115
105	6.263228666319048
20684	6.178148886171374
10019	6.1216329434089225
19148	6.074338986067077
12512	6.031956198288064
20861	5.967880105580115
9621	5.957385020489609
11346	5.887867511501454
1186	5.883107938431718
18895	-5.839916052719786
10962	5.81783378463222
11936	5.780421548483212
21086	5.75604050684572
12114	5.7550027360832505
15106	5.7146815115265
14319	5.65130585544466
18211	5.557064905955857
21386	5.550934449235984
14438	5.544463390408183
548	5.4352325012741085
20106	5.400790700990465
19019	-5.365998941871461
16512	5.360629549442796
14232	5.332681812838222
8308	5.330416807887008
20690	-5.307590153154507
16678	-5.28202556576715
14369	5.277877557493625
11850	5.273413989400259
2763	5.260725329889958
10323	5.209523115522432
21794	-5.1914157169396535
18008	5.168675722905406
16690	-5.133688227428098
18047	-5.111037784531075
192	5.105790460894194
14972	-5.098210335026181
19634	-5.08336471699699
20407	5.059464423264309
15925	5.047971520121335
15540	-5.038101289465352
17073	-5.0228799937508635
9889	5.0141447051918275
3650	5.012350972100389
11673	4.999029369837954
19695	-4.958935728443753
14387	4.951770468507799
21219	4.949437366664361
13035	4.928772150799309
18801	4.893777048919378
21512	4.882985429438008
14618	-4.864852179043917
17362	-4.864470576526569
5862	4.852973834744038
2554	4.8168883492985595
13958	-4.780314978323742
10987	4.750387142122392
11418	4.74458819194893
19180	-4.728270065163412
11343	4.721760903770331
7844	4.711311250028281
9673	4.70874629210673
18026	-4.708061526652494
4693	4.703051638004083
2211	4.698686956471433
16636	-4.675246638845643
17232	4.641345189571883
10926	4.6200158323738805
4876	4.619997910019443
16184	4.60699036809738
18637	-4.602083200022986
12851	4.591844050231725
15046	-4.559160480042732
17747	-4.555734275660635
21739	-4.551345010405244
1328	4.543225501490498
15134	-4.523673022292912
10378	4.514151081857178
7390	4.513712091031177
22101	4.511548512504597
9255	4.46911094114208
13080	-4.446619117837439
767	4.432440683847192
15221	-4.429882606475944
10519	4.4174485404949095
17007	-4.406879237141857
21840	-4.370270450299985
16391	4.3673430854126005
639	4.3465377257164945
17343	-4.345409214156023
18567	-4.295371401655275
15850	-4.287984855241101
15662	4.265008379854523
236	4.252660317971162
15984	4.238356406440655
17648	4.228766598015073
15059	-4.210755768972393
10510	4.203664407036298
22795	-4.197214886991026
15795	-4.195501107815501
18861	-4.193601888971979
22856	-4.190109495718901
1589	4.189883685085795
4425	4.180320351634568
18960	-4.177593966318098
20878	4.175151177061244
21706	-4.154661337825966
15693	4.152614463700018
20069	4.144955953991215
12338	4.140326311736465
14737	-4.109093441216662
13889	-4.101819062634822
14892	4.096860818277597
23114	-4.076958263997665
1329	4.043235925602119
15865	-4.042287408046564
12371	-4.025916550797867
19955	-4.019905788991108
6664	4.008783345281637
15223	-3.9978451503480836
22423	-3.994866727810445
16136	-3.980197592970157
11162	3.9750631640122194
19447	-3.96535847786527
8916	-3.9443133101955468
15745	-3.932251531203376
15576	-3.9272400762896487
12228	3.911818333677693
15862	-3.9031922618346337
616	3.892911822238816
17151	-3.885505962278787
9794	-3.8850441888853355
13472	3.874863192292688
12767	-3.868804482928775
9331	3.83223032482239
17889	3.816157547132937
14749	3.8101472503144067
15897	-3.810066024336633
12166	3.807911179075196
8885	3.804966249833615
21617	-3.7898474264858
14351	-3.7766440950748112
135	3.774292498141595
12583	3.773678063548557
13916	-3.7674328587928483
10940	-3.7621933358792257
16858	-3.7570145085407782
14989	-3.756629227422642
15171	-3.7461170963463446
18198	-3.7313863823609634
1660	3.7176286732484125
14209	-3.7160529459674483
13241	3.7124286187742688
13417	-3.7099266406318936
8866	3.7008085858202198
8364	3.693665105343274
15437	-3.6875386097698994
1634	3.6795036133370296
1692	3.678945407012377
4344	3.6775873238593246
10684	-3.672439633484933
8429	3.668537389158921
16111	3.667557448168904
18851	-3.661112536335187
572	3.6547830065797617
17302	3.650129293014441
8462	3.649152528561184
7327	-3.6465336986143257
20543	-3.6404464436997834
9254	3.6391372295550695
10717	3.631634236721576
6003	3.6306097955982732
16758	-3.6295096076035063
24604	3.6275944732001313
10875	3.624276022190276
11179	3.6167609255229727
20436	-3.605167896896912
16698	3.598291836115575
17227	-3.596003754407287
15870	3.5867056206035404
19724	3.5808712040797803
11257	-3.5783004315185787
5377	3.5746934480095467
15370	-3.571582379524799
16408	-3.5700196824712958
439	3.569515042306417
10919	3.5631896766409024
14637	3.5405131925391964
17818	-3.540196330240796
13228	-3.5235762433232876
3762	-3.519196594953795
11247	3.5137601180052274
7174	3.5119737250712513
16565	3.5104880291730023
419	3.5095051190345417
14257	3.5072594289647787
6556	3.502635359166386
9932	3.501319060013481
11811	3.499036039172381
16909	3.481338170832008
1449	3.480716824705596
18751	-3.473645810582184
581	3.4660997375942855
17469	-3.462376419670165
17533	3.460572157591019
16479	3.456113273378165
15876	-3.453950499254363
1970	3.45337292372175
16702	3.4523210462884135
10324	-3.448118471350632
10849	-3.448115810258669
17794	3.4412270776458507
12765	3.423564119185983
12445	-3.4229139358910436
14236	-3.4138429661497582
289	3.40415074449255
14722	3.4035203442837383
17849	-3.398837690201948
13169	-3.3972724986582308
13903	3.395348722199337
1715	3.3922265139850913
9072	3.3867640773680723
16096	-3.381188694011207
6201	-3.370866121255854
9775	-3.3646288531254855
21994	3.36045429150119
16421	-3.3603237744415253
14195	-3.352521813140455
1581	3.3449733583547787
539	3.336535673935789
4349	3.3249254797929324
11370	3.324646576471865
18634	-3.31986530866319
13773	3.318021856343207
12047	3.316365944885699
13809	-3.3142821814431715
14973	-3.309901470769326
6100	3.3044669700563287
11125	-3.3034765375292614
15383	-3.2939178631288066
18037	3.290529854455652
19014	-3.2859982771101643
9893	3.2814030486905907
9466	-3.2796642147764765
6729	3.2720289121410993
22054	3.27192655578418
17051	-3.2712382051145856
3219	3.270227813074896
13222	-3.2690337842257122
8534	3.2614804759234777
3444	3.2608782262014735
1571	3.2589818236373156
1401	3.258066904676032
13344	-3.2498310580143444
14741	-3.2483370053486764
18068	-3.234827589325706
13469	3.234715670253187
12904	3.219193636292297
290	3.2159691926645135
16301	3.215275234740488
12343	3.21160389935243
17224	-3.211583303227271
12905	3.207902264010042
188	3.2025509152794513
14521	3.190543221204346
17202	3.1859351598126895
126	3.183970038112948
6936	3.18340198611497
14403	3.175050510744659
9925	-3.17458506015179
9078	3.17390915248842
16810	-3.173310582967078
14782	3.1718344400284897
2250	-3.1716811342701186
12186	-3.1601843340493514
12410	-3.1552020547184787
19013	3.1529036796851884
8209	3.1461562208742246
18407	3.145254674671816
10877	-3.141826789732226
15458	-3.1366202709653352
17054	3.121521866662084
15617	-3.120443892688758
19654	-3.119009715922841
18938	3.118653615333231
19708	-3.111024829335477
19472	-3.110344934459471
11475	3.106112025689334
11	-3.104211956955119
12372	3.103924655140384
18210	-3.0944402317997666
1179	3.0883140319331197
16764	-3.0865997545395865
12374	3.0849027866942142
11590	-3.0829201870736713
7435	3.0772489073475526
15498	-3.075316941025455
6949	-3.0710751559494547
15564	-3.066160358616466
7633	-3.0654182304527415
8106	3.0637899136148463
16090	-3.061018602625909
8694	3.0598750862473065
7463	3.047224358344916
956	3.042273899105383
5754	3.041731942706503
16228	-3.0414382364639763
8605	3.040031836213534
2502	3.038560236745783
10358	3.0358462602646457
20144	-3.0344353288639643
16859	-3.03418415136438
16467	-3.0299750080071877
16261	-3.027447202970617
9812	3.0272916901825777
19990	3.027250213295425
13651	-3.0259413328724167
13867	-3.019185399759666
17399	3.0107789840769925
14378	-3.0101400029047465
15501	3.002693333143284
13951	2.9994246631247923
12054	-2.999395145332211
1965	2.9983959241657963
13064	2.9972160581624365
503	2.990557465876654
18076	2.9902028133364422
6912	2.988152077309672
16660	-2.987488670221012
16624	-2.9843180367648423
13741	-2.98381680953824
11425	2.9811913604823554
2866	2.9806982060831513
12809	-2.972955859703398
13275	-2.9729321055091398
13998	-2.9694317136603186
6122	2.9686848965373804
181	2.964188266263927
13005	-2.9619616214470526
13723	-2.9559698219447967
6982	-2.9552048661616763
19216	-2.9549612433419217
17503	2.9545326247194548
14610	2.9540627426817823
13754	-2.952597995772391
12043	-2.9494683085659914
8822	2.9490759689697694
1312	2.94828559441907
9459	-2.9471046262153067
9984	-2.946585116749632
13306	2.9427672822600672
15041	-2.9409742638429335
16251	2.9378344675473658
4937	2.933827559333975
18600	2.9331605566355545
14071	-2.9298119202351156
14363	2.928526891280984
15180	-2.928106082332415
6433	-2.9215243035803398
2938	2.921323821429395
889	-2.9191026369608437
12822	-2.918914059102594
7455	-2.918391423178259
16237	2.9180231306552735
10666	2.917070141742717
12544	-2.916090369277088
16006	-2.915549191268026
17949	-2.9153954064665055
18690	-2.9092463247729863
3056	2.909191321390115
4364	2.908877675096569
14751	-2.908651575336338
19912	-2.9070560988632557
9379	2.9051037589582145
14662	2.901953696447052
6978	2.8988183225316453
13176	2.8972559232726804
9732	-2.8959210156496638
5432	2.8955477894104744
10568	-2.8902662584772014
12929	-2.890083803111447
14968	-2.886702314137654
1295	2.885675579758626
16635	-2.882354524728211
718	2.879965725462872
13886	2.8750023471154726
8019	2.8717682213763136
16778	2.8691532556447017
13085	-2.8642282019895977
12869	2.863269376187979
11000	2.8602869126375228
18352	-2.8601115978631593
15864	2.859811289727979
13919	-2.85867247093534
9574	-2.854653431260888
17293	-2.8516318411281802
13399	-2.8500370414042746
9945	2.849294232466492
18218	-2.849089830101149
13855	2.847576814162599
12768	-2.845288747949099
10081	2.842027650160862
13887	-2.8417932575693294
9305	2.837864107748146
2733	-2.8375520733068056
14283	-2.835468268263488
14318	-2.835223209243561
4767	2.8315898111570865
11138	-2.830895069279623
847	2.8297967005077402
11719	2.8286248576063997
17235	2.825920781064614
18686	-2.8240949373053614
18770	2.819066466009247
21377	-2.811410299923016
5032	2.8112674815089878
19206	-2.8090114804371362
8991	2.808887234662558
10277	-2.8077450396694354
8145	2.803288536613125
17093	2.7995846026533884
624	2.7901793075802965
13039	-2.789137512952751
4328	2.788167262829068
11571	-2.7843442157917484
11661	-2.7821597161881986
10804	-2.7811993928104193
17126	-2.775977029529668
9961	2.772919471407345
16691	2.771845941333473
9194	-2.7694435285334436
14755	-2.769141161039614
19173	-2.7681056907984276
11489	2.7664018905353003
12013	-2.7661579084265644
8758	2.7658394714583348
8613	2.765017624104005
2632	2.7625904007240174
18605	-2.7589443018571136
11543	-2.757517136269729
20548	-2.755408145239697
4758	2.7546001334963055
4170	2.752596612987499
18902	2.7521000955313797
17904	2.7502396294451725
9010	-2.7498822763876793
22129	-2.7488503909076454
3656	2.7486241419671797
10642	-2.745732137408325
15087	-2.7453415691308583
6001	2.743218087162794
15974	2.7398292465913703
16532	-2.736256064058644
12206	-2.7348380568100255
10032	2.7344927218622765
8325	2.73380919348874
15968	-2.729956745965341
13870	-2.729915832817111
4776	2.7275283685867855
494	2.7270419283813987
19062	2.724941565559208
14810	-2.721904063427634
15943	-2.7200980459483906
19757	-2.719958285582564
13803	-2.7181373220703886
18543	-2.717440549920907
7632	2.7170904841799994
14731	-2.7155097845880984
15289	2.715437177987558
8825	2.7122390498673843
18546	2.711700637838427
8133	-2.7102837375526936
6652	-2.70921728094703
7583	-2.7082556584977966
14450	-2.7070531546925776
18889	2.7051098836936767
7781	-2.7031216218030414
12602	-2.7030631253369104
11432	-2.7022055916921497
4044	2.69551760647249
344	2.6944031554868655
8449	-2.6932641025209345
8681	2.6893556044764035
17137	-2.6884477574684937
4200	2.6882328468987255
9004	2.6867619931948092
13254	2.6859987656061453
11917	-2.684196546668283
9789	-2.6828596080724596
14727	-2.682151707584792
1588	2.6785477887480944
18885	2.6750975508494235
11793	-2.6732451091871945
15918	2.669280362198482
16133	-2.668565462632171
18484	-2.6671159170971084
15192	-2.666166504582187
17915	-2.665793664128589
5555	2.665573947093003
14062	2.662369085652828
13819	-2.661707654612831
3282	2.660265445991059
13613	2.6584638415695503
813	-2.658400973204416
1310	2.657453383388406
18379	-2.654727380176474
7366	2.6529197852487507
10491	2.6523679657680472
9034	2.6523652821538204
15524	-2.6516878757842632
10815	-2.6514251675564853
17894	2.6504983427363342
8643	2.6480873095835378
2437	2.6462538909470315
7755	2.64624729873188
15005	2.6453123082169325
13139	-2.643080987883366
14672	-2.641696128160382
6916	-2.637241263699939
3529	2.6355728862070764
12161	-2.634435418471174
21262	-2.6340070592287015
13490	2.628450798314601
5649	2.625100216733202
14517	2.6231303577508154
16510	-2.6230032220659054
4087	2.6225825288282265
20065	-2.6148564281013305
1322	2.61246582067202
422	2.6114898639209656
11239	2.6089078513364043
14665	2.6088591258163625
18512	-2.6044762952437877
7898	-2.6041095376104515
14900	-2.604108297598244
18487	2.602856323976706
18412	-2.5989577667362727
13708	-2.595012005253615
14166	2.593417657705364
13874	2.591118305713978
10848	-2.5878408278075917
11467	-2.5862827493558918
18307	-2.5809991809453625
12680	2.5800406468476544
11174	2.5780972158649327
15914	-2.577677002095463
9606	-2.574591130857202
2834	2.5736211184288758
1825	2.5692246126232714
14104	2.568592321567873
11082	-2.567037056240444
7469	-2.5631993746908854
16021	-2.5607975154173426
12411	2.558596807053595
18619	-2.558393968186181
3535	2.5578744360885337
1374	2.5567698842074353
10762	-2.550930835657961
21130	2.5509296463435396
15042	-2.5507134286141033
6486	-2.549944026158625
13513	-2.54939205457329
6358	-2.548953717062921
9776	-2.548663459832632
19360	-2.547989928534324
7205	2.5470891994758094
13101	-2.545724541024708
12889	2.544980477022147
17982	2.543175033698888
12180	2.5402643931111593
11859	2.539995770356821
19935	-2.5397025618898974
15353	-2.53925144320934
10952	2.5384814950676553
10786	2.5378721214501483
16729	-2.5358132065138195
18749	2.5322966068797856
2243	2.5320619781242732
16354	2.529928030244046
14384	-2.529886807821341
3288	2.529781710847103
11231	-2.5297054634202167
14391	-2.527315180462248
1499	2.524986853337232
13295	2.521860474272822
16065	-2.516133309692763
18502	-2.514976050797012
4140	2.5143904863484647
10481	-2.512663630675592
11696	2.511743231870341
9760	-2.5110095925536027
3258	2.5084790269738204
5421	2.507990284175255
5036	2.5067723134255173
15674	-2.5038602173123174
12881	-2.5019821074810755
30	2.501781514096309
17316	-2.5016957693836037
13772	2.4978314165098165
3627	2.4974544988271186
2284	2.49696513006966
1416	2.496522530917313
19804	-2.495101592194856
16463	2.4949017685719586
12893	-2.4929716577092176
3089	2.489210644247492
15420	2.4885551637186305
14923	2.4885420259631377
14045	-2.4875512081925857
9488	2.487323176996178
4548	2.4867596444805504
13168	2.484040325715193
17409	-2.4839859046080304
9754	2.48264092734675
2106	2.479097840659139
14173	-2.476769624655758
13721	2.469050563685212
8122	2.4663000769860575
2836	-2.4661381483544815
6614	2.4656733171731586
14842	2.4624992061902518
13044	-2.456876657633576
16404	-2.4549366577073193
9973	2.4539566915480946
9975	2.45254659848639
7906	2.4523501486566746
11997	-2.4511091250042276
7408	2.4493896477664405
15063	-2.4492285603213486
10977	-2.4481354076792607
12014	-2.447243990375922
16616	-2.447240597330815
7007	2.4471461393416987
5298	-2.4443226966210716
15951	2.4441822613135553
10114	-2.4409689763957885
16562	-2.4403133730598854
15580	-2.4393140200942374
9055	2.4387231559021285
5278	2.4364392820598963
17769	-2.434974654624299
18459	2.4341515636194426
12978	-2.4336732018868314
12056	-2.4335960087903783
13590	-2.429932634052175
11920	-2.4287796312807295
9110	-2.4287054086125237
20282	2.424748487450889
16432	-2.4239590348017925
457	2.421519792596972
1649	2.4210104848154606
7638	2.4202586995378477
14448	2.419650392713585
22475	-2.4177900634381158
13753	-2.4142574725776855
13834	2.41382213409684
22193	-2.4135610284678353
7949	-2.4128318271661335
19335	2.412725969810906
16264	2.4110959142159594
17492	-2.409023277755624
16023	-2.4076013062722827
14020	-2.406366891568722
17398	-2.404994469147729
17	2.404922566335863
1095	2.4040618815791954
19094	-2.4017923419571314
17932	-2.3984913286600524
315	2.3964318487360443
7171	2.395740148621992
16973	-2.394880463613309
14428	-2.3883199997855304
14081	-2.3873968206150056
14530	-2.3867701248516284
13424	-2.3864747282588046
3764	2.3858826417223065
18204	2.3852684063216487
10756	2.3845568569944677
18414	2.3824839067571704
17562	-2.381915425708266
9797	-2.3808885777240736
12373	2.37993175601817
21235	2.3763591664780237
2011	2.3755335329494454
14383	2.3737099117686076
16938	-2.373685307791966
16310	2.372863596432653
13522	2.3723621909967085
3999	2.3719642576724804
3942	-2.3708156960390108
11199	-2.3705552571700212
8289	2.3702790897694497
4068	2.370135770324025
11751	2.3691862257341274
16357	-2.367096529728384
17305	2.367067218926685
17308	-2.366190421048272
3957	-2.364712579269137
19037	-2.3642651725039907
10471	2.363833701892308
17435	2.3606000961363898
14215	-2.3600544071049345
17390	-2.359156141587498
12950	2.3589841644660123
18278	-2.358034159616568
12873	2.3579062097109698
3952	2.357228542678789
1509	2.356248601613054
5797	-2.3553816568971855
12022	2.3546292682013252
12615	-2.349960007417263
905	2.3495580748510836
14793	-2.3491702826534695
12035	2.348411265161246
14899	-2.3482987599426077
18231	-2.348176322519766
10863	-2.347340614968867
15755	-2.3459486722280416
16003	-2.341444018743833
3238	2.3407485081955532
11457	-2.3403708050540395
2253	2.3402825359737465
13896	-2.3380427332208993
11508	2.3374480412203056
16500	-2.333673889831648
6896	-2.332557953869623
12823	2.3302765594291737
16705	-2.3301807499535916
1137	2.330165850148494
9493	-2.328628429727282
12841	-2.3285696555731867
14819	-2.3272985813219758
4047	2.3263836686451946
15522	-2.326034810416057
4480	2.325999850926247
17570	-2.3237264147833776
21114	-2.3219868330392726
7	2.32193919093102
3976	2.3212175375606585
1171	2.319785333375036
13866	-2.318981372043993
18134	-2.3166424880756713
12569	-2.3154880756840726
12529	-2.3145865078704073
12784	-2.313657493176884
15741	-2.31236608107631
2053	2.3115424187863165
1021	2.311056763772442
13838	-2.31057320842332
14003	-2.3104908602328025
6124	2.30952528357073
11772	-2.308383091142874
5401	-2.307120251954673
7033	2.306852374513962
15539	-2.3033372949262456
20546	-2.3029247265841186
16447	-2.3026743918370194
6940	2.3023923661059715
13565	-2.301578260109155
13757	2.30155518562082
17178	-2.301419904473485
14553	2.3006781281707065
9638	2.299656958710978
13650	2.297065663706417
1138	2.2951374810196485
16273	2.29247430497466
8012	2.2910009886430953
8855	2.2908224765911402
15388	2.2872062308863397
9777	2.2865821751369038
18714	2.2859036630571805
7499	2.2837455495267185
14274	2.2812817333200663
9675	-2.2789487948424836
9084	2.2780131447737872
4656	2.2775819026826407
8657	2.2722548561979417
15094	2.2712873777318925
10337	2.270131333252167
16472	-2.269692671699277
15774	2.2691985577792835
9896	-2.268199025366861
16121	-2.2674863461621246
9051	-2.267004874176678
14597	-2.2663415960518836
2935	2.2655704961158563
16098	-2.265322107033966
7905	2.2638315002148586
16242	-2.2627045042018348
18588	-2.2620709179532796
14396	2.2600272735930274
8981	2.2584339851825352
32	2.257088225934425
23865	-2.2570701105295674
16610	-2.2546502181126953
256	2.2540323863394565
16431	-2.252648908297448
18325	-2.252493923124455
6512	2.2489922399172793
806	-2.2489537448039156
17615	-2.2485062039035255
13782	-2.248261972276921
10934	-2.2477352296014077
13588	-2.247132787661628
7561	-2.2468448825490364
7521	-2.2465601681380143
16322	2.2453435551934118
1867	2.24446004714822
13265	2.244287803891814
11147	-2.242515153178099
10488	2.241180072971566
9609	-2.2403852196751823
4368	2.2390996048478096
8655	2.238786355116242
7341	-2.238590317006036
14817	2.238539690666458
9792	2.2368965720787624
9826	-2.2349511269289337
2521	2.234309590860364
9931	2.23353270710273
16721	-2.2333596638569446
12387	-2.2290848235618066
1593	2.226703068046138
2786	2.2243692347207586
10753	-2.2232789979024243
12429	-2.220108158269011
11912	2.2198851263838466
8682	2.2197444968534126
6200	-2.2195772216590806
2096	2.2180565388095848
16243	-2.2131186582566067
4849	2.213038402508054
16333	2.2128485809060336
2857	2.212845328622059
21667	-2.2098372572652436
3616	2.2087257282718644
18223	-2.208648755528674
12442	-2.208076568146223
18375	-2.2078893414188734
15212	2.206303407118257
8404	2.2022713803398175
5216	2.2022185448947402
10395	2.200472489614883
14376	-2.199832451029597
17532	-2.199477206904768
14036	2.1993981218871475
2788	2.1985427015585177
8502	-2.1985286954931933
14518	-2.1980929779465965
12462	-2.1971556720206276
10227	2.193602358333862
11578	2.1928061672556396
20567	-2.1925769524341643
10627	2.1923198393839205
4248	2.191854471358794
14506	-2.1911662598900254
9048	-2.189561583046481
16194	-2.18908869060745
8901	-2.186297013346155
3423	2.186149823749406
281	2.1849672389824315
16274	-2.1843767635067124
4580	2.183489025784932
10023	2.1825988377299503
3693	2.1818166338090665
11720	-2.181392993352488
7512	2.1811347032770274
11445	-2.1806192101695667
15826	-2.180155829878064
14478	-2.1798593114599387
17734	-2.179143435922578
12490	-2.178307096971401
11422	2.173874757557978
14752	-2.1737573695324586
11228	2.17258438973796
11635	2.1710021645781916
13746	2.170337999804711
22110	-2.1688544411123027
1508	-2.1687333761994343
7445	-2.166324892863926
14456	-2.1656420593722623
14828	-2.165602197976949
9870	-2.1648942824719373
19388	-2.1637656454133083
12342	-2.163153784188664
10222	2.1623085610983597
12588	-2.162244963618592
570	2.161898476378606
5276	2.1613889586172506
16747	-2.1593571881746882
10339	-2.158925558826969
5691	2.156585026144152
7773	-2.156559388655812
4981	2.1550161616816776
18926	2.1541572835247975
12935	-2.1539711245126614
6847	2.1528309113391146
9586	2.151913783093839
15624	-2.1518937446519755
2771	-2.151591773594222
15470	-2.1509862472836025
13980	2.1505979806793216
3624	2.1504773024894925
12515	-2.150078854016848
17064	-2.1493410789442025
3631	2.1487654894534494
8798	-2.1475646315692427
11689	-2.1475628346712488
8024	2.1474684363836296
3666	2.1461408575205447
1331	2.146006132758163
2198	2.1459223195034562
16880	-2.1449462667371644
16478	-2.1431374870455158
13396	-2.142953412641841
2532	-2.1424229730066244
7026	2.142405722731
7652	2.142123198127407
1765	2.14068726852051
15972	-2.140204727723042
16498	2.1399210982666554
8899	2.137966859841197
16505	2.1375272160053047
917	2.1371978630915387
21910	-2.1366294796515093
7240	-2.1356651998207377
6696	-2.135232103123642
2144	2.1348422974398074
17268	2.133100270578927
6863	2.130671844341703
1254	-2.129577204547069
16503	-2.1289275366564757
8784	-2.1283499046900216
8206	2.1280430889057627
20540	-2.1268697042489833
14335	-2.1263555854909857
12813	-2.1238363289779416
1226	2.12367831006066
15557	-2.1234118490427876
9424	2.12147601376561
18508	2.1209387620616047
14225	-2.1183335440158633
18882	-2.1182203408580986
13027	2.115606027387927
21287	-2.114513372731565
10759	-2.111508002524216
14852	-2.1111051680905555
13075	2.1101291486524647
18867	-2.1064333423093258
14632	2.104905818054292
15386	-2.1044356142810217
3918	2.10271822134178
454	-2.098031670840347
13696	2.0971683718726184
10799	-2.096582726425879
18841	-2.093864516220699
1874	2.0935460070375616
15732	-2.0935273336369145
18040	2.0921226138518434
4447	2.0908215603941005
14279	2.0897209137875747
9573	-2.0883529875083884
11800	-2.087456219278096
14771	2.0852118602227283
11529	-2.0840688079841088
2263	2.0839999463954677
5666	-2.082479050242559
17445	-2.081337866434584
3017	2.0794619780954853
8231	-2.0792531398150325
22285	-2.078443433499638
2779	2.0746471697127853
9866	2.07461363069028
9155	2.0733539616880585
2208	-2.072167469840179
8669	2.0721083024319356
7395	-2.0705826591600354
16823	-2.0672188990881497
19749	2.066823849082605
9111	-2.065509694208109
10296	-2.065468278591659
20172	2.06538974295176
1330	2.065068698587218
9994	2.0648645291817775
16220	2.0641567814065227
16316	2.0631959355646603
8746	2.0629463421104126
7032	-2.0629308005599576
8113	2.0623719259442885
14018	-2.0618833418514737
248	2.061262119263962
6858	2.0604226650293738
20988	-2.0600443250849816
364	2.0597661335167117
14792	2.059363792708312
2972	2.0582156983376705
9542	-2.0581580591146253
10386	-2.0577245805641913
7980	2.055649074398529
1020	2.055504470850675
109	2.054382560636663
16047	-2.0536691004265073
12743	-2.0529507778334133
14519	-2.0529053335405125
14927	2.05288585956181
19839	-2.0512776429080177
9435	-2.0510075147051956
16155	2.050202582788376
9377	2.049162885249661
15866	-2.04841597741339
7842	2.048062075328324
15144	-2.0479567491650377
10810	-2.04786671460518
1165	2.047070997411104
17136	-2.0456154367613553
10583	2.0447659412129973
18323	-2.0430919530209546
5271	2.0428111606964072
13274	2.0424079877668007
7629	2.0421060288034987
13791	-2.0420646548245207
7631	2.041795064162519
5317	2.041245725447534
9531	-2.040649395042419
9164	2.0396644924118137
8911	2.039348866622461
13427	-2.0386169640581833
14836	-2.0371410382706956
16615	2.036921375843099
7462	-2.0361275930410545
12298	2.034626063805006
16717	2.0346169715465923
16689	-2.034451287358802
1087	2.0344186917787774
11129	2.0325750451725155
10720	-2.0323353886702664
11295	2.0301452601413033
1515	2.0300610990439756
12931	2.0300424624277262
5655	2.028221556523549
20316	2.0271560350984568
18614	-2.025767869121906
14965	2.0257362764331415
2591	2.025416529193019
11267	-2.024939052609327
10990	2.0242366800542198
6052	2.0230739167372698
9790	2.0227997116739687
3996	2.0225725998364075
18757	2.0218485139058484
12524	2.0210678655237553
16579	-2.019958491505706
19788	2.0182225496699706
21043	-2.0176403849130558
16835	-2.0175710535513782
17707	-2.0141510268721916
20915	2.013772651712222
13029	2.013270253204695
8117	2.0110184055271505
13410	-2.010903142258489
16649	2.0105137067840584
4206	2.0104053837500904
5120	2.0099354425702245
9453	-2.0080074030741035
13110	-2.006935872358742
9135	-2.006723796781409
11716	-2.00659328335129
2175	2.0052889881332123
11404	-2.0007586171147356
13450	-1.9999257187051582
13007	-1.999839190188111
1403	-1.9994345665776474
13393	-1.9993798623999954
18371	1.998482160832845
17185	1.9973016656702165
11672	-1.9957935592415168
15823	-1.995678740281347
7843	1.995606873318327
10338	1.9950858417621689
9074	-1.9946345027905723
14538	-1.994456520901091
22387	-1.9938574567640663
1843	1.9914789799177655
8039	1.9913948318418124
953	1.9899367416016458
5110	1.9893909309686928
11503	1.9891804526948504
21388	1.989066983198489
18554	-1.9890098820809035
10098	-1.9885671800994122
1288	1.9875124769614378
13646	1.986473283798209
18090	1.9855001270447021
6850	1.984930967883346
9187	1.984578421660488
13359	-1.9843594005146972
5623	1.9833950681251327
12220	-1.9825954608726197
18356	-1.9820950841318248
5243	-1.9791128394707207
17921	1.978515868735939
9173	-1.9784623273006319
11904	1.9784252776000624
12728	1.976460284570907
6829	1.9755083577257317
7792	-1.9752353537814207
12488	-1.9750217028376151
13818	-1.9749472482935226
13017	-1.9742801337219569
11504	-1.972923545251849
16470	-1.9725787857525394
11958	1.9716384588533635
18106	-1.9713759568055425
17854	-1.9713521249214232
11613	1.9711255621005173
6393	-1.9707449211564223
13657	-1.970210870066815
8129	-1.9693698080166813
5957	1.9690994792762826
10095	-1.9690518716996819
17688	-1.9675630844878524
14993	-1.9652594284747658
13177	-1.9651197664182332
10971	1.964402549536648
19454	1.9640786680124889
7585	-1.9638994757030652
3533	1.9633577663847839
10433	1.9632634505914772
7805	1.9618042712278618
14876	-1.961799813810684
10258	-1.9610054481424044
5717	1.9603964768209432
3694	1.9600265909690764
15924	-1.9599850843159394
19879	-1.9594956514564916
5256	1.9594599007857973
14767	-1.958613488908555
10279	-1.9575797090458336
9875	1.9562555482673265
12460	-1.955507659630411
15272	-1.9554343383278274
7729	-1.9548481319485784
13769	-1.9542056014786502
1617	1.9540297715663593
18423	1.953296983098584
14747	-1.9524483490557676
3938	1.9521659726162468
10894	1.9513612206974253
10039	-1.9513284546498886
14646	-1.950791005891623
19066	1.9505877671736858
14666	-1.9504367946121264
3592	1.949513492742928
10997	-1.9491695798081392
15160	1.9490511332202716
11102	-1.9484647922976785
10245	-1.9465115589278827
2668	1.9456115570324957
8166	1.9453895019583245
4917	1.9448488390757406
21448	-1.944838121302346
3129	1.9442035586060331
8844	-1.9433940362547961
11967	1.943312025607164
15929	-1.9430044260059727
11849	1.9429288303827472
7473	1.9422625408684582
13384	-1.9413049501281021
9787	-1.941170409454752
19633	-1.9405243250284177
17303	-1.9399632338937494
7400	1.938304198335101
16210	-1.9382428894399908
4727	1.9373026981811152
1663	1.9369930060229388
1869	1.9363152204832337
12136	1.9359994910071257
14946	-1.9349542987429384
3137	1.9331715740573794
8797	1.9325197846391045
9223	1.9320114121170784
704	1.9316382888308747
5363	1.9313733782241014
11453	1.9302502586030328
869	-1.9299704485419393
13918	1.929695004081212
11993	-1.9292997108059051
15724	-1.9286302625286804
11184	-1.9284968030055545
19267	-1.92781641507004
6062	1.9271083773027513
14990	1.9262659021968405
3277	1.9262034815384033
6524	1.9253386538345323
15670	1.9251848596848424
19276	-1.9243118695234651
4675	1.9242966796708176
14446	-1.9222752588689545
12532	-1.9216819052801606
17047	-1.921415178077038
10268	-1.920264594566494
13123	-1.9194627324480271
14904	1.9192218169574895
4301	1.9180262199151639
18905	-1.917170636823571
8845	-1.9162684275724573
1298	-1.915878936626615
16420	-1.9147306476171735
16492	-1.9145543714132938
10005	1.9145111753868151
9528	-1.913136152855341
410	1.9126015321022314
15279	-1.9120705305010006
8617	-1.9113501798066421
2752	1.9105030621101198
7188	1.9100908347648922
595	1.909909008585157
5252	-1.9097351279336012
7983	-1.9091471952200705
11232	-1.9082346079493178
6178	1.9069052158923783
4004	-1.906788345118904
6791	1.906606831762229
10834	-1.905930914265134
12919	-1.9058126651698932
19028	1.905342418558165
11158	-1.9034172390769855
4383	1.9029977906807782
10688	-1.9027244829087766
6564	1.901811949464817
15247	-1.900543754736577
12174	-1.8995367811703256
13121	-1.8994980809121227
20210	1.8962809351618615
14926	-1.8955567727212341
13348	1.8951261797033334
5277	1.8946577678557162
16569	-1.894252480252713
2560	-1.894103720582358
9711	-1.8934884981502502
6843	1.8925429128557922
15258	-1.8922415354014441
10198	1.8913638969243678
14630	1.8906027789040751
196	1.8902534550094408
18862	-1.8900709504953368
11488	1.889983990387808
16707	-1.8894950257789909
10719	1.889151489118505
5936	1.8887532695960787
15274	-1.8887055120512215
7387	1.8886620689048637
22044	1.888419483358391
14398	1.8881639335643439
8622	-1.8859198553585363
7107	1.8858526624239473
18288	-1.8856550053204915
9276	-1.885510749455939
6106	1.8851976030282815
11667	-1.8851869403233465
12542	-1.8844122736069124
6352	-1.8830801451906705
4713	1.8827093314783538
18461	-1.882175779218503
15821	-1.8815412230141875
15163	1.8813522648714733
13245	-1.8809165014273541
15118	-1.8807006998663116
11513	1.8797920889636464
3	1.8783375767081374
9520	-1.8773965496920788
8796	-1.8763927854908438
4288	1.8759806010678313
19449	-1.875916560922855
12456	-1.8751442502644706
11205	-1.8734448073114667
13444	-1.8732940558501896
14147	-1.8724680807665621
14459	-1.8719300266573433
13371	1.8717799284778693
2228	1.870310883077432
9301	-1.8701934376101663
2090	1.869424932731649
15248	-1.8690255850188868
17569	1.8689127212856609
13156	-1.8685482480309847
14251	1.8685022788281467
9836	-1.8683008368533196
16160	-1.8682494524340019
8545	-1.8672546042226639
8340	1.867088298514356
17167	-1.8664912105492975
6786	-1.86595174200345
20078	-1.8654687325804842
12616	-1.864925204004138
15894	-1.864829023860604
9373	-1.864821483450313
3347	1.8626238355938007
12392	1.8618118313268683
3965	1.8618010826768876
15961	-1.861793457836209
19653	-1.861309185826004
13432	1.8610277343663175
13989	-1.8608573009769716
5631	1.8603788688229799
2256	-1.8599857444796457
11891	1.8590895376224104
8523	-1.858640642054971
13206	1.8581482629867971
5372	-1.8529987260596192
12407	-1.852924818561277
6841	-1.8527708213516136
8606	1.8518508083607936
4358	1.8513423588227995
18922	1.8494413164750914
10106	1.84892902423074
14464	1.848797489318106
2954	1.8481799903994394
5811	-1.8480579043167376
13640	1.848000482652347
12619	-1.847272743758694
4360	-1.847052798245694
15135	-1.8468948212740397
5665	1.8467835560448407
3361	1.8466091828764226
5636	1.846063645416092
14791	1.8460375882867233
11169	1.844627971057313
3094	1.8445737803184048
11235	-1.8445042370441849
20609	-1.8413867578193446
16413	1.8406445607670288
8071	1.8405991899508918
10515	-1.8403952762514764
3906	1.8402226533745267
10521	1.8393410175798068
18633	-1.8384740308436938
10282	-1.8376871904886511
9413	1.8368606722278347
5572	-1.8367160100073765
4929	1.8363653262129467
6573	-1.8362374395933898
13622	-1.8355564959667139
155	1.8353821094354388
8948	-1.8341014354955205
14197	1.8337005195897802
16606	-1.8336392143795257
11854	-1.8330271683136226
15996	1.8329754917554717
17651	-1.8327476110427836
11607	-1.8311919176606957
12364	-1.8305949993327135
13516	-1.8305430473993651
14043	-1.830075723319832
391	1.8297532716829168
1064	1.8287142323619607
3664	1.827628809459603
2111	1.8269442677193228
15391	1.8262244277592414
5338	1.826036487110785
9517	-1.824703718959323
10047	1.8233169031055618
9204	-1.8195408698238762
10436	-1.818598394693154
3210	1.818207836382065
19784	-1.8171645752272394
18769	1.8170621231992399
10150	-1.8150734557033263
12689	1.8138710430503717
1526	1.8137012739143465
14764	-1.8121208651167087
10057	1.8107511723935927
12957	1.8106362672399288
8640	-1.8105088950194455
6702	1.8103524145493046
6603	1.8101677227633572
18777	-1.8100499895559607
16159	-1.8087590371828313
6731	-1.8074476336552527
19270	1.807241491875934
11855	1.8071760169781923
11406	-1.8070107688564954
8920	-1.807002481075885
13511	-1.8066915829287662
12982	1.8064723388961377
9564	1.8062077259171856
18657	-1.8060273692091247
4571	1.8050901800896273
15390	-1.804306663227466
7398	-1.8033805807936127
15322	-1.8024896708923752
17335	1.8000518117744386
3759	1.800024175064889
7775	-1.799122836919321
14165	1.7986261315699066
13841	-1.7978934337082841
7543	1.7954235285497633
14992	1.7947561042680167
10238	1.7945904529284693
2473	1.7934919052486007
15504	1.792677497129397
4457	1.7922547571534353
2767	-1.7917595357097158
16293	-1.7908073534719566
1985	1.7899534128922465
10402	-1.7896185067401134
13928	-1.7895879293408814
9206	-1.7892868521031065
16441	1.7892385684363965
16361	-1.788759848126856
11340	-1.7883895979908904
9257	-1.788325567988018
5262	1.7883175413434407
13681	1.7882520712830556
13328	-1.7877303834511966
13471	-1.7873799065519818
16187	-1.7867157630870925
15453	-1.7866714705435731
8717	-1.7857832174155488
14958	-1.7853533711101972
9103	1.7839500812615279
1003	1.783281404743584
15798	-1.7816655722796222
12640	-1.7812380058119917
10345	-1.7811149078654738
1182	-1.7809000734515252
19496	-1.7805225225739971
3133	1.780496318276103
12077	-1.7801851372093425
2421	1.778578104418584
8111	-1.7781381397081346
10240	-1.7779657530286845
3143	1.7775639237448935
4609	-1.7772405027922262
13057	-1.7769743110030147
6948	1.776406576747943
3060	-1.7757838039483185
14269	1.7749588770147564
16922	1.7742779790221515
6692	1.7729007074240577
8943	-1.77230287383844
2343	1.7719096921989035
12393	-1.7717691172089507
8691	-1.771221264553724
15612	-1.7707036317914993
16634	-1.7704403226228393
9763	1.7696445852857912
6961	1.7694566427545244
4532	1.7688623324213577
17864	-1.7679754799864895
7639	-1.7677492529954675
19509	-1.7673752352545862
13665	-1.7670613750351216
9294	1.7668603707210762
3786	1.7653469245569984
20491	-1.7651808442697674
15743	-1.7649634211284462
878	-1.764512660916835
10727	-1.7644751790740036
11969	-1.7638710620398987
14057	1.7631405110389151
11840	-1.7627330083311148
1192	1.7617256347137649
12655	1.7614515416142609
13350	1.7613591656213314
6895	-1.761306469487198
10951	1.7592466400887434
6979	1.7592283606673245
16879	-1.7591826899898286
10611	-1.7589540946511717
12308	1.7583913398617088
12597	1.7576492544267872
8460	-1.7574491093533309
5050	1.757416614768866
9876	1.75719932213423
6933	1.757008305262839
10612	-1.756322333689149
2934	-1.7557637190913113
11892	-1.7557635801632774
15868	-1.7550296892020203
11694	-1.7548866194588493
18884	1.7545464816956295
7912	1.7544233447448818
9003	-1.7531763263972662
21357	-1.7528741429048196
12730	-1.7519377814756407
8620	-1.7517188293837136
11495	1.7516205216189191
8569	-1.7510270604340532
16162	-1.7488431173932688
12514	1.747172415871479
15895	-1.7470232615918908
12346	-1.7468191796243544
12793	1.746791693717413
12775	-1.7467079478733407
10805	-1.7463587385328978
5746	-1.7461566257606111
5842	-1.745253329240488
11416	-1.744209074208807
11104	-1.7438096961949647
8512	1.7427846671464813
11274	1.74234089043941
4333	-1.7423189536671635
1929	1.7421272923784055
1042	1.7418198901757904
4298	-1.741746216185325
18739	-1.741653256182275
2380	1.741069912572756
20859	1.7401339297335137
11827	-1.7396550585325337
5740	1.7390901909015866
13051	-1.7386466400343088
7502	1.738612890885344
13414	1.7383321914114773
11757	1.7381205941822806
11480	-1.7377445811929297
15890	-1.7373054815800495
6130	1.736772722185593
9209	-1.7363221013714152
7075	1.7361419383915966
14682	1.7358862122071765
11614	1.7357325698717458
14238	-1.735337591947331
2013	1.7350881954374848
16617	-1.7346414616440204
14118	-1.7339206262838671
14262	-1.7332857039533085
13663	-1.733250469992121
17612	-1.7328966247659268
2861	-1.7316713479461279
12441	1.731667449519739
8427	1.731536023894984
13921	-1.7310747564726605
526	-1.7287024329567326
16638	1.7286236648097577
11640	-1.728160053814847
15937	-1.7281556808042344
12397	-1.7277646909289435
6168	1.7276204912985342
14784	1.727462335053292
5924	-1.7268012149976355
16092	1.7264806162357538
5728	1.7261722659346814
2801	1.726121581250943
2729	1.7255719105600857
6708	1.7243313882193716
13606	-1.723566963033046
10270	1.722497327945773
8375	-1.7207060990790393
11396	-1.7200266643452309
14761	-1.7194672394375843
20806	1.719386895329078
703	1.7186806964524548
7952	-1.7179822307436703
17596	-1.717494872135441
14297	-1.7174811314012701
13625	-1.7172892153318073
1539	1.7169104138655857
11334	-1.7167998625565444
9449	-1.7166336610729864
20356	1.7162575728181422
12585	-1.7160660290424286
6880	1.7151167563715861
11283	-1.714144460008065
14742	1.7140301262625357
15849	-1.7130503803516173
324	-1.7125682367670636
16355	-1.7114315422372772
6256	-1.7113462858960804
12080	-1.7112207602254947
4948	1.7096511779387153
15315	-1.709424124642106
16135	-1.7090695389008617
10590	1.7088965995365168
2680	1.7088398283350568
13122	-1.7079664524120641
11112	-1.7077723172854948
14226	-1.7077646618461677
9858	-1.706676297801198
9783	-1.706209647039152
14026	-1.7050817453224423
9558	-1.7048410379204886
6451	-1.7045389103713273
15700	-1.70388446106692
18437	-1.7028606101553208
4717	1.7028089589006896
3273	1.7022981926248817
7459	-1.7022244120231302
18380	-1.7018913863813865
9702	-1.7008409458393545
17893	1.7007691477145588
8067	-1.7003373780284832
18534	-1.6998562251555016
15201	-1.698874064448714
13415	1.698332493570509
15417	-1.6982914152552269
14634	-1.6981206034109533
7806	-1.6977975705992672
13011	-1.6977836192590179
9031	-1.6975824539021065
16659	-1.6973787294924254
13612	-1.6971179793826852
11777	-1.6970982631775162
12887	-1.6970606527607834
5329	-1.697044195925705
12259	1.6964174138904617
6706	1.6963732916421341
9658	1.6962554535422973
13239	-1.6959921366098885
9781	-1.695773938625274
6679	1.6945836011038815
17962	-1.694477745454356
5168	1.6931145709637925
17026	-1.6917861153245013
11907	-1.6917248477345503
11979	1.6914095494377897
13456	-1.6909692170765607
11087	-1.689582415229007
12493	-1.6895519955698837
22089	1.689468298725817
10988	-1.689371154658568
6967	1.688900328363
16811	-1.6886567351658783
7736	-1.688548441786948
17621	-1.6879124688593743
7679	-1.687520815258905
17852	-1.687489779101629
14435	-1.686714148316111
4820	-1.6865279767212815
4809	1.6858894278367422
4440	1.6856713356642146
4538	-1.6849813717087332
33	1.6845596822950255
12995	-1.684155994900842
14219	-1.6835395566198554
15834	1.6835088020075368
4265	1.6822435582141377
3207	1.6819926134529743
11758	-1.6815455972336302
1244	1.6812785247035051
15616	1.680926457576011
17472	-1.6805455022761204
12930	1.679625068065696
7218	-1.6795524375879627
6971	-1.6795319077727386
15647	-1.6791219487746851
1301	1.6789440478011237
13162	1.6789191133166355
6831	1.6788354730293045
16423	1.678755625395129
9169	-1.6785467742550981
9906	-1.6770008550821989
4599	1.67530782689357
12895	-1.674683917188919
8837	-1.67459417427739
2790	1.6745074705789822
7566	1.6737870207652574
14698	-1.673280957222504
7901	-1.6730131384281952
9844	1.6719424197365034
14196	1.6718235006993487
13593	1.670862937418337
19171	-1.6706361370645668
10015	1.6702405002581677
14137	-1.6701937970091842
15933	-1.669486170867748
8577	1.6694324743507687
15143	1.6691436773016983
8542	-1.6690341241369564
13002	1.668949767045137
2753	1.6686761017919545
6189	-1.6684583618173763
10722	-1.668102687311122
16997	1.6679850799324771
1385	-1.6676216360922567
51	1.6673786708870866
14846	1.667134907023352
11692	-1.6669998820329714
18055	-1.6664875090267297
15304	-1.6664168321140236
8156	-1.6663739008796863
3202	1.6663715400014376
11098	1.6658693035262309
2884	1.6656252955661166
13648	-1.66470470938282
4076	1.6639993633994123
12472	1.6638943899983303
5751	1.6630165320716257
14048	-1.6621578476203103
1278	1.6621315730072455
4384	-1.6616753292157245
11992	-1.661670406280268
7517	1.6614188956540605
18976	-1.6613820147350806
5235	1.6605190488523025
9867	1.659645822912923
7836	-1.6594297478998172
3714	1.659287430255033
13720	-1.6587763412002359
17500	-1.6581428823659734
9825	1.6580943076976564
2246	1.6580103524608067
7740	-1.6573053366148338
4080	1.6566259348110217
6067	1.655585231705457
4462	-1.6551503027915841
7396	-1.6550174254922958
1838	1.6549669486302556
13069	-1.6546918387794176
11069	-1.6541657105164222
3308	1.6528342687973159
14419	1.6527189706750214
4644	1.6523623341646272
16874	1.651975587375714
17144	1.6516078254523778
8179	1.651541764865664
16493	-1.6514327934363207
5844	1.6496633086441512
3512	-1.6496633072680857
4191	1.6491982402541638
9422	1.649147843027692
1552	1.6483912157720078
7496	1.6481763700428347
2431	1.647129398623632
4366	-1.6470411350007372
16628	-1.6465583284813015
2407	-1.6465091811213675
10002	1.6461704278222737
11518	-1.6457266730075049
1717	1.6457117417598894
9930	1.6455972046185465
10788	-1.6455721427739973
11065	1.644685277602344
15028	-1.6442300682255102
11934	-1.6436287189866616
210	1.6424936274353228
17643	-1.642445519653625
14879	-1.6420652304474688
12533	1.6419390685723332
14325	-1.6412000991025542
2584	1.6406613801237964
10526	1.6406243783324803
6987	-1.639980262849299
16371	-1.6399177907033275
3761	-1.6393196845034739
6942	-1.6384202333737634
15793	-1.6382203154442654
11619	-1.6373557834582788
10676	1.6372331602808532
7871	-1.6368966884921619
1992	-1.6366787719535698
10556	-1.6359722576459372
4311	1.6357152507238706
7839	-1.6344892245984657
11331	-1.6343057929626719
11421	-1.6340454461431695
2500	1.6336145045750188
11857	1.633505281855591
8938	-1.6323909501464733
21839	1.632333694868437
2299	-1.6312624206413044
9785	1.6311188000459276
5478	1.6307081611534249
12278	-1.6302566331896498
8457	1.6299913889647377
6821	1.6297541297308256
18208	-1.6288956837575672
10881	-1.6287811401141408
2406	1.6275782204117697
8511	1.6267167553281419
13508	-1.6254637524628337
6683	-1.6252288144473463
13961	-1.6239287128468725
11072	-1.6237702401962906
7794	-1.623676210362821
15809	1.62188332808839
9737	-1.6215556223301113
5809	-1.6213833448037245
8205	1.6213698478388774
10406	-1.62046958726755
12506	-1.6202283343164385
937	-1.6197403575355125
9113	-1.6194610554780275
9806	-1.6192516508935118
13947	1.618835956000001
12780	-1.618682211696173
3797	1.6181058048930528
5229	1.6178658196424964
7997	1.6175157562382947
6688	1.6173312221843659
9532	-1.6169592372645374
11355	-1.6162081896358516
15414	-1.6147176311761735
1037	1.614338107158783
9263	-1.6132963180446485
16315	-1.6131208717292982
5753	-1.6129260347761774
8085	-1.6127856689252527
1852	1.6123662537872
9043	1.6121258435287722
12111	1.611442710355109
7681	1.6100519562831628
20863	-1.609912659711818
1481	-1.6092716700741447
16064	-1.609079786309756
9664	1.6082733370655322
8983	-1.6082486141728212
17608	-1.608218667601705
8331	1.6080174894497876
1073	1.6078860586452066
14479	-1.6077856845065073
14170	-1.6070573495326532
16347	1.6064023453052918
8342	-1.606185810233838
7399	-1.6059524343710374
5184	1.6051549282977284
5042	-1.6043074696015145
1376	1.6031059911650143
6068	1.6023174800761206
10042	-1.6019157993524868
11165	-1.601827460162328
4455	1.6016321295824214
15290	1.6011947295187734
8135	1.5995951059169347
12553	-1.599424436721057
11664	-1.5994193060593147
14515	1.599019056892407
15478	1.5987518571497086
1711	1.598668995760788
17382	-1.5981952422449852
17019	-1.5974663849308146
1144	1.5966252216986436
1997	1.5964880366903857
13738	-1.5963531998717209
15454	1.5956795866690474
10169	-1.5952051955652469
2076	1.595129069091275
9568	-1.5949246589480013
18539	1.594290550864486
11677	-1.5939899337768972
2802	1.5938616522307925
11562	-1.5928173937696855
1394	1.5920941440500407
16871	-1.591604031549807
6825	1.591602978357294
13675	-1.591183071920072
4165	-1.5905237802823293
4280	-1.5903314726196902
13376	-1.5901524096832282
15460	-1.5892839245004238
10682	-1.5887797167111817
13249	-1.5887578242122435
7146	1.5887123705233746
3518	-1.5883039003721098
6822	-1.588239610136161
7431	-1.5876422811866369
13219	-1.587063696928231
9275	-1.5867692938582303
10793	-1.5866226893095237
11210	-1.5865054440354573
15267	-1.5861096589271089
13482	-1.58559825548392
12781	-1.5850818812157494
12643	1.584854667438501
7589	1.5846961914398554
17930	-1.5846445158141023
7409	-1.584598172718394
9251	-1.584526523711409
3504	-1.5844769349893328
10234	-1.584092482310927
16071	1.583807096245529
2476	-1.5836996370673153
14499	-1.5832012126068302
17529	-1.5829783115145495
17134	-1.5824997093203264
15721	-1.5823763499502803
4678	1.5822329164617344
1912	1.582071254775863
12193	1.5820680651040915
13628	1.5816707811900823
16474	-1.5812975441436519
18351	-1.5812165452093427
6576	-1.5810574822487162
11393	-1.5805959158979321
17521	-1.5804232871080564
15510	-1.5798041969605734
2448	1.5797028042086485
18192	-1.5792250078542083
13405	-1.5790860961643454
7506	-1.5785911749713815
10334	-1.5781926584224455
14056	-1.5780994808241644
15873	-1.57795160620731
16970	-1.5775067281561608
19011	-1.5767248038560773
14546	-1.5765054585927212
15006	1.5764903207723424
7788	-1.5764008258382134
1986	1.5763142894616227
16916	-1.575774758373111
10439	1.575766807799902
11530	1.575488092037643
14299	-1.5754521456630495
9224	-1.5750421477090126
12120	1.5725083448287798
14971	-1.5720826497612561
6491	1.5714748734800805
6670	-1.5714277834060277
20809	-1.5708938730322828
4324	-1.5706231982969074
15718	-1.5698711122923121
12890	-1.5697581127431024
11014	-1.5680917037624538
17175	-1.567738183011324
9665	1.5669803437353216
15967	-1.5665985570430414
12251	1.566157501570041
10618	-1.5661296573296444
12505	-1.5657371412464784
14356	-1.5647578894658103
359	-1.5640794392605757
16667	1.5635148083890607
6957	1.5634958516163207
913	1.5628761489083025
11022	-1.5627344249386625
9311	-1.562559591298868
13062	1.5624077114805806
13771	1.56195725861659
7713	1.5616621192374434
13869	-1.5615351613888417
3753	-1.5613894766111671
3785	-1.5611277496414921
4230	1.5596401456714157
14643	-1.5596251073490177
14674	1.5595263111917288
11909	-1.5594729848651014
14008	1.559472474531146
7795	1.559391384375877
9030	-1.5593534741559705
8064	-1.558844727108213
11456	1.5583408004934285
11950	-1.5582283262634962
8760	-1.5574221493727167
14193	1.557178078652405
8101	1.5571458761687944
10463	-1.5569036435709784
12509	-1.5566632169815455
1433	1.5566348519941964
9735	-1.5563843179525199
2498	1.555992562253621
12666	-1.5559104013390832
6297	1.5553877349438823
8849	1.5550931557621839
6812	1.5550488776064004
21490	-1.5543592116913665
18003	-1.5537249355758327
8806	-1.5536662440893627
2078	1.5532852426621906
8795	-1.5519687608483903
10181	1.5517936454906816
6255	-1.5517375476958704
14046	-1.5515416973567795
15805	-1.551251479678077
10190	1.55089434856724
4852	-1.550853555911054
3292	1.550659044324971
4936	1.5505593687154597
10586	1.550098914072155
13224	1.5499785112169855
3948	1.5488431621120917
5702	-1.5487010696666628
2698	1.5485217024023075
4352	1.5484734792609363
14575	-1.5480133993032286
3743	1.5469574829606099
10197	1.5466816620877197
3737	1.5465955633681954
10013	-1.546592289967795
11714	-1.5465408514268684
5692	1.5463717922458196
12567	-1.546142671606997
8816	-1.5452594452558943
15021	-1.544862134020102
10847	-1.544428486715936
15691	-1.543920818721067
5522	-1.5434145756510262
14088	-1.5431006887064076
2559	1.541731479761824
11853	-1.5415594269759074
5914	1.5415515611512167
7224	-1.5412567896425273
13562	-1.5411873577958763
14429	-1.5410096141780132
9535	1.5406374839316057
12566	-1.5403461533014542
12098	-1.5402137211515996
4707	1.5397994599377915
17105	-1.5388349475671363
15109	-1.5383905758490037
13808	-1.5378992626627837
9748	1.5369281232968206
9394	-1.5358588086625713
7371	-1.5350344405123848
8105	-1.5347357013171659
15645	-1.5346068072218646
8056	-1.534229272348767
6059	1.534168217382363
610	1.5341300957330197
7758	-1.5339621752249575
14007	-1.533726643882174
9799	-1.5332624084282949
7058	1.5329957758890658
451	1.5326048078171695
6974	1.5322431705209785
6687	1.5319002949560518
7946	-1.530907533034823
11703	-1.5305706856441033
7913	-1.5300202459661871
12902	-1.529757188698797
17098	1.529621452335383
5495	-1.529579946825497
1756	1.5285262168779936
6232	1.5285221414520986
9095	1.5284902775725124
3445	1.5280111369354221
13652	-1.5278410154419075
5296	-1.5276589992728695
15082	-1.5274465803747732
11675	1.5267889273697461
16878	1.526364655355478
8232	1.5262009967759729
16542	1.5261203466639863
3030	-1.525107642131407
19517	-1.5250342009436981
19152	-1.5249502067374014
2353	1.52479495904595
11922	1.5247910739260924
13596	-1.5239640577091125
8336	-1.5238961562848339
9200	1.523766078042206
13357	-1.5232688899584066
8157	1.5232655105063175
11305	-1.5231613768962298
9987	-1.5229505697233348
13459	-1.5225863171775635
6019	1.5224008206115813
16344	-1.5223493000763182
11439	-1.521989372968128
19602	-1.5218843039066314
10288	-1.5207488844277695
18140	-1.5205313057950933
5539	1.5197964234625185
10761	-1.5196425521145864
603	1.5193247549405404
16062	-1.5188366124349186
12254	-1.5184473277399675
11137	-1.5183693979687936
3102	1.5183269632872989
9117	-1.5179981007158871
238	1.5177310313976136
8096	-1.5175430520471582
4401	1.5165149725876406
12436	-1.516340654447504
14932	1.5158548093056436
5378	1.5155932211072418
10361	1.5149129137768684
8025	-1.5148591188399192
2319	1.514597262733243
15767	1.5145746181633255
12646	-1.514485593456145
10604	-1.5144067732462407
5946	1.5131819633550143
172	1.5129197353609385
10415	-1.5109903139056011
10075	-1.5108619589021395
15728	-1.5102809655268503
12182	1.510236862787388
8187	1.5102096858915197
8596	-1.5099207704941908
13486	-1.509862173606424
11206	1.5091657408374581
5525	-1.5087726842062226
12377	1.5086595358253279
2580	1.5086298523316002
15947	-1.5081816285835556
4131	1.5079107917369357
2399	1.5077514732778805
1224	-1.5077394215014326
12863	1.5067869768850812
1585	-1.5065131739033801
16169	-1.505895219849132
8419	1.5052618938468543
14091	-1.5046887692994837
12123	1.5046315167696829
13594	-1.5046139112466763
978	1.5042974260928088
17715	-1.5037101537924804
9378	1.5037096084050865
10356	1.5036222037875038
13066	-1.5033764664791287
19373	-1.5027036650732026
10410	-1.5021741593127669
16950	-1.5021416402154384
13735	-1.5019148579453891
3708	-1.5018304640452558
13826	1.501230428462066
8722	-1.5010926954279447
1340	1.5010681614120243
12543	-1.500752557489769
11314	-1.5007053453459047
8197	1.500416900483038
9161	-1.500201628868348
9136	-1.4999010548546323
12962	1.4993524250924333
2566	1.4982428278747693
15523	-1.4981699117183784
12264	1.49802928759992
877	1.4978998050357
14675	-1.4978147544429745
18556	-1.4973416849700987
14035	-1.4970254921910189
11522	-1.4966586145288128
1368	1.4966292449280938
14874	1.4964459073027325
17641	1.4956495067339177
538	1.494743557799217
1972	1.494699145185843
9765	-1.4946353474515153
12710	1.4942340831612655
9582	-1.4933824678048084
4892	-1.4932795127301912
14174	-1.4929182265311993
15801	1.4927637190918592
9344	-1.4926319788690687
5255	1.4925155061275985
797	1.4924525847684822
17081	-1.4918306847910434
16245	-1.4916772628042991
2869	-1.4912094490477434
4764	-1.490690480298227
1632	1.4904560603238048
21343	1.4903392589403623
8932	-1.4901579383314787
8914	1.4896605943401908
10838	-1.4894064632955644
984	1.4890971407157718
1644	1.4885897126091858
14252	1.486335740423932
4022	1.4850039748384234
9296	-1.4849970541805737
16450	1.4837900585585102
11401	1.4833927349884062
7660	1.4830979982321215
3810	1.4827741919129225
697	1.482766636114554
1098	1.4821766419541547
4245	1.4819595648436843
11449	1.4819207674373212
11872	-1.4816510988588365
18145	-1.4816487235918891
12262	1.481573151732048
985	1.4812466859685627
11042	-1.480766786909352
6807	-1.4802732445898654
3681	1.480157401564968
10297	1.4799693782569114
1302	1.4798465293046583
2018	1.4796492884576196
15927	-1.479626742038891
9559	1.4792081582938856
7851	-1.478954964484355
12007	-1.4788733180192193
16779	-1.4784567176591112
13475	-1.4783691498586546
10151	1.4782969477688281
10167	-1.4777307122333823
9725	-1.4771758603472207
12907	-1.4766406911003593
4075	1.4762220891907227
8529	-1.475294391406677
14470	1.4751298967121937
3663	1.4746012883077515
12894	1.4744783591899666
12168	1.4740705978446202
2227	1.4734147486118734
17243	1.4730664850679118
3679	-1.4726684021800105
2115	1.4712602558684373
10467	-1.4696278684504496
3588	1.469261598870993
20086	-1.4686981370352254
19595	-1.4681327932825767
6914	-1.468016129808171
5507	-1.4677698406774577
12118	-1.4677603542643634
13192	1.4677486225511092
10862	-1.4675670870400974
10796	1.4674138913551262
4521	1.4670510627183118
14574	-1.4667736035875658
13175	-1.466389998554811
16439	-1.4661770149098088
14139	-1.465905320990525
4070	-1.4656160107978558
18173	-1.4646926865228134
323	1.4643643538283626
11292	-1.463695863483239
6761	1.4626186254162998
14212	-1.461885277505776
5804	1.4615223968437419
8676	-1.4615132365489356
2833	1.4614915297388
14342	1.4613093369264059
2803	1.460611312395864
2772	1.459868139238126
11466	-1.4595233342526055
16750	-1.4594329816567468
6776	-1.4592079274611685
11652	-1.4588765432229112
4597	1.4587894199938038
14777	-1.4584108558313926
11879	-1.457797074819723
10274	1.4577351471544022
5017	-1.4573965472778305
4827	1.4570302690619437
1434	1.4567839840571395
9977	1.4567488898798573
14918	1.456660440060143
6108	-1.4560768290301391
11049	-1.4559448747677997
18732	-1.4554096837139099
9228	1.4553276409381917
9225	-1.4549163912619199
4542	-1.4548287740422343
17296	1.4545705830777609
6268	1.4538536775779087
16929	-1.4536098719029946
6613	1.4535739845631244
6559	1.453287495158544
14766	-1.4528306448535413
13566	-1.4525619177853917
195	1.4522739822941542
10552	-1.4518466582360612
4238	1.4514177825283434
14121	-1.4513141925296178
9698	1.4512061915293135
12427	1.4508168541524007
6905	1.4507707825731515
11347	1.4507395502776332
12799	-1.4499621562516802
12626	-1.4498154416386317
17913	-1.449522435693404
12909	1.4494449484492131
9831	1.4487017545526728
15699	-1.4469673641903262
4464	1.4468538758141167
17344	-1.446853254942554
14222	-1.446829037843177
14208	-1.4467385017650356
17223	1.4465228649776416
10152	-1.4464357769157488
13523	-1.4460937507027476
8424	-1.4453252490510018
11621	-1.4451683761320935
4126	1.444754124391214
590	1.444565114141547
13621	1.4444683901648878
7908	-1.4444500943061096
5254	1.4443099181746304
3642	1.443895704201482
10394	-1.4437443969317099
1884	1.4433233720085623
13817	-1.4433091496013175
5575	1.4430592396823998
1638	1.4418842187450371
5055	-1.441500396928287
12105	-1.4409170006018726
12083	1.4403277716587177
13844	-1.439986236215729
12796	-1.4394029670302144
12398	-1.439077704733236
1627	1.4390477040559966
12360	-1.4390407280874808
1319	1.4390381157381276
8365	-1.438402647051182
4374	-1.4377638477277033
18910	-1.4364856613910877
883	1.4362749163868904
3041	-1.436167505017831
13699	1.436051461481253
6555	-1.4360019843889897
11373	-1.4353011539685292
6920	1.4351141987042695
3115	1.4351018064631484
4426	-1.4345077429711508
17174	-1.4344042876254925
9701	1.4340396114153584
6233	1.4339510094136403
11423	1.4335658201346482
6963	-1.433316332835518
10994	-1.4325852046726788
5300	-1.432249895520064
8539	1.4314894210995004
9213	1.4314843626853662
14636	-1.43115019654411
7008	-1.430292566452658
16661	-1.4302693278355494
9500	1.4302425351279466
6584	1.4299648833932916
12658	-1.4297260846838689
3621	-1.429141211201863
13988	1.4290094239338265
10084	1.4281756249072186
4996	1.4279163256732517
15217	1.4278083590647772
12430	-1.4269731770233058
11379	-1.4267917406066009
16081	-1.4267556699519623
11163	-1.4264229608945984
4524	1.4263154014503092
2112	1.425991792457306
8996	-1.4256674514577503
17474	-1.4256379258813885
11951	-1.4254694711875697
2808	-1.4253106238239521
15461	1.4253042024432523
16331	-1.4250456357805725
14416	-1.4245034669575114
1731	1.4242044692601994
15292	-1.4241553311475799
3917	1.4240768799248542
5470	-1.4227284346457354
10313	-1.4225859881359124
867	1.421523010461453
3001	-1.4211918614481622
17760	1.4209895366913803
10185	-1.4204399988471803
10212	1.420173708246018
14579	1.4191411532838705
12379	-1.4184445822822085
7038	1.418348915970025
9376	-1.4181372875720837
17990	1.415201059528294
1462	1.4145921186111527
3237	-1.4144889944484573
15716	-1.4144557171086944
7021	-1.4142732670164848
10587	1.4136913512802027
1133	-1.4136850168771
15934	1.4133439509149996
10638	-1.4128452347686677
303	1.4128292385086563
7458	-1.4125084107467714
18544	-1.412287415308734
11575	1.4120086335492872
5607	1.411682685830556
10776	1.4112727631476807
11995	-1.4112336920293678
2850	1.4111672212674649
12650	-1.4110945890610276
15859	1.4109266099348394
16894	-1.4103902154063976
12829	-1.4096151457973736
9489	1.409401073095196
15117	-1.4091436886871715
139	1.40907480245114
5410	-1.4086220530433233
15833	-1.408482473836722
11653	-1.4084020868404648
2378	1.408176053276379
4097	1.4080800277321972
12641	-1.4075846134925827
12144	-1.4068727800558687
9890	-1.4067681588591987
2120	1.4066500749136197
12359	-1.4066262533357132
11982	-1.406311948613101
10353	1.4058022558211778
12452	1.4057186471337628
13897	-1.405586313891107
8953	1.405475408008806
15723	-1.4054398675960977
13058	-1.4054170306983218
4520	1.4052047131835101
5535	-1.4051306319872865
13524	-1.4049884686441794
9736	-1.4047712396510756
4923	1.4044535616713054
9798	1.4041761177108512
2095	1.403992804059157
9753	-1.4038719070187935
8278	-1.4038501526772211
6665	-1.4035846520581468
14524	-1.403535023078512
11647	1.4032813149781014
12017	-1.4023585081605774
6610	1.402337797431878
9731	-1.4017827983060462
12707	-1.4013072739550483
15759	-1.4010639081152694
10321	-1.400514032126417
6283	1.4000464321987973
4506	-1.3998108885275644
5289	1.3991887703208687
17022	-1.398871718035059
15164	-1.3984135331413203
11362	1.3980060604263056
8934	-1.397616173618805
15502	-1.3974900139607636
9704	1.3970979745651535
11003	1.3970365882366653
7855	-1.3966464611738576
8544	-1.3961637213848355
13709	-1.3953551181039752
3547	-1.3950763771824537
16002	-1.394592256724555
11452	1.3944063857548075
12771	-1.3941974811491324
15080	-1.3935157579082975
12059	-1.3933371495944225
5169	-1.3931647217355625
11718	-1.392251467624985
8412	1.3921005414012682
6893	-1.3917252352474827
222	1.3912622285702139
8443	1.390671619737384
8480	-1.390539344920949
4235	1.3901786235138092
8952	1.3901659100449029
11517	-1.3900550357509527
16829	1.3898330094614024
601	-1.3895169887369736
14684	1.3893485777784373
15147	-1.3889907594775233
577	1.3886229574089999
2347	1.388413828651977
6902	-1.3880951764306801
5601	1.387437243585053
11980	1.386946485897846
18363	-1.3867725032110867
4	1.3865499335302027
15056	-1.3865310991860684
10239	-1.386248211232997
782	1.386146843658297
8574	-1.3861007525487017
7440	-1.386055850741782
11902	-1.3860381001286242
19182	-1.3858088573776597
18975	-1.3854932447644266
3368	1.3845901803180607
5264	1.3845323061218675
8418	1.3841447612856197
7731	1.3838356469219104
2992	1.3829907792584486
9266	-1.3828069916894756
12110	-1.382698723256778
5845	1.3826586289319305
4578	1.3826095472971247
5852	1.3823319825516909
11177	-1.382268321306027
9921	-1.3818972036181894
15480	-1.3817789187586849
6163	-1.3813693943840626
3431	1.3808194076090576
9727	1.3799800894899805
13342	-1.3799041134950503
19112	1.379527759008804
9730	-1.3792123324199463
1228	1.3791671101894172
2315	1.3789807680835062
14075	-1.3787975135920578
11075	-1.3783302403541013
9575	1.3779733140536783
9105	1.377040446671111
9357	-1.3766943986483147
15402	1.375870412202305
13751	-1.3757525494897171
16387	1.3755784545077472
1597	1.3755513913910733
14198	-1.3751527999152793
10329	1.3751033708766807
8937	-1.3750026479073507
16418	-1.3749702330311349
1489	1.3749446064461786
1183	-1.3746351687411946
1736	1.3744950813353518
17530	1.3740835152453668
12836	1.3740325501505346
8791	-1.3740126045030734
10758	1.3738480034539446
4910	1.373795664048866
6743	-1.3736971287512452
7288	-1.3732453406144411
3834	-1.3730029773043062
5068	1.37293236191325
3438	1.3727173476944534
5400	1.3712612918383944
12286	-1.3711457507760751
3155	1.371135690656049
5423	-1.3703422254648294
4645	1.3702945601453531
299	1.3702835981397559
9077	-1.3701408645042825
1845	1.3699535274313879
8406	-1.369841522259578
12402	-1.3697965427813537
14415	-1.3697897714227807
14938	-1.3696232454209067
17477	-1.369579136602439
10156	1.3695747807937593
6330	-1.3689388813454668
10570	-1.3686716129945347
13959	-1.3683665162733827
15335	-1.3682748229383297
3824	1.3682582172845736
10272	-1.3681547662496865
3035	1.3679345616817782
10440	-1.3673095767899108
7206	1.3668739220361683
10077	1.3663488046981662
2326	1.3661862918709105
13434	-1.366137078660187
3682	1.3650655438395185
284	-1.365038186405981
9001	-1.3648546485364075
9229	-1.364409285107481
18070	1.363777953623508
19326	-1.3637168511796296
16042	1.363602378529611
10591	-1.363565105318804
52	-1.3635172329540053
8782	1.3634280228503695
11236	1.3633575551856185
9743	1.3625314786745217
9600	1.3620099150248235
11326	1.3619439670309768
11424	-1.361532630714042
5167	-1.361072757061337
11483	-1.3605013418106024
16901	1.3602723274443733
10778	-1.3602562004863978
7004	1.3602449862889838
10633	-1.3600648864703166
3978	1.3597387520727784
986	1.3596340801489784
1875	-1.359484010240138
8003	1.359382957259559
9133	-1.3591804461590244
10933	-1.3591307484748956
10130	-1.359050717971345
11803	-1.3590208593765234
13068	1.3589808767528235
2673	1.3586293026154765
4513	1.3583590556365759
10147	1.3582151070258335
1106	-1.3578805245510903
15158	-1.3574625328056473
14345	1.3573352960171934
1782	1.357150140711333
9667	1.3570240184270017
12215	-1.3568009234795142
11634	1.3567891739147604
8570	-1.3566200906261023
1684	1.356618358124547
9231	1.3562807372208825
4459	1.3560063432188247
346	-1.3552368058165796
17029	-1.3550468078116147
1459	1.3544001550928635
16303	-1.3542557431322915
3077	1.353403726744846
9497	1.3528817760520917
11960	-1.3528259299671914
10368	-1.3527027906527496
5207	1.3518350710331197
10237	1.351738368983631
17453	-1.3515323428556365
2943	1.3514200433255321
14434	-1.351373193163588
5494	1.3510107262501638
10850	-1.3507809022372028
7618	-1.350759796541675
16484	-1.3501936374926498
4654	1.3497352876766393
1097	1.3494333336585975
4315	1.3492174678218365
10764	-1.3489633973405462
15874	-1.3485824214312634
11526	1.3477476198037384
7884	-1.3475135725796479
9881	1.3471102114644173
8436	1.3469179614860198
6528	-1.3469067023977748
5459	1.3468731391272362
9134	-1.3465977183126472
4111	1.3459894672374844
7323	-1.3455551040425906
14598	1.3453124538572485
9401	1.345241074671892
2	-1.3450180831113017
1399	-1.344275751659175
6794	-1.3441884741295695
13443	-1.3440949977669643
3513	1.3439256447922798
5224	1.34362630121962
15768	-1.3434273611170169
14103	-1.3431999247511706
395	1.3431579921216001
3598	1.3430878510421842
11271	-1.3420405639561148
17857	-1.3417385910652393
2739	1.3414750145694063
9900	1.3412716298410505
8928	1.341137415624188
16523	1.3407527585131158
10765	-1.3403125995981746
16031	-1.3395116668266858
1629	1.3390914735646886
18562	-1.3386896573419036
8870	-1.338627574649807
2222	1.3382618681198082
12413	-1.3378495770027115
11984	-1.3375573401767897
9486	-1.3372930560832972
7417	1.3372310484956285
6458	-1.3365252405854207
11349	1.336467408136325
6861	-1.3363011400474867
8774	-1.3361870754721692
17626	-1.3352305595136102
5742	1.3349859728021194
11086	-1.3347621514982257
4300	1.3342714892202578
13759	1.3342329600863871
11580	-1.333757257576113
13413	-1.3337131426031528
10710	1.3336294507667195
13351	-1.3332945691531815
17413	-1.3332650551120906
12958	1.3332116918893178
11415	1.3330118351056532
16044	-1.3329998229612574
17168	-1.332927011894317
18111	-1.3327849658093822
562	1.332768377022094
8888	-1.3324224278381849
10878	-1.3317796349260862
9347	1.331350563229522
9594	-1.3313478846044229
16126	-1.3311692714483037
1747	1.3308901298801967
5961	1.3307179585929088
630	1.3304680271540181
8455	1.3300001166088382
8638	-1.329850038836251
12178	-1.3290665765263778
8770	1.3290489817802
16407	-1.3289468070193493
8623	1.3288269155412242
8471	-1.328703545943876
11826	-1.3281252305714697
8530	-1.3280278037161906
9303	-1.327817204122415
11202	-1.3273528751520485
6076	1.3271632790602315
3476	1.3269983643864818
13030	-1.3268857810841939
2176	-1.3266175559683127
11450	-1.32612600256208
2121	1.3254639641034103
12287	-1.325170039281724
18295	-1.3251520032036714
2706	1.3250024336222896
17188	-1.3249038202014947
10635	1.3240579446642222
14422	-1.323660200684056
13770	-1.323625340109657
10018	1.3227786307447282
7275	1.3223928917036025
12247	1.3223639886164016
11090	1.3222062539515729
671	1.3221163014174657
17196	1.321677528427032
1473	1.321587609656982
11012	-1.321503006479674
11238	-1.3207765420983753
9602	-1.3205400684566757
4587	1.3202166385273784
4851	-1.3200087893500472
74	1.319674613192443
14083	1.319016281157892
1423	1.3188716832305505
2196	1.3186631316220245
11182	1.3179951932664835
417	1.3171027136826583
10738	1.316270535840773
5890	1.3162247966886624
15344	-1.3162185087673237
9244	-1.3157957763797514
5121	1.3157381050394281
16630	-1.3156034662898846
14437	-1.3149505535797268
14049	-1.3144580287251424
189	1.314423051685517
5028	-1.3141743817217
2865	1.3134483953630882
618	1.3129266159510053
13581	-1.3127892609854932
6078	1.312747606791212
17619	-1.3127154713780602
16132	-1.3126939148865953
7448	-1.3126670581284678
2189	1.3124199495379751
3901	1.3124121796936372
11525	-1.312249938923391
8026	1.3121311937641484
1444	1.311105531487555
12453	-1.3104047138673938
2143	1.309911138141778
233	1.3095284929297357
14759	-1.30933561450883
17408	1.3092655833919657
6104	1.3085197349645055
9	-1.3075915035380994
141	-1.3070940347136009
6203	1.3069120417105404
15310	1.3065652571650057
9050	1.3065627224648897
558	1.3062345889876663
13063	-1.3061974865982837
8525	1.30603490655345
4136	-1.305898799259723
5915	1.3055161921449712
6686	-1.3050058100025377
5307	-1.3049072688922478
606	1.3048020261411897
17868	1.3045509256112566
11048	-1.304262301682901
497	1.3042562319203435
7807	1.3039501471089978
10544	-1.3033963256594185
4372	-1.3032010367189215
16609	-1.3031957081794279
9482	1.3029836249439075
4452	1.3029534348340446
10826	1.3029447097356506
11617	1.3027920700086038
7054	1.3021740153114882
8347	-1.3021392788357804
15016	-1.302088565653346
16384	-1.3020642283631794
1324	1.3020394512413034
6362	-1.3019769337843927
6394	1.3017089505445052
15532	-1.3016215004632272
10267	-1.3012812335224486
9956	1.3009200526442037
1220	1.3007763895229882
10201	-1.3004035433069854
3578	-1.3003673344282176
10679	-1.2998775370912508
9937	1.2997813527925743
8074	-1.2992332687012405
14386	1.2988450752741123
897	1.2987147400277705
14	1.2985908410831284
5708	-1.2985887408722476
7467	-1.2984413978512133
9038	-1.298419992306562
10139	1.2982399056568878
11033	-1.2979086673221023
12467	-1.2976173945012532
8703	-1.29747656214432
224	1.2973981105341788
7442	1.2971100745619704
9721	1.2970143769225617
7103	1.2969072613788368
3366	1.2964447864240771
14609	1.2963406805123878
6306	1.296232415294024
7604	1.2962306074421823
7360	1.295447711706744
12104	-1.2953636206928725
3745	1.2950783009651554
136	1.2934897177987081
13795	-1.2934264976559267
8469	-1.2931901387360285
18087	1.2926851478588681
11050	-1.2926373313229074
12992	-1.292533849842666
5782	1.2924397416023023
433	1.2923599792006089
6724	-1.2918277556260296
5727	-1.2916169921326721
6845	-1.2911967686353478
10188	-1.2910884464056023
10574	1.2910156821061984
6285	-1.2909504141815182
9561	1.2908705658245194
13823	-1.2907588553578768
9106	-1.2907234646042884
6374	1.2904005069956939
6704	-1.2900698517167206
2034	1.2889091828712849
3799	-1.2886635007589071
2650	-1.2884606093686768
4613	-1.2884214733484527
13018	-1.2883203106143168
5373	1.288090050064758
4145	-1.288039459301458
3740	-1.2879901002358183
14004	-1.2879021601109792
8116	1.2876327786061268
1059	-1.2874619030857344
9332	-1.2873982089150906
4428	1.2873937733436547
8990	-1.2873354199785656
6581	1.2865131434841566
12763	-1.2863187044418367
6910	1.2860998236318453
15904	1.28597245498393
10129	1.2858447516304237
12592	1.2857834223305018
9469	-1.2853887951984866
3281	-1.2852377301581728
11676	1.284924557854151
3508	1.2847507141435552
16641	1.284701298273474
16445	-1.2846757598967633
1981	1.2846076383160205
14686	-1.2845687892636761
2071	1.28429531023343
7422	1.2839048925465477
10695	-1.2837343232362781
16986	-1.2836285994119359
8141	-1.283223004479149
1316	1.2829554167174058
13204	-1.2829455881597411
3141	1.2826988512113129
13882	-1.282486444523693
12924	-1.2824236046287865
5810	-1.282388744762194
1397	1.2823868077693128
3854	-1.2822793262223182
8999	-1.2819192012454577
7986	1.2818057752476224
6551	1.281760424179696
4166	1.2816906473122633
2552	1.281571408864601
3073	-1.2815083094121948
8089	1.2811941069910806
17553	-1.281098259986642
1755	-1.2810651658591883
6153	-1.2809246913266095
8279	1.2805448846218723
6354	-1.2798625155708057
8840	-1.279815420428114
8431	1.279535404631253
2770	1.279242063352719
2039	1.2791133425213241
5022	1.2788950461985873
11037	-1.2785871841952938
12580	-1.2785297380793101
15708	1.2784509030117395
8269	1.2783610986992837
5081	1.277804033407568
1366	1.2777262463693717
11528	-1.2773973490319277
127	-1.2772266769536218
14370	-1.2771999952333275
14017	-1.2771562934634455
5648	-1.276772832210926
1323	1.2763875082377285
49	-1.276321161298806
4152	1.2758556831973094
5411	-1.2757647097104106
5834	1.2756695855360836
12302	-1.275413967113257
6322	-1.2753732287498776
7656	1.2753160355179138
15291	-1.2747548519551408
16306	1.2746264608880513
4737	1.274511850208713
14693	1.2744238791555766
13416	1.2744221902092758
8922	-1.2741670069463042
4073	-1.2737397667505368
4612	-1.2736184165030047
10504	-1.2735982581556007
2482	1.2733539077404146
13207	-1.2732521594001875
17668	-1.273232515295836
11151	1.2731520558292162
10957	-1.273105571344253
3405	1.2728532128885157
8324	1.2728094637487846
4657	-1.2727606511703633
911	1.2710988853461276
3742	-1.2709194366144199
9008	-1.270676545873331
4899	-1.2702962902734605
6261	-1.269983079867467
121	1.2697094056208498
3729	1.2695872222754665
11122	-1.269296248556306
12776	-1.267716778889964
17605	-1.2673540095192726
10500	1.267057534457741
15179	-1.266763288613549
6061	1.2663688599879763
14095	-1.2662255612827042
12303	-1.2661388056659746
569	1.2661032982252467
5632	-1.2657124009420797
7113	1.2655356943130063
9329	-1.2654520358384806
12620	1.2653564610698866
9816	-1.2651918235441906
9726	1.2648521061328535
7402	-1.2647342066907747
5164	1.2645901618843887
7439	-1.2644528931588535
1167	1.2640075305200242
7464	1.2638904671585014
13595	1.2638610477797978
2997	1.2638540139187933
10827	-1.2637479139751555
6513	-1.2636355162389745
2659	1.2632036816884402
6136	1.2627663784530723
7158	1.2626538846386255
5954	-1.2625721152662541
9879	1.2624799119399719
15840	-1.2622857978129827
11357	-1.2621960493877253
8250	1.261789066457815
4783	-1.2615322388992252
4474	-1.2611358330934974
1693	-1.2608032195129162
5556	-1.2606183246514533
8642	1.260393173953272
9272	-1.2603649501418552
9788	-1.2602256916969938
9186	1.2600440186022366
9639	-1.2596733268679114
8301	-1.2595392308892028
13902	1.2594960235239374
1762	1.2587903924420674
1497	1.2584476679137468
14414	1.2577676947984706
10315	1.2575068231002011
6321	1.2568382667539
8009	-1.2567195699208866
10941	-1.2565847272801856
10868	-1.2565676716733247
18595	-1.2564536785967684
15860	-1.256414644571862
12946	-1.2561896802842842
10577	-1.2558270664226838
6955	-1.2556026204849342
13666	-1.2554754663842018
3602	1.255275936258056
6993	1.2548360132772587
5210	1.2547959340807027
9920	-1.2545928911338862
9479	1.254422148907675
18328	-1.2541135783327524
5004	-1.2540561157780874
15672	-1.2539046376117031
14324	-1.253871812533258
10264	-1.253512038109589
10601	-1.253142370164589
16759	1.2530824437508765
12248	1.2522586349732516
10027	-1.2521648349277081
12794	1.2520733979632026
2674	-1.2518477241305328
2983	1.2518006287364247
9642	-1.2517555688921427
8704	1.251704863801772
7567	1.2516542444796506
7635	-1.2515330001406648
8118	-1.251369835903891
9056	1.2511982627499367
15680	1.2511862067251995
13603	-1.2506955390168444
9619	-1.2506641684758752
11875	-1.2506503543797396
17592	-1.2505751969028522
8632	1.2501076452357005
3375	-1.250105732321265
3856	1.2500265225589278
13993	-1.2493205836642987
4012	1.2487964570896528
8495	-1.2480549352560368
6634	1.2475857595369622
2987	1.2474969919411596
5939	1.247421021351384
4945	-1.247406487453962
12850	-1.2473481137717601
1142	1.247290303165469
4549	-1.247257604035046
9293	1.2470550870804316
441	1.2469261931330948
3011	1.2468009607244381
12069	1.2461285772187398
16130	-1.2458254111187685
1477	1.245735378720656
5942	-1.2452149462907136
5162	-1.244631094333994
14135	-1.2437018775623125
7488	1.2435286169316415
13638	1.2429139253100778
6069	-1.2427383094715352
6507	1.242533375277604
11864	-1.2423018086976905
8381	1.242083286823194
6056	-1.2416046852138407
9782	-1.2415598556570049
12370	-1.2414671379271016
3139	-1.2414145712014473
13470	-1.2414019652584098
1437	1.2412318826148911
5513	-1.2405378068125248
7826	1.2405082292348106
335	-1.2403087585097168
11490	-1.2398645687219683
12458	-1.239849103503219
10766	1.2395705082915864
10867	-1.2391845981983436
4932	1.2391286073169885
6864	-1.2388607711556257
13500	1.2387646861358337
16120	-1.2384815566680742
13433	1.2383269804724466
10648	-1.2378430367487867
9215	1.2375453611893006
14381	-1.2366501392925406
11506	-1.23589430210752
14581	-1.2355586959460516
2268	-1.2353763844850751
2131	1.2341998715136246
11512	1.2340586224795995
6663	-1.2337764082684113
9861	1.2336442737569142
7778	-1.233642510116007
5978	1.233401767733436
10466	1.2332207529513157
7106	-1.23253120403881
13442	-1.2323224369509904
4077	1.2322630956475067
5889	-1.2318095422293132
5480	1.2317882007140055
9554	-1.2311369567690353
5622	-1.2310446469918979
9980	1.2309619699719105
579	1.230555117607177
8396	1.2304717779818763
2722	-1.230349270555351
17848	-1.2302512221928856
14175	-1.2300086343044914
5566	1.2300001685960864
14245	1.2298164459065752
11193	-1.2296602069123395
3558	1.2296543492420646
12819	-1.2295703016004988
8475	1.2290521506400154
10072	1.228668774002027
6476	1.2283691416016984
133	1.2282070148885784
737	1.2272924891368013
1888	-1.2272754341270735
15610	1.2266387595276558
4114	1.2264170582598215
11925	-1.226195046555728
12295	1.2256234207221521
9585	-1.225304507982062
15838	-1.2251916349007952
198	1.2250509119704944
2149	-1.2250227068495128
4180	1.224796700998936
4573	-1.224624731075022
739	1.2246010428404734
7646	1.224598485342302
9678	-1.2244317346322813
18393	1.2243426044858392
16568	-1.2240770626658888
6489	-1.224076789359578
6477	-1.2239243097695782
60	1.2239154676836788
11089	-1.223631595043647
9508	1.2228535715382907
6818	1.2223519762314679
15677	-1.2221333231806197
6715	1.2220353611864287
529	1.2218521669938525
8616	1.2212115355903184
9596	1.220947035480019
2141	1.220618648656511
5383	1.220611047310356
15550	-1.2200230635971583
11792	-1.2198065337323516
12367	-1.2193317158374317
10388	-1.219289786276229
8516	-1.2184106029603998
13499	-1.2184074767147766
328	1.21836617896911
11391	-1.2174866267840447
1916	1.2174754137928032
7331	-1.21739877110919
5940	-1.217218194155971
7874	-1.2166242654108022
542	1.2165805761009019
11735	1.2164894383596245
12329	-1.2161805159288042
9147	-1.2161217136969613
2392	1.2161062963186668
9766	-1.2159006892288808
12678	-1.2158530684827198
16147	-1.2156202055578667
7579	1.2155209824485365
1926	-1.2154785090491027
14708	-1.2151651044640779
5247	-1.2149145628159146
6351	1.2144316773341979
9990	-1.2139031883947227
5784	-1.2138947645585934
8921	1.2138236313186008
1265	-1.213628515265235
3497	1.2129430416532008
3158	1.2125775947682005
696	1.212305520241441
7627	-1.2118351358001243
9591	1.2117510925738992
4135	1.211729353704436
10830	1.2116416350840151
3765	1.2115553810947162
16317	-1.211418887068802
3320	-1.211268861836303
14259	-1.2110871885376535
2867	1.2108287390168646
78	-1.2107699299208845
12617	-1.209858697104252
9688	1.2094129764888173
11034	-1.209351897231709
15729	-1.2090521065235966
336	-1.2089989048622118
14161	-1.2088230181969823
5482	-1.2087236145326898
5973	1.2085558903968627
6510	1.2084454340086783
15825	-1.207885500661258
9495	1.2076048832292314
3521	-1.2074391403009188
13630	-1.2072690362396499
15930	-1.2072304630999824
14154	-1.2070904324765546
10372	-1.2066801095466444
9025	-1.2063926436517103
2978	1.2063612644743842
12949	1.2062795958187353
12570	-1.2055499501765916
13140	1.2053372020784812
15578	-1.2048060988178115
7597	1.2046759456866782
11736	1.204389960008273
7864	-1.204220261843429
10699	-1.203995474021918
15976	-1.2031030802615184
5534	1.202913536962063
6722	1.2027267330734497
10898	-1.2026243163257224
9905	-1.2020981227328495
2622	1.2014268013254028
11729	-1.2013960773779107
2064	1.201285578964367
6585	-1.2012186047398754
2099	1.201007335841624
1279	-1.2006613751720343
8293	-1.2003649439285098
7702	-1.199827505748649
3936	1.1997960337535503
2672	1.1997091422008128
13172	-1.199607746917685
5858	1.1994152901113848
6099	-1.199232964873177
9300	-1.1989094227525545
1718	-1.1988480590928667
7877	-1.198829666308471
7269	1.1985539603686908
14305	-1.1985390188988054
8997	1.1983334013485316
927	1.19786786918949
15364	-1.19785668272043
11510	-1.1976472349164466
6595	1.1975695578634036
4095	1.1974808336466198
1800	1.1973400158559624
13542	1.1970564948590392
12584	1.1967139305432053
1930	1.1966409240134341
6111	1.196376584892997
12991	-1.1961746520847492
15598	-1.1960920278992002
9845	-1.1958082400893433
626	-1.1956350010926922
10905	1.195555822980818
918	-1.1955537715396567
3305	-1.1954234099522565
12574	-1.1952683140568257
10455	-1.1952596885724818
8673	-1.194992925838754
5388	-1.1948303741799646
5367	1.194750246116488
1974	-1.1946444341024058
2608	-1.1946293451949985
372	1.194509971643938
8902	-1.1942295507233778
11605	-1.1939668317595649
13090	-1.1938900769402316
2826	-1.1931139183655228
11409	1.1921419185946565
1413	1.1921320655292051
13452	-1.1919744126417948
5750	1.191586763455639
730	-1.1914679748700487
1178	1.1914002412194724
1781	-1.1913412560182925
8531	1.1912453488891281
8007	1.190874426067751
14589	-1.190035709568883
4450	1.189618416393169
3760	1.18912847784655
16995	1.189105596902943
1377	-1.1886303183890299
7790	1.1882128352160588
7881	-1.1881707862241282
11059	1.1878220708195941
11882	-1.1877710807423423
7830	-1.186902201875059
5640	1.1868658556023637
9338	1.1867748392697997
5500	-1.186411054458419
8935	1.1858277165821092
7453	-1.185531635762707
6544	-1.185501466552805
13860	-1.1852741767342414
3061	1.1851970840034454
7110	1.1850678547577869
10186	-1.1850404176390004
646	-1.1846022261918203
6194	1.1845355761881766
4983	1.1836866835069482
2084	-1.1835771941066302
436	1.183541398189711
5122	1.183436428304728
15545	-1.182552957149508
6389	-1.1815484835359333
13492	-1.1813633230799516
2912	-1.181345324369668
1381	1.1808258510525835
10366	-1.1798823701437824
5517	1.1798203991538896
8275	-1.1797261031451056
9871	-1.1790515106921726
5279	1.178973608829202
17575	-1.1786681651449378
15905	-1.1783842258357082
7861	1.1781057254008802
12609	-1.177868840630841
7862	1.177583705156914
15177	-1.1772974926064559
13364	-1.1771545441210918
11957	1.1765967322552575
11435	1.1765277033686155
3183	1.1760906307479913
11948	-1.1759686862632697
10079	-1.1757651547301342
5342	-1.17527368480505
9144	-1.1750965309822068
13171	1.1749682006144857
511	1.1745778770503
12598	-1.1745216381903691
7195	-1.1744646693684353
7584	-1.1744240557400432
11565	1.1742258281441977
8998	1.1740458667627593
13932	-1.1739899973382057
11399	-1.1739228606859282
3264	1.173717508588973
1900	1.173661510147419
13143	-1.1736219374560755
12770	-1.1729237914930712
4321	-1.172632943183255
8461	1.172423829166892
8454	1.172318268316161
11669	1.1722962720810437
10038	-1.172195937230701
2614	-1.1721036066996309
8590	1.1720351417551358
11648	-1.1717878680144993
7286	1.1717773662225208
3915	-1.1716260856663512
4148	-1.1715587500461537
5898	-1.1711697309228604
512	1.170911754320091
2493	1.1709100982868632
9610	-1.1707463726456608
9597	-1.1705831889910308
11566	-1.1705679744503386
5166	1.1705052256628456
4264	1.170345362432267
6763	1.1702115611635773
12067	1.1700964930172353
6533	1.1699740265798946
2331	-1.1697212268855355
1804	-1.169704498482302
96	1.1694754468309174
3222	1.1694135906070051
13514	1.169351659072071
8727	-1.1692289148648365
7648	-1.169000505799408
6350	-1.168991165606854
10976	1.168325437618371
7475	1.16810674847882
6270	-1.1678974813361125
321	-1.166062261299678
6360	1.165960241370226
5179	-1.1653784415633877
14028	-1.1653669260093593
16570	1.1650136485491829
9382	-1.1648007529855084
4875	-1.1647302535663686
464	1.164597671645069
12108	1.163822268542772
13297	-1.1635669688907941
5581	1.1635039470006387
7695	-1.1635021861766912
3337	1.1625865849342611
14300	-1.1622479776586874
7759	1.1621213690441814
6525	1.1615878471578625
6976	-1.1614186302457836
10309	1.161218760643824
4531	-1.161008214803309
6717	1.1608447520891774
10235	-1.1607787255264572
5109	-1.1607391083924592
13899	1.1604511582459034
17238	-1.1602139735759671
12288	-1.160017691578694
3610	-1.1599781218765675
9669	1.1591341086585036
10069	-1.1588548085027337
6508	-1.1585868403529112
690	1.1583295620403828
1529	1.158139606702515
9817	-1.1578400938582456
13404	1.1574469485914196
104	1.1570097775854156
14030	1.156896627657558
17486	-1.156534736502629
13718	-1.1561611807549126
2738	1.156044169399975
4121	-1.1559880450496978
5286	-1.1557409840094135
10858	-1.1555783509265802
8707	1.155422867062269
13313	-1.1553529001918947
3599	1.1553107466782573
7350	-1.1550827377508497
6439	-1.1550194387965698
9851	1.1550028277950954
2040	1.1549515362788925
11886	-1.154680973096619
13221	1.1544887822473382
957	1.1543441020962437
11668	-1.1539292691767153
546	1.1537784163468847
12345	-1.1535947662121562
4492	1.153551571918533
11190	1.1520267735201097
6638	1.1513472800866063
7237	-1.150767176251937
13116	-1.1504364782872656
4906	-1.1503862096486652
11494	-1.1502282734367106
8871	-1.149571911707131
11742	-1.1493242687485383
14113	1.1491814023260494
1337	-1.1491045668143163
14604	-1.1487644676724922
6454	-1.1484845550538487
2844	1.1484605124723972
4605	-1.1483962747343697
10412	1.148327711294943
7147	1.1482081539373268
17332	-1.147980186429268
1502	1.1478904717311247
1594	1.1478803076102173
478	-1.1478549864452616
7845	-1.1476692077141766
6975	1.147479360213749
2634	1.1474775343683716
10883	-1.1471716465219097
12150	1.147111920965264
5506	-1.1469494619082934
13805	1.1468930577645036
12310	1.1466826213789465
8114	1.146336924232168
10449	-1.1462385221865237
3132	1.1460114468748062
8488	-1.145454815851217
17304	-1.1454249637367748
3204	1.1450776265348472
11531	-1.144500871721071
13853	1.1439851313779463
8477	-1.1433115008321668
8656	1.1433091887498992
6567	1.1431076256545212
4794	1.1428728895624098
6660	1.142777192127259
6182	1.1426625476233445
5609	1.1426068636110065
13266	-1.1424072133727095
14868	-1.1415927992577366
9297	1.1415208519258373
4482	1.1413983493010538
14804	-1.1412816271249582
1170	1.1408099225270396
11815	-1.1408094219402265
442	-1.1406296946314582
7942	1.140544800473007
8338	-1.1404448422453841
71	1.1403722988105585
4780	1.1399418461126964
12948	-1.139886179790718
7133	-1.1396158534977885
11885	-1.1396107081796618
5199	1.1395802732599212
11279	-1.1395126374181257
1521	-1.139191042777649
4537	1.138657685025283
13290	1.1384901014656033
10923	1.1383463475586693
4168	1.1381019891095068
12242	-1.1381016966079414
6788	-1.1379626767059634
9075	-1.1379130758745395
3197	-1.137843089847417
5618	1.1378430897599192
9605	-1.1376974636151764
15936	1.1376803272359908
3908	-1.1372868688506843
8428	-1.1372610821943192
12642	-1.1372541073499725
12148	-1.1371563152310749
4056	1.1367599835467865
8947	-1.1367217691065952
384	1.1366853264672472
11192	1.1365074284198986
4724	1.136461612910515
12480	-1.136412925334541
8036	1.1363176022989314
10655	1.1361527211251616
9640	1.135682633024553
12685	1.135629150775502
9999	-1.1353961375266008
1505	-1.13489477387735
3875	1.1346251047353106
8651	-1.1345360233985429
3660	1.134530988868839
8397	1.1340405459904628
6547	1.1337256006961758
11553	-1.133643944729871
2155	-1.1334400431181502
15319	-1.1322557489288105
9096	-1.1322343998709787
11376	-1.1322261015893134
8832	-1.1321899169993705
8964	-1.132023163440172
3266	-1.1313610395020344
6331	-1.1313542999658113
7427	-1.131315884806527
7728	1.1312680426315211
1545	-1.1312609258519717
5951	1.1312163857208097
11016	1.1311911605520983
7860	1.1309842141788637
13108	1.1307981133696718
6673	-1.130665488212813
12964	1.1306576778716602
8297	-1.1301226185074502
11204	1.130003739417944
4081	1.1299940364519163
15566	1.1298605764465186
3750	-1.1297614591686582
12124	1.1296142615574212
1743	1.1295502141195717
13788	-1.1294574244335942
10837	1.129260981726205
6594	1.1289767577131906
3065	1.1287981638523203
186	1.1287049927018602
234	1.1286849957516718
2330	1.1283819321108444
14426	1.128184263617689
4744	-1.1277500740164081
5208	-1.1277344881533584
8701	1.1274274827926742
1239	-1.1273696678647998
8857	-1.1272571180555673
16629	1.127245980511118
6286	-1.1271300806711941
10615	-1.1269185114618816
12283	1.1266376182793432
14718	1.1263611959751396
13151	-1.1260270848503666
237	1.1260212539041556
2123	1.1258075332279947
9690	-1.1255281040458562
3196	-1.1253970986071218
10547	-1.1248637738333116
13931	-1.1244449353238624
2114	1.1238287089110381
14525	1.1237510512607518
2741	1.123555844913298
5292	1.1233374074832998
5018	-1.1229795341059112
9728	-1.1228900210166135
14898	-1.122871231927102
13510	-1.1228276308558303
8238	1.1227837479543479
13898	1.1227775860681977
9613	1.1225050555617602
2080	1.1223451257271557
5082	1.12232787630479
10692	-1.1220566476953653
11739	-1.1219421817419706
3991	-1.1218660083837027
14743	-1.1215849962104172
9162	1.1211465192294285
2306	1.1210247622858247
632	-1.120956301395735
658	1.1204238112131268
4439	-1.1199522717596428
6047	-1.1197476990937862
7953	-1.1194913447198689
11734	1.1194809726148502
3900	-1.1193541162281784
10567	1.1192523234823233
7536	1.1190459056735793
18069	-1.1182497986412683
11240	-1.1181443152624801
9430	1.1177221736153933
7492	1.1175352545016208
11824	-1.1175289406195112
7797	1.1174104777851912
10660	-1.117379374170527
10724	1.1171011686801895
12078	-1.1170790461427762
10407	1.1165016787759154
4045	1.1164808960250598
13209	-1.1154646963932282
8893	-1.1153274673794058
13196	1.115155972433837
5553	-1.1150785636841245
9964	-1.1149335622085732
13617	-1.114929373579782
9589	-1.1149209488651732
4800	-1.1149080291972575
2317	1.114887503444346
4665	1.1147902960863982
14851	1.1147659562156793
13906	-1.1142561291805047
11627	-1.1141584171637262
5117	1.1137431508901785
5443	1.1135338939546058
6007	-1.1135124096595017
10864	-1.1133275403482357
3078	1.1129606964837402
11419	-1.1127586364352176
1216	1.1127246427971507
15121	-1.1123514748350278
12787	-1.1123473938506188
10229	-1.1122979834173634
1290	1.1122885384605457
11860	-1.1114106309600569
6929	-1.111398495367538
5079	1.111342207449553
1763	-1.1112312499481027
10180	1.1111924187392572
12687	-1.1108972262844925
1645	1.1106221711662996
12558	-1.1106012358380075
2819	1.1105095337009168
11388	1.1104651887404386
11814	-1.1104407459414896
4560	-1.1102807587547645
8273	-1.1101021437733547
13293	1.1100329064887813
6852	1.110024619744953
1247	1.109996155366141
11820	-1.1099200775056086
3293	-1.1098617887685138
13325	1.1097350982890475
7375	1.109081692126255
6641	-1.1090706858976198
6785	1.1089536865485787
1672	1.1088333756249549
11651	-1.1082108307294947
15398	-1.1081129357025477
3564	1.1078709832023215
12783	-1.107616186806802
11732	-1.1070187026811988
2280	-1.1069329543697304
8489	-1.1069011276666245
14292	-1.1067939619340805
7247	-1.1066420419889624
2016	-1.1066420354333926
4259	-1.1064842132907877
5920	1.1064005372706662
14220	-1.106242440171837
5837	1.1061671124602972
685	1.1060358298194934
8528	1.1059187105070796
7697	-1.1057392947729072
16530	1.1054001718800184
6107	1.1052386765345865
16708	-1.1050254443718828
5014	1.1048038418420314
3268	-1.1046226859969774
2749	1.1044922816399638
3215	1.104350843336373
8761	-1.1040102899801223
5242	-1.103819174282223
4757	-1.1036473819993113
14738	-1.103121515261977
13927	-1.1030186676574356
6853	-1.1028747054981756
4646	1.102722143581796
8585	1.1024930851280996
14710	-1.102478484303657
2913	-1.1020961720085394
1383	-1.101800779221549
15149	-1.1015934212183336
15072	1.1012994089162076
10004	1.1012630286325111
2350	-1.101157781647838
10563	-1.1011151290819337
6894	1.1010861657316993
2625	-1.10098448478738
6906	-1.1005915180641397
2889	-1.100321475244772
2067	-1.1000449520409048
9892	1.0996446024035686
2616	1.0990254164540552
15198	-1.0989195134767225
13043	-1.0988409399243282
12758	1.0987694519793774
5851	-1.0986832614045972
10665	-1.098259121324945
13341	1.0979854265656988
7198	-1.0977323106500858
8032	1.0975941288468578
7309	1.0975388485061532
3031	-1.097147912901503
11397	-1.0968537922174117
682	1.0967424171305622
8150	-1.0961520665453408
14177	-1.096043385520043
1576	-1.095949981447551
8583	1.0958772624356596
13378	1.0958186711800892
11557	-1.0957647236678196
11884	-1.0957447633689692
9340	1.0954847561262657
12911	1.0944824066264225
10286	-1.0940548527824778
8354	1.093897831081346
6467	1.0936518310764225
10645	1.0933181940136076
13305	-1.0932368317775683
13420	-1.0930095100454713
5260	1.0928683635873226
13712	-1.0928595900616027
868	1.0927225071510913
4115	1.0925501497518944
8886	1.092519470147334
585	-1.0924667351749784
6087	-1.0924151890907752
4144	-1.091860235286288
4915	1.0916978716786616
4064	1.0915340463113723
10126	-1.0913416114225836
1904	-1.0913356435213353
2670	1.0912752194288236
14858	-1.0912345275615816
2598	1.091086051249144
3718	1.0909807200722599
6386	1.0909203420694682
13956	-1.090845388147013
21708	1.090699189693194
5720	-1.090667282941237
14392	-1.090553350925192
14462	1.090478035817575
6721	1.0902865591077535
9647	1.089738305064849
3869	1.089298859992057
6215	1.0891228748095867
2091	1.088852062890008
10681	-1.088622517232009
12299	-1.088466691734448
7642	1.0882246704622955
9342	-1.0880984950760169
9682	-1.0880693463959665
14146	-1.0879951818199238
4939	1.0879851689074407
14364	-1.0878252243489888
12244	-1.08733473427683
11574	-1.0872120961510314
8444	1.0871273233824417
12258	-1.086873879052104
4792	-1.0868256674185366
8484	1.0865534500810472
2006	1.0859985214324526
197	-1.0859824801480347
5356	-1.0859275069394547
5362	-1.0851670704694145
11932	1.0849017121945275
2365	1.0848248832284886
3585	-1.0840864938446406
7684	1.083880427356102
5860	-1.083348438879831
4415	-1.083214614346157
6388	1.0828466762015103
6754	-1.0828035430033722
2813	1.0827541154588
6274	-1.0824913137278087
14440	-1.082384592907006
5910	-1.082379992479317
12152	-1.0822000700915735
1083	1.0821998129481294
9089	-1.0820983714612606
1796	1.0817813234450924
10383	1.0817227893102594
7673	1.081399157599841
177	-1.0813682300281744
12	-1.081265997501076
9443	-1.081173206196455
4895	1.0807557704213466
11550	1.0806682310635505
9029	-1.0805060599981746
11053	-1.0801027419121767
14432	-1.079949951689405
3963	1.079302358844023
3899	-1.0792978112544993
6031	1.0792892428250147
9563	1.0788873789552464
2751	1.0787633927707512
14264	-1.0787616126986588
7011	1.0784732865544624
8147	-1.0782596735367382
5780	-1.0781537868775612
3614	1.0780391604842554
13698	-1.0780056712268458
6932	-1.0778983098863086
4719	1.0778640826485757
2098	1.0777395446277556
1524	-1.0774558861085939
2993	-1.077380615272843
5528	1.0773658200470124
14157	1.077342987269495
11987	1.077284588734047
11784	1.077268120824963
9546	1.076722875818339
2557	1.076578579535903
2010	1.076556750284299
11572	-1.0762190072713815
2660	1.0760170892292396
9233	-1.0759792682095466
13668	1.075943684238774
4267	-1.0759139661870016
8260	1.0758527285680761
11509	1.0758468910725185
11947	-1.0753426896568263
10754	-1.0750490302803104
213	1.0744605780828973
3345	-1.0739451475727935
15103	-1.0739100977284821
4848	1.073788384184218
11275	-1.0732989843976688
11361	-1.0732856524084513
14399	-1.0732526183798403
6462	-1.0731530398706939
8066	-1.0729703886978277
9539	1.07288369556002
2283	1.0722566698030938
15019	-1.072088517125565
12632	-1.0719897106864371
5115	1.071755980311263
2462	1.0715061632155753
3118	1.071462983818252
12581	-1.0714111673688786
862	-1.0709546596970547
4220	1.0708133129467856
11448	1.070520079464605
14799	-1.0700200267344258
8043	1.069993001654243
11599	-1.0698482444067672
9801	1.0697784989707526
6674	-1.0696317082899949
5155	-1.069363360958732
11802	-1.0693373843969691
10082	-1.0682705739533127
4863	-1.0678393512613213
7498	-1.0673519435769878
16801	1.067223411466289
12004	-1.0669734201224923
500	1.0664543176047188
4031	-1.0664489296952122
4303	1.0664375835557507
16033	-1.0663235126100363
3668	-1.0659513269373109
5771	1.0659427893206261
6300	-1.0658238418022483
130	1.0654632352699094
3116	1.0652384260834784
9643	-1.065220870608856
851	-1.06509378487872
12048	1.0650656681109776
10576	1.0636177775177709
5884	1.0634130787667857
5009	1.0633953588907126
13677	-1.0632065073051522
5002	1.0629487646582114
3400	1.0623830272180486
12213	-1.0623720692952452
8196	1.0618156565231942
6002	1.061726986392711
11711	-1.0615595336131687
9751	-1.0614743061921637
1482	1.0613706767536528
12234	1.0612009616247426
6736	1.0607616497456136
12846	-1.0606625042387179
8905	-1.0605134028406795
7365	-1.0603681521009434
6266	1.059985261553952
11561	1.059956668012757
9696	-1.0598344596042224
9131	1.059742266615014
1958	1.059673518327827
10651	-1.0596459177394044
4734	1.0595097373207496
11441	-1.0594771660093047
17313	-1.059384146701348
117	-1.0593732816438872
14098	-1.059293556459873
12792	1.0592096318229665
14599	-1.058893754644799
8028	-1.058887345466544
5854	-1.0582754708625053
11731	1.0582526489899011
3783	1.0581771300854266
8395	-1.0580639714843227
7829	-1.0579312086183306
7827	1.0574584054084504
11615	-1.057386098962505
4059	1.057373790266515
14748	1.0571372989782073
1339	1.057056205495397
7762	1.0569884128021592
5142	1.0569096169683048
8367	1.0565261157585766
9850	-1.0563031748881722
8793	1.0556545270492055
11938	1.0546444058361817
1749	1.054523983500319
9828	-1.0544614915856103
4566	-1.0539585891437855
6460	-1.0539453158802181
6385	1.0537413570480296
14511	1.053546782076676
11474	1.053399325831917
7515	-1.0531139128761047
7381	1.0530320344692836
7019	1.0529977431275634
12816	-1.0526434302733667
6624	1.0526329229268279
7918	1.052442999492282
259	1.0517765780905854
9345	-1.0517645720464044
14445	-1.0515733532181961
6024	1.051527408305117
11834	1.0509824013591325
10381	1.0508123578606803
8872	-1.050772169550394
10233	1.0505805596547544
5744	1.0505691448713255
8267	1.0504324042935242
6602	-1.0502049824233501
8765	1.0501813377796998
10208	1.0501606303730737
110	1.04988698877063
14539	-1.0498662706028756
7598	1.04959044813877
13955	1.0494698365638362
1134	1.0491789921212424
6617	-1.04912640365679
13620	-1.048794944818263
59	1.0486890074101811
8556	1.04858824864878
4210	1.0484235742383508
6367	-1.0483057354115892
4884	-1.048252249991099
6757	-1.0482376621835376
13520	1.0476429342549038
14255	1.0471219175262727
2815	-1.047093557532406
7087	-1.0468277355780509
3586	1.0468233792988286
11178	1.0462748878545431
7053	1.0462281100789352
5176	1.0461720821100617
5962	1.046009897614105
9217	1.045909477654935
10194	1.0457659513001123
10327	-1.045512836323681
673	1.0452492210996165
3838	-1.0449796752079352
802	1.0449297148025878
12170	1.0444574495096333
2903	-1.043922511984415
9042	-1.0438303630736518
3709	1.043803975694753
9874	-1.0436962628961972
10698	1.0431779611634788
14935	-1.0430950134737074
5730	-1.0430591193026306
2538	1.0429626678566994
1063	-1.042466169707316
3967	1.0422936412861923
11130	1.0420615684873216
3842	-1.041941948949627
1490	-1.0413034431364623
12702	1.0412571052114084
2147	1.041168650904356
4911	-1.040475750234657
9865	-1.040425218930506
16465	-1.0403926392769078
5974	1.0402341351082856
15096	1.040221847602618
4258	-1.0401169228518554
13042	1.040006674445228
4568	-1.0394244056364637
1811	-1.0392881668639464
6008	1.0383424373916657
7936	-1.0383266318984359
823	-1.0382650676084522
3955	1.0381367982757521
9039	-1.0379670134194334
13703	1.0377920822376219
5134	1.0377368701370837
202	1.0372828481841863
4881	1.0372709299109717
8483	-1.0370507491418828
3104	-1.0369965770143954
1726	1.0368934245916797
42	1.0368162010901962
7682	1.0362310671090569
6655	1.0359380804701461
11443	1.0357077268835853
7965	1.035653140451082
12891	-1.0355178372969145
14223	1.0355141464566497
10468	-1.0350353069459721
6796	-1.0346531649061748
2237	1.0345580441039413
13790	1.034465034177846
12612	-1.0344268296383152
5033	1.0343627952893941
1045	1.0342150478047187
7929	1.0339353800084026
9590	-1.0335554021668727
11043	-1.0334605647871487
11880	-1.0330823625994454
1909	-1.033064925986551
11327	-1.0327060489308137
3507	-1.0325224127894863
9524	1.0324258290898403
4393	-1.0323362042802087
9944	1.0321459910080613
3866	1.0320678759935473
12965	-1.0318219663427806
8302	-1.0316460438221133
12824	1.0313694269089615
1421	-1.0313439624796847
9849	-1.0307148422832477
5030	1.0304252746076126
2377	-1.0302294186906007
5048	-1.0300717092991403
13087	-1.0297805837867853
6506	-1.029756016511938
8667	1.0297166668774589
786	-1.0296303899806132
10303	1.0294664721940434
12913	1.0294621013867786
2518	1.029375001351992
11839	-1.0293708715178949
3228	1.0293068883654828
4489	1.0292398439152202
2425	1.0290533947140585
12096	-1.0285796485927357
3591	1.0282207843046465
7282	1.0280257856246955
7981	1.0277322498706087
10840	1.0272407137827118
1193	1.0270281891347248
6682	-1.0269524528558807
2214	1.0266362057698413
6934	-1.0262055851231946
2043	1.0261654172527537
5794	1.0260916597597707
13047	-1.0259836757942904
3058	-1.0258546388838625
4556	1.0257896340359685
9807	1.025627400224041
612	1.0253532788174544
7003	-1.0253237825817267
3169	1.0252136726562884
1785	-1.0251970698671484
8587	-1.0248402038218882
9946	1.0247893317795729
3117	1.024753484802329
11028	-1.0246076212220097
4974	1.024416085405735
6745	-1.0244081262147875
9593	-1.0243398948520523
13604	-1.0242527515215505
6718	1.0240467449588364
7707	-1.0239046372601799
16183	-1.0238279505883237
143	1.02362001526416
7531	-1.0232901863611388
3042	1.0232094470984416
689	-1.0231709672527074
7715	-1.0230660910093734
12203	-1.0230079591024377
8729	1.022734543739833
15419	1.022346999904759
12504	1.022150508807629
11160	-1.0220752399455966
7654	-1.0219809828948538
5823	-1.021880197220967
7347	-1.0216942016432304
11056	1.0215597502129317
1925	1.021525663155057
1108	1.0213483815333957
10752	-1.0209803688115342
11776	1.020834318576821
6249	1.0202606925302349
5468	1.01995205306047
8965	1.0198737944529954
4299	1.0194286423502465
2258	-1.0194204360940389
14149	1.0194064761166097
12169	-1.0193428752082252
10755	1.0188628637930024
7078	-1.018808241407856
15228	1.0182956422499327
5904	1.0181114447961557
16043	-1.0178658011319826
5133	1.0177076220790306
2877	1.0176884171838403
12275	1.0176363112682432
13535	-1.0175934444688395
7034	1.017519449249025
2130	1.0174851837018806
6990	1.017453481243527
12534	1.0171474520857713
11534	-1.0168943816714018
4698	-1.016828518894401
2025	1.0162203600984314
14078	-1.0157400956731415
9109	-1.0149212198734816
12354	1.0148246491914241
1040	1.0146897832676578
2645	1.0146026434919795
12486	-1.0145992672268742
8678	-1.0145899757921892
10814	-1.0144901622733153
1252	1.0139906841296331
7382	-1.0135674502614533
5812	-1.0134556974865219
1320	1.013410614109528
6035	1.013243417664644
13704	-1.013087280386559
11610	1.0126312195539926
11213	-1.0123167990476487
225	-1.0121559544999723
12012	1.0121507513003372
3002	1.012124220087701
10045	-1.0118577628648382
8094	-1.0117974577629958
1777	1.011740614077693
13218	-1.011729199850479
745	1.011062412179627
10117	-1.010791747939065
11633	1.0107900445499678
10562	-1.0103916753376254
8	-1.0103327006393734
6579	-1.0102754377502936
5046	-1.0102131174706577
2855	-1.0101849522561834
5997	1.009499493489189
8486	-1.0094478117397785
12817	-1.0093755575084868
13460	-1.0090601503618912
10318	1.0090419124136158
9852	-1.0090263020178154
5180	1.0079162811769982
1419	1.0077237584175458
10932	1.0074415433818071
7910	1.007351625488637
7998	-1.0072910548972482
4078	-1.0071423836637234
1885	1.0070155695923475
2187	1.0067758443340364
2026	1.006490551506569
7486	1.0062570952647356
9583	-1.0060348010086313
11691	-1.0056723015742972
4676	1.0054324542158057
1043	-1.0051962775936727
12424	-1.0050547134100911
6851	1.0047570044342324
7689	1.0047558649264146
8235	1.0041257015910132
4442	1.0036954146198904
1407	-1.003668602943842
13519	-1.0035692614891256
8359	-1.003350904563996
11220	1.0033063899725785
11687	-1.003282436657265
14550	-1.0031632609635528
6750	1.003121746714222
322	1.0029749659674083
10289	1.0029614891701575
5606	-1.0028112651884726
3269	1.0027282774048671
1994	1.0024509400103865
8165	-1.0022861841791664
355	-1.0019075293393302
11795	-1.001809415553195
11079	1.0017547897209935
1780	-1.0010293857590884
5604	1.000706229389413
12065	-1.0005530543326986
13438	1.0004563800747797
4133	-1.0003758912070555
12255	1.0003569588577068
