gene_id,log2FoldChange
10964,-4.379814360783501
91156,7.656683783558845
3437,-4.389247029084828
3434,-6.354169051892947
9066,3.551582263075268
4312,6.840044231736242
4939,-4.78485230337077
4495,7.39771911695725
9173,5.296438655992901
4599,-3.570847985608142
55601,-3.6376947887938735
54443,-5.350809136810377
7153,-5.297182407047847
4319,4.564414356566834
151887,-3.37060164777307
10561,-3.9355614110087136
162514,4.485529670345676
4084,3.2170972839923
1063,-4.669666701434321
4600,-6.32184122673824
6422,-3.660058553384144
891,-3.520303445672824
3925,-2.885401124809187
4688,3.986404901806079
5159,-5.618483764311264
3099,2.630098565326413
6772,-2.3519412788150893
6703,5.328207004653577
4288,-5.3928745291851135
8878,3.804163504078757
7070,-6.670025358716068
57493,-2.6154212125808254
3598,6.545040352264263
23586,-2.486789465265287
22996,4.412997623173604
991,-3.8874741576419463
4494,6.215660811287022
1282,-5.122375888944424
9914,3.6365455622315537
10397,2.77914180847538
1293,-4.461320035428502
55008,-3.003325583482651
2525,3.703943169345918
1649,4.627477147782453
55301,6.535902960587686
54854,5.454444647743067
93145,-4.903939008014751
4501,3.9558262786658327
639,2.6643731661316226
3309,3.799656400089188
22974,-3.096804789684548
7378,2.772693850045359
54739,-3.670948577244373
645687,3.3827980491071026
7718,4.852209049470951
9572,3.025509477401604
1289,-3.7368297299804585
1295,-4.577841551076032
219285,-3.1680585407854367
80157,2.879531291641736
9055,-2.955320611287372
83666,-2.1483125600727724
259266,-4.783478662077609
130367,3.0738546360851364
23645,2.869412045678661
285973,4.656973848304074
54210,7.078552706221897
9518,3.474096966403225
10346,-2.4671521601805044
26585,-3.620387635197449
1290,-3.72766312556276
8519,-2.913400849526868
2495,2.3881383904220472
699,-4.493440440932944
1903,-3.5170780885354795
26471,2.62243428092197
9636,-3.1078089450727977
6502,-3.031484626810534
283987,7.811660616597998
26508,-5.933690842841667
330,3.6528158493866254
221584,5.0207257489525325
9493,-3.105165737190353
9315,-3.473916584525534
1303,-2.732290319357223
6241,-5.59679873520572
100506658,4.579544189940506
1634,-3.8484561907050345
3838,-1.985011491495848
1292,-3.557942996115224
4496,10.10480120596159
6515,2.579236419270585
347902,-2.67293744293024
84447,2.3153712625258973
80781,-4.42366370769856
50509,-7.534252701925545
6678,-3.3242468156373506
1366,2.954753454636849
57221,4.431214537120965
9824,-3.628461049242789
399665,3.2006680634876603
51056,-2.2185231771805385
100506621,-4.06673930325237
57082,-4.403769235844883
1326,3.294223887131519
1062,-3.263669137433991
56666,3.745564857613249
94240,-4.063023005748706
50863,-2.516900691326095
1278,-4.271108330892745
116496,3.3562182979461697
983,-5.150902379195812
56832,-4.4346146093475936
6672,-1.8809527482006885
10417,-4.541350447018197
10625,-2.31116910236675
3775,2.521675941695774
7272,-4.629712420338735
80223,2.413498572528828
3162,4.1168133719956215
81035,-4.946081192784524
2673,2.95890378815611
3676,-4.167374546057883
128218,5.363800759949744
3570,2.560496577144414
6523,4.811320540447568
701,-4.710627502100824
1992,2.9145824331029293
5010,-4.200078124799746
467,4.501622007715537
11113,-4.346060075782481
5983,-3.278712888223107
79094,2.704315264481213
1999,4.16018914010768
9601,2.9041148199831346
2512,2.439549941024822
1839,2.877661584017648
4172,-2.1832715734986325
65009,2.97095940980868
204219,2.366607785278985
1364,3.852552797238303
7873,2.3532217907085604
64078,3.748597244306072
9547,-5.8172351749186495
30001,1.8588740516409588
2886,2.990007745544774
10528,-1.8921256354331577
27075,2.9740880691593263
8535,2.7727782761932467
11174,-3.039361675847815
684,-3.1664805531997877
2335,-2.6670537480366128
128239,-3.329950712114912
4500,3.306294630651367
633,-2.761575578299312
3075,-2.9088782277705225
22801,-3.2894125148084394
123,3.1875610444885587
147495,-4.390933629614359
3431,-3.00881430346462
9319,-3.575655021620974
5118,-3.4307542709578205
11015,2.144776560072676
5603,1.9180618195402492
5909,3.68094489445991
3161,-4.656482951492206
84627,-3.318947439151585
11004,-3.8704147875479102
384,2.6008229057557424
120224,3.3680342104865906
150468,-4.487435034167068
9787,-5.309645076596847
10525,2.4910433007444017
9619,3.226025789393632
3037,-4.022300893331444
4691,-1.5091629989969486
3833,-3.925591553155618
219,-2.6387014408715315
9709,3.31169589092081
91351,-2.339257137225455
7184,2.829734484126228
81792,-6.8282871994422125
4052,-2.130132428047934
9221,-1.7267810143067646
81831,-2.002023236512805
284348,3.72856748032007
1645,4.491673088799462
9133,-3.620545383473951
9928,-3.7664726365757257
84803,4.552883618190919
55215,-2.380673789778802
10112,-5.690307622366651
113157,3.330702317669032
64151,-5.014560158238071
4938,-2.631548377838873
83872,-3.909927272233486
51099,2.116903474823823
79801,-3.471433137576762
37,1.5822094589730715
10606,-1.8541044943403329
4001,-3.609145209180284
4189,3.705261790152666
2621,-2.850973163718171
165,-2.893022853410613
57761,2.27664130792072
57574,-3.109078856112805
22874,2.838398445157272
55165,-4.830362265232956
196264,2.59001931489943
7045,-3.046504009505347
2687,-3.670162569647051
1300,-4.469959960784805
5396,-3.9165130972922473
55323,2.5076463090532197
11153,3.603628003949544
29127,-2.136939712594245
25805,3.296709426304918
286343,2.7042002436898662
3490,-2.7299096069941173
118932,4.064306366240786
119548,2.757081063558698
7422,1.5496263736419238
6432,-1.7382548518547494
1490,-3.69984766404726
6909,-3.383266653581315
4060,-5.459107381571272
10957,2.0291461118807423
83879,-3.77852456320834
10123,-2.038889515685717
123606,2.076583306565136
4645,2.7954066155920057
11065,-4.398742583355928
84659,2.670881301761176
81624,-2.7936125372617595
23199,1.7170672011296255
54845,2.330968977153681
54908,-2.3890153733559427
7538,2.098972388904421
2202,-3.90484205036317
81631,2.686804778336702
27346,-3.5773512841382797
80853,1.9586444389736388
4085,-3.384052324002241
146439,3.1240572650533918
80078,4.020454734088544
92689,1.703782963882046
57458,1.898439232143253
8408,2.097464137219057
55055,-2.0086337552290563
195814,3.173641487064073
54836,4.818242554743562
9227,3.868030790650236
51232,-2.0165243883728787
2065,1.944218989641404
113130,-3.803478617528657
10468,-3.231744782959868
9846,2.7324032987125277
54676,2.001077144018547
4925,2.800981936005839
3663,3.23182875967815
5796,-1.3817175749630286
2081,2.295912843479851
23221,-2.1835118574012062
3910,-5.419192606845278
55771,-3.329506995301018
144501,3.6257035957905215
10263,2.4181808915156107
120071,-3.106422431908649
84883,2.7387756795813862
81610,-4.077148821608489
26154,2.265240848429948
83850,3.413283403145289
800,-2.223175280896349
9585,-2.7855866125288444
390928,5.338664465546837
1534,1.905852808351236
9734,2.6461524766393074
4232,-2.5154338461789347
55752,-2.3602829634041904
5069,-2.877979839978688
7169,-2.3608616128700066
3491,-2.9246809996613754
7780,8.29530988031137
332,-5.480192808261427
10867,-2.686632617681707
10885,-2.016326204121885
8038,-3.3026213456275344
3772,-2.903595739300814
6240,-1.8248798679740912
79993,2.546737741836252
448834,4.652145363930692
7306,-4.111506966649857
26503,2.054680611022162
201294,3.392043077795748
25929,-2.199627115284915
54892,-2.5616243823462304
91614,-2.9870836873066966
55355,-5.659952903254123
5036,-1.7527201623295925
92359,2.836051300094467
7035,-3.1806374647497413
23753,2.80591111393221
79153,3.2892005145255543
445,1.914506421758145
5142,-4.185115089867455
79817,-3.500899786809528
23129,-3.155733329091181
10135,2.104830380285935
25960,-3.0956655366811887
7474,-2.8081433480325364
79174,2.299784912727967
2200,-2.3368206642071048
11167,-2.056529098497709
1646,3.4957082672966675
1736,-1.5381838378978272
80114,-3.2228826927485965
144406,-2.567679448432828
24137,-4.558551869735702
7168,-2.253419829574681
54517,-1.9039044293128364
85407,-4.720048364489004
2872,2.056400741417624
220042,-5.538923989117702
4097,1.9571159259778808
4522,-1.892446212872419
22943,-3.4058964811456103
1434,-1.6483883375887445
7779,2.2278490465544
9414,1.742851455137591
84418,1.9742023519785417
27122,-2.6216291477016767
114907,3.046472474206023
4133,3.151494301143457
81607,3.0710193495170004
10721,-4.419150308607062
23397,-5.229354122687309
284371,1.8648195264896068
9510,-2.018224974605462
55106,-2.384108323918035
4175,-2.0587000593079696
3945,-1.4688208938437133
10460,-2.032086887059437
123879,1.87731100101655
10398,-2.417896875387832
22891,2.553238648272128
2049,2.708438899393838
10630,-2.8230423001970344
83719,2.167875439760207
55872,-5.134816922245911
2305,-3.355180229690027
1410,2.8526883957156848
55062,2.2675320172565385
3667,-2.132189997894086
57823,2.2022119108311937
4173,-1.7647406848470284
1306,-2.9448083867429427
154796,-3.700946463139312
2633,-3.2472641594338456
5097,2.852580693152086
55534,2.5162140275074565
29926,1.7014491070416355
9903,1.719525443391603
2201,-1.7082906303600949
7443,-2.4169232618298966
7048,-1.776484245559439
100463486,2.4939873675522786
3835,-2.297394847520765
3694,-2.159853434525401
84000,3.986489182458576
6891,-1.51525106217674
23704,-2.682884687512304
79924,2.3536234335103328
78987,2.1661254570729835
54842,2.273169947515096
54821,-4.572014676445761
6482,1.7997201378631242
56937,-1.9149460199040744
6059,-1.5882846247747402
1305,-5.159181421925939
90627,-2.4406643218958086
3310,6.862813590936494
5270,-1.343940700921066
57162,1.6519938434860924
56938,1.4260647833126368
51514,-4.785960477111655
5111,-1.7461965404091917
255394,2.769447289874144
163259,2.03801164802216
25878,-4.033529336506067
10733,-3.183343933166137
1514,1.6318302268903562
10403,-4.246816480908986
8607,-1.6910631344239222
2180,1.4956990001195618
4072,3.5702475430340184
83667,1.9064097192318363
4313,-2.6189878869909977
10331,2.495407532865772
6790,-2.59214508387278
2710,3.1566269106351954
55706,-1.770321904122958
1164,-2.217136279858489
1277,-5.366730610251444
22885,1.400337343997604
857,-3.196775453580113
51421,-1.6889568797904004
4605,-5.255543224609479
114569,1.7634598533396235
344887,3.217161991494553
90701,2.558836668404507
301,1.73899867215383
23310,-1.845979967707548
115701,-2.614903845426147
2175,-3.164114110190912
4864,1.448036725578505
4837,-2.457783254266747
87178,-1.7990425175340574
64127,2.590920083113186
63967,-3.967400235493317
5025,2.304696169884099
55157,-1.6297936336900063
79772,2.283876187360796
200958,3.4084314984952835
2491,-3.669720122498165
84513,2.167572897653351
10019,-2.087349807722938
8347,2.925195766528298
3832,-3.2583757614498485
672,-2.257970211100993
63876,-4.123555889735989
9762,1.991163077176164
27316,-1.426117014684102
80315,2.113007901378943
162989,1.825690681734092
10221,1.623590291432863
27340,-1.931564195990296
84707,2.9743895865006538
83990,-3.86613282686979
8714,1.8365437920002887
1009,-2.9527662608502743
91445,2.045252200720677
57124,-7.215077620499187
5744,-1.9424603846876007
157313,-2.468540532336353
23612,1.764857154206854
57181,-2.6625276556527213
143662,2.9464929962471413
5213,-1.762049906806063
6364,3.090458577840739
6591,-2.196377700586898
3430,-2.259090305172038
60436,-2.533664932045823
29995,-3.468346302852227
5176,-2.2436685939798764
79958,2.0790060163773445
2745,1.6760673389765546
1503,-2.217743795182383
283991,1.8823387699759209
10631,-3.458363075908547
10085,-2.799799779979496
59344,2.8482826842864424
4940,-2.131448961714061
27074,3.409809909734172
90993,-2.7240833694036843
222,3.327793500519829
81502,1.6916113011575813
26353,2.847874574640209
94031,-4.704188598677925
8339,3.34933123986282
4499,6.463184547138801
130574,-2.5998185060131
8334,2.5165420607383324
7127,1.837341651709412
5591,-1.3934288871721392
9289,1.868830651559936
7078,-2.321960332269182
9771,2.121248748108928
2086,1.9338263381373255
11130,-3.289338135325372
113,1.7264814138672933
127544,1.5128464986951224
11010,-2.7116707624747765
5292,1.780600630614552
501,-1.7352231954070367
24138,-2.0328207107850016
6286,3.368692091297337
1281,-5.998204498547767
100505994,5.510795123357317
6320,-2.5178926130243475
51435,-4.203303610206945
3399,-2.448152839346179
50618,1.5705047736328874
4771,-1.695966007605879
55561,1.8143490091310888
953,-1.928154737104612
7869,2.0455266124653444
153020,4.665449730210516
3146,-1.72754900950782
29841,2.958445920478828
57530,2.86911782388337
2537,-1.761897994096358
831,1.277138489677354
5782,1.382629659766585
51393,-2.63148388834867
83593,2.1241631850267004
79828,-1.863629467496968
55635,-4.047764389993293
8976,1.7944406985268142
27154,1.5635295753037015
5168,-3.850940932876457
5238,2.173065682650213
6785,2.2192917529969467
25849,6.300561153963413
5654,-2.257553171689485
51127,2.624481441345106
3656,1.9985976972267012
144132,1.8391619104531491
55844,1.4139449171974818
6520,1.5845586849668516
81930,-3.4829934764881947
4493,2.046350794451705
4253,2.139444636155121
5352,-1.7219626993944668
146880,1.813289288565423
163782,-3.8044988803641417
9663,1.695236183529723
11198,-1.302858303932278
28969,-1.948739021649548
10626,1.4263618603019497
55143,-2.993389254787935
54809,-1.6371239283673842
4678,-1.6323102007742425
202333,3.572852793643759
26289,-3.15511174841962
10615,-2.1930465358262645
29948,3.0940193793853905
9088,-4.774966884684383
7296,2.459916957373252
340481,1.9007697302856603
26298,1.5028032462700642
6338,4.031721924772513
4862,1.4538475787131164
55715,1.583454463559123
8828,-1.882195192795277
84875,-1.62683432393539
3912,-2.4417132151530865
9212,-4.594941833730398
169611,-3.3838469186841564
2177,-2.6226037122694805
105377622,3.886959654326915
2752,-2.149073940258689
10391,2.7021438558068422
1373,-1.6323970109451291
22795,-2.1667975496046354
5646,2.495500942523866
8076,-2.839246494821928
968,2.1336397077682734
56919,-1.317964045055755
10592,-1.539252793808432
27071,1.9620491608441348
100129550,2.1441601152408705
2729,2.7238581639642523
51512,-3.819154216313818
2191,-2.684461901891652
11096,-4.63445564964933
202915,2.8135592970507104
4061,-2.341510796088626
2149,-2.00065512858108
837,1.2911891325777245
2801,1.2569805546028814
9649,3.280908191327322
3690,-2.450722223381557
84804,2.1361666121152365
5570,2.3804227031938026
84981,1.3538633246736185
8507,-2.643600253819144
6507,-2.65123637125762
5017,3.385450989949716
7076,1.972994443776467
1123,-3.0555789076299527
11320,3.2872930199594856
29128,-3.033729235769099
8914,-1.93788675508344
5493,2.494053876938422
2022,-2.50533932509264
6949,-2.3429779480100894
57486,-1.426921122023891
10079,1.483242499006167
1476,2.4391079736101173
64425,-1.918126307707028
5738,-1.784512319237226
4747,-1.7670217769424452
23195,-1.564310522065667
10576,-1.2410524426452034
641,-4.005365531859246
9837,-2.867271127887014
4792,1.5265439377165722
85480,4.200981412641372
29982,1.7469293720775425
56977,2.734417239186619
8227,1.546740474799352
84525,2.4965961409191784
51203,-2.8330066085634606
83540,-4.652722491354587
7112,-1.8602385173796765
5034,1.339816916284161
1284,-4.68606380591717
8365,3.853146113467585
9668,1.5981286791492917
57568,1.7681564569194412
221150,-4.956400643239638
3557,2.261108865689045
54865,-1.8010403985784773
6383,-2.3127696214513773
643314,-1.9708937187920867
3884,3.5779306320910456
10974,2.2835773319963315
25759,2.650900525721936
9735,-1.908512497691544
9885,1.4434825327304317
158158,2.851101087845884
9697,-1.7970370322119096
715,-2.2360013637351663
55388,-4.115491158776664
6491,-1.990428229085816
55254,1.7597689150799063
55759,-1.4240814107078763
146909,-5.435380058550853
4301,1.1407335646046086
60673,1.3241439070994117
1846,-2.236136141861548
54858,1.932382099638543
4199,1.5104816645941077
3978,-1.8690976874431973
6091,-1.5422432433610878
1050,2.768821654172775
80271,1.5058652581029766
56992,-3.782010952701375
7371,-1.9930255394396188
4919,-2.297016785686005
645,1.402425947461229
387103,-3.1504352079831275
23187,-2.114890231036456
6038,2.0516479262314284
121256,-3.8182747112519593
811,1.4286214283144272
23508,2.5950265239802377
84777,3.6016474227550788
440456,1.8121525565427823
3005,2.106652705021062
642273,1.978794461693011
25885,-1.818086915607682
7083,-3.101888692787409
64400,1.8991877896932337
55876,1.556942409452843
2919,-2.361240034596328
10551,8.791994736908615
55829,1.6722497570208843
51547,1.5303164443879422
3017,2.2947094307659004
63922,-2.006510732666712
54869,1.856441578396799
8553,1.4456707432035394
51200,-1.7860226306941407
57834,3.046470939175383
8349,2.39578507398932
4017,-2.562472444106361
28983,2.879384147033398
129607,-2.645408089593086
200844,1.808470084151738
26504,1.5963163668501152
54442,1.499557976586806
55800,4.604739192749412
3995,1.3571093070585245
113730,4.809274496251796
6876,-1.6571775283835883
4603,-3.7024748592065895
101927171,5.424228614749441
3303,2.4229699369740376
22873,-1.9803878245403577
3300,1.4181525836983162
348654,-1.9439062459846963
10279,2.564112080529993
27286,-1.875921004991982
3959,-2.133572137157003
6811,1.4921386303617952
81565,1.2951021673176324
3248,3.131357564746273
5447,1.5571755063416186
2650,-1.7453705914218207
25939,-1.7254768375404568
10802,1.6798061470767895
7077,-2.143880333030353
10763,-3.320701045382502
8975,-2.1505824786126504
9413,3.905560255758471
5902,-1.622022049830158
83648,-1.5431509999368227
716,-2.507556361711716
8318,-3.4921775496921166
10056,-1.2991069800949884
164284,-2.6258334039187576
3695,3.2837323092027773
7316,1.324265978201594
4171,-1.9828036770883952
7922,1.1904358598141975
23682,1.777209441719763
3182,-1.1355175879376629
81578,4.24270282382411
526,1.196987967956896
5277,2.191765653079072
80183,6.262603038669081
55558,1.3790448620826754
2791,-2.76264018359808
421,1.8644464980883984
5465,1.7015153655007953
10186,-1.9266741202150093
51313,-3.788983928935463
5538,-1.3212592883579375
203245,1.9188551257308497
9842,1.9145245677292568
6452,1.5408035661977912
151176,3.205698480515089
27237,1.7886256949072783
9246,-1.6351320981857984
80206,-1.6266421507441886
182,-1.1240374663499002
9685,1.2783380196945646
84168,-1.5527750595512246
1195,1.7110675547104728
1291,-4.828598425410736
57545,-1.9142743585178528
10635,-3.9678863613587687
9871,1.7660877248655749
9569,1.3392246616870365
10024,-4.509803210487751
29927,1.3416171993640729
7046,-1.5107307395814615
28951,-2.1217077599413323
147798,1.5745356469331315
4811,-2.11465031275858
55959,-2.3276668100398896
92667,-1.4212694094071014
57480,1.791827381702432
55646,-1.9084094963149083
328,-1.2617215771344057
64087,-1.3038099600336386
83468,-2.9951531720388145
6695,-2.029630975980432
116984,1.609045033969593
650,1.8571937639017164
4016,-2.370417324881928
728975,2.588035206665956
2591,1.2171216785861028
92949,-3.615032550182406
5329,1.650759696651389
147372,-2.7877288488836367
9143,3.251039548614
23500,-3.1906795149970018
55930,3.6902801091967032
9833,-1.4991685662070486
84296,-3.1620571315873343
51491,-2.133231552937712
5621,1.110595405352233
57539,-2.032575227383945
9776,1.3066098732855695
3554,-2.0122082758005293
471,-1.4876928973503518
6764,-1.742105526911292
23594,-2.298015698494462
55723,-5.238344190832808
23764,1.3915192077378895
23404,-2.0291221511553816
26135,-1.2031226010639728
6632,-1.4870972295042957
8291,1.9967086295348588
6400,2.027129325698202
83886,3.1918591340803526
1741,1.641395043363448
4038,-2.107411533779296
126014,2.843939824815358
4751,-4.569640902623068
1850,2.2306884902831428
8780,1.144378622480475
83660,2.098576114779553
84102,2.996413969628846
2030,-1.955925688181032
91319,4.926871895198883
64135,-1.5514045388839617
4638,-2.5699827115981204
2805,2.0121785920634108
5272,4.148742912545501
2619,-3.735062547294135
2135,-1.756938660231861
1030,1.283835060709271
59269,-3.097474890498105
29925,1.4433848216266003
401647,2.595312297265087
22849,3.3796728329768246
4174,-2.004219265664166
79939,1.3583291176415315
84061,1.44047085445448
10184,1.391468113870463
157574,2.9092081460414896
57863,-3.129544649223038
567,-1.1556090278799542
148979,-3.4725050487464237
221416,2.3604490865589574
83931,1.490798947736023
84916,-1.5560507315651058
10313,1.5665571691460642
56605,2.7246045627059976
54502,1.5632362425806523
56652,-1.4836294160177983
9990,1.2794973796687483
83699,2.069903107642004
53346,1.9203321037434575
57822,2.1547545032695017
285704,-1.5827477323401125
10105,1.2114219581034564
112950,1.3656583055910287
114757,-2.827777077283069
79618,1.4948933037738932
84172,-1.4146254646083118
5155,2.2719150781193163
4609,-1.8215416948620875
58528,2.945083581220974
316,-1.559650361983826
7462,3.37644113029758
3184,-1.2337833384918533
8458,-1.4130963139009505
84256,1.299133752715162
80746,-1.92254940050601
55974,1.4373040588828814
6335,2.9494160504970988
100190939,1.829246781516968
158038,3.096125457109857
9451,1.7753280721233065
56479,-2.966962606058051
90522,1.5870223539886
6004,3.437917244079272
7345,1.9277265493304705
56852,-1.54417096402669
245973,3.30047016419379
51561,3.012069489895456
6548,1.3394093107694225
994,-1.362490028955613
348235,-1.745822604723709
5198,-2.554592550259581
727910,1.8977206885775604
5522,2.37419997984585
65083,-1.562750695111643
8450,-1.6081790281391375
84441,-1.669930215096608
140809,2.395261023527436
161436,2.8610764593436087
642658,3.28969090081902
23099,1.5834062642187026
27230,1.8056311433044108
5376,-2.2469216005370938
64061,1.4656472569567074
5347,-2.413198242840673
140766,-2.1510583156770298
55466,1.8027066193764456
7056,1.485299136141164
23212,-1.7977293868996775
54331,-3.169277807769892
7857,-3.569725293055005
10940,-2.5283279424338807
8463,-1.6730390119066096
667,-1.4303524126619114
57541,1.3668268783522102
55196,1.1914318608288457
23406,-1.6509777830245511
4817,1.6551898217605527
6489,-3.9397488686110207
55200,2.16671617462958
6590,2.5617286427390846
100128770,3.3376879163698905
1462,-5.930637760217915
80352,2.1367766184134034
27121,4.786513534049966
79921,-1.2014320678457142
1301,-2.01762818497049
5445,-1.490029849123546
7453,1.3688288771060753
55353,-1.7308735879131465
9314,1.3122028165130313
54680,-1.3122547732362186
91543,1.7119412529258262
338773,-4.704693795102441
5526,1.2083628226174186
3934,4.153091761693744
80336,1.3619278709322242
2739,-1.0658563755360893
4168,-3.6382370796875785
54976,-2.025085957133727
151246,-1.954491329653346
344595,-2.3427332049064264
55326,-1.6526426714479026
4131,1.6039332120888063
53349,1.3584964884072392
149466,2.2616195494054936
84549,-1.5298818372633851
27289,5.537819682512853
9828,-1.408702197162769
1047,6.05734329725203
22824,-1.2772098403209828
90956,1.8523734083200911
64759,-2.4771767950764327
5901,-1.0171667292962254
124975,3.3290482691746472
254240,5.600471747696858
63874,1.6687376468785924
169792,-2.333189737898617
10209,1.18456243187138
55219,1.2299690668610903
3429,-1.3759025057240355
7318,-2.539673746118577
51560,1.7659174652598366
4548,-1.1987121913395655
11274,-3.321372175186733
1809,-1.4579162374900727
8125,-1.2973125200434783
5696,-1.458083882743684
3875,1.3803864777776165
79631,1.2626012886163478
3855,-2.1075298348783105
51332,2.787905546560629
6536,1.7660532022458764
6184,1.0339143578579784
652995,2.737902719415441
595,-2.029605187397633
51495,-1.0299426342396198
23042,1.2734713754671398
5106,1.2544323479496566
272,1.355548155356544
9695,1.447448643188728
6326,-4.143607801455918
342897,2.892893341595288
1140,1.877610211902031
55127,-1.2167550936123404
56241,-3.171031589810437
10677,2.422845097053801
22853,1.4258101286583895
441172,1.8957483556566053
8796,1.5626900431912287
404203,-2.38633195272155
731220,-3.120281631077408
79080,-1.697118034047537
3033,-1.3289814431327742
84962,-1.6600526142416716
3475,1.7884513835369382
58476,1.421705199716538
11117,-1.9518879458081164
9830,-2.5728330036200298
6925,-2.8133808373898144
51566,1.7155085110122217
10048,1.0999195177221817
220134,-5.1875466634048095
201895,1.826874204735062
9858,1.335031751526838
55226,-1.323183166844754
5631,-1.394751192810766
23303,1.1977122613354103
9783,1.4106314212391349
2077,-1.3792622433587387
1317,1.449625958124633
599,1.0804144552188315
80176,1.63894346445302
378,1.7419408771599358
6310,1.496145707321481
9902,-1.4528442712669063
90784,-1.5237712625270874
196740,-4.222138616349462
55818,1.0711042439226686
3655,-1.9528440192990704
56971,1.5450506487817488
1491,1.9900642500790056
9232,-1.5239888384014808
55204,1.643331483537764
85463,1.4814401738711789
1786,-1.459396518951513
3304,2.0534679457711773
890,-1.8788579549817024
10969,-1.2854593604154092
6490,-2.660011721951144
64866,1.2409112339734918
29902,-3.0378341674618987
3149,-1.35209559350719
158135,-1.5878733374251763
1021,-1.450107084605447
2035,1.3532137798161787
51351,1.5177270226969286
55432,1.7197447867751052
22872,1.0925795102997966
760,1.8494276775970115
57154,1.1232983416518345
10616,1.1284058151214482
51635,1.3060753751926542
6783,3.071176912188314
10892,1.2445522742536193
54541,1.0575240234022545
2524,2.6662055452140305
23065,-1.4033494739470165
105375039,2.855683159539068
3955,-3.66223135944753
56134,2.5000357918276723
5757,-1.3370084261209452
26959,1.3407831575429356
90865,-3.6784171079958745
397,-2.7776386154195416
5724,1.597996444582229
5721,-1.1197244656965746
64220,3.2753716323532545
6275,-2.535067004448249
5793,-1.6687809973681922
100192386,6.141295171317696
8351,4.005623033398751
55163,-1.6303596532124054
81887,-1.2053212454063944
84925,1.6998089555928408
133522,-2.3438740936610447
1906,-1.9558485469703064
9181,1.189734296169229
93663,-1.63307517691696
9069,1.470725007729698
6941,-2.1145238794431176
415116,1.6092405068495308
3337,1.374000994622175
84676,5.644351289304219
1519,-1.746197283597031
9197,1.8023218276670523
64946,-2.2728435876086075
27013,1.2351408476511865
3276,-1.1707602237184849
26123,-1.2873873598788173
100505696,1.4520176655661012
55738,1.0931631561152129
84187,-1.3647092925078448
1287,-1.225982561604248
5333,1.4697936456429224
202374,3.763015354498981
6836,1.1500731871908212
10128,-1.056153589652294
9929,1.2099252265749496
10166,-1.6258379562898515
5698,-2.5290479946141007
729178,2.8659637437432037
55835,-1.3927987402726154
203228,1.840577611288463
23643,2.787351816888976
6809,1.4412683814561318
7372,-1.4403173598136418
3688,-1.179646657999178
80774,-1.8587113894714429
221935,-2.573067155751483
8428,0.9707549684660934
57650,-1.7814045304575112
64318,-1.332799208303973
9156,-3.634933366748229
5422,-1.6004725245064635
54206,1.0012113340554116
7439,2.941142143359243
23180,-1.4985176223774672
96459,1.4375509796268922
2802,1.4980312847798531
8900,4.703316000998851
1954,-1.27164422174131
79827,-1.9943981190872109
54800,1.6911590078489067
55003,-1.3824033768506656
284,-4.51348428820908
84419,3.7362206328799656
2178,1.6369534945382438
201163,1.1798543086895787
285141,2.948548747532313
100506394,-2.6918027647417797
149428,2.184215418117003
124976,3.1764373005841637
3843,-0.9314745246813648
57169,-1.035115287106426
9816,-1.415947584026922
29089,-2.2033461272466623
65059,1.4541421376216743
157570,-4.769814869392583
708,-1.1478158856005325
283131,1.5630798971502833
79691,-1.1913967399705914
3382,1.6326390413712208
9933,-1.0903012467704407
55010,-2.9051055503201435
56904,1.3621809030452028
64105,-2.5236266379085115
26286,1.3484193892382996
51018,-1.3719476892101414
3672,-2.1293707859813504
23092,1.6186826960990992
344558,-1.764224765068375
3070,-3.326632892567128
7412,-7.145242888196249
85360,-1.9683274328785303
10840,2.806083455579936
55299,-1.3539035136778652
2068,-1.5110789701131182
64750,-1.1193417367309684
359845,-1.672581624365343
50804,2.08944798037027
56300,3.599338344128366
688,1.067879445324911
54453,-1.472244526687713
25926,-1.0912967167211065
10196,-1.293857441854556
6599,-1.016638905552476
4784,-1.979185368703186
92935,-1.7190630904744677
646862,3.3176729739942
220992,-2.4655205976392294
55720,-1.110062861016352
80216,1.8003456430404865
1808,-1.5658436055030525
5611,1.9617005220525607
374393,-4.989843876460824
64215,1.5232397133587845
6692,1.3560817471707365
26112,1.9105817184621616
3169,4.823535739722298
26260,1.641865143594817
266977,1.629624749634026
9839,-1.7515517089490589
10809,1.4930096129089512
162681,-2.108498131136359
79915,-2.6081666102209136
79974,-3.1522478621574312
1879,-3.2848115229679387
23283,-1.1594249846634888
705,-1.6188585100939112
2643,1.7839244441297828
55852,-1.1641656515318188
7516,-3.9919853164321215
821,1.31989698748356
151636,-1.0256256310385166
1106,0.9588176353479536
4490,2.141542116064072
4758,1.131028452298604
3433,-2.1402890456813037
10036,-1.6316112152864886
353142,5.855237589279873
200315,4.766341166148512
94015,-2.1017280536340324
79730,2.580869903688664
23071,1.2656982826280552
6737,-1.2910685411463707
26018,-1.5282414286995285
22856,-1.4067667503194252
22879,1.200804949538497
339263,1.4529954532054543
201799,0.9727890224666246
149483,2.84933903599243
84899,-1.7264952249377383
23200,1.076745876509082
79077,-1.5014198672355403
83742,-1.3136710386646016
128,-0.9531103939939428
6303,1.5254583222097835
23362,-1.207436952277934
3609,-0.922243064981054
78995,-2.490333478051475
124583,1.1857967223090191
643161,4.009468119982116
84466,-3.350109819459448
10230,1.8914489796377547
114991,-1.7046210040925396
8884,-1.1925140685915592
7003,-1.4307724136406577
2923,1.1458247099063943
2309,1.2333069943845438
7866,-1.3913479799817885
10769,-2.1834029743343084
1665,-0.9813238806245222
8128,-4.182038577276331
100506060,2.4757379725357
79709,-1.351984890080617
10951,-0.9979409756932452
91608,-2.6432218015590245
5583,1.548104194696197
1543,2.0652812216059178
2618,-0.9149394094991802
5999,-3.1283454080354085
79865,3.6546579512393778
441024,-1.861456755884564
51454,2.2925721354910635
65061,-3.267967341066418
80380,-1.7695233693998724
100505678,-2.996527592045059
3251,-1.4762826275791523
92312,-2.676315332341864
5803,-1.7996824602454542
92558,1.7459847634039238
160335,1.4206027282124063
10581,-1.8897841279987917
23231,1.334461976731545
6573,-2.1715010495084157
51271,1.0108536639498862
401505,-1.116866957985248
58504,-2.5630918827338336
134637,-1.8151282732989047
64121,1.1143255801335683
7128,0.9257282940265318
545,-1.2028094583343647
38,-1.2153277006548084
79852,3.137903839000354
163702,1.364309456910857
23710,1.5273555657114817
220963,-2.532128310084084
23507,1.7402439612923994
79731,-1.4921712397237965
1509,1.3342491581207416
109,-1.445791870241867
51043,1.2918862759079046
1314,0.9922195531418484
55356,1.5345341364577318
257194,-3.1165504364710426
11259,-1.1630221319548175
3915,-1.0567124121996263
7298,-2.1271784882078197
56005,1.2920236369081457
2195,-1.816929347932908
1017,-1.26905781757629
54455,1.5481345185936048
9266,1.0213450898074117
84128,-0.9874212385110656
91653,-2.0502571162648366
39,-1.7256402739115209
23138,1.8765746243795365
23051,-1.2325649097342837
6652,-1.9332125163605447
171586,1.5580374847488871
83700,-2.2549760366110694
201176,1.9118097977603548
200916,-1.7745963974222316
2892,-3.0717116805031304
9665,0.9049845620108424
23351,0.922035859600384
58515,1.5813757708401082
23608,0.963295784400136
78992,1.3075194082135726
26064,-0.9589087258354692
5578,-1.6919764776727804
25988,1.2347469800633648
79075,-3.5804554425202704
11012,2.180587821082045
57125,-4.214348421541463
51154,-1.7377800995968602
254102,1.0823515450134766
55337,-1.3671254022412995
23558,1.2234230727056996
8444,1.873057215712108
11118,-1.3753071105504562
79682,-1.8267748066241596
79156,2.2140227776695496
54931,-1.337532416319588
3858,1.482796418848148
83743,-1.3284126746512446
10146,-1.0135967208517942
4502,1.488299850263973
221830,-1.3432403754137037
80155,-1.0198155258193695
5425,-1.3833685820107984
6894,-1.3505269990046809
5002,1.354576219078572
284119,-1.3907195721926444
7520,-0.8616160513159781
23107,-1.0473952792544263
59307,2.1664319006614523
81029,-1.899861091240584
55857,1.3369045698744433
4839,-1.3558095198605191
8436,-2.591254122138508
9918,-1.0725814832896217
25791,5.019876257212546
401494,-1.4846071706055046
5087,-2.0233926282253933
9899,5.122979329823787
2963,-1.0595425575375463
51053,-1.7239054314665363
1026,1.0578919608208486
81539,1.2291744386033343
5252,1.2122016423675832
55037,-1.0715856493107012
3726,1.411930861453242
51388,-1.227924460091572
80201,4.494648474185704
242,3.364184826410065
22948,-1.0251869292379032
54625,-1.1457487930543666
1836,-1.4948187692596129
10535,-1.77655103239407
4670,-1.107709681207209
2590,-1.5158926894531093
6396,1.02897127141868
2289,-1.1197333933306988
25903,-7.15812636518688
64167,-1.300381910004142
23130,1.238702871158489
4361,-1.2355325235365429
23670,-0.93776979586852
84135,-1.224378589766863
60685,1.0973369064712282
64762,1.449853334866522
2825,2.165836737460361
388533,2.331646003088111
84648,5.362863282601434
3029,1.4274593482300764
79158,-1.1324338266720766
54948,-1.561548176151049
4144,-1.1739647901295225
4610,1.885499784502306
3293,2.9822666472479145
81555,1.2181051489017571
84131,-1.5000593743915511
9208,1.1057988615848235
51665,1.3267376049669846
81620,-3.0257797092030687
58499,-1.035410389005908
9743,1.0358920241783045
8727,-1.482216032977277
8091,-2.0218796379586434
114781,1.2356421592422615
92421,1.3721082925354884
41,-2.331183474422771
53918,1.2051352833778843
3178,-0.9667872349339888
2697,-1.8614172278858376
10620,1.6694614317897278
7098,-2.1840590974763923
55622,-1.3209589299289244
9688,-1.0672396892223244
6418,-0.8786252426088416
4162,-1.0965342386802388
10452,-1.116153039214255
1054,1.3681458645222468
2696,2.6221725716552373
91050,1.8469796232509552
5271,0.9317971409159362
1660,-1.0318456056982082
23649,-1.7861726559947342
103,-0.8881865481633376
5426,-1.2818738542443553
51361,1.574260355777874
94025,3.126173534089924
8396,-1.1844647956433174
83478,-1.8182768006666643
91624,-2.0192015818956937
9076,1.1064132633188823
6095,1.95744151548348
57511,1.2823124331825675
10130,1.0294991697306608
146956,-3.109581819585317
7483,2.13184893326129
8317,-1.8219169410954967
57520,-2.06576477047002
23022,-1.0653012752166648
54544,4.470775225676683
257106,2.6602589396356664
100505806,1.7062125715355234
468,1.0332136653836224
83692,-1.150845168635902
1889,-1.447913234380816
7374,-1.3836525688267332
159195,1.456882044523065
8869,-1.9270295659922825
51230,-0.9374400353820572
9950,1.337974744170508
51141,1.327059777888659
64746,1.0333856438769435
10280,-1.4974068146533286
1464,-2.2527338440007134
1019,-0.996507126589834
5019,-1.1466412037022724
112611,2.03108318557249
84068,1.6066056514695797
1604,1.190089627259756
3815,-5.785168128159702
9136,-1.5113796428367257
7203,-0.980752687732418
79833,-1.767334456985057
142,-0.966528644816656
55132,1.682917117627994
10410,-1.6186497275785556
117584,1.890955666154228
894,-1.073881289504672
55214,-2.2929453921178222
9768,-3.278067909779057
55207,1.084780389541672
284110,2.260626896285852
9631,-1.0559620435921833
169200,-1.369747721681401
2182,-1.1417713313720994
6734,1.193337002713863
79689,2.1828592639510926
55345,-2.28300823283464
7042,-1.6571110197347043
8801,-1.1226333950964666
9486,-1.776706647465872
7289,1.4795942805312785
871,-1.0276918954831296
51303,1.4112676603347605
29035,1.2692335810325066
57190,-1.1786624655561575
9921,0.9950828844790688
54896,1.340043757180149
79919,3.317798705814484
9382,1.1563208067238655
57507,-1.962381618012876
2941,-1.3376195644894284
7477,2.029271561627184
57185,-1.087426492584724
50628,-1.539805495723947
10783,-1.857661560518605
133619,1.0820722170172723
54629,1.251816123588935
710,1.403730863392245
9267,0.959016771791006
57146,1.1188100301367732
57495,4.5380665400681
79084,-1.2858640140496458
694,1.2125365686250629
5321,-1.7555148413629038
10129,2.053865774108079
7148,2.315537545076306
283932,1.562127903547684
55384,1.0375242420103394
6804,1.2710237785447378
8534,3.1292721232321825
84926,1.049299894143084
203068,-1.3236462744162265
7542,1.3971012865234829
23395,-1.238609290115601
54861,1.257916967194901
400,1.127259665787639
51661,-2.258812880950609
54873,-4.46439168973254
8615,1.2604000550165186
1909,-1.5399400375075196
84612,2.822895129732995
5754,-1.300118277935469
51659,-2.6823540773558725
3015,-1.0847596127707972
222171,2.562591024745805
79183,-1.2200549908929692
54496,-1.4490552768860565
284185,5.943723448733009
79413,-1.8223949237822252
7593,1.215640975794916
7804,-1.292221137179866
55201,1.3166511801641223
9546,1.4702762665705216
55170,-1.5167194522928322
55536,-1.3202611667375352
22984,-0.9967027525770996
10026,-1.2908572992291647
57570,-1.165748102500633
3176,-2.572786028773056
7019,-1.1778382516650296
84456,-1.0469325489747248
53373,-1.5337339167965232
79000,-2.5455509897139064
10926,-1.7197198455846243
6868,1.1031115129102895
203259,1.032386514414274
84955,-1.1295436996430888
348,-1.4705705606041466
7057,-5.083462008164681
128077,-1.2797893324058394
8943,0.910351415585683
9095,2.167110489839938
10856,-1.1460806262642558
79152,6.313418100686093
27134,3.3361960508213904
617,-1.4138146278080124
5891,-1.5010388267440753
221079,1.7551691723155327
9923,0.9551609247674242
11156,-2.203653316541958
6636,-1.5570917130291633
6839,-2.498434589479085
5868,1.126835172785543
54897,1.592800657186531
23179,-1.872569651398803
2199,-4.011846196259204
54532,1.034451173561172
9392,-1.1026421904547572
129804,-3.7955629718128208
5138,1.8064894070632127
100288637,-2.929352246249901
2998,2.843564243983901
7328,0.8167838758664104
8495,1.7482371153455007
8438,-2.359198157972984
56902,-1.202883097021869
55619,-2.197368164063082
51696,1.1774473371219043
1577,1.555244135692378
84679,0.9711363484524874
8243,-0.9224289839695824
22983,4.417910626951311
51274,0.9182049673121704
598,1.0666612722719395
10236,-1.111906364173249
7026,-1.4759611633692995
488,0.8258123781817992
83461,-2.2474447700396336
6182,-1.3663686169899834
51155,-1.485624170637659
7390,-1.183760498821354
51009,1.5683186700645313
10006,0.8886757026813498
8313,-3.905382557512011
9945,-2.0089237687019854
2187,-3.5597453402529
165545,1.497929937701464
84365,-1.1559513098163974
220441,-1.2812968027079032
6741,-1.197009903920204
100419583,-1.3097400074455243
6387,-4.388880660258928
24147,-2.2051212063914525
10051,-1.4516737414504988
29109,-1.6986002765588497
56907,1.2035689288815037
649,-1.498126827693562
27018,-0.9912076951036
727957,1.0950747443864433
27242,-1.5988824012161804
4205,1.2514253545562155
55890,1.4512141034204329
79172,-1.684313296820593
57210,1.410851756436064
2091,-1.1929470338176598
54867,1.0353580522186028
7494,1.3052816110070713
22941,1.528636492609451
84319,-1.304686003151299
200879,1.9103767820436688
55366,-1.5298864533556304
51280,-0.9733634959023146
84518,4.558886296671669
23053,0.9564855384155956
10237,1.311831587595346
730102,-2.1964000141023883
23509,-0.9635586804963864
127845,4.003987624862281
5326,0.9899751713159648
57447,2.2844665146278453
283970,1.5721505343210072
64761,-1.0066438873014478
64710,-1.09953768347934
56204,1.1713690802149843
23186,0.8800493270385136
22836,-1.6509563518697692
4744,-1.979795824144144
10066,1.072920547867438
9900,-1.871508940561832
55088,1.215489132003285
9188,-0.9478978562362362
25831,0.9781600583715596
121227,-1.3217456903188618
284207,1.6063836526286124
154,-1.1609326286339825
84074,1.4698508535373658
56829,-0.9245357973640944
90637,1.4973959760689208
3868,1.6177372406639323
3069,0.9544301781952702
10014,1.3223408960109158
56888,0.9848703137624952
9957,2.152552935740459
995,-4.246249287187661
5604,0.9275113558080086
101928100,-2.763252711485178
7334,-0.9600072943065848
9570,1.0467133283022827
10376,-1.493920306510257
5610,-1.3420594274619573
440068,3.1124558755691405
1793,-0.9675053403722602
100128881,-2.3971478444507417
85450,0.929166912772512
757,1.2570404049026946
5468,1.9321028588927895
132320,-1.572244272785443
43849,2.339022266157814
3485,-1.9826674556181467
55859,-1.6956737507432658
51763,1.1100082853449431
10293,-2.286228116753786
84946,-1.2258198564557423
286006,2.5262197093273357
9276,0.9723974867025232
25938,1.0402054453829015
8971,1.3602660282672523
9672,-1.163820061205021
2617,1.0742978045345977
4152,0.9247707247473608
30818,-2.1553995324167063
90861,-0.980339865512026
11152,1.0156554381226257
51061,1.1151191493846606
60528,-0.9827288157268116
51594,1.054891241787029
23076,-0.915069583147399
23169,-1.082723464602497
51497,-1.0382587365566882
24146,1.3481344363660628
6820,3.744197658584532
2037,-1.0596696552503522
101,1.4603880709259878
30837,1.1275516510225756
54478,-4.087791353295178
5137,-2.4433496020527388
360132,1.6881067962987388
51429,0.9347361328469828
10137,-1.002682350842874
85476,-1.0090351083579745
2122,-1.8684258217714584
1847,0.9963015176573908
47,-1.3666953065471537
11043,1.129184515833369
29091,-3.4121889965216483
375790,-1.324702030551122
7110,1.2332126658101137
79132,-1.532237502770286
3976,-1.7869951077992905
790,-1.250396160600024
1603,1.0036815610471768
23135,1.0412943022704384
55766,1.2660800896589055
729603,2.1222910890087654
342184,-1.5237273697681188
284297,-3.115646524435905
124930,-1.7336377728127963
11076,1.589648710031926
3615,-1.071739703252353
79004,-1.0792894253009622
51246,-1.2008270406469324
2969,-1.13145279343614
1841,-1.2903939731397278
7023,-2.117682608102275
23621,-0.934828405406101
132299,1.135104740053238
7739,1.3919118528114292
11178,-5.077690805200097
2132,-1.1359371045253055
3604,3.9521207246094288
81618,-1.2637077988290322
5295,-1.134399276896082
22820,0.939325418893554
23160,-1.0126870083840258
51320,0.901435801883006
10069,-1.1691307791018328
5734,-1.970006887527892
57189,1.2721312452645388
54749,-1.6440968069945778
1184,1.3027030908175814
4783,1.487060462466721
23492,1.5966144719575184
84126,-1.4557809173090728
245812,-1.82855893387164
6844,1.149179435209708
79875,-1.2213658996970769
53358,-2.081340197361399
79947,0.9067085714134978
2316,-1.4270058081724142
9965,6.158932467193105
114112,-1.429527910086088
55711,-1.4946689825281287
5650,2.1482933510094515
26003,1.027531182561921
6016,0.9867985856341044
166336,-2.146173821655207
51726,1.3637072794130751
5007,1.0289379085522872
2308,1.390414293930845
285848,4.357175332528168
8406,-1.680927148830638
1052,1.1353257027233623
401022,3.6188610626550135
6813,0.9943976284801258
9867,1.1934853586001395
10256,1.116500295837897
7006,2.84329884023589
1040,1.05414698169749
79623,-1.385746026140019
9424,1.1154886522463885
51430,1.2803753155197697
6236,1.6232302038488744
3336,-1.1133039731812429
126868,2.319000316804117
10404,-1.8163086843071172
151648,-2.814664936746491
59345,-1.3040452437456025
1288,-1.277021680916204
10574,-0.8721769260004391
9037,-1.7509592907663147
135112,1.520958484017629
2498,2.444854039917328
10342,0.9441145652427874
79899,-1.443641126137148
55796,-1.7573313001029771
65062,-0.987926490724001
2057,1.9633247569214012
26509,-0.870808369364895
590,-1.766555549313223
10959,1.1987024788128782
23028,-0.9073707999428744
284361,-1.107006784867404
9401,-1.556020300474066
3006,2.1999107469684254
8604,-1.2676870446978656
254048,1.474709981465033
6801,0.8869204027750051
1540,1.2839525124737363
2632,1.062968842874832
57205,-0.8517423997558198
26032,-2.288527057059267
5663,0.8086770217523661
90161,-1.644267848040717
80119,-3.095996247297739
55057,1.633764923338043
79935,5.294754014866643
5525,1.15460824818485
1830,1.1913724477887842
8843,2.74572880452024
153222,1.7078101327381598
28231,2.1085479094331747
127262,0.8692927297969235
60676,1.272740012849492
152579,-1.294841000289886
58489,1.011487734221055
353145,5.025945905666054
55839,-1.3716215530949738
55616,-1.2259419929812825
78991,-1.586491155758292
117248,-3.577347054534909
2702,-7.180756684418011
353137,4.398945562725866
58477,1.1927099087979736
285855,-0.8002084731966101
51466,-1.5109638289127107
9311,2.395578579329646
23413,-1.0610680562098025
5874,1.240613439537819
153830,1.2789351809215737
80221,-1.719689028686952
7760,1.2748067079287506
8897,0.8642042354518892
79663,1.9341333676274917
51465,1.2326387580290503
84848,-1.5573936132869337
79968,-2.6704552576167973
91607,2.571242691276367
634,2.006957631955833
3417,1.449250488059216
8420,-1.2690040577812989
55117,-1.0198383703161158
11073,-0.9481370525598356
79863,-1.3751659749629273
100288413,-2.091078558292637
8685,3.5910995295562214
440,1.2984091705611382
55243,-1.4192647980146762
858,-1.0794063075919154
2803,1.1974900679453944
1435,-1.535776172288234
1039,1.225685736341876
55732,-1.478709725356758
6647,-0.8112024324461748
3423,0.9060768552098832
5993,-1.403266230654739
949,-1.4610415917537325
7004,-1.9817093487929127
4804,2.6466355550645675
79590,-1.2325059135040604
411,-1.2370299287490334
54732,0.8372095345902311
3106,-1.038264975482019
51318,-0.9602333320093062
1051,1.2378586551014226
817,0.9861045254363048
6451,-1.33579382785532
84722,-2.3792458349266337
1259,2.5534760282465574
8836,-1.433394298822766
6746,0.9440184740932872
124540,-1.108487882620281
57673,-1.6030877519435818
3936,0.9777339703320376
50640,1.324766719008012
51287,-1.3119952161629111
4686,-0.8797010208708649
9710,0.923245105153912
100506243,-1.5863870892664065
6594,-0.8731240297998475
285203,-1.0484072698996807
94274,-2.551821786340112
54414,-1.2686227468991491
3988,-0.961692050883058
10154,-2.9076928048081534
158219,1.4221560977435372
54663,-1.168233063415303
2247,2.1540730084562183
1182,1.2800264230048937
6427,-1.105018348299898
7082,0.8253248617271906
1676,-1.0928065301825882
6782,1.6736392005715448
29090,-1.1885071587969886
5359,-1.2935293228896592
6635,-1.2317623485922895
79896,-1.604609120915236
9469,-1.0201473548680984
10945,0.8407521498217054
101927746,-3.1013359576294097
149345,1.7785921725532714
7130,-3.134502566134461
10657,-0.865182313104579
4644,0.8272289872623381
5099,-1.8360652139263915
79812,1.4413392787206445
7009,0.8818072017751735
64063,4.021325684903619
873,-1.0803725276496428
51228,1.4637013712460405
10327,0.9162051576126684
284695,-1.194137415529633
83548,1.026757502936546
51093,1.1559797513785948
7360,-0.8994035217001315
3181,-0.9222862983517232
7466,1.2472815404988362
899,-1.5927312896763623
55735,-1.0496551465779167
3091,-0.8911696472944759
5427,-3.28551200305552
30968,-0.8964525719138638
51373,-1.321639034322319
10898,1.4486586979875573
6018,0.9426648123638344
91056,1.0173923915579748
896,-1.2382184950341462
51191,-1.8669988464715144
2043,-2.655862864814515
253714,-1.5274314179430684
1240,-5.025963372514951
65263,-1.9760627070269083
55224,1.052396961325903
51272,0.9721752743087878
1198,0.9370732237821172
374907,1.7781693895941784
23760,-0.8060659297408521
171568,-1.176713528743312
5467,1.5101708657984545
389208,2.267905689039449
79755,1.981279257186421
116068,1.5408399823206975
80700,0.8277947337095731
54708,1.0453640470234171
133746,1.581888895060498
10437,-1.4702550259487863
51729,-0.8872873672064884
57104,1.116847517473751
80736,6.294070021356918
10360,-1.619329121742799
80321,1.4267938560808415
64122,2.2729521867905174
9886,-1.1388724843946936
558,-1.0513413426490128
9333,3.6184211535219255
29924,0.990177566880673
57122,-1.1255068590003636
27314,-1.5179538533408128
401934,4.3129261285708775
22928,1.3722049643900645
53917,1.0694190959502454
56905,1.0908902024057092
5753,1.3989060998231344
55270,-1.1435349801629449
80256,0.990869909877118
117177,1.4271979468575238
4627,-1.2806925567415477
123099,3.859976886180682
6299,-2.0587602253998614
10220,-1.6743770266735378
56649,4.444899058545711
6337,1.4746269402573042
10247,-1.2969258721851682
11275,0.9725763170052896
9732,-1.1257290163313356
1942,1.347455613593453
81928,1.3296876888202611
57697,-1.5761394508288853
2824,-2.464222485856598
57494,-0.8706830542134472
6251,-0.8164108199466207
547,5.00629526250784
864,-1.7145522888332925
9632,0.8664836527913221
79083,-1.456469956685258
51194,-1.021608297420782
29911,0.9717643082612906
22821,-1.5938517693757048
60681,-1.116821966352436
149603,0.905590271442961
64682,-1.0641178054466225
8187,-1.7639163748508264
154214,-1.0080702223245457
1465,0.9049310021881768
23452,-2.373608451518719
79703,1.1714127189314896
57647,-1.21041089301607
9980,1.0969953552299792
85462,1.4370908956494313
158293,1.11431142851358
22868,-0.9207147051153728
256979,4.761883622507444
10040,1.1018602510454516
100288077,5.257343775330452
3145,-1.0950778800168963
3595,-2.385786626783716
84141,-1.3697609538559667
6341,-0.989248067891922
10171,-1.228634374186422
11046,1.2797122844732116
55122,0.9796161269828388
55748,-0.8052487746186516
117145,-1.2870200298869403
23657,1.866716431721788
90317,0.9999985679967904
51377,-0.8803235011847633
116143,-1.2786112842657575
81559,0.9595467994465536
3669,1.8509766651019908
56650,0.8494762235318378
6419,-1.8135764831499177
55603,1.3394128917520016
149708,2.901942592976577
7139,2.72532546635806
7414,-1.1270310307458802
23421,-1.569455754552653
2730,1.834936888394053
128414,7.720848737292306
1869,-2.8661170246521994
55809,-1.3154555759116504
6272,1.4100588305565778
51360,-1.0085671715270434
147645,1.824898846698206
93624,0.9782446944796022
124359,0.9001983924485955
7163,1.0792692400135344
10133,0.7672794131714152
79600,-1.3212792325133131
9699,1.702418868183751
7205,-1.2530278429249364
158,-0.9422897097985424
57561,0.8948819901696154
3725,0.8487202373691739
8237,-0.9729903306775368
85365,1.067641582939579
27292,-1.0363919648788082
6623,2.073007980425756
55247,-5.792372336604516
23246,-1.1873556289569454
121642,-1.3966801132813156
5939,-1.0356739953006673
4176,-1.0686614218748554
219833,-1.56311397928309
1760,0.9450501998484648
64403,-1.7033410255536277
83903,-2.6715659851562075
207107,-1.802969402488324
51669,1.1372926036394384
3213,-2.276502898170787
80763,3.3517323375700285
6049,0.9991095990383247
8795,1.0994165193509868
113115,-2.451663370519459
27338,-1.384199094537399
7016,1.0254782403499776
142678,1.0763833187459972
23307,0.817946667360263
64319,0.8822961277964562
84823,-1.1530363610822258
64780,0.84230788626728
10061,-0.921329915977908
11315,-0.9094090961236518
23603,-0.9402597452263056
25900,-1.6730032351574209
55320,-1.1454085105737006
7159,0.8214055748486948
643904,3.262052241870363
54520,1.0177197438321164
221749,0.9828858839301928
57409,1.363273164863205
100505839,2.1075536431707205
6173,-1.7292234936303983
3305,1.803593616193928
134266,1.3388324777149003
100129034,-1.2206824751040046
54596,-2.274738523945109
84318,-1.7856737132311056
56658,1.1935137586035425
8508,-0.9650278872470238
5870,0.8572891782941641
159371,-2.279820271291244
1058,-3.159971305454802
56944,-2.9627649288472755
126433,1.4322584786070982
9043,0.8045499368932134
55667,0.935138130698568
23590,-2.293834244713658
1163,-1.4661114780333124
2878,1.338607699282996
112495,-1.0044012316576258
114788,-1.6395392871693055
9557,-0.835198114781553
9659,1.255015522908237
9820,0.784563779751456
11014,0.8798875530633479
23024,-2.78302060471319
378805,1.3155221684815908
6717,-1.0784499406061887
10131,-1.1881827881245388
390980,1.3495827093797887
60682,0.9694040956335008
7025,-2.3755872902096318
533,0.934878759593802
79711,-1.2338858080373412
26155,-1.0965807929819325
65992,0.9570067399552584
90410,1.31512947051545
10741,-0.989683544183938
4913,-1.7857555860915757
143888,-1.416919198281484
84961,0.9878514266737912
7710,-1.710574936078015
388121,1.788869454320166
80174,-1.803136077877999
8566,0.824769483995258
1033,-2.7238754376815306
89796,-1.5059897700812943
309,-1.2001930645892225
84706,0.9300647268537554
781,-1.9498698212467611
1308,-1.4396945638589953
1111,-1.1373812586900434
55568,-0.9382512610500467
3693,-1.3237255734343425
56647,-0.9506749796591912
100506710,1.0669323636101695
8242,0.7789767947177118
55769,1.0482691979564382
3619,-1.3343497766236323
2098,-0.8260590474683956
6992,0.8180945829447374
23530,-0.9315312975658976
79642,-1.0212542700362313
140711,-1.5967376693183306
9764,1.281239210055233
2648,-1.2707020081956115
22848,1.3492762927972364
7216,-1.214893364791788
2944,-1.7248862662502102
4776,-1.1585501663466284
79745,1.242587476036754
55342,1.3034448072127924
81611,-1.0770503418908872
1437,3.316955466985561
5597,0.9264343509048596
646,-1.2987553973161232
83943,-1.5189180186572162
6729,0.9890076426738584
220213,1.4076197244771431
26505,1.2080888536452723
10807,-1.0811271812417245
7092,-3.6560404720658704
166647,-1.0560473463403326
11079,0.7426408459232676
57596,2.0950254863271485
255189,1.841608266728587
25816,1.2648818336941885
3703,0.8642567864418044
65260,-1.3475800228242467
27294,3.784973438163724
11169,-1.137344247767986
54103,1.2441566269329405
11091,-0.8424326562417453
84798,-0.8666082979122763
26093,1.1623768918804542
9170,1.318337511490234
84243,1.0247445946619462
8892,0.9255759630260092
10544,-1.2601344847275893
140775,0.8808123433472406
148203,-1.5243185398918262
55108,0.8688336152812647
83641,1.2355657465178926
10946,-0.8443825489262307
5987,0.9679520075259443
2286,1.0696950565098713
5251,1.7005331053345314
8850,1.2367828787805308
57662,1.3666735691966645
10282,1.3207054789565016
112597,-1.2837431853350536
9120,-2.2956641522167702
84448,2.3726134584596754
51176,-1.7548606150554835
8701,1.552459241457389
57608,-2.078605915565784
5634,-1.1457584554409523
7262,1.3062121300115457
4314,2.864443271615764
253512,-0.9886050559442636
26278,-1.185343194038744
150465,-0.8038277000219467
23582,0.8562818651798001
55784,1.1314922849972062
51599,1.2168647193980375
79670,0.8157038566962803
10314,-0.9270803112238124
9711,0.9251615033441112
9235,2.2559646891138376
1138,-2.503722689125898
643246,2.574356288601312
9712,0.8538892058173987
5162,-0.802295943555518
8470,-1.5588647032474392
84952,3.478502579559509
23350,-0.918437914103756
3371,1.0472585999450696
5414,-2.630441253752629
55589,1.1398085961988496
27131,-0.8169388374863852
11186,0.9819795615212366
23279,-0.7755327887954572
6546,-1.8881063212174989
10483,0.9754485599945978
148479,0.930073480819762
57720,0.7569619758618902
90639,1.189495443474092
23468,-0.9684778169157854
10362,-1.0347680296197304
4293,1.0855274574550635
100506696,2.3661754304682563
79092,1.7417838424210743
23125,0.7454374110027518
6567,-1.6611303781871118
90417,-1.045966607346262
79068,-0.8706710060790591
147166,1.4860434853055495
4982,-3.346938540916061
6197,1.1709562321896725
124454,-0.917328910180446
10890,0.8338037238190708
23450,-0.7835843416520154
5883,1.2413481903382195
27063,-3.369961590709589
101929705,3.0668035744264515
29958,2.7115021960557426
9525,0.7411280381220788
199964,3.1316667875049187
148932,1.0953308680606937
4628,-0.8269432971578612
10370,1.0004526620549612
9678,-1.1957636999043129
26119,0.8591753327740863
83861,1.1312207024344774
5557,-2.4519006920804087
8165,-0.965302951335934
11273,0.7616596001975705
6470,-1.2375310513263509
55502,2.560864563176092
58484,2.3770897795058263
64858,-1.4221009029100151
4921,-1.3793096426596638
10813,-0.9466393493359552
4303,1.2492027950858628
84515,-1.127927166020636
9026,0.9550911862601844
7027,-0.8258558495101653
29760,2.064640738103194
79073,-1.5025036419621915
84450,-1.0289398484959291
4796,-1.5757326313466224
54585,1.508407844740672
64838,1.364121438464897
50512,-1.762314054448725
403341,1.0910415843278838
5471,-1.1454053255003431
400954,2.0036506601933386
29100,1.0161762270929071
8504,-1.2565724370320597
8722,-1.199837360969717
54536,1.509795165006091
440026,1.2366945466548156
1962,-1.467336449939936
9875,-0.8162137997930832
57718,1.0514866056294885
1759,-1.9265810599770372
387758,1.870639016714107
147179,0.7438791095353245
400506,-1.1479513450935948
54503,0.8937805114208126
81873,0.9023701140370984
11173,-1.7537972538944269
64432,-0.9227461182578748
1315,0.8721208930523987
22889,1.0032925301889866
145508,-1.5036662119566404
29102,-0.8727057705467919
2194,-1.318990006570182
4135,-1.941685815223002
3012,2.4665866431389736
23165,-0.7972171266067654
10197,-0.8481824294142626
79690,-2.541170999575719
79023,-0.9134987475628544
23475,-1.2404044282759277
928,0.8569803740465767
83449,1.7107792813076732
259173,1.1580516407395465
11137,-0.8269398114152473
57604,2.9420816061139097
1497,1.0196585402354772
10095,0.8684619935204937
374286,2.206109236428925
9375,0.7969300959357063
7343,-0.8687600833305826
3706,2.173607060162152
255738,-1.507362821558497
55190,-1.5919333445006485
267,0.7595736781668044
51555,-2.2175090809382496
100861555,-4.197624054472189
221178,-1.9922098592450157
6655,0.902830974426334
51602,-0.9556201516168308
3603,-1.592418594356305
154881,1.0928870668443225
10379,-1.1563775201923907
10289,1.4571968272581797
283,2.2898049436139747
348938,1.2398420344162675
8650,0.678037324429623
245972,6.984701792363691
64755,0.943646187017388
51134,-1.1411421769014594
80351,0.949795904711524
2271,-0.8804460821102609
25886,-1.2870199928648365
92579,-1.0170284473464035
80224,-1.1548137983135855
79783,-1.3303982204629772
128637,0.8259321756276522
81892,-1.0356138925428895
136288,3.11665469390712
22936,0.9543899636148476
25840,-3.634586734020509
55454,0.9871100610052008
65008,-0.9969020335415444
200942,1.0559380047829758
10465,-1.084398435797729
4051,3.183669399057609
2523,1.3739271648061346
51302,2.864861460140639
163486,1.3683583373081358
51263,-0.8810618951809649
57224,0.8889271239471559
100874214,3.2888518356625447
144348,1.1417492392126327
84154,-0.8841630244946822
4013,0.8419440922467186
8872,-0.7466616520737894
54510,-3.883869595987713
8479,-1.3641143462029188
5737,-1.9455615373588395
4830,-1.2544876540673782
27440,-1.0797712961176316
3993,1.3766065547032964
283130,2.243450804304395
2521,-0.8927020238702589
100462981,2.417447775519843
8204,1.0622473207889045
54926,0.7088122626530053
87,-1.25482812396288
80304,-1.316580446174311
80279,0.7412754746340035
5028,1.6646351431087874
653567,2.209453598724559
5307,3.4943973886313278
84910,0.8705810708834455
26608,0.8828876302626303
56675,1.6085891726862682
256302,1.0044427846047297
23516,1.0044550452824437
9425,0.9200912076235922
165055,-2.0928732266258363
9975,1.5090259547785037
54813,1.349393717731343
1008,-2.9007669487437995
3714,-1.6357371276009676
56927,0.9243484127718028
54187,1.0834672799787364
10855,1.324432637751661
9258,0.943880992700946
492311,1.5213880510079556
152002,-1.2094670333833186
64786,1.3827515662518413
10466,0.9538819356184596
494470,1.8726251464931003
133308,-1.02637300716036
2189,-1.140521161441727
2352,1.390866785487142
3998,1.1706794081367748
2564,1.1856494049903503
6309,0.8788004816493561
79735,0.9095549960428014
10207,0.8437939204681829
26035,1.004438602427775
170689,-3.2981062705404507
9265,-0.8863566934345506
50486,1.3018356185463609
4791,0.8824615202744049
375444,-1.6765273686664104
5998,1.1046766192214852
1459,0.8873570471542359
51102,-1.523456549068199
55922,-1.082313676053508
113791,1.4103438872939498
7837,-1.0084060751886172
79621,-1.131801778856679
2218,-1.0493005022528328
23462,1.933463532433796
11160,-0.7399271665027323
84519,3.634051749539285
115207,-1.4584232242616837
5435,-1.1695787392459047
678,-1.4030070343750132
4521,-1.6424325755164697
255488,0.9630236783195883
84650,-1.2847313863284018
10694,-0.6970015354141071
51526,1.1854847770177546
4907,-1.374078053634881
23229,-0.9905048704690465
122786,-1.2604585176992131
57217,0.9196820708688356
1611,0.9356910713933044
84869,-0.996430399346316
25945,-1.3437175731957156
11234,-0.9186448750786486
509,-0.7221161744987363
83874,0.9765178609980416
7037,-0.81446268264136
10043,0.970964635892012
4059,-1.5019550049631532
649446,1.759913606012924
6700,4.188830735999375
683,-2.517374269845401
10170,3.721694331646778
3983,0.9934935107058278
85446,1.938767347707016
5881,-1.4198637019553644
9919,0.7310139367651773
54540,0.9218895870261142
7984,1.0286594569466287
23381,0.7161089467629839
518,-0.8415702091172506
221656,0.8504627286671664
5436,-0.8968858435931517
58505,1.0346132393694063
399959,-1.1912281550024248
65264,0.7533310605449888
26002,-2.204189816660711
7030,0.823027259879257
1149,5.16840744890267
1468,-1.8416803737260552
84830,1.1783608342972005
3685,-0.8618527580266124
147081,1.353824777808168
221981,4.225228362819184
8996,0.864368117734218
284992,-1.9970182474524905
80824,1.1139201713210314
27147,-3.7062808962324847
387104,-2.153645453081087
79033,-0.9336175725771372
54798,-2.056278491646353
121214,4.134212236988946
5880,1.050646284167132
54764,0.8970327993719919
140700,1.9704220046491607
196374,1.8717099097168115
222584,0.7873349056113409
127829,0.8820374917689984
55765,1.0438086756170395
348995,-0.9189401288055828
11231,0.921799864626578
9939,-0.7612060331531996
129401,-1.3324316189462742
724102,-2.14129749878155
10059,-0.7423892659961892
7124,3.245043522072945
7138,1.0171255536643564
54930,-1.0580531632340022
132321,-1.419995555269838
114818,1.2838472545899766
8731,0.9486297851459244
85444,-1.7941264661694687
4841,-0.7109519697388647
10099,-0.6890800859905513
375757,1.1254139258226916
3981,0.9553956274172792
51569,1.210909818749169
11331,-0.7079690736042448
56997,-1.316294859345302
1122,-1.2025612546653963
341277,-1.876035363978405
5250,-0.7241154822372662
9748,0.7566176160235638
7155,-0.7077356789678075
101927789,2.197476861277059
51645,-0.8570373743834168
308,0.9618027146836896
6829,0.7156167922474365
7389,-0.8944658651483705
266722,3.570542145716174
84134,-1.5409822715463972
3212,-1.910852083532272
8705,2.2204759016749698
9789,1.2083821823751455
55803,2.288318736776298
55506,-0.9443013877090656
56951,-0.9854382429841
3487,-3.20318807619764
2967,-0.8528222986495998
56993,-0.9883448029824624
23036,1.0086882451707548
84272,1.1283485547078294
9099,2.5653025834703778
57140,0.9932689626134582
5478,-0.6691970140767215
155435,0.7240604416036215
55971,0.777990696568963
80329,1.2236545750955818
54839,1.645389189863964
10785,-1.5005061849889438
5912,0.7721501388358424
3954,-0.9867749911483124
54812,1.1417956360302703
101927040,2.5434530289194823
23064,1.039971251398384
10420,1.4680676023934254
28987,-0.831827709527358
22837,1.162680005383954
56256,-2.47652746861531
10116,1.010443410846327
9343,-0.7665831207079444
10919,-0.9911128174973892
11270,-1.5400317026592918
9128,-0.7868557958407376
402569,3.69687418673886
9645,-0.7439997965422894
3097,0.7351511212482645
85461,-0.7048167714978931
27248,1.1032878055498183
147807,1.2436985499259932
119385,2.9621495602543013
246126,-1.0061521256493444
54704,0.942860309800278
219743,-1.075713171573969
126393,-3.395290902814794
253827,-1.0141433609699644
64976,-0.9835194947309356
10252,-1.4418289162561495
57519,-1.3578188294371796
4846,2.504444283380279
84259,-0.779327838116492
56672,-1.0216653996872975
112724,1.0951217235876158
64328,-0.86420055969346
196394,1.3355016113570035
124935,-1.3341683734752123
146760,-2.331974046925043
25844,0.7909594458099783
5037,-0.8107393262367238
670,-1.1258059210374955
57142,0.6600196026360599
54677,-1.1937770822810745
54431,0.997285173337806
196996,-1.6247823188585755
5202,0.920817282051207
29780,-0.983020458550158
2717,-0.8908282320504423
283219,1.1118230740376722
5293,-1.0037636911844283
8804,0.9593113873251652
200424,1.003359345477613
93986,2.542281125996669
64714,5.053791058894371
196446,2.5621274221203376
25798,0.8927818226606254
23560,-0.7168192720043167
23480,0.8012575589821915
79003,1.361360491105973
10106,0.7599432969092879
439921,-0.8032499594992235
56996,-1.0896619846168325
79613,-1.156404063873221
64651,1.0529602614606148
56935,2.0497851398975064
147841,-5.258591282638862
6307,0.7543941651363059
4885,-2.268588576065623
8621,0.9822813980190496
51559,-0.8917514300446772
54623,0.7692488535702063
100131096,1.698047185552099
79837,0.8201840106097004
5228,1.3455302771379094
4037,-1.3467311643388875
1843,0.9016988476946756
22876,1.051719738465936
9053,0.8208746632267263
57414,1.0106178127302354
317649,1.4517837518370702
94005,-1.0278309499549991
401884,1.0596768237222225
63971,-0.745120878663484
9782,-0.6908329450965678
9118,1.5206827053351366
27085,-1.580237938564783
440275,-0.6420738952730838
84912,-1.043143520023474
23284,-4.108972243492048
65249,1.2531072602169293
55048,0.922304571567402
63970,-1.7105861704052194
9127,-2.850605921955516
2239,-1.293796464089918
284996,0.7303562168989844
10794,1.7546220544212088
130340,-0.9200553773867428
55631,-0.9329199075841152
117531,6.238013747360689
23658,-1.0211083860842725
4712,-0.9614871036500182
27436,-0.8213408066594262
7178,0.751411546187053
201158,1.8197837299036828
10395,-1.292787246436768
4998,-2.3865103785140644
25998,1.2193706070469077
137835,5.971755109993826
101928844,4.564693651935622
57464,1.0457434876680145
112483,1.0930088749700952
57658,0.7023533614136886
22978,0.6686112984258047
6723,-1.0920357211206175
6374,-1.4361977963959718
3326,-0.6274181310264373
29899,-0.944007831911066
11335,-0.8647573119411897
84725,0.9039916487580296
115811,-2.4860066647579693
5831,0.8909051518875305
376940,1.015426526588604
9050,-0.8854710382089518
2192,-1.477981467916934
84870,-3.004557188721103
2395,-1.1576245518574313
619279,-1.3425250451192148
11146,-1.2037600298583209
908,-0.6663537404812662
8985,-1.0116527032541016
8208,-1.2739025441088034
3460,0.686951876893675
5794,2.663970458821717
56910,-0.6948944598469645
254042,-1.540726193619947
220323,0.8869668639823882
9141,-0.7661260008250351
257396,-2.132332336701536
84935,-3.1891811949836133
23211,-0.8478826458849011
204,-0.6922848277388713
5588,-1.7354805377792784
90075,-1.6720048479292968
22898,1.0866723310161868
2547,-0.6414952410642255
327,-0.7790454337244092
54863,1.0920884287261268
283742,-0.9964116881469608
5547,-0.8097034695913603
26118,1.0062435468329636
641649,1.564332838699381
81629,1.7367545363324504
79784,2.0862886792951567
3704,-0.9302713741444546
805,-0.7110796305598548
9907,0.8590904820857602
3710,0.8233180498556554
23598,-1.103411453697302
345079,1.746165214140527
81493,-1.57038130973792
79191,-1.29115640871106
5806,1.2815517902220277
1632,0.978854876944806
83543,1.3209628135481155
60558,-0.8713178151206414
146429,5.424814680922619
2737,-0.8437111126804144
4436,-0.9263790345862536
7097,1.782292114712004
55691,-1.174421922402707
9610,-1.6457809082673158
85301,-1.2209770952021255
1307,-0.7198366728434336
1955,-0.8307348031945182
388135,2.0444332531456144
225689,1.4444380214832284
22809,0.9611583072573936
3576,1.3380733796926545
55364,-0.7485568851820564
5971,1.1507044251184133
83746,-0.883957201373026
10952,0.7710055797594335
1032,1.3904512770941817
56967,-1.603043774808193
7403,-0.7079539123997249
122416,1.197828457757799
55030,0.8050880449883596
56135,2.8483892668855564
143686,-0.8129755237838207
284058,0.8734416175435673
7050,0.839735582090481
9667,0.8532109711133
100,-1.1704882402131187
55227,0.9396513611116608
51439,1.0470282634894903
9854,1.2995117831147134
321,-1.0719290664556926
27333,-0.7940728524748393
51106,-0.9830880208911984
22925,-1.4000724750618458
91179,-1.575588127942676
8638,-1.3479158836236869
7763,0.9774559171972412
2639,-1.3647408840065929
10955,0.6631071498262867
374897,2.7436895933394387
55103,1.0497861897302925
439949,-1.7768717490323171
5395,-1.0124867908462565
5935,-0.6243561316060929
101928143,5.105854667201058
22854,1.381478972200752
9520,0.8134616935475044
10039,-1.2046941596020624
10492,-0.69302741681792
5652,1.2085714103944984
92737,1.5353168089041935
1285,3.618861747383061
84708,2.668490517008416
11200,-1.1742297566606452
143458,-0.942370193827945
6249,0.6805698154791674
140469,-1.954813391386049
55341,-0.7624486481504082
868,1.0372013304339305
22893,0.7754583982370089
118460,1.1026632684872524
4669,-0.996878194570472
84517,-1.7390799390772698
28970,1.424641927272216
653583,1.350059817874022
5167,-2.3996827527175024
6444,-4.360297098386619
258010,1.3331585540648778
101928687,-1.8732279263652356
10161,-1.79081119322674
6990,1.1244713347023765
2237,-0.9635927941810986
26094,-1.1266366473979377
6347,-5.475813471582492
283537,-1.086888627015289
386724,1.8391721332100135
9130,0.7680070041413347
314,1.3536542836646566
8729,0.7316785440596875
9894,-1.0627859847518253
23048,0.8491410239690167
950,-0.7273834146695183
10055,-0.6958296581490303
94234,1.326836412520479
79892,-0.6814822292620984
79677,-0.8785412575933254
5997,-1.7652059149590362
580,-1.803983163941273
80709,1.198296500238505
10849,-1.9132085926625064
5685,-0.6520644400853545
9187,-1.000158884114289
1399,0.6485948278645745
114822,1.7061094160731465
4507,-0.8029308025079278
23647,0.802821534659215
4520,0.8144277841092783
23210,0.8747758325021969
1639,-1.0352805311794775
5552,-1.405444492603592
64342,0.8867767340331492
92815,1.9738405402158885
9605,1.0950689413366708
54509,2.268148713335581
11345,0.7161720604221244
83481,-1.3780856611735643
64083,0.7816972851538425
54884,0.7848956460103573
101927528,-1.813902296449862
1474,1.666144417085392
55704,-0.9209429223910548
4148,-2.9465120209316478
55651,-0.8718691059400626
51334,-2.1684312552159595
2804,0.9133865817043558
8835,1.1056672578324205
2260,-1.182463593204308
130074,0.6361672596426713
132864,1.1197799443876033
9821,1.0267263649586915
516,-1.0540759531428554
26011,-0.8371933108340777
144568,1.5491964477909566
79754,-1.269877847960216
9792,0.7699286454699663
10920,-0.7236081303770838
10618,-0.9979952445069036
8202,0.7912502823001681
4285,-0.9610772916785562
26012,-0.966237690305789
4835,1.1039201792407307
54475,-1.0942821021326543
2570,3.4138678525213466
162972,1.0694612564023926
115106,-1.176026930648865
151295,1.7813180721532211
56833,-2.9882702519389173
64108,-3.781226042309736
3964,0.8506939372592969
10011,0.7828411096688199
27065,-1.0594055325855145
80162,-0.8684396126896368
10799,-1.382109729129854
2979,1.9565299473364248
23086,1.349456968117623
55027,-1.289936118746798
64795,1.1344540696829972
8515,-1.6511535183879695
54552,-0.801866592545264
26815,-1.9630062127203487
6421,-0.8733693607301698
54566,1.0527160626381016
127281,-1.2619273615241042
57683,1.320216397253475
84250,-1.2114115774141696
148254,1.2918636471931246
4047,-0.9961099621773823
64983,-0.7396761177591653
5310,0.8970755469145385
28232,0.9841682054675333
84947,1.0999690286860804
1837,1.3465765897816226
92211,-1.849361726814716
80758,-1.7245908907476315
10098,-0.8132651196325702
26275,-0.964522767203588
90850,0.7840632569120791
57102,-0.8886332829265903
284186,3.177537409488463
150726,-0.917477401887806
79752,1.1827729287322128
4856,-2.249795106426766
84693,1.5703127488424005
2026,1.2237855052512214
5337,0.8306112901776364
8799,-0.9654690254612086
80263,1.1663457789220166
5981,1.070957864299628
3192,-0.6356157190127315
79652,-1.3471047460116303
3068,-0.7719942629673268
79649,-0.8145597038184103
375287,-1.3883428364530348
23334,0.7988956583791517
286451,0.9094581424789546
79954,-0.791675463096227
7005,0.9182171033028884
118980,-1.939595221379464
90874,0.9882215785605668
4041,-0.852921731913706
8821,0.6908587419100788
58517,-0.6617659344351762
23016,-0.8191118690957725
116442,2.1000875632285125
89848,0.9637651690188178
9422,0.945458968706506
6749,-0.7154230861868494
121457,-0.9210896853853088
1112,-0.8606304407037245
54069,-1.168420297571275
64172,-1.5993538123976416
5479,0.8609682284246786
51660,1.3252609608519392
673,1.0000052431193691
84856,-2.073428473695013
8520,-0.7229021110332644
55089,-2.698634935199703
91768,-2.1889365280401925
10347,1.0603818816095985
10244,-0.999356894141496
3113,-2.305627201673579
64777,0.9511689377007044
115548,0.8081336464105381
29087,-0.8806360051673348
79139,0.9945023008692232
4848,0.6406157487142209
1723,-1.4999809093683498
56252,-0.7948206526934332
1666,-0.7907153608312837
54887,1.0889167417545913
23471,1.083858134121641
3339,-1.2963055706667967
5077,-1.672804255733719
10087,0.8224516260735718
55762,1.1190367676511168
113835,-2.133303160190079
283078,3.076817041313442
25833,3.585141950588165
26121,-0.8558031733917605
10923,-0.8023084503692749
54462,0.99093010242473
10272,-0.8129225153800057
25870,-0.902366448339582
90809,0.8919613831412178
146664,-2.342189855062479
3066,-0.754882157969555
10514,-0.9285056088084912
126820,-1.5159390707448124
8877,-0.915564777616968
26147,-0.96764988297718
5050,-1.3434910404682303
7041,-1.0872804837252374
79017,0.8837302021915531
10385,0.9539036171446432
200185,0.8985211792723611
5641,-0.9804105216778496
112399,1.6357983416335249
81031,1.232165869054181
54107,-0.768544322453214
550,0.6705686525797363
120227,1.2413778748448514
84695,-2.418043842863412
8411,-0.8027855227539192
9455,1.1243825544130723
55068,-1.84129920369817
3985,-1.0954940184130355
56954,-0.845472713349719
90362,2.0612062509905598
9020,-1.3714708487739848
10782,0.6736040910310889
3624,-1.688608768025646
23252,1.2253527595139384
148252,2.24629974522692
79807,-0.8608594401281383
100129917,1.9278103914786109
1397,-1.7277158534867771
83452,1.1855185208888046
90355,-1.169099518257274
2181,0.7861460628031683
6935,-1.3519231744712088
5982,-1.09912794662711
60,-1.2195625452295586
5933,-1.3164539597470466
51030,1.082937442021208
58191,1.1852845261226717
10444,0.7356982553025196
5001,-0.8712504458249685
6046,0.7609569839572738
284359,3.1344717332919987
10254,1.0006337974238175
94121,-1.312268122535339
3159,0.7644975001921068
283232,0.9707832742720436
161291,0.8282781693261175
22846,-1.6599499168651848
2040,-0.8234402186848532
23774,0.8486881786782198
23120,2.369352288271149
145788,2.0744961525438503
23046,1.09991805568912
7802,-1.9509090414723955
3606,-0.8980132049257276
26984,0.955526864828826
7410,-0.8422164175773812
29078,-1.3284895693504173
965,0.9410404862473928
23168,-0.6475781865264494
80178,-2.3692643579605086
7162,0.7875197297047279
51131,-0.8251301479263193
6242,-1.3536266900927238
7431,-0.6878853371944111
9666,-1.265374667029047
54434,-0.907524845913406
6793,0.7133484809582747
222484,0.8609838361613998
9028,1.4915750663015126
11067,1.989412757699251
987,0.7682221393742215
57410,0.7407380736224128
23566,0.8177494325349176
7982,1.0899268151337895
8662,-0.6409016510186859
5783,-0.9482589299060336
11316,0.8618889967555365
26269,0.9213782378725736
92999,-1.0341347986031677
286410,-0.918245668948248
9836,-1.296156366299834
10516,-1.4967490374108654
11328,-0.6713674018881349
284131,0.9680321493117636
929,3.0592394875284747
162962,1.2013770012461409
7436,0.8764569852670481
84002,0.8446651798870037
255239,2.04314619267986
6558,-0.8774434587350571
11279,0.9063523193112564
21,2.896020940925242
2184,-0.859760297945852
22949,1.1459381011098728
2115,-1.2904048191295885
25853,0.7299882605225315
79070,-1.2400827533973295
2542,-0.9751058638751298
28514,-1.0678970059033168
7456,-0.9618683305301716
114785,0.8513375134525877
3151,-0.8488850084250131
166929,0.7637798062935816
29028,-0.9018197947613474
5411,-0.6178145635546248
90233,-1.0706598142815915
71,-1.006849393582363
51608,0.9137067325313316
51309,1.027135233535284
7358,0.8105338466322427
7327,-0.7604843896525031
9380,-0.8646013430180591
10488,0.7982031104635396
85415,1.2462694618596726
730755,-2.109116302497449
6431,-0.6960073670904405
9567,0.7645470344257389
23367,-0.5931686442234748
285958,-0.9595974040730088
287,-1.15651160390466
51060,0.7523899407031651
283643,-1.4351354509204566
7320,1.0557556907402297
147687,1.11140251556304
5393,-0.9351604757087494
57829,7.282737944537623
6238,0.6502410977620462
9167,0.816734216226208
3727,0.7877086324249367
7965,-1.0625666798081916
84645,0.8140221352294403
7748,-0.7928210637124805
26994,0.9346387520631418
51133,-0.7640984187388005
2982,-1.3860674822473604
9943,0.5681349261150148
57580,-1.772284813828787
331,1.2328513855222512
9100,-0.6385429681585674
10471,-0.8616084125188772
84295,-0.8458575959997992
11218,-0.8625764029863566
23240,-1.2074305302393933
23177,-0.9633829885238452
8676,3.0057229441315285
387856,-2.558967903531504
54472,0.8819513684212489
642,-0.8267668678266193
23788,-0.6719520170676387
57555,-0.898910224046849
79966,-1.2377422587124836
210,-1.0332853840153784
9891,-0.7170813639278133
2528,5.250156281811739
83595,1.0231933377865206
2275,-1.1531645430157345
79957,1.2934609822568268
64434,-0.7349662138655401
55038,-0.81569459841905
6605,-0.6516827492273891
51449,-0.7574610483156049
100506516,2.179440193601979
3918,-1.2509405750166185
10497,0.6738569134390541
348110,-0.8910828134080352
283463,-1.375118978942952
79901,-0.7356320776586149
27330,1.6766655387564475
79571,0.9311827359814692
3383,1.1658499174219723
154141,1.4828146719540034
4357,0.8009375705707713
4190,-0.657610711224264
30008,-1.295754496546657
8473,0.7338722113009043
6484,-0.9298201409974712
644815,0.756952043587568
2246,-3.496401722692877
79622,-1.2622347087859216
114791,-0.7662375178905557
54984,-1.0775317986764994
81576,0.8727246768396286
10797,0.9506909344933252
221914,-2.411275567806856
79774,1.3663821897169588
55351,-1.9624066935383264
5888,-1.5111642881350276
3589,-1.5665270116030292
693201,3.8897973137698063
56940,0.8302199400835987
414149,4.05658911860309
57691,-1.282300591111959
8692,-1.440714541751427
245,1.810217545050467
7442,1.0831980621692263
9351,-1.1657409901898574
25814,-0.6118618600431877
1949,-1.609190200056816
79723,-1.125597421583216
81890,-1.0834664383234314
1894,-0.7879695811097894
83440,-0.8011132858910383
8218,-1.0048149447730916
101927759,2.656082637653775
3170,5.887048965597179
11244,-0.7225117922807743
1368,0.9676421410717144
60401,1.1823788486855051
4795,0.8796628557669259
51195,1.1839687636432767
23321,1.149788017468575
23767,-1.1796479442875576
23593,0.8280227110460497
10046,-1.7063136655651978
57089,0.7277485573654207
1824,1.0003652120843975
117246,-0.6414066073185751
93099,1.0091575444932042
29959,0.5886922593414172
8570,-0.6392406696659896
838,5.63913444807628
375791,3.471482978960608
375056,1.025725732273329
10189,-0.8911639278460363
65003,-0.9188588076588222
56099,-1.406723196275472
56965,0.6858791379283102
23336,-0.9811102637562298
10519,0.7802917626113212
90427,1.5651122866899423
387763,3.4485084851887
55924,-0.942321232258707
29855,0.6397524137233251
1820,1.0087995574538102
221294,-0.7976730352395207
23052,-1.2021653217386146
7107,0.829689051211387
50861,-1.7469180866395124
7416,-0.5813758115861901
27341,-0.9024831935273144
54808,0.8655341540039045
156,0.8009278996264535
8658,0.9486974722832884
216,-1.7689184703722132
692196,-1.5786539328632103
26050,-2.0216564584339665
5424,-1.403617162010023
126282,-1.499321287109972
9953,-1.5627782310215663
2287,-0.7331608036418062
158471,-2.2889566270116988
79810,-1.1619895238102058
170954,0.6853247287085571
160897,0.9916656797464448
55344,1.1957097369050624
64718,1.024590400740506
326625,-0.9074752340776208
100506930,-1.2278215145576683
9124,-0.8981147390318072
27241,0.9819325077692356
5268,-0.8993396101547152
5336,1.3935730871657164
2151,-1.8232699142350035
372,0.7803412282847771
284098,-1.0587751177070397
5093,0.6037477542978058
66004,1.5043927647255635
79007,1.2321846281881117
498,-0.5731870384181653
967,0.6502433268847081
3687,6.213182072159863
8887,0.7217687483365269
11214,0.5719647314064739
55283,1.356108687491293
157922,0.7068910782062298
83862,0.9209809565006456
8974,0.6789214276113823
6385,0.6723185248525189
5116,-0.6670860185400311
10144,-1.0353009306590093
134957,0.6657411570496873
132884,0.8884753566042075
159,-0.6438117589900471
60496,-0.9141090794141896
151556,-1.2089074226980128
8626,-0.6307594424081333
8148,-0.6288974630671971
115557,-1.7512472521319629
6318,2.337765457336406
283299,-2.4925029677276407
23208,-1.451602034494606
5861,0.6363021657098648
23277,-0.8316063015876668
8660,0.8265524819019293
94103,0.6407164845633877
8427,0.7859544812565094
64770,-0.8068143335623127
1917,2.3201501401896016
91300,0.6679996453541643
57553,-0.9706893655841804
54862,0.735233770573946
83737,0.6792204479954282
63892,-0.7890934128168021
51081,-0.7717106144526686
290,-2.715596129061507
7447,-2.3647982252833994
25936,-1.1140342976936997
10163,0.5702574884577902
8721,0.6443155037043188
7355,0.7119718456608064
51676,3.0594702006556105
8639,2.0214697867967013
80346,0.8802661371803797
7988,0.9894307986080736
115703,-2.902321113603502
90624,-1.0889492090184814
56474,-0.8284657156621306
273,-3.2671263279929708
6875,-1.138301852165298
122509,0.8359020897907099
989,-0.6830450398712774
4053,-4.0621170905671455
65265,-0.74500565834518
401491,2.1965489900397843
169714,-0.8565141098353429
3035,-0.6749458029593147
254228,-3.469876013020088
571,0.7143484647323949
56929,1.1510799113607382
55343,0.8017430446557782
57579,1.1223210398600352
8970,2.6274958307892367
638,1.9187758501453476
341346,2.976267789471536
84668,-0.8523052133031703
84083,-1.1236374109896503
253461,-0.6843139467123642
9022,1.6499885876858686
10484,0.7547090357993963
55034,1.1783051716266566
23360,0.8111041105883604
54621,0.9752870233279404
351,-0.8189641089757123
401039,3.1802105118799
2131,-0.6017586351671458
102724515,3.848360824910698
54805,1.3883285591478087
147172,0.9605930505152664
343578,1.302051540542452
2820,-0.8550566839941949
60313,0.6800519554775978
1267,-0.8181176636867036
114771,2.173673961580934
157285,0.9454796175124331
100129482,-0.9946544612036048
78990,1.07205249329425
6696,4.065806382696095
9361,0.6743050102995134
6838,-0.7404292854368444
1854,-0.7815507523275226
55810,0.7152736203692885
9791,-0.689691803525286
6631,-0.7927852869711143
7975,0.9111867362741096
80034,-2.061757473639445
8671,-2.8742908316149234
26747,-1.1767109567752103
112616,-1.4180761909544188
219790,1.4888252941697655
7064,-1.1539316486753433
10935,-0.6247566447076819
55071,-1.1863772046110337
3716,0.7495522914823214
26806,-2.2736334000156377
55621,-0.845858422957324
5550,-0.6160276051128888
115201,0.7631273023367883
388555,-2.430088872297965
6443,-0.8595195395313082
8891,-0.8485920910214152
1821,-3.465851570755348
100507421,-2.0406399126169825
483,-0.7160591867736402
283314,0.82342020215021
8883,-0.7313370215754202
84265,-1.002943103140483
10090,0.9910147214291962
79133,-0.9844090831720932
55577,0.7864628959507183
10486,1.2607352513375845
64065,0.8084159598953206
4358,-0.873359911902005
11222,-0.6704895128454459
10838,0.8499798679575806
7702,0.7760226948997957
29095,0.8322548354978497
93436,-1.2394756875169133
7762,-1.1033820752787538
219539,2.690100252629274
4999,-0.7644106305239383
64393,-1.0140829416694896
7639,-1.228700538536281
57149,0.8982859682623119
64084,-2.6413394391918694
127703,-0.8800732265612917
25999,-1.168683697139182
4904,-0.5933575241229978
10617,-0.5873970968485779
5208,0.7310425240405083
79946,2.577201580385005
9692,-0.7008378637673146
131601,0.8279139998550465
9367,0.8917172551673057
3659,1.0508774623968709
9853,0.7257757354357736
4294,0.8271328291194826
283208,-2.3416433886139645
51367,-0.9484292942049504
4498,3.996783961905844
79971,-0.6905220587164973
8669,-0.8216759993301299
9497,-0.9951518619979712
3231,9.470097023296194
1382,1.456739006042344
135114,0.9145110887458238
619351,-2.3088512978089857
901,0.6629682172918042
1201,0.8478251949506721
8915,0.7928012616779961
388730,1.9907045460451729
142940,-0.827513937978417
7106,-1.1346681087000785
6596,-0.8719025798358935
6722,-0.6769351817113133
3482,0.5879197728904646
4692,-1.5442594092522657
5360,-0.985483979380616
51087,2.9582065130665507
388403,0.8585042247545688
5596,-6.950691536857667
11322,1.01295456328558
5970,0.6998816167537141
50506,1.3091203615433933
83439,-1.087049202022942
170959,0.9170655748038924
6634,-0.6027173403172145
3313,0.8877428367612781
9562,-0.8582062705272336
55286,2.5366611156822594
152006,0.8361248338444356
79739,1.220661076878544
203286,-0.7549060387221123
211,0.7271132642380086
51073,-1.007016767759901
125058,-0.6326870020420193
57060,-0.9272585549716664
1475,0.9566903492666636
54811,0.7190454775262132
105374378,3.7623519508204
79019,-3.268952713262945
2145,0.6796593688222072
9524,0.8900001364708692
84246,0.8124943544521773
23275,0.6426020676101473
4524,0.7416532395585899
3653,-0.9576634630524506
55052,-0.8399647255776919
31,-0.584162685821638
27068,-0.728892654261392
90864,0.8327363265832823
5296,-0.7386152365205635
124044,1.3404005151370832
26521,-1.0209789491812435
833,0.6743378303914682
79364,0.8455020001116411
8000,2.3103017580248544
6792,1.0139320890002386
8602,-0.7013361967052749
51029,0.9653257224238212
27244,-0.7823964803661329
7157,-0.7613220197615147
80705,1.404680172986282
123096,0.8065253873811841
6397,0.7050890682069343
5590,0.8482016805473708
51293,-1.2906721721885035
9669,-0.5919951632027483
11161,-0.9566114000204798
3077,-0.9877863341709164
101927027,-1.068640789492564
80345,2.0828724917432657
730091,-1.4315584220680586
55002,0.8541684303370136
84524,-0.9311865561574096
79839,-2.918389483656322
56261,1.020098863043813
5361,-1.0075082636533192
112936,-0.7416144688923599
506,-0.6477955414383649
4683,-0.8125445083605625
54885,0.9428577861242966
653499,0.9385178093106302
2013,0.8810157481145457
7764,0.653729273668427
2530,-0.9252824717422272
51136,1.2279855086548672
51184,-0.8869849354207683
54332,-1.0243950173885792
138199,-1.0923688512057712
5720,-0.6281406246848479
6699,2.5866122297622125
10865,1.2505969514025643
27069,0.7619252317315264
23255,-0.6800155326471177
92345,-0.9904897901655982
4126,0.7441537939438709
90441,0.7772724802256534
57657,1.248153374474434
23254,-1.0977171589705752
5581,1.236162094993487
158584,1.755924501297628
79660,-1.1343341166213656
56975,-1.5598501623632135
1984,-0.7707256206306328
8418,-4.166539916880676
199953,-1.230944159320394
84919,0.7354511071565303
23515,0.7260749615209964
441666,-2.037738569582449
57587,-0.8706293687561323
10980,-0.6818892086900161
123720,0.8095622665298468
5372,0.7930730679352108
51499,-0.7012699031221858
541565,-1.3314249690628617
441951,0.6475093394218089
7204,-0.6248116140268689
9554,0.8136352469109449
118491,1.1386855663545037
125111,1.5318813817261918
6917,0.9767918869698704
56986,-1.0325375761502071
57648,0.801495170459017
4166,2.2248209234454244
143187,0.6203335054261997
79674,1.508829371090968
727758,2.887307113081734
9249,1.6103663595121218
26750,0.8837806820648303
8402,-0.8248820475103759
1795,1.4386188574475602
6627,-0.7603811131149375
8870,0.5639756950076191
7851,1.5504375387793967
55733,-1.1453243548451428
9586,1.0474269591412222
137872,1.6696951014498207
2589,-0.8247451623391082
63027,1.1935272756030226
2646,2.6428867304458725
8659,-1.0360893581760429
10243,-1.0624318385647666
5536,-0.6458435833792191
11098,-0.6486950890158991
130916,-0.795480209949537
25,-0.6440253466288439
57091,3.230739733048281
63940,-1.3097418259883795
3267,0.6297539588430782
956,0.9833230099595464
23352,0.5507262628169771
8341,3.1947885705376025
57186,0.7440091273174206
5245,-0.9005940370033668
4257,0.5926074687100256
7182,0.8195242152884216
114034,-1.1403982078913966
10652,0.5856812735702217
100499466,0.8503288454140112
10517,3.8563198543989743
664,0.7254642208757233
6047,0.7166214996945717
10979,-0.8805980430242553
6857,-1.3822640985113115
1207,-0.6442599865124281
80312,-3.5084179323755844
3735,-0.6164601823424146
7058,-0.6596216387085376
8737,0.6160303630249268
11094,1.0776168224893885
4810,-1.0969135683737214
7404,0.8211364582742179
6183,-0.8850674171519078
25818,1.353665327392414
51379,0.7417879942622985
131566,-0.590996352878846
51535,-0.6560028602347242
10988,-0.6415724087921729
60485,0.7138583212834906
137886,0.9496215635294306
114659,1.0953355430192933
23192,0.6790956019588296
6667,0.6187336247929514
92014,0.8731874499833803
10165,-0.7014818545137295
25992,-2.9107496944797484
10512,-0.6492386996516569
10113,0.735541922379041
64222,-0.7932900380663033
11022,0.8907447220889394
3569,-1.1041841836547823
126382,-1.2442700064956185
11343,0.6847870248031239
51026,1.2449316035007385
10772,-0.8079120453172066
140606,0.9294247526046474
1745,-1.645015874888405
6608,-1.024693776281349
134147,-1.0761640895951128
5260,2.6010012716562243
9435,-1.0387144805593131
3294,2.1631636826762244
5152,1.487731590107237
55246,-0.6833687121844433
10607,-0.9442071488869972
834,-0.8972426759818947
824,0.5332526390879013
3351,-1.667107736933371
10938,0.8969862389101366
4323,-0.9003610217365953
775,-2.1842236521129257
140901,0.6338761889028073
10634,-1.0127102284993
3831,0.5412994014117642
10482,0.7006255939431657
80339,-1.2144832819395937
9201,-2.294774446015478
9517,0.637561094303512
6920,1.4208502285055045
29919,0.775738275030663
79705,-0.824661641162563
4793,0.8719654694890194
10564,0.7060933435942984
57020,-0.6156136443515641
85007,0.8574925928811817
9263,-0.6488376429223125
81875,-0.6049022481250239
10922,0.6934359397589105
116987,0.6533065773961917
23481,-0.6511544117707572
57592,0.6834077315609668
100505573,-0.9829673682039314
2736,-1.8168923478154444
2651,1.3156928126361664
2266,2.8518620754458026
665,0.809031232519233
28960,-1.103669005642834
7798,-0.8212039268405958
6414,-1.505330108125633
4150,-0.6568264449278438
11041,-1.0143957344600103
79675,-0.7900406125115448
84085,1.0145284670930732
440498,0.852367617222012
23625,0.8252606517884223
4833,-0.8916492805124119
6322,-1.280872542198077
10699,3.0677173525094323
203547,-0.8430102653723802
1428,3.1091188691280083
101927720,2.162198402743892
51128,0.773694344071422
80765,-0.9266293818833302
6664,-1.3479651826384154
9304,-1.9200064383486772
257397,0.6954395244315138
116159,-1.4209703032770429
5366,1.1877393228284392
8833,-0.6534246581207221
55095,0.6709347568886415
3756,-2.4356995310589933
26586,-0.900491595325169
50848,0.6219650132901767
7190,2.899764937250222
5194,0.6875078888100784
201725,-1.307760431569165
6453,-0.61346929953111
89122,0.7297471809948752
54407,0.7061356486577162
55633,0.7002240129070021
80021,0.7938751177193225
5311,-0.9133789470491932
10446,2.259694672110315
3488,-5.105255590293716
8538,1.2277880875620737
4780,0.7286030142492274
7844,0.6759108612400545
51593,-0.7786687030101281
9592,0.9896151912596542
8767,0.908343603802534
490,0.9328812134999914
7029,-0.6750101977638335
57597,-1.089065744915654
54843,-1.1630636615784975
55791,0.923667069845038
169044,-1.7567124476916394
6280,2.4155394165067
57325,-0.879037021076296
644943,-2.3172983176539725
56898,-0.8627151562624116
7626,0.9326176658089448
3290,2.799183988855756
10491,-0.596928538577708
55851,0.6695675059592897
100127983,1.9458414369109167
10989,-0.5903071876824463
10456,0.8262826132862116
400451,1.7677455336891152
1956,-0.734489073892124
307,-0.619094436773766
4163,-0.7532513405411397
79039,-0.768577933804898
51575,-0.7988645375789961
7673,1.4671377396212846
9252,1.1519328305178052
641339,1.5124866018830698
84959,-0.9504951204409244
54360,-3.530383348720554
284194,-3.035887079166427
5066,-0.5701251113766996
3216,-1.9272477221406623
373,0.927800747396808
51649,-0.758191885023308
57491,-1.163026735423027
7482,1.5263086172359293
7108,1.4266097111373692
51603,-0.7744599439585003
152503,-0.6109215674165228
5188,-0.8239404406835916
65975,2.2362764562066197
22826,-0.5985155393111894
9189,-0.7400953959031281
91433,-1.020434879568246
339230,-0.8790074232293884
5802,-0.8137798671659796
79187,-2.46888814265393
284391,1.2720746635423912
84245,-0.8022144480436905
221143,-1.44075516848215
57106,-0.927220873162198
10565,0.6599952056868618
54947,-0.6828368040674763
80851,0.6810017129668972
3700,1.349313370654249
5565,0.9929001954790532
9516,0.5459783086498412
63933,0.7345824221435255
647979,0.8274991246202202
6704,3.9800808054355303
388610,-0.7994746175257392
5699,-0.9535820013737716
55520,-1.160639168070608
23264,-0.6127880223305514
51255,0.6889881569325852
4335,0.8497693427392715
6698,2.959584698995972
9203,-0.8869514618502011
136,-0.9410125438413656
8496,-0.611257601938583
7879,0.5249789372293532
54470,0.9838970786871226
84283,1.4034403732304397
10126,1.0003539471730112
100462977,2.683303278584851
100506311,0.9378141186246264
51646,0.6608534423311645
5595,0.9017280579942756
391,0.7995639564572463
144455,0.946575549362414
84971,0.8950423461008031
2935,-0.5259674558577522
976,0.7716366822698077
80325,0.915412634544398
54538,1.921974071253958
92140,0.7762746954299222
1794,-2.737448910770945
140886,-2.9349895316666426
51201,1.2108213864757316
57035,0.6931696541721113
80212,0.8403854778791322
22882,0.8603181539422895
81796,4.122299924829855
80318,2.70819748796529
29945,-0.7683478909699007
54765,-0.6339669071094529
23170,-0.8960315527145116
9052,1.0388361917609197
84284,-0.8713165762605936
7461,0.8434779933017311
283417,-2.1395031139790017
1027,1.0640777261922807
374887,1.396780501741851
6445,8.90553633665705
57465,0.8559649785349497
5170,0.6599208527486689
23118,0.6055356891825193
10966,-1.0484188141739337
8809,1.2933973745038083
55222,1.2243063366885518
222962,1.113259438842496
4729,-0.6229368794360953
100289635,0.8185146770313743
11227,-1.2405520036539863
4130,-0.8203334642734552
3164,2.4001856879663075
55773,0.7763931313679473
91754,-0.5950993675029167
79695,1.9208469158333
820,4.599870647918216
23178,-0.9735662376715816
9144,0.9401507478514884
79686,1.2165719323721549
138639,1.0479311750050502
5452,-1.0793251900995358
56915,-1.1588565416676848
11339,-2.180429310306013
9209,0.6955641085996963
23493,-4.154070311376844
121053,-1.1434179563546722
5989,0.8635684388783855
23517,-0.6259859288939804
3420,-0.7196243499627246
252969,-0.8296320838437021
56849,-1.5695410595528436
1965,-0.5801798369497979
148022,0.9390620247741268
1672,1.3933950523419911
64359,-0.7834185795362023
80000,-1.0344144379487017
10318,0.7075540249504931
29062,-0.8724064852670432
147040,1.2709528493488405
997,0.6888137985036374
95681,-0.7863407622233634
100499467,-1.0165688647394322
57018,0.6608460385983194
26256,-1.097463961207029
10018,1.0107312379932432
284403,-1.323257471371869
84674,0.7202006201274542
1286,1.752292407192526
51001,-0.8561362995874476
401474,1.1578006518596702
7164,0.7994063387585058
22863,0.7962912334704012
100506895,-2.371819771957693
84818,0.7872742966941567
51474,-0.5582350082882125
143570,0.9457772151659676
389432,1.2026754892657925
4216,0.8142380073202987
54495,-0.8531010626607222
9489,0.7368127187890877
9452,-2.0227813406138444
274,-0.7642968170706791
7499,-0.76549096221071
4067,0.9008045318323118
231,0.5972989995883807
80772,0.9676453214647068
79041,1.7802205924599823
81693,2.5835792041953227
10956,0.5386092814498501
23203,-0.8227674176778378
55705,-0.5435235831550913
34,-0.8396952124722481
79728,-0.6863626744453266
4869,-0.7130913153926612
55249,0.6041140348000809
2882,-1.7506334526730731
9925,0.7219736988390832
2519,-0.6154448140922576
8542,-1.639118431448389
2033,0.5559779285772399
8526,1.225300459194071
54557,1.1945905660020273
80124,0.8318722609301282
131076,-1.004004752326744
3224,-1.382463325368258
3217,-1.6796341506721346
55969,1.1355273659509275
100506119,0.8368026020085585
6428,-0.7190899220533526
23193,-0.5252589768216903
6304,0.6848908488603705
79053,-0.6519185337342843
6450,1.8853673955339192
91975,-0.7798535026995025
114897,-1.023557553477651
83591,1.2164306602000712
375616,2.80892348572179
440138,0.9389287563317744
1912,-0.8493298801626631
337876,-2.1084634098673387
4076,-0.5091943531190033
55334,0.6173575432598488
23476,0.6347518437113205
5836,-0.9805556650442312
9159,-0.9029603678889913
64794,-0.7666205886323304
4741,1.222349801783457
84239,3.369525757169264
8407,-0.7995893544131417
133022,-2.395969694693369
2926,-0.5525014487979093
4616,0.7229738288929523
27352,0.695693359301408
84191,-0.7539671120378291
55319,-0.935366313661881
200081,0.6683645710032347
200895,-1.2721588763231622
56681,0.5893234677804756
125061,-1.0910895416902482
1107,-0.5683713868723628
55020,-0.8509220405247037
2152,-2.7104617117679197
114881,-0.9614509515555424
8568,-0.8226317484897704
23082,-0.5738881881125233
2539,-0.6751910652891784
9700,-1.3449992875416832
80737,2.242540017061028
57451,-2.4513670712980757
79018,0.6878381438745389
221264,1.678491241790855
317781,-0.7828361838655341
135228,-0.7753019635099254
347240,-1.279130896716825
9879,-0.5950693819539091
63917,-0.8447859347151354
124739,0.8947078535112817
10984,1.0047163872471674
5335,-0.7941033303990332
22929,-0.7656147106284471
137994,-1.3253661256801954
168544,2.0385856037045342
6745,0.782114264654442
51692,-0.5944474535428859
116362,2.6406104595236304
10579,0.8463861606240197
55083,-0.770960647973211
654346,-3.2620806640561533
26160,-0.8801347792000235
966,-1.1110959735030277
6330,-1.0630556755635665
55359,1.102390259924083
6707,2.509184762302972
84938,-0.9376949147267948
23173,-0.578246428707453
286676,2.568214065069311
221037,0.6626165670841747
23568,0.6119494377490949
9550,0.5757107095643256
1613,0.615007373365156
64925,-0.9622712054847108
55789,-1.1591658577205537
207,-0.6954343070461707
60526,-0.7345386501037864
3476,0.6282636387300624
2595,-1.2280286787317838
8527,1.0987691753801114
9121,-1.0608618091021504
80018,-0.5955987859335355
57403,0.661356637575237
29767,-0.7087320372119571
10309,1.5060479122388435
22992,0.5588251476328555
65989,-1.280097366538812
10613,-0.5973113306867908
55957,0.8953665153452157
26007,-0.979955638785931
51611,-0.6757440869892904
1478,-0.7132714532256789
394,0.7346570381003648
3552,0.5518821706822662
3705,-0.7536781471082301
4154,-0.6878536898194691
5154,-0.9232275991089492
10529,1.2079131853679197
2532,-2.792625891058654
54778,0.5743677559827013
3073,-0.5575432368074708
5683,-0.5672885797189618
54985,-0.9851813422534356
100128398,1.3493946035197528
29880,0.7587946625536469
2055,0.6570444472465627
1028,1.414704691224609
84446,1.239286164254258
80067,-0.7218492611514514
5464,-0.570392113268307
80005,-0.6146662581758163
9786,-0.7432483200380213
3157,-0.5909210662992547
84958,0.8197702066905448
7433,1.5983827075550725
3008,4.431137459093653
23637,0.6279635787774696
9778,0.6276836666412421
54460,-0.6380365060914834
57111,0.8708460744045099
338707,-0.9922825960319622
57515,0.635529947914715
167227,1.0466514974343724
153527,-0.5682097787393823
5027,1.822824902634396
219855,1.2112094551979944
7424,-0.6663602697692718
55862,-0.7146935981334976
7068,0.9873065420185982
604,0.7379421888994728
29969,-0.9359666401386096
196047,1.0846486803662978
11005,1.3292633873384074
114804,-1.86241439060362
7586,0.6523854958530343
79085,0.6831049821619503
51678,-0.804943209164865
6446,-2.14247552637522
6434,-0.6451306511376601
6398,-1.1579098569679442
6472,0.6112800339691029
10724,0.5596712193661395
50650,-0.8312276491528199
8605,1.8060037371592368
54587,-1.1384340083170743
78999,-1.18891361292315
652276,1.3368662580766633
4008,0.6826395423348888
3755,0.8463296696166925
84879,-0.7444598731859432
204010,-1.9341474189400447
85460,0.6529286836742972
7738,0.940020991600132
3189,-0.6080152375432204
84631,-1.5924896502197297
4045,-3.683772381413651
139285,-0.9901579317107762
4330,-0.9511773761970368
25907,-1.4162109168897157
64131,-0.6373759796925114
9857,0.7236364455329096
64132,-0.685588097061677
22906,-0.7017549844909707
84240,0.8888841321914293
51063,-1.1936019809968716
54436,0.8830289085346619
5332,-0.9491959935986062
56957,0.6041659945633172
5869,0.5437664023202047
10899,0.635323768327257
55166,-1.2884166481316806
55199,-1.8728839842163725
55529,1.2531703418960485
195828,-2.7553041353180228
961,0.5301173720332706
51458,2.5275103254650104
5732,-2.904446453088017
4489,4.602235390610379
7706,0.7875136611889479
54,1.076930241620733
1762,0.7153208222015989
169834,-1.6771949289772732
80145,-0.7142563835877542
3308,-0.5308965320137571
100507246,-0.614194963527631
185,-3.3978921605900134
84064,-0.7582345129108161
6117,-0.5584629174638034
55775,-0.7130260514551446
23300,0.5838649399874235
80833,-1.8642414831261325
55701,-0.629605639776812
148641,-1.2096757854233378
9723,-2.541489524392937
56943,-0.611389625717788
9615,1.4193065126557434
23324,-0.8477986416907136
25925,-1.2159218823495437
10329,-0.8858541139243431
55559,-1.0656881452601104
7342,-0.56855308083381
56034,-0.7191326918455817
220064,0.7012474649460708
23272,-0.5924288573766513
6289,2.3172443386632797
5985,-0.970231565143192
23070,-0.5698536637336633
3556,-0.7370506442794366
81566,0.676629940442563
4924,0.648417997499743
51341,0.637664950202207
154467,0.9180185068416356
51156,3.290279768809209
56983,-0.9633430222770047
27101,-0.6902005333288955
9674,0.7995006149447902
55660,-0.6089489535319588
4325,-1.8495684027417425
11337,0.5366590266316745
5067,1.348451311881278
8482,-0.8642580712786438
124045,-1.3185890197795396
64901,-0.9084662690463648
51339,1.6511713665169945
23089,-1.107583138201952
55035,-0.6779435538009935
7582,-0.8196487432178406
113178,0.6328851134572344
10555,0.7597810440808652
93273,1.9991605882443924
80349,-0.6552900343103508
256364,-0.7764122848910523
214,0.7731462022429842
373156,-0.7081241001404377
6273,-1.0672501755798671
9797,-0.6135671233780958
79922,-1.28721764091206
16,0.6061135450311702
23576,-1.19376699053434
645644,1.922113634076097
29801,-0.7635765849023505
128178,-1.2114595420973675
153769,-0.654206324331762
154664,1.5294590568682875
5218,-0.786420972740506
80055,-0.9598237038593284
4584,2.3669335096467643
610,-1.2295321339202292
163049,0.8077907270156349
2879,0.6517878598416244
79022,0.6208797749002666
25974,-1.1150556427624758
101927260,-1.6838323547220937
1000,-1.4085635944096273
79864,1.068412207846791
55004,-0.6995338403367244
3776,-6.271048439975448
55831,0.5880102547081432
5156,-2.1685473448534256
10157,-0.9065759079056482
56924,0.8256054983019543
2568,3.9514135400891446
81669,0.4772520814040472
130497,-3.1171981515711344
56913,0.849439441834559
90333,0.8075155100878282
283404,3.979359791714157
64928,-0.799571024473834
51065,-0.5373989942721585
100505687,1.409339590293484
23527,0.8840013095287589
162655,-2.3555149727426223
51002,-0.7700304617499163
3115,-1.965923663853074
9139,0.6134353175444635
1719,-1.3047506076001745
8629,-0.928537869279721
58538,-2.6896255286719897
115361,-3.654743105941238
84057,-2.270525829639676
2123,-2.297231634608241
5054,-2.064242999531561
5315,-0.8804159814359528
122769,-1.1102882118728326
6879,0.6235934715388076
100862671,0.751810109539568
1002,0.8608326953024297
84306,-1.4316841229866508
734,1.00482533092865
144233,1.063514732151378
6483,-0.809875531300137
10418,1.6522269644356289
6342,-0.5821263389183072
3751,-3.55072155683936
51451,0.6891294144764791
51244,0.8895118388683367
11261,0.5366083646562199
158399,1.5474419510177615
51633,-0.8778144998547789
26207,0.8170997597401592
55033,0.7934218757148596
56950,-0.6654778417860223
2585,0.8638028886417194
196441,0.6280267391089441
6580,2.4351437142178174
54965,-0.8896247970740297
64857,-0.8095939757706908
8569,0.6808185510144127
1121,0.8089413109430565
9533,-0.6636854826052825
2971,-0.673253001902972
793,-1.2720256586117311
100820829,2.533890800789218
85403,0.7133396399695925
257218,-0.7058047424341529
55607,3.1553047384784647
5612,-0.8491139606324348
1767,-1.7480511677369552
22934,-1.0132097000443792
149951,0.6450254383376144
79589,1.2411357546533317
25984,2.922015295336671
2653,-1.3782676047229292
8754,-0.5306060473701281
5873,0.9624252885579184
26517,-0.6976455995518676
23299,-0.7319220121577616
23371,-2.4723481023644966
728323,2.0168376600986093
51573,0.633536495141554
114990,1.0337943737022284
346653,1.3482580506331794
81706,0.727564168930127
140885,-0.7593666552880135
51567,0.9899044153814974
22852,-0.8789480142660379
9577,-0.6933011500914659
602,0.9588688725211564
54039,2.5663110474019555
57405,-8.316710856549298
7188,-1.0250235418089733
29123,0.5510883431522
11009,1.6427981050961296
89944,-2.3355936795338077
90141,-1.2903268274542297
6628,-0.7482589140829035
5139,-8.387472535387488
3107,-0.613327909342877
85021,0.5900644409671257
9960,0.758556986343563
26074,4.025242776495031
57505,-0.8225211918963468
554202,0.8508743762982578
54841,-0.8862836746702228
9297,-1.9144432816386112
91869,-0.6651541729603538
23243,-0.7585494823311658
79887,1.547600897046186
1384,0.6688892421880764
170394,0.7615717993518227
100287216,-1.953216994682796
387755,2.078897893669461
101928927,-2.119269211474049
9509,-3.656887932312502
51202,-0.599657581476941
6890,-0.5758692956720949
220002,-0.8013684574430193
102800447,5.408424286223775
6293,-0.6955287057679894
8706,-1.1935087420381651
23094,-0.9109486671338516
1647,0.776943227136905
10668,0.954754170027954
22875,2.2069656087279483
9898,-0.6115591517762654
387263,-0.7188527080118416
55329,-2.3791604827102915
11260,0.7115671330507876
8367,3.537219623361698
80219,0.8029182218250898
23270,-0.8006780246861697
23157,-0.871229978195708
79269,0.7137052251713232
51647,0.7262343632600805
51427,-0.9142893102440524
84717,-0.5642913090036322
942,-2.817173851287037
10257,-0.8644718591397148
22883,-0.6887490398715254
675,-1.72155037964937
23433,0.9122112394279144
147660,0.9555664904729944
9969,0.6262069417860103
83988,-1.624390755280009
283450,0.5376955216948964
56654,0.9421441760533924
5515,0.6024744832898032
51296,-2.6971429683955126
51100,0.5826689465568217
83758,0.8009009090777943
10301,-1.4561986775262206
2821,-1.016030670727943
2583,-2.667416112582529
7531,-0.50733736197294
55632,-0.8256793456050986
8623,-0.7641411559805679
415,-3.19238074393742
8195,0.9618458403687664
139735,0.9936149109154808
27113,0.9050433975562658
84816,-1.0537747175126042
2549,0.714117783160959
729830,0.7618002945167351
377677,1.054265689001453
89845,-0.7836638500695686
642475,0.8871277627687941
26993,0.5312329990357041
8200,-3.021117329653169
5860,-0.9013589059190736
80071,-1.4727385693857311
133418,-0.9006411939440693
9147,-0.5443572567463273
728377,1.1265465477271526
202052,-0.972883380794778
55666,0.5391736691466728
57001,-1.053463393419363
85440,-0.5178924841175913
50854,0.6387508874252059
1628,1.4733463586655329
440574,-0.7077394624034655
5818,0.8857888651827823
367,-1.797933242259224
5602,-1.053748907119388
5338,0.9362992408017006
119559,-0.7699211062922633
23132,0.6514954513225396
132625,-0.9946338568872656
5913,2.249157457720083
100507127,-0.7876954605724416
728978,3.887657425261315
124491,0.997554071365748
26022,-0.6177166953419311
10939,-0.5369238368825314
2593,-1.1322494629403812
29929,-1.1340000767213672
22823,-0.6934318779233611
100131211,-1.0410415656792174
22926,0.7126479499720678
59342,-0.7282902332871543
282809,0.7999414079450902
104,-0.6823767285003005
9819,0.7631361803168842
5052,-0.4764668373996378
9538,-0.5336495265801448
27303,-1.207718857280247
112942,0.7491010280501061
57026,-1.0919471687520794
81532,0.7771397452576756
1044,-8.257453099657013
90381,-1.041968533691576
130617,0.7376240465162156
147685,1.6740403981331475
4739,-0.9458513354809024
121512,0.7278144263196599
26233,0.6997368575868557
51604,-0.8187972397612303
10973,-0.4853031337144871
5495,0.8582782590239345
960,-0.944061568360932
7248,0.508796777664439
493,0.8443283547709194
121441,-0.6753118635540026
51115,-0.6758553206061392
4660,0.7076069058700099
311,0.5954331522735423
9001,1.0422192566945898
55669,0.5802203266175245
389362,-1.037936595332761
115209,-0.8299711735893255
323,-0.5377637364991462
113189,-0.979323355218762
27258,-0.6848603381778503
84662,0.8996205776489891
9236,1.158964238348361
4647,2.027372429179476
100137047,1.294306590623477
3673,0.6468772497252546
23043,1.1123587123243457
51574,-0.6408758811902383
11333,-0.6284985826614568
10073,-0.760594146544542
80868,2.266619781167134
9690,-0.5048852611295123
51166,-0.9135950964402128
131408,0.712834386954094
27043,-0.649147696606459
1013,4.827502791947717
643338,1.3771424291397336
338651,4.340046801219147
8462,0.6592088368137325
84251,-3.0689188825515608
57109,-0.7452716022970047
10380,-0.6669379888948179
406,0.7543128735110668
81929,-0.6685927733837489
138429,1.2894419324803614
10573,-0.6426010291572236
55742,-0.5122113418237317
116150,0.8387417776044906
1678,-1.0685413397103531
3028,-0.760792422955576
57835,0.7788980966850518
808,-0.7884346294599626
5507,-0.6360887062755723
440044,1.607685319748854
4281,-0.9537693291442656
4233,0.4969031982838669
23197,0.530675107500476
80131,0.7516188545641335
196463,-0.8387354174643883
25802,2.8187644890139345
103352539,-1.727768084104342
1191,1.0232497764299004
10570,-1.1640552675748477
28965,0.9825596979865776
256987,0.5649605349907195
84888,0.598836238520653
4947,-0.6085769176007113
54386,0.7387022527830879
57538,1.5286658123564676
54361,2.614715538201986
527,0.7743627794388956
57819,-0.8853403679472251
10217,-0.5285752024022767
7086,-0.495204298904255
10810,-0.7203217306633074
55690,-0.7133759337546899
137075,1.8587754307521192
81849,-1.3474846610950448
6769,2.661882181334195
23636,-0.6400829278813047
9146,0.5839352825684816
26468,-2.857665013978833
57558,0.7205726119661054
55160,0.8911179754035315
7579,0.6927760151158568
79155,0.6482982886361817
9158,-0.7079676546717149
23080,0.6442027422345707
79902,-0.7342113595827487
754,0.4834922847900678
56674,-0.6697663732526586
90271,1.352970719271561
55741,0.7049001454817451
64744,-0.7604811124986929
7172,0.7818091645281036
79087,0.6903603973818437
10567,0.6167207868284087
392617,-1.5789375309745382
162394,0.652845978443472
8481,0.6454293675236356
7189,0.5704008380634765
11037,-1.3275337697079974
18,-0.7100039066875264
8618,-2.556028087849286
1495,0.48338738854612
57674,-0.4902182553944126
2760,-1.1537775535965462
11232,-0.8360797517592593
25902,-0.5143456943319038
2232,-0.7898304508452945
442898,2.3986188771547403
8634,0.5961891805089193
100128338,0.8952300846279657
112479,-0.8965374454960031
9459,-1.2674141040879792
50999,0.9713041294393178
30000,-0.5710137246319915
11264,-1.0521193816280667
100113393,-2.198682842779097
6278,2.557212615070185
1893,1.0981995103606934
23345,0.947328389958147
158586,1.0618613343183172
83729,1.9120152421901129
5358,-0.5697057538261059
81570,-0.7871312237638295
4716,-0.7478967198941555
5083,1.593779322129275
204851,0.5483760224550747
374,-0.7237571601748235
515,-0.553862273482002
9855,-0.8108001789169469
80004,0.8253910093726136
605,-0.6929837471214972
80008,1.1187701414782365
2976,-0.5395191564574068
9231,0.5100279319919166
64771,0.4846324769257479
26802,-2.0358923966273097
158747,0.7272425817222664
727956,1.0623396431119336
55596,0.6285443066359374
3214,-2.308477792595719
3720,0.5571121179772178
145781,2.5874842861196314
51702,-1.7856946400575815
10205,-1.9431056971971297
2769,0.7074894570787842
30849,-0.5515397950438076
51020,-0.5885900341098717
3909,-2.720720251667158
3708,0.7616880661490111
9389,1.9231468107171668
100128288,2.2327157845488164
29775,-0.8813135680665398
6497,-0.6410004233085246
64089,0.9243576070274792
5134,-0.5363432908976815
5830,-0.5756654857615985
92856,-0.662172918727594
94239,-0.7012201324911024
7980,-1.163097650032058
57415,-0.867579595856194
10653,0.67184621190615
6633,-0.5919210342350788
55304,-1.4105154509347442
64116,-0.6904094545311468
842,0.8939453678587028
51076,-0.7664675228177938
8648,0.6662547346846771
5653,2.9587617341774624
10811,1.8774556071658104
51523,-0.9341247590923596
5371,-0.7815602152320711
9793,-0.4530875070270097
146330,0.8898281702947939
57336,-1.0656116955537642
27339,-0.4864225700847167
25879,-0.5648935539798753
27291,0.5709003716711064
100874188,3.033728308697861
54970,-0.7584597079285281
54148,-0.593799740378397
143098,0.9282111928054092
8812,0.5596829041668286
4725,-0.7189511115998268
1457,0.574949478477
27044,0.5268767816754232
7846,-2.004263646832652
5073,-0.5670709028791773
9498,-1.1725621503550865
9675,-0.6276414578404707
23534,0.4680485481288832
4665,0.8856055702027945
7040,0.8380972391236001
11202,1.133226250348772
2114,0.5923369689008494
92399,-0.5907658315836378
145407,-2.033295250451584
7643,-1.5307717238471283
3897,-0.5645516424799443
475,-0.760333336922883
129563,-0.614505212834877
2099,-1.8414374583996935
6581,0.9256568655919946
9724,0.7473100494125827
4668,-0.7363747329512454
23315,0.6253380944146097
828,1.0554912178267102
55659,0.7800354012417328
4849,0.5534141054581333
51260,-0.6223166843943694
5865,-0.8452591128935495
7093,1.472421559755955
1591,-3.905144755839352
3155,0.631199438356964
954,1.6014130021539656
54567,4.458531375342227
55192,-0.8519744262742522
3575,-1.3575994165189564
2315,-1.8515258212130317
91368,-0.745780468774972
116843,-0.6995511439003672
79894,0.6989494134934184
192670,0.6417113271838797
54482,-0.7941153783231171
54796,-1.130542201182706
339745,0.7398406968710126
89978,-1.0563004436682115
6730,0.5093196935679344
118429,0.5925668352016371
10643,-0.5520330511952913
10311,0.5177135972212847
55714,-0.5815024711863517
79724,0.6782030321482194
4338,-0.6514117546286216
6372,-3.4858137060380847
1438,2.868478572566901
55902,0.5318574300815393
79844,1.117258283778077
83871,-0.5389758801744912
9779,-0.5538482406501377
1967,-0.5962766321863626
6666,-0.6448520572826333
283209,-0.7298911851906565
112487,-0.8873754635746101
100507257,1.6907764956815423
11077,-2.38574834336735
100505702,1.4786577762486963
375295,-1.462184629527269
6340,4.204443333086767
80777,-0.5013372620719723
149465,-1.6595000331241816
55154,0.8977490596126737
1798,0.6062506201146856
9747,-0.7576041796367047
84749,0.7797513568394456
22818,0.5691847842964926
8500,0.4929835586079133
55107,1.0445965959588743
9238,-0.6426898101168085
11253,-0.779826194207423
5236,0.5546369486001657
114088,-1.9730424641167847
647024,0.9801800921559412
100506190,1.007822827106149
643988,-1.4407662328700883
80333,1.713858416776993
221468,1.4564378618131175
55209,0.5441331947616874
10726,-0.5491278212785378
10076,-0.9498790525344902
5330,-4.761905451790376
84316,-0.8878147727521262
100506142,2.347292292150539
66005,-0.7459730189311091
27249,0.5188162294529175
126133,-0.8509818028639413
24139,0.5014180835898688
10667,-0.8303646864082722
441518,-1.0718919458171163
56180,0.7822975169682486
55644,-0.8078443424087292
2920,0.9049430029332588
29116,-1.162661100481
51077,-0.5820038237580034
1638,-2.2086730011678646
168451,1.2260231894833309
55308,-0.6169016264189405
23683,-0.6343644904989442
25927,-1.1627485599472878
80020,-1.0823894142105848
85315,-1.5008273569140866
168620,6.8287293309844
3845,0.606492461489293
79412,-2.974630666061861
4794,0.8511466198334622
404672,-0.6726380086324537
643365,-3.651127104716104
92344,0.9392257305016533
90665,1.6730741932037634
1525,0.6013966168056896
5327,-2.518617381378681
125206,0.8481948029216989
27350,-0.6327325072443467
93,1.091157383307187
25923,0.6870280319749028
339761,-0.8332349311904881
1031,-2.4531937879468684
8027,0.6194433065830226
28957,-0.7382556222429962
23354,-0.9524674740601928
23588,0.8200575126347521
5714,0.5184511646543476
5187,0.615929751436468
6044,-2.5095002445682613
22800,0.8116458381332682
23426,0.9379874498686364
84876,0.847172246547125
8632,1.686284370989401
2222,-0.5090266992077495
55746,-0.5230181443496447
9966,0.8016445450553823
55788,0.6696294629614047
9194,-1.2998472247398092
79630,1.5016570043583068
220988,-0.5557207942075242
91442,-1.7277854922242022
399473,0.8351104375860166
404550,0.7199427075321105
9746,0.662622327135931
6301,0.4852700883757995
9878,0.4986411388945999
10194,-0.8499538794273812
25966,-0.5780801769382437
6543,3.198881355818748
154064,1.335095547388211
55139,0.5746689531679916
2535,-0.9826575009211326
114821,1.0422656186487218
2295,-1.905996760799485
6947,1.113883355539638
9185,1.0317625472014356
4129,4.171152469851945
128061,-1.0221759857561734
9801,-0.5720697731118559
84264,-1.1351900747332166
677,-0.6720748281975204
375,0.4456159948153382
25949,0.640854737483856
440348,1.8304617312353335
7284,-0.5901552864503702
79676,0.7477612833242324
3280,0.5874526854953347
728,1.3461135687626085
1025,0.5184252200105243
27106,-0.8432013821958484
3273,4.414124881937693
81606,1.133057801857618
9588,-0.4507927292202656
5593,1.643914268082176
5908,0.5713235724624633
285148,-0.6296609735757661
23037,-0.6166323101336513
54929,-0.7342126867433858
126661,1.63043036330057
149013,0.8863087621811436
83987,-0.9584385827452676
79066,-0.5931833264260832
64924,0.7558920980114163
6701,3.952825090940239
64091,2.4115739937142373
91893,-1.7299654413102528
200172,-1.5964208462274658
150094,-0.978085792460115
23196,-0.4600606346717547
5801,2.7510476239250523
102659353,-0.9331228057408728
4680,2.306878415048436
25963,0.4867652730651
400566,-1.5786221317988338
28976,-0.6335327981225232
26995,-0.6825474068324823
55727,0.5255401469431232
92714,0.7216894603669876
6907,0.6305147629088679
26792,-2.947241173517077
9507,-2.754972388856835
66008,0.6155994319116591
644794,1.0819247693351517
11342,0.6525129323538725
79856,1.6977457612051297
30845,-0.6538849013260986
56916,-0.5652710389430858
10436,-0.6025248728314826
30011,0.5347322386675233
283316,-1.0473912801711676
5638,-0.6631043076223029
4883,-2.024261571240636
100289019,0.9832739702368808
10825,-0.8069050077939588
654463,2.4632224965238425
7514,-0.5607383608048461
1633,-0.7276646419791042
306,0.4988713176566678
5265,2.4554750722642606
7620,-1.3476304457751869
26525,2.2560925394999733
2487,2.6970237103937205
692227,-2.067679933895054
7529,-0.4506831245841005
60559,0.8757583388888747
56270,0.4804988579396629
64343,0.7235720808153262
145173,-0.8635696986422944
79315,4.362389333638839
10548,0.5086513127213981
25943,0.5024065631162078
84991,-0.5001313393544996
26063,-1.3221674031778634
79659,-0.8047826968533411
55054,0.5861721888870697
641364,2.3720217146429983
51710,0.6966679562643764
1387,0.5178863966530252
83786,0.8594590136691498
4140,0.4598068232756412
10198,-0.9109150690940536
55863,-0.7084814831600617
79091,0.6559600913221618
2280,-0.4356689262783366
643418,2.7425236525939547
197370,-0.751117842910931
54939,-0.6724197891022977
7165,0.4940958951686631
1173,-0.5745530073072525
142891,0.6188879581916442
4118,2.6344245570620988
10241,0.5505027276432358
57798,0.667095979620539
5690,-0.5172420016878738
79089,0.5255555894934223
1983,0.5850470075990856
5480,0.5094092879026114
27148,-0.6709750907309365
23556,-0.533512658760685
11221,0.6336368756580013
255783,1.2398105248075306
79161,0.816795399358333
7789,1.3382824031734712
832,-0.5706076466528351
292,-0.5132084938721202
5500,0.6510964269507269
794,1.793816257408493
23101,1.3023191010743995
5707,-0.4509060014543393
5289,-0.5045287253450096
51374,-0.5319764950400938
3913,-0.5306800201087538
79931,-2.9728091345143115
493860,3.170698265349321
11278,-0.8014993461806319
220136,1.529005261273359
4709,-0.6929246259099263
166379,0.8877555582730756
9294,-0.9934033258605676
5003,2.3552187606637847
23258,-0.5672603265438164
90293,-1.7086485586115423
93164,-1.4123983736932475
220906,-0.728232625943908
29097,0.522333080432726
5984,-0.7518985212016183
9832,-1.9557100419070648
8991,-2.018867191325731
26133,0.503258348584225
2196,-0.916200331691177
4071,0.9224714152621734
54498,0.9183636541745368
1892,-0.6413152540224012
23077,-0.5757511848131801
27067,0.6525758458386283
163071,1.643851951464909
912,-1.2754300578976192
89866,-1.2480757633454065
1070,-0.7542391059562894
166378,-0.8904761645311777
5558,-1.0716980390994706
221710,0.8647585915795981
54534,-0.693056533501468
55593,0.4992042675911842
2887,0.6602793721619798
51147,0.640578065847327
54859,-0.6398038591198738
51111,0.5657297261800136
55129,0.515672458296114
54891,0.860068931724799
59343,0.5956500296736403
9848,0.7599773711871859
23176,-0.6939950594617081
400720,-0.7423764123079614
55113,0.8486410864296918
2334,-1.1654916817986538
9306,0.6242043222831176
26136,0.6825275440673619
441094,-1.4438970939245983
23536,-0.6150161216392487
285521,-0.7445460057138787
105369669,1.736810899786586
339210,1.6533724914679016
9677,0.619371682739653
22904,0.8718502309258196
55592,1.2230683009043477
89839,-2.486694056863601
8704,-0.5921966240356984
10891,-1.674284544973808
130576,1.0350829680651403
7011,0.5267814832753652
29904,-0.6307016616638021
22931,0.7394669200610332
79603,0.9485584346377964
10826,-1.4746408026487237
10155,-0.5246298726666492
57669,0.5172625673177582
256435,1.628376001239665
284111,-1.4134337978029663
8612,0.9970098393135668
9896,0.6911925054825725
355,-0.5722209527997949
55100,-0.5811264402445567
54681,1.081829537045761
4704,-0.5262277048389881
442213,-0.8677952728287348
286826,-0.965892515111749
728392,0.8525941669774136
79803,-0.7275502551513118
25948,0.5252814293816055
8694,0.7138304651437575
9423,-1.839777060833588
23228,-1.8207992730604627
5921,0.4719546394234873
494143,-1.452357135044814
80324,-0.6109865798113444
84934,-0.8188887719002892
401233,1.142080877198982
402,-0.8122684290088322
85236,0.8902232979865405
51728,-1.1946857304533325
54492,-0.6913069020178619
100507387,3.5043327992963853
284340,3.1494312074101303
9415,-0.6753786148971979
51343,0.6160186632291508
10072,-0.7768408150323504
3340,-0.8178931622302998
2731,-2.1420452929509715
114879,-0.8080802670214234
10475,0.5142765833958508
10669,-1.3143927419272603
100506428,1.7987955175954282
999,0.5487237876693769
142679,-2.4071031031855896
586,0.9162360956137006
81542,-0.5684513679494467
2635,-0.5677884117882678
9061,-0.4720002458279926
27132,-0.723366947669756
112,0.5146492253186717
55740,-0.5922179017591563
92610,1.0798884932297212
9804,-0.4747350097248874
57120,-0.6679665817822888
360023,0.9557950290386776
7251,0.4671761914250038
6747,0.6356825492096816
146923,0.6177274624684519
160428,0.7971050646285154
51759,-0.5208671556479011
23011,0.6285008068136736
128488,1.816836286690921
4708,-0.6915102874917118
84733,-0.9800785129329432
9242,0.8710502202500878
645332,-1.846080271363463
50515,-0.681681725126715
7294,3.108344798939496
27145,2.585561231702596
84261,-0.931026049656728
650669,-1.8385876853865784
58513,0.53379988058516
286075,0.6754922601787013
3963,1.305890750381605
266727,2.6015636677453142
90649,-0.8043636471730751
5730,-2.055412121790279
23322,-0.8369766236627157
116151,-0.4944628348585274
57602,0.5521676583923187
259236,3.793547853525046
6376,-1.7471883771777137
8603,0.5181820947543567
9275,0.6199797775612994
373863,1.7176551335784596
80199,-1.1706110909510803
11097,-0.5885518850284897
389084,1.8411493059699364
55080,-1.1283077297337365
65108,-0.8865109654462363
205564,0.6182347513168819
64864,-0.5002498481035003
149371,0.6213147495378349
128989,0.619567675272376
26524,-0.563025744884646
135398,0.8167121350162124
151525,0.9603912367098844
64211,2.1432138478418765
839,-0.729014580283651
54522,-1.2184048692217286
5351,-0.5992175247181827
81622,-0.9664608965364692
4110,6.540110633294064
3930,-0.7020684971438194
83939,0.5688083578598989
7277,-1.0568598558078692
22982,-0.5965803388064735
388962,-0.715300791623221
7275,-1.0095601003131571
1130,0.695098281083628
54780,-0.6156391741323808
25841,0.8802343632705847
6564,2.2645746694436526
22888,0.9194908078340644
55768,0.6299860072083636
388969,0.6755864553370909
81,-0.7458304671843162
23438,-0.5557527582468854
4968,-0.786671152993703
283377,-1.0278256247428543
57514,-0.8586157694389734
23054,0.4606256682150734
4697,-0.5398895945596608
5914,-0.8567052226899021
51010,-0.6535671203260255
54521,0.5212270379265675
23432,-0.5333348147185616
221393,0.7979583481053738
6578,-1.301395169209418
201232,1.035435341660327
5691,-0.5787776809419579
54606,-0.5290598690651122
249,-1.9971946025978928
100507057,1.6283749545601025
89890,-0.794129155690384
100505783,1.5935019119609128
9703,-0.5515737946282194
23349,2.043376867337595
1948,-0.8226590703791875
8178,0.6191946167863065
1573,-1.0000310172034874
148534,4.002580706864733
285598,-0.83221572294518
123920,-0.7123169623194096
286,-2.651132789041408
83637,0.6549964057049855
3364,0.6217136408239224
196385,2.0094801070000465
79701,-0.8011098997934417
64848,-0.5473313669932325
645811,1.9555282023817453
4854,-0.8946267860925736
54664,0.8273742847506252
111,1.6271396577567805
284427,2.383170975561691
91057,-1.1418124999466388
157638,0.547189678183561
9205,0.8320296589985018
7464,0.4635295583910481
6641,-1.0581300904797022
8434,-1.0587632935574989
57019,-0.5605680044545702
1601,0.7183136432284959
91875,-0.7503438605456414
55379,0.4478450827848079
140893,2.410315264062296
90634,1.514604872954142
2592,-0.8822402973346739
79587,-0.5659192756591218
10983,0.5273610852504947
9338,-0.8431366562716529
26960,1.254403339726171
1562,3.127699897446792
84294,-0.7775859001287867
55435,0.7648508806298809
25797,0.7922397485141823
728485,-3.13492325373965
7918,0.6528157099741445
3014,-0.7181073717969537
50807,-0.4839392563386995
200186,0.5701482915909593
8321,-0.8800779455006588
11145,2.156513993577209
65980,-0.684046640341646
692099,-1.0351181016718465
83732,-0.6535038490763752
8728,-1.829252545072397
55279,0.628485693113777
55361,0.6114060278945981
54890,0.5201885412103637
440279,2.546608025991393
746,0.6692862417773601
115749,3.217727499717028
119587,3.9214045259136823
6834,0.6043837807052643
7678,-1.292616019995262
2069,-0.7070115921029251
57644,2.2932647504348287
1947,-0.9003176054005677
64849,0.7544740300433218
92609,-0.5850466263482876
90488,0.9690608541280648
3185,-0.4274710711974887
23456,-0.6600437124182883
80095,0.7335869742152982
100507140,2.850437702955221
55825,1.1975150279999884
55681,0.5515779761456528
29966,0.5491585646142314
94097,0.6737077664904939
128312,4.824408496324201
10558,0.5037823032132194
85379,0.4872246697633426
57152,3.024366406666974
5798,1.084575561979939
9341,-0.4510003122329234
347051,2.157454279979113
9148,1.7351021175885897
23256,0.6160710691520817
284252,-0.5761005946708445
10513,0.5700613860303998
54989,0.6618225364761633
84951,-2.1083770872314918
9254,2.318813456380347
3798,2.307673804006244
5291,0.5084822932540524
4478,-0.6831380294426195
25828,-0.5745442638265138
55183,-0.5972804444990023
113000,-0.795637924733233
100131089,1.046325195593636
1294,-0.6132490498145994
55699,-0.5281886180806559
55133,-0.5983749866447531
6477,1.144712690170659
131870,-0.5634527364763474
148523,0.8838022761043302
55848,-0.6423095291625973
1739,-0.4357847288137705
6728,0.77484616708107
284613,0.6790636110422262
100506211,1.0964356017405998
93323,-1.2467165162150091
4601,0.553888120530639
7348,-1.168591983579002
6339,1.3883940496479938
6274,-1.4446294135647628
54932,0.8547509255415215
4976,-0.5701164721762084
79811,0.5580317546807452
164,0.437289603591507
6495,-2.632917200642158
79135,-0.825175668995126
84792,0.6387537935955997
1508,-0.7766242058104608
80195,0.5366393623598722
10102,-0.6705305081735657
389677,-0.6814604308570122
105370943,1.842493448177217
90806,-0.5804050808418159
1265,-0.6308650878970751
3234,0.8610516163723438
2039,1.2430477276694174
4675,-2.3415556802599595
8861,-0.7560525797675468
23233,0.5015713750986708
100507053,-1.0454925077702115
9446,0.4488329896007991
343099,-0.811600547736302
642846,-3.330006018822763
2264,-1.6773066351197772
57462,-1.115097389979032
10580,1.387459867362929
23469,0.6314307581839911
51071,-0.5414804834120995
56339,-0.6169637961198261
57696,-0.6067394663579128
9982,-4.214424222074416
5598,0.6159295189303617
412,-0.9685462678352854
401466,-0.5555545306680121
10714,-0.6437348143928497
79081,-1.4534370930912204
1477,-0.6373563223900535
9301,-1.9780433356930156
27309,-0.5483000332076702
79841,-1.7185363400636475
102724105,0.8484424761568762
8649,0.4931123347936431
678655,-0.90849714658999
51231,0.5880246043732338
339803,-0.7486420727579348
375341,0.790012338667057
26027,1.100516940413573
669,-0.6392348308863013
10068,0.7782811198948818
5863,0.5629912190697839
867,0.4700663397868084
9656,-0.5582047975014899
83638,0.5698044105433842
4673,-0.5326067351045196
29933,-1.302691255367911
27020,-0.4944805667885638
11338,-0.5030955487291465
6904,-0.5490148602420417
1789,0.9409742122015556
5298,0.4740538327337344
26512,0.4814538482605861
63827,2.341400091664909
563,2.510312226962905
23262,-0.5728486060694992
10160,-0.5605103277343316
65010,0.4784296719387891
55149,-0.5858360988675735
4258,0.6491909367035156
100131897,-1.0606093112524009
28999,1.9224038949701625
8092,-1.8722417179665467
79726,-0.5194732826845836
57473,-0.7419907875738507
727800,1.8688446431750512
222698,1.4571854742383803
8078,-0.6396474310921321
25804,-0.5155229992670662
1773,0.7586085442349503
57572,0.5864195311436463
54888,-0.4458559008624586
283385,2.1458059449827385
51382,0.4586049140673781
54902,-0.5630024318518578
2,2.007610786173346
1960,1.7744561940145962
57226,-0.5760448149850431
116154,-1.38637103019053
140465,-0.5610045344652851
1022,0.5774980287935695
387644,1.4568654130484695
130399,2.0824267587910046
55964,2.284072699190882
54499,0.5257612142042499
9429,-1.2836561831594098
143,0.4837989281568021
55135,-0.6991704527905703
386618,-3.930050499152539
587,-0.6759575626854218
80154,0.6375855576669816
116115,0.6009828911767472
2918,7.169040601064634
101927509,1.469275840254752
254887,1.0394710017554516
761,2.4804637799382045
64840,-0.745534996346962
9277,-0.5331938961157539
101927354,3.0039902756591585
55075,-0.5979724574173364
554223,1.5468055276723098
5501,-0.5546640262163732
9843,-1.685750862074762
3241,-0.7097094625258981
133396,0.9703371750977166
51550,-0.6283170343921558
143379,-2.144943438067642
8826,0.4138261655807875
146712,-1.393314143441658
252884,1.5056166525950831
60488,-0.5238860016199383
51668,-0.6610361781178727
5824,-0.4715853590046176
25937,-0.5657645038151535
9300,-2.405649669271792
148867,0.7047780789193553
5613,-0.5181677558365887
57709,-5.349816625652246
100508120,1.7462718454496613
1593,-1.2100840995797708
101927481,2.7038035730528134
10134,0.5441720302799984
143872,-0.9460953094282538
57611,5.306630783990976
51171,1.3214679346997489
4255,-0.8709954982550974
64897,-0.7036136209472149
114882,0.6469590398190757
29,0.5632288515747538
401145,1.844372225982813
2571,1.4534747002181454
79672,-0.6091533609801753
374378,-1.099704394513304
3207,1.612779037908395
80017,-0.6124520006318648
55028,-0.5946322113244519
57460,1.7243048023386784
25930,0.4932069681887338
30833,-0.7598524822273336
79644,0.6319100849274093
341880,3.950244869589272
54751,0.572996396929476
389072,0.5501413941919213
6279,2.1383557284825163
54923,1.0551976720645502
2683,-0.4791800361253318
10363,-0.509409294424342
56926,-0.846000731360421
79134,-0.5196285611561594
57646,-0.5604542796941873
28977,-0.6413399229606382
10044,3.351613214611962
101929709,1.164976749570513
51247,0.5345974260294122
2977,-1.5189373225562923
100129461,-1.4544236498171152
7594,-0.9685656388993024
375061,-0.7376161759933567
4241,-0.7108556031192588
79838,2.115381325695941
55374,-0.8728317817892324
25813,-0.4902055090364915
161497,2.405471815198511
80144,0.4986145043253393
23420,-0.6599146097725155
54980,0.6828001969551363
79365,1.5527175672997668
10175,0.5913566887957135
57418,-0.7770244703990037
622,0.7374660529952258
2018,1.1008903298059365
84321,-1.0784064502311612
2774,-0.7503101809748014
100507062,1.1165844081137808
23545,0.6156856038750242
57567,0.6747832726554414
1609,0.601876020479449
53832,-1.407198263378322
4074,-0.4476019248580024
369,0.5130174503268147
1466,0.9547403188038482
402415,2.5256489878209027
26519,-0.8032963174379931
79031,-0.7109848433695847
241,1.75396870212445
115265,1.683170181023446
59082,1.855650740819469
4594,0.5501252029121888
23429,0.6006587210880769
10321,2.883430127152956
286319,-0.7970680877264725
5727,-0.8134178863084534
64110,0.8203267150056908
55504,-0.9463829751780168
29946,0.6184070546440411
573,-0.5786394949147118
401258,2.9983758435323877
8886,-0.4943932798897876
282969,-0.90532991849954
291,0.5993665456608726
51752,-0.5294260442119177
8987,1.5909214225753767
80775,-1.062014368945447
440584,1.391954138234094
6538,-1.3378277765752384
6936,-0.6897404047508929
6637,-0.584946398328423
6455,0.5921415265570031
84433,0.6880893580844898
23555,1.2552509590365937
5820,-0.8450960288010325
81579,0.9089004951203236
83986,-0.7462841608618537
10432,-0.6652771406003292
3400,1.9973924356261656
57231,0.5567177489157397
25824,0.5239293070376666
85377,0.5559899215631776
27173,-0.5348250090213698
9582,1.5079586936677982
4040,-0.5003179438680584
26225,-0.581945179028039
662,0.8964232711065182
79830,-0.6214737778629857
253724,2.322357665417612
57728,0.6069463353378619
10461,2.3222389965391623
10097,-0.4835816064566342
54933,0.8690649260823466
51163,-0.6107439364467891
100130311,1.5305285881693125
2121,-0.5008632646304716
401265,1.2520799106721223
54962,-0.9647980493695736
646762,0.918182697155739
5089,-0.5362485448658001
51142,0.52702059378832
9060,0.6729143535804345
4735,-0.423893513759027
3750,1.005917162675563
113174,-0.6318144375052673
7625,-0.7179122731595882
56243,0.4181201966018674
150967,-1.015359148126796
10682,-0.6241909060908619
51013,0.6686514997555373
9938,0.8111797990464132
7043,-2.2139724037507182
640,-2.5323310531972725
114904,-0.9714988328887562
6426,-0.6064020605357815
4637,-0.5867448105468264
5827,-1.039289015506101
56850,0.4570030525330449
200312,-0.7912256978530033
219738,0.9603710887422992
55521,1.281470575957142
163859,0.6970169263525975
653121,0.8196787300692584
3321,-0.8763598156741148
161176,0.7860672502145178
10787,0.4703099443133536
26502,0.5101959698467329
85441,-0.672396092697056
9904,-0.5439881167984328
3191,-0.4420756820066379
101927136,7.02523709698398
114908,-0.5889892564616412
23376,0.6467747712234568
3658,-0.5638377349558977
340527,-2.41755110724784
729230,7.016533070332167
285761,-0.4776806169544831
6654,0.5519442231584861
113452,0.6810599738238222
643008,1.3944466530315172
26047,-1.088683277963371
163404,-2.5176967306263944
3636,-0.4077634282359833
9590,-0.749871322236673
11020,0.7176514854415836
55159,-0.4593751183646413
2110,0.6075437477240178
64395,0.7107383857828413
81491,-1.8776140996438684
100506054,-1.360973505971644
8853,-0.4789955398847785
8614,0.6403739019895777
100130357,1.659119054583003
79605,-1.405207869655199
7301,0.680841085317227
201625,2.5989717470658498
7052,-2.7201083840200635
57099,-0.5655164247086512
2904,2.79434867227908
23780,-0.5157030353522802
256281,0.7482326088129271
54915,0.5314152054796091
79905,0.7362548150125154
57799,0.6462603828123454
54919,-0.5523119326552767
5441,-0.8500498672097592
23368,0.7356157479488916
7024,-0.4598595053812471
8273,0.672036167229792
7314,0.4359353825840089
5064,-1.4194401313036091
83596,-0.776842949644851
27115,-4.150655451220609
10672,0.6587843498966438
8476,0.5366714476201423
29928,-0.5473591894586456
26784,-2.1569835067125886
57615,-3.880430592450032
2011,0.5269365829925013
262,-0.4325735188113797
64283,-0.4427924213863308
25825,-0.5835441999145434
65986,0.875782093214017
91283,0.5586207970690381
84930,-0.7079767464450036
83590,0.5984305324544732
101928433,1.5619944001392765
100129940,-1.6233987634599565
64743,0.5348517950088963
64399,-5.171062001174149
644873,-0.7965042390122113
134429,0.7690117862915509
93664,1.075999693563502
10659,0.543278242054102
3112,-1.3397875421264245
348926,-1.902893577670776
134285,-1.8646857190548245
9972,-0.4169763549642973
5609,0.4964851655742918
400745,-0.5024154519003593
101929199,6.977575189175504
7517,-0.6202257312684473
57088,-1.3978322588437917
57150,-1.0413970509441797
6080,-1.2513051047657548
8896,0.5401535019824104
9551,-0.7073132062864477
1012,-0.4113121758145798
149478,0.7641439467253459
10960,0.44617337463193
6668,0.6368511172653696
191,-0.499274492242099
54938,-0.6664485282963765
529,0.4485468372581728
9302,-2.298275331004514
23306,-0.5281888878779251
23511,-0.5526511048896221
93953,1.0934719349268354
3628,0.6587766105490741
137492,0.5282589765885992
7917,0.4568704835532704
55602,0.5488824993693076
79832,-0.6015522460919007
100131551,4.39279641249388
79781,-0.7224852116150805
79792,-0.7561788399261238
196483,-1.1845067472059017
3848,1.682920293602449
113802,-1.3058688703273171
166863,4.358845981341303
55907,0.453997000336507
22924,0.6606566050097223
3416,0.6557479278980746
221496,0.4486540909735708
1452,0.406141774263205
56931,-0.6642954481798132
9299,-2.246654480260509
84514,-0.8201386091865057
55175,0.8210604227315356
80222,-0.5882379496452551
162387,7.09901697693917
105221694,-2.7450839794859685
84976,0.8281283147420967
4297,0.4685564842571315
91010,-0.6956018876826483
83541,0.7852093052029131
5016,1.0995593731388524
83857,0.5525373217830956
8859,0.7078649977481628
5364,-0.7984916463557784
5655,1.6448905040730746
58516,-0.5282188517008337
9635,-1.893365995180875
339122,1.5316906705461182
8233,0.7619232890823691
146227,1.424601076192993
9955,-1.2138804412929154
2067,0.6190553159543846
5886,-0.6183412321417755
6919,-0.694101933381342
57157,-0.7305793900745954
4723,-0.5314229597503152
6711,-0.4445771838902866
9080,4.223136998142915
643414,2.3978224553785563
1431,-0.4837287111233271
115294,0.6834100080289717
28981,-0.6442351150996196
2995,-0.8401559165326196
645784,2.338954108760489
375033,0.7753077249117296
4891,0.4413401783786953
29931,-4.66646154374799
79581,0.62810951590648
51084,0.6211773637600855
53836,0.4601475726381089
101929237,6.095219710686795
93517,0.6372327478432677
23133,0.4612751258417661
1108,-0.4454215698216269
23604,1.3330498876148515
5531,0.5420726651261422
10507,1.5813925198045036
54682,0.8041757458342494
23344,0.4312663352324951
9528,0.3974936652822863
5226,0.4855100455167996
51805,-0.7698342010731133
8573,0.5854218028994701
57826,0.7384461739191402
1838,-0.7026017259917413
51530,-0.6088182295155504
539,-0.4559382675961813
340485,0.8579752597670482
3459,0.4529405344954755
7267,0.4706741729920788
85015,-0.7221050385537436
5708,-0.4807592561938018
54982,-0.7736191592638759
6314,0.4475668655830913
79137,0.4274381532441209
8343,3.549654413680169
53637,-1.3319058479167596
55072,-0.4924317349484196
54894,-0.7851454807776617
10622,-0.81429859681072
8624,-0.5873869825917972
1730,-0.5811869300178264
574040,-2.14055715745957
3150,-0.4516837548103243
23253,0.5443840340053082
342132,1.4052223922334433
11047,0.5269162775026393
93349,-0.634258958271639
283748,3.969045012939149
1515,-0.6492520948753275
79890,-0.5851695453905565
389765,2.2250388130732577
26031,-0.4737444714773833
6626,-0.5690895944111724
79710,0.6191558327832286
84750,-0.598936656866697
607,-0.5902787410091463
4650,0.4809105257681276
5892,-1.110268785876809
57664,-1.069048560655079
6119,-0.7248139609540384
29887,0.8775569194732992
6285,-5.94967077689356
118738,-2.89755016408212
100293516,-0.6978299950145328
27202,3.7706382486736185
7379,2.350535531760707
10591,-0.7285666736178753
728568,-0.7704255954573012
10276,-0.8444363624001013
8487,-0.755964254555664
80227,-0.5736278606076208
114609,0.8501688051026508
115708,-0.7449107096792826
84313,-0.4604419528802833
8467,-0.4715914862994608
2780,1.967900652749781
116039,-0.8747366358494886
79170,2.111831100717545
101927160,3.599182888538994
22979,1.1801618769180342
84312,-0.8227652751947989
100507632,-4.596863215872178
121665,0.5085074457148591
51186,0.4847961053268857
80213,-0.5729767149398215
144195,3.4266531842542696
8548,0.4501196260403922
2669,1.01836049273526
147657,-0.6699777356639466
6300,-0.6546114172493702
84891,6.968104846682972
2615,-3.0092765133284654
284217,0.6515362520911059
51278,0.5153990550564324
64837,0.4949167789293457
26774,-1.602726736021383
255812,0.8018772769088384
9531,0.4525914083044073
5931,-0.4420981443773366
310,0.4106795665079714
481,1.1084737846365993
440993,1.4242533726735611
10208,-0.5171340956631044
2188,-0.6971176869455378
7633,0.7390389030000492
81932,0.7099986795470828
92335,-0.755859799471844
25901,0.7248971303790481
285346,1.0848505772015449
23383,0.5222907669564277
105373957,-2.4977669718533275
105379054,-4.884171839115853
1737,-0.5024207169918854
27112,1.146474615832121
29943,1.5780160083598704
619189,1.3401206759327822
10552,0.4714884746436871
284366,2.810492066289027
57616,-0.6993815153600997
206338,2.322463312621052
57804,0.5420800516194851
51524,-0.5904754671340463
9693,0.530061684261142
23564,0.7312842558269618
8908,-1.7090907038023944
23091,-0.4360146377197721
114799,0.6760122764935002
93432,3.035635567460142
4734,0.7268062451142702
5600,-0.6949361054362043
29774,-3.958044819320239
1806,-1.3939409219994785
8815,-0.5741741955638018
8539,-0.4375465522709184
978,0.6398640065591562
4685,-2.1922103342800927
123036,0.592211021420868
29914,-0.671970665562763
64965,-0.6269040053636664
144699,0.8720168105453191
8353,2.112003867366516
23057,-1.023444918699783
359948,0.4167217912115005
55823,0.5085627719353597
54920,-0.7695514069299574
81571,1.3682805629961694
1499,-0.5706483913996476
9962,-0.493151017178564
201595,0.5502412383840223
119391,-0.5510905425371744
3105,-0.6087268563439802
286257,-0.8138818205572252
51389,-0.5168723309161545
26958,-0.4615376848143049
11100,-0.396722089082671
10402,1.143321512967192
653820,-2.972000819852483
51258,-0.4525570399186676
8505,0.5491803566616371
399474,-1.460471359675272
9114,0.4784991866152175
9726,0.5365484104244648
100506994,-2.0345410581310763
153443,-0.6430406786335083
65993,-0.644941231440766
205251,-0.9436357566972028
55272,-0.6732743779985179
6613,-0.4744257660103008
10142,0.6366333243600326
84232,0.472164991376408
84620,-5.909690517611827
6742,-0.4506934873753229
9321,0.5855720775718651
84897,0.5707163247158576
5973,1.317049883753254
83891,0.6694193744649196
2997,-0.9829040909194128
23411,0.71929941805357
29088,-0.4725358360517569
285989,-0.794526586829613
157777,-1.714205419923564
7074,0.6940135659675779
5354,-4.263243899327392
91316,0.5925639456892201
1757,-2.745704292274705
22887,0.4119037441437104
51747,-0.4719369838945099
23108,-0.6348804383121688
4329,0.7865743209214153
114883,0.4047506819732087
84766,-1.5969491481924991
3622,0.675414878130978
84067,0.5722579573449826
400043,-0.7728703211630346
163882,0.6084785815625146
1910,-2.4249310751648787
658,-1.139626083924131
9784,-0.4513632927810081
157,0.5148606878854013
56262,0.7049460579629385
113246,0.4666281986003293
2001,3.2914485690622843
10110,1.740020395322551
22832,-0.8347661860169008
10114,0.4478490739590918
7782,0.6415554906034864
9462,-0.5469016949748875
84219,0.7014304092095783
286223,-3.637780779792824
57521,-0.5567025946100547
80308,-0.5883837467175724
3956,-0.4556450989854343
134430,-0.5413035187195945
64332,0.4999463530469209
2074,-0.5645170596502063
283638,0.4435298872435793
9856,5.201192191298936
3899,-1.1704970566082369
129642,0.5347434756470916
92126,-0.9183856692864958
2852,2.902467078830303
100996724,0.8999646647100917
105377650,1.125128146835234
4363,-0.4493534852044667
27125,0.4879772796851698
55750,-0.5298121594177849
7291,-1.7218048965596209
8879,0.3725882619822513
2580,0.484923406234397
339883,1.8962161256121592
10915,-0.466070392775671
49854,0.7018591509505921
100134229,1.1007673651550345
203430,-5.875611828039331
7185,0.660545319111452
345630,3.0248966919045253
55172,-0.6642836326148941
283050,1.7600154455398036
768206,-1.3719367661849111
55787,-0.5167643838383498
9653,-0.5920361237191456
4803,1.5518544131156766
3480,-0.5351924973506635
5494,0.6056473695896589
55273,-5.810493764600485
100129480,1.250206776800738
84058,-0.6865166901354284
84842,-2.893972910662621
55006,-0.7620157616793652
83464,0.7114394243794219
729993,-1.983195532646142
64219,0.4799030005760329
54602,-0.528817551706683
8909,2.3352669957941243
6853,1.7021437165117452
57630,0.6395606586161205
29890,-0.4389207525310059
148789,-0.5281331100122476
79714,-0.5740670631733581
51479,-0.4356060395774266
84820,0.7349813496914567
8751,-0.7687860441752534
199221,-1.1911741156838995
10158,1.7637869975122715
2079,-0.4658340890727753
51650,-0.5093180345011038
51118,-0.5346931856222458
4646,0.4498715694584034
54785,0.7705973237651218
147947,-0.4630957025509139
2048,-0.8189538576753325
102,-0.41037987492325
1677,-0.8082236535762052
253959,0.5824847326236705
129530,1.6559526935929156
100134869,0.8561331758103119
54558,-1.1139504594764529
6725,2.2207696157794885
55001,0.7992193981979714
9802,0.3968548550686153
284161,1.1067209021617732
9112,-0.46378095695743
162417,0.7472562255591665
401093,-2.523686765685416
5867,-0.5003826940534354
27443,3.3378688608523985
9866,-0.6902988082259014
143279,-0.7772607107444288
116092,0.5204076286155231
4957,-0.4949744356893476
58985,1.089196257050309
7916,-0.4603186727704269
57129,-0.5893825640805205
221927,-0.6892249095087881
81832,-1.1495921410421897
3709,-0.5050341771350634
7047,-2.719682934311848
5475,-4.015574703532951
1200,0.4108935265056551
7407,-0.5152054032978373
57103,-0.470361306326827
692198,-2.230690510723752
2058,0.509747433765451
4726,-0.5543890142290109
91862,0.6711151569190975
23067,0.4590114430683228
4354,-1.0451562532502756
440081,-1.966761326327886
493856,0.7798418851562857
9134,-1.531035074913147
89958,-1.49364426946179
6929,-0.6290930662050803
64963,-0.562728027846011
55148,-0.5926288124799789
9182,-0.8420333286244829
768211,0.8146078594369532
152206,1.76213674243604
8089,-0.7043132711049735
57703,0.5765937189453851
7699,0.6186307311436924
84918,-0.5558992198919277
27151,1.6455691146006022
144577,-0.7795555100380875
647946,-3.881404893880117
5787,1.2036663368799556
6263,0.963745529023232
1756,-0.5552533698626395
24145,-0.4424289900535379
114794,-1.2203140282081502
100505854,1.2207160880438042
9874,0.6988174532425667
10585,0.56680558573472
7754,0.7053594662910793
23357,-0.5350119621878935
23369,0.4526791262327705
10010,0.4525952212830965
80305,0.5227536907776068
26271,-0.9672084437212144
10527,-0.4173431791081495
23423,0.5187606176770626
9474,0.46009121391982
54881,-0.4954512568933765
1152,-0.9100655034567278
64600,3.389374539086384
100506473,-1.3450643369624813
4324,0.6994254410746346
23463,-0.3804238002406406
79366,-1.310335114737494
7746,0.7694548221621184
56655,-0.6029127445049082
4595,-0.7705679153261008
56731,-0.611924907858474
3916,-0.425773159093971
523,-0.4580817273299999
2118,-0.4829712454142192
8717,0.5936725254970051
145482,-0.5963371746040208
2023,-0.5365484033774277
55064,1.442127165323551
168667,-2.027441961713873
100874048,1.796009328225333
100996286,2.3129297768620902
55252,0.4621319018900192
23671,-2.714407348233906
9541,0.5646708634152454
3696,0.7662487353049171
144165,-0.9141458653840876
93643,0.5858693879863252
113612,-0.7088990283791677
23078,-0.4633404194095357
64582,-0.9579610399791778
23392,0.397426491036998
10902,0.4302425481166185
51250,-0.7304216113733042
57182,0.4763763568505252
10627,-0.3993499746375947
7109,0.4115940923304205
56882,0.4062713913221034
285268,0.5324127798976139
101752400,1.4812033197515055
4781,-0.6211425085749821
105376432,6.705344922467311
84303,-0.7180290010763798
91734,-1.0343170788056169
8932,0.414028346836063
25787,2.0930294549901123
3221,-1.3291297106527664
23201,-0.4254732863532907
54209,-3.034798466292832
90527,0.8884481801275834
8323,0.5877925940350943
6867,0.622848147861297
286262,0.9099245909669892
283635,0.46997392079812
28978,-0.6655776595343819
81617,0.5952439609739675
170680,1.2645964131659029
8139,0.68289646332545
9200,-0.7665344376220931
389,0.5112017621811131
1938,0.3717871389324202
134145,-0.803225961680002
56477,-0.97108818857542
51312,-0.5585004823614627
55260,-1.0005410647743995
26511,0.5257238236738351
10383,-0.6860932433256357
150365,3.581581344102561
9465,-1.4229727244443
342892,-1.129201081016198
26073,-0.4388243063771555
100188893,-0.547028368237059
3732,-0.8328219032306191
51322,0.4777996982327888
59272,-2.190041261049611
390916,-0.5319266933058532
2581,-0.575829753683123
126917,-0.8218041864049322
124751,1.2403456470315872
5966,0.6140053259455324
51816,-1.3045458888686543
2806,-0.4474445236491594
25769,3.127191598288813
100131187,0.5673618848858619
55665,0.4591520309957603
54840,-0.4523535138993302
54461,0.5802783687969008
339942,-1.9071131997469892
5562,-0.543814921564067
10150,0.6145596780228172
4948,-3.2408594584363275
10610,0.5167019736421185
81688,0.5547044994670345
11284,0.4944327740419441
125150,-0.5911086818196872
993,-0.8566570382858408
55728,0.7476231658544099
85406,-0.4366439268550141
90338,0.4315049093506828
57522,0.4653784150673158
11045,2.951529414862518
5792,-0.7558472810106449
9581,0.5509120397985241
1353,-0.6661386541989291
574414,1.049179713880639
11235,0.553437783253423
149076,-0.6466510027852793
57407,-0.6223604985226583
57402,0.4787213885967846
348013,1.1841594367152728
23158,0.404168699790551
7038,2.189051661363637
1181,-0.7957791432950021
252983,-0.7945073919739352
7465,0.5453521359024884
94137,2.7278173216901065
8761,-0.361922329134931
79977,-0.6226282286355287
100506599,1.3828899096063128
151827,-1.4477923036881113
399694,0.9081820284367796
26061,-0.6039157945886364
27235,-0.5715947037942807
26263,-0.4513670158362327
55268,0.478902134596982
9862,-0.5079415059496855
6597,-0.6008848269084976
79633,-0.6354529842885626
55357,0.5621150966070525
220729,0.794113520028491
6575,0.520140243702379
100506548,0.4536781502253367
3222,-2.163972443104988
9725,0.5628902972917373
72,-2.3624048912316584
55703,-0.5687748211213872
56052,-0.7055350535353206
59,-0.6789222897778391
6706,2.7441865187841232
123775,1.175739387179513
164832,6.425927296190098
643641,0.444166766559316
4886,5.699688560901738
54626,-1.5700904599997103
105369914,2.872672946262244
729218,0.7123756669244407
144608,-1.2467139344926914
9881,0.8505379845935093
6576,-0.6099207579104291
387264,4.771028341616326
284615,-1.7398254683748862
10481,-2.0024534140195285
83937,-0.9494596152433284
89797,-0.4239345370312769
89849,0.6452393719097321
1826,0.6984869467270263
338699,0.5593439364527317
222236,-0.697011099203885
9882,-0.5042750233620831
4705,-0.4324511194039585
28962,0.489036772091143
84726,-0.3979429457359174
23207,0.4567853556348877
55624,-0.4212059181600499
1890,-0.4773471713526614
25897,0.5382354429647593
83894,2.4030535487434936
65095,-0.569634736829032
405,0.3995042688288588
4643,-0.5920300707296384
8906,0.5050502485256805
8898,-0.4709670292376071
23370,0.475279466339103
4191,-0.453141202832569
4809,-0.4161542362255917
374395,-0.5819238117007847
11069,-0.9909920176708766
220004,1.2394802544436965
65056,0.5389917278983269
266812,-1.3026888207774447
3852,-1.50585710238815
3084,-0.4386112321363896
260425,0.6481803740818161
1522,-0.4085911461482459
9532,-0.8415349838498696
730051,0.5599577083824863
10082,-0.8240060208885148
124872,3.4371318117773195
90231,-0.5924586906359542
115572,-1.084900151062063
1429,-0.5810671599493722
23549,-0.4438441424044735
3777,-2.8472479182126817
23522,0.4940269611065596
29886,0.5176544819235929
26127,0.549300756315042
1787,-1.0134760933096645
91012,0.4244519024219759
6663,-3.9899898099230815
7145,-1.8769204922266716
975,-0.54616702801992
100124700,-0.8378833264354052
27201,3.4059679178585007
5585,0.66359231885907
132001,-0.6109742213194922
146050,0.5384758113229429
643977,1.049014628330855
196527,-0.4212204229773569
2242,-1.565325786519292
23338,-0.5343885007620985
55802,0.5541088728256541
55556,-0.5332808232901608
26769,-1.6779607879373
100507642,-2.470046070814652
51378,2.6567685654915167
84914,0.4858909309884121
8899,-0.4178007414204649
11212,0.4667993581415991
23584,3.3529759345171186
283899,-0.5346983625782346
79411,-0.9274079925980764
27094,1.0231099173232454
3092,-0.4873357379771171
8986,-0.6743319065136483
4302,-0.4494228847371418
102724436,-1.241381587421467
122945,1.2649348813992225
6302,0.4711630864003108
353511,0.5935363664861156
23268,-0.4732097807321018
374659,0.6614516471892083
2321,-2.597954181270156
54058,-1.237565810883895
26768,-1.2932874061656832
4351,-0.485079857946087
26751,0.5515359392950794
84688,3.037671931706749
11107,-0.9913212214235592
51605,-0.4932098845783623
5157,2.7915794862346197
55084,-2.371052936168148
29103,-0.5152803700915604
7084,-0.4795192461195235
80232,0.4226585119725966
84734,3.270771234634036
2064,-0.7472350901707256
10427,0.3678232694003285
26085,2.148650301358571
6540,1.9304892159999083
10569,0.584568574056725
653319,-0.8354031126930739
22850,0.5153308298710353
9755,0.5589461688485777
1020,-0.6289674110030525
51490,-0.5252677757061246
2671,0.6601278680769831
25911,-0.8398293716061258
10384,-0.6628351531761
494115,-0.535388584609246
54814,0.5149230266574241
92283,0.7508843661371961
60686,-0.7238508762161828
728294,-0.6469696406130535
89801,1.127780595097269
1193,3.506383464146289
89782,-0.5082878422886182
57459,0.437321587024615
223082,0.6883773172477986
25934,-0.4770873229208145
10924,0.7191019910881383
441191,0.5300733181801883
9135,-0.4202423838710047
8437,2.5500672504576585
84866,-0.5751080462223337
10063,0.7544991964716847
63926,-0.592809565971187
55290,0.5782781780167568
1072,-0.5126335673319953
9111,-0.7962143423248879
80742,-0.7416631778817372
64118,-0.5121034804938093
8578,1.7154288390533818
100463487,2.6179408914161715
25758,-1.7175916104418485
11052,-0.4362678016447017
84142,-0.8594447862067846
664701,-1.7773289673598889
89953,0.6240903115649135
123745,2.840242357842992
645158,-2.469818873124241
90196,0.4849269638185153
338382,-2.607800751619722
91523,-0.8979524350099067
414777,0.5135022177279819
100129405,1.2699806776757694
153571,1.319508179042557
860,-0.7333979158471741
5434,-0.5640111317020842
140701,1.0792578279871452
8938,2.1406493289141784
84056,-0.5420491580245406
6705,6.344457877691996
266655,-0.5274450720138574
25864,-1.3796248628152052
2686,-0.6693973091578684
644538,-2.385977994159188
29071,-0.5662600036570946
9404,-0.7550441697282424
4070,0.8033622235214806
79983,0.5183859098116604
112574,0.4921100523277857
2817,-0.65543364466072
2130,-0.3402274156483984
120114,-2.687563574367462
129790,1.1108241298845896
51715,-0.4848250405997669
10038,0.6184999463901004
9583,0.4276838965510328
635,2.305482549133792
100874058,-1.0969344392747675
1763,-0.7301705851017805
8611,0.7747780511409298
26523,-0.5065881874894536
161742,-0.6587197196601917
83999,-0.5486730254146049
653145,-0.7264752404145952
2743,1.274085118310372
54953,0.5749265743135851
55780,-0.4642547176324477
254559,3.7095309674612342
6382,0.6763917444872484
254827,-1.0905940709431174
53354,-0.6898539645834418
7263,0.6410780527922296
150776,0.6105320069823323
25792,0.4257839105471237
79744,0.6118370326831638
54868,0.5076659675609219
9823,0.4449696139315065
122553,0.5593759322354576
117581,-0.774066758450897
57552,-0.5228880766627628
9741,0.4339394562778134
51205,0.7579732156141225
1859,0.4269252119519903
9760,-1.8164868583410532
2800,0.4884837967915976
9441,0.6268249176931654
5437,-0.4623428483904686
51657,0.4702690816390968
23291,0.3617995907408821
54788,0.4203392167870077
3759,1.980308290812281
5453,-1.7505194129326154
6732,-0.3732726841824769
30832,-0.6465526233928948
55198,0.4563281304166762
23329,1.4584176001914717
57488,0.4017591121986446
576,-0.8647337658528171
541578,0.5527341474080241
222643,1.209431592400913
64412,0.6834888077680925
399744,0.806838015415862
6391,-0.4023185840897329
157695,-0.4815320084614145
221527,-1.2088839495575985
594839,-1.691013251206425
388849,-1.6447428882271542
26575,1.1649540238936724
10204,-0.5042784615261547
3788,-3.486018353547553
10589,0.5402949562761956
5922,0.5907591900209589
145226,2.214301482073208
150209,1.0166169561298355
57223,0.4761879182927195
284106,-0.7248205278447821
124808,-0.528746490078874
64112,0.5075584712861336
8724,0.393717908840585
65982,0.4392402871927914
3783,1.1598397608240314
51592,0.4460233617405074
100128071,1.820796735808403
285381,0.4677579561985946
101928649,1.2412879136563628
8360,4.22126262402644
221061,-0.52905547923906
1264,-6.529554062223538
80179,-0.4518410846694182
399693,5.445558539444204
79088,0.5641828358975677
8940,0.4967299888569362
7323,0.4462032748323378
83707,0.6446784939139194
5889,-0.6693963708799989
154043,0.7519106427189942
9640,0.4287865725082768
647219,3.818204107788577
2059,0.7536948099200438
56006,0.4945933879507562
10473,-0.4412386200159798
1781,-0.3803268176450354
23059,-0.6211445386665398
101928994,6.183647818704803
6950,-0.3386753956273207
972,-1.127362971379036
79707,-0.581464216287766
1268,-2.121922734127062
171177,0.9574672575595062
22862,0.566110352575759
10594,-0.3757529477190404
100507156,-2.3514519928522506
54954,-0.8121855330352173
9298,-1.676137346016212
51434,-0.4605033575724744
10949,-0.3990845624964544
317772,3.2252423795228773
51294,1.2545994017981312
202,0.3533881235198086
101928034,-1.571029091532826
1363,-0.5654942850561059
94107,-0.4763996942954627
55858,-0.5706970100923064
102724316,0.4301535095135638
659,-0.4473998626017456
54834,0.5687887606405663
23020,-0.3554808455876397
1386,0.6360029093546837
6886,6.183763814420569
441459,-1.2346186917403348
9731,0.4299216925580243
5929,0.4932492020532856
57510,0.4774241603244047
55164,-0.5104839742076107
5223,-0.5879045721766414
23705,-0.6395947360165014
729082,0.6449900206183277
64098,-1.0143963975263812
28986,0.7723591348548537
54106,2.219055117958251
100507459,0.866781129173747
54875,-0.7899488083008205
23008,0.407116435131831
6819,3.45334846475322
2070,2.5359133224017367
84953,0.462221897748453
6993,0.4014661248743815
2946,-0.8419962292992254
3560,3.1792679087810995
59274,0.5514997663074539
5837,2.615856592134941
64847,-0.5527082762786004
219749,-0.7102006775733496
26020,0.5055463279397064
51639,-0.4544483157898838
2000,0.4109281000028613
8540,-0.4390105434545933
4779,0.3506216250994195
23765,0.4762084909629228
345895,-1.3551363980123892
162239,-0.6468015101343637
148213,-0.9661305764797636
9805,-0.3946807455362198
51035,0.4530408523600322
3311,6.1561323079266845
122525,0.8557034178633455
7347,0.5800115157041873
84553,-0.9239559619333438
4842,-0.7145032688305881
55266,-0.5170893727691406
115509,-0.6374861516783165
9766,0.5447135904494126
54542,0.4041735017449117
26805,-1.8517578898160576
80014,-0.4137960969497329
150946,-1.172587327945849
122622,0.9369828394633636
23302,3.659876261889501
285755,1.126106733816663
26284,-0.4617247463294252
57062,-0.3667226430287727
338692,0.5449354149849673
91612,-0.4638256100409599
10675,2.6421531865697614
26056,0.4465876973090419
118788,4.144160649836605
389337,0.7593994973222321
677777,-1.6921240540007825
80125,4.100097857999067
1436,-1.9111940841713064
5496,-0.3791129423738431
10120,-0.4899962983152729
677838,-1.5378694426313844
55958,-0.441925745518117
124402,0.5811400830815778
399687,0.4858887455851852
8506,-0.7498673324060948
26100,0.4612708597765957
30836,-0.427477902839715
387914,-1.5837773577656709
5021,-1.291912906642265
57094,1.288142214594117
160418,-0.4804521361155095
55719,0.4408973024071126
84817,-0.55562990088016
166968,0.5594088557889549
440400,1.4389191252605047
28958,-0.5759908226866398
51124,0.6138273606217289
64773,-0.5398722833454819
366,-1.4102901239625407
159013,-0.4962080831789512
9774,-0.5116848281235672
5575,-0.7203281868207774
593,0.5844868425614422
2634,0.8164751643247461
163126,-0.6363157052978223
79664,-0.5113435069849359
152137,0.4682330281799656
84268,0.665200990901713
54793,0.402984862199359
79944,-0.6906530113386827
84988,0.5808761714829959
826,-0.4867853693107035
84908,-0.4233534694920312
100130519,2.596238156405072
5728,0.603476684512245
7504,1.7285670853015302
140739,0.4597376993219404
5210,0.621080018030065
51719,-0.4960350209675999
933,6.06268784407352
541471,-0.664366318880403
813,0.4370101818644848
5784,-0.4531563397847405
51096,-0.5350223197365515
137682,-0.6557949507209375
23213,1.0961414807985297
6574,0.3700550246224394
7562,-0.880108890469545
100192378,6.341996197724878
5150,0.5461628573420634
113026,-0.5417764442917142
84527,-0.6532180166497733
55531,6.063971982596676
147741,1.0046144980253715
84266,0.6800744591559967
57610,0.4954821018312905
2185,0.4777531716401135
2329,-1.0207258446487066
10873,-1.1846474662426718
427,-0.4229711387632379
10121,-0.4192608394399576
157769,0.4872175411040405
100126791,3.4318759102523826
79098,0.5083496820544332
79990,0.5920221740504635
7227,0.5946515829589858
3861,-2.015661716909151
90632,-5.331984320732468
1346,0.9606448088514964
64101,1.4437991484738697
3991,0.6288265990670889
729252,-4.619266101244498
836,0.508546583508324
5192,-0.7136845435700484
5266,1.981246748650043
10153,-0.546524534721515
151195,0.4204794924711728
79893,0.3523352067587108
2859,2.076624694603302
353131,3.4609158362174024
256691,-1.0482854952607126
1117,-1.8257328813173117
57670,-0.544691719394104
131474,-0.5774472235765802
57332,0.7743637193945766
549,0.6684138838751859
94122,1.584021740353472
22917,-2.744112979969092
170691,1.9515369955673136
101927096,-6.357492696911223
23251,1.0984771718407975
8723,-0.5700924113276952
81553,1.592048427522521
10550,0.4139742720856708
64419,0.4527230206828878
23250,-0.5366790943532053
5673,-5.312181152330217
192111,-0.4838541033519931
404093,-0.4598033425873544
1778,-0.3415476771069783
23518,-0.4114491618923359
388282,4.107067077128624
56172,-0.4948053247473432
387509,-0.7858289575623304
135250,0.8328200647151408
84189,0.7036578664487791
6138,-0.3065769552763965
57719,0.8121896834027268
92715,0.4777979378188101
79446,0.6917051186033977
10978,-0.5040530226532765
9696,-0.5742724058377658
22907,-0.3921955826462368
100125288,1.3904014561802696
55722,-0.7783733785943816
1738,-0.3618147581602003
81558,0.7125140165572228
84881,-0.4826027637556155
9537,-0.4196074482730443
1997,0.375006111576723
84720,-0.5567181146478937
344148,-1.0515504708839911
6549,2.413307936693111
84457,1.802241596478656
64778,0.4433391835030789
79888,0.3945804980637956
83547,0.9281468624831128
122953,0.4612496296148403
8759,-0.9043114999101456
63979,0.6418859536275286
60561,0.516991305972957
7791,-0.5605383645237753
221883,2.524549429906985
10201,0.489061854190763
284306,0.8037197274163763
54797,0.4964028107869495
55655,-0.5122443396271191
3489,0.5575785265217882
7049,-1.084063858932411
55654,0.4038685143895851
23378,-0.5427713932388009
401397,-0.4713955723802034
254251,0.7039927818789558
134492,-0.5818158646654338
92162,1.484742150052905
80204,0.4055174031084376
55041,0.3578069155501437
55686,0.5376038035191469
100272228,1.069056336878998
64748,0.5567307799831701
9324,-0.5963313246023865
222389,0.7392964454693965
9790,-0.4028768848425639
2896,-0.7708187487346022
2690,0.8269920528916022
147700,0.5288718492521528
7067,-0.6048887064801692
255043,1.003541423708392
199223,0.7615092787186213
90,0.4117788140871514
2631,-0.4173430578922124
9689,0.4037193906411425
79594,0.4930724402760618
3786,-1.1163074456073487
10912,3.1184696215770358
57128,-0.5123403403806366
339483,1.375638813731365
100128191,-2.8707666328449264
7290,-0.4274113660259281
112858,-0.5213234112162051
3908,-0.8578410712297272
9054,-0.4970056904113854
22995,-0.5810598088329874
202134,3.229155739951686
4722,-0.4484052442296034
376693,1.3977458924761166
574042,-2.2945648554473377
147949,-0.8753095777244347
23041,0.5040416627200485
50604,-2.4791559174786824
115704,0.4290155784345238
8777,-0.4043170063861019
6392,-0.5241320402604455
23473,0.5202745354651215
6539,2.571171775249706
8131,-0.5282670817254057
80031,1.2923616199475614
29113,2.2689807229850465
101927497,-3.526643774752695
54716,3.50841263044097
54578,-1.621982233595226
107,0.9284682219757144
10526,-0.4333191686393299
577,-2.387188837566952
146059,0.4946891697393161
94120,1.0367904022461067
25909,-0.4327759240956078
101927770,1.6436328448315385
201292,-0.5058958820994855
144108,0.4396493095291757
51289,-6.287088366942236
79001,-0.479133566743452
9751,0.5789760182444953
5331,-0.6095298536379801
6461,0.5012571470232274
79583,-0.7296407766621918
825,-0.7904962418392457
57642,6.202758428891981
98,0.7332816345490635
113277,0.8682131279571975
79647,0.3661474130617042
58508,0.3488921398654561
133015,-0.5718543274413791
6386,0.4707917187454439
22858,-0.4449816274445831
54617,-0.367884405680552
10948,0.4283597496505261
6869,4.05859231110137
550112,0.6239381403476124
752,0.5607360995240945
79987,-0.7943393551242178
285352,0.8731324463288234
254122,-2.4294454476792877
64601,-0.5170271729181226
204962,0.9166029063178156
199692,0.5691827233785269
59353,-6.248150276448947
64175,-0.4256222233399868
91750,0.8373776694310585
29766,-0.3329102667023802
23390,-0.5265153344376468
9563,-0.4124710088718419
5349,0.6538589215273495
55627,-0.4144713250964168
51085,1.8250234997576784
101927957,-1.2820010732713614
8019,-0.474987960136341
90411,0.4306684340594741
81691,-1.149710847998803
64376,0.6406180434647665
692057,-2.137034272401636
27445,0.6475888640545059
55321,0.886006949689394
101928378,0.852631824610841
80127,0.7674786469867516
9870,-0.394285244130308
101928388,2.66536966289644
10728,-0.344541045570914
6534,-3.826646173985001
51385,-0.5383200735318416
64979,-0.6437024419810868
400322,0.44493880516715
443,-4.5240197557881
54014,0.4822780164698091
6726,-0.4745353486876092
80255,0.4450225253439218
2869,-0.7934665219664707
285605,0.8074989194280674
8193,-2.020810362318844
8574,-0.4679872996277118
2785,2.2979035903486142
3885,-0.6681021910078462
84186,0.5523111311046889
151050,0.7943260964999227
847,-0.4525947888843853
9887,0.3720386805590682
6259,-0.3700831250430715
10791,-0.9152789276461344
84300,-0.52346272253764
101928465,1.3836701147920676
7351,-1.3936068696229065
84665,-3.5035694757969864
6097,3.482785806359348
5706,0.4232440687465304
402483,0.4325220516700477
150223,-0.5738108169744506
100379345,-2.030335817083598
138311,-1.1706729818783514
246777,-0.9330361984523328
113828,0.5440324522972797
5287,0.7180540104282088
163778,2.335309298463548
400961,0.9483895249238072
130752,-2.283631240053788
8562,-0.3848321722795071
91860,0.5779735546179953
619208,-0.7909235032717021
259232,-0.8693397684418196
163786,-0.7669438326578142
57184,0.3988551321254611
5217,-0.3669176457738028
686,-0.65041680955961
29883,-0.388611254334577
8834,0.4849040788672126
145282,-0.5829456400511641
84909,-0.545444573342845
161424,-0.5531476776633693
153241,0.6140617531341968
6329,6.252008422580524
81621,2.257945795285661
3965,-1.3745358243526309
26010,-0.3693814253084233
55248,0.5393049504034059
100133612,2.753096593536578
51617,5.900117878963168
63893,0.4064492867754938
84719,1.9775908666689712
57594,-0.5326563073653333
26151,0.4365785723100285
9468,-1.661738759442868
79595,0.4123001357637206
27252,-0.4312995996396684
157247,-0.6913474476883533
284352,0.4266186458787968
9342,0.4289495863394153
6895,-0.4834090858721805
346689,-2.3514533148099943
23640,-0.6066414165406289
170463,-0.6429219069773926
283120,-0.9370337158001258
11103,-0.4270398712805068
9811,0.3623723405524062
85439,-0.5469816688988932
479,1.2614804248544438
55245,-0.4012107442331274
728661,0.4143502006087712
22808,-0.4514107012192838
84936,0.4743946821271066
286046,0.963368945195992
25852,-0.3665521244229272
91419,-1.1689640278303297
150275,0.5902273872420901
196993,-1.281718912153365
349152,-3.014368675697721
54737,0.4342168979577469
4901,1.2194481741188226
5519,-0.4405700449655266
8439,0.5539264634288352
8445,0.607406335612786
6317,1.4450538818634433
60468,0.6971401597974279
79414,-0.7255000895080972
9603,-0.610361890875757
10480,-0.3445256239305664
105378684,1.5946545959235874
55684,-0.4335668086797882
5910,-0.3593536054268363
8303,-0.4329566695386155
10140,0.5113666999491667
55973,0.4661530666685041
9500,0.3609372334138381
1844,-1.8207493731409607
4208,-1.0310264182315307
121601,-0.5191205826587014
4318,-0.8087910086653526
3020,-0.4683518556252758
4528,-0.4290210084678441
54914,0.4437543727686046
11149,0.5696810067765175
10755,0.514081337049193
647042,1.0683124214655235
1819,-0.5085869403999902
57599,0.4217133623081118
54956,0.6926762552907145
55847,-0.4901475736873198
26577,-1.603465855208031
6283,2.771339266073901
5098,-0.5890938529157967
221545,0.6030044828603935
9397,-0.4794187545468636
4700,-0.4281616555316578
3801,0.3876218771569682
55617,-0.545073337939962
9911,0.9522865775763886
6748,0.408364305119282
4122,0.4423497621958451
152302,0.6788699739608032
79848,-0.5816872643960964
10500,0.9324240926774466
26873,0.4636278768607282
101929206,1.6947972868038024
5316,0.409585602426962
25861,0.5614859255834763
11019,-0.5521895304512114
53616,-1.6829689855324963
25959,-0.583340964668341
284184,-0.6237438499292344
9877,0.4072504866930954
91298,0.5437165625311575
23363,-0.5470479060672403
147339,0.3810822214555274
64208,0.6287227614300342
4868,6.1500523771706295
9467,0.7610350255878496
91107,0.7661472408337446
7105,-0.4516486362574395
8581,2.4288314794611376
6863,6.080380243385968
101927740,-4.4416761533118905
9070,-0.3983712032660563
134728,-0.6652037975314418
1977,-0.3961365699346319
79050,-0.5708514287670547
90321,0.4875519758490471
493753,-0.4978071175278341
10501,-2.381146681729845
5412,0.6005913588740456
5160,-0.3655947173400569
338321,3.2485190546327547
92369,4.061394246364847
26205,0.4889070589737926
788,0.523382233359867
54806,0.4997313501715162
9827,0.4508131857885198
401541,-1.473484578709116
51321,-0.3610612757831277
146223,0.4421688144380647
55915,-0.5077165306175716
7694,-0.6580320166926311
63910,1.6798724191859569
80023,-0.4436660424813143
3134,-0.5193457630140558
283578,-0.4733941046402903
51545,0.4621043339604628
2674,-1.5211888231485453
54991,-0.5232763574773002
387700,-1.4411083570954348
51161,-0.7161098261943502
219537,1.3845356055212166
84077,2.342587295537723
3782,-2.280334106557149
5346,1.958608465652644
10212,-0.4268869091879738
1159,-0.706632834618282
25821,0.5404012975470546
55425,-0.4460208891833042
1801,-0.4996728366284286
9890,-4.001669816412412
4706,-0.3885757038965041
3096,0.3782666989921462
2664,0.3918171427321553
6621,-0.5312708113398561
162,-0.4573235991242244
8733,-0.6413591425481567
440944,0.6161635879068087
132228,2.8419969424745517
80270,0.7796832855052148
25836,0.4250419625094561
7528,0.3580893738234272
100507303,-0.9655022367302288
388272,-0.7189745091611796
100216001,-1.0008397669790583
10419,-0.340147809689252
329,0.4648504959947875
692213,-2.4023692737269577
26268,-0.4069598027332806
4249,0.4325207193819753
64285,0.493614468659057
23313,-0.4251216181368428
79065,0.4049805344214232
23355,0.4543424506757199
152518,0.5815332401903083
80818,0.4279564799568658
90007,0.482393752892677
345222,2.4114481884625607
55229,0.416838573093638
57614,0.3941260597165638
102724164,1.1799520224652544
102723320,2.4932347127203527
11196,0.4481106167068556
23741,-0.5829414073802428
4046,-2.472466239289925
54790,0.5208414597462279
375449,0.537020404081774
10469,0.4562414702821893
29968,0.4865180254045349
6505,0.8714964472529761
79147,-0.5265327333815475
9487,0.5035400557174559
4089,0.480733933001303
90102,-0.5274752874554782
10768,0.3534718420989372
57509,0.4706898785055388
10078,0.4598396179432865
84310,-0.4850598586155435
1213,0.2947194911984997
57222,-0.4001932211951335
146057,0.48302521294799
11007,-0.6995250426189231
113655,-0.6101315289935069
55689,-0.4544461816098402
7088,0.4362150912198522
4321,3.567242514826268
2339,0.3876141958299376
253152,1.0608108154815965
139728,1.911504566744336
10300,-0.5935605314970654
10971,-0.3504572838769993
10746,0.5091758844288667
6619,0.4255815367704173
9807,0.4100247090043165
200728,-0.933616716304123
29965,-0.4455110990023649
401089,0.8228863167803383
112840,-0.5366104674554363
9145,0.8143128689620571
339751,1.1816637302354278
79148,-0.9476819001729434
7222,-3.6646931014409634
121504,2.460754365503905
55709,-0.6344583019945454
255919,0.442941704266799
286133,-5.778610012733502
3837,-0.2880740818816035
101929469,1.2534585923337267
26804,-1.3754551159751365
25914,0.4625363661679591
23505,-0.3369682849401865
25788,-0.7108494972787663
57554,-1.44748337240347
150082,1.2520012573812151
6731,0.449019721113908
54205,-0.5429503684944421
57211,-0.3799370175543523
1318,0.4892184934747838
554251,1.129472177514914
57763,0.5093689819763833
25855,-0.3914850350964168
91461,-1.8001389407492234
51319,-0.504786122927345
219333,0.5157139186611016
9025,-0.4328038495066135
5834,-0.4762687503512728
51655,2.179189537114537
100505894,0.839896990289554
10060,2.9951093282194847
91252,-0.4598192854380793
341405,5.659524082341608
340252,-0.6402553572691707
10954,0.3799799199857743
54883,0.4332344561001613
5243,3.250600231052894
1056,1.377313993433842
101927599,0.8602147245071567
126637,2.2779003351855485
7518,-0.6416097000931383
284439,0.6565433068330243
8842,3.752796238311848
6192,-0.2941382509830821
203523,-0.5332932039701386
29923,0.8288635926404943
80198,0.4406067099568045
285600,-1.2564593448030332
255231,-2.554729708108222
4731,-0.4401618250433679
439965,-3.886207254580033
5592,0.9200777308432164
55061,-1.7650617104034951
11001,1.953935852556402
54497,0.3525123052221975
22847,-0.4895314102385786
79818,-0.6870201469580124
116832,-0.638090146328861
2960,-0.4780180258424449
340390,1.2773658515102226
4714,-0.4288069889535601
2846,-5.692213231313651
102724814,0.7637492999874743
25989,0.5432733725166513
27300,-0.3972619530744452
151963,-0.5685820005858191
84640,0.4674961123736135
10152,-0.5207447840767592
58533,-0.3380029294196901
645638,1.2415549873131606
54549,-0.5647131060695266
56953,-1.7882739958761362
9245,1.919415891997913
4320,-1.3924210995795585
6659,-0.6287669102522139
7534,0.2968778327519892
140467,-0.5404187821971237
51121,-0.6343512512392143
57216,0.4015472623119735
400499,1.3606816985562524
54958,-0.8264413682376577
55120,-0.6174795440120788
374354,0.5411552792647429
56900,0.4909167949124475
4582,1.915014858026772
79661,0.6077075871157165
8945,0.3514890224278766
100132352,0.7361576996269523
23309,0.3661699564630006
153090,-0.5573646006680045
11346,-0.4075679620505703
138716,-0.6448278046022118
7417,0.368375477372062
1978,0.4593230139924242
101929591,2.4031454551664986
55081,-0.4086612860338546
246330,0.6710675770765435
8608,2.008436699518529
57680,-0.3393395068888537
8601,0.4695509810050433
83442,0.5781544493094863
9841,-0.5036710123212546
26122,0.4137138786142665
65124,-0.487750499325729
4701,-0.5221668429064549
5589,-0.464277613597095
85358,-0.6183708396849538
2354,-0.8438203685226987
54675,0.5009593909899531
283358,0.5517743198218941
79822,-1.0073298622162885
5165,-0.5132881350309861
128853,2.4150963462770667
79805,-4.964639306263127
143244,-0.8939417996291491
5533,0.4493192500847263
170679,0.771824699283082
55208,0.6528503481054246
10900,0.760315176891694
2784,0.956537004327812
100289255,4.962568374964464
283871,-0.6840109764669426
128434,-0.8138061847216298
9847,-0.4845588774324045
79778,-0.4554955102277703
59348,0.5329644958384036
6850,0.4728720068501959
54674,-3.5639790324023366
221504,-0.4885290346415288
9091,-0.5748801490222499
7133,-1.4238142939209593
9079,-3.623091928212758
51199,-0.3966945226391441
3301,-0.3724488534720371
23194,-0.6945675247800566
92906,-0.4560949600226482
54784,-0.7338974896081999
5255,0.4106323221018566
3579,1.9654502448970264
84629,0.3681305754834459
8825,-1.733732642843912
128338,0.3472592594749793
25906,-0.9639576879569718
145567,0.4040834929259645
55966,-0.5450723815653663
285636,0.5238721471428066
22976,-0.4793253176542847
6603,-0.4713511314792059
84324,-0.3635479279929915
340371,-0.4519495566278277
7840,-0.4019848837377575
283489,-0.4028131182147196
645745,5.898338444025394
8325,-0.7203334951732543
57475,0.6056009124478915
171169,4.958148640583076
285172,0.4821245034381584
341,-1.6367939018047044
5429,-0.3749486865586277
126070,0.5036239407301548
7957,-0.7672875494550405
102724550,-2.641886544183346
139596,-0.595730916022542
8228,-0.5435120378574343
123263,-0.6398521576335634
57404,0.532180878031245
100125556,-1.4627860799129495
114294,0.4047341472554939
378708,-1.6578894438631235
57198,0.390667535654466
9775,-0.4496425739295213
105372818,3.523118598043
113230,1.929887037856748
3799,0.3457017954246932
407006,-1.4098781294159366
4139,0.4826915143281133
7150,0.3597696956647932
81533,-0.3631885040011401
83448,-0.5173224996925532
5962,-0.3860107795495461
100130744,0.7252180456731244
253018,3.075203727714961
388569,-0.8554716204729221
51249,-0.4014059194630686
26043,0.4382403202309257
6892,-0.4580550379093502
282974,-0.70531206977097
1186,0.3594197420006066
152217,-0.6010784484397557
51125,0.3987406847099415
51177,-0.7030462220038729
221662,1.590330574625676
114915,0.4502379529566421
51291,0.5551837351047152
643596,2.477157298466306
91584,-2.1521628917853977
344787,-0.7895534709284976
8802,-0.3776377931665995
26574,-0.342895917602765
2318,0.5718945030153435
5927,0.317019876438552
116211,5.540863594501231
57606,0.3398275763199728
55609,-0.6533000507459245
100128822,1.5686375681741185
5877,0.5016217254581274
3315,0.6701185542701937
56342,-0.9912409050936752
84929,-1.4740698722720391
24140,-0.3166677870581723
283335,-1.301409219380323
7480,2.277585402152403
27327,-0.3561918443136195
51663,0.3888872307517544
55277,-0.5986282712229929
79679,2.7449965446006988
9536,-1.4611669506461382
343521,0.8974144655557204
192666,-1.0152037138996564
114823,0.3825002859618819
8633,-2.489634427164808
51606,0.3886855485647566
145853,1.0524089234558247
5136,2.514256934469828
48,-0.421202400929835
100288198,1.294713690405345
25972,0.3955230283682099
4738,-0.4230412111346865
84060,0.5459558564226826
26813,-1.846409503352032
4082,-0.5823777497811189
7978,-0.5012343204438499
23483,0.5798290736730596
440295,0.7625998623212209
26086,0.4712651441169785
1802,-0.461267317901447
317648,0.5446522929201097
8972,-0.8943852453059967
126792,-0.5470561859774612
8565,0.3919479013284359
8798,0.555937969281217
9987,-0.4780058553905024
105369201,3.2096500481760075
79961,0.6372626762040995
623,1.0610804913685024
100130100,-2.554789847988608
54882,0.7063249637260008
2786,1.9074516891321285
83544,0.7521684403303481
26190,-0.3351589871823568
9961,-0.52147231801667
54903,-0.4747141042778495
112609,-2.3701315934652287
81858,0.4242085826990759
26800,-1.7632131156930653
92691,-1.2850171863381337
284440,0.8497103265149122
79144,0.4794517089053073
57622,-2.533175939410811
27077,0.6168911154329313
10904,-0.4857152321056162
8123,-0.7905584299671509
1374,0.484825667814858
6553,-0.6388616845708385
89846,1.7340304699822722
8803,-0.3766962015568838
57456,-0.4896051919689221
7059,0.3921826248043162
83451,-0.6035078653807842
100381270,0.4853961222849469
2356,-0.3889775754069887
65977,0.7268905915343221
3187,-0.3586764709712314
8682,0.3638293397488091
339229,-0.5514825797437289
54944,-1.3829815077881715
89795,0.5547082521838769
80854,0.4697777908111414
222166,0.4249042799620021
101926900,3.511524706069173
548645,0.658183311083947
65983,0.3937913982416505
23141,0.3012854522065474
93429,1.0741387379462188
3235,1.835359779390448
157657,-0.8799294371804123
206358,0.4451302457683541
152687,-0.6563462259311346
53335,-0.7513235218993173
65057,-0.5285590282834882
1203,-0.4080284124172224
26071,0.4097508521801093
25820,0.3267604476411361
23551,2.0665276407563327
4063,5.820496041115416
3098,0.3615583058698981
647087,-0.4357204782210484
149420,0.770678925900596
85464,-0.5354291004469817
8503,-0.4887007091266124
84162,0.421961249742987
55870,0.3323540793645925
2921,0.8758980014729429
79884,-0.4768379414807143
101927559,2.389391801088711
90957,-0.3939345829130874
10057,-0.4290664211537878
30,-0.5080159422784867
7292,-0.9887114484606682
387882,-0.3667561268626297
6146,-0.3086222476528019
6884,0.4325556559382653
11245,0.4959407135199496
79582,0.5324562565421385
606500,-1.5882852735813269
8301,0.3498172285300058
3000,0.9249164725655042
9806,1.669105475008357
55679,-1.2920557619876334
55313,-0.4211083751983097
84624,-1.2351515741996502
6945,0.3720131186932034
26092,0.3349690770676337
27095,0.368622097511216
8563,-0.3780034246795862
79836,3.3316968112119394
1211,0.3233752204264199
8862,-3.047124385672915
55744,-0.4012522606919778
113444,-0.4425797260796329
1797,0.5072874506753972
396,-0.4814307494145569
10381,-0.7200564832466746
56648,-0.5195892632910885
10307,0.4865733392644528
9477,-0.4057765603020823
55630,-0.6008388562100354
862,-1.667425410269452
28982,-0.6533362697196838
2799,0.3220135514912837
9706,-0.3761671227777278
9358,-2.854680118960106
144100,1.1635429336943484
201973,-0.6065143692904866
10947,-0.3499680722161432
22796,-0.3795688777108768
80233,-0.4816574231531522
22859,-0.5320240715095107
6389,-0.4898222259823084
5697,2.246591593830111
131118,-0.5656809101878885
729737,0.7874466633799782
219402,0.4200550414350887
257000,0.8106073872331568
80099,-4.856659205583686
3836,0.3413494034389536
125988,-0.4565730114373526
80740,2.1980101197209336
10598,-0.3133736495702671
2644,1.1945712882200452
254225,0.3707851232441678
178,-0.4052181275098875
347734,-0.4420720880958099
84864,-0.4069973536556449
64757,-1.4051032147492366
958,-0.5090933074966731
28998,-0.4260405536300945
4155,0.416764843304111
268,1.6482634894319517
25912,0.4136027958600447
219873,5.76767626455281
5328,0.5309264344624219
3198,-0.5758164139638946
8345,2.6823517167660587
374819,0.9215517615826456
5205,0.3922438697474256
57659,-0.3239310499613007
84281,-1.5397328982799934
89932,-0.6360731800429281
22827,-0.3986640579302099
55623,0.4854524837758995
79697,-0.5408897049385806
51031,-0.3749045058604923
25809,-0.7371430252024648
650623,0.6254345206870453
55131,-0.3665231409202046
11213,-0.8642290447317822
124565,0.3412573996950033
84826,0.550403242996902
128240,-0.45817445122321
8643,1.4793729611348765
163081,0.5544076525535632
53371,-0.3649709893743578
113177,1.152140145052985
9654,-0.4054625450315283
5916,0.6659828921600807
7039,0.4469599680642878
10795,-0.3987376266411294
79058,0.5238482636072245
8517,0.6974489537540087
25978,0.4836491810721751
100422872,-2.409270411870474
28992,-0.8890499299930404
64062,-0.3972189613400931
83693,0.4140425857043737
6423,-5.99762552047318
5649,-2.2645321398999454
140462,-3.140248807861947
54951,-0.4606860391424011
103091864,2.860779674715567
10982,-0.4507361446879813
27293,1.0229464731320117
55274,0.5213094602802403
100507178,-1.1722267933611037
10277,0.3360730787002661
26173,-0.4763279412585062
5607,0.5269662750293657
3396,-0.4551929920375628
9475,-0.4093465694706831
2520,2.4168386538123583
64081,-0.8277326540678476
284076,-5.435233352866718
404281,-0.8695609024128845
55970,-0.3398320457794091
26872,0.5636645534923054
5451,0.4514454440628202
163175,1.4411482389060914
102724428,-1.1444387085304857
9818,0.379258432082506
284069,-1.0803682672156405
5986,0.4468819018802416
4211,-0.6017813822137208
201254,-0.6458376323292381
100129543,-1.7393942400194269
10600,0.4762964923550992
9223,-0.4907042405611938
26996,2.1806488029390154
259217,0.5151515607093765
10250,-0.3350208074117373
692106,-1.7976864504046544
55324,0.3561974927755432
283149,-0.5818475297047746
26168,-0.539967861616958
90799,0.4318932263352115
23074,0.5810188134189873
4909,-0.7139898093009094
114044,-0.8174394037965335
9646,-0.3253840877285038
129831,-0.5512557492346807
23550,-0.6462459073830265
727,-1.0065478793022635
9039,-0.3642163379569526
2720,-0.4067934593626879
3887,-1.899354734616843
29934,-0.3392493552071516
10670,0.3263696285837854
147138,1.6113447433784511
10270,-0.3440388941160119
51686,1.2924869867830897
54994,0.3276465285064102
27342,0.3402088492853019
11277,-0.7278582755555824
3664,0.5048783993069048
27076,1.261608329559445
100170841,-0.5052523312679136
4899,0.4936871834471562
84678,-0.4050626829013123
5630,5.739112565578368
153562,0.4271300908977596
1439,2.471027768653017
246184,0.6701685787926264
83734,-0.5510488186204243
8575,0.4522337814845408
578,0.4123409477370949
55280,-0.3668515741511179
5379,-0.7526841369494331
54981,0.4164454555320135
5594,0.2921361603130405
90871,-0.5216364143620553
64776,-0.5204624556871343
28988,-0.5128746444716904
27031,-0.7005272501863133
80003,0.3397630984143386
54971,0.5434752495280735
132430,-1.180781213331864
5373,0.3550729973136712
3156,0.2795556767525816
126017,-0.619765331683972
9578,0.3378619273220942
23514,-0.3823227717232271
84176,1.1692151632083716
5616,-0.4510020562400284
113146,0.5058002657148062
23457,-0.7745655362463967
1212,-0.5312824912371316
5937,-0.4140128757286891
548596,-0.7044219702674102
88745,-0.3729922944106977
100132354,5.339110034197877
340526,-0.7473295215419361
284273,-0.3679103412128638
51,0.3520808177704851
51101,-0.6250468835539044
84285,0.3709936065013972
81671,0.3045857625543149
90952,2.819421084084644
23181,0.3347913191187331
8747,-1.6136070456212983
729013,-0.7163883897223018
10848,0.5144312852131713
79072,-0.5714772306174578
2004,0.4138707024948627
440689,2.8190856614669
8543,0.4455285090838801
2050,-0.475120293871026
163131,-0.5409977532501128
8111,-1.5500366609189724
340533,4.055624791123067
64753,0.8075457020275755
55210,-0.4829609781032612
51754,-0.6479455268171521
402573,1.8253423244665388
677831,-2.7873116598372003
2877,1.9257431106292453
55315,0.8288528783592923
23276,-0.4603314799241488
92922,-0.8614242578185657
86,-0.3367558745545048
10636,-0.7741725494075788
163732,-1.787231006632621
6237,0.4161546720238286
112849,-0.5747095370362326
442075,-0.9390095841246976
79929,1.055977437074732
11127,-0.4189036275490976
10499,0.4319330496905857
2176,-0.4726856456889223
5129,-0.8194708015491824
118611,-3.699893267764915
80007,0.521303282894466
51008,-0.3693076085133914
57722,-0.8005168431535323
89891,-0.5598195283189592
4920,1.7871467274764683
23595,-0.4179840613303068
8395,2.376464107693679
5716,0.3756699123909912
143384,0.3453158686347917
4802,0.4326410021354968
125919,0.6043864958171783
342667,-1.6728707580704805
285367,-0.4476074240820177
57633,1.279712073987786
360,0.676870081615385
125113,-3.225017725619684
3600,1.0868584437159854
25915,-0.4635064371144386
1520,-1.015776615273249
26240,-0.7333615390047583
4684,-0.8675839594749133
162966,0.4730160112870881
51744,5.625736893497291
58526,0.3477567154209644
4234,-0.5797019886078089
57688,0.3542100220884882
132949,-0.4244224872806108
54476,0.3863315966358886
84920,-0.9526746199780212
57828,1.5156877842816423
57178,0.4703928465915203
6324,-1.7700220392144563
51548,0.4490135038101561
8560,-0.3677658053252684
79090,-1.0030703813999793
22901,-0.6455311644502725
375298,-4.136566459917547
7581,0.4423551415217547
11031,-0.512924665652665
5702,-0.3277832204199419
84940,-0.6226552952529396
650794,0.8294749071232108
100507420,0.4089563911886833
26589,-0.4518672122243252
54942,0.4422962183216438
374928,0.4763232020976647
25979,0.4526909476738943
55552,0.571443134132686
93082,5.265876369592715
92270,-0.6868531199123359
10730,0.3610864164736539
83394,0.405730199653818
84969,-0.7373668547520981
8720,-0.2820267331786742
201501,-2.560171303282896
7095,0.4196588586482822
56911,0.59614874240499
83733,1.433053310202907
1650,0.3050950743644652
9658,0.3749861447011645
64787,0.493859981811131
3426,-2.294699172891126
7175,-0.3138697038257429
51473,2.235172442350574
55258,0.3782289330123589
285429,1.2241864198800174
79759,-0.6047757189473466
3204,-1.2099617753428868
64410,0.6993966100036846
101928728,-2.3030866623167943
140460,0.3933420332572495
4720,-0.3627481575650163
83935,-1.1966655765632384
2534,0.3597272854490237
10017,1.481908656961913
78994,0.3830078252157241
53,-0.4042333241153538
219699,0.4889191815814373
10559,-0.4007159886324826
129303,-0.618938567509753
101927376,3.988709229883836
101929260,2.9256493633145206
55652,0.4936356749790918
1486,0.5319043374215255
3376,0.4064889145457727
51493,0.3336920959413724
689,-0.310486956227565
3597,0.3238317269373106
388685,0.7198942530521721
3728,0.5842787082072738
8726,-0.4012847936885966
23559,-0.9408809084988478
201853,2.7935539016859128
148362,0.406532092994353
83690,-0.7758191449379219
29957,-0.4100145746580538
29893,-0.9059958412781955
84948,-0.6261380372570154
23266,0.3146015571232618
728264,-5.849185365322264
654254,-1.0341161813588262
23585,0.3644732857113241
80739,2.423282962988165
64288,0.8078730679650907
2827,-1.1773567408489647
23102,-0.337181170691532
5345,1.0635854959566822
2300,-0.6012287839680113
64799,-0.8110976856885358
841,-0.3990648133776833
9110,0.4076940142050855
7283,-0.4484480378238606
126638,1.2579184609384255
6277,0.3856925708829363
51363,-0.3956118105530717
2553,0.4314065074980264
25800,-0.3119335507419957
1312,-0.4887668306510362
26088,0.3760795330229797
51264,-0.4358986591924729
56925,-0.8150302464370941
1718,-0.3252161469465564
54550,3.93590235576528
284370,0.5953970264511889
440288,-0.9695110526930292
4035,0.4685739438074749
51585,0.3739329260521405
100628315,-3.699349558831606
23281,2.705575781459744
27179,5.653206116540686
6257,0.3189926202552364
81602,0.5287825471567457
1192,0.3552929669149881
648791,1.829715600750331
79042,-0.3764579423671749
3104,0.434463500046515
538,-0.4435943911778092
79762,0.8527184783029059
54554,0.6022708143010074
1453,0.3465091577983487
26267,0.4724944232117073
1185,0.4074212455243739
51324,-0.327640821909284
5195,0.4292662638127595
55350,4.7245487338402326
219927,-0.4314009077763605
6620,2.3358601133952512
81550,-0.4702404175353449
9633,-0.7019268015311817
644,-0.5168693859077524
63932,-0.4788550235918138
729683,-2.861465281964627
105372109,2.7976957780986083
2819,3.1032780635252872
5283,0.5010822319642837
84464,-0.5723057157395454
27177,2.785755880783676
79813,-0.3505189621189672
11108,0.3465873653629161
152742,-5.742548646203029
6319,-0.3087360028532053
142680,1.7842302339071825
8315,0.3380306599814475
25953,-0.4829423421925027
477,5.250762742531644
6469,5.6005677920821775
2597,-0.4716722702456304
201626,-0.3568944017990889
124512,0.4083356094188496
27111,3.981043393994573
221078,-0.5178525565436971
114987,0.7547206471631953
4343,-0.3160858783184328
8651,1.0079699061681426
342371,0.3311029383555823
730094,0.5035357893066934
131578,-2.8744147207727475
3757,5.531912008939953
283104,1.07192969658814
388507,-1.0433464873631486
51175,0.627338184528106
374655,0.460787685854215
51693,-0.4340292245044665
83892,-0.3490757970420908
64843,1.1781637279160715
140876,-1.381690463422786
55234,-0.3102041095381847
574036,-2.2092099890656502
339768,-1.361948357725983
51006,0.3543821700766924
127534,1.3790065051721685
693222,1.50788511018949
3306,-0.7062396365067998
9527,0.3809887066386315
9374,-0.5840328541908223
340277,0.9868968194912324
113201,0.4532534753178527
823,0.4303657254328588
131583,0.7424227688800763
94134,0.4532015924857751
9512,-0.3344242621129089
169981,0.5767537114826526
26130,0.3155372439114975
55751,0.3725495304960758
3133,0.3196453348830089
2874,0.3773214292036322
26770,-1.1390165873336675
25980,-0.4109708283135707
100270680,-2.9652340394820014
57050,-0.3294214073813818
144402,0.5421444000972983
4430,-0.3386752221545609
339804,-0.473493970806932
64145,0.3351225918577529
63977,-0.5665201679834759
127396,-0.980234118481785
152926,0.5943338349607125
202781,0.9749590304054494
54726,-0.3733329977826419
2678,0.7713077720737386
6166,0.2983911528651107
100379251,1.745676282777854
1440,-1.0623951562997025
730268,-1.3635151151379823
9638,-0.3036331026690406
7644,0.4177893743761966
27123,-3.400678446460882
50626,0.4057391489486514
64284,1.5449248508788993
53340,-0.6152013584430173
399671,1.6638265546559587
2822,2.1774631210596733
6045,0.4163044222474056
57192,0.4945903084481982
3215,-2.083082174098508
79095,0.5280517498859092
25829,0.3721436408909477
10556,-0.4791243199713383
51588,0.5167128391234009
8531,-0.3024751397886697
100506215,-1.007008954063098
11112,-0.3807715137283519
100505938,3.229563082090396
197187,-1.1847456669635896
84106,3.491364732319956
101927482,-3.6747056365954913
256356,0.3787643751723839
4929,0.9893505405813664
1953,-0.6687782977729763
57533,0.3454198885453347
10245,0.3868483247464716
23287,0.5000799269661947
7536,-0.3042230798098396
63898,0.4429854402350651
102465906,5.173094485214931
27089,-0.3950803905190766
1209,0.345228131697447
129138,0.4711676327743401
57116,-2.5854991832340763
84333,0.6103750965205081
55151,0.5813946491750511
85026,0.5316176810518706
141,0.5896231531938501
23034,-0.327859704322947
5645,3.0884777445568656
339123,-0.5055399182135911
55815,-1.3790681113112464
729440,-0.5669366123280402
84632,-0.402588613091415
85302,-0.6093059626314237
10628,0.3544913998668491
5110,0.2931915959658583
84548,0.6243801860928594
283927,-0.8537761794759477
29126,-0.3402779960812859
6648,0.5078876534820108
340784,5.48878677248308
8412,-0.3467762440326649
147463,0.4937573221440963
3508,0.3912381952053334
57396,0.5043448411677175
64711,2.531324162886842
10498,-0.3671285772201446
100130348,2.6015924948391564
58485,-0.4173085717315101
84108,-0.6190499922724901
10520,0.3908171795016913
163227,-0.9058889888542544
285533,1.535294094900104
100874353,2.5479130357289987
4615,-0.4552927798252765
100507458,0.939732258839474
9303,-1.8037246204920632
54760,0.8556323728702477
84669,0.3374122598825991
4850,0.3434512151059252
85458,-0.4851380647438251
147011,-1.6379358310501615
102800317,2.1100085511373226
54987,-0.4222749740527775
84343,-0.4058871147293169
100132111,2.4515722386148804
64114,0.474578322659144
219931,-0.4702424934603996
84277,-0.5675814504785955
7993,-0.4985766068792728
55137,-0.5605159303977013
10477,-0.3418440693326147
112464,0.5024482572318852
284611,-0.6489001649460422
91966,0.5668154407035463
7421,-0.4087574815334086
84315,-0.4805949769980701
197342,-0.7998936042469845
102723854,-5.204692249173351
9391,-0.2988573602647071
4308,-5.206807074584085
57158,-2.548087088592546
80757,-1.6138813403048462
29799,1.1230818899608996
54435,1.318287845877839
8924,-0.2893848799237107
26025,-0.7889971968507148
353500,0.7235255377495835
8226,-0.4311527037016192
4884,-2.105321385008037
220388,-2.785003182172767
79643,-0.5096035097328794
84838,-0.3414638403712858
201514,-0.4576947598055874
400569,-0.517001615649036
83992,-1.3519432556452875
150759,-0.5467121688945896
6441,1.4401368832633847
23162,0.3491356642779151
27030,-0.3805775843422594
340206,3.882407102230372
9905,-0.3506258894597179
10401,-0.3940282166255381
115416,-0.4529496949923612
57715,-0.6894253897999317
79657,-0.3556234746122234
2888,-0.7959243086915854
9420,-2.063897318921639
84340,-0.3925451223413413
54469,0.3551837614085156
55799,-5.903257876113257
3594,-2.8897216635531766
93611,-0.4045908481375787
11147,0.667622179905892
124245,-0.3782280214391612
2796,0.8124567565279085
10169,0.4142276056983891
1101,-0.9939577137963038
51072,-0.4150092948630712
114789,0.479812707071454
91304,0.3800972803669856
29066,0.3253538524586167
25822,-0.6138876371779503
3081,1.9239085894604104
613,0.4196170582113617
728554,-0.8704330448167356
122616,0.4309903466727258
22878,0.3151110973429155
26148,0.5119883874058048
51094,0.3064193857788457
3590,-0.7689950715140271
26986,0.2551560963402943
79656,-2.487463912588285
126669,5.158452490370878
10575,-0.284506257024513
7265,0.3721844102200498
835,-0.3996570409546599
101928075,3.8378138533063386
1155,-0.4208163786201976
51170,-0.5496860599328032
5442,-0.4125900678591329
51308,-0.8419457443872104
85291,5.483422576741621
25851,0.4344695732379933
9600,0.3482630953540921
5660,0.2718020349352394
1662,-0.4694713451635305
6518,-1.4623845690050066
9794,0.3219458719950276
7732,2.031034676541909
79140,-0.8610610493035089
6009,0.395680457761559
6786,0.3678952918445608
1974,-0.3031595081437628
3660,0.3536888639217641
8698,2.279028196726677
9869,-0.3197142607545426
668,0.8950605113173196
8894,0.333679062173186
1528,-0.5774362959761425
9260,-0.3926059961023238
11157,-0.5552640667579528
51160,0.355487061419305
286151,-2.653605025408784
203111,1.757361864988214
4291,-0.4645991412618311
93487,-0.3120152600899963
56853,2.087848623256596
100130476,-1.0340061232811557
57037,0.6155433181043475
54855,1.7744850117630866
80725,1.4617694103032022
6926,-0.3740236259510919
64789,-0.5870702793122022
23127,-1.5913889172640172
100507205,4.4315221397285
7257,-0.5126354564104302
51400,-0.3611988424433903
7174,-0.3083161348763282
645513,0.9018458956103426
64423,0.3529920031686679
117155,0.8580027757992167
26578,0.3376214869853819
57045,-0.396956966696255
81894,-0.3596972576368478
57194,-1.1283921685084988
2707,0.5331810758794175
3958,0.3914379133996696
685,0.9607290621522556
728643,-1.9412999431594335
23385,-0.3170227354415874
7755,0.5076169937234255
55824,-0.5879942513109739
5715,0.3448997837780756
54477,0.3231930305998435
199786,1.9332173087970868
25961,-0.9351634248276608
100507217,0.5043237812390509
2331,-1.6096875154872976
55082,-0.3097681642149193
652,-1.8456096780275424
57578,1.8059090462748129
27090,0.4495634834001829
9150,0.3317728535825996
29960,-0.4229295543091292
399979,0.2727981148612697
353,-0.4983243092848529
23242,1.51974375662763
100287225,2.4481838450804614
2947,-0.3381678231905594
64595,-0.5147041599160865
54898,-2.0226701382888423
284080,0.8082765530928153
2733,-0.3430134264241648
3665,-0.444374786059269
79871,-0.4255610142296623
51019,-0.3702868201558449
64577,1.7195613996375427
1102,-0.561058864174908
25793,0.3078592806039807
55269,-0.3797024442651749
27304,-0.455516993614278
440434,0.9177589338670448
4300,-0.3997615239047875
79903,0.3633929694652459
27229,-0.4367457673752061
128346,1.3683103032917936
6533,0.4895633270814929
153642,0.6277681137544736
100144748,-1.495041293314044
63895,-2.099738547432126
10052,-0.3876650192183017
64981,-0.4113472838688151
1785,0.3030141440369071
100130987,1.2535898558921714
57590,-0.3018837977626457
2101,-0.3878143572690975
8772,-0.3606766389203536
729375,-1.2308818457487636
27163,-0.5331624617290205
8330,2.308999509006356
105377133,-1.4600897355388105
9772,-0.4305243006315122
54543,-0.2997396574777246
100287932,-0.3344169960886985
54413,1.280838506113959
30815,-0.3692532742664757
51513,-2.0515660048038367
22998,0.4247746958543509
644596,-1.145098354009436
9702,0.5087526702448668
51804,0.6023939508852604
84942,-0.359793367223752
440104,-0.5014121931832769
114880,0.4446527652012554
284385,-0.6381125417504738
6670,0.3571445726322759
128869,-0.4294892785392349
285033,0.7376985805195231
64841,-0.3362946510886192
79734,0.4243600730374982
54537,-0.4783682961235832
5281,-0.5828108927706687
55346,-0.3518802888235761
646719,-0.8106597430495834
7564,0.4857564046425255
203859,1.3739300912892332
399972,-1.1427459879244368
79669,0.4930608270939794
80728,0.4528611975237522
8792,1.5469124411388324
222161,0.6814187966726584
222696,-0.5043314444384928
122060,3.18335428749683
389541,-0.3775806844846595
23023,0.2915318293773895
2138,-1.965736027439448
23155,0.3472811004261809
5587,-0.6948370149691914
51168,1.217051723877725
78996,-0.4173422344178505
10199,-0.387290918024736
1958,0.5559142053162253
56987,-0.3192720073413361
51028,-0.3981057666525112
390940,0.9216482753186304
341208,1.4034166989200323
79815,0.3574649244466381
80218,-0.3490084849732671
55296,-0.5281673143899599
26999,0.4944150577604266
4093,1.5548921858279396
10322,-0.4518962843054172
5325,-0.3589855675353806
345651,-3.517221687827896
3281,-0.2671161983844056
84791,-0.6193623455634292
4048,-0.2816505915080689
7135,-0.6746991157074878
51257,0.5041044560142971
6415,-0.4040141793547795
51276,0.7361599765610795
129450,0.4941055108814535
28966,0.4828906384427297
1874,-0.4133439664717468
401152,0.3835802205991885
54505,-0.3486089786734861
29953,-2.211519663689664
5639,0.62604214743238
199800,-1.406815165794312
585,-0.3963672255507448
64834,0.4528086613092746
101928484,4.964366922212024
9284,1.091878700946627
54433,-0.4185328482534847
220,0.4148290558559691
25778,0.3630812557005041
201965,-0.415454922925189
57563,-0.4104900984454475
284004,-0.5825662344115173
23304,0.3624888367250681
57175,0.3873720371965889
254170,0.358940193461588
7384,0.2820541322171633
11276,0.3284214724113303
85016,-1.0013912374439262
92521,-0.3275891136270894
81856,0.5137918327176271
283284,0.9713730933231184
7392,0.3467452948850896
374654,-0.5005024181033001
7428,0.3635512056411853
63920,0.7557665765969527
29994,0.2923538766931059
148206,-0.4744316952007019
100101490,-0.7348302866639114
167555,0.9233376571905464
201516,2.228295381223345
9202,-0.2810808681312969
7113,2.221140115667431
338324,1.6308867788956631
285220,4.380541061154328
478,-1.9597549961643816
83959,-0.459813242847277
54329,-1.039269292801056
55917,0.3083504504064344
23163,0.3646184899540937
728752,1.4931932932255596
157506,0.4384317864235084
92597,-0.4634183234144336
286144,0.4465588297958422
405753,1.5216348329723088
26108,-0.6263060450241774
3920,-0.3275603739514139
81575,-0.7834515067073258
58500,0.4581596900195272
339044,0.5891782068352943
10972,0.2550052210022421
6622,-0.4002625549387404
283624,0.4744931216704925
3631,-0.3311618962484234
6327,-1.6575018762828166
1979,0.2680509020019562
84299,0.4865580954755304
51023,-0.5486275082200632
11182,-0.5604919361697673
1595,0.2734906255389321
22861,0.2830597261721095
2965,-0.2968528036953746
26137,0.735185449438278
10399,0.2695250572133341
5324,0.5060618822268913
2773,0.2863252869047444
7008,0.4042338234479749
101927167,2.8546625894825244
100462983,2.9667961291418337
64427,-0.3283302529033917
3939,-0.5148551903321872
129285,0.3393216027683692
105372824,1.4662700745926918
404217,-0.8715123964505657
79673,0.399538317163028
4326,-0.3991406150494367
3767,4.974240636244316
239,0.7844795427739235
7376,0.3954602154142628
135154,-0.5922160019177405
9612,-0.3444850414268784
7167,-0.4132829821751079
57700,0.4302529399048005
22839,0.3541595847065732
9184,-0.2868040799673825
55112,0.3431551509343078
129880,-0.5727575646983952
259230,0.4151292866820305
58986,0.3946351274098257
27161,0.3038518805278419
220359,3.717820447008689
51616,-0.5270555567783868
253558,0.3792062112843699
522,-0.3318608398349066
7704,-0.9642785933975708
339967,3.1341706691449933
23218,0.6505966688170904
10096,-0.2530426852495246
6456,2.064815590786216
8655,-0.4217169065710774
83479,0.4855485796320939
126129,-1.112260881652068
284837,-1.0084123211537943
5092,0.3752473549567547
79789,0.4852384594671677
9889,0.2982145717840159
6297,-0.770616073331938
661,0.3567895258387424
103695436,2.758055695193408
100506714,0.4895642866729564
146198,-0.3385369767231797
8175,0.3776165861102469
81603,0.452860039268333
6305,0.3674575949387458
29796,-0.4173364867723378
80139,0.4339830766771031
286256,3.786305473451678
255758,-0.517132022765471
3196,2.6860209995072197
84675,4.394270392779424
7388,-0.2715500402860262
55716,0.3787525457524018
158160,0.9748425146605316
7750,0.2968979315519766
85014,-0.4284304204409622
149041,0.4248070491581039
64863,0.4260431584414165
3853,-0.5556417575634915
8794,0.7456227839102976
1345,-0.3267854113467451
3800,-1.5243348998838324
3004,5.033641276734692
339416,-1.651074971892869
9253,0.3947572279822527
23265,-0.394334508062106
100507291,1.2588802273771398
5378,-0.5265770702179983
64210,-0.316460866464338
131544,0.3912336679178397
24149,-0.2965013266465634
84815,-1.6115050809840037
79814,-1.216981913300034
29950,0.5946413549793029
10541,-0.3474062483720121
2193,-0.3710767231725037
29101,0.2891589774203402
9641,-0.7355108865766791
9534,0.4395098536015702
79576,0.4583869735412061
79038,-0.4064490486188094
23237,2.184866376606548
23175,0.36625745683215
286002,5.026060668251205
3712,-0.3973098032238749
153478,-2.425474157066939
55869,-0.3920915225834285
8036,0.3462418040638347
7266,-0.2933673358759541
27295,-1.2619853720556429
643650,-1.9250273515686067
85409,1.9646974373085453
414245,0.9351019187104966
6778,-0.3291591258875099
643180,0.9858804154335064
2645,-3.221209151493749
91748,-0.3232142185156446
9942,-0.6916511299228454
1608,1.8551181756936028
146862,-3.021027659605596
9363,1.5702571214076
27040,0.8804436682231885
10975,-0.401570415749072
140688,0.3691639893659267
57595,-1.3879137971742936
9736,0.3360624183544826
6653,-0.3893143337031622
8732,-0.3637942988161176
7350,3.0590902558228503
54857,-0.9137707519450806
58155,-0.5921734768287337
56108,-1.340849248631357
126298,0.3135202366758269
5977,0.3424660216248401
80128,-0.5272960978954087
345274,0.684403565968129
10927,-0.298462706492181
169270,-0.5732556010170518
23394,-0.2807156887106301
222223,0.4060432171438845
56112,-1.781741539631547
79882,-0.30445851628594
26773,-2.068257274831277
1657,0.3380040362208318
9048,-0.4856478011554827
5813,0.5335367972773266
55793,0.6183797296088471
10897,0.3462332413727201
125228,0.426655197785372
10612,-0.47209670647891
1831,0.304308818077636
7001,-0.3621815702946684
84975,0.3603825633225012
10494,-0.3613389808196033
100526767,4.249166864496116
101928103,-1.1658739562568476
7425,1.9343232108211703
55794,-0.514973178325896
7544,0.4820568205927378
55636,-0.3014460739933343
57107,0.3832253824310884
55605,0.2991641167527205
345930,1.641047723353172
10352,-0.4609734889736961
23090,-1.7336126219037022
9728,0.3386288458116736
50485,-0.3434515225781446
619567,-0.9357150811913956
100885776,0.8924760642961183
64344,1.1795784637585895
79696,1.436442422999208
10691,0.4191758673256019
151254,-1.8370702737026303
1606,-0.3856743425777881
155054,0.4956201637116083
494197,5.257143149820033
2746,-0.2727856782623669
129531,0.4014023963451836
5826,0.3188778688227504
253650,-0.7056861631287386
3823,-1.6437123922532526
27042,-0.3439449570546419
131,3.4130092758584256
100093630,0.3556478623745738
2787,0.3128290375997716
57801,-0.4839079681241883
441046,-1.3145488829710257
29985,-0.4566530714127043
8630,-2.2957926552163843
6821,0.456823485928032
79797,0.4089509869708576
101927021,-0.7610616942761537
25981,0.5871684366297673
1656,0.2662427894111198
4256,2.8586340913182955
100859930,0.5322679733424234
83858,-0.3753322882539543
8786,3.308654437139859
146434,-0.495132255248568
5605,0.3052624417959382
284739,1.7714373238344177
6253,-0.5970277207467193
79777,0.6275012292310074
79800,-0.6306931233422581
9149,0.3742467269903737
57477,0.4362007220843527
629,0.8302269697281601
51621,0.251719565453818
100131755,-0.5226752383190905
84993,-0.3287314900441552
6023,-1.2593090166766785
256472,2.286445912381609
6715,-0.4666525997499528
93134,-0.3279427130465921
6924,-0.2896484175233171
3422,-0.3179874028519967
25782,0.2972878208298892
718,-1.1978051510206171
161145,-0.8898134236711843
9412,0.3551033586872401
105373311,-1.2163111599050322
347344,-0.4006863583209711
5151,-0.3221606395772719
10425,0.3076132315664938
65996,0.3831494563350845
29093,-0.405748932150883
9219,-0.2892279249320764
6513,0.5556262716401432
8814,-0.7982289320032008
81027,-1.4140794962536174
2966,-1.1881716286298685
6261,1.5251227768308566
51012,0.5822591044200193
7299,-5.559264983997584
55884,0.2989085264656488
26816,-1.326839848904685
797,3.307250539529141
10445,-0.3404064569013037
117289,1.3413064289295693
146857,-0.9559623292555124
653247,2.5743591896267564
80335,-0.2511001629403587
9113,0.3660734114126234
943,-3.8012305058653264
54957,0.4789332752654702
100129792,-1.2744105083525288
10396,1.3289320121322274
116224,0.4211753034649059
1880,-4.272061540223137
10913,-1.6612133446647788
80344,0.2942708773955861
54622,-0.4561956344385196
51182,-0.323840646297465
128866,0.320831223590968
5896,-0.5572931565378699
9687,-1.1728155634315098
6006,1.960153080272249
305,-0.9757398484185696
85442,1.9900556038100103
6566,-0.274730690027254
9906,0.3930210134953602
101929467,0.7950799571799264
55764,-0.4127845770881214
375484,-0.5366173712243547
6640,0.5132401909456813
25875,0.2920706857173194
80217,1.0387666173959813
7091,-0.4325782159023336
26266,1.2282090884027146
57482,0.8046871133685504
6541,-0.2479337634296697
487,0.9335327641223686
3059,0.5984219692999257
89777,1.2493979029654163
3984,0.3585868657920767
221692,-0.9039355225478544
105373551,1.719156648548641
118433,-0.7303528769341893
53615,-0.3520783999362796
8337,5.195129124840061
63875,-0.3446283212688238
8314,-0.3202371477669776
23443,0.3982789208803967
51109,-0.2974885711509563
6897,0.3072283668285674
23295,0.3530198812051358
353091,0.5525671428341459
285908,0.5229027494641223
84320,-0.3020322177302101
10240,-0.3820773991696848
55840,1.136308120540769
10193,0.3046029199764552
161253,2.097145005883013
1755,-1.4571821830779703
5178,1.175032554241319
5476,0.368660202501937
2119,0.3855387175635792
51143,-0.390932824996896
139341,-0.3982780019045807
84619,0.4239321278980213
283870,0.7526118131681464
51522,-0.2723848261221721
79820,0.83939890505346
57406,0.5300153085244825
84255,0.2840224739486796
84807,-0.6544075382501781
22,-0.3482581146105103
6248,0.5045288521175646
2770,-0.3073080459136925
50855,2.073559683777406
773,-1.6240640772349595
25862,0.4085316786411195
85012,-0.4624294421620623
84769,-0.3703020637912523
100861548,0.4891810145179272
121536,-0.4021535420248507
102465432,-0.8212521844867917
23261,0.3628051708087471
23327,-0.2725065092604366
101929372,2.8292191017674115
10008,-2.989335266739803
87769,-0.4963010761525274
322,-0.4642187454661571
65985,0.3457642897854367
4702,-0.3528763984637258
26528,0.2611650258955594
7737,0.4615712391118615
10793,-0.6857729580079205
266675,2.0705519480805563
729582,0.9437322340640382
55615,-0.6103988770470066
3007,2.514809613593426
1299,0.6965721408960821
5166,1.21872540510199
84444,0.3621161389961448
3038,-1.5974075408609698
93210,-0.623335031388443
118813,0.321911202866548
55339,0.2802543265559127
80704,-2.233593441990293
131177,2.053027776440812
10297,0.549320339861615
11176,0.2633689767662405
5062,-0.2978583165964236
26469,-0.3831187192068461
8743,-1.483658397661176
1417,1.7809666129441069
51000,0.3601921821625232
23097,0.3866500933789264
7476,-0.5102840602341085
57569,2.4609588630736914
8451,-0.2652339393739389
123041,-3.3181410654800723
100134259,-3.362564917473389
10227,0.4132177210984876
29903,-0.5817875628715927
116938,-1.208364174635332
230,-0.7542910380766458
10658,0.2511946089760323
51426,-0.3547799184095321
55827,-0.3166815983066897
100874203,-4.828212611982695
192286,0.3373752666029417
100033416,-1.4962017884156915
92154,-0.3064131039909371
84895,0.3465501664869913
64223,-0.3521535907218064
54927,-0.3325562952750723
55671,0.3402162033634585
91689,0.4217364100053405
5224,0.6314477555822803
129293,-1.1898164169375751
84282,0.3431626549132552
55734,0.331463602580125
160518,-0.5234067511080499
3911,-0.5108194407240263
7381,-0.2845755293523997
105369174,1.213966994788244
7259,-0.2676477214325774
56834,0.4175601063297228
7385,-0.2596008236577575
9922,-0.2985327198738858
56941,0.3317557711172675
2328,-3.63539438648087
29896,-0.3471266596052287
56886,0.3422818670237288
80143,0.3860464960406952
55142,-0.3337919627580706
152519,-0.5187288658272614
10232,-0.5179446863846434
79178,-0.5686851321350754
158358,0.2867799539843136
80328,0.4775163291110843
8302,-5.205070003811215
90987,0.3407596352828738
12,0.8912855970317276
2323,-0.962513408405642
8880,-0.2492122842960882
57536,0.5024338620789176
100131378,-0.9322323321143894
55212,0.3796660206060833
23644,0.3429008800946282
22834,0.4506909697640598
7450,2.122832537721151
54906,-0.2741317286935495
285349,-1.015606579204179
400759,-3.698102889654655
4092,-0.4105346750446765
56893,-0.3290441086863176
246175,0.4318220761594193
1727,-0.3952847810395368
9744,0.932086513751373
3218,-2.4722040723965137
153339,0.4245525607993215
101928977,2.555140242253006
91272,0.3888092130566355
6612,-0.2767550521367434
692212,-2.158119279858853
7111,2.9582949327309143
1329,-0.3338650672746181
102724532,-0.7871542321699389
170384,0.5304581986159249
594838,-1.417007458309858
4711,-0.3572921372495668
114780,2.7810516631832467
8322,-0.8510318960772886
8082,-0.9007146711018096
79035,-0.373450397274758
4337,-0.4596255235968939
4151,4.099058221308992
1998,0.4325690194506308
3122,-3.316656801610009
253943,0.3361983729887152
5664,0.4762747432272543
115196,0.5628476921992616
59352,-1.834647907648742
26232,-0.4624078667677375
7841,0.3204385711507492
1783,0.2861836797297097
126410,2.468910983457674
285800,5.147635783244404
254863,-0.4391105649205093
5524,-0.3199016545888556
51504,0.3034498775102723
284129,0.4956309226069849
83759,0.4641444306591403
79788,-0.6787521063421731
1512,0.4876196259224118
53944,0.3521510894846974
10597,0.6295803749733913
90557,-0.9338548568362456
819,0.3435268328508449
8518,-0.2545504807749157
79102,-0.3337965237982623
5763,-0.3538234261084415
11177,-0.2545504182959706
26765,-2.247753101036025
57786,0.3568213440610568
10426,-0.3610573010225569
23646,-0.3611861112414539
55713,-0.4107914867266501
9627,-3.02652491974574
10761,-1.151422553596657
10893,0.8666751686837415
257177,-0.5745840002257566
7818,-0.2973632572706099
388789,0.3437206949571877
25904,-0.3407994797425455
102724434,-3.031739302123268
23047,-0.35124668652936
57805,-0.2603890770184111
10487,-0.3228146338177474
10228,-0.2837417158648356
9180,0.3145246425640068
9647,-0.4162826991994363
84896,0.3284844579928216
9985,-0.4589559351187496
390927,-0.5134696727198377
51700,0.4525360116187559
1445,-0.425892438385804
64168,1.235488670457645
25890,-0.610689414204054
7123,2.9307884671361277
7773,0.5279829367230422
221302,0.3760508963893966
904,0.3326320653589241
51520,-0.3152635536580065
5357,0.4433301375150705
85478,1.0717626530701274
124093,-0.8280820111341108
8888,-0.2504444286551317
148418,-1.3322238313441817
26817,-1.422529756934256
101928062,1.2657117003984184
84334,0.3603892179270938
57692,-0.5808765096372971
5096,-0.3191881871592901
23236,-1.0520229607108087
2788,-1.3202914537061765
7473,0.8733343465576976
513,-0.4588316665478589
9976,0.9290582409208142
6948,-0.8057570423917151
84915,1.837179961480308
5810,-0.3741916012863589
55760,0.2823021987563751
134553,-0.4241726697754901
112939,-0.3838481143742589
26272,-0.520005311234074
105372412,2.408572274553788
22909,-0.2988048330968878
5144,-0.5564452682039562
79753,0.3603494730280153
6001,0.3299958199271562
64207,0.3926252167902358
57467,5.144300888848104
4715,-0.2869037550447182
54531,0.3778293227663821
23499,0.3010919570672849
100131564,0.3077675706320585
121273,-1.0982257157633588
23030,0.3826639139735212
55573,-0.2732302877503413
54828,0.3825412423068466
11120,0.3223620528269577
440900,2.249936896402388
83875,1.2186478299913823
10454,-0.3699463073516036
55696,0.2735364655007058
51301,0.4701613231672936
8497,0.7490171967017474
3748,1.4849444958250209
56259,-0.3471560295209982
143689,1.0474476216889566
4629,0.9456470707909164
127253,-0.3450268629093499
101927774,-2.842425150445525
7709,0.4226603916394367
399664,-0.4228938346166455
4935,0.8390104891493827
4298,-0.3128241255391696
25983,-0.405830279315589
102724827,0.8752488793897413
23557,-0.4261664359234222
55611,-0.3417258976265801
8310,-0.4643033304122983
26781,-0.7324855782541012
57523,-0.4103288091847702
10440,0.3945511593679814
55565,0.6129276446879819
25806,-1.7005864538090418
23232,0.445218321063057
643783,-1.3469702474912382
5256,-0.3162104106240233
26090,-0.3547322583830276
352909,1.0464180070330114
101060376,1.0706284201890892
5563,0.8623422584895277
9978,-0.3578275737782018
137392,-0.5344684811553506
115123,0.8407867978007932
4698,-0.4807690664344174
11138,0.3187389706243894
57232,0.7863673630957383
26258,0.3820285065924344
90678,0.3967079491204939
10333,-0.8110968672588773
26057,-0.2345013866154254
50856,1.135993492996921
51116,-0.3334598440949697
3778,0.3797303779889009
8106,0.4269085112162167
163,-0.2516360394802849
353149,2.657463475791085
9473,0.4915514555127135
284805,3.2147911122122985
2303,-1.1089151841998517
5862,0.3511026334725838
7020,0.3045674827612407
84793,1.0788678269963032
646424,5.08420315857898
666,-0.5379598619462042
692088,-1.865483473528338
30061,1.2186967648458724
10884,-0.3653173771603557
11216,0.3147902371558661
26301,-1.04309622420601
10455,-0.3341145889589221
54879,0.3767924085754104
10016,-0.2989971685913347
84687,-0.2723530867338364
22845,-0.3876953631790046
8653,-0.3212404712718822
5606,-0.472368979317046
219541,0.3991354677109486
100170229,1.305661078673844
30834,-0.4196177691382359
118987,0.2717089395693299
796,4.7380681607774
554235,1.5921209329196606
6430,0.2287571092335432
83940,-0.338765406217203
57474,0.5156641741211978
140576,0.400940254778148
201931,-0.3738612948210475
90736,-0.5537718250356515
51422,0.3308645584733069
57532,0.316647962316213
10450,-0.286501458488655
2766,-0.9206782348637588
84954,-0.6389916611488129
100874042,1.5022543448423356
84904,-0.8445183139860272
84263,-0.3124338949650835
221035,-0.3094925093660793
26610,-0.3859963446748423
5775,0.4639156786826598
1964,-0.3806988187141564
441509,-3.233567028444847
10435,-0.5863352949740013
64781,0.2920145346640921
8416,0.6639243789664871
100499489,-1.4097415687643289
9399,-0.5568961934845691
161835,0.7849105114325334
83607,0.3000623917710078
101055625,1.5504923832806663
84225,1.2253176691792491
80010,-0.4668095270395087
57179,0.2529293534543011
6404,0.703149130782853
51016,0.4417110507896816
4978,-2.2464387132232586
79786,0.2519625353585128
153768,-0.697786777673128
5191,-0.4146045829052877
8533,-0.3090141761423776
3682,-0.4632241369634382
4807,1.963247663089677
130540,1.369620449513534
401247,1.628895393037754
65094,-0.5843809125726179
8522,-0.7724608571057439
29842,-0.3939886350446595
6882,-0.317495868369966
54468,-0.2914353627903467
285966,0.8184057169112374
55610,0.3011160448456247
81628,0.3507085767950256
677809,-1.3494171402775517
255743,-0.5797729946565459
11179,0.3603279850643427
11132,0.3577735301593511
64598,-0.6469502067657954
11154,-0.5706937133057857
84276,-0.3253324389588122
5795,-0.3803174579668965
101928995,2.317826943637884
90507,-0.3633447389576039
84440,0.4540821205528506
91851,-4.659770526826649
54758,-0.4100360853878802
10521,0.2415798739882367
5770,-0.3993822589675991
10629,-0.405717347818717
5172,1.6448697706292443
164091,-0.4059977488543443
65999,-0.5039641596449568
116447,-0.3589343100670109
23600,-1.0388312679551932
54020,0.3908416907634711
148189,0.5149625411997397
920,-2.3440432789808923
3190,-0.219964836440802
3632,0.3659581142592806
727851,0.8892115258577947
387496,-1.4677807359377275
222183,1.0839870367158757
11013,-4.040707035910523
7549,0.5257382858725957
3297,0.330146325449461
25874,0.3539851599257837
51233,1.620994728320083
6738,0.4257349006479244
84335,0.2905285477552498
9865,-2.9524586985459247
57639,0.5647067688830899
80177,2.0015365329781525
10325,-0.3840938360585734
9175,0.3167820968826614
138428,-0.6815128277053313
57600,0.4531565428771666
130827,0.5586781828737168
340348,0.7921673198848161
55668,0.2880081226548429
112937,-2.2908635288129022
130814,-0.4388929896696431
5719,-0.2545753469265476
957,-0.2923075641989966
5211,-0.4157648297650943
282890,-0.4959130339102805
51335,0.2649339962370344
80167,0.4345408828454308
103752589,1.5219148256744528
10025,0.3867892128688923
60674,0.2453567750704481
84197,-0.4297997152706573
83938,-1.4287482392445727
284656,3.5351765765580594
645864,4.584537121283177
55749,-0.2617200579721321
5514,0.313136213154225
5516,0.2374538561016974
9798,0.2795377147857024
64130,0.994205833166542
10400,-0.5183076011699729
389119,-0.6394408626468675
6043,-0.8265601114501423
63934,0.3864086709410669
115110,1.3752019075649493
201299,-3.6148840799769855
80173,-0.4481266514512975
6050,0.3252475047594227
51478,0.4227648708560951
6616,-1.3228436339599394
4642,0.2610047792212586
100996763,0.6803167430525953
81614,-0.2747555540071651
117195,-1.1725706747003894
220965,-2.454186285286585
28511,0.3245992379828217
54742,-0.7761258450872551
84878,-0.4483080744409274
56999,-0.7980060073859186
84173,0.3107327135518388
8895,-0.2680956582233681
2548,-0.4731493995272772
1870,-2.330952631145484
144110,0.6913394609005735
27180,5.021675842078496
6185,0.2221498382863115
113878,0.434554492956632
8790,-0.4344472770612585
64919,-0.4019118707210278
10681,0.3075219380660035
57695,0.4390368408837311
202051,0.7371371735127221
79157,0.3532000694912349
132,0.3109637363134148
79176,0.4563575900135535
8225,-0.3880892962732096
120103,0.4333441583745237
3338,0.3877182639745929
440957,-0.5478581723190311
92249,0.3987349916197784
115024,-0.3415450770286598
91749,0.4984725172952954
118812,0.3980969001809499
81931,-0.50973284555934
22985,-0.2343960452340864
65266,0.8229920974482957
127428,-0.3986682077284115
79071,-0.271652742362436
2550,-0.3783313885326638
200030,0.4319562350271071
10950,0.3591124727802879
51372,-0.3297998282846305
26000,0.3082481572004438
25796,0.3594855209072833
1059,-0.2840057183535591
10523,-0.3594750762769099
80142,-0.3851911896109911
7707,0.3556171601017342
84153,-0.451128361617671
100137049,1.855307462569067
9643,0.2796801249132383
26115,0.2353615905282223
117283,-0.6743656155674651
84795,0.3931474047997894
55138,1.8268985405373883
9097,-0.259893668848498
23119,0.4196464636720133
7855,0.457400212362816
85027,-0.3039795340362525
23220,-0.4016681091480877
101928621,0.8664125552039406
136051,0.4625641854647965
3689,-1.9468045964227163
105371414,0.4876628151572558
85388,-1.574447004593979
57585,0.2873289717255745
90324,0.3115223619087283
60509,-0.3102600690727805
84893,-0.2430591607190328
132789,-0.3441106330014096
79969,-0.4162847561097604
100506783,0.874582131040483
407975,-1.0106374483080804
85395,-0.5475925676583616
5564,0.3148349145029473
90378,-0.55375580055011
594855,4.518188860323894
9325,0.2971570809608971
4703,0.5990363101797024
59340,2.073076615089906
125050,-1.0016124179438457
25832,0.3297585803629277
56255,-0.3320039600093449
222950,0.5790699252517262
23479,0.343555067479965
7432,1.934917454156068
7915,0.6074581272790803
35,0.5339991075046763
9354,0.3032964327559026
8260,-0.3092067166611214
115,-0.3261228745255393
151354,0.5579918757735645
10961,0.2832064255091359
9,-0.562640602980569
341350,1.5453105034483627
128387,-0.4183820952690998
60491,-0.3063554057889975
54429,0.7802876418181939
196051,-1.5415377195789826
6098,-1.880193801641834
203447,0.8473001935484573
100506474,-3.5108208825180163
130557,0.3538816018006551
90060,0.4300800349987558
100129617,1.9346424688856632
51773,0.3371168539666963
23361,-0.2915931727699225
613227,1.62032613903199
7571,-0.374866574042935
56995,0.2783853258629763
26788,-1.903308026360044
9360,-0.2764807722887102
84109,4.043294358896666
23301,-0.2539289918660442
55586,2.314618995786436
2261,-1.3806759503722676
101060200,-0.7347156871318389
1590,1.9356221862397691
56980,0.4057043450724176
65220,-0.299801113119223
166824,0.5473354380824582
26985,0.2707330878423242
11030,-0.3633003493213676
154743,-0.3890558366459108
646324,-1.5409990097935606
101928596,2.2542550339878966
30846,-0.3617456191439894
84216,0.3781343636025917
4194,0.4706904538088167
101929718,1.3632233050546598
285343,0.309033050033109
1479,-0.3302719978767193
80331,0.3480847489913607
55294,0.2917458136272416
153396,0.4354956448531435
6229,-0.2491923865891334
126695,0.4317454110815728
79748,4.54123755359237
93166,1.2803482975619591
158880,-1.2112958357594066
25977,0.3599124122032112
5764,-4.003828336547544
79447,-0.3177240002611061
389766,2.503517589383786
7532,-0.2221819037826946
4860,0.3644618873170406
55347,0.4631487858173532
27344,0.9433668860296912
283860,2.9262570542060327
23648,-0.4204110235554965
100506801,1.5642310260712762
692087,-2.1814572898549995
729438,0.5705845287855715
132671,0.3530172304902364
339559,-0.533306041730962
226,0.4123379775977451
6585,2.9356297167264995
100130705,1.4376762710049884
3621,0.415188330236976
127700,0.5727747436487386
4718,-0.4112477539796004
644150,1.4408320336010618
157697,-0.3307855571912859
55238,0.3164160824157845
4054,-0.4237467586905794
284649,1.050098358453544
11163,0.3997792816264582
54816,-0.418917846180896
379,0.3609942808842263
100268168,0.9013254886288457
5216,-0.3702700330179483
80745,-0.457237834211826
2776,-0.3364333153983693
810,-2.066653451830553
2113,-0.2676334586124485
324,-0.286807544640926
23219,0.3055354449539992
6447,0.4600894918579218
256021,1.4250629491964275
84552,-0.3364115297284467
58525,-0.3417995120600184
353497,-1.0026860840759448
348180,-0.4237573830915804
79953,-3.4608229337052743
5509,0.5574436630410442
83401,-2.4692347180112324
9352,0.2849759674423827
116828,0.6424100380691349
390963,0.5405672060729046
4134,0.2402139432402253
26814,-1.4702693585525488
745,-1.003598139756812
728963,1.9256400381228684
55914,0.3231749835087542
140290,2.6691180776632177
51316,-1.7973051447069217
25827,-0.3519984033707328
255057,0.6032249362820307
26822,-1.694804518922569
7295,0.2764547706318873
23061,-0.3475658387410397
113235,0.7406640454995779
1663,-0.4443719333596355
8742,-0.7390540234966511
114783,0.4678967600256803
284677,0.7578815253265327
6128,-0.2342484097925396
285629,1.1054100443741306
23408,-0.3627123789983312
8544,0.9104418377506452
79913,0.3835499798647072
25780,0.9821817185854048
79612,-0.4987387175664717
2810,0.3689629412303616
10330,-0.259374566843993
6390,-0.2595841877895473
55761,0.270462663742096
135932,-0.4868403809061019
89857,-1.6980720322461869
801,0.2675763964878651
80054,1.1589951776992775
390261,4.855311779120299
5961,3.3582641676063463
10806,-0.3383496265155378
637,-0.4727345324652682
286076,1.1340492344466406
55571,0.25955753095875
57687,-3.985217996998701
387921,-0.3739954147966038
54627,-0.6302537596056086
79658,0.3338988677504295
3790,0.9838037379125972
10287,-0.5857022561142335
79632,1.3547742316197302
51058,-0.4912527302385816
10124,0.4326732838585285
7566,-0.3620732976181435
388650,-0.3479093106001978
388963,-0.6571675181961609
153364,-0.4685900700501771
11190,-0.2707229769335885
9780,-0.4060056799370494
1349,-0.2781329827957564
26156,-0.3305656845382859
55813,-0.2951707075474058
64225,0.2566367531074914
55770,0.2421886554678899
401577,0.4411322571933552
7094,-0.2759802427746093
53343,-0.3101282220328037
168850,0.3556796403369863
55672,0.444091454835548
245711,1.7832337138001175
2021,-1.120159957481167
51021,-0.2394862549411366
7072,-0.3530849088510057
100113407,0.8930211198207384
149986,0.2777382734125143
283481,-1.7916167805752592
81926,-0.409662554103597
51192,-0.6977539244442265
23285,0.4384570640243095
10109,-0.2277984177640428
54823,0.4826377009581741
414194,-4.22189180762105
58509,-0.3771364761559958
25987,0.3097861190930401
898,0.345315477471935
1263,0.3736875565051986
64785,-0.417631853172861
101928036,-2.20963797875137
79096,-0.3401928520307231
9519,0.4493163963081014
219844,-0.5650647529588699
3111,-4.944180658755292
1460,0.2820078859131861
27107,0.3081661413451368
5990,-0.5318874388022138
29074,-0.2865178976774287
50944,-0.8426447393141966
8550,-0.2946295682705861
100101467,0.2731056860586859
29099,-0.3473214139380783
220930,0.6869379066766625
27022,3.868797218754663
23332,-0.2329445618559782
57529,1.4201116544324353
3763,-1.7051076646645886
653513,2.385661129321158
126208,0.3264480703367591
10713,-0.2801120818126142
9410,-0.340011062202375
11136,2.058714678131327
5032,-0.9505191423893772
23143,-0.2889822008814983
85313,0.3758913399353845
6158,0.3924164924211915
100306951,0.6484384019874857
1075,-1.6120683886124012
259282,0.2703242609747706
23144,0.3450605830389799
80726,1.618777670825999
84886,0.2844243566760344
4482,0.5357799472335011
29104,-0.5365170632696
101929719,5.036246158528004
54756,0.4781999603628749
284716,3.0232721470130435
101929450,-4.46733270888328
652966,-0.948502155554672
221458,-1.6795798966343982
53407,0.3149892344162823
116236,-0.3632136377621273
55643,-0.3828002636697998
114793,-0.2824363991766548
163059,0.4840669234335416
3592,-1.81873430788191
64123,-0.6729334442747361
140710,0.2403525993782451
57693,0.2765926179266472
51564,-0.3437694750466245
29079,-0.3182111771632922
284307,-0.4161968923296628
347735,0.3702003386784221
22838,0.2805897289341645
347746,-1.0696880379426348
100289097,-0.3991696925667223
54856,0.2485817424566824
1272,-0.5421568816247799
101927590,2.2088203929002788
11060,0.3141989387871067
116840,-0.3032522752168739
144245,-0.6715942177582852
84034,-0.7892948895142943
5890,-0.4568123682048969
1400,-0.3668864946976388
1832,-0.4086106573229541
27152,-0.4269342395493471
100130418,-1.1901269452323129
26251,1.198103945604384
51167,0.3536107105147523
51375,-0.2965173324177594
131034,1.3395618503124576
100129387,-0.4517444249965639
728743,-0.6046344280219372
10998,-0.6926062006117731
26791,-1.2773193477947873
146540,0.4625956262564257
126321,-0.2745603036899891
64844,0.2613154442533512
55729,0.2522078444682133
6139,-0.4089666165937149
51132,0.2927064481903825
9967,-0.2550030936718118
284723,0.824204758038877
5859,-0.2689423332730783
4286,0.6026113878186938
7637,0.2924952125490999
7766,0.4533236004077323
55625,-0.2388554796786932
5334,-2.642783662605148
221,-0.6417557833002956
100129464,-2.7778652197940947
22894,0.2759438114452343
100505881,-0.5123504098854457
5432,0.2874958724894209
10467,0.3115023296400361
11011,0.2955094606563729
114796,0.4774631907667872
54457,-1.460744588125689
55683,0.2312521426003522
26037,0.2557465186420221
387893,0.3386457497407172
4552,-0.3481229057445282
24,3.046304031160794
51317,0.2563906282492906
9390,1.4695635993800158
50615,-1.0343974303689445
692197,-1.8143672140774425
285671,0.4982434179049295
22916,-0.2464959331475443
84269,-0.3945736632373962
6545,0.8184868765816575
90480,-0.3516712509393387
353322,1.123028442454483
6916,-1.3684280724204696
6002,0.3357897864225841
10664,-0.2617527173695807
25895,0.3535630812744942
78988,-0.3829831460667
728621,0.9709150064280652
96764,-0.3982877408121957
5431,-0.2380437921024144
10758,0.2871582476163499
139221,1.0835843488327055
162979,-0.8439361011816725
55069,-0.2294313790481432
84759,0.3717691090475468
222234,-0.7996273458193427
400673,0.5685151234173285
84660,1.0745502370236866
60560,0.2633344614504443
6690,3.28198519874794
3563,1.000582332012412
23001,0.2564945706444919
3842,0.3415524727098493
6915,-2.357671360652074
4928,-0.2222568174209527
55230,-0.2443645690109834
55093,-0.4722659972915115
3090,-1.0954702186344751
9749,-0.3567047371230031
7920,0.3374086265196178
83605,-0.3203805091220539
84557,0.4073834117009355
283521,3.062665845377366
430,2.540770677614112
11168,-0.5164777342733685
28996,-0.3034266830223434
257364,0.4303647281716186
4821,-2.1742692644248227
4157,0.4490935943069028
133,0.3483816664341693
348327,-0.4948522794656704
154810,-0.3237466206203421
401264,-0.5407656505656048
9556,-0.2927698816585387
79834,-0.3939462152264527
7335,0.7407165770604547
9988,0.250611138575348
284434,1.3539723099105827
100132074,3.3335535833776477
163183,0.6735035903921588
375519,1.7784093362757665
26084,-0.6195465201329657
6526,0.3165663266635303
23624,-0.4300934674147247
2124,0.8033767810588198
4077,0.247066748359971
11056,-0.2337272851308688
50487,4.349024027809493
127002,-0.529605647197477
284486,1.7821505533791069
100506603,-1.0430464617624062
91687,-0.4689623915938388
161753,-3.363445060415628
100130899,0.3637092884499011
59271,-0.5269662248580907
27102,0.2463673760444374
285464,0.4176472031487945
23002,0.2532342229884139
93233,1.198306780090158
288,-0.3654573653027436
9931,-0.3038053795214089
145483,0.4558379823288979
392255,-2.8215719650091136
5214,-0.3901379978924678
8425,0.276830499678422
377007,2.7927246274597923
410,-0.3593745812219206
93129,0.3003208947148833
84314,-0.4017305542679428
3577,-1.4718501073263055
219347,1.0002117552518748
7942,-0.4746779720718545
84286,-0.372858246539492
11124,-0.3132937212387889
10745,-0.3419201473438459
4069,4.778804819530005
1141,-1.8601034428986665
4306,1.0602733164909497
56917,0.3818385859448513
100507316,0.8359669154418414
23597,-0.2360439235825663
729852,0.4523211725875873
101930085,-0.4292843896537553
441054,0.6951287023610242
6542,-0.5420051835122628
119710,-0.4685704304624856
100129075,-1.132695052833759
55281,0.39018116700588
28956,-0.2991581612132648
6288,1.1901611257004765
43,0.9110690631223272
2444,0.502703030007138
49860,2.2206850315620987
8417,0.2746444011685957
55186,-0.3337366085939435
197258,0.331369890567002
8034,-0.3416634379994543
373861,-4.841263928312509
80778,-0.612991634115831
3561,2.556311173057302
283248,-0.8441801331083024
79625,-2.01856217787739
200014,0.2480862361813815
127602,-0.4202282212051383
64221,0.3152374593842611
9927,-0.2569982775302469
93979,-3.362909341815011
56271,0.3398151139106896
22913,-0.2653207740044148
101929532,-2.089984598637633
93183,-0.4312491079268225
30827,0.2923212414037114
619562,-1.3045387180619292
85391,2.2152655038900693
54757,1.3968508284180872
55776,-0.3819325313792857
92799,0.2814202112162585
102723859,1.4374436822731715
100129726,-2.14038271941453
171017,0.2457046421080231
28316,-1.9139381704417688
221442,0.2986196965553083
5055,0.4969386287061828
49856,0.3318954579727212
9101,0.2753970578807715
57562,-0.4737389472142239
22908,0.3060130992693988
254100,1.5135433290145943
83756,1.014001347516474
50937,-0.5707781528516925
90246,2.9202074843139307
54905,-2.0966676863757665
7627,0.3087332732596144
5511,-0.2459496019471056
1744,-0.997060005482866
64852,-0.3141065719795061
693155,0.8795339022048481
90326,0.4455764876984381
619373,2.366858929914956
3172,2.91605445218461
2826,1.8421450856798112
283951,-0.4235474011754747
8480,0.2848329657575396
444,-0.2712571574748518
729533,-1.6737129285375798
58497,0.3138576899515661
11321,-0.2847506443801594
3587,4.338794992668293
5128,-0.2848724072495466
10901,-0.7082879230604174
162993,0.3713988521829284
6506,1.8303960013841225
79741,0.865721383864326
26470,-0.3811894877759579
5540,-3.772634686708604
84220,1.3482451444623975
10443,0.3164803034181159
57105,-4.843429732899989
101927067,1.7826689772267523
339834,-1.100172239335247
3635,0.2713805785915681
9901,-0.3989545891075371
9256,-1.105043721617786
222255,-0.4164891529842144
285962,0.8929799108968426
339977,0.9318565865522044
84342,-0.3725816437100331
51527,0.2839784578566446
415117,1.2154365355070311
9989,0.2826825140683141
2771,0.2628574829312513
27079,-0.3919760997710482
54872,0.2264788390945732
90529,0.2952849189585152
4782,-0.2315160170046419
92912,-0.2799957351206083
57560,-0.3794423289650749
3601,-0.6439182754268556
116541,0.3339839068013601
6563,-1.6282920473978295
1124,1.3717161662783084
8677,0.2987454077768593
9406,0.3517443003256217
51164,0.2392857083254161
7511,0.2265328085881596
24142,-0.463054093460206
5189,-0.3271467891295086
57704,0.2621943748877881
51277,0.5789124628592702
7270,-0.3346683660700343
51092,-0.3586345142412795
118490,0.75511323055554
10539,0.229865264145937
161582,-1.4357041236692312
55197,0.3097389806470685
3960,2.485360785860537
57501,0.8317107287509516
5576,-0.2293084677881723
8808,-0.6075247466633021
100131138,2.071158154361322
80228,0.3476596849942422
2870,-0.2831897342809142
3257,0.2847266225742664
4056,2.489190003930468
223,-0.2357056832496094
55289,1.431025886695395
394263,2.5178025506384327
4058,3.6724840198543873
79943,-0.4437420175306004
339541,0.8492807796108778
3358,4.675870186066625
266629,4.239849536961387
10298,0.3742788681970784
64386,0.7231211247096033
7572,0.3183725359048793
644353,-2.5518148025063163
54776,0.2618427931158302
167153,0.3156631753581111
200162,0.7003130627749043
5932,-0.2572922957454297
619568,-0.6479301426565441
26795,-1.75630006368669
85417,-1.2861485521281055
84890,-0.3229402304533367
9781,-0.4531445520922757
7862,0.2901869710976905
2840,-2.9888057492563425
977,-0.3055940077845774
4648,-3.7698116828245904
55613,1.079681572381807
100507290,0.3497711698192289
57654,0.3130964391728912
10531,-0.2253832247768343
10808,0.3261661672850702
6843,-0.5147493425426962
196500,-1.0214564606369885
2949,-2.597683431304275
100505538,-0.5595819147814632
7353,0.249564363006854
26222,2.863495186153015
6191,-0.199909225295534
22930,0.2330923697086203
101928635,1.429471131932671
64431,-0.3326388715734694
114884,0.2262426982348716
302,-0.3341735098562442
25834,-2.851221773608333
441631,-1.5938989581331902
100506860,0.910962033007309
83639,3.883218379442916
57047,2.21964421506144
644759,2.0741202891518644
105369175,-4.739042775412126
4049,2.18010682760962
115992,0.4126884044015224
26778,-0.5570696631298593
1537,-0.3016090294646751
221687,-0.9968827977091936
128102,4.231403585013564
160760,-0.3123817191654601
11257,-0.416369271271669
26157,-2.5592569671994214
101929231,1.797268680093686
57577,-0.385857345524101
23093,-0.2720971843309113
400578,1.368818592422413
57132,0.2220040128957453
23190,0.2956009019745911
8061,0.3332126081263315
10766,0.2884053422292578
80320,0.4694770880082054
9283,2.168112178321992
56889,0.3014068059046615
79736,-0.4090279603942839
114049,-0.2627036970436568
101928243,1.1498009890790282
9915,-0.7409374256133127
374875,-0.5457914517425297
7090,0.3288423997743823
116349,-1.0475992533893927
4015,-0.3816596253505428
677834,-1.796972883455502
84247,-0.2874578178758867
1861,-0.2328732423083037
100289187,1.4528451728434526
79596,-0.3455557389229263
51259,0.4098230355632341
26507,-1.0237705971235358
1029,-0.3761926067419205
100129534,0.7902185105435464
100616117,1.6808465093616027
6865,1.4148719666845575
101929736,1.5615517592805603
283459,-0.2588706967248108
85457,-0.3585416943813846
101929066,-1.6096967075089152
100507588,0.8061623190249402
8831,-0.3007153917262327
55216,-0.2827170683543653
50810,-0.2978233799637232
221785,-0.3083952234111711
101448202,-3.242475675666994
29978,0.2336615254281162
284697,0.8060543886231506
3295,0.2554401205655531
582,-0.3239823502950822
3093,-0.2267196373148515
283659,-1.1214248535915388
340393,1.0780655552699323
64708,-0.2702346955232692
83697,2.2446211801832088
2898,0.8718959642079486
100507347,0.7963600878346071
9131,-0.2587916014687561
10678,-0.2614109384609556
253260,0.3183278526906626
84301,0.4068445239967051
54504,-1.5220593460991296
150142,2.584603223876904
100507218,3.043955351050005
64763,-0.3590116081436229
23659,-0.3788323084117028
10712,-0.3917477935210656
286207,-0.7052857702090773
5420,0.772081377650555
5288,0.6108114465372111
64506,1.0307115493856265
439990,1.0421570253263512
57582,2.216598453484853
3880,0.4831973040359246
5504,0.3790834536154742
63826,-0.4725201876579353
65080,-0.2786483706994383
79025,1.4396543864265514
114800,3.6289877354684905
84671,-0.4006280957828895
84254,0.5989241543814212
23529,0.5439952296666881
7691,-0.4107075922006921
23312,0.3207843215176085
4707,-0.3427065640233557
374569,2.821065857064794
84868,2.441226299011869
283234,0.4850497853117808
84311,-0.2741573823719155
84298,-0.370144814872785
6624,-0.4042907988325416
3136,-0.5110084950138656
51083,-0.5719373385253222
60489,-0.8295095426227169
1891,0.2342002109860219
4117,1.2860772920273729
25994,-0.2480343129187199
57713,0.6732252016539787
57583,-0.2356495717669212
55832,-0.2154648478627665
283431,0.583535440678252
163688,1.0839094189209073
83849,-4.245743715822012
83989,-0.3342297774760346
130940,1.3178265465707435
84932,0.3378764790146202
340706,-0.777283559584941
347517,0.9389212557273274
26039,0.2927881570648797
64949,-0.3111893502392825
26206,-1.5036933512965076
84270,0.3288857851034963
286437,0.6028156963063026
54904,0.2699419914325763
401052,1.2607576824573714
162515,2.13766107038993
101927501,4.706286244291168
221154,-0.2694168392843444
159686,-0.748482603737778
80045,0.4364935797775928
9650,0.3732154797389951
400657,0.4195456917570515
25764,4.185293801660153
30012,4.585375903081077
51666,4.585375903081077
1041,1.4909672685991244
4585,3.682049074373876
23428,0.2696199358353475
164045,-3.692169184008462
161,0.2417532255978209
26235,-0.2917818019812865
27158,0.3415800671077977
192669,0.3490471022306875
23503,0.2588113872248076
100506564,1.942496600331372
440335,0.6837947730719818
25854,-0.8969564908869142
3607,0.2191153682004034
3797,-0.2615229708683991
342357,0.3461003198538641
189,4.590337382425777
124936,-0.3575731438456286
55830,-0.2250379857492744
55893,-0.3299132929811176
441549,-1.1754911646532968
23543,-0.2078996805154745
105375355,1.128406996117208
100506305,-0.4725387487356073
26229,-0.3320210636705073
3456,3.1430662877794453
5184,-0.279325842879089
10737,1.8462070760324725
55756,-0.3153636890763423
152330,3.2552864399201056
56906,0.7413527438371189
8740,3.230324635351207
91133,1.7571813816349362
57115,1.6665117693565668
136895,0.606715808946386
3770,0.5665202602627266
160140,-1.0363937064740742
284756,-0.6703729932159491
283710,2.43244042964934
4215,-0.301012888524439
6134,0.2280603834469537
81544,0.4995034859875256
7469,0.2881858895050782
23333,-0.3499018774451169
30817,1.1118823795005222
286103,2.4829006491774845
26033,-1.0464997523713826
57862,0.2331562134575084
23164,-0.3739778446487439
139081,3.1446928447063933
51148,0.2767881198507222
7423,0.3821682453530066
57003,0.2466756615760452
10505,-0.3213432206086321
348094,-0.6631755655957646
55676,0.2976665201544153
3643,0.3314035815497684
124961,0.4217941542532016
2078,1.203662772415561
145447,-1.1678469674421623
1911,-0.4049214931456185
84705,-0.3137590846411027
118424,0.2492685936206875
642236,0.920032452095942
5577,-2.373069719574968
375759,4.587026158640364
145741,2.578659648461554
94241,0.24011919963024
116937,-0.901525840019444
130589,0.5566345394523008
8099,-0.2362344738028546
401253,3.153555837114481
101927546,3.5745652679037456
656,1.0120295628115843
57213,-0.2999661514834374
8492,-0.2754942773324218
342977,1.7553630789193706
388566,-0.3674163889895362
79573,-0.3581751762706388
5701,0.22537153717546
23339,0.2091926301307539
118487,-0.3195534121010494
3762,0.594517629448058
23353,0.1969511224983854
27236,0.2468745568301095
682,0.2455836226682772
27232,0.7268160404565649
102724877,4.592141265813656
10388,-1.0171261847986792
11102,-0.3233855033121685
3824,2.096631462421536
29889,-0.2229785027265552
3675,-0.3156176434638628
5440,-0.31003622106438
200558,0.4698904148495118
594,-0.3400242870929388
2296,0.3623916257845224
10553,0.3411466606583845
3083,2.810806413137255
126069,-1.0740440999483236
23615,1.6344974021553325
81563,-0.3055882101895285
10062,-0.5293188121626973
388341,1.267805814786016
10371,0.463104754687851
105376910,3.2049762380505693
9880,0.3156717073003869
26175,0.3693519875007983
5872,-0.2109872420195648
51501,-0.2719003514238969
26128,0.2533461808975962
83855,-0.267632741815864
80169,0.3082514720115745
132160,0.4292767450067153
1236,-1.7689400004850724
8190,3.2002527265226477
9994,-0.2890311384053554
57685,-0.3840259293274301
10621,-0.3411881055015069
102724708,2.05453048390733
5145,-2.773428530788345
81846,-0.2135428512542768
284942,-0.5329756630059278
51054,-0.7236195422222736
29083,-0.3555251367273429
84851,0.4449276129367233
1644,4.194674868004179
10302,-0.5661133803731471
79973,0.6636450480769798
79940,-0.8866201213462581
6510,0.2270451834722756
100506504,0.7842063396059196
28973,-0.2604415369971818
29777,-0.309711375737838
126432,0.3835582221449709
51172,-0.4305032758670793
11262,-1.1650938845077596
731275,1.078683795027455
392275,4.118193675611938
27297,0.2531397867026001
2355,0.2348318063829921
647310,1.393951034993006
171019,-1.33149452835841
100506022,-1.6854332453017842
29107,-0.3498033349807263
6787,0.3057970529345363
163115,-1.8478798844801387
100216546,0.6551585014923266
101927045,-0.4241836537128565
51011,-0.3427482908718476
1810,0.2789707936200147
51571,-0.2655685567035662
5866,0.7301139353520436
56603,0.55663839294466
10147,-0.243408040604968
54101,-0.3629061646566314
80184,-0.3864035466861356
79188,-0.1942006444992972
26801,-1.3358966833912655
84814,-1.1178280607798277
94,-2.4190703702563
100288748,1.6557090402653671
170082,0.7886833124225988
56101,-0.4439841322369121
26017,-0.2291592916109409
1362,-0.2332910279928144
2677,-0.268115568658012
84253,-0.6145043767454754
4593,-4.624973583106908
340351,1.1856511663669196
100505621,4.102033935852417
55176,0.3491833315114286
6629,-0.2746003494907493
79685,0.327136465689629
5286,0.3013311131411035
6311,0.2644084375752869
29108,-0.381743782763653
971,0.8441648253765255
197335,-0.3252577067670715
27315,-0.3900828175922505
51095,-0.3752269567170119
105274304,-1.1175496980986153
389610,-4.164184050536081
60625,-0.3652230537812099
132660,0.4054504828410099
10666,0.7601383186159957
283129,1.776307181158956
140862,-1.3663416291743162
375190,-0.5371848330002802
202181,0.6864690006892804
25871,-0.2809988392509103
162963,0.5360445482904641
408,-1.456467249770733
24144,0.2454770898830886
9077,1.3371527925077775
91977,-1.7401033289340555
283373,-0.2316401997592829
729987,-4.161891378964832
122481,-0.937856853900494
120892,0.9494288536135176
115950,0.5650646599703223
23098,-0.6668980125385312
55814,-0.2618149180673915
55205,-0.2237155687577794
127254,4.715166871911787
692086,-1.2187624364264376
29942,-2.217577138445522
100996693,2.1034833638751875
340591,0.4796751049574698
84302,-0.294708119303629
284948,1.830263585181424
100874362,-1.3442767143171352
80129,-2.005638104042424
221711,-0.4944994748925129
85459,-0.2986158903847336
28657,-4.625330885769204
64398,0.2863610814760305
100861519,-1.003464260463406
25941,-0.2275657613306895
390595,0.834690818911849
56061,0.2459619132281034
56994,-0.4937583316556745
51067,-0.2697715750179315
57110,-2.055460165445026
352954,0.4688697387978429
3662,-1.7021388359442484
55040,0.4569542916999622
51444,-0.4604500711096713
3225,-0.5293509246364442
7770,0.3242520725614377
9637,-0.2441694279031699
29979,0.2102276222548094
101927279,2.75321061211772
100506127,-1.3948376040852437
1153,0.2672084921166948
126375,-0.524576890433334
64236,-0.3908320895713553
284358,0.8893319989828627
7515,-0.2824507359000856
27,0.2613296063218983
9377,-0.3005202745402615
9122,0.4270337417222945
1994,-0.2342385103125105
3612,-0.3304341152478628
170506,-0.2702030178570271
79641,-0.3899768413880221
7498,0.4251688960591879
9013,-0.3120626929133038
94104,-0.2904468758923961
8464,-0.3426511121026051
6810,0.2750006581999181
388743,1.4589229636051295
4218,-0.2283223190190008
6697,-0.3563634147807203
11123,0.2921742381413613
8882,0.2395259202961161
374462,-4.166997361687606
147912,0.3235725177041141
122402,1.1364046358751372
3795,-1.6539762780436775
9584,0.2637656039547556
221091,1.062983375984186
25917,-0.2592943495325362
445328,0.6625108732665188
114815,1.323017966543235
6932,-0.7749778658956278
127833,0.9393386841890384
27012,4.487010866573593
55181,0.2587636549449538
6498,0.3389178036988572
83897,3.64710089717654
5261,0.260320779600233
404734,0.9853160061737838
7712,-2.837848545815807
5972,2.759698338940544
22890,0.2446595258474743
56947,0.2469056563001565
2842,-2.2534096362821723
5428,0.2828481440093586
199857,0.4585785510550159
653361,4.476355080981619
64093,-0.2860929954052424
9940,1.00890256317708
23548,0.3865356237064382
339500,0.3909900164071793
100133991,0.4748380430289421
94081,-0.2505515728056336
476,-0.227037565990548
26855,-4.165147409627269
83606,-0.253100908144345
8292,0.7702434647446043
84651,1.26420219059459
2783,0.2659600474889893
2861,0.5075965981185155
50813,-0.3115594728400691
25859,0.9150949474494154
79823,-0.5100843508391161
729614,0.97804916293468
55287,0.3676100622287673
5955,-0.3421116479921249
8674,0.4393796608414737
90120,0.2742262617043671
9470,-0.2111678264814497
139322,0.321481135692246
8557,1.3112266735675486
132851,1.8349618465123083
594837,-1.3906139325260944
2245,-0.2762255593842148
2937,-0.2700027818951729
9056,-0.9132684889468556
7332,-0.2308243571107307
390,0.2605940579307151
692210,-3.6985630812110206
85465,0.3027087045033553
51506,0.2246865321385684
192683,-0.6721331388785086
23379,-0.233562431996951
51503,-0.2594581325315663
26472,-0.300444634369198
103689845,-2.759350727432044
26040,-0.4092361721475395
85371,-0.7470249134139432
85002,-1.4624887237723871
64320,0.2546585534700691
646851,0.4719119256544707
91833,0.2538353356304443
653689,-2.4482068842293288
11336,0.250608000077837
9761,0.2187623226901682
136647,-0.2948918676956799
54852,0.6485180929238102
84181,-0.2077859911298753
404266,-2.722677028973414
84924,0.4602309651836415
29997,0.2261468765091958
10650,-0.5521156882503859
100113386,0.7796966195545229
3633,-0.3231362269020348
100506328,-1.5476304102013556
23234,-0.2786380053974181
4287,0.2728093153947061
105378948,1.577417600807155
9941,-0.3616707466077393
23467,-0.5238180282344137
400027,0.4842708005623269
64129,-0.460433473017626
127018,0.2940152993169558
9737,0.5486982735547629
1119,0.3323733992619003
9096,-1.264810839193007
9308,0.6517766881716113
80829,-0.2540983312209231
55871,-0.4878532408575937
9075,1.5544321361130775
2517,0.2961970762493773
8454,-0.2193293798664794
65018,0.388484856072154
80303,-1.556515703205006
2012,-0.3469103305220042
8989,-2.0201522833835868
222611,2.1853774589575305
2873,-0.2797515317775502
595097,-1.380229511084687
677792,-1.4601148877848076
104326052,-4.2425852798437695
5705,-0.2262988770434309
80714,0.8141876978451337
65123,0.2202290102697514
374618,-0.594022361713691
79870,-1.7058914677551156
5954,-0.2668524191808319
151507,0.3707129226110611
100506476,1.1677493216864177
25794,0.9869673589438492
338785,-0.9927140044945632
29761,0.2943638079772283
11344,0.284057037360984
284648,2.7312849356873623
388558,0.3930364155699198
5433,-0.2784339629387257
7322,0.2306175702431497
6712,-0.4712006973586236
57698,0.2945510489648587
6524,2.786560766293129
23172,0.2511533924436182
90135,0.2623319791887698
57690,0.3936582476032015
10412,-0.2180667624462085
8073,0.2263279772519535
80350,-0.8203866878064001
4736,-0.1868910084060201
150590,0.9963438191726458
10827,0.2688422483660313
84079,0.2384509298680531
1398,0.1875007348760502
6794,0.2441151270625125
101927765,1.2234260515378448
203102,-0.8017072519903518
23225,2.9951959604663827
221336,-0.5789180734380328
6905,-0.2848558454126917
170589,2.015143371358784
54876,-0.3169268018356374
168374,-0.4397068342618845
57007,-0.4326637443189242
7415,0.2024107034361644
84146,0.3127280646606284
347732,1.2206095276826738
152100,-0.3710490292242143
124411,0.3393132880574208
201475,-0.2548939607679581
10921,-0.2326087987923621
26224,0.3381224860160427
100132891,-0.443912369527303
388284,-0.9263387577751864
9021,0.5409093963466786
154091,0.5258054556127203
123283,0.3812464803594927
9172,-1.2747789978788706
8110,-0.9543711280123524
81889,-0.2476976425995623
26276,-0.3519694068969817
1116,3.4640961544739453
2063,0.320375486012706
27143,-1.793388840610901
100506136,1.2137138966599443
80821,-0.3080416115062319
113457,1.7622437864205374
25975,2.1101905576326465
84667,-0.5220343974132062
57148,0.2032138500045092
84570,-1.5265594425484057
56000,1.3640446374831183
2117,0.2030447648996702
55240,0.3061255292526416
3219,-0.4084502013618059
253430,0.4071811635701729
8930,0.2927311575807393
26819,-0.9597335539234444
1014,0.7905459585856658
9912,0.6907120016986498
23019,0.1890638597729814
5623,2.499428948872908
113451,-0.4643022850712359
101929771,2.269198988400719
9117,-0.2285501125586909
10821,-2.76933313062244
1827,-0.2456724807692032
54877,0.258018989066917
9394,-0.3423310726292253
196951,-0.6828400645394707
4025,1.5638244875225589
2582,0.2941370928384289
1071,3.962425700531406
25847,-0.2855321850039378
54454,0.3031301278259298
200539,0.5932120093129224
23616,-0.4268220148066692
100507032,-1.0006422049161126
144363,-0.5029675412621476
57619,-0.3691456919478072
388695,0.3329061217207446
105372280,-1.6370041988768116
414196,1.924815630307254
56985,0.3754238276605096
9716,-0.2345865291764731
4188,-0.3972880555421265
253782,-0.2947937920056777
11219,1.10807594510513
55612,-0.425545811505625
401492,2.7480464572253904
253190,-0.6919036217768729
55000,0.2091108398363065
339287,0.1882865329767789
60386,-0.5975006513949627
8935,0.2245450043146243
51188,-0.360518474608792
1749,0.7458710409600936
126328,-0.2627963681686928
6710,0.4710738131505459
6618,0.320044520465926
100506178,-1.5678112726556368
55693,-0.6287374203016215
128308,0.3110261415330774
7745,0.3200105329114966
55811,1.8888980214841504
101929897,-1.4536680753770972
56963,0.6176095948384016
57593,-0.9247017341351924
126969,0.5409946190855237
9218,0.2044802992657922
317749,-0.5389701152235311
25777,0.2867223388501737
167838,-1.548141241390777
55092,0.3715190191672372
4124,-0.25349046860618
57147,0.3052153312267914
26520,-0.3170219400395201
101926913,4.373834754889154
26249,-0.3628123532082101
624,-0.3318244245317776
7580,-0.3132888773444419
747,0.6824037497716443
753,2.6313665090962406
5915,-1.9610517246644965
11072,-0.2507958263113388
80117,-1.515530540954446
4801,-0.3095251442174772
10743,0.2696395594215001
7022,0.3081355618111759
4902,3.5466936100590205
23198,0.2014254567882049
596,-0.899705015271253
7621,0.4173416589698936
389125,1.1457466137043562
151194,0.3900747050760066
79465,-0.6766921164723871
7903,-1.0272912047756315
197021,-1.812653193246195
80012,0.3399695478129552
64921,-0.4439561131588174
132989,-0.6017718580552638
57716,0.4660393925627335
654790,1.6358691554196465
4761,-2.509673689844263
401431,1.3495957685486155
101669762,0.5793747274792979
790955,-0.3962104740301852
5688,-0.199376071977572
51236,-0.3016977938850198
651746,-0.5222584940415946
339451,-0.3866867771270773
51761,-0.5973892625954723
654817,4.385317256126818
55819,-0.2566367250552861
3312,-0.2000552199944696
94162,-0.9464081672445448
54918,-0.2164566604146194
378884,-0.6290410320799167
25891,0.3678044979237406
6795,0.709889906755033
56181,-0.2416518561712572
20,-0.4160994207441049
11285,-0.3523522897113617
114805,2.681157345867206
5303,-0.3322517843678558
79169,0.3046607243854774
105372277,0.94962496743959
84293,-0.4063824007537356
139886,0.3931559615630008
11341,-2.2998461677556405
6152,-0.2066544046802929
144481,1.0097030755191256
85025,0.3767771871086888
100528018,4.368040849490246
150051,-2.984803383807901
4958,-4.498006217213341
260293,-1.5422717568088813
3263,0.7918019123531004
79101,0.3735163287077361
535,0.2494537133342823
26230,-0.7993986058832101
9679,-0.2955432657463033
65078,0.4854973457300718
353274,-0.2289002730037535
6527,-3.4306386976619354
8969,1.448982631165462
26001,-0.318068587231373
6768,0.3426008538414993
440926,-0.8244691993286932
645676,-1.213653673972931
101927767,3.390461050681457
102725022,1.9825195072344248
55591,0.2007099868419083
440435,1.7496437597040615
23431,0.2511730531058597
342945,0.4198924309726934
90933,0.2167468476945046
9340,-2.715416419242992
729920,-0.8708324738007674
153,2.3393578429001103
9331,-0.417390015655314
643837,0.3891573132165442
23,-0.1985154435137644
90390,0.5161507951502745
114784,1.1503330509945222
11266,0.2925960319841003
5362,0.2300069421599187
55901,0.2755507796004844
65125,-0.1930381278016172
116028,-0.4671777096990129
347689,1.309500369523014
90592,0.2951411338871467
161394,-1.1448770863462665
101927900,0.916298594471914
80789,-0.2996718475087527
642574,1.2530092119055154
388561,0.2476655660132252
64783,0.3095931451974884
51684,-0.3493131969150986
84152,-3.514219246475838
26355,-0.3537768327991886
114826,0.2847086511404917
388799,1.9381752885821029
8793,0.2623428398394191
101927828,3.402969085366082
619499,-1.0684353777283748
54851,0.3483961070917343
81608,-0.2077086664503973
100132057,1.073106857573795
3232,1.629916340115745
6888,0.2126514899284394
80164,1.822284569838418
123169,-0.2352317257239344
9849,-0.2776516591104515
5147,-0.3523342232658072
167691,0.4189769114755611
84960,0.9782951262392376
4116,-0.3151216292218194
135293,-0.3685852665953305
6355,-3.980965768447092
203054,-0.367874362424855
317760,1.892078075659683
1408,0.2992899283495894
342125,2.641663281227529
55007,0.2828068972872536
102723886,1.8184937159510888
142686,0.8671311961629609
1415,1.985018179505803
8739,2.127554465152638
2256,0.3538355305139329
125965,0.7814316630592141
63928,2.329219525199444
5122,-1.5570185364625364
645553,0.9723728670525704
2647,-0.4901000244372984
5894,-0.2118871413160337
353135,1.484508150690426
525,-1.7478401162316666
7757,-0.3806806789539008
105376798,4.391386441652744
101927418,1.8250475215560789
10071,2.1037239488767536
101928324,1.637352950974684
23386,-0.229681327619838
29901,-0.4090715457028527
51735,0.2816353791031877
54960,-0.3149079893878717
6199,0.2397138671257201
80024,0.3205862467174735
9466,-0.6412838028984602
92129,3.5468381989689464
51149,-0.4967725424294335
440087,-1.6076391145363218
92565,-0.3660765672326077
399726,-0.7663425343038255
55194,-0.4469625488041224
8338,1.7689610567716674
8874,-0.2106382961726425
58472,0.391406594311363
5457,4.360062195156704
56623,-0.3328019208013154
166815,-0.353804983605755
10673,0.744668114198499
7556,-0.3741519978554466
10239,1.0868245272148558
255631,-1.3487415097795377
664709,-1.6062123853812902
4926,-0.2332314119823768
101929679,2.410135575983865
7559,0.2949373383722704
28954,-3.983849615461875
100302691,0.9808512569848408
100131067,0.3831381479954702
3483,2.626939500597942
115330,1.1215302228477315
51181,-0.4109648057258953
654320,-0.6622060517769723
55153,-0.2307376564847064
79369,0.7349798059080508
3363,0.3000276014777442
2475,-0.203691761855474
101928931,1.9453143511050883
22897,-0.2104888660526863
65998,-0.2894608594429487
79064,-0.4864483256897808
55255,0.2845172563191117
2146,0.3555293586646182
23387,0.224496263795498
4292,-0.2648785372048474
9229,1.8572690064632256
9540,-0.4039482519437261
100463482,3.885191079652041
8718,0.4484151481240206
79866,-0.3790045988865679
51806,1.8824734789216957
6429,0.1964249833374243
10846,-1.0036194806120078
337873,2.234408036065077
140609,0.292587388784838
5742,-0.451541808719655
56990,0.3066227640638105
921,1.363723459466175
23633,-0.1804899218083439
343450,0.6836466590880207
83852,-0.2995360407708598
1161,-0.3489398927698223
677796,-1.5445733937099184
79794,0.2228339202679782
140612,0.3090453129192309
221002,-0.354970848152525
100616150,1.3996888274342871
200197,0.7349879079699198
8776,-0.2098961848967367
27284,1.42708252570551
755,0.3530069158842664
51442,0.5306013209006278
550643,0.246280529225021
2053,-0.4424953006506152
23247,0.2312743677290232
51808,-0.234820758873449
340273,-2.9766662050798085
5125,0.4728993892651673
1594,-0.3779924030286797
23149,-0.6084040769954511
944,1.2720778020895258
161823,-0.3293257528365017
123904,1.991687650234396
55702,-0.3595720040571735
4953,-0.2700138305724482
27301,-0.337630540863605
8512,-1.0129043981600891
3691,-0.3471917382586429
4123,-0.2610466253987394
5800,1.3496963591868054
81490,-0.2464985578594417
92979,0.3480808377004171
80347,0.2113987113895712
285193,0.7741261650783178
11151,0.5501466194890913
6468,0.266849708051131
3614,-0.2367272053587857
285175,-1.598658292905922
389906,-0.4894221105893291
100506457,-3.45115120407079
2744,-0.2427543025753278
162461,-0.5143720376902956
283237,0.2801757864088047
3291,-0.8908754328560358
100533789,-3.4474676799212034
10965,-0.5243464601114675
100124516,-1.0438250434040723
389690,-4.50260616877134
64324,-0.2065454403868296
5355,0.2722524062654936
55753,-1.1938328980567878
8819,-0.3870735398537409
11238,0.4752944687057869
102723439,1.8439258595771653
51204,-0.2991754634536023
165631,-1.1989945842145155
4695,-0.313100218455037
440854,1.1201735322531865
101929470,-1.179018299007588
4010,1.6978604016239711
127933,-0.2663620898194382
402682,-1.214807311878471
339366,0.3488083049873089
115939,-0.3313825252761497
5290,0.2632371659237482
955,0.243752288996922
4087,0.2100266171078406
6487,-0.2758966498002018
84033,0.274788368292606
777,2.8187170446162666
57338,1.055458658075013
100506325,-1.006367865842279
10007,0.2145223156213518
9215,-0.4099218225854984
3713,1.207404731823516
100506248,-1.7604582055825115
57333,0.4314874338579871
10857,-0.2302234010211177
23096,0.2789534416885193
8941,1.5571579671519016
4004,3.8672938366645626
779,4.269657254103018
2209,2.3904665319424354
3593,4.267630776704911
648987,0.6326627455001601
3110,3.810692617049985
26579,2.208209440226341
5828,-0.2382467293821198
57469,-1.7709732133163023
56897,0.2331431865167071
221491,0.3419405666212078
83592,-0.6329124168976088
59349,0.2040129314113669
219654,-0.3311117418750351
375260,0.4359763904835125
345611,-1.65652695442123
51218,-0.2487172513791628
100131366,3.805016805885632
9514,3.805016805885632
140545,0.4822456740344647
677847,-0.8114316732944296
2890,-2.745984210823808
1296,0.7169727720009683
89853,-0.4531568618603148
219874,3.8149711611827146
133383,-0.5025906526742115
123228,-0.4636398654019706
57348,1.733355137284648
92285,0.2637338091123191
401014,-3.3549486095551324
84923,0.221103736822195
1340,-0.2772766689919815
51298,4.253051281101712
3684,2.279358601479288
546,-0.2219378019163835
63935,-0.2936852187283599
5439,0.2939782224095221
401427,0.8944224560756232
441272,-0.784955204917124
27109,-0.4347041629479324
80258,-1.6906023909676575
51433,-0.1827140692657296
132014,-0.4798961620581666
55218,0.2176128668089578
657,-0.3007393287873575
10273,-0.3067073662883005
8702,0.2252122415220204
81888,1.5078500972725732
92749,1.9486947551691856
57787,0.2183330231416439
83608,-0.3070620308162634
152007,0.3336792817657313
11319,-0.2524068486254086
1048,1.0920189097903472
2962,0.2286431119933601
441178,4.361579782596589
28985,-0.2532331737468811
866,2.520196652366528
100128640,1.5266932003888167
286097,-0.6046190770474865
56114,-1.8910363506416208
80319,-2.0734600995469887
319089,3.295642789825129
10253,0.255664196105529
54807,-0.3854408836925723
5212,-4.359961534032079
79160,-3.8866124406391735
27348,-0.2788041692100418
101927621,1.29746941751143
1747,0.5897794106007449
79586,0.2656516349094989
27250,-0.220310686875136
51534,-0.1954226289278853
101060226,0.645693135308254
10736,-4.355491782150796
26496,-2.912736847497156
113263,0.3394315798563618
5520,0.1980606048983147
56942,-0.3337323203175477
117583,0.3715518603820719
56606,0.2061466246829206
3638,0.2828745908460282
784,0.2830764971798686
389333,0.6162065409946612
1024,0.2285315075516087
6873,-0.2181118789088122
84221,-0.5031773541655774
317,-0.2465296676927755
114825,-0.2618726339991487
57528,-1.104130304043367
84307,0.2819953274646839
440823,-0.9482848171679724
100532732,-1.0678717157135704
729966,2.8741989299245887
203238,0.5021660509010085
8863,-0.3523118344518056
55145,0.3375217526615186
105373984,-3.3732934333707005
3617,1.292292261318024
9513,0.2158104281191042
9935,0.2920754545407361
138948,-2.5805163998203238
65082,0.2415275786344956
4026,-0.337841892119275
100287015,0.5496876177387955
3611,-0.1951910073011492
8394,-0.1928537560520235
26576,1.3032561173993775
4987,-0.9164971159846358
1655,-0.1718911165980661
84274,0.2461560519492589
10963,-0.1906008706311933
23081,0.2178963103976057
158055,1.892007456905725
255809,1.2470264780874898
5731,2.310870992387044
100507398,0.7968188442767999
223117,-0.9539384741237282
92305,0.2292036769660925
4360,1.659536790688651
116328,-2.233033607925718
738,-0.2383132910056711
56341,0.5766395915750613
80011,-0.1909292827542191
128876,-1.5097408785930737
65005,-0.2245209210169648
51626,-0.2766666658264881
340596,-2.9049005969046915
100271722,0.9661397346961924
56257,-0.2399497492420405
51079,-0.23802366661183
116842,1.862360436336464
4983,-0.3168130848863491
59277,-0.2868587956905259
254427,-0.3412662656832872
29952,-0.3126150684466646
57127,3.7848706772671488
100133286,3.27208328293914
438,1.923220702974855
497190,2.3992703160739235
55614,0.2546821211833295
8484,2.631221142549488
154007,-0.2628565009579037
136853,-1.1114294958145827
79650,-0.3196095912393517
9261,0.1929533774133088
9817,0.2354204786844633
80731,1.6983209047718228
728190,0.4706433282810867
8688,1.6028930560488013
100506343,-2.501833006529187
84913,-2.018468169547593
10478,-0.2391326867510713
627,-0.4260465694041859
79720,0.3042355898096315
53981,-0.2351178758351436
5101,-0.5153911323462297
54494,-0.5688127795719436
28955,-0.3140546014431163
10238,-0.1899522524063548
5695,0.2111824292196318
127687,0.2809202874565548
645027,0.9835903633341708
81627,0.2516948217179792
3895,0.2162286597363103
4145,1.762132136059557
4193,0.2397889696929328
256643,0.2931383476049156
84837,-0.5757849490891069
10206,-0.2134556815307889
728855,0.5609569912986963
284422,2.810963561998025
23140,0.1969176006541056
727936,-0.7543322037176946
147015,0.5305642524115303
8787,1.6031216300395703
79845,0.4951389867114767
338596,1.2062635018975083
9369,0.6463195055191696
79874,0.3065946633253599
100289373,-1.0447067735458784
8766,0.1982961641665284
55239,-0.2186877879772816
171425,-0.6340578483520226
595101,0.8057723639633926
4750,0.2834813325976483
29082,0.2097042456551133
100287082,-2.642062346133811
8493,0.3298098694640533
55626,0.2030655153634142
55731,0.2991269874903939
221895,-0.3603813550184983
171220,0.563114857697216
9508,-0.9657397987561328
84230,0.2168025622726119
132946,-1.309654016836585
646982,1.869009072425835
29015,-0.2850778157626999
54535,-0.3000868917139458
401548,-0.2663353054716775
81605,-0.2257913980544051
91574,0.3014379629210907
770,-0.5374591765485438
79877,-0.2338614729664853
55333,-0.2860737285860056
84140,-0.43032744888457
151516,0.8091798890739506
51742,0.2486561911370027
280655,4.240097838583693
11247,0.3925681503538433
1944,0.60337500744269
166614,0.631719006635637
100505561,4.235775389908812
4588,1.6642920271132928
101928223,-4.356239617947411
79918,-0.3261765430154278
8600,-1.0881234394499577
85449,-3.2750729921580217
9575,-0.2484929189858478
100128252,0.3109393100344582
5470,3.712624880479828
91369,0.261925470104221
60672,-0.2604819531093162
84287,0.249299715163185
79917,1.0881962378776489
126353,0.2547818106483853
51283,-0.2079745956133156
100507173,0.8297072222357523
100287616,-0.449878134926517
10093,-0.1820075994672959
4724,0.2146527484977973
7419,-0.1901720005374675
150159,1.1428868591401369
7060,-0.9031228425819738
10409,-0.2040913083146706
102724467,1.9046588104468336
677826,-0.8644158656984622
8997,0.7147899029999538
10174,0.2068379770556059
63939,-0.2909262794378648
10262,-0.2743830527259966
79992,0.6083831752351193
84691,2.1369066953313567
84833,-0.216401120932993
339231,-0.2993300012698695
7336,-0.2484299225710712
27072,0.2009598795400615
5300,-0.2695046584795497
55016,-0.5339277292221578
64149,-0.2545935746762629
9626,-4.361640636919168
94236,4.295646371256467
56157,3.778569190198346
84289,-0.2563441756765726
10874,-1.2315016585572467
5306,0.1909109724653582
388552,0.3203899405889179
114599,-1.6909278165006716
101927905,1.2478449229061634
101928344,0.8788670075555804
51135,-0.2409663699335026
79930,0.5124363389426853
493861,1.0287444390827716
100130950,1.2718028592240973
284759,-2.075640971535039
8994,-0.2416326627793
256329,0.5449126357908823
5481,-0.233126463449746
26254,3.729278570665332
112817,-1.405444124575907
10509,0.8756855575473971
2984,3.2273478378928404
8774,0.2353026095043215
26809,-2.034552412920017
3275,-0.2100397171474496
51050,0.8871606406105335
221908,0.327776279938681
60493,0.2675793732229457
3718,-0.4917004014480756
11311,-0.2099284131308181
2173,-3.775581010759912
152189,0.6514725756494132
79648,0.285600029632658
84124,0.2618350951641083
4237,0.2154454914458396
8174,1.5390265176129512
55967,-0.2249331154497876
9162,-0.9687168462300372
619505,-1.325970843482352
388753,0.312111124777271
10260,0.2550605425953156
65251,-0.2792489420357721
89886,-0.6737834323153129
6239,0.1977160732873528
56097,-0.8632853166532722
221472,2.329574050008844
26212,2.4775621272295565
10392,-0.2943813491240126
4091,-2.572489497092951
55658,-0.2845986158933463
1746,-0.6123469070900188
10255,4.143931290975231
5108,0.2461963239832803
400927,2.4577410749740234
29803,0.2444195623162619
8893,-0.1957604951097898
23114,-0.5773756485205305
101927415,1.4032677414429355
84069,0.3558051390435895
5387,0.5080610874288174
124637,-0.2208802609147225
101928913,-1.012596302356698
785,1.1319941272172505
286205,0.3413207562487681
221756,2.50141782335765
9963,1.1454762078501506
85451,0.2433320909433887
26539,4.137184287799512
51256,0.2932720589534442
27124,0.7193638735569978
81786,-0.3081900428481749
719,-1.1629622338830716
10001,-0.2559327656477211
388524,0.5671097237739919
81704,0.4293612742897328
729723,1.4144268803379132
90576,0.449674332234017
22944,0.2812303061119565
6817,0.5329219721315811
534,-0.8207928289528239
55860,0.2183110358381314
100132929,1.594287804819917
10336,-0.2042813590506765
1358,-2.1919561391612863
10775,-0.2237601093529008
103695433,0.3521017483339799
85495,-1.603804298970286
84775,0.2852807083793217
64689,0.2173177366446801
4759,4.330202139127566
101927189,1.8024352868693925
8447,3.143691899263541
4009,4.1394093615247805
51517,0.3041477092179235
7170,-0.1598217430137922
55094,0.2948769100275903
119504,0.2012454064073486
100128494,0.84713530908077
51371,-0.2097384979668461
4223,-4.366723493467974
4832,-0.3491911904619456
581,-0.2076294872149944
151393,-0.3609622202259755
100652740,-1.6202107568039266
22822,0.1770481009586572
174,-1.5215274356385735
729220,1.522156195661045
9686,0.2151743249254569
2625,-0.3069774412739811
90580,0.3364789208853584
119392,-0.3538126674612781
84628,-0.8482063217599937
114876,0.2312326141526058
100142659,1.2185179607715402
51265,0.60014026283492
23063,0.2250531134510341
50700,-3.774653490212125
57139,1.938019720649635
56311,-1.6399583657953054
101927992,1.2441828049642112
23105,-1.0872653478534595
79980,0.2988566219964772
11325,-0.1706401517240053
100132215,-0.9204386208487352
79912,0.2719615276742295
5534,0.2587086515151065
57537,-0.6130089791711688
51157,0.2626289520144216
51253,-0.2215396065081108
51340,-0.2132590919957747
11080,-0.4015501371835733
3839,-0.1818436920931727
25786,-0.7382955486201879
147929,0.4451605283944786
10771,-0.2557321577749456
1901,-0.43711825419244
10953,0.2048296967876682
11252,-0.1812354429706298
28227,-0.3066787340515092
1857,0.1895594273987094
9098,1.0418482963479625
100289511,0.8004119489936296
137970,1.4468168363700824
56104,-2.6431921246550325
5608,1.0395147167503982
57095,0.2093150885861851
190,1.814653829363486
644945,2.9988478508513854
646962,-1.2744122611271282
400224,2.742812239147171
29999,2.2533793135915867
10554,-0.219301443355719
55657,-0.2602474594556042
100506844,0.5513405260832233
9620,-0.288366570068268
51138,-0.2264965422745876
100873954,1.110611540627637
22902,0.2432368094740891
177,0.3957486677699185
55841,-0.1986968930984775
3692,0.2316976338395888
5980,-0.3192203231786438
29094,0.248740259204011
27335,-0.2022546214201316
343413,-4.208206147511303
79680,-0.2464193731522783
6751,-4.207306700141567
4993,-4.207306700141567
23523,-0.2401027878753994
23113,-0.232435873326106
84188,-0.2684142590084093
10522,0.2793670196679697
6702,2.853922124632917
5781,-0.1776846712173967
26164,-0.2247859872037005
9587,0.246760046914118
10476,-0.2042766092330976
25884,-2.8303038118076094
105373985,2.6859113420650726
170958,0.2505773648129801
2313,-0.3876677039743801
105369190,0.5296508620289224
23245,-0.6911443870208942
51637,0.1926125580316204
9986,0.291716714874053
90673,0.5103687736133231
771,-0.8908979816621067
7565,-0.3503467391207843
50865,-0.2466236531810066
284293,-1.4289978532301335
84224,-0.2738101389702298
9742,-0.2611110834428571
148046,0.6611381140422132
23401,0.3701951087996324
83594,-0.2320331804145116
84765,0.2610733344917502
57504,0.2085903841149541
8846,0.2850574539555048
284338,-1.2308057369083272
100847004,2.2906241038998747
152831,1.2970065954968326
10365,0.5368034174713285
51126,-0.1983369047858804
23587,0.2338569215033659
10781,0.2015730977788962
10020,0.2274847395721769
54752,-0.796304819434433
342372,2.31738660527502
8270,-0.424577189970328
6282,0.2742691515365519
284266,-1.507403469225839
54741,-0.1894091024546584
63897,0.238508979242213
286495,0.6477479965294977
653712,0.8721905969621007
101929688,3.618721785435237
51727,0.239390927382544
102157401,1.7759155678643888
79585,0.4189254770485627
3572,0.2368398627196576
81034,-0.2995399396786074
729648,0.4403458724304939
8266,-0.2238514000372268
7569,0.3067674731185701
9501,0.8098621193878132
9545,0.2774053682385853
23567,-0.2618740688068104
91582,0.2072875365911141
100289361,-1.866936595977936
8079,-0.1978278942229437
91664,0.2763991545517314
9715,-1.042326490902936
10463,-0.2358651706020353
65258,-0.3132229466966401
64599,0.2003521861515569
7726,-0.1975435360167377
57134,-1.5121047408249293
9204,0.2234361968508149
130888,-0.380141996933303
151613,0.281680317696009
284323,-0.2952402804870571
84939,-0.2091454961406629
6643,0.2674619206111989
84547,-0.3293140597191091
56063,0.3295626632380534
84532,0.5104238696807724
149069,0.923678353154506
59338,0.1898846015178128
5530,-0.2203874632315275
119,-1.314496782497162
3699,4.1650154991387565
6181,0.2045305101358832
100463488,2.6938588663135348
79854,1.6853412455766128
63905,-0.2180697403976357
389336,-2.366484480974517
55174,-0.2459558133107994
103908605,3.633198004137558
55285,0.246177383490424
65117,0.2468305675164243
2150,-0.227357722174293
57180,-0.4012739050130692
84618,-4.2023121095318094
2700,1.3341511407039823
6942,-0.1916376551748006
79955,-1.2326649703315535
4858,2.707498135336184
64645,-0.1966105291918102
101928516,3.156203668444373
84832,-0.4100456662587575
80135,-0.2411035679034017
9618,-0.2238429264499099
414189,0.3964926455792154
644096,0.3574540123380038
10656,0.3826717756171484
1069,0.2134146489657248
60677,0.7408386982586205
8775,0.2001079474438512
101929516,-1.4444812564617109
102723968,3.613845197507268
8813,0.2947335241864338
29986,0.9743929461466536
201164,0.4670883824084167
89894,0.400650939556654
400746,3.1376848649269222
83932,-0.2484463470924562
53841,1.207165042094392
79666,-0.2521761556641832
10382,-2.123785820734579
65243,0.4276546826499852
64769,0.2060077923079889
57463,1.0993976225134838
4515,0.664148866000712
146542,0.3568976098409788
23580,0.2239696940318828
8736,0.972631333494432
101928419,-2.500291657217791
100505636,0.6491069314950386
200576,0.2592347029322799
56952,-0.5520786015100494
317671,-0.9072820415059268
101926940,-3.663084336667728
643723,1.24714211264895
100996758,-3.6606744803781495
23484,0.2569209778584123
101929655,1.4201369947782794
100528032,-3.662765543833827
55582,0.2915876861698533
51350,-0.4187832845021693
100616436,-4.205700650692888
26166,-4.347669490880533
81609,0.2365831359743922
26834,-2.2101685020712454
7686,1.0664835648491138
101929723,-3.203004838852548
91409,-1.211513111188759
103344930,2.486383922865352
133482,4.172239103036961
157869,1.1463174903468831
266747,0.2658401761606948
7444,0.2351571479051031
26287,-1.441591809411973
101928578,0.5100036093355638
728642,0.3569427582461022
349565,1.0932869884522731
253769,-0.2345389130959164
113402,0.2022034574005166
55663,0.2976978438874995
641384,-2.254809032912226
1969,0.3250319692104026
7325,0.2061510770982883
65997,-0.9042573044977822
283687,0.5019529217904649
1455,-0.2089713179854216
147650,0.542031189597309
3977,-0.3052056504716284
4259,-0.2123482222754202
114898,-3.663431534515571
27146,0.5810161279203292
100996571,1.0568406507867751
402160,4.10676612537175
105372476,1.3878745723019847
81844,0.2041623509554931
341056,-2.2539796725646557
3226,0.2591225804625811
2782,0.1585406257433323
101927267,2.0831279586248708
566,4.116052457757172
57573,-0.2431900307924774
9785,0.179269721555601
100996573,0.6432442754247845
100505478,4.123225120183728
2990,-0.2567722951861327
100505865,-0.8192043485291665
100130097,1.0480422155575035
7733,-0.3227770895536443
8663,-0.4324562949412553
257,0.4140556803089812
6521,2.403005272108029
118663,-1.395488561736793
3455,-0.2747834757695384
55968,0.1982648939227911
2263,0.346317907418198
57508,-0.2222766038566762
11155,1.559651975267497
339318,0.3630333402937575
11164,-0.1718795005311561
84081,0.2291661216121069
442721,4.108939261989017
29105,0.233637109395471
342918,2.69192973434322
286102,-0.5499333517448594
197135,-1.2337495489276131
1788,0.290680417735787
3233,0.5758422905454527
10286,0.2320004186302348
10023,0.6124565909725673
140691,0.7079841236602621
3980,-0.201460198848017
26046,0.2247141639034826
4094,0.2843778750871945
339512,-3.656740183527912
440519,-1.3436964092562238
8031,-0.1593177598665491
1907,1.4263673079038774
102724927,-1.9574116356225288
6120,-0.2276289193942804
57470,-0.1863310349759671
93627,-0.2859709372949457
9655,-0.2673413589924668
4713,-0.2684626084079396
149647,2.530507183311662
23491,-0.5409142408357686
441461,2.3514490655785707
149111,-0.7364466975953582
8499,-1.4791128972484513
54964,0.5774252425398849
2983,0.3441260844894501
133923,1.4357521644519198
23216,-0.2030890878227387
100288332,0.7720781191093645
23060,0.1854243117357575
283876,1.2495882962519294
152098,0.6886928870128995
10882,-3.0984186202467434
6281,-0.2433858570840749
644656,1.1606531436786955
93109,0.2850285309455097
2273,0.1640663178141994
23248,0.1922344291543502
54941,0.3238971311430637
24148,-0.1778288586514266
26780,-1.1111975002139314
80310,-1.091605308003294
11075,-2.1178285099358782
51667,0.2337679261469726
101927204,0.5272238291616868
652965,-0.6163830371705383
143879,-0.4162328227748434
246269,-0.3574220412155788
113829,-0.2665221252839118
100329135,3.5319538529647323
117166,3.5199790421179844
900,-0.2195128961081165
27283,3.5319574400447897
64097,-0.2180164697276276
375593,2.145483795306522
79192,-0.6727957792843585
2254,3.068129637986161
286140,-3.0765119400216947
28990,0.3642518374551487
100132417,4.013715722854523
606495,-0.7127943510078008
152756,-1.0355406425505465
56912,-0.2241363867350633
55178,-0.3073309351011342
4828,-0.5040353972526908
53635,0.2076022060008509
89869,1.5159003820578312
22877,-0.2385222068247945
56948,-0.4390173995377786
101927401,3.0644731714056666
5339,-0.2722315345293873
286077,0.2737819730730506
26354,-0.2474166823273026
1175,-0.2008807992399039
100129175,3.5337026297030194
5008,3.5337026297030194
11000,-0.4116793297186141
102606465,-0.3816297033115458
7784,-0.5678345449200394
92104,-0.3824709505627142
11126,1.0209382964961915
374882,0.2175565932457853
79846,0.4560837897522669
55105,0.2386340981836513
100128511,3.998801732421163
101927188,3.998801732421163
642852,0.2004404972288386
11033,0.4128020715998361
79842,0.4314828428221814
51310,-0.3359291203678646
101929282,4.008745392940591
375316,1.2767329576921933
55171,-0.2597741572231002
219623,-3.0925306146504767
49861,-0.8227386504630486
8840,-0.5911508308556898
391123,1.11657653874938
1535,-0.2622312821488878
64895,0.2592903546852425
138724,1.159660917461708
113622,0.5732647660218341
9119,-0.4711583936527089
304,-0.4621141581899226
554282,-3.0887224599529963
137902,0.851206129847228
101927854,3.51650163275719
10457,0.2437837650907272
84973,0.2547230902170973
23288,0.2039609122042598
8641,-0.5209303414337639
222642,1.4809468049246262
100507567,0.6261182371089967
252839,0.1984843079058414
284018,-0.3935717274629859
4710,-0.1968835496423373
84836,-0.2563910174542172
11051,-0.2320157422692179
23403,0.2518535758064976
6405,-0.3987248064943489
7561,0.3775416706202644
55076,0.2055834505529706
3818,1.7412567418566411
63877,0.2531387699786592
6478,0.1800999041724361
57171,0.2477281290479165
84561,0.2962320851278274
4239,-0.8716768559517437
284325,0.2831071272480281
149837,1.1463890353561943
10430,0.2369382598340079
81554,-0.2509328797981168
1352,-0.2903880405322956
3646,-0.2236362029521956
23214,-0.1777174018423775
84458,0.2799259725006279
3866,0.8783829913380178
5636,0.2277601130091849
79816,-2.03794118783341
3228,-2.8718068463580715
7260,-0.2555390704307756
23474,0.2560622730943082
105376204,-1.182634396267766
84902,-0.2476635133564943
54518,3.986199175154938
595099,-1.5438483916233126
8284,0.1839349518658482
81854,1.414301389876443
7705,-0.2186740947294742
51809,-0.2152222488577417
4693,-3.092883213840065
9629,-0.9951926196595376
54165,0.2567448178842169
10111,-0.2150606936912463
202018,0.2980229092007289
84811,-0.2548469463012327
55628,-0.2958053524149334
56413,-0.6070449748255409
100422885,-1.9255350064313697
83696,0.2719207565320326
79991,0.2506470168926428
100132677,2.997510062723455
101927120,-3.664028268303325
11064,-0.3029924119134133
2828,1.991215274566021
138065,2.61834251386732
165215,-0.4330224801602574
2327,-2.481158340204869
23464,0.2955843160288348
79693,0.2439151862166019
521,-0.2431911462406623
1950,-0.9860272117133256
147699,-0.8980676605439153
375248,-0.3669855292826507
348487,0.8132613124218572
29906,2.0514817851378293
286148,-0.2513506511343669
1174,-0.2085500904991739
990,0.4041241376090009
54620,-0.300128174071987
10750,1.930734374286869
728763,-3.1026689693051965
81573,0.255459474199965
4209,0.1935858028444417
26808,-2.17988702786453
121274,0.2494007616130294
460,1.6704084332666007
642778,1.0123540354763618
8357,1.0583488868319215
55737,-0.1547387320836301
64798,-1.067245820814939
379025,-0.3371588392828332
403150,1.3258564399012116
84445,0.2426540367093458
57551,0.2142253670499708
6911,0.8696650242897761
2885,0.1628186473123912
92,0.2787257026072161
8999,0.6570147958706437
10229,-0.2976939592680531
100130460,2.34440396285529
814,-0.997216159777832
5079,-2.180059366023966
26797,-1.0836085999530058
29114,0.6031766559307861
151475,-1.5713620068998797
2936,0.3372869630948295
636,0.2795421775486275
197322,0.22186522262389
83854,-1.7258081090185828
100506374,0.6513712646602005
100652768,0.5302001440775187
252948,-3.094349416988676
199746,0.3397921309495486
64216,-0.262752196508704
51428,-0.2298981055387609
79763,0.2439942636684467
23007,-0.7585145523092429
79591,-0.1837714924886568
10911,4.02160706311063
6727,-0.1793199523015201
1823,-0.6087225090135484
816,1.7015812986191183
29937,0.2213556241830983
79989,-0.2932337082576964
83636,-0.2343475055929887
55763,0.1822856720594332
100506551,1.7854841688714818
7955,-0.9147174780127854
23038,0.2065165766566293
11144,-2.349312642476168
79932,-0.1706492072539098
158833,3.500601136736329
619571,-0.8774774432157001
1113,-1.0575395291908132
347454,-2.2721135112478703
7535,-1.3373247297709596
160298,1.521109283448359
55757,-0.2636452823674526
51690,-0.2644530478981441
79602,0.1583360882065152
100128885,-2.1381984002643875
54936,0.2147547510808553
348825,0.8909964440762219
101928000,0.6573784847352266
827,-2.209454965982671
55051,-0.2361141963241158
100132273,-1.3665273269724023
9296,0.2355052294536565
100130015,0.9061018465429296
64855,0.3380182956940432
93621,-0.1691396879694701
10542,0.2132103642670092
90780,0.2045292699220112
55116,-0.317612838362857
400986,-0.427343193190676
195827,-0.3631341411555491
197257,1.0856738212692385
26818,-1.181097922199565
23389,0.1614098861751164
10213,0.1687511351937055
7158,0.1699369514827767
54102,1.6069507837978554
9140,0.2383250788504056
3142,-1.0861210116451352
80727,-0.2478456605002783
5899,0.209346906528027
54508,0.985108435223915
57707,-0.2194131896675252
51078,-0.1923953962355802
285074,0.5554264405761788
222658,-0.1664186938496434
5049,-0.1598560997083483
6934,-0.2749275552826137
83658,0.2057039931168155
619565,-1.1210967571372654
261729,-0.3184671758640436
55653,-0.3439481265199536
104533120,-1.2888298242936682
3851,-0.4848621648871117
153328,2.640975449576797
387751,-1.0488339643469424
55217,-0.3070210022431761
203414,-0.7592391927212507
1355,-0.1719976231356361
163351,-1.189265788633594
257068,0.4101709878013967
9717,1.610518085539668
8822,1.8621804992476911
153770,0.7314198488491623
10686,0.9715753374631032
158326,1.4162387672891377
5898,0.2286404229679915
55920,0.1471999216461803
79048,0.2095969875356035
905,0.2213797187200213
9652,-0.1902205281328673
7629,-0.2118984657362446
9863,0.5494774682970414
400410,0.4176466413168853
92822,-0.2414406075860586
55778,-0.2307026327928679
10049,0.1708203698909914
29085,-0.2407848712294625
83444,-0.7560207403027931
57191,1.0316546463104947
25913,-0.2065143233230795
84233,-0.2355176787447593
3030,-0.1603907277494105
5460,-0.7607058088769639
51333,-0.680532638002593
1395,1.0662767429241458
10577,0.169176243880218
100128126,3.421316961274587
7786,-0.2443873387252846
4317,1.2500182039028096
144811,0.2958657531324198
94101,0.2874008548756999
219293,0.8247497171744401
55213,-0.258063959546308
26140,0.4338123615790413
9529,0.1742950283899551
5082,0.2313557786905085
285550,-0.2358020658293338
3841,0.413620404665498
7051,1.104925237960512
2992,0.2082578542405889
11016,0.1901404173036941
84133,-0.3113334502706829
10695,0.2016975967807998
2868,0.4980510813559817
11063,0.8586060000448061
23524,0.1481247843740392
128209,-1.6684488283260253
100289495,0.6027053942617446
10933,0.181788624560924
64960,-0.2031350475670675
26772,-3.118626633155797
123016,-0.2394479607018928
23642,-0.25361324685081
619455,-4.04320535793478
2306,1.1704636818059484
79016,0.217765212884653
94161,-1.152388883165134
646023,1.5568689957720396
84968,1.0895327095548897
79002,0.1800010497483099
3421,-0.2140281499931102
8738,-0.3296343868827994
5279,-0.2274476456747879
100505812,0.5109719331479764
57556,-0.5630585785160014
29785,0.3598077033109136
4128,0.2643554708496511
6650,0.2104714285633667
6231,-0.2363158196677391
2624,3.415842392267407
170685,-1.0943688170138286
51162,-0.378153435381271
105369154,0.57313873876313
100128054,-4.034244195488027
105377200,0.4155685174160075
64422,-0.1910014741366568
2956,-0.2307231836621578
9958,0.1841213437842352
10725,0.2834903274499004
101928555,-1.1858714187993356
348738,-3.78431155075852
8934,-0.1958731886419036
100873962,2.4803874309898664
202020,-0.6012569852368062
23259,-0.1748855870392837
79809,-0.2655543242989087
125981,1.6362720438078788
25790,-0.9368658165864654
6499,0.1839138503722064
94056,-0.1911822740562046
55331,0.2164022600820759
2134,0.997278415979734
100996447,-0.7223572824662688
23510,0.2487755857002214
692203,-2.255956481999954
642366,0.99768126493886
101928592,0.6089937071951688
55065,0.869464596301119
8741,0.5951576872260099
100129858,-1.1554372933827786
6103,0.2786536819523616
23039,-0.1608718356343922
79829,-0.2287155214863349
81619,-0.2919575275548749
157381,0.4624977113232134
64839,0.2926571728013457
6999,-2.6965665037859035
90313,0.2396109896850786
151473,0.3667230794152663
23318,0.2280534003667222
101929664,2.8996856292756377
152815,0.2772253368818697
728927,-0.258207781531534
11189,1.5821497608010189
54968,0.2279319670525448
57337,-0.3053334421200195
440952,-1.2920918866076123
105374013,0.8779769551371477
8220,-0.2444536659987739
155185,-0.4554699725373556
90693,0.3282110314941348
84898,-0.2560438435855017
286467,-1.4904251057754982
54586,-4.043770581419388
196743,0.4044823588155306
84167,-0.363758075973153
54825,0.8175594951158345
114932,-0.1914274935179144
55805,0.5205473071915793
83460,0.8652117582757484
9349,-0.1476654187095466
79683,0.3065549204601604
9883,-0.2010210215386881
1842,0.5738493924234648
400867,1.8293637402632987
92840,0.4141656890917373
84309,0.2734324463058206
23366,0.2887418629166333
374666,0.4562614898764033
27039,1.7274188653134126
338328,3.4195343940066274
64421,0.2711271460138406
10518,0.3470173351731189
101927262,2.1556853489661782
56113,-1.0842919757098872
121260,-0.2247510376126723
80072,1.0660498817290085
116444,0.3157507669875837
6611,0.1740204700345354
101929441,2.285294797788836
9956,0.6775866326894889
4664,-0.2108574375630919
1244,0.3807315652727698
23066,-0.6009017170250542
1993,-0.4416742171338458
225,-3.012335485080336
64374,0.1945804879678826
101927989,0.8368293850962223
3822,-1.1574075739912473
6555,-3.5338260396707946
10267,-1.540845641903097
2210,3.8622495446500418
4613,3.8622495446500418
5276,3.8622495446500418
101927100,2.9010219346668675
6721,0.1795325768512383
256471,0.2585757287456111
127495,0.6959943507144264
29954,-0.1915653557590289
22920,-0.1765867806118501
6093,-0.1827825275749601
54815,-0.1791642280606956
1805,-2.6103546597160743
284418,1.346130566779222
100287171,0.3396186507252152
90586,3.856700220321098
4023,-3.013873063678378
140707,-0.5632483980706418
6560,-0.1842700410400608
440452,1.2235232279454462
100131691,0.6981877147051097
22903,-0.2260455581236822
642819,0.5451219495960691
27198,-1.9050012829786096
115111,0.8916944377585078
293,0.1649909639670735
645369,3.8539971921058056
4826,-0.6626712344190339
253635,-0.2530606393822775
100129931,1.354562875856838
126295,0.3138937232670539
10350,0.969610366242152
23581,1.714220112257293
398,2.468222064956099
5196,-3.002769555690225
3613,-0.3812278940181899
63976,0.9301940770939328
101928605,1.9222146462175924
91694,0.2956595807652287
11044,0.1837363195302871
286183,-2.983933733451442
100507547,0.97076952050929
23601,1.3679400378499362
4696,-0.2869257294765719
55588,0.1892595062993627
57794,0.2192557634753057
100507050,-2.354374938115177
1298,-0.5380856655505298
105378951,4.043320858336124
63931,-0.2163101449120435
728118,-0.6107915758205027
64760,0.2243527742454461
2072,0.2329589007963841
3551,0.1828470643025611
2044,-1.12026192749217
255252,0.210732173658133
100129842,-0.2419626363319818
143684,0.2994745148819832
100303453,3.8401136388842207
8745,0.3598635230407901
643226,3.8401136388842207
55707,0.198889361886186
55182,-0.1987681179658931
27037,-0.2409571029897011
388559,0.3033271310910528
79645,-1.2719458635318672
8839,-1.5796903559023032
2764,-0.273318081485333
100130889,-0.7521231896537243
387723,-0.6347531818009492
8665,0.2011389250944533
79885,0.2320381145996859
5644,2.485814706885137
3856,0.1906979736446573
406920,3.834501483299983
409,-0.2833858024600144
6204,-0.645929937965432
378938,-0.2427324536839665
285525,3.86798241666971
128272,-0.3183661200472229
101928767,-1.8145328884436915
9328,0.1859833420008051
143884,-0.2550413323914723
115019,2.098732144083436
23204,0.1614944380612152
163087,0.288021023771683
100130557,-0.623903429495484
401387,1.883724974869544
57479,-0.2247841755672765
1114,-0.7358642043115515
51440,-2.2599082066959584
100996490,2.0150730259856284
196,-0.2476902767924164
85445,-0.4586490447888181
54822,0.2336945747847965
80381,-0.2278443781539098
1629,-0.211779890619618
23787,0.1714427026644729
6399,0.3026945651261025
10992,0.1493395212130823
4090,-0.2183446581867461
29798,-0.5282108728542301
8312,0.2013537446426841
729475,-0.8174870379366215
646903,-1.232152111535407
388564,1.16103581444838
84933,0.4552070305523424
84260,0.2113827152558022
100113384,2.083821639325865
10844,-0.1901918483251939
55620,0.2812207685013131
441294,1.302955260337539
286411,0.6649669261607487
5048,-0.1622584082178141
144809,-3.0029672465036232
83715,-0.5039077775419589
9754,1.0024164732426042
22884,-0.1842558529514214
256714,0.3727982603913182
64782,-0.1957735695351445
5682,-0.1925398527323268
5672,2.6526202213537613
8189,-0.1638914062267956
6944,-0.1920303116792844
66002,1.6429837578069275
51281,0.3117420784709145
317662,0.1926900651392655
100996307,1.41886873272969
84498,-0.1772684582956325
11066,-0.2827134171552842
388581,0.9179004843516544
1815,1.7215713133140156
641518,-3.3989158729539395
51510,0.1604499968700962
83933,-0.274956656857548
8045,0.3171664160287218
8050,0.2171423731929293
2235,0.2268515880129257
163589,1.88366272093184
201255,-0.320559182397482
79640,0.2075773240461484
22807,-0.6917012498716014
55527,-0.2165015749480239
205717,0.2132097548408387
100288911,-0.667415447704211
168455,0.249046893140177
91949,0.203406646806601
10916,0.1533646584399518
55856,0.199815788541431
126326,-1.6868091423241318
6171,-0.2835138055140642
57727,-0.1944743074137923
374920,0.2593548111608165
389558,0.9417728019845186
7125,1.877647723974088
389658,3.876586576928856
6132,0.1710476210591584
151790,2.916824722422449
22994,-0.2757346070956749
100527964,-0.3048124222962208
10735,0.1722287142645865
10644,-0.1534748735760173
403,-0.2047888362309097
92703,-0.1997685173254659
9068,3.8259456391719504
6645,-0.2456253425755068
29998,0.2932553196392984
89927,0.2337936341152832
6369,4.177002617975506
54802,-0.2081871441486538
80185,0.2976165645141693
79937,-0.4886890761437052
125893,0.2973509793384156
2016,2.828037258444938
102466194,2.385631733534349
3654,0.1978144164117198
51455,0.1691900271106787
80723,0.344844532520856
64224,0.1821152989675349
27128,1.9694706414639769
4437,-0.2292167820083757
51206,1.2175864811248982
387715,-3.396034309927239
124222,-0.3705392099974093
8028,-0.1785331667261655
100507639,3.3114844207111966
127,-2.869815562358091
10732,-0.2147022216588635
375387,-1.2031205926257031
55755,-0.1697529200961998
116931,0.7871076254968183
26771,-1.0239950285621096
4659,-0.1686179223744343
10101,-0.2300446312277007
347273,0.8205227520616508
84171,-0.8512513339511478
57326,-0.22590646426339
401149,0.3472149418584487
333,-1.0142603251338762
93343,0.2359560829968859
158056,0.33012334304834
7411,-0.2162580333070131
5394,-0.159042498184488
140890,-0.2122925771943692
51622,0.2769957399479258
51248,-0.1798599341081957
407026,1.2609924463137023
55806,-0.4118295907576704
51024,-0.1824063087791659
146,3.295614385112174
51562,0.2499653808655837
101929680,-0.872023831300046
79577,-0.1891598237907536
84273,-0.1927859169394315
103021296,1.72075305396516
346007,0.6914594057741691
1396,-1.2251710980907948
10866,-0.6620377113728777
100507674,1.6860322185412386
728597,3.3155958957540768
160851,0.2827178570498925
642280,-0.464645004590706
104326051,3.406082993220422
4149,0.1914528832033661
406890,3.882525938619169
100505532,-1.016022332473589
5498,0.2187903019039674
170393,-2.223498995682611
440078,0.6855708150999869
6187,-0.1914694337175183
79034,0.234220535780588
255520,0.2271440088941195
389692,3.83703173095576
145241,-2.8662955702697634
647033,-1.0330711480639478
2157,-0.4022171397530123
6714,0.2503039976719963
94039,0.2715801361624113
84148,0.2194146681136451
22997,1.658709376364713
723809,2.400495644888798
9611,0.1400380456440303
23174,0.1860797996496036
53339,-0.1639003905901353
54866,3.3217248139858664
81562,0.2322268432447762
257160,0.195632408319446
26053,-0.2887875622966887
102723665,-1.3077503343104255
1104,-0.1704414876860311
10211,0.1899758634019404
65012,-1.087281848783729
10723,-0.2507284558986065
102723897,0.3708830173820535
105373102,-0.5865897079682876
29086,-0.1923426852225286
50649,0.2427569232914423
89781,-0.1827421445479502
29092,-0.3100712413584696
90121,-0.1963717924103045
55180,-0.2628100873706336
5930,0.1554309895808147
56984,-0.1896138545410597
55532,2.910961153278551
2109,-0.2091695075789919
6789,0.1702250448680677
100129195,-0.5667166237431472
8362,2.839135592424369
55295,0.363623646578234
22794,-0.165334225343382
117196,-2.884605560477717
27239,-1.542778008786599
65244,-0.1680520454630914
148345,3.299613661428953
57234,0.5022287444283777
8085,0.1741556553416242
79634,-0.2388748237903738
219670,1.1284797168609784
105373986,3.411851267857416
8399,2.0076833523084825
101929095,1.8801068883886003
84639,1.391574235280109
254173,2.1450110549242747
5163,-0.2299980192908499
1565,0.6014837779414783
80314,0.1941386864720029
818,0.2015843238806474
339965,0.9248145554010124
51282,0.2338799158892567
65250,-0.2094790810031208
29915,-0.2443868611000986
5375,-3.8466206311964526
100507557,0.8695811109881996
120526,0.2473714960073585
101929959,1.3333035589397828
22871,-1.3776199219966907
4682,0.3005581666134398
151126,-1.126170021552159
125488,-0.2934448260363091
100131234,3.325992275172887
9860,0.2523216829191246
2346,-3.842887717299527
998,-0.1427351779333673
374879,0.2845850099929365
101927179,3.845508978321094
255027,-1.3759287822159123
1576,2.408659133227697
100131998,-0.5416977214186414
80035,-0.9773331929940694
79791,0.1886599310802141
142683,2.1987841046790155
388531,2.2037357244564686
4000,-0.2163720318148871
83869,0.6659779245301872
102724050,1.440214079765294
29988,0.2703126394499734
116254,0.1931213462241034
10942,-1.0622756661049353
57161,-0.410105615206541
5704,0.1766555251175949
2006,2.1519119611617024
4882,0.162767315054163
7373,2.4100447351821206
374739,0.8222610032824849
4905,-0.1802469329150647
643854,2.538556254856525
79228,-0.2600880691935853
101929439,3.2813438506285437
65979,0.1632573737753036
7018,1.088848960724228
643072,-1.2977648714386258
1145,0.6375035812752244
283254,0.3430391562067732
54988,-3.395582689048886
5878,-0.1964969075899006
9992,-2.285313259572353
83877,-0.1654467087324315
159989,1.1695907638258782
145957,-0.7017212268167193
285051,2.399379656350669
51107,0.1569629185578475
83475,-0.2977234543995354
8642,-0.550761301132326
92483,-1.6055123536121252
9580,0.2843149406522644
57678,-0.214920521957438
692075,-1.2185248984556396
151987,0.2201525109478079
392509,1.957311055746502
100128653,0.516406907129023
144404,-0.1925163572219495
101929768,1.6774449015131536
1375,1.0884395960785171
5799,-1.6418421371771432
137695,-0.2125696949458938
677825,-0.5836919526314106
51629,0.1784539740719168
85456,0.2067149081666243
29117,-0.1711892481351443
728833,-1.4862877471719973
2029,-0.157355057297392
102724207,-1.9039147745093736
105376153,-1.5007991859268393
171391,0.532786311703574
10349,0.5331182976956532
160857,0.3539860192222626
131965,0.2351069959541415
646576,-1.2718489378337323
5797,-0.1770351634600525
1725,0.1822330331187587
8294,2.007863871880123
23341,0.1840992448099901
728841,-0.2575117824262233
10077,-3.84983322248021
84100,-0.3207306969204327
283011,-0.8402356645476116
91289,-0.2110543428918201
9859,-0.2317324399690515
345757,0.2289766243474955
9093,0.1836204907544125
9826,0.1692128145568061
2558,-3.843442457506678
56884,-3.843442457506678
79850,0.2105363229503673
104355143,2.506252774107858
23786,-0.1847004432120841
101927178,1.5071680107993104
81556,-0.1798411463427845
84872,0.3303803893943107
80111,-2.040245765903131
124590,-0.9138839703852604
10928,0.1737336625303859
29081,-0.2191233822159387
9332,-2.2658263243653
26548,-1.044312293580718
84144,-0.3794913673232438
10100,-2.5090582726448445
100507424,0.6778314028528315
22919,-0.1623940369653844
102724352,0.4172455642246126
271,-0.2013202662458047
388165,0.3204371945434878
441150,0.574350695275583
88455,-0.1846962080513634
57732,-0.4186107205951551
441212,0.39903026728591
126567,0.4856061903757773
4547,-1.6222084271962065
677807,-3.850444529738288
101929395,-1.7131520637152389
84626,-0.2201996102188855
23414,-1.3880816326196608
102723390,0.4347684581118646
57584,0.1497216728917528
168002,0.7056174313641181
55608,0.2316901064921042
79956,-0.1915200085232195
112812,-0.2785721011088078
51720,-0.1827195700176409
221391,-1.0749513030851414
57496,0.1695652171181151
80146,-0.1720538664582809
79694,-0.2469977533963189
100422556,-1.3008796238510605
5669,-3.839034705377563
23142,-0.2444101217602373
5423,0.2331434317887993
100379661,1.3117750003231194
129049,3.2934346971217754
22938,0.1788027553259801
79847,-0.4115228711672183
3730,-0.3798593784805772
3010,2.4215276730984865
7368,-0.3876275723863164
7533,-0.1446823153232721
5143,0.7847276422122784
100131801,-0.2329171539590581
51032,2.850400244808754
462,1.965868180655096
79639,0.2972830301103641
284083,-1.4219974107524236
144097,-0.2283511565443187
149086,3.976889757184475
10188,-0.211225586631073
6256,0.2187460044356187
8910,-0.2705137050134306
32,0.3688706710783985
4942,-0.1353556089276467
647174,0.8724846208448142
54935,-0.2713400583692434
400823,3.686754195987855
9033,3.686754195987855
8372,0.3127685407419592
9241,-1.620190162343888
6683,0.2438881493118754
100500865,-0.8528783177490759
51057,-0.359203608011536
6532,1.2547306762557198
84376,-0.213025875316333
374868,-0.2117979683121471
55284,0.2229500389599397
170487,-0.7133994277655951
147923,0.308449519701204
55472,1.0257171054903829
6262,1.5493089299436946
100506834,-2.8926941950454608
10423,-0.2057048249158314
100996318,3.677476062946954
57038,0.1642970403893469
149499,2.40494870524733
56970,0.1587901899470768
54665,0.2198940048253689
6165,-0.1472533623711303
1280,1.7227623149075852
79074,-0.1793077824382012
8567,0.197483894721958
91039,0.1713722578351147
285852,3.693066204916694
55074,0.2162417170066139
1389,0.2113249941572951
253738,2.7200172920469043
51701,-0.2003202375170183
54328,-0.3885840638357951
6352,1.7166650837144135
255082,-0.7976734424034608
49855,0.229499689303769
2017,0.140854153866226
554210,1.5679644614672434
84986,-0.2628540155353298
9411,-0.193981106579947
54963,0.1978676417911331
83695,-0.2459746899486161
128153,0.5909401426443794
128344,-0.6595972313609433
9372,0.1599678417094651
733,1.756629908696112
80063,0.3892507632809308
2014,-0.2035745288772951
644186,1.4470842968898197
651302,-0.4608607189115514
10235,-0.8846244645361113
729583,3.186131640602864
346606,3.68053986390422
100874115,2.1389828488151963
83480,-0.2553416550568238
388633,3.170987678757729
285971,-0.4025072751469578
117532,-3.2459572946501454
3698,1.36461801875551
100131825,-2.5604841338178
64077,-0.291604900861234
114769,-0.717093449650746
2230,-0.2563502374298334
6102,0.1695105775396273
55808,-0.9037482496936624
388796,-0.2579966397432883
65981,-0.1886784750371613
677799,1.8308636129914768
1066,3.177458355826371
51409,0.1793640829645583
100130417,3.1774595962516208
10991,-1.322279332648597
720,1.062405870443766
10226,0.2521947591151564
196883,0.3460963906942524
4435,1.338320243800995
84451,0.2374630119131496
80326,2.804728413964318
285095,2.321330913641888
51366,-0.1485237011437893
2906,-0.5812339425318361
196792,0.3644467012755677
3174,3.192721636887812
5629,0.6280730992932347
2630,0.4466704322620695
100130449,0.6581199816897675
135295,-0.7356484921840549
9179,-0.2529464305627735
80254,-0.2131948448887772
3177,0.2800719159987679
96610,0.2181534561300751
101928307,-2.768793618575677
124626,-2.4241602958758603
100533106,0.8717757587826702
11035,0.2849095828217626
85359,-0.2970137624387005
167359,-0.928753577913364
100630918,-0.7627234478519148
102724097,3.661772173860719
10067,0.1817590659643631
101927730,3.661772173860719
3018,3.661772173860719
680,3.661772173860719
102723743,0.9432421128060752
79086,-0.1738991605649629
79168,-3.851141559511072
79159,-0.2588659608715011
26150,-3.2463846332370143
9552,0.1561634488072651
10451,0.2935753134812922
23769,0.6962945506115609
5580,0.2015624634036996
339976,3.179710474238294
387841,0.7698301823748018
150383,-0.3181954465417298
151742,-0.3895800918802751
101927795,1.8676164800140396
9542,1.2974900868783052
1564,0.5977287931004767
54847,0.9946937451665506
54820,0.212428638926504
11224,-0.1545982946236105
101927953,3.696319379837831
6815,-0.2320285760365365
64764,0.1924852602760818
347088,1.182972930903454
128553,-0.5655545485833955
57620,-0.200845043180723
55604,-0.1932572947959277
1769,1.8862414438733928
105375620,1.2059841658745505
26257,3.1665612547525384
55330,-0.243653994936708
101928747,-1.108249038982258
9403,0.1812158361661768
103752584,1.4874898860606298
105377310,1.14018563314488
9753,-0.2287313420034459
6296,0.8622966674714592
7692,0.1757747292323714
1871,-0.1671034405437098
100128560,1.765580345565984
100652772,0.3676041204281234
401024,-0.5200079726146448
1501,1.3495205572279116
2694,3.6838618130875735
3013,3.6838618130875735
102723332,2.14034110370338
10458,-0.2622883476664826
5692,-0.1515051899222678
5918,1.015517263868474
9946,-0.2040078916431801
122830,0.2245568177631426
101927541,1.7702812842228652
10317,2.3960485401931835
654322,-1.5027895934383275
4147,-0.4521925091653717
199990,-0.1936449082556807
79970,0.2232079953107263
55739,0.1824754778797561
56659,1.9744672126425973
692076,3.709134435208587
79869,0.152930537611557
3486,-0.2917805720370491
57097,-0.3018665278588927
5140,-0.945610378160606
406983,1.9498426841041905
9448,0.1573655229939774
2125,0.611077485433165
5718,0.1864368058331297
340654,1.7606759252054456
116064,-0.2624277761198521
1378,-2.48626538730194
6157,0.1565616980881302
90990,0.2143566566693731
645958,0.383067530825071
157693,-0.6735710647120896
84727,0.2738767840015091
56133,-0.7764540242379795
643339,3.668019256282076
389015,3.668019256282076
105377132,3.668019256282076
342908,0.3177312209481967
619498,-1.1494502110919835
1829,0.1444295103953886
7247,-0.1972846125768419
163154,-0.6974659683970262
222487,3.664714421879704
84236,0.149600892810548
128229,-0.6262610347015017
79898,0.2795481353719745
91452,-0.1762510116512416
401303,0.6064021919493678
11226,-0.1831424528260083
392862,1.0147785762564003
347862,-0.2276236654469046
2162,2.7276262485872644
23154,-0.1681244538236863
400946,1.3560000985337846
3484,3.1532669041650285
401944,-0.8046826302760032
4900,-1.700816202139691
105377866,1.115499294149764
8773,0.1672309480312276
374986,0.2116633398780108
101927495,3.655165850482504
7813,-0.1919984749184842
26065,0.1711585141217876
115290,-0.2513409067105862
54149,-0.2778443943608949
2330,-0.6706857845945344
9046,-1.3774785351329126
25946,0.2447442097623086
100129196,0.5126426347000866
54801,0.2542783306143503
7471,3.204357132113303
56946,0.1778694604756342
1855,0.2179281315812912
57000,-0.4973477755063255
100130887,1.6507387775430975
2147,1.849417865816516
27120,-2.0279759718070336
79872,0.1884671615761328
653604,3.6741918250239416
80115,0.4591375006945936
84529,-0.2161151978070955
201161,-0.3960786770303202
79598,0.2452794144028053
29916,0.1988835893523945
4088,-0.2068107257887355
7597,0.2345440201143628
1775,0.8611691672204332
5925,0.2108660866717259
100505876,-0.2113261839539124
79036,0.1595412068725941
100534612,-3.246839125394405
6773,-0.1403122873698297
10094,0.1563626478741374
1258,0.5684855866873972
4504,2.3176849284166763
153684,-0.9846424728117028
54438,-0.1813428974521117
105370548,0.9110736224483594
3398,-0.5505163548699876
7772,0.2086238669805263
3787,-0.4493356261529019
9644,-0.192811937105726
100506046,-1.136040514492802
11162,-0.571875780550533
284339,-1.7913791468969762
167127,-2.4093109807482875
6598,-0.1976351525000941
729678,0.2736001142602947
81839,-0.1509412755196553
10219,-1.3506213408455572
80790,0.212143646951579
9765,0.2073833631135493
85389,0.7312866494303154
105373099,2.6203013444407466
23466,0.1891542253689772
9153,-2.2964635998662404
27246,0.2135405001843617
10089,1.931037060221604
79692,0.3759893524450119
26009,-0.1840618969123108
8936,-0.1675724951649602
169436,0.9367725622041484
643677,0.9082256021980016
54458,-0.1744071932728903
996,-0.1992418385149657
100507171,-0.3383944034888728
199870,-0.254687179577546
101928182,3.875188581633617
63951,0.4481095345892013
339290,-0.1764965296531165
140459,-0.1989840955532632
84945,-0.222043808103937
641367,-1.6924350177930778
284958,1.0924379787144818
6671,0.3655034412093489
92806,0.2019482072457637
100874078,-2.057489255530052
29941,-0.4565438715415014
4212,0.2961597287462088
26291,3.19107382568296
402055,-0.2454680624224393
283174,1.324055324266664
51091,0.2313874154094122
340811,3.155111076724573
284581,-0.2633848166999699
503569,-0.5326673829014574
6881,-0.2449373459778545
126119,0.2307844256945747
105369889,0.7551054083974481
150197,1.1069701031457662
33,-1.2748767039822368
81794,-1.2770656875698798
8637,1.445751898640067
100287314,-0.3622905491008564
170371,-3.3949990319070573
26220,-0.5586458740828639
348793,0.2283189136613517
51104,0.2145788755005675
83744,0.3200626972136333
114614,-1.1835825508223796
692204,-2.0832879480447257
5026,-0.6590566049131316
283849,-1.064114460142837
238,1.51190632547997
85366,-3.390330476983623
100874241,-2.742430509702579
146177,1.615480066681089
100499183,1.6453359380590449
54870,0.1521638776468616
5926,0.198806100463436
6334,0.2616942611333218
10683,-0.8268792202879618
23161,0.1949933072450407
138649,0.6272956057363366
399815,-0.4408187213921274
100506302,0.4647565574734172
79020,-0.1957726041093942
10179,0.2324976881938826
51755,-0.1317207461711736
152559,0.2516843180526026
60592,-0.2398699251699655
6676,0.3398266233154919
116412,0.4747469519216004
441282,1.7672805155504228
102723704,1.4051233764173243
100505692,-0.9979249140449732
8289,0.1557137213387861
80153,0.1630284562257639
57466,-0.1547616542665829
101927435,1.319114649399013
197320,-0.2271378431375073
149773,-0.9999609456317708
63916,0.143489639766655
5127,0.1449038143463205
53942,2.335592794898645
7596,-0.2247278781491126
90853,0.2384422956673596
92181,-0.2113112706566594
4719,-0.1365374582444352
5711,-0.1494150960090757
101927402,1.3609186724137317
1488,-0.1359291980896722
645212,0.342636262763591
1471,-0.1898221510938594
171023,-0.1428399003719144
53342,-0.8583767741834468
55697,0.1847508812057316
54810,-0.8168591257751081
55718,0.1484376998942685
140564,0.7802576593666637
56848,-0.2610077538070705
4204,0.162783938086214
80852,-0.6913845042640898
54033,1.0653490675745292
338069,1.3258485064188286
10587,-0.2548610832515373
23539,0.7266164442477079
7701,0.1639328442160061
151649,0.6055684275054921
5274,-0.3020421384312186
36,-0.2589888048983427
29992,0.662011288254205
7919,-1.2221356393098624
101927151,0.2656720332494175
374955,2.337728197418249
27347,0.1517588834774393
8216,-0.1723559708077525
5473,-0.5754167099491209
338758,0.8373108274102732
55567,1.1291725142888318
6203,-0.1254633533854105
1311,-1.7772569815310788
80273,-0.1628469900306993
5743,-0.1768650275561042
11131,2.235663198854373
200420,1.5649204889743924
100130967,2.062862843141528
9829,0.2839756088003258
89941,-0.1748504140021064
389856,-0.3139944527616584
339929,-2.306378946845204
100131060,2.23241176130035
56137,-0.795468576366438
9019,-0.1392376110814035
554279,3.03929135832698
9024,0.8470070980803635
9334,0.1568446508316583
23519,-3.6227920020888176
677794,-3.6227920020888176
399947,-0.8864504409133288
100506697,-2.6263025385111445
1109,1.8178220817670487
100131733,-2.302252836108857
66000,-1.276564090971236
165829,-0.5021928919949479
92170,-0.214124691376401
8666,0.1648042216067627
113278,0.3282395978562979
23731,-0.1540675476889935
6209,-0.2297237304492911
151011,0.1571178849753464
25865,-0.1973027168252968
339240,-2.313716030575711
144715,-0.799400941444413
100289341,-0.9453546317599982
100861554,3.0511869754251
285954,-1.2310402186036848
55328,-0.2581876676381435
644242,1.510503994482976
9183,0.2114108740022445
85390,0.6640454314372792
103611081,0.2161545581494776
92196,-2.180810029176015
159090,-0.2015518779491004
56928,0.2015459917757569
778,1.8267646698891629
400236,-0.8675708363589736
648809,2.0530952437756373
255193,-2.0980713997789406
9937,0.2124460753260878
150472,-0.2925602642450284
440836,-0.3438204193068353
4125,-0.1610625383073073
91947,0.2025857647974781
4580,-0.2237405309463516
100506668,-0.2798123482005171
100419868,3.0369616032984537
200523,1.9572191187314687
84267,0.242204048992256
353324,3.0369620497407404
284459,0.1762698397635499
101928722,3.046468618122629
2893,2.3254793712528663
9330,0.1697106287989809
1642,-0.1329722668517932
5190,0.1898235310405511
102723510,0.957151284232917
285282,0.1965358538905892
79740,-2.277279529404188
6601,-0.1411013438773631
130,-0.6977234475122844
126068,-0.2180643906368849
389741,0.8655106679247452
221718,-0.6813314314646836
283981,0.4921734404279247
116138,-0.180822319606968
79768,0.1932180790265468
7554,-0.2273323411809501
388906,-1.106634501431369
100507650,-0.6318698547498992
780853,-1.8278464725675256
1856,-0.16402509189407
100507463,-0.7524006167997935
83851,-2.652538266514384
374650,0.5555341317087107
55193,0.15061637573148
90523,2.0387235325810877
642938,1.0147739010432042
29121,0.359652744678679
6233,-0.1628567950153361
51022,0.2989093295414242
147746,1.763798146339429
94059,-0.3453742292963442
439996,-3.626505265744585
53826,-3.626505265744585
84279,-0.3610243546329997
101927155,-1.327426153861367
64800,0.4931890357657041
4992,0.8019856262627262
58473,1.994586065177816
401115,-0.4103271481544557
57721,-0.1730776691890503
79861,-0.7568473296236875
26234,0.1375853658178706
11068,0.2585462407213873
57291,0.201276387759759
100302401,-0.7301876256743366
6354,-3.622114807594935
6206,0.1350653142039866
10295,-0.2615776012882101
22803,-0.1365863655087669
389932,-3.619072858563905
100507472,1.734952580596364
91807,-1.6423775288619606
644249,-3.618393308074439
492,-3.618393308074439
3717,0.2332561005508361
1571,0.6671845608248874
494514,-0.8205892008851317
644165,2.611102061123173
23743,0.8875803205646366
10180,-0.1366466581120634
51714,0.1442614545821167
152195,0.4397620882215842
9788,0.5524770996521664
80161,-0.3699084019575184
101927476,-3.0779281490970267
137797,1.3661589077515013
388567,-0.218532242857498
728215,-3.07484698389093
6480,-0.1701292943451363
728113,-0.2820443092574142
2046,-1.5410812184028204
105376779,-0.8794674010495216
10910,0.1867109846539939
100874185,3.494128471477499
6147,-0.1453184419434443
400706,3.494128471477499
255167,3.494128471477499
54910,0.1967069484035195
10595,2.526317973864095
10045,-0.2137445152661045
145200,1.993338002432334
432369,-0.5193163467327627
64581,-3.07484430175147
56704,-0.2429453010015591
7638,-0.375749743573499
1004,-1.6242979904715318
100652730,1.699735049943982
9559,0.1585397703928049
51208,-1.70163036081406
1813,2.5185886782839333
402778,0.4484559739700725
51450,3.4870024741342345
643036,3.0588026516735383
8355,3.058811650457593
80262,-0.1784321064080716
55015,-0.1927352839229351
102477328,-1.9492612347783755
152992,-0.2170447803322051
5523,-0.1699537837996269
7852,2.626574332723473
6129,-0.1287677870957798
83985,0.1674243032427721
9683,0.1354806124777253
149628,-1.062380501484692
677803,-3.078426624840643
337978,3.4763574484584563
221833,3.4763574484584563
140831,0.3392471844687556
54432,0.1621092962882684
9757,0.1713612785377696
5686,0.1539027633577502
375607,1.3646498069905544
63929,0.1743963377535632
9092,0.1656002543580187
55687,-0.1819234010678652
5253,0.1610487163803141
8635,-0.263965308194818
259308,1.4052101970544744
64428,0.201281203094835
126006,1.691683607671149
129685,0.1767900434080436
7126,-0.2018040229964188
26776,-1.2976805348183398
693199,0.718556670950827
643401,-1.019509179365409
375323,3.0125995337035807
1582,2.3428736591155115
5546,-0.1538813535508574
80196,0.163638866792716
84894,-1.4613182196894838
285596,3.01259057053037
22905,0.2191219927477604
64969,-0.1492724744745654
91948,-0.7264747937690805
51114,0.1516308909598096
9317,0.2641711180160301
10869,-0.1491848034810557
1728,-0.2765665891029891
101926889,1.8219451627988448
10765,0.1246466500682907
102724782,1.1101459701055392
729668,1.7934781350583897
57153,-0.2201557732602124
10345,3.5121816233264136
200933,0.1756441141340764
326,-3.625878626172124
283554,1.2816228620423864
285768,-1.43412731874689
10929,-0.1714702049930243
653333,-1.9941508786695896
64072,1.190624370050848
9064,-0.3002234942123841
60481,0.1926696864840132
401612,-1.3341291336251142
84680,0.2063564581357213
642559,1.539452096726102
374407,1.1877728360729158
8664,-0.1238352061121828
1936,0.1405421397053859
100507266,-0.5043438509848895
6744,0.1224562451183096
5790,0.946944156917982
10845,-0.1411619474715898
91392,-0.2326427517568222
728489,-0.372760811337782
9831,0.1525245637877342
27133,-3.081127047341856
101928193,2.525503300702956
100506469,-0.2479096338684958
84614,-0.3461749188693338
92400,0.1575141190948428
388550,3.0148615207669542
9040,0.1487834235316536
25894,-0.1903250599264065
161779,-0.3560186958926085
8525,-0.1890757007806127
79857,-3.074334148112623
728739,3.5015196062743903
7386,-0.1502092567995781
284578,3.483529653329332
3127,-3.614532722533893
677822,-0.5454716326625968
341568,3.4978020843173683
101927565,3.4978020843173683
10886,3.4978020843173683
26248,3.4978020843173683
9526,0.1705391901240106
692195,-1.14344180326076
53345,-1.0002361783256273
152404,-0.8377273629147882
100294145,-0.2480807798559908
221960,0.3189651454867396
1583,-0.992355797156614
101927249,-3.071654089145925
55515,1.9200262841396296
8455,-0.1227508645571458
85004,-2.642338802881466
196549,1.8075681235118477
7584,0.2212412731503661
3108,-0.457619683501723
168507,0.6136542356477538
50717,0.1247915263288761
6083,-0.8901580773505835
105369195,0.3431630990353838
815,2.1274401253566206
100852410,-1.792754034869399
7913,-0.2552144428482162
650226,3.468990049303052
100132403,1.513067537762286
100874159,-3.852429271153977
9810,0.1463047448460009
266743,-3.852131134015768
79651,-0.2574054091784114
51112,0.1842356608875579
101928491,1.2345316283121257
4694,0.1580604754914668
6775,0.341733231642858
653602,0.4043765461467041
100652988,-1.8720459806348848
102465539,3.4797771981675094
56109,-0.7142725840532864
8928,1.391296680256036
79979,-0.1964407395079845
432,0.8807911235906336
11093,-0.2581200596103608
100132406,0.2576786914222995
56154,-1.3856188164416503
29940,0.1269127061009184
440184,-3.236819469455524
8440,0.1655552778922481
79037,0.4429562607829569
25928,-3.077014319346885
441239,0.9047340364680616
100506124,0.480261341634914
1176,0.1697296828069682
9094,0.2128716913002916
642799,0.9007071810371378
92745,-0.1776303289680904
23461,0.2386237105177969
729092,0.4591699782964622
84861,0.211681216568084
57534,-0.183125477542751
102465446,1.6916334475055246
1740,-0.8363992508805635
440307,0.9077452525495332
100379224,0.5582891057878114
4923,0.5682770701307145
51390,0.1368216820730457
57701,0.1775605513035473
10434,0.1426886904630041
9027,2.146215340651609
6774,0.1539137510877852
9240,0.1557834460405478
5573,-0.1394179533349629
286887,0.5604398069795591
140735,0.143543292390269
51027,0.2797949590109461
23151,0.1873202321094101
105369209,2.606334239693556
7317,-0.1508976767517461
387849,-0.6121989117515685
100996634,1.0063893653412097
7743,-0.1769023694816916
54979,0.4415097066585373
5713,0.147094503115214
221400,0.5939938237416175
100505942,-1.6272548994191254
51528,0.1643205609822428
730101,-0.5226446983480109
8672,-0.1200836736968579
83539,-2.865652817646317
55798,-0.210512172535667
29980,0.2014631491075466
285267,0.2655686259348613
4210,2.596066618452324
284040,3.457993860551841
5193,0.2446333271679253
101929692,3.457993860551841
3625,1.896293236650853
43847,1.2635719572514938
253982,-0.2805031604391749
65065,0.1774619951309002
6908,-0.1721012140425128
125170,0.2033184789128799
892,0.184495997645529
60314,0.1831062060526589
26499,0.1731319255265845
653489,0.8781436070676996
51129,-0.9009646686791926
23013,0.1263959069964318
23239,0.1803073662112617
1489,-0.3165323081580771
54998,-0.1844520033591952
677844,-2.6086614848490863
283038,-1.6156500164124303
83650,2.519404290623839
55267,-1.798555229492404
25932,-0.1849142735458631
8344,2.5248247690461985
28971,-0.2569219959422897
4772,0.2692924918430529
154807,0.1817448248610549
101929710,-1.0948516900686052
646626,1.5271616419337344
89758,2.1434793679298467
55846,-0.2139391589774185
54491,0.3713681041944198
5601,-0.1569603457377774
8453,-0.1410109214258185
100133205,-0.834554620277039
285830,0.4505307003640301
3032,0.1369545737160123
728498,-1.307889650693067
3674,1.7386388738537095
83463,0.3153787899322932
54619,0.1859622144182685
645206,1.7398160007294066
100506881,0.376177880780834
100507373,0.3868275990001944
55167,0.1997589370594623
51406,0.1567809785551411
5529,0.1583090913561997
7225,-0.769779915119607
100113381,-1.033930811466852
100422894,-0.8543921195231812
8710,0.2443708825273991
1653,-0.1429592455690581
255031,1.279274938245218
339593,-2.2022993901274712
1230,-2.291188164629555
27183,-0.1495354069301318
147409,0.8333357027613313
53844,-0.6305432439985811
151903,-0.1885407418958022
54440,1.6914580882751222
10663,1.23309466877811
81790,0.159512286069898
80149,-0.2740628071917698
343990,-0.3709067112866358
102724965,2.126733884727153
126299,-0.2162239473642991
1687,0.142258253300917
1652,-2.087308771501923
220972,0.1699194306447587
152816,-0.974847321426582
9057,-0.1378162679817649
29993,1.4580815429583756
440585,0.5159827737519221
158405,0.3147503760505902
56851,0.1486974710496707
7430,0.1638801702301726
116071,-0.6680991257481216
25789,1.5321881135831317
60529,1.3661974503392091
205327,-0.1981847495437637
6571,0.2805598409716545
55325,0.1761419915809944
10127,0.1646105704156342
58486,-0.1863979102174862
7574,0.2307955867714377
4277,0.2411779774411497
27165,-0.4661497697367227
55056,-0.3321688063819041
388722,-0.5978025488968861
9704,-0.159161401772706
93655,2.8996119923501404
1915,0.1197776977428572
64943,0.1505950812808093
57613,-0.2495553302318599
89872,-1.2096623004752625
1,0.4318564777445101
79718,0.1914193040253753
283487,-0.5738111548583039
387032,-0.2457926232213144
284702,0.3055170310897445
85453,0.1692318907724691
6175,0.1295148062037028
4878,1.0783721761113827
148898,0.5129568019860482
10406,1.3590752565660376
55783,0.1644293086737289
9777,0.1323556746528003
399948,-2.514809993394987
27238,0.1818243753995813
253980,0.2104899314061641
102466759,2.5071641261733
40,-3.079809462165039
55251,-0.1647644974713476
8841,-0.1522962305193325
101928865,-1.1852947987095814
2186,0.1346446248894839
2005,0.2205027629265764
285489,0.393057140617092
55188,-0.1837570208998504
54555,-0.1590747642565495
100652853,0.9231649827075088
101752399,-0.1840893814245084
101954273,2.878633092561192
26799,-1.012686878855494
197,-1.496423018904885
1015,1.9078265001436736
101929541,2.905096222896688
127841,2.873344041970028
100506795,-1.0827276210681558
113746,2.873343105059871
100506412,2.873343105059871
388115,0.2250486978427037
2324,2.873344041970028
8364,2.873343105059871
100134368,2.8733379923690388
9107,0.1715477579340812
57118,0.3309062079488957
2353,-0.7571714908553868
400709,1.1235466719671074
131909,-0.9113684317886064
8324,-0.2837635402096266
7567,0.3382444266022385
101928646,1.9269157367153156
8622,0.3498713585480237
10308,0.2495015180257757
407050,2.0424046265464804
51122,-0.1749215375477241
54556,0.2732286413445019
9063,-0.1901699087670781
256586,-0.3977701562658219
8837,0.1489798015124631
5662,0.5555661373668574
80235,0.2470819089114636
9616,0.1551905811719165
282566,-2.192409807228791
64327,-0.1525063502720815
8348,2.4037660719891294
220929,0.3079539137180753
100505648,0.370211475872864
3765,0.953963423101417
105378283,3.44639344674223
23451,0.1364928286414703
5959,0.9806761696365976
10424,0.1616059232582111
4201,0.1577279971441251
102723422,1.1103356628146188
79609,-0.2269548729178497
4141,0.1283990174947183
947,2.0551726773895327
751071,-0.3935976947342076
105372489,1.0781586647340689
146705,0.1767142369737454
147837,0.2489664288746143
101927612,0.5070899404608632
441389,0.5866868314252351
26167,-1.2394153023216476
83856,0.3158962806653645
6777,-0.14819912957555
130132,-0.830097351117451
100874068,2.1420422728089834
339448,0.176788832555108
84950,-0.153128676744728
91775,-0.1915291574851799
101928370,-1.2768082087516663
6176,0.1366374779043009
56102,-0.8452927344755743
100874255,-1.9834126505677745
728577,0.8129277709444543
100288805,2.128972175631377
26054,-0.1717269284275251
102466192,2.865203080347952
23384,0.1581323581717163
7326,-0.1325669958462842
10533,-0.1467963655259703
10780,-0.2233715109757354
118881,-0.2858454806446194
9416,-0.1442438910820793
101928794,0.8535446538912563
129787,-0.1813957817126836
8620,0.4920644175286773
128025,1.5592827555172042
55322,0.1705512011053465
100506622,1.149029983170366
80110,-0.1967179311471779
740,0.1669093830921124
115817,0.2399022942780272
100310846,0.4933285471811071
197407,0.2403329591850673
2034,-0.1253687210203166
79982,-0.2150320619344014
10265,-0.2628414678614355
91942,-0.2058150905676314
374291,-0.2028704580097601
692063,-0.6551897643227669
386597,-0.4449030824630162
101927688,-1.8801443845888737
58529,-1.7661985975059322
10224,-0.3914881868511199
693216,0.6499900816799827
23410,-0.1749061021817332
55833,-0.1393707664432719
101927686,-0.4966734851972147
51762,0.1882810929821706
102723780,1.1102710638495183
9671,-2.492614794399301
57666,-0.1587689034902658
5567,-0.2179794480374141
5991,0.2974103158361024
164656,0.9999225855613972
100507582,0.733422583487398
6872,-0.1373352042255455
84808,0.3072712459351311
55629,0.1554898268770993
10021,-1.9980149727472776
6547,-1.4907002642217488
400604,1.1989704253413378
401237,0.7092772828647053
57699,1.8919208407215489
677808,-1.9638317357322264
1777,0.1535506109786835
25940,-0.1276770650631916
105370939,1.8244423659630664
6271,0.6205076709358608
121268,0.4811996574846782
105372417,0.8421765258446502
83941,0.1969788072340966
100128553,1.0147283834381944
5906,0.1446912466207829
100286844,0.8573159288803628
388697,0.4888970357253927
199699,2.875723452119388
27345,0.29715688064329
55066,-0.1470668893574844
103689912,-1.3246767741262582
50814,0.1714300059394113
55507,0.5687762331054069
339344,0.2596172203910183
399668,0.34646229646911
100133161,0.8119685141576449
83643,-0.920711851654483
79671,0.2285660903874682
101928602,-1.8757597393211825
222229,-0.1978514353505426
449520,2.870391203986301
283422,1.459499820255758
100422859,2.870390190810419
677793,-2.533654675563568
54344,0.2516090876396501
6535,0.2573194199166096
80342,-0.224313768655717
79719,0.1494053393755146
728858,1.478032514772475
51586,-0.1936177225172287
63908,0.1824434298584839
56062,-2.166382994606809
390072,-1.8722245889139344
60678,-0.2096950202890367
342346,1.8118536908318248
56920,-2.1344962448546654
644128,-0.2261832018086685
79575,0.2109501888782006
170960,0.1846237527276894
5689,-0.1249583233344827
54465,-0.2156749303731814
2584,-0.2945001598305157
22950,0.1680591386827963
102465428,2.859460710507692
91801,-0.2345526389382928
51130,0.6380256422169609
341947,2.506486622246756
104326055,1.418544124452454
100049716,0.3438974819634794
285,-1.5449514256986794
23673,-0.1362901099154759
100093631,-0.2569567060883269
5780,-0.1455969367834009
3914,0.1991082601036455
284930,1.0199907237488324
693220,0.721279127203831
728448,0.2472419414018781
8192,-0.1799014378045089
9488,-0.2062670507540145
5051,0.1574405149219447
25962,0.1248801225811285
100873990,2.8837891050708
378832,-3.630711886287745
11332,-0.193875738064058
5549,-1.90690268432651
105373090,0.5590799107240465
728378,-2.6458797922890205
774,1.122645789739691
149775,-1.0191120747838385
144983,-0.2501523589452668
150678,-0.2049308966538243
26782,-1.0214770608845145
54795,-0.2401084210620871
353132,0.9614168511729096
100507500,-0.6929315155580068
100652759,-2.054486172705605
6373,-1.0982136454435565
55288,0.1761264543074525
79886,0.2126197509037023
8824,-0.230958728174751
8636,0.2028269824701536
26820,-1.0861563481642889
256933,0.7565156702363641
138050,0.1220538212669318
93380,0.1531276766006342
548644,0.3982231641420899
338739,-3.067964875622487
56131,2.038399933506082
55298,0.1452691266003484
4081,-3.62134685882024
101929748,1.8104457194009125
441374,2.4898454682040163
26146,-0.1720682746201736
134549,0.2709793345577065
9949,0.1680920805022675
55510,0.4504302452250741
5924,0.4554972750623589
101928268,-2.055913263496202
65988,-0.2235124480926182
1849,0.227040952892839
285386,-0.3341211503834344
205,-0.1664556116191936
27035,-1.1414772928013042
79684,0.2104182465476892
2797,1.149086868790876
51706,-0.213147486218344
84787,0.2362385174441135
677815,-3.6148433304864658
140686,0.8071536140971606
56163,-0.5635928928133392
84222,-0.6613514084566247
22870,0.1469180227887102
142913,1.5487697833147769
100128531,-0.9537337975962096
80036,-1.0149820630349136
644192,-0.6298546452514335
8021,-0.1422485385321645
27153,0.1743658062952477
1951,-0.2248714853209724
8644,0.3719123229587629
286190,2.414046879391173
375743,0.2146543877469562
100616346,-3.085473177751169
56978,0.2666085330852543
10,-2.8806510705237884
200159,1.6530162902670855
388677,0.5938766960020474
402665,0.822074849396495
283726,-0.5241470090812123
8536,0.3162173470295765
54464,0.1821286222489177
7357,0.1511783910948454
54878,0.1354736633725409
9230,0.1906073277658748
3953,0.2360137550155324
340152,0.9682954483475844
2100,0.5346223504052653
7703,-0.2389090012218512
285190,1.2483367654815567
6094,-0.4827021539139294
256309,0.9179446341296628
8029,0.3911595935536094
6602,-0.1243526576712564
375346,0.14218008218136
101927919,-1.8973696282431376
101101772,-2.885316860345958
102724784,-2.887242608584652
221092,-0.1238180145034502
121278,3.263443467723236
100510707,3.263443467723236
100130274,3.263443467723236
408186,-2.888353022069281
55184,0.25581376697941
286101,-0.1522358748220289
399512,-0.4206075204792877
51119,-0.134509137353317
102724593,-2.885321944655776
9126,-0.1526026366993925
10863,-0.990134400092488
389941,-2.8836626572312394
4296,0.1933580792737994
284085,2.030109334682488
919,2.1246503599836317
9320,0.1080019415741636
143630,0.7954066461795344
1768,-0.7750431275503284
51347,0.1360182329703024
51507,-0.1253939421495462
100506627,1.8097519742875687
389791,1.8931447806160075
441263,0.4895645254350894
9337,-0.1232678715186962
64218,-0.2930061507832158
353355,0.6662964457327415
393,-0.6461317799895256
363,-1.5234270833422638
677829,-3.362974018122508
101929577,1.671713463119696
474343,-0.4312045236107389
55024,-0.913403423353918
7675,-0.1712161606753852
23632,-0.7380156398521979
100144604,3.2842291288699355
647323,3.2842291288699355
3049,-1.3352819955399162
340745,-3.358550796493735
1234,-3.358550796493735
100144602,-3.358550796493735
357,-0.1698938325605267
6121,-3.357742674399703
5822,-3.357742674399703
53820,-1.7784195317610938
8797,-0.1737717658012538
2282,-1.3356461023454806
103752586,2.394765474070012
51441,-0.1447472198845239
79027,0.1609510223554567
100289092,-0.976801138561183
2171,-0.2310686628073785
57591,-0.1391966086064292
105374091,1.0955262888004955
154075,-1.326253677552049
23436,3.275906347769061
120400,3.275906347769061
145249,-1.883429308636437
401103,3.275906347769061
104266958,-1.2469329043805086
9220,0.7820220366130852
200931,0.5902982325545287
151242,0.3748740721109857
27097,-0.1433559317236669
645166,-0.5939696776529959
4355,-0.3082796029007304
1266,-0.1724905812351635
6871,-0.1988633946969441
3206,0.3333281341970903
104355295,-0.6901152887712186
100126333,3.271850304277132
100129223,0.9423235613248316
345275,3.271850304277132
157556,3.271850304277132
5819,0.1754742556288966
3094,-0.1208251620014917
23314,0.1975602719819679
7690,-0.1469554756044495
60626,-0.1435805992033276
8858,2.41089912087144
5308,-0.1918526194268355
643224,-0.374052867552606
79959,-0.1976758021081821
55879,1.753610645431564
56138,-0.6617419605807688
23150,0.1439188578334371
54848,1.5467175809755271
58498,-0.4250496094417043
51741,-0.3500368781662255
5430,-0.1717115607972367
654342,0.2438327139011727
642517,0.2403280142468875
572,0.1976767856404147
199720,0.7094698779447233
84329,-0.4515185385948131
26226,0.8425477569512144
100359394,-1.895126454017181
84546,-0.4681343931145858
5175,-1.0738635183585532
83882,-0.5585914480319609
4897,0.1460998799100141
105376917,3.472135256713428
100874326,3.472135256713428
4295,3.472135256713428
6877,0.283714322658856
2054,-0.1559170191918478
84623,-2.0646942053088035
5675,-2.471150200893074
503693,-1.0931325104718737
51068,-0.1376773983427237
256227,-0.3982992915583544
1981,-0.1192207104298151
2972,-0.1983413812181109
25957,0.1202413745374603
84905,-0.3207003714967752
1946,-0.2244982028644007
646019,3.255045122969835
100189157,3.255045122969835
3009,3.255045122969835
101928718,-2.363403391933586
285593,2.0242887650282726
155368,0.3890180876755901
105373382,-3.363825031160451
643355,1.815167431803749
400508,0.7802939054161879
157739,1.3385221225845034
4179,-0.1194008309040616
388182,1.1019924622753432
693158,-3.3621952458544966
100189177,-3.3621952458544966
3208,2.2909723342972512
406984,2.027298922453136
64430,-0.1369181722023859
115825,0.1463803662463396
27288,3.2509388889545163
80831,3.2509388889545163
1770,-0.6351479145211681
5510,-0.1442470069414502
358,-0.6926626615550492
27243,0.1392099502888186
101928607,2.724352556601037
83447,2.724352556601037
101928009,2.7243534800764597
100505841,2.7243534800764597
653238,-2.0709545803790426
27343,0.1544190554151674
5528,-0.1389311404475708
105373982,2.2718758049952017
55244,-0.4291220753285709
84684,2.2835242979401325
246181,0.8875363288342009
116238,-0.257027244050527
64420,0.2550524121918705
6457,-0.7569263522317706
254065,-0.1685478393437575
64859,-0.1931472964437839
4350,0.15649309999476
91522,-1.1368109843315108
100996583,3.242454225298556
91663,-0.1609883014187904
55257,-0.1477166692533026
103752587,-1.328138793188287
100505746,-1.326528315075606
632,2.715598722179705
84159,-0.1507359756354016
101928363,2.112505732592423
100302261,2.715598722179705
286187,2.715598722179705
641467,-0.7228802061351522
56105,-0.3110769873808003
100288798,0.3176820068834565
125875,0.9926783200512178
163479,1.5605436496561165
116113,0.1862222318539855
7166,-0.6231741167652827
81492,2.715599563238825
341676,0.6105668013511395
26099,-0.1235331097289662
389376,2.730311448719738
10824,2.7303128902261733
22973,0.9717418757917656
285613,0.2961598230320346
5934,-0.1411425608840003
3821,1.3467330148596135
326343,2.432449866321696
7171,-0.1197864677742038
53353,0.5615598558076773
631,-0.2668270733521345
3850,-0.5808585227206521
1427,-0.4731656410738673
100133941,0.1615562017657857
100996485,0.2094714950271315
389840,1.928090015226428
11236,0.1388166424998889
84957,-0.2217660245898181
2301,2.7097203030160406
100130933,-0.9464536780699166
102724552,2.056336244276161
105371592,-0.9845718558136328
79006,-0.2633425163868299
9968,-0.153918997547674
2357,1.5632716230416637
8329,1.485795386998531
2914,1.1737713638015048
105371419,2.302618793919044
93035,2.923496281018468
140680,-0.2189965494376659
6921,0.1407774673890668
2847,-1.1895337406132922
100101440,-2.8743275754365967
100505875,-0.9673575567890365
85477,1.340600587572211
553115,-0.1328598846257157
100272147,-0.2672709758230732
345643,1.5875314266915204
257169,-1.0336562042095712
2052,0.2067338334531477
643853,0.2635741420271601
55911,-1.2458575658013908
9015,0.2560919332392436
101928870,-1.908456466380898
54943,-0.4693920620595549
51330,-0.1497040716073005
65110,-0.1457257429612784
101927572,-1.8799823053332445
389170,0.7629360960539225
100887750,0.2259198178175642
8697,-0.1418674011859496
10015,0.1044495509313869
7881,-0.3772137368165232
2551,0.2101239480628707
54714,2.275246003464783
132241,0.279061533410803
285382,-1.013123032312404
78989,2.274387642625003
100288974,-1.2312061402645431
283403,3.2676201108076475
257629,3.2676201108076475
339302,3.2676201108076475
78986,3.2676201108076475
163747,2.2899863383314853
5774,0.1295283736485532
51704,1.4036711929535843
54850,0.1653286597483882
7134,1.7999384270531418
100129396,-1.8652395794114904
153129,0.1678174378711456
54059,0.1867590336032711
6902,-0.1542930531635402
117144,-1.3401541140510858
101927597,0.406251852813472
10632,-0.1283491127018369
10693,-0.3689041974384762
8925,-0.1114471114719257
6781,-0.5745253123165511
150290,0.2309984318677766
374864,1.355723515579763
54900,-1.661921456293099
154822,-0.9421404870933896
27189,1.741028914689129
80862,0.4354462309525942
441250,0.5742287597927462
5684,-0.1501885787796057
150763,-0.566646816059269
50940,-1.7738044679301277
117154,-1.420589713679174
23768,0.2121083405628008
145773,-0.975046291892693
8576,0.1448917376672607
730183,0.6631302076678279
6007,1.285455212782954
56129,-1.4027874001599157
100335030,-1.6141989940150367
90594,0.3274623791876413
388152,1.121206530540529
23541,-0.4652224281293421
51004,-0.1898464431770287
10540,0.1213686600170097
100272217,0.894204310168727
286122,-1.182861028238534
406976,2.745658941898888
23520,-2.35794726744326
64005,1.678990142658859
100507607,1.9444051769363104
400997,2.2646705523586457
101927901,2.3013785497547787
55032,-0.1999272515201545
2934,-0.1819704727795623
100506810,-1.7720048740580268
125972,1.5762967394443368
150737,-0.301678094795305
93974,-0.1394919796174274
1559,1.9408052293836275
3497,3.4831747344347237
3707,-0.1909671977670513
151313,-0.3167143617921598
729059,-2.3516724959151203
387646,-0.7430485304103173
58495,0.2820649746441485
11194,0.1661444525417809
644068,-0.388225457094652
54952,0.1627987183660344
400752,1.2397342788642618
101927815,-2.3470659097846536
55692,-0.14229835913709
28513,-1.6547038511239225
84503,-0.2650150434512945
54949,0.1402305087496981
51477,0.1870153198600315
100507099,2.703591071487501
196913,2.703591071487501
79173,0.7354305793687678
26580,0.5256873611090214
102465523,3.2293314811117626
575,0.4904587200997942
100873955,1.9497115725496637
4254,0.4847945018053976
23095,0.1140356565138875
9326,0.1808030919687491
378807,1.9278019919307845
101241892,0.2517882370396253
100652781,1.6597797905687144
2531,0.1237100395250274
203522,-0.1769423331600594
246213,2.8607311464688654
101928489,-0.7149466498455166
6247,1.945661638148068
7264,0.1798151335127983
284406,-0.2321845347676697
654841,-0.5403683695020935
100132815,-0.2886251026588405
56288,0.1321539752823987
55758,0.1846290912323329
5459,1.393216697337445
340602,2.694573814409301
102724175,2.694572032695057
22981,0.1808865159873892
285679,2.6945623093854643
22843,0.4420864173074484
124995,0.1430087419765248
101928063,-0.9462128394723353
145389,-0.2156760928236089
729096,0.2201438406314875
285759,2.712548811943173
100507433,0.4106277130108978
100144603,-0.7796063132983959
100506581,-0.4472560379652374
646915,-2.0501833529905333
25920,-0.1562719071777651
84901,0.1119993357206087
10474,0.1224106186456291
345778,-0.1736446699401059
374786,-0.7616323826132506
256815,-0.7793188508846436
255187,-0.8229205952736716
55362,0.1612285588909358
90835,1.3342859259257116
79154,0.2211957470403092
124056,0.4370281348004085
26777,-1.0331175587065209
83983,0.5730193137961398
105375110,2.3001127991822545
102466755,-1.7775007158250535
55367,-0.1711067302645628
1350,-0.1067222980411249
22911,-0.1608846337495093
29781,-0.1521959290127682
360205,-2.0805486257414585
1816,2.2938902644762718
101805488,-1.7736174951129269
23293,0.1178521580663466
79843,2.2919754465672555
5687,-0.1146494696458851
83694,0.4696719501665812
100271927,1.6067237334892757
401546,0.9419705412348098
10861,-0.3799475301860069
51196,-0.4555648836643
55777,-0.1510109453915039
692073,-1.1044166832594595
100506757,1.0926963155629486
53947,0.2240192143099195
55647,-0.2535387167363045
401106,-2.343658126735095
101927862,-2.344669447065493
79029,-0.1807914441829092
752014,0.3190007393683449
23269,-0.1437894317152164
54456,0.6772846470787177
102465478,-1.7618696641226328
101927811,1.0964170564228115
7696,0.3273349330287213
646278,0.658095350903549
113251,-0.1691625284081976
128977,0.1909491626588382
51290,-0.1358308243962088
283875,1.2776744537439837
23766,2.2657575567035204
9344,-0.1500684607625224
7693,0.1399885000464065
60412,-0.1153602340617683
158960,0.7407599432649594
403312,2.752497362402476
124923,0.2048783797881413
79145,-0.1661704392220337
55173,-0.1171870207473489
663,0.1327301230449858
57502,-1.76137774861326
3957,-1.0379716416440432
92370,0.2053073371623788
105378559,-1.7607954492681503
8857,0.7898863693712679
692223,-0.8207136500957373
102723316,0.6907028205707068
55297,0.165645506075033
23032,-0.1494866709768776
3283,-1.46707895141182
58487,0.1741526923239516
220979,0.5316703229258637
118472,-0.2435383917417642
654434,-0.3348559045042925
64137,-0.7098635493656982
1513,-0.1826588631383083
58494,-0.6861808341276214
9733,0.1459341718698714
347744,-0.4726828102376053
149998,-2.879865545475106
55843,-2.876636183188664
101928279,-1.241180175713281
151278,-1.5089996293302126
8817,1.410784017793443
79629,-0.2571562650510644
2332,-0.1967732932392996
92482,0.2007441124815982
6142,0.1332177594041814
84217,-0.5816261708739372
283596,0.2784609954033512
9662,-0.1892654775789845
414241,-0.6263839565770855
10936,0.3133830984916352
5920,-0.6156283412023057
84987,-0.1814113162292114
51397,-0.2115437359802298
3661,-0.1567939741738016
6716,0.9473405555217148
105373759,1.1517030968216446
85414,-0.2392582916618962
148223,0.1843754075955228
79963,-0.1966740530715467
84858,-0.2075295210368116
3419,0.1519719324402295
63035,0.1676100235074407
6586,-0.1646674174898476
9718,0.2146337119756578
55049,-0.2124143907785539
7727,-0.2141745523961399
151188,-0.1619996420157033
389524,0.5754776998295816
374491,0.4981490125093824
101929767,0.4707328630693246
10742,1.5916299997215515
2968,-0.1416687067065488
26515,-0.1176495627543086
100129354,0.7407169072779655
7541,-0.1748644518665537
84771,0.9308561038998804
6150,-0.3071127116940396
23770,-0.1596746070192027
4602,-1.6637093116276216
389792,-0.253469590292121
23026,-0.8527575858106474
2197,0.1100677760756716
57524,0.674787678414477
641977,0.2526696135915724
196403,-0.1544639021768075
11193,0.1783561641015927
80760,-2.0337575159700947
114299,-0.25207830477485
100507530,0.8125903432626636
81847,0.1545232933736615
51062,0.2143865536290046
200150,-0.15617001819307
594842,-0.7886440174709793
9648,0.1649786677793206
101927667,0.829412734093038
388630,0.375336808492467
115908,-0.2300726173731089
101929895,-0.4878406131961611
56156,2.265235943949732
100507431,-0.7303437631505582
4086,-0.1804708661824619
100507066,2.8339542366835624
79986,-0.155517383303931
5723,0.1445735910624011
60370,-0.1674741173164189
4863,-0.1666315242686867
162427,0.1518895458690163
2047,0.4986544189587655
3183,-0.1349544519691993
286016,-0.6354024145506665
2931,0.1268445556927158
101928151,-2.874489542786307
5569,-0.2816745714852509
92675,0.1210278532790935
100132874,1.4014243360848642
4808,0.4322202266145258
8703,0.1426166105380298
285556,-1.3534227234729912
3737,-1.4701644767532456
717,0.8199431837610992
101927560,1.2946912434305946
79230,-0.1957338232654461
93058,-0.2438060199530169
116729,1.3474585984042016
23660,0.1386060146275331
7979,-0.1236853884727471
55110,-0.220927692343422
3921,-0.1007969756206082
9589,0.1139294055802996
10568,2.2963638334701657
50636,-0.4150378350610846
6201,-0.1132975880004133
5063,-0.6787292641818029
105376068,-1.3415054454569004
140733,0.4445320699978803
164668,-1.182835364940468
51601,-0.2943398483201913
100505622,0.7121089208677146
4238,0.1414542921412113
79746,-0.1924014600691877
158787,-0.8103876539848557
100507321,-0.252654633215577
283171,-1.5212672412401402
388335,-0.3249422431383238
11101,0.1529986248669282
102465532,0.9455693539809604
728233,0.3159283139725027
583,-0.136038343053047
66035,0.20572650582189
100506012,0.9183962914448512
7976,-0.2011114118944397
51151,-0.8006048010229049
374403,1.3323978537082246
101929060,0.929647767850142
23122,-0.1275390666200061
29967,0.1508615453646096
401074,0.4633577487515655
7555,0.1258813732550744
1347,-0.1344261651806245
4267,0.1209622295903271
27336,-0.1401713051565369
100996255,0.8563488468331398
54969,-0.2087794288402704
150696,0.4824736866863442
340719,-0.2091289184911221
57717,-1.92427475728211
105376678,3.298530566703569
2224,0.1392376333627485
5919,-1.9222208281372115
101928855,-2.664458254973684
7753,0.1484725796918125
81857,0.1636190039268117
53405,1.0125932237589224
100128750,0.6832561903425908
255403,0.1577435832912974
51074,-0.1974006227933339
203069,0.1489254742866087
339488,0.4906217590226582
503538,-0.6379457246870177
26343,-2.8900135460456986
7151,-2.66036238249287
9368,0.2175602353711805
55449,-0.1644277750929075
25876,1.183108876256796
219736,-1.4094221052624676
8647,1.4783512279256352
64805,-3.3679005767391623
133690,-3.3679005767391623
646486,2.1537818772662525
27351,-0.107148933441905
56145,-2.660361695915531
120,-0.1306331523693083
4690,0.1206978041463382
101929479,2.152387322294193
221322,-0.2100411109401269
26273,0.1309780101388875
100500805,-1.5764280755301792
55661,-0.1395010787040535
9767,0.147275989940468
3428,0.156975567227737
105370045,-2.660360693597708
80975,0.6511816233320568
7486,-0.1459929905571849
83895,-1.5068088896648355
79733,-0.455248314775798
58527,0.1586375946550137
57016,0.3926277358925154
282679,0.5630113914075272
693138,-2.657514426870843
102465447,-2.656879678701385
387338,-0.1341127783202052
387890,1.5004780663395436
6514,-3.359336912983587
3827,2.134136176164505
158234,-0.2041050645613547
117157,2.133249098084638
285753,-0.2107611353139006
7140,-3.3567459588887387
11086,-3.3567459588887387
102465668,-0.9655737857748138
2555,1.2907916939140212
1132,1.137261666523964
339105,0.2665498886486769
10534,-0.1713511178671726
55853,0.376904341894329
9478,1.6405846721512165
84078,-0.2283518308852464
875,1.5011017265687776
6367,1.5012172193044475
9329,-0.1463769861259249
57446,0.1192094977973339
55352,-0.1659521793752083
79758,0.1992044853474031
9496,2.1350950939915494
23478,0.1060181865051092
284576,1.805792636189232
7539,0.2849868776210484
10172,0.1672763519711215
9758,0.4461896526373051
643763,-1.5630351295270477
11281,3.2814127398293182
100996251,1.0644282947258068
7761,-0.2829535902891754
338442,0.411246520853522
23145,1.02979337109431
101927726,1.495692907771053
84138,0.2139435452847219
80039,-2.181435567354924
100506123,0.6240887630795228
2274,0.1216767371168662
387066,-0.1067777571322532
27000,-0.1310771138600211
729085,0.2612997971094093
55119,-0.1213131978685852
26231,-0.3605594676489477
7036,-0.7407200071875492
120534,-0.2176490100128108
101927423,-0.8084119781661955
5833,-0.1418967910126634
4170,0.102570460566712
23589,-0.1601431860432662
85235,2.1259563350068222
6125,-0.1032906462410295
692148,-2.195196151751305
782,0.1781585859471562
57535,0.6430928879335034
100289561,1.5167847166003463
6674,0.1822742590909119
101928674,3.259327855158761
202459,3.259327855158761
83890,-1.2598527365515906
132724,0.430332815591593
5768,-0.1799519429663003
23609,0.1145923247456644
93474,-0.2523146100536787
101929212,-0.80568726891905
6584,0.158712381004348
441531,-1.123370819557724
84790,-0.1363289715253922
101926997,1.624459119475418
284454,0.1904532253750087
400073,0.215236055761489
399909,0.1225277591779958
28964,-0.1333201992541884
4359,-0.5063571200430865
10744,-2.1848460256254487
3820,2.162799566467428
53831,0.8053334901678264
85013,-0.1762126959422514
84867,3.316607313520892
83878,3.316607313520892
283888,1.82496219626942
9861,-0.1199594954012757
8683,0.131867582503608
10908,-0.1479961008232567
414328,0.3519123139908329
22900,-0.1620021641057834
57381,-0.8618937768925168
6164,-0.1004729142840371
6760,0.113054925285535
1147,0.1385651522739703
26785,1.4179049600884264
56126,-1.5720284332550674
150291,1.7345149117052463
147323,-2.6638926912253447
4838,1.0290338392248355
79177,-0.2312792068933583
7991,-0.1066079371501277
120065,-3.369716640534281
387923,-0.4251048083202415
105372343,-3.369716640534281
100505851,1.915162754553617
84436,0.1361520136815631
219970,-3.3671157931953712
101928021,-1.3713338672122506
124404,2.5250048022717246
54480,0.1314236641214113
10887,2.5250051265586158
100507283,0.9578287225987072
735,1.8269394859105883
7302,2.52500689640311
105376719,1.8255823651566825
8992,0.124508964677549
84516,-0.0990160135433213
101927592,1.6539979566801597
100507577,0.3044916039019524
9463,0.1385996634235384
101927220,-3.361488774527136
283383,-3.361488774527136
3857,0.3110358317029597
100131289,-0.6286008409963373
127579,0.5653737068843557
10248,-0.1951276548571482
375611,1.175874228303467
203260,0.448539925443932
10139,-0.1342819459669128
56945,-0.1234198289001907
5875,0.2041903042083723
285116,-1.8911747727808048
687,0.1754655456474498
3761,1.180640544936311
643836,-0.1270370339072195
51014,0.245437824157708
51734,0.1752826183369213
730,1.837826572495163
50859,1.1274909441643115
100130894,1.3233585803169463
8366,2.515032982568469
105369447,2.5150322560598948
255101,1.5233867531784064
4661,2.515028290731194
81848,0.161106385149281
28974,-0.1427854437346952
105376731,3.232250699248532
114770,3.232250699248532
79825,3.232250699248532
102465517,3.232250699248532
255928,-0.3122806419435129
645426,2.541836366277764
6228,-0.1034718706608675
4898,-0.0944939875885386
100130451,1.8130301228615024
100130093,-0.920753361074932
28821,2.541848967669894
54901,-0.1635679564915685
7054,-2.1910689556108123
63941,-0.2134910085863264
54471,-0.1141532395773134
23271,-0.1034043458044058
9750,-1.1997305075294693
6041,-0.1712646729518311
10464,-0.1687892346367187
14,-0.1154712318410063
10490,0.1370281994463823
4487,-0.5271067782419886
100616167,-3.348004426759355
373856,-3.348004426759355
85363,0.1818618800025417
56776,-0.5042783381470526
121838,3.236929907073974
729420,3.236929907073974
406946,3.236929907073974
57731,0.8598026596844975
9759,-0.1579771591972788
29881,1.5629951484520213
101926935,1.1163399711041693
26149,-0.3557942782868865
80152,-0.1351311849489396
4544,2.5487237468590656
100874158,2.5487237468590656
2252,2.5487237468590656
6660,-0.4675523815374274
146225,2.129334099781079
10914,0.1088092023378725
112755,-0.3830839518111588
90342,-0.996914694641496
345193,0.9702966090775308
90485,3.2811994358552155
64429,0.1272613983336632
974,-0.9993031259846152
101928689,-1.5275275062264704
102467146,-1.287341086310139
9625,-0.5297247654530977
1952,-0.2273182647088897
3,2.123107125759573
51241,-0.472632122030481
100463285,0.9418106522755918
81853,-0.1410756670600015
54880,-0.1403389825556276
1196,-0.1383186851899887
26036,0.1621587290812995
158297,2.5386378438924093
3553,-0.2115186814553291
200010,-0.7548565442492522
23230,0.119099868418982
100129094,1.83227379414492
84874,0.1277418704225917
100506115,1.401043725740662
11267,-0.1266788245873925
101927152,-2.164120980166919
114795,0.1810133806678017
400831,2.1609885379523357
6649,-1.2683678561846254
55332,-0.1715969280181602
142827,-2.162732059179089
6830,0.0997156260647569
102723927,-1.2740413774632908
6901,0.1403655916244006
105378159,1.129026542341933
388591,0.2064578812986447
100191040,1.0586853105437373
256764,2.705866820373787
150381,-0.2652483854759453
390937,0.8909618671138777
677819,3.2186209592100883
105379198,2.705863338968744
54733,-0.1158531683183629
101929340,1.1117332487559024
285500,0.7747222757530784
8120,0.4497071713785112
6168,0.1066130691918155
26821,-1.6335731656726522
4915,-0.7492548711931728
7756,0.1142648112661323
677833,2.149923647622741
23405,-0.1275104225595654
4192,-0.1893689103869085
27257,-0.1344393630811929
5733,2.1479194524707275
374899,-0.2093618814033392
84223,-0.1899584294003506
103021164,-1.2633718401441367
376267,0.2494223997925306
115727,2.508135419475476
172,-0.1440003183526744
196968,-0.7160477326047398
101928738,2.508127563376996
126364,2.508127563376996
9129,0.1159469157607427
768097,2.518254624909436
10788,-1.1449343608469889
55897,2.5182542214026054
27032,-0.0956849525472664
5095,0.2024863964017845
54437,-0.9732175450716096
283985,1.3801590194934596
101928470,2.1285204338866426
404037,-1.2827776299923437
22881,-0.1566393489640789
7479,1.931219682785576
9023,0.7308317274889843
9892,1.1903011501213878
2153,1.3220879327722284
10202,-0.540087804874455
114885,0.122920763616761
401898,-0.6061663660729261
130026,0.2508674154791196
129080,-1.9556251388127408
280636,-0.1511968088958994
3791,-1.121263620111568
442245,-1.593497530035302
285419,2.504667513900336
221421,0.7063775191394062
693226,-0.9050880970735848
100505869,0.7117324460145051
57455,-0.1327902326370538
653082,0.6604002345642691
56122,-0.5677041389948635
100423020,1.6452855779890865
51760,0.5972881338033864
100652901,-0.9332998321164852
105371906,1.12630024049932
5305,0.1517582849235682
5094,0.0977971906325296
1143,0.8620816958544301
140894,-1.1737770428445284
80022,0.2208240290418071
55,-0.8628893982624621
100616396,-0.595380964460446
105378176,-0.9553472046304818
63901,0.163876129921869
50939,0.4502524653144706
6155,-0.1046495872994918
102466270,2.497789408355752
3359,2.497789408355752
100126308,2.497789408355752
105375354,2.497789408355752
101927623,2.497789408355752
105376114,-0.3924019908999672
4641,0.108824274236072
347404,0.6504489172427853
11165,-0.5394202705406311
7776,-0.134623712017727
101927574,-0.5445767656174232
100507602,0.3141818410271539
100129046,-0.80227657108113
645591,-1.95309296442151
100507423,0.7087590889323545
101928068,-0.755099724043415
493900,0.3149776238624396
56616,0.1341916782029806
503645,0.885518227258496
11188,-0.1066533657885514
729515,-0.1235439242203496
387,-0.0914674778779219
27349,-0.1876583916384848
79713,0.4426733212426434
4438,1.006839417199882
64282,0.1451857102076192
116225,-0.1428914880593304
64754,-0.18068546619759
54849,0.1231424407281024
339665,0.2353990519743323
64418,0.1471069608135622
528,0.1122002400739352
54978,0.1083600754339404
112703,0.4749589267795959
347252,-1.7415613596997956
84449,0.1703145703216291
93550,0.2360319642142092
201266,0.1358029879544627
10203,0.2929338202417602
3269,-0.1690886609865325
5814,-0.1711501406369509
90827,-0.9757297672190228
7695,0.1756770165497509
100288123,-0.4676470053126912
9973,-0.1637182223869498
9681,0.1494550033472515
5965,0.1100888585321308
140825,0.4785008841565935
2297,0.1756652264644808
100996301,1.6490758331843822
100874032,-0.9032548176362208
55063,-0.226656917592877
57547,0.1909758871077951
400818,-0.1964449418684091
9698,-0.1066174539701885
55698,0.9272682738069292
283553,1.5995156232990233
693215,1.1148667255128342
22954,-0.1176212974931134
100506555,-1.5523476686871174
404636,-0.1280286127801527
100507250,0.8673445114098929
8030,0.1203178514928314
101926888,-0.6079813916387099
6133,0.1181332779345037
3140,-0.1316204562554115
4066,-0.6779721308373355
10633,1.4065549006328015
92105,0.1295802624511163
9031,-0.1199204779244413
147658,0.8272762096784123
5090,-0.1619105998880311
54553,0.2808058429332713
23005,-0.1485573848751918
1261,1.8288299168477729
55275,0.1086957476546088
6610,-0.2334166869844814
100288695,0.9080454686201428
55187,0.0970030955073186
389161,-1.398876868699386
101928238,0.6029113148931673
285362,-0.1385858746245503
58492,0.2240971581281877
441027,0.5748972822883438
2889,0.0994350159481416
51042,-0.1483175424315998
90203,0.1490708807412777
100885782,-1.91454997845053
400579,-1.7649628184422428
55111,-0.1846693190899167
1717,-0.142042988925284
100289509,1.2330366937680135
100506365,-0.1651004383369104
147670,0.7241436951431008
574407,-0.6551699089363275
201305,1.526894801835299
414778,0.7003805691056028
84622,0.1827787978791203
100131208,-2.6579597548481035
101867536,-1.116749229437898
3753,2.127513857786316
100506990,-0.3904607610504101
100506779,-0.611545441257806
200035,0.3126542445045219
83723,-2.6698129353380424
7087,-0.3026445345050421
10602,-0.121375483931939
2987,0.1347810367664536
1659,-0.0987603814774599
157773,-0.3089132180834145
54584,-0.2483031649637319
7867,-0.1519110528582178
2719,-1.636820684748902
414918,-0.2481270174028307
9104,-2.1721567149890597
102724508,-1.093678803698784
114928,1.0811427955142572
79165,0.2267646269828848
26262,0.1040911849636612
101929173,-1.634197556466677
8881,0.1068329068255197
285359,1.1410088177799689
28991,0.1484355815155692
100507589,1.5111539288863394
619569,-0.8602902886124315
100303755,-0.3947033330180274
283349,-0.1355472215380832
101929780,0.477037275860071
2203,1.496228101693201
150962,0.1977099484250621
285315,0.2607718863027935
286827,-0.2212777950924649
7484,2.1735794593844626
7007,0.4726205411571247
2288,0.1114195459021555
6188,-0.0927183697228143
2986,2.0043574870251213
197358,0.3992531672012981
101926975,0.8547917612877399
9373,-0.1108290558233354
8404,-1.645098736204568
6156,0.0969729988584436
3652,-0.1443888749645353
11159,0.3521994471587888
51088,-0.1185041394471212
5450,1.9992209675102683
57820,-0.1209775032562411
89780,-1.2023894366415488
1238,0.4874764387020086
100133315,-0.5202936700181057
51105,0.1197052617008577
100616323,2.120110119093903
55954,-0.2096602784188999
1463,1.9968877041247544
148198,-1.760621841725987
100750325,1.125131995807634
10493,0.1108428236787723
7249,-0.1131920969173989
6827,0.1210082750405041
388588,0.4793288877703685
100873930,1.4255972497588338
102723360,-1.282843379859877
29119,-0.6321213961617661
11070,0.1213108518924042
439931,-0.3368554765688915
64094,0.7293925620061603
282997,-0.3984780109363149
126075,0.2142047741385009
91147,-0.1728067879453899
105371371,0.8571911248396106
100129827,0.9120188529226282
208,-0.1192931548719251
22937,0.1127471901986647
441194,0.2291998372005063
23215,-0.0831621192551216
122704,0.1104755188837
473,-0.1156737063973689
26059,0.7874786855160459
9002,-0.3664038406167883
55664,0.1455305489184971
729867,0.5647615469849797
643719,1.3423530282857117
9851,0.1112908098688643
165324,0.1497241902021175
11095,-1.7635101212328113
10009,-0.1323057136969537
552889,-0.0972474656983936
57677,0.2303357813358071
23152,0.1245260697285005
23400,0.1898006430382448
840,0.1505280511235601
101927472,1.216057037059142
55634,-0.1629484812629155
54995,0.1409674761479553
51275,0.1662311494194928
100271715,0.5477946226047479
7053,0.4869858881076191
142684,-0.3569117663329281
10985,0.1006367633253929
105370707,0.708826589649627
104355296,1.5218700413739628
255512,1.037430185356511
6845,0.1421738737392221
8555,-0.1371800642846162
100506680,-2.2251796482078103
79876,0.1445149356555919
146562,0.7087490752801978
5678,-2.66788903436187
574412,2.0133965427530427
729083,1.4153214600935866
60487,0.1899247093184196
348174,1.3085107107925875
2734,0.0936070088545977
116369,0.8622098270799642
54516,0.1681356015820819
55256,-0.1074907132264454
100874211,0.5449565542264734
642587,0.1032259789491043
728715,-1.6265743619525888
654433,0.107598226707566
101929057,0.8205355334752646
9125,-0.1015079133059402
100506655,0.7844801632545458
8661,0.0899180888747153
23263,0.8617655051913126
10162,-0.1180833705546741
6462,0.8603141953656865
102466729,1.0451486651472806
11099,-0.1234497250180933
1588,0.7332450830466197
100506462,0.973213061925046
100127888,0.9773413370364048
8800,0.2041430379871233
51123,0.124556149423904
2358,2.5683741249565184
102465451,1.3976702099295075
155061,0.1521779706591382
692085,-0.8077685530674178
145837,1.7085498757091244
348751,-0.8761977597121234
4236,-0.1058141318415052
283848,0.249511687992507
780776,0.6151419855730278
29935,1.1420840044717877
261734,0.145849738552534
84290,0.1941869942545281
161357,-0.5359720843115855
105371907,0.7060002159538813
56103,-0.6587735547237221
442524,-2.200544594804416
5700,-0.1141928420749331
4815,0.4516157046923039
4242,0.2662510421713107
80762,0.0968329930336021
256957,2.002331626448437
696,2.002331626448437
642946,-0.3262118510698613
2319,-0.1306761906985898
387036,-0.911536579074868
23398,-0.1173155367041485
55754,-0.1105159287297978
2272,-0.3339327801541311
375775,0.3352177257650174
100423037,-1.0561861377284378
23630,1.0532032724824485
85320,-0.7864660435605565
1510,-1.7559098080040811
201229,-0.2131364764731983
100500853,-0.9287110575898088
147686,0.1974207234203459
57665,0.415037824622112
387590,0.2835318929132963
56125,-1.783628919314818
8532,0.6924794765889853
6878,0.1080519988802737
9166,-0.1735725298070806
105371934,1.226505507754817
83604,-0.2520866929905229
80830,0.1415071954532401
389705,-0.9162907805009678
93661,1.6917679809709372
494335,2.5468281181629684
130162,-0.195612743093724
100288842,-0.4340536140723589
494551,1.3074796903492625
105371430,-1.7762350589703468
100506499,-0.9973050384203066
51364,0.8660579611033784
7994,0.1136134324417151
7771,0.1755481757057515
79750,-1.2946662284855668
9214,-0.2745011086073968
10125,0.4433794150554768
776,-0.982541381853891
284443,-0.1942563911304025
56660,0.6923102559879698
3344,-0.1314501776185211
105377623,1.006639134858775
54583,0.1439555111614971
728689,-0.5384084963379177
105379045,-0.2880455972628031
84460,-0.26586418535734
677885,1.38460094595758
100131454,-0.7709935613714535
57113,1.3964199997026203
101927181,0.3844587555745971
100499227,-1.4328414117860282
101929344,1.3262426682604986
2298,1.3970739945170794
102546294,-0.9179382160574188
554206,-1.195224560379128
90379,-0.1486184317742468
1241,-0.225158352747415
23305,-0.8856691535806651
387640,-0.6353752060136763
93594,-0.2041805138698046
10195,-0.1554834188403901
80070,-1.378298168659136
116540,-0.173292268852805
731656,0.9173274327713616
219771,-0.1001283220356931
51226,0.1634402726702563
90826,-0.1348121922585016
23137,0.1506092516600579
5566,-0.1139573311565121
84163,0.6053112200076863
100507392,-1.6438878508593426
79654,0.1257250033833887
4534,0.148137682764333
874,-0.4701794057592188
9419,0.1524785757058322
100873747,1.53014009411504
100421746,1.9854768604835216
92255,-0.1528810134616325
213,1.2452570250034412
619570,1.2452570250034412
5071,-0.507830494847599
388574,1.6867909096856208
105372478,2.4998364337702723
55259,-0.6236070090467095
105377135,-1.990726872058604
2217,-0.1661731448443912
10614,-0.116132725793708
57096,-1.0326605029145646
339324,-0.1286244998619088
389247,-0.8480728644553222
80309,1.9672375751376188
677781,-1.873656253260724
780,0.1600516901722508
25801,-0.1622912272999238
80209,0.1090544206726312
388381,0.9318348173541956
26740,1.1545836072527509
284086,-0.2021200884517808
22989,0.2834019623919256
5074,0.1661775276710976
284344,-1.7714808159729238
883,-0.1948782383926199
55861,0.603145599490918
5864,-0.5035589257687579
5341,1.9894858962757096
8933,-0.1422926123045093
51542,0.135939539790355
10159,-0.1040001291573898
10449,-0.1707070896121084
440894,-0.7509856365628313
220107,1.3998400784784328
55662,-0.0906593922189805
729991,-0.2055755925455099
105375105,-0.8612702756568748
23241,0.1355874292806403
126248,-0.637956976383301
10231,-0.5674601215579133
55124,0.5975777997481145
4857,-1.0996712368749375
90416,-0.1704534464382407
100505566,0.9014692337938148
2241,0.1336372800078804
101927891,-0.7059443308126395
100506188,-2.006311399658985
54439,-0.1352387978748906
101929378,-0.7200139814059958
284889,0.3710559780000301
100507466,-1.478512332310961
101928773,-0.8179281914194025
2516,1.9857907311504104
729296,-2.400929601062691
100509894,-0.6193136090121032
3054,-0.131018850681356
101926925,-2.396845120470677
25976,-0.0991430285492034
11187,0.1757955508209987
23542,0.3839707763800114
101927750,-1.198858093498202
3516,-0.1296301195304395
105373800,-2.3961011153996385
10537,-2.3961011153996385
57645,-0.1009280899915405
643699,0.520503877008402
5179,1.5107378943059806
150274,0.2008796710946525
157983,-1.5142421966210484
51267,-1.4318077795505693
124801,-0.1620548649715984
101929626,-2.3960984008754265
102724094,0.9445593058216204
127343,1.6816993394307684
4790,0.095110477738683
84231,-0.1096756492121044
150709,0.2766502262087268
64747,-0.1009091700455628
3203,-0.619088230113015
3171,2.0017710957579458
80097,-0.1439828962701085
100506637,0.6197298248255604
102464835,-1.25997203132558
2902,0.9873260446197004
9295,-0.138488412678052
256126,-0.6686217880040722
313,-1.4947914081733014
2908,0.0972117061541489
201181,0.3426486044061237
101929690,-0.273618641579309
7767,0.1704319584649401
100302218,2.301488392768436
103091866,-0.4142167903679957
148014,1.8123534853422831
54961,-0.1898732152497743
79831,0.2254898429030557
5709,-0.1142268060474492
79867,-0.1802231281556586
51673,1.5056501929182249
7543,0.1339381483460494
8398,-0.1755273759939934
642987,-0.5094387078309215
60598,1.6685905978736977
83642,-0.1722707998867669
7136,-0.6467962187099847
23184,0.1051875197073716
102466191,2.3208668661946543
9365,2.3208668661946543
57380,-0.1313036249698407
9564,0.1438037237548228
221424,0.5906408881927706
492303,-0.4761403001417635
23331,0.1155926280230265
259307,-1.9902733224079268
414764,-1.9902733224079268
100422921,2.320882881253413
51300,-0.1020807643364778
9597,-1.0914118416392231
3123,-1.8090060238104424
1675,0.6974272435378448
51765,-0.1208425655628443
100287482,0.6990244753890047
65109,-0.1306273979711162
414919,0.1678248845653579
6458,0.8402058832061678
105376906,-1.5021392838637069
27130,0.110677804300089
10715,-0.6140738261729918
414059,1.0134284149939456
79770,0.1295078964299433
353174,2.313131206608108
79012,2.313131206608108
133491,2.313131206608108
93377,2.3131327675930007
79190,-2.4017378021077525
7399,-1.1025096238132788
56998,0.1706859572669121
100271846,2.313141288096773
58189,-2.40022493502179
55540,0.3147612523247032
7311,0.1054313493940286
101929505,2.309296083750312
5239,1.9986590471714485
79607,-0.1223083810275777
54893,-0.141778286603477
6832,0.1151601554129845
6657,1.2225963532006965
11243,-0.1876113472932863
100128788,-0.6728798661620868
55888,-0.1713928315769715
55118,1.0968363686728495
254552,-0.3736942406270704
51117,0.1260426375911932
2959,0.124817034580491
84911,0.2427364036519485
115353,0.116500584882066
100506100,-0.4580932124753386
10324,-0.8514512679523333
101929613,0.9287923831764728
619518,-0.5742996445282886
514,-0.6237031583067488
8502,0.0945829986972934
108,-1.9652204805797544
57165,0.4416733552025934
100289678,-0.1162080820573072
4649,0.111987487206302
163223,0.3720615240874805
2628,0.611333100207571
253639,0.4302459801154614
55096,-0.3083257856309401
406941,0.9377672688270622
120425,2.293716267794694
1804,2.2937155399735603
51460,0.1648759537991764
1616,0.1037107450660471
642361,-0.6724660389227292
100271849,2.293711566769656
339874,1.3174387414158213
100506229,2.293711566769656
100132594,0.6455872336576635
4481,1.0232206119387008
649395,1.4117037567315944
8087,-0.0970605681003169
100131320,2.2898452332020365
653483,0.4970966187580188
5438,0.1540100653984515
441307,0.6517445134509993
401190,2.32914691797844
125336,2.2898380728733496
29080,-0.1393960040936332
5203,-0.1664558902176542
3052,0.1105334324509767
100379571,0.3816425817550787
100505741,0.6083398264286377
55278,-0.1294480563677785
138241,0.1642218181947179
6130,-0.0893262684175174
64745,-0.112605284891353
10284,0.100536749881467
57143,-0.1634661317847228
171022,-1.1910906110247956
55599,-0.1274342437680976
79616,0.1787829716295792
123722,-0.3577878149422658
101928290,1.665828467237245
650655,2.2820000641726663
84164,0.1116221599291697
727897,2.2819979364054896
55144,-0.1205437935393073
51144,0.1233373046700878
116841,-0.1200201526534617
283345,0.404562325863422
55885,-1.5222851612647803
4583,2.281986321273189
91544,-0.1791494665131698
5876,0.1373094924526282
285440,-0.2199533035663888
387680,-0.1284850965078346
102723872,1.141895682943492
203427,0.1182044961698296
102465442,1.227856493122981
23223,-0.1240854944073361
100874085,1.3271622451680565
677814,0.9687444375885952
8760,0.0934931395741349
121506,0.9788498554526758
145624,-1.994629523024809
374443,0.1980314324094181
11334,-0.1306249312815936
145376,0.5998881004090992
57623,0.1624847479823776
285266,0.6470106345438424
57546,0.1218001245085327
340547,0.2539527131947141
55317,-0.1751152556061036
6509,0.1203386931500253
8625,0.1196163282866846
3454,-0.1091221253252038
677810,-0.6681725165638477
391037,-1.9842065181005368
51411,1.4925366904289354
339453,-0.5338273059420434
285987,0.64209741616979
963,2.305470212433012
730092,0.3014275749762878
105376526,0.4301778921064654
643382,0.6114469461487733
100873979,-2.0219302053840384
6048,-0.1393698005111469
80301,-0.1449769051491029
57724,-0.0840615165089395
284114,-0.1672120371701201
85369,0.0998731992716746
6880,0.10626140885755
10156,1.2953014144840265
100506023,-0.4703569917821535
9398,0.382326457373856
101928571,-1.6159139452725004
6323,1.98215976276002
23274,-0.1214410972029741
54529,-0.1312903396045834
64407,0.3032180831980202
8854,0.2179789402868144
114036,1.4186290780254516
124783,0.5656954912794626
22933,-0.1179420771155601
1939,-0.0917210238173819
101929717,1.3818171774669716
7507,-0.2024917184572227
100134015,1.1766881389520547
152273,1.406440988384037
54463,-0.3120285845468415
57209,0.1573236409957242
9087,-0.7666730501459901
146206,0.8207230980445721
57827,-0.1120142374809176
6082,-0.8935874865868391
91373,0.1791453232932525
255762,-0.2745498011571453
9522,-0.1350630783282869
10818,0.1245223298432118
6615,-0.3369966070849329
105371437,0.4353082703235523
375133,0.486406970458478
166793,0.186444027549407
8501,-0.1984969867734218
148113,0.6279469315747126
55790,-0.2268074544463321
157680,-0.1031449598569404
105373498,0.7787410974128244
646268,0.3311513480316216
147968,0.2741681472032675
401562,-1.425129181363209
445571,-0.5023596033934098
2116,-0.7045299627464535
8448,-1.0881258434356742
105378592,-1.4765512714849431
100130958,0.4319941260857836
100506686,0.1988759054152558
92960,-0.275435883249894
643866,-0.1812678820925574
124220,0.4377519048820144
140699,-0.4469518955578713
3385,0.1873390999437078
101928403,-0.6333492153842534
101928973,1.19203591836057
9074,1.107118639198288
6433,0.0925488565704411
101060544,-1.9799478772880672
574506,0.5151082201834902
346389,-0.1345492103353712
26191,-0.4622609610577584
201798,-0.6744934221649759
79570,1.2385050782715026
100216545,0.3036605390702656
284353,0.474858078208896
284023,-0.2191098213282754
100874363,-0.5099215116838519
84063,-1.3352373621340814
1586,1.8360185633997763
10084,-0.1058617600428244
728723,0.6516277617537157
257240,1.83503445130745
101927768,-0.8795886934312928
728402,-0.8795886934312928
27329,1.822038182779524
80148,0.167127048866472
154197,0.660335586764851
101927352,-0.5251615701973245
55102,-0.109749318470851
81616,-1.1897198689868356
59350,-1.597500508067957
399761,-0.2817684754686591
653720,-1.0163663868178552
100132832,1.056656418804914
219902,0.1590813067730198
730202,0.7082771731774976
116988,0.1135534669416085
118430,1.490344850293943
8452,0.101281260309354
11318,1.4165743020712511
57609,0.0995587358609442
100506495,-1.3074308406042228
26034,-1.257263523148411
100128731,0.1079734676903555
2811,0.2706653261554637
100131814,-1.8015133468174844
6913,-1.5919330672598984
6079,-0.9294798914235968
100132062,-1.9768161143774048
9014,-0.1307477370779071
6136,0.0852292922030628
219988,0.0845471526981367
11230,0.1161832350864136
101929268,-1.3317950002854373
55293,-0.1127106297817769
3627,-1.1157829430315986
344454,1.0626176493451138
90550,-0.1027935363590835
283337,0.0946150821899105
121551,0.2680612594434942
285696,1.0697774763624284
10269,-0.117526060730991
57172,-0.5075073545175669
102723582,0.7403883195852301
140846,1.818449114439491
28952,0.1368509455844195
55889,1.8448051583161624
55177,0.112490627429354
339855,-1.4246420177941164
389332,3.187187021921793
254531,-0.172534405574668
129881,-1.5098261227630656
375686,1.4063939168458035
5571,0.0877233953515397
100131626,1.4364182229308078
145864,0.3254425239565578
246243,0.1162910707706918
6015,0.0956225210481905
541473,0.8209542764635334
339524,-0.4515274766742762
9481,0.2106720624290632
84812,0.1435679604414679
54467,0.0951635162491693
344805,1.3051101629183317
3749,0.2592865999681876
137196,-1.4354677079156482
79934,0.1295463950737841
85001,-0.3381736228285327
729234,0.4370917604352072
79442,-0.380635201880079
10603,-0.2983634230135019
102465502,0.8890125320690612
203100,-2.405539465269867
6988,-0.1183116531227366
10819,1.8081141494186923
101927703,1.8081141494186923
404665,-0.9778281562383384
101928436,-1.0812324083300775
10536,-0.1276121806788281
100129503,0.5085821292278536
441072,1.1116466396224904
118432,-2.4063483355681714
6694,-2.018195288291176
1982,0.0723209455333701
399949,1.554218526428681
147906,-0.8828833915061779
8646,1.113202768759619
26153,0.764703392542467
124790,0.2074545772137399
653781,-2.4063640766698557
100874089,-2.4063640766698557
125,-2.4063640766698557
113763,-0.2233698887968323
92292,-2.4055634794522853
105373801,0.5198492076249904
102465538,-2.4055634794522853
284309,0.1153505869836274
677805,-0.3288454743138761
6474,1.409204953594717
869,1.5508385205850457
101928376,-1.5913940617157014
80208,-0.0827617144368059
4621,-0.194629159099962
727896,1.0935286041277354
84542,0.1583999782005549
158067,-0.3938823423447749
387597,1.841277067638996
101929351,-0.7446678948263773
101928123,-0.4607752170142532
257062,2.3345253373012484
169841,-0.2701179433554143
102723167,-2.395158826812765
54928,0.1371211197194381
6519,1.5692180266921807
392490,0.9618688712717508
25921,0.0947320209603191
102546227,-2.390757386673437
100616371,2.334546694716292
101929592,2.342868736034863
101928118,-2.392358294362987
5024,-2.392358294362987
253128,-1.7635970537077517
8521,2.342889916399122
340267,1.0692437536388295
126789,0.1789741504069422
102724385,-2.390748088901668
10234,-0.440532333876333
7455,-2.395153653183222
11129,0.1091146759108361
1558,0.953916497640038
54766,0.822205706513008
147184,0.1379839628711942
925,-0.6020967040696181
8460,-0.106660150033333
6856,0.0936541674451352
646892,1.2899249959796026
51315,0.147987961957882
229,1.833724483979939
9815,-0.0918293081214727
25776,-0.1134677395309121
166785,-0.1589506875063527
148304,-0.1740751263518282
28972,-0.0877348797370126
2790,1.810829939914189
101928113,-1.6038531038569015
2925,1.5511284084228938
51295,0.1514448209109635
2953,-1.6034078646729288
9813,0.0815600744054531
246,1.251507356630827
144535,-0.2488533751911484
100033433,-0.8349011644021236
101929796,1.088467789435346
4798,0.1097971810677439
10054,-0.096711466607656
54934,-0.1140991373223765
55437,0.1335003836362343
6198,-0.1237036908618201
90459,-0.1177826376158532
183,1.1492539518232114
100506826,-0.3802231787262566
113510,0.1429962927904385
102724596,-1.5197489753513227
22980,0.0970324767013414
6996,-0.1271038671315738
23762,-0.1596436984118817
91408,0.1172538216332718
724026,2.326420417720827
105370941,-0.5882626907996013
677843,1.8012633168185683
1840,-0.6818112044707066
7288,1.4133351139395025
101927196,2.326436171735218
100130275,0.409814986899835
3386,1.158191411362339
100996437,0.4748567652928704
100287569,-0.5563621807710645
387082,1.3060930373423807
2661,0.5576199361794736
158431,0.1799768021444523
1158,1.5380233351078063
9553,-0.1390826017012523
54345,-2.402834267702116
100506674,-0.6714821477697372
84073,-0.3896985840623173
100874205,-2.4048560527266845
100302258,-2.4048560527266845
101928231,2.318375809047794
254295,-0.1735692637044344
29920,0.1045957753464065
101927051,-0.6855332889411737
442582,-0.326589784078684
1154,0.2199151041351132
7940,0.9666752487381752
3752,0.5807628081327054
79054,0.5033926602177656
7570,-0.1613579923552084
100529209,1.5289929004281
338322,-0.2318696723136095
283948,-0.8887418331686198
3036,-1.3401248517410105
401232,0.4288804855115817
256006,-0.4952894340760823
5917,-0.094584442861576
8871,-0.1485860395617768
51557,0.3520140910672586
57452,-1.0025547314767966
64816,2.297598699406203
105371184,1.041544738784677
254359,-0.1708900642358349
407018,0.6224758093228547
57643,-0.4817814338759752
100132077,-0.5956977141578293
100129973,0.5870894627643968
65072,0.5311250944404653
4867,-0.1855524790491069
218,0.5353686876545755
677848,-0.8021402315627234
6500,-0.0758474527997247
26526,1.8224998273094992
89876,0.5803205078490852
135138,-0.7139813476581205
731157,-2.386160222874544
91695,-0.2222765138721944
200232,0.9966025064546088
339666,0.5671542503873468
102724159,-1.481199440982692
9910,-0.1058690012577285
10524,0.1158976048555744
100287387,-0.3346214454062002
101927922,-2.386966268277159
145748,0.1263620545535917
5756,0.1065521351081987
2747,-0.7966174499902422
347918,0.2617808789108561
27019,1.4289955853245373
215,0.1921132826517267
7741,0.1423208916858971
390245,0.9709486793362472
51268,1.8142584676399975
91782,0.1001677287528987
200205,-0.1390138979969497
100129716,0.5028770220952853
10495,0.1196491824415862
474170,0.2872665930120325
157378,-0.1539069993047548
692053,-2.386125827832645
55906,-0.1801498154667408
60437,0.3272048872867185
100874278,0.4652941543209552
162282,0.7787420736498153
100506939,-1.0756820885058218
91661,0.1270991268395406
64417,-0.1337263476133261
147804,-0.1851939031509261
100874197,1.8524566600048689
56895,0.1111836515226162
1605,0.1006793110958779
127255,-0.5079133411108384
80311,0.2072654700078048
103910,-0.0815563631698101
1262,0.5815687545757143
257019,0.4668939558482472
1545,0.1696863057190743
2863,0.251508429855814
102465445,2.2723530573163937
440354,0.4682936889118317
119437,-0.6582167931815927
4311,-0.1131040559903755
3566,0.1592713061405104
284618,0.9286643984251204
5348,0.7701413581092218
102465976,-1.1817784014440549
6122,-0.07783608264132
29063,0.1332229646298838
102157402,0.1326929956285295
6449,-0.0959227348206968
759,2.2765972369795597
84859,0.1065077761957549
5269,0.0812141971790837
4855,-0.5395864409209902
160365,2.276585224643512
10740,-0.5183538664762547
100616210,0.991148764550014
27092,-1.6141911541931664
6442,-1.473284319744404
105378832,-1.977816548530518
10608,-0.1173783143084694
142689,1.2042116235528113
540,0.1146485347539893
6448,-0.1141278593906726
55017,-0.083915787016919
653691,0.919813051596676
105371810,-0.7429800057329409
5624,1.1960040713603786
55233,-0.1053249267368611
80013,-0.1003989814569046
4345,0.5913028693494796
102724378,0.6713141399013675
3087,1.1117937529548725
54922,0.1895499154245146
6720,0.1268414424828031
101928796,-0.8152946182517354
118,-0.0800728970429062
5317,-0.1485528588208509
100505547,0.9248074785852692
22915,1.8500046498158795
100288181,-0.4876169222197526
64802,0.1382633223163495
105371697,0.3941509985240771
406881,1.846068042530208
101928837,0.9831709089407408
3766,1.1969442224272275
150786,0.972984584521456
128497,0.5966511574810434
79627,-0.1140786004480116
9530,-0.125535093214855
100127889,-1.577017179799097
158228,-0.5670479859649591
5141,-0.2411205040943457
147710,-1.357654774163097
51776,0.0930466782288238
100507131,0.287876182264045
55070,0.1867990772625058
23553,1.530752122361588
2137,-0.0943007700585501
22844,1.1908151328679593
4331,-0.1208747262112885
5791,0.1435463437146932
5264,-0.1262761309059656
130535,0.121058724303785
51764,-1.7800828313034744
9920,0.249530822090133
23708,-0.140588666197016
83640,0.1770081322580383
284451,1.1877768388586163
256646,-1.3484135599527334
56894,-0.0873131513323573
100507634,0.6500760985652911
100189589,-1.6395895957723272
6000,-0.6625166914915123
10903,-0.1257088264924333
644285,0.6598499068591753
105379177,-1.583760169929428
59335,0.9915042363416818
2002,0.105468674558753
81543,-0.2758582476015397
80856,-0.1340397546806564
100128292,0.605472704761743
8350,1.804316242915412
29106,-1.580747442833797
64426,0.0861226770965879
102465694,0.5145425630230205
57634,-0.0774473745895661
5599,0.1135213670997751
155066,0.2858738490404196
148398,0.8910265976578694
8287,-0.1012661309929589
6530,-0.8784531173434936
23650,0.1510991815743552
677775,-1.5751360315012053
4952,0.0945463491149621
150244,-0.5099380982872178
283518,-0.6702245600227003
202243,0.1319530656139984
26789,-0.5882153879069334
400916,0.2108272436470228
55014,0.1097339601716277
8711,0.152050452406854
9400,0.1003203189884851
100507437,-0.8041944416242964
102724163,-1.7837980987683126
63906,0.1257255700378483
101927955,-1.1794073679011898
100188947,-0.9439830495084712
9852,-0.1197888095003351
55544,-0.1395559016337461
641648,-0.5290564924688602
26060,0.1045894484489925
100506649,-0.3963526028406243
6252,1.2117111891990275
4597,-0.1152950639314679
6814,0.098523938666705
11135,-0.135820507682277
79441,-0.1477617026704983
84196,0.093919964577421
139201,-1.163300573132888
255130,-1.3506616466067891
146212,1.0109512345503897
79879,0.12457333621859
26005,0.1008135293678508
80816,-0.943042966341176
9255,-0.1028195030548709
728622,-1.7767018313188965
162998,1.833725197879706
220074,-0.1636530945364166
100506465,-1.325849923339329
4763,0.0938789960004516
652968,0.2702611871172516
6861,0.6847997078410158
55721,-0.2063739051803131
102465438,0.7121883183026552
11034,-0.0920137131525529
54921,0.0934615479072722
401109,1.1935766999312376
23185,0.0796769611771542
390093,-0.9509707665807124
647309,-1.7682453146260038
282808,1.2901450951636666
113675,-0.1523478844487479
114038,-1.1972181539555415
201456,-0.7424551178435747
100131997,0.6875469441918504
56160,0.147731009229346
2629,0.1884715580714027
6051,0.0863725226680351
100129203,-0.8532279627845086
55471,-0.1333457940684442
100507240,-1.7643958223692169
253725,0.1155047975078764
137209,-0.2171350351756028
386627,-0.2054853333588962
29072,0.0880357328175703
951,-0.5907676579931509
100616408,0.107878470496047
389813,-0.5409446043041984
11258,-0.1149322150241096
3064,-0.0823598343291223
192668,0.3883545467777567
3883,1.5542958545071297
51631,-0.2030732637897362
10773,-0.1137501409693167
441376,0.5539369019594922
4927,0.131077462763473
339327,-0.2725538206700876
7832,0.1121121048103249
57449,0.1556961578555121
4200,0.1204387593250654
155382,0.2567617821293158
100302240,-0.413275554492298
101928710,-0.8015428202869733
9154,1.7897369019831997
100846978,-1.7508839588552494
257144,0.1619156997063459
4943,0.1058017842070202
6092,-0.4082377589848748
348262,-0.1313349356612246
595098,-1.0681476398636738
9482,0.1058902110829542
104797538,2.2459178019454464
57228,-0.1057449158728381
349075,0.2307293224205493
5273,-0.9974138605253494
100506681,1.4053940108366971
7010,-0.8355006858993255
102546229,1.5886906676849597
4316,-0.547595969254296
440423,-0.2351318782672283
728024,-0.5037401780341794
148268,0.1858402816635895
22864,-0.0834765924239583
6234,0.1024222237342742
644019,-0.2163162104658927
148645,-1.7857657446508748
9491,0.0816998801422838
338094,0.7262220116371773
3021,-0.0680220763946638
333929,0.6924226700547893
4213,0.1543165931786114
692202,-1.7839471330110697
56901,0.1739693201689685
55845,0.0807108202761394
51174,-0.1851091462456982
254013,-0.2858173675565181
51075,0.0909635032696317
10367,0.0933534628224288
27429,0.122306419861825
728658,-0.3921759026480811
101060691,0.1701709023972424
100775104,-0.6189048891271198
55855,-0.846967497387627
10290,0.1278885420686999
6493,0.4524503423048308
27296,0.5326943096295474
4881,2.050609125511366
79608,-0.3041456903266345
2302,2.0506071025720987
100507462,-0.5608871675197448
136332,-0.2890212966784333
10888,0.9049864625923786
655,2.050620170145961
105372843,2.050620170145961
102465666,2.050620170145961
145978,-1.8031046751213893
649946,-0.2616783728239006
51582,-0.0936943702420751
57002,0.1306909326424096
8263,0.2461661506226174
100506736,1.3927301052816383
130749,0.3555943782316295
101060146,0.3844141198236527
5978,-0.1021404484986562
54830,0.2880116449710437
9445,-0.0738899114110804
59084,0.2704990960719099
3640,0.5133934970302132
26953,-0.1017055875655173
55908,1.585402477381309
56164,1.0103376230626575
1361,-1.363557613685338
400660,1.3936076891935592
1803,0.2796459195686129
9897,-0.0809693933827344
55220,2.0369256081759795
150135,2.0369257345665144
100302692,0.1927386635483454
692233,0.6144786944654205
723790,2.0369264248188705
84072,2.0600261150438244
81851,2.0600261150438244
9630,2.0600261150438244
100874097,0.895037183913359
4137,-0.3941443234780204
80264,0.1240344171416674
8459,-0.1140428440610974
55327,0.1323308183713812
153643,2.0600435561487638
645249,2.0600435561487638
92241,-0.6346794559108209
83860,-0.1196217121587679
54067,0.6196672779843365
5132,-1.5567154380653467
5318,0.1114231012927698
94030,0.8123157589243262
105374567,-1.0700836068211423
101927164,1.2099526845908577
10278,0.1519081467829869
105369445,-0.8191210439389153
146456,0.3963081000253058
8530,1.580530915633598
56673,-0.988518358270306
4488,-0.2054889118730021
100129055,2.0277383104491085
643,-1.1969500363580787
4674,0.2894196607719411
2103,1.0341665287365758
23396,-0.1165426571210174
25873,0.0877289094520365
254268,-0.6085844046323551
6291,2.0277299280472567
147694,0.1136043997066285
10335,-0.317596084886701
6123,1.257978093640859
677769,0.7650675872455311
677849,-0.8762464436634592
58496,-0.1388919545183469
79948,-0.8610270933435619
23217,0.7240605510267817
100128927,-0.1877119824987582
90288,0.4852315349288071
729041,0.5694532056527696
8556,-0.2207643486708894
6207,0.0879446549949659
100506514,-1.5943506083488923
100132911,-0.3356039150473339
28512,0.1517315000818004
916,-1.803649599547453
81855,-0.1002811141914563
85364,0.1186904975267774
440482,-0.6041449428411182
26045,-1.183911652510752
406991,-0.3859127875268796
101927751,-0.770670734401808
29110,0.1264391037716108
112752,0.1049398556513792
6651,0.0661819468392448
202500,0.8119671483400969
101926895,-1.558775891020048
84129,0.2662953766417734
165918,-0.1225751497812503
102466757,-1.1895935502048376
102724657,1.4152046802177292
90407,-0.1006423872885804
9682,-0.0814608492590573
399818,-0.1211655923379868
101927550,0.3085649594942881
139378,2.041539936096209
333926,-0.1743221447282263
3236,2.041540563378448
84280,0.0852544558515009
400935,1.5868605451554283
3227,-0.2055065324584598
100505592,-0.6813387577259444
100130733,0.8855481361795877
124,-0.994236323441482
735301,-0.2650786491420589
10390,-0.0916725566279714
57544,-0.2298882111667606
23583,-0.1043249872590734
728640,1.6366799282124824
124446,0.1034853386338259
5257,-0.082713901235301
90019,-0.296461689825879
26330,-0.1841672107344106
79637,0.1616703653691063
133686,-0.1343686813829264
102724954,-0.9203306033541752
6799,1.2810775159691798
3357,-1.070159886522225
5146,0.7332576287051089
101928492,1.631022068858945
4043,-0.0915073015827912
91647,-0.1286738528977974
1043,-2.078314173782888
728228,-2.078314173782888
23506,0.1065242570485884
10274,0.1020573514882597
2857,-2.0773992821595755
247,0.3736048926602384
84070,0.3611511265471859
9521,-0.1583464431047093
11040,0.1518232670623178
29843,-0.1108089357788787
257415,0.1760782900162369
23139,0.0833383378990229
9217,-0.0731245863806361
100873965,-2.077401998805877
100505915,0.9062695075397998
100128108,-0.5298326291450107
101929427,1.4013003598657203
375337,-2.072368588309028
445577,-2.072368588309028
100422842,1.4136609286122
5948,1.4005437165936698
83538,-0.323633590994516
91978,0.1859203016089395
221301,-2.072361860809966
100128285,-1.330273933929087
102724668,-1.7634113511310228
169166,1.4154096226309143
256880,1.6539852709076166
11057,-0.0887509010465164
84559,0.9056225089418763
10905,0.1050494448275245
84229,-2.0723520213579025
2622,0.1252456371979333
105371944,2.0136007434829506
3549,2.0136007434829506
8352,-1.7605955428415083
27098,-0.8375726559902701
64377,1.2756113684702437
53938,0.0940270664218622
644511,0.6462048062298827
4880,2.013583308534265
85376,2.013583308534265
1551,2.013583308534265
158376,-1.7593398319266698
677797,-1.0624104314033676
8587,1.615411882913825
131890,1.1197201961196603
3972,1.108490117118733
11180,-0.0799521489916725
56100,0.3203231635221394
8572,-0.1321148067735679
339201,0.1492134794999821
56667,-1.7565194848900598
139170,-1.7565194848900598
23460,0.5817671464300616
8529,1.2520057697905635
1776,1.2721920118182863
100420587,-0.7036873898036529
2950,-0.0979927881715778
54093,0.1024118388824466
100132287,-1.4038636910866438
407,0.304765221505528
54993,-0.1647074845663947
54874,0.0824527168260031
54946,-0.1075983962613318
7012,-1.400769717100249
9108,0.2321320011766054
100505826,-0.7605203313129166
6837,0.101137238709311
267002,0.1509940744636209
4994,1.2646407408309817
553103,-0.1401937378153513
6222,0.0666486986194457
50488,0.149468792747604
8764,-0.1143460335254983
100859921,1.6342303761199986
105378949,1.2204449225249976
54916,-0.1023191192631187
23562,0.8088025087225458
158131,-1.734540374786392
101340251,-0.8708701446825147
23015,-0.1304151666760956
130271,0.1802493880306468
9721,0.1928770230317078
1607,-1.781553285683284
65055,-0.3607623251009298
677812,-0.8651131860326493
221184,0.1063765391202511
3199,-0.5645891402794722
100500904,-1.7761046642407643
574432,0.5878594874420532
285335,-0.5787345565861383
115098,-0.1282273884961863
8911,1.2867899467988002
101929005,0.7437321552019415
26051,1.6157039485274471
140032,0.8341084167171087
102724849,-1.7269990051486577
1036,-0.7111117509328788
6124,-0.073708594057403
54955,-0.1136876939046977
90589,-0.2299148715346691
339894,-0.4313137592575161
126147,0.4197411914159287
654321,-0.758084869208889
51384,1.0083830282310493
100132529,1.661313155676842
642826,-0.2748267295871955
8744,0.1677375492078966
1580,-0.4037093754457863
165679,0.5841705087786035
55370,0.1303513213185336
79776,-0.132728949932211
100132247,0.186447307546127
352887,0.3327135294890029
102724450,0.820062547564481
100130934,0.6777299000651194
131096,1.618242677633901
102465463,0.9854241191141566
115273,-0.737649459851771
197131,-0.0816966524148956
51286,-0.8765669534167168
2533,-1.1103029164174076
9371,-0.0771432379066981
23446,0.0872058335642658
1557,1.7722660724146522
56142,1.7722660724146522
2970,-0.1926149337616084
22806,-0.708854598727505
375196,-1.4004438885531012
728175,-0.8718968561834073
26152,-0.0895380250416386
64856,0.2102452950086943
284417,0.622588654589506
348801,0.3477615947541755
57335,-0.1171138223806511
7553,-0.0891252837539175
844,1.3731554922003288
124221,-0.5243667155450641
152185,0.1010691302324071
9456,-0.1241129017151105
254528,-0.7170309718920175
84964,-0.1265199856432848
440278,0.3920789283740282
25839,0.0819152802486755
6230,-0.0884837921174652
440352,1.6059807676834468
220001,-0.236454715924623
728741,1.6049039076650276
730971,1.6049039076650276
100303728,-0.5100861387945335
102723703,0.5364680242959567
101928650,0.6138528794467357
102723566,0.4941077306062751
1454,1.0939324454105892
122773,0.2451216281496411
400761,0.8928063820795508
100289410,2.0758560421597325
1807,2.0758606065680825
101929431,1.4241174574999271
130507,0.0903536588432526
5829,0.1004453246209054
285154,-0.7909207051705736
8483,1.1822900665575162
83942,-0.9576317710819106
51780,0.0676808726815111
388407,-1.4187766155678827
7587,-0.1025832110383405
80724,-0.0929850480973826
100500873,-0.7376843126149446
256355,-0.5279845395724412
26775,-0.5882125675802334
7220,-0.135373945200299
7941,-0.3176845278962555
4831,-0.6402588993594911
100505591,1.394542783732275
283547,2.0661587489278856
101928880,2.0661587489278856
23417,0.1421694977057352
100505933,-1.4135380484550697
6595,0.0841783429578331
5747,0.070796978520058
646658,2.066177448255347
101928879,2.066177448255347
128486,-0.2570437791470912
2019,0.82616709859029
105375621,1.7772158638513094
4893,-0.0903006848356588
101929162,0.3866970916636362
282996,0.913317737270572
643749,-0.2698912513990946
101929069,1.0833276977056845
11215,0.1034413132698425
25850,0.1816746017341549
64080,0.1879763502605019
2706,-0.3444853553676679
56260,0.2542793688347898
200765,-0.2118352992465697
55039,-0.1153297547674467
5080,-0.6857699142954075
7508,-0.0771640946399013
155400,0.146737669851145
1407,0.1127398979940405
7405,0.1030543697051441
26013,0.1286755304326065
1896,0.2785586901614949
7849,-0.1288315447394511
23117,0.2496483779614323
64064,0.8075544210474888
11059,0.0798148799552258
80759,0.2246124242777521
23191,-0.0770161211130938
101927763,0.6232381494713544
64388,1.2925981139295712
6609,0.1041058961075457
318,0.1224458751401334
6223,0.0741074860443604
11237,0.1108837114142939
388199,2.0861922326497107
117608,-0.1450465182494827
101929025,2.0861974677499657
116966,-0.2192572932546985
84641,0.0736788780018613
57484,-0.2017455102529164
641515,0.8228288116942817
105371045,1.6157358359412968
7122,1.6157358359412968
162466,-1.4220201647357174
79143,0.0930978638661163
85300,2.0468380907905765
145438,-0.6165868177776819
8449,0.0867827165527137
2041,0.1420166838163089
29800,0.1456610758935112
255275,1.6134519660688087
81545,-0.0757513307938836
3223,0.1305286508496273
597,-0.5650797770686413
51146,-1.4329383234785278
100134713,-0.3626976303028631
54996,-0.1974163990050007
90268,0.0848440119008902
101928663,-1.4319086737297622
4007,0.1141266298312198
100505716,-0.4461569470556397
100996813,1.6487596287124742
102465493,1.782153161249053
128864,1.3115868818697796
221060,-1.3883281885146703
693139,2.071622889017592
1933,-0.0725987232847984
843,0.1291845033884225
89910,-0.0755043303040935
23317,0.0826762784825009
5936,-0.1012015170128147
340205,-1.4234146020596186
7226,0.6091700075642684
23528,0.0776543346805057
103689846,-2.08383628340383
143903,-0.1361060133642501
100505920,-0.8483250078753387
142910,-1.056862178918753
2670,0.5781299554956219
100130522,0.3367648124584091
653857,-0.285323673483036
8382,-0.2759874757416717
8564,-0.6490122859653384
101929746,0.7474365031451417
100505549,-0.3572856633465605
3902,0.7032168219060853
517,-0.0713908119476679
6388,0.0827037931962284
8942,-0.1087862855908583
5031,0.7876059733220555
320,-0.2429856321115738
435,-0.1168877177870396
4914,1.6218183177647356
100500850,-0.8749856056843026
81789,0.1341156026645177
79149,0.2326272734955045
7551,-0.0945787064845283
84332,-2.0838684088588706
100130386,2.0566702162444552
102724908,-2.0838684088588706
134548,2.0566702162444552
100529145,0.4574757239070955
81788,-0.1556223635831653
101928022,0.7464189339964802
167410,-2.073103586532836
147744,1.0499075475653667
51306,0.1145326481497286
6402,-2.0711403021723997
199704,0.1063112322259954
100505666,-0.3943118478233305
80895,0.0993986772971844
5297,-0.0896574637956252
5625,-0.4789898138710187
222967,2.0171248738381453
9213,0.0948728687339001
199974,-2.0711321804821377
6366,-2.0711321804821377
50617,-0.3503359130981464
349633,1.0766468966814713
3397,0.3714298638702277
104326193,-2.0730918954699398
100874091,1.0871649363765206
246329,-0.2629362531198104
148413,-0.1057535509788441
9917,-0.0726810348982688
51750,0.2603116457688308
10361,0.5391624948321075
92595,0.1633567507659803
79949,-1.3855513105545114
51651,0.0926601682895054
101593348,1.0693242004213703
84317,0.0916402115052621
3356,-2.084911505347167
100287226,-2.084911505347167
93426,1.0737180587431383
58,-0.9764923797103364
134701,-1.3845273933543678
6887,-2.08293787103885
135,1.3938101228578386
100422879,0.8199988406467631
3849,1.090945882933604
79725,0.1555126881477051
1742,-0.0979281563440877
80896,-0.1526679264300286
100500889,-2.082948727391777
340512,-2.082948727391777
389668,-0.2982735217526149
100874207,0.8233208039409066
101929099,0.6981975990935938
388662,0.485603994695872
51239,-0.1634188410549903
8645,-2.0849458164699755
124460,-2.079500899282611
5900,0.0981544560025473
26831,-1.38864477752282
1733,0.8138826289770008
1371,0.1053050552145863
5542,2.031852035298365
100506571,2.0318513902490998
123355,-0.1265387829926553
6100,-0.1386939565808119
256710,1.6276837428634134
105378828,-0.396299982126801
57061,-0.8857568478481822
102723354,0.3900493326397698
100506874,0.4196077148772145
146512,-1.192280336079844
10320,-1.192280336079844
57631,0.3265328435389544
55036,-0.1923182378700326
164684,0.6317632919466079
92797,0.1972448198657052
102465509,-2.076527834442284
55812,0.1319814940763082
92340,0.7983125534202749
6141,0.0800220315072679
5343,0.7562759216177505
677836,-2.0656301069434355
3996,-0.1139070569455283
100507501,0.3422533289136835
378925,-2.065613649024991
7280,0.1300778729039603
5903,-0.0783231424838126
80823,-0.131863681934736
10687,0.2173418534531218
474354,-2.0665896637275822
101928909,-2.0665896637275822
100132116,-1.1592790259919667
10661,-2.0655896067148936
128710,-0.1270303372658749
100131017,0.0861624587892908
114984,0.1057004613490888
91120,0.127880870411027
90506,0.411643468314245
5887,-0.0671553394146256
104326191,0.459633499076205
339975,-0.8757957079336166
55501,0.1263683938726526
695,-0.8804422223217951
378108,1.0693384730864672
145501,0.6294577277505289
10767,-0.0957577918544931
57655,-0.0820499944537772
170690,-0.7281118711022443
50832,0.3623093050487553
923,-0.9580610860231142
11254,0.3349101462512486
8748,0.8252166127596334
7871,0.0645889193823724
54832,0.1158924141309146
100506606,0.2719267092494933
56169,0.3117698788090145
284390,0.1895809695171279
26145,0.1315445419286617
8811,0.8900307144487922
283267,-0.0956325805606386
114134,0.1645529602796528
100506334,1.1284153988404542
493869,-0.0909106949488074
120863,-0.2881831660528619
677842,-1.4021715874482945
101929089,-1.0352587703442988
1351,-0.1007161941898816
22990,0.0789050018563404
654319,-0.7612233276363306
10251,-0.1782872230921649
27086,0.0995217173852113
9073,1.9967690724032068
100616345,1.1245599684816268
100422976,1.9967395866633548
80817,0.1098820905560836
79415,0.1014036993670707
7592,-0.1028833426306084
27127,1.092027271895496
100996295,1.6102851673900285
56111,-0.3976848110307492
408050,-0.1669016108824593
5717,-0.0642022592624386
254428,-0.0742847762425291
55850,-0.1404624606960855
10439,-0.5243184383112719
100874111,0.6245598110741823
349114,-0.1515227534727511
84852,0.2820719883453491
373509,0.4461368687308446
7132,-0.0966047191009129
100289230,0.4845805948278842
51070,0.0943990221570806
26807,-0.6446098997832809
90668,0.4662546527049849
8048,1.9865015296641588
101928353,1.9865015296641588
441733,0.1369900015190233
151477,0.3877533870486115
51703,0.4976310485336618
84203,-1.1943497323350465
100506451,-0.2670486667435024
338588,-0.7159789286799509
29964,0.193546919172375
161931,-0.7429044132748521
101929519,-0.3315337912902963
256051,-0.0955258256877887
57498,0.0741802961236495
4057,1.4009471691139894
9993,0.0957722446719279
55726,-0.0898600021482378
79796,0.0778035235657709
100287898,-0.6750049596979787
92017,0.0855459006348229
10299,-0.071917135872191
221395,-1.3380099084183914
221262,0.8215888669006675
286554,0.5137690140782126
199731,0.136606404313532
6508,-0.1064971546196422
7402,-0.0876839476273784
29765,-0.3846504745631678
100775107,-0.1504258917327524
100873993,1.0695353967903698
144448,1.0979396145307314
51634,-0.1018037778620251
2798,-0.4229285070277913
693122,-0.7928914281366283
6232,0.0648742553029925
23136,-0.1377167830982064
54799,0.1056282316254567
4973,0.7152303034991389
644809,1.0996053499648204
283507,0.8895646845073703
101929504,-0.9465108393433018
830,-0.0649747937095924
79646,-0.0800582505258976
55572,0.092877950722247
123803,0.1006224417224875
79998,-0.4617168022288704
284680,1.0844293648114522
115286,-0.0963920042302159
105373280,-1.2026189022181617
1968,-0.0699598882282171
126308,0.1026340838913254
102724023,-0.942885828987336
642757,1.166861677280617
10841,0.4999689479854375
5527,-0.0720804155304466
3814,0.9386012789389396
728492,-0.8707257659733888
693174,0.9380666198113082
23235,0.0744103707514614
377,-0.0814170787179708
64333,0.8283952871654003
206426,0.932501963955441
83889,-1.7460211760647342
25942,-0.0672492425387037
388553,-0.5850784597569265
23033,0.0885640852106396
112770,-0.0938978445763782
54762,-0.1513399405954544
6770,-0.5418562830558835
7273,-0.1023593487558661
102723809,0.4360166879264742
23286,0.0932872881765269
148156,0.1014275939256298
114801,0.1194483089264478
360155,1.035821597385672
2961,0.0767853038849362
105376544,0.328130280059194
100288801,1.2214410024546714
646024,1.2214410024546714
10640,0.0846953610157238
283652,0.404797754460208
431705,1.387252047292095
390213,1.2535480192194317
57215,-0.101990635125374
100129924,0.8164799846428716
3796,0.0802391544420391
337875,0.7535203759164597
9270,0.0716211632549598
57393,0.3466831941881229
100302740,-0.8251178709127348
101927323,0.7018059295635443
63899,0.1384704754437607
7349,0.6691248308482297
340156,0.3096438181658978
3987,-0.1196830223218831
7752,0.1030994730766526
9796,-0.3126852872529875
285555,-1.0661028563043269
25896,0.0812618213309869
105374297,0.7125319606397387
56171,-0.3255195680874509
6554,-1.4134896142671003
10428,0.0825326147745594
4014,1.0306955697289422
79699,-0.0903649695348008
26779,-0.7694161044021012
101929110,-1.4287272608985424
2281,-0.1708887224014801
644554,-0.8140664509175578
340543,-1.5074208180113031
100422841,-1.4091167727521647
284047,-0.2447164679133416
8477,-0.8129381052757547
10421,0.0708995364125356
114926,-0.1156234465657635
644962,0.9387722600637264
84922,0.1141224677374555
653635,0.3948396147543208
57167,0.2600461087419477
163051,0.2336169814721805
54831,1.2265647586520934
646799,-1.5036292502739197
2627,0.2978093762648508
2317,-0.1027970255412789
889,0.0836099400183901
254158,0.5547908135820344
157807,0.942870438620218
100996511,-0.2414059087519259
51279,0.1058970036654318
54718,-0.1747767254924652
984,-0.0983241895585457
283600,1.2239208130584829
50651,0.4734866813418133
23359,-1.209008207504455
441151,-1.5222312289605224
340061,-0.1326302431634417
100316904,0.2846922369500648
11142,-0.1101095390968937
2672,0.4564606316889188
100507436,0.0840719348283829
100507308,1.2420026960853594
100874094,-0.7625518527007037
642843,1.2528265682243678
26270,0.1293158197181539
80313,0.1163534425453515
6687,0.0903639087883037
399,0.9573998772508304
677767,-0.8217100032443179
5204,0.0669811086449377
55282,-0.5965824788334495
401428,1.1026645285017822
55291,-0.0631093022130792
100873741,-0.5097343894504879
84937,0.1010755319089913
7274,-1.3905188420187302
829,0.0628872688810382
101927700,-0.7690380699855879
51003,-0.1282731222466386
5230,-0.0995104109806563
102723099,0.3919606060030574
105376501,-1.0258796264327548
644990,1.2430956688592922
10013,0.0721635922889786
414212,-1.5067971529141155
6943,-1.4818708751026717
50853,0.1478238730342417
3360,-1.2142242026063383
10999,0.1229596365628478
728819,-0.5956918659934601
2794,0.0659738821538646
11201,-0.1008696106997161
100996574,0.9227504360223888
100505758,0.5842535630909946
79665,0.0908299476318575
338755,-1.040122627149788
57117,-0.0856619740995374
1848,0.1249315676029442
144453,-1.3801624570024682
730227,1.6151339883075868
403323,1.6151339883075868
3265,0.0978301657319724
57542,0.0787527288245453
100506804,0.4956789313678065
101929563,0.9168683704622356
23012,0.0821075198921532
134359,-0.109271570386123
3743,-0.7259306075574751
100507056,-1.2056309999064705
100874123,1.232926336249181
100996348,0.5126014795730018
11143,0.0820769885701615
8065,-0.0927228044581091
3565,0.9265978981342182
9673,0.0742893042000664
729747,-0.4323590002482161
150771,0.2904735213502172
400617,1.2676156579854694
23148,0.1498344645593917
10459,-0.1023994370641211
3768,-0.3208067678961955
29974,0.7545272631367401
23521,-0.0680013904853653
66036,0.0836610702968822
26184,0.9679507811825444
1302,0.3060309371564277
2681,0.9008427753589922
283045,0.9674621319390814
26261,-0.5063107136286861
9312,-1.17678608976459
388324,0.2162243334493633
56478,0.0770366217922347
101927824,0.8246225640570907
116985,0.0976966227502621
101927853,-0.8785704454528764
4774,0.0971840924159047
388931,1.1219423305719125
105371405,1.4263500858094476
4836,-0.0650333751861995
55640,0.2963556918282515
51399,0.084661412774676
140807,-1.4773797493399683
27166,0.0927984136214522
389136,0.1048798420351256
1136,-0.6137789330225656
256076,-1.192367878296409
5725,0.0610807574348313
11021,0.0667647404493134
105376847,-0.5503561546401942
574434,1.401090757141512
131540,1.401090757141512
7152,1.589098756016534
101928744,1.2536114945566454
57730,-0.1441032022362683
171024,-0.1579693706640003
148709,0.9779122158034672
6494,-0.1088778578866289
101928158,1.419131444756485
102724368,-1.4209905202220785
6194,-0.0609271739562447
105373988,1.4180181695138256
6665,-0.1333386556810796
4681,-0.8094944365358653
101927157,-0.7185854750310958
9132,0.7560195673458204
29098,-0.2049724423855243
401331,0.5079511384165537
59286,-0.0917241435634698
83706,-0.1852785540055377
84071,-0.2022516623929113
100996273,-0.6853929529890868
55150,-0.4951162169307267
64801,-0.0887340658008852
152641,0.6068927327480241
6167,0.0723830162002544
51234,0.089132645274607
283768,1.1493720765675075
25775,0.6374956902005569
114327,-0.102972093770204
100500849,-0.2662102260074727
406900,-0.8678312982808599
146691,0.1003649809755801
6903,-0.0930552693600504
726,-0.1108696115611868
57472,0.0718183347358264
79933,-0.7191438343793091
222553,-1.386986398002645
8379,-0.0867035356419592
8654,0.1148142734802619
10149,0.4153930607690289
101928545,-0.5344293821135447
100505738,-0.1546865447421832
5322,-2.086625411753031
101927873,-2.086625411753031
7099,-0.1759938935110721
101927579,-0.9154088970359304
153579,0.510156066910661
83443,0.0789105863866388
100133957,0.9263596480254802
105374089,1.2373786899994008
246754,1.4009931807879608
645191,-2.086644160443789
7448,1.1197554049233025
100507086,-0.5049130869667157
81793,1.3998789750759817
114827,-0.725565573332371
9908,0.0819100141551125
104413891,-1.0210344466835486
100133091,0.2967895886968644
101927631,0.2846315930625111
100037417,-0.2699260435447974
115761,0.2579838172735102
100506380,-0.5402242552324907
339487,0.0930261682285684
84885,-0.1077197126329866
10261,0.6834714565939677
574406,0.3971757912055108
200894,-0.1248146547363274
101927365,-0.2521888588286545
11054,-0.0663942102208233
339479,1.393719318139432
401097,0.6499151878470354
9670,-0.09449562758814
80237,-0.1062876249501419
162073,-0.0927937584246079
337867,0.0623702806259352
105377621,-0.2560051093236584
220382,-0.4831773124771801
196513,-0.0878938522226312
79906,0.1335309264878923
80086,-0.592860231444973
6189,-0.0580655471129889
100289137,0.1437997648819619
5207,-0.3470094400837662
100113389,1.3900611513715653
653786,-1.5282189822536356
100134868,1.3900611513715653
26024,1.3900611513715653
440465,0.090532143888506
64926,-1.527475769499366
26793,-1.527475769499366
284836,-0.912242862972532
728026,-0.6799808743300488
100506126,-1.499555148511535
221120,0.0804178276466811
389538,0.121038697251186
105376746,0.5093126422644099
100507297,0.2242956650329057
100506660,0.5215164404145046
57476,-0.2367215987140163
55509,0.7456606261088978
22880,0.0668086275424873
10654,-0.0900395445079825
441124,0.4636595784277479
79891,-0.1192982862156148
1506,0.3654778900570892
146547,0.5067382075386461
643155,-0.0877197180350956
84824,-0.2411230054332494
55276,0.0785363160300379
2494,-1.0095976210237887
60494,0.3595982057660469
334,-0.0599625180407221
340542,0.7353075478526199
100507747,-0.9143041557919572
100124533,0.8324821149910373
727708,-1.5126109657308704
116936,-0.2025764449361981
84065,0.0907150886474078
100616482,1.4045387424848808
22955,-0.0867827291891092
6235,0.0798230008181199
100134317,-1.513709603546203
151534,0.276018542419586
54838,-0.0808272104598342
728537,0.2825757431916663
132332,-0.9424095366983464
822,0.0875068367227362
55781,-0.0935318917569224
60343,0.0851760785571178
23131,0.0578438906473731
81876,0.0707473293492451
254778,0.4606225343958784
83873,0.8989900067941272
6991,0.816543498575291
51292,-0.0679511437296777
23167,-0.0712014556371612
390205,0.6123705026207574
54753,-0.2135478077458738
8876,0.3043250658785671
8509,0.0837911920553836
100506070,-0.7220683125546303
340554,0.3256751363247728
101954272,-1.5001792313294036
101669766,0.6296079646273309
2738,0.1122912293631592
388780,0.8387232154886712
79184,-0.0910000402940208
100132923,-0.3585785215922437
375748,-0.0799912054546148
653519,0.1820580963568853
114803,-0.0796500612207953
55253,0.0907134496534236
164781,-0.5506215139691361
100505975,-1.0477652665420871
10351,-0.877238660819104
55512,0.2289336941129826
100616237,0.7505671505431726
116983,0.0905843947351778
102465974,-1.5297722454241536
116285,0.7233402723957081
84327,0.1890936923670292
56934,0.9722549890266854
84847,-1.488656591876899
55656,-0.0751949216436868
91683,-0.332657060853359
50514,0.4919939297235985
286042,-0.2987194573768962
114819,0.1591823007325443
164633,0.9532310752652088
84439,-0.2129527484761645
84967,-0.0972755133694804
154442,-0.35422519193958
10233,-0.1383911175138498
101927727,0.5405881062195044
729338,-0.4848684942931064
5745,-1.5225675008882982
9657,0.1252819717446376
202151,-1.232515821729568
25766,-0.0970579742034157
254773,0.6260019674139027
2172,-1.0380117792781998
375513,0.1608025137326715
100862662,1.2637641953402552
463,-0.0652175508306156
677776,-0.851462168135535
10749,-0.0811727514234142
148229,-0.1905015765352518
105378423,1.3995041283516991
56287,-0.597897145199308
102800310,-1.0298516829607962
83657,0.6334148718572993
81689,-0.0887271826427279
193629,-1.216823362315078
283922,0.1815707563129096
122961,-0.0981430291688425
388336,0.2392252403252674
55891,1.3773727271288625
474338,0.70446241375439
3817,1.3773727271288625
55140,-0.0784185941712967
64518,0.8165090419736379
2911,1.2665257154543466
26811,-0.4536601870881176
23029,-0.0748343751139347
29984,0.0900478836471931
84101,0.3566363062954546
8847,-0.529771165398984
57575,0.5277614566330623
100422737,0.9477575832958092
246721,-0.3368095394876644
140771,1.370926721994292
100129128,1.370926721994292
101928766,1.230767022977841
2762,-0.0946717758991071
9909,-0.0792213402738477
349667,0.313375144840309
133584,-0.3155484234647325
64067,-0.6605935010519393
57624,0.94326892487401
11255,1.9669442434730584
97,0.1577690830797511
2527,1.2519580849202605
51307,0.062117142880719
51097,-0.0859695274669833
390010,-1.2048143699198248
113419,0.060609033492163
646817,-0.8097530667935794
102724084,0.9705626160897038
7812,0.0577921109018377
25950,-0.1352827846275022
254263,-0.5809963235513619
57679,0.0612251452827371
23049,0.0780621937399209
2665,0.0632184067993852
101927111,-0.3078038877228797
100506922,0.2877891513774898
3141,0.0881705784030264
91181,0.5967471495100964
140883,0.1570623257349485
4299,0.062458040197765
2978,0.8140727197487565
56253,0.955107206348085
4440,0.932852936061077
728635,0.6263410738910918
118427,1.4308855906449822
100861516,-1.4864777453160374
23365,-0.0663321580277062
100750246,-1.1826805132059794
4853,-0.0791190237688506
79760,-0.0973350218210753
105371397,0.165782870820179
10141,-0.7650877692942409
100132781,-1.0256367058855629
5091,0.0836454134728932
120406,1.4244875081541275
6227,0.0713691019474153
100129434,0.9886836544156212
9639,0.0582499873663225
84849,-1.2071944061854207
57513,0.0917511923807856
3481,1.3916520983525646
64927,0.0745327712550695
105376780,0.3978439071796735
348254,0.7559730346414258
10850,1.3903032193029785
3623,0.3271874149903986
9472,-0.1347313229162309
26227,0.0748301756166279
284365,0.5596362417703428
3872,0.088770065742956
148137,-0.0980920463045001
101410533,0.5956086244572409
51187,-0.0909476921695956
102465491,-1.203409850865728
163590,0.0597981778415833
1180,1.4198359628349997
102724224,-0.4474831385759936
8545,0.1013786780021397
10075,0.052021162391594
56651,-1.1993464071778823
10343,0.342958274016215
22993,-0.0654316183771783
26058,-0.0562120799621488
100996539,0.4716804942223584
9228,1.2423758228212738
29956,0.0561190450489971
1536,1.404928412493906
161247,0.829232731736155
347731,-1.4689284778438838
100033435,-1.1967280847505677
91355,0.1263131515070213
6205,0.0608421250817272
2159,-1.1943375285695934
3816,0.6402271138734968
132200,-1.0363812722417407
149175,-0.2483267754103787
6343,1.256839064389921
542767,-0.8936371465285239
260434,1.760632498446528
100506281,0.8107392976053486
3270,1.1906682867523797
100652758,0.3496925625169668
100288254,1.760632498446528
83787,-0.0967397415084068
9049,-0.0801805410443252
3785,-1.5435077582977867
4988,1.2566975682381465
579,0.6314081824253404
1975,0.0561399491158427
8490,-0.1489201015406701
23552,0.1241098221110032
677832,-0.50464252839579
7850,-0.2708134859252952
6019,-0.3371313580702062
3148,-0.1094933563058588
29763,0.0800614373311934
6788,0.0759194066103201
60492,-0.0806764253801487
80307,0.161928836476833
2897,0.4572356555057403
388886,-0.1174305879634885
84328,0.0809354508835446
165186,0.7407821756241038
9997,0.5596121114761519
729597,-0.5131719946632526
140803,-0.1815886969507184
100271836,0.218514256528355
399844,0.2762515412685372
103091865,0.9686075799759782
387119,-0.1481054653378058
4261,-0.4147211063845958
162517,-0.77184676463612
11184,-0.6396721056682265
93653,-0.327242883278779
100130855,0.4220063132986507
10671,0.0686617707263354
4034,0.092626468694453
403313,-0.0869735257732487
8239,-0.0577142262706033
407040,1.393094307110725
55156,-0.1026902872770715
56683,-0.0675439528320785
100131726,0.3529946589908815
100506755,-0.5973923884192023
60684,0.0642941042614009
3268,0.1121528432226668
7062,0.2553609584464507
728780,0.2588235496290064
4486,-0.0914085279940026
643669,0.7225974344561097
284001,-0.0890959899612732
146310,-1.2012115066673086
101928509,1.2176198345554623
144717,0.0961240312363219
163033,-0.1017570696223396
101930071,0.4465335655011311
10447,0.0654949828408824
7932,0.5045365950220251
664618,-0.8254739821724629
101928445,0.3905452753952977
57684,-0.1350838391793369
339175,-0.1054967772763257
4946,-0.0605680825605518
84337,-0.0736302098114247
147965,0.114080084531013
1822,-0.0788091221705415
25826,-1.165789985639091
5928,0.0736015603041723
284904,1.2113980385945888
284565,0.0682442387641689
51185,0.084344980783597
253012,0.9991776132339288
255967,-0.0780471584163673
441108,-0.2167988812538092
84572,-0.0852636391955377
10642,-0.2513344928832136
651430,-1.1601896083601773
2768,-0.0705744854108666
9480,0.4159645788565162
105370579,0.988829462458103
283953,-0.8913212562651351
6144,-0.0575425727661562
767,-1.187784724150856
100506679,-1.1572692332982484
100499484,-0.2150511626654767
2709,0.1235958840156852
343263,-0.5146095390962137
11309,0.719183804171954
1073,0.0821480366310301
54986,0.1002880950478574
255877,1.004181216615624
196294,-0.1765310652915236
101929234,0.6957942472067468
100506299,0.3610305170537509
105369590,0.7438440170828036
11042,-0.8429046818602579
448835,1.1993138559528866
6332,0.5793246690888443
374900,0.1059375407843047
55228,-0.0888592369581631
105373489,0.3039928016924368
23109,-0.5013190723480713
65990,-0.1622681906998298
125476,-0.0766379840584812
100130872,-0.7479514029592887
102466730,-1.1977402430178166
400668,1.3609419633320878
23085,0.0570578386314686
9086,-0.0790165461652354
11185,1.0088485306182382
29068,0.0808202704154882
105371730,0.5063061292404603
131368,0.1454309939008728
219899,-0.0937060583098181
6464,-0.0916742491121955
10285,0.0884172793246717
645455,1.4339649152475704
100287846,-1.4692170255854426
105377210,-0.7331831214651164
89874,0.2086523670837623
56123,-0.5538133046699562
11083,0.0563899975699246
146433,0.27669406711443
7071,-0.056018272239047
80267,0.0704638192087006
6753,1.0495492424808472
100132774,0.3111868856604725
8916,-0.0593303746114945
222663,-0.3443487011850181
127294,-0.2031577178141067
90332,-0.4267900842762211
6565,0.1867735441997509
101929657,-0.998378183788612
102723513,-0.998378183788612
147948,0.1368750399027176
27034,-0.0675940137311941
102724279,0.3256079624828872
8673,0.0840056461434888
54512,0.0921775655495465
64240,0.6197854444357144
282973,0.2656895793520751
728411,0.1365594659304496
79624,-0.0805528967495589
642976,1.0586217155731803
202299,1.0586217155731803
100289673,1.0437480524007683
26,1.010280578311742
644890,0.6145155242964275
768096,0.4884037709977932
101410538,0.2098576455393767
105377774,-0.1572505078949043
199777,-0.0860196730981687
9409,-0.0967833239557136
102465436,-1.217148947707152
3201,0.2837793328092734
595135,0.2469739930362721
4247,0.0763565776437439
5893,0.0846247463985865
10151,-0.5787094228537649
90768,0.1267168346185507
150248,-0.7099987455374708
7681,-0.469317326450169
161635,-1.0046080787989908
102723483,-1.4838404193840324
159091,0.1688301083036529
55795,0.0699024910805286
8443,0.0641633757481508
414,0.0652923222299272
105371931,0.2267429523670803
55316,-0.0657556600047282
5884,0.0807467893155755
9142,1.1832811683058937
100529211,-0.7193800630386716
100506076,0.8307335011923959
4967,-0.0732015189384085
51348,-0.825513682728435
102724488,-1.0178899075121612
1729,0.0653446650948277
728591,-0.7579267130709064
5463,-0.131044469181834
91137,-0.083554371110948
79712,0.088195953851133
93650,-1.0205532930823358
7468,0.0785969068248487
2526,0.1225930796498724
56246,-1.4664527349929766
729887,-0.4785273008536265
91746,-0.0560536008580075
100288778,0.4008277998512722
101928741,1.0407896108581325
57576,0.2020464423690615
9044,0.054655318765726
160728,-1.199195954101458
706,0.0805363398543713
285588,1.3564979883461146
58512,-0.4868330228696489
4184,1.3551458935662342
8405,0.0794657576235315
1750,0.5245411817335397
9948,-0.058598375934297
101927215,-0.303374331631135
9499,-0.3724416177654456
5104,-1.2049672673688745
23533,0.9949799942494376
196383,-0.0947251400870387
55236,0.0612307126000099
23126,-0.0652595537232492
56110,-0.5385403855044497
203197,-0.0836274639365881
84892,-0.0871607657450832
23325,-0.0821785303447828
57085,0.0769666450082106
85352,0.2005004273410878
102466723,0.7154188246576988
400891,-0.7218746032594198
387787,-0.2420419771944459
100009676,0.1706231571459897
100128893,-1.2017560159510066
79109,-0.0605045935146176
653505,-0.6918669298542763
90024,0.1452965442823692
400619,-0.448581523589084
8537,0.8093924326965968
158046,-0.4035064287834442
220416,0.7366221661957236
162494,1.0289321197732997
5045,-0.1033564143670795
677850,-0.483438053221791
57092,0.0780107191122956
203,0.0679203488243101
2660,0.4942293348982725
26019,0.0598928229979544
3055,-1.193069125043409
100287013,0.5847294409301523
149095,0.5250940633361243
90423,0.1288556287378592
164312,-0.5004629334859881
84501,0.1911997924923708
6625,0.049468043746444
100033431,-0.8749321447303723
257044,-0.204685245942316
8708,-0.9950008645002822
317762,-0.0886356580417744
79024,-0.8676588878447856
100101267,-0.0757262123702854
283847,0.5209367580229833
10815,0.5352199688921979
103689917,1.0484709313464884
101929760,0.8291096273502052
102465530,-1.0020335416510473
130013,-1.0020335416510473
337882,0.3531315879992389
94027,-0.1827642408828207
6284,-0.0636609019403706
115677,-0.5674238414258475
101929140,0.2770089107268714
677802,-0.8778737760683588
2793,1.3724597337762143
342979,1.3724597337762143
23531,0.0990745827793966
8907,-0.0656033385334376
9825,0.0880063007686151
406911,-1.016266184411471
692157,1.0430531238299552
22829,-0.077476774966302
100533464,0.9717509771542102
112885,0.7207765580274677
51533,-0.1104613504704417
207063,0.0764827238020889
101928079,-0.2690590350670942
3745,-0.9779348815600236
26285,1.5500436187016842
114787,0.0744812031391508
105373314,-0.9659679958786764
8100,-0.1113281641454972
255061,0.9682924739014864
728730,0.169340535375878
200350,1.0392493680647812
56245,0.642121329535221
84443,1.0547868034896228
256949,0.1589142009159568
100874364,0.2924860814299961
57188,0.6415168577918587
1356,1.0539300943877992
368,-0.4353486830423563
123811,-0.0821175640486315
51304,-0.0525867143866839
100302237,1.0602698339724308
55203,0.6055320541054768
5199,-0.6765607363907317
102465136,0.6685740481584945
6709,-0.0649547014515309
140823,0.0783641661491589
400798,0.7240616530145586
57419,0.4793475681185848
100133220,1.7763753446170811
55114,0.0645710043303607
27255,1.7763753446170811
10987,0.0585216182926515
317761,-0.8119533684112579
283629,0.1449782366470699
11269,0.0804856223250004
22869,0.0752804983793992
101059918,0.3478745859294905
51642,0.0764320272034148
440193,0.0807566145786931
11133,0.0967520877600722
644936,-0.85746385822025
728342,0.7221493549645259
105373244,1.0556570445327271
105376339,-1.1630196072508
27005,-0.0685022888902523
101926941,-0.2909382966329263
8288,-0.4500083096973297
101927289,-0.863195706708825
3854,0.1200051408163162
57549,-0.1480146507867319
221955,0.072924924126365
4636,-0.139033019287803
9440,-0.065490599077757
7287,-0.8620396699191968
100653515,-0.6593342796073918
1743,0.0548158221806092
10294,0.0564002539583146
100189146,0.6478894330576558
84844,-0.0758014114838783
25858,-1.0278396349064671
80274,-1.1454702805546222
54829,-1.0278396349064671
79104,0.5982536525317498
9138,0.072751237826808
102724820,-0.5836217720163306
6708,-1.153521441921567
102467073,-1.0257250422735993
57559,-0.1056587711406167
105378192,-0.8852252506589262
100505633,-0.0813162778021698
419,-0.5645310903744105
407019,0.4908392945673374
152877,0.1404515558721054
84545,-0.0691400328050975
55909,0.0712795097647596
105369316,1.0352147534641658
145783,-0.2103419493776655
102724064,-0.6335258095396114
4439,-0.989607112770279
441161,0.7030954193294421
80298,0.0964586933312241
56144,-0.9890922415632264
100033434,1.033872385745603
79668,-0.0696309188449809
724032,0.8349586638324339
79611,-0.3797036277057782
9322,0.0811340683210806
23087,0.0645193079077154
100506144,-0.09590488578186
55786,0.0923185135364673
137964,-0.0558782822677164
1991,0.7070000505075335
7268,0.505036712812535
285331,-0.0884584203389678
10393,-0.0994899216149098
114899,0.2665179226664166
102466747,0.2718399137324972
100033820,-0.7808367530728106
10479,-0.0670010890049607
100287944,-0.8597903688107472
10981,-0.0727376839034404
11223,-0.5839173683756901
63891,0.0569349030742496
92973,0.2403496395181996
121391,-0.6068093609204822
27247,-0.0838311276861964
100652999,-0.8707623117607922
101927245,0.4008327381417426
8667,0.0536560640427584
2775,0.2617999945202843
151056,-0.132614007577808
5885,0.0561364269552953
56033,0.5621474942761162
101929357,-0.7753581803269184
100131315,-0.8554621742158551
23654,-0.0689557502193783
102467080,1.0097436226436391
338323,0.5949229538052714
6767,-0.05416821953756
101929716,-0.8541873942778623
286336,-0.2316019590865401
339442,-0.9718259330176302
27010,-0.1529223329976014
148423,0.0757290020316104
101059906,0.4484571590412264
2342,-0.2698465571193268
100128361,-0.1974831375492232
100874343,-0.5442216053208343
65084,0.0695380816148096
728888,0.2399848555693945
5382,-0.2816382616410187
54551,-0.5816357571544728
64978,0.0719747059057153
84437,0.0870348201209876
84206,0.1595114889505887
3373,-0.1712120880849478
51005,0.1001177603338198
8514,0.1040626599732999
472,-0.091009754681416
6656,0.8159928461557151
117153,1.04223554800146
101926987,1.061919561763374
8559,-0.0680778592077615
101929574,0.8168915848352754
9770,0.8149672694854898
171546,0.0725128005528515
401409,0.8429812404888126
4005,-0.1934256470377832
149134,0.6997329625983822
100506753,0.4382579635828966
653140,0.4979108058110292
728609,0.1830247824620087
54899,0.0841375479455084
283140,0.2488384683130241
283143,0.1165417323124766
9617,0.0851889873087777
283455,0.41799332527803
154661,0.278351356155159
5947,-0.0963285842465593
101929607,1.1553721650035136
100996266,-0.7781418564842792
285676,0.1562008132846213
100506314,-0.1253001814982129
105377808,-0.7697403995915629
100874322,0.7072273923530781
27439,0.3631190237777393
100616387,0.1156487737763339
54511,-0.4081887526058794
9271,0.8450440310120764
102724235,-0.3350824268293214
101928793,0.4770057104074907
1943,-1.00606578965902
23732,1.076238603476075
93463,1.1489213680602122
7434,-0.568938851119025
342538,0.8359740596978448
112869,-0.1187503688963314
1523,-0.047296615849218
100189028,-0.7656662139829025
55090,0.0817686285757159
224,0.0585955842632592
58493,-0.0731853249523302
3384,-0.4777823633897489
104472848,-0.461352833134251
441908,-0.3934058782659989
441455,0.7995574390691217
493754,0.0679986757531218
80210,0.0666259588259308
217,0.0645810560110042
104472717,-1.1996621438234227
285313,-1.021170033654308
8771,-1.1988246339762392
140678,0.9638019923342844
55700,-0.0853415960216302
387885,-0.6128169536331729
27253,1.1438680942019912
6361,1.1438680942019912
50831,-0.3614965350031321
147920,-0.1373701367231148
100506392,0.1441578397288343
101927322,0.6086360715247735
23209,1.1426996724400953
145873,-0.7686848107670503
692109,-0.427368744112843
503637,0.6245068863888428
105375661,0.8360012072406027
57864,-0.4169111013223125
161514,-1.1942152514625513
100192420,-1.1942152514625513
100505616,-0.2194316366963508
10776,0.0590568268717704
100507564,-0.4569175711405935
8890,0.0604848311517066
729799,-0.2128597989303657
100233209,-0.4672121863426148
55005,-0.0682308094618492
55779,0.0822376465313911
5825,-0.0622129909922243
100996492,-0.3823672358475467
101927131,1.1362451639916944
5905,0.0571081019953469
25819,-0.0796598247263452
84984,0.1332269410327741
11340,0.0722831871018519
2907,0.0730125427183109
647121,0.2971914247700063
692108,1.1354275523954795
25898,0.0861325065593058
8295,-0.0509457279785373
344387,-0.6967208424445854
390732,1.1342585907351033
340198,1.1342585907351033
105369188,-1.1840648594413286
648740,0.4076596121179417
100506286,-0.3408897999823513
684959,-0.2271911197617944
388759,0.6226064167999446
148327,-0.1096440068766883
341019,0.8134334971884325
56548,0.1431537129381113
219854,-0.0858907791665927
100499177,0.0644495354121423
4931,0.0648944846163159
8424,0.292654167248288
94163,-0.4348289525407833
3626,0.5390668281743539
284009,-0.5439846760582182
8224,0.8021022466058149
105370172,0.8582676148412206
4756,-0.0648764995662392
115426,0.0591925032046993
285626,0.6281051743645647
101928943,-0.9566271061341808
101929402,0.7303701113891613
116986,0.2240774334941628
55854,-0.052955756649934
347733,-0.3677622749463994
100287722,-0.3131699213406138
112476,-0.212132611507055
126374,-0.0953859563050601
5013,-0.1389707575609717
81557,-0.6435551305159499
100287765,-0.1203635753307397
100287036,0.4810824180873135
10801,-0.0811791253863024
100529855,0.4214242760688919
25799,0.0947022716539069
79751,-0.0736174218454661
126731,-0.0891168206727092
101060091,0.5054809207858195
59283,-0.6903061955994716
84900,0.3485243373187664
11211,-0.1716483957188272
254128,-0.1729783868329588
23783,0.7899233907742724
10734,-0.2193185439146176
50809,-0.0515187898457598
160492,0.7059860893423696
2954,0.0702003109104832
100189416,-0.856491853634463
135656,0.6244670997208497
139716,0.1530422030431411
100820709,-0.6890931870476792
644660,0.5164540339804793
23512,-0.0708015652821083
7089,-0.2434708129265561
100996351,0.339471813594175
3425,-0.0926300006958989
388015,0.6467281042413023
11330,1.0022862072070908
552900,0.1460180664400811
154865,0.2858202390641535
10748,0.1325880795310324
79628,0.1038756583632716
127733,-0.7635083250567478
284632,0.7898681502022191
497661,0.3998254907462452
768,-0.4318977566298043
102465521,0.8307427036447849
23635,0.071803132246397
246312,-1.1613525848790929
5469,-0.0493788940580233
10389,-0.1960436817114903
2060,0.0522714173472187
100034743,0.4225787275309818
283212,-0.1797440157416391
6923,0.0775602941449962
101928846,0.6071433211476613
8161,-0.0636699044583834
6675,0.0460106331772693
9555,0.0457969774897165
554203,0.1429908181040853
2314,-0.0582987671123121
116844,0.4724575503005225
79853,-1.1567281939486609
8851,0.0958886406997879
80122,0.6850285021307554
105376875,0.8179454948274083
100302640,-0.4195240945721784
57461,-0.0871873166145724
100129518,-0.5004896375695917
388325,0.6575731627844801
91151,0.1025798766014708
7525,0.0645685071826347
730087,-0.3505257233278184
6713,0.0567341340774682
3588,0.0688117852981835
100507533,0.8169220674523183
728558,-0.6429267319664747
9447,1.122399261326205
387111,1.122399261326205
125950,-0.0593378403455216
728130,0.2487245012095525
101927604,-1.2258504757608415
100288846,-1.2258504757608415
64180,-1.2258504757608415
100507117,-1.2258504757608415
27178,0.8128941534971066
4221,-0.0567917197917141
2620,-0.2767878334187743
1959,0.3807226981638333
439994,0.255649220446978
113220,0.1876755523044518
2735,-0.3399814094276001
26048,-0.076344536513548
254896,-0.5864972588759818
341883,-0.6374894753944432
653659,-0.3653366181620255
100133669,-0.5964626353696062
100302743,1.171861802688321
1602,1.174374560836725
402117,-1.179538620733122
101928868,-0.6364475464908985
26030,0.0742222774347848
5739,0.4991563942989073
151009,-0.4755178364161353
55335,-0.220152784977657
10164,-0.9137483233346272
84331,-0.1089080626945673
100500812,1.170187420103562
101927698,1.170187420103562
101928891,-0.1979600706113709
54545,0.0652983574536471
84681,-0.0740347521079111
102466745,-0.7064057890966773
124817,0.1722758508330288
102724541,-1.206502081883171
6029,-0.4170490293078317
84978,-0.1010525014753306
64092,0.6556168950996143
284751,0.4687984695435824
376497,0.0790466143463009
100288615,-0.1672697344252655
1622,0.0513110160075468
285847,0.3831277326417351
10002,0.311592810933297
55225,0.0709292829536487
22918,-0.596117110444076
64922,-0.5633787594491096
399715,0.357061459052709
10489,0.0538947251565488
10092,0.0469881394144369
51447,0.0497454295015424
200403,0.5667217176504864
102465256,0.8057338294415008
54853,0.0565132757292736
105375109,0.5737400166012835
346528,-0.7217742474474662
92106,0.0690473067341803
6550,-0.1391044323606177
387911,0.8051059640576165
100847010,-0.6513912131107502
101928043,0.6998685624843971
113691,-0.4371073769324876
57187,0.0585660160981878
64375,0.0842193170899383
4775,0.0529156275645209
399708,-1.1966465934169364
388,-0.0652367055987514
5342,0.8363040327828839
2139,0.7957252139068361
728882,-0.6977865076814187
102723508,-0.2364561113690083
10218,-1.1948481874360546
105372493,1.137067200917444
408263,1.137067200917444
4745,1.1562277621603607
222662,1.1562277621603607
11251,0.8513665696284477
101929730,-1.1900885850145282
100996280,-1.1900885850145282
388536,-0.0878649155131775
124641,0.2262036705671481
57214,0.2237116165474739
1316,0.0541073225631219
196872,0.293250144787594
100996465,-0.3882665850840287
50614,1.1754236053022988
728407,0.1340689359231393
63894,0.0534134193700642
57636,-0.0765410955666668
30812,0.8100492378131392
11317,-1.2061288072707377
54088,0.3952248810199462
23639,-0.121770336007626
130951,0.2159315178376405
56254,0.0674667189691471
56242,-0.1119733125790293
729288,-0.2232245658062097
4814,-0.0666497561471859
90525,-0.1614417089346207
94032,-0.2203452615656214
84364,-0.0517489131406127
105371921,0.6352326315492581
9278,-0.0630561518503333
7576,0.0705534272608514
7329,0.0440298138226055
5018,-0.0547885675048859
100505536,1.1254609546920775
7936,0.0500478220524566
54913,-0.0956556509370188
1748,0.3780414105267973
8785,0.4081056629081173
101929152,-0.6315925042609581
100507244,-0.6315925042609581
101929225,-0.9001127279437053
84292,0.0917304968993908
100507135,-0.5321894537588608
100130771,-0.4309968128676734
148,1.1388470167355975
6276,-0.5402742752485458
441478,0.1717763309350925
7341,0.0595114159403269
4217,0.0773137998511222
64788,-0.0930562003028555
401535,0.850354228543061
22987,-0.5337003601305047
284802,0.0976068289349147
100505978,-1.1901856716156132
57282,-1.1901856716156132
646736,-1.1901856716156132
118421,-1.1901856716156132
100507299,-0.3143163054247757
27164,-1.186128759409416
222256,-0.374628143240724
8409,-0.0586774261004986
101409256,0.3829714222993367
102465454,0.2784161434066681
284013,0.4064824723559075
29894,0.0556920438193924
677770,0.8088960246470441
259294,-0.5148338449747834
84698,-0.1750644287830486
23677,-0.0612346910866614
9684,0.0686843366514394
100131496,0.4335556597489788
9355,-0.9161391626266916
9926,0.0592499432530025
406992,0.571051326991949
100506385,0.435280232537242
11250,-0.9155038182088076
8609,-0.0506573768331082
8763,-0.0714686377429255
102723356,-0.2367584505080146
338761,1.1260121073701783
101927932,-0.3719222103934911
148696,0.345185183004068
105371910,1.12467629399006
5169,1.12467629399006
1105,-0.0686728142271282
9595,-1.1551154245035529
100421577,0.4407895286278582
105369337,-1.1533101426947654
57144,-1.1533101426947654
646588,-1.1533101426947654
51807,0.2824072320279253
1902,-0.0553565413709134
1456,0.065321052736084
79780,0.0792262662116441
101928303,0.8353982702164483
57130,-0.0569858426567501
100506746,-0.1368386329521829
9991,-0.0560127027061679
54754,-0.9190011588841804
259290,-0.5927323015330677
101927983,-0.469993558792564
338657,0.0928266006488338
120379,-0.1966449647580792
101926904,0.7926255446782654
54826,-0.0847878514668237
388327,0.0908829688310759
317719,-1.1427767576633527
10970,0.0454722923025041
101927420,0.5399099607356691
645431,-1.1604678321119613
256236,-1.1604678321119613
653645,0.8093396534517211
1627,0.054204462867394
143941,-0.9472864357382096
154092,0.6407148591189554
80194,-0.0793457703751878
100128568,-1.1577241933759073
388701,1.1108689958245377
53833,0.0577953587098864
64146,-0.2520948519993495
56936,1.1307598953106557
6135,-0.0428812449838919
150,-0.9118653184673056
400960,0.15058927941077
386757,-0.9429013846383276
79858,-0.0748398074846405
102060282,-0.6271747473818733
55031,0.0461864498755197
100507098,0.5224290744347768
11074,0.3290338137506738
51699,-0.0537010277467474
22841,0.0635132636305294
102724826,-0.2084479172540099
400685,-0.7286862204356771
101929989,-1.1485731229186091
59284,-0.936377580759026
100506730,0.1149316221679847
55450,-0.0590557694548162
84520,0.0990324040888301
8856,-1.1476545054575973
440248,-0.1126770835302205
100128378,0.2543140724334701
100132163,0.4207991886489527
85028,0.0758303892860276
219731,0.34876334512665
728655,1.171921650999538
387521,0.0656675193345273
9895,0.0491235272572652
23623,0.0575990432537091
154761,0.8187350320522593
100874365,-0.3101257400491652
692072,-0.1877474656824179
100129845,-0.930589265441196
79868,-0.0626283518584946
126859,0.3752187884623106
101926896,0.5514207541102828
11119,0.0699152713849664
387707,-0.6286520440935288
100506084,-0.3387752568679812
23607,0.0657421431102834
101928085,0.2296592986122994
27033,-0.4054907829876962
653075,1.1653205133751856
55937,0.1928504715483238
105371346,-1.230781341261864
105373268,0.7768782493292075
132158,-0.0977365874718175
51110,-0.098786820687865
164592,0.4699152134229067
102465488,-0.9361268038617058
28989,-0.0654507261444824
100652739,-0.3876079936710633
692089,0.3058380119084684
541468,-0.1487608599345146
406988,-0.1448398532963956
1612,0.0657834505956249
23171,-0.079872129703756
56890,-0.0929894642991383
84275,0.1031077608378553
11140,0.0532393496316799
100287227,-0.4758385378802593
1620,0.2568092223928148
285548,0.3361678759057382
79895,-0.5681761076736773
2912,0.5632347100239721
117143,0.0734516962986552
58491,-0.075378069507518
3938,-0.931583086648315
63924,-1.2201053026040545
100132463,-1.2201053026040545
6736,0.2428896691366957
23072,0.3214567778571321
57343,0.0540653023180716
121006,0.8008677772419504
6154,0.0495328404250774
400512,0.5537120224709655
79819,0.0843671124818799
100422860,-0.4730224205074284
102724112,-0.2386133125799237
55505,0.0499454364198307
154313,0.1838941407607594
2749,-0.1108454867052949
257203,-0.5235139094008959
22866,-0.4119922337120529
342850,-0.9241617297141702
101928120,0.2831736841076055
121952,-0.4417372227503558
7337,-0.0529499098943065
51252,0.5523783452956977
84278,0.173694318503183
284612,-0.4953653894637223
84700,-1.1811828975559928
101929128,-0.3420744071565874
56949,0.0569135768740515
152225,-0.1430346465339422
139231,-0.0596640211676355
91450,-0.5075347964513515
101929633,0.6851499266031402
100292680,0.134523251231321
6161,-0.0414339444780817
8864,-0.0837795496652339
100287177,-0.2895011435858194
100506207,-0.2128907923318282
6606,-0.1152846895662932
728340,0.4060805142976263
101927087,0.4521817157354136
100130890,-0.130613767176319
51082,0.0499859613356974
400931,0.1201399403982192
56106,0.1184875485426849
252995,0.3752727952140116
729177,-0.495610444987287
100287896,0.1197276182127232
27433,-0.0963340865517769
10930,-0.3071646582365836
653113,0.1627553291313287
55011,0.0493936324486528
115584,0.3693045343926644
283229,-0.2023173440106048
104355426,-0.2132238898120975
203062,-0.0755376882995343
26290,-0.9121176113482664
284029,0.4496455277682277
4245,-0.0518438074974625
101927630,-0.775282417415524
101928988,0.820312570612329
205428,0.0730840653435977
100506639,-0.1210900464394725
84103,-1.168683798936283
1179,-0.8251007019686767
150350,1.1334584673658292
9388,-0.0484205822611513
5555,-0.763626742986865
10081,-0.0547063304852807
253559,-0.4126118071585424
645367,0.5853538805680584
340286,-0.7754004237223868
100129215,-0.3554631634651795
55312,-0.0682668991517566
7799,-0.0449638062082916
100128590,-0.5202456908706852
57030,0.587050465282316
64854,0.0556307860214543
122809,-0.0704699450542722
100534593,-0.396091432195178
169522,-0.6116210557099754
25837,0.2369151803456912
54925,-0.0576611817707894
140838,0.0779760079209092
9282,-0.0482974918919418
1731,0.3775442758669547
1524,0.6667744558684251
729732,-0.4871341438103989
100129361,-0.0675001535217374
57512,-0.7670461840772169
7297,0.0500142346055341
51398,0.0602621662397347
10058,0.062499111191637
100128782,-0.1177905339608876
5923,-0.4369720477009799
102465511,-1.1738190826618762
100885778,0.6685557070577034
100287808,0.3982201951042962
7102,0.2811731383120702
100270746,-0.3259086343997745
653427,1.1188240138925147
101929369,0.324561525205683
3781,0.3897813966379376
79180,-0.0692880985478364
50,0.0479998635189705
147525,0.2381290414578668
100507043,-0.89206873014071
23779,-0.3490074203808611
11199,0.3408337049610163
134265,0.0562477474715303
401321,0.1158234794235722
4240,-0.0520075210712846
151230,-0.7606003103944611
9318,-0.0592931953238353
100132288,0.3923494040110014
390110,-0.6704651878120694
497258,-0.1278644044876224
27175,-0.0635965303646314
10103,-0.0664074501017019
8904,0.044176456795672
51531,0.066838548731705
10344,0.6622090624919401
51738,0.4866113892144751
27332,0.0498041252395975
924,0.5773548030013712
105374860,0.4456355984999494
2207,-0.4274117114402239
9310,0.1027437445904815
130872,-0.0481083196789381
126526,-0.0742615502566421
9868,-0.0479386370128886
90025,-0.0952106536765066
151171,1.1024151156203343
643707,0.2272809229459957
4824,0.1150507158007744
51368,-0.0622256678764087
257236,0.1174280019499348
101927969,0.6638804021858441
55109,-0.0591224933798139
3931,0.0772835638270042
55526,0.0563705857145728
84740,-0.272099886587486
105371789,0.4451162233652593
653162,-0.3772169867769285
54662,0.0495773322552705
100128569,-0.0981189450165023
50619,0.0610279815335667
406933,0.536530507873046
105377637,0.803478730464024
100505683,-0.581245043094798
9402,-1.1395755304176445
114814,-0.3244682404593831
80741,0.2811617111038287
93492,0.6807761966041888
414235,-1.136641007153721
57526,-0.9302903233805564
113179,0.1568709770705076
93973,0.0477305775420961
101928099,-1.1672050135615315
114,-0.7962587062379244
400221,0.665083108110917
152485,0.0490868835785952
131873,0.5385467427591654
246182,-0.1929065789636162
6899,0.2589499600557142
125144,-0.0382871599755922
10875,-0.9264771445269472
100128081,-0.950089543270528
101929539,0.8333419304613439
150864,-0.0707077656494124
5786,-0.0467403736935416
440563,0.6827723636344094
80820,0.1779876953893886
692090,-0.3234726514462963
100652883,0.255911930804276
150353,-0.5893274938974836
375719,0.8156366373380257
392,0.0506825483191943
22828,-0.0399157259616401
100507065,-0.2343196774482175
149840,0.1542820622917662
2066,-0.9422746051045948
4055,-0.0536214631665884
100130691,0.1132777477360139
50846,0.826651721531406
11039,0.3628326828177046
440145,-0.0797703394355591
100129961,-0.2347915961346053
158521,0.8253193795166779
64170,0.2379838619381558
55972,0.0828910549375211
8939,0.0408502469380507
93185,0.0607877163849846
64784,0.0468552102972887
2901,0.2671372551057787
105374753,-0.9122680819191652
58475,-0.9374251477384032
283761,1.096847350120741
641371,0.2301880562174638
5462,-0.2363794727951801
103752588,-0.3188037042652171
105369660,0.4944960021045013
100507487,-0.1442248592720654
378706,-0.3722703817609004
6328,-0.670965915965301
55231,0.3178119078689418
64768,0.0675093904888672
212,0.658676158751422
54973,-0.0467877224495349
158248,-0.6857905500914802
51652,0.3136484282990349
10181,-0.0404398590360026
3163,0.0568985813375941
123872,0.6729711296392108
3418,0.0774750110873982
27129,0.4148798273770574
148713,-0.7742870634895198
8435,1.0867714693022916
1376,0.0566050099687795
23116,0.0620370940663669
55816,-0.6548204028312877
401588,0.1338481500785803
140461,0.0609722759404853
219681,0.5167773025528511
50840,-0.245915345690514
101928377,0.3369703914022821
653160,-0.1243023810435566
138881,0.7022543226127417
23418,0.3212971583949229
643664,0.65249593213351
91646,0.5759525174654254
283820,0.0670658156837586
100506985,0.1262039158518017
100874366,-0.1835888752713552
100507524,0.5115540976134151
101929380,0.80885158868735
101243545,-0.0844854329221247
55898,0.0499897872964581
55422,-0.0746597644538871
8363,0.8075262508909131
9244,-0.2339554116479419
101927117,0.5164051767385093
100528062,0.2064972580889707
3329,0.067398881525845
353116,-0.0576913398087676
8725,0.0442030872501786
83549,0.0513003651606362
58480,0.1051164301332738
100507489,0.3834063567654252
51150,-0.0414497423415006
102723996,-0.8172393475586099
149473,-0.0993914138430128
401262,0.801724266233406
206412,-0.147221688881491
347516,0.801724266233406
100132707,-0.1299413058881088
100507300,0.352021637902749
7552,-0.0721518332210952
285941,0.4380904338072346
58506,0.0507448671169078
374860,0.3807168822813473
387712,0.2108336846115412
646405,-0.1802034401223184
2042,-0.4755267272041868
902,0.0552611352068032
10319,-0.7858536717307918
101805492,-0.8809078495287682
253039,0.0744230086433684
58190,0.0559728347778575
197259,-0.0586954593471769
1716,-0.0475870365481256
51108,0.0451159829281251
353189,-0.29964799009242
27254,0.6981287446272935
283869,-0.4259565734424554
51554,-0.4326729940224765
441009,0.7830818469789823
105376909,-0.755643694431816
79567,0.0531549607693421
5694,0.0447755243219266
4222,-0.6094852143831895
101928673,0.2145432136653588
51222,0.0641717592342199
79171,-0.0500540572985648
347736,-0.2051895466621835
344405,-0.2131433867746897
100286979,-0.894014248214575
10588,0.437927098140367
317751,-0.4001846218643765
132141,0.8322442520121375
414152,-0.6579182264350604
285527,0.0422226328000727
101927682,-0.6770123388058193
8546,-0.0380550199751066
101928940,0.6400974952598542
692058,-0.5471312288357864
51614,0.0394741611090039
150684,-0.0716209278148194
9814,-0.0563570762016485
100507118,-0.592162723910982
7137,-0.2672452048853431
101926944,0.8685335577827553
148170,0.0608536373040936
101928323,0.2740390194890763
23498,-0.6823150919478302
55022,-0.0736554126543844
338799,-0.0867540806199369
6752,-0.7827551145815194
441155,0.7962752049555195
222235,-0.2887261343293518
2701,-0.6088235942393524
26049,0.067494476096854
85455,-0.1122321533668312
8818,0.0577275980700416
10651,-0.0415320678004938
102466754,-0.5974070131001066
57706,-0.0512264156891771
57471,-1.1787494266068566
118442,-0.6978133583479775
4018,0.8617495448073081
201627,-0.0501523694653145
6607,-0.2888372026764658
2071,0.0427479738379263
3586,-0.7597395269048611
101928446,-0.7597395269048611
7728,0.0582169702372853
55837,-0.0472873150688124
338376,-0.1229259648966284
3574,0.1397270561875371
7884,-0.0494315604926122
65267,-0.098388191458551
441687,0.3686154763680075
101928020,-0.259082136983641
3927,-0.0464236937717006
11116,0.0568043719426432
101928371,-0.5825682564737104
64779,-0.0523229222826189
100505715,0.1032782968162251
283464,0.0593848338566642
5586,-0.0459744964996171
100507401,0.4552847885370754
55500,0.054043564427337
96626,-0.5208986308372878
256158,-0.4802213120818107
152,0.2485327148963242
4843,0.8431860640597276
26998,0.7838098990565995
677763,0.768124881502021
103695432,0.5702120652310332
57617,0.0550373468427834
2875,0.244874081379293
728361,0.5544009266515904
102724560,-0.631862220977928
105369311,-0.2437396818339974
2649,0.0985618674243252
10817,-0.0798887264905721
79667,0.272114545095784
6195,0.0478272038882316
23759,0.0408508575881003
23328,-0.052629419455059
79802,0.3238722087008158
50862,-0.0441636196840817
9051,0.1826611986969321
26083,-0.7634319898163865
100873941,-0.5948173287904845
100270804,-0.2097983571761943
100131539,0.5574079029451571
100130992,-0.3171915710819387
750,-0.2209700757717607
53336,-0.6871690725124622
201134,-0.0724522370240872
100616262,0.5165430159888966
100507002,-0.1757836265667006
8013,-0.2816458193414246
285672,0.0463565748770492
9844,0.3275103786641999
163050,0.0715190768130027
102724307,0.5482241824048918
101928335,0.3792212656256978
153657,0.3651731836571982
55717,-0.033026626187759
3890,-0.5153093942076068
283571,-0.1545050282084843
5518,0.058401628457241
6208,-0.033257394411885
401399,-0.1929829318545428
84226,0.1233312634243082
51654,-0.049469642174857
341392,-0.2800225946142385
5532,0.0540300817775735
10858,0.5821663655779012
105378862,0.494052369452095
8816,-0.0377814270557209
100132618,0.2779343868169553
100506068,-0.5787194796194889
55013,-0.0663070641514823
382,-0.0351898018848356
117854,-0.089792233953844
570,0.4498441669460883
101929410,-0.6738322943443024
11018,0.0507219186960373
8668,-0.0391596244757254
84330,0.0891095400850469
101929728,-0.5764584585924115
54441,-0.2678120963292322
5033,0.0464700204155662
885,-0.2674227729291862
101927221,0.2282402663618437
102724601,-0.5759330769251072
100129794,-0.2375807029450562
23347,0.0583845545246057
57212,-0.0476906791954028
9169,-0.0424566808915906
970,-0.3969710905657699
9476,0.1433447233287101
405754,0.8198501495434161
100128890,-0.2865310775333579
3679,-0.2208998980063053
9609,-0.0760241119318384
84166,-0.0601588774406682
10611,-0.0374562876867147
29882,-0.0521731897960637
51768,0.0351364523899296
727915,-0.2867296868792211
100505635,-0.5760683560243358
64397,-0.0404090695303392
339456,0.3028018102716762
9924,-0.0452792043534927
4248,0.4249792575455291
54940,0.040567146497015
3298,-0.0617872747038358
102723899,0.7939166842238817
489,-0.2038899996855361
79729,0.0829468555874301
692093,-0.3541943697210463
101927278,0.4066228777813833
285512,0.0871228615959605
199745,0.0971300247983562
360200,-0.1654991960833312
349149,0.450852250688229
26297,0.0615004716348726
105372487,-0.3665248023234705
158798,0.7964221231088489
94158,-0.3385965652038374
101928632,0.3971216790002517
105373468,0.2801333718486951
100505676,-0.4312485228754599
693175,-0.2910805009322239
100506007,-0.3106416612025654
10148,-0.6905287557442752
2027,-0.119809972027053
92342,-0.0827304910943838
101928513,0.6364868109517797
3746,-0.3090851501992895
51251,-0.0592218824636491
196074,-0.0588697621003199
285708,-0.4693791629128386
140738,-0.595035109326873
51529,-0.0484518993266017
56136,-0.3669833422620829
100189169,0.7884026926242295
283310,0.2844349602601688
105376057,-0.716282890355062
400797,-0.5185557926013155
161829,-0.3942813358303764
677795,-0.4573347991353202
101927764,0.5943454950214567
90113,0.5086087393993963
100616403,0.3797811467725068
6556,0.2977034074856638
101927780,-0.3163181385476702
8995,-0.3373345271724223
64900,0.0703396869330228
8784,0.6300321060888375
134829,-0.5350485665040721
131616,-0.0592126865358288
1183,-0.1187858171310139
101060684,0.1444607740829774
339403,-0.3951018152074639
29922,-0.0521362325965567
283755,-0.168922948554703
11062,0.0621408949706741
100132948,-0.4388124566502421
200845,0.0803780141168809
90204,0.0559218731230164
10752,-0.6257135405756732
388795,0.3194169318163007
131450,-0.343317694743615
9970,-0.2493441524327603
84248,0.0379908017969299
5030,0.2561380206532695
100288069,0.3376164280235533
57708,0.0562525194360467
26097,-0.0350573109432077
440119,-0.20577306839457
140687,0.3792744001987934
23294,0.0374530273858511
118924,-0.0552941542970063
439,-0.0473196365923663
163933,-0.3193161762097675
55125,-0.0464108736917587
1001,0.0655238790025953
1327,0.0383149611347377
100130370,-0.4399688535839811
100533955,-0.3330019507423054
9535,-0.487460960092542
7100,0.1750219417982668
100616183,0.7845992365206319
5443,-0.4705475409979673
115362,0.2486644177140499
64853,-0.0454147783468232
3034,0.173775975243627
93081,-0.0749959732892223
101929185,0.0747238885522595
10042,0.0389903100241834
55349,0.419549851992696
11183,-0.0457858974034561
101927865,0.1797656087303002
440590,-0.0941015832424098
100652736,-0.2720816877365412
105378148,0.4792410127990214
90353,0.1081808462860801
729262,-0.2986346157054036
100507055,0.8341855379351713
126074,-0.1032715770539309
100128076,0.3138800876225826
29944,-0.415344747612853
105373057,0.1490635894668475
100507006,-0.3646551597201767
8547,-0.8747011160558986
50511,0.431186598797143
84326,-0.051167465155923
148266,-0.0740214089680745
731223,-0.5362514592725247
100506713,-0.3553374976629139
100126784,-0.2901409296821998
284276,0.8272578251791399
80317,-0.0596114980650464
9913,0.0340797291086965
78998,-0.369219960670408
283514,-0.1828526499759044
285016,0.6416696344049958
645840,0.4366100473280525
11092,0.0681613440190201
89887,0.083825568580582
643529,-0.1727392174941577
100506233,0.1064033566185644
105377594,0.6345357564648323
646471,-0.0769972629952427
114625,0.0479814644262044
440028,-0.1335968200795924
10053,-0.052002816354674
115948,-0.2917767035348999
84696,0.5322037488183375
100652824,0.6232390730928121
91526,-0.1223981420908897
51198,0.8252523733624266
642776,-0.4865600143799702
92346,0.8239962246568295
51237,0.8239962246568295
154791,-0.144517626064641
10200,-0.0514661958541803
23205,0.3131842861590397
677806,-0.5008641697590498
222194,-0.0605679946603296
5817,0.0358726747621582
442578,-0.2140317317127319
3608,0.0323393423076142
494188,0.7780526035782735
105371448,0.6455566650075919
58478,0.0459384081716544
56107,0.1799577450601361
101928053,-0.3973539098179292
25880,-0.0586980462972827
84215,-0.3461526992208197
90134,0.6452919207154859
100874201,0.8170651302131502
83930,-0.0418495021587637
2257,-0.3764138288683121
101928105,0.4133293464689411
100507419,0.1602398859535528
54487,0.0402765667546459
102723335,0.2451722875526612
203328,0.5738585081918036
6294,0.0349517791278838
100289580,0.2962802756859984
8867,-0.0545973460814249
148811,-0.5243248628275017
100189119,0.6238380049639364
25807,0.0511288023663538
391059,-0.0637538292606517
84084,-0.4793738766133317
392232,-0.5844219648506938
84193,-0.0353881938559887
2637,-0.6491694435229007
84536,-0.2111525752157788
10168,0.0446956727545615
9444,-0.0547051230735346
105376337,0.1738705326578219
2304,-0.1211200820186386
1635,0.0338146729856313
100527950,0.8098106608145252
353139,0.8098106608145252
7079,0.1173777140438606
404201,0.1608857848005795
101927468,0.4933605614364812
101927102,0.8085537163399693
503542,0.0704384183497806
391356,-0.0618042108586094
259295,-0.1749296742329465
8848,0.0417460355815616
101409258,0.2782130900719699
54777,-0.1138554644292305
84647,0.8530630524202479
400084,0.2516379164925617
54064,0.8516723125609628
26812,-0.398290977957147
10847,0.0390384809724647
692214,0.8016182432614745
285195,-0.0815989203207815
952,0.8016182432614745
101927588,0.8016182432614745
339862,-0.5215365694412762
100506898,-0.3608446638152563
3780,0.6253829986481473
388611,0.1567191719844829
407011,0.5429140281396633
6688,0.2367641662227057
81572,0.046973904551785
100533182,-0.2741985117792256
59339,-0.0417846477802111
100422936,-0.765233535033604
27430,0.0391599151938775
6604,0.055606347427786
221946,-0.3432896409498487
101928153,-0.3436418898291991
730668,0.6206404982143886
2140,-0.0368946992107679
25888,-0.0447051132723365
1038,-0.3051507185305134
79175,-0.0443849334280735
50507,-0.1989687144236915
51090,0.1344308904299944
29789,-0.0377394440212179
101929215,0.3098312031142587
1643,0.0370109965227831
50808,0.042746407684552
2958,-0.0436934434611398
340075,-0.1053073891015788
388499,0.8466548992603038
105370641,0.5530386063649084
51552,-0.0338834647340626
7352,-0.1612560978383518
3860,0.1521198328168914
105376752,0.6192980664168526
222699,0.1422345827708987
254394,-0.0664328749073984
79717,-0.0412924696884471
8558,-0.0467508293780827
101101775,-0.316587974151476
6416,0.0364885705457906
64792,0.0479947302622504
23569,0.8425629541086335
93589,0.2754160954295819
9443,-0.04923580371464
10560,-0.0514831528766637
728463,0.8411392939627262
4633,0.6107840486371837
153743,0.8411392939627262
100287042,-0.2332149509682133
26828,0.8262877578656306
105379411,0.8262877578656306
400644,0.8078237883337406
3139,0.0868249827505684
51386,0.0305074085619136
285758,-0.6330636307278039
8549,-0.3173056314931114
126003,0.0524586142869035
343637,-0.3938990137911586
5693,-0.033850322314293
8905,0.0676006608344489
5174,0.2445391224275937
6938,-0.0413394846746602
100996664,-0.2348110468682308
1615,-0.0298100490860213
105372883,-0.4856866746249957
643680,0.8203127255180495
219995,0.8203127255180495
64881,-0.4541686782024157
6143,-0.0311387317717929
105372483,-0.1768068656565759
388428,0.818139458985405
102546298,0.818139458985405
57711,-0.0561681189933959
54974,-0.0462039375880794
9191,0.0357623911927131
64975,0.0548608843505591
100874243,0.8170092926475516
85474,0.332719070764792
79568,-0.0537285973405102
9873,-0.0362427141661122
100507495,-0.0888781970983317
10328,-0.0382883363855234
650368,-0.179690312010753
3352,-0.2285348118523017
11158,0.0561299949507136
50484,0.0502696121435546
8541,-0.0547441171001792
4352,-0.2301667630485147
105376902,0.185796147838517
493812,0.0646135716045983
727677,-0.1226871601541255
729857,0.4763633690391502
113540,-0.1844032161478508
105371930,0.4205771559494518
55023,0.0441173248545394
7186,-0.0447153809656589
100507410,0.5146690701390608
100750225,0.4178162714857848
5771,-0.0457418333402316
863,0.1955875081298626
57048,-0.3788709080713279
56120,-0.2637688976978904
29115,-0.0322997667171299
285513,0.6308490390053209
102724719,0.8148048491088165
341567,0.8148048491088165
440163,0.8148048491088165
3973,0.8640279440822821
115560,-0.0605843545639036
6193,0.0319275727207864
57531,-0.0443144302526084
400966,0.6408549049534981
22802,-0.1732018647097608
2894,0.2496192757852582
100129250,-0.0967410994432945
6118,0.044465767244585
200316,-0.0723489766675182
6224,0.0347869658468911
284412,0.7968877263439856
222068,0.0357214236628745
338645,-0.3025959916659654
646600,0.2486482546962151
611,0.8055270602223585
973,0.4683337760387985
51227,0.0544036404469373
388692,-0.3518802258016809
284099,0.6376237358628044
730005,0.5045683684216492
8829,0.0424866127295882
122970,0.1601738139553701
100861541,0.2546866488940269
401164,-0.7837493967091388
6883,-0.0406534926681158
552,0.8439209079737418
284346,-0.1522678859878835
407025,0.3625467191648995
260294,0.232589561625959
100129460,-0.1754105408551259
4800,0.0295848987496033
101060498,0.8528883815607663
60385,0.1976496202416414
692225,-0.243518744709822
221481,0.1793427122429837
282991,0.0455352543745431
162632,-0.0775943750113809
100033432,0.4952686729015138
85378,0.0405454965909798
10557,-0.0428966378451269
115004,0.0962710063104631
339829,0.114985072672991
100996702,0.1418182380074757
440730,0.4898262650871078
143162,-0.7678352518486117
440359,-0.7678352518486117
151112,-0.7678352518486117
5994,0.0814016296581345
100129316,0.4061556517940991
442590,-0.2319448512913517
414208,-0.1600876074831107
102724558,0.5285940991655629
11248,0.3260290232777926
7307,0.4913098859567883
94026,0.8383646644049925
55553,0.0613986420908842
100847035,0.4215443241270833
653784,-0.0474542774217021
51329,-0.0349571765542484
100288072,0.7796594352743976
353376,0.8355354545390455
81893,0.2737396810060482
1337,-0.0379345862518299
25817,0.8323893101863655
101928069,-0.2307239428806934
10572,0.0407152937456469
284900,0.0680717066612573
100874246,0.4418474005018863
80764,0.0563389107995822
100507331,0.1670772574301007
254050,0.1833128325868772
105378594,0.3948711036429555
338817,-0.180918909528666
55916,0.0581335685110022
7408,0.0406624522378801
64115,0.0870782440493658
220594,-0.1446613023653971
102724404,0.8121041094848692
730198,0.4052436477495736
407014,-0.2422745761788158
79862,0.0593738956049305
10312,-0.0567971272934497
100130197,0.2821715914355813
5153,0.8233348172023117
149461,-0.7930264477871518
10326,-0.7930264477871518
100506492,-0.7930264477871518
84789,-0.7930264477871518
2741,-0.7930264477871518
9016,-0.0642243063348281
28968,-0.1826693228266253
121275,0.3934675345309736
101927620,-0.7918838969294728
221786,-0.0522210865691342
387990,0.507285066453591
84941,-0.0742455376057423
2107,0.0327036450511876
407010,0.3351994320438368
127550,0.4840257894053171
57758,-0.3254659311563039
26973,0.0467670198976756
138162,0.1313745539011645
100133545,0.8055190979787594
101927237,0.4073953441027834
84985,-0.1404624173388747
283551,0.1410064803072622
6812,0.0366902005213617
104968399,-0.2342236033357206
9479,-0.0813575880105848
117178,-0.0467817501869225
101927817,-0.7844492343824785
1487,-0.0316388543070314
102465246,-0.7844492343824785
8336,0.3898076587577805
286480,-0.7844492343824785
11104,-0.0371427212031593
284402,0.1253589676252416
11280,0.3403289135591173
100505641,-0.0314726459579586
1416,0.0623489823704715
10296,0.0306954222881247
8446,-0.031222402313649
693221,-0.7753814992727572
3581,-0.7781424883846421
115752,0.0480935711087043
5058,-0.0296218361075906
136259,-0.7742374735504916
100158262,0.8028008475274204
653464,0.1305904653316832
7014,0.0347601925710053
100847046,0.3130792821143201
105372342,0.8934930661460061
101929074,-0.2250367134212469
1875,0.0716292969064821
55262,-0.0432947508980805
157567,0.0473038118235293
619190,0.7884385349463674
64793,-0.0372380021905074
7286,0.0357440256511483
51207,0.3280230712011485
728192,-0.2464220782020245
5579,0.3497668440850344
257407,-0.1836234110056301
100131434,0.0970856085495671
126823,-0.1250669181689271
10896,-0.1626377774917576
30850,-0.0457592034388712
375690,0.2089725634379166
100302137,-0.2537746965966985
2895,-0.7690873767027894
23629,-0.7690873767027894
80133,0.7995058969475808
353088,-0.0540497270801423
7321,-0.0544692576325771
23326,-0.0269255902588251
105372715,-0.7667933773895972
285819,-0.7667933773895972
26052,0.1025825204878079
19,0.0427900584648978
10907,0.0337483206073138
25842,-0.0556460568332475
100113379,-0.6255135599641217
100129424,-0.1657016863485164
51463,0.0881732888645604
646627,-0.7616286874900808
491,-0.7616286874900808
203190,0.1864081264166709
440101,-0.2608314326473586
1800,-0.7604786926653083
11249,-0.8255410782086695
257313,0.2872980014981552
653149,-0.8243092626435852
105370945,0.3026309584481776
100506083,-0.1862803161133199
79840,-0.0439046575497534
693197,0.2401945570203623
90843,-0.0385871129616609
2170,-0.0898137723718553
284116,0.1363913345322317
9701,-0.0337106599113975
4214,0.0382252643664909
100133311,-0.2392976062044755
101927855,0.7821019995350075
284021,0.1265662099989828
79925,-0.0674354860580339
10472,0.0537110145088703
100507194,-0.7474485542338258
440173,-0.7474485542338258
100131205,-0.1921743027729774
105373132,0.1036580486233637
100130776,-0.0916931487040197
728619,0.555909465033258
257358,-0.6138873665273257
643827,-0.2506997157562863
644172,0.4810402364409796
55206,0.0278475203412004
10242,0.5893927639923167
3670,-0.0716626618053789
105371130,0.4215430518938162
939,-0.2755417032435467
101928460,-0.6093972170062869
80832,0.5599560655508099
56132,-0.2881601288861845
285782,0.5599560655508099
155038,-0.6093972170062869
56124,-0.6086021612468294
84809,-0.050964548097268
5209,-0.0592862034690744
441869,0.0735645940959244
283673,-0.7399913097392573
101928222,0.2351482469788954
102465667,-0.5156594284846011
50805,0.0551706878997967
377630,-0.5156594284846011
100124534,-0.7399913097392573
51209,0.2901525761112222
57168,0.0621270501941225
1521,-0.2721310446869562
154215,-0.2271766931836015
1016,0.5830303262574368
286178,0.5830303262574368
128439,0.0492153933433776
26098,0.0395290938974937
440503,0.4872365950697773
645121,0.2335235616735389
6954,0.5733949024030314
166752,-0.6014831623942645
221443,0.0498126502767124
54715,-0.7336655691535751
692199,-0.1554152075723265
10762,-0.0277361129676946
105374372,0.5692345169548877
100130331,0.2386690897723826
100192204,0.5673910825599076
466,-0.0375367142931248
692091,0.4022829319414336
286059,0.2479902271913478
100500872,0.3987168227538715
151888,0.481183688095308
401509,-0.1798301893516325
10747,0.0593118056972911
11191,0.2972526675517336
401010,-0.6337412590377052
101559451,-0.7236104853967664
374987,0.2899858300381829
105373289,-0.7973774702519283
56521,0.1201616134179938
90249,0.4100969834547426
285943,-0.2494650776372878
1780,-0.1742383361501283
100289279,-0.6435384058937071
23435,-0.0271042764791972
91603,0.0440537965336907
101929595,0.5623106883602031
255426,0.5623106883602031
2767,0.0259657285052437
139324,0.0584309799407843
65991,-0.033245212060753
654483,-0.2619316271341326
149643,0.5619508762152267
100129269,0.4421059830927397
102466878,0.5610288041896505
23504,-0.508406225359395
390877,-0.4654607019701817
102465978,-0.4995064939928668
240,0.3389762093823557
338811,-0.1717579408474138
10778,-0.036147104122402
9568,0.2014404284971475
646029,-0.5853981830982515
9628,-0.5853981830982515
101928601,-0.5953342419512356
54886,-0.6353609394657752
10868,0.0360175480306314
53344,-0.0605959644716231
105371169,-0.5219327417884584
100533970,-0.219230838745782
388523,0.1882670151449065
57506,0.0230938109804378
100288432,0.1648414092305301
101929596,0.5568680343361205
7490,-0.624123650107567
94086,-0.4625443638035234
388948,0.5008505742804434
57468,0.1595298416716982
150372,-0.4625443638035234
1188,0.5550244656654142
57821,-0.1530573494315402
101928150,-0.6210393288187168
100289574,0.4603077392083109
440955,0.4077013603855607
114792,-0.4614842865538447
8326,0.2985303186471587
84709,-0.2110405299620926
79142,0.0285130569235953
102466748,-0.2712687676716373
100505502,0.5361212265032365
120935,0.3151083265280965
100302185,-0.293850164264237
101928402,-0.6304799148236363
10690,0.5537367089294697
100507406,-0.527185963826025
57084,-0.5267293978258291
326624,0.3438479960128578
10641,-0.039782593815063
400757,-0.7660461687213562
406962,-0.2126741112719621
646113,-0.7774479301770261
319085,-0.7774479301770261
101928784,0.2584657703815013
5992,-0.6278109493829271
100287098,0.1886433445333274
7716,-0.0314261045229189
83957,0.8201917298287194
105376855,-0.1854289863163953
4888,0.403494465195729
55152,-0.0431146048387062
401398,0.1983499082101691
152078,-0.0775267009037858
145581,-0.4122553639281975
79400,-0.1575225850190133
93010,-0.1925508090917727
133957,0.039468719065463
101928942,0.7491207773703352
100505912,-0.3269515461385942
105376335,-0.5205137283385821
56141,0.554988337927282
6169,-0.033328297634881
143425,-0.2684373789663556
3188,-0.6206104340550829
4036,-0.4936819542931864
64478,0.4378545080707347
23526,0.0589333763665267
444882,-0.3386236181600181
101927380,-0.292741078464156
65268,0.3152656933507114
100996712,0.1385254194739342
101927288,-0.1526512161178793
647288,0.4454144950829638
619383,-0.2605809388788597
220202,-0.5677397343029285
10411,-0.0421800917213865
101929715,-0.3511091769019812
406888,0.3177981578762869
102724646,-0.5669223148140263
881,-0.2431731291721751
383,-0.3083327436343672
2268,0.426134467239634
105379282,-0.2456952205590106
100190986,-0.6148331069848715
286333,-0.4058503137535486
80712,-0.4058503137535486
102465464,0.2492603536810131
100423036,-0.603102957180216
57705,-0.3197332345053958
222537,-0.3685515820363522
3550,-0.0291123377744146
55336,0.0753357597487362
338667,-0.3528134222642295
118856,0.4063995516001578
84928,-0.0375682497079547
102724301,0.2321602997890953
692207,-0.5624230712354529
5584,-0.0292601406755681
653677,0.2596787962088718
27141,0.1139666171846499
100616292,-0.608159831876215
574433,-0.608159831876215
100873949,-0.6590612112704451
54827,0.5433276091714948
100188954,-0.5077000041325069
100874002,-0.4009745581877812
100526830,-0.5069536973146054
5409,-0.5065109039790469
6927,0.1312221920926413
2045,-0.7529763552768052
406886,-0.1474912054713022
677766,-0.4068552384799085
100272216,0.5410854637377123
9812,0.0262047695421278
121456,-0.2214173546924095
123207,-0.0384349796651747
84656,-0.02629546424015
100422965,-0.3146235657801807
101927233,-0.2859610356223288
3274,-0.6050317735689119
100101148,-0.3780362532563898
105378954,-0.3757167734120986
100506436,0.1568064402330223
1215,0.146218504659667
54658,-0.4873488548918648
56964,-0.2580518001490858
140730,0.3992497162604163
7905,-0.0237017904660103
51066,-0.3533400194772939
401720,-0.3766530096792575
400684,-0.1486302551881607
100289473,-0.2489464952180321
646214,-0.3757677879693109
5521,-0.0572502033842496
286128,0.0352041652904637
646127,0.3871550165174352
25893,-0.3151811820748824
729020,0.2578876217588239
50632,-0.3840141084748248
57621,0.0425881374627987
101929639,0.1455077927729384
400804,-0.4356579905470434
101929693,0.5339815316705971
60680,0.2258487265847495
2562,0.0654154558982003
352961,-0.4561554032067529
115650,-0.3013650317030834
55584,0.1094450085348223
118426,-0.0436679609437454
493911,-0.1078943758941219
5029,0.1578905676713594
5651,0.529716778357055
55168,-0.0332990659162008
58488,0.0318714174440139
10800,-0.7204090896900684
339005,0.0917158074373943
253962,-0.4525084970215242
4773,-0.0813092251142475
64411,-0.0399632243588099
646813,-0.5357122949728883
84649,0.1869388783649467
101927211,-0.3749941150639809
352999,-0.4301825991370193
55146,-0.0312975849278304
105379046,-0.1787036309538567
387694,-0.3512619919431434
4356,0.0450452876753298
100996259,-0.5777905566824335
537,0.031814161868971
730112,-0.2778114889761662
84989,-0.3159148606386432
3975,0.2582473138159207
26798,-0.2834608347701646
144203,-0.4266243481169328
100505797,-0.3523503511617726
10225,-0.1795431891934737
105373237,-0.7229875365361563
440567,-0.1133041227768065
134510,-0.0319010502566372
339400,-0.0610709467568115
2036,-0.0472175030692101
105378775,0.5513647349120187
57413,-0.4765798516610945
283106,0.2564233343945052
27087,0.3414777792821644
9727,-0.0288976529666205
400680,-0.1462357749779497
116835,-0.4066337594384723
100507506,0.361663681713613
26280,0.1726557543523034
51643,0.0282621268488279
6196,0.0330507062148184
135458,-0.5375915579769043
6662,-0.0358240907743996
201283,-0.0545470827078511
283152,0.163915659092362
653390,0.1981935340485883
644246,-0.0944657715273383
51193,-0.0446696716638688
285961,0.5482642188238293
162967,0.0299681200631055
375035,-0.0419658876899673
1690,-0.5117881303748797
54660,-0.6365583961413951
100996792,-0.3858816438652892
2056,-0.3858816438652892
4543,-0.2926791018478047
3898,0.0410226712276738
101927911,0.4559816418533309
102723885,-0.4907655663919114
441454,0.199639176142294
91149,-0.4900756457595767
101060341,-0.5686341857848188
89790,-0.4846732231212483
6646,-0.0280070649592441
101927391,0.1893821026122565
10005,0.0426535495036931
389203,-0.0369488215669126
340359,-0.3844399471549051
130502,0.064981411308852
102606463,0.1380949300974779
114900,0.5524944631593444
101927571,-0.428365644921151
51705,-0.5655209000881022
100861518,0.5524944631593444
8140,-0.0256004956518039
83955,-0.2699596087256565
10000,-0.0381714514644077
102724077,0.2904585512939764
84174,0.3316090105656238
442914,0.743000570372113
388585,-0.2711762400022398
400999,-0.1354990040736612
57605,0.0386477466186758
65217,0.5445393624712216
81615,0.5314270023579534
84657,0.0981372616885115
101928764,-0.5187282625620915
729975,-0.4388855022585954
6525,-0.0453905399790182
389118,0.5313392051860023
441242,-0.1191336894448467
4542,-0.1397629683769753
100287072,-0.4085030402390502
100532746,-0.2021933631966813
54507,0.108923469543743
89970,-0.0242755503530867
100130086,-0.6147942600520169
23399,0.025378701041633
8820,-0.150523126045785
1359,-0.551797712809737
63982,-0.457905711323931
400710,0.1515078159584661
1325,0.2518049710835015
9651,0.0307311456128286
54207,-0.2994757612461718
170392,0.3276236979654087
124535,-0.5951389385792226
132720,0.0546517540542317
5158,-0.1848514442263607
101928386,-0.3834937714666431
23244,-0.0210569132403702
146713,0.2052790073056079
118471,-0.437935868445183
83752,0.0213978187425803
100506258,-0.1679810256813494
23409,0.1127163220279526
3292,-0.039671382616756
395,-0.1258504828689617
221937,-0.0252720215780832
100505681,-0.1806021169388794
26015,-0.0316932338759649
246176,0.4140597596842749
100049076,-0.3484051358184768
1133,-0.4615386515769605
2778,-0.0234363743448562
167681,0.2593007829490856
10538,-0.3389773896843773
1385,0.0287385130024276
100151683,-0.7410038949290405
100507540,-0.7410038949290405
401261,0.1919501512560146
2108,-0.0238568294995114
30844,0.0302541954972093
200634,0.0507345008302137
101927124,-0.1464058823025714
3992,0.0345179329292841
56662,-0.4872335542393919
728673,0.178668546080636
56159,0.5252015004860847
102724009,0.2711968511011815
55578,0.0262549098996909
285965,-0.0976430683573668
303,-0.0706989499775076
4676,0.0229305661927913
391712,-0.1118928967018813
677771,-0.3135250511887433
23112,-0.023915153826555
164395,0.2222002856677966
10178,0.2318540429722763
55161,0.027035700921563
645683,-0.1412472886431652
654,-0.076198683588809
222865,0.5553925910459067
30851,0.5182960882441855
134218,-0.0266075604573763
6096,-0.4297093750538888
28638,-0.4826315905473053
503640,0.2216693857839166
55223,-0.0442472658110613
100129271,-0.5019106657620109
105376066,-0.4288193429186221
101930748,-0.4904053216616813
55677,-0.0259834914829685
79444,0.4388181505399646
2483,-0.0359589892420669
407007,0.5135195864147217
140578,-0.163448632691505
158381,0.190133873997757
171392,-0.0372702034646355
440345,0.0840254154445393
100996425,0.5124593627507347
23166,0.3255609947149562
6776,-0.0551093480475317
8491,-0.0319667205100475
4065,-0.1292154876992921
4733,0.0248046420502695
440311,-0.1347729229210943
23335,0.0294900875297258
27245,-0.0422219398940866
84062,0.0391751594073308
9353,0.039302383792631
401138,0.4088847742898622
81037,0.0230526994074541
54819,-0.0399052135974115
11282,0.0322214067151518
105375205,0.1222331284585397
550631,0.106970158669501
339983,-0.102800607200741
9364,0.040213383659
441168,0.1824662879516731
101928736,-0.1082612421515831
100132159,-0.1320472462646921
440093,-0.1774187779411654
158427,-0.0321431740135073
6642,0.0207877707578944
6840,0.0212115128818474
105376684,0.3270790857691919
102724919,0.4161993239197357
102723701,0.3104776148515807
25973,-0.0394729808235952
101928414,-0.189269936988956
23111,0.0260665078927235
3678,0.0350744916654832
1828,-0.0487737067513425
441457,-0.1922247232328209
102465510,0.5423204644668657
105373991,-0.078982956617448
100505767,0.309535356311966
126231,0.0557944060578601
200058,-0.0384735971182222
100996579,0.1494885577365796
201780,0.4602285224961924
5879,0.0208469643826581
63925,0.0332242991820443
26038,0.12526496872561
147991,-0.0374269672395855
55073,0.1091024485044943
100132356,0.0842542320444948
4820,-0.0261751813463421
284593,-0.5409006731222967
57571,-0.1855711468754226
55147,-0.0239964319193279
677811,0.279865884059908
60490,-0.0428125497200034
84522,0.0288778542659143
23554,0.0804529692991094
8456,0.166714475518851
988,-0.0249391289346818
10994,-0.0353810307359555
375189,-0.1011632827394073
2051,0.2394283079068537
4677,0.02286077281337
63914,0.0924296994350569
55745,0.0282966016257187
55179,-0.0390004425273366
1734,-0.1510670377583924
9730,-0.0236491306972325
1160,0.1429189051665257
55904,0.0243526910060297
116228,-0.1629672720392087
57017,-0.0260817844898094
80205,0.0324891192818412
54972,0.0428742846750497
100506161,0.0983537793751783
7187,-0.0239059849064838
79009,-0.0274682016407466
2166,-0.0476191977138249
27285,0.2708075844473396
4224,0.2708075844473396
401320,-0.0345148742969736
57053,0.0911696540344509
7096,0.1345883409749857
677839,0.178577235228021
9694,0.0291694621926363
440515,0.0339480948175456
160,-0.0259829575692631
116461,0.0325591660845559
8807,0.2563976353635496
389114,0.0349781321783953
56981,-0.0404226384894309
4598,-0.0337227499514002
105374301,0.2718709974102872
4799,0.0264085630571925
100101478,0.3772044345398114
100422875,0.3921528111898646
26091,-0.0201410701634471
151306,0.1431255303389165
2916,-0.1350402608815861
9439,0.0220011412676519
440253,0.1081237956411781
414765,0.1552114087013753
115399,-0.0804438572292076
84752,0.0361005997827973
89884,0.0676486527531516
10605,0.0270610092592406
401288,-0.2595341746381539
3769,-0.3797992509403112
26095,-0.0831986251354842
1852,-0.142696426426029
23075,0.0207405745785576
102723750,0.1438126702469008
101926911,-0.1451316339789808
57121,0.0376600411283933
55929,0.0283220388884562
8209,0.2327048282070817
10190,0.0262463148770013
101929125,-0.1821174952931999
100113378,0.3082060078291883
643387,0.202043063915293
613126,0.2130874536786151
3242,0.219247779470087
1120,0.1112938603832305
845,0.4058057298913835
80150,0.219633866307383
741,-0.0422013630440365
100048912,0.0858078685804947
6202,-0.0219715518933944
51619,0.0431135618113526
5537,0.0212058098077044
4861,0.0862292056911868
10216,0.2484424769788857
123591,0.1759686727848699
23382,0.0254632291319335
23031,0.032284870996734
55695,0.0316275519770939
4728,0.0281182559036262
7319,0.0228406411707657
201562,-0.0272785668291549
55130,-0.1346121092434699
2104,-0.3979620200100181
6459,0.1773918351694739
285601,0.4206631154466471
100130581,-0.0792273846946847
100873985,0.173472212291782
55576,-0.120566522788954
123624,-0.2064322198120423
55421,-0.0217938940506094
169026,0.1404807223062649
81488,0.0994855808206984
101929224,0.1301202638929024
160287,-0.1398111787712037
29070,-0.0309504279553154
176,-0.4579136636921397
2161,-0.0657367269343512
7803,-0.0225490762499222
7409,0.0924232213182843
606,0.2405050168985361
285456,0.2711396193716537
220869,-0.0603702399822334
11082,-0.1726516104491244
81567,0.1951927749829932
105375305,0.4150771182564102
95,-0.1511796570752635
79626,0.2506181631069129
79716,-0.1091911933413165
3137,0.0654451675109204
340508,0.1813466120249685
2900,0.4926778520295942
285590,-0.0246669188567228
10944,0.0238950910678845
105372704,0.1773745972018349
100532724,-0.0746786546344745
51015,-0.0279189341610047
101927018,-0.1477138057052904
147,0.1985987463256535
283989,-0.0306264610869962
379013,0.2356014251372325
83445,0.3943101152461012
10804,-0.1217513669345714
101060542,0.4097971040790602
102465470,0.3079799000585693
5648,0.3074322748042141
80019,-0.0301967455896768
341640,0.3336948887051499
100507034,0.0408863037929368
83714,-0.0559457476687698
648,-0.1216291688765587
55026,0.1686454576569069
3065,0.0183836566294847
1006,0.3044122418517262
138151,-0.0230213358701909
374383,-0.0299380260476029
1845,-0.0183944661411437
30811,-0.101717055435293
26259,0.0251153284746175
8498,-0.0226294627589649
148103,-0.0492965208391182
101927217,-0.1743070922266051
284233,0.389079049992292
729967,0.0338534250408146
11209,0.1001371533578758
101410535,0.145709169969632
100874291,0.1528737411870342
407835,0.2000737084742764
940,0.3873072979000318
175,0.0270777011915189
10549,0.0186593153345843
105378510,-0.193635455687698
101927595,0.303845177247495
7224,0.303845177247495
286749,0.308423110586482
162333,-0.1695907192317961
10004,-0.0566144074925115
642636,-0.1891162820333807
6885,-0.0186130832009629
101928530,0.2275289696267858
144193,0.0891117245165387
100132526,0.1938328477233403
145553,0.0998643670694192
389641,-0.0554141569822096
100616668,-0.0974885155767321
91752,0.1228672688620178
6854,-0.1074628925645244
641638,0.0252386139667043
157855,0.1570454041621226
100506540,-0.1388403674577747
81577,0.0339566171320263
440356,0.1428079313885734
79443,0.019086437493353
8552,-0.0505101140312355
400728,-0.1714211404181643
283693,-0.1684850371290177
200407,0.1313813837288157
80306,-0.0238456003676385
23729,-0.0303149159590311
10717,-0.0251329732939646
100288428,-0.1800506043370428
93100,-0.0251327657959821
101929302,-0.1353599721752899
54768,0.0766061394196817
84336,-0.0277794141298481
84455,-0.04093484987231
22835,-0.0263409811237196
134353,-0.0288294327540383
100302273,0.1505455053524083
2975,-0.019056488051869
79960,-0.0340357790922265
170961,0.0894827424474224
9262,0.0295213999286498
280,0.0348642669747246
144571,-0.1844803518542344
105370554,0.1942348328292138
64772,-0.0278417289329986
25830,-0.0379088369667189
345462,0.0435117957717232
81537,-0.0312486161178271
285368,-0.0564876132979184
10645,-0.0183060147718733
163255,-0.1105498813252999
81552,0.0213979608769601
79706,0.1292719001997192
51103,0.0226808762977947
6218,-0.0185899076904862
100505555,-0.1321133864334253
23641,0.0295619626134991
119016,-0.0638252169974883
7923,-0.030966837075806
79897,0.3642505313252046
56922,-0.0248526694642094
100526833,0.0968175749118027
10283,0.0228863863933321
4289,0.0212246236647682
342909,-0.0345880843813241
10566,-0.0494083142468699
100507144,0.3057666984590057
10609,0.0218199026927377
861,0.0178309208270764
404220,-0.0799964172599994
102723989,0.1556993681227229
9196,-0.0615398915506591
51098,0.0248102463477447
4671,0.2262334936564027
191585,0.0892594618263218
83982,-0.0271475440871472
55650,0.0235730039395464
100874018,0.2247456108716058
147727,-0.0422112327809734
136242,0.1742032848962267
646450,0.0892482429335222
619564,0.2102351203924738
149297,-0.1841958857409244
8927,-0.0742171740886317
8838,-0.070371789861521
8973,0.2817243652426056
574029,-0.0784782851588151
83716,-0.12496410491039
28984,0.1182405650524904
22921,0.0222756573900102
84262,0.0223185636777481
158257,-0.0486277088686214
374918,0.0395801099500647
146802,0.1421702726544302
400618,0.0853484371138709
92659,0.0567415035986407
63943,0.0352579905154412
100506472,-0.0918005080758088
5244,0.1604696524765645
389643,0.3000478405616433
348807,0.4437187788253949
154386,0.4437187788253949
102659288,0.4437187788253949
101930332,0.4437187788253949
79469,0.1261723404336104
57176,0.0203129003965736
3739,0.4422373952337278
166,0.0194609534998077
100885795,0.4422373952337278
104355136,0.4422373952337278
101929464,0.3563375368203216
101927787,0.1261136464182461
23014,0.0181005541298838
9454,0.0241625495780749
101735302,-0.182744119911996
196528,-0.0208482619350349
4327,-0.0344583619421166
100126793,0.0619186145453329
100101266,-0.2053033061837412
445815,-0.1880444796540738
3846,0.2881280228374495
644861,0.4340864222578281
8912,0.4340864222578281
693178,0.4340864222578281
9739,0.0231132822935319
150368,0.0265197424044908
222901,0.1127757209886171
100506071,0.3483868092265846
407021,0.2165223669036749
55900,0.0211386167733055
57126,-0.1803088473454547
101928597,0.4299487327753942
6439,0.4299487327753942
3074,-0.0163482786787539
346171,-0.0597338609405177
338694,0.4284666694203033
374877,0.4284666694203033
164237,0.4284666694203033
9034,0.4284666694203033
728229,0.2924734456136582
401027,-0.0553391675900424
102723505,0.2434797479094565
8431,0.2820600225465871
2905,-0.1798184436555442
653308,-0.0405665849531734
30816,-0.1300206730706813
1796,-0.0405193769097251
3952,-0.195390345765234
439927,0.4229403943641676
8913,-0.1863077313635714
105377197,0.4229403943641676
401127,-0.1245953336358588
101926926,-0.1651209310930199
5000,-0.0219653988131206
651,0.4624044313450279
100750247,0.421458090239439
57156,-0.0350410751210207
1630,0.4559532113734307
344875,0.4559532113734307
6159,-0.0168528842147905
132204,0.421458090239439
131669,0.421458090239439
5499,-0.0208457643291185
2348,0.2475115991266078
407043,0.0992433772026346
374969,0.0290446958089435
11313,0.0265128787566474
23062,-0.0171201581618927
55128,-0.0221218698717829
101927641,0.4133021783561332
9708,-0.1246249512044622
406938,0.4133021783561332
266971,-0.0672962919234643
84105,-0.0309754221044089
54539,0.0216615169178194
9884,0.1124589532652245
100652770,-0.0999035795006659
84996,0.0462787279723424
1876,-0.0284065063192194
5553,-0.1293621226989648
255104,0.0250257836685916
22927,-0.0251888794709468
55250,-0.0153482126356836
400658,-0.1007161079405344
100505576,0.0527226850634525
89765,-0.079940690328167
4851,-0.0205598037544353
728262,0.1126131134524424
130612,-0.0412551745519966
51380,-0.0261310292880788
4689,-0.1785489268745743
150384,-0.1696435655664607
55486,0.0187360559823311
101927636,-0.1671925488203475
644961,0.0436534580408183
6559,0.43466112077192
100506033,0.43466112077192
64756,0.0176736322767489
5627,-0.0381593058764573
1945,0.0295203073433191
84661,-0.0193781562165147
100129583,0.1292461242708342
100293704,0.1168801254679384
170622,-0.0164200678434683
158314,-0.1927205454654296
441394,-0.0881370424696491
124997,0.0176728998317324
10943,0.0157557399718304
2588,0.0210718756122181
5119,0.0205051689335686
126549,-0.0523971847871927
9348,0.2373704111283347
2932,-0.0176208586481066
100616487,-0.0838867044711221
64766,0.0189279391050258
23596,0.0311220974792186
134,0.2224974731225139
5164,0.0228374525334047
5544,0.2439028452296003
3061,-0.197614490162943
100506747,-0.1791809324371114
100133331,0.0613587794336559
7293,0.182778615742119
91,-0.0171303062875293
100874309,-0.1956996331509265
118672,-0.0326351482218674
84461,0.0162567627722965
25924,-0.1852701875334024
1937,-0.0140121530073826
100861549,-0.1075347832246383
387254,-0.0869368630975343
84080,-0.025356679751596
5229,-0.0216331435070926
100505768,0.4156046714756406
284071,-0.0867015747553652
729359,-0.033111780674592
101928630,0.4156046714756406
3758,0.1072970063889297
4717,0.0223101237915212
114548,0.1175590433755032
100033411,0.2389445759999265
285237,-0.0183944568964454
3131,-0.1819510730047212
3320,-0.0178572874986705
6617,0.0193035600091592
102723775,-0.1910239390551972
153572,-0.0219531490688881
79572,-0.0166870935400714
22977,-0.0793513511331395
10210,0.0165800224094234
400765,0.1365634762703163
220980,0.265100787210378
55508,0.0258128369836865
101409261,0.1338165973720073
100862692,0.1755187019474161
8086,-0.0173725023675961
8241,-0.0150519200834913
2310,0.0321661338171454
440270,0.0204985118513872
127943,0.0752890642013039
100132724,-0.1642096058751385
9045,0.0133080325026205
2779,-0.1831014462438405
6217,0.0159372195532513
346673,-0.2012629772116613
79005,0.1132613633936221
54707,-0.0178060862711784
126626,0.0248455479770809
22932,0.0675216610642992
100130742,0.0603373126847578
100131193,0.0930348037609971
613037,0.21691257348777
90187,-0.2040634505081477
101928979,-0.0960081909345692
11329,-0.0140486628043501
29058,0.0142794979670727
11240,-0.1047833160619678
131831,-0.1933218049494452
55905,0.0132340455822085
4185,0.1180111619896838
100289098,-0.0746051171103182
101927056,-0.0769354074888051
100847028,-0.2041822495802286
6210,-0.0127441569556798
56121,0.084673139704688
23348,0.0138810927850167
101928841,-0.0456450186136925
101926996,0.0313782107414338
52,0.015208978379426
2996,-0.2002308345151881
5635,0.0165035786265464
124925,-0.2050068046487129
8269,0.0233895496489746
253143,0.0134154633186961
54581,0.0219280748906384
80025,-0.0158736392188304
3932,-0.1803736596764015
101928525,0.1285449859287148
6370,0.1933948834638636
102238594,0.1476715863999916
100507633,-0.2048635479452019
399821,-0.1256833313752132
51362,0.0178863724071163
340544,0.0725735024684128
284408,-0.054337959819562
9407,0.0280819703341927
101928483,0.0634642135780787
253832,0.0204698126034589
4651,-0.0111981955720365
643911,0.0287995293666553
283392,0.0843106024533513
92002,-0.0212293309807417
6160,-0.0132588702835222
102465466,-0.2351333555861529
5777,0.0192711255088076
50839,-0.1175370206364426
2957,-0.0235087212774851
56130,0.1580607145742405
261726,0.0176951728640072
83450,0.0536056559385777
100506082,0.2146073924363791
22798,0.0943485016370391
340562,0.1857556876143785
3792,0.1935747700548271
100133985,-0.1797843075484315
283446,-0.0956327079247284
101929191,-0.1718854738296965
286053,0.0208218507464023
64493,0.2094734237009212
9720,0.0768646193245487
84617,0.0213744629849396
100131827,-0.0188756301619622
246119,0.2044641941159984
102724699,-0.1708983317964359
101926963,-0.1708983317964359
79056,-0.0177753954963724
126272,-0.058461912982833
100126270,-0.1753401175999625
653061,-0.1960811924155637
100507475,0.116968656813569
57136,-0.0127012446850579
284349,0.0234719707275985
284865,0.0806408040336465
729156,-0.1848599357101165
100506368,0.1908088069149402
201191,-0.0390478484338405
101927492,0.2168768344369177
441208,-0.1171378548938749
138715,0.1929461593719668
23035,0.0195404996291063
10692,-0.1132189910373754
7013,0.0232394507918956
442319,0.1380682401144669
388815,-0.1079988587509445
91404,0.0151972658582159
155370,0.0186979878328697
101927587,-0.1985412831779261
100287902,-0.1878456073021581
3299,0.0258593581056304
56,0.1313475533341795
102725509,-0.0749504206747928
10003,0.0460092127209043
23025,-0.086844089305616
121793,0.1678054964999846
23424,0.0145424861268139
389289,-0.1686433067458668
5710,0.0138440629603988
9047,0.0313126132843251
64147,0.0285194004165488
25771,-0.0163984767168691
122011,0.2808220484040164
53840,-0.1996663975668063
728613,0.0352160879556641
4640,0.1363520190559839
55585,-0.0124229401455083
677821,-0.1909719717668218
374872,0.1292665780655556
105376900,-0.1818670901108001
414224,0.1245703357726357
84865,0.0237082278320043
56139,0.1064761970743802
80094,0.0903109494097589
10637,0.2706108143650633
101927147,0.162804470870899
100527978,-0.0926670137625927
84735,0.2522467410864973
11025,0.159824230831086
340385,0.0265888246766275
146845,-0.1840428864463884
130355,-0.0289115217250448
100128573,-0.1851141490343519
5313,0.2647784995679165
335,0.2689390166321485
51691,-0.0164720166849062
7805,0.0679035174271767
101929328,0.236817950146573
283663,0.0560383583911394
388228,0.0766778307639664
2844,0.2678605597055038
442117,-0.1691694591633635
3200,-0.0317037698080136
100128025,-0.2109305365123398
64174,0.2459075718071526
58490,-0.013077353669884
3071,0.1395333424831735
79883,-0.0350993730773371
11078,-0.0174088805416161
100287284,0.1217074198037888
26134,-0.1061815352562243
6557,0.2578955807731678
390637,0.0496277380101618
407016,0.2415195866310363
3949,-0.0143728277466768
1388,-0.0118498339300935
100128164,0.2605086819700092
2843,-0.2116728024509701
157753,-0.1598735653397504
5046,-0.0185348365560809
84304,0.014505162235178
729080,0.2594268783590228
100422948,0.1596238847872032
100507399,0.0377106645879961
6835,-0.018582376941619
9515,-0.1843368412629853
643201,0.1476508305949119
100189432,0.2379991567126291
865,-0.0143542050492981
387695,-0.1089539759641895
2781,-0.0920841595922858
100287559,-0.1032495181945221
105372384,0.2360519274224849
8309,0.1650946920068204
3205,0.0338905537644415
100505782,-0.1105933948570313
3316,-0.0766921974796353
677820,-0.191396425292932
79363,-0.0317115356098805
57478,-0.011878730980686
25996,-0.0107218953788826
1271,-0.1641097326443114
342926,0.0269107263111345
80230,0.0119152469249882
400242,0.0366658280885068
55314,-0.0216319468771682
9722,0.0656319653121247
283102,0.2306909428075351
57661,-0.0109735377291064
255324,-0.0158346292869863
6583,-0.0294132367650631
23563,-0.1063538924595085
80207,0.0132288705233542
57489,0.0168242601402299
285126,-0.2191594423907292
100133172,-0.2176816661634207
84190,0.0262601180201115
100616401,-0.1836870969785012
378825,-0.2183562456294848
7375,-0.0106979864074242
100505625,-0.1949471165282251
101928140,0.2284125971811428
27299,-0.195399702553645
3840,0.0115980657223759
155060,-0.0181549501536596
1432,0.0107232209472492
55680,0.0139503599931989
386617,-0.1078223994913739
29990,-0.0391121643423149
85452,-0.183521737238344
105369140,0.1635434868969916
100874039,-0.1829222089470568
5729,-0.1677276330178411
100329109,0.0309045179005545
101929762,-0.1677276330178411
105375433,-0.1098702399138236
677800,0.2377167215853171
102723373,-0.1672188357450415
6425,-0.2266770829162225
152110,-0.047743790767777
2073,0.0261858131624155
5871,0.0145232825303723
219348,0.0839946542576162
51326,0.0513532598465629
146754,-0.0705099063495486
260341,0.2210988627538277
100506963,0.0564781601346651
7391,0.0118075428858829
402176,-0.1034848586736911
55785,0.0105033890982797
101928847,-0.208642052014219
100131655,0.09011754860083
79767,0.0171495896801769
643441,0.2167107732191171
283298,-0.1936050309886337
4974,0.2167107732191171
1310,0.2167107732191171
148808,0.0636044828904122
4485,0.0245939857945639
102723828,-0.176256677767663
286527,-0.176256677767663
2253,0.2157380126272793
693164,0.2340309474013154
138474,-0.2235370088872442
10022,0.2335293234023646
3881,0.028016481354587
644762,-0.1726824857406385
100529215,-0.2045368951296127
767846,-0.0799992237272893
7775,0.0203544802448737
79258,-0.197626074795006
7697,-0.0171521486088501
5201,-0.0116037386140602
643210,-0.2172018501750678
92070,-0.0181623597563481
102465439,0.2260595608524868
102724691,-0.2154753030236356
339539,0.245832499832953
64860,0.0132622106569954
85865,-0.0143666202727091
3680,-0.0658251449530548
55086,-0.0325869645242989
148281,-0.2117458734356716
9274,-0.016690467581692
339766,0.2254189370366337
140685,-0.0330650775329384
100996654,0.2254189370366337
100505624,-0.1916560197094806
729956,-0.1580230353608137
100499405,-0.0943364673930503
400793,-0.0311627080572278
119369,0.1357892874308607
644215,0.1341730193069648
94115,0.2205594289171177
347148,0.1361520711896593
5365,0.0151833115790508
103695366,-0.2345511694296165
79026,-0.0127427843299699
100131561,-0.2345511694296165
654502,0.2194805827062021
60312,0.0111873837014234
783,-0.0514013033966173
26974,0.0295103732670742
255374,0.0540686576536432
101060264,-0.1801900696910851
160622,-0.0642875359550832
112802,-0.2010297154415049
414300,-0.1885699720858437
4752,-0.0143751682954041
102724200,-0.1717068359618406
353133,0.0770099016342301
53905,-0.0217199214933166
83473,-0.0246291145271883
11017,-0.0134869773108579
4121,0.0144043128658429
101927275,0.0753648200554748
340037,0.0692771781629871
139793,-0.1599679362972084
7073,0.0091342552721098
284312,0.0716479897381119
102724156,-0.0951455566978614
100190938,-0.2467752673866023
200734,0.0089777254759309
222659,-0.1850089527907874
102465537,0.2356314476863086
101927230,-0.1844475872141834
5788,-0.1754132474824913
618,-0.1754132474824913
29844,-0.0138772486666952
64940,-0.0155336915933118
55191,-0.0109718904558245
59341,-0.0492416071853316
54514,-0.2204511184921165
102466746,-0.2204511184921165
84465,0.0641843834931106
595100,-0.0556345869059802
5148,-0.0956525312549445
101928295,0.1120075822205645
29802,-0.1843590768969989
6137,-0.0095371536796356
101927814,-0.21934739385806
728758,-0.1678634812239668
100289333,-0.1648160861539043
1081,-0.1673828471525382
2167,0.1964201447304762
105374693,-0.1837119513049896
100616209,-0.167426414208258
284485,0.2047444661447828
83546,0.2047444661447828
100631378,-0.1951553461342247
101929331,-0.1713940803549738
284260,-0.1706602202998867
692229,-0.1949297699966788
4012,-0.0106146530048045
442421,-0.1706602202998867
2668,-0.0276972597275848
285540,-0.1717422156455295
101929512,-0.1574154013255631
101929452,0.2057753278994478
6874,0.0129069221127585
100505761,-0.0236943206882257
6940,-0.011844372322178
7181,0.0115392447981515
55892,0.0141823640298635
8844,0.0134536020228591
100505601,-0.190893753585315
103724388,0.0640814898308882
148741,-0.0573379185593498
25803,-0.2121648889277555
727866,-0.2121648889277555
283575,0.1683460162787274
56899,-0.2322082812477685
22953,0.2204996879906346
390561,0.1182193682606813
8554,0.0089353376276491
205860,-0.0267094783396983
92259,-0.0133724960825061
23412,0.0126781634583038
9123,-0.0141859035213708
80776,-0.0273922334650825
116372,0.1581330061417682
105378579,-0.2070505093131435
90226,0.0206562432508625
442720,-0.2538094132386301
100132813,-0.2255581619709319
10422,-0.0109022164410533
100126338,0.1752775168175644
79962,-0.0867084118623155
105371729,-0.109180244467576
102724246,-0.1799474223137132
101927586,0.1083971237419068
26102,-0.1552372356972661
6517,0.080268324268285
392197,0.150353071687371
3641,0.16042097667539
100302650,0.1729877296767066
4778,-0.1086568414817412
653479,-0.0444236276134381
26783,0.0571708862883593
101927359,-0.1991021605466705
647135,0.0302500927325853
100289388,0.051554977817846
644189,-0.1854382875219162
7161,-0.0410747076796594
5979,0.0241952865687046
51538,0.0082368807784498
643253,-0.025272700914984
642515,-0.1646702431713565
51069,0.0096569845591807
7223,0.0789478279969533
5805,0.0095453457096389
348093,0.0668914705093255
8153,0.066932315108811
284798,-0.1625762943761968
100287879,-0.1941291653540834
8001,-0.1937789225849346
23513,0.0096293144054294
100129216,-0.138647620130343
161725,-0.0656101492074197
54977,0.0117900782896607
392307,0.1133457843257761
389898,0.143650500532203
677830,-0.1607973658748099
641311,-0.1788046914943071
102465512,-0.1788046914943071
100131213,-0.0296974144337321
84132,0.0099201937148914
283807,0.0459872099875369
84692,0.1680012841453743
101060553,-0.16912541890325
57448,-0.0091739882899449
64968,0.009534553059486
643770,0.1525867759276282
647190,0.1525867759276282
404744,0.1429774651077436
6522,-0.0076262115339334
3002,0.1613191236561382
7458,0.0070078912459649
105373606,-0.174204395397394
55025,0.1476909694135917
101927446,0.1476909694135917
51751,0.0744115330935095
56267,-0.0085798861648141
102724153,-0.2280709722102445
347,0.0264913510190599
2841,-0.1640283790287945
441273,-0.1640283790287945
100126326,0.0618645867883033
79078,0.0125356877693298
619207,-0.0304071249149306
2262,-0.0833009155307151
100294362,0.0334307930626139
5356,0.0071717057778296
284467,0.1362285994051204
100302275,-0.199694281180654
11171,-0.0073200423020698
390598,-0.0880884985214178
2028,-0.0820104170152809
92092,0.0111433790171259
55638,0.0127790542338482
7652,0.0950840801904617
101059948,0.0886840293504389
414236,0.025996590114936
2120,0.0081648647842616
100996541,-0.1675931586484248
574444,0.1409017488849616
4146,0.0611874770363693
4284,0.1316662194526418
2259,-0.0787959715515442
5314,-0.1462230688463824
162968,0.0292643618057425
104169670,0.1399958374589573
219621,0.0604996772943417
4666,0.0064204153389679
55743,-0.0079809466387061
8675,0.0075332661211651
654466,-0.0587376109975037
5832,-0.0081838143873069
4050,0.1073420266207007
79798,-0.0116465445116966
5778,-0.166806545320545
100128627,0.0908191696205794
100505921,-0.0725616996439064
101926943,-0.1652921100658838
3202,-0.0180532458052776
2250,-0.0124474987900806
55195,0.1301024208407458
1393,0.1301024208407458
8993,0.0901513251475131
101927668,-0.0764866802082539
8214,0.055897377204463
101929423,-0.1607254484965485
653125,0.171054840346511
158801,0.0431499938136098
57649,-0.0068458923425202
102465669,0.1275048812539924
160777,-0.1591969465906617
124989,0.0199715770170215
27190,0.1355762148403067
27197,-0.1490568671726377
5976,0.0070034897520995
1146,0.0783550804244072
7156,0.0088164738480413
9738,0.0100396265669506
101927755,0.0676182017026052
9453,-0.0075322212121683
53838,0.0078967798241996
84288,0.0140435561291668
7454,-0.055793789040644
105375104,-0.1535865175785311
649330,-0.1535244869313206
150379,-0.1535244869313206
102465522,0.1507223532012331
100288142,-0.0176004825303615
284573,-0.1524812868842716
120376,0.1227699444600119
930,-0.1524812868842716
3135,0.0114178580278871
100874249,0.106922833021056
285955,0.030319638466465
56158,0.0696908601752072
220108,0.0674322888405102
28779,-0.1630228312045043
83853,0.076101310976242
144486,-0.0680834717764041
100505832,-0.1475042287766974
51596,0.0072491733198506
30819,0.0238285341638723
3683,-0.1325511190863829
158401,-0.0478413697189431
5681,-0.007085497489192
388011,-0.0204359230127498
100126328,0.1056396712177509
56098,-0.037555840490876
349136,0.0587512332343147
57589,-0.0057949437096398
7711,0.0105390020350293
55101,-0.0076061874664097
93034,0.0789435873875024
165082,0.0336543936964943
102465879,-0.0752306271531695
6791,0.0271769961310532
10138,-0.0097425977429013
84054,0.1158635912314943
80863,-0.0282728519737775
161882,0.0140126376683809
494513,0.0165010366172644
339059,0.1025906820087162
4753,-0.0529263501309304
27290,-0.0489458896385475
2020,-0.1521343411555329
79635,0.0300856809215489
374470,0.1105071449823706
3439,0.1105071449823706
5789,0.0250518093993877
23380,-0.0054706236532849
119032,0.0105104643466681
441204,-0.148490632680216
80864,0.0680231777860821
84305,-0.0072181834578076
401585,0.0538013666822153
9984,0.0079098692741921
2909,-0.005734539200235
105372269,0.1130517624533062
7114,0.0053516169732577
55311,-0.0076676188856979
6084,-0.1429287503254537
283416,0.0603980599193519
100289178,-0.0267192371600654
440073,0.1053886696268395
220164,0.0544205194667592
7324,-0.006796058954979
124401,-0.007521509472875
728989,0.0662975997026888
102465449,0.0846226345986541
100885848,0.0589220436876103
4591,0.006627641037333
60495,0.0840592197165001
124149,0.0840592197165001
27434,0.006727920000903
54108,0.0068642808693366
200810,0.0876658302447726
6898,0.0649512631652281
123688,-0.0240931536338038
23189,0.0083596464444408
10413,0.0052488710739916
101927583,0.080953555134706
641298,0.0106860368994444
105371932,0.0263530582481332
374946,-0.0568042078195245
1877,0.0076759693052908
283651,0.0461592509438323
10291,0.0052309593632199
8678,0.0050591315379268
83876,-0.1283935353240236
143678,-0.0595601978573534
25956,0.0081896726720958
102724196,0.0584845855266297
7768,-0.0095765725572013
1235,0.0784436505088873
100506321,-0.0602321274217287
645700,-0.1218687832263561
101928205,0.080871682632694
388698,0.024818862413865
144321,-0.0344627093590002
100302179,-0.12064744699501
1500,0.0077528590539426
8693,0.02411333983654
23592,0.0050283370602836
102723166,-0.0647919001894281
3892,0.0507496851159271
3948,0.0971977872701834
103695363,0.0252658620218659
10870,0.0411396964643673
134121,0.0739263402143623
401207,-0.0074876593955658
23761,0.0057703488086046
84179,0.0111235550274632
51337,-0.0098710835707945
5042,0.0197738150722405
139818,0.0067015858984599
90139,0.0490659881000669
147007,-0.0053424270195307
146279,-0.0315275927919101
11128,0.0040905031728625
275,-0.0067286769260357
400713,0.0064498122963343
93622,0.0056731361687373
100131347,-0.0502859453554305
134466,0.0075820910196134
88,-0.0515671710931719
145165,-0.0487948483815773
85437,-0.0043916720379853
6331,-0.0494473548636059
9604,0.0041533097437475
729176,0.0625302154202035
22797,0.0784013058525296
105371591,-0.0326308243036581
22999,0.0366276799943295
5380,-0.0454520958172687
728084,0.0436900298733214
11228,-0.0060234839398115
2876,-0.0043053472628653
55009,0.0058969376354139
728194,0.068983673146812
1654,-0.0034055849977778
84271,0.0041599181584771
85019,0.0075143996816291
7769,-0.0050628804667938
80028,0.0054693348786455
391051,-0.1082761519763533
130733,-0.0207544668521038
55012,-0.005305175416194
102465435,0.0862872637649594
51778,0.0653981996201982
2742,0.0862872637649594
100652748,-0.0067550161050984
6013,0.0378573453694982
100874054,-0.043130633439939
5446,0.0225100346740578
7485,-0.0043733399693262
23373,-0.0064553439798303
677837,0.0543647687583528
10438,0.006176850364091
150356,-0.019461992552723
338,-0.0442040178737558
221477,0.0031352721513352
677823,0.0399413209696816
128854,-0.0286656297469935
728039,-0.0222922062486718
26277,0.006279600400599
114971,0.0044876792111238
100141515,-0.049306086139846
158572,0.0164332794286389
3229,-0.0066744802176878
54700,-0.0038153184473653
381,-0.0036675589673348
101929147,0.0048771258245545
386758,-0.0074912700834641
51537,-0.0055942880175892
346157,-0.0059003556841723
285407,0.0339954178512332
79873,0.006588597798923
407013,0.0274289148975848
388389,-0.0088547328573703
9379,0.0244101830673281
285463,-0.0094397828779962
93587,-0.0049573219679184
5911,0.0034176087913033
84541,-0.0064150844221556
728769,-0.00587499382652
5275,0.0154134131357392
677772,0.0320387883399303
102288414,0.0430354912720506
23224,0.0045539127806383
1060,-0.0037721648561541
100132341,-0.0058833104624784
84125,0.0073956029620115
440603,-0.0327763247709559
5950,0.0407548505027371
387129,0.048480065345854
84747,0.0026066478118616
92591,0.0093187099256615
392636,-0.0327353479792786
23308,-0.0217035741918684
343069,0.0384027520851326
100287477,0.0380172178493982
23358,-0.0024306388297324
10906,0.0025245407741185
2948,-0.0037882425606454
5618,-0.0212545968411507
55300,0.0041560946010555
101929555,0.0373752107629832
23416,-0.0183126124947855
948,-0.0377811520113663
80323,-0.0040935371295542
143282,-0.0135106211757398
151174,-0.013656733056863
152015,0.034321504959279
114790,0.002939593696016
101930010,0.0433169302592173
6855,-0.0153346608523678
387804,0.0328280074666527
5383,-0.0127889786433814
5130,0.0021804526621929
100874253,-0.028511785632847
171423,0.0062485866022495
442891,0.0314480024176494
9495,0.0176900685016048
6780,-0.001772664289573
221806,-0.0035805462863773
84249,0.0229168708250355
728431,0.0062294273645495
284757,-0.0157539995483765
7398,-0.0030768386248068
51496,0.0029918735029071
7700,-0.0049301745972044
100874323,0.0107007411349905
7874,-0.0016407128737878
100131094,0.0066335140486147
9442,0.0023854302819905
56155,-0.0098634937647563
1390,0.0028844671298935
57492,0.0017078372151744
100147773,0.0195800867798186
414197,-0.0155411635712901
2915,0.0236976522371315
124152,-0.0031020203493878
8805,0.002453375602605
56624,0.0073810026368623
84059,-0.020128274222882
50943,-0.0107326013582491
105369728,0.0226396761050195
80006,-0.00217209509168
8690,0.0019387590857406
23613,0.0016917651774431
101927761,-0.0105069605837492
80108,-0.0046934948524788
100505984,0.0217562389555548
100874261,-0.0121581692255299
79738,0.0017739697376376
645752,0.0270073095551507
29057,0.0111842348538377
25970,-0.0015259851521074
10623,0.0014545130291643
2312,-0.0028316137651268
6170,-0.0015719304699088
100288152,0.0039427897215288
7481,0.0051481325728904
53827,-0.001639874179964
283375,-0.0130775167686367
6511,-0.0155428430302
11217,0.011058160880575
105378722,0.013969802093136
388323,0.0053247779099278
100506866,-0.0024772455856821
440600,-0.0134287680738972
10962,-0.0010284861206444
153733,0.0015235611505324
374454,-0.015359851495377
643376,-0.0124576165196143
105369155,-0.0068570844253846
6733,-0.0008602452569135351
338440,0.0013844601696299
100652865,-0.0124798189029711
55670,0.000817323504424891
751580,0.0035159450396332
729970,0.0039411268130873
27185,0.0104939822958874
253264,-0.0050268017840129
102465448,0.0090944159987437
147808,-0.0012924595428287
9168,-0.0007580916853387573
6101,-0.0072278928780122
53834,0.0008700525926074323
8613,0.0011770679341605
64326,-0.0006712252953673214
2009,0.0007640810445194988
102724371,0.0082714890629248
57710,0.0011165396417449
151651,0.0072577572221133
653268,0.0055377042205524
105376341,-0.0057256650891076
283933,-0.0030881907264635
1774,-0.0005722188096237336
285498,0.002500097140893
116443,-0.0016496970529194
1636,0.0022023010328121
102724474,-0.0048716504803483
8320,0.0019510199549268
56127,0.0036722873995613
29888,0.0002603121515118726
7589,0.0004929632682120037
644838,0.0030859625054187
100862704,0.0029986609028043
55975,-0.0001748707912940395
729739,0.001902861686661
79047,0.00012103548416036556
15,-0.0004634449972012601
1825,7.154964478382616e-05
102466205,0.0005581386300715701
101929523,0.00015429449155097223
2010,3.796913518346475e-05
100287102,0.7816922465375287
102466751,
100302278,
645520,
79501,
102725121,
102465909,0.7816922465375287
729759,
105378947,-0.1381136924084732
101928626,-2.60471171322504
81399,
254099,0.7816922465375287
102465434,0.724501505226327
102466740,
643965,-2.0199447176390644
102724312,1.6743794214335248
8510,0.7816922465375287
8511,
2563,
140625,
440556,-0.1800780575472706
100422968,
693135,
148870,0.6904432202755426
728716,
284661,
100616489,
100616421,
390992,
100422975,
80835,1.718356168056178
100505887,
102724539,-1.14186110510496
765,-0.1901915226323129
155184,
644997,
100847055,
100422970,
100526739,
100873935,-1.085880620549002
57540,1.3402139565887818
101929181,
284498,
102724659,-0.1800778359168469
4879,
26829,
102466982,0.7816922465375287
102465836,
100616438,
102466722,
343066,
126767,0.7816922465375287
93190,2.2893274209426187
390999,
65121,
440560,0.7816922465375287
65122,
400735,
343071,-1.14186110510496
441871,
440561,
653606,
102724742,
101929983,
441873,
649324,
645354,
645359,
101060301,
343070,
400736,
391003,
343068,
391002,
645382,
653619,
729528,
645414,
391004,
645425,
126755,0.7816922465375287
727684,1.2620628406546393
101927417,-2.0346897031131204
63036,0.7127496012402337
388595,-1.14186110510496
101928566,
149563,
1187,
26871,-1.14186110510496
100126512,
100126517,-1.14186110510496
102724970,
100133301,
7195,
26869,
729574,
100126533,
284729,
100189045,
102723383,
6060,
100500876,
100189298,
7193,
791226,
26870,
100616188,2.219380375905678
353238,
81569,-1.14186110510496
101927876,1.6873680854747002
84966,
127707,-1.14186110510496
5081,-1.14186110510496
80834,
100616120,
100302276,-2.0444741686792907
100532736,
3362,0.7816922465375287
54546,
30814,
5320,-1.0859216151768327
26279,
391013,
101928017,
127731,1.604744763474058
339505,-2.0444741686792907
102464833,
100302155,
10136,
100616433,
102466615,
712,
714,
713,
100616391,
100422914,
646262,
100422866,
100616177,
101928163,
259283,-0.1800780490882907
1269,-1.14186110510496
100616492,
102465437,
100616365,
100500808,
79927,-0.1800778359168469
105376887,-1.14186110510496
257101,
79727,1.604744763474058
100302190,0.7816922465375287
100887744,
677774,-1.6622776215382349
26824,-2.048913640018298
105376911,1.7125466443357822
4985,
101929406,
100616164,
400748,-1.14186110510496
692234,
692235,
692200,-1.083278562751843
284551,2.700286075511365
100423028,
100847018,
728116,-0.1800778436136306
127540,
402779,
84970,
693137,
1441,
2899,-2.622790053474701
100422898,
284654,-2.0444741686792907
100500801,
26292,0.7816922465375287
81025,
105378950,
101929536,0.7816922465375287
127391,-0.1800778436136306
407034,0.7816922465375287
407031,
2981,
2980,2.263423414364979
7075,0.3593864231982452
102465440,-1.6609899165072934
102464830,-1.14186110510496
105378952,0.7816922465375287
100847089,
26830,
101929651,1.7295842912770358
148930,
374973,0.745783550884095
163720,
1579,
284541,-3.03463422683026
84871,-0.2426753464380512
101929721,
100874313,
1996,0.7816922465375287
63950,1.7125466443357822
100616189,
102466656,
284546,
100313892,
112970,
348378,-3.047466509851183
100616156,
100616458,
100616145,
127435,-2.630548677233065
6512,
163742,
63948,
100616315,
200008,
374977,0.3951325760804412
100527960,0.6904432202755426
100126514,
7809,1.6743794214335248
100616272,
199920,-1.073308972026645
731,
732,
1600,-3.0463386891397533
101926890,
729467,0.7816922465375287
100616409,
127795,3.030110666160709
101926964,1.7125466443357822
100996570,
645030,
414927,0.7816922465375287
100422902,
100422946,
199899,-1.14186110510496
102464823,
101927034,-2.032581106264364
148581,
100616338,
101927084,2.2893274209426187
100500854,-0.1800778860600599
406893,0.7816922465375287
101927139,
100422871,
200132,-3.033805000443221
149233,2.680508011348058
100302279,
5301,-1.14186110510496
101927244,
100852409,
101927295,
100526835,
51086,-0.1800779283813124
105378804,
105378803,
101927320,0.7816922465375287
431707,0.7816922465375287
127247,
101927342,-1.14186110510496
102466995,-1.14186110510496
149047,-1.14186110510496
101927412,
101927434,
101927498,0.7816922465375287
58511,1.73669142643021
100616481,0.7816922465375287
102465842,-3.033805000443221
101927844,
388646,1.2621160065370958
729930,0.7816922465375287
105378846,-2.032581106264364
343472,
676,0.745846182878836
388649,-1.652665483338023
100126520,0.7816922465375287
100126348,
100189133,-2.6149985807164606
100616321,-1.14186110510496
101928098,-0.180077920387205
440594,
100996635,
102723661,0.7816922465375287
101928241,
100873932,0.7816922465375287
100873933,
100616452,
406928,
100129620,
101928270,
54112,0.6514884846269483
100128787,-2.046187527582829
101928334,-1.14186110510496
104355286,
279,
276,
277,-1.14186110510496
278,
100129138,1.2858187046228442
101928476,
102465839,
100873946,0.7816922465375287
148545,2.98298722657605
642864,
127003,-0.180077920387205
406974,2.219380375905678
79574,0.7816922465375287
104355139,0.7816922465375287
164153,1.6743794214335248
100873974,0.6903910369534427
84432,1.7125466443357822
643160,0.7816922465375287
440602,
3744,
3738,1.7411533488720414
149620,-1.14186110510496
27159,1.604744763474058
441897,
140,-1.14186110510496
100874295,
100873995,
270,2.2893274209426187
6847,-2.0199447176390644
7252,
101929023,1.7014055810626485
100616384,
100302117,
388667,-1.14186110510496
914,
100126331,
104355292,
100996263,
104472716,
51179,-0.1800779724778679
100874270,
3284,
3158,0.7816922465375287
83998,
343505,-2.0346897031131204
11085,
100189005,
101954277,
101954264,0.6515064533550772
100189257,1.359642130440849
105369199,1.7183596532387782
100996721,
100126488,
101929798,
100873165,
101929815,
100189261,
101954269,
26863,
791227,
100189142,
100189326,
199882,
100189356,
100996713,1.7411533488720414
101060524,
730262,
101954267,-1.14186110510496
100189323,
100189127,
728945,1.604744763474058
105371215,
1818,
101929805,
645142,
101954266,-0.1800778359168469
7214,
100126510,
101060254,-1.14186110510496
148738,
100189384,
100189064,
100188991,
100189198,
101954276,1.7125466443357822
170688,
105371242,
100189334,
101447996,
100289211,1.6480573743677889
2703,-1.083278562751843
100189140,
26864,
100189193,
100189056,
100189307,0.7816922465375287
100189174,
100188998,
100847044,-1.0715034509579056
102466225,0.6515064533550772
26860,1.6873680854747002
644591,0.7816922465375287
440672,
100996761,1.6883428516124086
653598,0.7816922465375287
644634,0.7816922465375287
100189228,
102723955,
100189059,
8370,0.7816922465375287
126961,
333932,
554313,
105373477,-1.14186110510496
102465529,1.6480573743677889
100422997,
100534012,
339398,2.1886122177186222
100131107,0.7816922465375287
254910,2.6031058434470538
353144,
353143,
353141,-1.6443709381863785
353140,
26239,
199834,
353134,
149018,0.7816922465375287
645922,
100189015,
102466879,
343052,
102465441,
100847024,
100126346,
126668,2.692933202909956
693235,
693140,
645682,-1.0715034509579056
100527963,
391104,-0.19174938309416
10485,0.7816922465375287
407046,
164118,-0.2126231952222955
101928177,-3.0265196986488965
60484,1.2621160065370958
3645,0.7127492797915551
768220,-0.180077920387205
440695,
83416,0.7127496012402337
83417,
115352,0.7816922465375287
79368,
115350,
922,
909,
911,
910,
913,
128360,
391107,
391109,
343406,
391112,
128366,
128367,
128368,
81448,
391114,-1.14186110510496
128371,
128372,
81442,
4332,0.7816922465375287
100189166,
2205,1.6480573743677889
441911,
26476,0.7816922465375287
127385,
325,
1401,
100422852,
480,0.7816922465375287
114836,2.627207108502531
8832,2.944567446142312
6504,
962,0.7816922465375287
55600,0.7816922465375287
101928372,0.7816922465375287
336,-0.1800780490882907
100847090,-3.0463386891397533
100189373,
100189407,-1.083278562751843
100189402,
100188997,
100189412,
100189394,
100189366,
100189091,
100189260,
100189235,
100189009,
100189252,
100189385,
100189141,
100189290,
100189316,
100189230,
100189259,
100189188,
100189134,
100189364,
100189160,
100189017,
100189039,
100189120,
100189139,
100189274,
2212,0.7244992718440678
100189380,
100189018,
100189011,
100189126,
2214,
9103,-1.14186110510496
100189003,
2215,
2213,0.7816922465375287
102724329,2.281014751569344
100616386,
693141,
101928404,2.2893274209426187
100422212,
100505795,-0.1800779283813124
6258,-2.032581106264364
400794,
440699,
440700,1.7366715452341082
100500832,
100126349,
116123,1.7014055810626485
84944,-0.1800779724778679
10223,0.7816922465375287
92235,-1.14186110510496
100189211,
100189019,
100313835,
693142,
100505918,0.7816922465375287
101928565,
6846,
6375,
79100,
101978719,
6403,-1.14186110510496
6401,
149281,0.7816922465375287
100423010,
100422839,
284688,
100302178,
100847009,
388714,
2326,-2.6149985807164606
4653,1.7125466443357822
100874284,-0.1800780575472706
406996,
100422882,
406977,
356,-0.2314858518777453
284525,0.7816922465375287
730159,
9293,-0.1800779283813124
101928696,
63923,1.70141836713342
7143,-0.1806829781292165
101928727,
101928751,0.7816922465375287
677679,0.7816922465375287
574441,
57795,3.0405439387135687
102724661,
101928778,
84066,0.7816922465375287
105373472,1.6743794214335248
100616328,
7827,
148753,0.7816922465375287
100423032,
148756,-1.14186110510496
100287948,-1.14186110510496
127665,-2.048913640018298
400799,
127670,0.7127492797915551
388719,0.7816922465375287
353299,1.7183555298427606
85397,2.2724232578890446
81626,-0.1800778436136306
403314,0.7816922465375287
102724846,
100288079,-1.14186110510496
101929093,
104169671,-2.0444741686792907
101929766,
101929120,
440704,
431704,0.7816922465375287
5996,
6003,
100302163,
8707,-3.0403398234461987
101929184,-1.14186110510496
100616363,
10878,-1.14186110510496
3078,-1.6622776215382349
10877,
3080,
81494,
2165,0.7816922465375287
56956,-1.14186110510496
127124,
406955,-0.1800778359168469
406995,
102800316,
104266961,
400800,
2848,
100847050,
100302158,
102466724,2.263423414364979
102465443,1.7125466443357822
4656,
4608,
1118,0.7816922465375287
100506775,-1.0715034509579056
100189122,
100189425,
6900,1.7183596532387782
100189098,0.7816922465375287
103021295,1.3013766813490728
440712,-1.14186110510496
553,
102466202,
29949,-1.083315054072555
5284,0.7816922465375287
83953,1.669539533624316
725,0.7816922465375287
722,-1.14186110510496
1380,2.281014751569344
1379,
105373474,-1.14186110510496
343035,
102723727,
100422947,
101929565,
100861504,-0.1800781042250324
105372911,
101929612,-0.1800780575472706
102723833,
103752555,
100885798,
101929631,
103611157,
406997,-0.1608340592310673
406969,-1.14186110510496
100302234,
677818,
100873924,0.7816922465375287
100189378,
164127,
101927143,1.7125466443357822
100313769,-1.081966776085102
100616468,-1.14186110510496
7044,0.7816922465375287
83881,0.6513902818689623
375057,1.6743794214335248
100506443,0.7816922465375287
339501,-2.0444741686792907
100847072,1.6873680854747002
101060022,1.6695781440254098
100500810,-1.083278562751843
102465444,0.7719199562191933
8290,2.7423288137945354
100616308,0.7816922465375287
100169751,
100169753,
100169754,
100169755,
100169756,
100169757,
100169758,
100169759,
100169760,
100169761,
100169762,
100169763,
100169764,
100169765,
100169766,
100169767,
100169768,
10638,
101927478,
101927532,
101927553,
10753,1.6480573743677889
100302132,
149373,
645339,
100287814,2.72633178419262
27184,1.7411533488720414
104472714,
101927660,
101927683,
101927736,-1.14186110510496
100616390,
100616380,-2.0346897031131204
101927851,1.604744763474058
100616224,
100302139,
100616141,
339535,-1.14186110510496
105373226,
1131,2.23734379119906
100506915,
100873984,
645884,
100422856,
441925,
440738,1.7411533488720414
100616343,1.6743794214335248
339529,0.7816922465375287
440742,
255654,-1.14186110510496
100533111,
317705,
127623,0.7816922465375287
441932,
148823,-1.14186110510496
148824,-0.180077920387205
81472,-1.14186110510496
81470,
81469,
441933,
343169,
26188,
284532,
391189,
343171,
343172,0.7816922465375287
284521,0.7816922465375287
391190,
391191,1.604744763474058
26247,0.6904432202755426
81466,
26246,-0.1800778860600599
391192,
388762,
127059,
391194,
127062,
26245,
391195,
127064,
391196,
127066,
127074,
254879,
26696,
401992,
343173,
401993,
391211,
343563,
127068,
127069,
127077,
403244,
403239,
401994,1.7125466443357822
101928226,
100189199,
100189409,
102723376,
347688,
100847086,
101927762,0.7816922465375287
399706,-0.1800781042250324
105,0.7816922465375287
642394,
282980,
102465944,
105376351,0.7816922465375287
105376353,-2.048913640018298
102464829,
101927964,1.604744763474058
100507059,0.7816922465375287
114131,
100189342,
3559,
100422989,
100628560,
100652997,-1.14186110510496
105376502,-2.048913640018298
399717,-0.1693078311956298
100507143,
101928272,
100507163,
101928298,
101928322,
254312,
439950,
100616488,
100616151,
100616320,
100313841,
221044,
101928453,-1.14186110510496
100422843,
100302116,
8516,1.6480573743677889
101928701,-0.1800780490882907
100128098,
574445,
221074,2.2893274209426187
100129213,
340895,-0.1794894843501469
101928834,
100616383,
387638,0.7816922465375287
100302741,
100302129,-1.14186110510496
340900,0.7816922465375287
100189083,
100532731,
9576,-0.1901915226323129
256297,
387642,
100616217,
693188,
100128811,1.7411533488720414
101929052,
101929073,
53904,2.72633178419262
2572,
645528,-1.14186110510496
731789,-1.0859216151768327
101060171,-1.14186110510496
101929180,
374308,-2.0346897031131204
101929202,
102465880,
101929218,
100507605,
283080,
84569,
693189,
100126327,
102724333,0.7816922465375287
101929256,
101929279,
102466227,
119180,
645954,1.6480573743677889
102031319,-1.14186110510496
100505583,-2.0199447176390644
100500890,
219770,-0.1800779283813124
100616500,
102578074,
91074,
101929520,
100288485,
399746,
101929373,
101929397,
101929445,
104266963,0.7816922465375287
100847014,
53828,-1.14186110510496
414201,-2.046187527582829
414260,-1.14186110510496
100506835,
283033,
100130539,
643236,-0.1800778436136306
100133308,0.7816922465375287
338579,2.245896351242226
100422988,
79290,1.6743794214335248
102724323,0.7816922465375287
4477,-0.19174938309416
100996567,
105378577,-0.1800778436136306
195977,
728798,0.7816922465375287
2662,
2658,
5949,-1.14186110510496
100133093,-1.14186110510496
1517,
644054,
100422895,
100506733,0.7816922465375287
170370,
100506769,
118461,
644168,-2.046187527582829
267004,
101243544,
1103,
6572,-1.14186110510496
282966,
693190,
4153,
100302192,
100463289,0.7816922465375287
100500834,
100507008,
100507027,0.7816922465375287
283025,
100507058,
101928781,
100302150,
101928887,
101928961,-1.14186110510496
102466814,
100189279,
692211,2.219380375905678
50674,
64106,
5551,-1.14186110510496
219793,1.7125466443357822
102723377,
102465689,
100616286,
338599,
693191,
101929310,
101929286,-2.032581106264364
100132987,0.7816922465375287
414243,
729238,
653509,
4143,-1.6609895902966565
143241,0.7816922465375287
10718,0.7816922465375287
101929590,
26103,
5995,
170425,
105378578,
101929624,
101929646,
101929662,-1.14186110510496
101929684,
100507470,
442911,
94233,0.7816922465375287
728218,
100616296,
8513,-0.1800778860600599
100616192,
100616128,
101926906,
406901,
101926924,
101926942,-0.2126231952222955
100874184,
340665,0.7816922465375287
1592,0.7127492797915551
338557,
9211,
101927049,
100422892,-1.14186110510496
1791,0.7816922465375287
693192,
100505540,0.7816922465375287
100533184,0.7816922465375287
414157,0.7816922465375287
100302133,0.7816922465375287
102465253,
101927324,
159296,
1369,1.6480573743677889
5076,
693193,
100038246,
3195,-1.14186110510496
101927396,
10660,
399806,0.7816922465375287
101927419,
100422900,
100423033,
5309,0.7816922465375287
574447,
100528007,
57412,0.745783550884095
100302174,0.7816922465375287
255022,-0.2426753464380512
119395,2.3064890290517823
102724341,0.7816922465375287
693194,
101927523,
22986,
100505890,
101927549,
103695365,2.3064890290517823
105378479,0.3936490192736563
100616113,
100313921,
6975,
102466189,
102465427,
390003,
100422909,
103344931,
3026,-1.14186110510496
4892,-0.1800778860600599
100616162,
100302224,
56165,2.7423288137945354
101927692,0.7816922465375287
102724589,-1.08325371280066
374355,1.604744763474058
5406,-1.6526924787461692
5407,
5408,
11023,-2.629507392230685
101927704,
100500893,
338567,0.7816922465375287
2834,0.7816922465375287
641451,-0.1325348441581121
100616398,
100616322,0.7816922465375287
404216,-2.032581106264364
283089,-0.2503642447248346
100500866,0.7816922465375287
399814,-1.14186110510496
375940,
50624,
100533195,
118670,0.7816922465375287
3167,0.7816922465375287
2849,2.3064890290517823
101927944,0.7816922465375287
100423041,2.3064890290517823
100169752,0.7816922465375287
387718,2.2893274209426187
100616327,
101410540,
594857,
399823,-0.1682841557373295
119467,-1.14186110510496
101927381,
100422873,
100422867,
256536,-2.046187527582829
101927489,1.2858187046228442
399827,-2.0199447176390644
101929806,
84504,2.7423288137945354
399829,-0.1800779283813124
84435,
100128127,
8433,
27287,-2.032581106264364
101927671,
574448,
100500911,-3.03463422683026
399833,0.7245137034018079
441581,
147199,0.7719199562191933
171389,-1.6443709381863785
387733,3.0136207172256824
143666,-0.1800779724778679
105376667,0.7816922465375287
101927503,2.9987926246935226
4586,0.7816922465375287
102466725,
101927562,
440021,0.7816922465375287
387266,
439915,
387742,
100132464,
440023,
100423021,
102465993,
101927624,
104355220,1.6743794214335248
100033819,
723961,
619552,
51214,0.7816922465375287
3630,
100616126,
29125,
29850,-1.0714881451047835
3784,0.6513902818689623
338653,
55539,
386746,
283303,
116534,1.6743794214335248
105376525,1.6873680854747002
101927708,
7221,
116969,-2.0444741686792907
417,-1.6597184875802358
100616453,
143496,
119774,
390036,-1.14186110510496
119772,
143501,
143502,
390037,-1.14186110510496
390038,
143503,
81285,
256892,
119695,
119694,
119692,
401665,
119687,
81282,
79324,
401666,
401667,
56547,
119682,
119679,
119678,
390054,
23538,
283111,
3043,
3045,
3044,
103344929,
3047,
3048,
3046,
79339,
79345,
282763,-1.14186110510496
390058,
390059,
390061,
390063,
390064,
390066,0.7816922465375287
50613,
390067,-1.08325371280066
340980,0.7816922465375287
445372,
387748,
390075,
79473,
390077,1.7411533488720414
390078,
390079,
390081,
390083,
390084,
338751,
120793,
120796,
196335,
255725,
120787,
887,-2.0199447176390644
144125,
8590,
144124,
341276,
283297,
120776,
120775,
100313774,
120066,-0.1800781042250324
103581031,
101927917,
56676,1.7125466443357822
100847015,
100189370,
101928008,-1.14186110510496
100616263,
10894,-0.1800780575472706
100423026,
102465870,
102466906,
5741,
101928132,
102724957,
102464826,
6833,-1.14186110510496
10083,
340990,
102723330,
4654,
6290,
494141,
100528017,
100423016,
259249,-1.14186110510496
117194,2.6031058434470538
100874012,
399876,
100616118,
100616426,
100874014,
120237,
9152,-1.0714881451047835
102723378,
100500938,
102465860,
159963,0.7244992718440678
103695435,-2.0199447176390644
105376671,2.647600078609369
102465881,-1.14186110510496
101410541,1.7295842912770358
693195,
102466876,
2488,
744,-0.180077920387205
440034,0.7816922465375287
103157000,
100506675,0.7816922465375287
51352,2.23734379119906
101928440,-0.1800779724778679
100616437,
100616311,
5897,1.6873680854747002
103312105,1.7411533488720414
101928536,
57689,-0.1608340592310673
102723644,
399881,
100313777,
406918,
221122,
101060179,
57586,1.7125466443357822
101928812,-1.14186110510496
399886,
102465691,
100507384,
374387,1.3013766813490728
101928894,0.7816922465375287
100616368,0.6904351522760449
100422827,
100422825,
100847020,
102466726,-0.1794894843501469
4607,3.064705755656472
100616222,
399888,-0.1800778359168469
100423000,
119765,
119764,
390113,
256148,
256144,0.7816922465375287
403253,
283116,
646754,
440040,
283092,
283093,
403257,
441601,-2.046187527582829
119749,
81318,
79097,
440041,
81327,
81328,
81309,
219428,
219429,
81300,
219431,
219432,
390142,
219436,
219437,
219438,
26338,
390144,
84767,-1.14186110510496
390148,
10798,
282770,
219445,
338674,
219447,
120586,
390151,
390152,
81168,
219453,
282775,
219464,
390154,
390155,
219469,
219473,
390157,
219477,
219417,
219479,
390162,
219482,
219484,
219487,
390167,
390168,
338675,
219493,
390174,
283189,
102465135,
390181,-1.14186110510496
219525,
219527,0.7816922465375287
187,2.692933202909956
10394,
406919,
100528016,
219956,-1.0859216151768327
219952,
219954,
219957,
219958,
219959,
219960,-1.14186110510496
81341,
219965,
441608,
390190,
390191,-1.14186110510496
219968,
386607,
1270,0.6904351522760449
10249,0.7816922465375287
283194,
219972,-0.1383464489964359
341112,0.7816922465375287
390195,
219981,
219982,
219983,
390197,-1.14186110510496
219986,
390199,
100188993,0.7816922465375287
100189283,0.7816922465375287
100189115,-1.14186110510496
100189240,
100189238,
100189415,
100049613,
100009605,
100422880,
390201,
81343,0.7720149691807948
255649,2.692933202909956
105369444,
219990,
932,0.7816922465375287
2206,
64231,
102465250,
51338,0.7816922465375287
245802,-1.14186110510496
84689,-1.6609899165072934
64232,
931,-0.1800780575472706
54860,-1.14186110510496
503497,
283197,-1.14186110510496
83661,
728588,0.7816922465375287
341116,0.7816922465375287
643834,
643847,
5222,-1.14186110510496
100616470,
26070,
693196,0.7816922465375287
100302263,
10648,0.7816922465375287
4246,0.724501505226327
10647,
4250,0.7816922465375287
404552,
7356,
692158,
100534595,
102465257,1.3098672299999594
1128,-0.1800780490882907
9356,-1.14186110510496
9376,
283238,
387601,1.6743794214335248
387775,0.7816922465375287
114571,
117245,-1.14186110510496
85329,0.7816922465375287
100873759,-1.6713252184989718
50801,1.2858217802597596
102466815,0.7816922465375287
100302280,
100996455,1.7126700752241524
55867,
116085,
406967,0.7816922465375287
406970,0.7816922465375287
102466727,
102466756,
29907,
387778,2.9987926246935226
100616284,
254187,2.281014751569344
89792,2.692933202909956
100189285,-2.0444741686792907
89,-0.1800779724778679
100526737,
100423029,
254439,-1.6622776215382349
102465518,
390212,0.7127475246609245
57010,2.72633178419262
102465450,
51475,
347853,
91703,-2.613570923842689
100873760,
116512,0.6514884846269483
116535,1.2620628406546393
101928200,
100422846,
101928292,
2249,
2248,
101928443,
100009613,-1.14186110510496
100313770,
100874198,
220070,
100500844,
399923,
102466728,-0.1800778359168469
440050,-2.0346897031131204
57830,-0.1800780490882907
387273,-0.1995732476273787
440051,
245911,
100422953,0.7816922465375287
2350,1.2858217802597596
401,
406931,
100616410,
101928580,
100616215,
100616402,
341152,0.7816922465375287
442900,
80168,
283214,
100189072,
100189224,
390226,1.7411533488720414
192134,
4975,0.7816922465375287
220032,2.9734600264964373
100532726,
65987,0.7816922465375287
7069,0.7816922465375287
101928896,
100847000,-0.1800780575472706
101928944,
101928989,
100422823,
100379250,
220047,0.7816922465375287
102465452,
100423040,
100873989,0.7816922465375287
100873753,
219595,
390231,
57093,
105369176,
642446,
399939,
729384,
120146,
642569,
642612,
105378955,
642623,
101929222,0.745846182878836
100616186,
100302228,
390243,1.604744763474058
643037,
101929295,2.263423414364979
100422991,
100874053,
5241,-0.198005141560552
101054525,
100500823,
253935,-0.1800781042250324
102723838,
9313,
64066,0.7816922465375287
4322,
100616457,
414301,
102465752,
102723895,
100506742,
643733,-0.2314858518777453
101928535,0.7816922465375287
643923,1.7125466443357822
6588,-0.8073532719891273
54734,-1.14186110510496
341032,-0.1522089777097123
100616330,
100132078,0.7720149691807948
644277,0.7816922465375287
407041,0.7816922465375287
407042,-1.14186110510496
100528019,
91894,
101928823,2.713162646002583
387810,
100288346,0.7816922465375287
100422855,
644672,
9177,
116519,
337,
345,
57453,1.262107780255325
486,
100533181,
100526771,-0.180077920387205
915,0.7816922465375287
917,
102466719,-0.1800781042250324
11181,1.7366715452341082
100616376,
283150,
100500840,
79849,2.640910886497642
102465453,
83552,
114902,
649133,
101929227,0.7816922465375287
105369535,-0.1800779724778679
414899,-1.14186110510496
406882,-1.14186110510496
406892,
100189294,
390259,
100616319,
390260,
338661,
338662,
219875,-1.14186110510496
390264,0.7816922465375287
219870,
219869,
390265,
26492,
219865,1.301379761007594
26494,
283159,
283160,
26595,
390271,
283162,
26493,
219858,
390275,
116337,0.7127475246609245
220296,
641654,
103695364,-2.622790053474701
160065,
399967,-1.083278562751843
100169851,
399968,1.3098750257000076
29118,1.3171080881120112
105369591,
100874251,
100422918,
283165,
101929473,
101929497,
102466104,
101929517,
101929557,1.6883428516124086
440072,-0.1800778359168469
102466873,
101929653,
101929637,
100874281,
646522,
219938,
100616119,
100128239,-0.1800780490882907
283177,
677784,
574538,0.7720149691807948
101929384,
102723544,0.7720149691807948
100500816,
654429,0.6514884846269483
100271702,
100874369,
100874234,
100874370,
100874235,2.680508011348058
100652846,1.3171119040648611
283440,-2.048913640018298
8074,-1.14186110510496
2251,0.745846182878836
101929549,-1.14186110510496
3742,-0.1608340592310673
3736,
3741,
101929584,
4908,0.7816922465375287
57101,1.6480573743677889
677780,0.7816922465375287
100147744,
406985,
339,
9573,
359787,
170482,
360030,
79923,1.324794417211398
440077,
389634,-1.14186110510496
93978,0.7816922465375287
338339,
26253,
57379,-0.17001226421765
5858,2.3064890290517823
101930452,-0.1995732476273787
101928030,
105369647,
969,
100431172,
387836,
100506159,
160364,1.6873680854747002
51266,
387837,2.245896351242226
102724020,
283420,1.6743794214335248
120939,
22914,-2.046187527582829
101928162,-2.0444741686792907
50837,
50836,0.7816922465375287
50835,-0.1800779724778679
11272,0.7244992718440678
5554,2.1886122177186222
50838,-1.6609899165072934
259296,-1.652665483338023
259292,-1.081966776085102
259289,-0.1800778359168469
259293,-2.046187527582829
353164,0.7816922465375287
5545,-1.14186110510496
79370,-0.1800781042250324
103504734,
693198,
420,
5149,
101928340,-2.0346897031131204
100873980,
729025,-0.1800778359168469
100616279,
79785,1.6480573743677889
100506393,
53919,-1.14186110510496
28234,2.245896351242226
338821,
10599,
6579,0.7816922465375287
3375,-1.14186110510496
3764,-1.14186110510496
101928441,0.7816922465375287
100126320,
101928471,
144360,-1.14186110510496
196415,
645177,0.7816922465375287
4033,-0.127134810716459
100422897,
341359,2.2724232578890446
105369729,
283461,
29951,2.1886122177186222
102467003,3.00370575461344
101927058,
440097,
83956,
105369970,-1.667976335980046
100616486,-1.14186110510496
100616478,
102466657,-1.14186110510496
3906,
100302221,
255411,1.6743794214335248
100506125,-0.1893030924526575
23017,0.7816922465375287
283332,
101927292,
359,
101927318,
362,2.245896351242226
102723963,
100302220,
283471,0.7816922465375287
1990,
105369971,
26628,2.219380375905678
3889,0.724501505226327
3891,
3888,-1.083315054072555
319101,
100127967,-1.14186110510496
102466193,-1.14186110510496
121340,0.7816922465375287
269,1.2780068648771112
102216268,
406973,
693200,-1.14186110510496
100240735,0.3643419034975456
100240734,0.7816922465375287
100616400,
442892,0.7127475246609245
121355,
5502,0.7816922465375287
644076,0.7816922465375287
90070,0.7816922465375287
117159,0.7816922465375287
9840,-1.083315054072555
58158,2.2724232578890446
441639,
121364,
254783,
283365,
390321,-0.1800779724778679
254786,
390323,
403282,
390326,
341416,
390327,
403284,
341418,
121129,
121130,
196410,-1.14186110510496
100528022,
100189152,
319,0.7816922465375287
6866,-1.14186110510496
100302201,
105369972,
101927653,
100506869,
102465133,
406891,0.7719199562191933
100500856,
693129,
400046,1.7295842912770358
11197,-0.180077920387205
105369187,-0.2466046535493354
102464827,
103625681,-0.1800778436136306
102465249,
102724421,0.7816922465375287
100507175,-1.6622700582594605
100885789,
3458,
55801,
50616,-1.14186110510496
100507195,
100379132,1.7125466443357822
100130075,0.7816922465375287
100302182,
100500903,
100500868,
376132,
101928002,-0.1800779283813124
7103,-0.1800780575472706
105369834,
729633,1.340169246021531
101928137,
100507377,0.7816922465375287
3747,-2.0346897031131204
100302136,1.7411533488720414
105369868,
105378254,
4618,
4617,
101928420,
693202,
693203,
105369869,
100616133,
102724663,
101928449,0.7816922465375287
4922,
400058,-0.1800779724778679
160419,1.2858019022812075
100528030,
439916,-1.6671920058172944
196477,
1833,
11081,
101930023,2.245896351242226
574016,-1.14186110510496
574028,
338809,
440107,-0.1800778436136306
102724933,-1.0858526343469856
101928731,
100847031,0.7816922465375287
102465834,
574449,
160313,
442903,1.6743794214335248
100500802,-0.180077920387205
100189239,
196475,
100302289,
406926,
643711,
100873757,
100616287,
100422924,
100189207,
100189171,
101928937,
196472,
100302217,
9971,
121599,
4604,
5367,-1.14186110510496
3479,-1.071465662347285
283432,
5053,-0.1800779283813124
429,
101929058,
101929084,
100500842,
100500843,
121549,0.7816922465375287
102723562,0.7816922465375287
100616240,2.988743177236532
693204,-0.1800778860600599
1610,-2.048913640018298
55530,
121643,
101928138,
84983,
100616454,
160762,1.2779824789182357
23316,-0.1800781042250324
102465455,
102465456,
102465519,
100302227,
22895,-0.1800779283813124
102466222,
102465457,-0.1800778436136306
10993,1.301379761007594
104355219,
6910,-0.1800778359168469
105369997,
255480,-1.14186110510496
693205,
100616309,
54997,-2.624212480188042
101928244,
84530,1.604744763474058
144742,0.7816922465375287
100302274,-1.14186110510496
100616179,
26835,
5319,-0.1800780490882907
100616329,
283460,
102465665,-1.0602384446855764
386653,-1.0601929473263878
100422931,0.7816922465375287
100507091,1.6873680854747002
102466877,
100500909,
100533183,-2.622790053474701
144347,
102466204,
100189232,
100189343,
100009606,
100189347,
100189339,-0.1800781042250324
101927464,
105370059,
100128554,
100996671,
387895,
100507206,
440117,
101927616,
101927637,
400087,-1.14186110510496
104472718,0.7816922465375287
100862680,
100996679,
101927694,
100616298,
92293,-0.180077920387205
100500817,
144423,-0.1800779283813124
283352,
101927735,
100190940,-1.14186110510496
116437,
338797,0.7816922465375287
100996701,
100130238,0.7816922465375287
101928416,
100129528,0.7816922465375287
102465975,0.346331637132682
647589,
26080,
100874164,
284232,0.7816922465375287
100873763,
100873777,
100652856,
105370098,
105377819,
348021,0.7816922465375287
100873761,
7278,
101928697,
100101938,0.7816922465375287
100287114,
104355137,
100616304,
103689843,
100873767,
100874182,
646201,-1.14186110510496
100873766,
400110,-2.6149985807164606
100313842,
100874231,
338872,
105370295,2.23734379119906
101927375,1.6873680854747002
219287,
101928922,
102723318,
100873778,
2835,-1.14186110510496
100874070,
100874071,2.66185879777823
100873768,
219409,
100861550,
3651,
1045,
646625,
2322,2.263423414364979
100288730,-1.14186110510496
100873781,
100873762,-1.14186110510496
100874107,3.0405439387135687
100874059,
100861573,
440131,
100873769,
100188949,0.6904432202755426
103724387,-2.624212480188042
100189036,
440132,
100507064,0.7816922465375287
122046,1.6743794214335248
122042,
100462953,-0.1883076230675124
100874167,
101927403,
100874179,
100526761,
54937,-0.180077920387205
100873774,
400120,0.7816922465375287
103695431,-2.622790053474701
400121,-1.0601929473263878
101929121,
100874147,
100873764,
161003,2.3064890290517823
105370296,-2.0346897031131204
100422940,0.6904432202755426
100874127,
400123,-1.14186110510496
100313896,
693206,
100189333,0.7719199562191933
100422878,
100873765,
100506759,
100847026,-1.14186110510496
104355147,
100874130,
100874377,-0.8162986723435711
102465876,
105370297,-0.8126063178205389
400128,
144817,-0.1800781042250324
100189030,
101929259,0.7127475246609245
100873773,
100874259,1.6743794214335248
220081,
103752581,
220082,0.6514884846269483
100873772,
100874082,
100129597,-2.046187527582829
2862,1.7183555298427606
220429,0.7127475246609245
100500908,
406950,
406948,
103689915,
100874074,0.7816922465375287
2974,
647166,
100847003,0.7816922465375287
100616423,0.7816922465375287
83446,-1.14186110510496
103191607,
220115,-3.033805000443221
11061,-0.1800779283813124
100313778,
5100,0.7816922465375287
10562,
102723875,
100861552,
100507428,
100302187,
100846996,
122183,
729233,
729240,
729246,
729250,
101926897,
100874195,-1.14186110510496
100874196,
100874169,
101926930,
100422973,
101926951,
100874143,
103752583,
100874176,
104355293,
100874157,
283491,0.7816922465375287
100873780,
101927016,
100616302,
100616205,
100874064,
100874086,
100874087,
100874145,
338862,
103689913,
57626,
6315,-0.1800781042250324
100885781,
100873779,0.7816922465375287
100873770,
100874155,0.7816922465375287
100874151,
338864,-1.14186110510496
104326189,2.263423414364979
690,0.7816922465375287
730249,-0.1800778436136306
100874212,-2.032581106264364
100129307,1.6480573743677889
100500861,
100505518,1.6480573743677889
101927176,
100874175,
100874222,2.3064890290517823
100874126,
100874208,-0.1800780575472706
102724076,0.7816922465375287
101927195,
101515984,-0.1901915226323129
101927216,
103724386,
100861546,
100873771,
114798,-1.6671920058172944
105370288,
100874128,-3.0453227253760984
104355140,1.6873680854747002
100874137,-1.14186110510496
100873775,
642345,-2.0444741686792907
100616182,
101930749,
100874168,
100874172,0.7816922465375287
100874139,-1.14186110510496
100874187,1.6873680854747002
693207,2.263423414364979
101927224,0.7816922465375287
100873776,
144776,
101930747,
100874150,
406952,
406953,
406979,
406982,
406980,
407048,
100873970,
100847092,
100873969,
104326053,
100873973,0.7816922465375287
100873972,
100189251,
101927248,0.7127492797915551
11166,1.7411533488720414
105376685,
101927284,
100861544,-1.14186110510496
9071,0.6514884846269483
100874194,
105370367,
100616137,
100887754,
27199,
103625683,0.7816922465375287
140432,0.7816922465375287
100422881,
100874096,-1.14186110510496
100873782,-1.14186110510496
693208,-1.6597211771806688
104355149,2.2893274209426187
100422861,
100874063,-1.14186110510496
101927465,
101927437,
85416,
7546,3.0358840580283317
100861542,
100885777,0.3854825622436806
105370368,0.3936490192736563
100874161,
100616110,
100616239,
283480,-1.0601929473263878
100874081,
196541,0.7127492797915551
100533467,
104326190,
282706,
267012,
144920,
283483,-1.14186110510496
100874173,
100302286,
100874375,
104326054,
101409253,
104355146,
102465872,
105370362,
104355135,1.6873680854747002
101927802,-1.14186110510496
100874226,
105370369,
101928616,
100505996,0.7816922465375287
105378193,
101928698,0.7816922465375287
101928730,
104266956,
122258,
400165,-1.14186110510496
105370374,-1.081966776085102
2155,-1.14186110510496
104413892,-0.180077920387205
102465874,
496,
6011,-2.0199447176390644
105377805,3.030110666160709
101929355,-1.14186110510496
100616227,-1.14186110510496
104355150,0.7816922465375287
440153,
642426,
641455,
100508046,
642477,
414763,
503639,-1.6444143274337368
101101776,
404785,
101929572,
79334,
441669,
441670,
390429,
390431,
79544,
79317,
81127,
122740,
390433,
122742,
390436,-1.14186110510496
390437,-1.14186110510496
390439,
122748,
390442,0.7816922465375287
100113391,-2.0444741686792907
123103,0.7816922465375287
338879,
390443,
122651,
254028,
493901,
7217,
7207,
7218,
7237,
100189151,
100189419,
100189286,
341799,
100189424,
100189405,
100009601,
100009602,
100189263,
100189001,
100189088,
10876,
64184,
6039,
6035,
6037,0.7816922465375287
643332,
6036,
122664,
122665,0.7816922465375287
390445,
319103,-1.14186110510496
26533,
28693,
26534,
28692,
26686,
28691,
28690,
28689,
28688,
6956,
28686,
28685,
28678,
28676,
28674,
28684,
28683,
28671,
28673,-1.14186110510496
28682,
28670,
28669,
28677,0.7816922465375287
28672,
28680,
28667,
28666,
28665,
28664,
28663,
28662,
28661,
28660,
28518,
28659,
28658,
28679,
28655,
28653,
28652,0.7127475246609245
28656,0.7816922465375287
28648,
28647,0.7816922465375287
28646,
28644,
28643,
28642,
28641,
28640,
28517,
28525,
28524,
28523,
28522,
28519,
28521,
28520,
28526,1.6480573743677889
28516,
28694,
28696,
28697,
28698,
28699,
28701,
28702,
28703,
28705,
28706,
28707,
28708,
28709,
28710,
28711,0.7816922465375287
28712,
28713,
28714,
28715,
28716,
28717,
28718,
28719,
28720,
28721,
28722,
28723,
28724,
28725,
28726,
28727,
28728,
28729,
28730,
28731,
28732,
28733,
28734,
28735,
28736,
28737,
28738,
28739,
28740,
28741,
28742,
28743,
28744,
28745,
28746,
28747,
28748,
28749,
28750,
28751,
28752,
28753,
28754,
28755,-1.14186110510496
105370399,
101926933,0.3626608924898259
100189243,
100616424,
122706,0.7816922465375287
105370705,-1.0733179222590628
1053,
100529063,
64806,
116173,
4624,
406990,
4625,
104564225,
100126336,
84502,-0.1901915226323129
9362,
102465801,-2.0444741686792907
100528064,
1511,
2999,
101927062,
102724890,
101927081,
100423019,
100505967,
100422830,
2290,2.6031058434470538
387978,
693209,0.7816922465375287
2856,
101954275,
101954278,0.7816922465375287
26865,
26866,
101101773,
100886964,
102723418,-1.14186110510496
253970,
7080,
100506237,
100616280,
161198,
102723503,0.7816922465375287
644919,-2.0444741686792907
84075,
140801,-1.6444143274337368
100500919,
100506433,-1.668014687456351
102464828,0.7816922465375287
100616261,
102723604,
100847076,
100422984,
387332,
5015,
100309464,
100189107,0.7816922465375287
102723742,
729665,0.7816922465375287
100847088,
4990,
105378189,-3.033805000443221
104548971,-1.14186110510496
101954204,
122876,
100313830,
102465841,
100529261,0.7816922465375287
100616490,0.7816922465375287
100128233,2.2724232578890446
100616176,
693210,
101927878,
161142,-0.1383464489964359
100847064,
161159,-2.048913640018298
105370551,-1.08325371280066
100529257,
105370706,
319139,
145474,
102465832,
100189359,
641372,-1.14186110510496
100616158,
338917,
55237,-2.0346897031131204
100616211,
102465753,
145497,
102724190,-3.0393333718402142
283576,-2.032581106264364
58157,
100302236,
283579,2.667389147823568
100628307,0.7816922465375287
7253,-0.1800781042250324
677845,
100506700,
101928559,
283585,
101928791,
283587,
29018,
101927029,0.7816922465375287
400238,
100124539,-1.14186110510496
145270,-2.60471171322504
283592,
90050,-0.1800781042250324
100616140,
256369,1.7125466443357822
390502,
256394,
327657,0.6903910369534427
145264,-0.1800780575472706
5267,
388007,
145258,0.7816922465375287
100422981,
101929080,
677768,
27004,
9623,
8115,-1.14186110510496
101929241,
100129345,
283598,-1.14186110510496
100616247,0.7816922465375287
442909,
442910,
283601,
8788,-1.14186110510496
100616495,
768222,
574450,
442905,
100126315,
574038,
574034,
406914,
574451,
406927,
692215,0.7816922465375287
442915,-1.14186110510496
767561,1.7411533488720414
767562,
767563,
767564,-1.071465662347285
767565,-1.14186110510496
767566,
767567,
767568,
767569,
767577,-1.14186110510496
767578,
767579,
767580,
767581,
767582,
767583,
767584,-1.14186110510496
767585,
767588,-1.6671652420256355
767589,
767590,
767591,
767592,
767593,
767594,
767595,
767596,
767597,-1.14186110510496
767598,
767599,
767600,
767603,
767604,
767605,
767606,1.6743794214335248
767608,
767609,
767610,
767611,
767612,
494328,
693121,
407023,
494329,
100302250,
442897,
768212,
574408,
574409,0.7816922465375287
574452,
100422837,
100126335,
574453,
442913,
664615,
724024,
574435,
494325,
100126297,
100302157,
100302209,0.7816922465375287
378881,1.2620628406546393
494330,
664616,
664612,
100126345,
664613,
724025,-1.14186110510496
619555,1.6873680854747002
494331,
406924,1.6743794214335248
768214,0.7127496012402337
574436,0.7816922465375287
574410,0.7816922465375287
574454,-0.1506392559277718
494326,1.6743794214335248
574413,1.706414839653155
338002,
64150,
100302145,
1735,1.6480573743677889
100189275,
100422954,
91828,
145216,
647286,
105370691,1.7125466443357822
406986,0.7816922465375287
100616173,
105370708,
105378190,
400258,
388021,-2.0199447176390644
100616300,
122618,3.0237675462903124
102465458,-1.14186110510496
105378191,-3.027604859216378
3494,
102465871,
3503,
102466889,
3501,
2003,
3493,
3500,
3502,
3495,
3507,
100616374,
100616135,
100616276,
100616422,
28475,
28476,
28477,
28479,
28480,
28481,
28483,
28484,
28506,
28485,
28489,
28493,
28497,
28502,
28507,
28486,
28490,
28494,
28498,
28503,
28508,
28487,
28491,
28495,
28499,
28500,
28504,
28509,
28488,
28492,
28496,
28501,
28505,
9834,
28510,
28385,
28377,
8755,-1.14186110510496
28474,
28355,
28473,
28401,
28457,
28354,
28353,
28453,
28452,
28450,
28352,
28471,
28449,
28351,
28470,
28448,
28376,
28447,
28350,
28469,
28468,
28446,
28445,
28375,
28444,
28443,
28374,
28349,
28442,
28467,
338004,
28441,
28348,
28455,
28347,
28373,
28383,
28400,
28372,
28440,
28439,
28371,
28438,
28396,
28370,
28435,
28434,
28369,
28395,
28382,
28432,
28431,
28430,
28429,
28346,
28394,
28381,
28368,
28428,
28427,
28426,
28367,
28345,
338005,-1.14186110510496
28337,
28366,
28466,
28465,
28425,
28344,
28424,
28423,
28364,
28422,
28388,
28343,
28363,
28421,
28420,
28362,
28419,
28393,
28380,
28418,
28464,
28392,
28417,
28361,
28391,
28416,
28360,
28415,
28414,
28413,
28359,
28412,
28463,
28358,
28342,
28341,
28340,
28462,
28461,
28454,
28411,
28410,
28409,
28408,
28357,
28407,
28406,
28339,
100847062,
28387,-1.14186110510496
28356,
28405,
28390,
28378,
28338,
105379210,
105370719,
646096,-2.032581106264364
105379211,
100996379,
727832,
729786,0.745846182878836
100422949,
100287399,
100847060,
348120,
646243,
100422844,
102724631,
100847005,
727924,
105369274,
102724760,
102724971,
100422935,
100996331,
440225,
103504741,
101927079,
390538,
283694,
390539,
642131,
101928039,
100302233,
646396,0.7816922465375287
390535,0.7816922465375287
440243,
100132101,-2.0346897031131204
283796,-0.1800780490882907
283683,0.7816922465375287
105379261,
283767,
100132979,0.7127475246609245
100616223,
102723534,-0.1800780575472706
102723623,
283685,0.6515064533550772
100616275,
791115,
101928840,-1.14186110510496
791114,-0.1325348441581121
23742,
6638,-1.14186110510496
8926,-1.14186110510496
91380,
347686,
338427,
338428,
100033413,-0.1800779283813124
100033414,
100033415,
100033417,
100033418,-1.6609893671790723
100033419,-2.0346897031131204
100033420,
100033421,
100033422,
100033423,
100033424,0.7816922465375287
100033425,-1.6539522329060865
100033426,-2.0346897031131204
100033427,
100033428,-1.14186110510496
100033429,-1.14186110510496
100033430,0.7816922465375287
100033436,
100033438,
100033439,1.6873680854747002
100033821,-1.14186110510496
100873856,-1.085880620549002
338433,
100033437,
100033440,
100033441,
100033442,
100033443,
100033444,
100033445,
100033446,
100033447,
100033448,
100033449,
100033450,2.66185879777823
100033451,
100033453,
100033454,
100033455,
100033456,
100033458,
100033460,0.7816922465375287
100033603,
100033799,
347745,
100033800,
100036563,
100033801,
100033802,
100036564,
100036565,
100033803,
100033804,
100033805,
100033806,
100033807,
100033808,
100033809,
100033810,
100033811,
100033812,
100033813,
100033814,
100033815,
100033816,
100033817,
100033818,
100036566,
100873857,-1.14186110510496
100036567,
100033822,
338429,
100616474,
100128714,
100189063,
503519,
2567,2.2893274209426187
101928869,
645202,0.7816922465375287
100132565,-1.14186110510496
100616228,
100616382,
100996738,0.7816922465375287
100289656,
728310,
653073,0.7816922465375287
89837,0.7816922465375287
26082,0.7816922465375287
89832,-1.085880620549002
101060569,0.7816922465375287
100288380,0.7816922465375287
105370748,
406993,
105370940,
1139,1.6743794214335248
89838,-0.1800779724778679
728047,
100653133,
101928042,
100652857,-2.0199447176390644
101928134,
100302160,
100422845,
57369,
101928174,2.219380375905678
70,1.3013766813490728
723972,-2.630548677233065
100616293,
145845,
102466875,
145942,-1.14186110510496
101928227,
400359,
400360,-1.0733179222590628
100131244,0.7816922465375287
644844,-1.14186110510496
359821,0.7816922465375287
100189229,
693211,
8681,
100423013,
693212,2.7071160362716213
2038,1.6480573743677889
116179,0.7816922465375287
100529067,
100302254,
145645,0.6904351522760449
100188986,-2.032581106264364
100188988,
100189065,
105369153,-0.1800778359168469
100126311,
105376714,-0.1800781042250324
101928442,
399697,0.7816922465375287
100306975,0.3998486424029954
100616332,
3067,
105370815,-2.630548677233065
100616369,
102465855,
102466250,
342035,-1.14186110510496
100302202,
3175,
105370828,-1.0601929473263878
100533483,
693213,-1.14186110510496
101928611,
3990,
101928694,-1.6444143274337368
101928668,
100313886,-0.1800780575472706
27023,1.6480573743677889
100996876,-1.14186110510496
101928850,
100506530,0.7816922465375287
388125,0.7816922465375287
105370849,
102465869,
102464834,
197003,
406965,
102723344,
494334,
100302184,
123264,0.7816922465375287
51285,
390594,0.7816922465375287
26832,
9543,-1.0858526343469856
100873754,
100616379,
100189317,
100422905,
692149,
100616149,0.7816922465375287
102723165,
102723481,
101929076,
26827,
100422971,-3.0463386891397533
104472713,
414926,-1.14186110510496
693214,
104548972,-2.032581106264364
104548973,0.3854825622436806
101929196,0.7816922465375287
338949,-1.14186110510496
646670,
123346,1.301379761007594
283677,0.3643419034975456
101929221,2.6743712728837528
342096,
732265,
283731,0.7816922465375287
3671,-0.1800779283813124
1544,0.7816922465375287
102465531,
653641,
653643,
100423035,
692224,
100500855,
81698,1.3596516052001102
253044,
101929478,
440292,-0.1791141490130677
1381,
646938,
100189013,
729911,
406960,
390616,
100189155,
100528021,
283688,2.647600078609369
101929586,-0.1800780490882907
100847042,-2.0199447176390644
693132,
100616181,
161502,1.6743794214335248
390660,
102724034,
642402,0.7244992718440678
283692,-1.0732958257854728
338963,1.6820266425291588
677778,
100616404,
105370929,1.7295842912770358
440299,-0.8187704135135933
100505679,0.7816922465375287
440300,1.3401610600461118
103171574,-0.1682841557373295
102724135,-1.0819421399733424
642423,
102465803,
100302121,
100847084,
101929701,
102724452,
4916,0.7816922465375287
283738,
101929743,-1.0715034509579056
100302235,
407044,
100616238,
105376732,0.3739930073347545
6017,-1.14186110510496
102466983,
100189264,
407051,
105371031,0.7816922465375287
100526783,
100847059,0.7816922465375287
100846993,
101929765,-2.0199447176390644
105370971,
101926928,0.7245137034018079
104613533,
145858,-1.14186110510496
100422995,-0.1800778359168469
105370980,
101927153,-1.14186110510496
101927129,
101927112,
400456,
145820,-1.14186110510496
100652749,
145946,-1.14186110510496
101927286,-2.0199447176390644
101927310,-0.180077920387205
101927332,
283777,
100616432,
145814,0.745793236480299
104564224,1.7411533488720414
105371026,0.7816922465375287
102723394,
105376734,0.7816922465375287
101927628,
390648,
390649,
390651,
26682,
100124412,-0.1800780490882907
100422834,
102465910,
100288486,-1.14186110510496
100287029,
103504738,
100132169,0.388033414376488
3050,-1.060126277150779
3042,
3040,0.7816922465375287
3039,
146325,-0.1800779283813124
64717,
101929387,0.745793236480299
146336,
6755,
390664,
25823,
64499,
7177,
23430,
390667,
100423012,-1.667991906145074
64735,
100188847,
102465429,
100616258,0.7816922465375287
100500916,
100616241,
102465459,-1.14186110510496
102465460,-1.14186110510496
729652,-1.6609895902966565
4917,-0.1800780575472706
100422974,-2.0444741686792907
260429,
360226,1.6480573743677889
100189173,
100189168,
100189335,
100189221,0.7816922465375287
100189282,
100189209,
100189136,
100189388,
100189281,
100189296,
100189062,
100189020,
100189270,-1.14186110510496
102465134,
646174,2.647600078609369
6345,0.3998486424029954
105371063,
51025,-0.1800778359168469
100529144,
102466731,-0.1806829781292165
146556,0.4072415104831199
101926950,
102465867,
104355218,
104266959,
2903,1.3401610600461118
7142,
58531,
5620,
5619,
100313773,
400500,-1.14186110510496
608,0.745846182878836
101929304,
100616195,
101927311,0.7816922465375287
101927348,
100189086,
574455,0.7816922465375287
100126355,-0.180077920387205
105371095,
100652777,
105376747,
730013,-3.0403398234461987
100422960,
101927469,2.2724232578890446
100500910,
100422870,
100288162,
102466268,
102465461,
100302243,
102465985,
100500852,
102465252,
619553,
100422886,
100846994,
100422956,
102466812,
102465908,
102465683,
101059938,-0.1522089777097123
101059953,
102465684,
102466259,
100422836,
103504726,
100423006,
102723728,0.7816922465375287
103504740,
103504729,
653190,-0.2091830723136507
102723385,-1.0732958257854728
728276,
124274,
2813,
7369,
204474,-0.1800780575472706
123876,
348158,
7783,1.6743794214335248
100500917,
146183,-0.1608340592310673
100189032,
100189291,
102466247,
10368,-0.1800779283813124
400511,
343,1.2780068648771112
9951,-0.1800778359168469
100422923,
162083,
146395,2.23734379119906
102465520,
246778,
105371164,-1.085880620549002
728734,3.0237675462903124
102465907,
100616256,
105371162,0.7127492797915551
606724,
79008,
100526831,
445329,
388242,
100847041,
6693,
283897,1.6873680854747002
653808,
146378,
548593,0.7816922465375287
6818,
613038,1.2621160065370958
29895,0.3340213761630767
105379472,-0.2091830723136507
100616405,
677813,-0.1800779724778679
100616231,2.692933202909956
100313837,
493829,-1.14186110510496
3681,-0.1800780575472706
1339,
51327,2.6031058434470538
102725101,
105371190,
729264,-0.2332115895207295
100507221,
390705,
105369184,
105371191,
102724062,
105371179,
24150,
105371176,
388255,
105371192,
653550,
102724101,
105369266,
729355,
105379473,
102724127,
105379474,
101929605,
104644205,
649159,
102724485,
102724928,
606551,1.6480573743677889
283914,
146481,
100130700,
400533,
100507534,0.7816922465375287
101927132,1.6743794214335248
94160,
123970,
101927228,
101927250,-1.0733179222590628
102465462,
101927272,0.7816922465375287
100422972,
101927313,
101927334,-1.14186110510496
105371253,
101927364,
388276,
100505619,-1.14186110510496
102467079,
27324,-1.14186110510496
643714,
643802,-0.1383464489964359
100996338,-1.14186110510496
51716,
221223,
283856,
26077,
100500891,
84560,
644314,2.23734379119906
406930,
102466752,
100189130,
100189089,
221188,-0.1901915226323129
221191,2.23734379119906
677827,-0.1901915226323129
644649,
101927580,-1.14186110510496
729159,-1.14186110510496
100302738,
102723550,
101927650,
283867,0.7816922465375287
1003,-1.14186110510496
100529251,
766,0.7816922465375287
442901,1.2858217802597596
181,-2.046187527582829
100131303,2.627207108502531
100302119,-1.14186110510496
406932,-2.0444741686792907
100422922,
400541,0.7816922465375287
283971,
100873755,
100113402,
7198,
100188985,-0.1800778860600599
100189220,
100189163,
100189135,
102723796,
100379141,
692111,
3240,0.7816922465375287
3250,
283902,
388289,
100506172,0.7816922465375287
100189125,
101928035,1.7411533488720414
440387,
1504,0.724501505226327
101928203,0.3725086763513411
100616172,
170692,0.7816922465375287
10143,0.7816922465375287
101928248,-0.1901915226323129
101928276,
53630,
102465840,
102465251,
101928364,
102465863,
101928417,
100422853,-1.14186110510496
146167,0.7816922465375287
93107,
105376777,
339145,
400548,0.7816922465375287
197196,-3.049133860933371
100847022,
3394,
102466732,
100506542,
101154687,
146513,
732275,0.7816922465375287
400550,0.7816922465375287
2294,2.7071160362716213
440390,
101928708,
101928682,0.7816922465375287
100189226,1.309865801943592
101928737,0.6514884846269483
763,0.7816922465375287
105369246,0.7816922465375287
400553,
100847057,
390748,1.2621160065370958
105371409,0.7816922465375287
100129697,
102724669,2.667389147823568
400558,2.263423414364979
105371417,
102724730,1.7295815945563908
11105,-2.0444741686792907
105377825,0.7816922465375287
653486,
100506371,
100506388,
105371432,-0.1800778860600599
100422835,1.7125466443357822
105371478,2.713162646002583
727857,
286753,
407004,
406921,
406994,
101927839,
692208,1.359642130440849
102465465,-1.14186110510496
101928991,
100302208,
8386,
4991,
8390,
26189,
8383,
653166,
4995,-0.1800779724778679
390756,
8387,0.7816922465375287
8392,0.7816922465375287
8388,
84690,2.245896351242226
5023,
342527,-2.048913640018298
9032,
339166,-1.14186110510496
23746,0.7816922465375287
100616466,
83659,2.700286075511365
124944,
406971,
574456,0.7816922465375287
10462,
433,1.7125466443357822
339168,
374768,0.745846182878836
201243,-0.2258542275716777
407977,
1973,
482,1.7125466443357822
100422983,0.7816922465375287
7206,
7228,
7208,
7230,
7196,-2.0199447176390644
100189037,
100189438,
727676,
100189112,
100189331,
100616406,
100189187,
100189387,
100189123,
100189206,
100189383,
100189124,
100189222,
100189184,
100189393,
22899,-0.1800778436136306
146852,1.278011329180252
146849,
388333,
146850,
101928266,
201140,
644070,
5957,1.6480573743677889
8735,
4626,
4622,
4619,
4620,-0.1567729419420761
644139,-1.14186110510496
100126313,-1.14186110510496
284034,
93649,-1.14186110510496
101928418,
100128006,
100616494,
100302287,
146822,
94150,
94151,
100616125,
100533496,
644694,
101928567,
105371558,
100302124,0.7816922465375287
96597,0.7816922465375287
23495,
693120,0.3643419034975456
105371566,-1.14186110510496
102466733,
254272,3.00370575461344
101929141,
26851,
780852,
102724624,
780854,0.7816922465375287
400581,0.7816922465375287
79999,
780851,-1.14186110510496
388436,
100302256,-1.083278562751843
100189203,
677882,
100189277,0.7816922465375287
256223,
339184,0.7816922465375287
440416,-0.180077920387205
339260,0.7816922465375287
105369205,-1.14186110510496
100134444,
284123,
105377821,
284124,
102723754,
100616277,
440419,-1.14186110510496
23614,
100616388,1.6480573743677889
645832,-0.1800780490882907
9058,-1.14186110510496
100861437,
574411,
100616273,
406936,
100616385,0.7816922465375287
1411,3.00370575461344
100616122,
100423003,
388364,0.7127475246609245
100616266,
100616248,
100189245,
406968,-0.1800778436136306
100616449,
100126356,0.7816922465375287
693217,
124912,1.6873680854747002
100506677,
101927239,
6356,
6357,
6346,
400591,-1.14186110510496
124842,0.6904432202755426
100529207,0.7816922465375287
146861,
105371933,0.7719199562191933
342618,1.7183555298427606
146853,0.4172468882253759
57151,
6360,
348249,
6358,
6359,
6368,
6362,
6348,
6351,
414062,
9560,
102724862,1.712669240579436
101060321,
729877,
84218,
100422969,
6928,0.7816922465375287
284100,-0.1800781042250324
101060351,
101060389,
414060,-0.1800780575472706
101929950,-2.0444741686792907
729873,
100616203,
100616153,
100189176,
100616416,
100189435,
100189052,
100189090,
102465467,
342666,1.6480573743677889
100189105,
100189414,
390790,
101929578,2.2893274209426187
100616132,-2.60471171322504
102466986,
147183,-1.073308972026645
353288,
342574,-0.2503642447248346
162605,-1.14186110510496
3859,1.2858187046228442
54474,
390792,-0.1800779283813124
125115,2.944567446142312
85293,
83896,1.233223449866652
728255,
81850,
81872,
728279,
85294,
100132476,
728224,
100132386,
653240,
83755,
81871,
85289,
84616,1.7125466443357822
85290,
85285,0.7816922465375287
728318,
83899,
83900,-1.14186110510496
83901,
85280,0.7816922465375287
81870,
100507608,
100505724,
100533177,
100505753,
83902,-1.14186110510496
8687,-0.1800780490882907
3882,1.6883428516124086
3886,0.7816922465375287
8689,1.6480573743677889
102466658,2.713162646002583
147093,0.7816922465375287
23415,
3060,
100847030,
102466195,0.7816922465375287
10266,-3.047466509851183
102465468,1.340169246021531
388387,0.7816922465375287
2538,-1.14186110510496
100885850,0.6513902818689623
80755,-3.038361927704094
6066,
100313779,-1.0819421399733424
50964,
284067,-1.6527109241336746
146894,-0.1800779724778679
23591,-1.14186110510496
102724183,1.6480573743677889
5539,1.7126702282058677
102465469,0.7816922465375287
101927017,
102466734,-1.14186110510496
100423004,
104909134,
1394,
100128977,
162540,
100130148,
246744,2.326765173159712
728806,
101929777,
100847067,
388394,
4635,1.2858217802597596
30009,1.6743794214335248
406943,2.2893274209426187
8631,0.6904432202755426
100302211,
101927166,
3211,
406902,
406972,-1.14186110510496
84366,
100422978,
2695,-1.14186110510496
7229,
51225,-0.1325348441581121
124871,
102465137,
101927207,
100288866,2.667389147823568
102465141,
55018,
102466918,
124857,2.680508011348058
654364,
101927274,
440446,
100506650,
84643,
100500827,
376412,
101927557,
101927539,-0.1800778860600599
101927581,
101927666,
26689,
55545,-0.1800779283813124
124538,
4353,2.72633178419262
406934,
100616220,
768216,
407027,
105371844,
100616204,
101927728,
105371935,-1.14186110510496
653653,1.3171119040648611
105376849,
762,1.7411533488720414
677681,
124773,-0.2332115895207295
388406,0.7816922465375287
100189080,
146779,
105371937,0.3951325760804412
693218,
81033,-0.1883076230675124
146771,-2.622790053474701
1443,
2689,
1442,
1444,
2688,-1.14186110510496
400612,2.667389147823568
100526648,
102464831,
100422961,
350,
101928001,
693219,
27091,
786,0.6903910369534427
100500895,
693131,
100124536,0.7816922465375287
7233,
440461,3.0237675462903124
101928104,
104355297,
100847008,
100616316,
100133319,-1.14186110510496
101928122,-2.6339963367763484
102723487,-1.14186110510496
101928141,
3773,-1.14186110510496
101928165,0.7816922465375287
102723517,0.7816922465375287
100134391,
283982,-1.14186110510496
400620,
64446,-1.14186110510496
124602,0.3936490192736563
388419,
350383,
11314,
124599,2.692933202909956
10871,0.7816922465375287
100130520,0.7816922465375287
100131439,
146723,-3.038361927704094
342510,-0.1800780575472706
146722,1.7411533488720414
100500847,
92736,0.6904432202755426
347741,
102723641,0.7816922465375287
100189078,
100189181,
100189371,
100500841,
102466911,
100616282,-1.14186110510496
100134934,
1018,
102466753,
101928514,-1.6671652420256355
105371899,1.6743794214335248
102466864,
105371905,
100422851,
100507351,
100132174,-1.14186110510496
400624,1.6480573743677889
283999,0.7816922465375287
100996291,
644767,
100616170,
100652929,1.6480573743677889
339221,
100616121,
100616359,3.00370575461344
724027,
100422915,
442906,
100302229,
100616294,
100422944,0.3783859221455193
102465471,
2642,0.6904432202755426
147111,-1.073308972026645
102465472,0.7816922465375287
400629,-0.1381136924084732
2837,
100189255,
100616196,
105376791,0.7816922465375287
105376854,0.7816922465375287
1068,
116,
388456,
201477,0.7816922465375287
102465430,
101410534,
284215,
105372013,
642597,
105372014,
645355,0.7816922465375287
100616244,
101927150,-0.1800778436136306
100422840,
105372015,
100130480,2.281014751569344
400643,
339291,
100192426,-0.1800779283813124
102724383,
101927350,
101927410,
102466735,
101927433,
646000,
105376851,0.7720149691807948
102465690,
497259,
100996324,-1.14186110510496
100288122,
100847080,
100616130,
4161,1.6873680854747002
4158,
440224,-0.1800779283813124
388468,
100422907,
101927642,-0.8126063178205389
644669,1.604744763474058
100302135,2.245896351242226
406922,
406905,
64693,-0.1800778860600599
100616139,
105372022,0.6904351522760449
100302195,
729950,
143471,-2.0444741686792907
100506787,2.263423414364979
102466874,
728606,0.745846182878836
361,0.7816922465375287
147429,-1.14186110510496
100302131,
101927718,-0.1800781042250324
7276,
147407,2.7071160362716213
4225,-1.14186110510496
441818,0.6903910369534427
57565,-1.6539522329060865
8715,
100616257,
406963,-1.14186110510496
100500864,
100422857,
102724417,
100126323,
100846997,
100847025,
641516,0.7816922465375287
6014,
6860,0.7816922465375287
101927921,
100422829,-2.046187527582829
8170,0.3822100981614464
101927980,-1.14186110510496
100188995,0.7816922465375287
100506888,
728929,
101930171,
162699,
51224,-2.048913640018298
652991,0.7816922465375287
100616264,
100616366,
100616420,
100526842,
100302257,0.7816922465375287
26790,
100422865,
100616232,
102724651,
101928167,-0.1800779283813124
284254,-1.14186110510496
101927229,
100616290,
101927273,
100505474,
100885779,-1.14186110510496
284257,
51046,-1.14186110510496
406906,
100616357,
390858,-0.1800779283813124
2922,
30062,
4160,-0.180077920387205
100996669,
89778,-1.6597184875802358
221241,
284294,
400654,
1005,
100847002,
643542,-0.1800779724778679
101927430,
100873758,
220158,0.7816922465375287
100505776,0.7816922465375287
102724913,-1.14186110510496
147381,-1.14186110510496
100847083,
400655,0.7816922465375287
100505817,1.6480573743677889
644041,2.245896351242226
101927606,
125704,-1.14186110510496
105372192,
284274,0.7816922465375287
100505853,
105372204,
339298,0.7816922465375287
101927651,2.2893274209426187
400661,
2587,
101927715,
100996274,
100422919,
641702,
81099,
27006,1.760668108767503
100616459,-1.14186110510496
100422854,
5657,2.713162646002583
101954271,
84634,2.9987926246935226
103625684,
100189306,
100189195,
126520,2.66185879777823
390874,-2.0199447176390644
100302210,
100302283,-1.6622700582594605
102466736,0.7816922465375287
100423031,
126306,
102466806,
101929097,
102465838,
80032,2.281014751569344
84839,
27231,0.7816922465375287
84699,0.7816922465375287
56961,0.6903910369534427
126259,
7197,
284424,-0.180077920387205
407045,
645432,0.7816922465375287
100616337,
148066,
102465533,
102465473,
100500888,
102465474,1.7014207081588717
2015,
326342,1.604744763474058
497049,
284428,
653656,
125997,
653657,
102465475,1.7125466443357822
56729,
199675,-0.1800781042250324
2208,
339390,
30835,0.7816922465375287
10332,-1.14186110510496
440508,
84467,0.7816922465375287
100847049,0.7244992718440678
105372267,
284382,
284383,
85509,
125963,
390882,
125962,
390883,
125958,
26648,
7730,
105372271,
100847093,
388503,0.7816922465375287
692312,
100113382,-1.14186110510496
100422925,
100302213,
100302226,1.7125466443357822
693223,
100616425,
102466737,-0.1800780575472706
102465534,-1.14186110510496
1995,2.961270317400359
102465856,
7568,0.7816922465375287
101060181,-3.038361927704094
26810,-3.0393333718402142
100847071,0.7816922465375287
102466196,
100847016,0.7816922465375287
102466659,2.9987926246935226
406957,2.680508011348058
574457,2.245896351242226
117579,
102466515,
646457,-1.14186110510496
693224,
388512,0.7816922465375287
84658,0.7816922465375287
26664,0.7816922465375287
26659,
390892,
26333,
26658,
126402,
126370,
102465476,
100302127,
11283,-1.14186110510496
26538,
26532,
388514,
284433,
126541,
126536,
148231,
117286,0.7816922465375287
83483,-1.6539522329060865
115861,0.7816922465375287
6528,2.680508011348058
100422833,
100422943,2.66185879777823
2657,
4207,
693225,
105372315,1.324794417211398
400682,2.2893274209426187
101929124,2.23734379119906
100128139,0.7816922465375287
440518,-0.1800778860600599
100996349,
374890,
101929164,
101929144,
101927210,-1.14186110510496
148145,
102724958,
100505835,
284395,
342865,
9745,-0.1800778436136306
101927277,
100507527,
100996665,
101927411,
100189006,0.7816922465375287
56301,1.6480573743677889
100130342,-0.1800780490882907
100652909,0.7816922465375287
3249,1.6873680854747002
100128675,
53822,1.706422295932672
148109,1.6480573743677889
57817,
4099,0.7816922465375287
100847070,
2864,
2865,
100128682,
2867,2.640910886497642
495,-0.2466046535493354
102723617,
100862728,0.7127492797915551
644050,
58510,1.6743794214335248
7305,
105376907,
64073,
342898,1.6480573743677889
282617,
101180976,1.604744763474058
282616,0.7816922465375287
282618,
100616163,1.6873680854747002
100189324,1.7125466443357822
348303,
29124,
100129935,
148003,
400696,
56891,
1178,1.6743794214335248
342900,
102465477,-1.14186110510496
100529262,
100529264,
53916,
112398,-1.6539522329060865
1548,-1.14186110510496
1549,
22952,-0.2314858518777453
1556,-0.1506392559277718
1555,
1553,
1572,
105376908,
100170765,-0.1567729419420761
100505495,0.7816922465375287
101927931,0.7127492797915551
90273,0.7816922465375287
1089,
1087,1.278011329180252
1084,-0.1800779724778679
147719,0.7816922465375287
63946,
100422980,
102465875,
1088,1.6743794214335248
5671,
440533,0.7816922465375287
100289650,
653492,-1.14186110510496
5676,0.7816922465375287
5680,-1.14186110510496
5670,1.7126700752241524
23574,-1.14186110510496
56269,2.2893274209426187
125931,0.7816922465375287
100616355,-0.2091830723136507
388551,2.68753503278088
342,-1.14186110510496
100533990,
346,
344,
102464836,
7234,0.7816922465375287
442902,-1.14186110510496
693227,1.604744763474058
100500845,
339345,
768217,-0.1883076230675124
94235,-1.14186110510496
100422913,0.4172468882253759
100170220,
100422899,
100422832,
284355,0.7816922465375287
1406,0.7816922465375287
6822,-2.624212480188042
100126800,
100170223,
100126798,
100169951,
100170218,
100126799,
100170219,
100169959,
100170226,
100170225,
100131137,
64100,
56344,
23546,-0.1800780490882907
102466738,-1.14186110510496
1082,
100170228,
114336,
114335,
100126780,
93659,
100422979,0.7816922465375287
147872,-2.0199447176390644
100507003,
113091,
406942,
100847074,0.7127475246609245
102465479,
102465480,
100616313,0.7719199562191933
100616314,0.388033414376488
100616483,
114132,3.01977821635382
100169956,
100191063,
100169952,
100169957,
100169953,
100169958,
100169955,
100170216,
100169954,
100170224,
100170217,
100170227,
126123,
6689,0.7816922465375287
4606,2.66185879777823
100126781,
84258,1.3171327484117137
2854,
55554,3.030110666160709
354,0.7816922465375287
606293,1.6873680854747002
9622,-0.1800781042250324
27036,
101928517,
284367,-1.14186110510496
102465873,
945,0.7816922465375287
284369,
4818,0.7816922465375287
3982,
147646,2.66185879777823
100129083,
27181,
729767,
89858,
946,
105372490,
8778,0.7816922465375287
100049587,
407056,
406887,
406910,
2359,0.6903910369534427
102466984,0.7816922465375287
693228,-1.14186110510496
399669,
100529240,
147664,-1.14186110510496
317701,0.7816922465375287
317703,
646508,0.7816922465375287
112401,
284379,
503834,
574458,
574459,
100302255,
574460,
574461,
574462,
574463,
574464,
574465,
574466,
100302265,
574467,
574468,
574469,
574470,
574471,
574472,
574473,
574474,
574475,
574476,
574477,
574478,
574479,
574480,
574481,
574482,
574483,
574484,
574485,
574486,
574487,
574488,
574489,
574490,
574491,
574492,
574493,
574494,
574495,
574496,
574497,
574498,
100302205,
574499,
574500,
442916,
100616185,
442917,
442918,
91662,
5582,2.700286075511365
100126325,
59285,-1.14186110510496
284415,
441864,0.7816922465375287
10990,
10288,-1.14186110510496
100616171,
353514,
23547,
3903,
3904,
101929818,
90011,
11027,
11024,
10859,
11006,0.7816922465375287
102466251,
79166,-1.14186110510496
115653,
3804,
101928804,
3802,
102724300,
3805,
3811,
3809,
3812,
2204,0.7816922465375287
9437,
199713,-0.1800778436136306
102466872,
102465482,2.1886122177186222
102465481,
102466739,
102465483,
646643,0.7816922465375287
100130827,-1.14186110510496
342931,
729974,
204801,-2.0346897031131204
147945,
126204,-0.180077920387205
126205,
126206,
101928886,-1.081966776085102
85569,
342933,0.3739930073347545
101929059,0.3739930073347545
23619,
100169890,
100073347,
105372474,
57663,1.2858019022812075
114026,-2.0346897031131204
503835,1.7411533488720414
102465484,0.7816922465375287
100616168,
100996637,
105373352,
105373353,
105373480,
339822,
101060385,
101060391,-0.1800781042250324
54221,
7173,
102723730,
23040,-1.14186110510496
105373380,
730811,
101927534,
101927554,-2.032581106264364
55821,2.219380375905678
100505964,
105373395,
105373397,
727982,
102723818,-0.1800780490882907
105373442,
150622,0.7816922465375287
102465693,
400940,
101929390,
102800315,
102800314,
102466235,
400941,
100506274,-1.14186110510496
101929551,
339788,
339789,
101929567,-0.180077920387205
101929643,1.301379761007594
101926982,
100422929,
101929733,
3754,0.7244992718440678
285150,2.680508011348058
130813,-2.624212480188042
100874055,
100616469,
23620,
100506405,
100422862,
100422996,
100500884,
100422986,-2.046187527582829
100499171,
101926966,
103752554,
10408,-0.1800778359168469
104797537,
343930,-2.032581106264364
100526794,
100616307,
151449,0.6904432202755426
101928271,
100129278,
645949,0.7816922465375287
102723362,
100302246,0.6904351522760449
9381,1.6743794214335248
339778,-2.046187527582829
130106,-1.14186110510496
56896,0.7719199562191933
100874031,-0.1800779283813124
100189022,0.7816922465375287
339779,
150921,0.7816922465375287
7781,2.9987926246935226
57159,-1.6539904174016238
100505736,0.4081921018193941
105374382,2.245896351242226
692209,
26796,0.6904351522760449
388939,2.281014751569344
285043,
92291,1.3171327484117137
693143,0.7816922465375287
100616219,
285045,
100271832,0.7816922465375287
100616136,
104355287,
151325,
104355288,
100616475,
391365,
101929559,-1.6671652420256355
101410544,0.7816922465375287
105374861,
388942,1.669585215033777
400950,2.6743712728837528
102723824,
170850,0.7816922465375287
165140,1.2620628406546393
100189265,
100506047,1.7014055810626485
64241,-0.1800780575472706
100506108,
6496,
400952,-2.0346897031131204
101805491,
388946,
101927043,2.23734379119906
693144,2.955676404800562
644093,-0.2091830723136507
11036,
2492,1.3247669227130403
102465854,
9378,-1.6609893671790723
103504737,
730100,0.7816922465375287
100616431,
100302652,
388951,-0.1800780575472706
129852,0.4336438165969236
56969,0.7816922465375287
104355290,
406999,
406998,
100126319,
400955,-1.14186110510496
101927285,
100616473,
400957,0.7816922465375287
100124537,
100847087,-1.0732958257854728
100169989,1.6743794214335248
150992,
102465833,
100616265,
100616419,
339807,1.3402139565887818
101927438,-2.630548677233065
400958,1.7411533488720414
102724258,
100616464,
729348,-0.180077920387205
100873998,-0.1893030924526575
100507073,0.7816922465375287
101927577,1.7411533488720414
101060019,0.7816922465375287
102724321,
101927661,
101927701,
27302,-1.14186110510496
200504,
100423030,
100124535,
100189231,
100302268,
100874273,0.388033414376488
344018,
165530,0.7816922465375287
50489,
104355141,
344022,-1.14186110510496
1961,1.6743794214335248
51471,0.6904351522760449
388960,1.7411533488720414
105369169,-1.0732958257854728
100532735,
100846995,
101927884,-2.624212480188042
80059,
101927907,
101927967,0.7816922465375287
101927926,
100170221,
101927948,
130120,0.7816922465375287
5968,
5967,
5969,
5068,
101927987,
1496,-0.1608340592310673
100422888,
102465877,
347730,
100507201,
1720,
101928031,
388965,-0.1800778436136306
102724579,0.7127475246609245
10578,-0.1901915226323129
102466516,
284950,-2.048913640018298
100616159,
926,0.7816922465375287
102724642,-3.0265196986488965
100616370,
105377638,
105377639,
100616499,
150572,0.7816922465375287
100616447,
2168,
344167,2.66185879777823
100616399,0.7816922465375287
3514,
28946,
28947,
28948,
28949,
28950,
28908,
28907,
28905,
28929,-1.14186110510496
28299,
28943,
28915,
28942,
28941,
28928,
28914,
28940,
28939,
28927,
28913,
28938,
28937,
28926,
28925,
28912,
28906,
28936,
28924,
28923,
28911,
28922,
28935,
28921,
28920,
28919,
28910,
28934,
28933,
28909,
28932,
28918,
28931,
28917,
28930,
28916,
105379433,-0.1800778860600599
28878,
28893,
28894,
28896,
28881,
28882,
28883,
28884,
28885,
28870,
28874,
28869,
28900,
28901,
28875,
28902,
28903,
28876,
102724332,
28892,
28891,
28904,
28877,
101060017,-1.14186110510496
105378957,
105378958,
440888,
100133920,
100509620,1.6743794214335248
90499,-3.0403398234461987
729171,
150483,-0.1800780575472706
442028,
653192,
129868,
151,2.66185879777823
100422928,
101927053,
105373983,2.961270317400359
101927070,-2.0444741686792907
150577,
129521,
101927142,0.6904432202755426
692205,
100847007,
100616157,
100287010,
150568,
101927360,
284998,-2.621373053749989
100506421,
5455,
102682016,
285000,
84417,0.7816922465375287
285189,
104326057,
729121,
60482,
442038,-0.1800780575472706
151234,1.604744763474058
27233,0.7816922465375287
100422863,-2.0444741686792907
102724819,
100423027,
729164,-0.1800780490882907
100271835,
440895,
100422994,
100616123,
100507334,
100847033,
100288570,
729540,-0.180077920387205
100616341,
105373987,0.3959722936707662
100616165,
103344932,
729468,
654412,-0.1800778359168469
100302128,0.7816922465375287
100616208,1.3247618887597623
100499194,1.278011329180252
57628,
101927591,
389023,
101927709,
165257,-0.1800779724778679
6344,0.7816922465375287
200373,-1.0819421399733424
105373989,0.7816922465375287
84931,
105373990,-2.0199447176390644
129684,0.7816922465375287
105373602,
101929926,0.7816922465375287
100616187,
101927881,-1.083278562751843
151121,
389033,
101927924,-2.0199447176390644
440905,0.6903910369534427
285103,
112714,-0.1800780575472706
100189418,
100216479,-0.1608340592310673
646802,
653269,
653275,
646743,
150527,
55997,
100132708,
344561,
205147,0.7816922465375287
445582,-2.046187527582829
440910,
105373619,
389043,
100616378,-1.081966776085102
440915,
101927994,-1.14186110510496
408029,-0.1800778436136306
101928067,
554226,
100313824,
101928185,-2.048913640018298
101928161,1.604744763474058
100500878,
100847069,
406915,
100507600,-2.0199447176390644
101928273,
647012,
102465692,
100303491,
101928455,0.7816922465375287
728773,2.2724232578890446
101928526,
101929319,
100616392,
100616418,
56475,
100144595,
3760,-2.0199447176390644
100189021,
100189208,
728066,-0.1800780490882907
151531,2.6743712728837528
554201,0.7816922465375287
102465535,-1.14186110510496
9936,0.7816922465375287
100526664,
100616364,
10716,0.3626608924898259
2641,
101929570,
100337591,0.7245137034018079
151258,1.2858019022812075
100506134,0.745793236480299
102724058,
129446,-2.032581106264364
100874011,
100616356,
100861402,-0.1800778436136306
57818,
100526832,
101929753,1.7125466443357822
440925,-0.1800778359168469
389058,1.7411533488720414
100128905,-0.198005141560552
285084,
100131390,
1134,-3.0265196986488965
100126350,-2.0444741686792907
344191,0.7816922465375287
3239,
3238,
3237,2.2893274209426187
406903,0.7816922465375287
102465802,
100302142,
100616394,
100422824,
102465255,1.6883666006034224
105373764,
101927055,0.7816922465375287
285025,
100302172,
101669767,1.7014055810626485
101927156,0.3807298878103755
100616213,
4760,
100616305,
105373780,0.724501505226327
104355152,
693146,0.7816922465375287
116093,-1.14186110510496
100302219,
100616324,
100500837,
100422908,
729254,
64002,
101927406,
101927431,
100130452,-2.0199447176390644
101927547,-1.14186110510496
100529241,
25843,1.7411533488720414
66037,0.7816922465375287
101927619,
150538,0.7816922465375287
100873740,
105373840,-2.0444741686792907
692110,
100113392,-0.1800778860600599
1493,-1.14186110510496
29851,-0.1800778359168469
101669764,2.245896351242226
200726,
391475,
100422993,
100423002,
102465835,
100302130,
100616361,
100507443,
1421,
1420,
1419,
1418,
389073,
5746,0.7816922465375287
4632,-1.14186110510496
29034,
100313771,
100616267,
100616472,
100616375,
100885780,
101928232,0.7816922465375287
7141,
101928327,
102465485,
285180,
3580,0.7816922465375287
100189253,2.219380375905678
103689911,-2.0346897031131204
102466197,
375307,2.1886122177186222
407017,-0.1800779724778679
7429,1.6743794214335248
53632,
103504730,
7475,1.7483783400267907
101928537,2.263423414364979
151300,
54738,
1412,1.2858217802597596
494324,
100422957,
406944,0.7816922465375287
389075,0.7816922465375287
1674,-1.6609899165072934
100423039,0.7816922465375287
101928639,
100422959,
116255,
100616207,
100847053,
100847081,
56918,
151484,
9290,0.7816922465375287
348761,2.219380375905678
130560,
100616317,-2.032581106264364
105373926,2.3064890290517823
10316,-1.14186110510496
165100,
100302285,
100302126,
693147,
250,0.745783550884095
347694,
251,
248,
9427,
646960,
1144,2.2724232578890446
100847037,
6295,0.7127492797915551
54576,
54575,
54600,
54577,0.7816922465375287
54579,
54657,
54659,1.6695781440254098
414061,-0.1800780490882907
100286922,
401036,-1.14186110510496
102465486,
51052,
100533179,
51540,0.6514884846269483
100616397,
100616493,-0.1800780575472706
85009,-0.1800778436136306
100423043,
100616360,
401040,0.7816922465375287
150935,
100616417,0.7816922465375287
389090,-1.14186110510496
643905,
150681,
150677,
653437,
375318,
200772,-0.1800780575472706
100422942,-3.0463386891397533
100379249,1.6743794214335248
64090,3.01977821635382
129807,
5133,
285093,
245938,
81623,0.7816922465375287
140850,
245939,
140881,
400830,
6939,
85508,
100528031,
102465524,-1.6597145501405024
128646,
55423,0.7816922465375287
101929010,
727993,
5173,
343641,
100302138,
692201,
56265,-2.0444741686792907
128653,-1.14186110510496
100288797,0.7816922465375287
101929098,0.7816922465375287
5020,1.6743794214335248
551,
64096,
80332,-1.6597184875802358
6614,
406896,0.7816922465375287
100302282,
23627,-2.046187527582829
149830,
100302739,
128674,1.604744763474058
728283,0.7816922465375287
100507629,0.7816922465375287
643406,0.7816922465375287
101929207,
101929244,
101929265,0.7816922465375287
101929312,
102465865,
54363,
26767,
101929329,
24141,-1.14186110510496
101929371,-2.032581106264364
102465525,-1.0602384446855764
101929413,0.7816922465375287
728450,
101929486,-2.046187527582829
102606466,
100505515,
80343,
140848,-0.1800778860600599
100379174,
613266,
56914,
5126,2.647600078609369
140836,
440757,
101929526,0.7816922465375287
29075,-1.071465662347285
100128496,
140856,
100130264,
3642,
644524,
101929625,
101929608,
5075,
100270679,0.7719346565396641
101929663,
284788,
140828,1.6873680854747002
101929685,
6754,
200261,1.7125466443357822
128817,
140880,0.7816922465375287
10047,
164380,
128821,
128822,
1472,
1469,
1470,-1.14186110510496
1473,
92086,-1.6527109241336746
400839,0.7816922465375287
105372585,
30813,
101926955,0.7816922465375287
284800,-0.19174938309416
149934,
284801,0.7816922465375287
724033,
647476,0.7816922465375287
245929,
245930,
117285,
245932,
245934,
245935,
245936,
245937,-0.1791141490130677
140875,-1.14186110510496
100422904,
84701,0.6513902818689623
2307,-2.032581106264364
343702,-1.14186110510496
140706,0.7816922465375287
100302183,
101929698,
149950,
140732,
80341,
128859,
359710,
149954,
105372714,
140683,1.7411533488720414
317716,
128861,
51297,
92747,1.6873680854747002
100616434,
434,
693229,
128872,
574501,0.7816922465375287
100616134,
100302125,-1.14186110510496
140873,-0.180077920387205
100527943,
2691,
100861522,
100287792,1.7411533488720414
149684,
671,-1.0819253206087858
3929,0.745846182878836
677840,-2.046187527582829
100616190,
149685,1.6480573743677889
140679,
339568,
100505663,
102466912,0.7816922465375287
11122,0.7816922465375287
101927159,
149699,
78997,1.7427618509584064
140902,
101927219,
100500813,
101927242,
140834,0.7816922465375287
79015,1.262107780255325
6406,0.7816922465375287
6407,-2.0199447176390644
767557,
102465487,0.7127496012402337
10816,
140870,
100526773,
57119,0.7816922465375287
90199,
259240,
140832,
259239,0.7816922465375287
280664,2.667389147823568
100500897,
391253,
64405,1.7125466443357822
128506,-1.0819253206087858
100500814,
101927457,
101060004,
284749,
5740,0.7816922465375287
100887755,
387522,
693230,0.6904432202755426
100302146,
100506175,0.7816922465375287
100422889,
101927678,1.3596516052001102
391257,
100616225,
101927796,
102723578,
140689,1.6873680854747002
4159,
105372682,
102723590,
100422883,
23626,
140690,1.6873680854747002
5105,
81030,-0.1800778860600599
100616353,
128602,
140731,
407022,-1.060126277150779
100126296,2.3064890290517823
100533975,
128611,2.23734379119906
1908,
100506384,
693231,
101928048,
100616362,
100616440,
100506470,
100302168,
100422838,
100616340,
140628,2.23734379119906
253868,
128826,
406904,
406923,
128408,
63930,0.7816922465375287
100144596,
100144597,
406909,
100423014,
100422945,
1137,2.2893274209426187
100130587,
102723788,0.7816922465375287
100533107,
101928604,0.7816922465375287
100128998,
100126329,-1.14186110510496
100126339,
100126352,
100126330,
103504732,
693232,
102466741,-1.14186110510496
198437,-3.027604859216378
2832,
140849,-1.14186110510496
102724184,
102724219,
102724334,
102724398,-0.1800780575472706
102724441,-1.14186110510496
102724594,
102724652,
102466252,
102724843,
102724951,
102723553,
102723451,
102723475,0.7816922465375287
102465433,
100500862,
100500815,
103504727,
103504739,
103504733,
103504731,
103504728,
105372731,
101927345,-0.1800780575472706
441058,
85319,
105378260,
7179,1.6820266425291588
149992,
100423018,
102724188,
317754,
100423008,
103504736,
54055,
391267,
150000,2.219380375905678
100874190,
388813,0.7816922465375287
407055,
406885,
406912,
100505929,
100189284,0.7816922465375287
54075,2.68753503278088
101927797,
100422920,
387486,
378828,
101927821,
101927843,
54143,
102466967,
266917,
101927869,
339622,
54072,-1.6609895902966565
406947,
105372811,1.7125466443357822
100616243,
246705,0.7816922465375287
284825,-0.1800778436136306
101927973,0.7127496012402337
266919,
643803,
100131902,
388818,
643812,
337963,
337959,
100422891,
140258,
337960,
284827,
254950,
337969,
337970,
337971,
337972,
337973,
337974,
100288287,
337968,
337967,
337979,
337966,
337975,
100151643,
337976,
337985,
100288323,
337977,
337879,
337878,-1.6609899165072934
337880,
728299,
100551499,
677846,-2.0346897031131204
102724502,
10215,
101930746,
116448,
101928107,
728409,
102465248,
400863,2.263423414364979
54065,-1.14186110510496
101928147,
80215,0.7816922465375287
100506403,-1.14186110510496
768219,
101928269,-1.14186110510496
100996609,
10281,
84677,-1.14186110510496
259234,
102724678,0.7816922465375287
400866,
101928398,1.604744763474058
101928435,-2.0199447176390644
100874093,-1.071465662347285
102466972,
114041,
150084,-0.1800778436136306
5121,
100616148,
284835,-1.0732958257854728
100423023,
54097,1.7411533488720414
54090,
54089,
89766,1.6480573743677889
150147,
7033,2.2893274209426187
7032,
7031,
64699,
53347,
100847013,0.7719199562191933
1409,
100126693,
102464825,
29947,1.6743794214335248
100861510,0.7816922465375287
54084,0.7244992718440678
54082,-1.6692641581973475
114043,1.6873680854747002
386677,
386679,
386682,
386672,
386680,
386674,
386675,
386681,
386676,
353333,
386678,
386684,
386683,
353323,
353332,
386685,
727699,0.3998486424029954
105372836,-2.032581106264364
388830,
100874236,-1.14186110510496
102465489,
100129027,2.667389147823568
105379419,
105379427,
102723769,-0.1995732476273787
81061,
23784,
100852406,
101929839,
150160,
150165,
27437,
128954,
100996342,
100130717,2.219380375905678
27442,
100423025,-0.1800779724778679
200298,0.7816922465375287
693233,
100996415,
729461,0.7720149691807948
105369191,
653203,
100996401,-1.14186110510496
642643,1.7125466443357822
105372867,
2679,
102724123,
105372855,-1.083278562751843
23617,
2928,
150185,
5413,-0.1800778359168469
2812,
100616414,-0.2426753464380512
406961,
100500860,
100302197,
102465490,
100302118,
101927859,
105377189,
266697,
3053,1.6873680854747002
693234,-1.14186110510496
440799,-1.14186110510496
400892,2.3064890290517823
642633,
728441,1.6873680854747002
29797,
105369215,
100996335,
440804,0.7816922465375287
150221,0.7127492797915551
100126318,0.7816922465375287
649179,0.7816922465375287
28763,
28784,
28764,
28771,
84097,
28757,
28759,
28760,
28765,
28819,
28774,
28785,
28761,
28758,
28778,
28766,
28770,
28772,
28762,
7441,
28820,
28773,
28780,
28822,
28775,
28781,
28823,
28776,
28767,
84089,
28825,
28768,
28783,-1.14186110510496
28826,
28777,
129025,-1.14186110510496
23532,0.7816922465375287
648691,
28810,
28811,
28787,
28788,
28789,
25812,-1.14186110510496
91227,0.7816922465375287
28790,
28812,
28791,
28792,
84090,
28793,
28813,
28795,
28796,
28769,
28797,
28814,
28798,
28799,
28800,
28815,0.7816922465375287
28801,
28802,
28816,
28803,
28804,
723778,
28817,
28805,
28806,
28818,
28807,
28786,
28808,
28809,
100847006,
100423062,
28833,
3537,
28832,
3538,
28831,
3539,
28830,
3540,
28829,
3541,
28827,
28834,
27156,1.301379761007594
649264,1.6743794214335248
101929374,
388882,
101978785,
3543,2.23734379119906
4282,
100652871,
25774,
102725204,1.6480573743677889
101730217,-1.14186110510496
51733,3.00370575461344
646074,0.7816922465375287
440822,
255349,
91353,0.7816922465375287
102466198,
23544,-1.0732958257854728
100313914,
1414,
1413,
284898,
100423034,
100422998,
102466081,
25770,2.713162646002583
100500833,1.6873680854747002
100113380,
5988,-0.1800780575472706
102466742,
150280,1.3171119040648611
376844,
100422912,
100500901,
100873756,
23782,1.7125466443357822
150297,
10739,
10738,
100616295,
100506195,0.6514884846269483
91464,0.7816922465375287
104310353,-1.667976335980046
100500826,
102464824,0.7816922465375287
10369,
5816,
100506241,
339669,
100506271,2.281014751569344
724028,
724029,-0.180077920387205
102465492,
100616146,-0.1800778359168469
100874530,
104502417,
101927257,-0.1682841557373295
100616283,1.7125466443357822
102466758,-1.0602384446855764
100996598,-0.1800781042250324
407039,-0.1800780490882907
440829,0.7127475246609245
100616259,-2.0444741686792907
339674,-1.14186110510496
105373094,1.6743794214335248
94009,
267010,2.23734379119906
267020,-1.0714881451047835
758,-0.1800780490882907
7235,
101927526,
388910,
414351,
553158,
100302149,0.7816922465375287
7380,
100616253,-1.14186110510496
105373071,-0.1800780575472706
100500828,-1.0859216151768327
406883,
100616143,
406884,
101927722,
400932,
100422916,
284933,
100616415,
100128946,
348645,0.7816922465375287
100500882,
105373091,
164714,
386593,
49,-2.0346897031131204
102723448,
101927193,0.7816922465375287
100873976,0.7816922465375287
100873975,
3568,
100616334,
101927347,
2917,1.6480573743677889
100873937,
101927394,-0.198005141560552
859,
101927416,-2.046187527582829
100288831,0.7816922465375287
151835,-1.14186110510496
100526693,
115795,-2.032581106264364
100422933,
100126334,
100874325,
285370,0.6904432202755426
6529,
100874090,
101929530,0.7816922465375287
619563,
105376955,-2.032581106264364
100874101,-1.667991906145074
285375,
100422868,
100422990,
693148,-1.0714881451047835
100996597,
1618,0.7816922465375287
100500913,
101927777,-0.1800778860600599
100616291,
100422901,
100874028,1.7427353898738556
101927829,0.7816922465375287
391518,
100874216,
100874221,
100505877,-1.14186110510496
100874092,-2.048913640018298
152024,-1.14186110510496
100616448,
100616477,
285326,
116135,0.7816922465375287
100996624,
100652807,
100873977,-1.14186110510496
339896,-1.14186110510496
100423038,
100874206,-1.14186110510496
102465247,0.7816922465375287
105377021,
131405,-1.0602384446855764
1233,-1.14186110510496
101928135,
10777,
406916,
85443,
407015,-0.1800779724778679
6336,0.7816922465375287
105377643,-1.652665483338023
102466743,
165904,
1237,
4336,2.9932213562833785
131375,
100874007,-1.085880620549002
131377,
100874114,2.713162646002583
100506275,0.7816922465375287
406929,1.301379761007594
693149,
644714,0.745793236480299
100189103,
10803,-1.14186110510496
2829,-0.8162986723435711
1232,-2.032581106264364
102724297,0.7816922465375287
83597,
83598,-0.2503642447248346
6997,
100132146,
29122,2.988743177236532
100287362,-0.1800780575472706
377047,
339906,
4634,-1.14186110510496
100302232,0.6514884846269483
100616407,
100313840,
285231,
102465494,
100313843,-0.1800781042250324
102465495,
100616112,-1.14186110510496
494337,0.745846182878836
406966,0.7816922465375287
102465536,-1.0819253206087858
646498,
100422952,
100847079,
693151,0.7816922465375287
102464817,
102465526,
100616138,
440956,
100506840,
401067,
389123,
101928999,
389124,
100526760,
100874110,
406925,
3697,1.6480573743677889
100526772,
102465866,0.7719346565396641
101929138,
790952,0.7816922465375287
100874237,
57408,
711,
100500875,
100874200,
11170,0.7816922465375287
101929238,-0.1800779724778679
103504735,
55079,
285401,
100874016,
132203,0.7816922465375287
100130345,2.219380375905678
100874242,-2.046187527582829
101929335,0.7816922465375287
100873983,
101929433,-0.1800780490882907
100422941,
407738,0.745846182878836
151647,
56203,0.745783550884095
104502416,0.7816922465375287
100302112,-1.14186110510496
105377206,-2.629507392230685
2850,-1.6622776215382349
60675,
285286,-0.1288638404546579
201617,-2.046187527582829
101927296,
101927346,
100846999,
105377207,
105377170,1.6480573743677889
100302212,
100422955,
101927374,
100500877,
728290,
440970,-1.14186110510496
100847077,
100874037,
100874038,2.1886122177186222
101927494,
100616161,
5449,0.745793236480299
3355,-1.0732958257854728
100506944,0.7816922465375287
255025,
100287639,
102465864,
200959,0.7816922465375287
81050,
26341,
403273,
403274,
79295,
79310,
403278,
403277,
26339,
402135,0.745783550884095
2838,1.6480573743677889
100500859,
644444,-0.2466046535493354
84873,1.604744763474058
100616336,
101929579,0.3865496516503544
151658,0.7816922465375287
285205,0.7816922465375287
101929623,-0.1800779724778679
11148,1.6883666006034224
84666,
50852,
27136,1.7125466443357822
401081,
677779,
151871,
55211,
401082,-1.14186110510496
100616129,
693152,-0.1325348441581121
101929694,-1.14186110510496
344807,-1.14186110510496
100874029,
102466253,
100616476,
1814,-0.1800778359168469
7634,
201633,
693153,
100131117,
101929754,
100616166,
104413890,-1.14186110510496
100874131,-0.180077920387205
2596,-1.0732958257854728
101926903,
285194,
100616485,
100506724,
100506765,
152405,
941,1.712669240579436
51365,2.2893274209426187
406975,
100847043,
503582,
51725,-1.081966776085102
846,0.6514884846269483
100873940,2.245896351242226
54763,
100847021,
102464832,
100422864,-1.14186110510496
100847039,
105374312,-1.14186110510496
100302204,0.7816922465375287
100874204,1.6873680854747002
100506907,1.604744763474058
152065,0.7816922465375287
166012,-2.032581106264364
255330,
285311,
101927123,0.7816922465375287
101927149,
102466199,2.3064890290517823
102465857,1.6873680854747002
166348,2.72633178419262
165721,
285224,0.7816922465375287
23434,
2815,
100534599,
102465496,0.7816922465375287
6010,0.7816922465375287
132243,
7200,
644974,-1.0601929473263878
105374103,
646300,-1.14186110510496
100847040,
100189179,
100189250,
348808,-2.6339963367763484
101927455,
8419,
102466744,-1.14186110510496
100616281,
8403,
100507274,
729627,
389151,
389152,0.7816922465375287
60467,0.7816922465375287
140464,
101927808,-0.1800778436136306
287015,-1.14186110510496
646730,
100507389,
344838,2.667389147823568
101927832,
100885796,
389158,
101927866,
84107,0.7816922465375287
7545,
440982,
1360,1.604744763474058
100873945,
116441,-2.621373053749989
7104,-1.14186110510496
105374313,-1.14186110510496
105374156,0.7816922465375287
7401,
116933,0.7816922465375287
29909,
9934,1.7125466443357822
53829,
100847036,
344752,-0.1800778860600599
101928142,
201651,
13,-1.0819421399733424
56670,
645843,0.7816922465375287
152118,-1.14186110510496
344758,
101928190,
100507537,
100874083,-2.032581106264364
100874084,-1.14186110510496
100498859,0.7816922465375287
100505385,
29970,
100500803,
100874433,-1.14186110510496
730109,
105374314,
406949,
406951,
131149,
647107,
100302148,
104355289,
6476,
22865,
104310350,
646168,
93556,-1.14186110510496
693136,
100507661,1.7125466443357822
100189318,
344657,-2.0444741686792907
79782,0.7816922465375287
344658,0.7816922465375287
102465497,
101928583,1.7411533488720414
693154,
389177,
100874219,
2693,1.6743794214335248
83893,
100874010,
100862679,-1.14186110510496
100874244,0.7816922465375287
100616395,
100874245,
102465858,
101928684,
100874330,
101928739,
101928790,-1.083278562751843
100505609,
101928882,0.7816922465375287
102724604,
100874019,
100616127,
100873982,
200909,
170572,
285242,
100187716,
692107,0.4155897607303445
7066,-1.14186110510496
105374250,0.7816922465375287
101928992,0.7816922465375287
339926,
100847054,
100847078,
253573,-1.6597145501405024
100302143,
9370,
100874095,
101929106,
132112,-1.14186110510496
101929130,
6750,
344892,
100131635,2.700286075511365
401105,-2.032581106264364
100873917,
407020,
100874043,-3.0463386891397533
100874027,
100126340,
131920,
100170222,
344901,-1.14186110510496
103344926,0.7816922465375287
152138,
100873986,
105374278,
344905,0.7816922465375287
100874218,
101929198,
100128023,1.7125466443357822
101929337,
1370,-0.180077920387205
2814,-0.1800778860600599
100507391,
100874528,0.745846182878836
100422926,
101410543,
105374299,2.281014751569344
101929697,
102465977,-0.2466046535493354
100534611,0.7816922465375287
255798,1.7126700752241524
100302742,1.6480573743677889
100616216,-0.1800778436136306
100126321,
100873947,0.7816922465375287
348840,-0.1800778436136306
693156,
105374379,
100379220,-2.0444741686792907
101928548,-2.0199447176390644
54729,
100126332,
100616358,
100750326,0.7816922465375287
285492,
100133461,
133060,-1.14186110510496
104472519,
103695434,
101928306,
100616201,
389197,
105374380,
152789,
285484,
100616471,
768239,
100422826,
407052,-1.14186110510496
3166,-1.14186110510496
650293,
100287144,
100287178,
100287205,
100287238,
100288520,
100287327,
100287364,
100287404,
100287441,
100287478,
100287513,
728369,
728373,
728379,
728386,
728393,
728400,
728405,
391627,
728419,
391622,
644414,
101928948,-1.14186110510496
100302277,
100423011,-2.0444741686792907
116449,-1.0733179222590628
693157,
101929019,
285547,
100847023,-1.14186110510496
101929071,0.6515064533550772
114905,2.23734379119906
83888,-1.14186110510496
101929123,
645104,
100505893,0.7816922465375287
407000,
102465859,
359822,
57733,0.4085829741852912
886,-1.14186110510496
100422937,
102723778,
101927363,
101928622,
439933,0.7719199562191933
401124,2.66185879777823
100313806,
100616435,
101928776,
693159,
100847065,
344967,-2.0444741686792907
100616274,
101410542,2.6743712728837528
8929,
101927074,
389206,1.301379761007594
152573,-1.14186110510496
389207,
100506827,
2565,
170712,
2557,
2560,1.3013766813490728
102467004,
326340,
152578,-0.1800781042250324
100873939,0.7816922465375287
100506444,
170825,
132954,
644145,
6691,-0.1800780490882907
101928851,0.7816922465375287
100616450,
101927186,
253017,-1.14186110510496
401134,
100302177,
26228,-1.0859216151768327
550113,2.713162646002583
401135,
100130017,-1.14186110510496
401136,-1.14186110510496
7367,-2.048913640018298
7366,
7365,
79799,
7364,-1.6609899165072934
10720,-1.14186110510496
54490,
7363,
574537,
10941,
1446,
1447,1.7411533488720414
6779,
3347,
3346,
286828,
100337616,
401137,
54959,0.7816922465375287
260436,1.6480573743677889
1448,0.7816922465375287
85438,
26952,
10879,
58503,
4589,-2.0199447176390644
258,-1.14186110510496
10117,0.7816922465375287
3512,0.7816922465375287
2638,
173,-2.6149985807164606
728040,
5197,
10895,-0.1800778436136306
100507388,1.6743794214335248
441025,
101928809,-0.1800778359168469
4283,0.6903910369534427
100631383,
100616299,
100616254,
10563,1.669585215033777
101928893,
100616427,
84779,
2712,
100506035,0.7816922465375287
118425,
255119,0.3626608924898259
439934,
693160,
101928978,
4825,1.6480573743677889
100616349,
101929064,
100616463,
100847027,
1834,0.7816922465375287
1758,0.7816922465375287
3381,
56955,
100996939,
84992,
100873748,0.7816922465375287
644248,
101929194,
474,
101929210,-1.14186110510496
27306,-1.0819421399733424
100507012,2.23734379119906
5161,0.7816922465375287
100873749,
101410545,
100500867,
359806,
126,-1.071465662347285
101929353,
100874275,
102465868,
100302193,
101929448,
6870,
101929468,
104384744,
100874374,
101929529,-0.198005141560552
100507096,
101929621,0.7816922465375287
64850,-1.14186110510496
693161,
100873750,
100126354,
105377368,1.7125466443357822
63973,0.7816922465375287
442912,-0.1800780575472706
442896,-1.0859216151768327
407028,-1.6692910604048
442895,1.6480573743677889
442894,0.6903910369534427
102723896,
100302188,
102465878,
693162,
64579,-1.14186110510496
100302290,
103689918,
101929741,-2.6149985807164606
2169,
101927007,
100996694,
100192379,1.3171080881120112
132612,
3558,
59067,
100996941,2.2893274209426187
100189197,
100302267,
102724326,
101927282,
101927305,0.7816922465375287
104355285,
100507528,
729307,
641365,2.713162646002583
100874047,
152586,
100423017,
100128055,-1.0819253206087858
2994,
2993,
101927659,1.7411533488720414
104326058,0.7816922465375287
646603,0.7816922465375287
100505545,
102465837,
5458,0.7816922465375287
100313938,
100616246,
101927849,
285423,-1.14186110510496
10586,-0.1571219434361917
8944,
345062,-0.1800780490882907
102191832,-2.622790053474701
100422896,
100616193,
2244,2.326765173159712
2243,
4887,-2.0199447176390644
102724776,0.7816922465375287
51802,-0.1800780575472706
2891,-1.14186110510496
340017,
152940,-1.14186110510496
100500881,
100616303,
101928052,
100616234,
4889,
84076,-2.0199447176390644
100505989,-1.14186110510496
100506013,
101059914,-1.14186110510496
166655,
2713,-1.14186110510496
693163,
101928131,
100506085,
105377532,
100506122,
102466953,
101928314,
100422849,
9464,
79804,
100423042,
101928551,
2823,1.7126700752241524
101928590,
140458,1.3013771577576847
285501,0.7816922465375287
101928656,
728081,
100302270,
403315,
101928734,
53842,
133121,-2.0199447176390644
102723766,0.745793236480299
731424,-1.6609899165072934
100500818,
100616111,
391723,
105377624,-1.14186110510496
105377595,-0.1995732476273787
2160,
285441,
100506272,
101928971,
448831,
100419743,
100288687,
105374752,
389257,-1.071465662347285
25845,
100616381,
100996325,-1.0732958257854728
100506688,1.7125466443357822
100616479,
101928857,
340024,
348932,
7015,
100616235,
100506791,0.7816922465375287
6531,1.6480573743677889
102466103,
100422966,
101929034,
101929081,-0.1901915226323129
100506858,
105374620,-1.14186110510496
102467074,
285577,-1.14186110510496
102467075,
101929153,
340094,0.7816922465375287
101929176,-1.14186110510496
401172,1.7411533488720414
134111,-0.2503642447248346
100422999,
442132,
101929261,
729506,-1.0733179222590628
100616142,
101929284,
100616326,
101929338,
50834,
285692,
100505845,-1.14186110510496
105369214,2.263423414364979
102465138,
101929412,
404663,
100616271,
101929454,
101929472,-0.1800779724778679
100126347,0.7816922465375287
441061,
101929524,2.2893274209426187
401177,1.6480573743677889
101929544,
102723526,
100506217,1.6883666006034224
1010,2.219380375905678
5369,
56979,2.647600078609369
340107,
1007,0.7816922465375287
105374700,
729862,1.7125466443357822
101929645,
101929660,
101929681,
102723637,
100422874,
340113,0.7816922465375287
64902,-1.14186110510496
100506406,
133688,
693165,
101929745,
100852408,0.7816922465375287
100506475,
100500824,
102467077,
133558,-2.0346897031131204
729,-2.0444741686792907
345557,0.7816922465375287
101926960,
101926985,
2255,2.3064890290517823
101927075,
348980,-0.1800779724778679
100287592,
693166,
100616233,
8988,-0.1800781042250324
102467081,-1.14186110510496
3003,
3001,
166979,0.7816922465375287
554213,
693123,
100313923,
100847019,
79722,-0.1800778359168469
102467147,-1.6539522329060865
101928448,
105378979,
100996645,
101928505,
101928539,-1.14186110510496
101928569,
202309,
100616339,
101928600,
115827,-2.6149985807164606
693167,
105378994,-0.1800778359168469
285668,
101928651,
100506526,
101180901,
3350,
100132916,-0.1800778436136306
100303749,1.6480573743677889
101928769,
4064,
101928858,-0.1381136924084732
102467655,
101928885,-1.08325371280066
101928924,
653188,-1.14186110510496
441081,
101929599,
8293,
647859,2.281014751569344
5370,
9607,
100616377,
167465,-2.046187527582829
102503427,-0.1800778436136306
100616152,
105379029,0.6515064533550772
134288,
104355294,
102503429,
101929082,
104310351,
100302746,
170591,-1.14186110510496
677828,1.7366746230804506
23440,-0.1800781042250324
101929154,
84654,
441089,-0.1800778860600599
340120,1.6883428516124086
102524628,
134526,-0.1800778860600599
100616297,
102546175,0.6514884846269483
677765,0.7719346565396641
1404,
285622,-1.14186110510496
100505878,
100422887,
55338,1.7125466443357822
102546226,-0.8126063178205389
645323,
407047,
100500825,
101929495,
100313887,
134187,0.7816922465375287
693168,
101929747,
100652833,-1.14186110510496
102724855,
100133050,-0.198005141560552
441098,-2.032581106264364
100302288,
100861468,
105379197,0.7816922465375287
102467212,1.3171080881120112
9366,
102467213,
100302159,
100873948,-1.14186110510496
101927023,1.2332876928208898
102467214,
102467216,
101927078,
101927059,-1.14186110510496
100302736,
102467217,
644100,1.6480573743677889
101927190,-0.1800778359168469
102467223,
102467224,0.7816922465375287
100505811,
101927280,0.7816922465375287
102467225,
100847085,
340069,0.7816922465375287
102467226,
94033,
153163,
101927379,1.6873680854747002
103724389,1.7014055810626485
101927421,
101927460,
102546228,
101927488,
389320,1.3013771577576847
105379199,-0.1800780490882907
613212,-2.622790053474701
100616175,
100616325,
100127206,
728637,
3562,-1.14186110510496
102465498,
105379200,-0.1794894843501469
3567,
3596,0.7127496012402337
100302134,
101060024,
100500905,
101927934,-2.0444741686792907
340073,
140947,
497189,
4762,
340074,
100847082,
3578,0.7816922465375287
26223,-1.14186110510496
3950,-1.6609893671790723
100126299,1.604744763474058
100126343,
7478,-1.14186110510496
2676,-0.1381136924084732
105379194,1.7014207081588717
641700,-3.038361927704094
101929696,-1.14186110510496
102465499,
100500820,
56664,
56663,0.7816922465375287
56147,1.6743794214335248
56146,-0.1800778359168469
56143,0.4072415104831199
56140,
9752,0.745793236480299
56119,
101926905,0.7816922465375287
29930,
54661,-0.1800778860600599
56128,-1.14186110510496
83884,1.3171080881120112
100505658,2.9987926246935226
100874239,
100874372,0.7816922465375287
100846991,
57824,
134391,-1.14186110510496
100874361,
153469,
117156,0.7816922465375287
408187,
105378220,0.7816922465375287
153218,-0.1117510445361509
643394,-2.6149985807164606
693169,1.2858217802597596
406935,
406937,-2.0444741686792907
494327,
285641,-0.1800781042250324
153201,-2.048913640018298
101927115,-0.1800780490882907
56923,
101927134,0.7816922465375287
100302181,
9421,1.3401610600461118
100422950,
100302284,
100616306,1.6743794214335248
285643,0.6904432202755426
91937,
26762,2.263423414364979
153745,
3702,2.263423414364979
100190949,-0.1800781042250324
101927697,-2.0444741686792907
285627,1.6480573743677889
101927766,
100422938,
2561,-0.1800780575472706
2559,
2554,
104326188,
2566,
101927813,-2.0346897031131204
101927835,
102546299,
102557615,
101927908,
406895,
100302238,
407001,
728095,0.7816922465375287
693170,
100616498,
2299,
100507267,
133874,-1.14186110510496
3937,0.7816922465375287
30820,
3779,
101928033,
105377716,
100500831,
644994,0.7816922465375287
100847029,
101928093,1.3247618887597623
677841,
1482,
102465862,
101928136,
101928154,
101928176,2.66185879777823
100616202,
441116,
1812,-1.14186110510496
10814,2.667389147823568
105377746,0.7816922465375287
100996385,
100302203,0.7816922465375287
100422962,
253314,
102577424,
3101,2.713162646002583
101928726,
6569,-0.1800780575472706
345456,0.7816922465375287
5626,
105377772,1.262107780255325
653316,2.1886122177186222
64396,0.7245137034018079
729522,
100302156,1.7125466443357822
442908,
92304,-0.1800780575472706
134083,
79908,
10917,-1.14186110510496
102465882,
7240,
100189362,
100189273,
791232,
26693,
285659,
100188990,
7241,
100189541,
100189004,
100189328,
100188992,
7219,
102577426,-1.14186110510496
7236,
100189280,-1.14186110510496
100189399,
7239,
790966,
100049614,
100616342,
26683,
441123,
285766,1.604744763474058
105374874,-2.0444741686792907
101927691,0.7127475246609245
101927353,
102466720,
100616285,0.7816922465375287
222826,0.6903910369534427
102724096,-1.667176117467163
497048,1.7411533488720414
100500900,
101927972,1.6883666006034224
101927950,
51299,1.7125466443357822
102466866,
100847034,
285780,0.7816922465375287
9450,
100526836,
105374908,-0.1800778860600599
100526837,
63915,-0.1800780575472706
266553,-1.6692910604048
105369145,
100846998,
9247,1.6743794214335248
101928191,0.4035397422084985
100506409,
101928253,
102216342,-1.14186110510496
101928406,
100616269,-1.14186110510496
401236,-0.1800778860600599
693125,
100189287,
101928519,
100874531,
5617,0.7127475246609245
154150,0.7816922465375287
140767,
353219,
101928603,
105375106,-2.0346897031131204
10590,0.7816922465375287
221613,
255626,
387319,
10050,
6568,-1.667976335980046
10786,-2.048913640018298
10246,
3024,0.7816922465375287
8359,
8358,-1.14186110510496
8335,1.7125466443357822
8361,-1.08325371280066
8369,
8968,
8346,-2.622790053474701
7210,
7232,
100189218,
100189321,
100189185,
100189430,-2.0199447176390644
100189094,
100189436,
100189410,
100189382,
100189396,
100189040,
100189048,
100189288,
100189319,
7231,
100189227,
100189308,
100189153,
100189223,
100189110,
100189272,
100189337,
100189162,
100189219,
100189303,
100189401,
100189391,
100189354,
100189372,
100126484,
100126481,
100189172,
100422934,
100189196,1.7125466443357822
100188987,
100189143,
100189336,
100189368,0.7816922465375287
100189041,0.7816922465375287
100189167,
100189099,
100189067,
100189014,
100189310,
7202,
100189213,
100189363,
100189408,
100189329,
100189002,
105375107,
387316,
100189345,
100189182,
100189077,
100189158,
23437,
100189247,
100189292,
23540,
100189189,
790951,
100189352,
94017,
100189268,
100189070,-1.14186110510496
100189012,
100189390,
100189200,
100189053,
100189297,
100189038,
100189301,
100189300,
100189131,
791231,
100189095,
100189428,
100189205,
100189161,
100189340,
100189071,
100189164,
100189374,
100189101,
791230,
7212,
100189214,
100189074,
8340,0.6514884846269483
8331,-0.1800780575472706
8342,1.3013771577576847
8332,0.3643419034975456
8354,-2.0346897031131204
8368,0.724501505226327
8356,1.7125466443357822
100189315,
100189314,
81697,
100189159,
100189344,
100189118,
100189035,0.7816922465375287
257202,-0.1800779724778679
2880,
100189348,
100189034,
100189138,
100189225,
100189299,
100189114,
100189360,
100189046,
100189400,0.7816922465375287
100189395,
100189047,
100189092,
100189433,
100189033,
100189178,
100189365,
100189332,
100189082,
100189145,
100189149,
100189137,
100189346,
7154,
100189170,
100189042,
100189066,
100189293,
100189093,
401242,
100189295,
100189084,
100126476,
414760,-0.1800780575472706
100189237,
100189121,
100189202,
100189216,
100189234,
100189111,
100189254,
100189024,
100129636,
26692,
442184,
442186,
26707,
101929006,
442191,
81696,
81797,
26529,
26531,
442194,
26716,0.7816922465375287
116511,
105375007,
100507362,0.7816922465375287
692092,0.7816922465375287
4340,-2.0346897031131204
135644,
10107,-1.14186110510496
89870,
202658,
105375108,1.301379761007594
100126314,
100507679,
285834,1.2858019022812075
401250,-1.14186110510496
100532737,
259197,2.667389147823568
199,
100616230,
259215,1.6480573743677889
79136,-1.14186110510496
58530,
401251,
102060414,
100302242,-1.14186110510496
7146,1.6743794214335248
721,-0.1800779283813124
1589,1.7411533488720414
102466190,0.6904432202755426
102465500,
101929163,-0.1800779724778679
10665,-0.1800779283813124
56244,-0.1506392559277718
3128,-2.0346897031131204
3117,
3119,0.7816922465375287
3118,
100616218,
3120,-1.14186110510496
3109,-2.032581106264364
3116,
407002,-2.046187527582829
102465501,0.4085829741852912
100847012,0.6514884846269483
100507584,0.7816922465375287
102466816,
100302123,
100529239,
100847048,
389383,
340204,-1.14186110510496
1208,
389384,2.667389147823568
100500885,
101154753,0.388033414376488
221476,0.7816922465375287
100505530,
100616413,
100131047,
2740,
89822,0.7816922465375287
83795,
401260,
732253,1.7125466443357822
57497,-2.0199447176390644
101929535,
221438,
105375057,0.7816922465375287
9436,
103106903,
100616178,
5225,2.955676404800562
442211,0.7816922465375287
171558,1.7411533488720414
84630,2.7423288137945354
10864,
100616124,
221409,-0.180077920387205
100616352,
693171,
101926915,
101926898,1.7125466443357822
100287718,-1.14186110510496
101926962,
389396,0.3854825622436806
6005,0.7816922465375287
7180,1.6480573743677889
5232,0.7816922465375287
101927020,
101927048,
167,
403339,
245928,
245927,
245913,
245915,
83741,
7021,-0.1800781042250324
101927082,
406989,
442890,
3605,
112744,
730152,
2939,
2938,
221357,
2940,0.7816922465375287
105375092,-1.14186110510496
100847075,1.6743794214335248
100874282,0.7816922465375287
3062,
389400,
653,1.6480573743677889
100422884,
100189249,
100189085,
202559,
442229,
102723883,
101928280,
1297,
135152,
407032,-1.6712987416494969
407029,
102724000,-2.0346897031131204
100507381,-1.6609895902966565
100423005,
100873997,-1.14186110510496
340168,
154288,1.604744763474058
101928540,
100616389,
101928770,-1.083315054072555
105378158,
102724201,0.6515064533550772
3354,0.7816922465375287
101928911,
81833,
101928936,
2569,
84694,
100616109,
100616174,
101929083,
102724665,
643432,
9457,
101927314,0.7816922465375287
100302164,
5454,1.6743794214335248
100616347,
59336,
84539,
728012,
6492,0.7816922465375287
100113403,
389421,0.3998486424029954
101927405,
693172,
256380,-2.046187527582829
7101,1.3013766813490728
2830,0.7816922465375287
728464,
8528,
85413,-0.1800779283813124
117247,-1.6597211771806688
101927640,
442247,-0.1800779283813124
100128327,-1.14186110510496
221303,-1.14186110510496
222545,0.7816922465375287
222546,
245806,
102724896,
5350,
100287632,0.7816922465375287
693128,
285762,-0.1800778436136306
100422951,
101927990,
643623,
100189269,
104355145,0.7816922465375287
693173,
9729,-1.668014687456351
387357,-1.668014687456351
253582,-1.14186110510496
100507203,0.6904432202755426
79541,
100616455,
100616191,
100507254,
134860,
83551,
319100,
9038,
9287,
9288,
134864,0.7816922465375287
8875,-0.1800780490882907
285735,
154089,-0.1608340592310673
387065,
101928304,1.309865801943592
100500880,-1.6539904174016238
693126,
101928461,-1.071465662347285
101928429,
340146,2.98298722657605
100294720,0.7816922465375287
116379,0.7816922465375287
167826,
102723649,2.2724232578890446
59351,-1.14186110510496
100423001,0.7816922465375287
645434,-2.0199447176390644
100132735,0.7816922465375287
100507477,-1.14186110510496
103352541,
100500879,
100616180,
4829,-0.1800778436136306
153910,0.7816922465375287
285740,-1.14186110510496
153918,
100189313,
100189422,
101928661,
79747,-2.630548677233065
100128176,1.7295842912770358
389434,1.6480573743677889
105378056,-1.0601929473263878
102723831,
100505475,-1.14186110510496
100422821,
50508,-2.60471171322504
100302259,
100616154,
100500899,
100874300,0.7816922465375287
100500851,
101409257,-0.1883076230675124
105378081,1.6480573743677889
101929122,-0.2081893535860269
102724053,
4142,
100271873,-1.14186110510496
6582,1.6743794214335248
5340,-0.1381136924084732
101929239,
729658,
285796,0.7816922465375287
401282,
105378101,2.700286075511365
100526820,
105378105,
105378107,
168090,0.7127492797915551
441177,
6862,
101929297,
100302141,
100861523,
100500857,
2853,
401285,
102724205,
54346,
83887,
105378160,
6953,
401286,
26238,
100128124,
100505879,
3834,0.7816922465375287
79981,-1.14186110510496
101929420,
105378146,
105378145,
101929460,-1.14186110510496
102724357,
80069,-2.032581106264364
100131532,-0.1800779283813124
105378152,
102724511,
154449,
285804,
401289,-1.14186110510496
100616430,
105378161,
105375112,1.7411533488720414
100288524,
442497,1.6873680854747002
442907,
340260,
105375303,
101927125,-1.081966776085102
100616160,
102465503,
402635,
100616116,
100129603,-1.14186110510496
105375131,
100616465,0.7816922465375287
56903,
221938,
100533952,
389458,0.7816922465375287
100874342,2.3064890290517823
102466203,-2.0199447176390644
654231,1.6873680854747002
100500886,
100131257,1.7295815945563908
30010,0.7816922465375287
168741,
102725191,
101927524,
100506025,0.7816922465375287
100506049,
155465,0.7816922465375287
221823,
100302140,
222894,
100422967,-1.14186110510496
256130,
100874041,-0.180077920387205
101927769,-1.14186110510496
104355138,
100302122,
401312,
1197,2.6031058434470538
4852,
64111,0.7816922465375287
406940,0.7816922465375287
105375304,0.7816922465375287
9808,0.7816922465375287
100506289,-0.1800780490882907
100534589,
442920,
3209,
100316868,
101410536,
2128,
790953,
100506497,2.6031058434470538
101928168,
102724484,
100616354,
100271874,
101928208,1.6480573743677889
693133,
100500883,
100526825,
84182,-0.1800779724778679
2692,
117,
63974,
223075,-1.14186110510496
10842,
100130673,2.2893274209426187
693134,
100500830,
100302152,-1.14186110510496
554236,-2.629507392230685
57057,-1.14186110510496
401324,
100506725,-2.032581106264364
101928618,
100874264,
100302113,
100861514,
353345,
51314,0.7816922465375287
6424,-3.038361927704094
6967,
6969,
6972,
445347,
6966,
6968,
6970,
6971,
6983,
6982,
100506776,
6978,
6977,
6976,
6974,
100689074,2.263423414364979
100861520,
101928795,
100500829,
100534592,
64951,0.3936490192736563
102466985,-1.14186110510496
102465504,0.7816922465375287
101929301,-1.14186110510496
100616393,
677798,
10268,0.7816922465375287
730338,-1.071465662347285
101929086,-1.14186110510496
401335,1.604744763474058
105375274,
168448,-1.14186110510496
375567,0.7816922465375287
11055,
100130988,
100129427,
101928675,0.7816922465375287
285877,
401337,1.6873680854747002
3262,
102723605,0.7816922465375287
222008,-1.14186110510496
285878,
102725541,
346288,-2.0346897031131204
389493,-1.071465662347285
100240728,
222029,
101928401,
401357,
101928468,
101928587,
100130849,
100287294,
100422917,
642006,
105375297,
100653233,
100422939,
441234,
105375302,
102724134,
643955,
100287704,
100287834,
100422848,
402269,
100996414,
100996365,
102724777,
105375316,0.3783859221455193
100506050,
730291,0.7816922465375287
168417,-1.14186110510496
641746,
102465505,
101929322,2.9987926246935226
644619,-0.1893030924526575
100616310,
102723427,
100507468,
64409,-2.6149985807164606
100500836,
100500920,
83698,1.6743794214335248
100616331,
441251,
728524,
100996746,
654816,0.7816922465375287
135892,-1.14186110510496
8468,
1365,2.988743177236532
135886,0.7816922465375287
100616270,
677801,
102723555,-0.1567729419420761
102723849,0.7816922465375287
101927243,0.7816922465375287
399670,
100874021,
101927269,
346562,
105369146,
100128317,-1.14186110510496
3082,-1.0714881451047835
101927356,-2.629507392230685
101927378,
2913,2.66185879777823
105375383,
219578,
219557,
100874100,
442523,-1.14186110510496
105375396,2.23734379119906
100873745,
799,0.7816922465375287
724023,
574442,
100616206,
2792,
5444,1.3098750257000076
693176,
401388,-0.1800780490882907
100847066,-1.14186110510496
100847017,-2.629507392230685
4951,
100500819,
100526740,
100189190,
100861540,1.7411533488720414
81392,2.1886122177186222
646282,
100616439,2.2724232578890446
101752334,
101927655,
51412,
140453,-1.14186110510496
101927721,
136227,
100506527,
93408,
100422858,
100630923,0.7816922465375287
100313829,-1.0859216151768327
100847073,0.7816922465375287
100616367,-1.0715034509579056
102724229,
100134938,
100310812,-1.14186110510496
58160,
101927870,
375612,1.7183555298427606
102724284,0.7816922465375287
5294,3.030110666160709
2845,0.3854825622436806
1811,1.3402139565887818
154907,1.7411533488720414
100506413,-1.6539749173232328
100996249,
101928012,
5506,
100500896,
102724386,-1.14186110510496
104355291,
100506489,
102466616,
93654,1.340169246021531
7472,-0.1800778359168469
136991,-1.14186110510496
1080,-0.1800779283813124
389549,
154860,
168433,-1.083315054072555
50833,
6561,
142685,1.3171119040648611
102724555,
26062,1.6873680854747002
6677,0.7816922465375287
730130,
101928211,
154872,
101928283,
101928254,
693177,
101928333,1.604744763474058
100506682,-1.14186110510496
5078,-0.1800781042250324
27099,-0.198005141560552
406917,
100189276,
406958,0.7816922465375287
407053,
406959,
136263,
1357,1.6873680854747002
442904,-1.14186110510496
114960,-1.14186110510496
407024,
101928782,
286023,
100506937,-1.14186110510496
100500804,-3.027604859216378
102465139,
101928861,
102465254,-1.0819253206087858
136319,
767558,
1129,1.6480573743677889
349160,0.7816922465375287
574443,
100130880,
6718,-1.14186110510496
100616226,
136306,-1.14186110510496
155006,1.6743794214335248
100189406,1.604744763474058
100996928,
100129148,0.7720149691807948
154790,
101928984,
130075,0.7816922465375287
5726,
100289017,
136541,
207147,-0.1800778436136306
28620,
28619,
28617,
28614,
28606,
28616,
28605,
28596,
28603,0.7816922465375287
28595,1.6480573743677889
28586,
28585,
28582,
28584,
28581,
28602,
28594,
28611,-1.14186110510496
28601,
28610,
28592,
28609,
28599,
28591,
28608,
28589,
28574,
28583,
28580,
28577,
28576,1.7125466443357822
28575,
28573,
28572,
28570,
28569,
28568,
28567,
28563,
28562,
28560,
28559,
28558,
28637,
28635,
28634,
28633,
28632,
28631,
28630,
28639,1.301379761007594
28636,
28629,
28628,-1.14186110510496
28626,0.7816922465375287
28625,
28624,
28623,
28622,
28557,
55503,3.0136207172256824
56302,0.7816922465375287
135927,
135924,
346517,
89883,
5304,
259285,
259286,
100507507,
338398,-2.630548677233065
259287,-3.0324873432826287
101928422,
340307,0.7816922465375287
26211,
135948,
135946,
393046,
392138,0.7816922465375287
346525,
442361,-1.14186110510496
135941,
402317,
441295,
135935,
101928700,
100313895,
202865,
6090,-1.14186110510496
6086,0.7816922465375287
6085,-1.14186110510496
100189144,
100189413,
100189357,
100189049,
100189305,
101928733,-2.046187527582829
100189008,
100189267,
100189097,-1.14186110510496
100189355,
100189376,
100189075,
100189289,
100189379,
285972,-2.631960547892571
168537,
55303,
474344,
170575,
100527949,
55340,
28959,-1.14186110510496
55365,0.7816922465375287
2636,1.7411533488720414
136371,-1.14186110510496
392843,1.6480573743677889
768213,
100131176,
155051,-1.14186110510496
100500835,
100505483,-1.6443709381863785
168391,
220832,1.324794417211398
101929087,
103724390,
101929998,
100128264,
3361,
338436,-0.1800781042250324
285888,
389602,2.219380375905678
285889,
64433,-1.6597145501405024
101927914,2.667389147823568
406945,
100506585,
105375612,-1.14186110510496
693180,
100847032,
441308,
619343,
401442,
105377777,
286083,
100507435,
100500912,-2.6149985807164606
693181,-1.14186110510496
104266957,0.7816922465375287
101928058,
102465695,
105377792,0.7816922465375287
105377789,
102465861,0.7816922465375287
100616348,
100616372,
100652791,
1671,
1669,
449491,
449492,
449493,
1667,
170949,
728358,
100287083,
1668,
724068,
1670,
349196,
641517,0.7816922465375287
401447,
645402,
100131980,1.7411533488720414
100289462,
55894,1.6743794214335248
10407,
503618,
503841,
504180,
503614,
100131608,
441317,
101929400,
441328,
100133251,-1.14186110510496
245910,
245908,
245909,
140596,
653423,
414325,0.7816922465375287
1673,
100132396,
100132103,
392188,0.7816922465375287
645836,
100302186,
100616350,
157273,
693182,
157627,
406907,
203074,0.7816922465375287
100422982,
105379238,
203076,1.604744763474058
100302166,
101929229,-0.1693078311956298
693183,0.3643419034975456
105379247,
83656,-3.0393333718402142
83655,
2626,
101929490,
606553,0.7816922465375287
613210,
613209,
613211,
100133267,
728957,
392196,1.2332876928208898
729689,
245940,
649352,1.7125466443357822
245912,
389633,1.301379761007594
100847038,
100500870,
100500838,
340357,
101409254,
105379290,2.326765173159712
137868,1.6743794214335248
494332,
26281,0.6513902818689623
100422850,
2267,
100128993,-0.1800779724778679
6570,-1.14186110510496
100874051,
105379398,
102467222,
286114,
105379399,0.7816922465375287
101929172,
2675,-2.624212480188042
6440,0.7816922465375287
407037,
157310,0.7816922465375287
137814,
101929294,-1.14186110510496
8756,0.7816922465375287
101929315,
102465506,
102465527,
64641,0.7816922465375287
100507236,0.7816922465375287
100313884,
81551,1.3402139565887818
102465507,
1135,-1.14186110510496
102465508,2.281014751569344
100500871,
100500858,
100422828,
5368,1.6480573743677889
100422903,
286135,-1.14186110510496
100422876,
100507341,-2.0199447176390644
100856811,0.7816922465375287
100874286,
692084,
103689844,
101929550,0.7816922465375287
101929622,
137362,
155,-1.14186110510496
389649,
255926,-1.14186110510496
1587,
100130964,
8749,0.7816922465375287
2515,
3620,
169355,
56892,-3.0453227253760984
79698,
100847068,
102723729,-0.1800780575472706
157848,
619554,
102465696,
1142,
100616115,-1.14186110510496
340441,-0.1800780575472706
102724241,1.7411533488720414
497634,
105375816,
105375817,
101929217,-1.14186110510496
492307,-2.0199447176390644
54212,
9705,-3.047466509851183
2831,
4986,0.7816922465375287
26766,
105375840,
64321,
100129098,
114786,1.7183555298427606
100133234,0.7127492797915551
4342,0.7816922465375287
442388,
101929415,-3.0324873432826287
100507651,
286177,
26138,
101929488,
100505477,0.7816922465375287
101929528,
1581,-1.6443709381863785
105375861,
105375938,
100130298,
100616484,
102724612,
286184,
102724623,
100130155,
406908,
401463,
27319,
552859,
286186,
85479,-1.14186110510496
100189437,
100189102,
1392,
100505659,
100533105,-0.1506392559277718
23678,-0.1800781042250324
26255,-0.1800779724778679
100129654,-1.14186110510496
80243,
286189,-1.6713252184989718
100505718,-1.14186110510496
100505739,
63978,
101926892,-2.0199447176390644
101926908,-1.14186110510496
100130301,0.7816922465375287
100847058,
100847091,
441355,
100302260,
101926978,
102724874,
101927003,-3.0453227253760984
101241902,
100847056,
646480,
101927141,0.7816922465375287
103352670,
138046,0.7816922465375287
102723322,-1.14186110510496
101929601,
101929627,
100288527,
100288562,
85481,
157724,-0.1800778860600599
168975,0.7816922465375287
138009,
100874052,-1.14186110510496
101937451,0.7816922465375287
100616245,
102724710,
441369,1.6743794214335248
102467005,
389676,
642924,-0.1800779283813124
100616169,
100861412,
100500907,
100422964,
619344,
100616530,-2.0199447176390644
100189248,
100500773,
102724804,
101927066,1.712669240579436
693184,
100126309,
100302165,
105375667,
100616451,
102466854,
105375678,-1.14186110510496
104054148,
100847001,
4956,
100422992,
81501,-1.083315054072555
693127,-1.14186110510496
137735,-0.1571219434361917
340419,0.6904432202755426
7201,0.7816922465375287
101927459,
101927487,
100302225,
100500914,
552860,1.7427353898738556
10584,-1.08325371280066
101927513,0.7816922465375287
102466162,
101927543,2.23734379119906
100189201,0.7816922465375287
100616260,0.7816922465375287
693130,
100500863,
312,-2.631960547892571
439941,-1.14186110510496
157376,1.6743794214335248
102466200,
100616255,
100616221,
100130231,-1.14186110510496
101927657,0.7816922465375287
103164619,
103021165,-2.032581106264364
100302161,
100302170,
100302175,
100302281,
728724,
100500839,
100847051,
29065,-2.0199447176390644
729330,1.6480573743677889
10086,
93668,
6503,-0.1571219434361917
102466865,
101927798,
101927822,
594840,1.6873680854747002
407030,
407033,
552853,-1.14186110510496
101927845,0.7816922465375287
286094,0.7816922465375287
101927915,
51059,
51305,0.7816922465375287
442893,2.68753503278088
731779,
100302147,
100616268,
619434,
2765,-1.14186110510496
1584,0.7816922465375287
1585,-0.1800778436136306
101928108,
4062,-0.1800780490882907
100616318,
724031,-2.0346897031131204
83482,-0.180077920387205
100126351,0.7816922465375287
100302196,
102466749,
102466271,
441381,
100287596,0.7816922465375287
100422831,
654835,
101929127,
1761,
105375950,
58524,0.7816922465375287
10655,-0.1800779724778679
102800446,
101929247,
84850,
406894,
11172,-0.180077920387205
100616288,
89882,-1.14186110510496
101929407,-2.046187527582829
101929428,
105375975,
100113404,
100009607,
9350,0.7816922465375287
100873746,
100129385,
100422869,
100616229,
100616441,
101929548,-0.1571219434361917
3467,0.7816922465375287
3452,-1.14186110510496
3441,
3444,
3446,
3449,
3451,
3448,
3453,0.7816922465375287
3442,0.7816922465375287
3443,
3447,
3440,
3445,
407035,1.324794417211398
100129669,
101929582,
100506422,
101929602,1.6873680854747002
158035,-0.1693078311956298
100126310,
100126316,
401497,
101929620,
401498,0.6514884846269483
364,-3.027604859216378
101243555,-1.0819421399733424
101340252,
375704,-0.8187704135135933
415056,
6363,2.263423414364979
389715,1.7125466443357822
100616214,
27240,
102465513,
102466201,
692094,
392309,1.604744763474058
56656,
100616289,
100616278,
100616456,
647060,
401507,
554249,
105376047,-0.1605654426945419
441430,0.7816922465375287
100133036,
100132541,
102724580,
105376056,-1.14186110510496
100132004,
100302167,
440896,0.6903910369534427
653404,
100616184,
105376060,0.7127496012402337
100289124,-0.1800779283813124
389730,
100996582,
101927827,
101060026,
102724904,
727905,
653123,
26165,
401508,
102724238,
387628,
643648,
286297,0.7816922465375287
100996643,0.3854863845171039
100616194,-2.032581106264364
644316,-2.032581106264364
728747,-0.1800778860600599
101929583,
105379260,-1.14186110510496
100132154,
102724507,
105379443,
349334,
101928381,
101928195,
441432,-1.14186110510496
441425,2.326765173159712
642929,
728495,
727830,
102723709,
100133121,0.7816922465375287
84210,0.7816922465375287
286380,
572558,
169693,
101927015,
101927069,1.712669240579436
5568,
100885775,-2.046187527582829
494558,
138255,
406987,
138240,0.7816922465375287
101927258,-1.08325371280066
101927358,
103752585,
50652,
442425,
100286938,
101927422,
101927450,
101927477,
101927502,
347127,
389761,
389762,
389763,
101927575,-2.6149985807164606
494127,0.7816922465375287
392360,0.7816922465375287
1518,
392364,
286234,
441452,
105369216,
645961,
286238,
100423015,
100129066,
102724237,
101927847,
286370,
100422963,
340515,
54769,2.961270317400359
100500821,
100500902,
100500918,
4969,-2.631960547892571
100616351,
642943,
101927954,
100847045,
100422927,
8789,
100313780,
102466518,0.7816922465375287
407012,
100507346,-0.1800781042250324
100188953,-1.6609893671790723
158435,
158434,
57653,
100499483,
100302223,-1.071465662347285
286359,-1.14186110510496
55363,0.7816922465375287
102465514,
100996569,-1.14186110510496
101928438,1.7483505421694667
100526694,
8577,-1.0733179222590628
5535,-1.6597184875802358
414319,
1539,
101928496,
101928523,-1.14186110510496
101928550,-1.0819253206087858
138805,
138804,
138803,
138802,0.7816922465375287
138799,-1.14186110510496
392376,
286362,
286365,-1.14186110510496
102465995,
100996590,-1.14186110510496
105376336,1.7126700752241524
101928720,-0.1800778860600599
10880,
10881,-1.0733179222590628
407036,0.7816922465375287
100500898,0.7816922465375287
100189025,
255220,2.245896351242226
102465800,
652972,-0.1800780575472706
552891,
100616114,2.9773539464745418
100128385,1.6873680854747002
259,-2.624212480188042
619556,-2.622790053474701
5004,
5005,-1.14186110510496
101928748,-1.14186110510496
101928775,-3.0324873432826287
58483,
493913,
100128505,-1.14186110510496
100124538,
101928797,
406939,
100616312,
254956,-2.0199447176390644
347168,
26219,1.6480573743677889
138883,
138882,
347169,1.6873680854747002
26737,
26735,
254973,0.7816922465375287
392390,
392391,
392392,1.6743794214335248
692206,
693185,
286204,-0.1800780575472706
693186,
102465688,
100505588,
406954,0.7816922465375287
406956,-2.629507392230685
401551,0.7816922465375287
51145,
101929116,
641373,0.7816922465375287
100616250,2.23734379119906
100422910,2.263423414364979
100616429,0.7816922465375287
406978,0.7816922465375287
100422893,
100189109,0.7816922465375287
407003,
100616335,
414318,
102466750,-0.1800778436136306
102465515,-1.668014687456351
26786,-1.6444143274337368
389799,0.7816922465375287
56751,-0.1800780575472706
8328,
100846992,
102465528,
1057,-1.14186110510496
29989,
28,0.3643419034975456
389827,
9719,-0.1800778860600599
642968,
1621,-3.0463386891397533
100151684,-2.0199447176390644
100616236,
100616333,
100500846,
100616131,
100500906,
100616344,
100616460,
100616212,
2220,
2219,
401557,
157927,
3933,2.263423414364979
29991,
5047,-1.14186110510496
100130954,
102723971,0.7816922465375287
360203,
392399,
402381,
8022,2.9987926246935226
100188917,1.7295842912770358
100616242,
100616301,-0.1800778359168469
406913,
677824,
677804,
414332,
158062,
100128593,-1.14186110510496
102465431,
138307,
389812,
100616480,0.7816922465375287
101928638,1.604744763474058
401563,-2.0346897031131204
2529,
389816,0.6903910369534427
100500811,
100505993,
401565,2.3064890290517823
100129722,-1.14186110510496
441476,-2.048913640018298
377841,1.6480573743677889
102466223,
693187,
100133077,-0.1800778359168469
101928786,0.7816922465375287
101928932,
4558,
4549,
4577,
4550,
4567,
4535,
4565,
4572,
4569,
4536,
4578,
4553,
4570,
4511,
4579,
4512,
4574,
4555,
4513,
4566,
4509,
4508,
4514,
4563,
4537,
4573,
4539,
4538,
4564,
4575,
4568,
4540,
4541,
4556,
4519,
4576,
4571,
6473,-2.032581106264364
64109,
100500894,0.7816922465375287
286530,-0.1800778436136306
102464837,
347527,1.6873680854747002
416,
100873944,
100189132,
100189050,
100189427,
101928201,
105373156,
100616373,
51481,
100616467,
26609,
723779,
51480,
425054,-1.0601929473263878
171482,0.7816922465375287
171483,-0.1800780575472706
100288814,-1.14186110510496
265,
100847063,
51284,-0.1800779724778679
349408,-1.14186110510496
51311,0.7816922465375287
171484,
105373133,
100093698,
92552,
100133123,-0.1288638404546579
102466519,
140456,2.713162646002583
100532742,-1.14186110510496
2277,
660,-2.629507392230685
104798195,-1.14186110510496
8551,
100616428,-0.1693078311956298
795,0.7816922465375287
100616249,
100873920,-1.14186110510496
139105,
100189191,
100874004,
729609,0.7816922465375287
100500809,
23676,-1.14186110510496
100873942,-1.14186110510496
100873065,0.7816922465375287
158506,1.6873680854747002
168400,
139411,1.7126702282058677
100873922,-0.1800779283813124
170067,-1.14186110510496
100130302,
100874088,
677773,
170302,1.6480573743677889
286514,
158809,
347541,
139538,
139420,
347442,0.6903910369534427
139422,
139425,0.7816922465375287
102465140,
11141,1.7483505421694667
100847047,
4113,
4114,
4115,
4112,-1.14186110510496
80231,
53940,
100500915,
100302239,
158724,
170062,
139604,
286464,-1.14186110510496
101928627,
105373154,1.7411533488720414
442444,0.7816922465375287
441490,
25763,
100616252,
5009,-1.14186110510496
286442,
101927449,
100500822,
100616251,
347411,2.9987926246935226
100132831,
60506,
80316,
63904,
79742,1.604744763474058
392452,1.6743794214335248
724087,-0.8162986723435711
100124540,
100616147,
392459,
389852,
100874120,2.640910886497642
280657,
729201,
6758,0.7816922465375287
6756,
280660,
10214,
6759,
548313,
392465,1.6480573743677889
2623,0.7816922465375287
3266,2.281014751569344
100873921,-1.0819421399733424
102724473,1.324794417211398
729396,
645037,
729428,
729422,
100132399,
729431,
729408,
645073,
729442,
729447,
2543,
8712,
9506,
693124,
406964,
574502,
574030,
574503,
100422911,
724030,
574504,
8852,-1.14186110510496
139189,1.2332994566350275
9210,
101926971,
102723426,
441495,
389857,
101340250,
728239,1.6743794214335248
100124541,
100129860,
102466880,
9502,
653220,
653067,
280659,
280658,
6757,
727837,
170627,
170626,
102465516,
407054,0.3626608924898259
406889,0.7816922465375287
347365,-2.0199447176390644
389860,2.988743177236532
203569,1.7125466443357822
90737,
100847061,
100616155,
139628,-1.14186110510496
442454,-1.6526924787461692
54466,0.388033414376488
100874355,
100302115,
407008,
11326,-0.1800778860600599
105373242,-0.1800781042250324
100996279,
100500887,
158835,
139562,
84889,-0.1800780490882907
158830,0.7816922465375287
2705,-1.14186110510496
27160,
2833,-2.0444741686792907
101059915,2.245896351242226
441501,
100130361,
100132994,
100132741,
441502,0.7816922465375287
101928259,-0.1381136924084732
653687,
728656,
100132304,
63947,
100129407,
203429,
101928345,
645974,
340529,0.7816922465375287
645996,-0.1800779283813124
1046,
9383,
7503,0.7816922465375287
100126317,-0.1800778436136306
100500807,
664614,
442919,
389874,
158866,2.219380375905678
139599,0.7816922465375287
105373256,
101928469,-0.1800778860600599
494333,
442899,
8823,-1.060126277150779
100422932,
27334,
84636,0.7816922465375287
50945,
169966,-1.14186110510496
5456,
1538,
100302191,
100131816,
101928128,0.7816922465375287
100302171,
494323,
90316,
102724167,0.7816922465375287
27328,0.6904432202755426
286499,-1.14186110510496
100313772,
643486,
105373297,
442459,-0.1800779724778679
64102,1.6873680854747002
100529097,
55998,
140597,0.745783550884095
158931,-0.19174938309416
100996631,
56001,
728343,
100996648,
55999,
203562,0.6904432202755426
767811,
158983,
286436,
6906,
100616144,-2.048913640018298
139212,0.7816922465375287
100874122,
8471,1.3247669227130403
101928358,2.281014751569344
724022,
100616491,
101928589,
692226,
6998,
1641,0.7816922465375287
401613,-1.14186110510496
340595,
100423009,
101928437,
677816,
100313838,
100302144,
100302251,
100302153,
100302222,
554212,
139804,
51213,
186,
203413,-1.14186110510496
100126447,
100302214,
101928242,
170261,0.7816922465375287
101928287,0.348000696477783
57481,-1.14186110510496
101928336,-1.14186110510496
768218,
727940,
158800,0.3643419034975456
104797536,
84528,
23439,0.7816922465375287
643311,
100507170,
255313,
728036,
728042,
728049,
653282,
728062,
728072,
728075,
728082,
728090,
728096,
100500869,
4068,-1.083278562751843
100129520,
101928495,
340578,1.7125466443357822
100130613,
139741,
7512,
139760,
104266960,
158763,0.7816922465375287
3547,
347468,
90167,1.6743794214335248
100874102,
83844,
51270,
574031,
407049,
406981,
574032,
574033,
406899,
347475,1.2780068648771112
100126302,
554214,
574505,
664617,
494336,0.7720149691807948
100129515,
100287728,
54967,
100506790,
100874118,1.7125466443357822
644717,
541466,
441519,
441521,
541465,
728911,
101060211,
102723737,
102723680,
102723631,
55511,
100126324,
100128420,
959,0.7816922465375287
26787,
83550,
7547,
158696,
2258,1.6873680854747002
574507,
100129662,
6719,0.388033414376488
2158,
574508,
347487,
389895,
6658,
100302169,
728695,
64663,
30014,
728712,
645188,
64648,
9947,
51438,
441525,
139067,
139065,2.23734379119906
494119,
494118,
102466721,
100126303,
100126306,
100126342,
100126307,
100126304,
100126341,
101928808,
100133053,
100129239,
105373347,
100302114,
100313822,
574509,
574510,
574511,
574512,
574513,
100422847,
100126301,
100126337,
574514,
574515,
574516,
574517,
574518,
101928917,
728269,
100506164,
4108,
101241891,
101410537,-1.14186110510496
4107,2.961270317400359
101927685,0.3739930073347545
100313839,
100422930,
9248,0.7816922465375287
139135,
79057,
89885,
1260,
105373368,
4103,
407009,
4104,
100533997,
4109,
2556,1.6480573743677889
406897,
768215,
406898,
4102,
102723547,
266740,
158511,
4111,
100130935,
4101,
389903,
4105,
114824,2.1886122177186222
4100,
105373377,
105373381,-1.14186110510496
554,-2.613570923842689
100422987,
100422877,
100313781,
5956,
2652,
728458,
101060233,
1527,
8277,
105373386,-1.083315054072555
100132967,
246100,
1485,
286967,-0.1800779283813124
30848,
677817,
100847052,
677835,
100132963,
474382,
100302111,
101927830,
474381,
474383,
100422985,
474384,
100422977,
83740,
100507404,
727856,
105379416,
100132596,
90655,
83259,
100101121,
64591,
100873964,
100101116,
100101117,
100101115,
246122,
100101118,
266,2.66185879777823
83867,
252950,
252952,
83866,
286557,
252951,
728395,
728403,
728137,
100289150,
7258,
252946,
100289087,
64593,
84673,
100101120,
252953,
60439,
50858,
252954,
252955,
9084,
353513,
100874056,2.9734600264964373
340618,
401629,0.7127475246609245
9082,
203611,
9426,
353515,
401630,2.7071160362716213
100302526,
86614,
425057,
83864,
159119,
100533178,-1.14186110510496
159125,
378948,
5940,
83868,
378949,
378950,
442862,
101929148,
441543,
159163,
83863,
159162,
100652931,
378951,
84672,
9081,
252949,
114761,
9083,
1617,
57055,
474148,
253175,
474151,
474149,
442867,
57054,
57135,
442868,
474150,
474152,
401634,
114758,
9085,
114760,
102724828,
102724852,
103344718,
105379672,
85316,
105379272,
727764,
100287823,
105379528,
28451,
102723407,
102723502,
102723532,
102723613,
102725021,
102723655,
102723912,
105379532,
102723930,
105379545,
105379534,
102723713,
105379538,
105379539,
105379541,
105379546,
102724014,
105379542,
102724052,
105379547,
403340,
105379522,
102724250,
729587,
102724179,
102724197,
105369189,
102724823,
102724844,
102724728,
102724751,
105379550,
102724770,
102724788,
102723722,
101929829,
105379425,
100874392,
102724813,
100233156,
389834,
389831,
100288966,
283788,
101928318,
100507412,
100861532,
100008588,
100008587,
100008589,
105379422,
105379423,
102723382,
642249,
105379554,
105379557,
105379559,
105379561,
102723822,
102723891,
