gene_id	baseMean	log2FoldChange	lfcSE	pvalue	padj	symbol	entrez	ensgene	description	entrez_final
7455	624.9856297630987	-2.918391423178259	0.18202842650788453	7.997353809274295e-59	6.225460099291483e-56	ZAN	7455	ENSG00000146839	zonadhesin	7455
6896	423.6456207640584	-2.332557953869623	0.15653241553160857	3.315140161256549e-51	1.9550285660064757e-48	TARBP2P1	6896	NA	TARBP2 pseudogene 1	6896
6433	327.02488416290515	-2.9215243035803398	0.19616212760197602	4.057889907333944e-51	2.3226645731360555e-48	SFSWAP	6433	ENSG00000061936	splicing factor SWAP	6433
2208	1103.6148538293264	-2.072167469840179	0.1565295635891567	4.649425183318171e-41	1.846580887603162e-38	FCER2	2208	ENSG00000104921	Fc epsilon receptor II	2208
8916	264.7827630145659	-3.9443133101955468	0.30020248313549985	6.714207488079798e-41	2.6133038385104195e-38	HERC3	8916	ENSG00000138641	HECT and RLD domain containing E3 ubiquitin protein ligase 3	8916
2268	2362.82786832782	-1.2353763844850751	0.09559412707713726	7.585656875905017e-39	2.6840812447634096e-36	FGR	2268	ENSG00000000938	FGR proto-oncogene, Src family tyrosine kinase	2268
8129	342.08664175703655	-1.9693698080166813	0.1551173398097517	8.554003473337893e-38	2.8701631309418747e-35	HBHR	8129	NA	alpha-thalassemia/mental retardation syndrome, type 1	8129
3030	1682.5041691693857	-1.525107642131407	0.12115061238976849	4.452193150260706e-37	1.4203955884790753e-34	HADHA	3030	ENSG00000084754	hydroxyacyl-CoA dehydrogenase trifunctional multienzyme complex subunit alpha	3030
11138	127.07885372848448	-2.830895069279623	0.22607307520269795	5.399762875821198e-37	1.6680124654977198e-34	TBC1D8	11138	ENSG00000204634	TBC1 domain family member 8	11138
1298	2310.5211429931637	-1.915878936626615	0.15299314071547163	6.504556263632301e-37	1.977893272602316e-34	COL9A2	1298	ENSG00000049089	collagen type IX alpha 2 chain	1298
2299	558.354243494477	-1.6312624206413044	0.13021275603455984	8.503757535008417e-37	2.4337003733646884e-34	FOXI1	2299	ENSG00000168269	forkhead box I1	2299
5572	874.1782244211446	-1.8367160100073765	0.1527427476176553	2.62408554524687e-34	6.63212062286355e-32	NA	5572	NA	NA	5572
10848	161.23505054986774	-2.5878408278075917	0.21636542584232796	6.405259731527395e-34	1.5981123030160851e-31	PPP1R13L	10848	ENSG00000104881	protein phosphatase 1 regulatory subunit 13 like	10848
6573	856.8341636986984	-1.8362374395933898	0.1545863482790414	1.9069812970912525e-33	4.471296749722032e-31	SLC19A1	6573	ENSG00000173638	solute carrier family 19 member 1	6573
6949	676.320582224163	-3.0710751559494547	0.26559849010041864	1.3192328037293098e-32	2.8846729880197863e-30	TCOF1	6949	ENSG00000070814	treacle ribosome biogenesis factor 1	6949
4298	810.7327532965293	-1.741746216185325	0.1488287922499763	1.853552845372703e-32	4.007999102644241e-30	MLLT1	4298	ENSG00000130382	MLLT1 super elongation complex subunit	4298
3942	1117.08644832328	-2.3708156960390108	0.2098548421434604	6.358078214090915e-31	1.2373456012442332e-28	NA	3942	NA	NA	3942
1545	1707.1120017877306	-1.1312609258519717	0.09938098648087253	1.3484068987936586e-30	2.5981531343983553e-28	CYP1B1	1545	ENSG00000138061	cytochrome P450 family 1 subfamily B member 1	1545
454	2561.9696132649287	-2.098031670840347	0.18641709686507027	1.6202356263238425e-30	3.0913142670478723e-28	ASS1P9	454	ENSG00000217791	argininosuccinate synthetase 1 pseudogene 9	454
2650	1231.448070922451	-1.2884606093686768	0.11585748092603056	3.462779557313597e-29	6.182491097695405e-27	GCNT1	2650	ENSG00000187210	glucosaminyl (N-acetyl) transferase 1	2650
601	4684.172228115801	-1.3895169887369736	0.12662466365681224	1.3496928070289986e-28	2.3040676945255565e-26	BAK1P2	601	NA	BCL2 antagonist/killer 1 pseudogene 2	601
6358	838.9517913784836	-2.548953717062921	0.23666286401688608	4.652600506742288e-28	7.673242242517938e-26	CCL14	6358	ENSG00000276409	C-C motif chemokine ligand 14	6358
2250	3022.3058966154413	-3.1716811342701186	0.30031953339263195	1.1713439624314819e-27	1.8839276737916585e-25	FGF5	2250	ENSG00000138675	fibroblast growth factor 5	2250
2407	741.7989858983243	-1.6465091811213675	0.15538184923218465	4.84637597615922e-27	7.48534308508211e-25	FRA6G	2407	NA	fragile site, aphidicolin type, common, fra(6)(q15)	2407
2869	1213.5119199265453	-1.4912094490477434	0.14630393037849734	2.765647333862888e-25	3.686456353719566e-23	GRK5	2869	ENSG00000198873	G protein-coupled receptor kinase 5	2869
9574	419.7340148105689	-2.854653431260888	0.28302363018373283	3.994056600079866e-25	5.2876418703506306e-23	NA	9574	NA	NA	9574
9776	265.9200456081633	-2.548663459832632	0.25360321735092944	4.873760601961636e-25	6.408665883430771e-23	ATG13	9776	ENSG00000175224	autophagy related 13	9776
11720	106.86232383308459	-2.181392993352488	0.21586012333217047	6.261279393575678e-25	8.177903240159482e-23	NA	11720	NA	NA	11720
10684	199.48705172095083	-3.672439633484933	0.3726330335552746	1.5702107194695695e-24	1.9588378725382879e-22	NA	10684	NA	NA	10684
6982	557.7518620603915	-2.9552048661616763	0.30440230580035277	3.681114147462784e-24	4.505544806526619e-22	TRGV8	6982	ENSG00000211696	T cell receptor gamma variable 8	6982
806	3405.1853021988336	-2.2489537448039156	0.2322560451701663	1.3021783019998402e-23	1.5740181326222914e-21	CALM2P2	806	NA	calmodulin 2 pseudogene 2	806
9789	306.25739506530095	-2.6828596080724596	0.28007643999755116	4.2464156469025653e-23	4.832719000255603e-21	SPCS2	9789	ENSG00000118363	signal peptidase complex subunit 2	9789
5622	875.7308660399855	-1.2310446469918979	0.1268543323794418	6.993859973176148e-23	7.822270628619598e-21	NA	5622	NA	NA	5622
9806	332.55483537887767	-1.6192516508935118	0.16815369789672072	1.0763785779194752e-22	1.170246005859827e-20	SPOCK2	9806	ENSG00000107742	SPARC (osteonectin), cwcv and kazal like domains proteoglycan 2	9806
1780	2623.821928124988	-1.0010293857590884	0.10373467405752267	1.7614097014387899e-22	1.8938560331326127e-20	DYNC1I1	1780	ENSG00000158560	dynein cytoplasmic 1 intermediate chain 1	1780
359	4300.091597658983	-1.5640794392605757	0.16433649206535828	2.646543753974217e-22	2.784020972761743e-20	AQP2	359	ENSG00000167580	aquaporin 2	359
1490	1925.642126531501	-1.0413034431364623	0.10861238197900203	3.005022727388483e-22	3.144126198801466e-20	CCN2	1490	ENSG00000118523	cellular communication network factor 2	1490
1508	1486.9045104170702	-2.1687333761994343	0.23166753186069156	3.883497440880424e-22	4.0200395583496774e-20	CTSB	1508	ENSG00000164733	cathepsin B	1508
11257	166.30914352077997	-3.5783004315185787	0.3873238021529142	4.248332417827865e-22	4.351410378070952e-20	TP53TG1	11257	ENSG00000182165	TP53 target 1	11257
10720	193.48844197161804	-2.0323353886702664	0.2159701367322437	4.594026557208988e-22	4.680856064389744e-20	UGT2B11	10720	ENSG00000213759	UDP glucuronosyltransferase family 2 member B11	10720
4333	1186.0146418159616	-1.7423189536671635	0.18742269291735034	1.3786625463905597e-21	1.32822533739142e-19	NA	4333	NA	NA	4333
2608	1177.75457190861	-1.1946293451949985	0.12721664129458143	1.5133927333289638e-21	1.443732156044851e-19	NA	2608	NA	NA	2608
7736	477.44968661038035	-1.688548441786948	0.18071671195235395	1.5682170483446868e-21	1.488735218431022e-19	NA	7736	NA	NA	7736
7898	671.8330095246056	-2.6041095376104515	0.2811956219493838	1.6721893409593918e-21	1.5721003267831268e-19	NA	7898	NA	NA	7898
5410	941.6392204831843	-1.4086220530433233	0.1510637184996036	1.9283109459998348e-21	1.8041759288510954e-19	NA	5410	NA	NA	5410
177	14658.055833145821	-1.0813682300281744	0.11536011928193694	2.1741075412738147e-21	2.0147765171776053e-19	AGER	177	ENSG00000204305	advanced glycosylation end-product specific receptor	177
9204	206.78633318009838	-1.8195408698238762	0.19618721697987868	2.2143731420431304e-21	2.0357586796785346e-19	ZMYM6	9204	ENSG00000163867	zinc finger MYM-type containing 6	9204
4360	1165.2273632708568	-1.847052798245694	0.20086194889144812	3.516979840959759e-21	3.1834392876705984e-19	MRC1	4360	ENSG00000260314	mannose receptor C-type 1	4360
1383	2904.0559060044293	-1.101800779221549	0.11914166782364295	1.8307379433656132e-20	1.5096606405016186e-18	NA	1383	NA	NA	1383
8990	304.5210110340888	-1.2873354199785656	0.14132610758742015	2.045455240447861e-20	1.6796035626310476e-18	NA	8990	NA	NA	8990
7331	360.14585636200314	-1.21739877110919	0.13460270644309394	4.371879588842984e-20	3.515749945391459e-18	NA	7331	NA	NA	7331
730	4076.1700408564448	-1.1914679748700487	0.13275100842878174	4.594365065045077e-20	3.679462490981162e-18	C7	730	ENSG00000112936	complement C7	730
11147	95.72509817763007	-2.242515153178099	0.251399349661265	5.709000486172735e-20	4.553395838582278e-18	ANKRD13C-DT	11147	ENSG00000197568	ANKRD13C divergent transcript	11147
632	2911.7443189143705	-1.120956301395735	0.12478185050856405	7.261460278978014e-20	5.6981967132738355e-18	BGLAP	632	ENSG00000242252	bone gamma-carboxyglutamate protein	632
6056	494.8346438131981	-1.2416046852138407	0.1386791733665914	8.775006774216019e-20	6.858249270402328e-18	RNR5	6056	NA	RNA, ribosomal 45S cluster 5	6056
8523	305.7352335094273	-1.858640642054971	0.21011269716623066	1.0664028449143896e-19	8.202871843825667e-18	NA	8523	NA	NA	8523
5666	961.1471501234637	-2.082479050242559	0.23816965497199918	1.1765444085803855e-19	9.01446091944208e-18	NA	5666	NA	NA	5666
9775	388.098696113784	-3.3646288531254855	0.38334861318987806	1.246754027673325e-19	9.514933385313952e-18	EIF4A3	9775	ENSG00000141543	eukaryotic translation initiation factor 4A3	9775
5797	805.5666363287004	-2.3553816568971855	0.2724501745794804	1.3329341021205251e-19	1.0054352930762613e-17	PTPRM	5797	ENSG00000173482	protein tyrosine phosphatase receptor type M	5797
9296	338.46413646083874	-1.4849970541805737	0.1676280390365692	1.3852663586689093e-19	1.0408752357550441e-17	ATP6V1F	9296	ENSG00000128524	ATPase H+ transporting V1 subunit F	9296
3838	1525.6432109190812	-1.0449796752079352	0.11856952432864441	2.6006219844052824e-19	1.9317062762790535e-17	KPNA2	3838	ENSG00000182481	karyopherin subunit alpha 2	3838
813	122.63885408571925	-2.658400973204416	0.30607661728739155	2.679038884610087e-19	1.9823869100150914e-17	CALU	813	ENSG00000128595	calumenin	813
4366	590.0296682547895	-1.6470411350007372	0.18763107696100503	2.8708730037032265e-19	2.1162901335253218e-17	NA	4366	NA	NA	4366
4538	1619.549180887203	-1.6849813717087332	0.1931871278932248	4.416294941759221e-19	3.231034430886324e-17	ND4	4538	ENSG00000198886	NADH dehydrogenase subunit 4	4538
5300	897.5456638234588	-1.432249895520064	0.16401884503876	4.808868309280048e-19	3.491992021152948e-17	PIN1	5300	ENSG00000127445	peptidylprolyl cis/trans isomerase, NIMA-interacting 1	5300
9906	236.23414031497424	-1.6770008550821989	0.19239670005907528	4.873988251173945e-19	3.526122132196883e-17	SLC35E2A	9906	NA	solute carrier family 35 member E2A (pseudogene)	9906
6963	552.32276260432	-1.433316332835518	0.16630841532644008	1.2964239338745954e-18	9.010609348976252e-17	NA	6963	NA	NA	6963
8999	397.72224480933613	-1.2819192012454577	0.14908614536232967	1.930525942208296e-18	1.3322682752239594e-16	CDKL2	8999	ENSG00000138769	cyclin dependent kinase like 2	8999
225	5252.169922998104	-1.0121559544999723	0.11744800391801521	2.3812253792730325e-18	1.6317263065504396e-16	ABCD2	225	ENSG00000173208	ATP binding cassette subfamily D member 2	225
1403	514.1583817775435	-1.9994345665776474	0.23510407226573346	2.494776104808672e-18	1.7035381675677743e-16	NA	1403	NA	NA	1403
7633	709.1779154853405	-3.0654182304527415	0.3632678968878172	2.7815151303849012e-18	1.8730472647896386e-16	ZNF79	7633	ENSG00000196152	zinc finger protein 79	7633
9117	315.69308238796754	-1.5179981007158871	0.18226720419103207	1.5881662252067065e-17	9.874537670526427e-16	SEC22C	9117	ENSG00000093183	SEC22 homolog C, vesicle trafficking protein	9117
7758	523.7505474966212	-1.5339621752249575	0.184980813483936	1.6153832930696553e-17	1.001177524408553e-15	NA	7758	NA	NA	7758
2826	1399.1932991204417	-1.1931139183655228	0.14278697002310173	1.7658853981573105e-17	1.0840976572094454e-15	CCR10	2826	ENSG00000184451	C-C motif chemokine receptor 10	2826
6895	330.8944161501293	-1.761306469487198	0.2144708741341072	2.0643537912299578e-17	1.255449660347694e-15	TARBP2	6895	ENSG00000139546	TARBP2 subunit of RISC loading complex	6895
5252	1018.8540270575495	-1.9097351279336012	0.2341870690575478	2.2417447639722073e-17	1.3548631941510286e-15	PHF1	5252	ENSG00000112511	PHD finger protein 1	5252
9453	397.5138030166118	-2.0080074030741035	0.24414658724000227	2.5195675155960236e-17	1.513373562376982e-15	GGPS1	9453	ENSG00000152904	geranylgeranyl diphosphate synthase 1	9453
11439	119.76370946888572	-1.521989372968128	0.1848739180171693	3.421720275043845e-17	2.0489261006962544e-15	NA	11439	NA	NA	11439
10481	222.5542438138676	-2.512663630675592	0.30961944734339164	4.240641235998201e-17	2.5237651099009475e-15	HOXB13	10481	ENSG00000159184	homeobox B13	10481
442	6504.216849293656	-1.1406296946314582	0.13816140221641415	4.385687025815946e-17	2.594220523082192e-15	ASNSP2	442	NA	ASNS pseudogene 2	442
6822	583.4209392441433	-1.588239610136161	0.1941315216304129	4.629027298961765e-17	2.7298636443968155e-15	SULT2A1	6822	ENSG00000105398	sulfotransferase family 2A member 1	6822
3197	1097.7764940372072	-1.137843089847417	0.13780062496857742	4.651977367376498e-17	2.73264188362045e-15	HOXA@	3197	NA	homeobox A cluster	3197
10277	154.1470234975582	-2.8077450396694354	0.34621242165216387	4.7491608352939814e-17	2.7754780485182035e-15	UBE4B	10277	ENSG00000130939	ubiquitination factor E4B	10277
8678	477.3248774807439	-1.0145899757921892	0.12271782344812131	4.91980782842546e-17	2.8665982080535295e-15	BECN1	8678	ENSG00000126581	beclin 1	8678
10753	137.5404115486166	-2.2232789979024243	0.27451814307672595	5.519377643677636e-17	3.1685135198705156e-15	CAPN9	10753	ENSG00000135773	calpain 9	10753
12544	96.31153552632463	-2.916090369277088	0.36454884543439264	7.338516599577508e-17	4.188119400128384e-15	NA	12544	NA	NA	12544
5553	759.3698482988365	-1.1150785636841245	0.13628079935025372	7.89005292197952e-17	4.489716956568522e-15	PRG2	5553	ENSG00000186652	proteoglycan 2, pro eosinophil major basic protein	5553
7773	410.75828692798206	-2.156559388655812	0.2719479205515539	9.184001361759444e-17	5.195635188988388e-15	ZNF230	7773	ENSG00000159882	zinc finger protein 230	7773
4439	858.2037179635358	-1.1199522717596428	0.1371889365437454	9.547704680229112e-17	5.3546939706610594e-15	MSH5	4439	ENSG00000204410	mutS homolog 5	4439
5055	556.3674133740875	-1.441500396928287	0.17864445348769728	1.1507194724862196e-16	6.435101050015609e-15	SERPINB2	5055	ENSG00000197632	serpin family B member 2	5055
5842	627.9982911253388	-1.745253329240488	0.21828528809769832	1.2780938906588107e-16	7.0661889790088396e-15	NA	5842	NA	NA	5842
8983	167.4936481372461	-1.6082486141728212	0.19966470973705933	1.3846280938872559e-16	7.633497828651525e-15	NA	8983	NA	NA	8983
10402	218.33684601804262	-1.7896185067401134	0.224186963390403	1.6704864743125602e-16	9.131836313650768e-15	ST3GAL6	10402	ENSG00000064225	ST3 beta-galactoside alpha-2,3-sialyltransferase 6	10402
9609	93.75219687810393	-2.2403852196751823	0.282707220446636	2.3217023255498606e-16	1.248139473964802e-14	RAB36	9609	ENSG00000100228	RAB36, member RAS oncogene family	9609
8544	318.44217052324313	-1.3961637213848355	0.1746424030511703	2.739124550448483e-16	1.45645089825896e-14	PIR	8544	ENSG00000087842	pirin	8544
4792	969.9820227991505	-1.0868256674185366	0.13525407174834572	2.857281186877611e-16	1.5069254519735824e-14	NFKBIA	4792	ENSG00000100906	NFKB inhibitor alpha	4792
284	8064.957028950883	-1.365038186405981	0.17241954076950564	3.907475133778445e-16	2.0386963425861214e-14	ANGPT1	284	ENSG00000154188	angiopoietin 1	284
11112	133.1341886414487	-1.7077723172854948	0.21633521238527842	4.4115082156152904e-16	2.2893963035757112e-14	HIBADH	11112	ENSG00000106049	3-hydroxyisobutyrate dehydrogenase	11112
11689	122.45365693237261	-2.1475628346712488	0.2744785007981308	4.584431555904835e-16	2.3728091092942554e-14	NA	11689	NA	NA	11689
7618	426.66199534540783	-1.350759796541675	0.17057035389475234	4.657584720378222e-16	2.4042773539331715e-14	ZNF726P1	7618	NA	zinc finger protein 726 pseudogene 1	7618
12822	44.54852831253055	-2.918914059102594	0.37239951908468766	4.881203679080089e-16	2.513045100491471e-14	NA	12822	NA	NA	12822
5702	638.2075269140719	-1.5487010696666628	0.19664233764819805	5.019256290406748e-16	2.5773020228919716e-14	PSMC3	5702	ENSG00000165916	proteasome 26S subunit, ATPase 3	5702
7402	341.58012456156433	-1.2647342066907747	0.1603187803065959	7.061704281068719e-16	3.560306399323273e-14	UTRN	7402	ENSG00000152818	utrophin	7402
10386	99.05577174093904	-2.0577245805641913	0.26523136357838817	7.506864759200188e-16	3.76523440924729e-14	MHW1	10386	NA	Mental health wellness 1	10386
4133	740.682049578767	-1.0003758912070555	0.1261201968281477	7.941267378244088e-16	3.972879291722576e-14	MAP2	4133	ENSG00000078018	microtubule associated protein 2	4133
9794	274.6640892265277	-3.8850441888853355	0.5172415772372454	1.0348607248579535e-15	5.0985884978381344e-14	MAML1	9794	ENSG00000161021	mastermind like transcriptional coactivator 1	9794
12809	83.15727274133222	-2.972955859703398	0.38478354083050204	1.0504766048219285e-15	5.162455860212008e-14	NA	12809	NA	NA	12809
9373	243.9518705361194	-1.864821483450313	0.24199796421024378	1.0928690814989232e-15	5.3572607544207916e-14	PLAA	9373	ENSG00000137055	phospholipase A2 activating protein	9373
7224	320.7557827935677	-1.5412567896425273	0.1978848910085813	1.118063295604962e-15	5.4669924109970255e-14	TRPC5	7224	ENSG00000072315	transient receptor potential cation channel subfamily C member 5	7224
3899	1171.1326601142944	-1.0792978112544993	0.13731333544651378	1.1825282467015606e-15	5.767714839363176e-14	AFF3	3899	ENSG00000144218	ALF transcription elongation factor 3	3899
9466	270.855958560273	-3.2796642147764765	0.4300512520262479	1.3316103214893707e-15	6.430389197643832e-14	IL27RA	9466	ENSG00000104998	interleukin 27 receptor subunit alpha	9466
10185	226.40954015070923	-1.4204399988471803	0.18230356400805942	1.337172936155353e-15	6.441267948148348e-14	NA	10185	NA	NA	10185
12	87309.66026797831	-1.081265997501076	0.1368543418104205	1.63689505603014e-15	7.84621051364595e-14	SERPINA3	12	ENSG00000196136	serpin family A member 3	12
8495	493.611059773207	-1.2480549352560368	0.1602053722928521	1.7645649142298816e-15	8.416715146036207e-14	PPFIBP2	8495	ENSG00000166387	PPFIA binding protein 2	8495
3762	1247.7583052438818	-3.519196594953795	0.4666495492130025	2.445982544461505e-15	1.1553705412078967e-13	KCNJ5	3762	ENSG00000120457	potassium inwardly rectifying channel subfamily J member 5	3762
10849	212.76328584661448	-3.448115810258669	0.4559292593771251	2.882593287518826e-15	1.3550277287054076e-13	POLR1G	10849	ENSG00000117877	RNA polymerase I subunit G	10849
6585	437.97133321930596	-1.2012186047398754	0.15601465813218068	3.0505990368793815e-15	1.4271083619401357e-13	SLIT1	6585	ENSG00000187122	slit guidance ligand 1	6585
2084	1357.1909160525377	-1.1835771941066302	0.15356212472065156	3.105982678801445e-15	1.4495330674377679e-13	NA	2084	NA	NA	2084
9135	100.28361994520596	-2.006723796781409	0.26441647135901614	3.151132494733877e-15	1.4635844744633884e-13	RABEP1	9135	ENSG00000029725	rabaptin, RAB GTPase binding effector protein 1	9135
8133	201.8096376671756	-2.7102837375526936	0.36468078541095456	3.647422601667637e-15	1.6701762647306796e-13	NA	8133	NA	NA	8133
7395	593.2567962128496	-2.0705826591600354	0.2784916046407988	4.333908269513083e-15	1.970611888621358e-13	NA	7395	NA	NA	7395
6704	716.112463040308	-1.2900698517167206	0.16904206762151877	5.462243332345543e-15	2.4721097090878284e-13	SPRR2E	6704	ENSG00000203785	small proline rich protein 2E	6704
7781	499.2882603353266	-2.7031216218030414	0.3625858137674162	7.564707565330997e-15	3.392091565182178e-13	SLC30A3	7781	ENSG00000115194	solute carrier family 30 member 3	7781
5495	333.8231631308427	-1.529579946825497	0.2027854276803886	8.280780213307243e-15	3.6961528378709233e-13	PPM1B	5495	ENSG00000138032	protein phosphatase, Mg2+/Mn2+ dependent 1B	5495
5780	773.2149790022984	-1.0781537868775612	0.142337169841905	1.0905913410320763e-14	4.790970222985381e-13	PTPN9	5780	ENSG00000169410	protein tyrosine phosphatase non-receptor type 9	5780
12014	41.10464114971221	-2.447243990375922	0.32851222211690495	1.1073120072976918e-14	4.853468237391978e-13	NA	12014	NA	NA	12014
8784	321.34203284368095	-2.1283499046900216	0.29151177488042695	1.1270545332613031e-14	4.928900735235555e-13	TNFRSF18	8784	ENSG00000186891	TNF receptor superfamily member 18	8784
5401	1205.65724263681	-2.307120251954673	0.3108304270427771	1.170378440483148e-14	5.106891217543172e-13	NA	5401	NA	NA	5401
8	93281.727282518	-1.0103327006393734	0.13334395807993468	1.2318426544241277e-14	5.351091495033024e-13	NA	8	NA	NA	8
5411	374.7192226822253	-1.2757647097104106	0.168924587838134	1.2623892268444005e-14	5.471571657821577e-13	PNN	5411	ENSG00000100941	pinin, desmosome associated protein	5411
4004	1357.0280900464577	-1.906788345118904	0.26233242412778174	1.8636310244219063e-14	7.953535825937439e-13	LMO1	4004	ENSG00000166407	LIM domain only 1	4004
13228	44.42026845711461	-3.5235762433232876	0.48032455198447827	2.1648107019873342e-14	9.138694375569526e-13	NA	13228	NA	NA	13228
8297	286.01123513418986	-1.1301226185074502	0.1510658710274621	2.2392287209675933e-14	9.432387475919985e-13	NA	8297	NA	NA	8297
7448	419.57468532951236	-1.3126670581284678	0.17685286148937276	2.40764884681772e-14	1.0076398754391322e-12	VTN	7448	ENSG00000109072	vitronectin	7448
9075	271.31028868951745	-1.1379130758745395	0.1523916140827363	2.4752351231430287e-14	1.0316567246851039e-12	CLDN2	9075	ENSG00000165376	claudin 2	9075
7240	585.9153818652926	-2.1356651998207377	0.3007262780041173	3.3940814537124306e-14	1.3994114231080003e-12	TRV-CAC1-2	7240	NA	tRNA-Val (anticodon CAC) 1-2	7240
6652	342.5514343936381	-2.70921728094703	0.38926821349820934	3.5044115469286056e-14	1.4357758550479493e-12	SORD	6652	ENSG00000140263	sorbitol dehydrogenase	6652
9	86012.12111441103	-1.3075915035380994	0.17705469157679304	3.526494005941152e-14	1.4417878119668225e-12	NAT1	9	ENSG00000171428	N-acetyltransferase 1	9
5506	952.8291313025235	-1.1469494619082934	0.15544653184773335	3.708262569357053e-14	1.5129244834854844e-12	PPP1R3A	5506	ENSG00000154415	protein phosphatase 1 regulatory subunit 3A	5506
5648	639.6573533195813	-1.276772832210926	0.17371483855512512	4.6648203683705397e-14	1.8834454188559975e-12	MASP1	5648	ENSG00000127241	MBL associated serine protease 1	5648
3041	765.4130748731019	-1.436167505017831	0.19679388517654342	5.006695982791884e-14	2.0147753976182802e-12	HBAP1	3041	ENSG00000225323	hemoglobin subunit alpha pseudogene 1	3041
10863	184.21572944979437	-2.347340614968867	0.3274498821954123	6.393943726457309e-14	2.549847107798887e-12	ADAM28	10863	ENSG00000042980	ADAM metallopeptidase domain 28	10863
6686	615.0337151117395	-1.3050058100025377	0.18066558253507803	9.345266841099383e-14	3.696508902329981e-12	NA	6686	NA	NA	6686
12429	53.620671664006814	-2.220108158269011	0.3102312233415035	9.91943182643384e-14	3.915660502519857e-12	NA	12429	NA	NA	12429
10881	127.76249049548473	-1.6287811401141408	0.22633659202174494	1.016057417138194e-13	3.99464513028816e-12	ACTL7A	10881	ENSG00000187003	actin like 7A	10881
7639	658.5721393513938	-1.7677492529954675	0.24956960703756004	1.1259750710967595e-13	4.391302777277362e-12	ZNF85	7639	ENSG00000105750	zinc finger protein 85	7639
11993	128.6602523212932	-1.9292997108059051	0.2700105317737335	1.2193660472658779e-13	4.7460165291682496e-12	NA	11993	NA	NA	11993
9001	283.2761287116673	-1.3648546485364075	0.18964337997479475	1.4797725559888047e-13	5.713859863511534e-12	HAP1	9001	ENSG00000173805	huntingtin associated protein 1	9001
7398	238.88449942443145	-1.8033805807936127	0.2534858968929178	1.7867717260839223e-13	6.872008806584825e-12	USP1	7398	ENSG00000162607	ubiquitin specific peptidase 1	7398
3799	559.2340845429868	-1.2886635007589071	0.18034417659896151	1.8631732420289602e-13	7.151718829018856e-12	KIF5B	3799	ENSG00000170759	kinesin family member 5B	3799
2560	2240.8942633237443	-1.894103720582358	0.2696281179135586	2.3666092435859015e-13	8.995426267465865e-12	GABRB1	2560	ENSG00000163288	gamma-aminobutyric acid type A receptor subunit beta1	2560
3621	1301.8273987447226	-1.429141211201863	0.20329227754940732	2.6950540459254397e-13	1.0184164424806793e-11	ING1	3621	ENSG00000153487	inhibitor of growth family member 1	3621
11590	129.49842294660195	-3.0829201870736713	0.4441045414836418	3.2699763138509486e-13	1.2214397129338446e-11	NA	11590	NA	NA	11590
2771	1365.6650667419365	-2.151591773594222	0.3147264106566569	3.4211483941345895e-13	1.27302043782511e-11	GNAI2	2771	ENSG00000114353	G protein subunit alpha i2	2771
13870	42.941663690814686	-2.729915832817111	0.39377401217887265	4.192114540351051e-13	1.533619020898689e-11	NA	13870	NA	NA	13870
11267	119.69705722076785	-2.024939052609327	0.2967324580057974	5.897981984915227e-13	2.1334689109374578e-11	SNF8	11267	ENSG00000159210	SNF8 subunit of ESCRT-II	11267
10467	219.11773468807326	-1.4696278684504496	0.21126203329387575	6.879667930479647e-13	2.4747729684854788e-11	ZNHIT1	10467	ENSG00000106400	zinc finger HIT-type containing 1	10467
12407	73.10519601562127	-1.852924818561277	0.26934543797834926	7.564741350311574e-13	2.7111865822912252e-11	NA	12407	NA	NA	12407
8938	450.4992321745245	-1.6323909501464733	0.23808394554292883	7.924847512003781e-13	2.8350267910129703e-11	BAIAP3	8938	ENSG00000007516	BAI1 associated protein 3	8938
8837	332.1311565727424	-1.67459417427739	0.24479629358036661	9.901963420801734e-13	3.484667452662252e-11	CFLAR	8837	ENSG00000003402	CASP8 and FADD like apoptosis regulator	8837
9435	356.25727334095245	-2.0510075147051956	0.3016795792567547	1.0236189222292267e-12	3.595784809657578e-11	CHST2	9435	ENSG00000175040	carbohydrate sulfotransferase 2	9435
7561	635.7795382923124	-2.2468448825490364	0.3296840176859599	1.0515666372206953e-12	3.6873042030544054e-11	ZNF14	7561	ENSG00000105708	zinc finger protein 14	7561
11917	110.70230597863981	-2.684196546668283	0.4100972782042945	1.1671776394595985e-12	4.070688896330331e-11	NA	11917	NA	NA	11917
324	6527.010641492891	-1.7125682367670636	0.25314948367909695	1.2233961054549078e-12	4.2515199300460646e-11	APC	324	ENSG00000134982	APC regulator of WNT signaling pathway	324
11	83023.38793952933	-3.104211956955119	0.49390560928076516	1.3027640233217316e-12	4.5032132607218865e-11	NATP	11	NA	N-acetyltransferase pseudogene	11
6200	146.82416186291448	-2.2195772216590806	0.32795641938924025	1.3454163762351954e-12	4.630654713908992e-11	NA	6200	NA	NA	6200
8502	505.88063713932274	-2.1985286954931933	0.3345366043493752	1.5286335650662834e-12	5.2374538397455875e-11	PKP4	8502	ENSG00000144283	plakophilin 4	8502
10267	133.53920095954243	-1.3012812335224486	0.1900364155842473	1.8047618276271274e-12	6.108255639556786e-11	RAMP1	10267	ENSG00000132329	receptor activity modifying protein 1	10267
5028	513.7495820829034	-1.3141743817217	0.19254899588346008	2.017663166475308e-12	6.781648166282551e-11	P2RY1	5028	ENSG00000169860	purinergic receptor P2Y1	5028
7469	458.9543692548253	-2.5631993746908854	0.3861456333312325	2.482040933234003e-12	8.299484295819061e-11	NELFA	7469	ENSG00000185049	negative elongation factor complex member A	7469
8074	350.3685208146966	-1.2992332687012405	0.19228640759406856	2.840140628123825e-12	9.416009670173384e-11	FGF23	8074	ENSG00000118972	fibroblast growth factor 23	8074
5910	472.8720891724905	-1.082379992479317	0.15806133136150843	2.933701231311492e-12	9.676738925856432e-11	RAP1GDS1	5910	ENSG00000138698	Rap1 GTPase-GDP dissociation stimulator 1	5910
3578	988.4184970163867	-1.3003673344282176	0.19313752034787296	3.329751746623485e-12	1.0909141202195226e-10	IL9	3578	ENSG00000145839	interleukin 9	3578
2280	1456.41401647502	-1.1069329543697304	0.1632097884875655	3.3625497108997447e-12	1.0979627503996633e-10	FKBP1A	2280	ENSG00000088832	FKBP prolyl isomerase 1A	2280
14195	24.585315553320083	-3.352521813140455	0.5049146841300388	3.595859775109733e-12	1.1682642250986732e-10	NA	14195	NA	NA	14195
3742	834.2258782244267	-1.2709194366144199	0.18991926449738228	4.101544237851026e-12	1.3193413621953522e-10	KCNA6	3742	ENSG00000151079	potassium voltage-gated channel subfamily A member 6	3742
8617	350.7655523018195	-1.9113501798066421	0.29418036477210874	4.397814538069494e-12	1.4076623145620135e-10	NA	8617	NA	NA	8617
13005	63.18661482526564	-2.9619616214470526	0.4557690651787659	4.623362925557538e-12	1.475004358922545e-10	NA	13005	NA	NA	13005
689	5790.612385842997	-1.0231709672527074	0.1532828450123167	5.105773264122931e-12	1.6235858413904633e-10	BTF3	689	ENSG00000145741	basic transcription factor 3	689
6201	1099.987907514578	-3.370866121255854	0.5039471432895414	5.711460432022886e-12	1.8043949913571002e-10	RPS7	6201	ENSG00000171863	ribosomal protein S7	6201
8542	201.68050416105757	-1.6690341241369564	0.25480490844025566	5.878204043074998e-12	1.854063677184482e-10	APOL1	8542	ENSG00000100342	apolipoprotein L1	8542
10799	193.32145933528747	-2.096582726425879	0.31874403536268503	6.980415168289679e-12	2.184017035210377e-10	RPP40	10799	ENSG00000124787	ribonuclease P/MRP subunit p40	10799
4148	956.7978282590772	-1.1715587500461537	0.17663350787335305	7.305598250924215e-12	2.2820906510631804e-10	MATN3	4148	ENSG00000132031	matrilin 3	4148
9010	387.0380813367857	-2.7498822763876793	0.44792548558018114	7.565587087551686e-12	2.359517472930182e-10	NA	9010	NA	NA	9010
9605	225.89203027935173	-1.1376974636151764	0.17078314023598115	8.186607071385951e-12	2.540981821630654e-10	VPS9D1	9605	ENSG00000075399	VPS9 domain containing 1	9605
8278	346.8458421070591	-1.4038501526772211	0.21410507024464667	9.126630957760646e-12	2.814791839445007e-10	NA	8278	NA	NA	8278
7913	359.9893104216469	-1.5300202459661871	0.23454797671031402	1.0208182223879415e-11	3.138411283711174e-10	DEK	7913	ENSG00000124795	DEK proto-oncogene	7913
8488	317.01668236811366	-1.145454815851217	0.1732077408817358	1.0827685217314896e-11	3.318288264677477e-10	RPL3P1	8488	ENSG00000228149	ribosomal protein L3 pseudogene 1	8488
2256	1732.8217101288726	-1.8599857444796457	0.2914707279857361	1.1359484346025133e-11	3.4704383808162497e-10	FGF11	2256	ENSG00000161958	fibroblast growth factor 11	2256
6367	606.4311067612742	-1.0483057354115892	0.15859382738998548	1.1555915283836386e-11	3.5249164159677106e-10	CCL22	6367	ENSG00000102962	C-C motif chemokine ligand 22	6367
9542	186.32887792284822	-2.0581580591146253	0.3266970404318818	1.2603465147910609e-11	3.8145573132735357e-10	NRG2	9542	ENSG00000158458	neuregulin 2	9542
10764	126.60031494153615	-1.3489633973405462	0.20740959904918815	1.555917763387272e-11	4.637016170486937e-10	NA	10764	NA	NA	10764
6641	477.84210509062314	-1.1090706858976198	0.16857552854028776	1.5741614354705687e-11	4.68421340912733e-10	SNTB1	6641	ENSG00000172164	syntrophin beta 1	6641
6786	434.00715392928794	-1.86595174200345	0.29362220332391664	1.6081016773814344e-11	4.777903319621388e-10	STIM1	6786	ENSG00000167323	stromal interaction molecule 1	6786
2934	1475.2531725542067	-1.7557637190913113	0.27697351492326894	1.6605554478796857e-11	4.918732050408915e-10	GSN	2934	ENSG00000148180	gelsolin	2934
6108	925.3450735399065	-1.4560768290301391	0.22443040740506492	1.737917765365047e-11	5.140063469873735e-10	NA	6108	NA	NA	6108
12043	89.08653988940688	-2.9494683085659914	0.4655757217393012	1.7846549756461233e-11	5.270283836274538e-10	NA	12043	NA	NA	12043
8996	317.146468299452	-1.4256674514577503	0.22066337539139433	1.8008574864249376e-11	5.300584658485477e-10	NOL3	8996	ENSG00000140939	nucleolar protein 3	8996
8622	452.28557780932846	-1.8859198553585363	0.3024420617473956	2.089167166500532e-11	6.086419495099828e-10	PDE8B	8622	ENSG00000113231	phosphodiesterase 8B	8622
6486	326.86701965180106	-2.549944026158625	0.4226746498293346	2.4509376748946303e-11	7.045450235025761e-10	NA	6486	NA	NA	6486
11892	82.6441901986708	-1.7557635801632774	0.275503392179663	2.739633134119408e-11	7.81759536995569e-10	NA	11892	NA	NA	11892
8545	256.1667077753241	-1.8672546042226639	0.29930153783217883	3.051294954564787e-11	8.681469460641128e-10	CGGBP1	8545	ENSG00000163320	CGG triplet repeat binding protein 1	8545
7341	507.67425109376455	-2.238590317006036	0.3654895626538137	3.1417747837995487e-11	8.925850958762484e-10	SUMO1	7341	ENSG00000116030	small ubiquitin like modifier 1	7341
1239	3789.3971559637052	-1.1273696678647998	0.1751976513201212	3.221171747753431e-11	9.138079210354157e-10	NA	1239	NA	NA	1239
8275	453.9859015951468	-1.1797261031451056	0.18304250962903829	3.3623416425571174e-11	9.524676958632323e-10	NA	8275	NA	NA	8275
7032	701.74990097786	-2.0629308005599576	0.32839767662857994	3.492578773220792e-11	9.86488759153118e-10	TFF2	7032	ENSG00000160181	trefoil factor 2	7032
10169	180.75709408044042	-1.5952051955652469	0.25162702901568296	3.835012573436282e-11	1.0769578599082755e-9	SERF2	10169	ENSG00000140264	small EDRK-rich factor 2	10169
141	20760.445295304762	-1.3070940347136009	0.20671656233867572	4.051990916028701e-11	1.1329855634602666e-9	ADPRH	141	ENSG00000144843	ADP-ribosylarginine hydrolase	141
11653	133.47213330970297	-1.4084020868404648	0.22208609617721667	4.050091843686264e-11	1.1329855634602666e-9	NA	11653	NA	NA	11653
12220	85.18844338677589	-1.9825954608726197	0.3152974933029526	4.2270100465910804e-11	1.1785364257408168e-9	NA	12220	NA	NA	12220
10556	262.70198963522625	-1.6359722576459372	0.2590959072328831	4.457696690371158e-11	1.2393033613044728e-9	RPP30	10556	ENSG00000148688	ribonuclease P/MRP subunit p30	10556
5811	666.0219417161626	-1.8480579043167376	0.30221197085220225	4.586788196429583e-11	1.2679472314022176e-9	NA	5811	NA	NA	5811
7585	676.1709092226196	-1.9638994757030652	0.3229422855593033	4.77879347121566e-11	1.317281866052804e-9	NA	7585	NA	NA	7585
11529	154.52904835290664	-2.0840688079841088	0.3342144434361981	4.959605726915994e-11	1.3632611165467818e-9	NA	11529	NA	NA	11529
12445	84.20940136066443	-3.4229139358910436	0.5767521941547518	5.189476185552418e-11	1.4164431423146648e-9	NA	12445	NA	NA	12445
1888	1598.9056797046335	-1.2272754341270735	0.1946927780442791	6.253065836623756e-11	1.6972233507187574e-9	EBVS1	1888	NA	Epstein Barr virus integration site 1	1888
11648	105.5505579068656	-1.1717878680144993	0.18456024656790887	6.319527175079474e-11	1.7128735146827526e-9	NA	11648	NA	NA	11648
9493	345.95394514586246	-2.328628429727282	0.3784534296182796	6.340504800249862e-11	1.7161691782706893e-9	KIF23	9493	ENSG00000137807	kinesin family member 23	9493
8934	396.64351056463045	-1.397616173618805	0.22223087793932245	6.493863671991587e-11	1.7552372350087262e-9	RAB29	8934	ENSG00000117280	RAB29, member RAS oncogene family	8934
6683	447.1418855930051	-1.6252288144473463	0.2622195861778524	6.683217781559657e-11	1.7964378625266917e-9	SPAST	6683	ENSG00000021574	spastin	6683
8920	273.4141138472083	-1.807002481075885	0.29531509075923507	6.679867123174401e-11	1.7964378625266917e-9	NA	8920	NA	NA	8920
2836	1308.0165615025833	-2.4661381483544815	0.4102058626891215	7.14867921476934e-11	1.91362374413516e-9	NA	2836	NA	NA	2836
1399	2200.508788843594	-1.344275751659175	0.21605555247991573	7.82883065106062e-11	2.0842253529451535e-9	CRKL	1399	ENSG00000099942	CRK like proto-oncogene, adaptor protein	1399
13916	25.742062893641023	-3.7674328587928483	0.6123523987906896	8.114562394017793e-11	2.154399710095229e-9	NA	13916	NA	NA	13916
4280	933.8884012098657	-1.5903314726196902	0.25554034053297164	8.614835228315845e-11	2.280997392901424e-9	MICE	4280	NA	MHC class I polypeptide-related sequence E (pseudogene)	4280
3679	1003.7884112483596	-1.4726684021800105	0.23863187956574144	9.901983200218106e-11	2.604087771073575e-9	ITGA7	3679	ENSG00000135424	integrin subunit alpha 7	3679
10877	214.56049515462232	-3.141826789732226	0.50403069297273	1.0274070911239115e-10	2.696934983619036e-9	CFHR4	10877	ENSG00000134365	complement factor H related 4	10877
11102	144.7648475196155	-1.9484647922976785	0.31943581606067867	1.0296607023426051e-10	2.696934983619036e-9	RPP14	11102	ENSG00000163684	ribonuclease P/MRP subunit p14	11102
11404	91.59455633593754	-2.0007586171147356	0.3291308646442486	1.1088147623494458e-10	2.8925796367402905e-9	NA	11404	NA	NA	11404
11292	115.34551488348399	-1.463695863483239	0.23642132117135517	1.1155500685894897e-10	2.906254335317277e-9	NA	11292	NA	NA	11292
8141	173.23352604474806	-1.283223004479149	0.20640646183860847	1.1246133147316633e-10	2.925949160159478e-9	NA	8141	NA	NA	8141
10878	150.76977049776315	-1.3317796349260862	0.2151325379283596	1.2225262031103824e-10	3.17221099183082e-9	CFHR3	10878	ENSG00000116785	complement factor H related 3	10878
11393	93.07365485415134	-1.5805959158979321	0.25673258665675136	1.3095403978687638e-10	3.375492143433644e-9	NA	11393	NA	NA	11393
7133	331.5351765692817	-1.1396158534977885	0.1827910143832615	1.3126618567557e-10	3.379062486021518e-9	TNFRSF1B	7133	ENSG00000028137	TNF receptor superfamily member 1B	7133
10234	65.68877843346559	-1.584092482310927	0.2574750285100695	1.3762289374378974e-10	3.533349782517008e-9	LRRC17	10234	ENSG00000128606	leucine rich repeat containing 17	10234
9229	225.23873229283979	-1.364409285107481	0.22196789803548522	1.4624446302230425e-10	3.741631417719224e-9	DLGAP1	9229	ENSG00000170579	DLG associated protein 1	9229
10568	191.13364310627185	-2.8902662584772014	0.5055577216645815	1.4631218893604283e-10	3.741631417719224e-9	SLC34A2	10568	ENSG00000157765	solute carrier family 34 member 2	10568
13819	41.31517346080384	-2.661707654612831	0.44753126272644206	1.478290673559443e-10	3.775461259598468e-9	NA	13819	NA	NA	13819
8638	359.429127704175	-1.329850038836251	0.21566395492283583	1.5139936286501882e-10	3.8615766719739595e-9	OASL	8638	ENSG00000135114	2'-5'-oligoadenylate synthetase like	8638
7845	273.85552379779676	-1.1476692077141766	0.18506697034394626	1.5853675586650607e-10	4.0114849395463414e-9	PAFAH1B1P1	7845	NA	platelet activating factor acetylhydrolase 1b regulatory subunit 1 pseudogene 1	7845
13708	47.187499291287544	-2.595012005253615	0.43828527836563613	1.625408500524737e-10	4.097419019263201e-9	NA	13708	NA	NA	13708
7729	297.27397166752377	-1.9548481319485784	0.3317666829055231	1.6866541864486383e-10	4.2408239176326806e-9	NA	7729	NA	NA	7729
9459	378.8229317800178	-2.9471046262153067	0.5363178984515385	1.7578030014472078e-10	4.4140134466018205e-9	ARHGEF6	9459	ENSG00000129675	Rac/Cdc42 guanine nucleotide exchange factor 6	9459
11416	70.42347253416963	-1.744209074208807	0.28735920649469304	1.850689378677753e-10	4.641271391552545e-9	NA	11416	NA	NA	11416
13399	57.3342464056797	-2.8500370414042746	0.49296641395433705	1.890207923937752e-10	4.728192340328097e-9	NA	13399	NA	NA	13399
10313	110.47822341361179	-1.4225859881359124	0.2331888024070214	1.9321895876398876e-10	4.827001484603319e-9	RTN3	10313	ENSG00000133318	reticulon 3	10313
11777	102.03615034079377	-1.6970982631775162	0.2791510816374433	1.9489778816539457e-10	4.8564735665643325e-9	NA	11777	NA	NA	11777
823	4426.595121476028	-1.0382650676084522	0.1673487053609821	1.9852809618990766e-10	4.928342069615641e-9	CAPN1	823	ENSG00000014216	calpain 1	823
9272	255.91603344492304	-1.2603649501418552	0.20499702602690523	1.9854170816395164e-10	4.928342069615641e-9	NA	9272	NA	NA	9272
12515	92.37793265906129	-2.150078854016848	0.357632122934266	1.993743809300665e-10	4.942706786343979e-9	NA	12515	NA	NA	12515
6955	512.8084376685141	-1.2556026204849342	0.20594793436905862	2.0016108877120423e-10	4.955896881140465e-9	TRA	6955	NA	T cell receptor alpha locus	6955
9874	139.0846756045066	-1.0436962628961972	0.16865826670652187	2.0744702048181288e-10	5.116763581237719e-9	TLK1	9874	ENSG00000198586	tousled like kinase 1	9874
10940	159.14088912623208	-3.7621933358792257	0.6278122275229967	2.2444745763414795e-10	5.5081613783331054e-9	POP1	10940	ENSG00000104356	POP1 homolog, ribonuclease P/MRP subunit	10940
9209	110.65840917454932	-1.7363221013714152	0.2903747429293583	2.348837799927111e-10	5.7353491122185075e-9	LRRFIP2	9209	ENSG00000093167	LRR binding FLII interacting protein 2	9209
5606	660.4773190685305	-1.0028112651884726	0.16279204914094536	2.3740768012950657e-10	5.7824666620780065e-9	MAP2K3	5606	ENSG00000034152	mitogen-activated protein kinase kinase 3	5606
10601	88.47943163435448	-1.253142370164589	0.2047424579385601	2.3839929008172675e-10	5.799360730350606e-9	NA	10601	NA	NA	10601
7836	393.41074426097344	-1.6594297478998172	0.278976798651583	2.456898754261025e-10	5.946978439884802e-9	NA	7836	NA	NA	7836
8620	228.72951278401823	-1.7517188293837136	0.29591201697212655	2.4548548796345147e-10	5.946978439884802e-9	NPFF	8620	ENSG00000139574	neuropeptide FF-amide peptide precursor	8620
3237	961.9874463626151	-1.4144889944484573	0.23244210004652271	2.6791375256230715e-10	6.426583530124365e-9	HOXD11	3237	ENSG00000128713	homeobox D11	3237
7839	314.2370609550721	-1.6344892245984657	0.27240554491636126	2.681458212045108e-10	6.426583530124365e-9	LEPQTL1	7839	NA	Leptin, serum levels of	7839
4031	1596.4331301464338	-1.0664489296952122	0.17462836453381958	2.759637793261015e-10	6.58960872327026e-9	NA	4031	NA	NA	4031
786	2814.93938585181	-1.0296303899806132	0.16746232743716077	2.7632366056431533e-10	6.59011612529674e-9	CACNG1	786	ENSG00000108878	calcium voltage-gated channel auxiliary subunit gamma 1	786
1585	933.2753127565863	-1.5065131739033801	0.2519646478233012	2.819933100764112e-10	6.704891562045176e-9	CYP11B2	1585	ENSG00000179142	cytochrome P450 family 11 subfamily B member 2	1585
9554	174.5409904413743	-1.2311369567690353	0.2021993909949311	2.819889562529286e-10	6.704891562045176e-9	SEC22B	9554	ENSG00000265808	SEC22 homolog B, vesicle trafficking protein	9554
10324	219.99620935816338	-3.448118471350632	0.5667361572968241	2.821697851762499e-10	6.704891562045176e-9	KLHL41	10324	ENSG00000239474	kelch like family member 41	10324
5298	1298.669635914019	-2.4443226966210716	0.4038529517652715	2.8574656652927763e-10	6.781602355153991e-9	PI4KB	5298	ENSG00000143393	phosphatidylinositol 4-kinase beta	5298
9682	219.74823495990057	-1.0880693463959665	0.17764071072885473	2.887099331803477e-10	6.843585882609923e-9	KDM4A	9682	ENSG00000066135	lysine demethylase 4A	9682
13818	41.2674484033208	-1.9749472482935226	0.33125584515483997	2.975985640769033e-10	7.028599096481329e-9	NA	13818	NA	NA	13818
12186	27.286594287567905	-3.1601843340493514	0.5333742948450179	3.1189448184265907e-10	7.357307286230289e-9	NA	12186	NA	NA	12186
4372	1048.1707230766372	-1.3032010367189215	0.2157698711804902	3.406011596199925e-10	7.976461091894913e-9	NA	4372	NA	NA	4372
12881	38.8017146232078	-2.5019821074810755	0.4225255871151912	3.552331524169229e-10	8.299150515228976e-9	NA	12881	NA	NA	12881
11997	99.33260878642734	-2.4511091250042276	0.42134283502552156	3.793349300123701e-10	8.83042712077839e-9	NA	11997	NA	NA	11997
9725	266.47806444117685	-1.4771758603472207	0.24921099074656872	4.026022605250748e-10	9.36086331192172e-9	TMEM63A	9725	ENSG00000196187	transmembrane protein 63A	9725
862	2893.5640171498935	-1.0709546596970547	0.17765176973664676	4.178574481845915e-10	9.703966347398969e-9	RUNX1T1	862	ENSG00000079102	RUNX1 partner transcriptional co-repressor 1	862
9870	203.04023499364106	-2.1648942824719373	0.383281511619555	4.282858357424037e-10	9.922465058789189e-9	AREL1	9870	ENSG00000119682	apoptosis resistant E3 ubiquitin protein ligase 1	9870
5247	661.4668490095526	-1.2149145628159146	0.20293940105535363	4.41038289800189e-10	1.0193641517578953e-8	NA	5247	NA	NA	5247
8905	335.7397819346113	-1.0605134028406795	0.17626181979631406	5.161139871606803e-10	1.1802696009558165e-8	AP1S2	8905	ENSG00000182287	adaptor related protein complex 1 subunit sigma 2	8905
9345	189.42522879826768	-1.0517645720464044	0.17434342435356945	5.396037839300464e-10	1.2296521357216198e-8	NA	9345	NA	NA	9345
8118	104.71890583222735	-1.251369835903891	0.20887261701315338	5.404396375848046e-10	1.23011646632022e-8	NA	8118	NA	NA	8118
11232	97.41408520072875	-1.9082346079493178	0.32946996712319054	5.578982311319756e-10	1.2668911874048281e-8	POLG2	11232	ENSG00000256525	DNA polymerase gamma 2, accessory subunit	11232
6841	158.30509309927402	-1.8527708213516136	0.3222049793132739	6.370189899290686e-10	1.4365036573591663e-8	NA	6841	NA	NA	6841
5812	405.02943634573904	-1.0134556974865219	0.1687237112294989	6.540245079653214e-10	1.4697426038698754e-8	NA	5812	NA	NA	5812
11571	151.09673729671798	-2.7843442157917484	0.4724064372724692	7.680247874890278e-10	1.7023383131348485e-8	NA	11571	NA	NA	11571
8760	210.1617300396973	-1.5574221493727167	0.26893718967062086	8.070574610570227e-10	1.780742091794866e-8	CDS2	8760	ENSG00000101290	CDP-diacylglycerol synthase 2	8760
8640	138.20113255835258	-1.8105088950194455	0.31460561046335017	8.210980448411776e-10	1.8057737628522707e-8	NA	8640	NA	NA	8640
9558	313.66928685994094	-1.7048410379204886	0.29794002548487675	8.275384871652366e-10	1.817025753332007e-8	NA	9558	NA	NA	9558
10997	174.55158839809502	-1.9491695798081392	0.3445380136958166	8.281701059583219e-10	1.817025753332007e-8	NA	10997	NA	NA	10997
3761	1205.9064789087515	-1.6393196845034739	0.2871469003841299	8.518633168828544e-10	1.86480450054637e-8	KCNJ4	3761	ENSG00000168135	potassium inwardly rectifying channel subfamily J member 4	3761
10013	257.17820802747093	-1.546592289967795	0.2683963146703374	9.124021578913673e-10	1.983939485444011e-8	HDAC6	10013	ENSG00000094631	histone deacetylase 6	10013
11920	82.64499492348811	-2.4287796312807295	0.42703587822013	9.123719146662229e-10	1.983939485444011e-8	NA	11920	NA	NA	11920
3518	2056.6494969792284	-1.5883039003721098	0.2724294772039127	9.207612576299616e-10	1.9976515980754384e-8	NA	3518	NA	NA	3518
4820	1005.4641259033688	-1.6865279767212815	0.2944737966477448	9.391826962473627e-10	2.0353490480701475e-8	NKTR	4820	ENSG00000114857	natural killer cell triggering receptor	4820
869	974.509075595326	-1.9299704485419393	0.34688040732197767	1.0433763610436028e-9	2.2436626919634865e-8	CBLN1	869	ENSG00000102924	cerebellin 1 precursor	869
7648	526.3098437558946	-1.169000505799408	0.1995806797063807	1.084654448172124e-9	2.327283375510221e-8	NA	7648	NA	NA	7648
6788	811.9079569133494	-1.1379626767059634	0.19291209540969043	1.1273475971581018e-9	2.4135656312754476e-8	STK3	6788	ENSG00000104375	serine/threonine kinase 3	6788
14236	24.477574468001016	-3.4138429661497582	0.61135053688991	1.1330569730568753e-9	2.4231232695230606e-8	NA	14236	NA	NA	14236
6743	360.6217538199436	-1.3736971287512452	0.23616987383996857	1.1735193512172067e-9	2.5069001200919935e-8	NA	6743	NA	NA	6743
4800	866.7278217284921	-1.1149080291972575	0.18983805724933905	1.1862375488860064e-9	2.5296315807528682e-8	NFYA	4800	ENSG00000001167	nuclear transcription factor Y subunit alpha	4800
12402	97.39777462233002	-1.3697965427813537	0.23491314259804502	1.227959246195669e-9	2.611728403302067e-8	NA	12402	NA	NA	12402
6439	214.85322728399657	-1.1550194387965698	0.19695587257192645	1.3172090852082965e-9	2.7893586514949573e-8	SFTPB	6439	ENSG00000168878	surfactant protein B	6439
6270	568.499004958831	-1.1678974813361125	0.2001873405095141	1.5804859435875132e-9	3.305473483606169e-8	NA	6270	NA	NA	6270
12456	44.53951794898982	-1.8751442502644706	0.32811735497810374	1.5918925397902224e-9	3.31689729302543e-8	NA	12456	NA	NA	12456
12841	41.75108331553953	-2.3285696555731867	0.4117300388098544	1.6056881251647494e-9	3.3420638078963835e-8	NA	12841	NA	NA	12841
10847	88.65364494284984	-1.544428486715936	0.2689834850084794	1.624545689729549e-9	3.374096442670945e-8	SRCAP	10847	ENSG00000080603	Snf2 related CREBBP activator protein	10847
9051	401.56240642954674	-2.267004874176678	0.42646044456104504	1.7277939720672331e-9	3.5657050360976056e-8	PSTPIP1	9051	ENSG00000140368	proline-serine-threonine phosphatase interacting protein 1	9051
11357	118.93905449798179	-1.2621960493877253	0.2182278122020212	1.7846215054643953e-9	3.679080415025699e-8	NA	11357	NA	NA	11357
8111	474.3125491183996	-1.7781381397081346	0.3186832511425192	1.8259511243247921e-9	3.760299982061882e-8	GPR68	8111	ENSG00000119714	G protein-coupled receptor 68	8111
6300	375.5239583422586	-1.0658238418022483	0.1837177781835212	1.8390348326888327e-9	3.783240684879215e-8	MAPK12	6300	ENSG00000188130	mitogen-activated protein kinase 12	6300
11231	169.28734123248358	-2.5297054634202167	0.44113442677465864	1.9157606112069997e-9	3.9327655331961416e-8	SEC63	11231	ENSG00000025796	SEC63 homolog, protein translocation regulator	11231
11661	55.24507166541524	-2.7821597161881986	0.5275212416163115	1.9262010272790345e-9	3.949073204774218e-8	NA	11661	NA	NA	11661
8840	399.4327746724718	-1.279815420428114	0.22307487548967098	1.951610013495276e-9	3.98952546981424e-8	CCN4	8840	ENSG00000104415	cellular communication network factor 4	8840
7881	412.12436582487317	-1.1881707862241282	0.20562031438153008	2.007405378406372e-9	4.0906927821116654e-8	KCNAB1	7881	ENSG00000169282	potassium voltage-gated channel subfamily A regulatory beta subunit 1	7881
1133	2151.897665198779	-1.4136850168771	0.251274267018812	2.209861326473218e-9	4.465847484371266e-8	CHRM5	1133	ENSG00000184984	cholinergic receptor muscarinic 5	1133
14972	15.982621155280864	-5.098210335026181	0.9170556956849678	2.2709397941845087e-9	4.579767806696863e-8	NA	14972	NA	NA	14972
8844	250.3600495096098	-1.9433940362547961	0.3571273187502879	2.4269542310131914e-9	4.859151881661288e-8	KSR1	8844	ENSG00000141068	kinase suppressor of ras 1	8844
10296	248.8931720165917	-2.065468278591659	0.38328732617272476	2.4598678642739385e-9	4.919988541278018e-8	MAEA	10296	ENSG00000090316	macrophage erythroblast attacher, E3 ubiquitin ligase	10296
11580	96.88253484848366	-1.333757257576113	0.23304349136062374	2.468552680121287e-9	4.9322899084025015e-8	NA	11580	NA	NA	11580
13139	30.160074598041295	-2.643080987883366	0.4762068965930766	2.472986644831244e-9	4.933132172582479e-8	NA	13139	NA	NA	13139
9593	244.43953231230122	-1.0243398948520523	0.17752471299775727	2.508166252133257e-9	4.985845090170104e-8	NA	9593	NA	NA	9593
6352	152.40293528547036	-1.8830801451906705	0.3459775656519131	2.777775791541574e-9	5.493729134064082e-8	CCL5	6352	ENSG00000271503	C-C motif chemokine ligand 5	6352
9760	373.9356552487851	-2.5110095925536027	0.481619709671202	2.8512066996266346e-9	5.616126880711936e-8	TOX	9760	ENSG00000198846	thymocyte selection associated high mobility group box	9760
7106	537.6279245317658	-1.23253120403881	0.21769671628658976	2.9084071693888234e-9	5.7230042389763286e-8	TSPAN4	7106	ENSG00000214063	tetraspanin 4	7106
12393	68.29946394698302	-1.7717691172089507	0.3175215686171676	2.915744225405018e-9	5.7316463000613186e-8	NA	12393	NA	NA	12393
10114	164.06949949129353	-2.4409689763957885	0.46923976380254884	3.2092112516423827e-9	6.263079560562719e-8	HIPK3	10114	ENSG00000110422	homeodomain interacting protein kinase 3	10114
6853	586.0962516268029	-1.1028747054981756	0.19286141907144327	3.3346538721706877e-9	6.483086813817558e-8	SYN1	6853	ENSG00000008056	synapsin I	6853
11692	66.33374731169413	-1.6669998820329714	0.29807520279024263	3.3437871074262853e-9	6.487880448417042e-8	NA	11692	NA	NA	11692
8293	220.29002737452117	-1.2003649439285098	0.21165373783389413	3.3670604927102036e-9	6.526530303648732e-8	SERF1A	8293	ENSG00000172058	small EDRK-rich factor 1A	8293
2476	1933.949287139246	-1.5836996370673153	0.2893703834201732	3.379420245038004e-9	6.543969889421353e-8	NA	2476	NA	NA	2476
4892	926.8462155755348	-1.4932795127301912	0.2677116029192982	3.5990707088819853e-9	6.934803471836863e-8	NRAP	4892	ENSG00000197893	nebulin related anchoring protein	4892
11340	55.03653076607799	-1.7883895979908904	0.3222224811421678	3.646356382386679e-9	7.005107754948386e-8	EXOSC8	11340	ENSG00000120699	exosome component 8	11340
12893	70.50606100091659	-2.4929716577092176	0.46991550517052666	3.730092968139425e-9	7.144816855606432e-8	NA	12893	NA	NA	12893
585	4639.256198298777	-1.0924667351749784	0.1930374011747172	3.925607641360355e-9	7.504543252309809e-8	BBS4	585	ENSG00000140463	Bardet-Biedl syndrome 4	585
13085	45.84061315584573	-2.8642282019895977	0.5308852836360466	4.398693871692773e-9	8.351510384098835e-8	NA	13085	NA	NA	13085
11562	125.40082185989456	-1.5928173937696855	0.28987567586625484	4.6383085693074765e-9	8.780751271137433e-8	NA	11562	NA	NA	11562
11137	107.82397131339975	-1.5183693979687936	0.27310018495284705	4.946956846998353e-9	9.31070862663781e-8	PWP1	11137	ENSG00000136045	PWP1 homolog, endonuclein	11137
937	3843.2424298405253	-1.6197403575355125	0.29992173834464436	5.029586817979983e-9	9.447952612423595e-8	CD24P3	937	NA	CD24 molecule pseudogene 3	937
3842	1454.8248295480678	-1.041941948949627	0.1841412051452032	5.185364819477735e-9	9.70311391844771e-8	TNPO1	3842	ENSG00000083312	transportin 1	3842
3785	1652.4111192885084	-1.5611277496414921	0.28532564291825707	5.272208245622257e-9	9.856142619409677e-8	KCNQ2	3785	ENSG00000075043	potassium voltage-gated channel subfamily Q member 2	3785
10440	212.60424542474823	-1.3673095767899108	0.24821164912200935	5.538078339721167e-9	1.0343238250413976e-7	TIMM17A	10440	ENSG00000134375	translocase of inner mitochondrial membrane 17A	10440
10515	55.80324241179211	-1.8403952762514764	0.33487948015469454	5.6256171261579356e-9	1.0496657228394974e-7	NA	10515	NA	NA	10515
6916	647.2561109099711	-2.637241263699939	0.5430561472022427	5.754737978675796e-9	1.0696557383286502e-7	TBXAS1	6916	ENSG00000059377	thromboxane A synthase 1	6916
9224	50.796557114754734	-1.5750421477090126	0.2857425213740366	5.879872895820155e-9	1.0918721987171378e-7	NA	9224	NA	NA	9224
11125	54.90265892404845	-3.3034765375292614	0.6344965414814767	5.92888978720593e-9	1.0988773728458535e-7	NA	11125	NA	NA	11125
5423	563.6204645638409	-1.3703422254648294	0.2501722581027056	6.253847713267169e-9	1.151429804615822e-7	POLB	5423	ENSG00000070501	DNA polymerase beta	5423
6189	535.6523622140942	-1.6684583618173763	0.30902193622361973	6.548043783747044e-9	1.20331898088292e-7	RPS3A	6189	ENSG00000145425	ribosomal protein S3A	6189
7445	734.281467952447	-2.166324892863926	0.39218935089212353	6.699710319537905e-9	1.2288695808532252e-7	NA	7445	NA	NA	7445
11467	157.32646044986774	-2.5862827493558918	0.46812841744952194	6.696115489970861e-9	1.2288695808532252e-7	NA	11467	NA	NA	11467
9531	228.4894994015028	-2.040649395042419	0.37803991824785393	6.712315549507781e-9	1.2300223437756206e-7	BAG3	9531	ENSG00000151929	BAG cochaperone 3	9531
9311	250.2234234691964	-1.562559591298868	0.2868421836753766	6.815125396337671e-9	1.2476872562382635e-7	ASIC3	9311	ENSG00000213199	acid sensing ion channel subunit 3	9311
7679	385.0234992247074	-1.687520815258905	0.30995876427548125	7.053427466759956e-9	1.2888896894893474e-7	NA	7679	NA	NA	7679
3668	799.6501624492606	-1.0659513269373109	0.19123699268019562	7.131230164615582e-9	1.3006642008770744e-7	NA	3668	NA	NA	3668
9194	70.4615782246622	-2.7694435285334436	0.5382335557652675	7.3395196826743114e-9	1.3349008649021008e-7	SLC16A7	9194	ENSG00000118596	solute carrier family 16 member 7	9194
2532	2597.4287297632654	-2.1424229730066244	0.402154983665832	7.590507203690675e-9	1.3779744467446287e-7	ACKR1	2532	ENSG00000213088	atypical chemokine receptor 1 (Duffy blood group)	2532
7382	330.3586420760105	-1.0135674502614533	0.1810901377766153	7.603363319409807e-9	1.3790219343805614e-7	NA	7382	NA	NA	7382
11621	106.32417898271628	-1.4451683761320935	0.2632375688573093	7.613411812584025e-9	1.3795587270456027e-7	NA	11621	NA	NA	11621
1059	2629.286069363366	-1.2874619030857344	0.23606164544541158	7.784008544976925e-9	1.4078493521728248e-7	CENPB	1059	ENSG00000125817	centromere protein B	1059
7198	622.7304480992102	-1.0977323106500858	0.19839585340768517	8.2355706108583e-9	1.4840040709066053e-7	TRG-GCC3-1	7198	NA	tRNA-Gly (anticodon GCC) 3-1	7198
6696	716.7175962065695	-2.135232103123642	0.42086514485326265	8.512897834553776e-9	1.5256214392839001e-7	SPP1	6696	ENSG00000118785	secreted phosphoprotein 1	6696
12054	95.65824051408339	-2.999395145332211	0.6123898203439913	8.736407445090656e-9	1.562676703023063e-7	NA	12054	NA	NA	12054
5482	490.2292777585268	-1.2087236145326898	0.21893274369708957	8.773578168455597e-9	1.5678843410129876e-7	NA	5482	NA	NA	5482
13344	35.828741668337685	-3.2498310580143444	0.6202472814689423	8.861000898457427e-9	1.579988355439641e-7	NA	13344	NA	NA	13344
6617	529.7820725268917	-1.04912640365679	0.189388380227423	8.88537219110273e-9	1.582051493239252e-7	SNAPC1	6617	ENSG00000023608	small nuclear RNA activating complex polypeptide 1	6617
9845	275.9508143880089	-1.1958082400893433	0.21787718135699785	9.094119119428976e-9	1.6162616637735827e-7	NA	9845	NA	NA	9845
14751	30.541220996769184	-2.908651575336338	0.5631621558997648	9.186396591652966e-9	1.6282009478156502e-7	NA	14751	NA	NA	14751
7983	498.1457918496916	-1.9091471952200705	0.3688333549701952	9.264911736858297e-9	1.6406228144767908e-7	NA	7983	NA	NA	7983
2767	450.69315142860324	-1.7917595357097158	0.34128505009319926	1.0331833323835521e-8	1.8114216965330007e-7	GNA11	2767	ENSG00000088256	G protein subunit alpha 11	2767
11087	137.12156437436252	-1.689582415229007	0.31931644956925914	1.058863757566322e-8	1.8531067973019956e-7	NA	11087	NA	NA	11087
7778	509.1799336381542	-1.233642510116007	0.22726854769727706	1.0935236451047664e-8	1.908615574653261e-7	NA	7778	NA	NA	7778
9111	485.0970502277723	-2.065509694208109	0.3809001734234567	1.1942517713707681e-8	2.0714201178829339e-7	NMI	9111	ENSG00000123609	N-myc and STAT interactor	9111
14209	16.04100800626857	-3.7160529459674483	0.6931274323073815	1.2038913618440021e-8	2.0844243587941393e-7	NA	14209	NA	NA	14209
7788	281.36347770769817	-1.5764008258382134	0.29298603901908504	1.2163252695244284e-8	2.1022119067686415e-7	NA	7788	NA	NA	7788
14899	21.478112000556223	-2.3482987599426077	0.4416251593600812	1.2621094091776516e-8	2.177474398227507e-7	NA	14899	NA	NA	14899
14450	27.022937608494754	-2.7070531546925776	0.5134213510420598	1.2655635094518753e-8	2.1795691555259244e-7	NA	14450	NA	NA	14450
2912	1198.095047565874	-1.181345324369668	0.2163259948140088	1.2681764383640422e-8	2.1821380784264038e-7	GRM2	2912	ENSG00000164082	glutamate metabotropic receptor 2	2912
6555	956.0727431969526	-1.4360019843889897	0.266259609275771	1.2924369686495013e-8	2.2199572680395363e-7	SLC10A2	6555	ENSG00000125255	solute carrier family 10 member 2	6555
4393	648.5407140773113	-1.0323362042802087	0.18754446418668308	1.3125938980859954e-8	2.2486258671348198e-7	NA	4393	NA	NA	4393
10722	231.1502561109317	-1.668102687311122	0.3113181012452707	1.3396015779841815e-8	2.288848666299399e-7	NA	10722	NA	NA	10722
5522	825.1290646667215	-1.5434145756510262	0.2942364238462402	1.3814204746961855e-8	2.356163353029138e-7	PPP2R2C	5522	ENSG00000074211	protein phosphatase 2 regulatory subunit Bgamma	5522
6861	560.8541710638453	-1.3363011400474867	0.25110422171565905	1.6004938163707567e-8	2.70845305742533e-7	SYT5	6861	ENSG00000129990	synaptotagmin 5	6861
11283	159.4403545145231	-1.714144460008065	0.3303704829006876	1.628168679032728e-8	2.752892325165588e-7	CYP4F8	11283	ENSG00000186526	cytochrome P450 family 4 subfamily F member 8	11283
10095	222.12221971021248	-1.9690518716996819	0.3840872567077651	1.752632589835464e-8	2.947967401105269e-7	ARPC1B	10095	ENSG00000130429	actin related protein 2/3 complex subunit 1B	10095
11694	146.89218631739607	-1.7548866194588493	0.33021039477950037	1.8285635120101157e-8	3.07037743806979e-7	NA	11694	NA	NA	11694
2625	1570.9040191923768	-1.10098448478738	0.2042221737067696	1.8357748843201047e-8	3.079828881358065e-7	GATA3	2625	ENSG00000107485	GATA binding protein 3	2625
12506	48.66624558135983	-1.6202283343164385	0.3056874219649259	1.8916627849075663e-8	3.1681281804721303e-7	NA	12506	NA	NA	12506
13177	40.58361397357723	-1.9651197664182332	0.37835406095534085	1.9448864713898467e-8	3.254465659477025e-7	NA	13177	NA	NA	13177
3060	1206.653772750455	-1.7757838039483185	0.34768643451178644	2.0772372067205723e-8	3.4580935226680117e-7	HCRT	3060	ENSG00000161610	hypocretin neuropeptide precursor	3060
13222	42.59235151268082	-3.2690337842257122	0.6562030286438844	2.1808652482864805e-8	3.621315579940546e-7	NA	13222	NA	NA	13222
8717	95.89374577511722	-1.7857832174155488	0.34514771932970095	2.21715981227992e-8	3.6784439136214426e-7	TRADD	8717	ENSG00000102871	TNFRSF1A associated via death domain	8717
12602	70.50014958111804	-2.7030631253369104	0.531279711063383	2.259505459621692e-8	3.7455056004853287e-7	NA	12602	NA	NA	12602
4899	1069.9502919886486	-1.2702962902734605	0.24146929056707045	2.3252734404048124e-8	3.841438575867407e-7	NRF1	4899	ENSG00000106459	nuclear respiratory factor 1	4899
1385	1246.956036364088	-1.6676216360922567	0.3228070468046699	2.327953522096831e-8	3.842604197924209e-7	CREB1	1385	ENSG00000118260	cAMP responsive element binding protein 1	1385
2733	213.83809856233262	-2.8375520733068056	0.5350028232878086	2.3530047346440563e-8	3.879653854440543e-7	GLE1	2733	ENSG00000119392	GLE1 RNA export mediator	2733
3957	1176.1867714016682	-2.364712579269137	0.4464405397928806	2.3543863121598486e-8	3.879653854440543e-7	LGALS2	3957	ENSG00000100079	galectin 2	3957
9826	109.0706833028712	-2.2349511269289337	0.43249036981790545	2.403360248525714e-8	3.946986818275014e-7	ARHGEF11	9826	ENSG00000132694	Rho guanine nucleotide exchange factor 11	9826
8025	269.8499922602809	-1.5148591188399192	0.2857078964147984	2.432366114172864e-8	3.9912543800942755e-7	NA	8025	NA	NA	8025
9828	221.50471646288426	-1.0544614915856103	0.1963592194653868	2.4374290916218284e-8	3.9961927171063526e-7	ARHGEF17	9828	ENSG00000110237	Rho guanine nucleotide exchange factor 17	9828
6776	386.9938552844751	-1.4592079274611685	0.2807365052286342	2.4436684488449074e-8	4.0030498049638674e-7	STAT5A	6776	ENSG00000126561	signal transducer and activator of transcription 5A	6776
12098	45.68362346210563	-1.5402137211515996	0.29261396602792933	2.453132008554436e-8	4.0151725835557513e-7	NA	12098	NA	NA	12098
6330	935.5206595687544	-1.3689388813454668	0.2611647615980699	2.4683851979872046e-8	4.036743221683108e-7	SCN4B	6330	ENSG00000177098	sodium voltage-gated channel beta subunit 4	6330
10761	128.28458801071235	-1.5196425521145864	0.2926006367860615	2.488931790938694e-8	4.0669270850930246e-7	PLAC1	10761	ENSG00000170965	placenta enriched 1	10761
14081	38.06192555879242	-2.3873968206150056	0.46697565382106077	2.54704443684816e-8	4.147952450669627e-7	NA	14081	NA	NA	14081
11210	44.72277442948545	-1.5865054440354573	0.302132691466561	2.584732895116601e-8	4.205809939119078e-7	NA	11210	NA	NA	11210
12626	83.0812023403416	-1.4498154416386317	0.2751899132161155	2.5876314270445004e-8	4.2070087887813717e-7	NA	12626	NA	NA	12626
7715	480.0945421328814	-1.0230660910093734	0.1907189510521622	2.6909223937030484e-8	4.364003391987919e-7	NA	7715	NA	NA	7715
14378	36.274630731005246	-3.0101400029047465	0.6004175000271665	2.6977658791669033e-8	4.371458932095512e-7	NA	14378	NA	NA	14378
10804	222.89830987016063	-2.7811993928104193	0.5270663155342884	2.711424469884344e-8	4.3899360739117485e-7	GJB6	10804	ENSG00000121742	gap junction protein beta 6	10804
8395	205.2669840314876	-1.0580639714843227	0.19750541943612232	2.721042159604042e-8	4.401845508566439e-7	PIP5K1B	8395	ENSG00000107242	phosphatidylinositol-4-phosphate 5-kinase type 1 beta	8395
5372	901.7567341896288	-1.8529987260596192	0.351075273845054	2.73339682654408e-8	4.41815910642644e-7	PMM1	5372	ENSG00000100417	phosphomannomutase 1	5372
8480	354.1152904682656	-1.390539344920949	0.2682320043177092	2.8412951279899138e-8	4.5735686092482806e-7	RAE1	8480	ENSG00000101146	ribonucleic acid export 1	8480
7327	367.2552073828849	-3.6465336986143257	0.6879483414839089	2.8757813323708082e-8	4.6214352195927577e-7	UBE2G2	7327	ENSG00000184787	ubiquitin conjugating enzyme E2 G2	7327
13723	44.74723034468855	-2.9559698219447967	0.5970716557806715	3.05969634324423e-8	4.892748606070333e-7	NA	13723	NA	NA	13723
5042	684.0538467479039	-1.6043074696015145	0.31725193577148	3.116999005745426e-8	4.976203252732711e-7	PABPC3	5042	ENSG00000151846	poly(A) binding protein cytoplasmic 3	5042
3834	681.4905314260216	-1.3730029773043062	0.26562324870046855	3.137614963517761e-8	5.000911122442191e-7	KIF25	3834	ENSG00000125337	kinesin family member 25	3834
12370	82.50055931307445	-1.2414671379271016	0.23472329044413864	3.137359613037793e-8	5.000911122442191e-7	NA	12370	NA	NA	12370
8932	233.18272460297206	-1.4901579383314787	0.2882114957266023	3.248052506678131e-8	5.160028557752091e-7	MBD2	8932	ENSG00000134046	methyl-CpG binding domain protein 2	8932
11664	45.52475195816329	-1.5994193060593147	0.3077797173627006	3.3232755271066936e-8	5.262348660132088e-7	NA	11664	NA	NA	11664
10898	128.8845890932932	-1.2026243163257224	0.22819052116803956	3.3647843446618726e-8	5.321219720716337e-7	CPSF4	10898	ENSG00000160917	cleavage and polyadenylation specific factor 4	10898
11334	85.72927748174861	-1.7167998625565444	0.33139666857466676	3.403718954197039e-8	5.376605078541281e-7	TUSC2	11334	ENSG00000114383	tumor suppressor 2, mitochondrial calcium regulator	11334
4145	816.2974524139005	-1.288039459301458	0.24849569538008398	3.4065576427504867e-8	5.376724921781607e-7	MATK	4145	ENSG00000007264	megakaryocyte-associated tyrosine kinase	4145
11049	155.13686824274077	-1.4559448747677997	0.28266563929109356	3.62443951587553e-8	5.706732800845768e-7	NUS1P3	11049	NA	NUS1 pseudogene 3	11049
12813	26.925958098579237	-2.1238363289779416	0.41480380842257114	3.693287455064884e-8	5.801110983176386e-7	NA	12813	NA	NA	12813
9225	284.60549257511633	-1.4549163912619199	0.2838502680708032	3.745828176751065e-8	5.869368932991343e-7	NA	9225	NA	NA	9225
8067	440.7365625919131	-1.7003373780284832	0.3413146829486445	3.982351331555297e-8	6.205007146789243e-7	NA	8067	NA	NA	8067
12763	79.22826599958218	-1.2863187044418367	0.2463334663954274	4.034556282254864e-8	6.276298945560505e-7	NA	12763	NA	NA	12763
11457	77.79853951595989	-2.3403708050540395	0.49128729056878667	4.066879316681301e-8	6.31648351013047e-7	NA	11457	NA	NA	11457
16636	13.255363400126349	-4.675246638845643	0.9829576547757912	4.083582422365308e-8	6.337368223417166e-7	NA	16636	NA	NA	16636
14828	25.50711297772152	-2.165602197976949	0.4248338099770127	4.152121924254702e-8	6.428356783446362e-7	NA	14828	NA	NA	14828
11199	150.33761788166314	-2.3705552571700212	0.45687903328741175	4.16283705700218e-8	6.439822890804406e-7	ANXA10	11199	ENSG00000109511	annexin A10	11199
10027	130.95810184699826	-1.2521648349277081	0.24004585527598257	4.278335652434052e-8	6.587079915507839e-7	NA	10027	NA	NA	10027
7459	55.148002162309254	-1.7022244120231302	0.3320864250822303	4.314386166248382e-8	6.637333532123302e-7	WBSCR2	7459	NA	Williams-Beuren syndrome chromosome region 2	7459
13889	47.03984492995212	-4.101819062634822	0.7906752974333807	4.376624961186323e-8	6.722454488527785e-7	NA	13889	NA	NA	13889
5746	880.4245288165974	-1.7461566257606111	0.3555778519093053	4.4080445921576394e-8	6.765375063720806e-7	PTH2R	5746	ENSG00000144407	parathyroid hormone 2 receptor	5746
7371	291.8721975639891	-1.5350344405123848	0.2986323855446681	4.419399524909535e-8	6.777457380162684e-7	UCK2	7371	ENSG00000143179	uridine-cytidine kinase 2	7371
6460	654.295505875703	-1.0539453158802181	0.20170370665260898	4.609794161826389e-8	7.036172877121832e-7	NA	6460	NA	NA	6460
8347	322.70061400694675	-1.3021392788357804	0.25394847962797323	4.6680797920619865e-8	7.111543038128808e-7	H2BC4	8347	ENSG00000180596	H2B clustered histone 4	8347
13838	42.66356051284467	-2.31057320842332	0.464376918432876	4.673790424832611e-8	7.111543038128808e-7	NA	13838	NA	NA	13838
9781	65.95904760406154	-1.695773938625274	0.3311031085854396	4.763752835695525e-8	7.231465985606133e-7	RNF144A	9781	ENSG00000151692	ring finger protein 144A	9781
10039	205.24285480540755	-1.9513284546498886	0.40277435489548724	5.4122755891535594e-8	8.127183274731283e-7	PARP3	10039	ENSG00000041880	poly(ADP-ribose) polymerase family member 3	10039
15540	12.311032594509145	-5.038101289465352	1.1177742286186052	5.475985584245501e-8	8.216511600231434e-7	NA	15540	NA	NA	15540
11445	55.377116611128535	-2.1806192101695667	0.4375201434399303	5.553835829571208e-8	8.326902856647556e-7	NA	11445	NA	NA	11445
8064	353.0191678024726	-1.558844727108213	0.31353366985860714	5.638278399504217e-8	8.440502764057813e-7	NA	8064	NA	NA	8064
8893	172.33008329170855	-1.1153274673794058	0.21443212126067532	5.821430727057369e-8	8.681292212970381e-7	EIF2B5	8893	ENSG00000145191	eukaryotic translation initiation factor 2B subunit epsilon	8893
9797	234.51544371600724	-2.3808885777240736	0.46459376053339346	5.8832004109018006e-8	8.766689371865233e-7	TATDN2	9797	ENSG00000157014	TatD DNase domain containing 2	9797
12743	38.67208956952378	-2.0529507778334133	0.41257150011600857	5.93009748493166e-8	8.823060179988917e-7	NA	12743	NA	NA	12743
10778	169.12404671226633	-1.3602562004863978	0.2665503229639018	5.978823694583e-8	8.88876149123604e-7	ZNF271P	10778	ENSG00000257267	zinc finger protein 271, pseudogene	10778
9074	280.4685082943348	-1.9946345027905723	0.41752063288562036	6.074292557345837e-8	9.013104917579809e-7	CLDN6	9074	ENSG00000184697	claudin 6	9074
11517	92.0343142233134	-1.3900550357509527	0.2732847187994769	6.080985949736544e-8	9.013104917579809e-7	NA	11517	NA	NA	11517
9606	395.6687766429274	-2.574591130857202	0.5029415005340441	6.196047659653619e-8	9.176657800952746e-7	NA	9606	NA	NA	9606
9765	81.88145062932406	-1.4946353474515153	0.2948427673216693	6.602478804612805e-8	9.734154546709833e-7	ZFYVE16	9765	ENSG00000039319	zinc finger FYVE-type containing 16	9765
13175	60.06092927737962	-1.466389998554811	0.2882063095205131	6.622733439052488e-8	9.756624940000035e-7	NA	13175	NA	NA	13175
8901	161.16505387165137	-2.186297013346155	0.4585468798270553	6.945722571971648e-8	1.019386930415839e-6	NA	8901	NA	NA	8901
5860	685.6575508326968	-1.083348438879831	0.2112030277971892	7.160844410763777e-8	1.0484878970792853e-6	QDPR	5860	ENSG00000151552	quinoid dihydropteridine reductase	5860
7021	168.01935681423683	-1.4142732670164848	0.2778535819171754	7.170982149758038e-8	1.04849349073209e-6	TFAP2B	7021	ENSG00000008196	transcription factor AP-2 beta	7021
889	4717.151164178492	-2.9191026369608437	0.572564295962205	7.220542971743676e-8	1.054947348146424e-6	KRIT1	889	ENSG00000001631	KRIT1 ankyrin repeat containing	889
13039	53.728825507739685	-2.789137512952751	0.5879740393756018	7.32927446352166e-8	1.0692279635276987e-6	NA	13039	NA	NA	13039
12616	47.32384576092596	-1.864925204004138	0.37969368964804695	7.462545989422611e-8	1.0870404753005496e-6	NA	12616	NA	NA	12616
7003	317.5411892156124	-1.0253237825817267	0.19855576575986153	7.551110322539284e-8	1.0974769080428454e-6	TEAD1	7003	ENSG00000187079	TEA domain transcription factor 1	7003
5307	307.20585372323376	-1.3049072688922478	0.25844073802986595	7.732310636605495e-8	1.1229738604401458e-6	PITX1	5307	ENSG00000069011	paired like homeodomain 1	5307
13424	32.979193393503735	-2.3864747282588046	0.48235195472651365	7.771590226520928e-8	1.1278368187794465e-6	NA	13424	NA	NA	13424
13741	20.14520086160405	-2.98381680953824	0.6056829061092753	8.000724809778211e-8	1.15763647229066e-6	NA	13741	NA	NA	13741
12767	27.693668329413143	-3.868804482928775	0.7885691611705877	8.075071462377964e-8	1.1643013265177694e-6	NA	12767	NA	NA	12767
13417	19.644417790231547	-3.7099266406318936	0.7546781759174438	8.093551524046203e-8	1.1658668113209708e-6	NA	13417	NA	NA	13417
9787	223.33133585778742	-1.941170409454752	0.4114751868798309	8.124784323513039e-8	1.1695002050287519e-6	DLGAP5	9787	ENSG00000126787	DLG associated protein 5	9787
7462	235.2581060396668	-2.0361275930410545	0.43323248569696704	8.146533423509495e-8	1.1717641312262992e-6	LAT2	7462	ENSG00000086730	linker for activation of T cells family member 2	7462
11396	162.78106506060732	-1.7200266643452309	0.34515357248860984	8.312546161739957e-8	1.1947596813413686e-6	NA	11396	NA	NA	11396
12080	115.90407320510008	-1.7112207602254947	0.3399524345021299	8.319720567996626e-8	1.1949083540500542e-6	NA	12080	NA	NA	12080
12978	57.36253712802902	-2.4336732018868314	0.49468902236847584	8.366167129846315e-8	1.1989247313250304e-6	NA	12978	NA	NA	12978
11718	88.02417693218595	-1.392251467624985	0.27657100411598085	8.655860265737451e-8	1.236796597881913e-6	NA	11718	NA	NA	11718
11619	146.15977521963774	-1.6373557834582788	0.3362092380519375	8.702449708803627e-8	1.2416303063271802e-6	NA	11619	NA	NA	11619
5720	1051.0196828484397	-1.090667282941237	0.21379389586649053	8.83158701304826e-8	1.257289794154588e-6	PSME1	5720	ENSG00000092010	proteasome activator subunit 1	5720
9206	259.97113901315396	-1.7892868521031065	0.3743581694349851	8.85581717630147e-8	1.2598176759356938e-6	RAD17P2	9206	NA	RAD17 pseudogene 2	9206
9702	231.73726982628705	-1.7008409458393545	0.34749549638433924	9.070384764883631e-8	1.2893992542688118e-6	CEP57	9702	ENSG00000166037	centrosomal protein 57	9702
12730	51.81214594607712	-1.7519377814756407	0.3540533962831127	9.409463953753302e-8	1.3327334643667615e-6	NA	12730	NA	NA	12730
10699	113.56299521316829	-1.203995474021918	0.23717582382938954	9.697043185596454e-8	1.370473183986148e-6	CORIN	10699	ENSG00000145244	corin, serine peptidase	10699
4573	590.3625115346399	-1.224624731075022	0.24351529104139605	9.871078823471492e-8	1.3930461565161617e-6	TRNR	4573	NA	tRNA-Arg	4573
10611	153.91349859115346	-1.7589540946511717	0.3663952007531434	1.0005268522056912e-7	1.409938672757057e-6	PDLIM5	10611	ENSG00000163110	PDZ and LIM domain 5	10611
1718	2072.5122786214056	-1.1988480590928667	0.23928434062213488	1.06482646519814e-7	1.4962157284636104e-6	DHCR24	1718	ENSG00000116133	24-dehydrocholesterol reductase	1718
2889	1523.841370332052	-1.100321475244772	0.21741159459817533	1.0843384882481676e-7	1.5225332842566805e-6	RAPGEF1	2889	ENSG00000107263	Rap guanine nucleotide exchange factor 1	2889
13809	30.730764773828355	-3.3142821814431715	0.6951373102563622	1.1093600868376283e-7	1.5531839316508693e-6	NA	13809	NA	NA	13809
1265	2413.152933859232	-1.213628515265235	0.24527917690790715	1.1312157541065178e-7	1.5826448447639788e-6	CNN2	1265	ENSG00000064666	calponin 2	1265
10695	122.1056250735684	-1.2837343232362781	0.25730935583133635	1.2421220148491852e-7	1.721719126138176e-6	CNPY3	10695	ENSG00000137161	canopy FGF signaling regulator 3	10695
12658	55.57285929465773	-1.4297260846838689	0.28734837756922843	1.2700557836410685e-7	1.7541913133739413e-6	NA	12658	NA	NA	12658
16023	19.715781353923212	-2.4076013062722827	0.49350752867873	1.2737604481325877e-7	1.7580604312842758e-6	NA	16023	NA	NA	16023
1785	1736.1292412644484	-1.0251970698671484	0.20364665239148821	1.2925680983551428e-7	1.7802312641252254e-6	DNM2	1785	ENSG00000079805	dynamin 2	1785
10834	122.44292462317836	-1.905930914265134	0.3906467443367293	1.2945944418411652e-7	1.7817611338522572e-6	NPM1P13	10834	NA	nucleophosmin 1 pseudogene 13	10834
8596	240.45201953981982	-1.5099207704941908	0.3108187814279404	1.2984435653808705e-7	1.7857957756803618e-6	OR4A1P	8596	ENSG00000254408	olfactory receptor family 4 subfamily A member 1 pseudogene	8596
1926	1838.5616550570799	-1.2154785090491027	0.24561763012098425	1.3903347954661785e-7	1.9041031284002324e-6	NA	1926	NA	NA	1926
9731	230.8810198889497	-1.4017827983060462	0.2867682827404594	1.391761256035901e-7	1.9047163012457574e-6	CEP104	9731	ENSG00000116198	centrosomal protein 104	9731
11421	51.27142393642523	-1.6340454461431695	0.33411196858040876	1.403528676399309e-7	1.91947094669058e-6	NA	11421	NA	NA	11421
6971	716.139900403757	-1.6795319077727386	0.33784435948274266	1.4893084213928396e-7	2.0296520440284352e-6	TRGJP1	6971	ENSG00000211692	T cell receptor gamma joining P1	6971
9113	259.92165201196747	-1.6194610554780275	0.3410321574579236	1.5386276097167759e-7	2.0880914862411556e-6	LATS1	9113	ENSG00000131023	large tumor suppressor kinase 1	9113
12784	31.035104556129514	-2.313657493176884	0.49348087072369684	1.5566126450878e-7	2.106622996248517e-6	NA	12784	NA	NA	12784
11800	66.12407445540924	-2.087456219278096	0.4484198163196567	1.615927010727011e-7	2.1808290954062668e-6	NA	11800	NA	NA	11800
13396	51.55443612247337	-2.142953412641841	0.45807516131263076	1.618124445140943e-7	2.182281346284677e-6	NA	13396	NA	NA	13396
52	43279.40251219545	-1.3635172329540053	0.27755374075845635	1.6294825627606332e-7	2.196077572983704e-6	ACP1	52	ENSG00000143727	acid phosphatase 1	52
5296	675.1471832907883	-1.5276589992728695	0.32122715025733983	1.634623410843435e-7	2.1999589348841e-6	PIK3R2	5296	ENSG00000105647	phosphoinositide-3-kinase regulatory subunit 2	5296
6454	453.0629740391366	-1.1484845550538487	0.23241187886132902	1.6825166851362792e-7	2.2597278957513544e-6	NA	6454	NA	NA	6454
7949	323.471617375211	-2.4128318271661335	0.5693424336699674	1.684632188425266e-7	2.2610087599271794e-6	NA	7949	NA	NA	7949
6670	880.0624690089858	-1.5714277834060277	0.3227610808699941	1.693501640540538e-7	2.27134634228528e-6	SP3	6670	ENSG00000172845	Sp3 transcription factor	6670
9106	283.5521319423306	-1.2907234646042884	0.2620162251508014	1.709125289058268e-7	2.289145715785475e-6	NA	9106	NA	NA	9106
4506	747.8163531390286	-1.3998108885275644	0.28732831621180766	1.805613706554011e-7	2.408433745253435e-6	NA	4506	NA	NA	4506
11165	188.89750255844174	-1.601827460162328	0.3367312521182353	1.8116506816492084e-7	2.4117839247415516e-6	NUDT3	11165	ENSG00000272325	nudix hydrolase 3	11165
14225	29.40115956903035	-2.1183335440158633	0.44210617261634116	1.8687039802063668e-7	2.482378713910997e-6	NA	14225	NA	NA	14225
3001	436.5826731190406	-1.4211918614481622	0.29664013731565775	1.8706346716687903e-7	2.483248386449272e-6	GZMA	3001	ENSG00000145649	granzyme A	3001
10681	175.26661509631973	-1.088622517232009	0.21940180265460185	2.011899079501259e-7	2.6616973478024473e-6	GNB5	10681	ENSG00000069966	G protein subunit beta 5	10681
9110	74.78881560975354	-2.4287054086125237	0.5143631155778646	2.0137402385120455e-7	2.6623232867991115e-6	MTMR4	9110	ENSG00000108389	myotubularin related protein 4	9110
2067	1983.5840100750165	-1.1000449520409048	0.22380002918812222	2.0448033094726132e-7	2.6997230125947436e-6	ERCC1	2067	ENSG00000012061	ERCC excision repair 1, endonuclease non-catalytic subunit	2067
9984	291.85128930403727	-2.946585116749632	0.6402925643954094	2.0470162461053684e-7	2.7008124179970557e-6	THOC1	9984	ENSG00000079134	THO complex subunit 1	9984
10727	101.57943020386962	-1.7644751790740036	0.37102661919038676	2.0944836222917032e-7	2.7615681418305445e-6	NA	10727	NA	NA	10727
10642	245.77435698687592	-2.745732137408325	0.5625976481673362	2.141062715573612e-7	2.8191624836115065e-6	IGF2BP1	10642	ENSG00000159217	insulin like growth factor 2 mRNA binding protein 1	10642
3585	1362.5584625104505	-1.0840864938446406	0.21916202283085734	2.1508410610639873e-7	2.8301229134121876e-6	NA	3585	NA	NA	3585
10688	39.06675660707167	-1.9027244829087766	0.40250790317885005	2.2212372910319911e-7	2.910942688267581e-6	CRSP5	10688	NA	cofactor required for Sp1 transcriptional activation subunit 5	10688
10752	185.2068327393204	-1.0209803688115342	0.2056578242327207	2.3657369933290034e-7	3.089906552159445e-6	CHL1	10752	ENSG00000134121	cell adhesion molecule L1 like	10752
14810	19.161502837423356	-2.721904063427634	0.5766758235540067	2.4734610220967707e-7	3.217335847229966e-6	NA	14810	NA	NA	14810
16136	13.441804742863498	-3.980197592970157	0.88720876560733	2.4765269509020547e-7	3.217335847229966e-6	NA	16136	NA	NA	16136
7218	375.7090582158643	-1.6795524375879627	0.3637341489140526	2.4873303078933164e-7	3.227062341460789e-6	TRP-AGG2-6	7218	NA	tRNA-Pro (anticodon AGG) 2-6	7218
7409	735.0250457392807	-1.584598172718394	0.3425743327861167	2.587720401174538e-7	3.3483794366527714e-6	VAV1	7409	ENSG00000141968	vav guanine nucleotide exchange factor 1	7409
8231	389.0854816183031	-2.0792531398150325	0.44355474559268876	2.6288999721628953e-7	3.3948919945761186e-6	CND	8231	NA	Corneal dermoids	8231
9048	322.76330654529914	-2.189561583046481	0.5049868670077938	2.757277282666054e-7	3.5489003437806926e-6	ARTN	9048	ENSG00000117407	artemin	9048
10868	126.15944250995292	-1.2565676716733247	0.2597266651160279	2.805654704114044e-7	3.6063967104863545e-6	USP20	10868	ENSG00000136878	ubiquitin specific peptidase 20	10868
3266	1507.8093508146676	-1.1313610395020344	0.23443050910930985	2.8653270433243335e-7	3.6782407381355443e-6	ERAS	3266	ENSG00000187682	ES cell expressed Ras	3266
7871	513.1025235897129	-1.6368966884921619	0.3378897685225337	2.8986039383439217e-7	3.7160560766871582e-6	SLMAP	7871	ENSG00000163681	sarcolemma associated protein	7871
6393	622.3360262633576	-1.9707449211564223	0.448627952614424	2.980620359108503e-7	3.816174526882275e-6	NA	6393	NA	NA	6393
12588	93.1853112617573	-2.162244963618592	0.4507110906945821	3.1251990347158757e-7	3.975130615333703e-6	NA	12588	NA	NA	12588
12013	79.82182400367991	-2.7661579084265644	0.5768966884396329	3.180441845708759e-7	4.0374806757559136e-6	NA	12013	NA	NA	12013
8342	246.4857987105283	-1.606185810233838	0.3492212238327935	3.231084356098804e-7	4.096425580067676e-6	H2BC14	8342	ENSG00000273703	H2B clustered histone 14	8342
10604	210.41781779191496	-1.5144067732462407	0.3175629136878468	3.266214226761206e-7	4.132886545318585e-6	NA	10604	NA	NA	10604
9003	323.60512111531057	-1.7531763263972662	0.3860380739907888	3.271260884141075e-7	4.136582720355391e-6	NA	9003	NA	NA	9003
9678	161.50588135635863	-1.2244317346322813	0.2553934899554797	3.3795156354847944e-7	4.267053759420006e-6	PHF14	9678	ENSG00000106443	PHD finger protein 14	9678
17073	12.505018625323729	-5.0228799937508635	1.0993184920507837	3.617490876163103e-7	4.539006443649913e-6	NA	17073	NA	NA	17073
13513	27.875952283178215	-2.54939205457329	0.5559036752469259	3.731536280025619e-7	4.673064835622817e-6	NA	13513	NA	NA	13513
12161	73.18845336431363	-2.634435418471174	0.5539848417398994	3.8176896670970605e-7	4.768681554003588e-6	NA	12161	NA	NA	12161
9675	195.7945909084336	-2.2789487948424836	0.5451510025866321	3.8201876440105797e-7	4.768740971141109e-6	TTI1	9675	ENSG00000101407	TELO2 interacting protein 1	9675
13080	73.82648965386895	-4.446619117837439	0.9259939114752521	3.8366299900828087e-7	4.786195912628304e-6	NA	13080	NA	NA	13080
5388	832.1791519778398	-1.1948303741799646	0.25198106296135336	3.8823771921035425e-7	4.837064182812231e-6	NA	5388	NA	NA	5388
9376	227.48991451542892	-1.4181372875720837	0.30388216897869863	3.901313896806121e-7	4.855337684062569e-6	SLC22A8	9376	ENSG00000149452	solute carrier family 22 member 8	9376
5940	904.2056252146436	-1.217218194155971	0.2572738819683068	3.9982009798200926e-7	4.963402919117989e-6	RBMY1A1	5940	ENSG00000234414	RNA binding motif protein Y-linked family 1 member A1	5940
11163	58.608128131065634	-1.4264229608945984	0.30011504212254264	4.0310844715624724e-7	4.996747445928489e-6	NUDT4	11163	ENSG00000173598	nudix hydrolase 4	11163
3104	1285.2175208706594	-1.0369965770143954	0.21562547136901572	4.0782639007642307e-7	5.042382069426474e-6	ZBTB48	3104	ENSG00000204859	zinc finger and BTB domain containing 48	3104
1974	1993.788882205578	-1.1946444341024058	0.253682786483101	4.099410353501811e-7	5.062095487912357e-6	EIF4A2	1974	ENSG00000156976	eukaryotic translation initiation factor 4A2	1974
6513	719.6594514095193	-1.2636355162389745	0.26429686955282766	4.1723483235324645e-7	5.145259038112602e-6	SLC2A1	6513	ENSG00000117394	solute carrier family 2 member 1	6513
11406	90.60834778179024	-1.8070107688564954	0.39536865185908815	4.1746899034889264e-7	5.145259038112602e-6	NA	11406	NA	NA	11406
9737	87.4265551631152	-1.6215556223301113	0.35125572383968656	4.2151110795975097e-7	5.191789665825768e-6	GPRASP1	9737	ENSG00000198932	G protein-coupled receptor associated sorting protein 1	9737
8375	264.7770475595766	-1.7207060990790393	0.38228587385994245	4.2590109533160765e-7	5.24254346378774e-6	NA	8375	NA	NA	8375
10988	70.67159947284556	-1.689371154658568	0.3625564962511755	4.272894103149786e-7	5.2562144731350705e-6	METAP2	10988	ENSG00000111142	methionyl aminopeptidase 2	10988
10941	131.77890497629326	-1.2565847272801856	0.2634410778407974	4.335512527568866e-7	5.316534927474336e-6	UGT2A1	10941	ENSG00000173610	UDP glucuronosyltransferase family 2 member A1 complex locus	10941
2	296764.30823338026	-1.3450180831113017	0.29017452424021717	4.3791421319087746e-7	5.366655228531276e-6	A2M	2	ENSG00000175899	alpha-2-macroglobulin	2
1481	3335.881282700983	-1.6092716700741447	0.3601243520249339	4.463929119465765e-7	5.460246674665195e-6	CSTP2	1481	ENSG00000277975	cystatin pseudogene 2	1481
15041	16.578768832390505	-2.9409742638429335	0.6401026935170023	4.4799837600830556e-07	5.473004642496946e-6	NA	15041	NA	NA	15041
1909	2037.6823892225052	-1.033064925986551	0.21564186134045205	4.4889710254740687e-7	5.480543608955512e-6	EDNRA	1909	ENSG00000151617	endothelin receptor type A	1909
4165	1496.711492679321	-1.5905237802823293	0.3546754625174599	4.6340759989240095e-7	5.6470728249881116e-6	NA	4165	NA	NA	4165
9038	171.65921118891035	-1.298419992306562	0.27262123725259446	4.632308331289773e-7	5.6470728249881116e-6	TAAR5	9038	ENSG00000135569	trace amine associated receptor 5	9038
10633	116.54023514217498	-1.3600648864703166	0.2897708386366872	4.7587205120328157e-7	5.784475945326085e-6	RASL10A	10633	ENSG00000100276	RAS like family 10 member A	10633
13921	31.338949864488523	-1.7310747564726605	0.37244400906183295	4.804163296798014e-7	5.836068783956688e-6	NA	13921	NA	NA	13921
9711	315.53292248005533	-1.8934884981502502	0.41052642268268086	4.821269758758506e-7	5.84590222898438e-6	RUBCN	9711	ENSG00000145016	rubicon autophagy regulator	9711
10150	299.56604036945305	-1.8150734557033263	0.4003456644913944	4.921446290492313e-7	5.959941895412003e-6	MBNL2	10150	ENSG00000139793	muscleblind like splicing regulator 2	10150
5854	557.0308514030045	-1.0582754708625053	0.22160531553677532	5.019544778764717e-7	6.0749602574340896e-6	NA	5854	NA	NA	5854
9736	180.79414313714156	-1.4047712396510756	0.3020349019106677	5.035198349208174e-7	6.086335097760266e-6	USP34	9736	ENSG00000115464	ubiquitin specific peptidase 34	9736
5535	591.6308646707239	-1.4051306319872865	0.3065953800454188	5.051150390216828e-7	6.098042043673058e-6	PPP3R2	5535	ENSG00000188386	protein phosphatase 3 regulatory subunit B, beta	5535
8469	296.6517511103813	-1.2931901387360285	0.27579854664415854	5.102680545451748e-7	6.152618717164589e-6	NA	8469	NA	NA	8469
11510	76.23248309159982	-1.1976472349164466	0.25176969329099036	5.179790993889198e-7	6.237865874509758e-6	NA	11510	NA	NA	11510
17362	11.340810812626406	-4.864470576526569	1.187845686321436	5.389361532512026e-7	6.474220048408427e-6	NA	17362	NA	NA	17362
9342	261.27278916324	-1.0880984950760169	0.22780497476647382	5.506316418919702e-7	6.5984251125982965e-6	SNAP29	9342	ENSG00000099940	synaptosome associated protein 29	9342
11995	68.53520959629688	-1.4112336920293678	0.30267721430727584	5.634656771792622e-7	6.735629940777409e-6	NA	11995	NA	NA	11995
12542	32.923314907974344	-1.8844122736069124	0.41100777205110806	5.631595571376044e-7	6.735629940777409e-6	NA	12542	NA	NA	12542
6934	509.7374628298992	-1.0262055851231946	0.2152385381054642	5.675255466791684e-7	6.775837217130857e-6	TCF7L2	6934	ENSG00000148737	transcription factor 7 like 2	6934
11432	122.38660887774579	-2.7022055916921497	0.6736982185543676	5.807174458072171e-7	6.924842042190105e-6	NA	11432	NA	NA	11432
6914	526.6374426746925	-1.468016129808171	0.3257514404406214	6.03642212620863e-7	7.1708147775961525e-6	TBXA1R	6914	NA	thromboxane A1 receptor	6914
14048	38.83957292576383	-1.6621578476203103	0.3611334293741468	6.093667636741713e-7	7.222220820866655e-6	NA	14048	NA	NA	14048
10239	278.9918855594238	-1.386248211232997	0.3023416563116241	6.293137050629115e-7	7.445029795884085e-6	AP3S2	10239	ENSG00000157823	adaptor related protein complex 3 subunit sigma 2	10239
11082	174.20552787461915	-2.567037056240444	0.5516910843681082	6.375090739963278e-7	7.5328257978400335e-6	ESM1	11082	ENSG00000164283	endothelial cell specific molecule 1	11082
10765	117.99937609659194	-1.3403125995981746	0.2865960880169393	6.448918065295375e-7	7.615436557567553e-6	KDM5B	10765	ENSG00000117139	lysine demethylase 5B	10765
14283	27.56002428656256	-2.835468268263488	0.627073582409612	6.515721077059105e-7	7.684996841251347e-6	NA	14283	NA	NA	14283
4568	491.6432363834602	-1.0394244056364637	0.22034418572106748	6.714200898903223e-7	7.899943391387885e-6	TRNL2	4568	NA	tRNA-Leu	4568
13867	21.16941550796073	-3.019185399759666	0.7073834493801798	6.720468096426878e-7	7.902539554354288e-6	NA	13867	NA	NA	13867
14618	32.44538885768758	-4.864852179043917	1.0580347594635917	6.976489854637708e-7	8.188749641803645e-6	NA	14618	NA	NA	14618
4851	617.7124714727078	-1.3200087893500472	0.2876740230876046	6.994156619910812e-7	8.204537792651254e-6	NOTCH1	4851	ENSG00000148400	notch receptor 1	4851
6731	486.5095003553164	-1.8074476336552527	0.4190165619086308	7.087941747163729e-7	8.294554079468029e-6	SRP72	6731	ENSG00000174780	signal recognition particle 72	6731
12206	50.536677825766795	-2.7348380568100255	0.5914675219570992	7.188361789047367e-7	8.391884149769096e-6	NA	12206	NA	NA	12206
7515	457.28436381664545	-1.0531139128761047	0.2242136914402996	7.211974967891686e-7	8.409361584789701e-6	XRCC1	7515	ENSG00000073050	X-ray repair cross complementing 1	7515
13090	61.14392890735472	-1.1938900769402316	0.2542816901551073	7.218984572826333e-7	8.412494537231932e-6	NA	13090	NA	NA	13090
13720	25.368378817369432	-1.6587763412002359	0.3613112938756655	7.25515309384845e-7	8.439482029849653e-6	NA	13720	NA	NA	13720
12410	20.717829501323767	-3.1552020547184787	0.7272609642085942	7.269827416551274e-7	8.44330960517635e-6	NA	12410	NA	NA	12410
11772	132.32568156358934	-2.308383091142874	0.49947554650400916	7.292743504295234e-7	8.4629744387054e-6	NA	11772	NA	NA	11772
10788	112.69912493869862	-1.6455721427739973	0.35750477384380125	7.548182761471462e-7	8.733364133234014e-6	IQGAP2	10788	ENSG00000145703	IQ motif containing GTPase activating protein 2	10788
11793	55.33458821042858	-2.6732451091871945	0.5796425238899453	7.60780922851848e-7	8.782225256020679e-6	NA	11793	NA	NA	11793
9782	287.2390993957177	-1.2415598556570049	0.2693365687784784	7.649252044953569e-7	8.824071964839443e-6	MATR3	9782	ENSG00000015479	matrin 3	9782
851	5500.252793243573	-1.06509378487872	0.22788421569954267	7.683929416839945e-7	8.85882407471103e-6	NA	851	NA	NA	851
11104	182.16388889170975	-1.7438096961949647	0.37658093455458896	7.790098606061122e-7	8.959994620127392e-6	KATNA1	11104	ENSG00000186625	katanin catalytic subunit A1	11104
7794	314.60572862721773	-1.623676210362821	0.37084011551673357	7.802236066150302e-7	8.968654228195572e-6	NA	7794	NA	NA	7794
10862	124.14969149823303	-1.4675670870400974	0.3256680451260687	7.82211808966856e-7	8.986200716826438e-6	NA	10862	NA	NA	10862
4757	722.0593667478363	-1.1036473819993113	0.236534353913129	7.910798179497217e-7	9.077361047829915e-6	NA	4757	NA	NA	4757
15576	10.932316058037813	-3.9272400762896487	0.8642531224430996	7.943468978342712e-7	9.109478478935032e-6	NA	15576	NA	NA	15576
13066	47.9237576730634	-1.5033764664791287	0.3304579073998021	8.0351341902743e-7	9.209172348464555e-6	NA	13066	NA	NA	13066
8691	255.13005866312895	-1.771221264553724	0.4093274764086905	8.410661777305727e-7	9.599993480829722e-6	IDDM17	8691	NA	insulin dependent diabetes mellitus 17	8691
5342	594.200097649605	-1.17527368480505	0.2545438270041995	8.55400776820948e-7	9.757886587170265e-6	PLGLB2	5342	ENSG00000125551	plasminogen like B2	5342
10934	66.13148789147928	-2.2477352296014077	0.5378984201669169	8.618123353422457e-7	9.811876309626539e-6	MORF4	10934	NA	mortality factor 4 (pseudogene)	10934
6893	478.7835796204542	-1.3917252352474827	0.31085900418499274	8.802828423980474e-7	9.983207689923311e-6	TAPVR1	6893	NA	total anomalous pulmonary venous return 1	6893
9520	81.167218380531	-1.8773965496920788	0.417682200988285	8.815630894320815e-7	9.991904067232228e-6	NPEPPS	9520	ENSG00000141279	aminopeptidase puromycin sensitive	9520
13665	38.76588410044464	-1.7670613750351216	0.39198368147126844	9.058506193051252e-7	1.0255240780859244e-5	NA	13665	NA	NA	13665
8096	186.22027596541713	-1.5175430520471582	0.34381257578842156	9.557086107268836e-7	1.0775808385490083e-5	NA	8096	NA	NA	8096
15617	11.937741917556169	-3.120443892688758	0.6984189987072896	9.601042994842982e-7	1.08191023579988e-5	NA	15617	NA	NA	15617
10366	113.87533258659406	-1.1798823701437824	0.25534602689721186	9.969328258954221e-7	1.1195216228938724e-5	NA	10366	NA	NA	10366
8871	343.53348483406586	-1.149571911707131	0.2482241309559276	1.0010647232554917e-6	1.1235132975360508e-5	SYNJ2	8871	ENSG00000078269	synaptojanin 2	8871
7396	122.52481671426989	-1.6550174254922958	0.36706763132959724	1.0037785398668626e-6	1.1259097501065713e-5	USH1E	7396	NA	Usher syndrome 1E (autosomal recessive, severe)	7396
11072	82.06306682347103	-1.6237702401962906	0.3659276388532489	1.0107768648075608e-6	1.1318025642128851e-5	DUSP14	11072	ENSG00000276023	dual specificity phosphatase 14	11072
13869	32.15159097879963	-1.5615351613888417	0.3454962713534065	1.0243896842525252e-6	1.1459433574873436e-5	NA	13869	NA	NA	13869
6354	698.4161319069425	-1.2798625155708057	0.28593380145062686	1.02959899775036e-6	1.1495712045450231e-5	CCL7	6354	ENSG00000108688	C-C motif chemokine ligand 7	6354
5809	1105.3723423547253	-1.6213833448037245	0.3632268368221008	1.06881863818248e-6	1.1892669821423239e-5	NA	5809	NA	NA	5809
14391	30.05964281327712	-2.527315180462248	0.5899645010776785	1.087397627752208e-6	1.2085576946708008e-5	NA	14391	NA	NA	14391
8336	373.9942252126144	-1.5238961562848339	0.3509016555655669	1.1010079031240513e-6	1.2229860047201577e-5	H2AC17	8336	ENSG00000278677	H2A clustered histone 17	8336
197	11938.941774978099	-1.0859824801480347	0.23757338116481275	1.10473708506268e-6	1.2264283178781983e-5	AHSG	197	ENSG00000145192	alpha 2-HS glycoprotein	197
14876	20.74852571724614	-1.961799813810684	0.4409035867634317	1.121382194865853e-6	1.243488256084579e-5	NA	14876	NA	NA	14876
5942	764.0473092092719	-1.2452149462907136	0.2754130436244047	1.1799806593894911e-6	1.3025299836856996e-5	RBMY1C	5942	NA	RNA binding motif protein Y-linked family 1 member C	5942
11729	82.69209482487372	-1.2013960773779107	0.2622348187631356	1.1813058076694593e-6	1.3032535330530242e-5	NA	11729	NA	NA	11729
10098	239.1477993839615	-1.9885671800994122	0.4902944815015098	1.2056961531875124e-6	1.3286553135437247e-5	TSPAN5	10098	ENSG00000168785	tetraspanin 5	10098
9161	413.42090694413355	-1.500201628868348	0.328386247066271	1.2180959652930513e-6	1.3415600215375251e-5	NA	9161	NA	NA	9161
4560	842.0032230579851	-1.1102807587547645	0.24466995103279926	1.2205800228744393e-6	1.3427760217727226e-5	NA	4560	NA	NA	4560
4542	528.6412185996211	-1.4548287740422343	0.3306975480220143	1.2494610817026446e-6	1.3714473835879958e-5	MYO1F	4542	ENSG00000142347	myosin IF	4542
10268	122.08698125628582	-1.920264594566494	0.4528742182954513	1.253191133420923e-6	1.3747662146282175e-5	RAMP3	10268	ENSG00000122679	receptor activity modifying protein 3	10268
11235	71.80768132218431	-1.8445042370441849	0.4235021797491264	1.2638976043533253e-6	1.3849499593648685e-5	PDCD10	11235	ENSG00000114209	programmed cell death 10	11235
9730	81.35982288778345	-1.3792123324199463	0.30590202709006376	1.283853667173675e-6	1.4044449812741367e-5	DCAF1	9730	ENSG00000145041	DDB1 and CUL4 associated factor 1	9730
14666	29.616495932282422	-1.9504367946121264	0.44166100006595505	1.3104132730109074e-6	1.4278808905971593e-5	NA	14666	NA	NA	14666
12569	73.56240581738065	-2.3154880756840726	0.5152175279269487	1.3185515802262748e-6	1.4358026959120524e-5	NA	12569	NA	NA	12569
7855	64.45548234110734	-1.3966464611738576	0.31300250658007844	1.3894587809331692e-6	1.507260721055764e-5	FZD5	7855	ENSG00000163251	frizzled class receptor 5	7855
9597	218.90790306160173	-1.1705831889910308	0.2603501154428026	1.432447148509767e-6	1.550436816304148e-5	SMAD5-AS1	9597	ENSG00000164621	SMAD5 antisense RNA 1	9597
4875	582.5413801642737	-1.1647302535663686	0.2602369472650157	1.489132218472317e-6	1.609106168999987e-5	NPM1P6	4875	NA	nucleophosmin 1 pseudogene 6	4875
3507	2065.44495983725	-1.0325224127894863	0.22440643094813528	1.5088651318711646e-6	1.6295241027383316e-5	IGHM	3507	ENSG00000211899	immunoglobulin heavy constant mu	3507
8796	160.8987208934314	-1.8763927854908438	0.4566307465063653	1.5163894856939054e-6	1.6349282981212795e-5	SCEL	8796	ENSG00000136155	sciellin	8796
2176	1485.3384610353544	-1.3266175559683127	0.3036447498071682	1.5279858584159942e-6	1.6465189806552415e-5	FANCC	2176	ENSG00000158169	FA complementation group C	2176
10612	197.21513126140493	-1.756322333689149	0.39133058233508816	1.550726767028957e-6	1.6664104700800955e-5	TRIM3	10612	ENSG00000110171	tripartite motif containing 3	10612
8460	404.45136086669663	-1.7574491093533309	0.4200515697684802	1.5637021731765993e-6	1.6785001650408054e-5	TPST1	8460	ENSG00000169902	tyrosylprotein sulfotransferase 1	8460
8569	408.7445531810508	-1.7510270604340532	0.39042845390078	1.5776062904128855e-6	1.6915590092410556e-5	MKNK1	8569	ENSG00000079277	MAPK interacting serine/threonine kinase 1	8569
7829	384.85655284027587	-1.0579312086183306	0.23369976796399353	1.5893253561016067e-6	1.703186164928049e-5	NA	7829	NA	NA	7829
8798	364.644391363638	-2.1475646315692427	0.5580327544188958	1.5992434012376928e-6	1.7119293636681373e-5	DYRK4	8798	ENSG00000010219	dual specificity tyrosine phosphorylation regulated kinase 4	8798
5851	874.1323388557577	-1.0986832614045972	0.24480371896639977	1.658337043902797e-6	1.7654757774284647e-5	NA	5851	NA	NA	5851
4462	1324.5329801117982	-1.6551503027915841	0.36923941686247547	1.6726866563893266e-6	1.7778347908242866e-5	NA	4462	NA	NA	4462
14727	19.503132178082435	-2.682151707584792	0.6478558883407307	1.6865520616726036e-6	1.790183818313385e-5	NA	14727	NA	NA	14727
1254	2002.2621896654296	-2.129577204547069	0.5602483037082419	1.6996984701042557e-6	1.8013307166288907e-5	CMTX3	1254	NA	Charcot-Marie-Tooth neuropathy, X-linked 3 (dominant)	1254
9836	328.55144415058885	-1.8683008368533196	0.42730271492924493	1.7012722147700022e-6	1.8013307166288907e-5	LCMT2	9836	ENSG00000168806	leucine carboxyl methyltransferase 2	9836
8587	132.8644360100671	-1.0248402038218882	0.225392205755577	1.722634318362417e-6	1.821966655959293e-5	OR7E2P	8587	ENSG00000255203	olfactory receptor family 7 subfamily E member 2 pseudogene	8587
10692	209.63679773533863	-1.1220566476953653	0.25008577348220734	1.7442262018575425e-6	1.8408018500189608e-5	RRH	10692	ENSG00000180245	retinal pigment epithelium-derived rhodopsin homolog	10692
15021	26.759211645419978	-1.544862134020102	0.3497411897314538	1.768436341343003e-6	1.8653409018361074e-5	NA	15021	NA	NA	15021
9169	227.92398854415134	-1.6785467742550981	0.3940320667051982	1.7984439529813588e-6	1.8949386989155508e-5	SCAF11	9169	ENSG00000139218	SR-related CTD associated factor 11	9169
13516	37.63590640203539	-1.8305430473993651	0.41985618861811214	1.8132151878317728e-6	1.908435952968855e-5	NA	13516	NA	NA	13516
13841	21.352400945477424	-1.7978934337082841	0.4116240614445674	1.8215701385692277e-6	1.9161933225240942e-5	NA	13841	NA	NA	13841
9858	223.5278738500345	-1.706676297801198	0.41326306200400387	1.8258204636089078e-6	1.9196267986111808e-5	PPP1R26	9858	ENSG00000196422	protein phosphatase 1 regulatory subunit 26	9858
9089	218.59786135928323	-1.0820983714612606	0.24134028480301273	1.8521672410001735e-6	1.946275738504556e-5	NA	9089	NA	NA	9089
10339	210.75216145293027	-2.158925558826969	0.4880949965971783	1.869196349360817e-6	1.9620512489164433e-5	NA	10339	NA	NA	10339
10245	283.47371443338136	-1.9465115589278827	0.4584825304599524	1.915992729305789e-6	2.0100881134781652e-5	TIMM17B	10245	ENSG00000126768	translocase of inner mitochondrial membrane 17B	10245
13562	52.05627825600769	-1.5411873577958763	0.35059010097458704	1.9576602873740616e-6	2.049382832306972e-5	NA	13562	NA	NA	13562
9751	212.51908091439444	-1.0614743061921637	0.23661071750779356	1.95944264646275e-6	2.0501458786457835e-5	SNPH	9751	ENSG00000101298	syntaphilin	9751
11528	57.774555480380805	-1.2773973490319277	0.28675132295753025	1.971121850910498e-6	2.061257514270242e-5	NA	11528	NA	NA	11528
13622	26.793574607231633	-1.8355564959667139	0.425155224861466	1.990984089902593e-6	2.0809098482059273e-5	NA	13622	NA	NA	13622
14737	25.410718128098416	-4.109093441216662	0.9392247294833789	2.021130815655385e-6	2.110151652546644e-5	NA	14737	NA	NA	14737
13007	44.82351396992518	-1.999839190188111	0.4661423331554299	2.0301952755805826e-6	2.1172589682812176e-5	NA	13007	NA	NA	13007
2155	1467.2323630277724	-1.1334400431181502	0.25720160203916814	2.051012146038443e-6	2.1356205122554383e-5	F7	2155	ENSG00000057593	coagulation factor VII	2155
9582	276.04531824005437	-1.4933824678048084	0.3484143486065135	2.0596919781919807e-6	2.1423658785459183e-5	APOBEC3B	9582	ENSG00000179750	apolipoprotein B mRNA editing enzyme catalytic subunit 3B	9582
13896	24.95997000012019	-2.3380427332208993	0.564374528853923	2.078164818454205e-6	2.1581198256103136e-5	NA	13896	NA	NA	13896
7998	274.62478680977495	-1.0072910548972482	0.22357215570327785	2.0824598660260305e-6	2.1614267441457377e-5	NA	7998	NA	NA	7998
3196	1357.693573982004	-1.1253970986071218	0.2546902944924173	2.1056350703295887e-6	2.183152056669373e-5	TLX2	3196	ENSG00000115297	T cell leukemia homeobox 2	3196
8816	288.96826628996894	-1.5452594452558943	0.3652700436429338	2.116411315706699e-6	2.1931565822666702e-5	DCAF5	8816	ENSG00000139990	DDB1 and CUL4 associated factor 5	8816
13359	25.41614301239235	-1.9843594005146972	0.4673173204266792	2.173470916488814e-6	2.2464262406556706e-5	NA	13359	NA	NA	13359
9568	309.3834716299938	-1.5949246589480013	0.3597722591392877	2.182501423594181e-6	2.2544405628750718e-5	GABBR2	9568	ENSG00000136928	gamma-aminobutyric acid type B receptor subunit 2	9568
7467	490.84975553374403	-1.2984413978512133	0.29352224036246594	2.1921366782861125e-6	2.2631921430305592e-5	WHCR	7467	NA	Wolf-Hirschhorn syndrome	7467
7506	193.73752972154637	-1.5785911749713815	0.36727700863008544	2.2085280018209676e-6	2.2789058029394405e-5	XM	7506	NA	Xm(a) antigen	7506
5018	401.9787912290826	-1.1229795341059112	0.2541768306154888	2.2117365456874835e-6	2.2797989891750064e-5	OXA1L	5018	ENSG00000155463	OXA1L mitochondrial inner membrane protein	5018
8703	156.91615731844075	-1.29747656214432	0.29728492740184637	2.21078986180319e-6	2.2797989891750064e-5	B4GALT3	8703	ENSG00000158850	beta-1,4-galactosyltransferase 3	8703
5155	674.5613829949574	-1.069363360958732	0.24120479241888862	2.2218669990710247e-6	2.2890287807793124e-5	PDGFB	5155	ENSG00000100311	platelet derived growth factor subunit B	5155
6757	730.9299168550067	-1.0482376621835376	0.2360945110339054	2.2346084563386534e-6	2.3009373105188644e-5	SSX2	6757	ENSG00000241476	SSX family member 2	6757
14318	35.65021310847032	-2.835223209243561	0.6491775935996592	2.2747999897161004e-6	2.337375005272705e-5	NA	14318	NA	NA	14318
15171	17.073491282568188	-3.7461170963463446	0.9260528268146185	2.320915940977127e-6	2.379733673727917e-5	NA	15171	NA	NA	15171
13565	32.318822620084646	-2.301578260109155	0.550218076210627	2.3453786587410762e-6	2.4022849514610568e-5	NA	13565	NA	NA	13565
10286	158.50810072485595	-1.0940548527824778	0.24490213756087853	2.3502789124371714e-6	2.4060377651204518e-5	BCAS2	10286	ENSG00000116752	BCAS2 pre-mRNA processing factor	10286
10186	145.32161337050965	-1.1850404176390004	0.2705162035214564	2.388919731363128e-6	2.4379007284770756e-5	LHFPL6	10186	ENSG00000183722	LHFPL tetraspan subfamily member 6	10186
10334	122.34837638632312	-1.5781926584224455	0.36580159646921284	2.403978424809154e-6	2.4494148756654943e-5	NA	10334	NA	NA	10334
3281	1150.5356293179025	-1.2852377301581728	0.30149709692321425	2.6054683563238722e-6	2.6381383809791302e-5	HSBP1	3281	ENSG00000230989	heat shock factor binding protein 1	3281
7431	661.9221481059194	-1.5876422811866369	0.3878502245686295	2.6041829791295276e-6	2.6381383809791302e-5	VIM	7431	ENSG00000026025	vimentin	7431
9896	246.3506985078174	-2.268199025366861	0.5974775354269813	2.6159583433259216e-6	2.647382491911896e-5	FIG4	9896	ENSG00000112367	FIG4 phosphoinositide 5-phosphatase	9896
3854	915.2720798938648	-1.2822793262223182	0.3000585036379599	2.6286096618739727e-6	2.658803151233336e-5	KRT6B	3854	ENSG00000185479	keratin 6B	3854
8424	269.6730598128416	-1.4453252490510018	0.3434093219768428	2.6461797534414358e-6	2.672408104915609e-5	BBOX1	8424	ENSG00000129151	gamma-butyrobetaine hydroxylase 1	8424
10679	137.96741176815283	-1.2998775370912508	0.2962333460674321	2.6824529969584414e-6	2.7020299054766165e-5	NA	10679	NA	NA	10679
10563	113.95371836801469	-1.1011151290819337	0.24876811064048296	2.7921001660849992e-6	2.799436441637309e-5	CXCL13	10563	ENSG00000156234	C-X-C motif chemokine ligand 13	10563
13017	68.48371651492013	-1.9742801337219569	0.46981923541528403	2.860436404179012e-6	2.8605833947444888e-5	NA	13017	NA	NA	13017
2861	1390.2368849386685	-1.7316713479461279	0.43634070543124315	2.925898363970463e-6	2.9198600239297787e-5	GPR37	2861	ENSG00000170775	G protein-coupled receptor 37	2861
8943	255.35651622674322	-1.77230287383844	0.4378777962944354	2.9251974215209145e-6	2.9198600239297787e-5	AP3D1	8943	ENSG00000065000	adaptor related protein complex 3 subunit delta 1	8943
336	5588.474964658478	-1.2089989048622118	0.2795404661681008	2.9326659789197125e-6	2.923801875807199e-5	APOA2	336	ENSG00000158874	apolipoprotein A2	336
8156	167.57263598935046	-1.6663739008796863	0.39203311636798416	2.9527799017930873e-6	2.9408418458953568e-5	NA	8156	NA	NA	8156
1183	1666.0585535396544	-1.3746351687411946	0.3286107195353081	3.0050959006233423e-6	2.986832038918839e-5	CLCN4	1183	ENSG00000073464	chloride voltage-gated channel 4	1183
9077	254.05891025816805	-1.3701408645042825	0.3237528193587235	3.0385902993978493e-6	3.017041113090895e-5	DIRAS3	9077	ENSG00000162595	DIRAS family GTPase 3	9077
321	8099.329624039171	-1.166062261299678	0.27365538827151004	3.1338438703720606e-6	3.100545783493171e-5	APBA2	321	ENSG00000034053	amyloid beta precursor protein binding family A member 2	321
7952	276.9776255243739	-1.7179822307436703	0.43099461255904953	3.149926968801472e-6	3.114874427837675e-5	TNDM	7952	NA	diabetes mellitus, transient neonatal	7952
12303	49.341002752289384	-1.2661388056659746	0.291214519991949	3.166101678925058e-6	3.1276905976426675e-5	NA	12303	NA	NA	12303
11022	73.65722947055237	-1.5627344249386625	0.3718781758269722	3.1691984841356863e-6	3.1291614256603036e-5	TDRKH	11022	ENSG00000182134	tudor and KH domain containing	11022
4566	1299.5398766950211	-1.0539585891437855	0.23881206951096315	3.189045879440777e-6	3.14645540715116e-5	TRNK	4566	NA	tRNA-Lys	4566
15180	19.58978053913698	-2.928106082332415	0.7308240122205855	3.189947339966723e-6	3.14645540715116e-5	NA	15180	NA	NA	15180
9532	150.6699994897328	-1.6169592372645374	0.39598638595613467	3.221840626217739e-6	3.1763039729900414e-5	BAG2	9532	ENSG00000112208	BAG cochaperone 2	9532
9573	268.772316239912	-2.0883529875083884	0.5635338545438185	3.2294351709604132e-6	3.182179132256233e-5	GDF3	9573	ENSG00000184344	growth differentiation factor 3	9573
13101	46.16630362798024	-2.545724541024708	0.6581992648410154	3.2514569159484404e-6	3.199019365079504e-5	NA	13101	NA	NA	13101
13456	35.09931711984858	-1.6909692170765607	0.40559410187027556	3.34000429079813e-6	3.2844781962214455e-5	NA	13456	NA	NA	13456
3031	1254.535960590569	-1.097147912901503	0.253732236119196	3.3557390942287997e-6	3.298284773373064e-5	HADHAP1	3031	ENSG00000251596	HADHA pseudogene 1	3031
10079	113.77470155253	-1.1757651547301342	0.2689803719309662	3.3774752322210402e-6	3.316298965401295e-5	ATP9A	10079	ENSG00000054793	ATPase phospholipid transporting 9A (putative)	10079
8774	331.9913263214096	-1.3361870754721692	0.3154425196004638	3.399487105006107e-6	3.3345473059739845e-5	NAPG	8774	ENSG00000134265	NSF attachment protein gamma	8774
9301	220.11179521658735	-1.8701934376101663	0.4839998943101203	3.4574260167712054e-6	3.387964134561149e-5	SNORD27	9301	ENSG00000275996	small nucleolar RNA, C/D box 27	9301
9147	254.24558458935425	-1.2161217136969613	0.28085345770692066	3.5063415167753566e-6	3.430714542884124e-5	NEMF	9147	ENSG00000165525	nuclear export mediator factor	9147
12935	20.481020708079203	-2.1539711245126614	0.5180865083636338	3.534303105539545e-6	3.456335313412316e-5	NA	12935	NA	NA	12935
13566	49.89661249145578	-1.4525619177853917	0.34096027153089753	3.552976655254887e-6	3.4728517673488376e-5	NA	13566	NA	NA	13566
13275	60.845333974700324	-2.9729321055091398	0.6961793744704324	3.6878804099254346e-6	3.595683399677299e-5	NA	13275	NA	NA	13275
4609	1318.0322609438092	-1.7772405027922262	0.4455697297633127	3.701753551007608e-6	3.607402396402557e-5	MYC	4609	ENSG00000136997	MYC proto-oncogene, bHLH transcription factor	4609
9008	169.39099215243783	-1.270676545873331	0.29800744549394503	3.8044731097417386e-6	3.701942559434199e-5	NA	9008	NA	NA	9008
11909	101.60376840866104	-1.5594729848651014	0.3744288192345554	3.829361223785847e-6	3.724297789909864e-5	NA	11909	NA	NA	11909
6286	62.493229320596896	-1.1271300806711941	0.26002040714513985	3.917389560627073e-6	3.7967029504415395e-5	S100P	6286	ENSG00000163993	S100 calcium binding protein P	6286
10279	68.70791199780709	-1.9575797090458336	0.5044098280003543	3.937491258381844e-6	3.812314297481048e-5	PRSS16	10279	ENSG00000112812	serine protease 16	10279
4073	963.435344259819	-1.2737397667505368	0.3048051458207717	3.951815712684391e-6	3.8223799992321536e-5	NA	4073	NA	NA	4073
5243	1075.0641109330402	-1.9791128394707207	0.5387559746898223	3.978135437484044e-6	3.844016571443743e-5	ABCB1	5243	ENSG00000085563	ATP binding cassette subfamily B member 1	5243
12342	83.02329091587545	-2.163153784188664	0.5089079516992336	4.031317554025334e-6	3.891541216214634e-5	NA	12342	NA	NA	12342
12442	45.63041354473306	-2.208076568146223	0.5836121226675033	4.042753388601743e-6	3.9006456963598673e-5	NA	12442	NA	NA	12442
10759	194.14078184567757	-2.111508002524216	0.4965498569072489	4.04699152948263e-6	3.902799908585801e-5	NA	10759	NA	NA	10759
5753	892.1307141477278	-1.6129260347761774	0.40844063626065036	4.059303496715464e-6	3.912734291707759e-5	PTK6	5753	ENSG00000101213	protein tyrosine kinase 6	5753
10570	128.55882895857135	-1.3686716129945347	0.32368793522304407	4.112055642810794e-6	3.955744679423671e-5	DPYSL4	10570	ENSG00000151640	dihydropyrimidinase like 4	10570
9257	433.5570636160423	-1.788325567988018	0.46030672178779997	4.122298570513971e-6	3.963638956559901e-5	NA	9257	NA	NA	9257
12543	40.69317940393122	-1.500752557489769	0.3585141677748678	4.174464253436926e-6	4.0039058075966495e-5	NA	12543	NA	NA	12543
11483	56.69028906163107	-1.3605013418106024	0.32190405142195927	4.246293160259127e-6	4.0707936547686146e-5	NA	11483	NA	NA	11483
10815	237.0473075866182	-2.6514251675564853	0.752030768363114	4.274508751922283e-6	4.095825446635133e-5	CPLX1	10815	ENSG00000168993	complexin 1	10815
11480	19.6148107294636	-1.7377445811929297	0.41486522346317917	4.290714833133959e-6	4.1073094622538115e-5	NA	11480	NA	NA	11480
12056	29.896345407606205	-2.4335960087903783	0.598516098089609	4.315299114248926e-6	4.126783098889353e-5	NA	12056	NA	NA	12056
6663	503.0666522888741	-1.2337764082684113	0.2936857417805435	4.344799298325679e-6	4.1509150291956816e-5	SOX10	6663	ENSG00000100146	SRY-box transcription factor 10	6663
3375	828.6042453249843	-1.250105732321265	0.29910806195985185	4.357337378585519e-6	4.1608509678436105e-5	IAPP	3375	ENSG00000121351	islet amyloid polypeptide	3375
11518	87.80912929614716	-1.6457266730075049	0.4047121827267415	4.359789055088351e-6	4.16115030902768e-5	NA	11518	NA	NA	11518
14071	41.33992495862303	-2.9298119202351156	0.6934136044613882	4.404023578118509e-6	4.1992505072887946e-5	NA	14071	NA	NA	14071
13376	37.340587916547	-1.5901524096832282	0.37951446405781364	4.510472247997393e-6	4.292337428766614e-5	NA	13376	NA	NA	13376
16440	5.313908541256238	-6.350105438704918	2.6323574171383757	4.59291528422747e-6	4.3622608270547e-5	NA	16440	NA	NA	16440
14045	24.089420927998113	-2.4875512081925857	0.6421955137759341	4.642040512992379e-6	4.400328807761553e-5	NA	14045	NA	NA	14045
5242	850.5887125453663	-1.103819174282223	0.26077671110228534	4.790680493394829e-6	4.5323983024772375e-5	NA	5242	NA	NA	5242
12345	78.59186198948636	-1.1535947662121562	0.2696073835165631	4.901322808933305e-6	4.628075845931637e-5	NA	12345	NA	NA	12345
14384	19.021837539406487	-2.529886807821341	0.6236734324345432	4.954447738239706e-6	4.6669171071579344e-5	NA	14384	NA	NA	14384
11951	42.13899701762653	-1.4254694711875697	0.340843622373061	5.028309033164022e-6	4.7296240741616735e-5	NA	11951	NA	NA	11951
1763	1659.1121385107635	-1.1112312499481027	0.26327144387280427	5.181525471182155e-6	4.854967125405678e-5	DNA2	1763	ENSG00000138346	DNA replication helicase/nuclease 2	1763
16858	11.772550904045701	-3.7570145085407782	0.9779096869330867	5.237084654091801e-6	4.897592717601179e-5	NA	16858	NA	NA	16858
13057	69.84573938734057	-1.7769743110030147	0.43232437145327296	5.318087918525362e-6	4.9661856517477004e-5	NA	13057	NA	NA	13057
11758	133.35284532268005	-1.6815455972336302	0.4287406622923125	5.491355399546186e-6	5.1157140943307e-5	NA	11758	NA	NA	11758
9109	217.33689040068697	-1.0149212198734816	0.23746006496420313	5.58431485409805e-6	5.194854272256317e-5	NA	9109	NA	NA	9109
4783	760.5125941458323	-1.2615322388992252	0.3082032821856259	5.804149233867228e-6	5.376227902917189e-5	NFIL3	4783	ENSG00000165030	nuclear factor, interleukin 3 regulated	4783
4474	862.0638464331186	-1.2611358330934974	0.3077903527353915	5.838749030114556e-6	5.4057038475289904e-5	NA	4474	NA	NA	4474
12059	71.21218259143191	-1.3933371495944225	0.3378914622819981	5.850904251662798e-6	5.41438172332904e-5	NA	12059	NA	NA	12059
8147	314.5581846354237	-1.0782596735367382	0.25467204522501424	5.921301400479421e-6	5.476922364768537e-5	NA	8147	NA	NA	8147
11424	124.58469522937524	-1.361532630714042	0.3283398032553333	5.998978277078624e-6	5.543500296781913e-5	NA	11424	NA	NA	11424
12829	72.54121146910222	-1.4096151457973736	0.339285294556971	6.00510182959583e-6	5.546525235204767e-5	NA	12829	NA	NA	12829
15059	24.656177248462406	-4.210755768972393	1.0194541814501201	6.049090166287161e-6	5.584503971827061e-5	NA	15059	NA	NA	15059
1524	2216.984374120817	-1.0774558861085939	0.2569095887104211	6.06156681570683e-6	5.590718094809034e-5	CX3CR1	1524	ENSG00000168329	C-X3-C motif chemokine receptor 1	1524
2674	1811.1164960349581	-1.2518477241305328	0.30609713542164446	6.088527849528969e-6	5.612924702969363e-5	GFRA1	2674	ENSG00000151892	GDNF family receptor alpha 1	2674
15353	23.468033263472243	-2.53925144320934	0.6483448968282315	6.1070130410548694e-6	5.626292857243246e-5	NA	15353	NA	NA	15353
13450	18.536856120917935	-1.9999257187051582	0.49669049861836967	6.190343468833109e-6	5.690612860035953e-5	NA	13450	NA	NA	13450
15046	22.962882286533794	-4.559160480042732	1.1117894217364648	6.262750331194033e-6	5.751740641593538e-5	NA	15046	NA	NA	15046
10272	185.61717656840247	-1.3681547662496865	0.33724171623611743	6.354565758261868e-6	5.825068498423656e-5	FSTL3	10272	ENSG00000070404	follistatin like 3	10272
11379	123.09744428736396	-1.4267917406066009	0.3484696293223711	6.372750986173182e-6	5.838988085777603e-5	NA	11379	NA	NA	11379
15144	17.69287112939185	-2.0479567491650377	0.5104956783835412	6.4145916856545995e-6	5.871795333702924e-5	NA	15144	NA	NA	15144
4144	750.4669313167619	-1.091860235286288	0.261335276417469	6.459444712315547e-6	5.910073039321713e-5	MAT2A	4144	ENSG00000168906	methionine adenosyltransferase 2A	4144
10682	78.0717284153301	-1.5887797167111817	0.39842641789301475	6.496351322659566e-6	5.932683861580376e-5	EBP	10682	ENSG00000147155	EBP cholestenol delta-isomerase	10682
9925	24.60764905491546	-3.17458506015179	0.7718621020262889	6.715044130413172e-6	6.103758702567527e-5	ZBTB5	9925	ENSG00000168795	zinc finger and BTB domain containing 5	9925
13897	40.65739738075325	-1.405586313891107	0.34017860077318895	6.710931714017994e-6	6.103758702567527e-5	NA	13897	NA	NA	13897
11716	63.380792749748885	-2.00659328335129	0.48548937881252135	6.749280138952168e-6	6.129152626418487e-5	NA	11716	NA	NA	11716
15745	19.610540754889325	-3.932251531203376	1.1863375895123065	6.8176276240573975e-6	6.179685663334002e-5	NA	15745	NA	NA	15745
8483	346.05781323604464	-1.0370507491418828	0.24629998554667704	6.9115340645495166e-6	6.250249276496196e-5	CILP	8483	ENSG00000138615	cartilage intermediate layer protein	8483
10152	49.15283790462011	-1.4464357769157488	0.3539242278810264	6.92926230344471e-6	6.257557943727959e-5	ABI2	10152	ENSG00000138443	abl interactor 2	10152
16357	13.082269605203793	-2.367096529728384	0.5902361905703364	6.974764523952571e-6	6.28989306768494e-5	NA	16357	NA	NA	16357
11014	152.1404373347274	-1.5680917037624538	0.37551990853781003	7.027709639345205e-6	6.331771170893382e-5	KDELR2	11014	ENSG00000136240	KDEL endoplasmic reticulum protein retention receptor 2	11014
11525	46.27936453873579	-1.312249938923391	0.3160104323702685	7.496851531835927e-6	6.714046371884904e-5	NA	11525	NA	NA	11525
8273	196.50289192946133	-1.1101021437733547	0.2652599011442438	7.60496532869619e-6	6.798356925207007e-5	SLC10A3	8273	ENSG00000126903	solute carrier family 10 member 3	8273
13791	20.824474372679585	-2.0420646548245207	0.5118377468273534	7.794288282159766e-6	6.954820919720827e-5	NA	13791	NA	NA	13791
13328	60.063543936455034	-1.7877303834511966	0.4625639376697254	7.832775075187705e-6	6.97636776833995e-5	NA	13328	NA	NA	13328
15458	12.801214417500645	-3.1366202709653352	0.8031077407698679	7.899335947401035e-6	7.026004427439285e-5	NA	15458	NA	NA	15458
5329	1058.5240078117706	-1.697044195925705	0.45734046502171527	7.912867272446446e-6	7.034824576933773e-5	PLAUR	5329	ENSG00000011422	plasminogen activator, urokinase receptor	5329
13410	24.007869489722804	-2.010903142258489	0.5052471333245178	8.020430217493211e-6	7.12069308679906e-5	NA	13410	NA	NA	13410
8516	285.43826995668906	-1.2184106029603998	0.29497796918714775	8.062371522935799e-6	7.15466539935493e-5	ITGA8	8516	ENSG00000077943	integrin subunit alpha 8	8516
15134	9.702585267803123	-4.523673022292912	1.2540678499961968	8.1175151234395e-6	7.193759645594541e-5	NA	15134	NA	NA	15134
12781	52.03365259878885	-1.5850818812157494	0.39390188249937946	8.309452829748465e-6	7.347126829610854e-5	NA	12781	NA	NA	12781
346	11707.410690397119	-1.3552368058165796	0.34378738631270384	8.345339346097648e-6	7.375506313097472e-5	APOC4	346	ENSG00000267467	apolipoprotein C4	346
15135	20.062849682459063	-1.8468948212740397	0.46314056128816955	8.486727918859857e-6	7.480082066527703e-5	NA	15135	NA	NA	15135
10552	215.17685065170872	-1.4518466582360612	0.3497235095233946	8.501021661370413e-6	7.48928848130057e-5	ARPC1A	10552	ENSG00000241685	actin related protein 2/3 complex subunit 1A	10552
8845	22.70077224722346	-1.9162684275724573	0.4881066131741815	8.5530197425163e-6	7.528282099009938e-5	NA	8845	NA	NA	8845
15453	16.72402148829122	-1.7866714705435731	0.444264482542495	8.595904396249122e-6	7.562608293643949e-5	NA	15453	NA	NA	15453
14672	19.883280202551145	-2.641696128160382	0.6848769328492434	8.603715842592927e-6	7.562642909336087e-5	NA	14672	NA	NA	14672
3512	1208.6405688038035	-1.6496633072680857	0.4354154498533788	8.650507617495953e-6	7.596910141881262e-5	JCHAIN	3512	ENSG00000132465	joining chain of multimeric IgA and IgM	3512
8791	429.8630296010299	-1.3740126045030734	0.3300491075737235	8.673564568425497e-6	7.613723052148335e-5	NA	8791	NA	NA	8791
11506	82.18883561736541	-1.23589430210752	0.29961835478214616	8.74890358065207e-6	7.669478044282429e-5	NA	11506	NA	NA	11506
14852	19.668665699966816	-2.1111051680905555	0.5412981381117032	8.797413674112154e-6	7.705061544189767e-5	NA	14852	NA	NA	14852
4911	703.1452370070733	-1.040475750234657	0.24981891018921468	8.849048609378332e-6	7.746402120061126e-5	NTF6B	4911	NA	neurotrophin 6 beta (pseudogene)	4911
12148	49.57373387649447	-1.1371563152310749	0.2734157419607482	8.926705067570692e-6	7.804250104222517e-5	NA	12148	NA	NA	12148
10591	251.2143465830469	-1.363565105318804	0.3284244725214172	9.02284377466949e-6	7.867095102994755e-5	DNPH1	10591	ENSG00000112667	2'-deoxynucleoside 5'-phosphate N-hydrolase 1	10591
15087	18.683969431635457	-2.7453415691308583	0.7333546149929127	9.177481191495782e-6	7.991183958286326e-5	NA	15087	NA	NA	15087
11504	99.60549013452889	-1.972923545251849	0.5018771598803368	9.384868003858184e-6	8.146249608522932e-5	NA	11504	NA	NA	11504
8872	139.14143763743076	-1.050772169550394	0.25284831290999993	9.488288537057172e-6	8.225014842746976e-5	CDC123	8872	ENSG00000151465	cell division cycle 123	8872
15383	25.394601578086657	-3.2939178631288066	0.8162644231736634	9.553432425659464e-6	8.27779823845765e-5	NA	15383	NA	NA	15383
11820	125.65204140936319	-1.1099200775056086	0.2683885245377309	9.706662371270986e-6	8.380716788256639e-5	NA	11820	NA	NA	11820
11599	98.78550920552323	-1.0698482444067672	0.25838135350357083	9.85973159016401e-6	8.490275950273532e-5	NA	11599	NA	NA	11599
11048	116.25826595601097	-1.304262301682901	0.31985640936636195	9.94177386180262e-6	8.557136714928826e-5	NA	11048	NA	NA	11048
9816	123.99981629046151	-1.2651918235441906	0.3146577855021322	9.960072554884428e-6	8.569096904978154e-5	URB2	9816	ENSG00000135763	URB2 ribosome biogenesis homolog	9816
4258	1098.5264717390742	-1.0401169228518554	0.24949895953363777	9.980261968297111e-6	8.582672477464875e-5	MGST2	4258	ENSG00000085871	microsomal glutathione S-transferase 2	4258
7946	630.4905912157619	-1.530907533034823	0.37347388774718626	1.0014087817778576e-5	8.606542224336648e-5	NA	7946	NA	NA	7946
11205	127.5659253050928	-1.8734448073114667	0.5192148921430106	1.0016863541504808e-5	8.606542224336648e-5	NA	11205	NA	NA	11205
12529	58.98950288430477	-2.3145865078704073	0.6732969835435596	1.0048525010026575e-5	8.629935799652568e-5	NA	12529	NA	NA	12529
6255	595.5477448186502	-1.5517375476958704	0.4103698827394292	1.0082710013579034e-5	8.655475058414715e-5	NA	6255	NA	NA	6255
14900	20.73590019520513	-2.604108297598244	0.6856257386001444	1.008900171532717e-5	8.65705742424965e-5	NA	14900	NA	NA	14900
11355	140.56630517439038	-1.6162081896358516	0.42093307671335545	1.0177315580534752e-5	8.728988034939921e-5	NA	11355	NA	NA	11355
10075	159.99044884127423	-1.5108619589021395	0.3931066913930509	1.0228461187313466e-5	8.757416769305207e-5	HUWE1	10075	ENSG00000086758	HECT, UBA and WWE domain containing E3 ubiquitin protein ligase 1	10075
9643	116.41250552804111	-1.065220870608856	0.2572930263342215	1.0336842781236121e-5	8.842430653434557e-5	MORF4L2	9643	ENSG00000123562	mortality factor 4 like 2	9643
12617	57.334559149620375	-1.209858697104252	0.29493676840076594	1.0378778016392454e-5	8.870505005578109e-5	NA	12617	NA	NA	12617
8806	224.60910017754915	-1.5536662440893627	0.4081404419266299	1.0532510996298923e-5	8.993997213645167e-5	SCZD8	8806	NA	schizophrenia disorder 8	8806
12585	75.44470517001352	-1.7160660290424286	0.44339561844715386	1.0629624656538712e-5	9.064992350609109e-5	NA	12585	NA	NA	12585
11522	75.58882929073586	-1.4966586145288128	0.3809457081419461	1.066795949181403e-5	9.093699503731619e-5	NA	11522	NA	NA	11522
19609	5.491348161507261	-6.322768594659891	2.666700817509462	1.1109976240064041e-5	9.416866185012471e-5	NA	19609	NA	NA	19609
13651	19.369788693123912	-3.0259413328724167	0.8242391109170494	1.1357155046048211e-5	9.60963453700627e-5	NA	13651	NA	NA	13651
14003	28.355075144586774	-2.3104908602328025	0.6404794142062613	1.167846927725016e-5	9.86435289082315e-5	NA	14003	NA	NA	14003
18026	7.076305012368613	-4.708061526652494	1.4080210359133127	1.1899699561379354e-5	1.0025110526580244e-4	NA	18026	NA	NA	18026
13110	35.6549263214353	-2.006935872358742	0.5399366841599311	1.2412915759717436e-5	1.0412403172407802e-4	NA	13110	NA	NA	13110
6796	373.2182768029759	-1.0346531649061748	0.25415949955792433	1.2459878549287472e-5	1.0438299459650603e-4	NA	6796	NA	NA	6796
3345	1364.7253079860468	-1.0739451475727935	0.26433631794826756	1.2497581175741601e-5	1.0462556389436636e-4	NA	3345	NA	NA	3345
15866	14.081225763501916	-2.04841597741339	0.5294998037493006	1.2848085394974552e-5	1.0731184114660935e-4	NA	15866	NA	NA	15866
7399	413.47525327167284	-1.6059524343710374	0.39876693710997374	1.299862446785132e-5	1.0852262152246011e-4	USH2A	7399	ENSG00000042781	usherin	7399
10406	37.628548782109405	-1.62046958726755	0.4126474398074182	1.3107596216532544e-05	1.0915144628581078e-4	WFDC2	10406	ENSG00000101443	WAP four-disulfide core domain 2	10406
11640	62.68676489309312	-1.728160053814847	0.46181128907717633	1.309176205516082e-5	1.0915144628581078e-4	NA	11640	NA	NA	11640
4945	623.6841954902185	-1.247406487453962	0.3191323961034178	1.3179943157322538e-5	1.0966005719737236e-4	OATP1	4945	NA	ornithine aminotransferase pseudogene 1	4945
13657	29.828874040346037	-1.970210870066815	0.5173490248289867	1.3228889868867567e-5	1.099732702853617e-4	NA	13657	NA	NA	13657
2016	1694.5352409604434	-1.1066420354333926	0.27673206957811175	1.3267035864340018e-5	1.102167656125266e-4	EMX1	2016	ENSG00000135638	empty spiracles homeobox 1	2016
2808	1827.0556351262019	-1.4253106238239521	0.37564015202218703	1.3269507313609261e-5	1.102167656125266e-4	NA	2808	NA	NA	2808
5507	928.8382572429955	-1.4677698406774577	0.38521817909102984	1.3318880390639016e-5	1.1057966351630798e-4	PPP1R3C	5507	ENSG00000119938	protein phosphatase 1 regulatory subunit 3C	5507
49	30954.96234813217	-1.276321161298806	0.3265898326978151	1.3378180569238718e-5	1.1097731119264906e-4	ACR	49	ENSG00000100312	acrosin	49
9920	68.17776606666042	-1.2545928911338862	0.3125191047752742	1.3407615038581771e-5	1.1107943646906762e-4	KBTBD11	9920	ENSG00000176595	kelch repeat and BTB domain containing 11	9920
5924	99.00837898087134	-1.7268012149976355	0.43137046570870036	1.3465597061118943e-5	1.1137015911875723e-4	RASGRF2	5924	ENSG00000113319	Ras protein specific guanine nucleotide releasing factor 2	5924
7347	336.7757278470104	-1.0216942016432304	0.25230339574282623	1.3480011243688162e-5	1.1144201308981109e-4	UCHL3	7347	ENSG00000118939	ubiquitin C-terminal hydrolase L3	7347
14646	25.318179891931962	-1.950791005891623	0.5046201928944251	1.3492944437064337e-5	1.1146689787245701e-4	NA	14646	NA	NA	14646
12929	69.02259636384754	-2.890083803111447	1.117104831859925	1.3557141615794562e-5	1.1184210809028316e-4	NA	12929	NA	NA	12929
12615	78.00715514415656	-2.349960007417263	0.7502661905820689	1.359943921325902e-5	1.1210595595304334e-4	NA	12615	NA	NA	12615
11925	103.35605895487919	-1.226195046555728	0.3056613526463879	1.3640135175967111e-5	1.1238385718014223e-4	NA	11925	NA	NA	11925
15850	13.92409495973607	-4.287984855241101	1.3546585030762992	1.3791748158465599e-5	1.1339299151326532e-4	NA	15850	NA	NA	15850
11441	72.16644233783408	-1.0594771660093047	0.25989487571399017	1.3960936188728237e-5	1.1454206541688036e-4	NA	11441	NA	NA	11441
78	24776.94666251195	-1.2107699299208845	0.29620163013092105	1.398111912501391e-5	1.1465931702144783e-4	ACTG1P6	78	NA	actin gamma 1 pseudogene 6	78
12796	46.802459625045294	-1.4394029670302144	0.3628954115302742	1.4005752948920204e-5	1.1481295625060493e-4	NA	12796	NA	NA	12796
1992	2547.8978322869484	-1.6366787719535698	0.42288805097503296	1.407024070322314e-5	1.1524450939622287e-4	SERPINB1	1992	ENSG00000021355	serpin family B member 1	1992
9486	240.47989294555043	-1.3372930560832972	0.34853847802742144	1.4315324080279498e-5	1.1705484114551231e-4	CHST10	9486	ENSG00000115526	carbohydrate sulfotransferase 10	9486
9905	109.79482359154696	-1.2020981227328495	0.3017883839283925	1.4410089716185279e-5	1.1773079595578576e-4	SGSM2	9905	ENSG00000141258	small G protein signaling modulator 2	9905
9850	163.99091980967327	-1.0563031748881722	0.2594593714810592	1.474043217590796e-5	1.2007683155100245e-4	NA	9850	NA	NA	9850
10618	158.42524762364377	-1.5661296573296444	0.4249000172984101	1.4922533931295128e-5	1.2140778964754786e-4	TGOLN2	10618	ENSG00000152291	trans-golgi network protein 2	10618
15223	18.611882987200094	-3.9978451503480836	1.0264692343275599	1.5304599151631383e-5	1.242564889820185e-4	NA	15223	NA	NA	15223
1421	3243.4545225048378	-1.0313439624796847	0.2581644588644928	1.531179650240115e-5	1.2426308245755996e-4	CRYGD	1421	ENSG00000118231	crystallin gamma D	1421
6942	349.9628189195453	-1.6384202333737634	0.4554586846965214	1.5331818011649837e-5	1.2437370167766464e-4	TCF20	6942	ENSG00000100207	transcription factor 20	6942
2377	678.4787194989025	-1.0302294186906007	0.2562671392987332	1.5408907997295023e-5	1.2484294693395438e-4	FRA2E	2377	NA	fragile site, aphidicolin type, common, fra(2)(p13)	2377
3753	914.2521477535843	-1.5613894766111671	0.42993046750908626	1.564142712758441e-5	1.2651613189107238e-4	KCNE1	3753	ENSG00000180509	potassium voltage-gated channel subfamily E regulatory subunit 1	3753
9732	28.446456868271465	-2.8959210156496638	0.7405431319824815	1.5773760325738238e-5	1.275335063145791e-4	DOCK4	9732	ENSG00000128512	dedicator of cytokinesis 4	9732
6794	370.01673830776997	-1.3441884741295695	0.35266047705357906	1.5828081639816003e-5	1.2786645778018233e-4	STK11	6794	ENSG00000118046	serine/threonine kinase 11	6794
13030	61.70365669291192	-1.3268857810841939	0.3343290535175121	1.5825241458762146e-5	1.2786645778018233e-4	NA	13030	NA	NA	13030
12397	47.417258771749005	-1.7277646909289435	0.4654951038711152	1.588892992144022e-5	1.2819836865719241e-4	NA	12397	NA	NA	12397
12462	68.41935293037037	-2.1971556720206276	0.5594790562881984	1.5958475217447186e-5	1.2870612772761695e-4	NA	12462	NA	NA	12462
646	4403.739488297026	-1.1846022261918203	0.3060436350847976	1.6656775486128778e-5	1.3367319906620707e-4	BNC1	646	ENSG00000169594	basonuclin zinc finger protein 1	646
5898	529.6171025311774	-1.1711697309228604	0.2991409689997169	1.6639646428563453e-5	1.3367319906620707e-4	RALA	5898	ENSG00000006451	RAS like proto-oncogene A	5898
15221	17.380666683263478	-4.429882606475944	1.1529896067088916	1.6772275672774316e-5	1.3443379607407782e-4	NA	15221	NA	NA	15221
11373	136.2788167209662	-1.4353011539685292	0.3816771818020937	1.683960449296882e-5	1.3487312547331645e-4	NA	11373	NA	NA	11373
11826	70.08486979058651	-1.3281252305714697	0.3362129634810075	1.684442642932575e-5	1.3487312547331645e-4	NA	11826	NA	NA	11826
16404	13.391251203723455	-2.4549366577073193	0.6538312977627059	1.684787873313973e-5	1.3487312547331645e-4	NA	16404	NA	NA	16404
6261	511.13353060338005	-1.269983079867467	0.3262437432152612	1.6980154307493503e-5	1.3587614431666574e-4	RYR1	6261	ENSG00000196218	ryanodine receptor 1	6261
12488	90.42708823119669	-1.9750217028376151	0.5041466361377843	1.7219160453832172e-5	1.3750598341896918e-4	NA	12488	NA	NA	12488
10867	93.95460072772211	-1.2391845981983436	0.3170830283887393	1.7412691005826803e-5	1.3888048346901452e-4	TSPAN9	10867	ENSG00000011105	tetraspanin 9	10867
7697	598.6657664879335	-1.1057392947729072	0.28116191362490706	1.7441514327347454e-5	1.3905338399201506e-4	ZNF138	7697	ENSG00000197008	zinc finger protein 138	7697
16021	14.822566811675909	-2.5607975154173426	0.6947540783654114	1.7772945812034454e-5	1.412905630915043e-4	NA	16021	NA	NA	16021
11075	162.13746746102868	-1.3783302403541013	0.34592987828357025	1.812222426875284e-5	1.435395223826614e-4	STMN2	11075	ENSG00000104435	stathmin 2	11075
2350	1441.534861145627	-1.101157781647838	0.2786335858843416	1.8214148488411524e-5	1.4417663948335392e-4	FOLR2	2350	ENSG00000165457	folate receptor beta	2350
14973	19.181328503323645	-3.309901470769326	0.8567967071816371	1.8267379624452834e-5	1.4443474739724734e-4	NA	14973	NA	NA	14973
12995	58.226472518715745	-1.684155994900842	0.4417926745424969	1.8360515769361014e-5	1.4507267453817894e-4	NA	12995	NA	NA	12995
10805	44.51902546911218	-1.7463587385328978	0.4829912353204066	1.8453991970147982e-5	1.4575208511812088e-4	NA	10805	NA	NA	10805
1755	2483.695195402169	-1.2810651658591883	0.33645550618381154	1.867707376287292e-5	1.4745417139929814e-4	DMBT1	1755	ENSG00000187908	deleted in malignant brain tumors 1	1755
7874	122.46468093646054	-1.2166242654108022	0.30752432279539726	1.879808056275541e-5	1.483493292099688e-4	USP7	7874	ENSG00000187555	ubiquitin specific peptidase 7	7874
14741	30.365834771132338	-3.2483370053486764	0.8382431748971128	1.8809147790448637e-5	1.483764998580952e-4	NA	14741	NA	NA	14741
12096	53.20335491301337	-1.0285796485927357	0.25560803892486755	1.9182069274233126e-5	1.5101223711401734e-4	NA	12096	NA	NA	12096
13625	29.844009596691894	-1.7172892153318073	0.4492681103011903	1.9261370904208535e-5	1.5157522813053065e-4	NA	13625	NA	NA	13625
4384	1321.2807150076662	-1.6616753292157245	0.4442008594368605	1.9288334733978673e-5	1.517260639684555e-4	MRX20	4384	NA	mental retardation, X-linked 20	4384
12287	48.650114941644915	-1.325170039281724	0.3377719723974942	1.9343389538710185e-5	1.5209765810619754e-4	NA	12287	NA	NA	12287
14007	41.40614230751307	-1.533726643882174	0.3971449225868862	1.9410141985822184e-5	1.525608938554465e-4	NA	14007	NA	NA	14007
9890	244.75160247879685	-1.4067681588591987	0.37743109224614746	1.9599281730395272e-5	1.5386108178911756e-4	PLPPR4	9890	ENSG00000117600	phospholipid phosphatase related 4	9890
9799	205.4008528115104	-1.5332624084282949	0.4174273323985144	1.9765802539707295e-5	1.5491835812534983e-4	NA	9799	NA	NA	9799
7830	524.8518056530814	-1.186902201875059	0.3075147811801202	1.9813460594606233e-5	1.5522937062465052e-4	PHA2A	7830	NA	Pseudohypoaldosteronism type II (gene A)	7830
11879	81.03809991152207	-1.457797074819723	0.3772259687193652	1.9823111476234297e-5	1.552424838788715e-4	NA	11879	NA	NA	11879
9136	46.34651969359195	-1.4999010548546323	0.38935996199424766	1.9877041939686454e-5	1.5553965146290232e-4	RRP9	9136	ENSG00000114767	ribosomal RNA processing 9, U3 small nucleolar RNA binding protein	9136
9173	315.16483030661715	-1.9784623273006319	0.5931763269646816	1.9889952315414574e-5	1.5557811977905266e-4	IL1RL1	9173	ENSG00000115602	interleukin 1 receptor like 1	9173
14819	29.04750868723753	-2.3272985813219758	0.6271141095835142	2.001467228950194e-5	1.564907743776606e-4	NA	14819	NA	NA	14819
11795	64.54640868442901	-1.001809415553195	0.24911131684268129	2.0253735031249534e-5	1.5811403244513647e-4	NA	11795	NA	NA	11795
10544	253.31961533030395	-1.3033963256594185	0.3326606668897546	2.0409897641213104e-5	1.592610336790891e-4	PROCR	10544	ENSG00000101000	protein C receptor	10544
10858	183.87686385112255	-1.1555783509265802	0.29252702056530683	2.071784183888858e-5	1.6146973168867067e-4	CYP46A1	10858	ENSG00000036530	cytochrome P450 family 46 subfamily A member 1	10858
10793	153.6742696519997	-1.5866226893095237	0.4398627139356062	2.0793900650921483e-5	1.6199763833770335e-4	ZNF273	10793	ENSG00000198039	zinc finger protein 273	10793
3268	1367.0458450340172	-1.1046226859969774	0.2842553168814213	2.088185481625071e-5	1.6261775773471592e-4	AGFG2	3268	ENSG00000106351	ArfGAP with FG repeats 2	3268
4863	1061.6034973565013	-1.0678393512613213	0.27261477536464807	2.0900970636938493e-5	1.62701515826184e-4	NPAT	4863	ENSG00000149308	nuclear protein, coactivator of histone transcription	4863
10864	56.370689602641086	-1.1133275403482357	0.28046458281073094	2.103044580548349e-5	1.6344788571106796e-4	SLC22A7	10864	ENSG00000137204	solute carrier family 22 member 7	10864
8948	304.26777893538497	-1.8341014354955205	0.5447607832344136	2.1276025110284926e-5	1.6509279293112238e-4	NA	8948	NA	NA	8948
8795	446.9672440805663	-1.5519687608483903	0.40376116707594234	2.1615867215326997e-5	1.6732951148666614e-4	TNFRSF10B	8795	ENSG00000120889	TNF receptor superfamily member 10b	8795
17747	5.440501838248453	-4.555734275660635	1.4036743101532503	2.2269912410157878e-5	1.720503237054714e-4	NA	17747	NA	NA	17747
11714	117.12875551192415	-1.5465408514268684	0.40744043857301415	2.2706699989252328e-5	1.7500795583795626e-4	NA	11714	NA	NA	11714
12169	50.64277921108991	-1.0193428752082252	0.25593768161991015	2.2893036187426525e-5	1.7630446270024044e-4	NA	12169	NA	NA	12169
3991	1241.9961885390157	-1.1218660083837027	0.2925576928163102	2.359678736957729e-5	1.8139763656485836e-4	LIPE	3991	ENSG00000079435	lipase E, hormone sensitive type	3991
4121	1454.6181499979546	-1.1559880450496978	0.3039458477294803	2.360098739952836e-5	1.8139763656485836e-4	MAN1A1	4121	ENSG00000111885	mannosidase alpha class 1A member 1	4121
1693	2026.3931088828267	-1.2608032195129162	0.335548836506508	2.367528984602983e-5	1.8182510485145482e-4	NA	1693	NA	NA	1693
13245	37.82089501988818	-1.8809165014273541	0.5308754866806055	2.4231519206794236e-5	1.8551124912801837e-4	NA	13245	NA	NA	13245
12768	12.495460518954546	-2.845288747949099	0.8126563782624776	2.4303241185522957e-5	1.8598717133757857e-4	NA	12768	NA	NA	12768
17224	8.525464289794169	-3.211583303227271	0.8633068507873259	2.436754842862909e-5	1.8625956793776543e-4	NA	17224	NA	NA	17224
9030	154.15222056017666	-1.5593534741559705	0.43804074858580044	2.439946091523508e-5	1.8643027439002352e-4	ERDA1	9030	NA	expanded repeat domain, CAG/CTG 1	9030
11840	124.07595399865389	-1.7627330083311148	0.45787048494277727	2.4550187073776297e-5	1.8750831657879141e-4	NA	11840	NA	NA	11840
4605	883.4896863874023	-1.1483962747343697	0.29761512333163415	2.460968125266552e-5	1.8779392347295222e-4	MYBL2	4605	ENSG00000101057	MYB proto-oncogene like 2	4605
11824	79.71770235917353	-1.1175289406195112	0.28440522383470984	2.4649913749958626e-5	1.8797491045765863e-4	NA	11824	NA	NA	11824
6285	168.25906070645684	-1.2909504141815182	0.34466493450207686	2.4674869441311584e-5	1.880915135908205e-4	S100B	6285	ENSG00000160307	S100 calcium binding protein B	6285
15470	22.89089883354402	-2.1509862472836025	0.5916448560397103	2.490857671346252e-5	1.8975581382194817e-4	NA	15470	NA	NA	15470
12278	22.568495581582006	-1.6302566331896498	0.4308099309431794	2.494061967535707e-5	1.8981986683696671e-4	NA	12278	NA	NA	12278
9788	231.344584980858	-1.2602256916969938	0.33585969795781473	2.499582813706426e-5	1.901656807566097e-4	MTSS1	9788	ENSG00000170873	MTSS I-BAR domain containing 1	9788
16510	14.522170265392237	-2.6230032220659054	0.7249313832255625	2.5391896656017676e-5	1.930280081338906e-4	NA	16510	NA	NA	16510
4321	1150.025240690718	-1.172632943183255	0.30971499242570516	2.5599770663115362e-5	1.9453226742479032e-4	MMP12	4321	ENSG00000262406	matrix metallopeptidase 12	4321
13508	27.940052005046095	-1.6254637524628337	0.4398348596765244	2.5638594737026084e-5	1.947512459708293e-4	NA	13508	NA	NA	13508
5525	983.2531127606737	-1.5087726842062226	0.4245330162366708	2.5986265790849628e-5	1.9716129378390823e-4	PPP2R5A	5525	ENSG00000066027	protein phosphatase 2 regulatory subunit B'alpha	5525
1337	2383.01038282589	-1.1491045668143163	0.30391528693054487	2.6081773018703783e-5	1.9780880152649817e-4	COX6A1	1337	ENSG00000111775	cytochrome c oxidase subunit 6A1	1337
6987	658.177831136968	-1.639980262849299	0.472896610646845	2.6103327440184153e-5	1.978951520504183e-4	TRGVB	6987	NA	T cell receptor gamma variable B (pseudogene)	6987
11376	41.78010198941233	-1.1322261015893134	0.289394614438631	2.6202069934999937e-5	1.9848909420203727e-4	NA	11376	NA	NA	11376
1804	1750.411765658448	-1.169704498482302	0.3102881015131432	2.6429115188881786e-5	1.9996741270175299e-4	DPP6	1804	ENSG00000130226	dipeptidyl peptidase like 6	1804
9266	267.5788895323554	-1.3828069916894756	0.3764230462992795	2.708158857870315e-5	2.0435626030637532e-4	CYTH2	9266	ENSG00000105443	cytohesin 2	9266
7584	254.6775772010182	-1.1744240557400432	0.30980418085179373	2.7254021991644823e-5	2.0541848256367155e-4	ZNF35	7584	ENSG00000169981	zinc finger protein 35	7584
12819	40.51152852012567	-1.2295703016004988	0.31921928765523677	2.8592181299879176e-5	2.1475586270820092e-4	NA	12819	NA	NA	12819
17151	8.376303236163004	-3.885505962278787	1.034922552258289	2.868731747985557e-5	2.1538730149516563e-4	NA	17151	NA	NA	17151
14056	18.805709514915698	-1.5780994808241644	0.42039046131933183	2.8801420434669075e-5	2.1616060280720974e-4	NA	14056	NA	NA	14056
11184	45.61689175826342	-1.9284968030055545	0.5086139096118043	2.895919227081896e-5	2.1717720261364462e-4	MAP4K1	11184	ENSG00000104814	mitogen-activated protein kinase kinase kinase kinase 1	11184
9276	216.3490342033444	-1.885510749455939	0.5826736553551468	2.9174857230764033e-5	2.1854191553806728e-4	COPB2	9276	ENSG00000184432	COPI coat complex subunit beta 2	9276
12567	52.096576253465024	-1.546142671606997	0.41251086908157797	2.92033650002622e-5	2.186712913697971e-4	NA	12567	NA	NA	12567
15370	11.306919630873331	-3.571582379524799	1.0086982803813784	2.9289657171097448e-5	2.192330839256644e-4	NA	15370	NA	NA	15370
878	4320.646123373458	-1.764512660916835	0.5347935516846908	2.9565134964167635e-5	2.2090758742233723e-4	CCA1	878	NA	cataract, congenital, cerulean type, 1	878
11086	44.51484856913967	-1.3347621514982257	0.3525599943797235	2.9767644645106272e-5	2.2220783634919748e-4	ADAM29	11086	ENSG00000168594	ADAM metallopeptidase domain 29	11086
12566	55.83780039547449	-1.5403461533014542	0.42427980000330384	2.9800568031992834e-5	2.2228779397110484e-4	NA	12566	NA	NA	12566
11466	109.190271537435	-1.4595233342526055	0.4010414536031899	2.9913787250230337e-5	2.230468251634991e-4	NA	11466	NA	NA	11466
5362	591.8044761306345	-1.0851670704694145	0.2849008625193494	3.0149024959203702e-5	2.2442372708799397e-4	PLXNA2	5362	ENSG00000076356	plexin A2	5362
17007	9.460092671542531	-4.406879237141857	1.3519674526562064	3.0245437455303975e-5	2.2500246877586798e-4	NA	17007	NA	NA	17007
5513	964.3891867059506	-1.2405378068125248	0.3185012854003669	3.0434679322423655e-5	2.2597836485833145e-4	NA	5513	NA	NA	5513
8406	289.9775220505058	-1.369841522259578	0.37754728015945827	3.0466574514314024e-5	2.26128911755555e-4	SRPX	8406	ENSG00000101955	sushi repeat containing protein X-linked	8406
10415	146.45937064949217	-1.5109903139056011	0.4282993050393349	3.0819018945112925e-5	2.2830945096720311e-4	SNAI1P1	10415	NA	snail family zinc finger 1 pseudogene 1	10415
10977	85.1761173055349	-2.4481354076792607	0.6943089807431828	3.085945811976071e-5	2.2852203746904994e-4	NA	10977	NA	NA	10977
8570	271.9040150160537	-1.3566200906261023	0.35942296434860954	3.10658193741479e-5	2.297878794527907e-4	KHSRP	8570	ENSG00000088247	KH-type splicing regulatory protein	8570
8449	10.070120862050189	-2.6932641025209345	0.7418471301373107	3.175807392453373e-5	2.343738629675202e-4	DHX16	8449	ENSG00000204560	DEAH-box helicase 16	8449
13594	38.21019058753246	-1.5046139112466763	0.4068822515425472	3.216576462557634e-5	2.3711285809785649e-4	NA	13594	NA	NA	13594
13928	36.71429002468694	-1.7895879293408814	0.49152547881095904	3.234142521003554e-5	2.382272808525744e-4	NA	13928	NA	NA	13928
13590	15.588753276018172	-2.429932634052175	0.706649058666589	3.250565001009354e-5	2.391653893559283e-4	NA	13590	NA	NA	13590
14478	23.67855520280059	-2.1798593114599387	0.6346289729197603	3.257334956501133e-5	2.3957292361477154e-4	NA	14478	NA	NA	14478
13887	13.405703198445014	-2.8417932575693294	0.8135360935801794	3.3010328121375045e-5	2.4260347264731108e-4	NA	13887	NA	NA	13887
16616	14.87662309893612	-2.447240597330815	0.6977989626190394	3.305012375701938e-5	2.4271262582466194e-4	NA	16616	NA	NA	16616
13413	49.51493219776588	-1.3337131426031528	0.35667093230196273	3.318407320901697e-5	2.4351253722499218e-4	NA	13413	NA	NA	13413
10258	224.89125256715118	-1.9610054481424044	0.640095251181008	3.339275258260386e-5	2.447669898342952e-4	NA	10258	NA	NA	10258
14459	15.852261215796819	-1.8719300266573433	0.5124981456964077	3.343321329708674e-5	2.4487918752477586e-4	NA	14459	NA	NA	14459
15876	10.197556888967334	-3.453950499254363	1.0227759705602375	3.3440216598007676e-5	2.4487918752477586e-4	NA	15876	NA	NA	15876
13393	26.990861549671894	-1.9993798623999954	0.5516165909344449	3.353890937534016e-5	2.454684901667901e-4	NA	13393	NA	NA	13393
17293	8.119844341948438	-2.8516318411281802	0.7850414570217228	3.358861357297006e-5	2.456475042253177e-4	NA	17293	NA	NA	17293
15795	13.542179666065708	-4.195501107815501	1.4644982062914784	3.390498723518939e-5	2.4786812794290783e-4	NA	15795	NA	NA	15795
11984	127.67622459239917	-1.3375573401767897	0.355129524235561	3.3980908225704506e-5	2.4832987419468093e-4	NA	11984	NA	NA	11984
16121	15.985113574957555	-2.2674863461621246	0.6641831433294861	3.399582094508052e-5	2.4834559737695646e-4	NA	16121	NA	NA	16121
7350	482.8245007808315	-1.1550827377508497	0.3093012757555323	3.4008930235374e-5	2.4834813932856037e-4	UCP1	7350	ENSG00000109424	uncoupling protein 1	7350
8937	228.71467089314942	-1.3750026479073507	0.38390123942168286	3.4080403090839894e-5	2.487767158855346e-4	NA	8937	NA	NA	8937
8094	359.07831063910106	-1.0117974577629958	0.2634850609136799	3.4396597797957255e-5	2.507086852981446e-4	NA	8094	NA	NA	8094
10810	56.336129224931135	-2.04786671460518	0.64155339890472	3.4919058785486694e-5	2.537564611741436e-4	WASF3	10810	ENSG00000132970	WASP family member 3	10810
15624	19.626830771499197	-2.1518937446519755	0.6038187578018688	3.508786967716737e-5	2.5469788578416793e-4	NA	15624	NA	NA	15624
14538	23.789662749792523	-1.994456520901091	0.5511864033822244	3.5164731213015034e-5	2.551606391262064e-4	NA	14538	NA	NA	14538
5556	969.2851159601443	-1.2606183246514533	0.3431676974619294	3.57170484255394e-5	2.5878238250536944e-4	NA	5556	NA	NA	5556
11982	24.77311444212485	-1.406311948613101	0.37610499399624703	3.583527345849879e-5	2.593492959374656e-4	NA	11982	NA	NA	11982
3740	794.3090246576046	-1.2879901002358183	0.3567646037733658	3.63064756762715e-5	2.62466687643358e-4	NA	3740	NA	NA	3740
10838	172.49386037743832	-1.4894064632955644	0.4223604227046106	3.663307090699372e-5	2.644347896591264e-4	ZNF275	10838	ENSG00000063587	zinc finger protein 275	10838
13663	18.687684937741036	-1.733250469992121	0.476293206773285	3.700761542870325e-5	0.00026694040172646185	NA	13663	NA	NA	13663
9528	236.3963407348475	-1.913136152855341	0.6208787927958553	3.7098639404431857e-5	2.6749782195244475e-4	TMEM59	9528	ENSG00000116209	transmembrane protein 59	9528
13471	51.179899692245726	-1.7873799065519818	0.49243344240562237	3.723597478786616e-5	2.683886316098753e-4	NA	13471	NA	NA	13471
6153	677.7281745171812	-1.2809246913266095	0.35405127300615724	3.75365590166729e-5	2.703549130360737e-4	NA	6153	NA	NA	6153
8722	328.84496569966745	-1.5010926954279447	0.43569745635590634	3.7978715314221695e-5	2.7343831991493464e-4	CTSF	8722	ENSG00000174080	cathepsin F	8722
3610	1467.9218402319855	-1.1599781218765675	0.3153197749208444	3.827561804267661e-5	2.751687486991243e-4	NA	3610	NA	NA	3610
7740	288.20023672440755	-1.6573053366148338	0.5023312422452972	3.961331356751099e-5	2.840511036615075e-4	NA	7740	NA	NA	7740
10648	112.7540116117128	-1.2378430367487867	0.3371093868793111	3.979498653030047e-5	2.8514367925853366e-4	SCGB1D1	10648	ENSG00000168515	secretoglobin family 1D member 1	10648
11667	67.74639173741028	-1.8851869403233465	0.5742630204469165	3.987994303035575e-5	2.8543713545926933e-4	NA	11667	NA	NA	11667
12707	26.362084404104245	-1.4013072739550483	0.37766839725868245	4.0239443901144154e-5	2.877985364792967e-4	NA	12707	NA	NA	12707
3900	1458.258615827664	-1.1193541162281784	0.30487882324147525	4.066645368119087e-5	2.9042563489528644e-4	NA	3900	NA	NA	3900
7531	622.470324962357	-1.0232901863611388	0.27131847428516737	4.070275074659113e-5	2.9047166566901724e-4	YWHAE	7531	ENSG00000108953	tyrosine 3-monooxygenase/tryptophan 5-monooxygenase activation protein epsilon	7531
9133	203.1982725417406	-1.3591804461590244	0.3820961634556146	4.1040256917196874e-5	2.926656063999884e-4	CCNB2	9133	ENSG00000157456	cyclin B2	9133
8365	203.98373104904073	-1.438402647051182	0.40926070110709323	4.1228132814760626e-5	2.938976896366508e-4	H4C8	8365	ENSG00000158406	H4 clustered histone 8	8365
5823	596.0971806463205	-1.021880197220967	0.2723009736105944	4.228858076197354e-5	3.0035695993020693e-4	NA	5823	NA	NA	5823
13753	51.518627918331184	-2.4142574725776855	0.6574007494882896	4.2309422199896366e-5	3.0039535404311683e-4	NA	13753	NA	NA	13753
11992	124.52645130847426	-1.661670406280268	0.44637855967276446	4.2895331316499445e-5	3.043332273971548e-4	NA	11992	NA	NA	11992
2913	1126.8151452588718	-1.1020961720085394	0.2957160721010028	4.3322923109705574e-5	3.0691933259482354e-4	GRM3	2913	ENSG00000198822	glutamate metabotropic receptor 3	2913
14989	7.927727019738746	-3.756629227422642	1.0307045533424928	4.339573685780079e-5	3.0732330239798445e-4	NA	14989	NA	NA	14989
11677	63.201611902972864	-1.5939899337768972	0.4617769890847494	4.3843240764099995e-5	3.1026665764005457e-4	NA	11677	NA	NA	11677
3908	1719.5704828987575	-1.1372868688506843	0.3103547340673397	4.389653246922227e-5	3.10530868187399e-4	LAMA2	3908	ENSG00000196569	laminin subunit alpha 2	3908
14297	20.10217689376975	-1.7174811314012701	0.4765829476398753	4.421350743859236e-5	3.124324866602926e-4	NA	14297	NA	NA	14297
8165	287.2134970121041	-1.0022861841791664	0.2633325403553905	4.5027802929662104e-5	3.173477700812067e-4	AKAP1	8165	ENSG00000121057	A-kinase anchoring protein 1	8165
13058	67.10536150085525	-1.4054170306983218	0.38336054564159633	4.5098024782905106e-5	3.1764482819403414e-4	NA	13058	NA	NA	13058
15192	10.548628395719621	-2.666166504582187	0.7631972614587045	4.558258972108198e-5	3.2059370385326217e-4	NA	15192	NA	NA	15192
5169	703.3447749038992	-1.3931647217355625	0.39830226285358555	4.571587122839195e-5	3.213913247050069e-4	ENPP3	5169	ENSG00000154269	ectonucleotide pyrophosphatase/phosphodiesterase 3	5169
12359	56.193319563226524	-1.4066262533357132	0.39026015171049283	4.572902616043184e-5	3.213913247050069e-4	NA	12359	NA	NA	12359
8727	419.0612807465424	-1.1692289148648365	0.32155927103212417	4.622827745426214e-5	3.2443148486743437e-4	CTNNAL1	8727	ENSG00000119326	catenin alpha like 1	8727
16187	14.076433072815673	-1.7867157630870925	0.49832951354349464	4.685241520301054e-5	3.2833808147849774e-4	NA	16187	NA	NA	16187
9029	279.2703863421095	-1.0805060599981746	0.29293930416732555	4.7734183013901486e-5	3.339162241673389e-4	NA	9029	NA	NA	9029
15042	22.047778008300934	-2.5507134286141033	0.7578086861044294	4.77643201284184e-5	3.3400698311863113e-4	NA	15042	NA	NA	15042
9449	157.78842050455248	-1.7166336610729864	0.5325869948557154	4.807905394155139e-5	3.35881583780367e-4	NA	9449	NA	NA	9449
13993	26.658026177772086	-1.2493205836642987	0.3362903409532116	4.9583386835586014e-5	3.447453702062663e-4	NA	13993	NA	NA	13993
10436	110.1138312188721	-1.818598394693154	0.49625452172751305	4.9848265320559686e-5	3.4621594982277374e-4	EMG1	10436	ENSG00000126749	EMG1 N1-specific pseudouridine methyltransferase	10436
15417	19.894872684479857	-1.6982914152552269	0.4775781717319833	5.025766554693654e-5	3.4856180656056026e-4	NA	15417	NA	NA	15417
526	5059.705774804465	-1.7287024329567326	0.5555521827540879	5.107138151391927e-5	3.5332390886682653e-4	ATP6V1B2	526	ENSG00000147416	ATPase H+ transporting V1 subunit B2	526
9619	93.42812034452916	-1.2506641684758752	0.34279608537800527	5.109333258763338e-5	3.533501583112769e-4	ABCG1	9619	ENSG00000160179	ATP binding cassette subfamily G member 1	9619
8428	139.6766802705897	-1.1372610821943192	0.30984789539137114	5.16138902435826e-5	3.561907510745961e-4	STK24	8428	ENSG00000102572	serine/threonine kinase 24	8428
14968	18.976504840789218	-2.886702314137654	0.872431973852259	5.166541410571639e-5	3.5641993048966564e-4	NA	14968	NA	NA	14968
5727	693.0818515812382	-1.2916169921326721	0.36891663256799007	5.297107531659623e-5	3.649097687562051e-4	PTCH1	5727	ENSG00000185920	patched 1	5727
3293	961.1347332055866	-1.1098617887685138	0.30631564656048577	5.4067835181700744e-5	3.720700638157985e-4	HSD17B3	3293	ENSG00000130948	hydroxysteroid 17-beta dehydrogenase 3	3293
11902	45.80540112428403	-1.3860381001286242	0.38255280807095265	5.437082555940621e-5	3.737586139920891e-4	NA	11902	NA	NA	11902
17849	8.528351534343004	-3.398837690201948	0.9920605172018873	5.442969902995928e-5	3.740312050925274e-4	NA	17849	NA	NA	17849
1377	2617.4408660126305	-1.1886303183890299	0.33282622318479527	5.460469611648445e-5	3.7510130290254286e-4	NA	1377	NA	NA	1377
4657	617.2540026612461	-1.2727606511703633	0.36320715026984385	5.479339901602114e-5	3.7626476296781486e-4	MYP1	4657	NA	myopia 1 (X-linked)	4657
10827	48.757268964313894	-1.2637479139751555	0.344001520819993	5.5352624387080926e-5	3.797030042992534e-4	FAM114A2	10827	ENSG00000055147	family with sequence similarity 114 member A2	10827
13754	25.36413231615446	-2.952597995772391	0.8228169550644822	5.605928654991427e-5	3.841895826476105e-4	NA	13754	NA	NA	13754
14836	11.740335846717894	-2.0371410382706956	0.5856806269999708	5.680990908194121e-5	3.8874037997315683e-4	NA	14836	NA	NA	14836
7695	356.44564109443905	-1.1635021861766912	0.3239566506815507	5.694499181397629e-5	3.8952776298481283e-4	ZNF136	7695	ENSG00000196646	zinc finger protein 136	7695
15865	10.677218922008011	-4.042287408046564	1.2473812026282804	5.7036777170510144e-5	3.8988153161759675e-4	NA	15865	NA	NA	15865
10130	169.20724173351974	-1.359050717971345	0.38863930192518037	5.710675560219773e-5	3.9008584442764833e-4	PDIA6	10130	ENSG00000143870	protein disulfide isomerase family A member 6	10130
16194	11.406248904129058	-2.18908869060745	0.6278538237719824	5.721795654049259e-5	3.907082990296583e-4	NA	16194	NA	NA	16194
11672	79.76289660342223	-1.9957935592415168	0.6644317415093299	5.730487645649386e-5	3.9116457408622484e-4	NA	11672	NA	NA	11672
7439	210.50589466540083	-1.2644528931588535	0.3579879301906325	5.7552744431151136e-5	3.9271877958437315e-4	BEST1	7439	ENSG00000167995	bestrophin 1	7439
14299	16.805598784363987	-1.5754521456630495	0.4404170624055663	5.818486832234103e-5	3.9675393217276765e-4	NA	14299	NA	NA	14299
8676	444.6251800028147	-1.4615132365489356	0.4354265033341044	5.9468899720492086e-5	4.0415350049628686e-4	STX11	8676	ENSG00000135604	syntaxin 11	8676
2149	961.664733608653	-1.2250227068495128	0.3283842134840305	5.974582929531243e-5	4.058337116635516e-4	F2R	2149	ENSG00000181104	coagulation factor II thrombin receptor	2149
9382	130.14741696673454	-1.1648007529855084	0.3209772484057881	6.074431464813333e-5	4.117537817371378e-4	COG1	9382	ENSG00000166685	component of oligomeric golgi complex 1	9382
13769	46.25674472952744	-1.9542056014786502	0.5741151983925423	6.153464152434258e-5	4.1638583404215264e-4	NA	13769	NA	NA	13769
13122	52.67532295236923	-1.7079664524120641	0.4724524626290899	6.182089009483563e-5	4.1803208552313977e-4	NA	13122	NA	NA	13122
16635	9.986235501627267	-2.882354524728211	0.8397769602225157	6.200366879128389e-5	4.188314468403942e-4	NA	16635	NA	NA	16635
15755	18.4640931851091	-2.3459486722280416	0.7070649081374024	6.204690595504344e-5	4.189780835500001e-4	NA	15755	NA	NA	15755
9990	200.27759559483272	-1.2139031883947227	0.3427527660696949	6.211914062641225e-5	4.193203592544602e-4	SLC12A6	9990	ENSG00000140199	solute carrier family 12 member 6	9990
10069	316.81774256513637	-1.1588548085027337	0.314889181696933	6.226647380659035e-5	4.1987797877687273e-4	RWDD2B	10069	ENSG00000156253	RWD domain containing 2B	10069
13666	37.82950690545032	-1.2554754663842018	0.34633403221747966	6.25754352844375e-5	4.2166916415181373e-4	NA	13666	NA	NA	13666
5109	770.828506828568	-1.1607391083924592	0.3265921008405977	6.276137736008584e-5	4.2262946879052956e-4	NA	5109	NA	NA	5109
10388	107.47705564645327	-1.219289786276229	0.33659241706615006	6.34797058503577e-5	4.271710081444714e-4	SYCP2	10388	ENSG00000196074	synaptonemal complex protein 2	10388
6544	704.4673711609809	-1.185501466552805	0.33614070448750555	6.402518866084106e-5	4.305439518067131e-4	NA	6544	NA	NA	6544
13044	33.61825487938389	-2.456876657633576	0.6904003127944102	6.42330296398437e-5	4.316432975901237e-4	NA	13044	NA	NA	13044
8947	270.8824926424618	-1.1367217691065952	0.31753977122684846	6.476802846219736e-5	4.346381385871803e-4	NA	8947	NA	NA	8947
12770	46.9290370549187	-1.1729237914930712	0.32073903228077366	6.480621836880457e-5	4.347445072993125e-4	NA	12770	NA	NA	12770
5004	731.1748426289978	-1.2540561157780874	0.36126484635757444	6.491128558176271e-5	4.352992862531648e-4	ORM1	5004	ENSG00000229314	orosomucoid 1	5004
10410	124.62324076373197	-1.5021741593127669	0.44575708288923493	6.520775001384755e-5	4.368358082683261e-4	IFITM3	10410	ENSG00000142089	interferon induced transmembrane protein 3	10410
5286	656.0180857550691	-1.1557409840094135	0.32289803056126387	6.553589310638749e-5	4.388830061057835e-4	PIK3C2A	5286	ENSG00000011405	phosphatidylinositol-4-phosphate 3-kinase catalytic subunit type 2 alpha	5286
11803	64.16576287620354	-1.3590208593765234	0.3802013030991133	6.59563820685594e-5	4.4139516899457856e-4	NA	11803	NA	NA	11803
3708	863.2434742964143	-1.5018304640452558	0.46091613879782367	6.63397886821553e-5	4.4380839723046555e-4	ITPR1	3708	ENSG00000150995	inositol 1,4,5-trisphosphate receptor type 1	3708
2614	2056.073486917619	-1.1721036066996309	0.33346254388716307	6.647968113454513e-5	4.4428608329649135e-4	NA	2614	NA	NA	2614
9025	146.42621129508228	-1.2063926436517103	0.33903879281748733	6.67769956125239e-5	4.4611984607460613e-4	RNF8	9025	ENSG00000112130	ring finger protein 8	9025
4070	1141.2828803501898	-1.4656160107978558	0.44839489863339543	6.714326829088436e-5	4.4841288407992464e-4	TACSTD2	4070	ENSG00000184292	tumor associated calcium signal transducer 2	4070
11668	73.5990424716046	-1.1539292691767153	0.31603166667930266	6.730322679594126e-5	4.4932696283904385e-4	NA	11668	NA	NA	11668
3547	1117.5534478141517	-1.3950763771824537	0.4182962799757528	6.7959106114909e-5	4.5292882332268635e-4	IGSF1	3547	ENSG00000147255	immunoglobulin superfamily member 1	3547
18861	4.6685427501597365	-4.193601888971979	1.4280009826516815	6.822058588517136e-5	4.5404952869744177e-4	NA	18861	NA	NA	18861
9244	164.90161462122876	-1.3157957763797514	0.38210923312739037	7.08541958142056e-5	4.6981039343790636e-4	CRLF1	9244	ENSG00000006016	cytokine receptor like factor 1	9244
17343	8.190512572862167	-4.345409214156023	1.6208578487939989	7.111791687371378e-5	4.710775290263253e-4	NA	17343	NA	NA	17343
1063	2404.2770488135498	-1.042466169707316	0.29014033528124705	7.150366113249278e-5	4.733104589453885e-4	CENPF	1063	ENSG00000117724	centromere protein F	1063
13675	27.378912901570352	-1.591183071920072	0.46364877214081535	7.274985431448836e-5	4.8126857828911926e-4	NA	13675	NA	NA	13675
3073	1302.9227544409343	-1.2815083094121948	0.3749615063217564	7.361384800090992e-5	4.8596984520634095e-4	HEXA	3073	ENSG00000213614	hexosaminidase subunit alpha	3073
4764	482.2795459818306	-1.490690480298227	0.45014922497975496	7.59887088521627e-5	5.002761376765691e-4	NF1P3	4764	NA	neurofibromin 1 pseudogene 3	4764
14993	25.84317800946274	-1.9652594284747658	0.5850940073632763	7.603777824863057e-5	5.00429896008319e-4	NA	14993	NA	NA	14993
15557	13.280640132569994	-2.1234118490427876	0.639964496379144	7.706045091099665e-5	5.062706271534833e-4	NA	15557	NA	NA	15557
13998	45.752805651741006	-2.9694317136603186	0.8466093221925043	7.769282203832654e-5	5.097707382629375e-4	NA	13998	NA	NA	13998
14351	7.451388014968603	-3.7766440950748112	1.1086318190417337	8.005147794625116e-5	5.238338306361781e-4	NA	14351	NA	NA	14351
10321	121.8117006686841	-1.400514032126417	0.4175320880411059	8.057975618551093e-5	5.271134907987321e-4	CRISP3	10321	ENSG00000096006	cysteine rich secretory protein 3	10321
7775	484.7561525101405	-1.799122836919321	0.6179331471565533	8.155348863789794e-5	5.324094070386218e-4	ZNF232	7775	ENSG00000167840	zinc finger protein 232	7775
12110	27.40839174692385	-1.382698723256778	0.3922403489047359	8.317446903781164e-5	5.424458250485431e-4	NA	12110	NA	NA	12110
10240	41.36855864185974	-1.7779657530286845	0.5480561594443937	8.66547199375771e-5	5.633038607750444e-4	MRPS31	10240	ENSG00000102738	mitochondrial ribosomal protein S31	10240
11193	154.35042515882924	-1.2296602069123395	0.3449194549907313	8.727718272504133e-5	5.66544780857915e-4	WBP4	11193	ENSG00000120688	WW domain binding protein 4	11193
13351	36.49846672724617	-1.3332945691531815	0.3782043729006776	8.725217782663121e-5	5.66544780857915e-4	NA	13351	NA	NA	13351
15524	18.70933585630456	-2.6516878757842632	0.9135148659890058	8.774737465612046e-5	5.694070217348317e-4	NA	15524	NA	NA	15524
7521	686.8523601609018	-2.2465601681380143	0.7438300064977288	8.830447542509332e-5	5.722310649166041e-4	NA	7521	NA	NA	7521
11050	122.54224158034965	-1.2926373313229074	0.365664023184667	8.832958835668664e-5	5.722310649166041e-4	NA	11050	NA	NA	11050
12666	24.021344075298117	-1.5559104013390832	0.45405145681289305	8.831293238447978e-5	5.722310649166041e-4	NA	12666	NA	NA	12666
10264	256.95882703051086	-1.253512038109589	0.35236580415089563	8.836434717414697e-5	5.722657438788932e-4	NA	10264	NA	NA	10264
14173	32.90533208015169	-2.476769624655758	0.8653651873004901	8.89220328282523e-5	5.749208242095076e-4	NA	14173	NA	NA	14173
2903	1105.155206177109	-1.043922511984415	0.2947433248620686	8.983553132442827e-5	5.804413263959823e-4	GRIN2A	2903	ENSG00000183454	glutamate ionotropic receptor NMDA type subunit 2A	2903
11615	52.60372496451928	-1.057386098962505	0.29198243191973117	9.256989934500072e-5	5.957350565982338e-4	NA	11615	NA	NA	11615
11969	56.93671724429688	-1.7638710620398987	0.5705491589023397	9.337963346684289e-5	6.001329183367702e-4	NA	11969	NA	NA	11969
13443	50.06116014802185	-1.3440949977669643	0.38616317352966945	9.487141293352247e-5	6.087282651511185e-4	NA	13443	NA	NA	13443
16880	9.149118720991426	-2.1449462667371644	0.6394925690807519	9.487641525063548e-5	6.087282651511185e-4	NA	16880	NA	NA	16880
9610	127.26561028614341	-1.1707463726456608	0.3393819308265143	9.504263004322532e-5	6.092307718284612e-4	RIN1	9610	ENSG00000174791	Ras and Rab interactor 1	9610
15943	14.684814619112382	-2.7200980459483906	0.9426682029714691	9.554745866972744e-5	6.122650948869165e-4	NA	15943	NA	NA	15943
9594	272.2442023052794	-1.3313478846044229	0.4017636144385174	9.645707298983106e-5	6.174839136365468e-4	NA	9594	NA	NA	9594
12619	64.43499748665701	-1.847272743758694	0.5304526124410953	9.671927602537083e-5	6.189588394376001e-4	NA	12619	NA	NA	12619
11886	94.37540988879458	-1.154680973096619	0.3257331013140889	9.719350465387094e-5	6.215848813897411e-4	NA	11886	NA	NA	11886
7806	514.4871081180315	-1.6977975705992672	0.540971251804082	9.735658090317576e-5	6.223857166802664e-4	NA	7806	NA	NA	7806
10762	49.65537267300707	-2.550930835657961	1.0103976166455721	9.822002390740065e-5	6.269137045791813e-4	NUP50	10762	ENSG00000093000	nucleoporin 50	10762
5708	670.6816332942273	-1.2985887408722476	0.3950486014923865	9.890662738076528e-5	6.30882292840732e-4	PSMD2	5708	ENSG00000175166	proteasome 26S subunit ubiquitin receptor, non-ATPase 2	5708
14415	27.189470942625377	-1.3697897714227807	0.39563339932555347	9.913694289129562e-5	6.321441827023276e-4	NA	14415	NA	NA	14415
12460	55.959389183334125	-1.955507659630411	0.6725708769275928	9.970078218070177e-5	6.351151954234492e-4	NA	12460	NA	NA	12460
15523	20.720638444779897	-1.4981699117183784	0.4386867948810521	1.000792370542769e-4	6.371089408941063e-4	NA	15523	NA	NA	15523
15247	17.236791712461827	-1.900543754736577	0.5704960480230172	1.0040392108641857e-4	6.389668764757332e-4	NA	15247	NA	NA	15247
6602	593.8064763746954	-1.0502049824233501	0.3009196289037458	1.009025464497148e-4	6.413012594571848e-4	SMARCD1	6602	ENSG00000066117	SWI/SNF related, matrix associated, actin dependent regulator of chromatin, subfamily d, member 1	6602
10345	217.6399872086376	-1.7811149078654738	0.6149606432571071	1.0225617802141348e-4	6.48844956137831e-4	TRDN	10345	ENSG00000186439	triadin	10345
3521	1081.5093501867984	-1.2074391403009188	0.3590123605455142	1.0263242082878694e-4	6.51020059240229e-4	NA	3521	NA	NA	3521
14634	14.934185364181163	-1.6981206034109533	0.5013790101636265	1.0285539794042493e-4	6.522218635772595e-4	NA	14634	NA	NA	14634
127	14987.98402663821	-1.2772266769536218	0.3901735298095894	1.0296906599928146e-4	6.525174188902692e-4	ADH4	127	ENSG00000198099	alcohol dehydrogenase 4 (class II), pi polypeptide	127
10042	113.23945785997077	-1.6019157993524868	0.5235342872046426	1.0521364871898029e-4	6.658740870634393e-4	HMGXB4	10042	ENSG00000100281	HMG-box containing 4	10042
4549	935.7671885965489	-1.247257604035046	0.3715480741449121	1.0542905121834385e-4	6.668036287813422e-4	RNR1	4549	NA	s-rRNA	4549
10638	150.33431941548088	-1.4128452347686677	0.429412678445725	1.0542895194665969e-4	6.668036287813422e-4	NA	10638	NA	NA	10638
6099	789.2656234107546	-1.199232964873177	0.35211456018381015	1.061107082475887e-4	6.704611990929622e-4	NA	6099	NA	NA	6099
9303	189.90174632491494	-1.327817204122415	0.399665790676034	1.06409210003826e-4	6.721290606570781e-4	SNORD25	9303	ENSG00000275043	small nucleolar RNA, C/D box 25	9303
6274	668.7804416008254	-1.0824913137278087	0.298856350410296	1.064888385599528e-4	6.724097673864296e-4	S100A3	6274	ENSG00000188015	S100 calcium binding protein A3	6274
5162	696.1235609073279	-1.244631094333994	0.37281406199387584	1.066155497268291e-4	6.727773064960509e-4	PDHB	5162	ENSG00000168291	pyruvate dehydrogenase E1 subunit beta	5162
13121	52.07199620009942	-1.8994980809121227	0.6563253782601328	1.0865862076462951e-4	6.845598636129669e-4	NA	13121	NA	NA	13121
15304	14.977491635166354	-1.6664168321140236	0.49375488663149963	1.0884899981261094e-4	6.855373415382593e-4	NA	15304	NA	NA	15304
7953	360.27224729191545	-1.1194913447198689	0.325090782008637	1.0894836065129193e-4	6.859411344661249e-4	NA	7953	NA	NA	7953
11839	90.43777269576219	-1.0293708715178949	0.28921195909757963	1.0905748294385007e-4	6.864061046475634e-4	NA	11839	NA	NA	11839
13011	42.09651319720546	-1.6977836192590179	0.490269685747902	1.0955560897171379e-4	6.893183660518985e-4	NA	13011	NA	NA	13011
6256	91.16642580518736	-1.7113462858960804	0.4938709803364447	1.0990377530058757e-4	6.90838944161736e-4	RXRA	6256	ENSG00000186350	retinoid X receptor alpha	6256
7877	392.5744653283651	-1.198829666308471	0.3548411736125862	1.1005642489823588e-4	6.91351867315871e-4	NA	7877	NA	NA	7877
6528	315.0889070323413	-1.3469067023977748	0.4035347324419151	1.1023181846767145e-4	6.922302094867228e-4	SLC5A5	6528	ENSG00000105641	solute carrier family 5 member 5	6528
8574	291.88262918236273	-1.3861007525487017	0.4327449195555591	1.1160769588140498e-4	7.001925756118705e-4	AKR7A2	8574	ENSG00000053371	aldo-keto reductase family 7 member A2	8574
4531	563.251121940469	-1.161008214803309	0.33818233588863805	1.1184764415879685e-4	7.012458128138999e-4	MTL3P	4531	NA	metallothionein-like 3, pseudogene	4531
13511	19.447899686317804	-1.8066915829287662	0.5535330161242727	1.1323890942693139e-4	7.097399086497622e-4	NA	13511	NA	NA	13511
8477	567.2024434613721	-1.1433115008321668	0.33490299811906393	1.1411039022560825e-4	7.147416492373872e-4	GPR65	8477	ENSG00000140030	G protein-coupled receptor 65	8477
12553	76.84745363680076	-1.599424436721057	0.47261881971564795	1.1417393410812948e-4	7.148768005109484e-4	NA	12553	NA	NA	12553
12178	35.24702799985997	-1.3290665765263778	0.38559343259335754	1.1663109143872914e-4	7.279530694320423e-4	NA	12178	NA	NA	12178
16228	9.610926026060449	-3.0414382364639763	0.9980033574543599	1.1708919055727907e-4	7.305779857118333e-4	NA	16228	NA	NA	16228
16764	9.279909554023504	-3.0865997545395865	0.9622343209279008	1.180287139048081e-4	7.357324795968836e-4	NA	16764	NA	NA	16764
13817	45.62768812941729	-1.4433091496013175	0.4192471807125872	1.1962907855541295e-4	7.445159890524118e-4	NA	13817	NA	NA	13817
9251	174.50744598088966	-1.584526523711409	0.5266195877719	1.2421711818099616e-4	7.706054628372223e-4	NA	9251	NA	NA	9251
11907	124.38283496051343	-1.6917248477345503	0.49321342370753085	1.2609491064398073e-4	7.80761392313875e-4	NA	11907	NA	NA	11907
14219	17.29979927190935	-1.6835395566198554	0.5165366591613354	1.2618493572839686e-4	7.810703035020138e-4	NA	14219	NA	NA	14219
9987	109.2968590334364	-1.5229505697233348	0.49280454683946495	1.2904108463711173e-4	7.969751025461223e-4	HNRNPDL	9987	ENSG00000152795	heterogeneous nuclear ribonucleoprotein D like	9987
18567	4.98879040819095	-4.295371401655275	1.4940575613405833	1.2903899082382527e-4	7.969751025461223e-4	NA	18567	NA	NA	18567
4324	747.871546688021	-1.5706231982969074	0.5276180378249016	1.2984509730731408e-4	8.013743111071396e-4	MMP15	4324	ENSG00000102996	matrix metallopeptidase 15	4324
18198	5.639842555232646	-3.7313863823609634	1.2414202126802703	1.3084778448694021e-4	8.065976350650439e-4	NA	18198	NA	NA	18198
10372	28.581214453176603	-1.2066801095466444	0.3486960073793128	1.3142752185738653e-4	8.099148204137426e-4	NA	10372	NA	NA	10372
12077	24.346211991083074	-1.7801851372093425	0.5575872066730995	1.3272260241251545e-4	8.168610264231382e-4	NA	12077	NA	NA	12077
13249	23.693691769942394	-1.5887578242122435	0.48187619086851186	1.3279653352246654e-4	8.170576474488528e-4	NA	13249	NA	NA	13249
11703	125.68729822195989	-1.5305706856441033	0.4555717861315325	1.3333201340477667e-4	8.198339061201766e-4	NA	11703	NA	NA	11703
13123	37.39632034972751	-1.9194627324480271	0.6196852282974357	1.3342145628415873e-4	8.200024905039813e-4	NA	13123	NA	NA	13123
9602	154.02790007119066	-1.3205400684566757	0.40988071309521884	1.3674874415841695e-4	8.384585097879497e-4	NA	9602	NA	NA	9602
11853	29.687632338099434	-1.5415594269759074	0.472754057200217	1.3695454877923479e-4	8.3919158494732e-4	NA	11853	NA	NA	11853
13156	48.50190979195984	-1.8685482480309847	0.6592346733383853	1.3761849913828227e-4	8.421992489717332e-4	NA	13156	NA	NA	13156
6087	371.3749601974338	-1.0924151890907752	0.3209187698356715	1.380371423466638e-4	8.444957017316642e-4	RNY4P1	6087	NA	RNY4 pseudogene 1	6087
1279	3878.8917653797953	-1.2006613751720343	0.3674143022771011	1.385749605554253e-4	8.472533167983448e-4	COL1AR	1279	NA	collagen type I alpha receptor	1279
7908	545.630744041702	-1.4444500943061096	0.4704335845541377	1.3881802019779276e-4	8.479402043531843e-4	EOS	7908	NA	eosinophilia, familial	7908
10288	202.66636249520363	-1.5207488844277695	0.5018574149521795	1.4065894456425629e-4	8.58874867033778e-4	LILRB2	10288	ENSG00000131042	leukocyte immunoglobulin like receptor B2	10288
16421	8.628374622987854	-3.3603237744415253	1.1247017623192166	1.4154542815733253e-4	8.629748049404287e-4	NA	16421	NA	NA	16421
14174	38.86563847203169	-1.4929182265311993	0.441376820294271	1.4159708608111658e-4	8.630193837220826e-4	NA	14174	NA	NA	14174
6163	366.1276156446713	-1.3813693943840626	0.43641507079377057	1.4261151332330417e-4	8.683863143882423e-4	RPL32P1	6163	ENSG00000224796	ribosomal protein L32 pseudogene 1	6163
12078	65.13815885179716	-1.1170790461427762	0.3248676701116805	1.4361009277814028e-4	8.739199548328291e-4	NA	12078	NA	NA	12078
14761	18.28717086789868	-1.7194672394375843	0.5250891779862459	1.4427268253951078e-4	8.774033359066936e-4	NA	14761	NA	NA	14761
12493	41.323389093731144	-1.6895519955698837	0.4979419837049705	1.4503877402203278e-4	8.817868107600062e-4	NA	12493	NA	NA	12493
16689	13.439167167225643	-2.034451287358802	0.6568398199965086	1.4532762786370647e-4	8.82991247535308e-4	NA	16689	NA	NA	16689
1521	2057.0761605937905	-1.139191042777649	0.34292965954608257	1.4697407836707104e-4	8.921110323619479e-4	CTSW	1521	ENSG00000172543	cathepsin W	1521
10562	208.07322714880988	-1.0103916753376254	0.2894785452891834	1.5215107688200128e-4	9.201404932258008e-4	OLFM4	10562	ENSG00000102837	olfactomedin 4	10562
4374	1113.665515712939	-1.4377638477277033	0.4739183205097637	1.525459858884406e-4	9.21655621728441e-4	NA	4374	NA	NA	4374
16003	11.294907921304842	-2.341444018743833	0.7527879712501118	1.5259104944293907e-4	9.21655621728441e-4	NA	16003	NA	NA	16003
14226	14.415242952529608	-1.7077646618461677	0.5230182761204805	1.5414086183877207e-4	9.289982385395923e-4	NA	14226	NA	NA	14226
8673	465.6622912949909	-1.194992925838754	0.3507259084404895	1.553258418092505e-4	9.34692704839154e-4	VAMP8	8673	ENSG00000118640	vesicle associated membrane protein 8	8673
9696	116.03101099917401	-1.0598344596042224	0.30721820302986186	1.5548610541784945e-4	9.353678817733441e-4	CROCC	9696	ENSG00000058453	ciliary rootlet coiled-coil, rootletin	9696
10368	137.96393298555375	-1.3527027906527496	0.427979373753727	1.5652230687606888e-4	9.41019652182631e-4	CACNG3	10368	ENSG00000006116	calcium voltage-gated channel auxiliary subunit gamma 3	10368
8009	455.2070003480825	-1.2567195699208866	0.39078157682071607	1.572071134498194e-4	9.445531444417831e-4	LALL	8009	NA	Lymphomatous acute lymphoblastic leukemia	8009
14636	20.25647192708527	-1.43115019654411	0.4299558299566615	1.5836887894320838e-4	9.509462366904592e-4	NA	14636	NA	NA	14636
14546	24.8069248843481	-1.5765054585927212	0.4868968997239181	1.5842932855975273e-4	9.510157813390955e-4	NA	14546	NA	NA	14546
15437	8.186322873327965	-3.6875386097698994	1.2886871130190125	1.5895769020746132e-4	9.535991396816908e-4	NA	15437	NA	NA	15437
11815	85.38944872171126	-1.1408094219402265	0.3394104232466453	1.5944970244315265e-4	9.562559812777176e-4	NA	11815	NA	NA	11815
15498	11.92078853675677	-3.075316941025455	1.1233068478733987	1.602294298293859e-4	9.600446225091377e-4	NA	15498	NA	NA	15498
5048	594.4695013369129	-1.0300717092991403	0.29925538497112564	1.6057329974948807e-4	9.612171597738504e-4	PAFAH1B1	5048	ENSG00000007168	platelet activating factor acetylhydrolase 1b regulatory subunit 1	5048
14793	29.73632787657876	-2.3491702826534695	0.8315626657089245	1.6148705941011271e-4	9.663898103260158e-4	NA	14793	NA	NA	14793
1781	1367.0583628984073	-1.1913412560182925	0.3676293450150197	1.6182519795761443e-4	9.67818124601455e-4	DYNC1I2	1781	ENSG00000077380	dynein cytoplasmic 1 intermediate chain 2	1781
13524	38.98311722337307	-1.4049884686441794	0.4252866776381229	1.6327449664402472e-4	9.755864228398419e-4	NA	13524	NA	NA	13524
14262	16.14563871260499	-1.7332857039533085	0.5427267353546761	1.6637559057225754e-4	9.92592080970786e-4	NA	14262	NA	NA	14262
13866	25.474705445889075	-2.318981372043993	0.7039659220122005	1.6820432459840743e-4	0.0010019664404681992	NA	13866	NA	NA	13866
6906	435.5650743628349	-1.1005915180641397	0.33206845969475496	1.683508639495105e-4	0.00100253248571647	SERPINA7	6906	ENSG00000123561	serpin family A member 7	6906
15933	17.06847707648069	-1.669486170867748	0.5182192232233052	1.6928215485654483e-4	0.0010071537803923018	NA	15933	NA	NA	15933
6047	508.81523100263485	-1.1197476990937862	0.33924329686911703	1.7005170575333856e-4	0.0010114230579662963	RNF4	6047	ENSG00000063978	ring finger protein 4	6047
15279	14.682256636587297	-1.9120705305010006	0.6167284175596657	1.7048715911861586e-4	0.0010137032091681586	NA	15279	NA	NA	15279
16624	16.08035015596701	-2.9843180367648423	0.9617480098327001	1.7343374563260258e-4	0.0010296504343368148	NA	16624	NA	NA	16624
6724	96.7943511406767	-1.2918277556260296	0.3767054642658165	1.7421043843487573e-4	0.0010326245140527058	NA	6724	NA	NA	6724
15118	21.587704118893207	-1.8807006998663116	0.6289860101668334	1.7416764742451867e-4	0.0010326245140527058	NA	15118	NA	NA	15118
117	15862.593238447802	-1.0593732816438872	0.30568612874662177	1.7458005181050836e-4	0.0010339325588205428	ADCYAP1R1	117	ENSG00000078549	ADCYAP receptor type I	117
478	7385.746896519185	-1.1478549864452616	0.33082494799236956	1.7497761532105877e-4	0.001035341858243577	ATP1A3	478	ENSG00000105409	ATPase Na+/K+ transporting subunit alpha 3	478
14643	19.68643648327477	-1.5596251073490177	0.4812633837395544	1.7633690238133957e-4	0.001041800988841302	NA	14643	NA	NA	14643
10665	130.40192829036016	-1.098259121324945	0.32727846072852074	1.769362569710448e-4	0.0010447076750344365	TSBP1	10665	ENSG00000204296	testis expressed basic protein 1	10665
9753	112.6233504040622	-1.4038719070187935	0.4516008640110471	1.7912981755671272e-4	0.0010554179168850094	ZSCAN12	9753	ENSG00000158691	zinc finger and SCAN domain containing 12	9753
4612	589.2636364357281	-1.2736184165030047	0.3992932400967384	1.812009921974028e-4	0.0010656852551083882	NA	4612	NA	NA	4612
14926	20.18801157292801	-1.8955567727212341	0.6024832896938088	1.8286630114233428e-4	0.0010741808290162895	NA	14926	NA	NA	14926
4426	1224.402635338422	-1.4345077429711508	0.4795187895464205	1.8435576768362317e-4	0.0010822768008720935	NA	4426	NA	NA	4426
15728	21.19286440288273	-1.5102809655268503	0.4686176638909663	1.8771742426702335e-4	0.0010993586499128925	NA	15728	NA	NA	15728
15862	13.096103702552028	-3.9031922618346337	1.2164762683981059	1.9083610748123458e-4	0.001114604288022901	NA	15862	NA	NA	15862
4852	933.6328537174018	-1.550853555911054	0.5517632903800687	1.9340847744643506e-4	0.0011269228681392435	NPY	4852	ENSG00000122585	neuropeptide Y	4852
4136	1033.6185541595655	-1.305898799259723	0.4226413407318381	1.9434945987047017e-4	0.0011320666981560071	NA	4136	NA	NA	4136
6665	382.2157561840916	-1.4035846520581468	0.46116206077987826	1.944417115989641e-4	0.0011322651554241294	SOX15	6665	ENSG00000129194	SRY-box transcription factor 15	6665
9590	259.5367970824858	-1.0335554021668727	0.307724586113239	1.947955711786388e-4	0.0011339864225867453	AKAP12	9590	ENSG00000131016	A-kinase anchoring protein 12	9590
13709	31.370896069304905	-1.3953551181039752	0.42608177715164536	1.967111114630814e-4	0.0011434274014883595	NA	13709	NA	NA	13709
13959	34.35521577949979	-1.3683665162733827	0.4177077180319684	1.9725888151737652e-4	0.0011462690633650835	NA	13959	NA	NA	13959
7583	12.841145077833346	-2.7082556584977966	0.9638314987330668	1.9834228906531165e-4	0.0011515332003281713	NA	7583	NA	NA	7583
7087	413.6284116891248	-1.0468277355780509	0.3162637486486816	1.9857161703263617e-4	0.0011515449493526093	ICAM5	7087	ENSG00000105376	intercellular adhesion molecule 5	7087
18895	4.824788985680524	-5.839916052719786	2.7836878593850103	1.9862530815880218e-4	0.0011515449493526093	NA	18895	NA	NA	18895
20690	3.421850868723253	-5.307590153154507	2.6432024678753874	1.9840909714852547e-4	0.0011515449493526093	NA	20690	NA	NA	20690
14416	23.231957957569264	-1.4245034669575114	0.44099008546987833	1.9887200691920675e-4	0.001152542609567474	NA	14416	NA	NA	14416
3504	331.0548668992643	-1.5844769349893328	0.5523963091068215	2.0164956392268972e-4	0.0011662116384842391	NA	3504	NA	NA	3504
11732	107.33020750641387	-1.1070187026811988	0.3330154388579893	2.0214544139521049e-4	0.001168038133905045	NA	11732	NA	NA	11732
14597	17.699083422505776	-2.2663415960518836	0.7276265623935995	2.0382139721685728e-4	0.001177023208082273	NA	14597	NA	NA	14597
12486	40.35333584489241	-1.0145992672268742	0.2963144734834919	2.0545804733886216e-4	0.0011854192289539273	NA	12486	NA	NA	12486
12467	37.46076046042142	-1.2976173945012532	0.39456743396556376	2.062292888502214e-4	0.001189516357532353	NA	12467	NA	NA	12467
12887	21.44321020407178	-1.6970606527607834	0.5630221558376833	2.0703616809499e-4	0.0011934629346257704	NA	12887	NA	NA	12887
13606	27.622730494413634	-1.723566963033046	0.5818113058848627	2.0703489853887724e-4	0.0011934629346257704	NA	13606	NA	NA	13606
17492	9.119494141005772	-2.409023277755624	0.7820244877978358	2.078681773444675e-4	0.0011979042343206047	NA	17492	NA	NA	17492
14958	12.217770017069071	-1.7853533711101972	0.5710442745608707	2.0820147718490192e-4	0.0011994697890750077	NA	14958	NA	NA	14958
18634	6.179615550252676	-3.31986530866319	1.1573852784385632	2.0852771372966098e-4	0.0012009937368727235	NA	18634	NA	NA	18634
1043	2256.7796666737054	-1.0051962775936727	0.3037642391691993	2.1353169488326916e-4	0.0012265467278994395	CD52	1043	ENSG00000169442	CD52 molecule	1043
14755	28.687265921419485	-2.769141161039614	0.8616290690168881	2.143743564691733e-4	0.001231023709426551	NA	14755	NA	NA	14755
7458	547.2624704069656	-1.4125084107467714	0.4517357188476215	2.1501279320236855e-4	0.0012333199067510834	EIF4H	7458	ENSG00000106682	eukaryotic translation initiation factor 4H	7458
8359	585.2108149042116	-1.003350904563996	0.28981274150152186	2.1506186002708571e-4	0.0012333199067510834	H4C1	8359	ENSG00000278637	H4 clustered histone 1	8359
17051	5.4684212775148415	-3.2712382051145856	1.0484890825335982	2.1509109313566505e-4	0.0012333199067510834	NA	17051	NA	NA	17051
5470	249.63025741074765	-1.4227284346457354	0.4488585695528065	2.1613064692928418e-4	0.0012381411271342201	PPEF2	5470	ENSG00000156194	protein phosphatase with EF-hand domain 2	5470
16447	9.261856010534766	-2.3026743918370194	0.7566205270206109	2.1681723756720092e-4	0.0012406587063496903	NA	16447	NA	NA	16447
13051	34.62044451024882	-1.7386466400343088	0.5332854209246465	2.1886861861030279e-4	0.0012509257523568584	NA	13051	NA	NA	13051
21794	3.1934346178199524	-5.1914157169396535	2.6075237053747307	2.1959940386361823e-4	0.001254365717226262	NA	21794	NA	NA	21794
16810	9.242291723757262	-3.173310582967078	1.186543922730736	2.2378856477643058e-4	0.0012756734795296178	NA	16810	NA	NA	16810
2993	1218.105072754918	-1.077380615272843	0.3305642397864277	2.246122341643903e-4	0.0012796190541783372	GYPA	2993	ENSG00000170180	glycophorin A (MNS blood group)	2993
7635	32.607825646319434	-1.2515330001406648	0.3798718745136371	2.2902735165122547e-4	0.001301723507734959	NA	7635	NA	NA	7635
16096	19.67548972680681	-3.381188694011207	1.0631411912243478	2.2976952733058813e-4	0.0013044179613128867	NA	16096	NA	NA	16096
10394	135.3936276926581	-1.4437443969317099	0.47261383626066833	2.301287178440325e-4	0.0013060761090588266	PRG3	10394	ENSG00000156575	proteoglycan 3, pro eosinophil major basic protein 2	10394
15258	15.267850587909633	-1.8922415354014441	0.6229230982090589	2.32271518345789e-4	0.0013174689648870299	NA	15258	NA	NA	15258
6576	620.2433047297164	-1.5810574822487162	0.4824169660289263	2.3734915246362618e-4	0.0013423574124076226	SLC25A1	6576	ENSG00000100075	solute carrier family 25 member 1	6576
7707	178.00487967064856	-1.0239046372601799	0.3057402628756435	2.384212426749038e-4	0.0013464642494765825	ZNF148	7707	ENSG00000163848	zinc finger protein 148	7707
14767	15.062768296515769	-1.958613488908555	0.658924928077024	2.4169805539001881e-4	0.0013629921344378894	NA	14767	NA	NA	14767
19447	5.28460703164804	-3.96535847786527	1.5409529816961023	2.4304835478176925e-4	0.0013690199804364722	NA	19447	NA	NA	19447
15914	7.598481899893353	-2.577677002095463	0.8465408936445472	2.444502512011664e-4	0.0013757219024366392	NA	15914	NA	NA	15914
18512	7.160137314180403	-2.6044762952437877	0.8625592515366475	2.447471599614688e-4	0.001376994645854335	NA	18512	NA	NA	18512
9039	319.1462341130318	-1.0379670134194334	0.31651875556939907	2.46817651606427e-4	0.0013866750521008963	UBA3	9039	ENSG00000144744	ubiquitin like modifier activating enzyme 3	9039
16006	10.727642548205479	-2.915549191268026	1.0935003966396022	2.466816239115805e-4	0.0013866750521008963	NA	16006	NA	NA	16006
626	4699.609150463803	-1.1956350010926922	0.3860127152688253	2.4878984032078585e-4	0.001396912603139877	NA	626	NA	NA	626
1904	2310.133341069808	-1.0913356435213353	0.3430358298045557	2.5481415188957195e-4	0.001425801670478137	NA	1904	NA	NA	1904
17818	7.5927148221691425	-3.540196330240796	1.2984538217141315	2.5479759040259364e-4	0.001425801670478137	NA	17818	NA	NA	17818
5784	811.6350453767012	-1.2138947645585934	0.39146344171367237	2.556078877434688e-4	0.0014298318779464346	PTPN14	5784	ENSG00000152104	protein tyrosine phosphatase non-receptor type 14	5784
15386	9.319098712592785	-2.1044356142810217	0.6922798477333171	2.5625746343383744e-4	0.0014322304698121513	NA	15386	NA	NA	15386
14456	23.348713263758793	-2.1656420593722623	0.8573646715746487	2.583189861655397e-4	0.001441268861745289	NA	14456	NA	NA	14456
5046	669.9277829307738	-1.0102131174706577	0.30804769122959585	2.6175416194439035e-4	0.0014579834349283901	PCSK6	5046	ENSG00000140479	proprotein convertase subtilisin/kexin type 6	5046
13596	20.08594646864622	-1.5239640577091125	0.48736280727877024	2.637196621769202e-4	0.0014663566701785841	NA	13596	NA	NA	13596
13482	31.677595939892537	-1.58559825548392	0.5118112799784519	2.647678002738185e-4	0.0014702715627822897	NA	13482	NA	NA	13482
11885	28.791282838459708	-1.1396107081796618	0.34619447244923407	2.671741511714201e-4	0.0014813322381615403	NA	11885	NA	NA	11885
6976	414.3618394955195	-1.1614186302457836	0.370483331528794	2.705713751621655e-4	0.0014984603107657663	TRGV3	6976	ENSG00000211699	T cell receptor gamma variable 3	6976
9031	193.52865242662838	-1.6975824539021065	0.6608588544120567	2.7931060922101837e-4	0.0015411578582507056	BAZ1B	9031	ENSG00000009954	bromodomain adjacent to zinc finger domain 1B	9031
3320	1093.0158427988154	-1.211268861836303	0.39656711173870673	2.7950658859686667e-4	0.0015418020750237024	HSP90AA1	3320	ENSG00000080824	heat shock protein 90 alpha family class A member 1	3320
17227	5.245283175623439	-3.596003754407287	1.2779969777391802	2.819948474396367e-4	0.0015546463813095664	NA	17227	NA	NA	17227
1224	2541.364938831552	-1.5077394215014326	0.5498024810488782	2.83314523250052e-4	0.0015614794497222494	NA	1224	NA	NA	1224
7627	101.7512589743461	-1.2118351358001243	0.3735148789939115	2.847249377509621e-4	0.001568364566535939	ZNF75A	7627	ENSG00000162086	zinc finger protein 75A	7627
9783	262.68559894358447	-1.706209647039152	0.6849546107602457	2.8503722326110234e-4	0.001568992786700533	RIMS3	9783	ENSG00000117016	regulating synaptic membrane exocytosis 3	9783
15063	15.907653783192519	-2.4492285603213486	1.0535148335190105	2.850808536957548e-4	0.001568992786700533	NA	15063	NA	NA	15063
12017	83.48028437609938	-1.4023585081605774	0.46727958935229996	2.854167825872922e-4	0.0015703975136927605	NA	12017	NA	NA	12017
12919	62.51184353725675	-1.9058126651698932	0.6589267330392762	2.8643155818043175e-4	0.0015750902949277714	NA	12919	NA	NA	12919
19634	3.0201415110319108	-5.08336471699699	2.6211805898604874	2.9074529817105845e-4	0.0015947559886434523	NA	19634	NA	NA	19634
11069	62.74404087945775	-1.6541657105164222	0.610174614546492	2.9257603979164433e-4	0.0016025393499536139	RAPGEF4	11069	ENSG00000091428	Rap guanine nucleotide exchange factor 4	11069
16758	6.163530441561332	-3.6295096076035063	1.251657721859767	2.9333976913603843e-4	0.001604915728747946	NA	16758	NA	NA	16758
4613	989.1447917604141	-1.2884214733484527	0.4372392061608037	2.949448125877373e-4	0.0016118845823560673	MYCN	4613	ENSG00000134323	MYCN proto-oncogene, bHLH transcription factor	4613
10229	162.87425517754264	-1.1122979834173634	0.3471257124735983	2.956443522647543e-4	0.0016150799640118755	COQ7	10229	ENSG00000167186	coenzyme Q7, hydroxylase	10229
14238	31.90670002162891	-1.735337591947331	0.5456423530794715	2.9569548901774384e-4	0.0016150799640118755	NA	14238	NA	NA	14238
18686	6.013300560766925	-2.8240949373053614	0.9406065121938504	2.9622327174132093e-4	0.0016175087237255462	NA	18686	NA	NA	18686
10201	119.43942648966149	-1.3004035433069854	0.43392593269852164	2.9732833173418284e-4	0.0016229098953684106	NME6	10201	ENSG00000172113	NME/NM23 nucleoside diphosphate kinase 6	10201
11607	75.92163716699244	-1.8311919176606957	0.75239799723039	2.9746883084718815e-4	0.0016229439072377708	NA	11607	NA	NA	11607
6902	603.2801206660062	-1.3880951764306801	0.44285185148314876	2.976664726905298e-4	0.0016235670473739913	TBCA	6902	ENSG00000171530	tubulin folding cofactor A	6902
7323	195.20683371260833	-1.3455551040425906	0.45637607454206336	2.9792141616661157e-4	0.001624502291963695	UBE2D3	7323	ENSG00000109332	ubiquitin conjugating enzyme E2 D3	7323
12946	41.58655609416617	-1.2561896802842842	0.39980968432235325	3.0251919998375396e-4	0.0016472652912377828	NA	12946	NA	NA	12946
11864	123.20287242995198	-1.2423018086976905	0.37835715314469526	3.028282231383322e-4	0.0016484867274112118	NA	11864	NA	NA	11864
12379	56.657826369914105	-1.4184445822822085	0.4822106835069894	3.040451645402027e-4	0.0016541875890235338	NA	12379	NA	NA	12379
11034	163.9659192888453	-1.209351897231709	0.37814801047644964	3.0528504371691277e-4	0.001659539730663363	DSTN	11034	ENSG00000125868	destrin, actin depolymerizing factor	11034
1106	2805.4096156681	-1.3578805245510903	0.47106785874348206	3.089802421767825e-4	0.0016772843774065173	CHD2	1106	ENSG00000173575	chromodomain helicase DNA binding protein 2	1106
15798	20.189998703654787	-1.7816655722796222	0.5912127036773842	3.172154278876117e-4	0.0017138615885954503	NA	15798	NA	NA	15798
14118	22.665425917280057	-1.7339206262838671	0.5710628376214715	3.175233620255107e-4	0.001715049166910481	NA	14118	NA	NA	14118
6929	611.1183819407772	-1.111398495367538	0.35737942705201947	3.180383289761541e-4	0.001716877647768359	TCF3	6929	ENSG00000071564	transcription factor 3	6929
16065	8.720259570004636	-2.516133309692763	0.8748206254883155	3.183842640829804e-4	0.001718268486777283	NA	16065	NA	NA	16065
13782	19.03582435457863	-2.248261972276921	0.7233917464581209	3.188241913997118e-4	0.0017201656747518135	NA	13782	NA	NA	13782
8302	326.201484483728	-1.0316460438221133	0.32073577812104126	3.1960228411848714e-4	0.0017238858235116069	KLRC4	8302	ENSG00000183542	killer cell lectin like receptor C4	8302
11331	39.587767423138004	-1.6343057929626719	0.5166403537306236	3.2292360916561153e-4	0.0017389087874853254	PHB2	11331	ENSG00000215021	prohibitin 2	11331
11279	36.53470500577538	-1.1395126374181257	0.3524842539785818	3.25626390985091e-4	0.0017505566836908443	KLF8	11279	ENSG00000102349	KLF transcription factor 8	11279
12244	63.06699290674233	-1.08733473427683	0.3394475560372106	3.256003453416551e-4	0.0017505566836908443	NA	12244	NA	NA	12244
9394	156.79740901613042	-1.5358588086625713	0.5723307549602719	3.295544736997032e-4	0.0017687423090650646	HS6ST1	9394	ENSG00000136720	heparan sulfate 6-O-sulfotransferase 1	9394
13961	24.285529687082793	-1.6239287128468725	0.5497553144924252	3.316557763880003e-4	0.0017791410034637253	NA	13961	NA	NA	13961
16242	8.433206632409208	-2.2627045042018348	0.7672930175249495	3.3275904031106375e-4	0.0017829911022834834	NA	16242	NA	NA	16242
9263	225.75607753578572	-1.6132963180446485	0.6144282038585454	3.3909329871666366e-4	0.0018124380711248545	STK17A	9263	ENSG00000164543	serine/threonine kinase 17a	9263
15724	13.005160612671883	-1.9286302625286804	0.6458301176489383	3.427361860578004e-4	0.0018293990446711062	NA	15724	NA	NA	15724
11042	131.57442122344497	-1.480766786909352	0.5326730682928836	3.5129025864781587e-4	0.0018683956609852814	GUSBP15	11042	NA	GUSB pseudogene 15	11042
2331	1722.9896193341228	-1.1697212268855355	0.37973910079828854	3.51812836606049e-4	0.0018706638287405244	FMOD	2331	ENSG00000122176	fibromodulin	2331
16500	7.2879552598681245	-2.333673889831648	0.79524357492942	3.5443617806071815e-4	0.0018830691949876157	NA	16500	NA	NA	16500
13738	21.139631230157256	-1.5963531998717209	0.5254427317774115	0.00035520214294515337	0.001886623609130903	NA	13738	NA	NA	13738
6807	724.2901301685258	-1.4802732445898654	0.5514711099016879	3.57047053848669e-4	0.0018948712066945588	NA	6807	NA	NA	6807
17316	7.514667321036739	-2.5016957693836037	0.8777181077592972	3.5787017011302364e-4	0.0018987217504279042	NA	17316	NA	NA	17316
12398	31.872674810764682	-1.439077704733236	0.4829649941307347	3.590269632462338e-4	0.0019033025692549593	NA	12398	NA	NA	12398
12678	54.869558985912235	-1.2158530684827198	0.3959739242775278	3.6111047822965406e-4	0.0019138265296370638	NA	12678	NA	NA	12678
1505	3088.83584878705	-1.13489477387735	0.37353048561169194	3.616456188793044e-4	0.0019161408627852282	NA	1505	NA	NA	1505
15826	16.113327851953144	-2.180155829878064	0.8824956433412585	3.636708234944854e-4	0.0019252986659483624	NA	15826	NA	NA	15826
14018	37.829612119732126	-2.0618833418514737	0.6720172278475575	3.655868032396255e-4	0.0019343895535199433	NA	14018	NA	NA	14018
17126	6.074729569311144	-2.775977029529668	0.9435945045215252	3.662620117530402e-4	0.001937435447329686	NA	17126	NA	NA	17126
4906	536.0130293243144	-1.1503862096486652	0.3800758099575769	3.6702367770996954e-4	0.001940409614755153	NA	4906	NA	NA	4906
13069	31.282138334298477	-1.6546918387794176	0.5508275262344945	3.681173427334876e-4	0.0019456631197545904	NA	13069	NA	NA	13069
9134	90.40602930374723	-1.3465977183126472	0.4219128876384784	3.718261460742593e-4	0.001963133106009539	CCNE2	9134	ENSG00000175305	cyclin E2	9134
11872	26.76254635837108	-1.4816510988588365	0.49143607062278843	3.7298479968690614e-4	0.0019681825343565293	NA	11872	NA	NA	11872
16408	15.727344345553794	-3.5700196824712958	1.1823333722323013	3.760665804708639e-4	0.0019811165323519423	NA	16408	NA	NA	16408
10117	192.9956416819044	-1.010791747939065	0.31679274061782176	3.77621389053616e-4	0.0019872606415285076	ENAM	10117	ENSG00000132464	enamelin	10117
11543	16.71968956756868	-2.757517136269729	0.907639326415327	3.7876781285641506e-4	0.0019922163259455928	NA	11543	NA	NA	11543
18218	8.501038731283261	-2.849089830101149	1.028090512505845	3.8019325434194466e-4	0.0019976075508723735	NA	18218	NA	NA	18218
11934	92.03748738216109	-1.6436287189866616	0.6388363111464013	3.804388518674234e-4	0.0019983051271773083	NA	11934	NA	NA	11934
16261	5.6583154055136236	-3.027447202970617	1.0822804757787778	3.835566161853079e-4	0.002013051593199104	NA	16261	NA	NA	16261
9865	168.41416545587575	-1.040425218930506	0.32970511744135556	3.837902972282903e-4	0.002013734962081358	TRIL	9865	ENSG00000255690	TLR4 interactor with leucine rich repeats	9865
14146	38.01826312318331	-1.0879951818199238	0.33907473908185914	3.84930086498786e-4	0.00201917100090374	NA	14146	NA	NA	14146
12254	58.800440763103936	-1.5184473277399675	0.550883433626394	3.9193179326522443e-4	0.00205313179777511	NA	12254	NA	NA	12254
11012	124.8334537192022	-1.321503006479674	0.44986199234579954	4.012902765139045e-4	0.0020966537890023617	KLK11	11012	ENSG00000167757	kallikrein related peptidase 11	11012
9357	279.908134059876	-1.3766943986483147	0.47165075377614524	4.0340441152850306e-4	0.0021069922846903375	NA	9357	NA	NA	9357
9585	212.30283305562384	-1.225304507982062	0.4132526969043034	4.084319894658912e-4	0.002127541474035254	KIF20B	9585	ENSG00000138182	kinesin family member 20B	9585
7247	517.4093642952713	-1.1066420419889624	0.3643743029790603	4.1105987341731446e-4	0.002140084589773771	TSN	7247	ENSG00000211460	translin	7247
7851	333.3805230795007	-1.478954964484355	0.5412699892637971	4.1293768377353426e-4	0.0021481369323487704	MALL	7851	ENSG00000144063	mal, T cell differentiation protein like	7851
15897	12.844128749916033	-3.810066024336633	1.280381453694532	4.147652898862021e-4	0.002155339734706376	NA	15897	NA	NA	15897
12360	49.95143313230856	-1.4390407280874808	0.47694828001924316	4.150127766232324e-4	0.0021560500923290776	NA	12360	NA	NA	12360
12532	34.28589976954211	-1.9216819052801606	0.7460206403276461	4.217709950909205e-4	0.002186315185476614	NA	12532	NA	NA	12532
16133	16.301247665320695	-2.668565462632171	1.0227147922571158	4.231118018201941e-4	0.002191689852335054	NA	16133	NA	NA	16133
12329	61.03162694316329	-1.2161805159288042	0.39852901410480873	4.2620972628053364e-4	0.0022053888548645216	NA	12329	NA	NA	12329
14422	25.078604410813956	-1.323660200684056	0.4375768357197447	4.2835091377391155e-4	0.00221411344832778	NA	14422	NA	NA	14422
18412	7.222995719131286	-2.5989577667362727	0.9387040017346102	4.281440151359328e-4	0.00221411344832778	NA	18412	NA	NA	18412
14208	26.572308939714855	-1.4467385017650356	0.48396030557331715	4.2867062754525076e-4	0.0022151776640090613	NA	14208	NA	NA	14208
7427	313.62873162217426	-1.131315884806527	0.3769131087178459	4.322620098239076e-4	0.0022319583372732996	NA	7427	NA	NA	7427
11089	75.92204142340103	-1.223631595043647	0.4031859861570298	4.333627626493652e-4	0.002236455243680535	NA	11089	NA	NA	11089
16431	10.978959837841794	-2.252648908297448	0.7937985577720102	4.392894526769628e-4	0.0022610452363254095	NA	16431	NA	NA	16431
9344	168.0935203039155	-1.4926319788690687	0.5581724132838846	4.4580636260081757e-4	0.0022897433683226475	TAOK2	9344	ENSG00000149930	TAO kinase 2	9344
15414	13.953947608337385	-1.6147176311761735	0.5436269350760579	4.4608606485500006e-4	0.00229057543750479	NA	15414	NA	NA	15414
8857	375.81814736421563	-1.1272571180555673	0.37706377796175095	4.471533880027683e-4	0.002295450299108909	FCGBP	8857	ENSG00000275395	Fc gamma binding protein	8857
15890	11.542997286955742	-1.7373054815800495	0.6009013974959488	4.507484841239736e-4	0.0023114667324207246	NA	15890	NA	NA	15890
20543	3.995285118775896	-3.6404464436997834	1.5132295230651045	4.586793231853959e-4	0.002347188616489874	NA	20543	NA	NA	20543
6674	711.1308427559749	-1.0696317082899949	0.3447098097202736	4.603428634058969e-4	0.0023544631970413036	SPAG1	6674	ENSG00000104450	sperm associated antigen 1	6674
15849	20.691542119779474	-1.7130503803516173	0.592132697051461	4.613470189680244e-4	0.002358979068874599	NA	15849	NA	NA	15849
14376	22.023361333718547	-2.199832451029597	0.894712981022285	4.6435571211296957e-4	0.0023731162062580096	NA	14376	NA	NA	14376
12453	67.94305314537078	-1.3104047138673938	0.45137290556526	4.6693450404947107e-4	0.002385042620290487	NA	12453	NA	NA	12453
14429	26.308344860182324	-1.5410096141780132	0.5544391290257011	4.6793796726058606e-4	0.002388287642501512	NA	14429	NA	NA	14429
14432	26.53119969841645	-1.079949951689405	0.34263739212838834	4.6821744346890693e-4	0.0023890874848842155	NA	14432	NA	NA	14432
14170	25.961522295398176	-1.6070573495326532	0.5616094725011228	4.737814871871788e-4	0.0024136810267407554	NA	14170	NA	NA	14170
6508	517.1792599716757	-1.1585868403529112	0.3944320035398816	4.777865134377267e-4	0.00243217455872655	SLC4A3	6508	ENSG00000114923	solute carrier family 4 member 3	6508
11238	28.574246485055646	-1.3207765420983753	0.4386162710882887	4.7829464815530746e-4	0.002434124515625115	CA5B	11238	ENSG00000169239	carbonic anhydrase 5B	11238
13492	27.847576206193814	-1.1813633230799516	0.3816322003358886	4.803568410996901e-4	0.002443200403927128	NA	13492	NA	NA	13492
10327	59.19902940892613	-1.045512836323681	0.33372688174988396	4.8394197159837315e-4	0.0024564409779019147	AKR1A1	10327	ENSG00000117448	aldo-keto reductase family 1 member A1	10327
14020	8.87530977998214	-2.406366891568722	0.9356035709217305	4.8458541772954876e-4	0.0024590656621733373	NA	14020	NA	NA	14020
14147	14.759664642321827	-1.8724680807665621	0.6838644118451042	4.8746650265729007e-4	0.0024723965619529637	NA	14147	NA	NA	14147
10282	303.27273705956145	-1.8376871904886511	0.7019725093080101	4.88889190967067e-4	0.0024783205380073175	BET1	10282	ENSG00000105829	Bet1 golgi vesicular membrane trafficking protein	10282
4259	754.4867224383111	-1.1064842132907877	0.36492294187634505	4.927402094908474e-4	0.00249654184246326	MGST3	4259	ENSG00000143198	microsomal glutathione S-transferase 3	4259
17308	10.282706179558554	-2.366190421048272	0.9876579277273687	4.989973241989049e-4	0.002519455079529562	NA	17308	NA	NA	17308
11158	43.8565657014224	-1.9034172390769855	0.8849878958463124	4.992613074741758e-4	0.0025197417802787694	RABL2B	11158	ENSG00000079974	RAB, member of RAS oncogene family like 2B	11158
14446	20.913656415853517	-1.9222752588689545	0.7423942520611372	4.99975587347672e-4	0.0025220385965197107	NA	14446	NA	NA	14446
14675	23.89899876817012	-1.4978147544429745	0.5258540533473317	4.998646486492502e-4	0.0025220385965197107	NA	14675	NA	NA	14675
18751	4.793374026263796	-3.473645810582184	1.2738342613509224	5.009561487851433e-4	0.002526330036669519	NA	18751	NA	NA	18751
11651	61.02602842870188	-1.1082108307294947	0.3642693976103163	5.016197209403002e-4	0.0025290210852899437	NA	11651	NA	NA	11651
13648	30.666481923081527	-1.66470470938282	0.5832987220422359	5.098789534459102e-4	0.002564681910832478	NA	13648	NA	NA	13648
10814	228.3599754503061	-1.0144901622733153	0.31563547230594446	5.106550976783772e-4	0.0025672588106222935	CPLX2	10814	ENSG00000145920	complexin 2	10814
15743	20.66045451200094	-1.7649634211284462	0.66502908477363	5.112622623546584e-4	0.0025690275236278284	NA	15743	NA	NA	15743
8056	60.31466703952101	-1.534229272348767	0.5861965890453237	5.182805254897904e-4	0.00260223356722312	ECB2	8056	NA	erythrocytosis, autosomal recessive benign 2	8056
5632	695.9684843817828	-1.2657124009420797	0.4484804820957908	5.30007684546654e-4	0.0026535836246365926	NA	5632	NA	NA	5632
17178	7.190125747490795	-2.301419904473485	0.8368068002354818	5.314446993191399e-4	0.002658726296516653	NA	17178	NA	NA	17178
6362	585.046648424146	-1.3019769337843927	0.4793978469244955	5.330330045275961e-4	0.002665301978702864	CCL18	6362	ENSG00000275385	C-C motif chemokine ligand 18	6362
15968	18.12542953603643	-2.729956745965341	0.9330762466280682	5.36184535037236e-4	0.002679683419712288	NA	15968	NA	NA	15968
7195	475.51392527767416	-1.1744646693684353	0.4091727433190098	5.415640045584862e-4	0.002702404382746846	TRG-CCC1-1	7195	NA	tRNA-Gly (anticodon CCC) 1-1	7195
8902	200.99469225652138	-1.1942295507233778	0.4122071745588821	5.424621839398274e-4	0.0027061924023719514	NA	8902	NA	NA	8902
19695	2.9644548725822903	-4.958935728443753	2.687681135426288	5.436272610061228e-4	0.002710190757575648	NA	19695	NA	NA	19695
12302	26.273076423081807	-1.275413967113257	0.42688427422266045	5.480945410209135e-4	0.0027286947717595285	NA	12302	NA	NA	12302
7288	348.80105313364936	-1.3732453406144411	0.5042916261437971	5.550762249384337e-4	0.0027613339502880517	TULP2	7288	ENSG00000104804	TUB like protein 2	7288
11419	116.72495713687343	-1.1127586364352176	0.37198556387276266	5.562043554905005e-4	0.0027662389374394658	NA	11419	NA	NA	11419
7884	256.508291557863	-1.3475135725796479	0.4559189336834944	5.586615884621405e-4	0.0027749140308988554	SLBP	7884	ENSG00000163950	stem-loop histone mRNA binding protein	7884
8888	232.688690605884	-1.3324224278381849	0.4860952599570955	5.594325434342535e-4	0.002778034378100028	MCM3AP	8888	ENSG00000160294	minichromosome maintenance complex component 3 associated protein	8888
5954	499.6900205838328	-1.2625721152662541	0.45127346184590394	5.668266591965001e-4	0.0028111655490884527	RCN1	5954	ENSG00000049449	reticulocalbin 1	5954
6845	580.8718470549869	-1.2911967686353478	0.46561681658350135	5.671220872926677e-4	0.0028119141250452498	VAMP7	6845	ENSG00000124333	vesicle associated membrane protein 7	6845
11605	40.124809147140454	-1.1939668317595649	0.3931401562355764	5.714863518538489e-4	0.002832109980501083	NA	11605	NA	NA	11605
8489	329.95082477494606	-1.1069011276666245	0.3757404655152169	5.780436357497554e-4	0.0028609714955839614	RPL23AP3	8489	ENSG00000214914	ribosomal protein L23a pseudogene 3	8489
9233	186.6529211346538	-1.0759792682095466	0.35814634799986106	5.814287497650312e-4	0.0028733328845041324	NA	9233	NA	NA	9233
10235	131.19737345927535	-1.1607787255264572	0.3948207509281729	5.854037772109662e-4	0.0028900413263071066	RASGRP2	10235	ENSG00000068831	RAS guanyl releasing protein 2	10235
14215	16.297145222072505	-2.3600544071049345	0.9615015389717717	5.925614905127133e-4	0.0029238943120861844	NA	14215	NA	NA	14215
6579	410.955647241112	-1.0102754377502936	0.33266401684774094	5.975764619115159e-4	0.002946398663607806	SLCO1A2	6579	ENSG00000084453	solute carrier organic anion transporter family member 1A2	6579
14938	17.958277281347158	-1.3696232454209067	0.46942528454346266	5.97793110332811e-4	0.0029467202938669793	NA	14938	NA	NA	14938
12346	35.46259525885504	-1.7468191796243544	0.7072928130712823	6.015628079657168e-4	0.002961551683739139	NA	12346	NA	NA	12346
12258	47.22060150354466	-1.086873879052104	0.35394629812776146	6.028303662001902e-4	0.0029662912153279146	NA	12258	NA	NA	12258
8105	33.078541570374846	-1.5347357013171659	0.5128993891851463	6.079073480200054e-4	0.0029882507956093267	BRCD1	8105	NA	cancer, familial, with in vitro radioresistance	8105
18047	3.429000846805388	-5.111037784531075	2.7798366005010147	6.121271694389676e-4	0.003007474588349343	NA	18047	NA	NA	18047
6451	375.19881251144164	-1.7045389103713273	0.6154627720466792	6.265640043948841e-4	0.003071028776345048	SH3BGRL	6451	ENSG00000131171	SH3 domain binding glutamate rich protein like	6451
13931	26.63768725835793	-1.1244449353238624	0.3687532128474846	6.266407312505106e-4	0.003071028776345048	NA	13931	NA	NA	13931
15823	13.154064132873163	-1.995678740281347	0.7484663334633064	6.305286930981602e-4	0.003086196905528998	NA	15823	NA	NA	15823
6682	725.2249581378333	-1.0269524528558807	0.34315944275996374	6.368758656856741e-4	0.003114913601937397	NA	6682	NA	NA	6682
14766	25.056241457662498	-1.4528306448535413	0.5113886456615686	6.393840295036604e-4	0.0031256097960740354	NA	14766	NA	NA	14766
11875	49.853694180675156	-1.2506503543797396	0.4233685587401589	6.413413894374605e-4	0.0031321617656757885	NA	11875	NA	NA	11875
11271	104.09123123433548	-1.3420405639561148	0.49950105101830183	6.476990060000738e-4	0.003158323817531304	NA	11271	NA	NA	11271
9766	63.76654192203701	-1.2159006892288808	0.4166543222717969	6.489137723509452e-4	0.0031618705367355395	SUSD6	9766	ENSG00000100647	sushi domain containing 6	9766
9042	271.86207679142314	-1.0438303630736518	0.35287195481275035	6.495911286195529e-4	0.0031635868253416214	NA	9042	NA	NA	9042
15080	15.964296350361613	-1.3935157579082975	0.47907721017229377	6.633722687113462e-4	0.003223442627064047	NA	15080	NA	NA	15080
3305	1322.7567139368655	-1.1954234099522565	0.4336707332687217	6.653431812014097e-4	0.003232212593449983	HSPA1L	3305	ENSG00000204390	heat shock protein family A (Hsp70) member 1 like	3305
11950	26.24227281194126	-1.5582283262634962	0.5800871041673239	6.67408591507086e-4	0.0032414371348438733	NA	11950	NA	NA	11950
14043	19.960795193694793	-1.830075723319832	0.7456633682438506	6.695193927062204e-4	0.0032502696458573998	NA	14043	NA	NA	14043
6506	398.0054146111928	-1.029756016511938	0.3503459407276877	6.812894173591144e-4	0.0033014375874566046	SLC1A2	6506	ENSG00000110436	solute carrier family 1 member 2	6506
12775	66.47398239418594	-1.7467079478733407	0.6185413297879732	6.822763905107789e-4	0.003304574623128489	NA	12775	NA	NA	12775
7901	349.15800959787555	-1.6730131384281952	0.861711112855261	6.82779439466454e-4	0.0033061882735647328	NA	7901	NA	NA	7901
11202	187.45679509367318	-1.3273528751520485	0.4400252965663745	6.843740012894075e-4	0.00330979185862156	KLK8	11202	ENSG00000129455	kallikrein related peptidase 8	11202
14035	41.42057368436058	-1.4970254921910189	0.5051870950032171	6.849434555909556e-4	0.0033117228793181582	NA	14035	NA	NA	14035
12902	29.342931040393964	-1.529757188698797	0.5773891310204788	7.159128031265627e-4	0.003449462505978222	NA	12902	NA	NA	12902
13364	43.3666880781672	-1.1771545441210918	0.40079309174448974	7.1672198782874e-4	0.0034516522160690693	NA	13364	NA	NA	13364
12574	27.790971895931985	-1.1952683140568257	0.4029526187827426	7.178901521540827e-4	0.0034529009983601216	NA	12574	NA	NA	12574
10754	173.82052889080467	-1.0750490302803104	0.36821077210196923	7.241315357767027e-4	0.0034787271828561864	NA	10754	NA	NA	10754
15564	6.740321450504722	-3.066160358616466	1.2354055454772939	7.2456223084693e-4	0.003479423655845454	NA	15564	NA	NA	15564
16606	10.614698047000445	-1.8336392143795257	0.6865965438060586	7.24669471984215e-4	0.003479423655845454	NA	16606	NA	NA	16606
5017	798.4407925159636	-1.4573965472778305	0.611398206329585	7.302919942250265e-4	0.003501407366251107	OVOL1	5017	ENSG00000172818	ovo like transcriptional repressor 1	5017
14175	27.787024985236798	-1.2300086343044914	0.4178561856069207	7.325168100316123e-4	0.003510344654032309	NA	14175	NA	NA	14175
14752	26.20094322334089	-2.1737573695324586	0.7664709204762813	7.416546079285069e-4	0.0035488911543881665	NA	14752	NA	NA	14752
12646	16.252510470278217	-1.514485593456145	0.534716086479632	7.438191254973764e-4	0.003558373648304927	NA	12646	NA	NA	12646
1576	1871.29840563178	-1.095949981447551	0.3845766385190152	7.452734436476476e-4	0.003562703632234554	CYP3A4	1576	ENSG00000160868	cytochrome P450 family 3 subfamily A member 4	1576
11827	43.439687343002	-1.7396550585325337	0.814144386693358	7.465014931703134e-4	0.003567697828729732	NA	11827	NA	NA	11827
12104	120.7692171138124	-1.2953636206928725	0.43194917011319517	7.499160887019045e-4	0.0035822574870465794	NA	12104	NA	NA	12104
15028	15.213910413708088	-1.6442300682255102	0.5894062904966848	7.501244666429513e-4	0.0035823735571382763	NA	15028	NA	NA	15028
12364	97.64605088987219	-1.8305949993327135	0.8304910522147312	7.623037085119737e-4	0.0036332210919031486	NA	12364	NA	NA	12364
12490	44.050949269973046	-2.178307096971401	0.844395660317348	7.624518236129932e-4	0.0036332210919031486	NA	12490	NA	NA	12490
16973	11.247191587420785	-2.394880463613309	0.95462248944022	7.729665726439638e-4	0.0036770233366473183	NA	16973	NA	NA	16973
15201	14.914855012071023	-1.698874064448714	0.6323660554991024	7.742416705025236e-4	0.003681289310933206	NA	15201	NA	NA	15201
17562	9.760457688248481	-2.381915425708266	0.9389812630603002	7.786562502344352e-4	0.0037004711320665065	NA	17562	NA	NA	17562
10577	58.598707982048715	-1.2558270664226838	0.45376975115413626	7.823047347448757e-4	0.003715995226475476	NPC2	10577	ENSG00000119655	NPC intracellular cholesterol transporter 2	10577
18502	5.749555482802084	-2.514976050797012	0.9449586723815337	7.88035104236581e-4	0.0037395638048154365	NA	18502	NA	NA	18502
15741	6.811378054345347	-2.31236608107631	0.8773487997285978	7.90391685119349e-4	0.003748034311415197	NA	15741	NA	NA	15741
4744	745.8311123149105	-1.1277500740164081	0.40580401286840595	7.939109123413652e-4	0.0037619430886475062	NEFH	4744	ENSG00000100285	neurofilament heavy chain	4744
10850	128.79693603102007	-1.3507809022372028	0.5121668204546161	7.959950438706921e-4	0.003769065583641737	CCL27	10850	ENSG00000213927	C-C motif chemokine ligand 27	10850
12992	43.51720919840394	-1.292533849842666	0.44842583690085025	7.980502732073993e-4	0.0037760409353000722	NA	12992	NA	NA	12992
9329	143.99336616483524	-1.2654520358384806	0.475519270306976	0.00080290969479750575	0.003797187258919626	GTF3C4	9329	ENSG00000125484	general transcription factor IIIC subunit 4	9329
16750	11.679508019926994	-1.4594329816567468	0.5145813113249367	8.04425475887716e-4	0.0038034315321309135	NA	16750	NA	NA	16750
8870	192.22981659613518	-1.338627574649807	0.5267636947663524	8.06004119334352e-4	0.003808119972412193	IER3	8870	ENSG00000137331	immediate early response 3	8870
10615	119.93764609857026	-1.1269185114618816	0.39564643234763575	8.109389130180532e-4	0.003830505385010761	SPAG5	10615	ENSG00000076382	sperm associated antigen 5	10615
10082	209.60889124473113	-1.0682705739533127	0.3720510667221153	8.112306987948019e-4	0.00383095380471867	GPC6	10082	ENSG00000183098	glypican 6	10082
16467	6.578048648952137	-3.0299750080071877	1.2686054139498117	8.145577833158292e-4	0.0038429355202689343	NA	16467	NA	NA	16467
18619	6.477900701677144	-2.558393968186181	1.00768901108466	8.157482855894961e-4	0.0038466870331614208	NA	18619	NA	NA	18619
335	10846.120134473878	-1.2403087585097168	0.46859166463694296	8.225784017745711e-4	0.0038723266272218016	APOA1	335	ENSG00000118137	apolipoprotein A1	335
20436	3.803477773283062	-3.605167896896912	1.644689718140953	8.231878085579511e-4	0.003874258269007566	NA	20436	NA	NA	20436
11213	122.90176003158865	-1.0123167990476487	0.3359178010778724	8.323029218023358e-4	0.003909593811536389	IRAK3	11213	ENSG00000090376	interleukin 1 receptor associated kinase 3	11213
918	5062.4457222279125	-1.1955537715396567	0.4504494043886607	8.356384400334544e-4	0.00392242153436832	NA	918	NA	NA	918
14731	7.898456844511387	-2.7155097845880984	1.1399637235782822	8.375408315953348e-4	0.003929455671088913	NA	14731	NA	NA	14731
13652	14.286305849919563	-1.5278410154419075	0.5621820098621371	8.609313681381083e-4	0.004025609167548228	NA	13652	NA	NA	13652
14747	11.598861660391783	-1.9524483490557676	0.7928429304296488	8.710386587717476e-4	0.004069935975595914	NA	14747	NA	NA	14747
12152	50.81934574150363	-1.0822000700915735	0.3721989330121968	8.821793282999735e-4	0.004113102996656873	NA	12152	NA	NA	12152
12907	41.30247661820722	-1.4766406911003593	0.5103948012178171	8.839431678588416e-4	0.004119352966882403	NA	12907	NA	NA	12907
1182	4075.7924002530035	-1.7809000734515252	0.8951062031226611	8.881624341958385e-4	0.004137034258469415	CLCN3	1182	ENSG00000109572	chloride voltage-gated channel 3	1182
15612	9.871898461285953	-1.7707036317914993	0.6765122695817297	8.891651577117692e-4	0.004139723237853766	NA	15612	NA	NA	15612
16243	6.5271088285508725	-2.2131186582566067	0.8675184698246353	8.989085930756663e-4	0.004177091721548601	NA	16243	NA	NA	16243
15274	21.379375137338076	-1.8887055120512215	0.675637434930555	9.003455412647584e-4	0.004181771975788416	NA	15274	NA	NA	15274
10045	125.31517754415879	-1.0118577628648382	0.3492986348533848	9.048671290703531e-4	0.0041977638137874	SH2D3A	10045	ENSG00000125731	SH2 domain containing 3A	10045
17064	10.300958340325327	-2.1493410789442025	0.8266774883457302	9.06507624352837e-4	0.004203370235294391	NA	17064	NA	NA	17064
17570	9.776641676283882	-2.3237264147833776	0.9170954070732813	9.138224115431291e-4	0.0042340632193829195	NA	17570	NA	NA	17570
19472	4.2639995360252625	-3.110344934459471	1.2128486149791664	9.139972038758362e-4	0.0042340632193829195	NA	19472	NA	NA	19472
13475	33.106484210671724	-1.4783691498586546	0.5780359800003682	9.145875518270233e-4	0.004235789706355474	NA	13475	NA	NA	13475
21739	2.4558738305199324	-4.551345010405244	2.6324462923738814	9.25101358048827e-4	0.004278373937497202	NA	21739	NA	NA	21739
15315	10.334983290942404	-1.709424124642106	0.6406134996078913	9.318382320397827e-4	0.004303394360162841	NA	15315	NA	NA	15315
18352	4.853789335150622	-2.8601115978631593	1.0698404442952854	9.365705153161733e-4	0.004319099241366836	NA	18352	NA	NA	18352
4698	708.9629529279457	-1.016828518894401	0.3584770983694587	9.409601906122925e-4	0.0043352334918337655	NDUFA5	4698	ENSG00000128609	NADH:ubiquinone oxidoreductase subunit A5	4698
13427	30.782946452871837	-2.0386169640581833	0.7368163163941166	9.436934227814376e-4	0.004344740407085298	NA	13427	NA	NA	13427
9300	157.87815878841846	-1.1989094227525545	0.4449880534442132	9.444066977440165e-4	0.004346995918825995	SNORD28	9300	ENSG00000274544	small nucleolar RNA, C/D box 28	9300
11739	93.08319343515844	-1.1219421817419706	0.40379774289691434	9.484991108889216e-4	0.004362737224535406	NA	11739	NA	NA	11739
10455	75.51220897526284	-1.1952596885724818	0.44146060075888327	9.508113631486804e-4	0.004369242016112508	ECI2	10455	ENSG00000198721	enoyl-CoA delta isomerase 2	10455
7702	438.87913171846634	-1.199827505748649	0.4505723657279353	9.54612315315962e-4	0.004384637778702841	ZNF143	7702	ENSG00000166478	zinc finger protein 143	7702
16690	3.81428787649275	-5.133688227428098	2.9201485559481126	9.556942537510693e-4	0.004388571465844634	NA	16690	NA	NA	16690
11557	102.13378780975397	-1.0957647236678196	0.3658023435415602	9.598870064451024e-4	0.004403668324476222	NA	11557	NA	NA	11557
13219	29.48512952328788	-1.587063696928231	0.6286653228023968	9.63030725407657e-4	0.0044160087057394945	NA	13219	NA	NA	13219
355	7800.878986182663	-1.0019075293393302	0.3468609319023946	9.6385997564211e-4	0.0044187700791451364	FAS	355	ENSG00000026103	Fas cell surface death receptor	355
19206	4.705284006969216	-2.8090114804371362	1.0606965947445026	9.651921894788927e-4	0.004423835421443413	NA	19206	NA	NA	19206
13459	21.75218514782652	-1.5225863171775635	0.561634445521365	9.663373944205999e-4	0.00442804144874483	NA	13459	NA	NA	13459
13305	26.180966889589413	-1.0932368317775683	0.3766716678132905	9.857648807509395e-4	0.004505394632290755	NA	13305	NA	NA	13305
14370	17.138180180170778	-1.2771999952333275	0.4539716334893356	9.909299166909586e-4	0.004523689211523046	NA	14370	NA	NA	14370
12780	29.379958941439934	-1.618682211696173	0.6171686118543795	9.94295877605372e-4	0.004536926629326646	NA	12780	NA	NA	12780
10883	214.87406980228923	-1.1471716465219097	0.4024432758970448	0.0010059230994402246	0.004582161732334381	NA	10883	NA	NA	10883
17734	9.2359278166894	-2.179143435922578	0.8745459889064685	0.0010098492785561705	0.004595761210555769	NA	17734	NA	NA	17734
14356	11.58219089144051	-1.5647578894658103	0.5893908213399052	0.0010102970602560682	0.004595874595788746	NA	14356	NA	NA	14356
16432	10.662696074035866	-2.4239590348017925	1.2121639688156465	0.0010107570664393316	0.004595874595788746	NA	16432	NA	NA	16432
9275	368.1572693282926	-1.5867692938582303	0.8676752457874228	0.0010131656826678117	0.004601450956919086	BCL7B	9275	ENSG00000106635	BAF chromatin remodeling complex subunit BCL7B	9275
3139	830.5866114062625	-1.2414145712014473	0.4839083312598055	0.0010147371521169123	0.004606438002646893	HLA-L	3139	ENSG00000291097	major histocompatibility complex, class I, L (pseudogene)	3139
1875	1548.6023703847159	-1.359484010240138	0.5898734999065733	0.001015732014450512	0.004609878902337083	E2F5	1875	ENSG00000133740	E2F transcription factor 5	1875
13444	55.0220677924129	-1.8732940558501896	0.6811030669417253	0.0010208467323858787	0.004626824381567173	NA	13444	NA	NA	13444
14139	12.786280445872634	-1.465905320990525	0.5351003988436401	0.0010234702161973632	0.004637428143752476	NA	14139	NA	NA	14139
19173	5.0589120810872314	-2.7681056907984276	1.1308447045134162	0.001035857500860571	0.004688098331220365	NA	19173	NA	NA	19173
6932	443.4561235812746	-1.0778983098863086	0.3901366694660811	0.0010385543211264316	0.004695935326078412	TCF7	6932	ENSG00000081059	transcription factor 7	6932
14764	22.591324771362736	-1.8121208651167087	0.6545884472183374	0.0010389413250324316	0.004696593989885285	NA	14764	NA	NA	14764
6389	656.1239054548944	-1.1815484835359333	0.4423007069321085	0.001040601253072739	0.004703005338144118	SDHA	6389	ENSG00000073578	succinate dehydrogenase complex flavoprotein subunit A	6389
12650	33.79043764006858	-1.4110945890610276	0.5234340718846212	0.001054071517158661	0.00474844578597794	NA	12650	NA	NA	12650
5500	647.3186181286572	-1.186411054458419	0.45127551437611607	0.001054983856816137	0.0047503565102958905	PPP1CB	5500	ENSG00000213639	protein phosphatase 1 catalytic subunit beta	5500
12771	20.337749320440622	-1.3941974811491324	0.5146222568571883	0.0010559758747237297	0.004753723455470392	NA	12771	NA	NA	12771
16371	13.372740943190308	-1.6399177907033275	0.6329568307510757	0.0010583137791734124	0.0047620449610390235	NA	16371	NA	NA	16371
9589	234.76107185075006	-1.1149209488651732	0.4109956194014777	0.0010607348804195088	0.0047707329576713794	WTAP	9589	ENSG00000146457	WT1 associated protein	9589
1407	2778.5971604295796	-1.003668602943842	0.3519276556472287	0.0010727342824773673	0.004816819884469647	CRY1	1407	ENSG00000008405	cryptochrome circadian regulator 1	1407
16938	6.191055301892738	-2.373685307791966	0.9737809054144048	0.0010833049667576425	0.004855411782144284	NA	16938	NA	NA	16938
14075	39.74101275805957	-1.3787975135920578	0.4838175308028772	0.0010844019601738615	0.00485920942826238	NA	14075	NA	NA	14075
10547	99.60705758385188	-1.1248637738333116	0.41354184908890157	0.0010976091489985035	0.00490821958838692	PSORS4	10547	NA	psoriasis susceptibility 4	10547
7440	216.5760643019501	-1.386055850741782	0.5862515459617941	0.0010984157251535324	0.004910698007629886	NA	7440	NA	NA	7440
15732	20.039704223556534	-2.0935273336369145	0.7760693312491603	0.0011058494649100238	0.0049371269641234165	NA	15732	NA	NA	15732
13808	20.608383099944007	-1.5378992626627837	0.5897807774942765	0.0011472417921896522	0.005097368154749503	NA	13808	NA	NA	13808
19014	4.640684040908694	-3.2859982771101643	1.2524770381464496	0.0011471510165225495	0.005097368154749503	NA	19014	NA	NA	19014
11566	64.05287448752009	-1.1705679744503386	0.4316893012421493	0.0011588231129119188	0.005140426239553497	NA	11566	NA	NA	11566
11802	44.60744270748715	-1.0693373843969691	0.3789919368543001	0.0011646419511375373	0.005162892257650937	NA	11802	NA	NA	11802
8761	274.858722299254	-1.1040102899801223	0.4124024988842512	0.0011713715447094868	0.005189178609513162	PABPC4	8761	ENSG00000090621	poly(A) binding protein cytoplasmic 4	8761
12895	22.787968910952163	-1.674683917188919	0.6599604585110531	0.0011811114421592757	0.005225189764915131	NA	12895	NA	NA	12895
14428	12.565227980240556	-2.3883199997855304	1.0474101787520316	0.0011862889360635316	0.005243327046271267	NA	14428	NA	NA	14428
6673	715.4181532984387	-1.130665488212813	0.40718884540679423	0.0011930663600865212	0.0052704949209398996	NA	6673	NA	NA	6673
13803	13.16226363961471	-2.7181373220703886	1.02629481476437	0.0011944246282621714	0.00527449459737012	NA	13803	NA	NA	13803
15674	18.09517198305023	-2.5038602173123174	1.5393987078055364	0.0012136069970620027	0.005349491680594255	NA	15674	NA	NA	15674
9690	91.52953932056501	-1.1255281040458562	0.3941063564321342	0.0012176828092094957	0.00536624210824864	UBE3C	9690	ENSG00000009335	ubiquitin protein ligase E3C	9690
12105	82.24391198245742	-1.4409170006018726	0.6388245107752136	0.0012797075598313448	0.005597225309018331	NA	12105	NA	NA	12105
14530	22.296792233333377	-2.3867701248516284	1.0327815412504233	0.0012798752697770707	0.005597225309018331	NA	14530	NA	NA	14530
11122	101.30077487775522	-1.269296248556306	0.5048816706457928	0.0012838025350225487	0.005610617815871058	PTPRT	11122	ENSG00000196090	protein tyrosine phosphatase receptor type T	11122
16823	10.421203006967028	-2.0672188990881497	0.8437280867447207	0.0012886353985640231	0.005629210660259136	NA	16823	NA	NA	16823
7792	472.0171760362383	-1.9752353537814207	0.8277938959953338	0.00129782455946834	0.005666808111243744	CCV	7792	NA	cataract, congenital, Volkmann type	7792
9469	133.21632429673951	-1.2853887951984866	0.5235925774203187	0.0012981571305587354	0.005666988765770199	CHST3	9469	ENSG00000122863	carbohydrate sulfotransferase 3	9469
6322	507.46925626265045	-1.2753732287498776	0.5350224043295139	0.0013084907095520114	0.005703143941453907	SCML1	6322	ENSG00000047634	Scm polycomb group protein like 1	6322
15972	18.545707823813714	-2.140204727723042	0.8150905128522542	0.0013264567659621806	0.005763379129803526	NA	15972	NA	NA	15972
9964	329.73122000602774	-1.1149335622085732	0.42764482586127955	0.0013328736055373393	0.005789967240482625	MYCLP3	9964	NA	MYCL pseudogene 3	9964
11691	127.09423130014684	-1.0056723015742972	0.3433059308682122	0.0013347528583146954	0.005796836727440814	NA	11691	NA	NA	11691
13603	43.32573836324685	-1.2506955390168444	0.46876061010620024	0.001337046601796059	0.00580550288209574	NA	13603	NA	NA	13603
9728	131.24296048103668	-1.1228900210166135	0.4010639021640683	0.0013418263498371236	0.0058210616571957785	SECISBP2L	9728	ENSG00000138593	SECIS binding protein 2 like	9728
15109	14.56784618242134	-1.5383905758490037	0.5905031321665221	0.0013428000591012483	0.005823987508395229	NA	15109	NA	NA	15109
11553	83.58808614088512	-1.133643944729871	0.42391782908177766	0.0013507632191190465	0.005853307282849201	NA	11553	NA	NA	11553
10504	120.59027510263172	-1.2735982581556007	0.5110535065658779	0.0013517281760163887	0.005856184780377325	NA	10504	NA	NA	10504
14222	21.60870740404993	-1.446829037843177	0.5670185967249859	0.0013565804257847816	0.005875898434497581	NA	14222	NA	NA	14222
17854	8.263875018729971	-1.9713521249214232	0.8050998859680346	0.0013605346811647037	0.00588772165443576	NA	17854	NA	NA	17854
21840	2.276068731173286	-4.370270450299985	2.661352184223142	0.0013611931314608584	0.00588801501030446	NA	21840	NA	NA	21840
14479	18.672240568209922	-1.6077856845065073	0.6529518898667883	0.0013812407121546538	0.005960160864576878	NA	14479	NA	NA	14479
12642	78.39388798386786	-1.1372541073499725	0.43140133591241314	0.0013841163562273873	0.005969922076361079	NA	12642	NA	NA	12642
16569	7.7935135434994995	-1.894252480252713	0.7585990971299901	0.00139030389671298	0.005989972135030176	NA	16569	NA	NA	16569
14004	12.773735415540294	-1.2879021601109792	0.47325831020870895	0.0013918161175785976	0.005995160129304358	NA	14004	NA	NA	14004
10933	102.24087799861603	-1.3591307484748956	0.5722137115213777	0.0014285364252724945	0.006135675871160454	MORF4L1	10933	ENSG00000185787	mortality factor 4 like 1	10933
6864	535.2669238764963	-1.2388607711556257	0.5226606591455758	0.0014366649344504053	0.0061651458190384424	NA	6864	NA	NA	6864
15158	12.207428723079648	-1.3574625328056473	0.5069555764151471	0.001442821665051789	0.006187472988887807	NA	15158	NA	NA	15158
14154	26.693703236906696	-1.2070904324765546	0.4435225953442514	0.0014610234724297508	0.006251420365599292	NA	14154	NA	NA	14154
12776	36.61002491290349	-1.267716778889964	0.49971502389457967	0.0014647308510306212	0.006263047625326028	NA	12776	NA	NA	12776
10660	88.9936413560722	-1.117379374170527	0.42830085751746416	0.0014686737630331041	0.006274832075167341	LBX1	10660	ENSG00000138136	ladybird homeobox 1	10660
6489	538.1899045794697	-1.224076789359578	0.4972104240568042	0.0014806173788529226	0.006318924300407177	ST8SIA1	6489	ENSG00000111728	ST8 alpha-N-acetyl-neuraminide alpha-2,8-sialyltransferase 1	6489
16315	8.561694317053202	-1.6131208717292982	0.6310641669433398	0.0014854173697964178	0.006336630301097784	NA	16315	NA	NA	16315
13018	28.58151293058253	-1.2883203106143168	0.48408565411124455	0.001489288799923384	0.0063503613793402655	NA	13018	NA	NA	13018
18637	2.7374069308469755	-4.602083200022986	2.8108856680049534	0.0014908450136126446	0.006354212617151922	NA	18637	NA	NA	18637
14708	26.288183897824332	-1.2151651044640779	0.4547804622606673	0.001493769258730565	0.006361103620165323	NA	14708	NA	NA	14708
16274	9.143465081808557	-2.1843767635067124	1.0428282619839282	0.0014997415729729958	0.006382346545293565	NA	16274	NA	NA	16274
11814	65.11813048792182	-1.1104407459414896	0.41398094819432196	0.0015021661243587057	0.006388302167280646	NA	11814	NA	NA	11814
14437	19.431142527202557	-1.3149505535797268	0.4998060488670574	0.001502454088671883	0.006388302167280646	NA	14437	NA	NA	14437
16532	5.960618715372395	-2.736256064058644	1.2337112494279507	0.0015078967437662054	0.006406371499043079	NA	16532	NA	NA	16532
14028	22.629880481540365	-1.1653669260093593	0.4279913436768698	0.0015129634496573628	0.006422225360976291	NA	14028	NA	NA	14028
14971	16.23738395606165	-1.5720826497612561	0.642170365317632	0.0015234135055425563	0.006460481636819284	NA	14971	NA	NA	14971
16835	10.088983762930232	-2.0175710535513782	0.9560009414729863	0.001537692615695082	0.006507558911556067	NA	16835	NA	NA	16835
5810	152.88222140653448	-1.282388744762194	0.5325213301345315	0.0015416988146954435	0.006520973838901984	RAD1	5810	ENSG00000113456	RAD1 checkpoint DNA exonuclease	5810
11177	80.56248364721472	-1.382268321306027	0.6074458162263499	0.0015521517421694495	0.006560043803908175	BAZ1A	11177	ENSG00000198604	bromodomain adjacent to zinc finger domain 1A	11177
12242	92.59387478136316	-1.1381016966079414	0.4030180304686307	0.001552443982995436	0.006560043803908175	NA	12242	NA	NA	12242
16361	13.167063047405813	-1.788759848126856	0.7322184786456961	0.0015542098015510401	0.006562481438052678	NA	16361	NA	NA	16361
12505	11.656534463490168	-1.5657371412464784	0.6145003667437358	0.0015625360457486518	0.0065931183628080555	NA	12505	NA	NA	12505
18543	6.295311831032712	-2.717440549920907	1.2305258706703495	0.0015628279712922256	0.0065931183628080555	NA	18543	NA	NA	18543
15056	17.663165649962583	-1.3865310991860684	0.5500849398296686	0.0015756178378168288	0.006642785689287977	NA	15056	NA	NA	15056
14581	17.401039524145162	-1.2355586959460516	0.46390766018499424	0.0015762076970248225	0.0066438332232618726	NA	14581	NA	NA	14581
12580	35.85930968310186	-1.2785297380793101	0.49401459092172	0.001580925147419114	0.00665813901537096	NA	12580	NA	NA	12580
17949	3.898063807771865	-2.9153954064665055	1.2390730108122905	0.0015809701654606243	0.00665813901537096	NA	17949	NA	NA	17949
15272	24.108185158165455	-1.9554343383278274	0.7587574327995484	0.0015960739538496437	0.006713031168331081	NA	15272	NA	NA	15272
13239	13.950290961817156	-1.6959921366098885	0.6935899935429435	0.0016018685358245338	0.006735947185756537	NA	13239	NA	NA	13239
16470	7.874469755202337	-1.9725787857525394	0.8199563129509301	0.0016031155433705968	0.006738278961022718	NA	16470	NA	NA	16470
15874	14.168912780123067	-1.3485824214312634	0.5255696334881809	0.0016188536795057119	0.006794158174867513	NA	15874	NA	NA	15874
13581	13.374224384270514	-1.3127892609854932	0.49692650696361496	0.0016208218874473935	0.006800951865375966	NA	13581	NA	NA	13581
14879	17.502220596101886	-1.6420652304474688	0.6723059221511459	0.0016231013821893406	0.00680904850157076	NA	14879	NA	NA	14879
14098	27.641208396317776	-1.059293556459873	0.3877357825657561	0.0016260262767656955	0.006816910248198449	NA	14098	NA	NA	14098
15961	9.354796492938059	-1.861793457836209	0.7657254137472642	0.0016325008885373304	0.0068396339702529564	NA	15961	NA	NA	15961
16493	8.73897803527905	-1.6514327934363207	0.6618884967732369	0.0016336129304019055	0.006842819896373544	NA	16493	NA	NA	16493
18134	9.371824948777574	-2.3166424880756713	1.1194127684283761	0.0016430642911247197	0.006877968201673085	NA	18134	NA	NA	18134
17136	9.151347031995723	-2.0456154367613553	0.9727422225454981	0.001644955124771022	0.006881442752185911	NA	17136	NA	NA	17136
13499	53.43967743511785	-1.2184074767147766	0.45085485704640976	0.0016480643448565926	0.006892968023910197	NA	13499	NA	NA	13499
5730	525.6359814719975	-1.0430591193026306	0.39720534000838403	0.001658767604836542	0.006928799389938602	PTGDS	5730	ENSG00000107317	prostaglandin D2 synthase	5730
13588	37.44164019439226	-2.247132787661628	0.884396757026597	0.001660337571384082	0.006933868986417515	NA	13588	NA	NA	13588
15147	16.35650271464593	-1.3889907594775233	0.5331385348365097	0.0016620456870048792	0.006938024692149711	NA	15147	NA	NA	15147
15580	10.983242672359628	-2.4393140200942374	1.1788400588253358	0.001679542200324207	0.006999572251247339	NA	15580	NA	NA	15580
17915	4.785045610781439	-2.665793664128589	1.1581408869079566	0.0016966978154701452	0.007061470527558703	NA	17915	NA	NA	17915
17688	7.2971974757067954	-1.9675630844878524	0.8280653400119475	0.001700868955878917	0.0070773168164121455	NA	17688	NA	NA	17688
2258	1971.8611237977389	-1.0194204360940389	0.3896309808761696	0.0017015239257318923	0.0070785286700872935	FGF13	2258	ENSG00000129682	fibroblast growth factor 13	2258
8651	282.48784178999824	-1.1345360233985429	0.4562643061605588	0.0017207063171359492	0.007147634074233236	SOCS1	8651	ENSG00000185338	suppressor of cytokine signaling 1	8651
19019	4.999542739757475	-5.365998941871461	3.164069843063291	0.0017222095281183246	0.007150825608429851	NA	19019	NA	NA	19019
12430	23.987986443942642	-1.4269731770233058	0.58382267608613	0.001728132579019537	0.007170829023517955	NA	12430	NA	NA	12430
19804	4.850359180940409	-2.495101592194856	1.108887768775167	0.0017319464867877948	0.007180530587851997	NA	19804	NA	NA	19804
7498	440.1341214786902	-1.0673519435769878	0.4189340157026159	0.0017397928522954545	0.007211524749418922	XDH	7498	ENSG00000158125	xanthine dehydrogenase	7498
13989	31.74840182443191	-1.8608573009769716	0.7236562238644911	0.0017450330693438859	0.00723016575739863	NA	13989	NA	NA	13989
14259	32.50884965811542	-1.2110871885376535	0.4550317520515168	0.0017498582791609805	0.007245530206542945	NA	14259	NA	NA	14259
19708	4.4294721005367155	-3.111024829335477	1.505849748927908	0.0017675287387771074	0.007304709446876468	NA	19708	NA	NA	19708
13209	63.73343754986065	-1.1154646963932282	0.40805865583076256	0.0017763372117800956	0.007335740992479978	NA	13209	NA	NA	13209
17932	9.531588483614437	-2.3984913286600524	1.6222825290777418	0.0017765452596247952	0.007335740992479978	NA	17932	NA	NA	17932
14777	13.175628843367237	-1.4584108558313926	0.5772544294785557	0.00179725650177482	0.0074118263998812816	NA	14777	NA	NA	14777
13751	40.165547555548585	-1.3757525494897171	0.5839466810500924	0.0018048415009577691	0.007439953495051714	NA	13751	NA	NA	13751
16879	7.4725451843506105	-1.7591826899898286	0.7168830379219671	0.0018306087548714501	0.007528629961655387	NA	16879	NA	NA	16879
9817	231.7975277902394	-1.1578400938582456	0.47775312076874915	0.0018378226660707496	0.007549218803501292	KEAP1	9817	ENSG00000079999	kelch like ECH associated protein 1	9817
15179	17.582249626774907	-1.266763288613549	0.49301559318831956	0.0018464739526670626	0.007576265990481491	NA	15179	NA	NA	15179
9849	192.73586702130012	-1.0307148422832477	0.39786990597083044	0.0018505829054515765	0.007589924957427425	ZNF518A	9849	ENSG00000177853	zinc finger protein 518A	9849
12007	37.72592871110689	-1.4788733180192193	0.7038160470217073	0.0018994116101292702	0.007765640618639859	NA	12007	NA	NA	12007
11652	11.368433230703214	-1.4588765432229112	0.5778175074611881	0.001904688839702687	0.007783945718070976	NA	11652	NA	NA	11652
15248	7.680256446075842	-1.8690255850188868	0.81939339576235	0.0019189733004835413	0.007827528694342946	NA	15248	NA	NA	15248
19360	4.545851948027555	-2.547989928534324	1.083809019025814	0.0019201741249606746	0.007829144907994906	NA	19360	NA	NA	19360
11627	26.780568914350845	-1.1141584171637262	0.4260221947776274	0.0019393496295910825	0.007902362466807382	NA	11627	NA	NA	11627
13519	52.294891343607965	-1.0035692614891256	0.3657300768339862	0.0019574096912323394	0.007970945804786054	NA	13519	NA	NA	13519
16562	4.565930207985736	-2.4403133730598854	1.0720831557073092	0.001961699662351648	0.007986744169252179	NA	16562	NA	NA	16562
11305	60.546818563711106	-1.5231613768962298	0.8034814646534503	0.0019767407674126532	0.008037892201131977	NA	11305	NA	NA	11305
16090	4.655613222658479	-3.061018602625909	1.5044824276109385	0.001975963507436223	0.008037892201131977	NA	16090	NA	NA	16090
7237	543.2692322510196	-1.150767176251937	0.48350612592018927	0.001980540017588498	0.008051658508938743	TRT-TGT3-1	7237	NA	tRNA-Thr (anticodon TGT) 3-1	7237
10994	40.30399704254402	-1.4325852046726788	0.663910673455845	0.0020068185264925566	0.008143180847387748	ILVBL	10994	ENSG00000105135	ilvB acetolactate synthase like	10994
19654	2.8018027242167145	-3.119009715922841	1.6042578450241958	0.0020117177285863997	0.008156258065837484	NA	19654	NA	NA	19654
18379	4.478082840277227	-2.654727380176474	1.1292958440348486	0.002023396100222505	0.008195070032555707	NA	18379	NA	NA	18379
12799	18.537042425575066	-1.4499621562516802	0.58547654165436	0.002025526590416575	0.008201991880169988	NA	12799	NA	NA	12799
12948	44.68383375069943	-1.139886179790718	0.43058287662012007	0.0020267769603566467	0.008205347706573893	NA	12948	NA	NA	12948
15924	9.68297782521881	-1.9599850843159394	0.8750245537060891	0.0020276254164880293	0.008207075339075194	NA	15924	NA	NA	15924
14212	17.091396537746594	-1.461885277505776	0.6178171994495005	0.0020322343530071608	0.008224020117253556	NA	14212	NA	NA	14212
13169	3.912589446048547	-3.3972724986582308	1.9005619591165346	0.0020364958827814024	0.008239552260875025	NA	13169	NA	NA	13169
11860	59.849779681606776	-1.1114106309600569	0.41788127442018785	0.0020612732879160215	0.008324224830075472	NA	11860	NA	NA	11860
13823	43.723311852232065	-1.2907588553578768	0.49581112380901643	0.002085885152341923	0.008409656297850874	NA	13823	NA	NA	13823
17026	6.806750989004907	-1.6917861153245013	0.7003236200185868	0.002095429052338405	0.008441139471653427	NA	17026	NA	NA	17026
18068	2.916196185281115	-3.234827589325706	1.6153079711059068	0.0020973702609998752	0.008445462993858592	NA	18068	NA	NA	18068
17137	3.9836760161232254	-2.6884477574684937	1.323422907066034	0.002099371762300281	0.008451773658693786	NA	17137	NA	NA	17137
12174	10.181001895155097	-1.8995367811703256	0.8591113383441294	0.0021270624164990283	0.008547338775033572	NA	12174	NA	NA	12174
13919	5.6155181744863185	-2.85867247093534	1.3229436547839306	0.002129978356169949	0.008554733847547513	NA	13919	NA	NA	13919
16160	13.219708072457479	-1.8682494524340019	1.0960489772739554	0.002134195323000313	0.008565416427774494	NA	16160	NA	NA	16160
16355	11.477099652282675	-1.7114315422372772	0.7212407780602395	0.0021342019556178263	0.008565416427774494	NA	16355	NA	NA	16355
5179	720.2304609041826	-1.1653784415633877	0.5035139198761074	0.0021388525911392627	0.008582311397146637	PENK	5179	ENSG00000181195	proenkephalin	5179
17390	10.493421500946287	-2.359156141587498	1.1455165260757416	0.0021398319251251722	0.008584471056454542	NA	17390	NA	NA	17390
14046	29.2723442415313	-1.5515416973567795	0.6042612333782384	0.002143390981202162	0.008595205416273495	NA	14046	NA	NA	14046
19037	5.2162341844512214	-2.3642651725039907	1.0757939202662072	0.0021524408960091968	0.008626163978013792	NA	19037	NA	NA	19037
13906	43.953046499422825	-1.1142561291805047	0.4255321084427819	0.002163198516581189	0.008660359253484164	NA	13906	NA	NA	13906
6458	496.17505453662955	-1.3365252405854207	0.6486163143632363	0.002164773230768807	0.008664881086793861	SH3GL1P1	6458	NA	SH3 domain containing GRB2 like 1, endophilin A2 pseudogene 1	6458
11792	65.01005132461788	-1.2198065337323516	0.5183167807973014	0.0021740629844352434	0.008694911578317772	NA	11792	NA	NA	11792
18307	5.166291079333887	-2.5809991809453625	1.1820673523922773	0.0021764052985323475	0.00870070326925596	NA	18307	NA	NA	18307
11028	92.38292761926402	-1.0246076212220097	0.3965337156852328	0.0021991563589008464	0.008782635317169992	NA	11028	NA	NA	11028
13612	18.143694933078958	-1.6971179793826852	0.8059439157990889	0.0022066466828313167	0.008807126967715392	NA	13612	NA	NA	13612
15292	17.20158228578154	-1.4241553311475799	0.575684672200153	0.00221550628809103	0.008835239318143348	NA	15292	NA	NA	15292
15322	13.100822883944808	-1.8024896708923752	0.7822255405366201	0.002221264562379254	0.008854573873097637	NA	15322	NA	NA	15322
9921	190.8790633665367	-1.3818972036181894	0.6042836463518555	0.0022231752863718372	0.008858561475856331	RNF10	9921	ENSG00000022840	ring finger protein 10	9921
23114	2.0571857843794987	-4.076958263997665	2.694575410508674	0.0022331917001418137	0.008891191423170998	NFASC	23114	ENSG00000163531	neurofascin	23114
5208	624.7430319967126	-1.1277344881533584	0.4753901481935284	0.0022367199694249907	0.008901596589975407	PFKFB2	5208	ENSG00000123836	6-phosphofructo-2-kinase/fructose-2,6-biphosphatase 2	5208
5889	59.299298472864145	-1.2318095422293132	0.46290519739833175	0.0022392121692196942	0.008909692910485477	RAD51C	5889	ENSG00000108384	RAD51 paralog C	5889
6754	768.4133090785567	-1.0828035430033722	0.4468141896533767	0.0022439504655356254	0.008926721179433526	SSTR4	6754	ENSG00000132671	somatostatin receptor 4	6754
13063	37.24345518982423	-1.3061974865982837	0.5434050691282957	0.002251365055376272	0.008952557282933721	NA	13063	NA	NA	13063
15545	18.27335391755388	-1.182552957149508	0.45691759970362134	0.0022574975668394146	0.00897510932548761	NA	15545	NA	NA	15545
16062	12.70257436087897	-1.5188366124349186	0.6264087599188626	0.002259385287815839	0.008980779633616022	NA	16062	NA	NA	16062
14026	32.113551067474646	-1.7050817453224423	0.6802044760978259	0.0022712284146149658	0.009011289740432589	NA	14026	NA	NA	14026
16126	13.27315185207174	-1.3311692714483037	0.5318004154589315	0.0022838400836730035	0.009057634373010052	NA	16126	NA	NA	16126
6350	426.8558686087259	-1.168991165606854	0.501619083185706	0.002292342013021734	0.009087648791080864	NA	6350	NA	NA	6350
15805	9.435507049136948	-1.551251479678077	0.6435781768169285	0.0022935702369260656	0.009090666065339748	NA	15805	NA	NA	15805
11960	46.72841885714646	-1.3528259299671914	0.5703992144341326	0.002304517771332858	0.009130338018711064	NA	11960	NA	NA	11960
22795	2.253772396134232	-4.197214886991026	2.7735603936883	0.0023092178324394964	0.009145235701486577	NID2	22795	ENSG00000087303	nidogen 2	22795
11391	62.17084930995389	-1.2174866267840447	0.5183973685685547	0.00231698828703063	0.009174142228667973	NA	11391	NA	NA	11391
13958	10.0969775187696	-4.780314978323742	2.0854440548315973	0.0023241369473139327	0.009198704318014327	NA	13958	NA	NA	13958
15927	12.689370277367075	-1.479626742038891	0.6148284877932568	0.0023376212972208007	0.009244553559279415	NA	15927	NA	NA	15927
13770	36.68261009427377	-1.323625340109657	0.506941868039256	0.0023396557582639954	0.00925071936439976	NA	13770	NA	NA	13770
12367	73.12358032205776	-1.2193317158374317	0.5221383829217314	0.00234506288691645	0.00926833242125935	NA	12367	NA	NA	12367
9735	20.200362422949162	-1.5563843179525199	0.68666281685878	0.002348399283544412	0.009279634204478741	KNTC1	9735	ENSG00000184445	kinetochore associated 1	9735
6069	65.39870775988375	-1.2427383094715352	0.4708541480476017	0.0023497372249411306	0.009283036162115173	RNU4-7P	6069	NA	RNA, U4 small nuclear 7, pseudogene	6069
19912	3.706104615777843	-2.9070560988632557	1.2237720215079073	0.002354694526854988	0.009296958853139567	NA	19912	NA	NA	19912
11037	70.30602301332274	-1.2785871841952938	0.5473443449278207	0.00235923561643552	0.009311110186869125	STON1	11037	ENSG00000243244	stonin 1	11037
12598	47.293504370650695	-1.1745216381903691	0.48027123835615054	0.0023655997334105596	0.009330550549635773	NA	12598	NA	NA	12598
20548	3.7960777204463008	-2.755408145239697	1.2629747099747453	0.00236552097250364	0.009330550549635773	NA	20548	NA	NA	20548
12509	41.93721362844787	-1.5566632169815455	0.7513135809247761	0.00236896591821054	0.009340041680367771	NA	12509	NA	NA	12509
10651	25.279589526156897	-1.0596459177394044	0.40241329744622195	0.0023741858304978146	0.009357685669178481	MTX2	10651	ENSG00000128654	metaxin 2	10651
17521	9.532635194752372	-1.5804232871080564	0.6696854206315934	0.0023769555032024134	0.009363953653405296	NA	17521	NA	NA	17521
18605	4.730630538707381	-2.7589443018571136	1.4802271934444724	0.0023798549925478753	0.009371581952645529	NA	18605	NA	NA	18605
19216	2.6697459425998504	-2.9549612433419217	1.6165749650130614	0.002381594615455884	0.00937653506198401	NA	19216	NA	NA	19216
12213	101.14944808421103	-1.0623720692952452	0.41187076037748555	0.002391016312826462	0.00940411650442922	NA	12213	NA	NA	12213
5167	371.4844798041212	-1.361072757061337	0.6863206287684624	0.002396472093954707	0.009419863344870239	ENPP1	5167	ENSG00000197594	ectonucleotide pyrophosphatase/phosphodiesterase 1	5167
13207	27.906180002029075	-1.2732521594001875	0.4963114153976857	0.002405030660560124	0.009451595655323216	NA	13207	NA	NA	13207
3915	490.4997889224225	-1.1716260856663512	0.49895930757544665	0.0024091185882132446	0.00946574941353078	LAMC1	3915	ENSG00000135862	laminin subunit gamma 1	3915
9999	177.0790514938022	-1.1353961375266008	0.4754800269838519	0.002414427245416793	0.00948086533959972	NA	9999	NA	NA	9999
16729	5.9093380540443246	-2.5358132065138195	1.373618914267682	0.0024241980294619496	0.00950772225944357	NA	16729	NA	NA	16729
14574	26.536672518596472	-1.4667736035875658	0.6191392893324219	0.002446133150689939	0.009570606603453337	NA	14574	NA	NA	14574
13434	45.83564128352776	-1.366137078660187	0.5715763622431385	0.002452731290794599	0.009590637663281835	NA	13434	NA	NA	13434
9443	94.58133862099947	-1.081173206196455	0.4012780059561654	0.0024534471072960003	0.00959150947269736	MED7	9443	ENSG00000155868	mediator complex subunit 7	9443
8066	276.4935850168671	-1.0729703886978277	0.44374395774293734	0.0024592632783666146	0.009611828106027114	ANC	8066	NA	Anal canal carcinoma	8066
14103	30.971944059360958	-1.3431999247511706	0.6056577117054182	0.0024648308054777785	0.009626344030785279	NA	14103	NA	NA	14103
17707	8.05184073144205	-2.0141510268721916	0.9100621660356747	0.0024672071223787633	0.009631758838237334	NA	17707	NA	NA	17707
13357	25.833884748655837	-1.5232688899584066	0.6819028594592567	0.0024824129595857197	0.00968335109370569	NA	13357	NA	NA	13357
7008	227.60734799725023	-1.430292566452658	0.6148061649965243	0.0024839476713189646	0.009687395918143962	TEF	7008	ENSG00000167074	TEF transcription factor, PAR bZIP family member	7008
15894	7.113761311875572	-1.864829023860604	0.8231170470499597	0.0024873928924602925	0.009698888615541926	NA	15894	NA	NA	15894
10449	78.89557633361294	-1.1462385221865237	0.4844091782976082	0.0024908859550098854	0.009706674323277409	ACAA2	10449	ENSG00000167315	acetyl-CoA acyltransferase 2	10449
16135	6.662550364065698	-1.7090695389008617	0.739756484161223	0.002507029019617029	0.009759810312215842	NA	16135	NA	NA	16135
18960	2.3101893582283073	-4.177593966318098	2.8214163149935247	0.0025623871059641374	0.009947459698617211	NA	18960	NA	NA	18960
12890	9.381884647414886	-1.5697581127431024	0.6787204316120073	0.002566188097597815	0.009958242585713076	NA	12890	NA	NA	12890
12413	42.84429318300107	-1.3378495770027115	0.5859347201899516	0.0025690975202190586	0.00996514889085835	NA	12413	NA	NA	12413
16628	10.989306669009032	-1.6465583284813015	0.7092203857989533	0.002569503989226001	0.00996514889085835	NA	16628	NA	NA	16628
15390	23.51262335296129	-1.804306663227466	1.200744063520782	0.0025797320343755436	0.00999883790499551	NA	15390	NA	NA	15390
13698	39.718346985063256	-1.0780056712268458	0.4313430783167278	0.002605932344208207	0.010078308694482497	NA	13698	NA	NA	13698
14017	27.06693045824121	-1.2771562934634455	0.5374096770472816	0.0026128125928258535	0.01009930442830599	NA	14017	NA	NA	14017
12609	40.17395670480224	-1.177868840630841	0.4764994839062942	0.0026206005587884333	0.010122966946125784	NA	12609	NA	NA	12609
12570	13.885619700660255	-1.2055499501765916	0.47749150199730517	0.0026536511849302486	0.010226561493810139	NA	12570	NA	NA	12570
16064	8.665462185335272	-1.609079786309756	0.6939296962203793	0.002661096778770198	0.010250911403730568	NA	16064	NA	NA	16064
22856	2.388810317240512	-4.190109495718901	2.8098108515577085	0.002668079282599104	0.01027374177258828	CHSY1	22856	ENSG00000131873	chondroitin sulfate synthase 1	22856
17134	10.45098128135819	-1.5824997093203264	0.6747030025806149	0.0026693671491441057	0.010276667475666358	NA	17134	NA	NA	17134
13510	43.12363264447008	-1.1228276308558303	0.45677937418878684	0.0026810781379951122	0.010313591943768113	NA	13510	NA	NA	13510
14137	13.46703109067697	-1.6701937970091842	0.7945530707897223	0.0026876886478909828	0.010334935541712392	NA	14137	NA	NA	14137
16747	10.638925728948612	-2.1593571881746882	1.1931953212456363	0.00269221704629263	0.010350303425108825	NA	16747	NA	NA	16747
16678	4.991662438030885	-5.28202556576715	3.2381986008615438	0.00270462555094496	0.010391849525555748	NA	16678	NA	NA	16678
13882	41.05653854704892	-1.282486444523693	0.5000548262509831	0.002727014402453966	0.010467539898650223	NA	13882	NA	NA	13882
15539	7.05021465022715	-2.3033372949262456	1.1070977251142238	0.0027801492691901094	0.01063374310686099	NA	15539	NA	NA	15539
8530	452.5354891890429	-1.3280278037161906	0.7152965187281881	0.0027882398302167782	0.010662592913312776	CST7	8530	ENSG00000077984	cystatin F	8530
12787	29.147255649208905	-1.1123473938506188	0.44097450818532674	0.0027959750500757886	0.010681678533475642	NA	12787	NA	NA	12787
7936	127.71239775784716	-1.0383266318984359	0.4192621154022005	0.002803389180948676	0.010705800009898387	NELFE	7936	ENSG00000204356	negative elongation factor complex member E	7936
17769	7.255721757614168	-2.434974654624299	1.5558111752937804	0.0028085998996415502	0.010719388634423262	NA	17769	NA	NA	17769
12065	119.25892053684724	-1.0005530543326986	0.38253010695026857	0.0028097048735675903	0.010721503244019387	NA	12065	NA	NA	12065
16705	14.020035187339321	-2.3301807499535916	1.0045121454954204	0.0028135665691143463	0.010727906270416605	NA	16705	NA	NA	16705
15672	13.71445976409257	-1.2539046376117031	0.5097748411992977	0.002821615425087687	0.010747985474188974	NA	15672	NA	NA	15672
15937	17.133626070104874	-1.7281556808042344	0.7915952084801285	0.002850025289652082	0.01083711257559968	NA	15937	NA	NA	15937
15768	12.423257045214037	-1.3434273611170169	0.5655520124162349	0.0028577703072797923	0.010862317958978913	NA	15768	NA	NA	15768
13486	18.810071503294505	-1.509862173606424	0.7514127203913927	0.002870828379348344	0.010905561407475723	NA	13486	NA	NA	13486
12215	63.92337510751952	-1.3568009234795142	0.6747203957424635	0.002893349455039741	0.010982538276678057	NA	12215	NA	NA	12215
12286	54.88905720389302	-1.3711457507760751	0.7122886642645722	0.0028968331310213194	0.010989331298792572	NA	12286	NA	NA	12286
8964	277.9488327468676	-1.132023163440172	0.500871807567952	0.0029217914283680723	0.011075329900510265	NA	8964	NA	NA	8964
12558	77.80554748525793	-1.1106012358380075	0.4388226571750902	0.002924738531586163	0.01108007330410713	NA	12558	NA	NA	12558
11314	37.40110246677736	-1.5007053453459047	0.8488955280319644	0.002926913753537566	0.011083998551779444	CD300A	11314	ENSG00000167851	CD300a molecule	11314
13844	27.38779910801906	-1.439986236215729	0.7097141536143443	0.002938397943965534	0.011116807880471266	NA	13844	NA	NA	13844
18633	5.5199600556266954	-1.8384740308436938	0.8189681547198981	0.0029489725782062973	0.01114584489113862	NA	18633	NA	NA	18633
14575	18.953141268709267	-1.5480133993032286	0.7864798240070303	0.0029557910077319264	0.011167277965729184	NA	14575	NA	NA	14575
15510	21.650624011889036	-1.5798041969605734	0.6502528604619208	0.002968018402040466	0.011211297772148583	NA	15510	NA	NA	15510
11397	104.10800890786189	-1.0968537922174117	0.4585897176616039	0.0029773822396353213	0.011233585840547303	NA	11397	NA	NA	11397
3750	1642.1005655978333	-1.1297614591686582	0.4697048411739318	0.002978416803323741	0.011235310992340247	KCND1	3750	ENSG00000102057	potassium voltage-gated channel subfamily D member 1	3750
14088	13.137800148394565	-1.5431006887064076	0.7169546868055594	0.0029800640874601014	0.011239346357763767	NA	14088	NA	NA	14088
15721	7.7529188330335455	-1.5823763499502803	0.6862500697021245	0.0030337888865695946	0.011402194963601947	NA	15721	NA	NA	15721
16811	13.80797843055988	-1.6886567351658783	0.8254438236071012	0.0030528859346061706	0.011465112538280718	NA	16811	NA	NA	16811
9852	230.944467641424	-1.0090263020178154	0.4170220702526661	0.0030538074850133823	0.01146636069184747	EPM2AIP1	9852	ENSG00000178567	EPM2A interacting protein 1	9852
14091	25.713296072075835	-1.5046887692994837	0.6142821493923262	0.0030550586144628567	0.011466633692586626	NA	14091	NA	NA	14091
2722	412.1741908614028	-1.230349270555351	0.5969547920895606	0.0030726528301032855	0.011517121865685678	GLC1B	2722	NA	glaucoma 1, open angle, B (adult-onset)	2722
21706	2.3915706746037526	-4.154661337825966	2.8274249706226957	0.0030742785185149946	0.011520996389143138	NA	21706	NA	NA	21706
19955	2.120850954772148	-4.019905788991108	2.7975863623712187	0.003090820693770639	0.011569621373623851	NA	19955	NA	NA	19955
12924	60.2434374044811	-1.2824236046287865	0.5833547731900637	0.0031337434063829985	0.011707771248151186	NA	12924	NA	NA	12924
11450	48.96507190746848	-1.32612600256208	0.645668220639356	0.003145102743456918	0.011741194032306747	NA	11450	NA	NA	11450
13735	24.773380922338735	-1.5019148579453891	0.6565824128344346	0.0031743421726765217	0.01182539682665731	NA	13735	NA	NA	13735
8922	203.35879090224634	-1.2741670069463042	0.6661697033884563	0.003190652525325157	0.011877063656341409	NA	8922	NA	NA	8922
8338	300.30441410150166	-1.1404448422453841	0.5178432690942821	0.00320765756975102	0.011935798081247532	H2AC20	8338	ENSG00000184260	H2A clustered histone 20	8338
12371	6.789656616521416	-4.025916550797867	2.149257861748571	0.0032340006336082578	0.012017736553494425	NA	12371	NA	NA	12371
18231	5.031960568525013	-2.348176322519766	1.1940090924156965	0.0032550095963347877	0.012075055614615193	NA	18231	NA	NA	18231
6477	585.1803708238668	-1.2239243097695782	0.6035434415107093	0.0032610495581042983	0.01209285164829797	SIAH1	6477	ENSG00000196470	siah E3 ubiquitin protein ligase 1	6477
13620	40.665307875305174	-1.048794944818263	0.429636113416791	0.0032647062330785023	0.012104105163257902	NA	13620	NA	NA	13620
9871	145.25037085691457	-1.1790515106921726	0.5451631303161324	0.0032712282922867744	0.012119050789300003	SEC24D	9871	ENSG00000150961	SEC24 homolog D, COPII coat complex component	9871
12436	15.453993407496164	-1.516340654447504	0.6495856231513083	0.0032863496981278945	0.01216812242680117	NA	12436	NA	NA	12436
12203	103.82492253559525	-1.0230079591024377	0.40290931498762617	0.0032902690413758253	0.012180316875445109	NA	12203	NA	NA	12203
14759	11.411113304625085	-1.30933561450883	0.550169724592155	0.0033159676607495813	0.012263786895828127	NA	14759	NA	NA	14759
10188	109.72249743687034	-1.2910884464056023	0.6669544175019623	0.003316921328917909	0.012264983086086154	TNK2	10188	ENSG00000061938	tyrosine kinase non receptor 2	10188
18210	9.156650897017686	-3.0944402317997666	1.3987040679538207	0.003358603544041769	0.012386163269015893	NA	18210	NA	NA	18210
16162	12.990720296048512	-1.7488431173932688	0.8688606318060184	0.0033686040995393337	0.01241833763613089	NA	16162	NA	NA	16162
13143	37.13487600712603	-1.1736219374560755	0.471394596553868	0.003376229989579643	0.012441736759554902	NA	13143	NA	NA	13143
16098	6.735956602813074	-2.265322107033966	1.2192051699172692	0.0034387193919555793	0.012624206392538678	NA	16098	NA	NA	16098
17715	9.452208450450655	-1.5037101537924804	0.6685447506852435	0.003447765323780079	0.012650256592398965	NA	17715	NA	NA	17715
12288	64.75460842831978	-1.160017691578694	0.48604513857770415	0.003453568613943595	0.01266677323708185	NA	12288	NA	NA	12288
11490	62.54185584952661	-1.2398645687219683	0.5950080357216215	0.003458450388470244	0.012679173177280676	NA	11490	NA	NA	11490
7654	432.1458098446461	-1.0219809828948538	0.4399229477618822	0.003469751338590681	0.012704577761112558	NA	7654	NA	NA	7654
13218	31.234769958540504	-1.011729199850479	0.40085202649782775	0.0034815248213305094	0.012742891583207268	NA	13218	NA	NA	13218
10126	80.61730222426226	-1.0913416114225836	0.47370985713004	0.003491808249875748	0.012773323374216529	DNAL4	10126	ENSG00000100246	dynein axonemal light chain 4	10126
18862	6.8497580106517315	-1.8900709504953368	0.8878742404238579	0.00350766883566003	0.012821702331100648	NA	18862	NA	NA	18862
15947	12.009242348151467	-1.5081816285835556	0.6836007742390334	0.00353128622031482	0.012898341053593602	NA	15947	NA	NA	15947
12581	43.24002478538042	-1.0714111673688786	0.4389874972503664	0.003543640746866274	0.012931331816006855	NA	12581	NA	NA	12581
16492	11.013995065311981	-1.9145543714132938	1.3503576466120908	0.0035493235195187657	0.012949640984880896	NA	16492	NA	NA	16492
15967	18.731697692934144	-1.5665985570430414	0.6629837382358366	0.003552153332712913	0.012955107947512368	NA	15967	NA	NA	15967
8529	516.8048168329693	-1.475294391406677	0.7038764134162514	0.003553194978266474	0.012956478821818222	CYP4F2	8529	ENSG00000186115	cytochrome P450 family 4 subfamily F member 2	8529
14049	32.08259224869501	-1.3144580287251424	0.5361136297946819	0.003562526220438324	0.012978345708714008	NA	14049	NA	NA	14049
21377	2.81616073853593	-2.811410299923016	1.7830711035263238	0.0035770927226289836	0.01301959192430764	NA	21377	NA	NA	21377
14499	13.452161206099456	-1.5832012126068302	1.408874154989724	0.003590001298832942	0.013061322728844249	NA	14499	NA	NA	14499
17608	7.111041316390077	-1.608218667601705	0.7256867726919876	0.003608206611953984	0.013118548490675204	NA	17608	NA	NA	17608
18380	6.359689879438986	-1.7018913863813865	0.8016765594747344	0.0036162000740630256	0.013144353687213398	NA	18380	NA	NA	18380
8471	204.04162514494908	-1.328703545943876	0.5884427928603485	0.003620365487995704	0.013154580426042643	IRS4	8471	ENSG00000133124	insulin receptor substrate 4	8471
6007	543.5532945588468	-1.1135124096595017	0.5157103450132015	0.0036402552385791775	0.013214513560527769	RHD	6007	ENSG00000187010	Rh blood group D antigen	6007
12816	47.301839422495476	-1.0526434302733667	0.4231419996503845	0.0036410995898005917	0.013215113598864101	NA	12816	NA	NA	12816
20065	4.13375159655776	-2.6148564281013305	2.0917057065734204	0.0036584950165157544	0.013273298194707885	NA	20065	NA	NA	20065
11534	84.19866165948358	-1.0168943816714018	0.42997997123843507	0.0036642722281197727	0.013291780397285909	NA	11534	NA	NA	11534
15532	14.576591681371436	-1.3016215004632272	0.5592797017335411	0.0036923952122993424	0.013361417483554761	NA	15532	NA	NA	15532
15364	17.298106929872613	-1.19785668272043	0.5164178961096164	0.0037117039270137286	0.01341382917801563	NA	15364	NA	NA	15364
6331	520.9633996539096	-1.1313542999658113	0.5345088094411904	0.003719010325531431	0.013437738571326992	SCN5A	6331	ENSG00000183873	sodium voltage-gated channel alpha subunit 5	6331
14686	27.56221197276777	-1.2845687892636761	0.5490387333927272	0.003722182923946606	0.013443349285520136	NA	14686	NA	NA	14686
16859	2.790424722001166	-3.03418415136438	1.7169077104449428	0.003722635491478753	0.013443349285520136	NA	16859	NA	NA	16859
16081	8.48308170616287	-1.4267556699519623	0.6303017620846948	0.003732738124534778	0.013477331473389855	NA	16081	NA	NA	16081
6462	251.08220848742596	-1.0731530398706939	0.47501443738472643	0.003764274984030038	0.013581413426046405	SHBG	6462	ENSG00000129214	sex hormone binding globulin	6462
15700	8.323617382614295	-1.70388446106692	0.8079919520689359	0.003764910303562208	0.013581413426046405	NA	15700	NA	NA	15700
19757	2.7195113433099434	-2.719958285582564	1.7553550158764304	0.00376813663404962	0.013587494355241737	NA	19757	NA	NA	19757
17445	10.142397520728284	-2.081337866434584	1.149501313446211	0.0037798965082527663	0.013617283588875803	NA	17445	NA	NA	17445
18461	6.441326955653754	-1.882175779218503	0.9050596722994453	0.0037791131136063866	0.013617283588875803	NA	18461	NA	NA	18461
15699	17.823149312610795	-1.4469673641903262	0.6432218778172945	0.0038004095739599462	0.013678522418870817	NA	15699	NA	NA	15699
5356	628.3004582393037	-1.0859275069394547	0.4887264293912069	0.0038121970069869377	0.013716957352305952	PLRG1	5356	ENSG00000171566	pleiotropic regulator 1	5356
22423	2.286071404739586	-3.994866727810445	2.965815569781849	0.003813202778684302	0.013716957352305952	NA	22423	NA	NA	22423
10167	168.50772560786163	-1.4777307122333823	0.7292195742957853	0.0038146646094773624	0.013718879555424864	CFM1	10167	NA	cystic fibrosis modifier 1	10167
9517	7.402673920910333	-1.824703718959323	0.9600335518686534	0.0038163543346550893	0.013720685702331922	SPTLC2	9517	ENSG00000100596	serine palmitoyltransferase long chain base subunit 2	9517
14519	20.096830601878583	-2.0529053335405125	0.9210550845668702	0.003818160566771538	0.013722380403364653	NA	14519	NA	NA	14519
10038	337.56628976458154	-1.172195937230701	0.5754355372226335	0.003841238679325841	0.01379485992588304	PARP2	10038	ENSG00000129484	poly(ADP-ribose) polymerase 2	10038
15598	16.793340257798477	-1.1960920278992002	0.5136617049040583	0.003877625781721748	0.013910133702873168	NA	15598	NA	NA	15598
11327	116.85879107317992	-1.0327060489308137	0.40404467030049956	0.003878504720991984	0.013910577784296324	NA	11327	NA	NA	11327
14325	8.918790218738591	-1.6412000991025542	0.8527920347675649	0.0038978395854731133	0.013969770934234302	NA	14325	NA	NA	14325
18106	4.751726193808675	-1.9713759568055425	0.9513189489687832	0.00392719754149535	0.014056868007180614	NA	18106	NA	NA	18106
17019	8.939576798088057	-1.5974663849308146	0.7761924337293683	0.003999686400857508	0.01427711666358521	NA	17019	NA	NA	17019
18356	5.364301154717111	-1.9820950841318248	1.0047294091209584	0.003999734856886417	0.01427711666358521	NA	18356	NA	NA	18356
18208	8.203202685994842	-1.6288956837575672	0.8305938321072764	0.004025742747265362	0.014343643281679095	NA	18208	NA	NA	18208
19094	5.170171266682115	-2.4017923419571314	1.7867415284963482	0.004030781857668564	0.014353713766164304	NA	19094	NA	NA	19094
16472	6.448458961909666	-2.269692671699277	1.2110885466097445	0.004040773955428463	0.01437447613290399	NA	16472	NA	NA	16472
11882	79.3260401884586	-1.1877710807423423	0.48289965127983236	0.004097802235253306	0.014533867195236848	NA	11882	NA	NA	11882
16344	7.701123911260489	-1.5223493000763182	0.7019827248686241	0.00411265120325718	0.014573252925453022	NA	16344	NA	NA	16344
20144	3.005910453293931	-3.0344353288639643	1.7919632762366644	0.004128847663562164	0.014614678861510235	NA	20144	NA	NA	20144
18556	6.6902952022672535	-1.4973416849700987	0.6754402659112526	0.004147097734718062	0.014673939820972402	NA	18556	NA	NA	18556
16478	11.441882089536682	-2.1431374870455158	0.9782086842437464	0.004160979320702942	0.014712358023292143	NA	16478	NA	NA	16478
7365	543.1064270566603	-1.0603681521009434	0.48880426846475367	0.004172625732640103	0.014748178238813848	UGT2B10	7365	ENSG00000109181	UDP glucuronosyltransferase family 2 member B10	7365
7078	640.7794637710901	-1.018808241407856	0.44426555992929206	0.0042003404386589	0.014827285557181363	TIMP3	7078	ENSG00000100234	TIMP metallopeptidase inhibitor 3	7078
11880	70.03185668947368	-1.0330823625994454	0.4254023739797717	0.004209670018958133	0.014852137099155952	NA	11880	NA	NA	11880
16660	3.076818599260541	-2.987488670221012	1.9407717812077823	0.004246146905395067	0.01496145864157636	NA	16660	NA	NA	16660
14121	30.795787254146088	-1.4513141925296178	1.1832626926994316	0.004259095942592464	0.014994242537133317	NA	14121	NA	NA	14121
15860	11.075976207894872	-1.256414644571862	0.5422187452471583	0.004259193913225065	0.014994242537133317	NA	15860	NA	NA	15860
14381	14.778249376450557	-1.2366501392925406	0.5392322674231049	0.004272603263373484	0.015028403845810868	NA	14381	NA	NA	14381
13087	58.366580065762555	-1.0297805837867853	0.42438124357422075	0.004304000404056906	0.015121890569299773	NA	13087	NA	NA	13087
15335	12.819408744957595	-1.3682748229383297	0.6164225080332765	0.004311860061495096	0.015141304340807663	NA	15335	NA	NA	15335
13604	33.08592103080482	-1.0242527515215505	0.43185998117807817	0.004331288285837322	0.015201298707065847	NA	13604	NA	NA	13604
16617	14.282272512421947	-1.7346414616440204	0.9102827601375955	0.00433841350515848	0.015218896303247362	NA	16617	NA	NA	16617
16002	9.747680918335762	-1.394592256724555	0.6312266035625507	0.004352752209757603	0.015265617364226478	NA	16002	NA	NA	16002
17500	8.627029271739335	-1.6581428823659734	0.8524236772853796	0.004393442873443443	0.015386142119863746	NA	17500	NA	NA	17500
15460	17.674839764716037	-1.5892839245004238	0.7941805047629624	0.004410524788356065	0.015437630019100248	NA	15460	NA	NA	15460
10468	182.9193772798742	-1.0350353069459721	0.4672877271762911	0.004415490406661462	0.015452003759312051	FST	10468	ENSG00000134363	follistatin	10468
18867	4.022601190979065	-2.1064333423093258	1.0362359538922994	0.004457509680672245	0.015576871232817842	NA	18867	NA	NA	18867
16047	6.204363805786716	-2.0536691004265073	1.1004596970113993	0.004462116652250472	0.015587372494964356	NA	16047	NA	NA	16047
18690	3.140298434040439	-2.9092463247729863	2.014854690349282	0.004508158915813691	0.015729292853554285	NA	18690	NA	NA	18690
8301	450.2419376215597	-1.2595392308892028	0.5802419371528277	0.004515709605172344	0.015746322276699337	PICALM	8301	ENSG00000073921	phosphatidylinositol binding clathrin assembly protein	8301
14743	17.918015834000016	-1.1215849962104172	1.4986629209821634	0.004549971551726459	0.015857270123235782	NA	14743	NA	NA	14743
11884	91.47304679588198	-1.0957447633689692	0.49050581674119353	0.004573725281620436	0.01592637022099576	NA	11884	NA	NA	11884
18841	5.411697421970557	-2.093864516220699	1.1570880927953129	0.004605750843127691	0.016014385770610685	NA	18841	NA	NA	18841
16132	15.25805806837721	-1.3126939148865953	0.6181456134455463	0.004642755935434179	0.016128645708583463	NA	16132	NA	NA	16132
11572	78.17832499207921	-1.0762190072713815	0.4951405470683438	0.004665849954449019	0.01619441875575751	NA	11572	NA	NA	11572
12458	56.07385313603049	-1.239849103503219	0.5935429197706465	0.004691653608331687	0.016254988583183718	NA	12458	NA	NA	12458
8486	217.25981536591627	-1.0094478117397785	0.4576114053912201	0.004739123024441957	0.01639610189842932	NA	8486	NA	NA	8486
14335	33.610351993283146	-2.1263555854909857	1.0119593729606715	0.004855152448574329	0.016732091695007088	NA	14335	NA	NA	14335
19839	5.022803808565475	-2.0512776429080177	1.2813171420781324	0.004874259574319563	0.016786049473691916	NA	19839	NA	NA	19839
21262	3.643103701247163	-2.6340070592287015	1.4452890875456328	0.00489421679867614	0.016845835358867415	NA	21262	NA	NA	21262
18534	6.029282508954939	-1.6998562251555016	0.8518805717429367	0.0049148409078360765	0.016901484459375376	NA	18534	NA	NA	18534
11275	137.7008459451257	-1.0732989843976688	0.4554903939153247	0.00491827310143041	0.016907704085309522	KLHL2	11275	ENSG00000109466	kelch like family member 2	11275
11687	97.88298479815764	-1.003282436657265	0.4390309149068291	0.004929827298924413	0.016944431131114095	NA	11687	NA	NA	11687
13204	50.13151510390422	-1.2829455881597411	0.603561801794176	0.004957980290527402	0.0170291659784599	NA	13204	NA	NA	13204
17105	8.17430953438439	-1.5388349475671363	0.744032323705996	0.004996048142711885	0.017138743681529348	NA	17105	NA	NA	17105
9144	332.6420109189883	-1.1750965309822068	0.527607897279649	0.0050190774644105155	0.0172056132701943	SYNGR2	9144	ENSG00000108639	synaptogyrin 2	9144
17612	6.273432141988401	-1.7328966247659268	0.8874571970492252	0.005121226417218263	0.017491082363194913	NA	17612	NA	NA	17612
17382	5.420323967310111	-1.5981952422449852	0.7682608519231103	0.005125104029706936	0.017501254522219106	NA	17382	NA	NA	17382
16610	12.323262739790636	-2.2546502181126953	1.3823368170413928	0.00514921680094319	0.017574343767652652	NA	16610	NA	NA	16610
15833	11.733411860131499	-1.408482473836722	0.6761094285838889	0.005182423056228418	0.017662895813881127	NA	15833	NA	NA	15833
16420	5.592469695747897	-1.9147306476171735	1.0100227577115772	0.005181798945856655	0.017662895813881127	NA	16420	NA	NA	16420
11033	60.16608567987502	-1.2979086673221023	0.872305693618916	0.005186634891483849	0.017674155423422724	ADAP1	11033	ENSG00000105963	ArfGAP with dual PH domains 1	11033
18375	5.440912404512578	-2.2078893414188734	1.3924130956880785	0.0052414973339399784	0.017824914496929967	NA	18375	NA	NA	18375
18111	8.491333030225473	-1.3327849658093822	0.6091880616215081	0.005279801540978671	0.017919024719884626	NA	18111	NA	NA	18111
18055	7.3013308404862	-1.6664875090267297	0.8353244362573277	0.0053235038005593005	0.018036334864673494	NA	18055	NA	NA	18055
13116	21.873389026450436	-1.1504364782872656	0.5316703496565188	0.005352539319102391	0.018128396743656742	NA	13116	NA	NA	13116
2855	1106.858570125112	-1.0101849522561834	0.47753010483839725	0.0053759054541165025	0.0181746388703283	GPR32P1	2855	NA	GPR32 pseudogene 1	2855
18614	3.870404726128836	-2.025767869121906	1.0286919655695679	0.005395785829511136	0.01822095922750585	NA	18614	NA	NA	18614
18777	6.2854292542866546	-1.8100499895559607	0.9354527060769614	0.005399377658430784	0.018229925158001644	NA	18777	NA	NA	18777
16950	8.561829380175658	-1.5021416402154384	0.7293636119178534	0.005411206737524961	0.018262958191801817	NA	16950	NA	NA	16950
17529	8.403165857199376	-1.5829783115145495	0.7782111395561779	0.005412915207353829	0.018262958191801817	NA	17529	NA	NA	17529
4078	853.8057869715074	-1.0071423836637234	0.4722605321190608	0.005431126121794734	0.018302189689393473	NA	4078	NA	NA	4078
17303	6.089283438637885	-1.9399632338937494	1.2846412695752167	0.0054388069661491815	0.018321727950186814	NA	17303	NA	NA	17303
10463	9.28415998819834	-1.5569036435709784	0.7712222071175044	0.005448286283484171	0.018344134837869456	SLC30A9	10463	ENSG00000014824	solute carrier family 30 member 9	10463
15267	16.90360188590552	-1.5861096589271089	0.7245175721153109	0.005468148278482271	0.018404640893729417	NA	15267	NA	NA	15267
14095	20.497177164158753	-1.2662255612827042	0.6486331371711803	0.005501210526217923	0.018506319455614	NA	14095	NA	NA	14095
14524	10.88514972187081	-1.403535023078512	0.6847158274942442	0.005518893376634952	0.01855106818469674	NA	14524	NA	NA	14524
15164	19.033488235832547	-1.3984135331413203	0.8652324876709658	0.005519278803216387	0.01855106818469674	NA	15164	NA	NA	15164
22475	2.7436002495572986	-2.4177900634381158	1.8506797825541832	0.005522133220611642	0.01855745719328668	NA	22475	NA	NA	22475
4884	1022.7585957058175	-1.048252249991099	0.5151794669502446	0.00555693152294297	0.018665802283925035	NPTX1	4884	ENSG00000171246	neuronal pentraxin 1	4884
13630	32.31935567243145	-1.2072690362396499	0.6164002768179242	0.005561188856288751	0.01867258390825317	NA	13630	NA	NA	13630
16579	10.71179736392055	-2.019958491505706	0.9716022402008135	0.005560507102803172	0.01867258390825317	NA	16579	NA	NA	16579
7864	546.8693889720362	-1.204220261843429	0.804193818953468	0.005593687514956234	0.01875904751483082	SCLC1	7864	NA	small cell cancer of the lung	7864
17962	9.456088499212655	-1.694477745454356	0.8941874232467903	0.005625023913418174	0.018841409703791924	NA	17962	NA	NA	17962
18905	5.7583583011739785	-1.917170636823571	1.4878320659630409	0.005651799944444652	0.01891482007202706	NA	18905	NA	NA	18905
14305	29.916922656339285	-1.1985390188988054	0.5521551405013397	0.005699353839097652	0.019037954868293756	NA	14305	NA	NA	14305
14264	16.74440600703004	-1.0787616126986588	0.4788561522832312	0.005774325397793463	0.019230298736728695	NA	14264	NA	NA	14264
21617	2.1868071130712505	-3.7898474264858	3.0439055909278276	0.005775710195579838	0.019230298736728695	NA	21617	NA	NA	21617
2815	636.5921072117867	-1.047093557532406	0.5071024587365816	0.005778610662143538	0.019236664744436433	GP9	2815	ENSG00000169704	glycoprotein IX platelet	2815
16721	5.5491947829938715	-2.2333596638569446	1.4691486923456099	0.00578420002942568	0.019251978240576905	NA	16721	NA	NA	16721
11494	48.06692967030325	-1.1502282734367106	0.5601986134967099	0.005828415119287316	0.019372636487865153	NA	11494	NA	NA	11494
17413	7.117673183380022	-1.3332650551120906	0.6196800766069992	0.005827937323898803	0.019372636487865153	NA	17413	NA	NA	17413
8150	331.06239443262496	-1.0961520665453408	0.5796700063227853	0.005915560745357626	0.019608708510544158	NA	8150	NA	NA	8150
17472	9.203969233733517	-1.6805455022761204	1.0497318743957815	0.0059210980986253705	0.019618754692471888	NA	17472	NA	NA	17472
13712	20.305008398534266	-1.0928595900616027	0.48256480558184534	0.005941545744807483	0.019671388523255944	NA	13712	NA	NA	13712
18323	7.071085850952307	-2.0430919530209546	1.5718896925972494	0.005948825602807794	0.019685443811637896	NA	18323	NA	NA	18323
22193	3.12518204094468	-2.4135610284678353	1.485378767722045	0.005958030986141413	0.019712553726844276	NA	22193	NA	NA	22193
21667	3.340820867673605	-2.2098372572652436	1.1956843911007917	0.006002337659183214	0.019828805497430747	NA	21667	NA	NA	21667
16210	4.81096440010174	-1.9382428894399908	1.0595476547274658	0.006018025336358125	0.019873882754261916	NA	16210	NA	NA	16210
15645	7.027830798827574	-1.5346068072218646	0.7954608700068603	0.006021096649821866	0.019879842479887645	NA	15645	NA	NA	15645
13677	19.371035364691398	-1.0632065073051522	0.46524674024944046	0.006028600796112675	0.019898677084998095	NA	13677	NA	NA	13677
13151	26.77098279490285	-1.1260270848503666	0.539170226664795	0.0060474848743727536	0.019941478965524326	NA	13151	NA	NA	13151
8832	165.63811135702002	-1.1321899169993705	0.5474505621126668	0.006096061614711915	0.020066890237467622	CD84	8832	ENSG00000066294	CD84 molecule	8832
4415	750.245806277307	-1.083214614346157	0.561422838241011	0.006100042403705743	0.020076598210471416	NA	4415	NA	NA	4415
15103	22.536536395586214	-1.0739100977284821	0.49530528764094756	0.00621879179960563	0.020396545255827743	NA	15103	NA	NA	15103
21114	2.747259546631738	-2.3219868330392726	1.9270980636898085	0.0062459497661748395	0.020470264129257083	NA	21114	NA	NA	21114
1811	856.6371913930525	-1.0392881668639464	0.5038416122105377	0.006276317451342584	0.020552484253841163	SLC26A3	1811	ENSG00000091138	solute carrier family 26 member 3	1811
8085	8.518807421233095	-1.6127856689252527	0.8382733255681581	0.006291496354712157	0.020584870638711044	KMT2D	8085	ENSG00000167548	lysine methyltransferase 2D	8085
16634	6.272324060204543	-1.7704403226228393	0.9703494456578741	0.006291291105160435	0.020584870638711044	NA	16634	NA	NA	16634
13452	17.242048888411343	-1.1919744126417948	0.5665141994219545	0.006305011635625772	0.020622156544691284	NA	13452	NA	NA	13452
14946	5.313336591589255	-1.9349542987429384	1.0873135928571926	0.006326674245197932	0.020685764093881055	NA	14946	NA	NA	14946
15929	18.520660356780805	-1.9430044260059727	0.9630342035601969	0.006327647790497606	0.020685764093881055	NA	15929	NA	NA	15929
18223	5.30618832714718	-2.208648755528674	1.462702196554521	0.006356932921149185	0.02077103283722033	NA	18223	NA	NA	18223
14300	23.319700501432905	-1.1622479776586874	0.5305834405800787	0.006419830941808561	0.020944900244515743	NA	14300	NA	NA	14300
19276	5.2235350560869644	-1.9243118695234651	1.1677203866114216	0.006440986462056374	0.02099708703722644	NA	19276	NA	NA	19276
15821	8.938029421314011	-1.8815412230141875	1.1085467415995245	0.006511942559221047	0.02118149994066535	NA	15821	NA	NA	15821
14198	37.54285550388576	-1.3751527999152793	0.681610775841717	0.006520009317939286	0.02120065185236699	NA	14198	NA	NA	14198
8028	224.70761031228773	-1.058887345466544	0.5130828650351501	0.006556049877956319	0.021310721008001993	MLLT10	8028	ENSG00000078403	MLLT10 histone lysine methyltransferase DOT1L cofactor	8028
16929	9.279605816122146	-1.4536098719029946	0.725888084557454	0.0065646024328652785	0.021331395549505958	NA	16929	NA	NA	16929
14710	14.954651091509348	-1.102478484303657	0.499678989564301	0.006566642863279389	0.021334463566323902	NA	14710	NA	NA	14710
13442	45.99945030420246	-1.2323224369509904	0.6615654149814312	0.006594431183772273	0.021389037544565368	NA	13442	NA	NA	13442
17619	9.627681075886318	-1.3127154713780602	0.6309013443633826	0.006591248486544721	0.021389037544565368	NA	17619	NA	NA	17619
16245	12.331170342443588	-1.4916772628042991	1.0777865318550162	0.006629865367802104	0.021468188007120925	NA	16245	NA	NA	16245
11854	20.34801519653129	-1.8330271683136226	0.9073810244040181	0.0066349376114364644	0.021481038239255536	NA	11854	NA	NA	11854
16916	5.506203922909685	-1.575774758373111	0.8074086831016408	0.0066433204084720325	0.021504600543791455	NA	16916	NA	NA	16916
17643	7.188734037789873	-1.642445519653625	1.1134510352642824	0.006654424021618379	0.021529799814582758	NA	17643	NA	NA	17643
13927	43.070313236100695	-1.1030186676574356	0.4985595443774217	0.006668272879367219	0.02156743535073383	NA	13927	NA	NA	13927
19180	4.092624986461414	-4.728270065163412	3.520738287647761	0.0067005293135965925	0.021657366047484354	NA	19180	NA	NA	19180
13384	11.219456026577076	-1.9413049501281021	0.969927871917878	0.0067056727861719454	0.021670391579490574	NA	13384	NA	NA	13384
17174	10.682092827643286	-1.4344042876254925	0.7165439270279822	0.006726594559225284	0.02171282149226865	NA	17174	NA	NA	17174
15480	20.069087510130625	-1.3817789187586849	0.6367769895957981	0.0067365474928675236	0.02174128536628439	NA	15480	NA	NA	15480
11711	88.74567031674103	-1.0615595336131687	0.5148319841020412	0.006747791846786365	0.021770354298791355	NA	11711	NA	NA	11711
15691	9.075355915959465	-1.543920818721067	0.9257039867050195	0.006753729034611863	0.021785897686487893	NA	15691	NA	NA	15691
12118	13.282198062248328	-1.4677603542643634	0.7840171127222503	0.006790936920982851	0.021876911673439376	NA	12118	NA	NA	12118
11160	105.4244568384762	-1.0220752399455966	0.5025395607562054	0.006830959887755673	0.02199492229907564	ERLIN2	11160	ENSG00000147475	ER lipid raft associated 2	11160
13172	19.466036192944756	-1.199607746917685	0.5666165391484195	0.006879618289816409	0.022136946352201908	NA	13172	NA	NA	13172
17398	3.1160706339933713	-2.404994469147729	1.4947298788627335	0.006888621742418477	0.022162252889602576	NA	17398	NA	NA	17398
15117	9.139701511919045	-1.4091436886871715	0.7147476084882316	0.006892534806082058	0.022171176836555857	NA	15117	NA	NA	15117
17047	11.975025527425897	-1.921415178077038	0.9649466246953864	0.006896810109184079	0.02218126285487215	NA	17047	NA	NA	17047
15718	16.677658920993892	-1.5698711122923121	0.9440556718482147	0.006994657619889566	0.02242923577865725	NA	15718	NA	NA	15718
12640	13.107934229299936	-1.7812380058119917	0.885725679436612	0.007109039666721474	0.02269728817602739	NA	12640	NA	NA	12640
21043	3.922095247391345	-2.0176403849130558	1.2383468334850354	0.0071087843012452275	0.02269728817602739	NA	21043	NA	NA	21043
16303	9.482647265703395	-1.3542557431322915	0.6757190654647558	0.007119489857525909	0.02271350690447733	NA	16303	NA	NA	16303
17453	7.161798361697568	-1.3515323428556365	0.6652600733765937	0.007118753224204748	0.02271350690447733	NA	17453	NA	NA	17453
11043	113.89181697549652	-1.0334605647871487	0.5261142792360181	0.007154077576623928	0.022808896415248733	MID2	11043	ENSG00000080561	midline 2	11043
14589	15.844179468703018	-1.190035709568883	0.5612851500859369	0.00716865476168431	0.02283292803881152	NA	14589	NA	NA	14589
16707	3.9119442450616515	-1.8894950257789909	1.0611064631689622	0.007190526180366181	0.022883864267556214	NA	16707	NA	NA	16707
9639	17.91681928330922	-1.2596733268679114	0.6202055877209975	0.0072243384230762	0.022968934822984143	ARHGEF10	9639	ENSG00000104728	Rho guanine nucleotide exchange factor 10	9639
11948	95.17504822304508	-1.1759686862632697	0.7761098137054226	0.007231584600554858	0.022988217561482862	NA	11948	NA	NA	11948
15895	6.1343982252797185	-1.7470232615918908	1.0471010857098457	0.00726508865872574	0.02308341067550394	NA	15895	NA	NA	15895
18140	7.4644902150976	-1.5205313057950933	0.8047138314153183	0.00728206570648167	0.023122251707267057	NA	18140	NA	NA	18140
6745	680.9649311251056	-1.0244081262147875	0.5377472835438252	0.007329759596090518	0.023250929339774667	SSR1	6745	ENSG00000124783	signal sequence receptor subunit 1	6745
15873	9.006102105848955	-1.57795160620731	1.0169565172771677	0.007372660661444433	0.023371778650003276	NA	15873	NA	NA	15873
16169	9.04244969809009	-1.505895219849132	0.883710650100788	0.007387161241614706	0.023410680308759983	NA	16169	NA	NA	16169
7453	61.699125821631775	-1.185531635762707	0.5755049569068336	0.007399813486065176	0.023442580213627606	WARS1	7453	ENSG00000140105	tryptophanyl-tRNA synthetase 1	7453
15291	20.70224736785925	-1.2747548519551408	0.6376075159032646	0.0074576579366626644	0.023602777867196636	NA	15291	NA	NA	15291
14738	30.335066181117767	-1.103121515261977	0.5116458879635372	0.0074628311255973915	0.023615310005731846	NA	14738	NA	NA	14738
9583	155.36357333218308	-1.0060348010086313	0.49086336901624056	0.007496977818951696	0.023697516611678307	ENTPD4	9583	ENSG00000197217	ectonucleoside triphosphate diphosphohydrolase 4	9583
3058	745.4947466229083	-1.0258546388838625	0.5206355903530128	0.007565834273282571	0.023879127601743776	NA	3058	NA	NA	3058
14399	11.822698386537251	-1.0732526183798403	0.49393597892435825	0.007635334925389573	0.024063360806964612	NA	14399	NA	NA	14399
14506	8.985719949974612	-2.1911662598900254	1.1714458339677902	0.007673266632860093	0.024160135399515614	NA	14506	NA	NA	14506
14604	18.571971495688942	-1.1487644676724922	0.5640943054161279	0.007678587281856248	0.024168362783794993	NA	14604	NA	NA	14604
11531	102.74505974662173	-1.144500871721071	0.7459439284726236	0.00768126438226155	0.024169709114092105	NA	11531	NA	NA	11531
17022	5.951047921509747	-1.398871718035059	0.7044538710644618	0.0077569406670693385	0.0243717084050984	NA	17022	NA	NA	17022
15522	3.3069913174508168	-2.326034810416057	1.4645404992130893	0.00776735562127881	0.024392529892804087	NA	15522	NA	NA	15522
12480	95.62621905927733	-1.136412925334541	0.5385760353126884	0.007850394995149418	0.024617553496713313	NA	12480	NA	NA	12480
13932	29.80612310930928	-1.1739899973382057	0.6207676407292154	0.007884082186578389	0.024711245519890807	NA	13932	NA	NA	13932
12612	48.6351143375795	-1.0344268296383152	0.45365812747810536	0.007886188366112688	0.02471299740848121	NA	12612	NA	NA	12612
20567	2.4924634015746285	-2.1925769524341643	2.053351727866942	0.00792638329126087	0.02480787153927755	NA	20567	NA	NA	20567
20540	3.7192722378605967	-2.1268697042489833	1.2847233130551008	0.0079404774695094	0.024847987141682334	NA	20540	NA	NA	20540
17469	8.298818596984958	-3.462376419670165	2.0039883556518667	0.007948243021878854	0.02485379089902174	NA	17469	NA	NA	17469
18288	5.2738137955984845	-1.8856550053204915	1.1953426123997712	0.008065288664474021	0.025161683664528523	NA	18288	NA	NA	18288
11947	34.74817977128754	-1.0753426896568263	0.4796173378284504	0.0081935306913986	0.02548888963767619	NA	11947	NA	NA	11947
15868	7.1130340113542205	-1.7550296892020203	1.078539919276132	0.00823586836690739	0.025595374367356233	NA	15868	NA	NA	15868
20546	2.9196479837062306	-2.3029247265841186	1.3354524285207154	0.008289578457771403	0.025749957919663093	NA	20546	NA	NA	20546
19784	5.1269107803067335	-1.8171645752272394	1.133532235899767	0.008306253064514529	0.02578940505560262	NA	19784	NA	NA	19784
16031	11.198086189274434	-1.3395116668266858	0.7266474006033083	0.008396576009559094	0.02601588373221295	NA	16031	NA	NA	16031
20609	3.7106311533136545	-1.8413867578193446	1.0505345743768724	0.008417415803753039	0.026072151672264506	NA	20609	NA	NA	20609
14799	25.828728144231672	-1.0700200267344258	0.5010504263257431	0.00842797776219168	0.026100712162637218	NA	14799	NA	NA	14799
12424	65.08230558787582	-1.0050547134100911	0.5034716270533627	0.008460670529127474	0.026181127232843025	NA	12424	NA	NA	12424
17168	7.8723501564058855	-1.332927011894317	0.6842493737669719	0.00846516948426113	0.026190884472687734	NA	17168	NA	NA	17168
18588	2.9128324608546556	-2.2620709179532796	1.4458776159463769	0.008475167721269092	0.026213483633759978	NA	18588	NA	NA	18588
19509	5.514693281362576	-1.7673752352545862	1.0769996727785929	0.008492292715535196	0.02625810431157141	NA	19509	NA	NA	19509
14135	22.869071576708535	-1.2437018775623125	1.0803906051245704	0.008494738962569378	0.02626149562360011	NA	14135	NA	NA	14135
16439	10.53658583247278	-1.4661770149098088	1.233814813501199	0.008501199248585695	0.026277293293635037	NA	16439	NA	NA	16439
15502	9.067423978856922	-1.3974900139607636	1.2937673416894753	0.008588574397472052	0.026509476026836416	NA	15502	NA	NA	15502
17852	4.484801398389514	-1.687489779101629	0.9563376806743439	0.00862120807182747	0.026597547603968673	NA	17852	NA	NA	17852
9642	90.53385470932561	-1.2517555688921427	0.686668869520538	0.008647067858199258	0.026656199522955133	NA	9642	NA	NA	9642
19171	5.327412739001444	-1.6706361370645668	0.9482817624167437	0.008673071635625923	0.02672789344432559	NA	19171	NA	NA	19171
13795	36.48222825421462	-1.2934264976559267	0.6152253636685756	0.008680998432988342	0.026748085893664682	NA	13795	NA	NA	13795
15838	11.22415828172261	-1.2251916349007952	0.6371387145769485	0.00875771415359468	0.02694180764197061	NA	15838	NA	NA	15838
11240	141.56513530486856	-1.1181443152624801	0.5417772751198486	0.008780865766005206	0.026995960295770508	PADI2	11240	ENSG00000117115	peptidyl arginine deiminase 2	11240
16871	7.550361059648646	-1.591604031549807	0.9323527948845931	0.008783968062017119	0.02700089032180827	NA	16871	NA	NA	16871
19267	4.223274419507307	-1.92781641507004	1.1950277880679636	0.00882509219443894	0.027101959791064577	NA	19267	NA	NA	19267
17930	9.503254289547941	-1.5846445158141023	0.9333109134801851	0.008884913489426069	0.027255564536210704	NA	17930	NA	NA	17930
14364	35.67228660609801	-1.0878252243489888	0.49550528127776317	0.008995944181779814	0.027561408961211738	NA	14364	NA	NA	14364
15344	19.758963477222366	-1.3162185087673237	0.7748119469916772	0.009032536279135497	0.027660454528443103	NA	15344	NA	NA	15344
13342	17.690754931658635	-1.3799041134950503	0.7528084143573823	0.009100967473108146	0.027839347374120974	NA	13342	NA	NA	13342
13460	46.217828001633364	-1.0090601503618912	0.508629284798868	0.009114900348364523	0.02787758536531856	NA	13460	NA	NA	13460
15319	15.644224487632863	-1.1322557489288105	0.5488871675769537	0.009156962862113807	0.02798424218900703	NA	15319	NA	NA	15319
17532	4.440127131327448	-2.199477206904768	1.526642639239354	0.009177041683441278	0.028036798775737944	NA	17532	NA	NA	17532
16407	10.401963726626411	-1.3289468070193493	0.6992158806599489	0.009190348141918868	0.028073044292871305	NA	16407	NA	NA	16407
21448	3.6791025174827823	-1.944838121302346	1.3529016562363412	0.009194721373769102	0.028077588679573277	NA	21448	NA	NA	21448
17668	7.516534289420397	-1.273232515295836	0.6480001301202731	0.009203776243579799	0.02809262559527451	NA	17668	NA	NA	17668
15677	13.768814415600872	-1.2221333231806197	0.6175731397758748	0.009255850928413552	0.02821555684803511	NA	15677	NA	NA	15677
17864	4.487813236890629	-1.7679754799864895	1.043240229517503	0.00931656126702072	0.028382842645192585	NA	17864	NA	NA	17864
14518	2.8165653296891437	-2.1980929779465965	1.3429175035920558	0.009324752331351771	0.028394461761920956	NA	14518	NA	NA	14518
15840	10.842833708680914	-1.2622857978129827	1.3021558170473861	0.009356453430927	0.02847419361067501	NA	15840	NA	NA	15840
13266	28.913309082134433	-1.1424072133727095	0.5709921451334242	0.00937537306322968	0.028512913765199686	NA	13266	NA	NA	13266
19152	5.057160212761862	-1.5249502067374014	0.8476681929838068	0.009381004767643433	0.02852112697752052	NA	19152	NA	NA	19152
19595	5.514861260508748	-1.4681327932825767	2.18119835991073	0.009413101877333461	0.028609772861906368	NA	19595	NA	NA	19595
12004	91.8050237990586	-1.0669734201224923	0.4869280767422504	0.009446931656201944	0.028699147199710586	NA	12004	NA	NA	12004
16293	11.204424259344336	-1.7908073534719566	0.9599967942187035	0.009496418056854401	0.028822487804810278	NA	16293	NA	NA	16293
16779	9.434818801010298	-1.4784567176591112	0.8956258912401315	0.009500106447840275	0.028825070152365254	NA	16779	NA	NA	16779
11742	102.7544968348443	-1.1493242687485383	0.7931139401453178	0.009520281769026145	0.0288724019802116	NA	11742	NA	NA	11742
19011	6.550183780983555	-1.5767248038560773	0.9325863381276963	0.00952591384547609	0.02888498120081181	NA	19011	NA	NA	19011
15082	15.100345812650536	-1.5274465803747732	0.948450093870252	0.009560860431944785	0.02896838001962906	NA	15082	NA	NA	15082
12144	17.785158528889657	-1.4068727800558687	0.7017351981064164	0.009575946755844581	0.029000544633596543	NA	12144	NA	NA	12144
16183	12.711561626169527	-1.0238279505883237	0.48108872328610797	0.009587774595032156	0.029022815584682032	NA	16183	NA	NA	16183
13405	4.600986020980839	-1.5790860961643454	0.8895396145241101	0.009646840547291568	0.029160789669282573	NA	13405	NA	NA	13405
14539	33.0560404312852	-1.0498662706028756	0.47977079806071066	0.009668003356019712	0.029211149404052103	NA	14539	NA	NA	14539
9332	8.23953605768446	-1.2873982089150906	0.6733601738553928	0.00968024940923311	0.02922999747914438	CD163	9332	ENSG00000177575	CD163 molecule	9332
17029	5.692463496409183	-1.3550468078116147	0.7128065080218702	0.009709651183630633	0.029291508554431214	NA	17029	NA	NA	17029
16474	15.398619285904765	-1.5812975441436519	0.8292176493387088	0.009720610291282067	0.02931548068784136	NA	16474	NA	NA	16474
21287	2.6157979245054506	-2.114513372731565	1.47096280865095	0.009728250704192715	0.02933397690646025	NA	21287	NA	NA	21287
13470	27.435087863699383	-1.2414019652584098	0.6731722535669822	0.009763645379779367	0.029422468680069102	NA	13470	NA	NA	13470
13297	36.18644450308891	-1.1635669688907941	0.7078361160280677	0.009810116109557104	0.029548780313897353	NA	13297	NA	NA	13297
15723	12.205828605195325	-1.4054398675960977	0.817877909081418	0.009837764371321455	0.029622889127384627	NA	15723	NA	NA	15723
16661	10.509479799151734	-1.4302693278355494	0.7922469128692173	0.009883545060224118	0.02973773506756672	NA	16661	NA	NA	16661
11399	98.68926491681545	-1.1739228606859282	0.6603935426104708	0.009914610098489565	0.029800142917482425	NA	11399	NA	NA	11399
16484	10.347265267443987	-1.3501936374926498	0.7545107976813539	0.009952306783604469	0.02989840109844498	NA	16484	NA	NA	16484
16503	2.8556638009709676	-2.1289275366564757	1.5826250625454819	0.010009868607272447	0.030052657580640036	NA	16503	NA	NA	16503
16970	7.712547781004231	-1.5775067281561608	0.9570311327685052	0.01001886801595275	0.03007051055805929	NA	16970	NA	NA	16970
18363	6.31332675447936	-1.3867725032110867	0.7508043208628099	0.010030178692385207	0.03009517538274877	NA	18363	NA	NA	18363
15930	10.759237312656754	-1.2072304630999824	0.6196616244820002	0.010039015859200503	0.030115177071918336	NA	15930	NA	NA	15930
19935	3.3405610624156186	-2.5397025618898974	2.6908843863897913	0.010058384390497716	0.030161204718563334	NA	19935	NA	NA	19935
14434	11.767736748001944	-1.351373193163588	0.8511730566185635	0.010123192795271472	0.03030883922904279	NA	14434	NA	NA	14434
13420	24.809418765535547	-1.0930095100454713	0.5392530601216787	0.010131211032886544	0.030328179958622522	NA	13420	NA	NA	13420
19653	3.9234606887168293	-1.861309185826004	1.1959153707153787	0.010147371751408008	0.03036721538584518	NA	19653	NA	NA	19653
17621	7.682979446656784	-1.6879124688593743	1.1036634719080496	0.010197634122371872	0.030494185257449142	NA	17621	NA	NA	17621
12965	33.63193736799847	-1.0318219663427806	0.49695325529291495	0.01028786283666339	0.03073094377042306	NA	12965	NA	NA	12965
14435	5.242296176611158	-1.686714148316111	1.3634936850734094	0.010314852202363186	0.030797382434825094	NA	14435	NA	NA	14435
18976	3.9803689853591626	-1.6613820147350806	1.0109286722297877	0.010413187555052212	0.031039837135099998	NA	18976	NA	NA	18976
18882	2.8068797907692336	-2.1182203408580986	1.5414604700255323	0.010473222445266491	0.03118888783585787	NA	18882	NA	NA	18882
13523	7.644281460011739	-1.4460937507027476	1.1687949351874378	0.010505710345249232	0.0312617169768953	NA	13523	NA	NA	13523
20491	4.399202468242246	-1.7651808442697674	1.7830244703637506	0.010561939048431163	0.031395432384530145	NA	20491	NA	NA	20491
17486	8.004546363774569	-1.156534736502629	1.404840039260266	0.01059718314457658	0.031480961864845794	NA	17486	NA	NA	17486
18657	4.1183432985766535	-1.8060273692091247	1.2277037010991867	0.010599645756781347	0.03148347162282079	NA	18657	NA	NA	18657
19517	5.258130423619461	-1.5250342009436981	0.9333212814844809	0.010605970475788724	0.031497450241007835	NA	19517	NA	NA	19517
22110	2.1100182399209393	-2.1688544411123027	1.9320732796822935	0.01068731555609668	0.031700327394786995	NA	22110	NA	NA	22110
22285	2.7545198718597166	-2.078443433499638	1.4103758672926676	0.01073262254728723	0.031820165660078725	NA	22285	NA	NA	22285
12387	7.536893479609199	-2.2290848235618066	1.3281909158566547	0.010739377278309361	0.03183296920936663	NA	12387	NA	NA	12387
16044	18.16801972314757	-1.3329998229612574	0.7032565936996483	0.01074021251881719	0.03183296920936663	NA	16044	NA	NA	16044
14550	29.817426699548484	-1.0031632609635528	0.4821869894819052	0.010790680932663922	0.03195136732109928	NA	14550	NA	NA	14550
12850	20.57031106707831	-1.2473481137717601	0.821642456452698	0.010835093397203663	0.03204585905820372	NA	12850	NA	NA	12850
14292	12.82189817514259	-1.1067939619340805	0.5555385782291473	0.010848702284649613	0.032081233119824665	NA	14292	NA	NA	14292
17167	5.159438541504105	-1.8664912105492975	1.4120666861787434	0.010907688709505902	0.03222596508107805	NA	17167	NA	NA	17167
20078	3.3640462650684224	-1.8654687325804842	1.6625325637848742	0.010962629256703087	0.03235912755417849	NA	20078	NA	NA	20078
11574	34.58742388057678	-1.0872120961510314	0.55794902361409	0.010986515580612437	0.03240505906551965	NA	11574	NA	NA	11574
14177	14.958198648693882	-1.096043385520043	0.5802804242480548	0.011081320219164418	0.03265004886981964	NA	14177	NA	NA	14177
18295	6.193937339131813	-1.3251520032036714	0.7197849503959671	0.011161156202407863	0.032855431985336477	NA	18295	NA	NA	18295
16317	10.943383605513132	-1.211418887068802	0.6491763578077951	0.011183159976534357	0.03291053807190247	NA	16317	NA	NA	16317
17188	6.361676162376173	-1.3249038202014947	0.7330611204164944	0.011255205598977022	0.03309224296142798	NA	17188	NA	NA	17188
17081	4.723279670492973	-1.4918306847910434	0.8638263186693158	0.011281793331247535	0.03315023479619685	NA	17081	NA	NA	17081
17575	9.476153697911853	-1.1786681651449378	0.6358864861092565	0.011303019508934318	0.033192706000206844	NA	17575	NA	NA	17575
17409	7.056170365877759	-2.4839859046080304	1.5232009699932763	0.011343181202401863	0.03328553217429775	NA	17409	NA	NA	17409
17344	6.662903830812459	-1.446853254942554	1.0908163619135263	0.011378778359795597	0.033384954871096356	NA	17344	NA	NA	17344
15016	13.265863928221577	-1.302088565653346	0.8258909834107145	0.01146772580412152	0.033605392542389534	NA	15016	NA	NA	15016
12632	50.02562700564077	-1.0719897106864371	0.51030165997493	0.01162324343218752	0.034004801628653235	NA	12632	NA	NA	12632
18145	5.815973393931644	-1.4816487235918891	1.0551912112426491	0.011687915851681455	0.03415806132896423	NA	18145	NA	NA	18145
17175	6.173495168798259	-1.567738183011324	0.9813556095905738	0.011711117952795249	0.034215593226144474	NA	17175	NA	NA	17175
18851	6.45317000869711	-3.661112536335187	2.6036014040172897	0.01173377413360556	0.0342714960849614	NA	18851	NA	NA	18851
14804	15.892198381237337	-1.1412816271249582	0.6051783858527436	0.011741714603887496	0.03428954200273928	NA	14804	NA	NA	14804
13535	16.03795386183957	-1.0175934444688395	0.5185853871135985	0.01177195182973299	0.03435206995927931	NA	13535	NA	NA	13535
17304	10.03436024439331	-1.1454249637367748	0.5964850094811098	0.011866055891510014	0.03455931064122664	NA	17304	NA	NA	17304
15177	18.442806197082263	-1.1772974926064559	0.676360046579147	0.011903003265467556	0.034640067440913594	NA	15177	NA	NA	15177
13617	19.24307722694911	-1.114929373579782	0.5791422956845226	0.011919627217529241	0.034658926661008546	NA	13617	NA	NA	13617
16130	6.4796621698546915	-1.2458254111187685	0.6694912548974131	0.011954558627108678	0.034733900484049264	NA	16130	NA	NA	16130
17313	9.817240325950245	-1.059384146701348	1.4496477268394208	0.011975128997435929	0.034788473715345665	NA	17313	NA	NA	17313
15647	5.217938037654576	-1.6791219487746851	1.539872828431484	0.01201310108057931	0.03488316325412623	NA	15647	NA	NA	15647
14868	24.542603051298883	-1.1415927992577366	0.5600664182352367	0.012147511380420934	0.03520517036103824	NA	14868	NA	NA	14868
14161	10.813811464927698	-1.2088230181969823	0.7329569786582587	0.012280218912406249	0.03552628813056905	NA	14161	NA	NA	14161
12783	41.75278768485061	-1.107616186806802	0.6143186327559549	0.012284055532932943	0.03553156090929274	NA	12783	NA	NA	12783
19373	4.379249251317138	-1.5027036650732026	0.9118288594615941	0.012323879550987639	0.0355996764051908	NA	19373	NA	NA	19373
17615	2.2796656539879607	-2.2485062039035255	1.9760320443460833	0.012358216112019862	0.03568826884641913	NA	17615	NA	NA	17615
13718	27.88650837318373	-1.1561611807549126	0.7071194679711846	0.01237283277112117	0.035719878142529166	NA	13718	NA	NA	13718
12817	47.26705157580414	-1.0093755575084868	0.5414643214864597	0.012492546245742586	0.036003451120325394	NA	12817	NA	NA	12817
18278	8.05791954609501	-2.358034159616568	1.4981887650262877	0.01249510862066069	0.036003451120325394	NA	18278	NA	NA	18278
18192	4.239411187081539	-1.5792250078542083	1.0916321078140845	0.012519591717914887	0.03606331770608964	NA	18192	NA	NA	18192
17626	7.820165459555835	-1.3352305595136102	0.8229046163165463	0.012557100475258398	0.036155308825122606	NA	17626	NA	NA	17626
17651	7.988894061498689	-1.8327476110427836	1.087567094524035	0.012564682241613216	0.03617178714556728	NA	17651	NA	NA	17651
18554	2.8867372599157846	-1.9890098820809035	1.7382473161738157	0.012699835133359382	0.03649069711063147	NA	18554	NA	NA	18554
12641	19.006544718572417	-1.4075846134925827	0.7575543948865253	0.01286149687241801	0.036868108798663556	NA	12641	NA	NA	12641
18437	3.754039612340165	-1.7028606101553208	1.3499551413450903	0.012889619356688945	0.03692696633306692	NA	18437	NA	NA	18437
19388	3.1193871277153775	-2.1637656454133083	3.095158952207177	0.012943712693974287	0.03704921205139485	NA	19388	NA	NA	19388
17332	10.33688767799156	-1.147980186429268	0.608254471440202	0.013001142209066587	0.037186247579459854	NA	17332	NA	NA	17332
15019	17.36993898679945	-1.072088517125565	0.5956795438923274	0.01300877862550564	0.03719715557316563	NA	15019	NA	NA	15019
15976	7.821433233135578	-1.2031030802615184	0.6637370496918382	0.013026822688011114	0.037243278438575625	NA	15976	NA	NA	15976
14324	12.156358927956957	-1.253871812533258	0.74457921729838	0.013037028880113039	0.037266982819606324	NA	14324	NA	NA	14324
23865	1.6218955549402272	-2.2570701105295674	4.984205237420173	0.013080542069461359	0.03737489784375092	NA	23865	NA	NA	23865
15759	16.219446634703232	-1.4010639081152694	1.168915133812294	0.013141732355393555	0.03753320419259084	NA	15759	NA	NA	15759
18484	6.9423170201587165	-2.6671159170971084	1.8093950488389172	0.013236077420035595	0.037747260063205265	NA	18484	NA	NA	18484
16159	3.2956423389697003	-1.8087590371828313	1.2751421808543988	0.013345844385490812	0.03802686348258224	NA	16159	NA	NA	16159
16120	9.799584822200787	-1.2384815566680742	0.7384372640250416	0.013375160670081997	0.03808959140932702	NA	16120	NA	NA	16120
19633	5.310217236876255	-1.9405243250284177	1.6010510132380014	0.013375688181046239	0.03808959140932702	NA	19633	NA	NA	19633
14898	15.226534203416279	-1.122871231927102	0.6520589594148243	0.013379386607216487	0.03809454905092027	NA	14898	NA	NA	14898
16986	8.113519900267146	-1.2836285994119359	0.7669690516488951	0.013389974949273535	0.03811911973197956	NA	16986	NA	NA	16986
17477	5.013151913885536	-1.369579136602439	0.806656632314724	0.013404864460726392	0.038150346193360093	NA	17477	NA	NA	17477
4267	472.0434252875772	-1.0759139661870016	0.6497105824477198	0.013421679127829924	0.03818703179922488	CD99	4267	ENSG00000002586	CD99 molecule (Xg blood group)	4267
9096	22.363272536805244	-1.1322343998709787	0.5682990550632457	0.013469604308480584	0.03830098910685866	TBX18	9096	ENSG00000112837	T-box transcription factor 18	9096
12687	83.16398459163345	-1.1108972262844925	0.6228414435014847	0.013469132704798471	0.03830098910685866	NA	12687	NA	NA	12687
16445	8.355518479737077	-1.2846757598967633	0.7828879546814799	0.013552347883918478	0.03851376199896868	NA	16445	NA	NA	16445
13788	25.446094999861106	-1.1294574244335942	0.5656251379499896	0.013585176090149417	0.0385673226357851	NA	13788	NA	NA	13788
13956	35.18699983747222	-1.090845388147013	0.6277437195818744	0.013606183071290655	0.03860474249167334	NA	13956	NA	NA	13956
22129	1.9556305048047096	-2.7488503909076454	4.33833893899271	0.013671453217767856	0.03873346208632701	NA	22129	NA	NA	22129
16465	5.977803666898928	-1.0403926392769078	1.494274596310359	0.013851991540332712	0.039136702579328525	NA	16465	NA	NA	16465
15729	6.907418669727338	-1.2090521065235966	0.6720686475011798	0.013862514333010311	0.03915077491392065	NA	15729	NA	NA	15729
14935	26.154060369732274	-1.0430950134737074	0.5473677456100339	0.013898975923249188	0.0392295823701744	NA	14935	NA	NA	14935
15121	16.056367416338627	-1.1123514748350278	0.62074737006577	0.014013758461532378	0.03948184362382301	NA	15121	NA	NA	15121
15198	14.577647218671988	-1.0989195134767225	0.6285329729181345	0.014009033252603604	0.03948184362382301	NA	15198	NA	NA	15198
18910	5.41962363103375	-1.4364856613910877	0.9392944705729612	0.014019689570981939	0.039490111266591334	NA	18910	NA	NA	18910
21910	2.2861776465465655	-2.1366294796515093	2.0841020690344627	0.014023952860211991	0.039496403272443636	NA	21910	NA	NA	21910
17238	8.048888394525633	-1.1602139735759671	0.6448350177812495	0.014050955724047257	0.0395495587714324	NA	17238	NA	NA	17238
14698	3.7136524648645635	-1.673280957222504	1.1670159713282258	0.014073253096884718	0.039583365340427945	NA	14698	NA	NA	14698
13313	9.724176349691405	-1.1553529001918947	0.6769149802016265	0.014338642522559229	0.0402139100924521	NA	13313	NA	NA	13313
13860	23.794484062261056	-1.1852741767342414	0.6739079622228582	0.01435450096792979	0.0402525854952279	NA	13860	NA	NA	13860
18069	7.4505954917737265	-1.1182497986412683	1.5379723866050208	0.01435892976826754	0.04025920360470459	NA	18069	NA	NA	18069
14220	10.942271065383231	-1.106242440171837	0.6094768189826065	0.014449613530303607	0.04048429728091542	NA	14220	NA	NA	14220
18325	2.513379472609456	-2.252493923124455	2.209363853949424	0.014489598104626201	0.04057295952721302	NA	18325	NA	NA	18325
11053	171.39373589013545	-1.0801027419121767	0.7610016666129122	0.01449954623338494	0.04059497471556673	NA	11053	NA	NA	11053
21357	2.969232453475072	-1.7528741429048196	1.3577827646443899	0.014664350348264162	0.040985627190516856	NA	21357	NA	NA	21357
16708	7.597087267768989	-1.1050254443718828	0.5918121984433822	0.014698466979356053	0.04106918390312249	NA	16708	NA	NA	16708
12991	15.899749278087905	-1.1961746520847492	0.7604903132918255	0.014710167440056252	0.04109597596194871	NA	12991	NA	NA	12991
18562	5.571668548715427	-1.3386896573419036	0.8146756521829791	0.014825034011765981	0.04138717356232646	NA	18562	NA	NA	18562
16418	9.565443370499265	-1.3749702330311349	1.0126281933925076	0.014869844148516692	0.04148846408233453	NA	16418	NA	NA	16418
18595	8.130021873880944	-1.2564536785967684	0.8971303589105263	0.014909308580510181	0.04158068992337469	NA	18595	NA	NA	18595
16147	15.569325173937074	-1.2156202055578667	0.6687191672627222	0.014928292499639121	0.04161574277832358	NA	16147	NA	NA	16147
16659	2.904850563791388	-1.6973787294924254	1.313128121711539	0.01509475041892137	0.04200277222836677	NA	16659	NA	NA	16659
16609	8.975667629024274	-1.3031957081794279	0.843806022512657	0.015116674292831003	0.04204453314460256	NA	16609	NA	NA	16609
20988	2.283794320519187	-2.0600443250849816	2.1535717624767994	0.015114324217467076	0.04204453314460256	NA	20988	NA	NA	20988
17913	5.1568759360156555	-1.449522435693404	0.9438113444229396	0.015139450218984322	0.04209584807996198	NA	17913	NA	NA	17913
19449	2.747143219555892	-1.875916560922855	1.5472783097727394	0.015204960340277046	0.042235759803330226	NA	19449	NA	NA	19449
19182	5.133212672227102	-1.3858088573776597	0.8856946087877375	0.015273670701318432	0.04239031738710183	NA	19182	NA	NA	19182
15905	12.324453548432949	-1.1783842258357082	0.6722190872361192	0.015278303206353011	0.04239712800496734	NA	15905	NA	NA	15905
18003	4.687433277125676	-1.5537249355758327	1.1123816096388797	0.015290398837542745	0.04241255013931291	NA	18003	NA	NA	18003
15398	9.453371851995467	-1.1081129357025477	0.6169872343405061	0.015299264863184238	0.042431094983957314	NA	15398	NA	NA	15398
12846	16.860034589186622	-1.0606625042387179	0.5878060346548686	0.015302460214941398	0.042431920727951836	NA	12846	NA	NA	12846
15550	17.365432647712307	-1.2200230635971583	0.9491359249540281	0.015377053153526322	0.04256797033012457	NA	15550	NA	NA	15550
15578	11.142348231492864	-1.2048060988178115	0.7202806764750557	0.01537686085436394	0.04256797033012457	NA	15578	NA	NA	15578
16033	9.907541077725584	-1.0663235126100363	0.5851787163325776	0.015684504914842193	0.04330819383481044	NA	16033	NA	NA	16033
16568	10.099119020290914	-1.2240770626658888	1.3098797673307654	0.015753062402400923	0.043466659210708115	NA	16568	NA	NA	16568
10957	30.92796685559336	-1.273105571344253	0.6962404201854452	0.015810102121097173	0.04358088171848643	PNRC1	10957	ENSG00000146278	proline rich nuclear receptor coactivator 1	10957
14858	28.822711226251748	-1.0912345275615816	0.5624792808083637	0.015837675276812877	0.0436444348006309	NA	14858	NA	NA	14858
14599	23.547664316303578	-1.058893754644799	0.5822697410392488	0.015873952568667263	0.043732020234829215	NA	14599	NA	NA	14599
18173	4.353316948787665	-1.4646926865228134	1.0306780175188406	0.015899263451893537	0.04378935268005946	NA	18173	NA	NA	18173
22387	2.129739553209503	-1.9938574567640663	2.1430438773814044	0.01593897540200304	0.04388009623686252	NA	22387	NA	NA	22387
13047	42.26606752096841	-1.0259836757942904	0.5973076795201939	0.01594958576674687	0.04390170715606398	NA	13047	NA	NA	13047
12299	33.969588885034916	-1.088466691734448	0.7581459427820113	0.016061316152169595	0.044160677258741524	NA	12299	NA	NA	12299
15716	4.783687853580879	-1.4144557171086944	0.9497537895382061	0.016109215807738272	0.044273612319502116	NA	15716	NA	NA	15716
14078	11.82313865275864	-1.0157400956731415	0.5389729175824959	0.016139083229838504	0.04433065613773989	NA	14078	NA	NA	14078
15825	17.839084057821275	-1.207885500661258	0.719345175852214	0.01618912258668079	0.04444301236555154	NA	15825	NA	NA	15825
11361	43.33805882989369	-1.0732856524084513	0.8398734211633646	0.01633875689987185	0.04476538758671069	NA	11361	NA	NA	11361
19326	4.186210300012089	-1.3637168511796296	1.4788611630148243	0.016393883579636642	0.04488482953619987	NA	19326	NA	NA	19326
17474	4.4390122673070875	-1.4256379258813885	1.1135766342731668	0.01643044174908461	0.044959621327184424	NA	17474	NA	NA	17474
16043	15.117258139409731	-1.0178658011319826	0.55429153746029	0.016453901610057654	0.04501748618491944	NA	16043	NA	NA	16043
19602	2.919536149136372	-1.5218843039066314	1.5467348530233211	0.016470308948474514	0.04504337864618641	NA	19602	NA	NA	19602
16894	7.8513943543885985	-1.4103902154063976	1.0367400116796435	0.01648402082304335	0.045074543942285605	NA	16894	NA	NA	16894
16630	5.832356224609643	-1.3156034662898846	0.9957226393126002	0.01651987617871724	0.0451535548193843	NA	16630	NA	NA	16630
20863	3.4935101936578046	-1.609912659711818	1.8066994517125214	0.016648985617316148	0.04546175236405073	NA	20863	NA	NA	20863
14445	19.795549591363713	-1.0515733532181961	0.6559005924557304	0.016684231119962763	0.04554521276835395	NA	14445	NA	NA	14445
17857	7.7546168809497384	-1.3417385910652393	0.9632047644169449	0.016744167836448123	0.0456896032340321	NA	17857	NA	NA	17857
17596	3.2827959196735033	-1.717494872135441	1.3811586635659618	0.01679361025471383	0.04581166935337621	NA	17596	NA	NA	17596
18544	3.4741201684246645	-1.412287415308734	2.009008355187353	0.01679942998204784	0.04581470107632189	NA	18544	NA	NA	18544
20086	2.9750958310047566	-1.4686981370352254	3.423245787646422	0.01681389273429228	0.04584129539115467	NA	20086	NA	NA	20086
18351	3.0134900901971586	-1.5812165452093427	1.2234164333117266	0.01688667919137201	0.04601395459861252	NA	18351	NA	NA	18351
18975	4.803219767603854	-1.3854932447644266	1.032417651572048	0.017011027208645498	0.046313878078826254	NA	18975	NA	NA	18975
15149	14.76632538199523	-1.1015934212183336	0.6511673776961384	0.01720201214235272	0.046742300796191884	NA	15149	NA	NA	15149
19879	4.431608844077327	-1.9594956514564916	1.6833754137380756	0.01738302195326988	0.047188030441147326	NA	19879	NA	NA	19879
12891	22.252285162244007	-1.0355178372969145	0.6589342594448834	0.017495074944916585	0.04742605564883991	NA	12891	NA	NA	12891
17553	6.295006279776157	-1.281098259986642	0.8025520280631852	0.017521245709972138	0.04747715995012083	NA	17553	NA	NA	17553
16384	4.9309883367841545	-1.3020642283631794	0.8354603255829987	0.01770768976107775	0.047882360767032665	NA	16384	NA	NA	16384
15793	3.022359552223846	-1.6382203154442654	1.4923586579026513	0.01771120374382337	0.04788520923291839	NA	15793	NA	NA	15793
17605	7.3038670223186095	-1.2673540095192726	0.9505678772943568	0.017797242947089	0.0480644109066471	NA	17605	NA	NA	17605
13043	25.07644694307679	-1.0988409399243282	0.7272653319063325	0.017854263778304624	0.04819306980377259	NA	13043	NA	NA	13043
17592	9.201610194266216	-1.2505751969028522	0.8927440699167318	0.01788483464183474	0.04824071614202992	NA	17592	NA	NA	17592
21490	2.7782178058864577	-1.5543592116913665	1.5796772873354101	0.0178953615753134	0.048262421232978664	NA	21490	NA	NA	21490
13704	29.68703937327063	-1.013087280386559	0.6301499231878848	0.017908035022346634	0.04828639639050195	NA	13704	NA	NA	13704
17848	5.680530146726285	-1.2302512221928856	0.7595405881834664	0.018043484373506852	0.04858110810636647	NA	17848	NA	NA	17848
16331	3.6466417750524758	-1.4250456357805725	1.4609153330944913	0.01808610970440663	0.04867567154715218	NA	16331	NA	NA	16331
18739	2.5886367071952012	-1.741653256182275	1.569653009847641	0.018201504184397307	0.048945622900726266	NA	18739	NA	NA	18739
18328	6.545973407799795	-1.2541135783327524	0.8051789918839533	0.018219486913526612	0.04898721122190403	NA	18328	NA	NA	18328
19496	2.4234214899523754	-1.7805225225739971	1.4208157125759024	0.018224441959679767	0.048989889245172905	NA	19496	NA	NA	19496
18732	3.5602133559856717	-1.4554096837139099	1.4717399928976322	0.018527143627269465	0.04969769016268657	NA	18732	NA	NA	18732
14440	16.01968502631996	-1.082384592907006	0.6668853915133386	0.018565437787579867	0.04978181305113909	NA	14440	NA	NA	14440
14392	34.46904858965882	-1.090553350925192	0.8505486143571191	0.018617643093276962	0.049899180861900976	NA	14392	NA	NA	14392
20809	3.6682074264088085	-1.5708938730322828	1.2476939620323921	0.018651631214544006	0.04997517115179401	NA	20809	NA	NA	20809
