,baseMean,log2FoldChange,lfcSE,stat,pvalue,padj
284600,117.375198295918,1.21483847685731,0.170032878352165,7.14472688241616,9.01750013899811e-13,5.35201144993295e-12
84069,82.2198989587238,1.48503875305512,0.194581834814579,7.6319495829107,2.31229872285623e-14,1.53299844521137e-13
107984868,12.8927711299725,-2.8313933285831,1.1207871219771,-2.52625433774474,0.0115285985349095,0.022034418732958
64856,344.706574348287,1.11910278784436,0.102596084658307,10.9078508363306,1.05726293249193e-27,1.38820499834296e-26
339456,116.684162246527,2.15088115426263,0.17506387430259,12.286265015162,1.0735248687844e-34,1.81152219302859e-33
85452,5.54627171222,-4.6378493803918,1.29003193185779,-3.59514308588686,0.000324213335380627,0.000805970470477089
107984872,4.57896806354774,-2.98260027430607,0.997641908049956,-2.98965014424466,0.00279297143830733,0.00595923425154228
2563,18.5401150949335,1.10914857474986,0.388977108081952,2.85144948559846,0.00435204006075492,0.00899806838557201
79906,94.7385741213191,-1.25866719358721,0.183418178618321,-6.86228160735584,6.77692986893112e-12,3.77365304370343e-11
100129534,9.84305517473293,-3.17390939570038,0.699145371657679,-4.53969878707058,5.63346472176093e-06,1.78230735592051e-05
8764,43.5490869358446,-1.38878645237655,0.268769556567202,-5.16720148708251,2.37625057709261e-07,8.74082060599836e-07
440556,12.2338893730471,7.02399698180592,1.22777270101916,5.72092617467012,1.05944927629008e-08,4.48755513068517e-08
63976,79.1741705641992,10.0446839618882,1.18708007459373,8.46167345983459,2.63567663896617e-17,2.0897066411312e-16
105378606,4.84297274496418,6.10829474527184,1.31580572378898,4.64224667429052,3.44641056775708e-06,1.11950009878909e-05
105378605,3.5550219735753,6.02354898160607,1.33315164404892,4.51827742814907,6.23447623668693e-06,1.95814618106275e-05
105378604,15.5826732374993,5.4542165947375,0.881479860438346,6.18756802001716,6.10994855636757e-10,2.90398411707195e-09
7161,206.071306737832,1.95922110176424,0.129822546458706,15.091531904186,1.84117413391169e-51,4.87828704853735e-50
105378610,5.83016801783487,2.55552194147979,0.84134804369368,3.03741354203494,0.00238617845212021,0.00515384531289385
26038,388.08298032843,3.78306522350627,0.136755855380402,27.6629122240012,1.9518014439852e-168,2.422963582771e-166
107985733,63.0268225345131,1.60706215952088,0.226492054195344,7.09544608631097,1.28934912201605e-12,7.54475258296205e-12
102724450,44.2469077327936,1.3149764008746,0.255980860757364,5.13701062252862,2.79143183062368e-07,1.01940954242402e-06
148645,17.2693190446709,-1.02240273709172,0.425544164540396,-2.4025772699667,0.016279994744711,0.0302747189092928
83715,13.7173818595177,-4.98602943077451,1.0707874633974,-4.65641371533696,3.21765039161605e-06,1.04903084943927e-05
105376689,9.20886558276354,4.82141256527428,1.26123715748777,3.82276444731295,0.00013196383029122,0.000347209413862419
54206,356.524660365795,-2.06868210224348,0.117992568856546,-17.5323083673055,8.1204787473062e-69,3.05412582038516e-67
50651,13.9193645528887,1.83143415286877,0.484556398450639,3.77960988385407,0.000157074263898353,0.000409333871509624
80045,216.678676628507,1.02387480767244,0.120440918068323,8.50105449288939,1.87876144686131e-17,1.50165570484836e-16
9563,385.939951029563,-1.47907141225728,0.100862601471857,-14.6642203420657,1.09265007343492e-48,2.72809059122598e-47
644997,5.53228113533479,1.94605864242399,0.865457396955669,2.24858976221065,0.0245386083700588,0.0439920597642177
54897,428.83601085266,-3.19821716370901,0.109848539823753,-29.1147899538801,2.33290991810667e-186,3.69766222019907e-184
26232,187.347513642199,-1.16243775732737,0.130019564322633,-8.94048340635013,3.87471638214119e-19,3.37838728957615e-18
943,5.09623466754963,2.84913070247305,0.828454874611532,3.43908979207712,0.000583673604669689,0.00139528330596503
9249,39.4560778336866,-5.63880206474849,0.748997896052955,-7.52846182140653,5.13415245469613e-14,3.33485087361016e-13
390999,11.1116110899856,-6.80703865329909,1.24327633010355,-5.4750810326552,4.37311450038642e-08,1.73711185076885e-07
649324,4.38547023388361,-5.4321732990371,1.30587971223417,-4.15978075786433,3.1855322640217e-05,9.14301839141685e-05
645354,4.38547023388361,-5.4321732990371,1.30587971223417,-4.15978075786433,3.1855322640217e-05,9.14301839141685e-05
23254,123.574216247686,4.02229313784902,0.225368881676024,17.847597715958,3.01739575787309e-71,1.18768978921869e-69
55092,151.843440886021,1.97235185864458,0.144951106405104,13.6070148587367,3.63802323243192e-42,7.66099506786851e-41
727684,10.369386877266,2.61146222030276,0.677205148186075,3.85623503793154,0.000115146779934218,0.000305497778716521
54751,141.035015646615,-2.59445350131189,0.174894107502525,-14.8344248892115,8.77527586070037e-50,2.23819967067748e-48
348487,13.0491570368394,1.90557566728841,0.511697301922749,3.72402914795141,0.000196068273855822,0.000504435361954862
128272,90.2858951169084,1.16553189059051,0.198379839883641,5.875253711638,4.22196229597876e-09,1.86068209230921e-08
100132147,31.59803614026,-1.48028746111289,0.31326443034282,-4.72536080618199,2.29707134682168e-06,7.61344483733729e-06
100189045,12.9929206727198,-1.63296914885322,0.548569150548403,-2.976779039107,0.00291293867656762,0.0061980687266485
112267871,36.5247097857952,-1.43252600537546,0.293307512142899,-4.88404130841878,1.03933285995638e-06,3.59373528047248e-06
4237,213.287353361816,-9.02881493840053,1.02551009834215,-8.80421845966861,1.31767515534364e-18,1.11387473131716e-17
105376806,39.8336522219844,-7.43275746881989,1.19469777175595,-6.22145419916143,4.92567954512209e-10,2.36709970993523e-09
11240,6.34376118757294,-2.20337572215266,0.81901824012709,-2.69026453160647,0.00713953998172053,0.0141863794219278
81569,11.9337896233182,-3.05047104135627,0.647053718621318,-4.71440153045706,2.424222016264e-06,8.0020061793824e-06
22977,14.4363847716296,-1.16225892504641,0.459469729298433,-2.52956582541589,0.0114203749589741,0.0218463896844513
100532736,305.270222902615,1.31747985776116,0.108139474236065,12.1831539044211,3.82210289655276e-34,6.29406035432325e-33
4681,278.560454885602,1.4713880354387,0.113311549517603,12.9853315191857,1.48195090290163e-38,2.78682123181248e-37
3362,23.3705545426202,2.08972189714833,0.385935097089928,5.41469773779449,6.13923248245677e-08,2.40210833212635e-07
255104,57.0150022222622,6.24680634276349,0.666164110109237,9.37727843329648,6.76975492963078e-21,6.46806725031246e-20
55450,13.9895878387719,4.02183953909945,0.726049158214824,5.53934880799003,3.03598419763207e-08,1.22460330552975e-07
163933,4.47544841874722,-4.17971343383194,1.30845632970656,-3.19438512309334,0.00140129042471594,0.00314922238505601
249,375.819513657613,4.1226073908335,0.147769141963348,27.8989736020533,2.7456695506959e-171,3.53196564231548e-169
5909,33.7109688289682,-1.12811193675617,0.281947521011714,-4.00114153409884,6.303763671623e-05,0.000173173031102834
2046,120.878885652521,2.14374535698796,0.171826798539661,12.4761991447634,1.00679015414723e-35,1.76431775088071e-34
2048,84.4704639022327,3.9033581560901,0.287099060135732,13.5958583571981,4.23759767230429e-42,8.90246554778057e-41
90529,58.7720837406528,-1.28169370384644,0.223039617626484,-5.74648449224322,9.11179834759536e-09,3.88082159948447e-08
25932,1943.65910555994,-1.17836347743675,0.082081606921029,-14.3559991286532,9.77071818418344e-47,2.33131437104334e-45
864,369.380485089407,9.63825755169726,0.838666864346358,11.4923552621924,1.44127967711834e-30,2.10062371331731e-29
107984932,15.0038731179272,7.25309911322484,1.22024533487491,5.94396791032875,2.78204085908089e-09,1.25061507547237e-08
105376878,10.8972855228324,5.4220881845008,1.24059562469865,4.37055239963293,1.23932608439173e-05,3.75435437715393e-05
57134,18.2077663918765,2.02544174485618,0.417272584676559,4.85400148305013,1.20994830189456e-06,4.14972995657502e-06
79927,51.8141171231531,-3.14601430650348,0.327125100414176,-9.61715962034184,6.76740631631369e-22,6.82197597542309e-21
10256,8.05167395654115,-1.58645547974561,0.67468716166231,-2.35139420147978,0.0187032076025822,0.0344025843291927
79727,1201.04335149177,-8.7229493842134,0.365280310022,-23.8801521595512,4.92489602918318e-126,4.04753492176203e-124
388610,68.1017084983357,1.60783628968287,0.218590430828482,7.35547427025508,1.90250401890854e-13,1.1875264185536e-12
115572,27.084880197727,-2.08198730771557,0.410771413462862,-5.06848149476643,4.01001960096666e-07,1.44657321593904e-06
9064,295.105166711902,1.19777679103032,0.112418633075667,10.6546108795338,1.6593714990171e-26,2.06282653015066e-25
2537,199.75642968683,1.17445223711992,0.128437783415116,9.1441334932108,6.01098043218623e-20,5.47495765172755e-19
9473,46.614612078238,1.08788400137767,0.252705867938397,4.30494159179106,1.67029798512402e-05,4.99093247465438e-05
83667,805.521697126062,-1.81003282802747,0.084274121203303,-21.4779199377345,2.5047379587502e-102,1.64074200161378e-100
85028,745.697797736148,1.14001057303765,0.0779001594795417,14.6342521074946,1.69832901913398e-48,4.18151688594542e-47
692212,23.4675927785869,1.0973451719612,0.371165504562175,2.95648479848799,0.00311167569796274,0.006585415711759
677825,39.2340633956699,1.17278885230275,0.28866993473989,4.06273293877834,4.85015083227905e-05,0.000135334607945014
79570,71.8208929008858,3.06464046116292,0.253982357508373,12.0663517388679,1.59029523845674e-33,2.56411635541181e-32
2170,24.5041747986238,-2.07491051406018,0.364196880073124,-5.6972221004298,1.21775246502471e-08,5.12871690607798e-08
347735,16.801780580265,1.69342646848699,0.423997398247736,3.99395485794359,6.49802403488467e-05,0.000178233811290594
339483,28.6551845635168,-1.24407854815546,0.32941192766135,-3.77666515292192,0.000158942182226283,0.000413958570845213
105378629,17.4171084128094,1.12075560948959,0.435850330657247,2.57142310251213,0.0101281505102274,0.0195641923675253
728116,18.8838042087446,-3.1562779557813,0.496841065737661,-6.35269138048233,2.11579939830425e-10,1.05209162237246e-09
252995,58.8649185131816,-1.67051658032343,0.240179745572477,-6.95527666723811,3.51870797865586e-12,1.99693427228577e-11
113452,85.6688730862529,1.15397717364167,0.186210125713588,6.19717735122857,5.74847165359742e-10,2.74461103119937e-09
113451,20.7838438131648,-1.55067346675621,0.390464002103685,-3.97136088961265,7.14632257927912e-05,0.00019496160815639
100506144,124.325588917631,-1.08553795041137,0.157779908826334,-6.88007718147565,5.98201413645379e-12,3.34676063505602e-11
339488,77.4684023481528,2.60347128830383,0.247918843728313,10.5013045767384,8.51944800444821e-26,1.02742690879731e-24
105378645,10.4186734656754,1.72198743893921,0.561633146663968,3.06603598660016,0.00216917205542282,0.00472132691611893
79729,273.573629535333,-1.24404923430497,0.118040964824323,-10.5391313613579,5.70231436920466e-26,6.91444567500828e-25
55194,232.292427575681,-2.00957072562151,0.146128850395992,-13.7520463630269,4.95090743723253e-43,1.06273892171405e-41
83931,1088.83899419443,-1.17449033130128,0.0853946193314495,-13.7536807412026,4.84029604852283e-43,1.04025345585203e-41
127700,41.0000689120667,-1.48010790453769,0.277571529028373,-5.33234770049631,9.69510735881439e-08,3.7156205922641e-07
284656,33.8067173484263,4.59563388032592,0.555498873591161,8.27298505686664,1.30646078706502e-16,9.91971423951167e-16
149175,344.616833823906,1.06714074620451,0.0985407987086724,10.8294306539915,2.49703050322272e-27,3.23085171233307e-26
105378651,17.665568799112,-1.13390778047124,0.388835775793508,-2.91616114324162,0.00354367423352997,0.00743760995431829
51440,54.6446597212661,1.13726668479595,0.22322630480269,5.09468042218943,3.49330017462081e-07,1.2647983826202e-06
656,23.85076577413,-1.1191288628162,0.361714625017559,-3.0939552492849,0.00197507275402033,0.00433553747117212
4610,68.7238462552861,1.02551000519944,0.219273310240088,4.67685740720832,2.91304667681887e-06,9.53751468220003e-06
84879,261.28584979046,2.38648516589687,0.126472643844018,18.8695760076003,2.02920013590032e-79,9.18937775829144e-78
1298,9.82358260795075,-5.33258057533042,1.24294721964868,-4.29027113221887,1.78455111930858e-05,5.31176248658047e-05
339559,60.5203584121586,-5.1419076025008,0.508292018094974,-10.1160502613677,4.68959963519752e-24,5.21615117318461e-23
64789,45.8812385323499,-7.75848115208853,1.1928652822664,-6.50407155563092,7.81746814074735e-11,4.03300477868488e-10
9132,57.3453918377411,2.65015576275453,0.271114558934257,9.77504038577719,1.4409984826922e-22,1.50032874280069e-21
163732,15.2924107322527,-1.9412139422706,0.537684857833194,-3.61031915626834,0.000305820467234827,0.000764099216657657
100132074,31.1882614237352,1.34149695104073,0.299730173078159,4.47568203515807,7.6167770086569e-06,2.36800394847071e-05
59269,271.123423362748,1.51242311260244,0.114331079782405,13.2284512267432,6.0113323358253e-40,1.18570190695079e-38
126661,43.3455531078725,1.74305998578723,0.274696147107757,6.34541111748272,2.21832243243522e-10,1.10183715222692e-09
541468,40.3843228204736,1.4258463852121,0.270837156501271,5.2645892595812,1.40503124133612e-07,5.28546611489698e-07
127343,23.9718573228499,4.21565238339545,0.570204168847911,7.39323318507668,1.43300842685083e-13,9.00487277644459e-13
105378701,14.8681074069533,1.12770431457237,0.424753744393493,2.65496026687799,0.00793177505181058,0.0156224199178677
84793,29.2584600618086,1.3988269937074,0.331820309640501,4.2156159616116,2.49097351980647e-05,7.27179114020794e-05
2306,15.2115201368469,3.97649147764443,0.795685154077814,4.99756902245225,5.80575608597601e-07,2.0621004809573e-06
388630,12.5810478411382,3.66215636605043,0.647609592856698,5.65488282824245,1.55952625669819e-08,6.48050330264662e-08
440590,270.637799735525,2.77028198482535,0.131316782957955,21.0961761507083,8.62342642472898e-99,5.31538423235378e-97
55268,63.9702146036121,2.92758938203334,0.267392180054499,10.9486724011026,6.7428619309456e-28,8.97295989491351e-27
105378728,22.0373899974403,1.30179625376705,0.321924781501084,4.04379012916304,5.25940019846287e-05,0.000146019506292013
8613,10.595067281086,4.44619261548386,0.913686425749106,4.86621283865364,1.13757009489638e-06,3.91131983819495e-06
3725,97.6041812022199,2.63936540639278,0.298340074464233,8.84683497895017,9.00363801716313e-19,7.68425875387885e-18
54596,35.4167541860811,-7.65957440649206,1.19672830307343,-6.40042889168808,1.5494109789526e-10,7.81618178413372e-10
163782,164.907720840886,-10.8568774136934,1.18215102696896,-9.1840020149798,4.15360831603929e-20,3.81058681273021e-19
29929,118.855748443997,-1.38845144566853,0.152840063630286,-9.08434223782535,1.04327575134547e-19,9.37258660824124e-19
4919,6.27206653158876,5.23507471248588,1.27412286095116,4.10876758664998,3.97776131701674e-05,0.000112423529533006
57685,272.678217807274,4.77278844147944,0.192597899794369,24.7811032548911,1.43326308869695e-135,1.29153737820042e-133
3716,1345.71775610877,3.59873867275543,0.0783708739346279,45.9193382959756,0,0
205,600.135658843309,1.83394961905032,0.0832095020636102,22.0401465405759,1.18752355492836e-107,8.26702672434832e-106
9829,93.3993680518505,7.31054444022489,0.732808064022204,9.97606985941052,1.93999295652794e-23,2.0948147788494e-22
102724416,11.1387923960328,6.70220188319548,1.24897509385415,5.36616135595907,8.04299948091687e-08,3.11405292879468e-07
112268227,4.645061754749,5.48185299949055,1.3131017343578,4.17473593709901,2.98331893353969e-05,8.60296908840101e-05
1647,293.159849527944,-1.91209226365663,0.13968626199856,-13.6884775660784,1.18975997050481e-42,2.53548847495814e-41
100289178,5.91290638867977,2.44274614626037,0.803555154363826,3.03992343648681,0.00236638297081236,0.00511669068183448
9077,25.7611952487923,-2.05424544303463,0.376864762353588,-5.4508822480656,5.01205494765979e-08,1.97983977371733e-07
79971,181.848374026203,3.67939886188523,0.187953145509575,19.5761494276125,2.4700138681182e-85,1.23167657828186e-83
57554,464.545189434102,4.68899889706224,0.145354929434392,32.2589602933191,2.63424273836555e-228,5.63410567367051e-226
5301,3.51979945571612,5.8333804791026,1.32810542601165,4.39225709409263,1.12179932426329e-05,3.41581159593858e-05
105378792,63.4066503693486,4.00446049721412,0.31509297170111,12.7088220203549,5.28241689201291e-37,9.5201486971587e-36
1491,141.727779483819,2.35997976488262,0.167675832501541,14.0746566137427,5.43683328569441e-45,1.23420287068603e-43
5733,158.640092558276,6.93268087018559,0.496021814947208,13.9765644600196,2.16698863855504e-44,4.82664771789573e-43
257194,5.42436871764648,-6.01645335256994,1.27981666863622,-4.70102749871285,2.58855649230598e-06,8.50806421985109e-06
431707,424.917100621933,-10.299783970061,1.02317775015796,-10.0664659375861,7.77207314911962e-24,8.56955543746407e-23
204962,14.6105510574422,-1.43679298138477,0.450135728420111,-3.19191055201868,0.00141335093851901,0.00317552282756479
91624,432.533636656047,-1.09223541942269,0.0950395393508965,-11.4924317487487,1.44000388540375e-30,2.10048882281737e-29
23266,33.2856036568959,-2.83511942721292,0.346721748322837,-8.17692988953524,2.91167312430948e-16,2.1626787155959e-15
79739,73.7178907177636,3.00852214289695,0.250235039843246,12.0227852373575,2.69723797175846e-33,4.30975413813287e-32
5567,166.737712566967,-1.32714531234904,0.142659338050862,-9.30289829240531,1.36668424452302e-20,1.28775895481808e-19
23566,144.976057000426,2.05018732092908,0.154004990407202,13.3124732874449,1.95888070552882e-40,3.91599665366527e-39
255231,140.608717516312,2.72916408231083,0.174971924065301,15.5977257316567,7.5433826800438e-55,2.12893687338851e-53
55283,54.8156043970692,3.36101824256832,0.309191653283271,10.870339502629,1.59605821093359e-27,2.07873993840741e-26
126820,22.079403689073,-2.11709433539425,0.3956773666434,-5.35055707975902,8.76838898977243e-08,3.37796096671962e-07
148423,289.440758837623,-1.09073160932589,0.110540901972222,-9.86722190488345,5.77416528250568e-23,6.10136798184767e-22
23576,208.595209652471,-6.60319566388295,0.412342459296435,-16.0138630281969,1.02258878088452e-57,3.07157293371607e-56
107985054,15.7013852184501,-7.7333687291181,1.21344305826193,-6.3730792116401,1.85270131289774e-10,9.28023524451486e-10
3491,802.783849217346,-7.00309616647039,0.300921316248914,-23.2721837514416,8.48292021810191e-120,6.69283554274422e-118
54680,363.305521333036,-1.02872026697178,0.0935380772342985,-10.997876986449,3.91234343585134e-28,5.26549815566589e-27
9403,795.069939086929,-1.03209933958687,0.0909924579525605,-11.3426910626479,8.0626356426118e-30,1.14228178713204e-28
9653,620.02844607827,-1.38436313176379,0.0834840305859673,-16.5823705689227,9.34679257999153e-62,3.09560190074645e-60
8543,350.784987752012,-4.51950458072722,0.181302507815918,-24.9279760946054,3.70164292409953e-137,3.42247735357369e-135
5586,942.576286268898,-1.02335303128058,0.0784520159419267,-13.0443178418526,6.84670554064047e-39,1.3069109328758e-37
2959,205.85245556108,-1.36812225002233,0.13028787487401,-10.5007641835077,8.56836391287031e-26,1.03192399037499e-24
56267,284.016086916462,-2.46180677599609,0.126955924744911,-19.3910349669976,9.18695952527987e-84,4.44378489081112e-82
494115,642.905283200468,-1.09913934630009,0.076323760986533,-14.4010113245602,5.09918607145295e-47,1.21995621483063e-45
2635,23.0298537921598,-4.35276197081188,0.693882170338954,-6.27305637308075,3.54028651358764e-10,1.72467525217365e-09
105378841,4.54718682224569,-5.09026323654574,1.33482368716733,-3.81343490191423,0.000137048636379345,0.00035989458476422
2633,409.988682283327,-7.32071768788883,0.394572118413366,-18.5535605438279,7.63246204795861e-77,3.33722823338328e-75
115361,36.2949058268174,-8.5983864340808,1.19606058792598,-7.18892213394539,6.53048018706151e-13,3.91917120624462e-12
115362,5.85745016706635,-4.96498490192091,1.27554685332459,-3.89243632170793,9.92425531601468e-05,0.000265684482536409
400759,5.59915851613651,-3.63373829679027,1.13882597087869,-3.19077575477715,0.00141891363434164,0.00318560197759363
23507,377.260788919203,-1.30543153010531,0.0935683501832574,-13.9516356497531,3.07472119933252e-44,6.82280634131885e-43
84230,57.1560256330437,-3.47176979481441,0.301910822994846,-11.4993220858255,1.32955555298049e-30,1.94097616583139e-29
492303,13.997642241372,-1.57990480029894,0.512567202361377,-3.08233689752364,0.00205382247623435,0.00449506307460389
284695,666.403829036162,-1.53572875357537,0.0845445366463951,-18.1647308565722,9.81873275748515e-74,4.03477184978881e-72
105378853,11.6595898713696,-2.69111352934081,0.634932428502858,-4.23842508042364,2.2509327258094e-05,6.60253763195116e-05
84146,844.403414570394,-1.3991875165789,0.0738499980908627,-18.9463446547064,4.73343202472535e-80,2.16009987925256e-78
164045,8.41774302270014,-5.68589871724064,1.24424456556746,-4.56975973581807,4.88283674867653e-06,1.55591667496869e-05
7049,98.4846657359063,-1.63695299927109,0.165725837156013,-9.87747612178344,5.21293018905291e-23,5.51489491752486e-22
23285,12.098233144809,-2.55692423178754,0.559644994693671,-4.56883248493468,4.90448566362631e-06,1.5619739774075e-05
11146,241.79069204355,-1.08725681191866,0.122996976376483,-8.83970357605103,9.59728879082785e-19,8.18304854057522e-18
79871,409.832289060031,-1.43770782663583,0.0966043200655158,-14.8824382352755,4.28590799849826e-50,1.09788511961531e-48
22823,588.46309227749,-1.59815565995499,0.0804687724868331,-19.8605696416767,8.92920968013394e-88,4.63483421759467e-86
50999,558.345342607317,-1.45828863485717,0.109414142125414,-13.3281549032814,1.58776097702127e-40,3.19206487701942e-39
100131564,55.1512403615404,-2.47373865327587,0.268296267526371,-9.22017542801906,2.96614539772842e-20,2.74490143509449e-19
54874,254.84199376833,-2.86342965453133,0.141724873489308,-20.20414330973,9.00181354259606e-91,4.90184644196826e-89
8412,27.483275853221,-1.13712594770891,0.336452506923903,-3.37975174596069,0.000725513298611713,0.00170971884733242
30836,1270.31045917052,-1.02084187441632,0.0723916522826905,-14.1016518096577,3.70983339316721e-45,8.44320030711595e-44
2730,421.854179464186,-1.10430222407163,0.10104417637715,-10.9289051943953,8.38539761071745e-28,1.11253795504825e-26
5825,540.35479747666,-1.31030444702964,0.0930532361295414,-14.0812345871082,4.95367522262794e-45,1.12596213254918e-43
2152,11.1000678113886,-4.85877858924097,1.2422371443147,-3.91131323956778,9.17956250805053e-05,0.0002467528674181
1266,1530.77095183671,-1.39437975890228,0.0661806029204565,-21.0693118129825,1.52126150444956e-98,9.3444409089926e-97
105378862,7.62305894747525,-2.00341375552887,0.883115919410137,-2.26857393406182,0.023294248222171,0.0420157990692929
729970,10.7389077574227,-2.83938168244384,0.706069697161035,-4.02139008919434,5.78557022596269e-05,0.000159778224410843
148534,221.132285144284,-1.52213870357862,0.118651142651631,-12.8286898007189,1.13263348116203e-37,2.07711875594921e-36
100527978,45.9149662472848,-1.80870776926217,0.258591361818906,-6.99446322003914,2.6627642349447e-12,1.52432733630243e-11
25950,70.9393135696699,-2.64413976384055,0.242262363916639,-10.9143645801722,9.84150858700267e-28,1.29796775955774e-26
102723661,5.94258805342944,-6.29488340010239,1.2720272519248,-4.94870168117637,7.47101508790648e-07,2.62105651858727e-06
58155,350.826511256196,-2.42026361315199,0.108749744781836,-22.255349821807,1.00109523102065e-109,7.13712551850545e-108
1806,76.9770963111211,-9.8077143883545,1.18625706434766,-8.26778164962744,1.36474547489947e-16,1.03489797823218e-15
109729128,6.0799080938641,-6.16963340939939,1.27196983531226,-4.85045575619705,1.23178109043608e-06,4.21929653880387e-06
400765,80.4115248170727,-9.79761403233417,1.18712638622725,-8.25321898830964,1.54184152182391e-16,1.16471364661354e-15
100616452,9.92008541428421,-6.92627359086928,1.23461978659391,-5.61004583441646,2.02273035907499e-08,8.31577335208412e-08
729987,6.69636398306727,-6.48848333505081,1.27499693496024,-5.08901877105543,3.5992098913787e-07,1.30287875187102e-06
51375,101.697813441945,-10.0242355620965,1.18620688971095,-8.45066374933903,2.89651351644427e-17,2.28935476152799e-16
391059,24.9383551055442,-7.2390299950661,1.2040444558618,-6.01226139103374,1.82953005682474e-09,8.36625903368181e-09
54482,252.808455342773,-1.45945001558277,0.114220485472662,-12.7774804103077,2.19051355655284e-37,3.99650530893382e-36
127495,19.554309182853,-1.87697142212028,0.402582927730089,-4.66232245044105,3.12660796285195e-06,1.02047333253443e-05
1629,249.479204195066,-1.37242920358764,0.113263536464046,-12.1171318363638,8.57062749648615e-34,1.39455343095896e-32
100506007,11.4076561540823,-1.5559708177175,0.544585316885731,-2.85716630520905,0.00427441816753046,0.00884479208649036
8634,343.186080576259,-1.20517785436422,0.102760555178702,-11.7280200780192,9.15756811381072e-32,1.39780867718287e-30
2135,421.828794044277,-1.11179609172698,0.0979056556769238,-11.3557902660472,6.94094244908846e-30,9.88096314003355e-29
102606465,13.4429581856704,-1.69186604031221,0.505785157968449,-3.34502903783853,0.000822739561429722,0.00192301154634634
1901,41.6359962615972,-5.51793462570292,0.672618549855324,-8.20366108976595,2.33174854467685e-16,1.74287158589909e-15
105378872,7.493423570063,-2.37067045811914,0.708453438054607,-3.34626149126883,0.000819091119182828,0.00191524045676153
118427,932.775745999385,-1.25768196111431,0.0766444746059698,-16.4092971813046,1.64093993992803e-60,5.27716771985549e-59
94236,1388.10194035189,-1.90653288580022,0.0754739096223203,-25.2608205317668,8.61378780993179e-141,8.17711022470102e-139
1301,8473.44711865739,5.68193099169626,0.0656909246583816,86.4949157169658,0,0
55170,407.066458695814,-1.49552584745104,0.0933430990671912,-16.0218148143391,8.99851405899642e-58,2.7120818603617e-56
22854,129.926442494506,-10.8165360215602,1.18428507848806,-9.13338875751884,6.6387956540202e-20,6.02514828477334e-19
10451,113.317099266101,-10.5175832564683,1.18377982826401,-8.88474613720367,6.40668946509397e-19,5.4969333680207e-18
29957,207.88599420926,-3.25136935349881,0.159636449170185,-20.367336973479,3.25926184251532e-92,1.8194470512054e-90
284611,179.421604728881,-4.25369170697804,0.218404325584856,-19.4762246378923,1.74696464485166e-84,8.5668829766317e-83
6814,208.998442765866,-1.42638388282155,0.120920976284951,-11.7960003850802,4.09307535062086e-32,6.30731541876923e-31
56900,171.35196203425,-1.03929910767098,0.139002332394285,-7.47684653753123,7.61272244821667e-14,4.87346011181906e-13
57535,4.06146312545982,-3.49148201390934,1.40454164208144,-2.48585154708207,0.0129241866552736,0.0244960667845843
6301,1864.80878642087,-1.54355820822312,0.0625927365105538,-24.660340708428,2.85073026219025e-134,2.5430232972061e-132
1952,239.167405010515,-1.38470904834966,0.118871312736403,-11.6488075758047,2.32691961131598e-31,3.48880717399336e-30
84722,363.226469906093,-1.04681638205002,0.0988939446697296,-10.5852424589394,3.4887635173457e-26,4.26826533149007e-25
6272,228.501464395583,-1.6984186182245,0.117462298394083,-14.4592660065815,2.19122040056937e-47,5.27080549470291e-46
5686,1336.88904577511,-1.03077033438652,0.069550272899226,-14.8205074030413,1.07965813147303e-49,2.74979786942744e-48
284612,44.0577752062291,2.81489551480976,0.320631066426695,8.77923510712997,1.64590150130196e-18,1.38605519217801e-17
2773,735.81467415315,-1.18823709372039,0.0782025363117725,-15.1943549373285,3.85439088979706e-52,1.03514594668196e-50
1435,176.474992525952,-2.71620631404864,0.16411386061134,-16.550742904533,1.5813914289485e-61,5.20832294001738e-60
257,39.1729969349656,-1.05028983504755,0.270122788326784,-3.88819411184573,0.000100992845122251,0.000270125807836402
3749,125.726963916473,1.59458787981729,0.165518020660764,9.63392308252322,5.74916514631856e-22,5.81202617753115e-21
9122,25.7629405183434,-1.78822043402438,0.360146933462991,-4.96525242303121,6.86117699765258e-07,2.41522137740092e-06
10542,339.587195390506,-1.14041067855934,0.107197682141983,-10.6383893361507,1.97514035084497e-26,2.44509703683402e-25
128338,176.582070403672,-1.22685944436692,0.153309299899819,-8.0025115578026,1.21906725508123e-15,8.69810366246058e-15
128344,6.98541155477363,-3.18793846190096,0.851213756466425,-3.74516792953956,0.000180273151355466,0.000466027229192112
5016,21.1077327361436,-1.47618407348497,0.473707940721446,-3.11623248543559,0.00183177796046121,0.0040414768026482
79084,844.753698432924,-1.17577735062278,0.0759760714071004,-15.4756271132084,5.06770126595311e-54,1.4167217775307e-52
515,1419.6784160822,-1.38937863717613,0.0750867554218423,-18.5036446090992,1.92972290792448e-76,8.35522952718912e-75
128346,41.3732543770472,-1.50209134567474,0.314322181295583,-4.77882706044916,1.76320767659429e-06,5.92811793085263e-06
5906,270.598893705489,-1.04648345173729,0.112566794491605,-9.29655549368363,1.45069239032937e-20,1.36546613537259e-19
55924,51.3457463071181,-2.21765433525306,0.301992900474365,-7.34339890695975,2.08236696081828e-13,1.29524100520134e-12
11218,555.023182178437,-1.14107600921176,0.0858855696295978,-13.2860038552801,2.79090226859338e-40,5.53565330414187e-39
55917,184.747469641352,-2.04522400532915,0.136482366329348,-14.9852619084416,9.16635127945439e-51,2.38593941221223e-49
7482,35.633038098791,-1.36161651907706,0.270835201577991,-5.02747246718207,4.96986814999855e-07,1.77837329971325e-06
829,2190.62238274114,-1.14668870582262,0.0720698334488189,-15.9107999970188,5.33276918541742e-57,1.5883778285156e-55
4343,1058.30318777885,-2.12850974277153,0.0743933733745354,-28.6115502795591,4.82635891555419e-180,6.96565231454617e-178
389,512.40177470279,-1.204933600517,0.0859333305604389,-14.0217258269717,1.14788836483264e-44,2.58595358534378e-43
107985189,10.4713866895115,-2.61488653160403,0.59694600103399,-4.3804406547237,1.18439547158719e-05,3.59592755457768e-05
260425,72.9284189073046,-4.46483436418998,0.345570914687374,-12.9201682619301,3.46383156439684e-38,6.45902709361059e-37
10745,366.582783193295,-1.38792121411504,0.0981393992151479,-14.1423447179694,2.08229043417233e-45,4.75737706401894e-44
54665,335.281358400294,-1.29606614512098,0.101403464250066,-12.7812807452496,2.08605817692305e-37,3.80984616838869e-36
64858,286.832482117579,-1.09772904588376,0.108884286007331,-10.0816112786914,6.66244846521419e-24,7.36895857660326e-23
204851,1031.73591338021,-1.02516106703197,0.0648646179650073,-15.8046266083771,2.89098101204241e-56,8.42704350176959e-55
56944,5.15230899429033,-3.53774293770957,1.15174252401144,-3.07164393426047,0.00212883500459162,0.00464206841929866
51592,909.230902155209,-1.14944392150076,0.0667139285102651,-17.2294443929187,1.59677693863319e-66,5.77311287466729e-65
10286,289.036899272235,-1.62198552735125,0.121655751938631,-13.3325839633908,1.49623987482085e-40,3.01489787262426e-39
4893,870.497584774169,-1.35888200410251,0.0796851995212336,-17.0531292168053,3.31311330215111e-65,1.18101179397162e-63
80143,648.554366080708,-1.4563889918463,0.0927946054062858,-15.6947592531887,1.64264645584952e-55,4.69569402322716e-54
112268235,13.2081750972349,-1.08980127462233,0.489163942194979,-2.22788554228296,0.025888148525577,0.0462061544968874
5738,813.095822903377,-1.54804362620349,0.075173385432864,-20.5929747248914,3.1727827393275e-94,1.84666357995219e-92
9398,189.010241284431,-1.46460299447197,0.123697327553321,-11.8402153340025,2.41831261562529e-32,3.77239767597366e-31
8458,700.924208230085,-1.16634670895674,0.0725897694367644,-16.067645868097,4.30113041777132e-58,1.31191868000475e-56
80263,93.7059933338105,-1.55876154860737,0.191681316272207,-8.13204739471722,4.22099713983684e-16,3.10017133745898e-15
10352,142.503882759111,-1.17586870043673,0.142509532696634,-8.25115820806076,1.56866716730905e-16,1.18346704437188e-15
90874,126.635875916049,-1.76892798869496,0.167952648437508,-10.5323018431183,6.13164477933138e-26,7.42996301178775e-25
26227,2123.15362839538,-2.65220162826821,0.0630484968669044,-42.0660564496408,0,0
105378936,152.591875949206,-3.03843342898972,0.167417437225308,-18.1488468545881,1.31124758642368e-73,5.36342561156526e-72
9554,357.439204541208,-1.15377649643993,0.103227964734223,-11.1769761169903,5.28605496322561e-29,7.28556271018486e-28
107985522,5.19121538786621,-5.76931287132374,1.28815194730224,-4.47875181449389,7.50807647876517e-06,2.33666503595791e-05
105378954,26.7241727708553,-7.76041363366152,1.2011650764826,-6.4607386491676,1.04193133249881e-10,5.32422711989607e-10
728855,62.4631640672257,-7.32350442998906,1.03337892176152,-7.08694969073423,1.37100193559685e-12,8.01120025040001e-12
100996720,10.3781442236583,-6.38691308513541,1.23550511770718,-5.1694752159247,2.34752263260391e-07,8.63872756508801e-07
101954264,5.12381852402297,-6.19027449686366,1.28983378061931,-4.79928079871765,1.59236409268063e-06,5.38021457427988e-06
107985748,10.9823202462257,-2.09160899989587,0.680272800797893,-3.07466210238396,0.00210741163292345,0.00460100495728166
105371206,19.5325605185553,1.08263094391209,0.388432675564152,2.78717783548899,0.00531692920858931,0.0108055097093163
105371216,20.3766497150984,1.15107582617157,0.387460042345661,2.97082460220418,0.00297001352397548,0.00630892426440261
103091866,41.3323829198236,-8.61200419593291,1.19317806710021,-7.2177023978179,5.28732677318605e-13,3.1947115342954e-12
100996740,20.070324726253,-7.15918527422016,1.2099507077365,-5.91692308491898,3.28019990083703e-09,1.46270054357345e-08
11126,6.90678554916528,-1.78055621243806,0.689001952094837,-2.58425423472963,0.00975898282463526,0.0188963201464796
10628,33.1743346682402,1.30125217126308,0.331443697072209,3.92601272179144,8.63655896343233e-05,0.000232932535276285
101928979,5.59188361920863,-3.46380147747391,0.969156007397671,-3.57403911344958,0.000351516385384078,0.000868734355191168
100034743,22.885895552481,-1.06537777398714,0.346994819536759,-3.07029878834912,0.00213844721783187,0.00466016634065201
728920,8.30387463603353,-3.9176657585167,1.10652217068114,-3.54052170152641,0.000399336792369867,0.000977796791468948
284561,15.3537108792969,-6.19825000573339,1.22083343776712,-5.07706441680519,3.83310946408663e-07,1.38522528998965e-06
100847044,7.2599106935574,-1.28981697305877,0.56607803568225,-2.27851443044288,0.0226959457252499,0.0410325316747772
100132057,7.845768999559,-6.29999747903029,1.25366573613066,-5.02526095869442,5.02748430129004e-07,1.79790292740735e-06
101954272,8.48860719057657,-2.15700342020302,0.686576424878333,-3.14167999663731,0.00167981520531348,0.00372797593758282
388685,35.980509511026,-3.99665635639755,0.479215990046037,-8.33998956506774,7.42970905792996e-17,5.7145665163073e-16
105371224,78.5072798681834,-7.06746179529126,0.844920017563791,-8.36465185860941,6.02926865660179e-17,4.67795354860118e-16
100996517,67.924928677844,-1.07568680552041,0.203253566627226,-5.29233913761154,1.20761679571827e-07,4.57970804477476e-07
112268272,7.97666884410129,-6.57801823825839,1.25024290943652,-5.26139215716336,1.42968735716173e-07,5.3738102098562e-07
653513,4.02247212663301,-5.21044547852046,1.33045031725443,-3.91630218050753,8.99175318370033e-05,0.000242034272201741
100996716,68.2322423682109,-1.07522115138265,0.203119027796907,-5.29355207655747,1.19963059094241e-07,4.55331243327127e-07
57234,90.5158644485489,-3.37763759310134,0.259429187523358,-13.0194972483473,9.47929625971283e-39,1.79590680045274e-37
644634,8.07476924519259,-6.20866676057635,1.24880416385424,-4.97168966943086,6.63718870271621e-07,2.34194740311306e-06
10903,365.743450680962,1.6319029438281,0.0994471685427495,16.4097476855421,1.62880953077124e-60,5.24766366429239e-59
105371427,7.46478495340933,-2.41557961588786,0.869551565778601,-2.77796017045284,0.00547013229819051,0.0110965362309997
23632,392.131265602732,-1.71705890694704,0.0964910940250423,-17.7949988472658,7.72689746238447e-71,3.00806762614581e-69
79630,78.1833918492697,-2.93101414750653,0.258196867563598,-11.3518578872169,7.26033720318801e-30,1.03108404824795e-28
1893,31.1311144525116,-1.11996630245064,0.337103345105304,-3.32232331334708,0.000892711886691586,0.00207399835264351
54507,170.641499174657,1.54619278547448,0.151305408666867,10.2190186001795,1.6298254220096e-24,1.85584739522222e-23
10962,590.733433131695,-2.45553831285715,0.0920248290192857,-26.6834324934474,7.32901390717724e-157,8.39384870194906e-155
126626,392.634377663229,1.20771926777664,0.0922429164857412,13.0928131263426,3.61949744794276e-39,7.00690498319302e-38
2312,5.68671629422357,-3.68222307457324,0.990009267729146,-3.7193824286306,0.000199710481337688,0.000513062295905446
6274,10.7836357045354,-2.72386307024884,0.662763260932519,-4.1098582718908,3.95902029738993e-05,0.000111929492465784
6284,753.694825117657,-1.14545110328378,0.0815575788538447,-14.0446923435097,8.30281691653465e-45,1.87760007518883e-43
6271,90.2389705439403,-3.50875081968713,0.277450128163011,-12.6464198914539,1.17089918668833e-36,2.08483474043042e-35
91181,66.6481292523336,1.03004170240857,0.258394178647065,3.98631930410273,6.71061901891317e-05,0.000183752751540562
3782,4.86456107483357,-4.5646522794836,1.31539031976695,-3.4701884382822,0.000520093342887794,0.00125376113836829
1944,159.294470084031,1.17437433442118,0.141935286375331,8.27401250535892,1.29524569251586e-16,9.83876830703533e-16
80128,21.9085143024573,2.20010932366864,0.405803235429555,5.42161602368634,5.90626427759555e-08,2.31657099990889e-07
23208,13.24169798737,-1.6141631513263,0.524441694889125,-3.07786960315495,0.00208486121015636,0.00455513307110101
84283,141.00450812322,1.48915862555476,0.14825878799749,10.0443194340693,9.73171003043742e-24,1.0683816726056e-22
112770,132.983995216562,1.24297282716838,0.152335514426247,8.15944221444276,3.36575252264389e-16,2.49057268786888e-15
10485,24.8878545897954,1.68318273286068,0.437463451963973,3.84759623987811,0.000119282425206151,0.000315621048182978
105371453,44.0582232026624,-4.28584569532444,0.454566773315931,-9.42841832468408,4.16319189851421e-21,4.02313459893436e-20
63827,16.1892001517729,-3.08045669785817,0.539967785969687,-5.7048897691669,1.16418404056497e-08,4.91126309128076e-08
10763,4604.6766579309,-2.72793981894515,0.0660187499476161,-41.320682701652,0,0
1382,706.570991807416,-7.03595162834025,0.296153180100983,-23.7578121765942,9.12347027484591e-125,7.46358729580943e-123
9047,12.6953129352883,-3.75902249839281,0.728164391921621,-5.1623267219546,2.43899109869862e-07,8.962320427261e-07
55243,1807.81988505216,-2.07548200191027,0.0608312564161751,-34.1186772094748,3.89867962553018e-255,1.04862667746078e-252
100505785,13.2325068085491,-1.8705141355414,0.48530116411353,-3.85433679920829,0.000116043759425609,0.00030773959027837
3428,7.67456599964408,-5.16629302356612,1.26069975464025,-4.097956713762,4.16813200200137e-05,0.000117448697300839
8407,579.197586375972,2.40119593743923,0.091365806639372,26.281122290278,3.15237096706548e-152,3.45437588934237e-150
105371466,4.55415055730956,-4.24862085688491,1.30978750375532,-3.24374819938625,0.00117967982173114,0.00268414203990915
57216,205.447123683041,-4.82109239228453,0.245431600960767,-19.6433237342375,6.59380404627159e-86,3.32537526788106e-84
50848,96.1208016943692,1.61879683634381,0.182534466279474,8.86844478929974,7.41745259330003e-19,6.35495262723273e-18
81607,4.27908732194568,-4.57221156325097,1.35100812341384,-3.3842961296913,0.000713609922394273,0.00168435092970923
127943,20.2490090599729,-1.16177265317326,0.406782563849839,-2.85600405823226,0.00429009650623793,0.00887516526963475
9722,12.5728824974069,-4.86816116436797,0.896287492943742,-5.43147282841035,5.5890827043367e-08,2.19701940140357e-07
105371475,4.2288286365525,-4.59315139787344,1.3093119988735,-3.50806484766449,0.000451379008262564,0.00109705369039938
400793,17.6027369372842,-5.3079943513092,0.880380630750774,-6.02920392147046,1.64769277477537e-09,7.5678763616591e-09
4921,4593.68110976012,-1.28526550820326,0.0416352764159873,-30.8696283257949,3.05474813755022e-209,5.70819883555701e-207
8490,38.7855058137529,-1.63838832251859,0.283231635312299,-5.78462331975049,7.26749926414616e-09,3.12530636960084e-08
5087,95.5972490804693,-7.73140088982461,0.843023775366796,-9.17103540343297,4.68497182731124e-20,4.28920164406545e-19
112268276,9.56816516847306,3.13153568831336,0.763148249325528,4.10344345424498,4.07045972900264e-05,0.000114915396166118
23432,96.9099187050247,-1.32693149226015,0.181634120851179,-7.30551884217483,2.76198871408549e-13,1.70186822813071e-12
481,69.2485346723854,1.04875795116554,0.203821482082991,5.14547308972326,2.66847454369183e-07,9.7691812950335e-07
22920,196.173016712868,-1.10130475439979,0.12040415577169,-9.14673374304519,5.86809212063343e-20,5.34755499617478e-19
5396,87.7386852233556,-9.95141841942932,1.18599661083107,-8.39076463503215,4.82990423364314e-17,3.76715553407878e-16
110806290,8.38931981914601,-6.79760875850972,1.24796026609874,-5.44697531096868,5.12335713742175e-08,2.01976095721765e-07
102724528,33.8452255579192,1.27276219065215,0.281461960901376,4.52196874695306,6.12671072616928e-06,1.92770947910239e-05
92346,40.8763594548001,1.50481814745282,0.27033891109471,5.56641343770756,2.60035863435026e-08,1.05729652947746e-07
619498,74.8936891025252,1.01958593589507,0.206550563278483,4.9362534757187,7.96375906533531e-07,2.78676623157565e-06
105371630,13.1492210291375,1.20742198893632,0.445275067021885,2.71163170444703,0.00669529371191117,0.0133679961729667
646976,15.2829083405705,-5.84927606267842,1.22080894486286,-4.79131160309078,1.65694560236368e-06,5.58884634869088e-06
55103,208.494776767074,-6.98054340730847,0.445782886182455,-15.6590654860882,2.88099398359003e-55,8.18294483147043e-54
9068,6.57750651475942,-6.37033978450542,1.26503086942526,-5.03571884170674,4.76058891032902e-07,1.70727220881133e-06
148753,4.4657224267749,-5.20695260067839,1.31617929695845,-3.95611191629522,7.61794828835888e-05,0.000206969418449567
3140,42.7398489976828,1.10557150895064,0.267446695593033,4.13380134123237,3.56811926043763e-05,0.000101606116636652
2752,79.2712364750755,-5.97336351641922,0.661728791665562,-9.02690587390696,1.76594199659242e-19,1.57059129877298e-18
6041,43.4442464452334,-2.69335536847865,0.335876664596029,-8.01888208494043,1.06711883211457e-15,7.63850544665238e-15
6004,969.147596953443,-2.71434568679928,0.0979857302727969,-27.7014385588842,6.70904736040873e-169,8.44673820865076e-167
284648,11.6177133487472,-6.22851037269906,1.24377582225306,-5.007743567017,5.5071838500184e-07,1.96036750963559e-06
80896,73.9109951743207,-2.71231090319767,0.242111060391981,-11.2027550447567,3.95247162480819e-29,5.47303247141927e-28
3915,3395.94022167382,-1.1039870652977,0.0494573170234484,-22.3220168771849,2.25867799843771e-110,1.62332193636705e-108
23057,16.2022802284074,-1.11706733203301,0.417986050878492,-2.67249906949106,0.00752885832972834,0.0148982602908636
23179,71.283334321196,-4.37538030673644,0.334727238755961,-13.0714797008988,4.79241466760147e-39,9.19729137073096e-38
403314,10.3040886551048,-3.38506468035216,0.937043487658499,-3.61249475070876,0.000303265247702593,0.000758141765556461
23127,167.069874221068,-2.18355634617901,0.143622141698652,-15.2034799116181,3.35324313435143e-52,9.0328941003045e-51
116461,821.066499223147,-1.6346373576662,0.0895368196775284,-18.2565939191657,1.83380005339189e-74,7.64169449479174e-73
81563,9.74192741139758,-5.91492314028778,1.23820389756062,-4.77701867353247,1.7791325771979e-06,5.9760002857932e-06
116496,167.284336629071,1.29354761056099,0.135131740743874,9.57249276476613,1.04358593036937e-21,1.0454705099276e-20
83872,7.29802902900567,-1.94136288870288,0.615337694587375,-3.15495524779235,0.0016052272582781,0.00357585572706148
339479,36.3381367116498,-5.50184420483686,0.674721068842743,-8.15424989510617,3.51353707023855e-16,2.59560175076466e-15
101929120,3.71785240219056,-3.67462431389339,1.1896672130143,-3.08878337882648,0.00200977921130817,0.00440518589444902
64407,7.39714822398455,-6.6091387676151,1.27010948966298,-5.20359765941818,1.95466956851707e-07,7.24713746456036e-07
105371662,7.34040563518824,-6.42026101638441,1.25617976606621,-5.11094127593678,3.2055762382239e-07,1.16490049909827e-06
431704,8.02193859339904,-6.89188443969697,1.25801820797059,-5.47836620808121,4.29270987732633e-08,1.70708301394035e-07
105371664,4.10742690790695,-5.49377079095341,1.31546161152734,-4.17630643327917,2.96280634392684e-05,8.54659379548088e-05
5996,351.152324264554,-12.0188949550096,1.18050125594915,-10.1811793036561,2.40627298090357e-24,2.70869739740014e-23
107985241,17.2988727628673,-7.55863011242807,1.2118265801019,-6.23738597299333,4.44943211331154e-10,2.14811854434339e-09
6003,21.295222963645,-7.82873642268189,1.20506467035348,-6.49652804142497,8.21948012319474e-11,4.23179266667497e-10
5997,1763.60656457607,-3.29947299433308,0.0801927691256035,-41.144270615786,0,0
105371672,137.575807065001,2.71372659589469,0.184413895432502,14.7154127921339,5.13320425521511e-49,1.29254811260395e-47
343450,87.8257800552352,1.7772923005993,0.20040161881255,8.86865241473788,7.40363795467689e-19,6.3461796702764e-18
3078,262.012541971929,1.45703432038655,0.109495909192844,13.3067466275879,2.11492296683561e-40,4.21843960755794e-39
259266,4966.91256494854,1.35056774277313,0.0616273649126501,21.9150655668534,1.86625424847004e-106,1.27914074976217e-104
360023,897.643753978212,1.4077559778653,0.0887255654043195,15.8664075168211,1.08262901904711e-56,3.20848586746651e-55
163486,70.477479990084,2.19655894897783,0.23202070538225,9.46708159239079,2.8777127384529e-21,2.81460917537278e-20
55765,210.393123797332,-1.65204707327383,0.129807659311464,-12.7268843921594,4.19236892041666e-37,7.58643558361229e-36
91156,64.6028995332561,-6.52542817901761,0.73873423210556,-8.83325544616859,1.01672475609294e-18,8.65654574108479e-18
89796,684.481324844617,2.79838516156645,0.090823980809593,30.8110824544577,1.86187103418038e-208,3.40741593801753e-206
149345,90.2017272325296,1.87481019336154,0.190197652737512,9.85716787971579,6.38242393931055e-23,6.73607549171468e-22
25802,26.4578450043948,-2.95002488787469,0.429158463354513,-6.87397579163613,6.24368082386896e-12,3.48546610016735e-11
1999,8.75330233421529,-4.03208872267288,1.10554179524119,-3.64716082198703,0.000265153977900317,0.00066766147740233
100506696,18.7847174895437,-1.19140049963436,0.438567343364342,-2.7165736748543,0.00659615125054527,0.0131997381354616
148709,13.1454783058531,1.40471216077244,0.502571130288676,2.79505143871987,0.00518914578740684,0.0105688063352508
134,62.9767051823863,1.74348963131235,0.22325041841209,7.80956937824909,5.7383704235703e-15,3.95602142754252e-14
493,678.173402471782,1.37489020037785,0.074064032841064,18.5635341155168,6.33938104071774e-77,2.77868375888448e-75
105371692,35.0772851570688,-1.54049459857282,0.316106875776592,-4.87333467450914,1.09730099085245e-06,3.78091754456767e-06
23114,12.5219206291592,1.70815420117182,0.477664079251833,3.5760574750509,0.000348814994272647,0.000863019341927251
81788,108.572846190554,-4.65565330747035,0.31790567702455,-14.6447630348885,1.45507668251685e-48,3.60258316151174e-47
55220,29.6304681405398,-8.18979986256282,1.19799006379058,-6.83628363047465,8.12739576010888e-12,4.49742922485826e-11
55432,863.735762379796,-1.01862569915385,0.0892240958463821,-11.416486650732,3.45937736579789e-30,4.98060559591598e-29
1604,91.5145797271829,8.07658836791822,1.02958811763654,7.84448482802846,4.34734452243218e-15,3.00990873487582e-14
55733,10.3402269122881,1.75413867095436,0.570849413804125,3.07285709424632,0.00212019993866285,0.0046243751457357
84791,52.5419141043312,-1.58750646214859,0.254585405031791,-6.23565385435334,4.49894927470218e-10,2.17084391205526e-09
7779,1488.60820754832,1.04141801388337,0.07336967238679,14.1941210857973,9.9627690020742e-46,2.30886521311777e-44
467,317.19773402615,-3.04768076561685,0.233333818568091,-13.0614618331782,5.46678407064829e-39,1.04688620088617e-37
55509,16.4010179856829,2.17010152750174,0.494224956613791,4.39091854521129,1.12872821540103e-05,3.43514199893692e-05
79805,211.165267082828,1.11331284696924,0.125255489499581,8.8883357641021,6.20309898799698e-19,5.32482655874866e-18
7399,71.3617965359873,-3.31295040792793,0.255752260922145,-12.9537482717951,2.23756146793464e-38,4.1811780188185e-37
2104,218.517900902461,-9.63945455266603,1.02391390369228,-9.41432137790657,4.76148182817238e-21,4.58631716840565e-20
128153,23.9840190146752,-2.77668577411711,0.408555444664034,-6.79634994560029,1.07302955089653e-11,5.8828082677723e-11
100885798,23.5191274975037,-8.51245903039638,1.20894922011082,-7.04120478246062,1.90584659126302e-12,1.10311668366811e-11
105372922,61.6441849233933,-9.48420385986691,1.18861719038513,-7.97919122875372,1.4729522360604e-15,1.04382627123929e-14
101929631,34.4835674484068,-8.70155635718575,1.19639355051021,-7.27315552100302,3.51185608144887e-13,2.14604024639863e-12
105372923,6.0581620027219,-5.14667184056665,1.29793637899758,-3.96527281602317,7.3312048547326e-05,0.00019966791743052
7042,13.8513645398341,-4.73291559402319,0.894517933605322,-5.29102370809644,1.21633595956655e-07,4.61178896929206e-07
25782,786.716260755823,-1.20622338702204,0.0734689053255878,-16.4181483537354,1.41829181141994e-60,4.57773022478669e-59
3142,17.3204059593905,6.24952681028459,1.22347958311343,5.10799436013571,3.25596367247382e-07,1.18224313998272e-06
84976,25.7176065247319,-1.50695340726548,0.316129530083783,-4.76688592446931,1.87095170411261e-06,6.26426530581047e-06
102723817,4.3696833081163,4.23496320272257,1.34257500977136,3.15435872997799,0.00160851232685412,0.00358227459870961
3707,382.832045463466,1.63203973123178,0.102974906264026,15.8489071798449,1.43046803609297e-56,4.20424976435801e-55
105373117,12.3836269197453,1.65223000452831,0.494123799361443,3.34375718527115,0.000826520440430743,0.00193057774454297
339500,104.273938600136,-1.29928875725761,0.169970740923024,-7.64419070130446,2.10263586048806e-14,1.39745382985339e-13
8290,4.88272240161146,-2.60390990499308,0.840556111553659,-3.09784185636351,0.00194935421831643,0.00428225913668522
58480,53.568950174779,-1.68614294855417,0.258747333103197,-6.51656165237335,7.19372504191698e-11,3.72311973597989e-10
574029,15.5722468746637,-1.09290436011753,0.455973689329709,-2.39685838392149,0.0165363134533284,0.0307191959421814
183,10.6353294802984,-5.82454390880445,1.23406949405516,-4.71978599006199,2.36092899599219e-06,7.80905748776846e-06
84886,1572.78628653072,-1.00670580870066,0.0553083544204034,-18.2016951914463,5.00351629182369e-74,2.06563770261521e-72
101927604,5.63805705902381,-2.72818878960363,0.885656064927325,-3.08041563496491,0.00206711907058239,0.00452082022187736
27185,15.9480549618661,-2.29586658475168,0.46591425532085,-4.92765902423535,8.32206839924928e-07,2.90527744785591e-06
80003,11.3233533031424,2.16811167054221,0.57737476425383,3.75512025251774,0.000173258272271645,0.000449070061230288
84451,23.4821779241153,7.84815136954982,1.2061688556672,6.50667718095619,7.68312715765238e-11,3.96715745499258e-10
4811,2598.1875060401,-1.17808452192422,0.0554312560851164,-21.2530728171708,3.08781154366653e-100,1.97175649363915e-98
7107,275.177347920085,1.54090801551834,0.113192455305444,13.6131689286206,3.34422706531541e-42,7.05067919993815e-41
128178,16.5675910302293,-2.58932803771804,0.465526247748979,-5.56215261811458,2.66467092653432e-08,1.0822063209297e-07
88,89.5610585645578,1.16425536863535,0.18363032934456,6.34021282209195,2.29447986423269e-10,1.13807227018326e-09
339535,30.2672066789204,-1.54692267375757,0.327638799725321,-4.72142699538163,2.34195692750857e-06,7.7506374677726e-06
10000,8.13360827280916,-1.75528715035832,0.573743254431987,-3.05935997817713,0.0022181044816787,0.00481778915438155
10472,13.9299448695633,-1.80496947840761,0.543852571324224,-3.31885803906874,0.000903863670966327,0.00209771053562482
112268258,8.95270302704085,-3.06863984007935,1.12834417195601,-2.71959559534019,0.00653617990541738,0.0130871041823787
55083,429.063417317539,5.06103159442493,0.17231475995322,29.3708536389969,1.29448222576048e-189,2.08905895197273e-187
111216275,8.10638126306601,5.52474778010722,1.25035223927431,4.41855311373197,9.93638628823341e-06,3.04489434470429e-05
105373265,18.5741848852773,3.44935249869219,0.481551656939811,7.16299580529391,7.89327660092119e-13,4.7068003432836e-12
64754,454.530775763905,2.2631366402916,0.103569515144795,21.8513781504879,7.54222711157089e-106,5.11029067498498e-104
105373270,5.63233746184778,3.34636576272201,0.809866598970393,4.13199626577555,3.59626264810803e-05,0.000102292668689655
105373269,25.7292484382841,2.89481052080676,0.354332459352704,8.16975821547653,3.09008124852917e-16,2.29040176717703e-15
101928089,41.7706935031346,3.1240426810972,0.326297805778813,9.57420683121262,1.02642110752258e-21,1.02885530777758e-20
112268277,131.751306121993,2.88304848253353,0.188859734141979,15.265554066523,1.29721286116056e-52,3.51574392539271e-51
107985599,80.0790034411308,2.62934597778543,0.226731511709356,11.5967381770733,4.28085214640971e-31,6.34337957454634e-30
107985726,7.34512714586282,3.31844190589048,0.756512109735984,4.386502031076,1.15188089873431e-05,3.50200200622221e-05
149134,11.5578852025145,-1.2925718827788,0.504367755882785,-2.56275677360945,0.0103844768301866,0.0200288171109813
25893,35.0321772407504,7.48972625067639,1.19682226655603,6.2580104498129,3.89919699981568e-10,1.8901841928107e-09
440570,16.8245681420517,-1.82369949218262,0.454142966654312,-4.01569467345907,5.92709499469182e-05,0.000163508609705935
26751,102.095945152741,-1.61435727425458,0.174880750755576,-9.2311890661477,2.67644031073771e-20,2.48105317995905e-19
52,741.419402107099,-1.22535792056453,0.081189056464713,-15.0926488608363,1.81026437885685e-51,4.8035595296662e-50
107985840,10.6261937118563,-1.88764294502126,0.495787070043173,-3.80736622449006,0.000140454672338741,0.000368076667162286
7260,228.374395708451,-1.26062172368756,0.116589576044668,-10.8124736915124,3.00456880939738e-27,3.87624313258882e-26
78989,6.40909531858324,-2.94601983930613,0.967428434253648,-3.04520699929491,0.00232520215045396,0.00503132478971948
9781,43.7797741027872,3.65807716497912,0.357525203364242,10.2316623571075,1.4304259527283e-24,1.6329853062915e-23
51692,778.990748691233,-1.39043140808479,0.0768391668781327,-18.0953472633301,3.46751531904429e-73,1.40217157047094e-71
101929643,10.7487538578229,-1.63720547236885,0.654282060321715,-2.50229308069951,0.0123391730860184,0.0234749759535953
112268412,7.89564525891853,-1.62938842998558,0.632259359632265,-2.57708866648217,0.00996363888869552,0.0192673766396648
9687,44.050361450074,-2.08103552218265,0.267087440972809,-7.79158883174336,6.6171765859955e-15,4.55302785870512e-14
28951,8.56198457697324,3.49580454728834,0.76500437649283,4.5696530042284,4.88532398692261e-06,1.55642985312007e-05
7447,9.47415726703822,-1.87361160966648,0.61725804788041,-3.03537817951543,0.00240234249788987,0.00518560117005605
114818,86.9063910012138,4.31907274708525,0.307219657690976,14.0585819916175,6.82398659084514e-45,1.54711890115815e-43
105374325,9.99288991917373,6.15285429627764,1.24656081957177,4.9358636976825,7.97968246048298e-07,2.79178799839365e-06
102723401,3.72547976695456,5.06487961415729,1.32618388368421,3.81913826315458,0.000133918688468412,0.000352241050379138
1788,489.083349776381,-1.03486960253695,0.0890274889089524,-11.6241580574659,3.10640820226438e-31,4.61464087084495e-30
7781,11.9028453702576,2.21140974346832,0.581090846840392,3.80561792616865,0.000141450598271969,0.000370467840148125
64838,29.7361951552665,2.99227300728354,0.420689451855092,7.1127835368552,1.13725576122003e-12,6.68274222879113e-12
64080,9.54870665488864,-2.04246483509154,0.648636934359712,-3.14885682096983,0.00163910481618547,0.00364314086917334
51646,87.380518358489,-1.40295161277166,0.20227254061815,-6.93594695792223,4.03508989416177e-12,2.28123935672483e-11
79623,349.635073279323,10.2309446746729,1.02302811510735,10.0006485878439,1.51402165797159e-23,1.6468696367838e-22
58484,13.9584743541213,-1.50149616717146,0.447707035433386,-3.35374708980839,0.000797251965488903,0.00186638756314902
105374454,8.2304826409853,2.5848111596523,0.977902834309619,2.64321880350938,0.00821219471125703,0.0161246411364047
51232,26.4657491397561,-1.39413798837309,0.314666436559078,-4.43052650806416,9.40032904745642e-06,2.88810386380143e-05
25797,5.57060915409067,-5.99423045271721,1.28280436718254,-4.67275494694682,2.97186269818833e-06,9.72111785852943e-06
10602,185.979442949356,2.48274577346331,0.152704784577181,16.2584674759059,1.945433910502e-59,6.12328772681411e-58
107985872,24.6195905991468,-3.82448573454327,0.543705321050968,-7.03411496350752,2.00529738236375e-12,1.15916766954482e-11
1545,2121.12866398026,-5.39563750634404,0.0973469018898321,-55.426905238857,0,0
105374466,6.40304945094122,2.22084866120383,0.709960645181098,3.12812925093522,0.0017592280036616,0.00389156579700944
285154,16.3408036031139,1.47897417604666,0.393331426531054,3.76012206573555,0.000169830468675577,0.000440845858811906
107985871,15.6223575210948,1.67639456989224,0.400996140224911,4.18057532661533,2.90772466592362e-05,8.40135551261003e-05
102723739,24.5472406743821,2.41014717999222,0.363238313053788,6.63516785916614,3.24133454375049e-11,1.7222439635037e-10
105374473,7.63100066549826,-1.42619106036563,0.571728545197486,-2.4945248446061,0.0126125896638076,0.0239591965448809
105374497,21.0247568155213,-1.24919338288951,0.34514663668639,-3.61931205496451,0.000295387258273425,0.000739906111030033
170850,191.491686184461,1.46619103829063,0.13237317855241,11.0761942436106,1.63683137441871e-28,2.22148551671873e-27
107985879,13.5212555964646,-1.9995912417237,0.506391182201379,-3.94870865055568,7.85739124166856e-05,0.000213050877229419
100506108,3.35736759580408,-4.49794726765453,1.36864019504307,-3.28643516677732,0.0010146412774657,0.00233496395612797
6496,70.1894699227998,-9.47499250392469,1.1870088687358,-7.98224238544725,1.43698495214545e-15,1.02037427481944e-14
10736,208.260319335525,-1.32179910671958,0.133109160323868,-9.93018890287874,3.0767211246356e-23,3.29023815689947e-22
2034,12.9553669261404,-4.63351768933065,0.898748761687263,-5.15552052681767,2.52927331529513e-07,9.28446234349032e-07
57217,222.61696092249,1.46062683808415,0.120886532474612,12.0826266432194,1.30483753378242e-33,2.11152925248e-32
56660,26.9256210452868,-2.0798785698214,0.366411877327811,-5.67634047506771,1.37606760425578e-08,5.75045953642858e-08
2956,2674.37032235973,-1.03604853258311,0.0503744429544552,-20.5669476786042,5.42763457706743e-94,3.13848107531274e-92
286749,6.90651959248539,-2.34393211264453,0.701875692180016,-3.33952598552646,0.000839214991452304,0.00195791096441862
11037,14.6779212166664,-3.00143079465486,0.550915339196682,-5.44807991556634,5.09164816313769e-08,2.00815237040703e-07
9378,235.554795602065,-9.00865632692738,0.837649928465278,-10.7546792768583,5.63296308154411e-27,7.17848963557581e-26
105369165,18.4508299582559,5.93780164437519,1.05633465059482,5.62113686323897,1.89704905634466e-08,7.82262830388626e-08
400954,299.241536586043,1.25472034915068,0.106655202570041,11.7642676486099,5.96416315401743e-32,9.15089233449589e-31
105374667,12.9400316523459,2.31107565898641,0.541679281082544,4.26650185764487,1.98561842234696e-05,5.86793711228621e-05
107985885,7.11437371823463,-1.90885165266978,0.821342842349092,-2.32406195591885,0.0201221736856318,0.0367839385508532
114800,6.67812359088694,-2.81661232414732,0.790534931850273,-3.56291950003391,0.000366753171146829,0.000903873704595101
105377632,6.98744261815305,-5.21326741656441,1.26089517970529,-4.13457637119599,3.55609985843097e-05,0.000101324710462141
200728,18.3231946463088,-1.02798195795526,0.394875229279511,-2.60330829014248,0.00923288882094207,0.0179599213619728
57162,262.087997953423,-1.88695458310508,0.123489179804916,-15.2803232322543,1.03426450545084e-52,2.81599133447291e-51
105374781,7.74293391952775,-1.75667962396172,0.618894147100225,-2.83841692831074,0.00453379190878873,0.00934302832026727
730198,111.85352990715,-1.21568497179557,0.164230042262204,-7.40233001861285,1.33815430268146e-13,8.42372878766e-13
100507073,5.93910607947876,-2.14392999672983,0.74880992303804,-2.86311643418342,0.00419496378224726,0.00869152626779335
105374786,6.22394932050765,5.61885290559697,1.26805352405549,4.43108496526769,9.3760133429285e-06,2.88163069362304e-05
10438,369.530599440447,1.77247453030761,0.11206326811967,15.8167306740942,2.38562905685422e-56,6.97688418736015e-55
25927,28.5519796941254,2.41119172165763,0.369058602942209,6.53335731083119,6.43114643390897e-11,3.33915505980556e-10
200558,9.32563368520646,-4.470784898962,1.10934329004577,-4.03011848458338,5.5748744774099e-05,0.000154295559281229
84168,517.297908956556,1.57088180420932,0.0816459062661519,19.2401784247273,1.70620105736966e-82,8.09852437711931e-81
119,126.474076442692,2.45560311447655,0.177753656841856,13.8146418931975,2.07985950982968e-43,4.52471397285496e-42
400961,16.7930200203349,-1.26647046167252,0.424162124165462,-2.9858169542231,0.00282821878512557,0.00602719566309113
56603,71.8792644228765,3.85477637716463,0.302967007320228,12.7234196596537,4.38252134218337e-37,7.91439662934274e-36
2016,5.25312761270788,3.02002790732333,0.932161986039435,3.23981019667495,0.00119609288494311,0.00271835115779158
105374800,18.1159743813719,1.03737130807386,0.391729549815648,2.64818242218912,0.00809258437441042,0.01590914261512
72,30.3136111032601,-7.06978131056646,1.19986943988616,-5.89212548928424,3.81259459175619e-09,1.68865217547046e-08
151534,23.3475308875333,-1.62777339059226,0.39630353247167,-4.10739056611517,4.00154264299936e-05,0.000113023683370763
1796,238.928507519207,1.18789683123597,0.123642516106156,9.60751098122328,7.43238641295441e-22,7.48381869556249e-21
80059,326.794613778118,-4.99064063212134,0.194026572264273,-25.7214286367119,6.73189303951199e-146,6.79003211576232e-144
105374815,26.6944373018994,-6.56032460234656,1.04543775572616,-6.27519387588004,3.49198890376118e-10,1.70208091761583e-09
101927907,8.31097088637327,-5.5892427967232,1.24539713954015,-4.48792005318638,7.19219068142877e-06,2.24228607265057e-05
1496,70.3963190554265,-7.60179478373562,1.03192323947801,-7.36662814918378,1.74997720604781e-13,1.09424428889612e-12
83439,90.3878082671635,-2.04820061555624,0.204275684600821,-10.0266491313377,1.16399961234752e-23,1.27315595307413e-22
105374839,3.06744538657794,-2.73399840913748,1.12198780959059,-2.43674519969616,0.0148201180076576,0.0277840041051788
822,7.48581502302753,-1.9088623507834,0.661605303717369,-2.88519807815635,0.00391167462302863,0.00814928387607138
8869,32.4480930102028,1.3090706776586,0.301553891645953,4.34108367997966,1.41781710288973e-05,4.26739389801603e-05
65055,31.3584759608747,1.01355926458248,0.285655210673411,3.5481910594002,0.000387886742560936,0.000951598321440262
107985908,7.73068986843962,1.69890145183712,0.666065597799889,2.55065185388471,0.0107521672062168,0.020663903025307
105374848,17.7968376079885,1.19439003833092,0.402003730655219,2.9710919258988,0.00296742943651886,0.00630494402837616
55258,92.5969402821243,-1.65244549249803,0.19022078858665,-8.68698686813246,3.72179130895905e-18,3.08015101709282e-17
84874,195.399713900862,-1.34002724197366,0.128004582798524,-10.4685880198745,1.20425821973248e-25,1.43959541526539e-24
30818,206.127992151882,2.54422736363206,0.14183791568412,17.9375687478247,6.0024491029272e-72,2.3784704570349e-70
653192,4.27590543028867,-5.44996674473422,1.31327858451719,-4.14989386790149,3.32629467395026e-05,9.51779223919486e-05
129868,4.21289091716827,-5.55887064135059,1.32815646611873,-4.18540343939691,2.84660059735698e-05,8.24353243136723e-05
431705,14.3921625989605,1.31115428942753,0.531558771311077,2.46662149171878,0.0136394449885275,0.0257390695690805
1844,258.89061037814,1.37239037439206,0.128079008435657,10.7151858150238,8.63836200233042e-27,1.08603542680857e-25
11320,12.40654718566,-2.06437146471092,0.572167377256807,-3.60798526229916,0.00030858401402851,0.000770245137378249
343990,10.6370071743479,-1.93191961322788,0.533581333115499,-3.62066566674606,0.000293846027057642,0.000736149403376694
80705,26.4737992405863,-3.24520751167909,0.470298118956608,-6.90031999038998,5.18855307918409e-12,2.91570732072415e-11
150590,6.27192354105865,-1.98668407028635,0.766179325731355,-2.59297530429963,0.00951496026764077,0.0184540123097519
4862,105.868271751707,2.69831306192755,0.186436439930994,14.4730990514852,1.79212128044443e-47,4.32251861011542e-46
105373510,13.2106750404872,-2.0220873825976,0.53643817002135,-3.76946961570076,0.000163594821948301,0.000425514326626555
3554,75.1563944149679,2.22152646347375,0.214128561551873,10.3747321112769,3.23117352103447e-25,3.78862565029088e-24
6549,9.16396433063471,1.45972207763637,0.549921885073425,2.6544171404298,0.00794455483938948,0.015644119523998
5455,11.6385172694863,-6.99608151786958,1.22803531831587,-5.69697093684896,1.21954706881331e-08,5.13504771801436e-08
100287216,23.0739539384429,3.48106396886138,0.487294887211236,7.14364968773495,9.08848483422361e-13,5.39053734637947e-12
344558,77.9883926684159,4.04399809078486,0.289756827751035,13.9565238968572,2.87098862700663e-44,6.37869713474615e-43
51141,195.180137619116,-3.64462529548933,0.180520588618097,-20.1895269863084,1.21017458172219e-90,6.56973063447473e-89
2019,6.08179674725466,-6.00388364826637,1.27179965853754,-4.72077784261268,2.34944437802883e-06,7.77251893379944e-06
55240,430.014030904833,1.989890787509,0.101187495214593,19.6653824001567,4.26936466647539e-86,2.17162640570978e-84
100874111,50.7244860841192,1.95973982757146,0.24748597693399,7.91858937564841,2.40220241097976e-15,1.68419815164742e-14
105373581,73.4984343908237,1.81300331906951,0.210270687336393,8.62223518663376,6.56596756572034e-18,5.38876820280478e-17
140738,72.8696478069687,-2.42390624095422,0.242852197057739,-9.98099366742782,1.84608646666172e-23,1.99584208015706e-22
200373,14.6145537963497,-1.4830205372698,0.455247905305463,-3.25761089724229,0.00112354348077638,0.00256760348490504
29842,48.13615738933,3.88644696097811,0.37143136153896,10.4634324492022,1.27163826253142e-25,1.51911994861761e-24
107985944,17.2392535741418,-1.24753463948472,0.443470950893769,-2.81311467407379,0.00490641504426731,0.0100263243773263
7852,4.81493673856531,-5.27952845417457,1.29853519987116,-4.0657569041628,4.78768213139773e-05,0.00013371764190776
53353,28.9633385376853,-3.89475967686527,0.456628508640609,-8.52938352110348,1.4712965390818e-17,1.18720255280818e-16
107985779,6.14460195662897,-3.4613225216665,0.863239676710075,-4.0096888674743,6.07988062833768e-05,0.000167541199804797
9839,7.21060315069022,-6.48472958730442,1.26134669570982,-5.1411159274137,2.73111468020017e-07,9.97998102159603e-07
55777,117.337243658566,-1.14490342928466,0.158286278137425,-7.23311864273322,4.7202667847591e-13,2.8618229495575e-12
3800,68.5880297126422,3.9642391341761,0.320371801861459,12.3738703317291,3.61950981946266e-35,6.22611805378887e-34
390,4.89828690477967,-2.73170038927908,0.895333546837836,-3.05104214951732,0.00228048558660901,0.00494179444988809
375287,66.1940300113557,-2.3185861466824,0.248992456586768,-9.31187305216383,1.25597581289348e-20,1.18659300854098e-19
9111,118.097641825403,-2.92892198462218,0.204118444552824,-14.3491294529447,1.07882926700843e-46,2.57065465072935e-45
785,145.747334349245,3.99141632759842,0.208097806707464,19.1804824411696,5.3878140374913e-82,2.53027711094036e-80
3760,4.12743357256907,-5.8160484680326,1.32460031440908,-4.39079502304602,1.12936967300334e-05,3.43650504545001e-05
4929,38.5605118874101,-1.71139745840953,0.415063248562375,-4.12322089304987,3.73611098406441e-05,0.000106015732399475
440918,16.584776152737,-3.64189336182758,0.718514063001851,-5.06864590320231,4.00655799076761e-07,1.44561824089647e-06
2820,531.084340196248,-1.97005955799591,0.088663228456514,-22.2195784237899,2.22145409790619e-109,1.55870565794588e-107
130940,19.5515503347662,1.59601929202454,0.408123495617717,3.91062830040912,9.2056345342332e-05,0.00024722908358806
85461,476.400960619002,-5.09767315355709,0.164831530769038,-30.926565625966,5.24979544266336e-210,9.91429454235745e-208
105373716,17.8636438602212,-1.37981134054363,0.352641082205352,-3.91279238344707,9.12349702898143e-05,0.000245394423118907
105373719,28.158842597699,6.23345924075812,0.865579730955339,7.2014847596746,5.9560385142262e-13,3.58412188828961e-12
10010,699.093981103713,2.23880805780281,0.0880482881191257,25.4270481076679,1.26687071074976e-142,1.22893381733496e-140
100996579,12.1123028170563,-1.38391474706172,0.494426562861394,-2.79902992883836,0.00512563863643796,0.0104490511109378
10716,1144.1110103981,10.0220122872065,0.54811828013443,18.2843970917162,1.1017500142262e-74,4.65673006012939e-73
57282,10.3076518964009,5.07674833530836,1.08438614879257,4.68167943768107,2.8453418100833e-06,9.32444301506347e-06
1803,9.07120762611855,6.70038412395759,1.24353664996073,5.38816779076771,7.11795849002097e-08,2.76676153087042e-07
2641,22.2422534326678,2.20174078995775,0.384182686183695,5.73097349031757,9.98558735192716e-09,4.23772762781283e-08
64135,52.7485082371521,-1.52010495792116,0.256372788096199,-5.92927575976107,3.0427372357871e-09,1.3622867946959e-08
55137,530.661399591085,-10.9109467207883,1.02259226586024,-10.6698897351914,1.40793362306526e-26,1.75640461536574e-25
107985957,12.4133995133228,-6.34348790332536,1.22436647494783,-5.18103691429127,2.20655814486457e-07,8.14700919044006e-07
2888,27.1727961592367,-5.92372752587259,0.870879229168204,-6.80200804826918,1.03170833362138e-11,5.66673463442038e-11
22837,157.962767122029,-3.5322032723221,0.186999599810721,-18.8888279755537,1.40940242219786e-79,6.4153107176555e-78
101929633,11.536330284297,-6.91779671134606,1.23015944875824,-5.62349597715083,1.87131123358576e-08,7.72187750316466e-08
151258,7.36344057550711,-4.84326379299334,1.10858044842925,-4.3688879772828,1.24880800664102e-05,3.78178774034311e-05
6328,184.771103185852,-4.13670708723079,0.202812918913211,-20.3966646178047,1.790173633449e-92,1.00566969433502e-90
6326,71.2542864458482,-2.66053113325041,0.231932418150844,-11.4711481666184,1.84198906641733e-30,2.67367047481934e-29
80034,126.492370363589,-2.45848142459011,0.163164330348714,-15.0675176329033,2.6487983476271e-51,6.97647897137631e-50
100506124,20.9096175250668,-1.01045386167228,0.357321473502635,-2.82785652865285,0.00468608027046854,0.00962259074162608
6323,6.32811906610367,-5.41752512085788,1.26736272130727,-4.2746445273929,1.91442487820749e-05,5.67170734945585e-05
101929680,123.189255988062,-8.7494587803847,1.02611829353696,-8.52675450334865,1.50510819678728e-17,1.21283162548197e-16
6335,2279.89946176633,-8.63890845788603,0.234426641716582,-36.8512230292082,2.7955757141617e-297,9.023101832327e-295
6332,65.4511414775044,-6.57217059829801,0.661647921752517,-9.9330329352357,2.99019262310588e-23,3.1996322751884e-22
107985958,4.06223620035266,-5.86723961501317,1.30724378344518,-4.48825206844765,7.18099322435922e-06,2.23958172380226e-05
129446,63.7754237095516,-9.69013645188119,1.18826080655548,-8.15489023825572,3.49497140921435e-16,2.58381871756409e-15
8708,88.9689064199976,-9.09784228698982,1.18534904342658,-7.67524328588476,1.65104992340004e-14,1.10476585903496e-13
105616981,7.14182856670168,-6.54314895512014,1.25415136446111,-5.21719239043496,1.81655552000628e-07,6.75340179919403e-07
2571,18.7086386040014,-4.38899727247232,0.705395656571732,-6.22203614607315,4.90743935221688e-10,2.35897274250078e-09
79901,696.481441845967,1.27265991621083,0.0738139136892185,17.2414637377061,1.29710593056768e-66,4.69922948559947e-65
3655,911.255316484804,3.09315740508446,0.0823780544022598,37.5483182690899,0,0
11069,23.7519731984288,3.35103409436366,0.447291861927951,7.49182889203434,6.79204342555201e-14,4.36224149386394e-13
1123,59.8731431375189,-2.21610076017504,0.240458694004849,-9.21613905185043,3.07990680809757e-20,2.84466730787451e-19
3235,20.7085789183219,-7.42574110964487,1.20849593410229,-6.14461406124711,8.01581722730319e-10,3.77244929530981e-09
3234,7.4608833940555,-6.32896477064023,1.25195138702654,-5.05527997031252,4.29759846393339e-07,1.54560307803374e-06
401021,6.45542004393687,-6.11067676340426,1.28399825496881,-4.75910052039182,1.94457580746886e-06,6.49606882464945e-06
3233,20.3862516068267,-7.92551362425947,1.20570682902759,-6.57333394275573,4.92009398700821e-11,2.57720591494157e-10
50940,7.04635103500487,-4.38744153827359,1.11034568780953,-3.95141944210999,7.76890241628852e-05,0.000210812527810996
3676,6.46745283441708,-6.2032084121571,1.27333090527066,-4.87163893256684,1.10676294067206e-06,3.81056162195702e-06
6744,461.67528003076,-2.64498147014938,0.10759329185759,-24.5831447712397,1.91326962720561e-133,1.68140408030465e-131
151242,28.8999751201785,-8.31940458244142,1.19930999342463,-6.93682586491698,4.01007611447396e-12,2.26782004409499e-11
5136,93.3775726974316,-7.5878087785087,0.843173389304368,-8.99910845712146,2.27558026217025e-19,2.01221801071151e-18
91752,25.8348555915792,3.91245431120199,0.465019693420916,8.41352391426701,3.97873111037789e-17,3.11971884591114e-16
401024,6.83490517635006,-2.26482629029074,0.654727359066396,-3.45918993444883,0.000541802693216855,0.00130290997155048
107985783,11.0385526342315,-1.25495525570447,0.464144470948853,-2.70380309203934,0.00685508981074339,0.013657862437746
107985784,36.0504487279538,-3.30635336985656,0.426832568248498,-7.74625372057277,9.46433098527088e-15,6.43719554216585e-14
51454,448.681747197466,1.2429111417678,0.0922052425414588,13.4798315964403,2.05575515680882e-41,4.25831569937809e-40
105373791,109.385212164637,2.57140203873955,0.194490030695303,13.2212537040936,6.61520491906729e-40,1.30047749416703e-38
1281,14581.4757095637,2.66624732140541,0.0630373219187868,42.2963292260486,0,0
100500837,111.153063812714,2.61797628548834,0.193901115363204,13.501605086616,1.53005936673871e-41,3.17679694483573e-40
4664,332.747899336043,-2.09922458212745,0.109011600354127,-19.2568917005902,1.23577654705698e-82,5.89717883423536e-81
6772,3684.9501453468,-2.13958850249942,0.0498719944682938,-42.9016028997932,0,0
8436,6.92372448968359,-3.61502667081749,0.960802413408214,-3.76250790003125,0.00016821799294777,0.000437027046803572
23671,48.5714032530255,5.06770910518033,0.487839976348868,10.3880562292342,2.81021724310839e-25,3.30815494029577e-24
105373813,5.24898073118142,4.14430533939612,0.977391777724766,4.24016800002502,2.23352558834175e-05,6.55906472195909e-05
56171,15.7822209181224,-2.72942074522583,0.482523777997795,-5.65655180051729,1.54444380618399e-08,6.41933187716651e-08
9262,191.717026160285,-1.48003546732186,0.129700919444963,-11.4111409052108,3.67872194119369e-30,5.28782768421622e-29
401027,6.70819423486156,-2.56287955939631,0.983645739550004,-2.60549042846337,0.00917428368484099,0.0178615797294689
91526,35.3592467650879,1.06080969926417,0.266839803169835,3.97545526065691,7.02447490535697e-05,0.0001918733320817
23314,22.7678949192248,3.76821751613855,0.528345892832747,7.13210335739548,9.88466009928193e-13,5.84323962978531e-12
26010,11.2381484238699,2.14167232513939,0.533115480784203,4.01727656077258,5.88746144514944e-05,0.000162465747822622
843,22.7759260435667,2.93647565537782,0.465190318023671,6.31241782471578,2.7470933871229e-10,1.35311880710893e-09
55437,224.902311119425,-1.27528003733191,0.138790432620254,-9.18852988102734,3.98246668557701e-20,3.65933970980257e-19
8324,448.988753282657,-1.18455012182401,0.0950181130344365,-12.4665717303259,1.13609476843379e-35,1.98699057430903e-34
117583,15.0563447350964,3.80450118925414,0.629735304622397,6.04142909144248,1.52755137902933e-09,7.0360903166914e-09
8828,4.77551897220748,-3.85200271935506,1.15676773710972,-3.32997074155922,0.000868551102421701,0.00202104065672959
4133,86.751225216037,-5.02863730527844,0.374532766691938,-13.4264282126605,4.23343112243091e-41,8.62822839097514e-40
2066,63.4420466319356,-2.9920905290104,0.256178231834563,-11.679721995047,1.61823914824822e-31,2.44484947742148e-30
22807,39.9453072564509,-8.14093954271888,1.19240939844137,-6.82730239577123,8.65261866021532e-12,4.77913150143567e-11
79582,153.565579815112,-1.43660912047741,0.157242695457738,-9.13625346026664,6.4653394841476e-20,5.87673868523237e-19
2335,19.0566417030138,-1.15698878059596,0.401360969180496,-2.88266390964303,0.00394327921659578,0.0082074208761881
92691,27.8693252478353,-2.46306408974176,0.406305305244825,-6.06210171993104,1.34354195091061e-09,6.21593867932373e-09
57574,535.562965351986,-9.40370753340013,0.649303626641215,-14.4827583699857,1.5572043186802e-47,3.77128118215702e-46
107985983,7.1108916299946,-6.77459267880831,1.25241212258022,-5.40923595090353,6.32941952020075e-08,2.47216403350063e-07
50485,441.759318317011,-1.12839148255173,0.0878246692585219,-12.8482292285119,8.80016403486831e-38,1.62054472974048e-36
100507554,16.6602171379051,-1.57420416101425,0.450180339871224,-3.49683009583349,0.00047082159496746,0.00114180668768611
7145,11.4850473310601,-2.1417076832364,0.538253346074765,-3.97899557681322,6.92070283444058e-05,0.000189155222043093
151295,22.2487250022981,1.3705150136664,0.390801804172255,3.50693113244256,0.000453306449815462,0.00110098455289699
10290,53.4980262975851,-1.32523768839566,0.234188106198347,-5.65885992208864,1.52381862969273e-08,6.33954260939895e-08
100996693,8.77751234143633,1.62878514809646,0.694561728521749,2.34505455917221,0.0190242955175887,0.034942503262104
5270,8.88364441408511,-2.88220051935017,0.684125323760856,-4.21297154080745,2.52032829257766e-05,7.3502329308097e-05
55619,12.5760945745472,-3.63836128855661,0.635290382407051,-5.72708384907579,1.02171676614549e-08,4.33186434980052e-08
3667,315.377560519373,-1.14895416516154,0.101393326804569,-11.3316546697013,9.14603891649553e-30,1.292679003548e-28
1286,8.46708478051042,-1.31134022282579,0.52356211978446,-2.50465068665709,0.0122572380991721,0.0233391065897783
1285,8.57757495178168,-1.40868062740436,0.608869616825076,-2.31359980606334,0.0206896843434589,0.0376816739986747
151473,7.26047132618274,-3.40634028548724,0.844280084774784,-4.03460930432334,5.46932256401515e-05,0.000151539588194782
3431,68.4041295808342,-2.10415164273733,0.243798456268705,-8.63070125603345,6.09769575700927e-18,5.01372371831535e-17
11262,5.08216511110113,-5.01268944572205,1.28098523333607,-3.91315162366665,9.10992928431563e-05,0.00024510376577019
93349,98.2204875729466,-4.22488505619486,0.301188065355408,-14.0273986328423,1.05967785598196e-44,2.39026700119336e-43
105373925,5.97540258150009,-3.3917521462517,0.868447145170675,-3.90553664101817,9.4016510693822e-05,0.000252188138083519
6672,102.25733622856,-4.08022768566498,0.278779046878672,-14.636062972985,1.65370782154375e-48,4.08297931127185e-47
348761,13.753396172324,2.50200380647353,0.495731608877736,5.04709355156452,4.48581732403933e-07,1.61101009784233e-06
654321,9.54044388781336,1.70893208247461,0.650324365938126,2.62781493664226,0.00859352530432266,0.0168175792307723
4880,79.6105501157829,2.75968661319338,0.274224332786054,10.0636095460808,8.00098837053409e-24,8.81648327459474e-23
251,4.67944161380443,-6.07812213775136,1.29090871115192,-4.70840585801583,2.49661624042044e-06,8.21957186571656e-06
9427,58.3236869134202,9.26001371105607,1.18941409595394,7.78535729697172,6.95164681957288e-15,4.77760876272e-14
3635,20.0185740559112,-2.86572227615989,0.476623028740203,-6.01255521315136,1.82621601984252e-09,8.35325606396402e-09
10123,27.623288820558,-5.8148300013398,0.864142895274169,-6.72901441780056,1.70816130769841e-11,9.24772172438614e-11
23677,379.569015330724,-4.54322123607611,0.159124130191615,-28.5514285646384,2.69655168495958e-179,3.8295348409122e-177
2637,13.5621353937833,2.5490886348081,0.605928510166472,4.2069131787639,2.58882542111993e-05,7.53761339605069e-05
105373950,8.74734422596225,-1.73377674910031,0.578541720649763,-2.99680504830852,0.00272825124969869,0.00583376489817527
1293,1917.72559136929,-9.041057658392,0.282374299911152,-32.0179905226387,6.12712092867384e-225,1.27963118500962e-222
9208,1121.71502321807,1.00093615157438,0.0672113543146941,14.8923669487129,3.69454956615835e-50,9.5189613785839e-49
151174,3.91998639041577,-3.80955455831343,1.32525871834309,-2.87457422885424,0.00404572658571114,0.00840586825252156
55502,329.027237565709,1.04443970633832,0.121403544685104,8.60304127896254,7.76310390191476e-18,6.3507198371793e-17
100287387,4.14649662056532,5.34718099848649,1.33456377033422,4.00668826574498,6.15760468479879e-05,0.000169525121533108
117581,60.9858510977608,9.47789363833495,1.1889614028872,7.97157385876396,1.56666217026913e-15,1.10934929583636e-14
57140,385.54278536564,1.12804803951563,0.109795582561172,10.274074905401,9.22249510544143e-25,1.05966170298897e-23
107985787,4.97104547672747,4.06730289273116,1.3156840044937,3.09139799438114,0.00199216416911798,0.00437035322913772
728323,13.6424491036805,1.47063386789591,0.460300642448215,3.19494202761484,0.00139858930905319,0.0031439480073841
152330,7.48533773561158,-6.35817591242892,1.25619201102229,-5.06146819645402,4.1604014676039e-07,1.49899425315414e-06
3708,476.088849043432,1.45027078861435,0.0846834744543547,17.1257827806305,9.53186872066398e-66,3.4322461162115e-64
29995,46.8432018407034,1.72775785128431,0.260081310736434,6.6431449702867,3.07059551074998e-11,1.6334795177355e-10
3656,40.8009343587277,1.52956031496316,0.263287750607435,5.80946250417761,6.26737283754499e-09,2.71361957590484e-08
6854,142.36112666098,8.4232043836421,0.839706663287431,10.0311272399167,1.11239295751021e-23,1.21745991255988e-22
5468,55.8653582691678,8.47477377182371,1.18961008897125,7.12399285311417,1.04844482567607e-12,6.18955521962142e-12
112267878,34.4602944020704,1.01766394123676,0.271372913899008,3.75005716899027,0.000176794259644502,0.000457433566128728
2199,6.06140766986781,-6.10634968322295,1.27696952537514,-4.78190713394596,1.73639897528991e-06,5.84515101061056e-06
152273,13.2174602080403,4.17647850831795,0.724923319998146,5.76126935512108,8.34836872118668e-09,3.5676514573545e-08
9467,144.958406845053,1.46272269321784,0.142497466406536,10.2649031600659,1.01422683726474e-24,1.1645895740701e-23
23180,79.0090510230432,1.04912070093765,0.185534968861124,5.65457125078632,1.562357775522e-08,6.49075011258285e-08
6304,1952.42122759504,1.29115495824196,0.0559405963756641,23.0808221916571,7.21529169171312e-118,5.59326891315683e-116
8850,116.886347096046,1.65905200017383,0.176175843795864,9.41702315384501,4.64057872036962e-21,4.4722884605864e-20
79750,16.6649889880789,-4.77486929082933,0.778138835062699,-6.13626910221565,8.44820046370177e-10,3.96962558580291e-09
152110,48.7517295580012,2.73714927373141,0.288631532259958,9.48319558954555,2.46612651320285e-21,2.41737591730409e-20
105377006,22.045507410417,3.30680811155644,0.494999314983217,6.68042967224826,2.38242692653772e-11,1.277729389725e-10
8320,818.596858163928,5.52104070727418,0.143738499198232,38.4103127420304,0,0
645206,89.8107526198881,1.19766791694656,0.173044534174525,6.92115427199017,4.47978297934694e-12,2.52460658569418e-11
105377009,8.73211856234107,-5.6733977010165,1.24027336100443,-4.57431230839458,4.77786700277041e-06,1.52548012649605e-05
114884,22.6998722561653,-1.84046820715412,0.400226417902375,-4.59856752285417,4.25405840436171e-06,1.36634783416373e-05
23171,348.165794598431,1.34764164649476,0.0992726605022783,13.5751539212937,5.62254657382691e-42,1.17425231504206e-40
105377021,98.980175424108,-1.79424636388828,0.183151918200489,-9.79649234098764,1.16563248377168e-22,1.21576426862015e-21
131405,677.679864596625,-2.77883929962501,0.0882341051748649,-31.4939364332853,1.05164656391632e-217,2.07431442251583e-215
643853,173.795703506603,-1.08138409613913,0.130127958820829,-8.31015952250561,9.5573505095078e-17,7.31302095882683e-16
26032,95.8806458059681,-2.24201095674972,0.198826217529473,-11.2762340128378,1.71950539930983e-29,2.39973740947705e-28
105377023,95.4819697386675,-1.30872581173598,0.188440505355894,-6.94503450446752,3.78367834371609e-12,2.14388311387322e-11
10777,4.06273064850473,-5.57294567284531,1.34014372703669,-4.15846864811146,3.20388195023198e-05,9.18677311912745e-05
9881,10.1149343385475,-2.15788146188771,0.57828925769418,-3.73149152120144,0.000190349417848606,0.000490290607319857
93,451.411013354591,-2.19982002508248,0.0948393511911333,-23.1952243183223,5.08768341386219e-119,3.96125245451235e-117
6331,32.8188734848325,2.28472605909398,0.326162022511165,7.00488070776471,2.47196363851409e-12,1.41922052105117e-11
6044,30.3763627912951,1.15540486906091,0.316960205670809,3.64526791814648,0.000267113377734325,0.00067211859412328
253639,86.677980985166,-1.69607003273961,0.193310689051748,-8.77380366838166,1.72730282635147e-18,1.45322652954461e-17
2829,41.9433009008183,-9.1909284268803,1.19152473337307,-7.71358593695477,1.22330916678965e-14,8.26653381379893e-14
105377067,6.60685677519113,-6.16048211906066,1.26932133558531,-4.85336687121858,1.21382837029435e-06,4.16223319093398e-06
1230,550.327794034337,-9.71981130029066,0.725115719345777,-13.4044967457886,5.69079913563157e-41,1.15852140201527e-39
102724297,26.1916115500174,-7.87818787988986,1.20312640897745,-6.54809654339285,5.82750444552864e-11,3.03550055507701e-10
1234,12.9355874708253,-7.16554684386252,1.22119407466542,-5.86765608556177,4.41998853062475e-09,1.94361249431882e-08
9034,10.5523461499558,-6.82354989227571,1.24021636023363,-5.50190282201268,3.75714036779141e-08,1.50150283226099e-07
4057,3.26253007680101,-4.91138108778202,1.36930287996621,-3.58677481778409,0.000334793198434613,0.00082971504378211
5745,11.9408628794167,-6.8685398119845,1.22934375960126,-5.58715961938287,2.30813559295234e-08,9.42402406762405e-08
10675,155.058893986244,2.30929948102513,0.157372524127191,14.6740957091005,9.44665479809631e-49,2.36526115621729e-47
1294,74.4200711444086,-1.11168523584925,0.234173704996008,-4.74726757160118,2.06183112975959e-06,6.86709685093665e-06
84276,63.2022818370168,-1.33397412584581,0.226837504517713,-5.88074766860981,4.08417386796836e-09,1.80174588728067e-08
8927,82.0543977884565,-1.82844200322428,0.201113016551582,-9.0916144294187,9.75791935524438e-20,8.77520690953892e-19
389119,32.5174753710107,1.86993997438776,0.33302431265627,5.61502540001582,1.96533373232094e-08,8.08985588273657e-08
7318,65.3322986038397,-3.14915674731163,0.305834612377813,-10.2969272275217,7.27480043832333e-25,8.40769904824973e-24
79012,21.6865410431702,1.42870878538308,0.362972769262393,3.93613214645936,8.28053880626041e-05,0.000223977030151965
10991,39.6444291977613,1.18024019369777,0.272103126438472,4.33747384363349,1.44129680115916e-05,4.33512382483522e-05
2771,1492.54200401289,1.06676169514914,0.0698514920813865,15.271852660015,1.17778741115319e-52,3.19695445302621e-51
51364,18.9952840699188,2.83426596467486,0.528414789584794,5.36371430273916,8.15278206482578e-08,3.15243274264403e-07
1154,177.441797039853,1.4366378234021,0.141829505302883,10.1293297211613,4.09446452460349e-24,4.55990804521713e-23
56920,62.3247395369209,1.35995706019337,0.23512790506284,5.78390327524039,7.29869189850804e-09,3.13720044993498e-08
50650,55.530706292461,2.07063837873561,0.239222860839095,8.65568771927842,4.89948393418104e-18,4.03924796034963e-17
54756,122.91068269411,1.85762461202624,0.157347231250207,11.8058932290478,3.63905852310644e-32,5.62232958243565e-31
105377101,7.97086402442382,4.16410242631334,1.11487474325871,3.73504059670589,0.000187684907967899,0.000483848749091801
57406,142.78073898252,1.32568276283297,0.145556736301375,9.10767029076654,8.41699100643747e-20,7.58854364379269e-19
200844,8.35559253943874,4.63335911141204,1.10291941568203,4.20099514573042,2.65744289887408e-05,7.72852659580811e-05
2272,15.2723495124288,-2.34119156480859,0.508347981100523,-4.60549004195934,4.11495678022275e-06,1.32334624569772e-05
5793,1001.98605962425,-1.10257469790216,0.0630728362883441,-17.4809753736398,2.00047715198285e-68,7.47630955831569e-67
105377116,6.55442979800899,-1.7631492264283,0.631753351395494,-2.79088226842587,0.00525645882725249,0.0106985389935091
84541,91.8872804530876,1.17237513931869,0.192507963246752,6.09000853547014,1.12904667980544e-09,5.25231568655824e-09
151647,15.280019028529,7.2559528478469,1.22502807677339,5.92309105841756,3.1594577933257e-09,1.41063115561162e-08
2850,8.81592965224794,5.45950568340488,1.2496611779955,4.36878874013045,1.24937552453571e-05,3.78286104580555e-05
23024,24.5584827287057,-3.40529792934644,0.475432683725954,-7.16252383546544,7.920509097376e-13,4.72145324031628e-12
100288801,5.35228463727623,-5.77327147334593,1.28550432163238,-4.49105567067624,7.08710221396476e-06,2.21224263235981e-05
6092,117.78182286307,-7.6292500380571,0.730569280124374,-10.4428837149548,1.57938662953083e-25,1.88422523168221e-24
2632,504.534105730021,-1.56282019268313,0.0863518491935657,-18.0982828657198,3.28758087143841e-73,1.33244601894463e-71
105377180,4.0786551013848,-5.38071049861253,1.32649828383431,-4.05632676965049,4.98505042115628e-05,0.000138902236817401
253559,255.214185745579,1.96097374998135,0.116986153384737,16.7624431887441,4.59353538373888e-63,1.56215402551978e-61
389136,1449.20971747332,3.83451281646948,0.0927647219129668,41.3358951268896,0,0
5449,201.546128510123,3.53654953147663,0.174246443290335,20.2962509001342,1.3877762321605e-91,7.62718379978735e-90
3355,280.322294983551,2.77662971658353,0.129717686604102,21.4051744929572,1.19572423055135e-101,7.74689654771809e-100
55279,664.833644785853,1.42946933095093,0.0945114633914627,15.1248248588652,1.11095815542798e-51,2.9612205968705e-50
2042,709.169783228692,-9.98542443477711,0.648287954433414,-15.4027610207629,1.56827569598705e-53,4.3297091998697e-52
285220,360.856588288656,5.20240089661159,0.190186214587589,27.3542480872906,9.61285181571618e-165,1.15302260427428e-162
107986103,59.3279847897105,5.77527198471357,0.516633164950752,11.1786706245699,5.18610040113073e-29,7.1533530940849e-28
101929278,18.0600491862827,6.190612614178,1.06143609904664,5.83229892005586,5.46688671552491e-09,2.38330483727893e-08
131544,395.104856610507,1.34454676705773,0.0957341978949412,14.0445817338255,8.31578998464554e-45,1.8781412698146e-43
105373994,13.2346054514839,1.38263337334548,0.494034220569516,2.79865911262503,0.0051315280116672,0.0104598559264113
131566,506.207619874053,-2.13808319216925,0.0920078305819571,-23.2380567897939,1.87865930385901e-119,1.4691612318108e-117
11259,554.160130727088,-4.93364456975787,0.150519775941241,-32.7773844925457,1.23685392850374e-235,2.7793203719998e-233
55773,465.890301133454,-1.7668308409841,0.0979090692550494,-18.0456300363919,8.53851899635434e-73,3.42157537750073e-71
348801,42.9058952962678,-1.16969387250627,0.269970973133286,-4.33266531927781,1.4731496672888e-05,4.42643075384407e-05
91775,158.29572958534,-1.0135756623213,0.133304008763734,-7.60348973538933,2.88250125962722e-14,1.90011742892323e-13
64332,370.98895539163,-2.89778471576663,0.145796129853708,-19.8755942196427,6.61980497971944e-88,3.4563169999994e-86
131368,506.308568654809,-11.5251360207835,1.1804185789889,-9.76360100215931,1.6132308023366e-22,1.67866783136456e-21
105374016,53.4660684657251,-8.44327847130162,1.1888440231816,-7.10209102848129,1.22883243729383e-12,7.20417220173054e-12
107986106,11.9896866999708,-7.04697442706322,1.22498095161982,-5.75272163844251,8.78180203504672e-09,3.74386526719859e-08
105374017,4.19470788583315,-5.89818086234672,1.3053326594623,-4.51852699738345,6.22713343061822e-06,1.95653225947495e-05
214,2050.2455386885,1.28546364355999,0.0606996740896021,21.1774389704703,1.54190447525917e-99,9.6379888185918e-98
107986110,31.3765841399585,-2.50991496386666,0.366877716906308,-6.84128484289393,7.84860182897461e-12,4.34993380168459e-11
101929485,47.8366785122383,-1.66364915491689,0.240919448401702,-6.90541658614034,5.00563145717095e-12,2.81558839124521e-11
105374029,8.98186535961391,5.49337352668102,1.24889417764171,4.39859006873919,1.08956407503164e-05,3.32221598419127e-05
101929534,62.4422202370615,7.04674581503005,0.848432261738474,8.30560804063598,9.930955977573e-17,7.58908009099767e-16
107986021,42.4389390451064,9.11541097699586,1.19568558587086,7.6235852340369,2.46725256962792e-14,1.63184305573901e-13
100302640,22.8685078826567,4.91491262401909,0.691126112986048,7.11145553853253,1.14825453767772e-12,6.74290921364702e-12
344595,218.483540573782,1.7204336775255,0.124339601587988,13.836570614295,1.5334997889274e-43,3.35254781441369e-42
961,400.158157145048,-1.08952360105181,0.0957096129624326,-11.3836381459349,5.04502359929012e-30,7.2108904134137e-29
55081,482.764272935591,-1.00439678546202,0.0872662889558886,-11.5095622545576,1.18076218561317e-30,1.7265972256182e-29
22989,34.2131089713199,-4.30505843513421,0.526247054635629,-8.1806793923341,2.8224795231867e-16,2.09994369218819e-15
9666,217.060347557862,-1.26289318128406,0.114638338211737,-11.0163249134988,3.18811212203223e-28,4.29729433487595e-27
112268447,7.77845409797153,-3.22644030625159,0.83829457829612,-3.84881447379692,0.000118690855201527,0.000314289985312873
100506621,6.70742464340513,-3.03802618335726,0.849063282834039,-3.57809158019036,0.000346112187282202,0.000857048897842607
151887,184.330498266563,-4.1513782164111,0.215239131971445,-19.2872837684638,6.86885503134078e-83,3.2866823319774e-81
91653,238.633679831827,-6.55314857354673,0.371199117487367,-17.6539982581444,9.48007636701686e-70,3.64264752526587e-68
254887,533.360183267707,2.07144093269905,0.0878309552009697,23.5844062945609,5.57163965078745e-123,4.51633548314059e-121
26137,9.11378327505806,-3.55894236033003,0.768652018664336,-4.6301086498339,3.65473911680091e-06,1.18284282226891e-05
4045,122.15942297283,6.21260660144066,0.451925919051031,13.7469579405538,5.31163884407638e-43,1.13879484009715e-41
285194,7.54114165178546,6.83628489975059,1.26816229669399,5.39070189799231,7.01830148703182e-08,2.72920528557435e-07
100506724,5.54845108178971,5.27368720762392,1.27528321090039,4.13530670093315,3.54480887405248e-05,0.000101055800758278
105374054,9.6321328333048,6.83528594671686,1.24544540563859,5.48822607219151,4.05990253971634e-08,1.61849067785862e-07
105374056,60.6237090010548,9.82064689743756,1.19416064192387,8.22389095123408,1.97005229177481e-16,1.47749760386931e-15
105374057,9.83921515590174,6.9804976950101,1.23938612075588,5.63222193480173,1.7790253943412e-08,7.35816840641776e-08
107986022,224.386093935467,9.83019571750664,1.02539850184926,9.58670770415432,9.09405841425236e-22,9.12593131542159e-21
101926953,34.9203693356224,9.04948583186411,1.19787119298415,7.5546401690485,4.20019414653971e-14,2.74730458693342e-13
57514,21.6353701229551,1.28521090181345,0.390722768741484,3.2893166322329,0.00100430972707219,0.00231358762976713
11167,660.62473274902,-1.13209086029804,0.0797882169382874,-14.1886973257424,1.07639687029425e-45,2.48481108471567e-44
406975,10.9652208501162,-1.23890740827962,0.51316987963751,-2.4142247186346,0.0157687335807467,0.0294040502652747
9515,38.8090884748765,-1.16232030805434,0.249853379926773,-4.65200954413743,3.28715861367053e-06,1.07011992866091e-05
105374071,38.7259304000783,-2.67845978571146,0.314426269707725,-8.51856235867704,1.61546048814857e-17,1.29821885856104e-16
83666,289.789826437681,-2.90458608061688,0.132796848632914,-21.8724021730812,4.75851167857112e-106,3.2489653583844e-104
151636,554.8072188133,-1.66216819006814,0.082862513042157,-20.0593504715757,1.67254409443124e-89,8.97009146959016e-88
54625,1301.39469765924,-1.49428606141742,0.0599561057477867,-24.923000631551,4.19121881005079e-137,3.85505265886123e-135
102723696,9.8496337629999,2.21422348536605,0.63071866599458,3.51063573150231,0.000447036521978411,0.00108783993669099
200810,16.726778018007,-1.05250267868437,0.405429988285326,-2.59601585747441,0.00943117125048182,0.0183127761919328
105374085,7.50093599716199,-1.52854026884745,0.663269623587022,-2.30455340406058,0.0211915981592162,0.0384931188501388
50512,398.630073949332,1.20911790423256,0.104421641653873,11.5791888068608,5.25408694463534e-31,7.75961326465612e-30
2624,1691.46667077083,1.97143681666911,0.0683517710235451,28.8425125954675,6.29002682191274e-183,9.46275899513516e-181
79825,44.000929191466,2.88090708771243,0.335505478303795,8.58676616035407,8.94514379564183e-18,7.28079746264254e-17
23129,518.018539769978,1.77550157888065,0.0995105065901373,17.842352930566,3.31440885714559e-71,1.30171208035506e-69
100507032,88.8483077112579,-1.79832925607827,0.181367973715883,-9.91536278006498,3.56957303197486e-23,3.81040652216583e-22
668,110.097248101112,-5.40489190166645,0.472504768166174,-11.4388092265042,2.67532142269377e-30,3.86430479216108e-29
401089,66.6313193143015,-4.49845712384478,0.432089572324212,-10.410936555695,2.21036288675956e-25,2.61066945879945e-24
100507291,9.22433040939896,-2.10429453822897,0.638430700537019,-3.29604221172154,0.000980572806207972,0.00226331146220308
92370,60.946117582263,1.76960715043978,0.226902373270259,7.79898034972086,6.24093807080451e-15,4.29748381043141e-14
205428,73.863061209476,-1.60479701626188,0.208322175131374,-7.70343826935296,1.32453105933889e-14,8.93014635981159e-14
5352,39.7248593121151,-3.41651894749933,0.357824938023879,-9.54801799552421,1.32201185878808e-21,1.31549072405863e-20
84107,75.8225175445306,-9.59840850793418,1.18644246067723,-8.09007501506257,5.9627996690831e-16,4.34173993952269e-15
7545,710.188502290798,-10.4115448740961,0.835425676982951,-12.4625626922268,1.19468826618678e-35,2.08741201784918e-34
440982,7.48723545935954,-5.99904971153451,1.26065395532205,-4.75868075153262,1.94862350523755e-06,6.50836584477461e-06
185,9.17883217664426,2.94820271410636,0.667834347004695,4.41457185802041,1.01210094171697e-05,3.09665906883139e-05
1356,108.793924128903,-3.02517398839395,0.205649407596701,-14.7103462331709,5.53236282659485e-49,1.39108363877779e-47
116441,7.17254698654813,-5.01246216808681,1.26317443793758,-3.9681472467657,7.24335759685598e-05,0.000197409663268433
4071,17.3380437862451,-7.44529831662979,1.21097857186065,-6.14816685417497,7.83835547157034e-10,3.69480845276996e-09
29909,20.4818972297819,1.55357363178617,0.374085539768088,4.15299033678046,3.28158601369956e-05,9.39895368105754e-05
9934,31.8485647197134,1.16764685993988,0.291793800571181,4.00161640738849,6.29112311846255e-05,0.000172879284208897
53836,5.38228950104237,2.13162867174244,0.694360277178569,3.06991736394253,0.00214118005296892,0.00466554907331586
56670,4.4312691158192,-3.43391686829241,1.03719314571661,-3.31077859748089,0.000930367881556497,0.00215584005134982
5028,6.74367088806474,-3.68975545744868,0.962195213584186,-3.83472647271265,0.000125704103469392,0.000331821449039204
105374171,4.29412556327063,-5.52931529522365,1.32220294639545,-4.18189606239912,2.89088127521462e-05,8.35813100938274e-05
4311,426.319329871651,-7.22316027099356,0.338633027875995,-21.3303478290329,5.93648384979839e-101,3.80449318778415e-99
23007,68.2344521550653,-2.29409259192757,0.225275039338596,-10.1835187718221,2.3490999696492e-24,2.65106310624365e-23
100287227,17.0233563146572,-1.01553199044288,0.450671508372485,-2.25337517809874,0.0242355032420363,0.0435057795077994
25976,367.812986428272,-1.36071658154556,0.101025358606029,-13.4690596531509,2.37876175042969e-41,4.90238828732134e-40
107986148,27.6295485283613,-1.50125519385431,0.350256359774715,-4.28616112729523,1.81787158487965e-05,5.40640917654273e-05
101928236,22.7503132627744,-1.33960363666325,0.408544259000837,-3.2789682076049,0.00104187372804751,0.00239328965065987
79674,12.614121441073,-7.11658456671991,1.22275209984077,-5.82013685983173,5.87994609412685e-09,2.55522161720783e-08
5806,7.76563094181947,-4.3817684803227,1.10588668743308,-3.9622219257322,7.4255468714209e-05,0.000202051361222354
152078,5.66211674051469,-5.122906267149,1.27153650132052,-4.02891011137215,5.60360377149487e-05,0.00015501819253791
6474,1940.02572799173,-8.17558793877787,0.241840674149318,-33.805677922193,1.62750816596279e-250,4.1871775307495e-248
4291,371.844982726277,-1.10749541090566,0.103988332660922,-10.6501891372458,1.74011145117601e-26,2.16017192176759e-25
100505385,4.50697438867111,-4.72602782933329,1.29359229664822,-3.65341370815112,0.000258776781347756,0.000652343854371679
29970,4.67100328339907,-4.72601133608312,1.28992557270945,-3.6637860633744,0.00024851437859192,0.000628079050222632
3592,28.9845428522846,1.1924160375158,0.339150241841436,3.51589322490679,0.000438277206874167,0.00106813522466093
151742,48.8808810182293,-3.13464282497158,0.30829693305523,-10.1676094987621,2.76613968573958e-24,3.10788048742082e-23
22865,11.5781156693892,-1.2511741000519,0.466594337308522,-2.68150296737227,0.00732922644171257,0.0145323833121056
590,6.45219682581393,-1.67313119589856,0.64547174510085,-2.59210601950849,0.00953903700405037,0.0184966668373459
5010,43.7687866942704,2.11995515219836,0.278194933439896,7.6203945412844,2.52901512627048e-14,1.67144737608167e-13
5337,7.25688796252732,2.68921567583725,0.705272213527791,3.81301804360861,0.000137280086022913,0.000360449058878678
22871,8.45297586382906,-2.51320449266791,0.628150949585509,-4.00095628976804,6.30870116761113e-05,0.000173281855372788
5290,503.197863793188,-1.06392695102994,0.0919462516938324,-11.5711835059102,5.76814605729243e-31,8.497604050544e-30
23200,485.138263064997,-2.70908800540876,0.10259975489903,-26.40442960195,1.21873760766541e-153,1.35218937570477e-151
27074,8.80067023994344,2.7083455324749,0.670542122371281,4.03903862578716,5.36707273144395e-05,0.000148845922713003
79929,180.129865624678,1.01276360895881,0.127902079958373,7.91827317654588,2.40831790264869e-15,1.68781916335648e-14
2049,64.8187542443352,-2.77221627152856,0.280599250172375,-9.87962822361627,5.10218489988901e-23,5.40740216972118e-22
64110,417.700152163618,-1.21616070511403,0.0946331132557697,-12.8513230017811,8.45517039022419e-38,1.55863120215223e-36
285382,9.31057326423122,-5.84183878036785,1.24014842491667,-4.71059646006517,2.46992863420366e-06,8.14076738105891e-06
1962,3.77402719118636,-5.54721303388949,1.31914873119945,-4.20514601780016,2.60913653213259e-05,7.59462302167188e-05
604,178.690136546829,-4.08209773338274,0.287641681486534,-14.1916071144016,1.03264742411829e-45,2.3900335166816e-44
9076,6.08425119650092,1.75457634728181,0.697943001325697,2.51392498233968,0.0119395827909757,0.0227684470625632
344901,97.163207911008,-2.94844267178612,0.214754491443806,-13.7293644103254,6.77250195000448e-43,1.4484994532106e-41
106480738,7.8279553336468,-2.54659440299352,0.694630961955092,-3.6661112770239,0.000246266798154601,0.00062275330496303
257313,13.761777349941,-3.38789769231568,0.632607677227441,-5.35544827271774,8.53445607983375e-08,3.29427406673644e-07
3280,261.358275272251,-1.45997048127403,0.141814950461837,-10.2948982213756,7.42981059777961e-25,8.58126205151487e-24
375387,16.7303154915549,-2.17749414900744,0.446884058648399,-4.87261540631651,1.10130483861907e-06,3.79397700274904e-06
1739,2157.4429343665,-1.51012413053817,0.0616109844765098,-24.5106313974569,1.13786142354868e-132,9.90162548570397e-131
100507086,16.5232600335206,-1.80430457734802,0.457336674991594,-3.94524357221336,7.97189028134067e-05,0.000215990531554273
101926923,11.2693502321123,-6.95772709185047,1.22798776224942,-5.66595800523727,1.46205332879131e-08,6.08971625825982e-08
101059949,8.22670465773592,-1.79436846899347,0.595409687018251,-3.0136702645526,0.0025810816424655,0.00554378237350847
255403,281.450538485498,-1.78751107479033,0.108392036734124,-16.4911660362553,4.24674169768799e-61,1.38326896545609e-59
642280,9.11526619121237,-2.1559410742383,0.607345903329526,-3.54977462170936,0.000385561085811925,0.000946677786353152
7700,308.796792752228,-1.12080513701297,0.100253412684035,-11.179720540241,5.1251119237329e-29,7.07472681727111e-28
285498,169.050766848229,2.62732630185826,0.156010891841507,16.8406594619521,1.22859635009952e-63,4.21857686788523e-62
105374344,8.67137368315266,1.63677768321478,0.598900047650846,2.7329730388818,0.00627654698932352,0.0125956660812199
100379220,8.48236717492743,2.8990268488363,0.79788545352253,3.63338726885869,0.000279724690361909,0.000702258903027099
10417,13.2946250511899,1.79626918521234,0.459784763566593,3.90676100547246,9.35415924467679e-05,0.000251028019518522
401115,138.281809855228,1.07960842694532,0.169103725927377,6.38429709945579,1.72186513340432e-10,8.64927839507456e-10
57732,31.390517002714,3.2448689513788,0.382213440429387,8.48967777724781,2.07210813915231e-17,1.6517316428483e-16
10227,550.363010301391,1.26170202196214,0.103189802474969,12.2270029760761,2.2301601668639e-34,3.70691041967864e-33
27065,43.9028480391195,-1.19633739348014,0.257811425579415,-4.6403583192306,3.47805568729197e-06,1.12936609769173e-05
53407,663.881849524389,-1.82499564942248,0.082376243140412,-22.1543928182272,9.46272379761962e-109,6.61347530926549e-107
107986254,66.3395790241068,-1.98215324240049,0.229750692462434,-8.6274092197767,6.27573119850647e-18,5.15533457824557e-17
100507266,19.3675022159587,-1.96659848470592,0.414220953351153,-4.74770401834006,2.05738817447448e-06,6.85358507661304e-06
4487,1037.24186641142,-11.1759896963621,1.02168414452104,-10.9387913635493,7.51956499412182e-28,9.99156570177025e-27
55351,33.057446152836,6.70880653527307,1.04238582487269,6.43601090420854,1.22654225903369e-10,6.23609199062261e-10
152789,51.6717308341722,8.32652099173609,1.19470047980691,6.96954687176639,3.17963427754554e-12,1.81145275016009e-11
5522,229.708659431426,6.43365271530653,0.352296949496496,18.2620165303774,1.66043897456096e-74,6.95191336707693e-73
23324,211.350144915272,1.13531149941142,0.132040232041489,8.59822405533707,8.09591248163248e-18,6.61383517597514e-17
105374366,17.0904877237193,-1.34269218654868,0.493769759914317,-2.71926775503967,0.00654266224154656,0.0130986060800648
8532,43.8617273494504,-1.1694220031153,0.252792353996018,-4.62601809204135,3.72762751640986e-06,1.20467583599686e-05
3166,88.3215466977391,9.78194036333143,1.18739163010737,8.23817527031657,1.74856905901681e-16,1.31639516266609e-15
105369250,11.065422573762,3.03314565522502,0.654023048715279,4.63767394923335,3.52352038190323e-06,1.14350153235002e-05
285547,5.15357138692044,-5.86958013949207,1.29829323956713,-4.52099722975457,6.15489937732636e-06,1.93589251853823e-05
579,13.7371146236224,-6.01088745680769,1.22272844237075,-4.91596273425451,8.83472037514327e-07,3.07819344650723e-06
132864,21.0771154440026,4.5866543910756,0.696665024505287,6.5837299559177,4.5879009876818e-11,2.41031128538998e-10
9353,1499.05821284211,-6.47114435037153,0.144236645129469,-44.8647730579351,0,0
100505893,10.9340362901471,-5.42516636070809,1.07763708524093,-5.03431668695326,4.79556324553259e-07,1.71797612244736e-06
91050,31.4159845906905,7.66403453886185,1.19757985152795,6.39960210509855,1.55782376632529e-10,7.85415719960423e-10
55203,4.4609698216528,2.41087410166504,0.932988961736657,2.58403282411558,0.0097652500186463,0.0189043313338069
10568,18.308158628255,-7.81841259546314,1.209968154238,-6.46166807620396,1.03555049330178e-10,5.29466945768815e-10
55296,51.669804016007,-1.0450564049003,0.218679378133146,-4.77894355572934,1.76218651346195e-06,5.92580696855019e-06
105374548,16.0966726792066,-7.52587891931455,1.21534495261778,-6.19238093934094,5.92621118807602e-10,2.82270193213645e-09
768211,260.610619228261,1.40419912575015,0.109329265332679,12.8437625687623,9.32307650113501e-38,1.71328420339699e-36
105374407,34.0293482237587,4.99359167325679,0.58849297159488,8.4853888054493,2.14998633548021e-17,1.71227265264445e-16
10333,5.9414579059508,-2.58355168949557,0.807159992838961,-3.20079254722307,0.00137050165927456,0.00308432371392521
80008,5.97754041732862,-5.99924973505849,1.27565384418833,-4.70288218264702,2.5651445355469e-06,8.437362570878e-06
51088,1126.68548897243,-1.82900633086306,0.0675695044655117,-27.068517748219,2.31254939456928e-161,2.71870045380091e-159
105374418,11.0989830175569,-2.98472152021669,0.624204237503801,-4.78164251520082,1.73868672539133e-06,5.8512164453359e-06
55584,5.1072490898827,-5.8264903509302,1.29069652612422,-4.51422176553488,6.35496920164148e-06,1.99422685641753e-05
54502,38.5991762074905,-5.1270967385217,0.549394658126006,-9.33226536277273,1.03631838693889e-20,9.83256226880769e-20
7345,506.581536208085,-4.67471272007583,0.166783208757679,-28.0286771965622,7.26857305057357e-173,9.62923199953597e-171
22998,10.708551011483,2.05806413602096,0.534693673300125,3.8490527170793,0.000118575489004119,0.000314031341310029
8929,7.24043064656158,-6.18006618945478,1.26865705824526,-4.87134497797437,1.10841112187895e-06,3.81549626441635e-06
389206,163.755072948727,-2.40610074015054,0.151103179320967,-15.9235613106432,4.34902199603266e-57,1.2997279204305e-55
152573,158.359893381247,-2.70765967794871,0.169011000279962,-16.0206121108304,9.17426906092585e-58,2.76036651473823e-56
2560,28.0835467568153,-6.41683857166147,1.04810226711357,-6.12234013130531,9.22109186033324e-10,4.31907183917245e-09
7006,37.6709097412259,1.3085343108693,0.283464540096608,4.61621870031197,3.90795117615553e-06,1.26019889698661e-05
132671,67.2857434190146,-1.46664599853518,0.212182979550443,-6.91217552719166,4.77276771948128e-12,2.68801308871294e-11
100288413,29.1653700369355,-4.2608861903228,0.556250666855233,-7.6600109343001,1.85917254029805e-14,1.24121966661794e-13
65997,70.3876412114241,1.19636642107359,0.230930995264618,5.18062298091557,2.21146069136175e-07,8.16341239198457e-07
5156,1020.50774327996,-6.42458256638204,0.167753047746952,-38.2978589818126,0,0
79644,218.824727661186,-1.11637128135982,0.127152321216491,-8.77979474286653,1.63773262812278e-18,1.37983054648484e-17
10874,48.9291434184174,5.14388051648328,0.541178426600475,9.50496225209056,2.00120579256187e-21,1.97582898940813e-20
84525,5.20592202096517,5.88405310878222,1.30146440650537,4.52110182911709,6.15185846685232e-06,1.93527895629209e-05
84273,707.433505052113,1.72682746968563,0.0764739735675421,22.5805903515722,6.72445868953919e-113,4.93275168002892e-111
23284,18.4098952409703,5.05153680792382,0.771945209900444,6.54390589271913,5.99325191033584e-11,3.11909140757203e-10
2044,28.1929360161998,-4.28488866506312,0.530142150301596,-8.08252779490456,6.34378735141182e-16,4.60216236462046e-15
100144602,5.10516931055124,-3.92604678529007,1.14148613171383,-3.43941698126066,0.000582968553351206,0.00139398652202838
8671,877.903135059892,8.68349912117326,0.365768435516069,23.7404277625038,1.3796903869071e-124,1.12349833708142e-122
9508,309.809757797209,-1.59891950189746,0.0997511820361136,-16.0290782450938,8.00614968739882e-58,2.41709471514802e-56
25849,4.99101150922156,-3.87282128502602,1.14604058771563,-3.37930552071073,0.000726692014612765,0.0017122692651189
27163,385.150174844919,1.78516737842785,0.0980948786082871,18.1983749177813,5.31616068861769e-74,2.18961681077358e-72
3627,4.36153824190161,-5.44840974980715,1.31717745165596,-4.13642804388837,3.52753901848025e-05,0.000100579621998171
57619,220.166997051118,-7.22440009945282,0.465703308249661,-15.5128812088658,2.8385067798688e-54,7.9729703095302e-53
105377290,4.52615731786042,-5.78423470198842,1.30062709079301,-4.44726604799666,8.69700968976924e-06,2.68549862607034e-05
105377289,3.36046817102924,-5.48683388231376,1.33565282710427,-4.10797908780634,3.99136233233265e-05,0.000112772026298853
901,68.1313320140178,-1.77838115915766,0.235561518740547,-7.54954021635598,4.36797501919672e-14,2.85284372850553e-13
118429,42.9052370096429,-7.26651982654782,1.03640882539691,-7.01124850395307,2.36200769931609e-12,1.35740889214177e-11
105377303,27.8920790032179,-8.47258615849067,1.19905069541615,-7.0660783492145,1.59373455173697e-12,9.26694260151808e-12
56978,312.191511524089,-9.80254743392939,1.02415179000763,-9.57138143932392,1.05486629663551e-21,1.05617521138599e-20
2250,122.359648233105,-7.70199126445704,0.7298439213687,-10.5529292482333,4.92376447247429e-26,5.98675800790162e-25
79966,374.425754370881,1.61704586100851,0.0978719482391319,16.5220565248947,2.54567752075966e-61,8.35321023078104e-60
10855,28.4846153338108,3.35951710373714,0.432116680734238,7.7745600980475,7.5710040733456e-15,5.18120525482001e-14
404201,20.7917138448808,-1.77385350736512,0.410098015475049,-4.32543792076224,1.52229136490336e-05,4.56558815843293e-05
4299,551.613574178444,1.0343653476441,0.0802385525510986,12.891126706023,5.05005685930247e-38,9.35789241819806e-37
8404,18.8140742734958,-3.9754530117696,0.657970203743877,-6.04199550245453,1.52219710072324e-09,7.01324758163483e-09
1834,6.78774531451029,-4.65087193444624,1.11965482551419,-4.15384440674419,3.26935524855828e-05,9.36694550878091e-05
6696,10.996281947891,-4.15585898631461,0.916475451756702,-4.53461025971689,5.77099487901484e-06,1.82257073638626e-05
152926,40.5958408661702,-1.18988474385062,0.265526908818894,-4.48122093969089,7.42172300809735e-06,2.31100555761698e-05
51191,100.411450687655,2.57095731734228,0.205421374115979,12.5155297417626,6.13968893671075e-36,1.07699365617084e-34
266812,25.0737525503492,-1.36786724654033,0.340954571378166,-4.01187536806236,6.02383013897884e-05,0.000166048187309243
285512,30.0300646015387,-1.91618332537165,0.305059724426201,-6.28133828212123,3.35670850627326e-10,1.64019513909614e-09
10144,425.20497132913,-1.63416549459056,0.0893881708323989,-18.2816750737028,1.15813921904149e-74,4.88344119154976e-73
166815,271.228813465855,-2.04591639532621,0.118315397432042,-17.2920553007596,5.39923701153904e-67,1.98441522627e-65
285513,1882.74133201153,-10.3765209008171,0.458913111536819,-22.6110796138903,3.37190205503648e-113,2.48373465896297e-111
105377328,12.3565258630431,-7.52826342827955,1.2335614122987,-6.10286877752677,1.0418137328869e-09,4.86307583124067e-09
105377329,105.201456990083,-10.3881537881989,1.1841243937902,-8.77285684061283,1.74189438532704e-18,1.46480858021438e-17
6622,274.102416558732,-10.5264730033332,1.1808103512219,-8.91461782363309,4.89501589912507e-19,4.24298448443692e-18
22915,43.7023404324989,-9.14006050437746,1.19205289427691,-7.66749575313244,1.75386828106918e-14,1.17268059229906e-13
401145,37.4408307049027,-7.7686631839335,1.19375485500177,-6.50775421049238,7.62825942458994e-11,3.93997268854584e-10
10611,240.466558870793,-4.27668201842072,0.189976304785576,-22.5116601949267,3.19095316180786e-112,2.32154920198414e-110
8633,82.9646096589187,-8.16729107562826,1.02833961688475,-7.94221183500667,1.98607368104641e-15,1.40018983264241e-14
100507053,12.2750824237763,-1.51827492827957,0.525986921711311,-2.8865260058935,0.00389520555038596,0.00811687861608776
56898,63.7137649897483,-1.40993498401306,0.225097497015233,-6.26366353561738,3.76036395828557e-10,1.82587475348702e-09
80319,1692.19048071065,-4.17038204976022,0.0838225009451623,-49.7525366427391,0,0
101929468,53.4473753266373,-3.85052075304816,0.354248024090928,-10.8695616946047,1.60972297512175e-27,2.09500016527576e-26
27123,339.771597027434,2.73402942784645,0.118996096860343,22.9757908030814,8.14053961887034e-117,6.25588135559248e-115
166929,287.789187128286,2.26407535736036,0.124887014340216,18.1289893854984,1.88185921866514e-73,7.67971605741232e-72
101929595,7.1594504905483,2.17573817300457,0.683626597853607,3.18264119599174,0.0014593834019681,0.00327190883452105
107986298,22.1112084185041,2.10554043761188,0.380170143602732,5.53841608301601,3.05219432506405e-08,1.23086219124346e-07
100533182,9.16543633547265,-1.77704130937445,0.705812572053724,-2.51772408105986,0.0118115809746497,0.0225485735522078
55013,243.443828149912,2.33759329933766,0.127907012889607,18.2757242666215,1.29163809053188e-74,5.4334500907872e-73
5308,45.9052942596678,-8.95054262693147,1.19256073129365,-7.50531389476681,6.12815768355892e-14,3.95301799413292e-13
132720,7.71628627860475,-4.49284661553298,1.10348952414715,-4.07149004790541,4.67133584808868e-05,0.000130653149480495
287,129.71302967065,-1.40771990314903,0.148415163248262,-9.48501401298372,2.42350514205947e-21,2.37690957358231e-20
9871,717.325890883943,1.56468482969851,0.0780966221214431,20.0352433587379,2.71508952428719e-89,1.45175509744416e-87
171024,26.6317133203229,-1.93010914489502,0.343071324652598,-5.62597047960652,1.84467893769613e-08,7.61552104697249e-08
54532,65.6107060479284,-4.69157528397258,0.435434245439226,-10.7744747527612,4.5436796790229e-27,5.82799144956752e-26
79625,129.809714896892,-9.67049821254451,1.18340166554118,-8.17178012684484,3.03871968000503e-16,2.25421444878601e-15
79931,10.1678231964489,-6.92835793482485,1.24015157594045,-5.58670252027124,2.31421638663699e-08,9.44630243632556e-08
84109,8.81836400787771,-6.61012871033067,1.24545309475365,-5.30740879618447,1.11194611103202e-07,4.23953336835062e-07
308,2004.60142585956,-1.417177753162,0.0628734055492514,-22.5401780097925,1.67643349908191e-112,1.22469331175729e-110
105377405,3.94410776733236,-5.7731532763878,1.30894155801308,-4.41055083097155,1.03107997960766e-05,3.15146897348401e-05
285419,42.3304762460999,-5.44188719015714,0.620960598334177,-8.76365940891555,1.89012314866955e-18,1.5887057829158e-17
105377407,28.6981500873189,-1.08770281816307,0.291116947233493,-3.73630882193425,0.000186741304736813,0.00048162598310154
79633,29.6040200040719,1.29850018288877,0.28173148209324,4.60899922593323,4.04611839256671e-06,1.30191578221577e-05
22824,1298.02403915542,1.40242822135776,0.0684445412221021,20.4899937426257,2.64427258177603e-93,1.49971651347246e-91
100507487,9.75293397827067,-1.4004395063709,0.523538155096798,-2.67495213622391,0.00747399198467481,0.0147979372866325
57575,3549.02803293188,3.20547749357578,0.0539926320553405,59.3687948068596,0,0
132430,431.613945713376,-1.04140609673826,0.0917138726317351,-11.3549462786277,7.00829583964992e-30,9.9688515821687e-29
105377439,5.40145709324697,5.98348936457252,1.28793009210565,4.6458184347491,3.3873082846978e-06,1.10110779472542e-05
54510,47.068850000709,2.8537991528251,0.293273093973588,9.73085909163596,2.22704069046211e-22,2.29717759076603e-21
23657,427.142918935718,-1.5216921134692,0.0900181308486143,-16.9042847160231,4.18370489633418e-64,1.46199073464024e-62
55534,134.921130463116,-8.13414807817478,0.84098749865327,-9.67213911169969,3.96012625000278e-22,4.04023914885341e-21
101927516,8.62048782537462,-6.20513946452529,1.2474174338759,-4.97438892227524,6.54537820970951e-07,2.31276978460914e-06
1047,44.4360856338869,-1.59910002908625,0.262916915936012,-6.08214965322136,1.18581805533031e-09,5.50631496683851e-09
7350,11.5529118519457,-1.78395058139762,0.656934622410579,-2.71556791275748,0.006616220514256,0.013232441028512
8821,183.971604568971,-8.73575134761422,0.839495452410077,-10.4059543414262,2.32910488772071e-25,2.7472604629115e-24
1909,7.99011055316329,-3.56839313582069,0.85157276962019,-4.19035608361717,2.78517023668994e-05,8.08145505748934e-05
166614,64.7848463377779,1.31820622463,0.205737644515266,6.40721938727258,1.48197500820593e-10,7.49089417587461e-10
729558,22.3725255714643,-1.8113612431006,0.3695198344589,-4.90193238409796,9.48985026550125e-07,3.29803880017968e-06
10586,470.407587246468,-5.90352877892898,0.228244253502158,-25.8649612787433,1.65157256547991e-147,1.72463036367055e-145
152503,274.55489002695,1.53441561939184,0.10813681501956,14.1895765943754,1.06298586535955e-45,2.45704753670087e-44
729830,40.4659932040934,1.31750061640618,0.256171622665915,5.14303888422641,2.70329643236177e-07,9.88646853466959e-07
85462,7.89044831632653,-1.80606527455704,0.609939126522291,-2.96105823683543,0.00306583961891697,0.00649693027515986
2244,17.6425976088329,-5.24533263158204,0.876980742475103,-5.98112635492786,2.21599886196736e-09,1.00455597031779e-08
2266,51.442904839019,-3.79182017157364,0.364316806406251,-10.4080297831371,2.27889121560297e-25,2.68981894011861e-24
79884,1260.61330565056,2.23661314187593,0.0867137783416913,25.7930537066747,1.06100835202294e-146,1.09505931773902e-144
102724776,31.9555067844192,2.34604697915811,0.330563974346623,7.09710422557448,1.27397983879943e-12,7.46392412487375e-12
105377503,44.1522909477896,6.2763525636877,0.745362647614986,8.42053540484058,3.74767641379042e-17,2.94244810692648e-16
2982,648.208992364817,5.63879147582524,0.169081424201909,33.349562215017,7.39186161937637e-244,1.72658325614697e-241
2983,49.9342222298255,4.41540902258219,0.413972249561932,10.6659541243516,1.4688365246056e-26,1.82980954279289e-25
6999,157.774114244235,8.32972615142664,0.84039647433875,9.91166241859918,3.70430478202886e-23,3.95185207275098e-22
1519,12.7477845924637,1.11982311501787,0.447760347903083,2.50094301619638,0.0123863106522149,0.0235545566896753
56034,857.245419142463,6.50276783278568,0.193589574832304,33.590485636526,2.30997520128839e-247,5.54144321260425e-245
2743,35.3786936732094,6.35160471602146,0.857008042273221,7.41137119223966,1.25000170788186e-13,7.89399869025929e-13
51313,66.6731659751371,1.91920022862239,0.227705898524295,8.42841683531363,3.50373043724083e-17,2.7545714225819e-16
285505,15.5747742412311,1.78114869444727,0.439227527646318,4.05518457368073,5.00947306227508e-05,0.000139538938963608
11275,223.306692216431,1.09441076192976,0.118248096930501,9.25520824722437,2.13813205288179e-20,1.99140189941015e-19
6307,418.255614574207,1.24523550710207,0.111476555926965,11.1703801462785,5.69366801368895e-29,7.83519337821754e-28
1363,71.4147864721207,2.30715507379372,0.23544882817507,9.79896604997419,1.13743945168545e-22,1.18775442037177e-21
55601,214.181393121069,-4.45432613660754,0.20240965473283,-22.0064904635454,2.49580309976842e-107,1.72394928510074e-105
91351,163.201981197499,-1.90366639600053,0.14604774417866,-13.0345484396649,7.78264080484883e-39,1.48078713362997e-37
23022,147.58386343038,-5.44523055067717,0.331023391069469,-16.4496851206942,8.43053840565558e-61,2.73599484053378e-59
57630,115.852399035318,1.57278404223278,0.151795374015846,10.3612119435774,3.72215550768766e-25,4.35281321294278e-24
105377540,6.10809164074166,-2.09336414048674,0.765597259308184,-2.73428896856079,0.00625151540107645,0.0125511085048529
8819,68.6350321217401,-3.2021430431146,0.312334324413447,-10.2522931129267,1.1556869011857e-24,1.32359702386119e-23
11341,5.06725560837672,-4.76566776899096,1.31488513270768,-3.62439855044772,0.000289634679964158,0.000726213960271713
9464,24.1233384197735,-6.91403161514251,1.20313728340013,-5.74666890515026,9.10187068882206e-09,3.87752360134316e-08
79804,8.1307923771659,-6.64400023260568,1.24554583525997,-5.33420773810299,9.59626122491508e-08,3.68012160865613e-07
2823,524.714329618719,-6.8700996666389,0.282569594391546,-24.3129473340266,1.43028406664269e-130,1.21485180626991e-128
101928590,9.91702485944984,-6.86416369266932,1.23725138206941,-5.54791353814323,2.8909876986756e-08,1.16903903478108e-07
107984113,9.2868676353888,-3.61737881844132,0.754206163224692,-4.79627321391119,1.61644773263086e-06,5.45847063908369e-06
105377555,5.94516295979266,4.65828827699649,1.12551297950075,4.13881346713816,3.49106640191845e-05,9.95716753966201e-05
7424,355.294565461275,4.8156954015665,0.175920892507974,27.3742096968284,5.56301005608479e-165,6.71799690582429e-163
105377567,8.326731661098,-6.78038953773068,1.24872767342043,-5.42983845241317,5.64050867437246e-08,2.21576255781058e-07
152641,36.2589912740218,-1.85583033997657,0.331447040963315,-5.59917606922302,2.15372969333712e-08,8.8338746571443e-08
53842,19.8860511534523,-1.10688199429004,0.351215865936479,-3.15157173021969,0.00162394269632,0.00361437195901111
56977,249.975762709696,3.66353191148937,0.156347073643976,23.4320465749921,2.01513035064043e-121,1.60415219661744e-119
2180,806.629221083241,2.42066692496946,0.0837242054417608,28.9123905350561,8.34147091960874e-184,1.2656221518367e-181
7098,69.6017288365336,-3.78904245404249,0.308911525221932,-12.2657853290528,1.3826521105466e-34,2.31992819153339e-33
132625,5.36148195942182,-4.71942065510713,1.28204741274475,-3.68115922093962,0.000232175954332593,0.000589724930792989
205860,27.4304801990832,-3.01189726635288,0.427435107383979,-7.04644334150867,1.83548812558357e-12,1.06273924348857e-11
401164,30.9705104269688,-1.7359125307294,0.31851681495931,-5.44998709393461,5.03734754951571e-08,1.98894558939063e-07
448831,4.47649940284764,-4.39107171122966,1.33393998886409,-3.29180603916737,0.000995462412142678,0.00229529143269994
100874392,8.95804475684122,-1.59695036927131,0.543466013394614,-2.9384548985803,0.00329852646882854,0.0069518511070455
101929898,8.31846542034466,1.36093166648536,0.596137987645971,2.2829138466069,0.0224354436920744,0.0405863646613374
7015,139.46977855348,-1.03510958971616,0.149386236265436,-6.92908272939506,4.23578056611458e-12,2.39013275936637e-11
101929003,30.0960509033432,-1.31964311335933,0.410774902152151,-3.21256996580218,0.00131553101770589,0.00296926975541196
651746,57.5204837647167,4.10843877610289,0.351201438209845,11.6982401810327,1.30124048378085e-31,1.97432658701519e-30
56172,155.211632373571,1.70997186008824,0.140351744032877,12.1834742551377,3.80711575561574e-34,6.27520138288679e-33
340096,5.23666445747191,-5.70151090849162,1.29070075405712,-4.41737629002679,9.99062165691154e-06,3.05940168455225e-05
391769,23.6981688266422,-7.83572756046332,1.20481812300115,-6.50366010509938,7.8388906694388e-11,4.04288167239621e-10
107986408,7.23670352839499,-4.45424119248356,1.12512038662412,-3.95890186102515,7.52951660926815e-05,0.000204629483845267
1010,23.1850062543656,-5.3770159853533,0.765987271478394,-7.01971975980147,2.22313691418651e-12,1.28008843660847e-11
105374682,4.0036523389015,-5.6774698960601,1.31176276392793,-4.32812247167279,1.5038584216901e-05,4.51259207265764e-05
1008,204.32313084154,-6.54793656202809,0.384629703333401,-17.0240012804011,5.45146575246033e-65,1.92777729158717e-63
1007,4.13550994358689,-4.97707829166939,1.30329671904039,-3.81883742892715,0.000134082086521452,0.000352469302521668
643401,102.673324004617,-3.25342671447214,0.229987326190167,-14.1461130418205,1.97368943527119e-45,4.5208948199915e-44
1004,15.3083049551532,-6.70437499864438,1.21462257472929,-5.51971874896086,3.3954267303004e-08,1.36216079810831e-07
23037,103.664334057455,-3.28718610024701,0.220799138182858,-14.8876763165837,3.96305224009215e-50,1.01812016448793e-48
4883,16.9882149804118,-1.8051393953425,0.426024291147791,-4.23717481103978,2.26349904383478e-05,6.63720433203749e-05
23600,72.5333555021541,-1.11944127221508,0.213773060921976,-5.23658718917655,1.63572987692617e-07,6.11058012945988e-07
100534612,60.8270341842367,-1.0569810864426,0.227955965430119,-4.63677747782662,3.53883028456791e-06,1.14763089535348e-05
79925,23.1560909484812,-1.10321069169688,0.340030664850579,-3.24444470966073,0.00117679861133745,0.00267827294211055
167127,16.7792870431382,-7.54397140600623,1.21676573163093,-6.20001961749401,5.64561232598404e-10,2.69846284358828e-09
6507,13.2702874015425,-5.69825543467096,1.22832626835783,-4.63904060465065,3.50030283926148e-06,1.13638215074195e-05
646719,208.423505191743,-1.22504912877331,0.136237826358054,-8.99198968099868,2.42794518522539e-19,2.14112682206265e-18
2668,4.99998444246046,-5.55576096415965,1.29449828309665,-4.29182567231326,1.77210053675794e-05,5.27558757815311e-05
100129792,6.35283491156367,-1.78534669941264,0.674072398614362,-2.6485978406513,0.00808264494216077,0.0158948834621954
6414,10.352901175079,-1.20948717261331,0.501240517077567,-2.41298764047469,0.0158223561000184,0.0294916490432094
648987,49.4958709706213,-1.63961713178067,0.266806859858791,-6.14533349198159,7.97956814786482e-10,3.75638540866869e-09
23530,1120.19345006824,1.20125174832211,0.0657770397913131,18.2624780946855,1.64646025503057e-74,6.90968379368858e-73
2255,953.865412384805,3.97740803881685,0.101588807876305,39.1520298541129,0,0
101927075,93.9520779242052,3.51392085022426,0.238483035471361,14.7344688198848,3.87230033680721e-49,9.77824688179256e-48
102723839,5.78401706712065,3.75477216672444,0.968466484880669,3.87702850366277,0.00010573997457605,0.000282100395051704
100287592,4.29309911514292,-4.859483713488,1.32476097801789,-3.66819659857342,0.000244267331956891,0.00061787313720415
642366,38.012931066706,-6.67953702132573,1.03856378201478,-6.43151353532438,1.26339529499127e-10,6.41527267639732e-10
3670,187.322981443709,-6.23334527952717,0.384678396767069,-16.2040429925718,4.72180342187579e-59,1.46541004099893e-57
105378963,9.71872417726093,-5.86323452673662,1.23857323232561,-4.73386181269841,2.20287734065587e-06,7.31216876427132e-06
3672,226.656986993462,-9.14804931394494,0.838179178012515,-10.914192995866,9.86010874570196e-28,1.29945545993839e-26
3673,19.3110533063312,-3.08317270423828,0.539453484353132,-5.71536340697728,1.0946982391399e-08,4.63133535300559e-08
257396,33.291888775238,-1.31278737112903,0.284943234326515,-4.60718912744815,4.08148744640781e-06,1.31282053177444e-05
493869,485.695158404659,-1.78963498712778,0.094808837880764,-18.8762464252384,1.78854065781346e-79,8.12024904284006e-78
10309,6.19169642892724,4.76346568186212,1.28329168556016,3.71191190238474,0.000205699587743958,0.000526999434497149
4214,109.871740877447,-1.4272473034071,0.167093765402299,-8.54159519339825,1.32381476357909e-17,1.07111940214475e-16
10769,1067.21587046282,2.60522830244056,0.0814962290114165,31.9674705694126,3.08943172209202e-224,6.37716185239273e-222
107986350,7.53075612929279,-5.60740994511467,1.26560292163794,-4.43062342006732,9.39610510019716e-06,2.88730582895448e-05
285671,26.7365165042485,-4.6333626368676,0.589303319939356,-7.862441089496,3.76718754476574e-15,2.61435157524165e-14
100132916,25.2437285342884,-3.84510714173476,0.571961982842893,-6.72266209481782,1.78434058627826e-11,9.65131446910775e-11
11174,118.88693865967,-4.88254360397385,0.300347157710446,-16.2563336413556,2.01436885625584e-59,6.32903998871747e-58
100506658,401.357489836517,1.23221594897491,0.0937962255339816,13.1371592189335,2.01656120429036e-39,3.92091944124452e-38
107986357,4.01738769334266,-5.59407814786216,1.30857827534435,-4.27492818218315,1.91198916972231e-05,5.66543677865306e-05
107986356,7.19274954709705,-1.65507275356454,0.610671527299718,-2.71025040398229,0.00672324292800726,0.0134132398806456
647859,67.7344604708157,1.26540871325212,0.198336930390186,6.38009628747753,1.76976675269243e-10,8.88235775906025e-10
107986421,13.7200006001172,-3.15258579826732,0.574062240755772,-5.49171426798049,3.98051014597617e-08,1.58755372076767e-07
102724392,42.3814289405298,-7.94959367373916,1.19232699130165,-6.66729322722173,2.60564178986272e-11,1.39365330080274e-10
105379026,6.45926056615434,-6.30854704569239,1.26425834191004,-4.98991925666193,6.04045358106492e-07,2.14246017924205e-06
105379025,43.5498684235295,-9.15996447136551,1.19098537562861,-7.69108056136359,1.45897526637873e-14,9.79507233449991e-14
5370,7.86137510134369,-6.58785920756705,1.24772633770526,-5.27989111753705,1.29260676613516e-07,4.88636186380567e-07
55814,2955.64752528396,-1.09486750157373,0.0596949995210923,-18.3410253849968,3.89382990228632e-75,1.65366670874131e-73
9607,12.3258804273287,-6.80879922275161,1.22715642830089,-5.54843625940907,2.88235928677669e-08,1.16581549461973e-07
4131,2338.52208910408,-1.11670203442136,0.0603977702714606,-18.48912682376,2.52611703414889e-76,1.08843761141289e-74
51301,59.1000433216347,-3.8396806669436,0.328542510582554,-11.6870132274063,1.48518184751137e-31,2.24863407675436e-30
256006,18.4515850507429,-1.74215675288296,0.408678434498855,-4.26290355892963,2.01787622460651e-05,5.9583065101821e-05
10788,14.7423297994546,-4.0272131830697,0.727868580832991,-5.53288504150139,3.150059399646e-08,1.26888709921751e-07
2151,22.1409488768608,-7.73437141224703,1.20450804914437,-6.4211869881162,1.35215810520117e-10,6.85031697589358e-10
2149,47.4794620449777,-2.60687773164778,0.29310908931095,-8.8938822667564,5.90102158823725e-19,5.09013290740465e-18
2150,8.01716161533632,-5.54615419625927,1.25293496246245,-4.42652999750216,9.57610707107718e-06,2.9405821263754e-05
728723,16.4992830152567,-1.2303393595126,0.416543626306822,-2.95368667724217,0.0031400263150924,0.00664303982189491
8622,22.6359756506494,-1.08428926816955,0.361308162804971,-3.00100960839579,0.00269086074064417,0.00576144733661985
256987,336.825830407718,1.59077967771882,0.0974945387459717,16.3166029418704,7.5205838640578e-60,2.38828988827825e-58
340120,89.3199688634819,2.77400339417348,0.223785445304436,12.3958168521628,2.75325741337429e-35,4.75445774340665e-34
1160,26.5791173528413,-1.79452897832613,0.369837406861746,-4.85221057965336,1.22092882774869e-06,4.18415609077119e-06
23635,381.707287052461,-1.3910646207281,0.0960841324418619,-14.4775686200819,1.67933117062807e-47,4.0559846178217e-46
107986430,3.65891090245637,-5.82469389398562,1.32176591056809,-4.40675148860676,1.04932460734993e-05,3.2044745277268e-05
105379051,28.7633453791825,-8.52346064449489,1.19784179221616,-7.11568146969176,1.11361215481891e-12,6.56118253313819e-12
1462,599.900112424511,-7.9468603342081,0.337165785610907,-23.5695929817116,7.90558054891364e-123,6.3790848138325e-121
1404,88.0437603487436,-6.75428888388327,0.660272245841239,-10.2295514106878,1.46194991322446e-24,1.6679006979152e-23
10085,11.8867098517119,-6.04992593328477,1.22653074361829,-4.93255139731546,8.11624133446769e-07,2.83621094821792e-06
645323,3.17964647836117,-5.50650952438244,1.35891064666359,-4.05214981419276,5.07491500309833e-05,0.000141251005228914
109729137,34.9261193731183,-8.59597761994312,1.19505082133065,-7.19298080593072,6.33918571813451e-13,3.80823096001096e-12
4208,670.40747137426,-11.1484496734422,1.022032989628,-10.9081113687925,1.05423780628114e-27,1.38525755270931e-26
107986361,17.0008538991448,-8.02451989438557,1.21000613810026,-6.63180098159195,3.31615512391804e-11,1.75989195096541e-10
101929423,7.10387177748893,-3.54350305877478,0.949745255313108,-3.73100369699301,0.000190718424550648,0.000491169805980429
100129716,27.4704640831404,-1.05711886665116,0.325905056981989,-3.24364057569557,0.00118012560285957,0.00268446818323463
105379080,31.0933601870273,-3.16538024672908,0.367845897097748,-8.60518024450859,7.61969276827764e-18,6.23627413658205e-17
105379082,587.269092314457,-2.28778042179722,0.0941791401756836,-24.2917955879566,2.39355114337175e-130,2.02334856653025e-128
285600,6.20221173272315,-1.9186275555844,0.699075518830642,-2.74452116245428,0.00605992471406371,0.0122002334242966
2745,14.046530847495,-2.49569378449212,0.525154041841683,-4.75230805753655,2.01107652334092e-06,6.70812296924992e-06
51752,611.230499991305,-1.59590161092375,0.081368154314654,-19.6133441192771,1.18947824855776e-85,5.94806137137951e-84
102724748,68.3903700474471,-1.46361017517389,0.201534791428585,-7.26232014233897,3.80506292995476e-13,2.32121914544869e-12
64167,177.893693057229,-2.19060611774472,0.144883335920559,-15.1197934795334,1.19918095239848e-51,3.19158324842246e-50
90355,103.632467481488,-2.20023328536357,0.197423899889122,-11.1447159467484,7.59863660140502e-29,1.04082559373566e-27
83594,113.79493492335,-1.54388219794934,0.162318613984052,-9.51143039023868,1.8805862752172e-21,1.86191676283635e-20
1946,49.926710822504,-2.94873300856305,0.286175326201826,-10.3039386648011,6.76340941237078e-25,7.82176181683427e-24
85480,20.7287537080373,7.93347097582764,1.20782374736518,6.56840122007389,5.08583528827879e-11,2.66166710016289e-10
814,405.956230671916,2.62773043055287,0.126483107288907,20.7753468971215,7.23396704542568e-96,4.32381760910426e-94
134429,920.393259814425,1.71999024697964,0.0882767473918052,19.484069109906,1.49880441054745e-84,7.39077108223286e-83
105369177,6.90612645066955,2.80977248078993,0.868266600094385,3.23607113354872,0.00121187180151558,0.00275280207556041
167227,1019.4770120762,-1.03800130939123,0.0814070671420807,-12.7507518183845,3.08753167017943e-37,5.60428038947088e-36
4163,209.30443522375,2.55032281944576,0.137897011675623,18.4944023692473,2.29067277476465e-76,9.89392289479857e-75
1036,69.0720762034866,1.53380266410699,0.215573016786395,7.11500301369717,1.11910390746631e-12,6.5903466654564e-12
57556,629.249689755645,-5.98585334576454,0.192417948701527,-31.1086018022654,1.84260489798831e-212,3.5554263205531e-210
101927233,28.0770290775949,-3.8446121855826,0.470573407268409,-8.17005832926229,3.08240388496618e-16,2.28566557084042e-15
105379132,7.21418317260877,-6.43385778916782,1.25741001789894,-5.11675404011685,3.1083853472578e-07,1.13120247405741e-06
51334,61.5323346639529,-7.63247523105216,1.03173930041648,-7.39767810334567,1.38586293244831e-13,8.72096376349609e-13
4015,38.5683897994752,-2.03999419765051,0.292356359188622,-6.97776577637004,2.99911104149006e-12,1.71135388005566e-11
5480,115.079643888298,4.81916942709881,0.317694405734183,15.1691982613349,5.65635097026351e-52,1.51450290232455e-50
93166,6.87934587911499,3.93979859664211,0.956226842343606,4.12015059835185,3.78624838468034e-05,0.000107360290370845
4001,3963.27071251149,-1.37288344698751,0.0473639732771722,-28.9858166871569,9.9311174683831e-185,1.53301910694554e-182
2201,497.098140702436,-3.46646915551231,0.107524406953616,-32.2389051353491,5.03278692116507e-228,1.06359563600622e-225
100861518,26.8175101483705,2.01274650963389,0.360722490973153,5.57976438952816,2.40844599022809e-08,9.81288345616917e-08
8974,493.842989718398,2.37783689197197,0.0966083006303105,24.6131737796652,9.12961573389779e-134,8.06313126906236e-132
3659,600.262492083812,-1.84911437324483,0.0926472318392883,-19.9586575500973,1.26053144478966e-88,6.67968782325555e-87
134548,29.3805141100544,1.66626309019592,0.328274808660458,5.07581771807346,3.85833048953747e-07,1.39355204171453e-06
134549,450.031244119943,1.2273429665448,0.0931957579976304,13.1695153611606,1.31438669169352e-39,2.56688586919069e-38
56951,565.524718833961,-1.10501223673549,0.0915779244734336,-12.0663603492788,1.59012890165341e-33,2.56411635541181e-32
101928005,4.88864131068579,-5.73045949818962,1.29560124848395,-4.42301171359255,9.73344620595444e-06,2.98476657536886e-05
9499,8.53854906113288,-3.85831168525532,0.923057281593105,-4.17992660065068,2.91603201411865e-05,8.42261638702152e-05
51308,547.031997966674,1.19418654042904,0.0962203684533911,12.410953726575,2.27921532842892e-35,3.95896580335324e-34
1958,2806.40808206906,2.60932199826132,0.0704422541360835,37.042000291764,2.41588056697928e-300,7.94198367129929e-298
109616975,99.3240924850456,1.07073788283709,0.204536522703864,5.23494713160515,1.65032094732936e-07,6.15990274537232e-07
26821,172.347943335225,1.5470354289347,0.182204811259662,8.4906398367824,2.05502519169167e-17,1.63885027865726e-16
389333,105.288014551491,-3.50252399868136,0.265035457153662,-13.2153034778689,7.1596970104776e-40,1.40285807207504e-38
202052,64.138689372025,-1.32465578003924,0.217238088380733,-6.0977142172124,1.07595880310692e-09,5.01718431120412e-09
9542,26.0539990749037,1.24648103773846,0.311164832154791,4.00585448267621,6.17936847016117e-05,0.000170071548964808
1839,122.953770808063,1.38253176246178,0.188605914651843,7.33026726661179,2.2969419208796e-13,1.42471394058192e-12
54661,11.348992699388,3.7276046482984,0.750804862021352,4.9648115467217,6.87678123128698e-07,2.42023434611036e-06
56128,21.4166014797848,1.40579965564792,0.364109629445889,3.86092413372122,0.000112958976136003,0.000300052034171229
57717,13.6762043116028,1.20443519736579,0.452871203663381,2.65955350577125,0.00782443008999329,0.0154281109582984
56125,19.0400270911458,1.66915185604746,0.386000002692369,4.32422757617887,1.53067222998247e-05,4.58994821396095e-05
56123,29.3542446134043,1.18359433093444,0.318085347654423,3.72099607750663,0.000198438521007708,0.000510089867496212
56104,23.8021148686056,1.71345963792813,0.352357899669064,4.86283872033923,1.15714128273264e-06,3.97553165300365e-06
56111,17.449224512747,1.7722108199481,0.416514079457161,4.25486413870525,2.09175986401237e-05,6.16314043252242e-05
56110,12.5074164426947,1.17504480132449,0.455717484485094,2.57845011729614,0.00992446275411998,0.0191978928638049
56109,12.7912339563478,1.03723715384553,0.43167207366569,2.40283589586297,0.0162684861767223,0.0302564868108093
56100,29.2614907097382,1.75480386377028,0.315583623597639,5.56050356404936,2.68997358692013e-08,1.09133814061308e-07
56106,56.3383187193789,1.74835309166027,0.229083961280074,7.63193146255559,2.31262383746961e-14,1.53299844521137e-13
56105,22.176998641951,1.06390764861324,0.356206265263823,2.98677410355277,0.00281937966025402,0.00601044341530533
5098,119.06993667352,1.00689776054642,0.147893254533866,6.80827373581025,9.87767860619206e-12,5.43211123349199e-11
5097,36.0299203383767,-1.40657425227522,0.286150205988119,-4.91551018605112,8.85515459681883e-07,3.08470770021052e-06
2246,68.8545655700647,3.68884019847647,0.289593407092073,12.7379978553989,3.63606494113122e-37,6.58647192193485e-36
23092,64.7435747093319,3.37735176985002,0.271834249523275,12.4243055309366,1.92894216700086e-35,3.35382775206653e-34
57528,47.2284529850352,-3.45274105239197,0.321431965863298,-10.7417476140515,6.48058667293409e-27,8.2115185309012e-26
107986458,5.30077965020369,-2.29793017804812,0.789642069607435,-2.91009087090625,0.00361323685141079,0.00757018536365447
153769,78.3797884140053,-1.63656731606476,0.203154975535681,-8.05575798352686,7.89877825144646e-16,5.69533353044994e-15
105378215,45.7647570333441,-8.04337264404023,1.19117310339379,-6.75248007289935,1.45339030043197e-11,7.90943734312335e-11
5521,32.3322735709579,-7.72088588282362,1.19583565261282,-6.45647741473004,1.07168166825137e-10,5.46995197665275e-10
107986461,18.1327620493955,-7.96195431478759,1.21066338535719,-6.57652193919993,4.81579971059366e-11,2.52481029127167e-10
202374,7.92417658401036,4.78046197728856,1.10098257235259,4.34199604728859,1.41194074056231e-05,4.25042767957642e-05
1809,195.065626684209,5.0217586082683,0.251111088893021,19.9981555191602,5.71471698420223e-89,3.03735496717239e-87
5159,34.220361485299,-4.49855715084801,0.52462988898096,-8.57472524027557,9.9323624019178e-18,8.06953305990137e-17
340075,5.31796231714374,-2.70829900410583,0.994822798118963,-2.72239338425572,0.00648109421720322,0.0129826658252981
2878,9.66562952775217,-1.74076365084827,0.592819221153639,-2.93641567063346,0.0033202908229897,0.0069952293721473
26112,34.6415245683808,1.42166769810468,0.298258038545542,4.76656959536601,1.87389020745959e-06,6.27292079253679e-06
6678,620.151937077547,-1.67024026808436,0.0810949858414044,-20.5960979061124,2.97468343624657e-94,1.73705856448188e-92
101927096,7.86685006143947,-1.59476498789154,0.689828830453001,-2.31182710476784,0.0207872130997805,0.0378398899658843
9421,4.07328976303754,-3.89560696293493,1.32267226068686,-2.94525490457625,0.00322688693737049,0.00680814082626585
26999,265.55408233566,-1.67909335278361,0.122972917590278,-13.6541718752906,1.90644257328242e-42,4.0433893143261e-41
348938,84.3063517918972,-9.77276092241033,1.18582181758409,-8.24134012167245,1.70292375657323e-16,1.2831198016421e-15
8728,230.034657207015,-5.04290481219317,0.234222865728669,-21.530369362123,8.08863996123331e-103,5.33790098854326e-101
102724458,3.89430430127292,-2.65544208802311,1.04315532565167,-2.54558647473158,0.0109094339161369,0.0209502672954633
30012,291.139481849624,-8.92047648844561,0.837181593660394,-10.6553662383364,1.64595519429717e-26,2.04758210295468e-25
8817,103.751444737743,-5.1231524472873,0.371148823529572,-13.8034990884973,2.4277643019469e-43,5.2622309997755e-42
153222,28.8493304214787,-1.69090007572412,0.328458997112668,-5.14797917118435,2.63307721347269e-07,9.64755143314081e-07
1482,202.069920193106,4.71570465534056,0.241000293457288,19.5672154074631,2.94330086381484e-85,1.46357078247734e-83
8614,974.259081444151,-1.8796310627365,0.0740405657652731,-25.3865032406072,3.55464471002301e-142,3.41092177796371e-140
4488,15.0834678973957,5.29431526587056,1.07242633454181,4.936763575591,7.94296645616223e-07,2.78058648254372e-06
285598,217.345667053047,-3.91074235934719,0.184944020427461,-21.1455463675348,3.03258034636256e-99,1.88892513363607e-97
2161,242.039095437894,1.38352976128235,0.137562241713981,10.0574819372236,8.51483351756269e-24,9.37106786136224e-23
23138,99.9330939523511,1.06960927966097,0.185573046957633,5.76381806084786,8.22320609759695e-09,3.51839852119887e-08
112267937,9.68281132850026,1.62660910287608,0.564363866602745,2.88219923197359,0.00394909948753699,0.00821760802986247
91522,186.189000754239,1.96534282555083,0.134923833921131,14.5663132186094,4.60058016150972e-48,1.12803175451824e-46
105377757,5.73250018447304,2.17459500257689,0.715364098273059,3.03984363742397,0.00236701002297423,0.00511742320397498
80108,10.0188288984653,-1.57565257558235,0.566464504729283,-2.78155570636392,0.00540990453050754,0.0109781235968873
30832,150.802162925645,-1.90321604746688,0.168136000991666,-11.3195034748163,1.05065301753563e-29,1.47907948987252e-28
9945,84.6261773555906,-1.09302063657133,0.181557855337447,-6.02023324487845,1.74165914291403e-09,7.97882144645414e-09
81786,73.0949172833771,1.62486503636181,0.224685798960291,7.23172111402099,4.76910806463202e-13,2.88958955425518e-12
107986496,10.5464179537774,2.49159303616165,0.675926439145598,3.68618963819663,0.000227636751259515,0.000579023872812567
2295,5.29114255245633,6.1944786270605,1.28282701689707,4.82877156893985,1.37377888654764e-06,4.67638020977826e-06
2296,224.248717316157,-1.25168427168572,0.130024773756472,-9.62650605360822,6.17949551737795e-22,6.24350622791653e-21
5272,74.3754823126973,-1.51988318649487,0.212764218717693,-7.14350935347609,9.09777282800584e-13,5.39424392928389e-12
7280,442.229009924716,1.71919314998171,0.0974481603528911,17.6421303773818,1.16966879347549e-69,4.48465667856951e-68
347733,233.77365536726,1.14344272069928,0.118317696297804,9.6641732934121,4.28061996559737e-22,4.35470290139167e-21
2651,27.9222674140489,-7.37263034090609,1.19875658151979,-6.15023137688139,7.73699934724332e-10,3.64800032967499e-09
54898,4.57313546467896,-4.7204456770637,1.29448001354827,-3.64659602902992,0.000265737196563183,0.000668940259981513
4739,26.8605439334867,-7.36223243848306,1.19884374048848,-6.1411109637051,8.194631203434e-10,3.85353889068504e-09
100113407,11.5209814602938,-2.69712939262456,0.553227027509894,-4.87526685882375,1.08661461232353e-06,3.74700516666031e-06
54438,401.502756433458,1.03404565556249,0.0884784608098329,11.6869760854561,1.48583132719292e-31,2.24863407675436e-30
29116,88.3526067540592,5.01343086729142,0.480313347784784,10.437833740023,1.66568311137258e-25,1.97919722845288e-24
221662,5.87153065590976,-2.82217734996814,0.987437709294578,-2.85808139936674,0.00426211042151678,0.00882138092605408
10486,351.967355949731,-1.33609334712109,0.0955097889595358,-13.9890723419685,1.81767360487189e-44,4.06389695638359e-43
7172,256.188242404267,1.17778816371387,0.112350724941839,10.4831380867687,1.03259453463358e-25,1.23855528235239e-24
107986575,10.3349806343136,-5.96830482867455,1.2320740545791,-4.84411209414959,1.27179121001245e-06,4.3492270391333e-06
105374959,7.89338826976106,-4.75476805953561,1.10040493504741,-4.32092578658851,1.55375928759037e-05,4.65681831391258e-05
100506885,48.2969977845594,-3.80929630122254,0.392770054502854,-9.69854055203913,3.0584195871176e-22,3.14014253964787e-21
154141,43.9067948803369,1.03296850587755,0.251029194617157,4.11493375283667,3.87290629754064e-05,0.00010963456002861
6659,628.075950296673,-1.10395176461988,0.0769528357251961,-14.3458230514359,1.13149891087859e-46,2.68893824175592e-45
7915,305.535623254869,1.23693276250181,0.100698455422787,12.283532625287,1.110415424381e-34,1.87199379046644e-33
9856,18.7650742021961,1.99633248007549,0.441319416182668,4.52355461117799,6.08096199065567e-06,1.91399356840637e-05
9750,11.4146618979028,-5.77742964991669,1.24739400195822,-4.63159967167311,3.62851242526513e-06,1.17529238818687e-05
55604,263.852897145581,2.10871827521496,0.114449026997513,18.4249558998941,8.28581823860021e-76,3.5443336234128e-74
10475,20.9088354372112,-3.04362031004711,0.494234517259472,-6.15825120212964,7.35526226589993e-10,3.47354657473412e-09
3018,8.29553802934245,-4.58287015025101,0.928736292880207,-4.93452251773059,8.03470760926274e-07,2.80882492082773e-06
8353,32.1338713209373,-1.38242818187032,0.28841608014042,-4.79317304776232,1.64163903439713e-06,5.53932258859872e-06
8968,529.062858579623,-1.68783323431334,0.104792978004764,-16.1063581401095,2.30187795916928e-58,7.03320783669073e-57
8345,495.920906608278,-1.41396784306048,0.0877400064981446,-16.1154289758387,1.98779752977501e-58,6.08403133595965e-57
105374985,23.524956692955,-1.19424840271422,0.425303310529173,-2.80799225669864,0.00498514254638728,0.0101754916044
11118,147.669271815728,-2.15040111867173,0.160624307213094,-13.3877689870368,7.12901530854987e-41,1.44964810718645e-39
11119,88.0407653434892,-2.3143289394745,0.219299364833395,-10.5532861038276,4.90509374796011e-26,5.96814422301493e-25
10384,53.3007791336641,-2.79552912931041,0.294147609111243,-9.50383087510727,2.02307673236063e-21,1.99520323071478e-20
107986583,16.5310007646188,-1.18548342930003,0.408424078445364,-2.90257967603791,0.00370103001442534,0.00774315672552489
493812,21.6967530314273,-1.12689310317773,0.34889027210613,-3.22993557938738,0.00123818113609222,0.00280827493562947
100189162,5.09767541957431,-2.48193945754679,1.01275171374746,-2.45068897327552,0.0142583097160329,0.026824238456869
102724851,18.8877433501833,-1.2725622182848,0.373843199656791,-3.40399991079973,0.00066406775075549,0.00157432301167354
100189303,4.69360635038774,-2.4202717551126,0.905259761616401,-2.67356603897984,0.00750494980505088,0.0148559175891239
100189372,7.80718482887756,-2.8280483228384,0.780035898796189,-3.6255361159696,0.000288362590279349,0.000723228694919327
100188987,13.2877476138842,-1.02541716257065,0.461088122442499,-2.22390712894264,0.0261546933343664,0.0466256392921944
10279,44.5921837803954,-1.33682816575272,0.258241670689867,-5.17665550327924,2.25898776730434e-07,8.32846331156523e-07
7754,13.6456432106155,-4.08820834032994,0.796283976125914,-5.13410851266896,2.8348451015814e-07,1.0350508071426e-06
105375001,30.3773073760078,-1.00328546367571,0.312573607128762,-3.2097574484669,0.00132847020846947,0.00299695045631592
100507173,9.88988506387488,-1.37781577283316,0.556230364536531,-2.47705961536493,0.0132469773429642,0.0250597124672102
8356,16.5637319056065,-4.47665916518538,0.707160805533305,-6.33046844530546,2.44418001771315e-10,1.20995771540557e-09
80317,66.2471171341778,-1.1408198367288,0.205431159865149,-5.55329501852427,2.80334354275714e-08,1.13592683339477e-07
105374997,27.419180540099,-1.52962680901814,0.32502799466753,-4.70613865301906,2.52452848557698e-06,8.30684516699956e-06
114821,48.2240935317523,-2.99611331927365,0.35360397616573,-8.47307587364178,2.38996801543029e-17,1.89913662533207e-16
100189178,7.44899688251952,-2.40234566180643,0.668755927184222,-3.59226073991066,0.00032782159612868,0.000813914541884801
100189082,7.84195355695731,-1.74215075799548,0.635570451556509,-2.7410820527118,0.0061237212857602,0.0123182209931802
100189066,36.8836470461354,-1.49419329534979,0.285681377807953,-5.23027894507793,1.69254454786889e-07,6.30689563681119e-07
414761,19.3996155085368,-1.38290751554439,0.399531245889317,-3.46132506474224,0.000537523336488666,0.00129331990639019
3135,17.1647379106092,-1.13797057167855,0.421638177076293,-2.69892678971678,0.00695634774900414,0.0138471725992735
3136,64.0288884018391,-3.32907929931593,0.313890219299476,-10.6058713990694,2.79843004452422e-26,3.42605035519958e-25
3105,93.2319225988727,-3.15578842338015,0.244515811965449,-12.9062754592986,4.14888462608358e-38,7.72023059562219e-37
3133,631.123478345537,-1.39608262315775,0.0849176818571812,-16.4404231559895,9.82306572256863e-61,3.182099684435e-59
3107,2260.94310184463,-1.69536048689013,0.062789785816073,-27.0005776394312,1.45499406844513e-160,1.69927991467355e-158
3106,1377.2420446297,-3.65100599029593,0.0880809509356991,-41.4505741764895,0,0
4277,495.041968345477,1.24995434888845,0.0829076051308473,15.0764739485085,2.31295844436724e-51,6.11006522387012e-50
4795,182.4745518571,1.04840751437565,0.125808335080554,8.33337086691723,7.8572544414333e-17,6.03818098893177e-16
80739,9.10368281711031,1.75689576120874,0.758650207939023,2.31581793931302,0.0205682113210067,0.0374796640700586
80737,16.853258309542,1.00470603872481,0.429781979892862,2.33771094585041,0.0194022479699946,0.0355888309530217
50854,707.859992500314,1.44152165320866,0.0757476507900118,19.0305790103624,9.51950599011608e-81,4.36667365210699e-79
5696,12.5005705120983,-4.5856019380575,1.24806910671346,-3.67415707462926,0.000238635903867872,0.00060457607613279
100507463,81.5318318885276,-3.6465656472822,0.295783020363442,-12.3285158248824,6.36075016806291e-35,1.0805362390761e-33
6890,744.020421978663,-3.87687157807669,0.112209394241328,-34.5503298033918,1.40919707932379e-261,3.84862562340861e-259
5698,176.930025386721,-5.96161978073697,0.398946252656067,-14.9434159139139,1.71931130780249e-50,4.45565172789925e-49
100294145,247.358999288589,-1.14072858437952,0.11276116083662,-10.116325301336,4.67644486122807e-24,5.20478051263453e-23
3113,7.02272687021566,-4.04689684199437,1.12173667549136,-3.60770663063298,0.000308915497681176,0.000770855765369164
3710,1116.8582800461,2.82210447956495,0.0941477752367579,29.9752646567385,2.06213932338943e-197,3.51991319892395e-195
101929188,57.6805190917877,1.67802894469477,0.234375046835432,7.15958873332198,8.09194536924209e-13,4.81879282773518e-12
29993,40.5338815967436,2.5333417952864,0.332179181068694,7.62643157568179,2.41340931209813e-14,1.59861351150619e-13
50619,141.856149446528,3.72817402265894,0.223219317384815,16.7018431305021,1.2707789725976e-62,4.27251293968798e-61
7005,202.907469266109,-1.15556130910579,0.122304511162339,-9.44823128863964,3.44604209384206e-21,3.35017191948983e-20
51513,4.57387792721229,-5.54403378660348,1.30168876632755,-4.25910857496671,2.05243765186498e-05,6.05431591822984e-05
1026,1017.69483939394,-2.43495572853737,0.0876955503423756,-27.7660122894601,1.11657338944373e-169,1.41581505781466e-167
5292,539.988638217225,-4.73894548354728,0.169388814123473,-27.9767321594974,3.1187326969847e-172,4.10101798791647e-170
266727,32.1358177017043,-3.92438663053362,0.46709546130118,-8.40168007542083,4.40135585596424e-17,3.44046099317821e-16
8645,147.53741098317,1.58296395483379,0.146638738714073,10.7949916148718,3.63495703784269e-27,4.68271098227746e-26
23500,8.20862970896841,2.53937084561277,0.733278430966921,3.46303769260509,0.000534113568425096,0.00128554124799474
4337,85.7859907133711,1.74700343275939,0.193290821186731,9.03821206839243,1.59255179098981e-19,1.417802376813e-18
4188,35.4150655392765,-8.37988869606523,1.19761017747115,-6.99717558660036,2.61173894348015e-12,1.49608227572312e-11
29964,74.0177540350683,1.12700458507222,0.202680915336732,5.56048695161963,2.69022966613499e-08,1.09133814061308e-07
2979,5.68865855895738,-2.07536557133947,0.913923785870003,-2.27083002261927,0.0231572697386897,0.0418027102299389
5961,117.735957940451,2.0875760269853,0.171480644180485,12.1738289295677,4.2850001736608e-34,7.03675514179709e-33
116138,650.395901544906,-1.02402982810376,0.0740023195096345,-13.8378071780633,1.50735060754938e-43,3.29944364799218e-42
89953,52.3823982759453,-1.27323282188097,0.240747787647923,-5.28865845173618,1.23216723871885e-07,4.66782603963659e-07
65989,115.894509551994,1.88929102200997,0.176296031376825,10.716582825235,8.50891631075792e-27,1.07051936462491e-25
221424,68.9920925713086,1.73602601047367,0.210355901437234,8.25280393187195,1.54720777945838e-16,1.16827020420864e-15
202500,31.8757187523033,-1.25915985313268,0.327500595321626,-3.8447559214239,0.000120672488830111,0.000319108896426656
860,157.163017532063,-6.12774766146531,0.386429745511145,-15.8573394844641,1.25081529262787e-56,3.70074551245501e-55
27242,377.271842104708,3.09174260962168,0.118036369263506,26.1931354625084,3.1817627201932e-151,3.44406413468717e-149
221391,14.0649548771164,7.4715980327351,1.22198701325505,6.11430232211121,9.69803004647622e-10,4.53648035270213e-09
442213,75.4816856040831,3.32992981088994,0.269603281533427,12.3512213647781,4.79774654377985e-35,8.18938429280576e-34
85315,32.6245179313347,-1.0928495924271,0.303530744572337,-3.60045765369462,0.000317657563102671,0.000791002533342491
401264,58.1226655978678,-1.05365168811096,0.237296503989013,-4.4402326641936,8.98616721322722e-06,2.76900608174292e-05
653,5.99382786793991,-2.59277624308381,0.813939827099777,-3.18546427728247,0.00144521945215783,0.00324220089911611
667,833.665681163931,-2.06183716939765,0.0718653030649288,-28.6903009027154,5.04126586874303e-181,7.33545505753494e-179
221336,7.60434725806884,-2.41351587756713,0.737735073237648,-3.27152112610709,0.00106970596079139,0.00245095541034245
105375101,24.7097640689544,-4.10326097367654,0.637808447805178,-6.43337507961309,1.24801169619195e-10,6.33897099593692e-10
577,10.2792580273293,-3.7100639290902,0.809934854396751,-4.58069424837075,4.63434949143494e-06,1.4817898445957e-05
79627,96.4192131565675,2.61699630222615,0.231854005235836,11.28725940949,1.5169298655807e-29,2.11868914034528e-28
22999,4.99776479896795,-2.14828677023528,0.83032909509933,-2.58727146009292,0.00967393455385133,0.0187398173504986
100129128,9.1400097372341,-6.41496671328735,1.24587835207176,-5.14895110154212,2.61947153083299e-07,9.60166397178344e-07
1303,7464.338539889,7.98834068482628,0.108507122090527,73.6204272210047,0,0
55754,2168.65238501359,1.74014081388871,0.071256269269407,24.4208801798134,1.02639547564556e-131,8.84493809886406e-130
100506804,12.1813407739038,2.23093114258529,0.551634857085703,4.0442171373494,5.24982477804529e-05,0.000145787932436566
27145,864.176923756175,7.89250317309553,0.289529301605901,27.259773464444,1.27277658074112e-163,1.51639797726956e-161
101928540,5.56042472714739,6.23696640538823,1.29098149509356,4.83118187913004,1.35724945566599e-06,4.62543527298574e-06
4646,469.188388526095,6.51006648489812,0.257739859840908,25.2582836388462,9.1847550760394e-141,8.67275383563039e-139
83699,63.1350023798718,-2.54191276939398,0.25449246916449,-9.98816498476045,1.71731304193664e-23,1.86115635656039e-22
55603,44.2963327083639,-1.48473891747522,0.275080020355022,-5.39748003347896,6.75833920173386e-08,2.63274166138204e-07
4199,73.0804077752232,-9.71972944846266,1.18653968428928,-8.19165981311839,2.57648011731154e-16,1.92175105220649e-15
134701,20.6525330289848,1.22699536783912,0.368289311703163,3.33160732296261,0.000863459987642276,0.00201051176555951
112609,47.772692671773,1.44353899688466,0.251901839873847,5.73056154574966,1.0009869952158e-08,4.24600266166567e-08
9096,17.0407432167977,-7.65882189957861,1.21570618206298,-6.29989549496411,2.97846390056293e-10,1.46261939592789e-09
206412,11.901905190585,-1.19343156150863,0.510137956670933,-2.33942906208499,0.0193132389135413,0.0354512064102146
154313,27.9259288079465,-1.8593342265227,0.350960697334382,-5.29784172599588,1.17179467264045e-07,4.45337166103902e-07
135295,80.2324747924417,-1.15668782800853,0.191776866556475,-6.03142521190325,1.6251993469179e-09,7.46649555033296e-09
2045,657.524694515748,-10.2904599770048,0.724452349717795,-14.2044676658353,8.59533226482277e-46,2.00241913865005e-44
100861530,46.1232822287671,-1.09530680339918,0.281253536605305,-3.89437521966622,9.84521549164221e-05,0.000263687787277659
101927314,5.08552402283254,-6.11293773770003,1.28519848007444,-4.75641531831408,1.97060845651408e-06,6.58055705794542e-06
5454,235.801759566968,-10.4744073526396,1.18153991661568,-8.86504738887002,7.64715399199536e-19,6.54859033602998e-18
2898,18.4982559996129,-2.69977865425622,0.476218339870693,-5.66920344770696,1.43462931352249e-08,5.97969935986177e-08
105377917,47.6050485436635,2.60593193915189,0.269568208994946,9.66705958713683,4.1616328255803e-22,4.23851439585206e-21
102724443,17.0095157383526,-1.09871654281092,0.369534248053594,-2.97324686033315,0.00294667354179109,0.00626534300082351
105377918,138.233025896103,1.61889936185588,0.153376316641828,10.5550804537601,4.81227150157249e-26,5.85922110397222e-25
389421,1484.53285881499,-1.74467354605801,0.0720322363036937,-24.2207327661233,1.34558838671006e-129,1.12673986041873e-127
639,8.06039174226274,-5.38754970911698,1.27253339138297,-4.23371971658981,2.2985739366314e-05,6.73115877978894e-05
100133941,7.01665972100896,-3.29368373932286,0.953977193004107,-3.45258121837372,0.000555250293561825,0.00133182045822315
55084,183.750312567023,1.29341155674901,0.129474000757319,9.9897396325408,1.69025123231596e-23,1.83294684643084e-22
7101,9.32670923911614,-6.46639011423264,1.24650879756942,-5.18760086318004,2.13020555365275e-07,7.87656925399784e-07
27244,146.014449471464,-1.40765778076807,0.151676765391793,-9.28064214141155,1.68460197883656e-20,1.57810313078136e-19
2534,17.7557708998487,-2.71812891763338,0.464561605390057,-5.85095471966775,4.88759283892759e-09,2.1396929242082e-08
442247,12.2624550661548,-7.0184060254925,1.23266235395069,-5.69369706391896,1.24317577671123e-08,5.22958682184309e-08
4082,14.7971820170377,-7.30090574632743,1.21907542275773,-5.98888765209597,2.11281041041578e-09,9.5998490928336e-09
23270,91.4735914258719,-1.27590188057776,0.181885044650402,-7.01488065184332,2.30145324446059e-12,1.32346608343584e-11
29940,196.903164727816,-1.76496940427106,0.133370655363795,-13.2335662553112,5.61581724528335e-40,1.11015576545958e-38
100287467,11.0459314087569,-1.72513964689025,0.585682908354111,-2.94551816739582,0.00322414213083536,0.00680396708352227
79632,23.3181373012345,1.61642226306305,0.354323556864248,4.56199491043817,5.06698758197295e-06,1.61083745621748e-05
105377979,53.7823473487489,-3.27469815404698,0.298405100908625,-10.9740019325264,5.09655625528307e-28,6.8230819490034e-27
105377978,4.21806202094447,-5.65031906337447,1.31997724904842,-4.28061852387822,1.86374594874124e-05,5.53542213184783e-05
3298,654.278584245483,1.67936376646668,0.0955449606192969,17.5766859453549,3.71675583460915e-69,1.40982584564063e-67
5570,11.5367829599189,3.27731695517447,0.660847054339376,4.95926694937104,7.07596777873432e-07,2.48737782194241e-06
10924,7.93755702369044,3.07206218722492,0.801312901064824,3.83378600686774,0.000126185927664605,0.000332845852585746
154214,30.5197778511759,-4.08406970977749,0.490306489666167,-8.3296260519786,8.10981072109999e-17,6.22687542910757e-16
101928096,18.9267131373412,-1.9158851643651,0.416330871935227,-4.60183304557625,4.18788843766753e-06,1.34582540813675e-05
84456,21.604780788813,1.71474465564352,0.36531895160532,4.69382890788562,2.68138317384242e-06,8.80501555716809e-06
1490,191.990574210098,-6.96537969080917,0.521987212891751,-13.3439661332348,1.28440128843248e-40,2.59688971210174e-39
8417,147.034367822682,-1.00487086398588,0.139804267462941,-7.18769807403945,6.58927714217598e-13,3.95312091341359e-12
105378008,5.86983436556076,-5.96613698459191,1.28359300391128,-4.64799743097094,3.35173087301115e-06,1.09017176621681e-05
2070,494.48477492535,-12.6672512825698,1.17977247297862,-10.7370290227134,6.82039842999712e-27,8.6213418498665e-26
100507308,17.6155285745628,-7.98061177005058,1.20941991991082,-6.59871037235691,4.14749647063299e-11,2.18346255476503e-10
154091,8.27216563379785,-2.31752859286054,0.648199238695769,-3.57533371610185,0.000349781438007019,0.000865048772290416
4217,86.3966216011968,1.58917491406217,0.173634137855591,9.15243358068138,5.56651687068088e-20,5.07794488634774e-19
7128,20.7690397973367,-1.36009554753655,0.400416454679435,-3.39670243727975,0.000682030884000989,0.00161410641951547
64065,293.535459111497,9.73077541430973,1.02586734119724,9.48541299984601,2.41425136526775e-21,2.36914263329094e-20
57221,15.952546784599,5.75612385969114,1.06569505585891,5.4012860696364,6.61648128302289e-08,2.57861198103672e-07
23593,157.115419350872,1.27075702588223,0.141888367552213,8.95603387229474,3.36566638310609e-19,2.94466779856576e-18
57224,60.6328881035756,2.079654655979,0.22685869561174,9.16718069973501,4.85551438137964e-20,4.43847020073385e-19
58527,191.774537281867,1.73036203363809,0.14571916222628,11.8746361645361,1.60330093997273e-32,2.51207398820794e-31
51696,213.072282883375,4.93263984354596,0.237588296424346,20.761291350547,9.69268357818776e-96,5.7739771436238e-94
10370,976.108523341828,4.99662520803585,0.123281327710939,40.5302676472755,0,0
100507477,31.8715560089173,6.14517065325944,0.862860638748201,7.12185766426265,1.06481993059052e-12,6.27996126506406e-12
105378027,23.6212896093363,8.54959379076245,1.2016402710824,7.11493613896714,1.11964666077491e-12,6.5903466654564e-12
105378026,9.1272763399852,6.80841025687154,1.24961914735304,5.44838823196107,5.08283158810765e-08,2.0055662669946e-07
57211,112.346840633563,1.70857454578833,0.166014944191706,10.2916912336238,7.6815148698672e-25,8.86620623991434e-24
3097,14.7679742954452,1.62887874920383,0.417480881591785,3.90168465438031,9.55255507278131e-05,0.000256042514950949
285740,7.14706767611219,2.17625881962848,0.681846314951544,3.19171457248857,0.00141431017769028,0.00317687388009084
5325,218.124978539233,1.07289047389879,0.125094241032548,8.57665760664099,9.76698084664267e-18,7.94243902838299e-17
57061,21.6579302620726,1.40284353142913,0.377774990111133,3.71343674978708,0.00020446358302112,0.000523984051651643
7402,196.888781366117,-1.67113556514202,0.122714230885229,-13.6181073139349,3.12563492877553e-42,6.60550848281229e-41
7957,26.8160790623797,-1.19469626523552,0.336353649723275,-3.55190516356348,0.00038245267846074,0.000939745026463829
10981,94.3298493090286,1.00005086295132,0.172053309055143,5.81244771427675,6.15659163146376e-09,2.66890878246019e-08
10090,10.6392476580147,1.73951043015273,0.528378623768274,3.29216654857637,0.000994187165152862,0.00229264881213219
80329,22.0222514377996,1.16735439039657,0.358483336113494,3.25637002559861,0.00112846582645572,0.00257822546229647
23345,64.2859549468443,-1.31288534061493,0.201656824972857,-6.51049296641281,7.49045762359853e-11,3.87217832656148e-10
26230,13.8765707706318,-1.128483888417,0.430289439037357,-2.62261581632504,0.00872576049929159,0.0170425459768318
105378077,7.53088421431482,1.37023781624358,0.554700002825752,2.47023221428397,0.0135025370062982,0.0255078255758013
56895,37.4495318594578,-1.76251018173819,0.285679293498602,-6.16954123679537,6.84884134181941e-10,3.24561215963637e-09
100505879,10.3374186614151,-7.08933965909462,1.23649879107626,-5.73339797034819,9.84382915827402e-09,4.18156628900886e-08
56975,442.015259908004,1.26217532446281,0.0880532769906039,14.3342231839651,1.33734569390252e-46,3.16963428012783e-45
5154,197.056829844497,3.75133875441148,0.182867587135111,20.5139621142363,1.61580519765071e-93,9.22307841437153e-92
441307,19.1310949822527,4.47409142270975,0.707578904072916,6.32309894621829,2.56369021052176e-10,1.26594238156279e-09
11033,62.1395626085022,1.00647771115973,0.202371844022177,4.97340781778634,6.57860632754654e-07,2.3231235235052e-06
7975,282.083649079483,1.31621645107796,0.112693517552568,11.6796110340951,1.62035290059148e-31,2.44596128327381e-30
100128653,31.786807000941,1.10242314188682,0.310981287351155,3.54498224403445,0.000392639534769257,0.000962460234910778
202915,67.7949602905726,1.35456207514384,0.212117671569988,6.38589922809382,1.70393186256025e-10,8.56161857463051e-10
55501,271.547550836263,-1.04477140810705,0.111617503080904,-9.36028292399415,7.95234604131875e-21,7.5816351732272e-20
54753,60.7648249153994,-1.14736024578887,0.224092629613946,-5.12002669505677,3.05492409528216e-07,1.11311602092465e-06
113263,16.2441330376407,-3.14027385693139,0.532906213507864,-5.89273267478058,3.7986066756785e-09,1.68329669761969e-08
3382,6.14351312763252,-6.05027203342013,1.27059596629315,-4.76175920113399,1.91912596905652e-06,6.41467222795919e-06
30010,5.26682108360794,-6.05411549456268,1.28360230067398,-4.71650408493645,2.39931552282187e-06,7.92568834408893e-06
105375148,11.4107187877606,-7.29037576309671,1.23365532927367,-5.90957262543424,3.42996434339091e-09,1.52794798052385e-08
105375147,9.86041607514753,-6.95060948378812,1.23328808526792,-5.63583607659533,1.74211035160644e-08,7.2138891909768e-08
105375146,63.2642701462874,-9.71882843405459,1.18973195991912,-8.16892271660527,3.11155398244491e-16,2.30343228925613e-15
105375149,8.55245660971927,-6.41498309588981,1.24708761956447,-5.14397143813371,2.68990447634469e-07,9.83951870267277e-07
85477,10.873344128517,-6.975044265453,1.22940380532576,-5.67351771259958,1.39894628820906e-08,5.84056785237237e-08
10124,80.9231012150468,2.71830105658774,0.240530839246346,11.3012579389195,1.29351682404229e-29,1.81521823402361e-28
2115,130.458530367291,-2.82553482203524,0.192314565234,-14.6922559848613,7.22671498701387e-49,1.81198650352359e-47
1607,8.62316543881043,-2.49237068127775,0.616713217145867,-4.04137711335647,5.31382249889821e-05,0.000147461274035393
392636,24.3313449279411,-1.03247308503079,0.352825199641898,-2.92630199339137,0.00343017783511489,0.00721304393851689
4223,2882.80482638638,2.00713540238031,0.0529849996106522,37.8812006630041,0,0
105375166,241.304832267183,2.01421247439085,0.211930584091265,9.50411420337261,2.01757754801558e-21,1.99088586060992e-20
729920,220.178834770596,-1.35997892500272,0.116556830610579,-11.667947025314,1.85854149309762e-31,2.79600242249737e-30
100506025,9.20239057929203,-1.41219813283347,0.508916188271207,-2.77491297266594,0.00552164811658523,0.0111895316627421
25928,408.3683809935,1.22392326626781,0.0873371897367964,14.0137697349352,1.28404144024998e-44,2.87806864233808e-43
57037,426.579226378425,1.6951983269804,0.0922275371627268,18.3806092966505,1.87846877877387e-75,8.01600426942157e-74
105375169,18.8140115014983,1.15207825974328,0.369682999389873,3.11639502396561,0.00183076849794246,0.0040397516936575
28969,1985.87791974921,1.04037573787519,0.0642476026028927,16.1932227153384,5.63010157413883e-59,1.74121190146537e-57
27075,406.731805980569,3.32819373623588,0.146985863333661,22.6429512386563,1.63707994258373e-113,1.21089346419777e-111
9734,473.683063285816,-12.537364787347,1.18018125021608,-10.6232536612928,2.32319576519102e-26,2.86001187404099e-25
107986698,7.48999111459106,-5.67607820472006,1.25085289074991,-4.5377663885936,5.68531900131766e-06,1.79679157755726e-05
7291,771.591215030538,-9.56977010623548,0.592736466911842,-16.1450672270832,1.23014412523898e-58,3.7781173894883e-57
109729180,24.2040883549505,1.31297855817716,0.353044858097123,3.71901340031969,0.000200002442503632,0.000513738005979522
136895,85.929805130558,2.5668170872215,0.206864428227187,12.4082091310668,2.3586959319931e-35,4.09301761336672e-34
105375195,3.71364688909555,5.48793285906272,2.04721501343964,2.68068220633168,0.00734722536789408,0.0145631916849995
646588,47.9259462690332,-4.36404056796538,0.428254058385889,-10.1903075581202,2.19070044317326e-24,2.47702638644661e-23
9603,445.222312025016,1.38777640397393,0.095621802081836,14.5131797744853,9.99764740601501e-48,2.42788285569875e-46
223082,69.9416804073946,-1.24121109258805,0.21391956129938,-5.80223278810384,6.54376259553901e-09,2.82846052096441e-08
222161,20.8817164566759,-1.62200658211103,0.366641051456226,-4.42396337144666,9.69064573180336e-06,2.97266879265549e-05
27241,50.4057809284978,-1.02135374997963,0.251381868634218,-4.06295710795988,4.8454935826507e-05,0.000135225911144813
168667,14.8207734893206,-6.60308171057889,1.22349474660985,-5.39690238055796,6.78012528201157e-08,2.64064905674132e-07
80820,177.099055941625,1.50033227792648,0.136933892206911,10.9566174870677,6.17649503022412e-28,8.23161710034073e-27
54749,5.81853197280247,-5.5860682477018,1.27954084180421,-4.36568186430471,1.26726811975313e-05,3.83311359036592e-05
100506776,3.55230165115671,-5.2511748401953,1.35986054810829,-3.86155392734958,0.000112668136242261,0.000299369069686068
101928688,7.56545089050718,-4.81350076966149,1.11135458973448,-4.33120159319405,1.48297827473465e-05,4.45370162968863e-05
79783,96.3534540600848,1.20475717343237,0.176806746042947,6.81397740977446,9.49366191108997e-12,5.22740341953068e-11
105375243,5.66501992103317,3.2243732055583,0.894099151657451,3.60628147290048,0.000310616205273233,0.000774664073617649
112267984,5.87074536820882,2.14569772251017,0.684534722332882,3.13453452762436,0.00172126996091032,0.00381377737719422
107986789,4.10201469483816,5.49012599436481,1.33528386822812,4.11157966107241,3.92961242246535e-05,0.000111115768913037
3624,975.242845979024,11.5430963224017,1.02213132202012,11.2931636803655,1.41837655391239e-29,1.98729444238775e-28
285954,5.14145850518703,5.88402878712346,1.29537524769651,4.5423353561732,5.56344441086302e-06,1.76141011559908e-05
58498,10.0863267403959,-6.33315847166894,1.2400840568641,-5.10703966929797,3.27245067759467e-07,1.18774370126069e-06
816,24.7316152010254,2.31794578635142,0.39717542598515,5.83607553413458,5.34446745934337e-09,2.33108074541188e-08
64759,46.5167026124192,-2.73322088544623,0.293394203158732,-9.315865330739,1.20962448535832e-20,1.1440199181716e-19
256979,5.52132937108665,-4.71651202630299,1.28750577990922,-3.66329386625009,0.00024899260334191,0.000629108553163334
7378,92.0309166216771,-1.26622681551005,0.185983351654719,-6.80828044147105,9.87721831313315e-12,5.43211123349199e-11
2887,393.552857291632,-1.070123629814,0.088110552565369,-12.1452379840664,6.08054110966308e-34,9.94854984135843e-33
23242,15.1226655958622,4.44992865079585,0.715974123163499,6.21520877197914,5.12564549624606e-10,2.45920159052325e-09
5723,541.383239390525,-1.10396270284185,0.0835245465314894,-13.217224740342,6.97918395856683e-40,1.37051408885485e-38
340252,140.797446363463,-1.62924608393107,0.146270806775624,-11.1385594969083,8.14256929968256e-29,1.11447101162656e-27
7697,127.499275489436,-1.17094655956535,0.152259443434174,-7.69046919622809,1.46596421995094e-14,9.83514619522644e-14
109504726,28.04484505919,-1.31905912462588,0.325063012123757,-4.05785670909766,4.95251377308842e-05,0.000138038977076253
51351,32.2911165978258,-1.15898284172076,0.29858395996319,-3.8815977987017,0.000103772403510881,0.00027718442779494
677807,8.87268775513474,1.45488921235215,0.596585650705402,2.43869293643233,0.0147404876314598,0.0276493170365253
26053,9.62619338451723,-2.46661197836322,0.592562023753328,-4.16262244201802,3.1461333949334e-05,9.03870529646507e-05
64409,51.8244474037,9.25882549379292,1.19049779195367,7.77727229430531,7.41049898307865e-15,5.08508612089726e-14
51085,69.6476936776493,1.40047753827346,0.21177808332046,6.61294840483694,3.76739792257384e-11,1.99162739492349e-10
83862,311.358296130507,1.0557531842221,0.0981753882212596,10.7537459576195,5.69027209064667e-27,7.24112617585374e-26
222183,52.822723944523,1.14019037882481,0.234516785766697,4.86187108141207,1.16281347806833e-06,3.99347356600291e-06
136853,8.48634259765491,-4.21839593707375,1.09851029258277,-3.84010597402384,0.00012298121155918,0.000324920962847366
2770,1273.39354358691,6.87466787974367,0.180818229437842,38.0197721276045,0,0
101927269,7.93492924894628,6.83500803391739,1.25237220464366,5.45764909870556,4.82479963221772e-08,1.90884428507085e-07
346562,15.3214531981651,7.77073146724493,1.22100426431044,6.36421320906151,1.96293316478428e-10,9.79645474873504e-10
107986812,54.5806684980266,8.51023974244368,1.19095134795403,7.14574928443856,8.95062962084704e-13,5.31587745163188e-12
948,350.848073617352,12.0432313640339,1.18147200421699,10.1934123881466,2.12182867689442e-24,2.40068213334798e-23
10512,444.424560544535,4.42353482169204,0.146438349253059,30.2074889826008,1.8886251732801e-200,3.35268740760683e-198
105369146,17.577372297608,4.26413407472102,0.667237948426501,6.39072475535424,1.65101335397374e-10,8.30512583160722e-10
3082,8883.37771105694,-1.63109599193387,0.0529326797988324,-30.81453646656,1.67370919101125e-208,3.09496724571164e-206
101927356,84.4177742721563,-3.52023354863941,0.254048289190595,-13.856552861879,1.16118228558005e-43,2.54485283131074e-42
27445,17.8001112937229,-4.59538895250725,0.775083876285072,-5.92889246326818,3.04984728408144e-09,1.36478167348157e-08
9723,7.14525049555548,-2.66462212762457,0.709792971866102,-3.7540835613222,0.000173976822888234,0.000450669277675752
10371,182.186508290657,-1.11201016823184,0.123073392432991,-9.03534180905338,1.63490680339142e-19,1.45478022926339e-18
223117,1038.74956834666,2.96437418245437,0.0798236933020024,37.1365199958746,7.23567308771326e-302,2.4701474740978e-299
261729,42.2943272477421,-3.10196917565171,0.330235793528895,-9.3931949123507,5.82072919334067e-21,5.57935122247212e-20
1021,5.94599495176912,-6.11400018114012,1.26577333366188,-4.83024884356849,1.36362521121004e-06,4.64448863188808e-06
219285,11.7750385762422,-6.96363631653721,1.22914198316112,-5.66544501118417,1.46643448172214e-08,6.10653176625181e-08
7980,7.45669437121322,-4.50228962765368,1.11198080784172,-4.0488914879676,5.14607962353281e-05,0.000143133332050682
1278,488.210824809519,-12.4544034377352,1.180268607664,-10.5521771543048,4.96334511111411e-26,6.03075307409293e-25
23089,13.8191254367549,-3.93759311785564,0.723857205834027,-5.43973740417318,5.33591616242479e-08,2.10075812187547e-07
285987,563.068668067109,-12.6699793482998,1.18003831171229,-10.7369220325695,6.82830477744046e-27,8.6213418498665e-26
1750,488.175122957419,-11.2387843654686,1.18009650000343,-9.52361469204926,1.67257747303287e-21,1.65782218320936e-20
1749,747.40739290712,-12.6776602365498,1.18034634515274,-10.7406273494322,6.55971119218517e-27,8.29992823119538e-26
6863,5.22971612357156,-5.86837330925895,1.30103553832935,-4.51054036294389,6.46626956496987e-06,2.02843642546996e-05
440,1009.81985670972,-2.0844624882301,0.0778369187092195,-26.7798690235564,5.54513447987774e-158,6.39202774589543e-156
107986827,978.63309344463,-2.04392418357031,0.0780653486762639,-26.1822206424317,4.23627666070958e-151,4.55772019884343e-149
168620,23.3434202980711,4.38946842848556,0.601604580788021,7.29626829426057,2.95858664296036e-13,1.81921822257819e-12
55971,335.916295808039,-1.68512831802708,0.106285415575706,-15.8547464757926,1.30352572351062e-56,3.84388515677085e-55
4885,81.8873437088853,5.65520964285066,0.506339069120362,11.1688194487445,5.7945894085261e-29,7.96789707050002e-28
222950,28.1737746981114,-3.19836571674605,0.45309186953947,-7.05897839216783,1.67731149363575e-12,9.7369632554028e-12
7036,212.523461007313,2.17977479727605,0.135922769703245,16.0368627128116,7.06335388771232e-58,2.1360929849177e-56
43,41.2759281173692,-2.17394667707575,0.332761530608966,-6.53304687322883,6.44449631788156e-11,3.3451081472232e-10
81844,377.68929885855,-1.96974155554796,0.105596289508409,-18.6535110723858,1.18250511748455e-77,5.24795771139644e-76
5054,67.0897252363064,-2.51635582805355,0.235559058854745,-10.6824837910616,1.22937612674082e-26,1.53797639195934e-25
7425,271.988892030045,-3.11197431408585,0.147172537528447,-21.1450747968814,3.06303902111149e-99,1.90122617841857e-97
136227,126.195487197644,-1.2047030355044,0.158310869856998,-7.60973037791155,2.74668307883982e-14,1.81328069972348e-13
168455,146.198698759789,-2.06226739286877,0.169253810544953,-12.1844665489587,3.76106222382407e-34,6.20505358711198e-33
5294,7.75101845842813,-6.57892583011238,1.26335173054544,-5.20751717122516,1.91384132403753e-07,7.10466565962239e-07
5577,183.530495803335,-1.17097464158698,0.130122739667103,-8.99900082478066,2.27781204139525e-19,2.01272868884263e-18
26959,135.948743637827,-1.22142114097673,0.164457889070602,-7.42695378056551,1.11127168941625e-13,7.0429471726231e-13
54674,37.9640390837239,-1.63139839063487,0.286927971763869,-5.68574189754301,1.3024597975846e-08,5.46343722276034e-08
9732,19.7644486298472,1.72311087655334,0.388018225105942,4.44079882093908,8.96255544782781e-06,2.76220979704582e-05
3475,717.575346262321,1.3310837650703,0.0755409523868655,17.6206908042867,1.70905199794952e-69,6.53859721284479e-68
54329,4.85315889327052,-5.58388109642867,1.29700467960408,-4.30521276001346,1.66825323924548e-05,4.98566186920637e-05
401397,99.3158441658479,-1.55517053267007,0.188096730567582,-8.267929633744,1.36305298389758e-16,1.03405626368161e-15
22797,4.67096401379837,-5.68341365924876,1.31307059128169,-4.32833824547177,1.50238612952653e-05,4.50893636033051e-05
26136,366.651834861574,-1.20656452637853,0.0989792090328007,-12.1900805044692,3.51074398063171e-34,5.80286100038865e-33
858,14.090703044949,-2.19623256726568,0.516038716149612,-4.25594533614206,2.08167566877016e-05,6.1375031509729e-05
857,12.4541693870537,-3.79765267268315,0.727819365223763,-5.21785054663336,1.8101142441035e-07,6.73227489237909e-07
4233,12.8078331985036,1.63770182076594,0.460552336935795,3.55595160294291,0.000376613408903452,0.000925989090700011
83992,12.5341915929393,-7.22025698458966,1.22551127934286,-5.89162834018246,3.82408488654905e-09,1.69289663107279e-08
3751,6.48995135833019,-4.97427242038828,1.26636179041351,-3.92800261192658,8.56542810105687e-05,0.000231119440112421
23554,41.6734672403814,-4.38836265152704,0.475222851496223,-9.23432582778884,2.59917609275652e-20,2.41194845784704e-19
79974,288.145894790604,-9.32534782279569,0.837419397435312,-11.1358154006888,8.39729686095392e-29,1.14845002985866e-27
401399,28.1203245203147,2.22518889450643,0.353490211046891,6.29490951932262,3.0757921762925e-10,1.50791114922796e-09
107986845,28.2932614214441,1.79509728599324,0.335430635119586,5.35161997160235,8.71703154869744e-08,3.36036360591698e-07
3614,1463.10227303877,1.45543577656458,0.0724053170955287,20.1012278510477,7.19902645040793e-90,3.87263992568611e-88
2318,713.180565368947,-12.0155337567261,1.1800027633813,-10.1826318798573,2.37061411402196e-24,2.67364305921968e-23
110806300,8.95532565546,-6.74563331181232,1.2421728591361,-5.43051094877709,5.61929316020752e-08,2.20840584857215e-07
286016,24.9943983849727,-1.15383401279945,0.382758089475599,-3.01452547843018,0.00257381592178441,0.00552884562482053
100287482,33.8049695265405,1.74845500689083,0.299549812845051,5.83694241129523,5.31674621592008e-09,2.32012976462668e-08
23008,976.388575700108,-1.76334095860956,0.0730002589806863,-24.155269902208,6.57282987256718e-129,5.4779753942635e-127
1358,65.9265024789595,-9.37584104837381,1.18781436667485,-7.89335548669986,2.94168153751151e-15,2.05189511410233e-14
51200,6.39886072966012,-6.07488516145809,1.27516723008946,-4.76399096378275,1.89801007818736e-06,6.35126765466202e-06
95681,118.338882319585,-10.3615655294876,1.18421357148798,-8.74974394734232,2.138373886857e-18,1.79312296832714e-17
4232,17108.0210013312,-10.8593761717865,0.207530642524809,-52.3266156730968,0,0
317751,42.4267602440655,-8.02794717437488,1.19183594699179,-6.73578204671332,1.63050544334462e-11,8.84078577588688e-11
442904,9.96503513305161,-7.42844373315041,1.23157598280934,-6.03165686635543,1.62287085115875e-09,7.457728022203e-09
53844,80.3289986242052,-4.20135345686478,0.360733503909411,-11.6466959994928,2.38528630606214e-31,3.56727906530876e-30
136259,31.9832397594435,-1.46391690324104,0.300029074297311,-4.87925014157255,1.06489935052524e-06,3.67569381110714e-06
105375508,11.9321335679351,-1.69772152418757,0.555235030038393,-3.05766284967679,0.00223070397499115,0.00484397027083093
5420,202.347616985853,2.56512194575142,0.13665202947859,18.7711953897715,1.29928747851984e-78,5.82448265623339e-77
136332,13.8040538273897,-1.47723177490656,0.453834027594903,-3.25500444013677,0.00113390593078878,0.00258961766156727
800,1888.99668399686,-3.62780407052112,0.0756588667169084,-47.9494899665259,0,0
26266,17.8168780704882,-1.40039012485095,0.397747398145281,-3.52080272902112,0.000430242568015358,0.00104898586284969
28996,251.662033388731,2.13173302598834,0.120406824771131,17.704420243955,3.87651846054302e-70,1.49605284332776e-68
51650,124.734380812744,-1.06566085892833,0.153480024424206,-6.94331958133479,3.82991654884908e-12,2.16938987157527e-11
100507421,11.6285643146102,4.40168979534262,0.816063053423274,5.39381090330965,6.89788108204431e-08,2.68474424399146e-07
57189,99.1156309218913,1.61481605178548,0.17170391402482,9.40465487322588,5.2201237542083e-21,5.01719744909073e-20
26047,42.8204491798921,-7.19893920785475,1.03743113755179,-6.93919716429885,3.94334462244684e-12,2.23150314751917e-11
6084,385.431051935895,2.05696272120522,0.553761768598821,3.71452642245407,0.000203584598249489,0.000521806784309114
155054,108.095347500142,-1.85651342137848,0.210040140020998,-8.83885061775756,9.67083201577643e-19,8.24179596466938e-18
100189008,3.58366927202182,-4.76116764147358,1.36432810323931,-3.48975267032114,0.000483467774771034,0.00116991820307189
26157,10.837470788765,-6.72516575949017,1.23437846889434,-5.44822024116645,5.08763359437515e-08,2.00701492371884e-07
3757,130.499722220085,-1.04850136384023,0.148013409980451,-7.08382682338521,1.40227127300223e-12,8.18852619682094e-12
3110,36.1252435721101,7.5794520390097,1.19759955569051,6.32887011605438,2.46962875177779e-10,1.22187429212819e-09
645249,11.4272802269894,6.82919453332809,1.2471004915733,5.47605792754729,4.34905370513146e-08,1.72871476429677e-07
169270,53.4898936616023,-1.8938112408108,0.29941632427851,-6.32500998525792,2.53216208055715e-10,1.25176667374131e-09
9920,20.9539814255148,3.98532333363146,0.617016215918605,6.45902527488385,1.05379513276285e-10,5.38175235811452e-10
107986909,14.4985440138785,-3.67966569041665,0.671252971222703,-5.48178681982451,4.21051412279472e-08,1.67514672137723e-07
389610,44.6378694550501,-2.32966246091399,0.293001047254168,-7.95103800053347,1.84955197310735e-15,1.30653587849589e-14
101928095,37.548302336585,3.593533712108,0.425778021441393,8.43992299072356,3.1754680767324e-17,2.5053737465846e-16
107986910,21.1149177408191,3.49264358099513,0.550085371425313,6.34927551689918,2.16331288772172e-10,1.07481473223722e-09
101929400,36.8859504667816,3.05496180348794,0.376751728943099,8.10868688528126,5.1169716805527e-16,3.73351752047561e-15
112268014,12.1447726891786,4.60514372645737,0.903905972968244,5.09471545069562,3.49265437261751e-07,1.2647983826202e-06
157285,11.9822360151684,1.09380737863183,0.496379802404785,2.20356947106373,0.0275546362681109,0.0489003202070884
137075,9.21569359593176,3.55658359279985,0.836272310648592,4.25290129484432,2.11018603782669e-05,6.21536793487629e-05
79660,309.167260528682,-1.46423135499544,0.104804907252683,-13.9710190426981,2.34250733466664e-44,5.2110514041356e-43
102724880,16.198687171269,-2.12920339942385,0.456076931810618,-4.66851807428835,3.03380092108194e-06,9.91823829669366e-06
101929128,48.7807787153026,-8.82966171896221,1.19194402654532,-7.40778217963281,1.28429012411864e-13,8.10477009717532e-13
4482,101.025355082774,1.39401043318681,0.172314238610177,8.08993176901912,5.96981642650135e-16,4.34506688000213e-15
112268021,7.25886315282789,2.09366937592526,0.636504403156997,3.28932426160899,0.00100428250153237,0.00231358762976713
83595,261.208465567786,3.5124417734621,0.161366009549552,21.7669246656528,4.77621090226419e-105,3.19952060139599e-103
112268022,13.8597545899949,2.14396327385235,0.480990885319856,4.45738856865577,8.29641384650019e-06,2.56895061229847e-05
83648,20.0054798833005,-3.29240619660927,0.52983043321653,-6.21407527804982,5.16277747936966e-10,2.47567870917802e-09
252969,406.643360524137,1.05304578620288,0.0902259977831628,11.6712013397029,1.7887922199337e-31,2.69335364616311e-30
100506990,24.7237141617703,2.15715264297551,0.388548203733596,5.55182760400698,2.82698319615008e-08,1.14419985631683e-07
729732,54.4234734402623,4.41204297629253,0.407383573131757,10.8301936240948,2.47631138077318e-27,3.20638071710324e-26
4481,4.83793385317828,-5.86411415184709,1.29204654978612,-4.53862452000496,5.6622356234722e-06,1.79077154441259e-05
101929028,47.2378818986404,-9.33329570431578,1.19401632673432,-7.81672368739104,5.42159325886605e-15,3.73908793828244e-14
26281,31.8788516360878,-7.66431848327924,1.1961748420041,-6.40735636141475,1.48064467752718e-10,7.48630142849973e-10
286097,190.927315323155,-1.48932391626366,0.122429129447833,-12.1647840099872,4.78709872122896e-34,7.84677530002369e-33
51201,1021.80815831163,-2.30390062688862,0.0935412499678095,-24.6297823439548,6.06129731463622e-134,5.38000749647111e-132
107986918,53.6205782269495,-4.16668646889118,0.392256651717774,-10.6223475131509,2.34586313097564e-26,2.88591561338042e-25
6542,1177.46465793358,-2.48030107686674,0.0701073720900444,-35.3786057432177,3.64278071332415e-274,1.07777738704884e-271
5157,89.5341839855514,-5.56826351912956,0.454328199081437,-12.2560376626137,1.55940373623367e-34,2.61155991751133e-33
57509,827.288217255996,-10.8584068704011,0.835836817304118,-12.991060749661,1.37507874540877e-38,2.59133735546671e-37
101930275,32.0068720299521,-8.4828286530107,1.19937395820957,-7.07271372281076,1.5193272242234e-12,8.84878506706488e-12
2267,12.358185983577,-6.88077295138637,1.23205938626403,-5.58477377640936,2.3400461561486e-08,9.54734529164559e-08
5108,6996.3514487994,-1.86177075112735,0.0521805420004035,-35.6794061493833,8.24890402201953e-279,2.56902709120861e-276
23362,275.356306706357,-8.28660292732215,0.594822063682462,-13.9312299144065,4.09246879784304e-44,9.05854190764459e-43
105379303,4.21683561083404,-4.86162025024567,1.32738181792762,-3.66256354018463,0.000249703787891329,0.000630815659975363
63898,599.56222065205,-3.15455348735687,0.100661179737366,-31.3383321712241,1.40300214417355e-215,2.73693341355703e-213
102724881,14.39824748455,-3.30609520536218,0.551197203662121,-5.99802608466929,1.9973044356881e-09,9.09831879454329e-09
55790,19.9877481689425,-3.21302916241832,0.495036984438191,-6.49048306171454,8.55615856647468e-11,4.39747906404338e-10
11178,91.6267336512705,-6.46006456404599,0.561145552898458,-11.5122797118825,1.14413291758876e-30,1.67441447263278e-29
8822,7.13212324419,-2.01276895434248,0.734251168301115,-2.74125400304035,0.00612051724348244,0.0123131711362534
203190,6.99347748388152,3.63081009065286,0.95069636180061,3.81910590651271,0.000133936253963827,0.000352241050379138
107986924,33.8517354168479,2.11558586354921,0.467474981524292,4.52555954256831,6.02359185193843e-06,1.89694522894467e-05
1960,306.755858269913,2.25006169035799,0.133490866834009,16.8555478267728,9.55189109855617e-64,3.29252758799163e-62
4017,553.331149145393,-1.13923583308051,0.0803700504775591,-14.1748801489008,1.31066723772921e-45,3.01776456604006e-44
4824,26.9442963661011,1.35966981030473,0.3765310798772,3.6110427079437,0.000304968432103599,0.000762184936886258
4747,99.3134564156958,-4.33199745217497,0.326048468628716,-13.2863603696541,2.77764010665362e-40,5.51551086949834e-39
80005,422.572034140271,3.08937571913329,0.1083198448123,28.5208654470163,6.45720032562133e-179,9.02584410869527e-177
64641,33.2118118790584,-8.67987391620396,1.19544159193567,-7.26080970810912,3.84779947333084e-13,2.34648355378114e-12
10687,17.8436099150313,-1.08908900300921,0.385085493412,-2.8281745784799,0.00468142695136538,0.00961414752899563
2053,19.6430630629477,3.3273493886083,0.535919819622612,6.20867015321691,5.34348455705896e-10,2.55887612238766e-09
157574,22.1594936639968,-2.01947820074773,0.376342352966152,-5.36606678687944,8.0472154293408e-08,3.11500585045045e-07
7976,335.810836345014,-2.07220491177985,0.101749448627339,-20.3657605985598,3.365858608799e-92,1.86721006323125e-90
100128750,35.5766143433594,-5.50792136154274,0.748866494052616,-7.35501108046069,1.90911280201773e-13,1.19123270514653e-12
11030,713.791463635112,-5.62958150790281,0.166277284870331,-33.8565878814594,2.90313561592962e-251,7.57889168440922e-249
112268025,22.3696859027465,-7.22518489241126,1.20362499678903,-6.00285380553432,1.93879177243445e-09,8.8408506407029e-09
112268024,103.391048900381,-3.56142202735994,0.21944313786585,-16.2293615648948,3.12694799236074e-59,9.77281351415279e-58
29942,8.18672317182711,-2.94132850228002,0.711731968245459,-4.13263508386577,3.58627866196698e-05,0.000102057740954213
3084,30.6769378961544,5.04537500177558,0.602312572221521,8.37667223708553,5.44451955831174e-17,4.23165985985771e-16
105379362,63.2179374591494,-5.92253195710946,0.567764508023354,-10.4313176914289,1.7839696273191e-25,2.11408737143983e-24
79845,24.306919417954,1.02319442558217,0.362953189093259,2.81908096230906,0.00481613686875633,0.00985659000393849
80139,87.6245021750177,2.76926474359232,0.235135503192145,11.7773143825472,5.1095197964349e-32,7.84638368739726e-31
25960,462.706275516179,-2.057181895604,0.103428845855853,-19.8898274323883,4.98462799122981e-88,2.61023941298854e-86
3620,3.75080330923771,-4.60938878374755,1.36180527983996,-3.38476348416658,0.000712396098338286,0.00168170951299219
100287846,7.26563321438033,3.16878482276369,0.86243172945657,3.67424424975688,0.000238554452369278,0.000604455986077564
112268027,8.53598730263788,-4.5498640557873,1.10218171366831,-4.12805257006517,3.65848485454525e-05,0.00010394593972133
79645,16.6396656269538,-3.23367540126683,0.556552918368315,-5.81018496991665,6.2403856022131e-09,2.70259393048272e-08
6591,548.996172789521,-2.868843186024,0.103858981931252,-27.6224851493632,5.97584129399968e-168,7.36688435076961e-166
107986942,5.65827942192387,-3.15029462500811,0.976730952635125,-3.22534533845674,0.00125820797343823,0.00284785260034112
115294,84.3776613021508,-1.26870080704467,0.203273757405334,-6.24134085599081,4.33835691828062e-10,2.09677408149517e-09
4067,901.173752217144,1.09277562986218,0.0685115058464594,15.9502497625901,2.837598102874e-57,8.49461071200998e-56
5324,57.0950694344309,-4.13335959197154,0.361761600888317,-11.4256449048819,3.11335702201937e-30,4.49335884999089e-29
8439,1102.00858341995,1.11830738392283,0.0655468307287331,17.0611968799982,2.88581424546173e-65,1.03284222752896e-63
8836,364.383107590817,1.42542384424966,0.104889087166639,13.5898202830678,4.60209033133269e-42,9.64537279360305e-41
7274,27.1263885392369,1.39939465869708,0.345274878865377,4.05298718312694,5.05677738153071e-05,0.000140790326343998
9650,730.214896947616,1.2955467502298,0.0765864990018747,16.9161244751257,3.42221876623433e-64,1.19824906386966e-62
100533105,34.4200096267333,2.21510678959905,0.315263087425894,7.02621676291149,2.12208704383776e-12,1.22388853808343e-11
23678,30.5736246171529,2.78350561854742,0.366362311954584,7.59768548161274,3.01473944047745e-14,1.98434017602357e-13
157777,216.880448734048,1.0845858869435,0.134494557938397,8.06416187813543,7.37399960283954e-16,5.32776723441626e-15
641638,279.387256065628,1.196240518333,0.113918407056727,10.500853630593,8.56024806078939e-26,1.03164646011632e-24
80243,19.528427456896,-6.86864235223448,1.20761628800206,-5.68776888857494,1.28709846087431e-08,5.40410876949877e-08
23213,7.06092030049848,-5.57594491792284,1.26968484233894,-4.39159760909736,1.12520800540376e-05,3.42560324334207e-05
81796,1708.57406318977,4.19283448818969,1.15220331231048,3.63897104216956,0.000273729574308788,0.000688278668998528
157869,27.6718817520912,-1.03361842175933,0.309995491434638,-3.33430146669495,0.000855139216683693,0.00199218259508778
157506,1709.94950487823,-1.55230110221931,0.0557945353519851,-27.8217408286757,2.36774391426815e-170,3.02389855871138e-168
56704,105.238411738923,-4.96872716504001,0.343783952358946,-14.4530514904668,2.39820981526158e-47,5.76089589181645e-46
54332,544.814081458594,-2.95412682703281,0.102106446406435,-28.9318346784285,4.75027813210716e-184,7.26956356906607e-182
51050,10771.4270793274,-7.68950522478513,0.144621365046089,-53.1699118061469,0,0
83690,127.653311292862,-4.94790209646209,0.295476745948107,-16.7454872991293,6.10881808812119e-63,2.06953699809785e-61
3174,52.3865253687721,-3.92655706222949,0.367672485998051,-10.6794965948317,1.26958238215256e-26,1.58492450407681e-25
100192378,13.9331709046134,-7.27520643084797,1.22026681654891,-5.96198006221565,2.49199560272303e-09,1.12250459120881e-08
79776,538.092766393945,-12.766586840373,1.17987156109234,-10.8203191443597,2.75815260445687e-27,3.56351710584559e-26
23462,140.98633055592,-3.62131967654326,0.25124484791338,-14.4135082037254,4.25534530058973e-47,1.01944520615478e-45
7163,1335.87425427806,1.52218006901001,0.093209268536276,16.330780113542,5.96171324038746e-60,1.90004189305849e-58
619279,374.153265762689,2.18493069985979,0.106225486207351,20.5687992389587,5.22435401903685e-94,3.03080825313537e-92
55824,168.506116818816,2.96186882400151,0.164628985105603,17.9911746531244,2.28463291159725e-72,9.113888414983e-71
2171,2064.60535782114,2.90878181323395,0.0777350626608199,37.4191737121997,1.9061210186082e-306,6.63479614163387e-304
92421,298.170706684323,2.22498530931427,0.114276455531436,19.4701988171325,1.96507361438116e-84,9.6099137196954e-83
64089,1285.10906752082,2.33359631690151,0.0875416810029392,26.656974028442,1.48571749337679e-156,1.67990171607801e-154
105375928,111.210451448524,2.82021879216606,0.199146690822011,14.1615147132254,1.58539668189304e-45,3.64087476028011e-44
105375931,49.7085464488713,-4.27345227499626,0.38881473405923,-10.9909730795986,4.22347811600658e-28,5.66705846676862e-27
138046,176.56762829653,10.1591885503305,1.18194871116725,8.59528713415801,8.30568526464716e-18,6.7789666582996e-17
105375933,8.18571879270341,3.48814220149957,0.94411624391739,3.69461093797766,0.00022022372872299,0.00056185852720473
85444,170.247313023909,2.80821847517287,0.172391640918703,16.2897601078998,1.16686024994115e-59,3.69894699231345e-58
377677,114.851861188169,5.35936280818523,0.370139613915692,14.4793008008215,1.63754441554255e-47,3.96044801971544e-46
760,52.2775049856414,-3.89472481985863,0.393164015521214,-9.9061070344788,3.91608733707289e-23,4.17026889068494e-22
245972,9.98546655285571,-6.61480053291935,1.24097838262527,-5.33031084629038,9.80448043801014e-08,3.75591576900207e-07
4325,243.68053011137,3.18984332580458,0.140109859350285,22.7667299117739,9.79898266726702e-115,7.37082797920865e-113
101929709,57.4447313052974,1.40334053435436,0.223896490972379,6.26780941612652,3.66162541515797e-10,1.78036632073087e-09
8767,1400.02641876398,2.36159055552908,0.0711477944193507,33.1927444104546,1.37003790879815e-241,3.15856012428373e-239
734,2334.60914523924,1.75651200233206,0.0768942910349299,22.8432043353407,1.70734787376431e-115,1.30080856030318e-113
1666,359.554305683162,1.25827643329983,0.0982724161702298,12.8039635366267,1.55792029310821e-37,2.85115474672752e-36
793,17.3790897507864,2.96206642911736,0.525944461237729,5.63189965371361,1.78235383511879e-08,7.37021786187484e-08
169200,847.240800225034,2.38542435727094,0.092533149661834,25.7791328403773,1.52001884978264e-146,1.55973263707176e-144
94241,109.100806248238,-3.23761700552254,0.240604399864655,-13.4561837079612,2.83168008725896e-41,5.80461719503707e-40
79666,71.1389875821127,1.58197703864138,0.212538226853959,7.44325885304573,9.82313357404031e-14,6.24571157615915e-13
105375652,52.6260004878767,1.16244899062815,0.249904064767234,4.65158096452285,3.29399897844133e-06,1.07215016254658e-05
6383,791.037036176017,-9.33807692988116,0.548413998190169,-17.0274226418325,5.1419573491627e-65,1.82195662399873e-63
10404,40.0536406400691,-2.91358203291986,0.324801888875873,-8.97033586535982,2.95611641860038e-19,2.59530062626083e-18
4147,56.7602762200035,1.07528947063588,0.219937902875485,4.88905939620894,1.01318924529354e-06,3.50948985023431e-06
79815,21.2455900300765,1.70228303304781,0.384060412043458,4.43233142408646,9.32195800833689e-06,2.86600967377895e-05
79870,138.010240730548,-7.62240755445664,0.72996299253966,-10.4421835522607,1.59108139427496e-25,1.89562932289725e-24
105369147,9.09282963547969,-3.31279698550946,0.749867992087409,-4.41784023383586,9.96920655953432e-06,3.05442448817489e-05
105375690,76.8734434234915,-1.21289552344356,0.204618701537481,-5.92758879970404,3.07415118422091e-09,1.37531078181173e-08
9699,277.810307392459,-1.24077244303354,0.104853089401493,-11.8334371463533,2.62181545325596e-32,4.07909447205958e-31
107984007,10.5858455297279,-1.86262702616598,0.486987994069742,-3.82479044421622,0.000130883365667348,0.00034457088941521
23414,5.96695913142603,-2.41319888543507,0.721446757360369,-3.34494383794098,0.000822992335737356,0.0019233491237506
284,104.586342420432,1.71834005596557,0.180731190796713,9.50771169265609,1.94902576052311e-21,1.92701046043412e-20
340419,76.5659719847006,-8.06226968092125,1.0296984394037,-7.8297386617291,4.8888511439122e-15,3.37692161504783e-14
157753,10.3374410798959,-6.70387962768621,1.23524550024271,-5.42716377138714,5.72565879697059e-08,2.24771992401199e-07
7227,624.870824395485,-5.63116990276108,0.167494458767389,-33.6200370101884,8.54941133336396e-248,2.07902945191612e-245
169026,43.7922191424079,-6.96115361121096,1.03841623485258,-6.70362555743284,2.03310842565824e-11,1.09568126206087e-10
105375716,3.95855873053598,-5.55193425113199,1.31436790590577,-4.22403364095076,2.39968206096015e-05,7.0168268730299e-05
64798,7.60983293443286,3.49923728213346,0.858613646047141,4.0754503474795,4.59253811338048e-05,0.000128550514961732
7373,28.5824693686644,6.0468800369448,0.86352403095224,7.00256138821833,2.51324702348481e-12,1.44152378548958e-11
3037,21.0701106597953,-7.11902333416051,1.21192993850469,-5.87412119131586,4.25092316201629e-09,1.87298059002515e-08
157378,65.7535580689897,1.24693188143213,0.218552756024555,5.70540451703127,1.16067107807595e-08,4.89877151165105e-08
9788,98.1003160621071,1.52427751653902,0.169381419928084,8.99908335392508,2.27610058895264e-19,2.01221801071151e-18
6713,1388.53742369739,1.14288248053622,0.0612970805725173,18.6449741139652,1.3872150090859e-77,6.14110744171892e-76
10221,302.865628257386,1.47885310185898,0.120473134579763,12.275376639095,1.22818925031364e-34,2.06661758972206e-33
157638,121.553716571813,5.10895815840321,0.343268056248222,14.8832903773279,4.23165583071774e-50,1.0855542529899e-48
29065,12.2276132579043,1.07471182966496,0.426156471244918,2.52187143028813,0.0116732364975862,0.0222988587436942
114,16.1285675493855,6.74871963956913,1.22039751039123,5.52993560057793,3.203483698869e-08,1.28982178775964e-07
23639,5.94369763834557,3.28691271796918,0.977192883852551,3.36362735779515,0.000769253339291067,0.00180512693709121
6482,203.119986918461,8.32019787823728,0.651543568786766,12.7699792873871,2.41218645392746e-37,4.39191117232003e-36
101927872,33.9483480551422,8.73143418195724,1.19633963549955,7.29845766441677,2.91085063635919e-13,1.79110642969319e-12
10656,847.954954196576,8.84644440350591,0.404593563913058,21.8650151474157,5.59467946506263e-106,3.80523945838283e-104
54108,763.425730070689,1.02183376443167,0.0804952410914883,12.6943375853771,6.35654881884408e-37,1.14311098368416e-35
27161,2506.98189793421,1.13907160680153,0.049916425217538,22.8195749562876,2.93135212877147e-115,2.22381893119449e-113
107986982,90.2308975020522,1.61589359475492,0.184858100919425,8.74126471449171,2.30515185870695e-18,1.92751087120894e-17
101927963,8.43600552487353,2.30653961147459,0.668868428387236,3.44842051677648,0.000563875400725024,0.00135177800319657
22898,36.0982722187499,1.12543152429307,0.267974572157474,4.19976983350389,2.67186445894891e-05,7.76899540560914e-05
57210,258.56428957096,1.42706451655855,0.110764189030342,12.8838077455488,5.5526963422627e-38,1.02785678277213e-36
2843,9.24358702444411,-2.17455522132952,0.594545441223975,-3.65750886400344,0.00025467845479124,0.000642377369913908
105375790,8.65409968620193,1.74566760779835,0.687599406715248,2.5387857970059,0.0111237906378768,0.0213342190366885
23237,348.878374638837,2.84023974142414,0.151223841802418,18.7816928043335,1.06625867623156e-78,4.79195544821841e-77
4061,1283.06548604659,1.11857412198266,0.0689397908376982,16.2253773675651,3.33660619663454e-59,1.0391479509238e-57
116447,1248.62314186785,1.25411009211838,0.0732056924363758,17.1313193056448,8.66669109901212e-66,3.12705488596876e-64
114822,362.199278944169,1.73283955669635,0.112805339752096,15.3613256296598,2.97430132703063e-53,8.16071053438142e-52
389692,111.111394537785,2.99057300190698,0.222164882182428,13.461051866205,2.65115050758409e-41,5.44713238548991e-40
642475,90.3373410438302,1.17840273449882,0.190537149026357,6.18463507258529,6.22462958736931e-10,2.95611622351471e-09
93100,93.4515342768157,1.45453698597814,0.187086165719939,7.77469023634556,7.56322506182489e-15,5.17787779782165e-14
1936,3673.60138286621,1.0152472177241,0.0613623934305278,16.5451045985279,1.73662860468474e-61,5.70900573895619e-60
225689,56.1846990810385,2.6984944678502,0.290090196775098,9.30226011719485,1.37491419188825e-20,1.29482635195757e-19
286077,342.952244843988,7.82097807436761,0.465094183276394,16.8159017153732,1.86631077168517e-63,6.39589745539676e-62
100128338,14.4707630865668,7.45042483902066,1.22421137160834,6.08589742899746,1.15840589081834e-09,5.3846612657259e-09
340371,436.22181263566,1.07038367582168,0.0959596313348631,11.1545205096343,6.80587323442064e-29,9.35122768246403e-28
83481,27.1472598954083,-3.74730142484589,0.46391706072516,-8.07752450187626,6.60947522438589e-16,4.78708299401462e-15
84875,162.42177311335,-1.1334820150581,0.146858262072883,-7.71820392710066,1.17980336787639e-14,7.97861690915875e-14
51236,606.062292754373,1.15656761208489,0.0789860045001412,14.642690428566,1.50012663481236e-48,3.70894819236617e-47
727957,219.312624799245,1.07335301406414,0.132724260719529,8.08708979236534,6.1107217649375e-16,4.44580052340863e-15
23246,1805.4702600604,1.13805141493164,0.0737589935034133,15.429324084784,1.03953191776623e-53,2.88340165690407e-52
642658,59.6218748321514,1.03687439525029,0.211567184191921,4.90092260390297,9.53876321686494e-07,3.31244375246061e-06
340393,39.1005592041931,1.31660034095031,0.299710371948886,4.39290883524994,1.11844035523027e-05,3.40616798525438e-05
26233,328.18999894741,1.57721866225282,0.127507365237753,12.3696278980583,3.81585022898588e-35,6.55115795599201e-34
79581,761.848382054602,1.20223194289701,0.086701239791464,13.866375449632,1.01266129941278e-43,2.22209683401429e-42
100126351,15.593417545574,1.23337180466907,0.407630300266246,3.02571178801843,0.00248048619600357,0.00533957763363886
55630,168.893259117688,2.08357069527525,0.145879117268133,14.2828578503498,2.79884093842019e-46,6.59827680462619e-45
90990,461.722900167983,2.34016423907519,0.109424421047443,21.3861240176044,1.7990088659268e-101,1.16130928683391e-99
8928,79.0017461781587,2.15923202046795,0.223818453507315,9.64724751972868,5.04927877947168e-22,5.11322286897782e-21
84988,600.426148748335,1.58095741682594,0.100504429668014,15.7302262402578,9.38750573082461e-56,2.7009238530567e-54
101928953,138.331832092436,1.45977087353143,0.152580231668138,9.56723461205928,1.09803328205216e-21,1.09877603286302e-20
6132,15321.3394599933,1.03343459441325,0.0423332840437142,24.4118692361807,1.27945669141398e-131,1.09724227951599e-129
23189,234.958395381724,4.95286100758343,0.222650583193256,22.2449945405463,1.26107554450212e-109,8.88357661349275e-108
101930053,3.64508615156494,-3.52423126039466,1.24670427279496,-2.82683819835938,0.00470100742476564,0.00964766286756527
401491,9.98943770295674,-3.17045756241966,0.692289397757962,-4.57967083229564,4.65708277644699e-06,1.48879044565977e-05
7436,309.303493072324,-2.22954213522008,0.110633441618011,-20.1525153932941,2.55781208255245e-90,1.38013009390489e-88
5991,185.918590038052,-1.08291964896787,0.120695638590872,-8.97231798605993,2.9033881164513e-19,2.55279573270151e-18
6505,11.500865400402,7.05472322207023,1.24413493513028,5.67038431513178,1.4247754940247e-08,5.94141756399495e-08
55848,80.3904751169535,-1.6191498853528,0.209594255429713,-7.72516346897579,1.11709892267627e-14,7.56609693832476e-14
29126,9.37157457954301,-2.5148920505898,0.778227242488758,-3.23156516925213,0.00123114246528558,0.00279407326051516
2731,537.926492668304,1.718062292792,0.0863004509951291,19.9079178959211,3.47458261021856e-88,1.83029051918694e-86
90871,405.55485557288,-1.05946256683245,0.104021301742304,-10.1850539176782,2.31231673406644e-24,2.61121161979309e-23
5789,220.979016171778,-11.5071924912755,1.18167693745446,-9.7380190190257,2.07560986310276e-22,2.14721598425409e-21
7306,1785.639049366,3.2346119297777,0.0703525797239654,45.9771616402553,0,0
101929467,15.3267496835664,3.17228887299728,0.528990364392897,5.99687458700312,2.01151285309873e-09,9.15834218215151e-09
286343,558.138676970203,4.38323956311095,0.129822967309962,33.7632058019876,6.84283381033872e-250,1.7353426543019e-247
107987047,11.4558245562296,1.20402584137918,0.472776543814149,2.5467123044338,0.0108743042439159,0.0208918451231596
4781,4672.3510105688,1.87339719785395,0.0492856806611878,38.010983570107,0,0
340481,959.487335327294,-1.89272910520839,0.0850727619987403,-22.2483561217446,1.17003124987947e-109,8.30815789914414e-108
9350,37.0926956164352,-8.71286558499523,1.1938583506003,-7.29807315969618,2.91917908293206e-13,1.79560869993797e-12
158326,36.2002902478474,-8.87379076049569,1.1936989700969,-7.43385977770874,1.05473779749865e-13,6.6942100040029e-13
4300,12.3158332228173,-7.31830759276468,1.22379663976006,-5.98000301275506,2.23133493347014e-09,1.01099177485865e-08
100129669,4.2037336756658,-4.68375213614672,1.31305148524817,-3.56707424557803,0.000360989225881705,0.000890905149152236
158038,8.24754721477905,-1.72607882006299,0.609719438665664,-2.83093946264927,0.00464115044082189,0.00954468288061517
23586,113.832001381121,-1.7696096006425,0.162999724831659,-10.8565189448638,1.8569347273744e-27,2.4096714386221e-26
101243555,10.4414052951503,-1.45051854757821,0.555805083161978,-2.60976121219727,0.00906054432890973,0.0176536914638136
57462,227.898627921163,2.06933132350649,0.129986206230581,15.9196224239034,4.63163444070606e-57,1.38186175783889e-55
80256,79.4633214653592,-1.00181080453391,0.201073354600528,-4.98231506866841,6.28280256131533e-07,2.22530548819772e-06
6461,122.445010973002,2.02931050040762,0.164608214680993,12.328124111791,6.39174206030676e-35,1.08476295463256e-33
100289137,42.9641148293837,2.24791040369865,0.285353368857977,7.87763751553064,3.33628916892209e-15,2.32076039681446e-14
253650,296.573563206548,2.42028965322632,0.11883826198257,20.3662491595621,3.33245469701644e-92,1.85447447590708e-90
158228,13.1297275010087,2.62944637772449,0.613895802148453,4.28321283273514,1.8421380662075e-05,5.47490958501851e-05
79937,13.3254952476317,-1.71412977098143,0.45075037229127,-3.80283606260402,0.000143049021735367,0.000374418553973913
401509,42.924468262763,-1.75604650437475,0.274473139256303,-6.39788107912068,1.57547910368009e-10,7.93866166577603e-10
654466,54.7188900999136,-1.0249923563423,0.245716568815574,-4.17144176024865,3.02678421898222e-05,8.71274095271158e-05
595135,22.2526971036651,-1.56118840526511,0.382081744628874,-4.08600627277164,4.38861921607172e-05,0.000123251390286834
728577,14.8497492982045,-1.79388545448172,0.42476129088087,-4.223279034588,2.40773421020348e-05,7.03689458339351e-05
107984126,9.11217895063564,-1.80064259427323,0.582024757877386,-3.09375601278558,0.00197639950076164,0.00433791344430275
100289279,6.8387439445484,-2.01898923646932,0.653485066391263,-3.08957211159969,0.00200445040705095,0.00439567679134878
103352539,86.0525170202299,-1.46102228362334,0.190868683354352,-7.65459402740742,1.93923881615386e-14,1.29224352343706e-13
100132249,27.9123554419362,-1.64623363570886,0.351153891374656,-4.68806889556136,2.75795177281255e-06,9.04975228668546e-06
442421,8.13605828848809,-3.48200913366357,1.12024227838711,-3.10826434677762,0.00188189658694675,0.00414227256186964
203274,103.056693810619,-1.30465737108396,0.194490902770494,-6.7080637320271,1.97223798262875e-11,1.0644928144611e-10
644316,6.96145329528426,-1.55582764833786,0.672563416189815,-2.31328022144274,0.020707237405487,0.0377097741508211
105379251,9.22655252866006,-1.40867159126599,0.596243848068253,-2.36257631140329,0.0181484046097171,0.0334861738521668
26149,74.1975914973149,-1.34438227672919,0.201050770382596,-6.68678003158532,2.28134386806385e-11,1.22648141568351e-10
643827,15.8503319351597,-1.34452691371231,0.397813991399018,-3.37978789781607,0.000725417880331739,0.00170971884733242
105376070,6.22033226835662,-1.70454468090042,0.683665831800049,-2.4932424608854,0.0126582375396737,0.024033886486094
8395,32.0780284894692,-5.74810907765972,0.752129372536966,-7.64244728040748,2.13131281550726e-14,1.41545323983857e-13
100507299,6.45552297011202,-2.90715029875189,0.859846139966289,-3.38101221093563,0.000722193333955659,0.00170234710720766
101927086,8.20526102709293,-1.66753629589097,0.705612008126259,-2.36324818269332,0.0181155333609044,0.0334289966967541
80036,85.3727153701649,-8.90270680001708,1.18582850692009,-7.50758372569382,6.02286643484329e-14,3.88792454368502e-13
105376078,3.8744094381742,-6.00701721267702,1.30998659243877,-4.58555625481165,4.52779339493413e-06,1.44973009669485e-05
107987078,5.44180478329305,-6.57460846907561,1.27627356325829,-5.15141005686182,2.58535209039822e-07,9.48051442031589e-07
107987079,19.5080126104761,-7.8227618968933,1.21750304064235,-6.42525039836126,1.31652622795127e-10,6.6812388789568e-10
23670,917.755757787854,-7.60560684499414,0.261675797906332,-29.0649991548573,9.94662274362176e-186,1.56258802605994e-183
6096,21.0305316626115,-7.11805826645192,1.20434116357671,-5.91033378391914,3.41415204243682e-09,1.52128581971231e-08
26578,53.756539432836,2.6173569843721,0.273912263072596,9.55545748486045,1.23039099996113e-21,1.22776284605453e-20
29968,5552.36463719716,-1.64312199150071,0.0644493626485175,-25.4947748740616,2.25262871995937e-143,2.20931851031596e-141
107987083,21.3989776966837,-5.74115735786383,0.877443375512747,-6.54305168639389,6.02759861538629e-11,3.13604720458199e-10
105376097,8.77684551799794,-6.8251065582818,1.2469760293463,-5.47332618884398,4.41666061047053e-08,1.75323253929054e-07
101927450,7.12552367752485,-6.7760671356916,1.25245087270097,-5.41024584946688,6.29382854207289e-08,2.45880379134855e-07
7091,456.528256148653,-7.78136336522446,0.391971326643197,-19.85186883914,1.06177690934828e-87,5.4792627019624e-86
7088,183.721675782191,2.8830481560764,0.156120054033311,18.4668662455193,3.81603526235425e-76,1.64024837717464e-74
286223,14.2733135782104,-1.82332946355274,0.666153068749251,-2.737102850815,0.00619829109754489,0.012452700720192
1903,51.2180825357273,-2.48375294814181,0.324926543888195,-7.64404446131201,2.10502665795657e-14,1.39851920778612e-13
53358,12.9076714608951,-5.15370256854032,1.07775452355042,-4.78188906279197,1.73655511660433e-06,5.84515101061056e-06
4783,36.7505766809864,-1.68727617839624,0.347886504598426,-4.85007655109791,1.23413835154515e-06,4.22616204024488e-06
89846,14.6541215531969,1.98238184061137,0.489613734069766,4.04886894028363,5.14657536322388e-05,0.000143133332050682
56033,131.972602815286,9.55104259663624,1.1835822935255,8.06960584733557,7.05254701622584e-16,5.10174468753224e-15
101928040,6.8328900463647,5.72178466376222,1.28758328744356,4.44381712589836,8.83767315287628e-06,2.72656193621584e-05
107987100,46.4037514892738,1.95755872155636,0.273942344818454,7.14587853460066,8.94221070412233e-13,5.31265476638486e-12
84909,1597.93505532377,1.55575416971659,0.0609309104037619,25.5330859067639,8.46314564901174e-144,8.34654230895869e-142
5727,2543.03015449756,1.29731441047388,0.0580791167542505,22.337020309093,1.61460611001058e-110,1.16989745571052e-108
100507346,204.557062094545,1.33918683047816,0.123098921643703,10.8789485122728,1.45228510821365e-27,1.89565920889769e-26
100128782,108.86576856075,-1.02905108926822,0.176191256154026,-5.84053438139193,5.2033645084343e-09,2.27288697720782e-08
2304,27.2507963965782,2.78418706566181,0.392480069000974,7.0938304529673,1.30449935762296e-12,7.63013924102891e-12
55357,30.3957777336923,-1.8472002613794,0.332113564515483,-5.56195367712323,2.66771113111088e-08,1.08294552937298e-07
9568,19.5773425074724,2.40636064839331,0.446978780694881,5.3836127179289,7.30054940446601e-08,2.83525165233167e-07
55014,481.759517240407,-1.08565995211488,0.0823247521453675,-13.1875277340384,1.03524925698113e-39,2.02398070593932e-38
105376177,13.9846330569251,-1.85597891007367,0.518965970671326,-3.57630175187172,0.000348489372749308,0.000862333892534948
8577,31.6459720756974,-1.21493819744644,0.281925400258702,-4.30943148908038,1.63674751975501e-05,4.89562627981312e-05
229,8.30108964320731,-2.53671866774418,1.15227564806029,-2.20148596563195,0.0277016391552204,0.0491415507428272
116443,194.198887837919,-4.44602362382211,0.216614813396277,-20.5250211382751,1.28707401113617e-93,7.37036704699655e-92
105376186,2.76001521330505,-5.44574111271598,1.39209379777622,-3.91190674178364,9.15702741847148e-05,0.000246221676359748
19,140.724588907504,-5.26486584088318,0.301290817061624,-17.474365439443,2.24630745263953e-68,8.35984274617546e-67
112268038,6.54338165842284,-5.72007048441083,1.28289157327247,-4.4587326034263,8.24456956474416e-06,2.55378815064279e-05
23446,750.693163640974,-4.81576793947098,0.129920144015837,-37.0671382482763,9.51144078930424e-301,3.18579428097601e-298
58499,461.240479338549,-1.60022008234249,0.101128871214601,-15.8235730620065,2.13995779617184e-56,6.26873445505652e-55
23732,12.5695742506249,6.83677140442851,1.23363939695797,5.54195287641373,2.99116812203063e-08,1.20734917012933e-07
54566,129.845966688507,2.73732922064334,0.175198151333722,15.6241900945017,4.98211774361725e-55,1.40832092650786e-53
107987113,7.3134496581176,1.62079827680458,0.633977964642605,2.55655301476965,0.0105714960915383,0.0203563508641921
5774,297.764516930294,7.16194590533756,0.381864553187874,18.7551995741641,1.75557493649522e-78,7.85011744903354e-77
445815,457.927659068965,3.68251041297404,0.122849162743413,29.9758690310774,2.0250762808998e-197,3.49020913966343e-195
7357,888.020919557042,-2.0301271581946,0.0895653685933627,-22.666430006129,9.607678628407e-114,7.19643506377557e-112
105376220,5.03001226985781,-2.8941779962307,1.00269593792162,-2.88639645058273,0.00389680952926481,0.0081192679299893
64420,6.44394432165165,-2.07138351814971,0.693526222421932,-2.98674145429717,0.00281968075499452,0.00601044341530533
100128385,27.3550581202112,4.05535629266906,0.540163812338475,7.50764157101275,6.02020652195837e-14,3.88762117780302e-13
286333,32.4296473906471,3.87711756426324,0.473763552819148,8.18365520351304,2.7536123040843e-16,2.05128517088143e-15
210,162.903446279893,-1.17592450319864,0.148333507099466,-7.92757163363045,2.23472614295711e-15,1.56987963948455e-14
5998,627.360878754707,-3.0921950361767,0.0997177413294415,-31.0094773001415,4.01682552857658e-211,7.66738567562274e-209
85301,262.886119135382,1.24821874590781,0.116864058641957,10.6809463954358,1.24990851120275e-26,1.56256168245572e-25
105376224,5.73574149682441,1.40768893626209,0.620753894145688,2.26770858715179,0.0233469741258776,0.0420809711323565
80709,362.89690180318,-1.13553397849598,0.103957038788886,-10.9231081581884,8.93836158022674e-28,1.18148767514658e-26
25861,250.769749694501,1.36338502723103,0.118091532577202,11.545154825895,7.81007107307846e-31,1.1486692766304e-29
105376228,6.72027235171325,1.53518138833942,0.69373974447154,2.21290678611595,0.0269040727522288,0.0478798094734402
3371,36.5827469624295,-2.68089206969688,0.320131013628496,-8.37435910788697,5.5525205590939e-17,4.31371312757264e-16
105376235,5.16853908215465,3.88060340315448,1.15440721786012,3.36155504151108,0.000775049077999928,0.00181752592241146
101928775,20.1435429238414,4.98780398560735,0.769675154510642,6.48040144777518,9.14788906825083e-11,4.69209265355645e-10
58483,3.86321936696051,5.61101742254486,1.33826260169234,4.19276262779015,2.75577757738306e-05,7.99948758158884e-05
105376236,32.4911309062684,6.30900913145366,0.858936682263059,7.34513877650583,2.05545719504825e-13,1.27984833835484e-12
5069,701.388134623807,5.03327630486354,0.129604131295618,38.8357705464108,0,0
105376241,4.58574846480819,6.51471403954966,1.29914864817096,5.01460248503631,5.31432207908069e-07,1.89513550718844e-06
493913,78.9652591155963,4.29717353547147,0.296935638944381,14.4717338435632,1.82805269720539e-47,4.40320101503258e-46
100288842,67.4912284658454,-1.26195905445909,0.203849957249243,-6.19062702532782,5.99253529604243e-10,2.85276177461371e-09
110599590,9.99020472653295,-2.8319631889838,0.625077982887315,-4.53057581056143,5.882314154135e-06,1.85607609072528e-05
727,153.855559475116,-2.33208098551404,0.166334638737555,-14.0204169330817,1.16925707693442e-44,2.63075432569581e-43
2040,783.356948853836,1.24461904401129,0.0706810964304728,17.6089379886119,2.10354806839633e-69,8.03057748605841e-68
153090,694.090353170405,-2.08800710866753,0.0838156532441789,-24.9118992437435,5.52925980047379e-137,5.05955773082529e-135
105376257,10.4552148186499,-1.54903044997148,0.458881395730228,-3.37566627103387,0.0007363718191515,0.0017339265862286
26468,236.591821508285,1.71520397411305,0.120701995826048,14.210237058424,7.9157096252298e-46,1.84651349891037e-44
57684,156.720904835938,-1.18256543851691,0.153288625706,-7.71463266155845,1.21331174395413e-14,8.20209827824591e-14
2844,27.7984407827655,-1.40867563209739,0.308704903227057,-4.56317867766838,5.03848988839834e-06,1.60235171083568e-05
105376270,8.04183957156628,5.45240859427507,1.26446021163246,4.31204441556595,1.61751929729962e-05,4.83892864267995e-05
2649,711.744333754881,-2.88066725084717,0.0883872439983193,-32.5914365075343,5.42316556423235e-233,1.18854364316361e-230
169611,63.6033361057481,1.61432687409635,0.228815740748483,7.0551390774765,1.72428175327943e-12,9.99329078818691e-12
101929014,15.134288727666,-1.31742617580336,0.446654063755554,-2.94954481042035,0.00318242419244613,0.00672472256449276
5090,1167.4797182434,-1.9087324387209,0.0670792272303743,-28.4548960614234,4.23866670748784e-178,5.83293111560652e-176
107984127,39.1278095371622,-1.93690676318044,0.268644160727484,-7.20993435306887,5.5978857713965e-13,3.37661122031365e-12
105376277,5.45990493822152,4.64855531740911,1.29118608795299,3.60022103768078,0.000317946781147669,0.000791611677269765
4010,106.109071331984,6.8019508225639,0.563900677084452,12.0623207223871,1.670095661817e-33,2.69033921856402e-32
138428,190.886040873404,1.11523969235556,0.121233714920035,9.19908866185587,3.60998352097479e-20,3.3221579815627e-19
286207,227.305889375886,1.26789863490497,0.118363124627776,10.7119395410708,8.9467477270903e-27,1.12321545722282e-25
1759,269.431635417567,-2.96277707762228,0.13834834336713,-21.4153419225271,9.61358321702861e-102,6.25129411240629e-100
10444,168.675943738016,-1.26739704579853,0.13915568550239,-9.10776330282792,8.4097798321337e-20,7.58589489735963e-19
100506119,33.5478710280185,1.36519743509415,0.306216603804882,4.45827371256473,8.26223573091429e-06,2.55881382929502e-05
9536,98.7043382630289,1.75090376221151,0.184416663246181,9.49428176061402,2.21734646464779e-21,2.18194758538956e-20
27348,487.611353365067,1.13467797530219,0.0828981595887115,13.6876135843274,1.20398906651547e-42,2.56273548066937e-41
445,84.3691341727,-9.52005522485285,1.18624021707918,-8.02540251779155,1.01193585705622e-15,7.24642409619283e-15
84929,17.3472900650113,1.79962018375275,0.440839257704052,4.08225935486191,4.45999841359283e-05,0.000125136544710131
10319,468.882536299429,4.04919050172613,0.137534111678454,29.4413542379426,1.62442835539456e-190,2.67007890416335e-188
83543,765.892473182796,1.0149140467072,0.0711326707010285,14.2679030142548,3.46852320516932e-46,8.14460634102721e-45
84814,43.1282015687257,-1.04995903365629,0.262327959067009,-4.00246713080282,6.26853786506926e-05,0.000172311991608408
84628,12.9650179554646,2.36357877706918,0.54138291898401,4.36581704776502,1.26648453220854e-05,3.83204932943002e-05
11182,124.626762342488,1.28294024789484,0.16497901771699,7.776384328434,7.46267566737718e-15,5.11651627913633e-14
642968,6.32129566763223,4.45846145399855,1.29283216013418,3.44860036088197,0.000563500019461324,0.00135106055449452
1757,94.9492696459656,1.32657892243934,0.175182280160967,7.57256339636868,3.65930535464478e-14,2.39704755186916e-13
10439,14.4882042499568,6.23390645169417,1.21954988967338,5.1116452918246,3.1936505953495e-07,1.16104209233349e-06
954,17.9035944680477,4.13973436151818,0.658941720356196,6.28239832694219,3.33389305779109e-10,1.62994408047115e-09
29952,29.9900636249702,-1.57359447384727,0.359170439268011,-4.38119149519726,1.18032076911995e-05,3.58478259938704e-05
2902,6.2132109161498,-3.02216945275525,0.996894766551834,-3.03158322639074,0.00243274844808668,0.0052454937993969
54932,51.4793836993964,-1.07214672046947,0.229847941987071,-4.66459134330549,3.09230950033045e-06,1.01002167893038e-05
92714,361.333463125498,1.41247385742667,0.117197554135823,12.0520762386366,1.89125197809988e-33,3.03557912434259e-32
774,88.2108803933602,-1.51549747826149,0.183693388145229,-8.25014712594515,1.58199639820641e-16,1.19301614532541e-15
643224,76.7728705619594,1.72190901841892,0.211383544420937,8.14589907239898,3.76474053918117e-16,2.76965081025877e-15
5214,1376.00918347912,1.96143406520167,0.0708736973419662,27.6750633699514,1.39389896770996e-168,1.74257003343572e-166
10531,1183.7913461742,1.06313751463663,0.0599736714118669,17.7267372433408,2.60733089104015e-70,1.0105968990774e-68
100507034,135.086749026003,1.16752624658503,0.148401228785138,7.86736239411758,3.62196310411845e-15,2.51455178037977e-14
1645,6.60702410836203,1.56275520830629,0.645826181828821,2.41977679486599,0.0155300363887074,0.0289924498866689
1646,14.1413678538572,2.3455926955113,0.512821874805153,4.57389360857999,4.78743007812041e-06,1.52825856404951e-05
8644,9.57778005556458,1.50615439487952,0.56541047655064,2.66382470319264,0.00772578106771201,0.0152454497014255
439949,26.9658984736234,1.365061056431,0.350909739913913,3.89006317341286,0.000100218128796501,0.0002681748903219
57713,72.775515699646,6.83137662405989,0.661500883940106,10.3270861610495,5.31506477246691e-25,6.17898034321104e-24
219731,9.57200868997784,1.24272522853789,0.535389482636571,2.32116107775965,0.0202781519774844,0.0370241090308857
57118,194.085085879557,1.42718660731835,0.127240837226406,11.2164194957228,3.38707911180057e-29,4.69745534317842e-28
83643,55.0549662215343,3.36729529163532,0.311936263309875,10.7948183257241,3.64182059565047e-27,4.68815077693888e-26
10133,102.545259127041,-1.22033543929971,0.178082366288476,-6.85264613635518,7.24962640412214e-12,4.03054706940107e-11
222389,162.587737058806,1.04806459391533,0.129195338955324,8.11224772031251,4.96918653483529e-16,3.63165909289403e-15
55691,108.990122382534,-1.18886987597447,0.173775091143335,-6.84142858537681,7.84072900312507e-12,4.34692758474317e-11
8516,51.2785072224695,-9.44481099390387,1.19019244925489,-7.93553261055954,2.09593909751967e-15,1.47530177871408e-14
1787,133.988127586079,-1.83793546234754,0.173888832273462,-10.5696003493609,4.12247643775157e-26,5.03662778547598e-25
338596,116.885458639965,1.45217807715456,0.162304467017827,8.94724651660423,3.64459691149871e-19,3.1808694381969e-18
105376436,24.7272013952058,2.17538220623452,0.357209977128172,6.08992566143797,1.12963129078556e-09,5.25365854703308e-09
107984213,3.73683586021557,3.93615219685569,1.20098258374255,3.27744319537897,0.00104751805514486,0.00240563266687342
100499489,12.3885040580272,-3.04950431063732,0.692305771364686,-4.40485178193168,1.05856230191751e-05,3.2310175350137e-05
22921,53.1944582283827,-2.57403492669421,0.289287795166325,-8.89783450841498,5.69468454406336e-19,4.91932068254077e-18
220213,9.67483767150206,4.16692814328633,1.1111820549258,3.7499958938453,0.000176837466048737,0.00045747867929134
56243,15.1665162737075,-4.23279859645701,0.71516842262552,-5.91860387364084,3.2468591848973e-09,1.448197091716e-08
56952,3.88316494962426,-5.28620095005639,1.33014583131491,-3.97415142430718,7.06306190071333e-05,0.000192808665018396
57512,14.5362021997057,-3.69541198261729,0.622566800871241,-5.93576782032997,2.92473458148365e-09,1.31110829016408e-08
6840,546.418415099749,-1.4107078198494,0.079022539561215,-17.851967649769,2.79029815204807e-71,1.10074161767016e-69
1326,47.5250768187751,-1.13393038976179,0.26142579500177,-4.33748471436841,1.44122554044562e-05,4.33512382483522e-05
105376486,60.0756048218599,-1.12213768793776,0.229760224726997,-4.88395103752657,1.03980905378167e-06,3.59468165973363e-06
3688,6578.39491511285,-1.01404953072291,0.048766171727907,-20.7941180288017,4.89265763882412e-96,2.93427224339208e-94
106633814,76.7875582772694,-1.1325728757722,0.189452814400561,-5.97812642348821,2.2571853842938e-09,1.02192182968589e-08
8829,37.8731453084416,-5.50212454981039,0.62449827187897,-8.81047201821035,1.24619994551694e-18,1.0564728477945e-17
107984220,5.30261836407896,-3.15626970430837,1.16642949882438,-2.70592411070666,0.00681146098660472,0.0135770329479235
8325,1121.60345101816,1.61333738683913,0.069979531592025,23.0544182010928,1.32821392353044e-117,1.02515015523967e-115
100616500,61.209000205548,1.58301677676276,0.213725488442918,7.40677580524303,1.29406954485469e-13,8.16068296989716e-13
7582,205.70551813971,-1.29182023281642,0.12217341880784,-10.5736603380826,3.94778988016111e-26,4.82652658075895e-25
283028,3.96067674163265,-3.17706883713234,1.35708783263555,-2.34109300866863,0.0192273765297033,0.0353008985577923
5979,36.7824948506558,1.66951569913598,0.290884302726367,5.73944927068299,9.49849298123244e-09,4.03680266705383e-08
220992,80.5449689999895,-1.67608594390187,0.207296365910212,-8.08545743936413,6.19313032546671e-16,4.50022306744515e-15
220972,165.875847813496,1.10512938958616,0.128668749163133,8.58894950618522,8.77680776327293e-18,7.14705923915693e-17
93550,156.472788257529,1.35146264481127,0.138837937227926,9.73410201703452,2.15714467015444e-22,2.23026395949805e-21
102724488,21.7588626192555,-1.3320368802853,0.375738136512891,-3.54512026020974,0.00039243399477464,0.000962222137464008
58504,61.8708056629187,3.43677621409153,0.28646180757999,11.9973278222503,3.66953343748304e-33,5.84753658727099e-32
196740,12.5313604384431,2.49686066133473,0.570705477714424,4.37504239723477,1.21408878693722e-05,3.6799136886241e-05
29974,107.83552478311,-8.30817620406317,1.02817005596598,-8.08054674988328,6.44770334336326e-16,4.67372926710431e-15
22943,1363.05507077519,1.40484047635119,0.0663207551975618,21.1825162751289,1.38436625972618e-99,8.71463469597844e-98
105378305,17.2986647525519,-1.77201899921009,0.448690610101632,-3.9493115285134,7.83762938803781e-05,0.000212547505188584
4153,28.389001131642,1.31952026679538,0.311070345688585,4.24187096289905,2.21664131453161e-05,6.51618659059969e-05
105378307,26.2345582800164,2.02811865356183,0.327372032523168,6.1951494082449,5.8229767582076e-10,2.77651043276125e-09
105378306,20.346037609662,1.66592579087412,0.37292394796059,4.46719981375445,7.92501018042331e-06,2.45866446562172e-05
105378308,1107.6943444706,-9.16010229609487,0.420782752178236,-21.769196215093,4.54531208954645e-105,3.05637803839502e-103
65217,132.483767428126,-10.5765461062926,1.18353548943612,-8.9363996269615,4.02055997185967e-19,3.50210896076805e-18
80114,113.65006638681,-7.04891171170992,0.602667266824837,-11.6961914139575,1.3330313735613e-31,2.02083458099575e-30
107984234,6.85216635799364,-6.50873614946419,1.26049176602304,-5.16364828784229,2.42182556549926e-07,8.90477370313647e-07
728640,12.6485017246613,-1.41726534711366,0.463811790909275,-3.05569063765111,0.00224542806147812,0.00487236755254364
288,1325.47291705902,-6.82059337565893,0.170060821027557,-40.1067884680723,0,0
107987153,7.75778496422944,-5.31406479733304,1.10069674412847,-4.82790998127347,1.37973432070895e-06,4.69575223566436e-06
107984292,76.7592925334842,-7.53987845642285,0.845520337729314,-8.91744186387232,4.77182613313408e-19,4.14227176114406e-18
219623,147.967379803968,2.1829106530057,0.149671505844777,14.5846775622715,3.51579142411582e-48,8.63241069998672e-47
101928781,21.7542493004875,1.3871979416817,0.338773199210954,4.09476884509358,4.22589794314202e-05,0.00011898198300818
219790,147.700141399732,1.76279791545316,0.150060051130558,11.7472831854459,7.2925907987574e-32,1.1169807753196e-30
22891,23.5757098254098,3.27575301716923,0.478551327653628,6.84514456000046,7.63986831659919e-12,4.2382169486334e-11
1959,288.831846906209,5.09218678060251,0.216637505302418,23.5055641611733,3.57790616626754e-122,2.87398145989056e-120
221037,1469.59417119263,-1.26906044168932,0.068770207900835,-18.4536368352888,4.87511031224511e-76,2.09040961987863e-74
84989,125.29082422633,-1.15216697449165,0.158945733390569,-7.24880718666725,4.20457924388275e-13,2.55615379237694e-12
101929846,16.9421238709433,-2.97274279127971,0.54785614102314,-5.42613757277231,5.75865799275219e-08,2.25967499308879e-07
101928913,11.4521779122872,-2.21359914423823,0.550364831267655,-4.02205776691735,5.76919035754986e-05,0.000159375454757587
29119,73.9064458444729,3.30747275228554,0.263348282169139,12.5593101464063,3.53400524848398e-36,6.23614922177809e-35
101928961,35.3017115648666,5.19882943689544,0.591530126686618,8.78878218091112,1.51189875355171e-18,1.27623521983119e-17
347731,360.174362651037,7.33067676559505,0.369198356598375,19.8556592535692,9.84619389070643e-88,5.09590769527174e-86
56521,162.209021660362,4.93667224348334,0.276343048479308,17.8642895873423,2.23762711120478e-71,8.84684999512412e-70
23411,1938.62039488291,2.08344857509816,0.0725821041085049,28.7047144842144,3.3318319985186e-181,4.88815550724812e-179
80312,639.607103407773,-1.19177283419781,0.076643422724976,-15.5495774043693,1.6015910860351e-54,4.51292777131668e-53
64072,36.437489834113,1.9018240986358,0.307946508883554,6.17582613789252,6.58183863567191e-10,3.12241580599807e-09
9806,33.2617868329466,-1.69074885226676,0.295936110241873,-5.71322252929823,1.10856561815689e-08,4.68776961732281e-08
54541,1225.50195200765,-2.25928665970023,0.0777906097409244,-29.0431797259928,1.87637334153172e-185,2.92187539990098e-183
5328,113.096325874828,-4.09077759323895,0.273747104424466,-14.9436378581593,1.71359320666471e-50,4.44732552700467e-49
414236,21.8906567321373,-3.7480227835187,0.569575897336016,-6.5803746279446,4.69264379163566e-11,2.46388088107413e-10
7414,8272.95362417825,-1.9936379642442,0.0456292037679721,-43.6921488786435,0,0
107984244,9.01649371450558,-1.48480162082782,0.501640527801153,-2.95989167250136,0.00307747233348715,0.00651924688115321
3778,90.333110415939,-8.16318441891088,1.02845746113888,-7.93730876323385,2.06615257172731e-15,1.45491235435554e-14
439990,14.2708187178915,-6.96948526087867,1.21996257994087,-5.71286806290115,1.11087806118174e-08,4.69642946942087e-08
4143,32.2529953922946,-5.8673345838727,0.860114936715733,-6.82157038950696,9.00506265013516e-12,4.96915984349392e-11
92211,6.9588059430297,2.97679212918344,0.864100548787135,3.44496035022974,0.000571143164183718,0.00136846179654331
2894,116.772833179966,7.11230467939706,0.601913734513083,11.8161528331806,3.22100029817011e-32,4.99381635747736e-31
11155,18.4104640998813,-2.98706336536875,0.534402793427282,-5.58953546296387,2.276778673872e-08,9.31061391812389e-08
79812,19.8892863084944,-2.83492943218672,0.471378429478829,-6.01412634710738,1.80859412674021e-09,8.27478426234334e-09
6623,46.6946375149854,-6.8912176921857,1.03512844378767,-6.65735516548055,2.78798913628831e-11,1.48581156251546e-10
439994,81.5547522357918,-1.0246593441531,0.199959372024088,-5.12433767810426,2.98585449972117e-07,1.08929077433313e-06
9060,51.6882299130884,1.1631297044067,0.256091752826137,4.54184756662726,5.57633568621948e-06,1.76486202713083e-05
100144748,22.3107213130221,-1.22082342078608,0.379040595429542,-3.22082498683972,0.00127822178711218,0.00289130901692347
55328,21.8152553218354,-5.71698750681295,0.86904757848223,-6.57845168477142,4.75372286807716e-11,2.49373783552322e-10
57559,44.5642066400281,4.01914089933104,0.391675450905371,10.2614061975053,1.0516401580124e-24,1.20598941117804e-23
100132116,221.676958386351,-5.45537275336826,0.303481480760915,-17.9759659129449,3.00582886661977e-72,1.19640076323395e-70
59,671.805840768476,-5.5476850283289,0.18580757481249,-29.8571521313242,7.08923278825728e-196,1.18724585336928e-193
355,266.376261717778,1.13513593050805,0.111276324522537,10.2010552143834,1.961298751476e-24,2.22474453935001e-23
100302740,15.1329108445449,1.64271385678446,0.491822228587626,3.34005614488363,0.00083761454244102,0.00195443393236238
3988,6236.23028956206,1.89142376660092,0.0734209250681725,25.7613720454312,2.40394236743207e-146,2.43855913752309e-144
105378419,243.334561335143,2.04328267894728,0.11846110618917,17.2485530878326,1.14736877200005e-66,4.17378902470181e-65
3437,222.354159793176,-1.61795324411691,0.120078762805841,-13.4740998850315,2.22178309468341e-41,4.59151263059603e-40
107984251,89.8531492860067,1.34440070130127,0.185506530911503,7.24718798144432,4.25513219997898e-13,2.58600160267124e-12
387700,8.15951182451995,3.11834574522762,0.846264975855828,3.68483375088758,0.000228851968361448,0.000581781489668111
27063,15.2689818952851,-7.07232959320274,1.22399265521112,-5.77808172548461,7.55571079944692e-09,3.24217979482189e-08
84333,18.017018836206,-2.34454076252439,0.484331427448061,-4.84077767754565,1.29331999985228e-06,4.42029584855174e-06
5507,40.0143253894331,-2.75205248231732,0.383812247428711,-7.17030918308172,7.48285770135771e-13,4.47107673896002e-12
80351,775.436877100029,-1.13474843646999,0.0698232398291238,-16.2517299289896,2.17149515366022e-59,6.79865643170657e-58
143282,194.437468488495,-2.53700739565961,0.15122864158693,-16.7759715953097,3.65826212570784e-63,1.24887440876088e-61
26509,86.1394013968753,-5.26908393317605,0.407400070358765,-12.9334389376418,2.91483519014485e-38,5.44102568827038e-37
55165,639.40528208836,1.10134431090168,0.0812221758589688,13.5596504187972,6.9466362726876e-42,1.44907975455641e-40
9124,192.352229066207,11.0901474036856,1.18179034424447,9.38419192346305,6.34007215285041e-21,6.06406039102373e-20
10580,15.949055402383,3.12775537162163,0.512679325754587,6.10080261578336,1.05537169724977e-09,4.92506792049893e-09
6585,20.711105608134,2.44691561869576,0.408197269653104,5.99444386478921,2.04182979612216e-09,9.29160793149462e-09
10023,19.1073085263688,-1.01793668223842,0.434764068286388,-2.34135421137858,0.0192139283812329,0.0352798569118377
84171,19.174127978681,-2.47020548125686,0.439928891491753,-5.61501080977121,1.9654995731322e-08,8.08985588273657e-08
60495,64.9624539369997,-1.67002896829016,0.222425894242707,-7.50824886632965,5.99235075521339e-14,3.87104114288748e-13
26507,126.852209382202,-10.4887467289044,1.18454109475536,-8.85469214647264,8.39150923383657e-19,7.16872338397819e-18
5076,587.844707467692,-11.79627457897,1.18078123593367,-9.99022868926473,1.68193259708286e-23,1.82504079849725e-22
55719,1757.04945457359,-1.69212821867098,0.0598770327788325,-28.2600546510244,1.07096265673086e-175,1.45127702918215e-173
81855,67.4997047386478,2.41243897797079,0.245664930068644,9.82003811979471,9.2308633568679e-23,9.67333449298222e-22
10360,775.756315346728,1.09837280768906,0.0775561962695794,14.1622830994857,1.56815396758518e-45,3.60594161043681e-44
83401,35.9754209370518,1.24646527191038,0.288442894597194,4.32135890763075,1.5507119733928e-05,4.64846993442569e-05
5309,18.1326060988682,1.06546270326822,0.40656160586935,2.62066729343502,0.0087757860669314,0.017132712444756
5662,56.4803698567916,1.60574353553605,0.255761266669953,6.27829051850993,3.42315839307505e-10,1.66990678191449e-09
79946,24.924776076523,1.00178359820297,0.325337790127101,3.0792106807254,0.00207549851393643,0.00453691043213885
54805,1796.49214006203,1.60846742838353,0.0525933152628511,30.5831153701707,2.05271942947856e-205,3.71835462368402e-203
22978,2735.69139727229,1.46462507331892,0.0600825081903653,24.376896328602,3.00719241310668e-131,2.5665230633399e-129
9118,750.929196078461,-3.99059351881431,0.112549795902364,-35.4562483816151,2.32388696045323e-275,6.99214259694335e-273
9148,12.3170411540161,2.67930131096171,0.587496161330205,4.56054266787931,5.10215933945295e-06,1.6211478896361e-05
159686,5.61355430285465,-3.19582650863465,0.989715593922299,-3.22903521805634,0.00124208597745079,0.00281531030026895
114815,4.80786737249555,-5.81473538169818,1.28925216928877,-4.51016141001024,6.47783179199903e-06,2.03150210733786e-05
120,114.888599193678,-5.82180079974305,0.419456972858811,-13.8793754221429,8.44768403323815e-44,1.8582811271133e-42
282997,12.205549078122,-2.09153962878467,0.616525805052365,-3.39246080479474,0.000692678412923795,0.00163755855456429
27250,232.785833657451,-1.88330977073578,0.128519242428041,-14.6539127927886,1.27176005521549e-48,3.1619446078691e-47
153,4.82390608118122,-4.80606005150678,1.29248928910731,-3.71845251795178,0.00020044695931917,0.000514656410447485
56165,6.90982511878311,-6.38592049409228,1.26312710942173,-5.05564360582508,4.2894171379662e-07,1.54297331374217e-06
3983,618.033077299496,2.61466527044851,0.0873032175868541,29.9492429113199,4.50091473570163e-197,7.60954651315955e-195
259217,40.7889627127812,5.74279256792995,0.672429705470558,8.54036120238205,1.33802921496001e-17,1.08212731772073e-16
387712,17.5056530123671,6.63549110576512,1.21397836262181,5.46590557959743,4.60549453801999e-08,1.82492721069042e-07
57698,197.43256481497,8.07224047534612,0.653490080812778,12.3525065067648,4.72170383071839e-35,8.06734229094445e-34
2263,28.3746469331811,7.55477553712357,1.20012375303455,6.29499709344229,3.07405619773809e-10,1.5074763984046e-09
5654,58.1868168994924,6.90147316886291,0.850259391121636,8.11690319557506,4.78229932740146e-16,3.50372999009619e-15
51363,118.164122226599,7.66603477452457,0.730578315159104,10.4931047301275,9.2923788883084e-26,1.11760372645834e-24
8038,4.08560124539761,-5.48559996539864,1.31758350280077,-4.16337936361374,3.13571731624016e-05,9.01023855582638e-05
5791,33.9749423652693,3.90069082550742,0.452861660023467,8.61342694655427,7.09084179474262e-18,5.81147846446311e-17
107984280,16.288533095868,-1.60618028552943,0.40307759619084,-3.9847917639386,6.75393266804759e-05,0.000184881746681852
105378568,11.6342973968056,-5.79400789828823,1.22728496183266,-4.72099640953497,2.34692082311303e-06,7.76561760520085e-06
170393,10.239912187622,-4.52859503368474,1.08689302980597,-4.16655080996627,3.09242991525013e-05,8.8930529492176e-05
54777,17.9536239617466,5.19498124279412,0.888082634191046,5.84965975325734,4.92579584411316e-09,2.15535439548181e-08
85442,26.1501043793639,4.62007170283303,0.637072982956936,7.25202892985548,4.10574158203899e-13,2.49863299843525e-12
8433,28.3324212856814,8.27113947474771,1.20382071539879,6.87074027631076,6.38695866161445e-12,3.56432851810688e-11
50632,27.5532925185035,-1.57516438390035,0.353206861025926,-4.45960868179377,8.21094292279894e-06,2.54381603430239e-05
1571,10.2943101590852,-1.26353946784495,0.530862638406971,-2.38016273218364,0.0173049940527464,0.0320265069249743
441581,3.93560769769048,-4.39416429982011,1.35487233456759,-3.2432312533878,0.00118182245242034,0.00268763927432308
8519,1016.90017025564,-2.99818186449212,0.084264623887084,-35.5805523858949,2.8006115553566e-277,8.57180281563628e-275
59307,240.340883947611,1.04792253260498,0.126146175763527,8.30720809618045,9.79800329082816e-17,7.49070432466759e-16
256329,21.6821961422472,1.03216884387168,0.387145513342791,2.66610049270483,0.00767367510188457,0.0151611664339071
692247,7.3156696934456,1.81464432430518,0.692690961942951,2.61970261487926,0.00880064753706404,0.0171793594763537
8045,193.744980245212,1.42503532678073,0.130306731880324,10.9360069600203,7.75403156841563e-28,1.02954052657079e-26
6343,10.3453816867311,-1.4598151355599,0.57155387480876,-2.55411641824377,0.0106457655445426,0.0204838098793323
1815,12.7243475287444,-1.1460374698668,0.469526369018736,-2.44083728941977,0.014653255229728,0.0274973136192529
51286,79.7689606135815,-2.12248712892284,0.225362274735804,-9.41811193293585,4.59271931381896e-21,4.42856888967486e-20
283229,573.452427008865,1.56559174827595,0.0906929763321068,17.2625467990259,9.00501456728123e-67,3.28923906581021e-65
1850,20.1418673634703,1.50586585653569,0.450627513351651,3.3417086438763,0.000832644113317467,0.00194385827191106
103344718,78.5063115016398,2.8192743006978,0.236723466505276,11.9095683343881,1.05522115707596e-32,1.66657348580183e-31
283120,215.423940407968,2.83459401187344,0.152236364391639,18.6196906580168,2.22495604766491e-77,9.82522879555908e-76
100033819,12.88013218574,2.68314429095501,0.565400195860212,4.74556661034194,2.07923474118338e-06,6.92116540886693e-06
3784,5.96413651704322,1.55719857109694,0.674827455769954,2.30755070467639,0.0210241389837867,0.0382398068893629
7262,139.87821077209,1.91624182339434,0.171800343782044,11.1538881774614,6.85442840546118e-29,9.41065839549473e-28
6737,143.946281051047,-1.40848524522973,0.161441581064876,-8.72442673033367,2.67532444110273e-18,2.2317838100778e-17
117854,43.2405111223404,-3.40373657937698,0.355958635543505,-9.56216885756933,1.1531435360803e-21,1.15262410205503e-20
445372,22.701397657739,-2.1324625175131,0.394029398863179,-5.41193759568576,6.23464182104786e-08,2.43675388831444e-07
53840,9.88345701664356,-1.60020034507523,0.546107378613349,-2.93019359880905,0.00338750882472763,0.00712838509442448
10346,9.24501884870458,-5.60435882626141,1.24528449325431,-4.50046463809687,6.78050845726041e-06,2.1210147336262e-05
283298,90.0980381738973,-4.42932437254444,0.32510281818268,-13.6243801185862,2.86835403398502e-42,6.06901320754494e-41
8495,68.9778712637204,-1.44850935307541,0.201831856047101,-7.1768123300485,7.13555281975122e-13,4.26930683034121e-12
51700,27.2719033705949,-5.3597027186313,0.757906971567841,-7.07171581697417,1.53029569168774e-12,8.90974388941972e-12
341277,9.038545297313,-4.89723203976254,1.09080761004243,-4.48954700597665,7.1374796271152e-06,2.22640200914688e-05
283299,7.46404239303973,-4.74522900117513,1.11224532800368,-4.26635103039015,1.98696063129045e-05,5.86994926388219e-05
79608,149.555263131924,-1.4023567315502,0.139250414973175,-10.0707544162101,7.44051460890358e-24,8.21418005828709e-23
4004,60.9938272180713,-5.68408076792314,0.568558168882061,-9.99736012781169,1.56513705126124e-23,1.70142761383892e-22
105376536,5.56570354641533,-3.14470635574599,0.888820482071768,-3.53806693159898,0.00040306787235403,0.000986524316838375
65975,71.8574932770661,-1.61457422335935,0.198831196640869,-8.12032644090356,4.64931416327915e-16,3.41052169531122e-15
677808,42.5271391281635,1.25340603800609,0.297825625353598,4.20852314678417,2.5704520175019e-05,7.48780180746533e-05
133,194.426896946326,-2.58113080422257,0.181738415907556,-14.2024502157844,8.84643656438085e-46,2.05821680066696e-44
729013,40.0871049575564,-1.44678765279418,0.287339416937678,-5.03511724292243,4.77556451778807e-07,1.71162815045732e-06
374378,244.690082142519,2.85771230600268,0.12807800887716,22.3122792980294,2.80815946519095e-110,2.01009866234152e-108
107983976,7.71223622078239,6.8609492786963,1.2576605755478,5.45532666928665,4.8882894564478e-08,1.93181020549558e-07
9645,170.471355650114,3.70597754654143,0.189588284478143,19.5475029311143,4.33212595032118e-85,2.14815362765647e-83
796,4.70801532714193,-5.32823481710309,1.3040323586671,-4.08596825200664,4.38933804300002e-05,0.000123251390286834
797,4.41358537881249,-5.48729424684059,1.31489780582881,-4.173171650691,3.00388454636286e-05,8.65792686074961e-05
55553,8.78373189517813,-4.83544011149341,1.09934807536181,-4.39846143352006,1.0902099464062e-05,3.32304377894966e-05
144100,38.7826432636068,2.11730992655845,0.272186213735883,7.77890216222704,7.31566098575542e-15,5.02194949029893e-14
85388,14.4398117256422,1.21021259026463,0.474707139692518,2.54938779949364,0.0107912228760579,0.0207344721826799
4925,634.063812003424,1.03724158974131,0.0824682646767729,12.5774635104387,2.8090510574628e-36,4.97171230030704e-35
374383,1077.9695937399,1.04416666535323,0.0697645669636416,14.9670056132851,1.20631628704715e-50,3.13536262484056e-49
107984316,486.008627224263,1.05511129530648,0.0869894753044796,12.1291833479095,7.39835423948894e-34,1.20712853363426e-32
3767,33.2237274088129,2.54909545360655,0.335872361468897,7.58947667637311,3.21200081437112e-14,2.11261350339815e-13
6833,20.2602667300067,2.78671132280807,0.430973282306874,6.46608835678077,1.00572286308478e-10,5.14512745402912e-10
3746,8.2687962639913,-3.99837355378912,0.934081347859324,-4.28054105025475,1.86439492101613e-05,5.53642332517203e-05
6289,5.24913986675006,-5.38318523320314,1.29009462831855,-4.17270571866448,3.01003613341899e-05,8.67296890771854e-05
6288,29.8100066766844,-8.05750150041164,1.19848468959913,-6.72307420389884,1.77929910622015e-11,9.62697888863764e-11
107984320,5.3384403633488,-6.06945698966227,1.30589076515933,-4.64775243963208,3.35571300013237e-06,1.0912368048791e-05
203859,16.4317590438593,-4.4591542139069,0.705071702846413,-6.32439820787738,2.5422136864394e-10,1.2560361080343e-09
57084,6.24619858319166,-5.15115689525838,1.27232051324744,-4.04863148996215,5.1517987612146e-05,0.000143256158535529
258010,9.09914908047346,-1.85196353826118,0.592574573903977,-3.12528349986424,0.00177633773760985,0.00392598948182894
63982,414.232107543719,-10.5501983044499,1.02311020001344,-10.311888498728,6.22655714143356e-25,7.21500276597444e-24
105376599,13.3254257318665,-7.33310621632579,1.22189245780358,-6.0014334072472,1.9558315558165e-09,8.913972215367e-09
105376598,7.71486838407021,-6.57006762455838,1.2556794682655,-5.23228084125145,1.6743110789133e-07,6.24288390524446e-07
143662,54.0817051425394,-8.46833003307725,1.1889055059954,-7.12279486500253,1.05760171271807e-12,6.24153776734415e-12
107987160,3.21186718233371,-5.72708956121623,1.35600885439854,-4.22348979701647,2.40548265209235e-05,7.03147176682749e-05
159963,40.9287954748967,-9.02682054826945,1.19286558273469,-7.56734093004435,3.80941197190597e-14,2.49445523147454e-13
387758,524.276392276491,-9.17313818039223,0.592490098465935,-15.4823484884273,4.56499106149549e-54,1.28021676656663e-52
55366,812.363059090148,-4.02788973124432,0.101746509466315,-39.5874979138998,0,0
627,15.1712456594322,-3.84505230819157,0.662865897248325,-5.80064885545186,6.60588028908457e-09,2.85461506552652e-08
744,4.37823948659867,-2.7805638441281,0.901208744828512,-3.0853715746591,0.00203297998489943,0.00445164187639505
341019,34.1103759565669,-7.57374078726592,1.19518373234746,-6.33688409763603,2.34458224664048e-10,1.16162500815969e-09
105376611,6.43909300803561,-6.69334468168084,1.28614333491723,-5.20419808583122,1.94836097365197e-07,7.22676640289797e-07
5080,11.5635798115888,-2.48984386006985,0.560759040116054,-4.44013146815173,8.99039388635111e-06,2.76982770341036e-05
79056,22.8687046162383,-3.064250280761,0.490402885219006,-6.2484344466949,4.145871574543e-10,2.00647525058035e-09
91614,8.5955675313501,-5.44138017205111,1.25102068735571,-4.34955251104007,1.36415616285023e-05,4.11146013631871e-05
25841,164.469516557126,1.07596649678985,0.130296451990031,8.25783419545586,1.48339414362148e-16,1.12247284047606e-15
57689,174.034342474414,1.56315044812616,0.1313585522343,11.899875733542,1.1852351199089e-32,1.8702483420998e-31
101928591,16.1180813141234,2.4347977201087,0.48804941208813,4.98883444955167,6.07446740306368e-07,2.15366377749523e-06
387763,10.7193929704889,-3.29062080594417,1.11502763499992,-2.95115627869116,0.00316586690514945,0.0066937195450468
60529,17.9764549458089,-3.3044831536626,0.518584246815253,-6.37212405497506,1.86427987611326e-10,9.33033446878e-10
3732,10.7528721756819,1.04554761141673,0.472627945020312,2.21220015116074,0.0269528384185325,0.0479425638883556
9537,147.510378402705,-1.00376499946205,0.146014727919118,-6.8744092720432,6.22472597146684e-12,3.47597783722804e-11
56981,76.5792336312369,-1.33554315647778,0.198000347678224,-6.74515561279827,1.52863101877574e-11,8.30617013936548e-11
55343,463.399475107847,1.03268562186158,0.0917355703723778,11.2571995537788,2.13433765250369e-29,2.9740001575546e-28
120071,185.174065942214,3.21615012585494,0.17072929807835,18.8377165609795,3.70613251498327e-79,1.67407797470695e-77
90993,55.5541584961608,-4.12221726108956,0.388150782546523,-10.6201441461617,2.40189938282328e-26,2.95280594486696e-25
4192,375.414680345159,4.0632579922224,0.150666171705141,26.9686150928049,3.45105329109421e-160,4.00412405382382e-158
1132,38.8276656242461,2.81455012474865,0.343433221604875,8.19533448626827,2.49897269040961e-16,1.86629209929118e-15
10062,69.9137433486127,-1.01491920472286,0.204241596736324,-4.96920911773482,6.72265377509914e-07,2.36880805509249e-06
79841,26.0909863970126,-1.56654613482288,0.336424051154297,-4.65646296526048,3.2168811400779e-06,1.04897270386964e-05
283116,5.88708322020022,-6.08574502691077,1.27025600179668,-4.79095947454917,1.65985652604786e-06,5.59547532290194e-06
2346,12.5412124447027,-5.18456695370187,1.07157138929654,-4.83828422957932,1.30964767559566e-06,4.47265593250755e-06
79097,2.77270950309481,-5.18876691230004,1.38158611908788,-3.75565941247706,0.000172885674310778,0.000448281977902409
219525,41.8942825232592,-9.04620979917267,1.19270020946977,-7.58464677657287,3.33394065697023e-14,2.19119268946818e-13
105369309,58.1432529325547,-7.65600654835991,1.03209770013875,-7.41790873803003,1.18984037083218e-13,7.53014127023629e-13
219527,18.5105859077215,-7.52681608072288,1.21049797621964,-6.21795015653719,5.03691493699804e-10,2.41924550761876e-09
349667,750.546059061259,4.12923771140097,0.211579340340377,19.5162613928093,7.98732320479189e-85,3.94960895630824e-83
9246,642.604078871171,-1.22238621027818,0.0769225082533296,-15.8911382121405,7.29901207024268e-57,2.17038630269595e-55
710,320.175909154216,-2.60143071552519,0.124466654849778,-20.9006236944739,5.28499686184475e-97,3.21298850313246e-95
100528016,1458.17892805654,1.14885160762017,0.0575883122833705,19.9493883753201,1.51733113905473e-88,8.01656618467248e-87
1500,1388.74446194434,1.24919864081132,0.0574004710909395,21.7628639115561,5.21852717436432e-105,3.48268024057576e-103
105369313,38.7617912135733,6.90540215380109,1.03832689638392,6.65050879241387,2.92081551183398e-11,1.55613196176701e-10
9404,246.848562593955,2.65557694667029,0.13902796829232,19.1010267882696,2.47570345050028e-81,1.15048920558327e-79
80829,4360.41867509304,1.67870060126253,0.0494906447374467,33.9195540928638,3.4305418005856e-252,9.08939970805904e-250
386607,1222.82741393915,1.76028873229913,0.0678717056536374,25.9355310927683,2.64804286326906e-148,2.79809862552098e-146
1270,67.7217004041477,1.78218185568992,0.208999154194256,8.52722042134896,1.4990606502426e-17,1.20850702375598e-16
219970,111.607465377122,4.41433649425186,0.281119200382889,15.7027214371678,1.44890662984847e-55,4.15524886802424e-54
92292,28.1904610534004,2.23819461418849,0.344541530594467,6.49615333839941,8.23996736277905e-11,4.24111048489573e-10
283194,8.76183779599339,5.76496516771781,1.24524448369205,4.62958498770067,3.66399324801581e-06,1.1854056522467e-05
105369315,21.145995220261,1.03655163175249,0.38049130303413,2.72424526785968,0.00644486253073414,0.0129144598313119
63901,1621.68814257076,1.89163598993273,0.0643454879801993,29.3981139829856,5.80511351797405e-190,9.45434634597021e-188
23220,633.833170785853,2.09355962735596,0.0853597317286897,24.5263145157274,7.74131835907458e-133,6.76964943400453e-131
219972,7.06438686013466,1.92834156738219,0.62080823175229,3.10617912062677,0.0018952187541946,0.0041700450327792
102723575,6.01270276229156,-2.16070117205271,0.814296255456798,-2.65345831762497,0.00796716099929012,0.0156851549361648
6809,240.071051401902,-1.65440036040593,0.119585125525193,-13.8344995093675,1.57831146366815e-43,3.44627123038585e-42
51296,99.9027772039882,-2.07110837319975,0.190146987155576,-10.8921440417312,1.25646867350461e-27,1.64368694856697e-26
9066,52.0641358366946,2.72937243410568,0.272858498119118,10.0028859387555,1.48019311932621e-23,1.61204835915822e-22
747,90.6425975735808,1.07551953008119,0.169214103697492,6.35596860178938,2.07117332543513e-10,1.03134555043827e-09
9415,1014.65413484882,-3.32083425368423,0.0862394807762665,-38.5071225359016,0,0
3995,230.231417443512,1.44992483474763,0.126386780089016,11.4721241709492,1.82132781216596e-30,2.64584380700246e-29
80150,52.8559483838859,1.70816168926605,0.248449964014008,6.87527444829792,6.18706275698652e-12,3.45820963671362e-11
79064,154.289450537847,-1.07287925925758,0.142935703822331,-7.50602704969482,6.0948828982848e-14,3.93298295930032e-13
5920,23.5892283286011,-4.81572653918469,0.762694301781478,-6.31409796551025,2.71741766962594e-10,1.33924482152137e-09
11145,102.556994100486,2.17591052181825,0.190803465737292,11.4039360522631,3.9963332924621e-30,5.73044496024129e-29
9379,22.4536858675132,1.17305363797147,0.337230713335131,3.47848992273049,0.000504247396911087,0.00121704959754801
10235,205.448419418972,-2.78889976552549,0.15878772752034,-17.5636984613199,4.67289248233079e-69,1.76872467689416e-67
5837,60.7857663171396,-4.43356551200517,0.433712742821374,-10.2223547391393,1.57468434171664e-24,1.79421029744247e-23
170589,7.20164109643269,-1.99526877771569,0.673488338278535,-2.96258845819912,0.00305064139883996,0.00646703918225543
116071,53.7890945832415,-3.2264792707832,0.353392275179057,-9.13002206725773,6.84853335159407e-20,6.20281449272948e-19
10435,409.20187104335,1.02925369986908,0.100933344405806,10.1973605048786,2.03734113995297e-24,2.30803317909669e-23
83786,562.681002611679,1.68236933397388,0.0956322113704264,17.5920781279156,2.83295240774118e-69,1.07919680562707e-67
254263,48.6541513415976,-1.19807102327849,0.258718884509594,-4.63078304295203,3.64285428263233e-06,1.17942639477091e-05
256472,17.9993483347242,2.50877650432679,0.482224865441301,5.20250340477761,1.96621756107363e-07,7.28843060016266e-07
57124,197.372972069886,-7.45237118347069,0.554830981477143,-13.4317863137888,3.93796308011525e-41,8.03525524117308e-40
266743,35.3169914119935,-3.77781324251886,0.452587013745545,-8.3471534263748,6.99278542775283e-17,5.3948686185775e-16
89,556.106749843828,-4.94490422890599,0.172010433024211,-28.7476994387311,9.6776580318678e-182,1.43164821151431e-179
8722,9.13133873598576,-5.4226803032958,1.24264078772484,-4.36383575757577,1.27801543401825e-05,3.86430420451235e-05
78999,523.719105327461,1.06772010903606,0.0889942723772074,11.997627268758,3.65628388151532e-33,5.83165781353639e-32
91683,20.3510692949582,1.95181324232966,0.391258209284946,4.98855537343675,6.08324756801669e-07,2.15634606284809e-06
54961,127.180411438234,4.90294622500001,0.312952562410759,15.6667393525437,2.55347281906917e-55,7.26430280194165e-54
374403,15.0303799034578,1.55391536906723,0.449788996911106,3.45476518931908,0.000550772271015693,0.0013226879538786
57571,53.4367004955211,1.04027025108267,0.244245351269372,4.25911996144968,2.05233311561663e-05,6.05431591822984e-05
347853,21.2211717922051,-3.07795757152349,0.592116974112654,-5.19822552990668,2.01199929646685e-07,7.45035701103036e-07
112268076,6.99861449584237,2.48890373178745,0.748190828248956,3.32656274016672,0.000879242239326165,0.00204457797124942
81622,132.260210821812,1.87387349230583,0.168032760279108,11.1518342565656,7.01452734044469e-29,9.62302081511391e-28
221,28.1460533529561,1.04512411576453,0.319647049116972,3.26961915854283,0.00107692368553265,0.00246709888573694
1374,639.491229582136,2.54499161460392,0.086435517125987,29.4438177641071,1.51064983320155e-190,2.50626690084054e-188
1717,831.749668948957,1.10596333463399,0.0702131835007765,15.751505336911,6.70656624508857e-56,1.93900592805883e-54
5029,10.3288932966718,-6.63342120589408,1.24614684695796,-5.3231456806935,1.01988001862848e-07,3.89855945105357e-07
374407,24.5358998117637,-5.03628552903005,0.873006192492322,-5.7689001204586,7.97905745668459e-09,3.42053194810589e-08
7351,465.387474658202,-11.1466075797172,1.18016366957657,-9.44496756430098,3.55514411069734e-21,3.45056961471291e-20
7352,6.0958616549865,-2.33613828059048,0.720846575930487,-3.24082593799511,0.00119183934120358,0.00270903098400076
51400,1088.5309978243,-1.61052339135204,0.0687042779408494,-23.4413844322563,1.61840029387032e-121,1.29413702778315e-119
105369383,20.4568211489331,-1.89942403385438,0.396641607098888,-4.78876648304026,1.67809615281307e-06,5.6548145225394e-06
283209,30.2841299098272,-2.69749199909448,0.363843117025151,-7.41388766991025,1.226498152007e-13,7.75384444246019e-13
387787,34.1356369573293,-1.03344402046786,0.286627063020453,-3.60553539354416,0.000311510028802045,0.000776675004395211
100507050,7.66027671200077,2.39376785976332,0.746598276913669,3.20623276771923,0.00134485153882151,0.00303159422440119
408,208.788018459916,1.10607825534197,0.123055844190038,8.98842523589389,2.50797994115596e-19,2.21060873462764e-18
81544,14.8666527237807,1.64777091729217,0.427471791836445,3.85468924209769,0.000115876722102672,0.000307388459469012
105369389,6.1211522021906,2.9729127672951,1.17561581098653,2.52881318838367,0.0114448925798016,0.0218885728373883
7481,5.13256863173684,-2.56597895064724,1.00448460497122,-2.5545229244412,0.0106333427461022,0.0204621247077297
2615,10.6202691628601,-3.76007708530745,0.806745879616691,-4.66079490495071,3.14990482688204e-06,1.0278880604193e-05
101928837,5.49341852801927,-1.99547051412701,0.792485888608175,-2.51798870214788,0.0118027106871816,0.0225340632521883
4647,42.9702027661934,1.24011499251833,0.260798358339981,4.75507208102015,1.9837562553194e-06,6.62072589667796e-06
100532726,173.280341240101,-1.33024049807694,0.134331317162038,-9.90268335173344,4.05253047217709e-23,4.30781562527471e-22
65987,8.48247641283729,-4.31323488737799,1.10032462542165,-3.91996578802835,8.85615398006312e-05,0.000238637591763935
4718,314.165613452097,-1.24644803289729,0.121446534217945,-10.2633479079811,1.03070049413962e-24,1.18274047653307e-23
338699,392.843145615096,1.20776188521398,0.093974943200335,12.8519565331291,8.38620003528071e-38,1.54752414788257e-36
1740,285.995948389005,-1.3424961477808,0.108991836319202,-12.3174009459668,7.30095360762529e-35,1.23670351567332e-33
105369416,6.0903939874087,-6.39825950014462,1.27093593494287,-5.0342895532592,4.79624248695871e-07,1.71797612244736e-06
55863,236.074741154583,-2.64007048603256,0.154581345991918,-17.0788426578365,2.13307919009041e-65,7.6497821782798e-64
54843,124.380241964447,3.43424318948433,0.205578814672116,16.7052387910773,1.20046461749518e-62,4.04376620299325e-61
1075,667.522297064869,1.28489093653115,0.0760430603094866,16.8968862023936,4.74300622058861e-64,1.65093816525273e-62
50507,55.4335670330413,-9.37856275869154,1.18890234721373,-7.8884214339982,3.06032792557344e-15,2.13297767313623e-14
219595,31.4440445104747,-8.39508159377727,1.19991494395026,-6.99639723307359,2.62628247736004e-12,1.50392795284179e-11
57093,10.1971364388783,-6.71129259495539,1.23254680967663,-5.44506102507878,5.17876278185277e-08,2.04115002005884e-07
642446,10.3840042972487,-6.85358983677316,1.24352317474877,-5.51142912005463,3.55931762355784e-08,1.42533287736067e-07
399939,13.0563755792249,-7.09152266433244,1.22262715070317,-5.8002332602003,6.6222735944369e-09,2.8610026976988e-08
729384,14.0512255764935,-7.17755914711317,1.2196528078782,-5.88491995488436,3.98246686238629e-09,1.75862566520103e-08
642569,14.367469773336,-7.2273523662071,1.21698188235831,-5.93875099619535,2.87201689511736e-09,1.2893611812072e-08
642612,9.09095305300719,-6.6638893932438,1.2419591383422,-5.36562692564823,8.06685285832969e-08,3.12108474250063e-07
10003,409.585902915548,-4.91150521213034,0.172181732822224,-28.5251236099559,5.71784139398817e-179,8.05580320841889e-177
120114,5.28058356097768,-5.16386910494201,1.29012604713335,-4.00260820748182,6.26479994803122e-05,0.000172235912463141
4361,376.188248972508,-1.20468110869829,0.0999347984670117,-12.0546709172176,1.83262983269648e-33,2.9447646628481e-32
2526,28.4868827791272,4.78302332440903,0.635473229091984,7.52671096978138,5.20343762566355e-14,3.37738298832831e-13
105369438,5.079081460038,3.23049673085179,0.993158901050284,3.25274910936758,0.00114294363849989,0.00260757427973911
154810,47.0244118564448,-3.89952271499069,0.38444871304569,-10.1431545552534,3.55432624128315e-24,3.97332490146464e-23
55693,36.2390897416671,-1.15486130490111,0.274389154458644,-4.20884457762041,2.5667986425983e-05,7.47838659172905e-05
390245,4.16268995527585,-5.5940775378803,1.30798821405262,-4.27685622682167,1.89551133601989e-05,5.62262635559694e-05
23052,395.223592199775,1.27087806999117,0.0966121317739806,13.1544356454563,1.6047722623602e-39,3.12710397381101e-38
143686,4.74290443014016,-1.88047413339189,0.7590041393775,-2.47755451628256,0.0132286197894267,0.0250329877946811
84441,12.8855566153068,-4.83598155939294,0.898913369465043,-5.37980824811951,7.45652179918872e-08,2.89455882307453e-07
101928477,4.45722099675697,-2.84944970951851,1.18816662256661,-2.39819033408235,0.0164763013114759,0.0306237358267533
4317,30.0819731177781,-4.5890012758553,0.591006326594505,-7.76472445277876,8.1822912407297e-15,5.58876622183277e-14
4319,9754.59899767672,2.26634404979112,0.0588643093682993,38.5011575624063,0,0
100288077,370.02403372491,2.26792230928615,0.11130115999495,20.3764480926259,2.70592791656606e-92,1.51531963327699e-90
4312,3161.57901924923,6.66085756192543,0.11619733426416,57.3236692916105,0,0
4314,10288.0077460938,4.34876469110836,0.0503955093839663,86.2927023512128,0,0
4321,163.338478810515,2.59288723440827,0.164042981754842,15.806145478892,2.82213648343792e-56,8.23989586414309e-55
4322,193.292030593565,3.82942352479141,0.194798217857371,19.6584114932471,4.89825494188914e-86,2.48439490652617e-84
105369464,9.58395172548185,-7.25298196665012,1.23968192880435,-5.85067975754514,4.89568035366811e-09,2.14270506997821e-08
80310,105.169431989373,-9.24822054808067,1.18467101811495,-7.80657280094217,5.87640319728931e-15,4.04803684743034e-14
102723879,12.0658046554697,-7.19486798927726,1.23066311861863,-5.84633428956026,5.02523682613229e-09,2.19615962918514e-08
102723895,16.1165372444783,-7.41372150241144,1.21441514833006,-6.10476698401367,1.02950765776372e-09,4.80689635471372e-09
837,45.4665802586918,-7.82765020344526,1.19185211147107,-6.56763547096782,5.11204978337214e-11,2.67380989258757e-10
838,4.47580425119222,-4.68221241650561,1.33017037031586,-3.52000955741765,0.000431531248526666,0.00105198334576289
834,165.715429779039,-10.6122261120253,1.18231968067846,-8.97576711734641,2.81384078074073e-19,2.47528748957926e-18
114769,474.173271704263,-11.1894099580084,1.18028227182363,-9.48028300104844,2.53594362930072e-21,2.48444102137673e-20
440067,91.5085050040899,-10.2722734529893,1.18581371382697,-8.66263674741764,4.60975502453568e-18,3.80615679979336e-17
440068,22.2701138623681,-8.11349273714679,1.20274427942863,-6.7458169420695,1.5216837437532e-11,8.27095217976324e-11
2893,343.161204578719,-10.1904916583041,1.02289603750141,-9.96239234946696,2.22639627463168e-23,2.39533252528858e-22
23086,10.5018236903644,-5.85423295421576,1.23120950820999,-4.75486333981209,1.98580699438458e-06,6.62632439178853e-06
85463,167.395532427854,5.10915237784688,0.287475079800761,17.7725052946776,1.15419029011486e-70,4.48341050987286e-69
105369486,5.70849637505826,6.30910255205022,1.27908567765711,4.93250973117496,8.11797339014849e-07,2.83625789454666e-06
2230,558.162007715252,2.10191611372481,0.0918739675539038,22.8782556113253,7.64996530327457e-116,5.8535424165401e-114
105369487,21.3372926840332,1.99457400349311,0.481917465278116,4.13882904688261,3.49082937231295e-05,9.95716753966201e-05
57569,47.0570687789584,8.36418445591857,1.19104393402154,7.02256584916819,2.17830282258687e-12,1.25538103669076e-11
143903,160.350229485698,-10.6507177367229,1.183043294085,-9.00281315990255,2.20006562785904e-19,1.94790848008746e-18
6876,1341.86596944149,-3.78480474450758,0.0875463188752807,-43.2320261220743,0,0
9159,798.246811586333,-1.36970440582555,0.0751350694584266,-18.229894717585,2.9889592497277e-74,1.24262305857532e-72
64137,14.8945942662682,1.35384915387217,0.43291924217055,3.12725566801861,0.00176446412968147,0.00390168998880237
5818,656.131461557915,1.53564868385879,0.0879203559952531,17.4663610773107,2.58462922350217e-68,9.59881547606915e-67
105369525,15.227690256547,1.37409943533776,0.462381143905395,2.97178951488322,0.00296069584330915,0.00629289662481131
102724301,10.6256040451924,1.78317742679169,0.539548770665307,3.30494206222152,0.00094996035334533,0.0021969380136251
219902,155.07328715672,-1.46079850778743,0.146148205094791,-9.99532294522509,1.5976561836055e-23,1.73571557964289e-22
6309,230.940113455897,1.03224202017289,0.127331442443892,8.10673310818527,5.19989067885912e-16,3.79090182057935e-15
6653,28.0027710723298,-2.00478438168681,0.315472074048974,-6.35487114899301,2.08601401217199e-10,1.03844421604255e-09
399959,34.5942273842153,-8.58614491821953,1.19523578636194,-7.18364109926298,6.78789118198766e-13,4.06403521965076e-12
4900,417.447295530787,1.31345981367044,0.0925287246399439,14.1951574365852,9.8165733650572e-46,2.2779583055751e-44
90952,20.8415193533688,1.84215138434539,0.425661573826969,4.32773709823811,1.50649136843874e-05,4.51972870923179e-05
9638,19.1017323189976,-3.44163980664004,0.579762069973117,-5.93629694815949,2.91531576522924e-09,1.30721610165065e-08
219844,56.4244923192898,1.83582265327547,0.245643392269386,7.4735275242503,7.80730998040852e-14,4.99622807398025e-13
170689,39.8951486293313,7.96407842706355,1.19329723958423,6.67401060094497,2.4890562520661e-11,1.33330496640547e-10
283174,23.4962271124907,3.96736253718682,0.523523371875583,7.57819564573265,3.50393744306021e-14,2.3003660314055e-13
22997,46.1198627398615,4.24802223488845,0.409488198958435,10.3739796304109,3.25672841672373e-25,3.81606883522638e-24
89944,242.279254565879,1.05779962578852,0.13085924221791,8.08349190978077,6.29381331168449e-16,4.5677748940729e-15
112267876,52.7348010448836,2.88824478917604,0.288762164744434,10.00215797569,1.49111687955948e-23,1.62294953071366e-22
102724852,246.117523363105,2.83589089777564,0.144453123922067,19.6319111749056,8.25504132943168e-86,4.15137375864225e-84
81029,24.71001019762,1.1957955507793,0.321673850999098,3.71741609417501,0.000201270800803717,0.000516398978857738
196513,129.12688625385,-1.83857772645116,0.169095613290997,-10.8730066420301,1.55006886722768e-27,2.02180914996516e-26
775,44.4904652355279,-4.28650926668786,0.443443361604555,-9.66641884360961,4.18776148385012e-22,4.2626801525979e-21
107984131,8.48075926855677,-4.91769697821691,1.09083042301513,-4.5082139940909,6.53756204952706e-06,2.04935196014841e-05
10867,616.622549858506,3.30133592121085,0.104802434805425,31.5005651093898,8.53305189373767e-218,1.70200828334417e-215
105369609,16.5883629875024,1.14249175443452,0.393596858798793,2.90269530585498,0.00369966392762065,0.00774121099046697
928,74.3919176859898,2.70343876328922,0.236771373068506,11.417929153568,3.40244669663111e-30,4.90261637650937e-29
55200,20.3001854281063,1.10266000847807,0.403784642795159,2.73081214987529,0.00631784714726977,0.0126699528421072
196500,290.484799077542,1.55366011569369,0.122781382002897,12.653873823126,1.06491668533795e-36,1.89993979880596e-35
3902,26.6132844825223,1.21638777781694,0.37830138831626,3.2153933751891,0.00130265877720934,0.0029432097000153
920,32.6037565865885,1.06980381536696,0.286345613131586,3.73605798834203,0.00018692757906725,0.000482036371818975
2784,91.3394862335138,1.14512508702774,0.189184653942736,6.05294913283164,1.42217786385953e-09,6.56947734562434e-09
283345,35.2949938513124,1.17962095952305,0.281702039678633,4.18747752365856,2.82071944854914e-05,8.17525088173786e-05
171220,53.0887210185499,1.03467570399957,0.235665843126415,4.39043558571427,1.13123823172683e-05,3.44160087225615e-05
2026,46.9644767243566,-3.94328406045809,0.440076391256954,-8.96045354579285,3.23345651583649e-19,2.83178688056879e-18
5777,53.7464980322442,3.09045348304309,0.326895416408079,9.45395171642643,3.26274756267261e-21,3.17894043537674e-20
716,66.519578501383,-2.48126021185917,0.250000286289333,-9.92502948171638,3.24006967237526e-23,3.46075311817122e-22
715,32.9251776458885,1.888259319838,0.311332577323511,6.06508748962649,1.31881841718383e-09,6.10473651677898e-09
9746,106.497871819651,1.04419481906294,0.164951079675841,6.33033030832523,2.44636929612591e-10,1.21070386799072e-09
440078,9.33918511163302,-2.41178151987636,0.71106703082755,-3.39177801151812,0.00069440675732356,0.00164120739661934
389634,4.27889107602035,3.64807321598122,1.34660923383489,2.70908079665561,0.00674699069558467,0.0134560812075069
57494,733.327367412437,-1.25081412560144,0.080886185123588,-15.463878333368,6.08235090948173e-54,1.68973229022096e-52
10219,11.7654605485783,-1.62737469721659,0.486617029381858,-3.34426170675494,0.000825018707706352,0.00192757727022942
2,6.65468071465011,-3.02227918069388,0.815389162938338,-3.70654813439363,0.000210103319321247,0.000537428548211928
374443,24.1147440792419,-1.28064530626474,0.345153528010085,-3.71036423601996,0.000206961263171441,0.000530002357735057
23710,70.0238796686568,-3.26309925117518,0.314844117440219,-10.3641741116372,3.60862257766447e-25,4.22282584038891e-24
10748,34.3888335235189,-1.03950757553458,0.321964267175117,-3.22864268341055,0.00124379194602104,0.0028188171359333
9052,8.67890174238471,1.63362102437131,0.590364241710403,2.76714087499335,0.0056550312551496,0.0114389374249562
83445,20.8666145021453,-1.23226588868463,0.374402302768619,-3.29128822011057,0.00099729676797341,0.00229862532135341
105369666,5.79292774696364,-2.21042905390843,0.764254999074313,-2.89226639876188,0.00382473488982659,0.00798315035440349
2012,8956.85930495837,-1.41499930346919,0.0495077286836079,-28.5813819598171,1.14484239169522e-179,1.63897114011077e-177
2904,186.664995610685,5.70582972753647,0.288772067699195,19.7589391972635,6.72022379101005e-87,3.44790210225464e-85
105369667,14.0621195912458,5.93193168524688,1.07673091713554,5.5092053091851,3.60457292720997e-08,1.44312987378961e-07
79887,479.089292843531,1.549067491687,0.091434223597716,16.9418783332426,2.20955503094378e-64,7.75178278840198e-63
101928317,18.5363741446776,2.03038972666863,0.408118379732145,4.97500192959016,6.52469899718934e-07,2.3059218912623e-06
101928290,8.34251831501225,1.34026843673488,0.54848360693521,2.44358886899823,0.0145419876120949,0.0273145026018314
4256,145.073882462907,-2.82841490713529,0.194606332343407,-14.5340332612826,7.3747310747082e-48,1.79829980821731e-46
397,15.8445237963324,-7.05966311228161,1.21780088706378,-5.79705860561744,6.74881121887503e-09,2.9121268049944e-08
85004,19.9215893610593,-5.89831229499793,1.05436245886847,-5.59419793960412,2.21643977526328e-08,9.07641035535727e-08
5800,22.429893659336,-5.7129942427922,0.870709485593978,-6.56130929697513,5.33373571278677e-11,2.78565685123244e-10
2059,24.373939469631,-3.9927414508264,0.518993704264728,-7.69323677342681,1.43458676555948e-14,9.64285659303743e-14
55885,11.004612643918,-5.02649483689385,1.09038412519167,-4.60983860711496,4.02981687707176e-06,1.29784668363167e-05
5288,5.33969319216699,-3.37607556109881,0.973324794340247,-3.46860121177457,0.000523175417720543,0.00126050624530063
54477,243.358502464498,-3.39887234195254,0.152781371797473,-22.2466410791106,1.21563022641938e-109,8.59755688422182e-108
112268092,5.98303633129846,-3.65981952437889,0.986106009780313,-3.71138547791046,0.000206127922036023,0.000527944433989826
5139,14.2062753401095,-4.12233425638013,0.712499383630613,-5.78573729478102,7.21949665837558e-09,3.10541566948106e-08
80763,7.10253492139533,-4.29126302678481,1.10959253912324,-3.86742238747893,0.000109991818608769,0.000292608236766503
6489,4.41400156441014,-4.62925416284668,1.30514436813905,-3.54692881175079,0.000389749891301522,0.00095590495584203
6660,10.0909530755577,-4.74079792454699,0.907764065601395,-5.22250010128591,1.76523460685911e-07,6.56948527064213e-07
586,3405.17075695351,-1.42529446793399,0.0659211113792487,-21.6212141772637,1.13453081140188e-103,7.51499662836054e-102
105369699,84.527053803211,-1.01870577134668,0.173671294325852,-5.86571186275219,4.47209825787384e-09,1.96506654143011e-08
144363,63.6896498734913,-1.29628770249504,0.222177573491322,-5.83446691817286,5.39628128739969e-09,2.3531020735426e-08
100506451,21.6597716832825,-1.38160740834068,0.36930598506653,-3.74109130154439,0.000183222939792148,0.000472964028964696
79365,29.2842401986146,-7.23009234560139,1.19948236301349,-6.02767707849998,1.66332966173763e-09,7.63574557930344e-09
8082,4.33741676243864,-5.54880213143885,1.31720775828128,-4.2125489290156,2.52504994377062e-05,7.36279346284757e-05
3709,343.316374802263,2.26532132655513,0.108784793884473,20.8238784637571,2.63011391899033e-96,1.58270448440395e-94
56938,350.416188944874,3.50415209331143,0.13390399216825,26.1691383249311,5.96925200869389e-151,6.38350371435746e-149
101928646,7.62523576163713,4.30181400976044,1.11245660220073,3.86694995674466,0.000110205031414153,0.000293043696474543
55711,96.5029819810404,-2.04838128253641,0.195358439397426,-10.4852459348803,1.00982592878742e-25,1.21288429552329e-24
100506606,8.01751379208033,-4.39384965418921,1.10673385351289,-3.97010504399291,7.1840951834379e-05,0.000195961981709265
83857,29.1772736977319,-3.20648478332203,0.397730395591813,-8.06195558313029,7.50834844434695e-16,5.42262821741445e-15
58516,1284.52964742458,-1.00472548928631,0.0704136732119577,-14.2688975515012,3.41941479881201e-46,8.03992735212065e-45
101929027,11.0748215534477,-6.62063426115334,1.241076682569,-5.33458919512436,9.57611072765725e-08,3.67318750296827e-07
100874249,16.6772329860346,1.81167671008376,0.423253761029549,4.28035584533714,1.86594719707015e-05,5.54010614523989e-05
121512,7.34069771940648,5.61992959265871,1.25444893080299,4.4799987107178,7.46434900864972e-06,2.32387098564626e-05
144245,163.64705834032,-1.44588893678797,0.152894715801369,-9.45676198951423,3.17626699432669e-21,3.09638065256932e-20
144402,951.111314784127,-2.57671668838291,0.0740675188708605,-34.7887539324155,3.59822066440671e-265,1.0138986227706e-262
107984504,70.6406644825236,-3.64159481986567,0.300117615989124,-12.1338922670825,6.98488195852995e-34,1.14071411709129e-32
114134,158.403152545984,-1.04474078077603,0.133578842937971,-7.82115459153339,5.23410180586571e-15,3.61118442509631e-14
120892,8.99765602036763,-2.30916462183791,0.599615003471944,-3.85107878966867,0.000117598654104133,0.000311723354883765
283463,22.9469863780491,-3.01869730416403,0.462899104934974,-6.52128567971218,6.97072720776353e-11,3.61086517047617e-10
144165,17.4705342930205,-4.1459652009914,0.650623245862117,-6.37229798867352,1.86216617207223e-10,9.32238406278234e-10
83448,108.547215709325,1.77296015918239,0.183336170131145,9.67054214077966,4.02241522425368e-22,4.10143107759629e-21
51135,36.8868180838271,1.76187792363798,0.30091415577686,5.85508487990338,4.76766455402254e-09,2.09028355552008e-08
84216,103.446148911121,1.42190671437947,0.179657731793606,7.91453114866763,2.48186581781109e-15,1.73867726905219e-14
4753,46.6427665922574,-4.58727800796852,0.451795532986451,-10.1534381662558,3.19890908692063e-24,3.58277817735111e-23
440097,12.4689112571456,-7.12205508040704,1.22556110586292,-5.81126069221363,6.20041203186395e-09,2.68724888646604e-08
105378248,42.4890777534308,1.16327112521729,0.280835580565224,4.14217857607655,3.44022309888058e-05,9.82046127071589e-05
100233209,53.4305217074179,4.23071525860375,0.387292032152961,10.9238375886154,8.86684189140055e-28,1.173782082447e-26
105369747,8.57386583113157,-2.80313522979103,0.658149392837838,-4.25911694259012,2.05236083046328e-05,6.05431591822984e-05
10411,40.25757151669,1.16460310138203,0.26556095263794,4.38544556273614,1.15748603561543e-05,3.51783805927841e-05
7421,235.952682307878,2.50165292883836,0.13023550469453,19.2086861006607,3.13090074066308e-82,1.47426392435679e-80
1280,22.1867798326327,-5.3040189517295,0.878171112586131,-6.03984676301828,1.54260656253918e-09,7.09990969618759e-09
102725258,5.87317162020275,-2.64389897556092,1.17274194106308,-2.2544593000266,0.0241672883402568,0.0434052714099796
27289,15.9109854584116,-1.35889215263753,0.618042318668789,-2.19870405567773,0.0278989723930919,0.0494520776757031
23109,310.593114328686,1.67690116559087,0.114484795770203,14.6473700224507,1.40031906154947e-48,3.47670824903863e-47
5630,9.48375171552425,3.06996590404935,0.708263642576037,4.33449596944371,1.46094464927075e-05,4.39050100116037e-05
338761,143.396557114424,3.02426192386514,0.190800657128481,15.8503747805683,1.39744961517062e-56,4.1140175072154e-55
23416,284.607381459898,3.40011730302537,0.149002872741436,22.8191392586475,2.96069830602923e-115,2.23652409909067e-113
105369761,7.46406995272751,2.80363769104789,0.789172252682862,3.55263085025692,0.000381399278199797,0.000937366743264958
5463,246.949041559546,1.24107594877744,0.116173666276749,10.6829369215304,1.22338849137594e-26,1.53156505634032e-25
57228,75.1470939106346,3.03900815976303,0.252102485833395,12.0546536846582,1.83301315482602e-33,2.9447646628481e-32
102723983,4.79980145729794,3.55890847699757,1.16546919120486,3.05362724630959,0.0022609281492992,0.0049036037271056
160622,37.2811887702405,-3.90832194824274,0.503714747712803,-7.75899845297185,8.56026944952121e-15,5.84019612866643e-14
3875,131.927113740536,2.71710178707478,0.185333991285767,14.6605691067499,1.15302464398154e-48,2.87478841010679e-47
84926,246.458543052706,1.00916602917593,0.108640630652465,9.28902955657711,1.55701424042762e-20,1.46166667350985e-19
3489,58.3551273915336,1.22125035766096,0.225875899263683,5.40673157978353,6.41852227239776e-08,2.50531238741436e-07
100874365,59.8553250731339,1.28399578999581,0.224846818610642,5.71053572351964,1.12621093426205e-08,4.75785257139933e-08
3226,1351.7227403369,1.30993595090907,0.0617247641044931,21.2222107271482,5.95569211071736e-100,3.76247140033646e-98
3221,223.90792462094,1.38631410622147,0.123582139765646,11.2177545141264,3.33634440377204e-29,4.63071038747157e-28
3222,95.3619220696924,1.42543354044934,0.170900439617423,8.34072483160555,7.38365317683138e-17,5.68160429974472e-16
23468,4989.49225935508,-1.2675100891718,0.0460090994422211,-27.5491175558339,4.5344161377227e-167,5.51335310115434e-165
4778,28.9797841230824,-3.0326430645212,0.468981792818712,-6.4664409385579,1.00338017775073e-10,5.13462234518043e-10
102724050,14.1136890732088,-1.55347751867644,0.460190778219448,-3.37572500841303,0.000736214641027674,0.00173378645629123
53831,12.7790226006521,-2.70675576423468,0.595023073753323,-4.54899294435901,5.39032501254313e-06,1.70842795255607e-05
3678,872.504398503486,-1.84532684363925,0.0760305596530639,-24.2708570351143,3.983071925367e-130,3.3510660103846e-128
196410,51.1313733711848,-4.84550919977934,0.489824468802307,-9.89233798717187,4.49407459876307e-23,4.77146006442835e-22
2065,148.189567877524,1.41098262616884,0.139568843689113,10.1095816865244,5.00977209259505e-24,5.56878360599545e-23
105369782,19.075115313363,1.05821196593546,0.382352903129163,2.76763157092595,0.00564652484414773,0.0114256365021441
140465,278.045433094248,-1.2240676943643,0.110398038221077,-11.0877667220232,1.43833816603053e-28,1.95508262812971e-27
6773,237.879450263146,-1.46773682250474,0.129723654520996,-11.3143345207499,1.1144470954069e-29,1.56764380647094e-28
8914,1267.67965706788,-1.01572492409347,0.0633156273544726,-16.0422468596408,6.47680644629015e-58,1.96205235553827e-56
4035,1005.02623819157,-1.57581732475876,0.0811065769168334,-19.428970925189,4.39076627109563e-84,2.13547624231479e-82
105751187,7.90228884017747,-1.66760378834691,0.588509183630783,-2.83360707824251,0.00460258852678944,0.00947286837740585
3626,7.63114688051559,-2.44491728955402,0.711949616625309,-3.43411560658338,0.000594490590403947,0.00141961218198155
83729,120.153010901141,-2.85824051782583,0.204472365778379,-13.9786151881462,2.10544951873836e-44,4.69546983123661e-43
64333,13.9966329959533,-1.3386599302716,0.47435714145734,-2.82205075728156,0.00477176243375713,0.0097736617888608
196403,42.9447711056117,-7.60558741676303,1.1931416251492,-6.37442132304453,1.83655066179453e-10,9.20713000513314e-10
116986,148.304830851129,-2.57605473058402,0.174856091603803,-14.7324277178799,3.99106650966731e-49,1.00638370283543e-47
100130776,17.7785193577574,-2.28305542145233,0.454954402647562,-5.01820711738652,5.21559309141237e-07,1.86179787972556e-06
283387,4.42726505958536,-2.43694259707782,0.93414403787073,-2.60874393913871,0.00908752147995521,0.0177023681896373
113218505,30.8081572978382,1.19816364278304,0.356202869065679,3.36371137583993,0.000769019213223792,0.00180481611226187
57522,230.103845174532,1.46781284593279,0.113860040784816,12.8913781851423,5.03361463808665e-38,9.33717106116136e-37
23329,492.20154370491,4.44856641345135,0.134374482575195,33.1057379957684,2.45731644322675e-240,5.59260019232836e-238
11197,538.329723446691,2.23694842351529,0.0894864549734172,24.9976203010813,6.48872812837466e-138,6.03078019554487e-136
23592,1822.49078503933,1.18959378220507,0.0576533734549771,20.6335503183358,1.37197926282305e-94,8.06469399789232e-93
100507065,23.5652208062023,-2.30458796867579,0.379052617445329,-6.07986295994429,1.20285305893874e-09,5.58006226694197e-09
105369808,6.45111603373415,-6.32884213852943,1.26414096227521,-5.00643704095998,5.54467860680386e-07,1.97252774805576e-06
105369807,6.27834517006783,-1.60722999727108,0.669675034511425,-2.4000148048578,0.0163944087652994,0.0304779080952554
8091,10362.763053338,-1.26357898498762,0.05023303627569,-25.1543422152072,1.26676406671676e-139,1.18981987896063e-137
3458,10.1972293760535,-6.62047172533685,1.23446562224578,-5.36302640270588,8.18390382991347e-08,3.16308863027703e-07
56890,297.833220435724,-2.53559899578294,0.119446937476583,-21.2278275973382,5.28496379994795e-100,3.36267660848301e-98
117177,30.2048671154523,-2.49578612552991,0.355184006897142,-7.02674128639093,2.11412837711179e-12,1.22009125326686e-11
101928062,13.4485014835477,-1.3595133738494,0.513718852041367,-2.64641519081321,0.00813499009828981,0.0159854266354705
8549,37.3151642041223,-4.16866070164396,0.431880764669575,-9.65234167081586,4.80458550967003e-22,4.87377154100928e-21
121278,10.4931968674096,-5.76801990617181,1.23420804927429,-4.67345834404774,2.96169797622525e-06,9.6896539760322e-06
29953,72.7329932850771,-8.90994027366978,1.18644433781078,-7.50978363646655,5.92251658216731e-14,3.82871501699323e-13
283392,48.7886543478353,-6.28766036868292,0.740923044466208,-8.48625294576013,2.13406660350346e-17,1.70035683776452e-16
552889,777.497061528139,-1.18957473944572,0.0698341018355426,-17.0342956833202,4.57213002321534e-65,1.62654212769777e-63
22822,34.9220001014374,-2.92423949580949,0.545200223839963,-5.36360655763023,8.15764905569968e-08,3.15362774470341e-07
79738,80.7349720647674,-2.10046245672883,0.219668819835473,-9.56195084173542,1.1555757791583e-21,1.1544052465739e-20
89795,157.779329589484,-3.27411349726423,0.171595175564309,-19.0804519211975,3.67071295439944e-81,1.70137066231068e-79
105369859,6.80702433028071,-6.35274025843595,1.25757155773666,-5.05159346150404,4.38139458846754e-07,1.57446390150761e-06
6857,18.8158766248236,-6.92949651313319,1.20905706353024,-5.7313229641124,9.96503206979362e-09,4.23001552613526e-08
84190,83.2765422199271,-1.05794787537565,0.174883236842094,-6.04945273474609,1.45338695939753e-09,6.7049182180938e-09
160335,50.6232083287506,-3.50692034160514,0.332138748410799,-10.5586004595516,4.63520940378487e-26,5.65527404371058e-25
84125,9.80154036510785,-1.52339008332732,0.562302700983671,-2.70919929899386,0.00674458119031494,0.0134527871112889
8092,140.714855865664,-10.6631308557281,1.18301200884679,-9.01354405195143,1.99502754739279e-19,1.77078645106584e-18
107984537,6.17292405390057,-6.31879086605108,1.27526571583483,-4.9548817847068,7.23742774452356e-07,2.54212143491853e-06
9182,23.1845125346895,-7.13087050651766,1.20581554964175,-5.91373241839209,3.34441045135397e-09,1.49058434176339e-08
4922,809.225700650449,-8.21332859342365,0.3798074340216,-21.6249811291386,1.04560173525876e-103,6.95188090049196e-102
25834,6.17525047310986,-6.53507075785511,1.26964667726921,-5.147156980642,2.64464001708622e-07,9.68791778442314e-07
4254,1637.5691350936,4.03865885836275,0.091778277680515,44.0045178492185,0,0
1848,4367.21295075181,1.23126971606791,0.0492328797334397,25.0090939781371,4.86822144142381e-138,4.5484561593766e-136
100528030,1337.37519685809,1.23220211070413,0.0644173549589697,19.128418288658,1.46450658171972e-81,6.82360126999699e-80
8693,1289.9966418092,1.18205458097191,0.0663860650407843,17.8057636078552,6.37567256551602e-71,2.48749317325364e-69
105369890,36.8147812866721,-8.15342858245076,1.19738233566287,-6.80937770635897,9.80218171438481e-12,5.39393458753128e-11
11081,3.78515776171653,-4.53035938642778,1.31567933343418,-3.44336136572325,0.000574531069467447,0.00137583644208635
4060,5.41110375050632,-2.75682499286042,0.827444165864879,-3.33173536848722,0.000863062830186174,0.00200985063117735
1634,24.3662900161058,-3.45706882173555,0.489806504041095,-7.05802963662872,1.68880047026637e-12,9.79404964004201e-12
144481,55.0524222839873,-1.33231979350751,0.226120703933754,-5.89207343834307,3.81379603560422e-09,1.68876296393231e-08
101928731,8.65535165290396,-1.75881855469943,0.637171856580948,-2.76035191531719,0.00577391276980201,0.0116594812296127
10154,75.3011280801827,-1.36012051726745,0.186797600339866,-7.28125262205082,3.307346803694e-13,2.02385454874788e-12
57458,31.102874075669,-4.06620470790507,0.467264617308417,-8.70214554512519,3.25667534297765e-18,2.70784546550535e-17
196475,11.3004559519904,-5.99876855092571,1.22713280384212,-4.88844282553911,1.01636705924507e-06,3.51912386107246e-06
55592,109.941478620581,1.37702611593589,0.169749737418082,8.11209570559965,4.97540875809253e-16,3.63321498451907e-15
83468,379.231894343011,-1.61718056559052,0.0965217670636365,-16.7545685785499,5.243993173839e-63,1.77994965242811e-61
493861,28.7814307982492,1.1804387000275,0.313837228149259,3.76130871085214,0.000169026661060009,0.000438935238024762
50515,121.983306660344,2.30293004633837,0.169983408611408,13.5479695645061,8.14521231733641e-42,1.69711043494549e-40
112268100,4.69463464282912,1.99383982499493,0.718198299481032,2.77616895840003,0.00550036165528199,0.0111527607201103
84102,87.5987027500276,1.85989304803587,0.192061754630251,9.68382826459361,3.53235638269379e-22,3.610039752768e-21
160428,1239.79976613877,-1.17313149736188,0.0653984896660832,-17.9382047406867,5.9341509730541e-72,2.35666774213996e-70
121643,42.1245192021939,-4.03626273475504,0.43001142002362,-9.38640823663085,6.20812127612149e-21,5.94105492688456e-20
84983,27.366742855925,1.20585157865377,0.345696987845038,3.48817496551143,0.000486329721199089,0.00117604212106337
400073,30.776401421182,-1.03606281232159,0.300037363975654,-3.45311263435063,0.000554157564901664,0.0013299182225408
217,527.031098018679,-1.23971532161416,0.0930114420685034,-13.3286324138605,1.57763193928465e-40,3.17529730002054e-39
89894,43.1131144534524,-1.13430699706685,0.263936002405534,-4.29765923075551,1.72611257474567e-05,5.14644783790479e-05
4939,55.4775467892022,-6.54921770346969,0.849211956441147,-7.71211198075445,1.2375247076252e-14,8.35305650561315e-14
100287569,8.6771688572729,-4.80411024782299,1.09276851682847,-4.39627439282924,1.10124707407641e-05,3.35553348077659e-05
54997,55.4495020413526,3.84230877034316,0.3519771182116,10.9163595345799,9.62778840093068e-28,1.27072490478306e-26
51347,107.99575478093,1.02125828826418,0.182240234770862,5.60391227298543,2.09566805630712e-08,8.60765833770569e-08
5829,629.621165721211,-1.16469489296147,0.0824120580018055,-14.132578668718,2.39221484919075e-45,5.45843161990157e-44
9478,15.5513151320888,-2.4808140332199,0.542124974246656,-4.57609250831373,4.73741124522368e-06,1.513652347466e-05
101928346,5.95205206860836,-2.02897023279833,0.741234885332122,-2.73728378540794,0.00619488273962518,0.0124472618442361
54509,218.872886278691,1.03163133587263,0.122311999369004,8.43442459607168,3.32836270753311e-17,2.62134404543602e-16
105370052,8.29085960994927,1.79768703397722,0.62167315268001,2.89169160068673,0.00383173871383481,0.00799588875608271
4326,101.901675137182,1.05171710046818,0.165114820456286,6.36961053866527,1.89508797587146e-10,9.47383884755567e-10
100996246,11.6462937471407,5.97295670653702,1.23045322894899,4.85427366600427,1.20828781201757e-06,4.14483579496345e-06
7556,97.1591497417965,-1.06306822164518,0.190160007858079,-5.59038797704811,2.26562812477718e-08,9.26714987812086e-08
7750,1566.44778289368,-1.09691718373845,0.0722930346196186,-15.1732070663523,5.32119869183684e-52,1.42691720811915e-50
2700,220.650068649239,1.50936399929155,0.1274999273486,11.838155759609,2.47842995870805e-32,3.86278214459923e-31
51084,12.5114690144111,-1.46916453079784,0.488219111997811,-3.00923190979961,0.00261909111783879,0.0056205461149205
8100,266.095714243365,-1.24052618187551,0.113695730863503,-10.9109301858029,1.02205151156059e-27,1.34495614775564e-26
221143,46.6044599522588,-2.23732172409023,0.292600725050096,-7.6463300755908,2.06796425388835e-14,1.37544029355661e-13
64328,1495.46786741405,-1.00498848728367,0.059571807618929,-16.870202994551,7.45397775143833e-64,2.57437768567185e-62
10284,1010.41753756794,-1.46406589930188,0.0706401945824528,-20.7256776111084,2.03246280966239e-95,1.20267599323756e-93
78988,462.397339775749,-1.06347417263096,0.0969556545625531,-10.9686658032394,5.40642536709079e-28,7.23246896131091e-27
650794,20.0790113947443,-1.33712669327213,0.363608541086024,-3.67737977022872,0.000235642082128803,0.000597588320278646
221154,289.189488421102,-1.04088649980806,0.106061682233283,-9.81397313233845,9.8030954698326e-23,1.02487956878957e-21
6445,26.2943374147196,4.10035611696726,0.519116087299299,7.89872673432133,2.81766853854943e-15,1.96771250575647e-14
100506680,21.6777178444097,1.98322007595293,0.375954244014504,5.27516342088803,1.3263783719397e-07,5.00532947740772e-07
100506697,7.91278451867152,2.25485615218562,0.655890798740835,3.43785300314389,0.000586345906717049,0.00140110546992072
55504,1714.09946067809,3.19765925233214,0.0697083453401099,45.8719718095535,0,0
105370114,27.1183168105281,2.78493040804766,0.371545756157323,7.49552474196055,6.60336468756902e-14,4.24720760629439e-13
542767,19.0632722293208,1.65092247046416,0.395823126235864,4.17085905556817,3.03453514024695e-05,8.73363615591178e-05
387911,12.3541608381253,1.41168455426485,0.484940507244123,2.91104688756016,0.00360219957106729,0.00754973397704683
221178,121.070905737397,5.33988291266758,0.328187230079259,16.2708430531498,1.5895410135119e-59,5.02091318004683e-58
10810,677.234068111254,-1.47506655634522,0.0757342757111093,-19.4768688614902,1.7251252172171e-84,8.48321962771136e-83
222484,198.656461405171,-1.17285986032686,0.126224844643304,-9.29183049217617,1.51657312891356e-20,1.42445535367585e-19
255967,404.863067871243,-1.37684891279399,0.0934116807342774,-14.73957969679,3.59012109512658e-49,9.07860821662209e-48
100288730,33.4426492191411,-1.34822846964963,0.312313859942665,-4.31690245798614,1.5823403970547e-05,4.73927901611523e-05
51371,819.754419750188,-1.09309082980602,0.0916444464034833,-11.9275184989766,8.50717626331591e-33,1.34598389506581e-31
6541,2438.10795208817,-1.14518264052126,0.0540705111202926,-21.1794306507207,1.47808011516316e-99,9.27168841144044e-98
10208,332.011083008707,-1.04587450545366,0.108349311075444,-9.65280254274456,4.78303558579326e-22,4.85468540417392e-21
145173,185.438802179228,-1.38673134430959,0.132338117118975,-10.4786993687003,1.08221792242997e-25,1.29545061085481e-24
10129,43.8226722551293,-8.23075425453711,1.19131506604471,-6.90896513368546,4.88201918120101e-12,2.74779976235512e-11
675,612.196839310049,-1.04927217994475,0.093254476778582,-11.2517084025476,2.27149173360192e-29,3.16262911803148e-28
90634,5.37994204136036,-3.5826760850136,1.14800127531601,-3.12079451656305,0.001803638406198,0.00398236181428194
10443,640.045098385856,-1.54235293033956,0.0904219746179659,-17.0572799018825,3.08593847383444e-65,1.10224506614706e-63
100462953,10.0144743184975,-2.50672012522114,0.64508653479977,-3.88586645355914,0.000101965552131751,0.000272563240693095
116828,51.0293471093035,-1.91038217814231,0.254684706452917,-7.50096935441813,6.33476010623496e-14,4.08332103870309e-13
23047,873.992769634239,-1.1615326140889,0.0704633603441781,-16.484206946921,4.76506101114983e-61,1.54925573388153e-59
90627,4.42295476882636,-2.46183090539309,0.923641903747009,-2.66535211904743,0.00769077483431683,0.0151881894380679
5983,713.013987019818,-1.27889728771624,0.0716899491189986,-17.8392829599222,3.5016037662987e-71,1.37219580704933e-69
26960,327.456327723793,-4.89908440297012,0.190079710390698,-25.7738418945417,1.74247999624383e-146,1.77773016628278e-144
4081,841.867197167718,-12.201362846923,1.1793390157839,-10.3459333436983,4.36640661614607e-25,5.09615057526792e-24
9201,8.7118822730525,-6.51996337265535,1.26554087455956,-5.15191844350699,2.57835167638775e-07,9.45679730562713e-07
400120,3.95800485428941,-5.59874638009349,1.31371955821131,-4.26175156265195,2.02830859254733e-05,5.98811477380679e-05
5994,66.5131143608499,-2.01632468480874,0.228269410118374,-8.83309193186738,1.01821271731192e-18,8.66505856074842e-18
4093,97.9582112339452,-2.32498032658064,0.198556865419551,-11.7093927810955,1.14093781773811e-31,1.73406919011018e-30
11340,569.821488660442,-1.3719353109204,0.0868746373165901,-15.7921270614434,3.52490477982043e-56,1.02245277208125e-54
55578,613.063908904493,-1.32028299893423,0.0794184555751866,-16.6243852184245,4.64102704250766e-62,1.54863744471045e-60
105370165,13.8965475101123,-1.39809987008533,0.430319564331999,-3.24898049256872,0.00115819420498072,0.00263965381009343
10631,3283.73116170398,-7.05818169791373,0.124986563717405,-56.4715237221202,0,0
7223,423.635607957541,-11.4367264522511,1.18008641938915,-9.69143129210072,3.27900801650768e-22,3.35885460525357e-21
101929077,80.2218300912232,-9.89878374294032,1.18600997891635,-8.34629043508117,7.0440460668299e-17,5.42969629953819e-16
100874188,8.36001954392988,-5.90680493890362,1.2441152319039,-4.74779569241693,2.05645611697027e-06,6.85184869199962e-06
51569,701.181190913046,-1.71675537694375,0.0949138887995471,-18.0875043542831,3.99785754563746e-73,1.61295379886719e-71
341640,322.570143570041,-10.2755364990341,1.02339525434937,-10.0406333284854,1.01023428906791e-23,1.10838560565721e-22
80209,718.905298479023,-1.13994955258724,0.0794893383452902,-14.340911326189,1.2145007539215e-46,2.88232852722119e-45
2308,43.4814736306121,5.22083004020524,0.575628589030616,9.0697893393331,1.19247342133366e-19,1.06859102349899e-18
10240,144.778910176221,-1.63084751837254,0.150307585763518,-10.8500679462604,1.99277154577811e-27,2.58405262824347e-26
10166,441.308343525847,-1.27179950397826,0.0890816022541222,-14.2767919727152,3.05336960803419e-46,7.18878213286776e-45
100616668,56.3360846456773,-1.0864861316029,0.223766101319368,-4.85545453577093,1.20110910665652e-06,4.12100673779796e-06
693206,11.266057499708,-1.32572564070112,0.517519727132196,-2.56169102586205,0.0104163940348821,0.0200860120472764
89890,450.508481378166,-1.18879761687917,0.0899005856544376,-13.223469104514,6.42317320686168e-40,1.2641260617318e-38
84078,275.223846587855,-1.48510028492106,0.113953022383049,-13.0325659983722,7.98755208345317e-39,1.51814801483363e-37
105370174,16.4518544332862,-1.39750393647349,0.393764263617598,-3.54908778067954,0.000386568191757332,0.000948817448678942
23078,578.716546968169,-1.15366667691194,0.0782313531299001,-14.7468582704472,3.22324004793418e-49,8.16247608144474e-48
55068,5.15717371392043,-5.89930665005138,1.28694245350748,-4.58397081701142,4.56227939842586e-06,1.46032426759567e-05
144811,16.9841739883276,-7.55910623461866,1.21577831521686,-6.2175037504846,5.05126091101384e-10,2.42547967790959e-09
8848,958.369202115254,-1.35969130804108,0.0698721203543473,-19.4597115579946,2.41138122519322e-84,1.17601207444039e-82
26747,229.895848968676,-1.31413298406717,0.123553472918514,-10.6361476778065,2.02322292493104e-26,2.50287479884152e-25
23091,1751.59137714307,-1.36542877239895,0.0733986543152886,-18.6029128890247,3.04313926228832e-77,1.34049151821693e-75
3936,15.0147495032857,-2.06219077409001,0.450081825812586,-4.58181303003491,4.60961946655104e-06,1.4744137796435e-05
2098,685.450641360279,-1.28845137299821,0.0869740900605074,-14.8141977927201,1.18596667225101e-49,3.01622927876791e-48
107984570,15.2113529770466,-1.49602520995506,0.437283635194215,-3.42117813142177,0.000623504794581534,0.00148410527130751
8803,405.270871837123,-1.0901094516386,0.104553223739962,-10.4263590604326,1.87952836653386e-25,2.22435917084727e-24
55270,379.23287563138,-1.01967405921891,0.105458662452326,-9.66894549492191,4.08566065333322e-22,4.16352743501558e-21
29079,300.002188306294,-1.08867520750041,0.105954349570276,-10.2749458791999,9.13957197890401e-25,1.05081400109782e-23
100873965,52.9168741089171,-1.17646815132509,0.227742577410088,-5.16578043817722,2.39437730069053e-07,8.80567347044918e-07
9445,476.79010883934,-1.14608994018894,0.10653168583097,-10.7582071122708,5.42146519113135e-27,6.91889648259984e-26
5925,353.347638246466,-1.19596001832807,0.114962389831209,-10.4030545997175,2.40110290470222e-25,2.83030403481234e-24
10161,6.79080250799268,-1.7479886425222,0.656469263035894,-2.66271208866427,0.00775137045337203,0.015287448982142
1102,101.655344210949,-3.81058030006601,0.261995951252811,-14.5444243769593,6.33615768135565e-48,1.54930401046041e-46
57105,24.7504114912281,-2.88836884474259,0.408951458593436,-7.06286475826975,1.63104452337816e-12,9.47457538580142e-12
107303344,62.9733876699443,-1.09675513443161,0.208821454103313,-5.25211903700754,1.5035923160246e-07,5.637121603816e-07
51131,38.570728618979,-1.41589120837691,0.278328923165796,-5.08711488648806,3.63551622980759e-07,1.31494873902902e-06
220108,11.9941081871978,2.22522420485085,0.55029139929042,4.04371975960407,5.26097978413525e-05,0.00014604052091942
647174,71.9686232807859,-1.33310042803586,0.196148132235503,-6.79639623810077,1.07268498648511e-11,5.8828082677723e-11
100507398,13.604720801353,-1.62742444080553,0.524184110827746,-3.10468098362548,0.00190484351633707,0.00419018365576401
115825,266.589215573695,-1.13834437663207,0.112121160741559,-10.1528058495217,3.21970890992954e-24,3.60152946244922e-23
79758,32.2352644650956,-1.76294254564846,0.319200461091508,-5.5229949844686,3.33269252702649e-08,1.33850583121661e-07
440138,273.383730710558,-1.29540693348268,0.105271506453294,-12.3053899115371,8.47262772934059e-35,1.43107599858472e-33
9724,209.715684697262,-1.26588178980661,0.118533246301058,-10.6795505000466,1.26884541987808e-26,1.58492450407681e-25
100887750,46.5098493421243,-1.23982235118415,0.250435006280409,-4.95067510568363,7.39564798509119e-07,2.595641420153e-06
55901,15.3993069877185,-1.63086973644365,0.514422464227053,-3.17029260939083,0.00152285498527882,0.00340603775969127
51028,616.962633875442,-1.49560760528319,0.0863026722579574,-17.329794850533,2.8032664964553e-67,1.03243956110113e-65
26586,1249.67573712258,-1.07827435739385,0.0638330700845957,-16.8920961496111,5.144243063197e-64,1.78709594633803e-62
27253,127.112003139329,1.83004370851059,0.15664058354065,11.6830751465866,1.55563857943957e-31,2.35227394056313e-30
81550,982.977387544863,1.69308407195165,0.0658695516949823,25.7035918475915,1.06565702710262e-145,1.06878777091106e-143
64881,18.5436831081027,-4.48546093502418,0.707020721264992,-6.34417181861211,2.23625141418589e-10,1.1104317511784e-09
105370236,8.33597855527643,-6.80846491976121,1.26163523459879,-5.39653992932936,6.79382978655533e-08,2.64540614983396e-07
5101,499.24530100488,-5.11681844548246,0.162296025839623,-31.5276878716598,3.62675384459017e-218,7.31615161922326e-216
440145,207.848334571806,-1.0911070650851,0.150106868450519,-7.26886834925059,3.62511477747461e-13,2.21372678120844e-12
22894,994.56516847614,-1.20437703853457,0.0737860390140764,-16.3225598585771,6.82141592439923e-60,2.17013934569776e-58
10464,176.057468124965,-1.30631500174969,0.131340727469979,-9.94600096187434,2.62521385242463e-23,2.81248016344249e-22
7347,202.446221369895,-1.28331799974568,0.126290456320101,-10.1616387899726,2.94091067886961e-24,3.30006614230679e-23
101927155,18.511381842866,-1.07237512363545,0.384702530699631,-2.78754372030045,0.00531092874222784,0.0107945508394812
115207,4.71935933075595,2.98858103377939,1.00902883165573,2.96183908726908,0.00305807557453964,0.00648202478796749
1203,151.166097982452,-1.30181564901775,0.143980414586407,-9.04161620007344,1.54372249279104e-19,1.37571092831458e-18
100874222,99.387486893861,-1.41380451227937,0.169328600793069,-8.34947259740917,6.85684519014044e-17,5.29459398935942e-16
5457,6.90956229960054,-6.10171208943888,1.26320052224947,-4.83035906173718,1.36287055459417e-06,4.64280907410395e-06
79596,288.847337431302,-1.44358389977541,0.117747180414867,-12.2600294519931,1.48445928749037e-34,2.48839672063541e-33
105370276,51.5384870587731,-2.96412781752853,0.291938762345664,-10.1532519824103,3.20501967031511e-24,3.58735871295295e-23
105370278,8.75718227838726,-2.15349422261677,0.564874119697968,-3.81234357801384,0.000137655345365135,0.000361380906672858
105370310,68.3897269665674,-9.55418622331607,1.19018144788923,-8.02750390729103,9.94758021581935e-16,7.12628910376211e-15
101930747,6.22225268260537,-6.13849064652206,1.27049214748738,-4.831584877295,1.35450450414934e-06,4.61696696575635e-06
105370312,69.2570496245332,-7.39728312916512,0.845627920168175,-8.74768080942027,2.17782245163252e-18,1.82447872399153e-17
100874150,4.80462015312654,-5.64937383828207,1.35429757746295,-4.17144203186514,3.02678061043159e-05,8.71274095271158e-05
407975,278.737988130633,-2.3935490796306,0.131820409774992,-18.1576516391978,1.11701669376253e-73,4.57951047290357e-72
406953,7.41405422283331,-2.41791183577685,0.692067063467721,-3.49375365974143,0.000476280277730135,0.00115409875651998
406979,3.87864079682201,-2.51665081180467,0.927264115316764,-2.71406039577511,0.00664640477129175,0.0132868217905373
107984617,81.3386224647365,-2.75060376267993,0.24195197983291,-11.3683870848235,6.00876518789023e-30,8.57456588548452e-29
2262,93.5346152335308,-6.49208930192751,0.560424520985811,-11.5842349126831,4.95369749478309e-31,7.32816982728245e-30
10082,207.098873518715,-7.82249352346771,0.595854608595853,-13.1281916941141,2.27012846437893e-39,4.39948913751689e-38
160897,332.966780682963,-1.24903692038202,0.102541210985143,-12.1808286481324,3.93265750058194e-34,6.47011454590646e-33
100289274,39.7144108847953,-1.64715792018372,0.290875627330502,-5.66275674349358,1.48960258285119e-08,6.20155371734858e-08
105370322,4.61746106441023,-1.88547505848419,0.773899964076259,-2.43632917173569,0.0148371757538882,0.0278130458271408
55757,293.704842532593,-1.29795629668705,0.112480928381253,-11.5393455172031,8.35585574174723e-31,1.2279234364859e-29
10150,21.3048210567457,-1.7048150745139,0.397031682614131,-4.29390184503434,1.75560114069267e-05,5.22909923650609e-05
8428,1138.24702212368,-1.07917116217272,0.064809723029703,-16.6513774743046,2.95716462968765e-62,9.9235513244263e-61
100874069,18.6694739797743,-1.68887218882643,0.483775992685524,-3.49102108075104,0.000481178285213547,0.00116501321864578
100861541,11.6554371498068,-1.51125653873563,0.633988993602231,-2.38372677441748,0.0171383214616467,0.0317279677325218
100289373,24.6552033376146,-2.15354822628026,0.446232578206662,-4.82606678995746,1.39255824362926e-06,4.73485806184766e-06
337867,406.018997500723,-1.32416426331243,0.0882588076118684,-15.0031968382764,6.99666177999543e-51,1.82923033753283e-49
102725509,23.558487609652,-1.7865681496166,0.371632250624182,-4.8073549769051,1.52940287874058e-06,5.17733789157186e-06
106478991,7.671249461922,-1.54112305466789,0.638408148133182,-2.41400906171765,0.0157780699484005,0.0294152801642519
171425,14.9222089447991,-3.98547700849874,0.715668955806299,-5.5688834567493,2.56376888015996e-08,1.04289700184692e-07
7546,6.98785568680864,-5.04656886118626,1.25967689133054,-4.00624072404455,6.16927758348398e-05,0.000169820151437444
87769,26.5675937922646,-2.18416434864396,0.358298458766342,-6.09593565142384,1.08799176146388e-09,5.07063002087343e-09
84899,169.536440650381,-1.2464148762101,0.132029965027914,-9.44039389805623,3.7138063834624e-21,3.59866216807994e-20
7174,1104.61861490772,-1.05717148826183,0.0673259821301018,-15.7022809740663,1.45900314256615e-55,4.17745544948941e-54
54841,137.197129893689,-1.06975183366864,0.145577995987166,-7.34830718347676,2.00732762881678e-13,1.25075746110058e-12
112268109,4.39495572836282,-4.69555240184098,1.30648507824146,-3.59403446701531,0.000325596736825537,0.000809069606960656
1948,28.8258737197508,-7.32039806936678,1.19999928542107,-6.10033535711491,1.05846157508252e-09,4.93818919339417e-09
105370363,3.79594039318281,-2.58565401999987,0.970721993487019,-2.66364009196053,0.00773002175638516,0.0152521225096531
55608,1105.67679890336,-1.49632919004296,0.0642999499076285,-23.2710786274724,8.70432568749191e-120,6.8371322833786e-118
104355135,14.1666669764698,-1.50270218415722,0.444174544588038,-3.38313440620723,0.000716635508029794,0.00169059316126843
101060553,12.2517604974512,-2.27449410895322,0.769441398246698,-2.95603292744066,0.00311623820529686,0.00659428544766121
55795,614.579389181991,-1.01335847791638,0.0759796687561343,-13.3372321109858,1.4058299425185e-40,2.83594240222595e-39
113622,21.1232621331672,-3.09333019068391,0.51322579694579,-6.02723052717213,1.66793020398263e-09,7.6529069478159e-09
55002,472.705366059924,-1.17804107281932,0.0886645410608676,-13.2864960301391,2.77261007942313e-40,5.51168803246577e-39
6011,5.08028291658461,-2.56037371274866,0.840568823622715,-3.04600128007825,0.00231906847835958,0.00502050044241943
22821,107.045332582253,-1.13539571453206,0.15623856863994,-7.26706423654353,3.67384131319242e-13,2.24193987596397e-12
8881,665.031816503661,-1.00360509847512,0.0809258878266436,-12.4015333711877,2.56370176444941e-35,4.43143463705023e-34
105370384,33.5692510390966,-1.12619832020396,0.287971878187832,-3.9107927041035,9.19937018012683e-05,0.000247098228835847
65110,462.553512097157,-1.0546554098375,0.0962347590346964,-10.9591941666031,6.00315143835507e-28,8.00660738795486e-27
283489,938.789461274737,-1.05280810052535,0.069149906314326,-15.2250112348632,2.41317160620032e-52,6.52033825772725e-51
55701,926.447069652738,-1.16497304312064,0.0733814795202165,-15.8755731110558,9.35524722550332e-57,2.77716302252734e-55
6297,315.268154859587,-1.35610949555415,0.100284993175465,-13.5225565921056,1.15104941695032e-41,2.39267321425083e-40
107984651,6.3225742083558,-2.08988817476195,0.646883317511673,-3.23070346411311,0.00123485980246226,0.0028017933554844
23428,10.4255762983839,-3.58126729258969,0.746322896158298,-4.79854940941018,1.59818884929534e-06,5.39886745055962e-06
10202,12.0928984030919,-2.6086738096992,0.592305502369234,-4.4042707678123,1.0614030690663e-05,3.23902678080505e-05
5106,1335.90051968382,-1.45633354062499,0.0727412636175166,-20.020734699944,3.63324081821432e-89,1.93685558573395e-87
10379,306.592126224133,-2.64118454352636,0.134615749385803,-19.6201748723832,1.03994840373704e-85,5.21501809693217e-84
4776,312.291049513243,-1.45955574089738,0.115086262621739,-12.6822759523836,7.41471428482169e-37,1.33089997961734e-35
57523,89.0512986510372,-2.06760877330622,0.205456658151284,-10.0634790418122,8.01160519258754e-24,8.82270566866092e-23
101927045,21.394365754822,-1.60123149541875,0.399621606744012,-4.00686916922503,6.15289225037153e-05,0.000169421658490143
29091,59.1502804230919,1.591937224277,0.216810183271323,7.34253899082223,2.09579439022701e-13,1.30313632277793e-12
105370416,7.99104606975092,-3.55699283823424,0.77831502726252,-4.57011969914656,4.87445721987537e-06,1.55352539618003e-05
107984700,6.67777424217359,-1.93942968729001,0.644490512544572,-3.00924474377873,0.00261898047553105,0.0056205461149205
100505967,2.93795342641647,4.07134973105274,1.44010923193883,2.82711175010763,0.00469699335460937,0.00964053948792063
2290,13.4583953011739,-7.0967424592797,1.22601246944169,-5.78847494309045,7.10283414271114e-09,3.05671543518565e-08
387978,3.94648996133423,-5.45544273166247,1.32557900950633,-4.11551683644581,3.8631279546196e-05,0.000109375195295705
394,1531.91596323512,-1.06814102247451,0.0701211394481905,-15.2327961422206,2.142298719334e-52,5.7972693392709e-51
84837,9.65156468727842,-1.76366620358316,0.619277079012683,-2.84794361579631,0.00440027197907221,0.00908932140708517
9472,16.559511114948,-2.64104404739679,0.491125307969042,-5.37753604740577,7.55120979219504e-08,2.93003445313763e-07
112399,5.76981209796666,-5.02170193030701,1.29459312956505,-3.87898082851263,0.000104895020538076,0.000280014496931117
105370449,15.4461807418167,-1.82758854905901,0.719039797569278,-2.54170708664137,0.0110312576647321,0.02116589775879
84684,5.79196973244636,-2.26369764198729,0.796503627842965,-2.84204310295192,0.00448254307809266,0.00924527764869303
253970,3.93561546736202,-5.3259579035358,1.34817357023893,-3.95049867547241,7.79885295262395e-05,0.000211528246928923
7080,17.9642205695012,-7.35474872549358,1.21333146496845,-6.06161542648598,1.34761123512328e-09,6.23314086657333e-09
105370455,5.95841151217122,-3.82884640807206,1.12997693016459,-3.38842883059069,0.000702942685026964,0.00165983486892773
5083,32.6607433748865,-4.28856553857132,0.481018829930233,-8.91558764797905,4.8523602471829e-19,4.2101221460406e-18
3169,34.6765617219525,3.61041133994062,0.430065047257632,8.39503550210112,4.65753496429156e-17,3.63750816920826e-16
105370456,4.08931906421634,-5.89151349817283,1.30449889466602,-4.51630394035803,6.29283253079459e-06,1.97542640294723e-05
122553,547.704566447856,1.50746679640569,0.0917243283982745,16.4347542547289,1.0786104659624e-60,3.48770364148716e-59
105370469,78.0147331427118,-9.70540960713267,1.18609558278351,-8.18265386703167,2.7765986275262e-16,2.06754105855055e-15
145581,134.397432994969,-10.6103406138749,1.18344481932885,-8.96564034129807,3.08483169364766e-19,2.70562906253129e-18
105370478,22.5134005200132,3.53021218912994,0.475529650801589,7.42374777930071,1.13851874292116e-13,7.2091461964628e-13
105378177,19.0553305650096,4.17561318127303,0.610765712316022,6.83668565060588,8.10463095205309e-12,4.48623039166967e-11
161357,394.382720100245,-1.65663850063743,0.0951523666670571,-17.4103762067642,6.88301335552057e-68,2.54556777265002e-66
5836,2195.92115909462,1.22610755436765,0.0508970393991703,24.0899582537925,3.1852963301007e-128,2.64230749775456e-126
114088,40.2977570030685,-7.90825734123654,1.19256152261604,-6.63132022227982,3.32697579778166e-11,1.76510682493186e-10
122786,380.963716797729,-2.1114634529917,0.109725634470296,-19.2431191050739,1.6120936574798e-82,7.67235565886901e-81
22795,239.065990744382,-6.14268067658446,0.319514787528017,-19.2250278120409,2.28516577252466e-82,1.08176700783621e-80
105378180,6.85148928746344,-5.38892265404115,1.27450737520768,-4.22823967822314,2.35526818481477e-05,6.88922735489073e-05
5732,4.48694820744586,-3.01060141544747,1.01295451122966,-2.97209932141255,0.0029577098577285,0.00628730276546478
57544,82.1313582859043,-1.46605451452516,0.1782870140753,-8.22300223114379,1.98471140868596e-16,1.48723499058646e-15
283554,42.2427422224141,-1.91352077733604,0.268108924339087,-7.13710213881556,9.53190191484249e-13,5.63846460487451e-12
105370500,30.7555199174648,-2.68455738936271,0.349702608588962,-7.67668677163949,1.63255962344235e-14,1.09280537086533e-13
10979,4280.68344302401,-2.34462882606067,0.0530939951036974,-44.1599623739256,0,0
105370504,10.9752347027667,-1.19802605820674,0.467763105795519,-2.56118116919305,0.010431694158558,0.0201133305857198
4990,11.8085564412656,-6.81602065051696,1.23349340655803,-5.52578604334544,3.28013676461248e-08,1.31859121026723e-07
104548971,21.9663070426417,-2.95248867555849,0.459278071263089,-6.42854266357344,1.28833096136507e-10,6.54002036778747e-10
6495,1491.23172101381,-3.32111540363211,0.0745452610201641,-44.5516637567849,0,0
113218481,69.7525289490337,-3.1872481642502,0.297512060059903,-10.7130049235935,8.84435509223096e-27,1.11114643734808e-25
51804,792.425022389476,-1.55574487978667,0.0733050804538418,-21.2228793714548,5.87159147768788e-100,3.72258899685412e-98
4331,455.226923074458,-1.24251877593572,0.0922147761671807,-13.474183071085,2.21928062615738e-41,4.59151263059603e-40
5583,191.179962532069,-3.72840274995422,0.18771888465375,-19.8616285028079,8.74292408401834e-88,4.55144833840157e-86
161291,285.149504801483,-7.04970779317522,0.425751600092685,-16.558264940497,1.39560835071532e-61,4.60498874384727e-60
105370525,8.91451375623018,-2.72028554015169,0.587727781254504,-4.62847873950291,3.68361672270967e-06,1.19110317051989e-05
100750246,71.2974355561571,-1.00547842975522,0.202726938092779,-4.95976725744784,7.05776874723742e-07,2.48245513772456e-06
3091,1961.79467947728,-1.06437239820372,0.0675582453161407,-15.7548851842283,6.35747212441311e-56,1.84107414604538e-54
100750247,118.679225304335,-1.10016232066553,0.178113806036529,-6.17673803702731,6.54395176015918e-10,3.10527216376225e-09
83851,16.8112227172928,-1.97149563583936,0.423426785452867,-4.65604846828665,3.22336081989475e-06,1.05069961944127e-05
26030,647.505409512743,1.04112235233744,0.0813852619994972,12.7925170572514,1.80530645332634e-37,3.30049435215749e-36
6710,61.341026956601,1.16446619457281,0.212059783312917,5.49121656346559,3.99174526797684e-08,1.59167704396058e-07
384,297.630282397949,1.11193122725625,0.101974015968268,10.9040643020499,1.10221391093742e-27,1.44508872577261e-26
5890,76.2108571087209,1.36750602865114,0.197069695521784,6.939199987245,3.94326583352523e-12,2.23150314751917e-11
101927971,8.19361560757952,3.61095555716722,0.733699254400474,4.92157452186295,8.58506994988286e-07,2.99414856091003e-06
105370547,10.070282708351,-5.5515589334981,1.23620528231128,-4.49080667501969,7.09539319273851e-06,2.21405202948663e-05
677,3297.49348961522,1.06371619751799,0.0629336334541985,16.9021894833409,4.33506458781659e-64,1.51190700516542e-62
105370550,20.4612603589923,1.01469521825208,0.390097262126706,2.60113391393785,0.00929161758073983,0.0180682216336174
57452,177.228018510523,2.29578859570232,0.152358570751209,15.0683258866426,2.61659590757747e-51,6.90190349945248e-50
4293,140.313492940286,-1.04254164136116,0.151159527203753,-6.89696283553388,5.31260731015401e-12,2.98164416597704e-11
100506411,16.7545926735596,-1.84934489553176,0.451753449137001,-4.09370398624431,4.24536242181384e-05,0.000119492109897002
26094,98.7795479201931,1.32430190908286,0.176585984963881,7.4994734681449,6.40746897350913e-14,4.1286892638016e-13
399671,15.6668648506744,-2.80847678074598,0.58458444997052,-4.80422765416975,1.55349995238459e-06,5.25290117232977e-06
79697,286.727647193839,-3.09039570901352,0.146224798258387,-21.1345527285504,3.82798159739043e-99,2.3677466660932e-97
145482,93.9476342474914,-1.00014815151369,0.170666920646716,-5.86023435428366,4.62214392709125e-09,2.02848699613656e-08
122961,158.850845362006,-1.07979388456208,0.145806441239441,-7.40566654931836,1.3049335061289e-13,8.22627116505693e-13
4053,34.3129423928559,-1.10966587711382,0.316289702782479,-3.5083844568818,0.000450837020771102,0.001096036536939
283571,8.70343703836985,-3.14481636405199,0.935609659577391,-3.36124828539339,0.00077591043273415,0.00181882503656366
27030,305.503922768249,1.26858659099039,0.0998891737621554,12.699940776475,5.91744702940995e-37,1.06538052399681e-35
79696,18.4617702564259,-1.66115084264027,0.446507344400727,-3.72032143137479,0.000198969382790173,0.000511380408757949
91754,622.867887992034,-1.53075965101399,0.0793600118197848,-19.2888032135142,6.66994723710325e-83,3.20013252305559e-81
101928377,24.182216927004,-1.42884011311523,0.369225005204891,-3.8698357179854,0.000108908716022021,0.000290031132136651
102724153,13.0451990845378,1.08209906606534,0.44642943094423,2.42389724122047,0.0153549496338524,0.0286987856285689
55640,70.9482849463107,1.12627528587344,0.191788456286216,5.87248736280896,4.29304442542875e-09,1.89107009032782e-08
7043,236.122729324831,1.05316865291122,0.117052065437493,8.99743758450485,2.31047102270339e-19,2.03955651889759e-18
23768,13.563861692831,-3.73473786827749,0.629421299193174,-5.93360579482277,2.96352886541205e-09,1.32816370660931e-08
102724380,5.74192578400603,-4.15646499045399,1.1310156289971,-3.67498457482823,0.000237863785196372,0.000602878057510851
11099,126.347217246681,1.29070686928765,0.146951447564747,8.78321983673531,1.58860255846613e-18,1.33970891296393e-17
123041,128.729353893655,5.39587110800845,0.33356344088038,16.176446356852,7.39407386810755e-59,2.28277564011557e-57
79890,54.876387630756,7.01367753145363,0.852384000536967,8.22830734391459,1.89877384803357e-16,1.4270547565746e-15
57578,10.9401644058563,-1.82474521938354,0.551448293247401,-3.3090051084171,0.000936281287816162,0.00216812750082344
3429,85.0479185407412,-9.4407909609222,1.18621794097956,-7.95873223189169,1.73810923131899e-15,1.22927948503485e-14
12,5.71296692147494,-5.59946260335632,1.28339358610263,-4.36301276863988,1.2828345304561e-05,3.878215017823e-05
79789,79.9794363542944,2.13883232446987,0.203133059361687,10.5292182926344,6.33584326455169e-26,7.67216163931253e-25
161176,30.6090216210784,1.35264801225403,0.291017733108647,4.6479917144741,3.35182373817675e-06,1.09017176621681e-05
730202,16.7117317049256,1.16776724009946,0.449269830103545,2.59925586329783,0.00934261078575614,0.0181534617632162
7453,3428.7670181352,-1.7895066393313,0.0497061775573809,-36.0016949053362,7.86970802025128e-284,2.49469744241966e-281
79446,66.7995418879149,-1.57434008186537,0.211434039673287,-7.44601051135417,9.6205144269616e-14,6.11907460076755e-13
57596,51.3730581388613,1.23978102585986,0.232840728204406,5.32458833736116,1.01181921686015e-07,3.87063829036701e-07
8788,22.6817725430481,-7.90886901273734,1.20479268368084,-6.56450617592931,5.22055807340547e-11,2.72815269117145e-10
1735,4.6477327878202,-5.33154740823458,1.30578061262127,-4.08303458996212,4.44514035456545e-05,0.000124759101303156
5891,265.37603057041,1.31597450453076,0.111364141260913,11.8168603432911,3.19399542923593e-32,4.95627682340876e-31
7127,61.9639922466118,-1.39310226086202,0.219292846031938,-6.35270272637679,2.11564329225056e-10,1.05209162237246e-09
388021,9.48122145397726,-1.66458917849318,0.578960368963456,-2.87513492758301,0.00403854874891728,0.00839291938548109
283638,812.62014200528,1.25584145841363,0.157279830682054,7.98475845865035,1.4079772458343e-15,1.00137868862382e-14
3714,818.02435179103,1.41489540607596,0.0781765589820761,18.0987168596198,3.26178151470247e-73,1.32501476999996e-71
1397,491.902337308174,1.31816523538291,0.0882480613789111,14.9370446759516,1.89181045052736e-50,4.8955421454463e-49
105379272,6.64988007947003,-1.82148450458318,0.66064280276834,-2.75713970840291,0.0058309432436779,0.0117692898762672
727764,59.3108596645369,-1.05785386436166,0.217568656902136,-4.86216111927138,1.16111050567745e-06,3.9883966131552e-06
646396,203.239822798678,1.10591760683979,0.120662820443925,9.16535518373483,4.93840739070847e-20,4.51192012351295e-19
57194,97.4793786939531,2.45848255724758,0.198723429936026,12.3713774366667,3.73363091229894e-35,6.41620677203589e-34
107984770,6.19763533960242,2.80690645237327,0.856554136469563,3.27697495448732,0.00104925676254759,0.00240900233429188
2558,117.556314070164,7.2950368512964,0.655634586345279,11.1266809335995,9.30354718921339e-29,1.27141316168527e-27
89832,6.82971315060358,2.79625378698469,0.747343219845363,3.74159250091715,0.000182857848140317,0.00047209024435528
51621,714.356364051534,1.40557211578523,0.0800547589266361,17.5576334827681,5.19983287742958e-69,1.9598181155017e-67
105376707,22.6583440709774,1.54971850566535,0.374018035841532,4.14343255447165,3.42145727364987e-05,9.77276098500925e-05
1139,11.0838837697723,2.70556088378999,0.580236085132086,4.66286215752006,3.11841637932838e-06,1.01798689896722e-05
342184,18.4156819595504,-7.78538268564821,1.20904451362746,-6.43928540090719,1.20037301170626e-10,6.11098987777734e-10
105370765,62.634817891266,1.00478196796113,0.200471868809116,5.01208460783026,5.38435182433484e-07,1.91818209082063e-06
100507466,5.1107319833931,-2.33700483436663,0.860546640497171,-2.71572129201092,0.00661315639710658,0.0132292937076218
102724214,5.4214724230468,-5.31158847109007,1.27331929501684,-4.17145054808883,3.0266674705379e-05,8.71274095271158e-05
145845,19.2356616422572,2.45805080603529,0.425161572705142,5.78145101495332,7.40590466111015e-09,3.18097313196292e-08
4212,2682.49165163657,1.01004141242165,0.0491463913978964,20.551690239965,7.43296333259134e-94,4.28408977532992e-92
107984773,12.9297068607932,-2.69137065857837,0.574107938949287,-4.68791750816758,2.75999221366606e-06,9.05477393771945e-06
161742,1146.92532044197,-1.20142632295359,0.0639329318427235,-18.7919791619932,8.7841456438038e-79,3.95777039260926e-77
10125,43.0229403027453,-1.48882225446095,0.268534325058667,-5.54425306387065,2.95211623110559e-08,1.19239971182222e-07
105370774,11.1658391795014,-2.15446602399251,0.602705498254542,-3.57465798840715,0.00035068600525929,0.000867165059947474
7057,1107.89434577782,-8.49945457190682,0.336206963573332,-25.280423943548,5.24460752653033e-141,5.005498538224e-139
105370941,26.802414511148,-1.20659577194165,0.317156626026238,-3.80441609264007,0.000142139081616357,0.000372161206025599
11245,92.3147001268119,5.08845163166086,0.367916407146553,13.830455866661,1.66959073925407e-43,3.64110255568038e-42
100131089,9.12014046952417,-2.20979857652943,0.629122081140159,-3.51251155026161,0.000443892709886144,0.00108063403536737
90427,11.1413479296366,-2.14205776624587,0.59112903144958,-3.62367207882358,0.000290449809985769,0.0007280521077192
388115,11.1897730916533,2.24606134117754,0.78566751226268,2.85879370868856,0.00425255232659117,0.00880262463871811
85455,17.2080149604254,-5.12946341583341,0.88176669223086,-5.81725694679613,5.98211517642421e-09,2.59834863253933e-08
171177,69.0681951423842,2.08415526793628,0.250294499890461,8.32681209075066,8.30484093937584e-17,6.37111220206568e-16
79094,360.899919257441,-2.02824744609121,0.115974323775689,-17.4887628576661,1.74504452677852e-68,6.53544945978319e-67
3706,407.134676214917,1.5095091510523,0.0984059549053765,15.3396118406024,4.1567303036618e-53,1.13523502077853e-51
101928363,4.62576064629183,1.98846149738902,0.864677187950757,2.29965763535589,0.0214676240340865,0.0389387209413613
197131,390.768382836587,-1.29232677239548,0.0936564091272417,-13.7985940784867,2.59871433481617e-43,5.62589961849471e-42
4130,1065.62930125675,-1.68859794768932,0.0767867280088444,-21.990752718293,3.53082563322761e-107,2.42942700159134e-105
197135,8.2257022739187,-2.72547999364439,0.846894013803366,-3.21820670499768,0.00128994819962863,0.00291634748341918
567,3136.80266012013,-1.9419633739817,0.0716178108670582,-27.1156483348326,6.43875333781629e-162,7.62004995019432e-160
113218500,139.839113218112,-2.15245804377674,0.173129341051245,-12.4326589052264,1.7375712534781e-35,3.02841394820797e-34
100419583,152.603788202774,-1.80043883893369,0.150313056600155,-11.9779271319258,4.63775024898034e-33,7.37718122042105e-32
53905,23.9530417133025,1.63190624467514,0.37378109369808,4.36594111416803,1.26576579127382e-05,3.83052750199333e-05
2628,15.5591428060057,-2.55438210734612,0.551652111361668,-4.63042206263113,3.64921122486348e-06,1.18126910400759e-05
80031,79.9746493146468,-10.0182271886798,1.18564120258993,-8.44962807196296,2.92232271861134e-17,2.30872598579388e-16
2200,683.921038413818,2.3192116868911,0.0840648118940252,27.5883765708626,1.53411574970124e-167,1.87818088197906e-165
399694,11.7887957191542,-3.58595132171518,0.697343358037262,-5.14230368782486,2.71389960530808e-07,9.92320201718415e-07
11001,119.298297519008,2.87999090557637,0.196347173052428,14.6678501187657,1.03575054349331e-48,2.58966811944976e-47
256586,116.728993503669,1.21552168974965,0.164645130393762,7.3826762251798,1.55138983066783e-13,9.73154497315029e-13
10681,212.579456728212,1.27035922052073,0.124771836686639,10.1814580457864,2.39938926888091e-24,2.70266232875469e-23
55930,4.64066473272368,-3.64947878399978,1.18581595214679,-3.07760979045086,0.00208667955898646,0.00455854485984835
4644,633.960349920523,2.03312692986372,0.0799435532813299,25.4320310570751,1.11587672179902e-142,1.08840898710858e-140
3175,1458.94242918658,1.16434593967655,0.0610673493629018,19.066587166855,4.7853469994035e-81,2.21222603993257e-79
105370826,5.08900560313351,1.77151441949066,0.682280637459354,2.59646005210898,0.00941898576208456,0.0182918537631031
256764,296.467908943431,2.88739306178006,0.127436949995136,22.6574244117602,1.17875349852632e-113,8.79211433018453e-112
440279,1325.39976230469,1.69358512543009,0.063539378299754,26.6541028689392,1.60405938360706e-156,1.80223178340459e-154
105370827,12.751973131833,2.92415017538473,0.552932128147929,5.28844324018447,1.23361756064812e-07,4.672323220957e-07
5873,256.970355534794,1.47541164472986,0.11986933906575,12.3084990392796,8.15252289112762e-35,1.37831987012664e-33
100533483,435.65964972623,3.07288085088739,0.108941036087952,28.2068260155571,4.82237251987597e-175,6.43659826863445e-173
9236,573.617920672213,3.40254555272723,0.106701698836787,31.8883915609613,3.86786689643305e-223,7.89222679833098e-221
145788,24.6205692530901,3.00170847366693,0.428745610356125,7.00114100567387,2.5388625825073e-12,1.45574575467279e-11
283659,733.224132749159,-1.50085755377368,0.0802030877068143,-18.713214125373,3.86355986983724e-78,1.72326419118972e-76
145783,28.0067208235684,-1.1818416645947,0.360296025676609,-3.28019622857425,0.00103734908503253,0.00238401693447629
8854,13.0841930985331,-4.40081573712186,0.79276812066775,-5.55120169743335,2.83712512555883e-08,1.14804297307774e-07
145773,15.4824608187057,3.21487988642606,0.601033341353946,5.34892104185752,8.84801301464598e-08,3.40567925056365e-07
7168,1652.15475263063,-1.52031461640158,0.0614872269725746,-24.7256981857337,5.66127220833699e-135,5.07570223446455e-133
83464,80.3206277334424,-1.935025442494,0.20263385080848,-9.54936914426456,1.30488439639363e-21,1.2991759845642e-20
771,584.194644530543,1.99011796837443,0.0851751627173241,23.3650034221731,9.70120080906722e-121,7.68820164118577e-119
283807,6.73734524297333,2.69832942099548,0.807728999800324,3.34063704740392,0.000835864160418709,0.00195086255268905
23604,7.40849891056544,2.21305692176713,0.630553398017713,3.50970580560563,0.000448602741151525,0.00109105300190737
9543,65.9986564214036,-1.48460675223137,0.213077475992058,-6.96745043238029,3.22736103130336e-12,1.83687441576458e-11
57722,132.21764185325,1.1186642159391,0.153780695948059,7.2744124939904,3.47931322699662e-13,2.12761861542005e-12
64799,14.3038537912187,-1.33209383698382,0.465075932625941,-2.86425020848201,0.00417997689876805,0.00866452007320532
54852,40.7971950394617,1.36110975980278,0.295749378789137,4.60224046919544,4.17970226570079e-06,1.3434378892037e-05
7090,565.242049837643,-1.27015402509923,0.097561297929969,-13.0190357452087,9.53675759478762e-39,1.80486695972996e-37
105370877,54.5232225482119,-1.55929542621389,0.260768418911699,-5.97961759603219,2.23662049534219e-09,1.01312801820144e-08
104548973,6.3201430953522,-4.04668934645303,1.28631843640919,-3.14594678262525,0.00165550125680345,0.00367677446650506
107984791,24.7891465421671,-5.25291534619698,0.770575449203883,-6.81687348282898,9.30431339078071e-12,5.12632437346801e-11
55075,3999.36624940913,-4.74070885915875,0.0767345406232851,-61.7806377760497,0,0
55323,311.201769255006,-2.34815122338304,0.121421024891095,-19.3389178314807,2.52723087280113e-83,1.21581036460611e-81
54839,94.6939472184058,-1.29311164849648,0.171428394000191,-7.5431590900574,4.58720974033191e-14,2.98833568111457e-13
79875,54.6842807890048,-2.44776044044144,0.256613232873987,-9.53871479279264,1.44613300399961e-21,1.43658383251265e-20
4756,431.382505961758,-5.49949327116288,0.190740566512491,-28.8323211559861,8.44194463616121e-183,1.25933950572381e-180
10021,13.5578820061549,-2.35484686075708,0.535833029568535,-4.39474002312484,1.10905401954734e-05,3.37816179735834e-05
5371,330.642456200238,-1.38365803456455,0.107602453072861,-12.8589822541279,7.65782856819998e-38,1.41458660502275e-36
64220,83.9677807199658,-9.73999405195462,1.18557225605573,-8.21543689319998,2.11393197514038e-16,1.58206241242378e-15
8482,68.4262798510789,2.40394895189012,0.238044445954865,10.0987399317265,5.59565384828288e-24,6.2045001320873e-23
10620,764.713615410803,-1.15026648601771,0.0749063276362871,-15.3560656664803,3.22565157165673e-53,8.83669239198305e-52
92912,359.892601310481,1.5431101963314,0.110232011914099,13.9987483629882,1.58640034611637e-44,3.55129620986857e-43
84894,117.545280644455,1.5967117643908,0.164061020221386,9.73242615604961,2.19298966083184e-22,2.26468600692768e-21
105370910,22.5820097114586,-1.2452708097833,0.409927553497176,-3.03778265003081,0.00238325782935152,0.00514941492047812
1381,65.3755630170491,-8.14392306839147,1.18818279344424,-6.85409948143103,7.17631309019804e-12,3.9922879967783e-11
105370912,6.51547902211287,-6.05565917465729,1.26939531095186,-4.77050696690885,1.83762829460165e-06,6.15850056367161e-06
1512,71.1202420694391,2.07074740006572,0.217798628350958,9.50762369691761,1.95067473940971e-21,1.92701046043412e-20
9915,65.432434601647,4.81933234807636,0.400640485010315,12.0290697729968,2.49961148239953e-33,3.99757685005013e-32
64506,173.267624406551,1.34318409359725,0.132158879004151,10.1634041066213,2.88812852468444e-24,3.24288789185314e-23
4828,117.284214979671,1.06125640370911,0.165651378877715,6.40656546838972,1.48834216503575e-10,7.52093655386128e-10
254559,24.3940796749622,3.65219551935584,0.523646101124619,6.97454924520993,3.06853048564482e-12,1.7487175981113e-11
51458,5.83071333781215,3.21586540105061,0.874041270090623,3.67930612786416,0.000233869400538858,0.000593771395647283
374654,456.80898990782,1.1459910354562,0.0994363662916318,11.5248683976965,9.88631461741129e-31,1.45042857097756e-29
10519,375.246866415104,1.42651698440416,0.106914969999951,13.3425373865308,1.30926082118614e-40,2.64414085298025e-39
8826,2460.10569923979,1.05047600116761,0.0500400306577368,20.9927129811858,7.64549672797167e-98,4.68009854879148e-96
2242,10.5910680670566,-2.89946017519773,0.837946477215972,-3.46019734438292,0.000539779641815601,0.00129822086458617
4122,606.448347737074,1.05275923928235,0.0809091712265261,13.0116181308405,1.05092897547558e-38,1.98680417174042e-37
7026,168.941765896122,1.86324439429768,0.150922434207689,12.3457086024309,5.13798639736824e-35,8.74492181458111e-34
91947,13.3088886190534,3.70454632024225,0.729906477968439,5.07537120447701,3.86740246015695e-07,1.39654451734553e-06
3480,90.9680233633035,-2.52740109211804,0.201383832877614,-12.5501687797054,3.96663646815196e-36,6.98568755780094e-35
145814,11.1063485811226,-6.81153172985131,1.23313562215199,-5.52374905686715,3.31841332671451e-08,1.33337422761059e-07
105371013,4.37700599863365,-4.68649969474838,1.33024025027849,-3.52304758013994,0.000426614765396457,0.00104042661290258
105371016,5.49881870633358,-1.87448690308566,0.795941669911319,-2.35505562021211,0.0185199333966267,0.03409726795861
23336,1415.59211753381,-1.3170540861244,0.0597961253417961,-22.0257429489969,1.63211169319548e-107,1.13176745225024e-105
170691,7.52512220303795,2.93257422245161,0.801627109656968,3.65827725525216,0.000253916282636566,0.000640728052503813
105369201,8.11456525851299,3.07719660137774,0.860415552331867,3.57640746153185,0.000348348549707983,0.00086217119857814
220,61.3664692538858,5.53253122289421,0.536837196917347,10.3057896409999,6.63445595306903e-25,7.6826394050151e-24
101927751,44.5393504087135,6.00374876719029,0.744275591854743,8.06656678372171,7.23025396692568e-16,5.22603698782022e-15
79705,147.116077957066,6.13298751443307,0.389477106859849,15.7467214540032,7.23355308472435e-56,2.08796803837442e-54
105371026,6.98702500844112,2.82002678103741,0.673744277119414,4.18560405899757,2.84408736774329e-05,8.23840413684681e-05
123283,138.030873826658,1.14724333833457,0.152781533174571,7.5090445454799,5.95604579121708e-14,3.84898889281709e-13
3040,4.70758546795894,-2.87332775784044,1.00174962579424,-2.86830928992093,0.00412671901844359,0.00856312285393461
3039,5.56937525898645,-3.56832132696382,1.14588172085451,-3.1140398367668,0.0018454457135571,0.00406859815040556
398,120.356415429004,1.02763076255614,0.159403284067526,6.44673520101894,1.14285204086542e-10,5.82316573749796e-10
64714,50.2690875458801,1.36734731741897,0.255349162832509,5.35481417777688,8.56443870486999e-08,3.30441025622369e-07
8312,961.943652513746,1.03535992870568,0.0834715963753648,12.4037393995647,2.49407026653291e-35,4.31948637770656e-34
105371036,17.9566471976245,-1.64773637716746,0.433155846538792,-3.80402663460273,0.000142362863097386,0.000372692161289602
197335,160.946406630482,1.48432684285586,0.158487947437547,9.36555029486242,7.56550130272646e-21,7.21669957689415e-20
107984861,11.4785699896897,2.43873933254691,0.608966354701242,4.00471933091173,6.20911580885361e-05,0.000170784356738099
146330,55.9349420372935,1.78329345388246,0.239744580825562,7.43830558230627,1.01984928489909e-13,6.47741127210327e-13
65990,222.360225704317,1.16896356216708,0.128691978657215,9.08342209331273,1.05213663193192e-19,9.44740995956273e-19
64788,298.783256689112,1.27338546255555,0.114696394128993,11.1022275131285,1.22355794441413e-28,1.66569023230365e-27
30812,419.443942907662,7.26548567738916,0.381085299086632,19.0652478455683,4.90945920997408e-81,2.26370701027169e-79
146336,33.3606220249978,7.6780539857563,1.1962304907533,6.41854061161843,1.37586905723742e-10,6.96447890050716e-10
6755,4.86847934781969,3.87991928436302,1.17790599601683,3.29391250021922,0.000988032500446625,0.00227934411279123
8912,689.284340360348,7.42448272495237,0.286626840280486,25.9029570213556,6.16796628744195e-148,6.47891938074968e-146
25823,10.1641248639266,6.17351964622912,1.23298704831238,5.00696228292015,5.52957569474977e-07,1.9679436193504e-06
9351,381.215466868242,1.36611971766478,0.102157674249747,13.3726587620329,8.73613769671727e-41,1.7744155193607e-39
84256,283.143427892856,-1.05530086729949,0.111219335047986,-9.48846589349037,2.34459249776196e-21,2.30205785510344e-20
105371055,8.09489584530298,-1.66806255657187,0.624459889222391,-2.67120848810486,0.00755786877214638,0.014949001275002
105371056,16.2966002711232,1.23250267777778,0.445803672457003,2.76467591885226,0.00569793739752308,0.0115204766151287
51330,739.66372204785,1.01478599406944,0.0780918282375523,12.9947782882288,1.30986816219884e-38,2.47107115997385e-37
9235,9.5296183832136,-6.49304777904333,1.23898055354505,-5.24063736147028,1.60022917360175e-07,5.98804137642882e-07
342346,10.1773705849368,-1.53553187563152,0.530215141524401,-2.89605436618949,0.00377886927275454,0.00789577299081198
105371082,11.1781576872991,-3.04966426330388,0.827095708517631,-3.68719633277951,0.000226738419514976,0.000576986872596023
8651,28.3973542482295,-1.46059681573643,0.537494731634805,-2.71741605967743,0.0065793842076694,0.0131676694988216
8303,116.474862099669,-1.34913005013253,0.162639455260508,-8.2952199266258,1.08384496708908e-16,8.26478344319815e-16
100129781,23.0227194414824,-1.02087795138073,0.372454368516611,-2.74094771782815,0.00612622547034303,0.0123214555701791
730013,14.108429528515,-1.80100698763207,0.476415777406004,-3.78032607870004,0.000156623096924267,0.000408337966896693
368,68.3922003243094,-2.22164557110271,0.228821238180784,-9.70908814568804,2.75793279517563e-22,2.83326521874756e-21
653190,21.6124883321125,-2.42632652802555,0.426113768650549,-5.69408150248097,1.24037826398423e-08,5.21905544969143e-08
51760,24.2171194273484,5.81193004385698,0.872792413190896,6.65900614627112,2.75685408305025e-11,1.47010134221412e-10
124152,98.8618127425342,1.15701473275579,0.168496984161705,6.86667917833717,6.57136251570595e-12,3.66378226692249e-11
51704,193.133037651952,1.58577163966122,0.132164705015286,11.9984502630851,3.62011324423078e-33,5.77915920068208e-32
57146,24.0872312810342,2.80164513632936,0.450138483439763,6.22396271236443,4.84752334160957e-10,2.33143414685053e-09
400508,17.6729217302604,5.09275377054225,0.884565588758059,5.75735008829876,8.54445905493892e-09,3.64530730937937e-08
100652781,7.67477713740657,4.59869875550769,1.11221971278428,4.13470351464597,3.5541317535473e-05,0.000101289046217646
51108,1454.98138664998,-1.22130423588313,0.0659688357325968,-18.5133513775149,1.61155135034571e-76,6.99468449176944e-75
10261,17.5088534832798,-1.40735892330711,0.397029093343189,-3.54472492546182,0.000393023013971939,0.000963267229605118
146183,545.233373211939,-10.737461555807,1.02243036325681,-10.5019001212017,8.46586041480391e-26,1.02165842340992e-24
105371126,4.90731932807031,-5.07703889979036,1.29196840499645,-3.92969276969609,8.50544663466146e-05,0.000229605670101141
653786,87.3440531093855,-7.46986103841022,0.842841625825488,-8.86271015755085,7.8092415463731e-19,6.68094727379351e-18
5579,47.4747694063703,5.67444070592186,0.61790723491533,9.18332135518595,4.17995647692224e-20,3.83277827367374e-19
283887,14.4779383632563,-1.67973162091466,0.522751696033283,-3.21324949045735,0.00131242230759944,0.00296338346534029
102723510,4.6130181074894,-3.0933469621475,1.1786307530915,-2.62452592046642,0.00867696878375747,0.0169547110455985
50615,31.4609880269356,-5.38597263258563,0.751890818605886,-7.16323766603774,7.87935695612106e-13,4.701658644876e-12
283888,9.24631031777677,-4.05285247615486,0.925050650558079,-4.38122223222025,1.18015424915528e-05,3.58478259938704e-05
388228,99.3154805714064,-2.38831526982731,0.207522541341637,-11.5087028830064,1.19258635072551e-30,1.7424520903769e-29
26471,250.117997015741,-7.6482121857203,0.65516994915485,-11.6736309343648,1.73841923622381e-31,2.62195567386959e-30
27040,24.4774257496962,2.0452306780046,0.41822828079702,4.89022567796465,1.00720434825778e-06,3.49069559386461e-06
440352,3.56062825219595,3.34793418965867,1.21791255006441,2.74891180773333,0.00597934719723774,0.0120510185564674
23475,279.431341360836,-5.67601451328908,0.285121658177384,-19.9073425343151,3.51471065001867e-88,1.84595098991513e-86
6911,16.1679004697284,1.11781884691473,0.40921042915855,2.73164799150714,0.00630184313999706,0.0126412208236419
65988,9.39535201035416,1.3666714078007,0.5716093388425,2.39091861334559,0.0168062779125217,0.0311554976506981
1489,45.0541995296336,-1.23643115361313,0.255547332574522,-4.83836454545095,1.30911867210656e-06,4.47170957614693e-06
80270,111.125833993128,1.88844366690854,0.175144211371862,10.7822214169502,4.17675274848285e-27,5.36122305069179e-26
112755,17.7389682945886,-2.82169059521198,0.511443218367347,-5.51711410744582,3.44611694210255e-08,1.38187187612841e-07
3681,11.3173812513911,-1.70255384889198,0.566105376697048,-3.00748574201072,0.00263418481255572,0.00565032005709149
283933,6.04706327351504,-1.90933283339449,0.84286437748684,-2.26529069728575,0.0234948465382804,0.0423217164634757
7041,95.7188847721595,-1.47199873752176,0.184463927022166,-7.97987314530542,1.46483758413081e-15,1.03849028727996e-14
91807,23.4595574243075,-1.2824731199991,0.442184041682536,-2.90031525135828,0.0037278752280372,0.00779564625375385
112268166,29.382327782923,-1.78772184661955,0.323022247303551,-5.53436136842794,3.12364375616784e-08,1.2585320916816e-07
23090,74.7083798157483,-3.74267801999659,0.293073117260722,-12.7704582903353,2.39738735710767e-37,4.36944767591123e-36
105371267,18.2998070181276,-2.40584436112588,0.471764985254059,-5.09966707221874,3.4025142349344e-07,1.23343746576589e-06
79191,22.1484911953948,-4.83408934172602,0.76537981215227,-6.31593525851227,2.68532457345135e-10,1.32416338410857e-09
643911,6.27048836764522,-3.91303817435457,1.14082262860743,-3.43001451429053,0.000603548963570711,0.00144027439189505
10265,21.0171733751576,-6.53312791238894,1.20722028404492,-5.4117115150675,6.24252005150285e-08,2.43929597081837e-07
1071,4.72540864687612,-3.42065554685004,1.16664180993522,-2.93205293837358,0.00336729342728108,0.00708836628970637
84166,393.790162583591,-3.89053106481456,0.147774021219541,-26.3275711976098,9.27359419028346e-153,1.0225145594156e-150
9289,11.7459082703166,-4.66768497588551,0.898384584567213,-5.19564232965341,2.04014175547929e-07,7.5498429108335e-07
4324,346.883778797413,1.06253891926847,0.0962499696386093,11.0393688772889,2.46760252363631e-28,3.33878658533474e-27
766,9.2269390571348,2.10961166481245,0.589179825615933,3.58059046337346,0.000342818624702985,0.000849248705795059
23491,22.7298115020247,-1.97089499157482,0.406096087144428,-4.85327254796688,1.21440609117277e-06,4.16340999044012e-06
3291,36.1366339794561,2.50999501278099,0.335665491172137,7.47766773407696,7.56531773994175e-14,4.84486004759906e-13
1728,1137.33320019304,-1.41151351851872,0.0694907101046349,-20.3122621195458,1.00182360308833e-91,5.52309708137391e-90
107984856,4.3684187894293,-4.7288531468353,1.29677044882691,-3.64663857902771,0.000265693216569163,0.000668924405124915
197259,90.8594744115021,7.61016340320499,0.845719702266916,8.99844639164285,2.28934263814939e-19,2.02191097076756e-18
4166,276.048273781508,2.16162972531704,0.123935943729795,17.4415077681566,3.99396643481017e-68,1.4801856398904e-66
100130958,8.90971174401882,1.36643204187521,0.577689209203442,2.36534112132602,0.018013470461293,0.0332751442553053
5336,62.419989892307,1.51551061451546,0.514017774935777,2.94836227152809,0.00319462454210719,0.00674889621224405
29948,101.584095820914,3.67919665624994,0.269974384140046,13.627947214212,2.73156168949244e-42,5.78647769831383e-41
23406,1799.77614652757,-1.63244333870384,0.0584733443703707,-27.9177351027492,1.62539654445285e-171,2.12162054831816e-169
105371376,10.9943435693044,1.21602486198362,0.516587582182377,2.35395681957045,0.0185747686690562,0.0341845641747551
339145,4.59553283329329,-2.41946788930186,1.02040268717769,-2.37109125613322,0.0177356515186054,0.0327893444863865
404550,42.7728246889073,1.00182319759991,0.260559623149989,3.84489041505568,0.00012060632405722,0.000319076522304584
79791,510.261981309209,1.01952653677213,0.0889316526057121,11.4641582260065,1.99691764907385e-30,2.89145857311248e-29
102724467,13.5289382210621,-1.7796808011163,0.50152429888396,-3.54854352037701,0.000387367978754301,0.00095045699500295
84627,14.8397025634318,1.39128659249026,0.423856860078588,3.28244443709675,0.00102911264589674,0.00236642586657498
863,32.0007200598632,1.82673268792442,0.292965400666517,6.23531885938913,4.50858786556207e-10,2.17431273538326e-09
107984871,14.8215611897738,1.88516322435854,0.510410141455588,3.693428228096,0.000221250975959768,0.000564317144430718
1013,19.4596178809389,3.2303634642661,0.52616180425676,6.1394868235052,8.27884905628935e-10,3.89211145252247e-09
146429,119.423715599619,3.61965310742724,0.247340308024766,14.6343033868334,1.69704911755641e-48,4.18151688594542e-47
124045,182.826295458951,1.32023152339441,0.136133591250084,9.69805843856044,3.07290293090002e-22,3.15318918088654e-21
105371416,18.9731737044334,1.23792585409862,0.398012014089234,3.11027258041783,0.00186914767738686,0.0041162522725433
100128881,493.543717537916,1.00986613929688,0.100039581211391,10.0946658019585,5.83294158188288e-24,6.4635692235696e-23
8447,114.347413783902,4.02358784796018,0.26273726333173,15.3141118885753,6.15468077092029e-53,1.67830864893052e-51
83547,68.7222399901567,1.77631953195457,0.229160801363828,7.75141089306274,9.08771055045941e-15,6.19289971945319e-14
3090,350.999634802265,1.73832513736312,0.10220349665666,17.0084702992385,7.10692650643912e-65,2.50819402270988e-63
101928991,22.6296859476737,1.28130697057269,0.339880593298276,3.76987387876019,0.00016333006366305,0.000424887938180901
5026,68.783303272011,4.8578629384139,0.402767661264522,12.0612040280549,1.6928975023366e-33,2.72459804727827e-32
489,62.3877925496406,1.84156329484136,0.253643756406791,7.26043219407254,3.85855435045509e-13,2.35223409441205e-12
342527,12.1542083375862,-1.08043787881211,0.475958708544434,-2.27002439374685,0.0232061030205777,0.0418780868985763
58191,501.06645408928,1.49271387012271,0.0892518064413388,16.7247468666508,8.65431050526539e-63,2.92074753021808e-61
284013,208.914729940948,-5.5526333133703,0.33626419604267,-16.5127104780007,2.97228443976447e-61,9.71712585169409e-60
2027,369.076431528706,-2.35890249013678,0.122734639907215,-19.2195332297391,2.54045015063757e-82,1.19941678388612e-80
101928000,21.362875289847,-1.26291458714314,0.359411970984006,-3.51383562346435,0.00044168604301437,0.00107570457341077
728392,27.710122377616,-1.42936393082177,0.341719266849897,-4.18286022909452,2.87864383410755e-05,8.32410577342845e-05
54739,70.1132844552913,-4.47906687748222,0.378886096217668,-11.8216712679502,3.01623573888408e-32,4.68453340653283e-31
8711,50.8910198756185,1.09891743264804,0.26138991818634,4.20413090249581,2.62087234088103e-05,7.62716816316721e-05
100529211,157.611181344185,1.08822141543169,0.138001423618627,7.88558108240267,3.13075227236482e-15,2.1803497190671e-14
57048,134.309990567111,1.23777379206924,0.150588494071509,8.21957746307936,2.04221417485433e-16,1.52903357368259e-15
482,23.4443989377115,-1.76291289601396,0.373273155086515,-4.72284939860023,2.32563067699042e-06,7.70091322102854e-06
1949,112.390843600175,-1.69507847252804,0.172386327965846,-9.83302151933925,8.114686822392e-23,8.52378227639661e-22
9196,82.4120566781051,1.19647667583005,0.183484620840385,6.52085537387288,6.99075669428795e-11,3.62018415510501e-10
116840,475.479379273458,1.0095414073951,0.0950278990030729,10.6236317753637,2.31380154353527e-26,2.8504236641803e-25
242,6.32554392526637,4.08254295461368,1.13491786034631,3.5972144745065,0.000321643262226499,0.000800029591010903
107985075,7.4780330712851,4.45686336173557,1.11526910846623,3.99622237171517,6.43612808338289e-05,0.000176645246963842
84667,122.651346455293,1.30691897290876,0.164051390088901,7.96652178442702,1.63202729413593e-15,1.15471297431252e-14
100128288,9.78078765054967,-2.0857029722548,0.585437388000643,-3.56264054022546,0.000367143242993367,0.000904709446088041
124751,56.0168840495788,-1.68247570122997,0.242745572294755,-6.93102529255207,4.17801336408648e-12,2.35903604450582e-11
643904,9.55101536402159,-1.46151737944701,0.634296921710468,-2.30415335377291,0.0212140366245156,0.0385299343317374
23533,10.3224613768641,1.68400290612067,0.550962780226803,3.05647308050001,0.00223957589706124,0.00486264081759188
9423,276.557796417307,6.58534963525719,0.334274293327754,19.7004369366815,2.13767302139187e-86,1.09360148345097e-84
101928266,7.99946049798476,6.23013437668599,1.25718455199626,4.95562434870305,7.20983943430644e-07,2.53293231026733e-06
105371532,8.198957245328,4.05238962083537,0.825939045168742,4.90640277214095,9.2761939139344e-07,3.22694482383232e-06
124739,4.65439376741518,5.88160651695356,1.3025399778828,4.51549020899438,6.31704654483933e-06,1.98267698486541e-05
8522,7.36487884117868,3.57210489024322,0.853303968952503,4.18620447134245,2.83657839640933e-05,8.21987262374444e-05
9912,114.282987884381,1.27131946647274,0.161571061229618,7.86848496752769,3.58961677780673e-15,2.4930703067146e-14
5376,45.1207254451564,1.44591216570683,0.248738654971918,5.81297734310763,6.13713705064432e-09,2.66112498590713e-08
136,243.362933194417,1.27610057365934,0.118508949775359,10.7679679558234,4.87644970431822e-27,6.24579618694495e-26
692087,85.9650909884851,1.06065521756497,0.181470995846444,5.84476440776502,5.07285691101561e-09,2.21642520020549e-08
57336,106.365114483736,-1.06632152507474,0.165358659388462,-6.44853755478103,1.12934581040833e-10,5.75765273588989e-10
51655,10.1375251683154,-1.8962521392206,0.750370859676193,-2.52708659294004,0.0115013141078669,0.0219846374548135
146691,78.4136126154506,-1.08757348452953,0.19041037279462,-5.71173444265355,1.11830500581819e-08,4.72557735379301e-08
102724624,11.7430830314496,-4.52210352330562,0.901989514016885,-5.0134768232139,5.34552088728645e-07,1.90549571869697e-06
400581,15.2385636726636,-4.18045631377257,0.714017649116053,-5.85483610797007,4.77480642400682e-09,2.09289786762887e-08
79999,11.0092970020161,-4.49068147297788,0.901733988221528,-4.98005124752452,6.35674380052288e-07,2.24969928123768e-06
388436,13.6845028197715,-4.36932599690808,0.78556620649415,-5.5620086006597,2.66687145664822e-08,1.08285228953383e-07
105371578,11.2447564316568,1.04533292834398,0.475511019542554,2.19833586474946,0.0279251804083983,0.0494935905161629
5606,576.038175480774,1.23385688562247,0.0859924448465648,14.348433607441,1.08970717276585e-46,2.59309406580957e-45
107987246,22.5863573673893,-1.10483329468213,0.344762183744514,-3.20462436651946,0.00135238850259675,0.00304664983478394
284124,224.634106297922,-1.04056783574118,0.117031806326443,-8.89132508848634,6.03844283696127e-19,5.19856630658276e-18
4843,41.7290617484341,1.58376431204907,0.293969757802833,5.38750762624811,7.14414452128627e-08,2.77633217035626e-07
201229,32.2962869561147,-2.0224386093736,0.352910324487462,-5.73074367351203,9.99912712796215e-09,4.24245948316406e-08
230,167.620271100189,1.26794160072812,0.143565162884817,8.83181946963968,1.02986570323349e-18,8.76002681542932e-18
116236,848.675157200517,2.14085875959423,0.084245994353669,25.411994671305,1.85854027459926e-142,1.79308733449381e-140
90313,420.269361725847,1.05762930506065,0.092736636550842,11.4046545615315,3.96347474801858e-30,5.68792269416539e-29
28964,1617.41343540271,1.38533810723386,0.0667615951413989,20.7505243740771,1.21261716632497e-95,7.19945817277621e-94
124930,1074.23208103543,2.15925785316484,0.0903451002157459,23.900110221899,3.05466499157255e-126,2.52215874094864e-124
84940,353.298924134305,2.71323632776314,0.119803214771226,22.6474417480724,1.47850010501301e-113,1.09817296502891e-111
85464,2375.41572672358,3.0313596102132,0.0634501464660658,47.7754548893662,0,0
107984990,6.44817874614168,3.43779863547035,0.751428173798328,4.57501961643642,4.76175368240782e-06,1.52088253634587e-05
374786,113.126593244714,4.73844865765688,0.307642407264218,15.4024560521244,1.57569064645665e-53,4.34342552110225e-52
55803,43.6927823904332,1.05745527917256,0.2471512034517,4.27857629015841,1.88092523391682e-05,5.58270937175914e-05
84440,114.176938290437,1.61911340008892,0.162132171631812,9.98637953092855,1.74851709388656e-23,1.89381790425102e-22
162494,32.5865833676262,1.55832119070354,0.299088058203105,5.21024209413709,1.88594377022891e-07,7.0054977629428e-07
26022,35.3204493393612,3.85558483420728,0.452961604216796,8.51194626280493,1.71037846418485e-17,1.37325366332924e-16
100533789,14.0492181937683,-1.39230536635194,0.453068799763606,-3.07305505715334,0.0021187939245732,0.00462244435898039
284099,6.53338479018748,-2.59499696449113,0.897635699035757,-2.89092442209983,0.00384110481986939,0.00801260784516115
57636,60.1564577563177,1.17058434316094,0.222327327754728,5.26513926552623,1.40083125785648e-07,5.27190088816372e-07
80725,319.856227393676,-1.08652222339192,0.107890121592959,-10.0706367492205,7.44942216050313e-24,8.21890256017723e-23
105371763,37.6935791650974,1.15362908833532,0.302077255234472,3.8189869258441,0.000134000863834844,0.000352307958352509
4302,1229.93662059206,1.17305182068035,0.0870636498852976,13.4734969441988,2.24000532195446e-41,4.62378772969019e-40
100189435,5.78481815366219,-2.21192101978351,0.823370586989173,-2.68642219522544,0.00722217663705747,0.0143393445544172
22806,27.1144646576242,-5.81319818517175,0.862905141434571,-6.73677546469056,1.61940131482321e-11,8.78594503078903e-11
9572,224.466686976762,1.11987222662595,0.12590747074997,8.89440650308846,5.87323338858206e-19,5.06862611152692e-18
101929693,21.1198110278782,1.04749485747959,0.367650705139996,2.8491577544526,0.00438351392871806,0.00905681322888769
3487,200.964327511808,2.43744886579856,0.148842396354145,16.3760388538698,2.83623072192264e-60,9.07185004965236e-59
125113,15.9926184023374,-7.41205284387233,1.21387699698752,-6.10609877464259,1.02095838504241e-09,4.7682328995719e-09
3728,259.75703680549,-3.13551823427029,0.154998793138905,-20.2293074079637,5.40568782175784e-91,2.96178303122979e-89
110806298,9.99705336476753,-1.54915858046787,0.525344909372303,-2.9488409477858,0.00318968087447049,0.00673925433034993
23415,9.02482291549426,1.93802738638225,0.64588523515242,3.00057545970207,0.00269469976354651,0.00576827567858166
3430,187.249675909172,-1.99032749256982,0.143305998854889,-13.8886544071698,7.4216484654658e-44,1.63867044227548e-42
4222,145.977620727244,2.97314422439037,0.183863126877666,16.1704213067614,8.15388362342138e-59,2.512981633385e-57
50964,6.90821840233558,4.37584345660834,1.11889436803264,3.91086377912726,9.19666322059642e-05,0.000247098228835847
4355,378.159737364385,-1.00587132209843,0.100321940326193,-10.0264340863811,1.16653663063431e-23,1.27514521348647e-22
10900,53.172343686888,-1.01315677486108,0.245731062362953,-4.12303094740465,3.73919438483388e-05,0.000106086269329664
2535,915.480093509644,-2.79851686349292,0.0829705805625484,-33.7290259332731,2.17073483752651e-249,5.42744856841839e-247
284071,142.334536687214,2.62507940185687,0.180480799870409,14.5449233588379,6.29012549595487e-48,1.54016976281643e-46
10882,190.224025995225,1.0737573157064,0.138612130379835,7.74648880126156,9.44683406545528e-15,6.42775769758383e-14
105371795,25.9352617443512,-1.11569103775462,0.316289348562819,-3.52743790717008,0.000419602164760528,0.00102388695928919
4137,76.5757157112401,2.65486132467433,0.217719425817151,12.1939570376416,3.3476258542613e-34,5.53840206568933e-33
100130148,6.20344303747948,3.56515851254625,1.15444942152172,3.08818943999026,0.00201380053436484,0.00441291039205587
7473,109.499413697152,1.4581334618469,0.178310851653073,8.1774802168737,2.89840999824533e-16,2.15372851774178e-15
388394,16.4192060598893,3.07586183373682,0.586523950404971,5.24422205028978,1.56943099546658e-07,5.87775085053224e-07
3690,6.33025449221991,2.94464864423905,0.813687825038935,3.61889234866965,0.000295866674327957,0.00074089789852869
114881,48.4931152259145,-1.67216307126541,0.27444393842189,-6.09291311325982,1.10874248044862e-09,5.16327295722032e-09
102724532,9.647360736858,-2.66040905054771,0.6310612181338,-4.21577015684023,2.48927192763693e-05,7.26801895713994e-05
3214,126.776190697809,-1.89385447984566,0.16857666131566,-11.2343812308598,2.76423689318304e-29,3.84265726920794e-28
404266,31.7445870331398,-2.66500218219355,0.371615915589772,-7.1713887118211,7.42407752951358e-13,4.43744862976179e-12
3215,102.999184712506,-2.23484863001648,0.204887424568654,-10.9076905755513,1.05912804705313e-27,1.38962609691701e-26
3216,74.4327128819116,-3.84842692951648,0.325718646115193,-11.8151876640045,3.25820567950891e-32,5.0470913806843e-31
3217,34.750518440077,-4.23396523663483,0.526110471184012,-8.04767338522323,8.43827784856532e-16,6.0695424784332e-15
3218,53.2233289754356,-4.76807848467883,0.486920572230412,-9.79231266166869,1.21484874782626e-22,1.26635319855618e-21
3219,164.85213148788,-5.80515242405123,0.375381998449299,-15.4646532013583,6.00960380053038e-54,1.67213928945165e-52
10481,29.8008204579097,7.42206507022069,1.19823020689524,6.19418958686759,5.85856758188696e-10,2.79198098560154e-09
10642,4267.36861232338,-2.1367132393312,0.0480303618652054,-44.4867195739181,0,0
4804,19.3561665387284,-3.09719866902486,0.510972329538442,-6.06138236843967,1.34956571164269e-09,6.24055496563717e-09
255061,5.64589272517466,-2.60192592363012,1.02611905728142,-2.53569593622363,0.0112224128506015,0.0215071006071335
1748,11.8027951810265,3.14558169468154,0.659277533806007,4.77125570550252,1.83080938219445e-06,6.13796565679241e-06
1747,50.962267152868,6.08403640597796,0.743625396848197,8.18158770768819,2.80128091207853e-16,2.08504564994625e-15
201191,49.0599843112617,-1.20862858319263,0.24276022582191,-4.97869277844256,6.40151619240147e-07,2.26464159919312e-06
6442,31.272204341361,2.51044354138467,0.346150144853164,7.2524700009864,4.09238906381314e-13,2.49136113377266e-12
1277,526.254839419133,-6.13145814709051,0.280918208920809,-21.8264888226557,1.30033736270237e-105,8.77702998581464e-104
80221,48.3846767200857,-1.17933840439261,0.246090422284768,-4.79229704855361,1.64882532548518e-06,5.56251371684017e-06
64847,270.252669150346,1.58697256715065,0.116142904085115,13.6639649202128,1.66656668426498e-42,3.54310081186491e-41
8913,35.6156198107416,-2.30463895684934,0.316823600578197,-7.27420227736638,3.48473500737303e-13,2.13020027034731e-12
55273,7.5015397829157,-1.79100443513888,0.651309159576742,-2.74985298272601,0.00596220083222162,0.0120191902309332
8526,598.489418236772,1.06798953853483,0.0853120049092373,12.5186313423422,5.90445040200951e-36,1.03675374417876e-34
388403,29.2399601783823,1.72753994360151,0.316459965704826,5.45895257162752,4.78951669059784e-08,1.89530763021607e-07
107984992,61.2491089922306,1.81309917819158,0.220488414033118,8.22310408527519,1.98302592096749e-16,1.4865994995361e-15
1534,310.224882170315,1.55325937767472,0.116664564422446,13.3138917147997,1.92203416447458e-40,3.85101021306464e-39
1636,14.6102162012413,3.12602597786394,0.584140124993679,5.35150016941187,8.72280562620534e-08,3.36185943283537e-07
692227,50.1918359938467,1.21440596148042,0.251372514022626,4.83110083137854,1.35780214403791e-06,4.62643064509806e-06
8787,6.58333619411279,-3.4410061930838,0.95454994161862,-3.60484668539073,0.000312337256964977,0.000778440695731405
201134,120.604982789729,-1.28044843783825,0.162075177044492,-7.90033650548937,2.78151467557809e-15,1.94475968967555e-14
5578,136.240945055577,1.72854072684689,0.151904154617652,11.3791537249109,5.31126191026901e-30,7.58531950370841e-29
100499466,343.047811018911,1.09539722224294,0.0969328181714428,11.3005816080322,1.30351809370803e-29,1.82780830959754e-28
10349,5.1803932953671,-5.92014786117672,1.28752542783578,-4.59808228496734,4.26397596930761e-06,1.36903782613761e-05
23461,59.5031187989453,-5.72231579713014,0.532703140588898,-10.7420350306255,6.46043939230298e-27,8.19183714944018e-26
5608,558.403221033481,-5.31302885801933,0.163285415924654,-32.5382939311062,3.06578691732368e-232,6.63705479955243e-230
3773,6.2130800081871,-6.31120564357771,1.28358345492142,-4.91686428286352,8.79414737307162e-07,3.06465850347011e-06
3759,111.888779438609,-4.96652456215508,0.329220967566358,-15.0856872782686,2.0116892382105e-51,5.32213224392142e-50
102606463,5.40144668636649,-5.90408034163194,1.28096029227413,-4.60910488579645,4.04406291419304e-06,1.30149029827329e-05
6662,179.50714651617,-10.7114546524556,1.18333525328589,-9.05191882242332,1.40477721209713e-19,1.25503800046041e-18
105371887,20.8181895628176,1.31360569020936,0.343524041430559,3.82391195893897,0.000131350834396278,0.000345647793092608
201266,117.001556111407,1.29348829614517,0.156470941892918,8.26663583983781,1.37792039765879e-16,1.04444248075315e-15
54549,144.413024164476,3.46257668289254,0.200492040475513,17.2703947482416,7.86029148352267e-67,2.87702875083494e-65
94015,137.438907224128,1.0534987036211,0.141197428733088,7.46117484626848,8.57543622873363e-14,5.47594042922588e-13
124590,31.3060440014428,2.35538837224466,0.339887355807369,6.92990878301334,4.211120632935e-12,2.37697340145826e-11
283987,11.6634159668877,3.00852975855329,0.634450671639214,4.74194431976914,2.11676808047512e-06,7.03950299074454e-06
9121,83.6084059785579,-1.25958057215621,0.192657202000217,-6.53793659971659,6.23733527508407e-11,3.24210581215255e-10
3993,168.087787280351,1.30022696956397,0.131572737117498,9.88219138743635,4.9733224818233e-23,5.27713213970874e-22
80022,34.2876932035221,-1.84910916573255,0.335460816465864,-5.51214650108237,3.54483659486389e-08,1.42049524225787e-07
3691,17.4967341756445,1.14544515120861,0.405782996253393,2.82280224106121,0.00476059264429209,0.00975528576953402
201294,5.28207088186639,-4.05544463929683,1.30377964750962,-3.1105291810953,0.00186752442311513,0.00411318778649377
23558,351.993390627798,-1.19499362018395,0.101162547647245,-11.8126089939027,3.35971462762304e-32,5.19979547249906e-31
100507218,17.7279441480018,1.56917914903641,0.399593339419302,3.92694020204835,8.60333597180989e-05,0.000232107021537339
114804,234.67719263704,1.71280550351179,0.120411418924676,14.2246102471664,6.4462491818012e-46,1.50570809835967e-44
8877,479.854151818299,1.00298597622345,0.103067775758358,9.73132454681996,2.21687246121052e-22,2.28801860066332e-21
114757,6.14551522602626,-2.22748315607019,0.899571086261038,-2.47616135077047,0.0132803545669592,0.02511214894255
11322,115.202827664429,-2.22185376454343,0.191902020791891,-11.5780634063928,5.32350876534695e-31,7.85560495448371e-30
105371912,4.51767408499768,-4.17154052910716,1.32820897952885,-3.14072604040585,0.00168529599159783,0.00373920440480499
9021,593.948372847401,-7.27594853048984,0.366751529595008,-19.8389043899134,1.37420906200452e-87,7.07100268658096e-86
101928674,7.19529650709067,-4.76497585876224,1.27899571897444,-3.72556044408266,0.000194881745649475,0.000501600804519282
3959,519.877393087562,-3.56583736773004,0.118766000145894,-30.0240587655532,4.76310321178681e-198,8.28966747212152e-196
102723961,9.19653054469451,-6.02937072709743,1.25169658162938,-4.81695869077854,1.45762850215006e-06,4.94473937897342e-06
4884,39.5975070879974,2.83792072149926,0.351056448700656,8.08394414061636,6.27050617528735e-16,4.55272088440495e-15
83882,9.30824971540997,-1.40015536200082,0.588504074521443,-2.37917700593558,0.0173513418223654,0.0321089356854614
51547,325.180829423429,1.01382388027399,0.109408016432312,9.26644969293649,1.92445033058829e-20,1.79709848861669e-19
147111,44.5019824189125,4.48160732360854,0.479253277395083,9.35122937075719,8.66348074296069e-21,8.24633298386264e-20
5986,224.950490322379,1.3446555340922,0.138762246906577,9.69035572764619,3.31372476582298e-22,3.39245917202362e-21
9123,51.6350460305465,-5.69752083600997,0.670838711434727,-8.49313067193848,2.01143927514845e-17,1.60553372358073e-16
400629,19.4621149409946,-1.55647635369497,0.382796669178764,-4.06606556173586,4.78134900318502e-05,0.000133561774200693
79672,203.768736080267,-1.12222817087795,0.12400752967984,-9.04967765889137,1.43390996635803e-19,1.28013389114396e-18
284207,126.196637249068,1.94082439500515,0.168420381106429,11.5236907923792,1.0022406060894e-30,1.46918044915764e-29
403340,9.56881582226903,-1.26757589816223,0.558350853802596,-2.2702139515495,0.0231946049168358,0.0418615927697915
260334,41.2047305927253,1.64683357252168,0.2768446017447,5.94858473722509,2.70470856924657e-09,1.21708457595095e-08
727758,267.548703876042,1.50657175266792,0.116239825537768,12.9608913786473,2.03864673482178e-38,3.81349387108074e-37
81035,34.7232073339351,-6.27389401258682,0.857348648357219,-7.31778608925125,2.52095284630149e-13,1.55767333545228e-12
9229,25.7859058561187,-2.28204839370354,0.378836239146628,-6.02383868777736,1.7032813257345e-09,7.8090521938117e-09
649446,74.809972935194,-1.14520924727861,0.192872019979519,-5.9376639877584,2.89111810030777e-09,1.29702119071679e-08
84777,22.8407749563723,-1.32643444828235,0.359575355952218,-3.68889142797263,0.00022523330271425,0.000573732470911661
23136,34.2202093253268,-6.65728916788059,1.04024644578743,-6.39972306066496,1.55659022767085e-10,7.85016753454913e-10
645369,106.009047960545,-9.96160560276154,1.18415070632343,-8.41244746092373,4.01542705334724e-17,3.14571319730893e-16
91133,130.189947718546,-10.5612248625572,1.18412988078419,-8.9189750499016,4.70623372180325e-19,4.08733175290857e-18
101927150,4.0015407281975,-6.06424017114021,1.31290913426943,-4.61893364350357,3.85717173229824e-06,1.24427607835287e-05
105371972,37.1651741646534,-8.67118958578517,1.1945136951971,-7.25917971526849,3.8944476852166e-13,2.37248576897615e-12
107985176,11.0433992398749,-6.99509532704352,1.2320317904987,-5.67769060911332,1.36525358997886e-08,5.70930076073138e-08
101927168,9.18650763383537,-6.46484845586572,1.24226781638842,-5.20406982341426,1.94970695345524e-07,7.23024813823636e-07
79822,1401.64945451656,-11.1577070083671,0.723702802533524,-15.4175263233836,1.24793607689852e-53,3.45606259549181e-52
284217,369.212640134332,-9.40837446502107,0.725711524302416,-12.9643448532319,1.94888382822036e-38,3.64942887326666e-37
101927188,8.39735963975041,-6.93758125019689,1.24306863694425,-5.58101221767697,2.39122844222491e-08,9.74720718860543e-08
23255,221.191840121985,1.27438557787358,0.114717447333174,11.1089080824155,1.13539348908205e-28,1.54685381567034e-27
2774,147.778833211775,2.43272419613158,0.161102049452575,15.100516749464,1.60669291155796e-51,4.26976236017619e-50
162655,99.3507055166619,-1.32674102879076,0.192987873219294,-6.87473780947458,6.21039755420474e-12,3.46906788490379e-11
440482,23.8277865894815,-6.15849813429738,1.05047238735591,-5.8625987778685,4.55678366643462e-09,2.0017823223595e-08
374860,30.3703677984587,-8.54823619865777,1.19666326001574,-7.14339320365309,9.10546722542513e-13,5.39700347865599e-12
6093,5143.4615831891,1.76415638746984,0.0504216514041597,34.9880723526698,3.41640099660373e-268,9.78192749866281e-266
107985161,7.4111788700051,6.35158688814128,1.27525117244772,4.9806555958306,6.33692284026646e-07,2.24313169013779e-06
80000,2505.62413732849,-1.41221630042917,0.0483697150227628,-29.196291517628,2.161257963376e-187,3.45645507800456e-185
91768,131.972545060345,1.29309094496377,0.149328289340827,8.6593836350219,4.74321963986655e-18,3.91271538322078e-17
125488,75.6708245296761,5.95625401827504,0.531109048958742,11.2147477621639,3.45169071130928e-29,4.78332658135538e-28
26256,79.7370813510367,1.70477462302881,0.20635199676077,8.26148837806116,1.43867160114143e-16,1.08917301471048e-15
55364,218.076285060249,-1.53471421027724,0.126674723079283,-12.1153942394387,8.75421808769594e-34,1.42181957449934e-32
25925,99.2892515529339,-7.91456054849716,0.842352355875913,-9.39578371602852,5.67934215290676e-21,5.44971253504869e-20
1000,407.443464511287,-3.7705275983578,0.124021333299804,-30.4022501454898,5.12935517451348e-203,9.19760737959225e-201
1824,25.4662976029231,-6.45180825837395,1.04561105242818,-6.17037113694539,6.81298820432476e-10,3.22948375442385e-09
1823,25.8367084106198,-8.46483783142837,1.20045542876141,-7.05135536782246,1.77183335953733e-12,1.02655306130897e-11
1830,6.62706932460391,-6.35522680092572,1.26947373275397,-5.00619007463732,5.55179366451565e-07,1.97466321643923e-06
1829,15.9074727222556,-7.73798103642037,1.21220793592668,-6.38337764263608,1.73224013262463e-10,8.69893262640803e-10
9331,241.413649778409,-1.26133906646144,0.120424471433504,-10.4741092192206,1.13602045664476e-25,1.35893767832599e-24
54941,173.527451825693,1.38519601858769,0.136695908726638,10.1334124151278,3.92700550399213e-24,4.37890714239122e-23
64762,80.9369915984946,-7.16907574943689,0.734998123772799,-9.75386945566269,1.77568054752984e-22,1.844463492086e-21
57565,182.094188862785,-11.16696105137,1.18194046921938,-9.44798942263589,3.45401245462636e-21,3.35608259959098e-20
112268208,9.18012870379849,-7.43211213950828,1.23961553272479,-5.99549775176809,2.02863102380619e-09,9.23391229092498e-09
105372055,19.0037606152827,-7.79059974810486,1.21046065551949,-6.4360619344223,1.22613018827854e-10,6.23609199062261e-10
374864,145.106744669011,-9.82091354637446,1.18318426461147,-8.30040919247642,1.03753416374423e-16,7.91844646379515e-16
105372059,17.8500935788956,-7.92708242133356,1.21118608357711,-6.5448922579442,5.95382935372814e-11,3.09948324596428e-10
80816,975.772336587671,-10.2237772744985,0.591647175297286,-17.2801928266814,6.63259129996929e-67,2.43268100737717e-65
107985157,5.2873481232004,-6.20177472892098,1.28470643491679,-4.82738667789322,1.38336359009384e-06,4.70720154329037e-06
1837,20.6619415315599,-6.88360756615825,1.20716989386515,-5.70226908502342,1.18223005188568e-08,4.98502324966143e-08
100101467,62.4250695660446,-1.80528574603425,0.22614121941077,-7.98300173112216,1.42816901682407e-15,1.01452006349183e-14
55034,196.130734190291,3.73611008842795,0.181866193409746,20.5431807769268,8.85679051077681e-94,5.08821181706505e-92
647946,19.6141802808589,-1.46391894134875,0.380753232207779,-3.8447971481694,0.000120652203502755,0.000319102788525165
6860,5.2513890024731,-5.01269830548812,1.28313753998189,-3.90659469409558,9.36059696657095e-05,0.00025116281340775
26040,5.30577343344816,-4.24648466453698,1.15439071170655,-3.67855061676592,0.00023456314363373,0.000595192242107773
9050,70.4594427282901,-1.95738355614414,0.219411175247736,-8.92107502698558,4.61783628802312e-19,4.01252226064545e-18
4645,42.0349918554078,1.74636573598536,0.27870962208591,6.2658968244988,3.70685722471191e-10,1.80137228177076e-09
9480,201.590149371414,-4.92853295738747,0.235391702482771,-20.9375815094765,2.43510282355846e-97,1.48549640288006e-95
112267870,8.00687885546716,-4.70602325062939,1.12613556124914,-4.1789136339939,2.92904882760924e-05,8.45883760984531e-05
105372141,33.5691160696156,1.10257784264982,0.27243343129045,4.04714589331853,5.18459292509106e-05,0.000144122915136575
115701,225.85290894662,-11.2857619167586,1.18128816504208,-9.5537754891132,1.25053968787009e-21,1.24716744601516e-20
5366,76.2740529221461,2.2152222561364,0.261240731329205,8.47962048209424,2.25929684438166e-17,1.79771571409517e-16
596,107.743932514807,-1.47168137116059,0.158534630195315,-9.28302774824323,1.64729597566717e-20,1.54397033579956e-19
92126,83.7482606025768,-2.8794244324185,0.22654055669862,-12.7104147459528,5.17591943629761e-37,9.33769530824748e-36
220164,49.9796933480904,2.38267155695974,0.274207871162729,8.68928943161424,3.64713406343591e-18,3.01977256968817e-17
10666,28.1010895964149,4.240551709203,0.538170531326093,7.87956876559919,3.2851286404159e-15,2.2860683506336e-14
25914,1753.08379539833,2.96552041675192,0.0629587548516368,47.1025900010286,0,0
105372180,18.672133373982,2.62098471181287,0.431093713835455,6.07984906226974,1.20295731723676e-09,5.58006226694197e-09
9306,1021.67332212179,1.45986309115694,0.069947037799948,20.8709780581734,9.83018607942704e-97,5.93555997557785e-95
101927481,10.2396268945613,2.13930360102903,0.595096669329496,3.59488417812758,0.000324535922845687,0.000806659437462425
102724895,15.4204523929857,1.90936712135018,0.476803331787941,4.0045171542538,6.21442817365065e-05,0.000170903995257392
101060542,5.21178152952342,1.73706954647504,0.789745114306723,2.19953186794948,0.0278401257226162,0.0493724187640243
105376872,57.8870611889922,1.62772901075825,0.243450405644548,6.68608050353728,2.29226960629744e-11,1.23198213899462e-10
105372185,17.6056872974173,1.26340192579128,0.378680498459748,3.33632687959921,0.000848932829683059,0.00197876255154066
147381,7364.55650991127,2.77425760149271,0.0522379434196938,53.1080938467193,0,0
81832,36.6749950446245,-8.70509118583738,1.19514841783678,-7.28369050732093,3.24809698810574e-13,1.98896922155409e-12
201456,10.3552993965254,-1.72030708993036,0.594899011488174,-2.89176323495128,0.00383086522642744,0.0079950058193675
84735,6.25930327642936,-1.88853485348633,0.728650020398132,-2.59182707832005,0.00954677439338961,0.0185076268462873
9658,622.221670146167,-4.60913696821963,0.137279147175687,-33.574924255036,3.89733360775918e-247,9.22472882732545e-245
101927989,23.823112003303,-3.92874039659774,0.609006910165314,-6.45106045764125,1.11070176336533e-10,5.66422801012967e-10
400658,6.97124264872247,-2.84985931816387,0.979482442325104,-2.9095563075116,0.00361942182295502,0.00758135412402331
4155,12.7421941289929,-4.06320659927526,0.722801645266749,-5.62146838746574,1.89341149484753e-08,7.80944257819082e-08
4772,233.253654932397,9.15657896030068,0.839247831104911,10.9104588906064,1.02736425820655e-27,1.35094594901353e-26
107985163,7.68492923599136,6.23502462961886,1.25928087005035,4.95125811715822,7.37352270109585e-07,2.58838787798801e-06
101927897,16.7078896604654,5.37816152243819,0.883550809294069,6.08698613126185,1.1505593255016e-09,5.34958856634479e-09
107985162,4.46003663753237,6.11296832869782,1.29841178705437,4.7080351469744,2.50115982744013e-06,8.23300375611294e-06
8612,98.4983122892546,6.70576163395139,0.603392851007829,11.1134257271211,1.07937559554543e-28,1.47166479048559e-27
126567,64.5809011865047,-2.72227683699296,0.288348241108514,-9.44093442889595,3.69469616550633e-21,3.58405717650647e-20
25759,38.4746597974101,-3.02502506338124,0.376714163891414,-8.03002741424183,9.74508879137184e-16,6.98686656803041e-15
284451,21.7581164670054,-1.52499798313451,0.381651315504243,-3.99578861956668,6.44792481220548e-05,0.000176941662183138
10272,259.810200046877,1.62833623506724,0.125045296669577,13.0219710651733,9.17710096161646e-39,1.7405117122929e-37
1675,80.0870754649443,1.95250243565823,0.207892886473785,9.39186746009437,5.89457228583803e-21,5.64708295834845e-20
84634,8.5101078071591,1.62578207143929,0.714702678889365,2.27476700376404,0.02291991061157,0.0414037094918683
1820,1228.67405745349,-2.58373235240523,0.0791802265045249,-32.6310300748833,1.48925024187693e-233,3.3046462867249e-231
255057,382.433599657753,1.3715656458149,0.117766019992749,11.646531367022,2.38989756911041e-31,3.57116680529024e-30
1943,45.4272512001858,1.14106315931112,0.258350830074241,4.41671953979485,1.002101160502e-05,3.068178648022e-05
10297,592.349263828091,-2.81900245164959,0.109261049685695,-25.8006165944667,8.72693271517994e-147,9.05967892163008e-145
126520,24.0804596935053,3.83116334592564,0.646724052986795,5.92395369900347,3.14291981073696e-09,1.40430688346847e-08
148229,38.2219480678372,4.60275620899946,0.498996957014083,9.22401658828063,2.8617475293898e-20,2.6514479197144e-19
79816,14.9137247726245,1.0450435842614,0.430012890661216,2.43026106183578,0.0150879507447315,0.0282384081834975
7089,298.142294137965,2.48852032057182,0.123107545775966,20.2141981215391,7.34288284337864e-91,4.01079557648178e-89
126326,6.82564143775155,-6.06337266968237,1.2833448215973,-4.72466368168742,2.30496499189926e-06,7.63818154493105e-06
4145,507.15738591885,1.86897184115328,0.097444144807435,19.1799296391452,5.44540028199543e-82,2.55057376796789e-80
85300,4.73221425298198,-5.6849654538793,1.30472020775075,-4.35722955780673,1.31719098712485e-05,3.97869225854013e-05
10148,12.3349101400471,-5.80778424416478,1.22809500327906,-4.72910013366864,2.25517144587089e-06,7.48015760596039e-06
56961,6.3635443018318,3.2847102009549,0.976875165854861,3.3624666853727,0.000772494467176654,0.001812253440111
729359,56.3137549982062,1.05874770267229,0.258247709371811,4.09973705187046,4.13619815092249e-05,0.000116604398245476
440503,31.0300762565182,1.59854562981734,0.332384712633842,4.80932356109382,1.51441901138593e-06,5.12857044832566e-06
284424,11.9902594754869,-6.29883754862265,1.23286274132019,-5.10911501946894,3.23671278225612e-07,1.17573409679989e-06
970,457.134725403814,3.53361759319117,0.124290741035518,28.4302560572986,8.55005857606988e-178,1.16754338340302e-175
8740,23.9904040032977,6.48326141223019,1.05219226415732,6.16166990870488,7.19817793009996e-10,3.40389063972122e-09
718,23.1299209216301,1.59981572644274,0.352537187209053,4.53800559058201,5.67887552831673e-06,1.79539445019909e-05
10045,16.1002526303865,1.50893903166017,0.474454169304048,3.18036836703017,0.00147087946746955,0.00329477000713179
2015,7.4128142388214,-2.23769900914687,0.747331798513134,-2.99425103227097,0.00275119484923436,0.0058771613674619
729458,6.31883027175346,-4.8091832989273,1.26989605041827,-3.78706847489075,0.000152435102389838,0.000398003814917547
284428,5.12329052578221,-5.54410632542475,1.29028230200445,-4.29681653139935,1.7326848685565e-05,5.16430856054651e-05
653656,5.53088926277535,-5.59542147525813,1.28372296016612,-4.3587453437259,1.30810218984275e-05,3.95191117666586e-05
125997,6.58842907242486,-5.00925847582241,1.26512977465577,-3.95948192523203,7.51125287034146e-05,0.000204195652303678
653657,5.68725351615367,-5.68648119512864,1.28009007367207,-4.44225083225308,8.90226949232543e-06,2.74410640784444e-05
6813,201.019575559729,2.27200387386569,0.140027535908435,16.2254078037292,3.33495264894057e-59,1.0391479509238e-57
80164,95.082673317414,1.22362879884422,0.205802256952245,5.94565296301949,2.75356975113216e-09,1.23812994483531e-08
105372266,11.5196117217998,-1.92507835923274,0.579619114338035,-3.32128170312553,0.000896050468918258,0.00208039339840922
256949,48.6589847532911,1.55651054819733,0.260573307347962,5.9734074991757,2.32348553531105e-09,1.05086662988132e-08
81794,29.6919557790156,-1.22591203183974,0.329799913010189,-3.71713873618234,0.000201491808459133,0.00051674119961955
105372269,16.2111169648616,-1.73199834672421,0.549815259386388,-3.15014601205716,0.00163188882244504,0.00363114695112113
284385,28.4521259811719,-1.50845774870233,0.3449180154857,-4.37338057444804,1.22337181879035e-05,3.7072885843575e-05
3386,20.2309223764793,1.36996448190212,0.418065785792332,3.27691126243617,0.00104949347488294,0.00240923421261115
7087,352.760942803634,1.35871808186541,0.115581534461184,11.7554944066062,6.61722864281042e-32,1.01441315083912e-30
57153,234.491172107821,-1.91926246694267,0.121910335562152,-15.743230121487,7.64400198818415e-56,2.20286239114034e-54
25959,1212.08273856665,-1.31231404060781,0.0760577425655958,-17.2541807887081,1.04087499659815e-66,3.79417103482758e-65
1995,20.5489584308252,-1.90062184873454,0.382346488917851,-4.97094102815968,6.66287149867093e-07,2.35054242536579e-06
1264,261.264431216827,-6.98930190631463,0.464683690511144,-15.0409882012999,3.9560018938047e-51,1.03886014229025e-49
199692,151.635700768413,-1.10108588889776,0.142419298980144,-7.73129692943702,1.06456389740321e-14,7.22405898574224e-14
126069,12.7007458094027,-1.93903854857587,0.545254459017091,-3.55620851239125,0.000376245500151119,0.000925340831072687
90594,57.8606359615911,-6.09621573037634,0.672977312845085,-9.05857539922695,1.32165348456029e-19,1.181964365638e-18
7620,16.1379251234752,1.57876413845006,0.433665282883008,3.64051308869925,0.000272095274537823,0.000684363178463508
284390,11.5764465405265,-1.82264417166546,0.562763161784961,-3.23874108227773,0.00120058508100938,0.00272786207066153
163059,70.2685967566891,-1.48453324009598,0.221935009402792,-6.6890448879189,2.24631828252653e-11,1.20801702973071e-10
90589,58.750982100043,-1.13611533835043,0.223268619615733,-5.08855807997469,3.60796286190247e-07,1.30578097297641e-06
79973,76.4797580719668,-1.47899389255196,0.209203566666916,-7.06963994981378,1.55336203763695e-12,9.03515166845712e-12
163051,78.8908136358468,-1.75950256299676,0.1915803821802,-9.18414789120617,4.1479828858251e-20,3.80827200749144e-19
9466,497.707202089558,1.30567587019439,0.08685338976484,15.033102032397,4.45638758794973e-51,1.1685346006098e-49
342979,220.997276698109,-1.659694937935,0.127096815680389,-13.0585092085128,5.682977271584e-39,1.08594416065833e-37
113230,22.0789442103281,1.22821277376623,0.365678789765962,3.35872029808536,0.000783042797913062,0.00183457512848788
101928845,15.0910111078516,-1.25108412502062,0.439454399749318,-2.84690317296694,0.00441467878420338,0.00911695879213337
976,539.611254577053,1.03997679859418,0.0888257563932242,11.708054519573,1.15908696045338e-31,1.76014642617351e-30
106635534,180.183828693724,-1.05637995340268,0.12648468995442,-8.35184047795318,6.72073915524562e-17,5.19627881027527e-16
30817,82.3902303195602,2.84498107216946,0.224721021396594,12.6600575882421,9.84271224386457e-37,1.75959544565039e-35
4854,1347.08416597677,-1.05473178501938,0.0801797708685701,-13.1545871682308,1.60155856235121e-39,3.12427116470974e-38
126410,4.98988918054936,-2.99972329605236,0.990559523937563,-3.02831200302652,0.00245924038269649,0.00529875412958223
57834,6.02251490817983,-2.64538789872923,0.904931475458525,-2.92330189685227,0.00346340534082614,0.0072786044288322
10365,179.803638696652,1.8824234968795,0.159418772143609,11.8080416224995,3.54727446028877e-32,5.48529758005629e-31
79041,116.23764346228,1.53049277099082,0.167594834545226,9.13209989522565,6.7183282246788e-20,6.09421372736321e-19
55850,161.61269879527,1.01719902777628,0.135102964734169,7.52906518208347,5.11048689680135e-14,3.32069412123051e-13
110806280,14.4541548586755,-5.67797683239873,1.22459502111254,-4.63661597059271,3.54159527071851e-06,1.14831779444374e-05
684,816.93862459365,-12.8836586652062,1.1794612975569,-10.9233416067937,8.91541021845575e-28,1.1793320581075e-26
105221694,33.7221647793341,-7.34680455977172,1.1974530119036,-6.13535937255064,8.49668984677193e-10,3.99135321936743e-09
100130519,14.2225804698835,2.36334890409877,0.524720496188214,4.50401484460224,6.66815455250067e-06,2.08770863520268e-05
23149,176.565030160976,-2.14613018059838,0.153863726692847,-13.948252955569,3.2240640248957e-44,7.14526648813339e-43
6528,4.68834371096182,-2.34272115590926,1.01752496659361,-2.30237216070681,0.0213141935521817,0.0386801844140595
27106,231.669947630056,2.07332608387259,0.132560299920339,15.6406260782342,3.84924904031693e-55,1.08982247151046e-53
10437,549.240687434019,1.03139441288318,0.0851215629550338,12.1167231554245,8.61346081743406e-34,1.40023952775723e-32
5143,21.7400107425685,-2.56564347782498,0.519238660253132,-4.9411641971617,7.76574735340128e-07,2.72230543083688e-06
80726,21.1983991867126,-1.92183462530256,0.661090774487306,-2.90706616923068,0.00364836015160022,0.00763926508742711
9518,361.142397985203,-1.6941853777049,0.146054829929721,-11.5996532159882,4.13751417684754e-31,6.14123341700648e-30
25789,55.5344247576719,1.34012339546483,0.237131981771783,5.65138192432674,1.59163002981243e-08,6.60772130243925e-08
1311,29.4801697519321,4.14457261905583,0.538369528230322,7.69837890468927,1.37803238939872e-14,9.27324904344432e-14
284439,62.7546705085534,-1.22108202878195,0.219263388675078,-5.56901923371919,2.5617720955238e-08,1.04232359018424e-07
404037,6.83671153858235,-1.45442360605839,0.634923811635085,-2.29070571839618,0.0219804396752448,0.0398159964403006
80714,31.0577401622752,1.00047333083585,0.285765531143594,3.5010287169068,0.000463465899959197,0.00112489016353236
284440,12.4446766346534,-2.17896682469353,0.551026994264278,-3.95437400957616,7.67352942425638e-05,0.00020844758123856
91120,27.0300162543326,-1.46913378100709,0.326399314361301,-4.50103206828696,6.76243012616498e-06,2.11573245681496e-05
664701,16.6389362355632,-7.44834601198698,1.21357801207172,-6.13750903353284,8.38254543484527e-10,3.93981854803742e-09
100129842,63.6437357551784,-7.1624033296455,0.847456225140784,-8.45164991083244,2.87214731349416e-17,2.27211938989074e-16
199777,145.901695562325,-1.97602516933025,0.15156588705967,-13.037400484136,7.49697987722403e-39,1.42796552339572e-37
7617,33.6051091237971,-8.61712855888246,1.19847077415715,-7.19010320876836,6.47423635023999e-13,3.88673127120258e-12
7639,48.0608870050976,-9.22371386439232,1.19131754400667,-7.74244777204478,9.75208374560636e-15,6.62529623620375e-14
148206,243.562901799728,-1.58428829678239,0.117094888358759,-13.5299526647858,1.04090645690625e-41,2.16625690773736e-40
7562,198.147487456386,-1.24526316775232,0.140589953391545,-8.85741219562284,8.18932704701538e-19,6.99937090701093e-18
148203,87.1263557291808,-8.86673894603694,1.18564564748306,-7.47840551252363,7.52297598905169e-14,4.81948284942785e-13
105372321,72.3144988383196,-1.34653189572659,0.220361354190997,-6.11056281020803,9.92803938761681e-10,4.64040429723469e-09
353088,66.6189672613846,-1.27688300972676,0.204990185126418,-6.22899583674846,4.69434263619066e-10,2.26082394133632e-09
148198,21.1738733734748,-1.70964174303619,0.360941931389814,-4.73661161077401,2.17321079273265e-06,7.21909393573915e-06
57615,74.6931784151294,-1.36434293143261,0.186532323859854,-7.31424400447437,2.58834440072174e-13,1.59764568155815e-12
100129543,212.386561192354,-2.56011669121171,0.140603959845355,-18.2079985089146,4.4595408361254e-74,1.84535591894867e-72
7644,640.917899175547,-1.49200226401236,0.103684335364196,-14.389852225716,5.99238115912939e-47,1.43171938542214e-45
171392,140.635177141793,-1.08625423244352,0.147299633161692,-7.37445307315279,1.65021090459622e-13,1.03368186232859e-12
148213,146.385824281408,-2.03061081807484,0.150404284344422,-13.5010171214591,1.54232022235745e-41,3.19851268543101e-40
730087,66.3340391611422,-1.57039290974068,0.219530713421851,-7.153408674635,8.46491078061302e-13,5.03751579542213e-12
9534,203.328147316125,-1.3046788797447,0.126358769141107,-10.3251945916611,5.42087752352161e-25,6.29374871141633e-24
148189,102.968992647036,-1.12228615298298,0.179211513458019,-6.26235519876844,3.79205949541804e-10,1.84076128418542e-09
57616,7.26902197322027,4.72958305595326,1.11546859271755,4.23999661382742,2.23523158475196e-05,6.56081863302195e-05
126248,29.631693178953,-1.5084730844949,0.35677592172728,-4.22806863532675,2.35705896153615e-05,6.89332960217293e-05
9710,217.477202775623,-1.01734847567442,0.112913343069842,-9.00999339861136,2.06068895804515e-19,1.82815344243966e-18
6324,50.7871341654493,-1.04733558533203,0.246958568020346,-4.24093641993316,2.22589187756421e-05,6.54091115185748e-05
53827,435.158942676398,2.69284445424193,0.108314407432989,24.8613690280115,1.94842190576046e-136,1.7647135546459e-134
93099,228.323106164734,2.085563744506,0.12720856923455,16.3948368970379,2.08198744892159e-60,6.68344325375335e-59
27033,73.4635556865001,1.11434524636076,0.20580004127486,5.41469884776394,6.13919440040522e-08,2.40210833212635e-07
25999,115.215413904367,-1.59100496870427,0.183194872212712,-8.68476802591346,3.79516075752828e-18,3.13940791088733e-17
284406,257.241533702181,-1.20213706482785,0.112144399009754,-10.7195461872624,8.24066644293119e-27,1.0382420915182e-25
728485,16.9207803828567,-1.25550506220142,0.442394685897941,-2.83797500788936,0.00454007373258576,0.00935415377215208
388536,56.6392979145967,-1.54021996794461,0.233023614219886,-6.60971624314105,3.85057375925386e-11,2.03378117745535e-10
163115,15.2075378332992,-3.55087757513369,0.650825574119426,-5.45595888719964,4.87092631480252e-08,1.92537706391392e-07
94274,96.9855124349993,1.47427264762055,0.183184271950761,8.04803071748885,8.41368341990075e-16,6.0543051507936e-15
10653,7.69011959801425,2.02352902307136,0.634110499025074,3.1911299784225,0.00141717509191368,0.00318250376111975
9424,77.0964778060712,2.62006546934722,0.222169078848948,11.7931148786397,4.23579541191107e-32,6.52158197330835e-31
399473,44.0413115681602,-1.31207191022436,0.273165942422768,-4.80320459639774,1.56146188547079e-06,5.27781252682359e-06
6261,4.99633802017273,-2.02916565833929,0.85423236379319,-2.37542587280216,0.0175287128163012,0.0324304022839999
126433,71.8331323638966,-2.05339387483775,0.222402244262838,-9.23279295873929,2.63665395420175e-20,2.44544832784689e-19
342897,3.80438364030197,-3.17673897187725,1.36445122415773,-2.32821731963209,0.0199005669713854,0.0364050767596902
8857,9.37987332842028,1.26018691256359,0.565435300098334,2.22870222701772,0.0258337239897625,0.046127566713565
57716,207.159244400071,1.04428050333623,0.142657947545611,7.32017052889641,2.47656038288602e-13,1.53184320268267e-12
9253,512.353869250207,1.50357644430826,0.0905261352064443,16.6093078079536,5.96778360730958e-62,1.98018868405532e-60
29785,65.6379833215673,2.93033512573421,0.273313101590476,10.7215318573529,8.0656284863538e-27,1.01691077336472e-25
390937,25.3859873099581,1.28684616586195,0.338453566390059,3.80213504495591,0.00014345449262044,0.000375383866892402
1954,364.945787771377,-1.86313677765404,0.111893544379186,-16.6509764972697,2.97704608960379e-62,9.97141927974464e-61
634,20.7445071018726,-4.17974708328316,0.645693364505165,-6.47326937684479,9.59047499236408e-11,4.91342314760309e-10
5329,215.119145280515,-1.42870904937582,0.135356438232424,-10.5551613800782,4.80812644632159e-26,5.85819222203849e-25
7638,55.2953571168514,-1.10667958322574,0.217843528360351,-5.0801581830565,3.77120718375161e-07,1.36319425628097e-06
5819,687.685794947845,-1.07913530438145,0.081116568161607,-13.3035128191261,2.20843696342485e-40,4.40001941354858e-39
348,1151.24236964676,-5.04363040765193,0.133455386423652,-37.7926327502511,0,0
341,212.496190366354,-1.14612187698361,0.127762285042606,-8.97073715143247,2.94536559231539e-19,2.58714151384378e-18
342,14.023212740328,-1.28410756889652,0.47358853812594,-2.71144140011902,0.00669913811342166,0.0133741666784562
6253,164.450978230623,-1.8109151845371,0.156442699086919,-11.5755813157568,5.47985513906403e-31,8.07960036782929e-30
3171,22.1638003517594,4.13239536438076,0.605873088083413,6.82056266511682,9.06846190537955e-12,5.00258967508694e-11
4858,65.1146463038268,-2.94218307106048,0.259857525486488,-11.322293112552,1.01774355497068e-29,1.43502649625413e-28
64344,8.11556091498325,-6.02924823372626,1.26170375040202,-4.77865602904416,1.76470791760918e-06,5.93203843086503e-06
57469,7.40266900402955,-6.0199019523463,1.26150425254533,-4.77200290066399,1.8240287676335e-06,6.11754367712637e-06
94235,23.7847996711874,-4.92710385897503,0.877186863890432,-5.61693757829741,1.94371601868151e-08,8.0076228274853e-08
147906,266.985447496393,-3.22971570491279,0.156278759964658,-20.6663765801775,6.95454997227902e-95,4.10156714644177e-93
100506068,6.80481688121832,-2.2004744691701,0.718234406312532,-3.0637274541991,0.00218597959900784,0.00475441188943729
4861,389.518241813252,1.97403261770385,0.108923260120729,18.1231503309382,2.09262560759036e-73,8.5202499509046e-72
27113,186.289063487064,-1.1320964897126,0.151915390884811,-7.45215137925698,9.18302690536297e-14,5.84709804964145e-13
56917,321.372957612885,-2.60208318001843,0.127325660566444,-20.4364396653614,7.93187489109438e-93,4.48428799575501e-91
6543,30.0785303485024,-3.13047540091222,0.399087960510174,-7.84407376486721,4.36160680155946e-15,3.01860600160949e-14
30846,10.5631015855945,-1.28766650621285,0.550706240890085,-2.33820939477941,0.0193763883947143,0.0355487439833577
100126800,15.3870589914082,-4.98976333729052,0.916433923515608,-5.44476061967334,5.18751003917275e-08,2.0441438005637e-07
100126798,16.604753355252,-5.65750528100831,1.09399552176483,-5.17141539289087,2.32327460689158e-07,8.55126909009731e-07
100169951,17.6335918125033,-5.75644144647785,1.09427001139346,-5.26053111804418,1.43639891509776e-07,5.39774630415229e-07
100126799,17.7370601416084,-5.72116555809241,1.08850675173847,-5.25597617925203,1.47241348990221e-07,5.52489627409513e-07
100169959,15.5970209496458,-5.50453906667687,1.09349861073967,-5.03387842710971,4.80654562467104e-07,1.72131930460279e-06
107984140,5.3786273472127,-3.34830327959666,1.15833138834632,-2.89062639006686,0.00384474895267704,0.00801832511841198
2906,77.1250146488379,-2.6485941072411,0.241556640338966,-10.9646917738401,5.6492715982101e-28,7.55164679302905e-27
114783,59.1176878743438,-1.70795463883574,0.256168203448194,-6.66731708246979,2.60521845229437e-11,1.39365330080274e-10
284358,53.9245949570445,2.44492116328221,0.26311253904502,9.29230196385231,1.50986870459694e-20,1.41890890651164e-19
2523,14.4119967279299,-3.8209577216358,0.721924773899431,-5.2927366670036,1.20499374156259e-07,4.57171380641573e-07
26291,5.54020327235005,-5.58972057703493,1.29550748528531,-4.31469570073839,1.59822898276139e-05,4.78283224915378e-05
4909,62.3151456633867,-1.70245019009169,0.233010533078628,-7.3063228841986,2.74551983152762e-13,1.69230791837772e-12
3743,45.0253160122389,-1.8876916419851,0.276868969742508,-6.81799641086786,9.23189486701644e-12,5.08800365350127e-11
3270,30.0632572622364,-2.48652561589668,0.380104980086008,-6.54168123588921,6.0831055525542e-11,3.16399911423797e-10
113091,25.3232669679857,-6.82905595511567,1.20306947988537,-5.67636040086923,1.37590740350922e-08,5.75045953642858e-08
100507003,92.5960497001798,-4.47655417327599,0.322275870658345,-13.8904416397395,7.23876036243214e-44,1.60027987489284e-42
2323,24.9390677438321,-1.52661772183176,0.375592611736838,-4.06455737979585,4.81236992328742e-05,0.000134322627166978
2217,46.1172437727186,-6.73296333785712,1.03692558235256,-6.4931982125289,8.40330087309978e-11,4.3201678858751e-10
57333,133.07964333877,2.8038189779064,0.181210398912674,15.4727267018356,5.30131390271029e-54,1.47970006919675e-52
51231,152.144624541724,-1.08845669079166,0.146476496549207,-7.43093067102413,1.07836225125214e-13,6.84170360408436e-13
100169956,16.9610119534631,-5.68747472679436,1.08582900203208,-5.23791012779224,1.62405108014904e-07,6.06950626838016e-07
100191063,18.3305090207324,-5.17705595740619,0.904125671543383,-5.72603579386118,1.02804539386191e-08,4.35765564274991e-08
100169952,16.871524830449,-5.03935015525734,0.916832457303961,-5.49647878967555,3.87449671266761e-08,1.54735805721655e-07
100169957,18.0206726107578,-5.7547212949147,1.0930542065461,-5.26480869882826,1.40335408983803e-07,5.28027592259533e-07
100169953,17.5011332960957,-6.63486452917298,1.23200294384657,-5.38542911955841,7.22720120957826e-08,2.80799465687094e-07
100169958,17.6852474843788,-5.75135375087073,1.0854956341718,-5.29836654318637,1.16843230421941e-07,4.44154395385503e-07
100169955,17.3050150702621,-7.54264268186147,1.2427827477053,-6.06915625099269,1.28583998059377e-09,5.95518688638158e-09
100170216,17.7896434946281,-6.66499072423352,1.23625096604647,-5.39129263174464,6.9952651191893e-08,2.72085772120615e-07
100169954,17.6437562247429,-6.67857181363332,1.23399413711165,-5.41215846394984,6.226954528363e-08,2.43428532894737e-07
100170224,8.92300556233597,-3.57752297665545,0.95548148710238,-3.74420962095744,0.00018096252763756,0.00046753700925949
100170217,8.69149148242757,-3.50620715337768,0.957996203120006,-3.65993846526599,0.000252275823038654,0.000636769573522279
79784,554.232312169824,-1.16975855956825,0.107071400725331,-10.9250327505196,8.75088273043158e-28,1.15929604649717e-26
94030,164.55239307297,-2.48689359419761,0.161602827407286,-15.3889237836781,1.94236050911375e-53,5.34585794694375e-52
100126781,5.59757022867418,-4.09694305715241,1.1490353020356,-3.56555020537175,0.000363093642851202,0.000895600715283388
6320,472.828109294403,1.02859904649972,0.089581478207973,11.4822736471452,1.61964481016792e-30,2.35478580426707e-29
147646,5.2469653376198,-5.86947892554756,1.29610664868288,-4.52854626701606,5.93908777895729e-06,1.87365712194864e-05
89790,17.0863327377206,-1.06695842483039,0.396197339238559,-2.69299745142394,0.0070812810310409,0.0140800740213976
100129083,6.44858778848962,-2.01741581247658,0.726531938463282,-2.77677512256888,0.00549011489987983,0.0111332556205925
9668,20.3543408460853,-7.75570567723239,1.20736674446469,-6.42365355248463,1.33041808188597e-10,6.74402678173606e-10
284371,41.8441875244582,-8.87372233811933,1.19254702060403,-7.44098319379037,9.99386621224477e-14,6.35199115645432e-13
162963,14.2870485240942,-3.74873337764709,0.676297697855992,-5.54302253213543,2.97294588481339e-08,1.20026689440999e-07
400713,7.72957943230954,-3.08757668547082,0.764333075275605,-4.03956963965938,5.35493670743245e-05,0.000148555768761277
55762,87.5935294623859,-1.43052734649847,0.188016265609647,-7.60852972938247,2.77231491379732e-14,1.82884185617726e-13
7696,17.6666823298768,-1.04388920982983,0.387431588369834,-2.69438332125195,0.00705190119895639,0.0140279415154498
162967,334.691936282919,-1.31423532938083,0.104316945155059,-12.5984836636781,2.15242727614998e-36,3.81717172889255e-35
55786,126.918791815052,-1.17939934206044,0.161835574062944,-7.2876396236697,3.15432343932319e-13,1.93421587892454e-12
91664,207.986716503691,-1.42242143361948,0.134591068664843,-10.5684682329225,4.17253897099328e-26,5.09428554422783e-25
107987264,21.2312380890321,-1.31596041351844,0.366288928512136,-3.59268411104825,0.000327289255193584,0.000812820209596602
5582,35.3107264795691,-1.11580905883863,0.287826602863866,-3.87667105033504,0.000105895372131346,0.000282430085047424
59284,266.106752392522,-3.01930240658354,0.155408040443159,-19.4282251933281,4.45501517918451e-84,2.1608040836307e-82
59283,167.113644434855,-2.07671133497093,0.162697103209444,-12.7642797198272,2.59540300202275e-37,4.7206551323676e-36
57348,31.9178844935905,-1.59045522070843,0.350540928966221,-4.53714556356896,5.70207506413177e-06,1.8017664033191e-05
51206,16.9477850966153,-1.86303071264703,0.469526162160498,-3.96789542903084,7.25101358231407e-05,0.000197574816750943
7138,855.553466365787,-1.07840608326386,0.0895792466474278,-12.0385705799505,2.22782405036662e-33,3.5725684319881e-32
3589,88.8196007569411,1.01671619119828,0.176933659842136,5.74631300853335,9.1210394225984e-09,3.88382566154873e-08
729956,10.9177231752483,-1.89647930464985,0.52524084824776,-3.61068509994346,0.000305389263529165,0.000763129251994615
284297,11.8588339677694,-1.30472098460531,0.51289743841669,-2.54382433383362,0.0109646211318236,0.0210425896575278
342931,7.01865661819362,-6.47400027450059,1.25621732642192,-5.15356709251932,2.55577574519162e-07,9.37593119004786e-07
729974,7.64749323621923,-6.59654460423604,1.2556355045302,-5.25355055701784,1.49194696914711e-07,5.59700815644538e-07
90485,64.0336211769615,-6.39047023825128,0.738467602050409,-8.65369072455944,4.98602103623522e-18,4.10727821045233e-17
201516,8.98986113993117,-5.55424427264659,1.24258305810088,-4.46991791529454,7.82496223203887e-06,2.4297486364029e-05
79891,12.6126393297151,-1.16943063370794,0.44694488067445,-2.61649855334117,0.0088836740784144,0.017329998048353
284309,188.615322994467,-1.21481171723244,0.12588820402476,-9.64992492063438,4.91917314554475e-22,4.98715943345005e-21
80095,110.181462217948,-1.05965555761001,0.168102020632018,-6.30364556967245,2.90724899800638e-10,1.42922969295511e-09
140680,188.3688000661,1.10453171448583,0.133115233033109,8.29756061209839,1.06270884144318e-16,8.10709383467955e-16
6939,47.8224266060705,1.93229753516781,0.282047764597444,6.85095851734798,7.33567879583514e-12,4.07583630621801e-11
140809,1410.08441969949,1.12241557282697,0.0679411304155961,16.5204135692349,2.61598112153267e-61,8.56806215303467e-60
83541,72.4560722969762,1.71392580422652,0.205369098064042,8.34558762921601,7.0860655291595e-17,5.4597150726406e-16
10326,40.0675655678287,1.03418433521124,0.254379597319206,4.06551604810313,4.79262961154158e-05,0.000133833564088253
107984088,10.8507365412914,1.49907515471655,0.550964915681545,2.72081780899277,0.00651206414086841,0.0130432317080781
102724545,43.0097977381115,1.07951389622193,0.246171959470143,4.38520251675073,1.15877920498033e-05,3.52116543081322e-05
692213,32.5484749206605,1.05359972836396,0.316844468658943,3.32528995321699,0.000883266255766975,0.00205366634870666
677831,26.4969507169374,1.14580189013831,0.342585792600969,3.34456919955492,0.000824104682383029,0.0019256951851604
692201,72.4668502248773,1.2791926149247,0.203313719485607,6.29171812980018,3.13971221597261e-10,1.53754955194333e-09
57593,37.8709151633371,1.58666802014476,0.293122587955286,5.41298448274752,6.19828635772134e-08,2.42468002252687e-07
64773,362.582842601568,1.02463983582733,0.109081460407073,9.39334541363448,5.81241511851854e-21,5.57439185218483e-20
64601,435.79036895795,1.28985848520712,0.0949164547936403,13.5894085805399,4.62804935904391e-42,9.68834106388532e-41
65992,685.029801681838,1.0651611944498,0.0929118528064099,11.46421217828,1.9956736455451e-30,2.89145857311248e-29
83959,651.987087022725,2.33385195507233,0.0938566581646969,24.8661309779105,1.73053208859433e-136,1.57540541726803e-134
25943,169.282560785976,1.142941748225,0.128513802192791,8.89353305811004,5.91960412254415e-19,5.10120448463125e-18
116835,20.8929298822274,1.31460846578709,0.414544078156168,3.17121516156804,0.00151802659661392,0.00339652232708474
54976,735.405263457242,1.19630508472058,0.0855522976878353,13.9833191749645,1.97078040373672e-44,4.40066587762696e-43
25876,20.4157974522553,2.26103651471905,0.526686802049368,4.29294317974407,1.76320140527701e-05,5.24997506650076e-05
994,1355.87722802018,1.48906074185265,0.0849621020288077,17.5261758630661,9.04520575385748e-69,3.39472500089805e-67
11237,295.383587612589,1.18093221877708,0.103491073757139,11.4109572536503,3.68649781674347e-30,5.29471757628076e-29
5621,759.505536846042,1.72819698416215,0.0810016254105405,21.3353371046955,5.33585279416772e-101,3.43195865224874e-99
9770,155.947488919413,2.88557211534748,0.170312536617044,16.9428051079753,2.17501397661277e-64,7.64571249759009e-63
107985392,6.98266871360765,3.11550856231581,0.972044543769585,3.20510884226959,0.00135011415977572,0.00304226931903575
55612,108.653728623117,3.44724238771605,0.225644868291414,15.2772913198453,1.08351602400108e-52,2.94557066739161e-51
650,5.41113381799951,3.22085467215614,0.989180910696678,3.25608251971593,0.00112960915894307,0.00258013661728735
56255,629.180681208269,1.93312434040618,0.086558465833176,22.3331631608616,1.76017423408679e-110,1.27018752046783e-108
105372520,6.6130097510633,2.34002039284493,0.895721533733979,2.61244181893242,0.0089897992294502,0.0175273932917298
5332,19.1959444480189,-7.74982161046217,1.21140598975606,-6.39737765538268,1.58068039120837e-10,7.96261018862967e-10
182,149.515364481773,-3.81204315737015,0.199027414167519,-19.1533572061666,9.07437545782009e-82,4.2391661349269e-80
23767,205.908434347124,-7.87381070063817,0.596209365129957,-13.2064525670808,8.05311095580576e-40,1.57617227880335e-38
100270804,11.2465463488812,-1.63360875428082,0.55807485736062,-2.92722155949987,0.00342005145811735,0.00719345420432455
112268271,79.129228399953,1.98607984014547,0.230863737001778,8.6028228856495,7.77789554857285e-18,6.35988953377546e-17
84532,34.9714208997176,3.5071757656081,0.398175170898089,8.80812271065927,1.27259082656755e-18,1.07678895868576e-17
728882,6.23867736807768,-3.81943146448067,1.12702607126991,-3.3889468592124,0.000701616062041597,0.00165692275287514
101926935,14.4148252455268,-1.82340433294439,0.434724874253798,-4.19438693512592,2.73610584537458e-05,7.94428376955994e-05
105379477,5.95064311652542,-1.66210089364773,0.704500241626744,-2.35926234717793,0.0183113053571021,0.0337516657355702
400841,63.229308802876,-1.75674854545078,0.238217735162049,-7.37454977588358,1.64901360868128e-13,1.0332964906922e-12
107985433,51.9417428309176,-1.49098055768955,0.244764860165004,-6.09148125545648,1.11870686376861e-09,5.20557909452697e-09
1789,348.428021362765,-1.18640270264415,0.0978332536786143,-12.1267836654142,7.61832207353282e-34,1.24187744214283e-32
11264,47.582106538931,-8.88678933167354,1.19149133592141,-7.45854297362657,8.74844873244337e-14,5.58240337520973e-13
434,34.0129295497749,2.31714510027376,0.316642435286355,7.31786028040826,2.51955987864981e-13,1.557354699366e-12
191,7923.48331502419,2.01103005621491,0.0442983560133012,45.39739704135,0,0
84557,27.968727420607,-4.21965798464306,0.641721938946957,-6.57552395912687,4.84821355213561e-11,2.54105364563069e-10
58476,378.046574021659,1.87986111168491,0.106443428977275,17.6606590913775,8.42501287479575e-70,3.24426959985627e-68
10544,130.360704064807,1.07302404260367,0.152984636328571,7.01393334883052,2.31709810584021e-12,1.33203126861643e-11
128876,6.0346712385458,2.24530363001855,0.841151679800344,2.66932074670706,0.00760048305008207,0.015028266329367
80307,126.049787178182,1.69491441691795,0.164491641054761,10.3039546936837,6.76228212479358e-25,7.82176181683427e-24
128434,11.9773144242491,1.99743279494614,0.540018472007036,3.69882309307396,0.000216601500530698,0.000552934978058808
7052,17.4714923636814,-2.58008673345612,0.488807784976408,-5.2783257811261,1.30369533550874e-07,4.92303756561393e-07
64900,235.391286513294,-1.08824250644105,0.120902070820442,-9.00102454040886,2.23620954546129e-19,1.97892282407921e-18
90187,29.0260461094085,-1.94833992539157,0.351789605112409,-5.53836695876505,3.05305039484911e-08,1.2309277903557e-07
84969,11.6458958440585,7.25409614718195,1.2352996453634,5.87233727007827,4.29693423163235e-09,1.89231397866379e-08
57158,25.4956273330124,-8.38608941383759,1.20375999570829,-6.96657925478182,3.24739990216042e-12,1.84768727766512e-11
3787,51.9853348658053,-5.03586598521902,0.538849904488776,-9.34558203178435,9.13854509776129e-21,8.68920474426666e-20
767557,197.090418966302,2.18989630285547,0.138647660863868,15.7946862515455,3.38473062914655e-56,9.83399969371679e-55
107985404,19.247888282249,2.23620418649885,0.421097800367242,5.31041526350565,1.09375729669591e-07,4.17197669337037e-07
55861,194.416652400228,2.48409233962535,0.148475834418873,16.7306171361014,7.84215017434697e-63,2.65169237895252e-61
140831,17.2065284163757,-1.29084940697626,0.42613496794353,-3.02920319636223,0.0024519970312212,0.00528378869849948
5476,912.879601057689,1.04227358978942,0.0743617131218072,14.0162665171811,1.2396680592419e-44,2.78212229932519e-43
109729184,5.51544609804441,-1.9467091308605,0.790553305950965,-2.46246409471247,0.013798598807488,0.0260228116467148
958,12.9937295909118,-6.99638445985633,1.22797411481426,-5.69750158040958,1.21575855229185e-08,5.12153436646534e-08
63916,639.849692777299,-1.39735089050303,0.0794815841091036,-17.5808132936165,3.45583560681383e-69,1.31366153516401e-67
81031,17.7636583941509,-7.52551683008158,1.22058322902941,-6.16550895596505,7.02567932091525e-10,3.32675004814317e-09
57580,102.511295410197,1.36159818879159,0.169950663323351,8.0117262396381,1.13109426303596e-15,8.08666345445602e-15
26765,23.5504932417176,1.02198996168766,0.34074468692046,2.99928363058006,0.00270615257203528,0.00579069677661165
6615,105.32478193718,2.87949554118412,0.283142733301541,10.1697667024974,2.70555908592745e-24,3.0417406518926e-23
140876,11.3048628506198,-1.51170556007725,0.524530973981925,-2.88201390396698,0.00395142296922225,0.00822147920178545
84612,308.068020055216,-1.25836706389713,0.103360942222995,-12.1744929644922,4.25027077340553e-34,6.98618581199027e-33
4773,107.767056987468,1.45493656905881,0.160729961338664,9.05205573958429,1.40301651570297e-19,1.25409613226381e-18
128553,17.4895982646882,2.06353527453131,0.420311511334242,4.90953785201076,9.1291278188636e-07,3.17702954402012e-06
655,390.287037759896,2.86756119056604,0.110312359978861,25.9949219753394,5.65210255009815e-149,6.00815116582888e-147
112268270,11.8893933586553,3.17277544483963,0.657289194598385,4.82706162053714,1.38562258318275e-06,4.71398468697973e-06
56937,9.12717817270915,6.0429361353817,1.23974184950345,4.87435036399075,1.09167094601423e-06,3.76370996963384e-06
1522,393.269987665356,2.78768769300127,0.10894950162396,25.5869705822335,2.13043321422596e-144,2.11281845915862e-142
116154,9.99995358806432,2.69580891353426,0.6429702742466,4.19274268424473,2.75601994417516e-05,7.99948758158884e-05
10388,215.156522787241,2.84619327515017,0.155877449563954,18.2591727226228,1.74921382618045e-74,7.3063632570248e-73
11255,6.73570984049914,-1.88394630966684,0.781740145896436,-2.40993931238684,0.0159551742652388,0.0297142523663995
105372708,23.0002731774398,-1.11389655189638,0.366248576345298,-3.04136759523184,0.00235506118253904,0.00509407165985538
105372709,26.2558844253163,-1.22866307813058,0.378607818283067,-3.24521316992974,0.00117362731539249,0.00267174045945723
140628,47.8665428629291,-1.58478962673095,0.256222828991638,-6.18520072144967,6.20234993965329e-10,2.94632368554255e-09
101928465,99.5312941468364,1.3743194443104,0.197483709406391,6.95915348380592,3.42323407121427e-12,1.94461603943026e-11
100127888,39.112573987128,1.08217714857558,0.253304402947518,4.27223978731944,1.93519314435427e-05,5.72750061663505e-05
1917,2462.15441828402,3.09426614966155,0.0668208658911832,46.3068849586672,0,0
140700,32.279700026671,-3.74772928362992,0.469460395650201,-7.9830573960117,1.42752485231478e-15,1.01446842186917e-14
102723996,162.371647803497,4.03702381751638,0.217042150933939,18.6001834212614,3.20210324493394e-77,1.40702318821949e-75
102724219,45.4839747703039,-1.65458802044976,0.255899128944224,-6.46578215125694,1.0077617451006e-10,5.1540727453258e-10
102724428,359.265728284662,1.31530509256541,0.105794664432218,12.432622189639,1.73836965593957e-35,3.02841394820797e-34
102724701,138.776981431566,-1.12760101296547,0.144123992719557,-7.82382580227021,5.12417020893256e-15,3.53671343502997e-14
102724843,123.599240284278,-1.2500359370869,0.155227361242545,-8.05293555904551,8.08314678245e-16,5.82353984099238e-15
107987290,5.79438945469003,-2.41342093220311,0.877735020068319,-2.74960082145892,0.00596679036615021,0.0120270764823321
102724951,45.1306121798443,-1.6704595124445,0.258241568001771,-6.46859266449716,9.8919849836884e-11,5.06497021720324e-10
102723360,44.5592227302083,-1.78265341345517,0.263916698119644,-6.75460638207525,1.43223548188588e-11,7.79670170942599e-11
109864280,8388.19117994752,2.69872345202089,0.950793110554517,2.83839188784924,0.00453414764415855,0.00934302832026727
109864282,27654.4674342505,1.57938105553034,0.669741843500954,2.3581937889298,0.0183641034675002,0.0338419562706388
105379506,92.4568474694472,-4.39454355659597,0.349887905617041,-12.559861275702,3.50947537939796e-36,6.19902556567886e-35
107987293,547.488462472325,1.2209637397571,0.100888071087507,12.102161599443,1.02866315250765e-33,1.66765555098774e-32
102723570,108.129444481898,-1.5078072049943,0.202643636187863,-7.44068372123204,1.00165503610633e-13,6.36413035109505e-13
109910380,8513.25220625709,2.66437598125722,0.930196703490332,2.86431458127062,0.00417912744109385,0.00866452007320532
109910382,16622.2055027629,2.00984452162223,0.792536398841022,2.53596494061516,0.0112137960111681,0.0214929072328068
105379508,93.0056249763604,-4.4037587219947,0.350093723923316,-12.5787993930428,2.76195541517566e-36,4.8932367794609e-35
102723584,105.969228880215,-1.51001409784031,0.204655533436258,-7.3783204025149,1.60298834816037e-13,1.00516598928092e-12
106631781,8432.82052400074,2.6997033181081,0.946235730699022,2.85309805001098,0.00432952607360243,0.00895256224328367
106632264,21949.6068295761,1.83504542070777,0.776072501606734,2.36452833583022,0.0180530462632775,0.0333344786005515
105379507,93.8939261933375,-4.40993348385506,0.349978197525754,-12.6005948800012,2.0955798697007e-36,3.72007338469268e-35
102723603,154.726481246589,-1.34390676197097,0.167313272776869,-8.03227825065154,9.56790678030829e-16,6.86815532406117e-15
101927345,12.7689750538571,-1.43377003721835,0.446860819022967,-3.20853826556823,0.00133411554830704,0.00300853902611109
441058,7.82492919111424,-4.35831614243221,1.1023520705405,-3.95365170430102,7.69674255695999e-05,0.0002090141867388
105377134,19.7989548539035,-1.21914330599177,0.368092468556415,-3.31205718707857,0.000926126122860201,0.00214640300166188
112268281,7.37515078281942,4.38609957401445,1.11500985081177,3.93368683767342,8.36527584278896e-05,0.000226062378994047
388815,164.88405912339,1.94624182757053,0.133890258201149,14.5360973510605,7.15575596832188e-48,1.74730371320014e-46
112268282,22.3573071388794,4.18403607143992,0.502703828172369,8.3230638737155,8.57182241536956e-17,6.57025006552851e-16
1525,227.883698948401,1.22978246140215,0.123400041176815,9.96581889012534,2.15093914586016e-23,2.31695823527363e-22
10950,333.343853522925,1.08299374835226,0.109924407160891,9.85216819743346,6.70809868875668e-23,7.06719097464739e-22
140578,17.2941937186093,-4.9971145828655,0.884144722608108,-5.6519192560746,1.58666125659814e-08,6.5901756263758e-08
5651,5.50320103397258,-2.78517700161519,0.887235490452041,-3.1391632002865,0.00169431057346648,0.00375685751938258
101927843,6.11648461974762,-5.11534706938471,1.27016459607164,-4.02731038576059,5.64185332053124e-05,0.000155979100056176
54143,3.41188007154267,5.20159957459041,1.36497324955775,3.81077034020683,0.000138534422957609,0.000363419990593095
107985508,6.9628316236823,-2.59407295373103,0.778331234609937,-3.33286503018353,0.000859566302597614,0.00200197074307437
266917,11.7730537132002,-6.90720844241818,1.23547851735558,-5.59071513214359,2.26136315428847e-08,9.25183653259484e-08
58494,33.0587030598456,1.47100317340121,0.322004550671677,4.56826827550358,4.9177034505389e-06,1.56499151877488e-05
9510,104.710020306109,-2.41280468803213,0.212857258676097,-11.3353178700083,8.77130570105634e-30,1.24169233496931e-28
11096,20.2375434689965,-6.18022368692093,1.06568791279773,-5.79928102092864,6.65998434945e-09,2.87589496889896e-08
56911,4.96864005805302,4.70803634613606,1.31220762193755,3.5878745614847,0.000333384603843764,0.000826454892813084
2897,325.712510254012,-6.45171826257754,0.317552268699444,-20.3170277731001,9.09169179378136e-92,5.02790382315286e-90
105372768,22.1250186133171,-5.1050779414693,0.762390903388271,-6.6961422529846,2.13993421471463e-11,1.15220237123488e-10
100379661,4.30448443369294,-4.22239311846575,1.16151293807551,-3.63525276391822,0.000277708214890823,0.000697689814710146
642976,6.01342017586571,-6.56205690476225,1.27564809397388,-5.14409650730575,2.68811329881706e-07,9.83499325651286e-07
26285,23.4995377906931,-8.09566436244016,1.20350294272762,-6.7267507830867,1.73493510723188e-11,9.3898073242623e-11
9073,44.0918884385182,-9.02961807465276,1.19221541747298,-7.57381421370302,3.6242262203335e-14,2.37494514076635e-13
107985487,6.59829337889301,-1.78005643758657,0.667769413945223,-2.66567530709424,0.00768338606388275,0.0151752858707217
150051,17.922720776925,-1.32289681328316,0.399101352945764,-3.31468887168352,0.000917451771383855,0.00212729935287437
677846,12.6789089253168,1.31099441214665,0.563156945324354,2.3279379274841,0.0199153999397328,0.0364284574683294
105372782,4.76994094562279,-3.32342358106811,1.36705689583088,-2.43107919736448,0.0150539236146277,0.0281806656128726
1827,608.637591412102,-2.83991808383397,0.10178164112765,-27.902066152306,2.51841728530682e-171,3.26328055830413e-169
861,24.0724515811742,-3.36960959106353,0.497329870970119,-6.77540157499605,1.24061178170884e-11,6.77224487973412e-11
874,10.8999177734628,-2.80062817170209,0.628343778454724,-4.45715907077115,8.30529749933694e-06,2.5703563669496e-05
9980,121.254294338955,1.70044768502651,0.155644075738381,10.9252323094183,8.73166784629431e-28,1.15761439587316e-26
53820,25.8473072889159,2.55672074001914,0.386889666100913,6.60839759765584,3.88502124927216e-11,2.05014557720212e-10
106865373,153.544915185546,-1.30898119140336,0.14231469533981,-9.19779358187752,3.65374829582887e-20,3.36069117862975e-19
6450,126.765014230316,-1.76469342752521,0.167830764952372,-10.5147195630432,7.39003307148021e-26,8.93650320741939e-25
25825,249.251758194639,9.6142539663234,1.02370935008943,9.39158557600706,5.91037170320055e-21,5.65916496630077e-20
191585,73.923802413511,7.73865640513948,1.03195643364269,7.49901464136705,6.42993461746505e-14,4.14166180439911e-13
4599,12.6017245388625,-2.01240713733268,0.505298199241972,-3.98261292114559,6.81617210190218e-05,0.000186413013638834
150094,394.592380806612,1.33313285729771,0.10207343646453,13.0605268468743,5.53434456967472e-39,1.05868194828519e-37
11077,27.3368593298221,1.04927322511301,0.339988536574826,3.0862017751651,0.00202731198425422,0.00444066852308523
56894,212.24893399222,6.12469954309283,0.328157396337486,18.663908269171,9.73441857393739e-78,4.33096236903601e-76
23308,233.394441077192,3.84559334521012,0.178722517547341,21.5171171376963,1.07651186458761e-102,7.07786615561453e-101
54084,35.7533999048217,-1.55420308352328,0.327456118525716,-4.74629422262947,2.07177287921764e-06,6.8976204335843e-06
54082,28.7506409317094,-1.69766643899145,0.345267973331469,-4.91695312082026,8.79015906365806e-07,3.06387009028191e-06
114043,22.6070391360708,-3.36870273556185,0.531523930348348,-6.33781950956392,2.33039591725372e-10,1.15491871365405e-09
642852,229.054162552254,-1.04494634709461,0.127848211291934,-8.17333568092345,2.99977830831326e-16,2.22625687831008e-15
80781,465.938268099859,1.05600084638169,0.104149759257769,10.1392538389658,3.6991422978513e-24,4.13001094789033e-23
105372840,6.96645092565847,-5.43859542777926,1.26353184760123,-4.30428044857298,1.67529335580755e-05,5.00333237757329e-05
54058,302.632505531454,-1.10130927898547,0.108699746751774,-10.131663705716,3.9978847803814e-24,4.45514442067361e-23
11274,88.8665204708088,-1.57608503511989,0.193421755689302,-8.14843722984086,3.68657322023942e-16,2.71890518511384e-15
26220,14.518912490529,1.17443182872077,0.431704606685688,2.72045238927886,0.00651926591646108,0.0130561832749342
100616414,8.44766648102785,-1.37256105874272,0.609931874050267,-2.25035141978758,0.0244266462441729,0.0438178884525623
29801,590.026172001644,1.01619914091279,0.0882667800657657,11.5128153553992,1.13704705770477e-30,1.66541743963491e-29
65078,64.8025817522359,1.46100271328858,0.218283179299139,6.69315298585786,2.18412586483193e-11,1.17528349052733e-10
373856,15.3851075481593,-1.6250385538782,0.455102541228979,-3.57070859127676,0.000356016806583567,0.000879244623048342
84222,17.1133502791907,1.75471931050679,0.432024107253961,4.0616236016554,4.87326050836619e-05,0.000135936707329536
400892,14.4118447055228,1.06973952814765,0.416044225028421,2.57121590396928,0.0101342125366738,0.0195737722719
150223,722.553333761105,1.07810456616879,0.071597744594034,15.0578006651151,3.06825499679274e-51,8.069283363417e-50
23753,663.948149594269,1.37928929214219,0.085475130035604,16.1367323052642,1.40800945121791e-58,4.31692293230058e-57
129025,42.1202610736942,-1.22445991224378,0.304567964471852,-4.02031748272376,5.81197629563433e-05,0.000160457547745102
91227,12.7203571884356,1.383880582293,0.461344541589092,2.99966826859216,0.0027027378934357,0.00578416544847946
150244,102.317116609956,-1.13854010843779,0.19650793551461,-5.79386326285608,6.87854687816752e-09,2.96378553837937e-08
107985555,25.6098084311725,-1.10362842246039,0.351482007083064,-3.13992864562076,0.0016898898986266,0.00374799168920782
101929374,5.26418066475525,-2.37025426151046,0.780362280396789,-3.03737676852507,0.00238646960748014,0.00515384531289385
91319,195.03231886736,2.39168242060001,0.150827982073236,15.857020611989,1.2571810381561e-56,3.71339064714595e-55
2678,151.982114687439,1.06883688304194,0.146073241654425,7.31712989275995,2.53330616896508e-13,1.56476169490147e-12
91355,173.217877017246,1.08452292767709,0.124002855583613,8.74595123291987,2.21144614773728e-18,1.85177320823737e-17
57168,83.8578815770003,1.91797705940746,0.202631474101062,9.46534622973168,2.9259012301341e-21,2.85859100920971e-20
101929638,30.0386681573206,1.67390621597954,0.317621091269762,5.270135586046,1.36323021293979e-07,5.13365777261502e-07
10633,27.293013574174,-1.12353278047377,0.350762175936221,-3.20311840201967,0.00135948075115255,0.00306185007541995
10740,17.7713335214655,-5.36225070066792,1.060758925985,-5.055107781147,4.30147774622866e-07,1.5466848886176e-06
107985541,52.8123436048819,-5.89844007381699,0.610772415910055,-9.65734522412619,4.57567658612271e-22,4.6468770455864e-21
4744,1302.66822801602,-6.89591081349627,0.204840333938552,-33.6648094684561,1.89322163742769e-248,4.66784312605782e-246
3976,306.450277695535,-1.92866876667846,0.113538515844879,-16.9869119067355,1.02653325959353e-64,3.61567825879055e-63
91370,8.62087173540484,-2.17624922563659,0.60494879491395,-3.59741063034294,0.000321400873057044,0.000799538718961414
339665,177.727249366721,1.93700571831883,0.14800710718111,13.0872480059258,3.89464722706631e-39,7.53134831970383e-38
23762,104.115077926771,1.50104248209055,0.173550016966339,8.64904831661113,5.19306735475073e-18,4.27386795000162e-17
6525,682.645683509307,1.06178909781226,0.0867500554290555,12.2396359582801,1.90886875264424e-34,3.18479681362224e-33
140606,307.289999752874,1.0174729252354,0.112567226919347,9.03880243904744,1.58397538290392e-19,1.41087461100403e-18
50487,94.0138244739452,2.02642723136092,0.188477967438192,10.7515337676031,5.82842767940402e-27,7.41162236137394e-26
54944,66.444978671279,-1.55315395673221,0.220053059099865,-7.05808845869013,1.68808592382845e-12,9.79310500647146e-12
110806273,19.5273717974384,2.15612734708014,0.442929901827261,4.86787488987593,1.12804703376984e-06,3.87932796270482e-06
6527,6.36653792865686,2.54736993074106,0.808622280811406,3.15025938709593,0.0016312556285685,0.00363019304479729
8224,4.42300891238623,-4.69356610541484,1.34482372025006,-3.49009764978127,0.00048284408065483,0.00116856825082271
7078,1022.04341259252,-9.15194768383922,0.438443866435882,-20.8737044453047,9.28520016092193e-97,5.62562707360703e-95
9215,9.14095071593575,1.20708716233406,0.511337581388378,2.3606462858775,0.0182431216479933,0.0336434547574462
104310353,11.4707201039813,2.30047071602,0.563439770407681,4.08290439696062,4.44763233282954e-05,0.000124809309472637
3162,328.545841883227,-1.34648065652359,0.108882029684018,-12.366417676371,3.97142062233399e-35,6.81165786354328e-34
80830,449.428094065769,-4.9871626926696,0.174997659232508,-28.4984537195637,1.22427110742059e-178,1.69791099210392e-176
80833,28.6476209187949,-8.12950101431489,1.19870918360872,-6.78187931274621,1.18622552643212e-11,6.48134058024716e-11
23780,238.932156656663,-1.14461817777218,0.121663702082825,-9.40804987993021,5.05426926519714e-21,4.86305625993385e-20
8542,80.8684088759585,-3.63050250140925,0.28653577022815,-12.6703290780014,8.63513817211101e-37,1.54683120919591e-35
112268296,7.53986981366741,-3.63162736951566,0.935545875033632,-3.8818271411705,0.00010367456341309,0.000276964762935918
3956,2467.65933065689,1.11717284628407,0.0683683824848966,16.3404896485721,5.08429548895265e-60,1.62331678992603e-58
400927,7.25497750788668,-2.55945058038236,0.737748600342687,-3.46927202463479,0.000521870762998571,0.00125753356654685
3761,23.5249746378303,-2.33407901814595,0.417700338495109,-5.58792704491255,2.29796138328204e-08,9.38858699102943e-08
11015,350.856889904308,2.03839107891517,0.111911178111578,18.2143652967611,3.96994224243114e-74,1.64659847401022e-72
11144,60.29571756706,-1.21217544489972,0.219299786874258,-5.52748118079455,3.24861061915855e-08,1.30680570385911e-07
200315,40.0196224651783,1.80892237554094,0.28313768808656,6.38884349083163,1.67145019183685e-10,8.4031673195944e-10
9582,404.90213757182,1.75748203306422,0.0948662370212633,18.5258959166927,1.27660431145837e-76,5.55448032769829e-75
100874530,48.0371130578694,1.60141146462453,0.249875018025764,6.40884982131111,1.46621530061215e-10,7.41545698474839e-10
60489,18.575751732767,-2.46283292006385,0.490374477999434,-5.02235134689594,5.10426999842437e-07,1.82426013714575e-06
5155,9.03918615810018,-5.07789319491192,1.09083363323189,-4.65505741683749,3.23890435217086e-06,1.05537867216845e-05
4248,176.769494416197,-3.0996138015607,0.167067298981172,-18.5530850170148,7.70029437866035e-77,3.35861488476606e-75
104502417,5.13327387280541,-3.11353860609689,0.876941999738252,-3.55044986672575,0.000384573373685023,0.000944513908364211
101927279,12.2149458423512,2.34850852261948,0.533934795505317,4.39849311636799,1.09005083439873e-05,3.32304377894966e-05
55964,221.040845933879,1.59830659283321,0.120340723462944,13.281510587938,2.9635472113831e-40,5.87152791255278e-39
164684,175.878357965162,1.00223842949554,0.124207983059077,8.06903392851039,7.08565753668522e-16,5.12360865952081e-15
102723775,7.73467752772788,1.40617547592512,0.63072762205559,2.22944964950526,0.0257840018861584,0.0460526815054919
53947,34.3261003931633,3.22011757922041,0.400950042924578,8.0312189412239,9.65089490843506e-16,6.92492669420126e-15
25809,36.5853947734452,-1.3651974553147,0.297965971930132,-4.58172269293492,4.61161161522812e-06,1.47478525299098e-05
64800,12.934518686576,-1.23560731823529,0.475057762844082,-2.60096227212021,0.00929626770021675,0.0180752841417577
642648,8.64301829705611,2.70711133812971,0.783660692425443,3.45444318478085,0.00055143038922745,0.00132408931009951
400931,95.6771082084578,3.9115398043926,0.246846313730792,15.8460531383851,1.49692011703387e-56,4.39228527563394e-55
100500828,5.98437543678244,4.20975860730516,1.13030474830221,3.72444565381901,0.000195744873043268,0.000503676327911884
112268288,51.7097292266134,2.74598298658473,0.271803070849444,10.1028401850021,5.3665007132715e-24,5.95785620150066e-23
10343,23.2822433514673,-2.85245952010143,0.616239482061966,-4.62881656098529,3.67761352615944e-06,1.18937867218769e-05
284930,10.2159305978003,5.15112223246634,1.09389090119078,4.70899083890266,2.48946258599604e-06,8.19906119231942e-06
25817,26.0935780073908,1.84424283416572,0.330777274950755,5.5754822771313,2.4684503852553e-08,1.00504429447367e-07
79174,922.24884436446,1.27583272052088,0.079944148715755,15.9590506749551,2.46451518420823e-57,7.39021512670007e-56
79924,119.786797507088,-2.04664072058985,0.189643822558122,-10.7920241903087,3.75428032868661e-27,4.82592211403655e-26
55586,55.348551095732,-1.94007388188322,0.265439661211291,-7.30890731637467,2.69323449102525e-13,1.66065643225704e-12
100144603,22.8379901136239,-1.47992430257459,0.376062786588038,-3.93531174940685,8.30887710061681e-05,0.000224709302696755
23542,145.513588745112,-2.26770967806233,0.169669734594815,-13.3654342271343,9.6271557782176e-41,1.95315736428479e-39
109864273,8399.2143794465,2.68794929888355,0.948541141811635,2.83377196876225,0.00460021448895173,0.00947037082313244
109864272,30126.740558817,1.65377044314784,0.680940273520549,2.42865711936471,0.0151548570597959,0.028354660890124
105379549,80.5092190810107,-4.32813352214389,0.379933136976007,-11.3918295113522,4.59244524960876e-30,6.57460387669797e-29
107987393,59.130441594231,-1.50080819024434,0.291498062627416,-5.14860433965431,2.62431790815149e-07,9.61744250732976e-07
102724621,122.061748173251,-1.54913761496851,0.192161707366158,-8.06163536014321,7.52804728145954e-16,5.4346439748056e-15
107985697,7.76826381653513,-5.11359809155451,1.25336998585547,-4.07987916518067,4.50591171369845e-05,0.000126324928524281
1438,9.90773317418748,-6.8388929694281,1.23425594808747,-5.54090339206001,3.00915202040935e-08,1.2143320451536e-07
101928055,24.7423604312574,-1.37891001097551,0.376144582257487,-3.66590421879742,0.000246466167195815,0.000623168693926806
4267,767.314173619919,1.31390103955975,0.0796595588736875,16.4939532447467,4.0552650520984e-61,1.32332840450093e-59
57502,275.557484127764,-3.61252458463668,0.140815410486571,-25.6543269813584,3.78321717929979e-145,3.77301524533314e-143
105373156,10.8341172595941,-3.38572115360242,0.687549035857694,-4.92433408677367,8.46481126186889e-07,2.95331012025868e-06
357,23.9639965100602,1.57243898198954,0.333801763339653,4.71069705042132,2.4687097645709e-06,8.13826104747682e-06
5634,2030.57804790013,2.03271392281204,0.0576211943052728,35.2771917923615,1.31414333033766e-272,3.82437252461542e-270
51284,38.2718522133227,8.92061471690228,1.19423619853405,7.46972393556025,8.03632383157212e-14,5.13907855396499e-13
349408,68.7960543310573,9.91231645323126,1.18730886350269,8.34855761456111,6.91016356659584e-17,5.33344450583519e-16
51311,46.5232186179235,9.47840890989748,1.19155758119504,7.95463774431394,1.79656393408479e-15,1.27011560963255e-14
7114,7602.89354594361,2.17952076093825,0.0725860985056036,30.0266966514255,4.40001614408969e-198,7.73357292969111e-196
171484,2115.54803325595,8.3844711068911,0.241575122611922,34.7075105095168,6.06931519934485e-264,1.68347630341828e-261
105373133,18.6250900773451,7.61079664555777,1.21212377549133,6.27889395410361,3.40990062089794e-10,1.66526976127043e-09
100093698,22.845209013095,6.07896957346363,1.05452288046843,5.76466351376203,8.18209176790802e-09,3.50334040192723e-08
92552,7.25173802723674,5.52688928324149,1.26567916342136,4.36673798777038,1.26115861637672e-05,3.81723576435116e-05
9367,316.628278974331,1.52287807431037,0.116788797215776,13.0395903598248,7.28473845991619e-39,1.38902982965018e-37
2824,53.0630238823807,1.22640070786129,0.22203042469161,5.52357051771037,3.32178879265599e-08,1.33442848262569e-07
389840,147.525835542636,1.31545640105614,0.138347868039613,9.50832433991313,1.93758333764458e-21,1.91727867390561e-20
256714,246.690925626701,-3.20755100570157,0.149754621835774,-21.4187112650125,8.94289244981312e-102,5.83655245474568e-100
22866,4.04462444202143,-3.73494522579832,1.16349601616273,-3.21010572783598,0.00132686157790418,0.00299395899168644
6303,161.523226109801,1.4733970150598,0.180828550384598,8.14803310608906,3.69891102704837e-16,2.72573966592622e-15
9468,80.8008688680706,-6.80628280022587,0.734268214889462,-9.26947764074262,1.87059761817994e-20,1.7486492321185e-19
170302,31.0434301134231,-8.32243232798524,1.19736760878618,-6.95060753850026,3.63716418357752e-12,2.0621826441031e-11
1756,4120.24016064513,-2.28170068810898,0.0486450754670519,-46.9050703735552,0,0
83604,187.189125577371,-5.96471051503146,0.353505839495154,-16.8730183454671,7.10701692260757e-64,2.45933263957367e-62
286464,51.3178957777059,5.64633520021229,0.57499356024117,9.8198233695766,9.25054854244907e-23,9.68701635686582e-22
6990,54.361857693205,1.82524959021155,0.266743509051063,6.84271417402002,7.77066008955523e-12,4.30942698874678e-11
105373181,8.7363907345909,-5.6932550558759,1.25955097962801,-4.52006718898928,6.18200082964756e-06,1.94304368918083e-05
101927501,21.743783587363,-6.91524159429907,1.20687233657115,-5.72988657105687,1.00497813174566e-08,4.26191395001171e-08
401585,4.26077829694192,-5.19344896662478,1.32928816435923,-3.90693989901598,9.34723914949424e-05,0.000250880237952558
84679,308.207750035833,2.41134103691108,0.116976446114442,20.613902345366,2.05940497114593e-94,1.20655303788062e-92
7076,4735.72177417793,1.960976578686,0.051047931622721,38.4144179078392,0,0
27344,96.6378551090076,1.29607841177386,0.186943535844685,6.9329939969182,4.12025696506931e-12,2.32716518116164e-11
90060,55.2034888228007,-2.59947562057256,0.299929339922979,-8.66696009546815,4.43810420658201e-18,3.6678410556445e-17
5355,720.743896653721,1.10421202470673,0.0751229159548515,14.6987375379619,6.56726768008472e-49,1.64896938977177e-47
139189,10.1859558683151,-6.98734040996806,1.23318115268841,-5.66611028293389,1.46075527184868e-08,6.08573752308324e-08
57477,41.133937261844,-8.85201949282506,1.19427448495326,-7.41204773638909,1.24363972742677e-13,7.8566165271459e-13
65267,345.91796512497,-1.77374964220307,0.102215057429207,-17.3531149599123,1.86832957295792e-67,6.89534024514531e-66
10916,885.883073720694,-2.29232084944294,0.0812487740029733,-28.2136054060219,3.98197627248384e-175,5.35515475675251e-173
28986,62.5887809662475,-1.65075568888433,0.232607032376051,-7.09675744547388,1.27717920252015e-12,7.48019967111108e-12
158880,90.6268171566046,-3.16488895168601,0.23523026347636,-13.4544293107255,2.89969379453209e-41,5.93718157330262e-40
139886,268.810307518452,-1.03773601891611,0.107923576556136,-9.61547098447331,6.87937873601597e-22,6.93091551201791e-21
367,12.1550794315385,3.9805951286094,0.727216373348454,5.47374244378027,4.40629344893772e-08,1.7495084165856e-07
9754,6.15739155686965,-1.93087622131759,0.741091766793335,-2.60544821550561,0.00917541423082058,0.0178618218472998
1896,99.5960495572883,1.73057385377837,0.172461353219208,10.0345603317789,1.074369670669e-23,1.17729693788371e-22
1741,190.105688581252,-1.98801745498462,0.137583006976631,-14.4495857349759,2.52198140588977e-47,6.05002890775069e-46
84889,27.7727205554117,-6.14628378281748,1.045801358413,-5.87710441698455,4.17504877600419e-09,1.84046351804386e-08
9203,1404.77088171433,-1.15336099852663,0.0692839875741734,-16.6468622680222,3.1888948031162e-62,1.06608776920751e-60
340527,238.831790187105,-5.93464580024855,0.30151065533778,-19.6830383775327,3.01380913892286e-86,1.53738907569421e-84
392490,5.02077807215685,-4.59837067418855,1.29462595938395,-3.55189129405121,0.000382472837776091,0.000939745026463829
5303,92.1893062803978,-1.1045362437166,0.202866368149551,-5.4446493708723,5.19075303333795e-08,2.04496777292089e-07
4435,92.9628730711309,1.11286061037437,0.187269334556917,5.94256722814452,2.80592517444652e-09,1.26071333072069e-08
9383,617.126602574721,-10.4884551527351,0.835198874697168,-12.5580331469413,3.59149915896086e-36,6.33131013603508e-35
7503,2733.71372510396,-11.8317561997496,0.646948440296354,-18.2885612867846,1.02073707956905e-74,4.32461208508585e-73
554203,34.121522702931,-2.14842804763688,0.334534785983414,-6.42213646428805,1.34374873502482e-10,6.80965673541551e-10
340533,351.502868230995,1.00458492060156,0.0886694137164065,11.329554109995,9.36804188923223e-30,1.32195134831201e-28
9452,16.9482752893306,-7.35776687196091,1.21518013825672,-6.05487749537796,1.40524564883672e-09,6.49295178504672e-09
79366,228.827173286464,-3.28464223570083,0.16715349239057,-19.6504553313547,5.72965657702324e-86,2.89780238049335e-84
6451,260.479250839374,-1.05562440400162,0.129087667635561,-8.17757748154417,2.896072078195e-16,2.15289244271849e-15
5456,7.04187062466595,-6.15091941317715,1.2626960974547,-4.8712587498892,1.10889504411582e-06,3.81642202852735e-06
27330,18.6957138102729,-5.9045938309238,1.05734947622976,-5.58433513579452,2.34595937631558e-08,9.56927179419903e-08
139324,60.3787666571594,-1.28130965404411,0.211424744026911,-6.06035807181119,1.358188498164e-09,6.27879224463731e-09
79983,8.03872296257891,-5.45648062093444,1.24632319994097,-4.37806230453935,1.19739123851084e-05,3.63289852436242e-05
1121,358.057742037133,-1.32987630190466,0.108331053593373,-12.2760395823013,1.21816974437726e-34,2.05170296984678e-33
140886,4.73169899524942,-5.3380206001735,1.30169011865923,-4.10083822843473,4.11656273722284e-05,0.000116087723131342
27328,116.05515435373,-3.57660027628762,0.209398205113093,-17.080376951445,2.07772221038989e-65,7.46634102810552e-64
4675,82.6000787931378,-1.45416637615805,0.1939780237081,-7.49655217823176,6.55183424651461e-14,4.21711970790889e-13
29935,24.0942031249052,-2.63473117702836,0.403257192736492,-6.53362475483488,6.41966711351598e-11,3.33416999997471e-10
57526,97.4505379433632,-3.5202975393969,0.236244303591592,-14.9010896173083,3.24248184766138e-50,8.36635723251233e-49
64102,6.71281035389678,-5.99823974903719,1.27367365696187,-4.70940080785291,2.48446086101615e-06,8.18410636570024e-06
7105,542.3602136053,-2.84168695536323,0.108316525045944,-26.2350269652565,1.05939147843705e-151,1.15376181136286e-149
27286,56.6429552077095,-3.92780659395747,0.360655555507117,-10.8907419669013,1.27596456196831e-27,1.66796192224311e-26
59353,5.03404185561233,-4.84124219833693,1.28906147914168,-3.75563328566802,0.000172903712409745,0.000448281977902409
1821,5.83055546517702,-1.62841538857807,0.717832817643017,-2.26851621791954,0.0232977616676135,0.0420173235371658
100131755,24.0982719756913,-3.92700775723262,0.516248348003965,-7.60681902889588,2.80924236033119e-14,1.8525137585661e-13
9823,305.940080303777,-2.42698410861206,0.118359389484382,-20.5052097614302,1.93433824946825e-93,1.10058886553078e-91
11013,36.4918036456822,-1.71742460629921,0.308472198420913,-5.56751828881436,2.58392965126619e-08,1.05085725473717e-07
55859,7.75571234662081,-3.44214947971447,0.940276878535569,-3.66078285906109,0.000251445791935506,0.000635126024251437
51186,149.517583282613,-1.06250941836817,0.156369494297292,-6.79486381370598,1.08414892605978e-11,5.94189926996397e-11
27018,720.486891015475,-1.38501793793312,0.0777119784401381,-17.82245112959,4.7317037384441e-71,1.85015869526123e-69
85012,61.494635132468,1.21472339933771,0.217448063084195,5.58626911690345,2.31999631511079e-08,9.46771829559697e-08
26280,210.021555271626,-8.80468361951016,0.839049434701707,-10.4936410840207,9.23976270171655e-26,1.11202893207371e-24
203447,837.502300963506,-7.82608681770895,0.295358671109114,-26.4968920273133,1.05255724945934e-154,1.17515699952216e-152
105373304,4.67106322541288,-4.96815803171856,1.29114054242473,-3.8478832229902,0.00011914281743942,0.00031529864269299
139221,102.091318675974,-7.69381339210225,0.841923795970738,-9.13837265192307,6.33991351184272e-20,5.7656836404832e-19
55086,12.5616935375873,-6.96878155588219,1.22471500982702,-5.6901250494729,1.26946371074929e-08,5.33511358741036e-08
54885,19.2393313984911,-3.91990898899099,0.583629314368464,-6.71643608791765,1.86222930816823e-11,1.00572846603598e-10
79710,285.132188954927,1.48591112585824,0.107613195257109,13.8078896580304,2.28425780385787e-43,4.95723038313997e-42
1288,28.0765510120751,-5.95000253570689,0.866592437519831,-6.86597560525184,6.60383591496253e-12,3.67957611934761e-11
1287,208.437219058072,-2.06734862568666,0.133674188742932,-15.465578247588,5.92389132299123e-54,1.65087784561602e-52
154796,66.9432060074373,-2.42633177075265,0.243659188414026,-9.95789153918474,2.32950585835478e-23,2.50171736222106e-22
11254,40.1535927752164,-1.25782075606473,0.294261082698686,-4.2745059745216,1.91561568857223e-05,5.67428828692379e-05
203413,41.2026291142633,-1.17006332322196,0.275481966987697,-4.24733181636611,2.16331446927176e-05,6.36446113001529e-05
158801,8.43908747335472,-2.34583240430794,0.741719150996656,-3.1626962862639,0.00156315316970443,0.00348913555495951
2892,12.6889743203089,-3.58898913813558,0.676247921106599,-5.30720912570441,1.11316440716355e-07,4.24326702941105e-07
10178,5.32689940826125,-6.0875156575859,1.29039204541307,-4.71757066329187,2.38677512644015e-06,7.88866729558099e-06
107985684,19.0395109066642,-5.03595284165318,0.768011121993964,-6.55713530368999,5.4851242737788e-11,2.86303810961838e-10
6594,1232.57100503674,-1.55116077059755,0.0633345904606708,-24.491526025747,1.81853271006176e-132,1.57476061800079e-130
8862,9.13597131202179,-1.55907605510559,0.569849468737907,-2.73594368449374,0.00622016699702685,0.0124938226444015
51114,421.127389619846,1.04044021477726,0.0893247537174211,11.6478374859974,2.35355594714878e-31,3.52576583745022e-30
2000,320.750946810158,1.15196033701937,0.103030571042436,11.1807624219116,5.06529368906889e-29,6.99759483022186e-28
286467,39.5661945938234,-4.91733882561711,0.577122461946795,-8.52044262673395,1.58944690679478e-17,1.27905083814238e-16
90167,79.2134264695439,-1.36009946002552,0.232584163879492,-5.84777328490097,4.98196924969675e-09,2.17939670085305e-08
101928578,11.7471784969963,-1.88590620095092,0.524192054451253,-3.59773900603123,0.00032099548286606,0.000798754108752214
55796,43.2167706442934,-4.83682962556888,0.489680547375825,-9.87752046000034,5.21062474971337e-23,5.51489491752486e-22
90161,312.907620066601,1.71207265243347,0.106623965508487,16.0571091524184,5.09761905584196e-58,1.5495365321799e-56
2239,166.061393434307,1.14506040429305,0.128801331087775,8.89012865490279,6.10381934786711e-19,5.24975780345625e-18
347475,10.3336448879749,-4.02545206091187,0.81155630440065,-4.96016362522715,7.04338263806716e-07,2.47788602043139e-06
399668,19.1331533069405,-1.66639386144874,0.414294836324887,-4.02224144580449,5.76469194673979e-05,0.000159275971110544
9459,46.9143812028598,-1.69354671714839,0.252684413129508,-6.70222075106943,2.05275608768222e-11,1.10593402332427e-10
1038,92.7578148537689,3.33270190476538,0.241533326853445,13.7981037572821,2.6164478884449e-43,5.6573913417386e-42
10046,36.7112799132156,5.58890148760563,0.674491963919805,8.28609054899005,1.17031697362802e-16,8.90886231382702e-16
55879,7.58304223714387,5.15078236208909,1.25785816616963,4.0948832711195,4.22381140318471e-05,0.000118942100300341
29944,13.5966004063673,-5.67984305564746,1.22491114551931,-4.63694291330777,3.53600019321903e-06,1.1469226279924e-05
1852,153.813664615984,2.67992727113044,0.170492967379423,15.7186968607708,1.12616180437584e-55,3.23489067172815e-54
393,39.7500139874098,-3.50905402652738,0.403378943919713,-8.69915021450851,3.34378659822679e-18,2.77507712443768e-17
8269,22.8816788662503,-1.3438795454791,0.387548828866853,-3.46763928924374,0.000525051552992676,0.00126468319792754
2316,10198.7692994123,-1.03258481243828,0.0687038189569124,-15.0295111409434,4.70464865372427e-51,1.23181302213736e-49
55558,393.48142642559,1.07818347129505,0.120185818728254,8.97097080756988,2.93912353209371e-19,2.58293668028354e-18
105373387,11.5292168580818,1.41297372443117,0.491441239988981,2.87516311098118,0.0040381882618533,0.00839291938548109
2157,22.2844776523262,-1.18571332467568,0.35694835300956,-3.32180640330318,0.000894367249427626,0.00207730045948439
474383,12.3659974254124,-1.10655388569367,0.469830362929036,-2.35522003898418,0.0185117403303897,0.0340872961413614
474384,12.4461214087756,-1.1344521511642,0.468205704180203,-2.42297806505915,0.0153938561435723,0.0287616203604414
10251,28.8440767455201,-1.80122097815003,0.364558705633991,-4.94082557984068,7.77924755353811e-07,2.72649955716503e-06
100128260,9.4058275118241,1.75749415888155,0.654455047041927,2.6854314392184,0.00724362344376733,0.0143738881481956
83259,34.8326018356846,-3.37650824530914,0.358118422376754,-9.42846844599614,4.16120333146576e-21,4.02313459893436e-20
22829,27.160981164231,-3.53338066674748,0.435815293643749,-8.10751875457539,5.16638959162228e-16,3.76802580240258e-15
389831,83.2194601639852,-1.3821810138311,0.188032224466963,-7.35076669836425,1.97073138064498e-13,1.22838565552e-12
283788,123.148638397022,-1.72831726289999,0.165510197993041,-10.4423611587526,1.58810674766523e-25,1.89335600970808e-24
105379420,8.09632858062656,-1.26998363321949,0.567072787990849,-2.23954254218241,0.0251206364966743,0.0449673831893679
100008588,8271.08932428068,2.69198461975769,0.947258297342549,2.84186966459921,0.00448498228471841,0.00924923391244439
100008589,21786.9036433684,1.81228851158609,0.771354006231762,2.3494899837748,0.0187991498926155,0.0345641935373546
107984150,5.706453632258,-2.0647367188981,0.722974676381469,-2.85589078891702,0.00429162725822869,0.00887729749336701
112268317,172.429571904311,2.94017846145977,0.170522413034054,17.2421818876831,1.28109090548148e-66,4.6507005632121e-65
112267916,124.893000490134,-3.67484657288462,0.224270069143599,-16.3858092473839,2.41532970453551e-60,7.73951857669936e-59
102723847,21.0047356081667,-4.8778694640704,0.765241212768354,-6.37429007047871,1.83812403602215e-10,9.21241611729678e-10
105379417,6.01925496739112,-2.03926271384512,0.768224942405479,-2.6545125018458,0.00794230964757454,0.0156414334217598
101927088,21.640976953275,-2.45547666403093,0.412490405565476,-5.95280915846942,2.63578589201942e-09,1.18637097249312e-08
